rank,score,category,can_id,dlc,byte,bit_in_byte,closed_value,open_value,stable_purity,action_hits,unrelated_transitions,median_delay_s
1,79.250,稳定状态,0x23A,8,0,4,0,1,1.0000,0,5,
2,44.600,瞬时请求候选,0x7E8,8,3,1,0,0,0.8250,6,17,-0.152400
3,44.600,瞬时请求候选,0x7E8,8,4,6,0,0,0.8250,6,17,-0.152400
4,44.600,瞬时请求候选,0x7E8,8,5,4,0,0,0.8250,6,17,-0.152400
5,44.600,瞬时请求候选,0x7E8,8,6,7,0,0,0.8250,6,17,-0.152400
6,44.400,瞬时请求候选,0x7E8,8,4,0,0,0,0.6750,6,18,0.846500
7,44.400,瞬时请求候选,0x7E8,8,6,1,0,0,0.6750,6,18,0.846500
8,44.400,瞬时请求候选,0x7E8,8,6,2,0,0,0.6750,6,18,0.846500
9,44.200,瞬时请求候选,0x7C8,8,6,0,0,0,0.6750,6,19,0.850750
10,44.200,瞬时请求候选,0x7C8,8,6,1,0,0,0.6750,6,19,0.850750
11,44.200,瞬时请求候选,0x7C8,8,6,4,0,0,0.6750,6,19,0.850750
12,43.000,瞬时请求候选,0x310,8,0,1,0,0,0.6000,6,25,1.476950
13,43.000,瞬时请求候选,0x310,8,2,0,0,0,0.7600,6,25,0.976850
14,43.000,瞬时请求候选,0x310,8,2,2,0,0,0.6000,6,25,1.476950
15,43.000,瞬时请求候选,0x310,8,2,5,0,0,0.7600,6,25,0.976850
16,43.000,瞬时请求候选,0x310,8,2,6,0,0,0.7600,6,25,0.976850
17,43.000,瞬时请求候选,0x310,8,4,0,不一致,0,0.6000,6,25,0.976850
18,43.000,瞬时请求候选,0x310,8,6,0,0,0,0.7600,6,25,0.976850
19,43.000,瞬时请求候选,0x310,8,6,1,0,0,0.6000,6,25,1.476950
20,43.000,瞬时请求候选,0x70B,8,2,1,0,0,0.8500,6,25,-0.213450
21,43.000,瞬时请求候选,0x70B,8,4,0,0,0,0.8500,6,25,-0.213450
22,43.000,瞬时请求候选,0x70B,8,4,4,0,0,0.7750,6,25,-0.212950
23,42.800,瞬时请求候选,0x330,8,1,0,1,1,0.8238,6,26,-0.027100
24,42.800,瞬时请求候选,0x330,8,7,2,0,0,0.7333,6,26,0.598150
25,42.600,瞬时请求候选,0x330,8,0,0,不一致,0,0.6714,6,27,-0.027100
26,42.600,瞬时请求候选,0x330,8,6,5,1,1,0.7095,6,27,-0.027100
27,42.600,瞬时请求候选,0x3DB,8,0,6,0,0,0.9000,6,27,0.898350
28,42.400,瞬时请求候选,0x310,8,0,2,0,0,0.6000,6,28,1.976900
29,42.400,瞬时请求候选,0x310,8,5,0,0,0,0.6000,6,28,1.976900
30,42.400,瞬时请求候选,0x310,8,5,4,0,0,0.6000,6,28,1.976900
31,42.400,瞬时请求候选,0x310,8,5,5,不一致,不一致,0.6000,6,28,1.476950
32,42.400,瞬时请求候选,0x310,8,5,6,不一致,不一致,0.6000,6,28,1.476950
33,42.400,瞬时请求候选,0x310,8,7,3,不一致,不一致,0.6000,6,28,1.476950
34,42.400,瞬时请求候选,0x310,8,7,5,0,0,0.6000,6,28,1.976900
35,42.400,瞬时请求候选,0x330,8,1,6,1,不一致,0.5571,6,28,0.347700
36,42.400,瞬时请求候选,0x330,8,4,2,不一致,0,0.5857,6,28,-0.027100
37,42.400,瞬时请求候选,0x70B,8,4,2,1,不一致,0.5500,6,28,-0.213450
38,42.400,瞬时请求候选,0x70B,8,4,6,0,0,0.6500,6,28,0.787100
39,42.400,瞬时请求候选,0x70B,8,5,6,0,0,0.6500,6,28,0.787100
40,42.400,瞬时请求候选,0x70B,8,7,6,0,0,0.7500,6,28,1.786050
41,42.200,瞬时请求候选,0x330,8,1,2,1,不一致,0.5905,6,29,0.598150
42,42.200,瞬时请求候选,0x330,8,1,3,不一致,0,0.5857,6,29,0.598150
43,42.200,瞬时请求候选,0x330,8,4,1,1,不一致,0.5571,6,29,0.972450
44,42.200,瞬时请求候选,0x330,8,6,0,1,不一致,0.5905,6,29,0.598150
45,42.200,瞬时请求候选,0x330,8,7,4,1,不一致,0.5905,6,29,0.598150
46,42.200,瞬时请求候选,0x330,8,7,5,不一致,0,0.5857,6,29,0.598150
47,42.200,瞬时请求候选,0x3BD,8,1,3,0,0,0.8500,6,29,0.658950
48,42.200,瞬时请求候选,0x3BD,8,1,4,0,0,0.8500,6,29,0.658950
49,42.200,瞬时请求候选,0x752,8,0,1,不一致,不一致,0.5750,6,29,-0.098100
50,41.800,瞬时请求候选,0x330,8,5,2,不一致,0,0.5857,6,31,-0.027100
51,41.800,瞬时请求候选,0x330,8,5,5,不一致,0,0.5857,6,31,-0.027100
52,41.600,瞬时请求候选,0x324,8,0,6,1,1,0.5250,6,32,1.538700
53,41.200,瞬时请求候选,0x232,8,2,3,不一致,1,0.7500,6,34,0.731650
54,41.200,瞬时请求候选,0x23A,8,0,1,不一致,1,0.5500,6,34,0.608600
55,41.000,瞬时请求候选,0x3DB,8,0,2,0,0,0.6250,6,35,0.398200
56,41.000,瞬时请求候选,0x3DB,8,0,3,0,0,0.6250,6,35,0.396850
57,41.000,瞬时请求候选,0x3DB,8,5,7,0,0,0.8750,6,35,0.398200
58,41.000,瞬时请求候选,0x3F2,8,3,2,不一致,不一致,0.6500,6,35,0.564050
59,40.800,瞬时请求候选,0x366,8,6,5,1,1,0.7500,6,36,0.220900
60,40.800,瞬时请求候选,0x366,8,6,7,1,1,0.7500,6,36,0.220900
61,40.800,瞬时请求候选,0x3DB,8,1,1,0,0,0.7875,6,36,0.398200
62,40.800,瞬时请求候选,0x3F2,8,1,3,1,0,0.5500,6,36,1.063650
63,40.800,瞬时请求候选,0x3F2,8,3,1,不一致,0,0.6000,6,36,0.563800
64,40.800,瞬时请求候选,0x3F2,8,3,3,不一致,1,0.6000,6,36,0.563800
65,40.800,瞬时请求候选,0x70B,8,3,1,0,0,0.6750,6,36,0.784700
66,40.400,瞬时请求候选,0x7E8,8,0,1,1,1,0.5500,6,38,-0.153800
67,40.400,瞬时请求候选,0x7E8,8,5,1,0,0,0.7000,6,38,-0.153800
68,40.400,瞬时请求候选,0x7E8,8,5,2,0,0,0.7000,6,38,-0.153800
69,40.400,瞬时请求候选,0x7E8,8,5,5,0,0,0.7000,6,38,-0.153800
70,40.200,瞬时请求候选,0x232,8,2,2,不一致,1,0.6500,6,39,0.231950
71,40.200,瞬时请求候选,0x319,8,0,1,1,1,0.5000,6,39,-0.106650
72,40.200,瞬时请求候选,0x7E8,8,0,0,1,1,0.5500,6,39,-0.152450
73,40.200,瞬时请求候选,0x7E8,8,0,2,0,0,0.7000,6,39,-0.152400
74,40.000,瞬时请求候选,0x70B,8,3,7,0,0,0.7250,6,40,-0.213450
75,40.000,瞬时请求候选,0x70B,8,4,3,不一致,0,0.6000,6,40,-0.213450
76,40.000,瞬时请求候选,0x726,3,0,1,不一致,0,0.6000,6,40,1.023100
77,40.000,瞬时请求候选,0x7E8,8,1,3,0,0,0.7500,6,40,0.846650
78,39.800,瞬时请求候选,0x232,8,4,0,不一致,不一致,0.6500,6,41,0.231950
79,39.800,瞬时请求候选,0x70B,8,1,7,0,0,0.7250,6,41,-0.213450
80,39.800,瞬时请求候选,0x70B,8,4,5,0,0,0.6250,6,41,-0.213450
81,39.800,瞬时请求候选,0x70B,8,5,4,0,0,0.7000,6,41,0.785950
82,39.800,瞬时请求候选,0x70B,8,6,4,不一致,不一致,0.5500,6,41,0.787100
83,39.800,瞬时请求候选,0x70B,8,7,4,不一致,不一致,0.5500,6,41,0.787100
84,39.800,瞬时请求候选,0x7C8,8,1,1,0,0,0.7250,6,41,0.351600
85,39.800,瞬时请求候选,0x7E8,8,1,1,0,0,0.7250,6,41,0.345950
86,39.600,瞬时请求候选,0x330,8,4,0,1,不一致,0.5905,6,42,-0.027100
87,39.600,瞬时请求候选,0x330,8,5,0,不一致,0,0.5857,6,42,-0.027100
88,39.600,瞬时请求候选,0x7C8,8,0,0,1,1,0.5500,6,42,0.351600
89,39.600,瞬时请求候选,0x7C8,8,2,1,0,0,0.7250,6,42,0.351200
90,39.600,瞬时请求候选,0x7C8,8,4,0,不一致,1,0.5500,6,42,0.850750
91,39.600,瞬时请求候选,0x7C8,8,4,1,0,0,0.7250,6,42,0.351200
92,39.600,瞬时请求候选,0x7C8,8,4,2,不一致,1,0.5500,6,42,0.351600
93,39.600,瞬时请求候选,0x7C8,8,4,5,0,0,0.7250,6,42,0.351200
94,39.400,瞬时请求候选,0x330,8,5,6,0,0,0.5905,6,43,-0.027100
95,39.400,瞬时请求候选,0x52F,8,6,2,1,1,0.5500,6,43,0.193700
96,39.400,瞬时请求候选,0x7C8,8,0,1,1,1,0.5500,6,43,0.850550
97,39.400,瞬时请求候选,0x7C8,8,0,2,0,0,0.7000,6,43,0.850550
98,39.400,瞬时请求候选,0x7C8,8,4,6,0,0,0.7000,6,43,0.850550
99,39.200,瞬时请求候选,0x301,8,4,5,1,1,0.7250,6,44,0.359800
100,39.200,瞬时请求候选,0x3DD,8,2,1,不一致,不一致,0.6250,6,44,0.409400
101,39.000,瞬时请求候选,0x303,8,0,1,不一致,1,0.5250,6,45,0.453450
102,39.000,瞬时请求候选,0x330,8,0,1,不一致,不一致,0.5571,6,45,1.222950
103,39.000,瞬时请求候选,0x330,8,6,4,1,不一致,0.5905,6,45,-0.027100
104,38.800,瞬时请求候选,0x301,8,0,1,不一致,1,0.5250,6,46,0.358350
105,38.800,瞬时请求候选,0x302,8,0,1,不一致,1,0.5250,6,46,0.381150
106,38.600,瞬时请求候选,0x3F2,8,1,5,1,1,0.6000,6,47,0.563500
107,38.200,瞬时请求候选,0x300,8,0,1,1,不一致,0.5250,6,49,0.562800
108,38.200,瞬时请求候选,0x300,8,1,0,不一致,1,0.5250,6,49,1.062750
109,38.200,瞬时请求候选,0x300,8,2,2,1,不一致,0.5250,6,49,0.562800
110,38.200,瞬时请求候选,0x300,8,4,0,1,1,0.5250,6,49,0.563200
111,38.200,瞬时请求候选,0x3C9,8,1,0,0,0,0.6500,6,49,0.040250
112,38.200,瞬时请求候选,0x3C9,8,2,0,0,0,0.6500,6,49,0.040250
113,38.200,瞬时请求候选,0x3C9,8,2,1,0,0,0.6500,6,49,0.040250
114,38.200,瞬时请求候选,0x3C9,8,2,4,0,0,0.6500,6,49,0.040250
115,38.200,瞬时请求候选,0x3C9,8,2,5,0,0,0.6500,6,49,0.040250
116,38.200,瞬时请求候选,0x3C9,8,2,6,0,0,0.6500,6,49,0.040250
117,38.200,瞬时请求候选,0x3C9,8,2,7,0,0,0.6500,6,49,0.040250
118,38.200,瞬时请求候选,0x3C9,8,3,1,0,0,0.6500,6,49,0.040250
119,38.200,瞬时请求候选,0x3C9,8,3,3,0,0,0.6500,6,49,0.040250
120,38.200,瞬时请求候选,0x3C9,8,3,4,0,0,0.6500,6,49,0.040250
121,38.200,瞬时请求候选,0x3C9,8,3,6,0,0,0.6500,6,49,0.040250
122,38.200,瞬时请求候选,0x3C9,8,3,7,0,0,0.6500,6,49,0.040250
123,38.200,瞬时请求候选,0x3C9,8,4,5,0,0,0.6500,6,49,0.040250
124,38.200,瞬时请求候选,0x3C9,8,4,6,0,0,0.6500,6,49,0.040250
125,38.200,瞬时请求候选,0x3DD,8,5,6,0,0,0.6500,6,49,0.410900
126,38.200,瞬时请求候选,0x3DD,8,5,7,0,0,0.6500,6,49,0.409400
127,38.200,瞬时请求候选,0x3F2,8,1,7,1,1,0.6500,6,49,0.563900
128,38.200,瞬时请求候选,0x3F2,8,2,3,1,1,0.5750,6,49,0.564050
129,38.000,瞬时请求候选,0x300,8,0,2,0,0,0.6500,6,50,1.062850
130,38.000,瞬时请求候选,0x300,8,4,5,1,1,0.5500,6,50,0.563100
131,38.000,瞬时请求候选,0x300,8,4,7,0,0,0.6500,6,50,1.062850
132,38.000,瞬时请求候选,0x300,8,5,0,0,0,0.6500,6,50,1.062850
133,38.000,瞬时请求候选,0x300,8,6,1,1,1,0.7000,6,50,0.563200
134,38.000,瞬时请求候选,0x300,8,7,2,0,0,0.6500,6,50,1.062850
135,38.000,瞬时请求候选,0x300,8,7,5,0,0,0.6500,6,50,1.062850
136,38.000,瞬时请求候选,0x300,8,7,6,1,1,0.5500,6,50,0.563100
137,38.000,瞬时请求候选,0x3C9,8,1,7,1,1,0.6500,6,50,0.539600
138,38.000,瞬时请求候选,0x3C9,8,3,2,1,1,0.6500,6,50,0.539600
139,38.000,瞬时请求候选,0x3C9,8,4,0,1,1,0.6500,6,50,0.539600
140,38.000,瞬时请求候选,0x3DD,8,1,3,0,0,0.6500,6,50,0.910750
141,38.000,瞬时请求候选,0x3DD,8,1,7,不一致,1,0.5250,6,50,0.909150
142,38.000,瞬时请求候选,0x3DD,8,5,3,0,0,0.6750,6,50,0.410900
143,38.000,瞬时请求候选,0x782,8,1,4,不一致,不一致,0.8667,5,10,0.613200
144,37.800,瞬时请求候选,0x3C9,8,1,3,0,0,0.7000,6,51,0.041250
145,37.800,瞬时请求候选,0x3C9,8,1,4,0,0,0.7000,6,51,0.041250
146,37.800,瞬时请求候选,0x3C9,8,3,0,0,0,0.7000,6,51,0.041250
147,37.800,瞬时请求候选,0x3C9,8,5,0,0,0,0.7000,6,51,0.041250
148,37.400,瞬时请求候选,0x3DD,8,0,4,1,1,0.5500,6,53,0.412450
149,37.400,瞬时请求候选,0x52F,8,5,0,1,1,0.5250,6,53,0.193250
150,37.400,瞬时请求候选,0x752,8,7,5,0,0,0.9000,5,13,0.901900
151,37.000,瞬时请求候选,0x359,8,0,4,0,0,0.8075,6,55,0.326050
152,37.000,瞬时请求候选,0x359,8,0,5,0,0,0.8450,6,55,0.425900
153,37.000,瞬时请求候选,0x709,8,3,6,0,0,0.8031,6,55,0.525600
154,37.000,瞬时请求候选,0x75D,8,5,0,0,0,0.9200,6,55,0.113600
155,36.800,瞬时请求候选,0x359,8,0,6,0,0,0.7700,6,56,0.525950
156,36.600,瞬时请求候选,0x3BD,8,1,1,1,1,0.6250,6,57,0.658350
157,36.600,瞬时请求候选,0x7E8,8,2,2,0,0,0.8500,5,17,0.844100
158,36.600,瞬时请求候选,0x7E8,8,2,6,0,0,0.8500,5,17,0.844100
159,36.600,瞬时请求候选,0x7E8,8,5,0,0,1,0.5750,6,57,-0.153800
160,36.600,瞬时请求候选,0x7E8,8,6,0,0,0,0.8500,5,17,0.844100
161,36.600,瞬时请求候选,0x7E8,8,6,3,0,0,0.8500,5,17,0.844100
162,36.600,瞬时请求候选,0x7E8,8,6,4,0,0,0.8500,5,17,0.844100
163,36.400,瞬时请求候选,0x3BD,8,0,0,不一致,0,0.6000,6,58,0.658950
164,36.400,瞬时请求候选,0x752,8,3,5,0,不一致,0.7000,5,18,-0.098100
165,36.400,瞬时请求候选,0x752,8,6,7,0,0,0.8000,5,18,0.901500
166,36.200,瞬时请求候选,0x37D,8,3,1,不一致,1,0.5500,6,59,0.408550
167,36.200,瞬时请求候选,0x3B2,8,0,2,0,1,0.5565,6,59,0.509900
168,36.200,瞬时请求候选,0x3F2,8,1,2,1,1,0.5500,6,59,0.563500
169,36.200,瞬时请求候选,0x737,7,0,0,不一致,0,0.6000,6,59,0.158950
170,36.200,瞬时请求候选,0x752,8,3,6,不一致,0,0.6750,5,19,0.901200
171,36.200,瞬时请求候选,0x7C8,8,2,6,0,0,0.8500,5,19,0.352700
172,36.200,瞬时请求候选,0x7C8,8,2,7,0,0,0.8500,5,19,0.352700
173,36.200,瞬时请求候选,0x7C8,8,6,2,0,0,0.8500,5,19,0.352700
174,36.200,瞬时请求候选,0x7C8,8,6,3,0,0,0.8500,5,19,0.352700
175,36.200,瞬时请求候选,0x7E8,8,1,2,1,1,0.5500,6,59,-0.153800
176,36.000,瞬时请求候选,0x319,8,0,0,1,1,0.5500,6,60,-0.107400
177,36.000,瞬时请求候选,0x752,8,0,2,不一致,不一致,0.5750,5,20,0.901900
178,36.000,瞬时请求候选,0x7E8,8,2,3,不一致,0,0.6000,6,60,-0.152050
179,36.000,瞬时请求候选,0x7E8,8,3,6,0,1,0.5750,6,60,-0.153800
180,36.000,瞬时请求候选,0x7E8,8,3,7,0,1,0.5750,6,60,-0.153800
181,35.800,瞬时请求候选,0x7C8,8,2,0,0,0,0.7250,5,21,1.349700
182,35.800,瞬时请求候选,0x7E8,8,4,2,1,1,0.5750,6,61,-0.152450
183,35.800,瞬时请求候选,0x7E8,8,4,5,1,1,0.5750,6,61,-0.152450
184,35.600,瞬时请求候选,0x301,8,1,0,0,不一致,0.6500,5,22,1.357400
185,35.600,瞬时请求候选,0x302,8,1,0,0,不一致,0.7000,5,22,1.380400
186,35.600,瞬时请求候选,0x303,8,1,0,0,不一致,0.6500,5,22,1.452400
187,35.600,瞬时请求候选,0x3F2,8,3,5,不一致,0,0.5750,6,62,0.563750
188,35.400,瞬时请求候选,0x302,8,1,1,0,0,0.7750,5,23,1.381300
189,35.200,瞬时请求候选,0x295,8,7,3,0,0,0.6667,5,24,0.243700
190,35.200,瞬时请求候选,0x752,8,7,3,0,0,0.8000,5,24,-0.098100
191,35.200,瞬时请求候选,0x7C8,8,1,2,1,1,0.5500,6,64,0.349900
192,35.000,瞬时请求候选,0x295,8,7,2,0,0,0.6667,5,25,0.447000
193,35.000,瞬时请求候选,0x52F,8,6,1,1,不一致,0.5500,6,65,0.193400
194,35.000,瞬时请求候选,0x709,8,6,0,0,0,0.9369,5,25,0.999800
195,35.000,瞬时请求候选,0x7C8,8,2,3,不一致,0,0.6000,6,65,0.351200
196,34.850,周期字段（降权）,0x1FA,3,0,5,0,1,1.0000,3,1,0.660800
197,34.800,瞬时请求候选,0x752,8,6,6,0,0,0.7500,5,26,-0.098100
198,34.800,瞬时请求候选,0x7C8,8,3,4,0,1,0.5750,6,66,0.351400
199,34.600,瞬时请求候选,0x310,8,1,0,1,1,0.6400,5,27,0.976900
200,34.600,瞬时请求候选,0x310,8,1,1,0,0,0.7200,5,27,1.976700
201,34.600,瞬时请求候选,0x310,8,4,4,0,0,0.7200,5,27,1.976700
202,34.600,瞬时请求候选,0x310,8,7,1,0,0,0.7200,5,27,1.976700
203,34.600,瞬时请求候选,0x330,8,2,0,0,0,0.5905,5,27,1.222800
204,34.600,瞬时请求候选,0x332,6,4,1,1,1,0.5750,6,67,0.562900
205,34.600,瞬时请求候选,0x3DD,8,0,0,不一致,不一致,0.5500,6,67,0.410900
206,34.600,瞬时请求候选,0x52F,8,5,1,不一致,1,0.5750,5,27,1.193200
207,34.600,瞬时请求候选,0x70B,8,1,4,0,0,0.7000,5,27,1.784800
208,34.400,瞬时请求候选,0x330,8,3,0,0,0,0.7905,5,28,1.222800
209,34.400,瞬时请求候选,0x3DD,8,3,7,0,0,0.8000,5,28,0.407900
210,34.400,瞬时请求候选,0x70B,8,0,1,不一致,0,0.6750,5,28,0.784800
211,34.400,瞬时请求候选,0x70B,8,1,1,0,0,0.7750,5,28,1.784800
212,34.400,瞬时请求候选,0x70B,8,1,3,不一致,不一致,0.6500,5,28,1.784800
213,34.400,瞬时请求候选,0x70B,8,2,3,不一致,0,0.6000,5,28,0.784800
214,34.400,瞬时请求候选,0x70B,8,2,7,0,0,0.7250,5,28,0.784800
215,34.400,瞬时请求候选,0x70B,8,3,3,0,0,0.7000,5,28,1.784800
216,34.400,瞬时请求候选,0x70B,8,5,5,0,0,0.7250,5,28,0.784800
217,34.400,瞬时请求候选,0x752,8,6,5,0,0,0.7250,5,28,-0.097800
218,34.200,瞬时请求候选,0x2C4,8,7,6,0,0,0.9525,6,69,0.794800
219,34.200,瞬时请求候选,0x330,8,7,0,0,0,0.7048,5,29,1.223000
220,34.200,瞬时请求候选,0x3BD,8,0,1,不一致,0,0.6000,5,29,0.658500
221,34.200,瞬时请求候选,0x3BD,8,1,6,0,0,0.7500,5,29,1.658600
222,34.200,瞬时请求候选,0x3BD,8,1,7,0,0,0.7500,5,29,1.658600
223,34.200,瞬时请求候选,0x726,3,0,0,1,不一致,0.5250,6,69,0.523700
224,34.200,瞬时请求候选,0x752,8,6,1,0,0,0.7250,5,29,0.901200
225,34.000,瞬时请求候选,0x2C4,8,0,7,0,0,0.9475,6,70,0.944300
226,34.000,瞬时请求候选,0x709,8,1,7,0,0,0.7006,6,70,0.369250
227,34.000,瞬时请求候选,0x724,3,0,1,不一致,0,0.6750,5,30,0.560200
228,34.000,瞬时请求候选,0x737,7,0,1,不一致,0,0.6000,5,30,0.158500
229,33.800,瞬时请求候选,0x2C4,8,0,4,0,0,0.6500,6,71,0.393750
230,33.800,瞬时请求候选,0x2C4,8,4,4,0,0,0.9075,6,71,0.843700
231,33.800,瞬时请求候选,0x2C4,8,7,2,0,0,0.9075,6,71,0.944300
232,33.800,瞬时请求候选,0x2C4,8,7,7,0,0,0.9100,6,71,1.044300
233,33.800,瞬时请求候选,0x303,8,4,5,1,1,0.6500,5,31,0.453300
234,33.800,瞬时请求候选,0x303,8,7,1,1,不一致,0.5750,5,31,0.453600
235,33.800,瞬时请求候选,0x303,8,7,5,1,不一致,0.5750,5,31,0.453600
236,33.800,瞬时请求候选,0x303,8,7,7,1,不一致,0.5750,5,31,0.453600
237,33.800,瞬时请求候选,0x332,6,5,2,不一致,1,0.5250,6,71,0.562850
238,33.800,瞬时请求候选,0x3DB,8,1,2,0,0,0.7500,6,71,0.398200
239,33.800,瞬时请求候选,0x52F,8,5,4,不一致,不一致,0.5500,6,71,0.193250
240,33.600,瞬时请求候选,0x232,8,2,4,不一致,1,0.7750,5,32,1.231300
241,33.600,瞬时请求候选,0x232,8,2,5,不一致,0,0.7750,5,32,1.231300
242,33.600,瞬时请求候选,0x301,8,4,1,1,不一致,0.5500,5,32,0.358500
243,33.600,瞬时请求候选,0x303,8,1,2,0,0,0.8000,5,32,0.454600
244,33.600,瞬时请求候选,0x319,8,0,2,0,不一致,0.7000,5,32,-0.106700
245,33.600,瞬时请求候选,0x332,6,0,5,1,1,0.5000,6,72,0.562850
246,33.600,瞬时请求候选,0x352,8,3,2,0,0,0.6667,6,72,0.909000
247,33.600,瞬时请求候选,0x3DB,8,4,0,0,0,0.7500,6,72,0.396850
248,33.600,瞬时请求候选,0x3DB,8,4,4,0,0,0.7500,6,72,0.396850
249,33.600,瞬时请求候选,0x3DD,8,5,5,0,0,0.7750,5,32,0.410900
250,33.600,瞬时请求候选,0x52F,8,6,6,1,1,0.5250,6,72,0.193250
251,33.400,瞬时请求候选,0x301,8,1,2,0,0,0.8000,5,33,0.359400
252,33.400,瞬时请求候选,0x302,8,1,2,0,0,0.8000,5,33,0.382200
253,33.400,瞬时请求候选,0x352,8,0,0,0,0,0.6667,6,73,0.309100
254,33.400,瞬时请求候选,0x352,8,0,1,0,0,0.6667,6,73,0.909000
255,33.400,瞬时请求候选,0x352,8,1,0,0,0,0.6667,6,73,0.909000
256,33.400,瞬时请求候选,0x352,8,1,2,0,0,0.6667,6,73,0.909000
257,33.400,瞬时请求候选,0x352,8,1,3,0,0,0.6667,6,73,0.909000
258,33.400,瞬时请求候选,0x352,8,1,6,0,0,0.6667,6,73,0.909000
259,33.400,瞬时请求候选,0x352,8,2,1,0,0,0.6667,6,73,0.309100
260,33.400,瞬时请求候选,0x352,8,2,3,1,1,0.6667,6,73,0.909000
261,33.400,瞬时请求候选,0x352,8,2,4,1,1,0.6667,6,73,0.909000
262,33.400,瞬时请求候选,0x352,8,2,6,1,1,0.6667,6,73,0.909000
263,33.400,瞬时请求候选,0x352,8,2,7,1,1,0.6667,6,73,0.909000
264,33.400,瞬时请求候选,0x352,8,3,3,1,1,0.6667,6,73,0.309100
265,33.400,瞬时请求候选,0x352,8,3,6,0,0,0.6667,6,73,0.909000
266,33.400,瞬时请求候选,0x352,8,4,0,0,0,0.6667,6,73,0.909000
267,33.400,瞬时请求候选,0x352,8,4,1,1,1,0.6667,6,73,0.909000
268,33.400,瞬时请求候选,0x352,8,4,3,1,1,0.6667,6,73,0.909000
269,33.400,瞬时请求候选,0x352,8,4,4,1,1,0.6667,6,73,0.909000
270,33.400,瞬时请求候选,0x352,8,4,5,1,1,0.6667,6,73,0.909000
271,33.400,瞬时请求候选,0x352,8,4,6,1,1,0.6667,6,73,0.909000
272,33.400,瞬时请求候选,0x352,8,5,0,1,1,0.6667,6,73,0.909000
273,33.400,瞬时请求候选,0x352,8,5,2,1,1,0.6667,6,73,0.909000
274,33.400,瞬时请求候选,0x352,8,5,3,0,0,0.6667,6,73,0.909000
275,33.400,瞬时请求候选,0x352,8,5,6,0,0,0.6667,6,73,0.909000
276,33.400,瞬时请求候选,0x352,8,6,0,0,0,0.6667,6,73,0.309100
277,33.400,瞬时请求候选,0x352,8,6,2,1,1,0.6667,6,73,0.909000
278,33.400,瞬时请求候选,0x352,8,6,3,1,1,0.6667,6,73,0.909000
279,33.400,瞬时请求候选,0x352,8,6,4,1,1,0.6667,6,73,0.309100
280,33.400,瞬时请求候选,0x352,8,6,5,1,1,0.6667,6,73,0.909000
281,33.400,瞬时请求候选,0x352,8,6,6,1,1,0.6667,6,73,0.309100
282,33.400,瞬时请求候选,0x352,8,7,1,0,0,0.6667,6,73,0.909000
283,33.400,瞬时请求候选,0x352,8,7,2,1,1,0.6667,6,73,0.909000
284,33.400,瞬时请求候选,0x352,8,7,6,0,0,0.6667,6,73,0.909000
285,33.400,瞬时请求候选,0x3DB,8,1,0,0,0,0.7125,6,73,0.147300
286,33.400,瞬时请求候选,0x3DB,8,3,5,0,0,0.7500,6,73,0.396150
287,33.400,瞬时请求候选,0x3DD,8,0,1,不一致,不一致,0.5750,5,33,1.406900
288,33.400,瞬时请求候选,0x3DD,8,6,0,0,0,0.7750,5,33,0.410900
289,33.200,瞬时请求候选,0x301,8,4,2,1,1,0.8250,5,34,0.359400
290,33.200,瞬时请求候选,0x34A,8,1,0,1,1,0.7500,6,74,0.148600
291,33.200,瞬时请求候选,0x34A,8,1,1,1,1,0.7500,6,74,0.148600
292,33.200,瞬时请求候选,0x34A,8,1,2,1,1,0.7500,6,74,0.148600
293,33.200,瞬时请求候选,0x352,8,2,0,1,1,0.6667,6,74,0.310250
294,33.200,瞬时请求候选,0x352,8,2,5,0,0,0.6667,6,74,0.310250
295,33.200,瞬时请求候选,0x352,8,6,1,0,0,0.6667,6,74,0.310250
296,33.200,瞬时请求候选,0x352,8,7,0,0,0,0.6667,6,74,0.310250
297,33.200,瞬时请求候选,0x3DB,8,6,2,0,0,0.7500,6,74,-0.100800
298,33.200,瞬时请求候选,0x3DD,8,5,1,0,0,0.8000,5,34,0.410900
299,33.200,瞬时请求候选,0x752,8,5,0,0,0,0.7750,5,34,-0.097800
300,33.000,瞬时请求候选,0x321,8,7,0,不一致,1,0.6500,5,35,-0.239800
301,33.000,瞬时请求候选,0x34A,8,2,1,0,0,0.7500,6,75,0.148600
302,33.000,瞬时请求候选,0x34A,8,3,5,0,0,0.7500,6,75,0.148600
303,33.000,瞬时请求候选,0x34A,8,7,4,0,0,0.7500,6,75,1.146600
304,33.000,瞬时请求候选,0x34A,8,7,7,0,0,0.7500,6,75,1.146600
305,33.000,瞬时请求候选,0x352,8,3,0,0,0,0.6667,6,75,0.310250
306,33.000,瞬时请求候选,0x3B2,8,2,7,0,0,0.7827,6,75,0.210850
307,33.000,瞬时请求候选,0x3DB,8,1,5,0,0,0.7500,6,75,0.398000
308,32.800,瞬时请求候选,0x3F2,8,2,1,不一致,不一致,0.5750,5,36,0.563600
309,32.600,瞬时请求候选,0x2F1,8,3,5,0,0,0.9475,6,77,0.424750
310,32.600,瞬时请求候选,0x2F1,8,4,5,0,0,0.8975,6,77,0.274350
311,32.600,瞬时请求候选,0x2F1,8,6,5,0,0,0.9500,6,77,0.524800
312,32.600,瞬时请求候选,0x2F1,8,6,6,0,0,0.9475,6,77,0.424750
313,32.600,瞬时请求候选,0x2F1,8,7,2,0,0,0.9475,6,77,0.424750
314,32.400,瞬时请求候选,0x232,8,2,1,不一致,不一致,0.7250,5,38,0.231400
315,32.400,瞬时请求候选,0x2F1,8,2,6,0,0,0.9300,6,78,0.424750
316,32.400,瞬时请求候选,0x2F1,8,4,7,0,0,0.8975,6,78,0.424750
317,32.400,瞬时请求候选,0x3B2,8,6,3,0,0,0.6981,6,78,0.159600
318,32.400,瞬时请求候选,0x3DD,8,4,6,0,0,0.7500,5,38,0.407900
319,32.200,瞬时请求候选,0x2F1,8,0,3,0,0,0.5800,6,79,0.174500
320,32.200,瞬时请求候选,0x2F1,8,0,4,0,0,0.8400,6,79,0.624800
321,32.200,瞬时请求候选,0x3B2,8,5,7,0,0,0.6538,6,79,0.210450
322,32.200,瞬时请求候选,0x3F2,8,1,1,不一致,不一致,0.5750,5,39,0.563600
323,32.200,瞬时请求候选,0x4E3,8,3,2,0,0,0.9400,6,79,0.410900
324,32.200,瞬时请求候选,0x709,8,3,0,0,0,0.8268,5,39,0.641200
325,32.200,瞬时请求候选,0x7E8,8,2,7,0,0,0.7250,5,39,0.844100
326,32.200,瞬时请求候选,0x7E8,8,4,3,0,0,0.7250,5,39,0.844100
327,32.000,瞬时请求候选,0x2F1,8,6,4,0,0,0.8975,6,80,0.424750
328,32.000,瞬时请求候选,0x324,8,0,0,不一致,不一致,0.6500,5,40,0.553000
329,32.000,瞬时请求候选,0x3B2,8,4,3,0,0,0.7399,6,80,0.210850
330,32.000,瞬时请求候选,0x709,8,4,7,0,0,0.6766,6,80,-0.036050
331,31.800,瞬时请求候选,0x3B2,8,2,0,不一致,0,0.6800,6,81,0.309700
332,31.800,瞬时请求候选,0x3B2,8,2,4,不一致,0,0.6150,6,81,0.260400
333,31.800,瞬时请求候选,0x3B2,8,5,4,0,0,0.6515,6,81,0.009900
334,31.600,瞬时请求候选,0x3DD,8,4,3,0,0,0.6750,5,42,0.410900
335,31.600,瞬时请求候选,0x70B,8,1,2,0,0,0.7250,5,42,0.786100
336,31.600,瞬时请求候选,0x752,8,5,7,0,0,0.7000,5,42,-0.097800
337,31.600,瞬时请求候选,0x7C8,8,2,2,0,0,0.7250,5,42,0.352700
338,31.600,瞬时请求候选,0x7C8,8,4,3,0,0,0.7250,5,42,0.352700
339,31.400,瞬时请求候选,0x2C4,8,2,6,0,0,0.9250,6,83,0.644300
340,31.400,瞬时请求候选,0x2E2,8,4,2,0,0,0.8800,6,83,0.155550
341,31.400,瞬时请求候选,0x2E3,7,2,4,0,0,0.8800,6,83,0.052650
342,31.400,瞬时请求候选,0x3DD,8,4,1,不一致,1,0.5750,5,43,0.410900
343,31.400,瞬时请求候选,0x7C8,8,1,3,0,0,0.7500,5,43,0.353100
344,31.200,瞬时请求候选,0x302,8,4,5,1,不一致,0.5750,5,44,0.381300
345,31.200,瞬时请求候选,0x3B2,8,1,5,不一致,0,0.6078,6,84,1.259850
346,31.200,瞬时请求候选,0x3F2,8,1,0,不一致,1,0.6250,5,44,0.563900
347,31.200,瞬时请求候选,0x709,8,1,6,0,不一致,0.5745,6,84,0.341700
348,31.000,瞬时请求候选,0x301,8,5,2,不一致,0,0.6000,5,45,0.358500
349,31.000,瞬时请求候选,0x301,8,5,3,不一致,0,0.6000,5,45,0.358500
350,31.000,瞬时请求候选,0x752,8,5,2,0,0,0.7000,5,45,0.902500
351,30.800,瞬时请求候选,0x241,7,0,1,0,0,0.9350,6,86,0.063300
352,30.800,瞬时请求候选,0x241,7,2,7,0,0,0.9350,6,86,0.063300
353,30.800,瞬时请求候选,0x3B2,8,4,6,不一致,0,0.6809,6,86,0.260650
354,30.800,瞬时请求候选,0x302,8,4,1,不一致,0,0.6000,5,46,0.381000
355,30.800,瞬时请求候选,0x75D,8,3,3,0,0,0.9450,5,46,0.713000
356,30.600,瞬时请求候选,0x302,8,4,2,不一致,0,0.6500,5,47,0.381000
357,30.600,瞬时请求候选,0x3B2,8,3,6,0,0,0.6524,6,87,-0.040000
358,30.600,瞬时请求候选,0x3B2,8,7,0,0,0,0.7272,6,87,0.160200
359,30.400,瞬时请求候选,0x295,8,0,1,0,0,0.6667,5,48,0.549000
360,30.400,瞬时请求候选,0x295,8,0,7,0,0,0.6667,5,48,0.243700
361,30.400,瞬时请求候选,0x295,8,1,6,0,0,0.8333,5,48,0.549000
362,30.400,瞬时请求候选,0x3B2,8,1,7,不一致,0,0.6709,6,88,0.559500
363,30.400,瞬时请求候选,0x3B2,8,4,4,不一致,0,0.6516,6,88,0.260650
364,30.400,瞬时请求候选,0x3B2,8,4,7,0,0,0.6604,6,88,0.510600
365,30.400,瞬时请求候选,0x3B2,8,6,2,0,不一致,0.6740,6,88,-0.040000
366,30.200,瞬时请求候选,0x2E3,7,3,0,0,0,0.8750,6,89,0.053350
367,30.200,瞬时请求候选,0x2F1,8,6,2,0,0,0.9400,6,89,0.724800
368,30.200,瞬时请求候选,0x300,8,2,3,0,0,0.6750,5,49,0.562800
369,30.200,瞬时请求候选,0x300,8,2,6,0,0,0.6750,5,49,0.562800
370,30.200,瞬时请求候选,0x300,8,5,1,0,0,0.6250,5,49,0.562800
371,30.200,瞬时请求候选,0x300,8,6,4,0,0,0.6250,5,49,0.562800
372,30.200,瞬时请求候选,0x300,8,6,5,0,0,0.6250,5,49,0.562800
373,30.200,瞬时请求候选,0x300,8,7,1,0,0,0.6250,5,49,0.562800
374,30.200,瞬时请求候选,0x3DD,8,1,0,1,不一致,0.5750,5,49,0.407900
375,30.200,瞬时请求候选,0x3DD,8,1,6,0,0,0.6750,5,49,0.407900
376,30.200,瞬时请求候选,0x3F2,8,1,4,不一致,1,0.5750,5,49,0.563400
377,30.000,瞬时请求候选,0x295,8,2,2,0,0,0.8333,5,50,0.345100
378,30.000,瞬时请求候选,0x295,8,2,4,0,0,0.8333,5,50,0.345100
379,30.000,瞬时请求候选,0x3DD,8,1,4,不一致,不一致,0.5500,5,50,0.407900
380,29.800,瞬时请求候选,0x2E2,8,3,0,0,0,0.8800,6,91,0.155550
381,29.800,瞬时请求候选,0x2E2,8,3,5,0,0,0.8800,6,91,0.155550
382,29.800,瞬时请求候选,0x2E3,7,4,7,0,0,0.8750,6,91,0.053350
383,29.800,瞬时请求候选,0x3B2,8,3,2,0,0,0.6295,6,91,0.210850
384,29.800,瞬时请求候选,0x295,8,1,2,0,0,0.8333,5,51,0.243700
385,29.800,瞬时请求候选,0x295,8,1,5,0,0,0.8333,5,51,0.243700
386,29.800,瞬时请求候选,0x2E3,7,6,3,0,0,0.9250,5,51,0.753600
387,29.800,瞬时请求候选,0x324,8,0,5,不一致,1,0.5500,5,51,0.546600
388,29.800,瞬时请求候选,0x3DD,8,0,5,不一致,不一致,0.6000,5,51,0.410900
389,29.800,瞬时请求候选,0x3F2,8,2,7,1,1,0.6000,5,51,0.564200
390,29.600,瞬时请求候选,0x318,8,7,5,不一致,不一致,0.7125,6,92,0.192500
391,29.600,瞬时请求候选,0x3B2,8,6,4,0,0,0.6086,6,92,0.210650
392,29.600,瞬时请求候选,0x3B2,8,6,6,0,0,0.6843,6,92,0.059100
393,29.550,周期字段（降权）,0x348,8,4,4,0,1,1.0000,2,3,0.692350
394,29.400,瞬时请求候选,0x332,6,5,0,0,0,0.7000,5,53,0.563100
395,29.400,瞬时请求候选,0x709,8,4,6,0,0,0.7240,6,93,-0.036050
396,29.200,瞬时请求候选,0x3B2,8,4,2,不一致,0,0.6837,6,94,0.159600
397,29.000,瞬时请求候选,0x3B2,8,3,3,不一致,0,0.6097,6,95,0.411450
398,29.000,瞬时请求候选,0x709,8,3,1,0,0,0.8117,5,55,0.042200
399,28.800,瞬时请求候选,0x2F1,8,1,1,0,0,0.9275,6,96,0.424400
400,28.800,瞬时请求候选,0x359,8,2,3,0,0,0.9625,5,56,0.624200
401,28.800,瞬时请求候选,0x3B2,8,1,0,不一致,0,0.6034,6,96,0.260400
402,28.800,瞬时请求候选,0x3B2,8,1,1,不一致,0,0.6707,6,96,0.110200
403,28.800,瞬时请求候选,0x3B2,8,3,4,1,0,0.6699,6,96,0.460850
404,28.800,瞬时请求候选,0x3B2,8,4,0,0,0,0.7282,6,96,-0.040300
405,28.800,瞬时请求候选,0x709,8,5,2,0,0,0.7714,6,96,-0.036050
406,28.600,瞬时请求候选,0x303,8,0,0,不一致,1,0.6250,5,57,0.453300
407,28.600,瞬时请求候选,0x3DB,8,3,0,0,0,0.6750,5,57,0.397900
408,28.600,瞬时请求候选,0x3B2,8,6,5,0,0,0.7008,6,97,0.310100
409,28.600,瞬时请求候选,0x709,8,3,2,0,0,0.7246,6,97,-0.023400
410,28.600,瞬时请求候选,0x75D,8,7,0,0,0,0.8700,6,97,0.113600
411,28.400,瞬时请求候选,0x301,8,0,0,不一致,1,0.6250,5,58,0.358200
412,28.400,瞬时请求候选,0x302,8,0,0,不一致,1,0.6250,5,58,0.381000
413,28.400,瞬时请求候选,0x3B2,8,5,0,不一致,0,0.6096,6,98,0.210850
414,28.400,瞬时请求候选,0x3B2,8,5,5,0,0,0.6635,6,98,0.009900
415,28.400,瞬时请求候选,0x709,8,1,0,不一致,不一致,0.5588,5,58,0.016900
416,28.200,瞬时请求候选,0x3B2,8,5,2,不一致,0,0.5984,6,99,0.210650
417,28.200,瞬时请求候选,0x3B2,8,7,1,不一致,0,0.6568,6,99,-0.089500
418,28.200,瞬时请求候选,0x75D,8,1,1,0,0,0.8600,6,99,-0.085700
419,28.000,瞬时请求候选,0x102,8,4,1,1,1,0.7100,6,247,0.033050
420,28.000,瞬时请求候选,0x102,8,4,2,0,0,0.7100,6,247,0.033050
421,28.000,瞬时请求候选,0x129,8,0,0,不一致,0,0.5205,6,3604,-0.238000
422,28.000,瞬时请求候选,0x129,8,0,1,不一致,不一致,0.5082,6,3726,-0.247950
423,28.000,瞬时请求候选,0x129,8,0,2,1,1,0.5605,6,4553,-0.247350
424,28.000,瞬时请求候选,0x129,8,0,3,1,不一致,0.5022,6,2085,-0.218050
425,28.000,瞬时请求候选,0x129,8,0,4,不一致,0,0.5142,6,3647,-0.238000
426,28.000,瞬时请求候选,0x129,8,0,5,不一致,0,0.5095,6,3757,-0.238250
427,28.000,瞬时请求候选,0x129,8,0,6,1,1,0.5603,6,4596,-0.237700
428,28.000,瞬时请求候选,0x129,8,0,7,不一致,0,0.5035,6,3710,-0.238200
429,28.000,瞬时请求候选,0x129,8,2,0,0,0,0.5428,6,3674,-0.247350
430,28.000,瞬时请求候选,0x129,8,2,1,1,1,0.5428,6,3674,-0.247350
431,28.000,瞬时请求候选,0x129,8,4,0,0,0,0.9652,6,473,0.056700
432,28.000,瞬时请求候选,0x132,6,0,0,不一致,不一致,0.5115,6,3628,-0.248700
433,28.000,瞬时请求候选,0x132,6,0,1,不一致,不一致,0.5155,6,3667,-0.233450
434,28.000,瞬时请求候选,0x132,6,0,2,不一致,0,0.5127,6,3794,-0.238800
435,28.000,瞬时请求候选,0x132,6,0,3,0,0,0.5105,6,3737,-0.248500
436,28.000,瞬时请求候选,0x132,6,0,4,不一致,1,0.6065,6,3142,-0.228850
437,28.000,瞬时请求候选,0x132,6,0,5,0,1,0.7735,6,1875,-0.213500
438,28.000,瞬时请求候选,0x132,6,0,6,1,0,0.7857,6,1767,-0.178650
439,28.000,瞬时请求候选,0x132,6,2,0,0,0,0.8858,6,1461,-0.213500
440,28.000,瞬时请求候选,0x132,6,2,1,0,0,0.9190,6,1032,-0.178650
441,28.000,瞬时请求候选,0x132,6,2,2,0,0,0.9190,6,1022,-0.178650
442,28.000,瞬时请求候选,0x132,6,2,3,1,1,0.9190,6,1020,-0.178650
443,28.000,瞬时请求候选,0x132,6,4,0,1,1,0.5425,6,3679,-0.248500
444,28.000,瞬时请求候选,0x132,6,4,1,0,0,0.6893,6,3186,-0.248500
445,28.000,瞬时请求候选,0x132,6,4,2,0,0,0.6750,6,3224,-0.238500
446,28.000,瞬时请求候选,0x132,6,4,3,1,1,0.6855,6,3160,-0.238500
447,28.000,瞬时请求候选,0x201,8,0,3,0,0,0.7500,6,1483,-0.216600
448,28.000,瞬时请求候选,0x201,8,0,4,0,0,0.8969,6,617,-0.117150
449,28.000,瞬时请求候选,0x201,8,0,5,0,0,0.8969,6,617,-0.117150
450,28.000,瞬时请求候选,0x201,8,0,6,0,0,0.8969,6,617,-0.117150
451,28.000,瞬时请求候选,0x201,8,0,7,1,1,0.6031,6,1484,-0.215650
452,28.000,瞬时请求候选,0x201,8,1,0,0,0,0.8969,6,617,-0.117150
453,28.000,瞬时请求候选,0x201,8,1,1,1,1,0.6469,6,1487,-0.192050
454,28.000,瞬时请求候选,0x201,8,1,2,0,0,0.7500,6,1488,-0.191350
455,28.000,瞬时请求候选,0x201,8,1,3,0,0,0.7750,6,1336,-0.216600
456,28.000,瞬时请求候选,0x201,8,1,4,0,0,0.9713,6,167,0.033350
457,28.000,瞬时请求候选,0x201,8,1,6,0,0,0.7538,6,1463,-0.216600
458,28.000,瞬时请求候选,0x201,8,1,7,0,0,0.7500,6,1483,-0.216600
459,28.000,瞬时请求候选,0x201,8,2,0,0,0,0.7500,6,1483,-0.216600
460,28.000,瞬时请求候选,0x201,8,2,3,0,0,0.7500,6,1488,-0.191350
461,28.000,瞬时请求候选,0x201,8,2,4,0,0,0.7500,6,1488,-0.191350
462,28.000,瞬时请求候选,0x201,8,3,0,0,0,0.7500,6,1488,-0.191350
463,28.000,瞬时请求候选,0x201,8,3,7,0,0,0.7500,6,1483,-0.216600
464,28.000,瞬时请求候选,0x201,8,4,1,0,0,0.7500,6,1483,-0.216600
465,28.000,瞬时请求候选,0x201,8,4,5,0,0,0.7500,6,1483,-0.216600
466,28.000,瞬时请求候选,0x201,8,5,0,0,0,0.7500,6,1483,-0.216600
467,28.000,瞬时请求候选,0x201,8,5,1,0,0,0.7500,6,1483,-0.216600
468,28.000,瞬时请求候选,0x201,8,5,3,0,0,0.7500,6,1483,-0.216600
469,28.000,瞬时请求候选,0x201,8,5,4,0,0,0.7500,6,1483,-0.216600
470,28.000,瞬时请求候选,0x201,8,5,5,0,0,0.7500,6,1483,-0.216600
471,28.000,瞬时请求候选,0x201,8,5,6,0,0,0.7500,6,1483,-0.216600
472,28.000,瞬时请求候选,0x201,8,6,0,0,0,0.7500,6,1483,-0.216600
473,28.000,瞬时请求候选,0x201,8,6,4,1,1,0.7500,6,1488,-0.191350
474,28.000,瞬时请求候选,0x201,8,6,7,1,1,0.7500,6,1483,-0.216600
475,28.000,瞬时请求候选,0x201,8,7,0,1,1,0.7500,6,1488,-0.191350
476,28.000,瞬时请求候选,0x201,8,7,6,0,0,0.7500,6,1488,-0.191350
477,28.000,瞬时请求候选,0x201,8,7,7,0,0,0.7500,6,1488,-0.191350
478,28.000,瞬时请求候选,0x219,7,0,1,0,0,0.6700,6,248,-0.053050
479,28.000,瞬时请求候选,0x219,7,0,2,0,0,0.6650,6,246,-0.052050
480,28.000,瞬时请求候选,0x219,7,1,2,0,0,0.8350,6,245,-0.052050
481,28.000,瞬时请求候选,0x219,7,1,4,0,0,0.8350,6,245,-0.052050
482,28.000,瞬时请求候选,0x219,7,1,5,0,0,0.8350,6,245,-0.052050
483,28.000,瞬时请求候选,0x219,7,1,6,0,0,0.8350,6,245,-0.052050
484,28.000,瞬时请求候选,0x219,7,1,7,1,1,0.6650,6,246,-0.052050
485,28.000,瞬时请求候选,0x219,7,2,0,1,1,0.8350,6,245,-0.052050
486,28.000,瞬时请求候选,0x219,7,2,1,1,1,0.8350,6,245,-0.052050
487,28.000,瞬时请求候选,0x219,7,2,3,1,1,0.8350,6,245,-0.052050
488,28.000,瞬时请求候选,0x219,7,2,4,1,1,0.8300,6,247,0.047900
489,28.000,瞬时请求候选,0x219,7,2,7,1,1,0.6650,6,246,-0.052050
490,28.000,瞬时请求候选,0x219,7,3,0,1,1,0.8350,6,245,-0.052050
491,28.000,瞬时请求候选,0x219,7,3,1,1,1,0.8350,6,245,-0.052050
492,28.000,瞬时请求候选,0x219,7,3,2,1,1,0.8350,6,245,-0.052050
493,28.000,瞬时请求候选,0x219,7,3,3,1,1,0.8350,6,245,-0.052050
494,28.000,瞬时请求候选,0x219,7,3,4,1,1,0.6650,6,246,-0.052050
495,28.000,瞬时请求候选,0x219,7,3,5,1,1,0.8350,6,245,-0.052050
496,28.000,瞬时请求候选,0x219,7,3,6,1,1,0.8350,6,245,-0.052050
497,28.000,瞬时请求候选,0x219,7,3,7,1,1,0.6650,6,246,-0.052050
498,28.000,瞬时请求候选,0x219,7,4,0,1,1,0.8350,6,245,-0.052050
499,28.000,瞬时请求候选,0x219,7,4,1,1,1,0.8350,6,245,-0.052050
500,28.000,瞬时请求候选,0x219,7,4,2,1,1,0.8350,6,245,-0.052050
501,28.000,瞬时请求候选,0x219,7,4,3,1,1,0.8350,6,245,-0.052050
502,28.000,瞬时请求候选,0x219,7,4,4,1,1,0.6650,6,246,-0.052050
503,28.000,瞬时请求候选,0x219,7,4,5,1,1,0.8350,6,245,-0.052050
504,28.000,瞬时请求候选,0x219,7,4,6,1,1,0.8350,6,245,-0.052050
505,28.000,瞬时请求候选,0x219,7,4,7,1,1,0.6650,6,246,-0.052050
506,28.000,瞬时请求候选,0x219,7,5,1,1,1,0.5000,6,495,-0.053700
507,28.000,瞬时请求候选,0x219,7,5,2,0,0,0.8300,6,247,0.047900
508,28.000,瞬时请求候选,0x219,7,5,3,1,1,0.8350,6,245,-0.052050
509,28.000,瞬时请求候选,0x219,7,5,4,1,1,0.6650,6,246,-0.052050
510,28.000,瞬时请求候选,0x219,7,5,5,1,1,0.8350,6,245,-0.052050
511,28.000,瞬时请求候选,0x219,7,5,6,1,1,0.8350,6,245,-0.052050
512,28.000,瞬时请求候选,0x219,7,5,7,1,1,0.6650,6,246,-0.052050
513,28.000,瞬时请求候选,0x219,7,6,0,1,1,0.6650,6,246,-0.052050
514,28.000,瞬时请求候选,0x219,7,6,1,1,1,0.6650,6,246,-0.052050
515,28.000,瞬时请求候选,0x219,7,6,2,1,1,0.6650,6,246,-0.052050
516,28.000,瞬时请求候选,0x219,7,6,3,1,1,0.6650,6,246,-0.052050
517,28.000,瞬时请求候选,0x229,3,0,0,1,1,0.6250,6,279,-0.078050
518,28.000,瞬时请求候选,0x229,3,0,1,0,0,0.6250,6,465,-0.177550
519,28.000,瞬时请求候选,0x229,3,0,2,1,1,0.5625,6,464,-0.127700
520,28.000,瞬时请求候选,0x229,3,0,3,1,1,0.5000,6,373,-0.127500
521,28.000,瞬时请求候选,0x229,3,0,4,0,0,0.6250,6,372,-0.078100
522,28.000,瞬时请求候选,0x229,3,0,5,0,0,0.5625,6,371,-0.177150
523,28.000,瞬时请求候选,0x229,3,0,6,1,1,0.6875,6,281,-0.028050
524,28.000,瞬时请求候选,0x229,3,0,7,0,0,0.6875,6,187,0.022600
525,28.000,瞬时请求候选,0x234,8,0,0,1,1,0.8025,6,531,-0.107650
526,28.000,瞬时请求候选,0x234,8,0,1,不一致,不一致,0.5262,6,1230,-0.208150
527,28.000,瞬时请求候选,0x234,8,0,2,0,0,0.5363,6,1316,-0.208150
528,28.000,瞬时请求候选,0x234,8,0,3,1,1,0.5363,6,1312,-0.208150
529,28.000,瞬时请求候选,0x234,8,0,5,1,1,0.5000,6,1472,-0.208150
530,28.000,瞬时请求候选,0x234,8,1,4,不一致,1,0.5487,6,1330,-0.208150
531,28.000,瞬时请求候选,0x234,8,1,5,1,1,0.5487,6,1284,-0.208150
532,28.000,瞬时请求候选,0x234,8,1,6,1,1,0.5000,6,1474,-0.208150
533,28.000,瞬时请求候选,0x234,8,3,0,0,0,0.5837,6,1274,-0.207400
534,28.000,瞬时请求候选,0x234,8,3,1,0,0,0.5700,6,1306,-0.207400
535,28.000,瞬时请求候选,0x234,8,3,2,0,0,0.5700,6,1306,-0.207400
536,28.000,瞬时请求候选,0x234,8,3,3,0,0,0.9300,6,176,-0.057600
537,28.000,瞬时请求候选,0x234,8,4,2,0,0,0.5837,6,1274,-0.207400
538,28.000,瞬时请求候选,0x234,8,4,3,0,0,0.5687,6,1308,-0.207400
539,28.000,瞬时请求候选,0x234,8,4,4,0,0,0.5687,6,1308,-0.207400
540,28.000,瞬时请求候选,0x234,8,4,5,0,0,0.9313,6,174,-0.057600
541,28.000,瞬时请求候选,0x234,8,7,0,1,1,0.7688,6,587,-0.084100
542,28.000,瞬时请求候选,0x234,8,7,1,0,0,0.8512,6,366,-0.008450
543,28.000,瞬时请求候选,0x234,8,7,2,1,1,0.9187,6,202,-0.058400
544,28.000,瞬时请求候选,0x234,8,7,3,1,1,0.9225,6,202,-0.108450
545,28.000,瞬时请求候选,0x234,8,7,4,0,0,0.6050,6,1196,-0.207400
546,28.000,瞬时请求候选,0x234,8,7,5,不一致,不一致,0.5088,6,743,-0.159800
547,28.000,瞬时请求候选,0x234,8,7,6,1,不一致,0.5100,6,937,-0.208150
548,28.000,瞬时请求候选,0x234,8,7,7,1,不一致,0.5075,6,467,-0.009350
549,28.000,瞬时请求候选,0x23E,8,7,7,0,1,0.5170,6,242,-0.049800
550,28.000,瞬时请求候选,0x241,7,0,0,1,1,0.5575,6,523,-0.136750
551,28.000,瞬时请求候选,0x241,7,2,6,1,1,0.5575,6,523,-0.136750
552,28.000,瞬时请求候选,0x243,8,0,0,0,0,0.6000,6,2972,-0.214350
553,28.000,瞬时请求候选,0x243,8,0,1,0,0,0.6000,6,1488,-0.194250
554,28.000,瞬时请求候选,0x243,8,0,2,0,0,0.8000,6,1483,-0.234600
555,28.000,瞬时请求候选,0x243,8,1,2,1,1,0.7830,6,1488,-0.175000
556,28.000,瞬时请求候选,0x243,8,1,3,1,1,0.8000,6,1489,-0.174450
557,28.000,瞬时请求候选,0x243,8,1,4,1,1,0.8000,6,1489,-0.174450
558,28.000,瞬时请求候选,0x243,8,1,5,0,0,0.6000,6,1483,-0.234600
559,28.000,瞬时请求候选,0x243,8,1,6,0,0,0.6000,6,1483,-0.234600
560,28.000,瞬时请求候选,0x243,8,1,7,1,1,0.8000,6,1489,-0.174450
561,28.000,瞬时请求候选,0x243,8,2,0,1,1,0.6010,6,2964,-0.214350
562,28.000,瞬时请求候选,0x243,8,2,1,0,0,0.6000,6,1483,-0.234600
563,28.000,瞬时请求候选,0x243,8,2,2,0,0,0.6000,6,1483,-0.234600
564,28.000,瞬时请求候选,0x243,8,2,3,0,0,0.7190,6,2064,-0.234600
565,28.000,瞬时请求候选,0x243,8,2,4,0,0,0.6070,6,2860,-0.234600
566,28.000,瞬时请求候选,0x243,8,2,5,1,1,0.5980,6,2967,-0.234600
567,28.000,瞬时请求候选,0x243,8,2,6,1,1,0.6020,6,1488,-0.194250
568,28.000,瞬时请求候选,0x243,8,2,7,0,0,0.6000,6,1483,-0.214350
569,28.000,瞬时请求候选,0x243,8,3,0,0,0,0.6000,6,2972,-0.234600
570,28.000,瞬时请求候选,0x243,8,3,1,0,0,0.8000,6,1483,-0.234600
571,28.000,瞬时请求候选,0x243,8,3,2,0,0,0.6000,6,1483,-0.214350
572,28.000,瞬时请求候选,0x243,8,3,3,0,0,0.6000,6,1483,-0.214350
573,28.000,瞬时请求候选,0x243,8,3,4,0,0,0.6000,6,2972,-0.234600
574,28.000,瞬时请求候选,0x243,8,3,5,0,0,0.8000,6,1483,-0.234600
575,28.000,瞬时请求候选,0x243,8,3,6,0,0,0.6450,6,1483,-0.214350
576,28.000,瞬时请求候选,0x243,8,3,7,0,0,0.6750,6,1484,-0.234600
577,28.000,瞬时请求候选,0x243,8,4,0,0,0,0.5920,6,1483,-0.214350
578,28.000,瞬时请求候选,0x243,8,4,1,0,0,0.6000,6,2972,-0.214350
579,28.000,瞬时请求候选,0x243,8,4,2,0,0,0.6000,6,2966,-0.234600
580,28.000,瞬时请求候选,0x243,8,4,3,0,0,0.8000,6,1483,-0.234600
581,28.000,瞬时请求候选,0x243,8,4,4,1,1,0.6000,6,1484,-0.214350
582,28.000,瞬时请求候选,0x243,8,4,5,1,1,0.8000,6,1489,-0.194250
583,28.000,瞬时请求候选,0x243,8,4,6,0,0,0.6000,6,2966,-0.234600
584,28.000,瞬时请求候选,0x243,8,4,7,0,0,0.6000,6,1483,-0.214350
585,28.000,瞬时请求候选,0x243,8,5,0,0,0,0.6995,6,2352,-0.234600
586,28.000,瞬时请求候选,0x243,8,5,1,1,1,0.6000,6,1484,-0.214350
587,28.000,瞬时请求候选,0x243,8,5,2,0,0,0.8000,6,1483,-0.234600
588,28.000,瞬时请求候选,0x243,8,5,3,0,0,0.6000,6,1484,-0.234600
589,28.000,瞬时请求候选,0x243,8,5,4,1,1,0.6000,6,1483,-0.234600
590,28.000,瞬时请求候选,0x243,8,5,5,0,0,0.6000,6,1484,-0.234600
591,28.000,瞬时请求候选,0x243,8,5,6,0,0,0.6000,6,1484,-0.234600
592,28.000,瞬时请求候选,0x243,8,6,0,0,0,0.7990,6,1478,-0.234600
593,28.000,瞬时请求候选,0x243,8,6,1,0,0,0.6000,6,1484,-0.234600
594,28.000,瞬时请求候选,0x243,8,6,2,1,1,0.6000,6,2967,-0.234600
595,28.000,瞬时请求候选,0x243,8,6,3,0,0,0.8000,6,1483,-0.214350
596,28.000,瞬时请求候选,0x243,8,6,4,0,0,0.6000,6,2972,-0.214350
597,28.000,瞬时请求候选,0x243,8,6,5,1,1,0.6000,6,2967,-0.234600
598,28.000,瞬时请求候选,0x243,8,6,6,1,1,0.6000,6,1488,-0.194250
599,28.000,瞬时请求候选,0x243,8,7,0,0,0,0.7920,6,1478,-0.234600
600,28.000,瞬时请求候选,0x243,8,7,1,0,0,0.8000,6,1483,-0.234600
601,28.000,瞬时请求候选,0x243,8,7,2,0,0,0.6000,6,2966,-0.234600
602,28.000,瞬时请求候选,0x243,8,7,3,0,0,0.6000,6,1483,-0.234600
603,28.000,瞬时请求候选,0x243,8,7,4,0,0,0.8000,6,1483,-0.214350
604,28.000,瞬时请求候选,0x243,8,7,5,1,1,0.6000,6,1488,-0.194250
605,28.000,瞬时请求候选,0x243,8,7,6,0,0,0.6000,6,2966,-0.234600
606,28.000,瞬时请求候选,0x249,4,0,0,0,0,0.5625,6,742,-0.227300
607,28.000,瞬时请求候选,0x249,4,0,1,1,1,0.8125,6,555,-0.177200
608,28.000,瞬时请求候选,0x249,4,0,2,0,0,0.6250,6,372,-0.177200
609,28.000,瞬时请求候选,0x249,4,0,3,1,1,0.6875,6,556,-0.177200
610,28.000,瞬时请求候选,0x249,4,0,4,1,1,0.5000,6,740,-0.227050
611,28.000,瞬时请求候选,0x249,4,0,5,0,0,0.5625,6,742,-0.227300
612,28.000,瞬时请求候选,0x249,4,0,6,1,1,0.5000,6,926,-0.227750
613,28.000,瞬时请求候选,0x249,4,0,7,1,1,0.5000,6,557,-0.177550
614,28.000,瞬时请求候选,0x253,8,0,0,1,1,0.5000,6,297,-0.004650
615,28.000,瞬时请求候选,0x25D,8,6,0,0,0,0.7625,6,273,-0.092300
616,28.000,瞬时请求候选,0x25D,8,6,1,0,0,0.7525,6,240,-0.142850
617,28.000,瞬时请求候选,0x25D,8,6,2,0,0,0.7000,6,274,-0.142850
618,28.000,瞬时请求候选,0x25D,8,6,3,1,1,0.7000,6,274,-0.142850
619,28.000,瞬时请求候选,0x261,8,0,1,0,0,0.6668,6,1543,-0.234500
620,28.000,瞬时请求候选,0x261,8,0,2,0,0,0.6668,6,1544,-0.221500
621,28.000,瞬时请求候选,0x261,8,0,3,0,0,0.8152,6,1542,-0.230300
622,28.000,瞬时请求候选,0x261,8,0,4,0,0,0.6904,6,1545,-0.230300
623,28.000,瞬时请求候选,0x261,8,0,5,1,不一致,0.5868,6,1547,-0.217300
624,28.000,瞬时请求候选,0x261,8,0,6,0,0,0.7472,6,1543,-0.230300
625,28.000,瞬时请求候选,0x261,8,1,0,0,0,0.5868,6,1543,-0.229650
626,28.000,瞬时请求候选,0x261,8,1,1,1,1,0.6664,6,1545,-0.233000
627,28.000,瞬时请求候选,0x261,8,1,2,0,0,0.6672,6,1544,-0.229700
628,28.000,瞬时请求候选,0x261,8,1,4,0,0,0.6668,6,3091,-0.232250
629,28.000,瞬时请求候选,0x261,8,1,5,不一致,1,0.5008,6,3087,-0.241700
630,28.000,瞬时请求候选,0x261,8,1,6,0,0,0.6672,6,1544,-0.229700
631,28.000,瞬时请求候选,0x261,8,1,7,0,0,0.8336,6,1544,-0.214300
632,28.000,瞬时请求候选,0x261,8,2,0,0,不一致,0.6148,6,2660,-0.236550
633,28.000,瞬时请求候选,0x261,8,2,1,不一致,不一致,0.5900,6,2186,-0.236850
634,28.000,瞬时请求候选,0x261,8,2,2,不一致,不一致,0.5512,6,3419,-0.240200
635,28.000,瞬时请求候选,0x261,8,2,3,0,0,0.6108,6,2550,-0.229700
636,28.000,瞬时请求候选,0x261,8,2,4,不一致,0,0.5572,6,2525,-0.242250
637,28.000,瞬时请求候选,0x261,8,2,5,0,0,0.7404,6,1845,-0.241650
638,28.000,瞬时请求候选,0x261,8,2,6,0,0,0.9320,6,544,-0.176600
639,28.000,瞬时请求候选,0x261,8,2,7,0,0,0.6592,6,1809,-0.242250
640,28.000,瞬时请求候选,0x261,8,3,0,0,0,0.7976,6,1546,-0.205550
641,28.000,瞬时请求候选,0x261,8,3,1,0,0,0.7024,6,2823,-0.233900
642,28.000,瞬时请求候选,0x261,8,3,2,0,0,0.8336,6,1544,-0.214300
643,28.000,瞬时请求候选,0x261,8,3,3,0,0,0.6668,6,1544,-0.221500
644,28.000,瞬时请求候选,0x261,8,3,6,0,0,0.6668,6,1544,-0.221500
645,28.000,瞬时请求候选,0x261,8,3,7,0,0,0.8332,6,1546,-0.205550
646,28.000,瞬时请求候选,0x261,8,4,0,0,0,0.7452,6,1547,-0.205000
647,28.000,瞬时请求候选,0x261,8,4,1,0,0,0.7596,6,2192,-0.220950
648,28.000,瞬时请求候选,0x261,8,4,2,0,0,0.9052,6,899,-0.173500
649,28.000,瞬时请求候选,0x261,8,4,4,0,0,0.8308,6,1580,-0.205550
650,28.000,瞬时请求候选,0x261,8,4,5,0,0,0.8332,6,1546,-0.233000
651,28.000,瞬时请求候选,0x261,8,4,6,0,0,0.6664,6,1545,-0.233000
652,28.000,瞬时请求候选,0x261,8,4,7,1,1,0.6672,6,1544,-0.229700
653,28.000,瞬时请求候选,0x261,8,5,0,0,0,0.8332,6,1546,-0.233000
654,28.000,瞬时请求候选,0x261,8,5,1,0,0,0.8332,6,1546,-0.205550
655,28.000,瞬时请求候选,0x261,8,5,2,0,0,0.6664,6,3090,-0.241650
656,28.000,瞬时请求候选,0x261,8,5,4,0,0,0.8332,6,1543,-0.233900
657,28.000,瞬时请求候选,0x261,8,6,0,0,0,0.8336,6,1542,-0.230300
658,28.000,瞬时请求候选,0x261,8,6,1,0,0,0.6664,6,1545,-0.230300
659,28.000,瞬时请求候选,0x261,8,6,2,0,0,0.6672,6,1544,-0.229700
660,28.000,瞬时请求候选,0x261,8,6,3,0,0,0.8332,6,1546,-0.233000
661,28.000,瞬时请求候选,0x261,8,7,0,不一致,1,0.6192,6,1948,-0.236850
662,28.000,瞬时请求候选,0x261,8,7,1,1,不一致,0.6324,6,2648,-0.241650
663,28.000,瞬时请求候选,0x261,8,7,2,0,0,0.6420,6,2553,-0.237450
664,28.000,瞬时请求候选,0x261,8,7,3,不一致,1,0.6232,6,2174,-0.208400
665,28.000,瞬时请求候选,0x261,8,7,4,0,不一致,0.5680,6,2042,-0.228900
666,28.000,瞬时请求候选,0x261,8,7,5,1,0,0.5064,6,2316,-0.237450
667,28.000,瞬时请求候选,0x261,8,7,6,不一致,1,0.5064,6,1733,-0.225300
668,28.000,瞬时请求候选,0x261,8,7,7,1,0,0.5036,6,2919,-0.241700
669,28.000,瞬时请求候选,0x263,8,0,0,0,0,0.6000,6,2966,-0.244450
670,28.000,瞬时请求候选,0x263,8,0,1,0,0,0.6000,6,1483,-0.244450
671,28.000,瞬时请求候选,0x263,8,0,2,0,0,0.8000,6,1478,-0.244450
672,28.000,瞬时请求候选,0x263,8,1,4,0,0,0.6000,6,1483,-0.224350
673,28.000,瞬时请求候选,0x263,8,1,6,0,0,0.6000,6,1483,-0.224350
674,28.000,瞬时请求候选,0x263,8,1,7,0,0,0.6000,6,1483,-0.224350
675,28.000,瞬时请求候选,0x263,8,2,0,0,0,0.6000,6,1483,-0.224350
676,28.000,瞬时请求候选,0x263,8,2,1,0,0,0.6000,6,1483,-0.224350
677,28.000,瞬时请求候选,0x263,8,2,2,0,0,0.6000,6,1483,-0.224350
678,28.000,瞬时请求候选,0x263,8,2,3,0,0,0.8000,6,1483,-0.204600
679,28.000,瞬时请求候选,0x263,8,2,4,0,0,0.8000,6,1483,-0.204600
680,28.000,瞬时请求候选,0x263,8,2,5,0,0,0.6000,6,1483,-0.224350
681,28.000,瞬时请求候选,0x263,8,2,6,0,0,0.8000,6,1478,-0.224350
682,28.000,瞬时请求候选,0x263,8,2,7,0,0,0.6000,6,1483,-0.224350
683,28.000,瞬时请求候选,0x263,8,3,0,0,0,0.6000,6,1483,-0.224350
684,28.000,瞬时请求候选,0x263,8,3,3,0,0,0.8000,6,1478,-0.224350
685,28.000,瞬时请求候选,0x263,8,3,4,0,0,0.8000,6,1483,-0.204600
686,28.000,瞬时请求候选,0x263,8,3,5,0,0,0.8000,6,1483,-0.204600
687,28.000,瞬时请求候选,0x263,8,3,7,0,0,0.6000,6,1483,-0.224350
688,28.000,瞬时请求候选,0x263,8,4,2,0,0,0.6000,6,1483,-0.224350
689,28.000,瞬时请求候选,0x263,8,4,3,0,0,0.8000,6,1483,-0.204600
690,28.000,瞬时请求候选,0x263,8,4,4,0,0,0.8000,6,1478,-0.224350
691,28.000,瞬时请求候选,0x263,8,4,5,0,0,0.8000,6,1478,-0.244450
692,28.000,瞬时请求候选,0x263,8,4,6,0,0,0.6000,6,1478,-0.244450
693,28.000,瞬时请求候选,0x263,8,4,7,0,0,0.6000,6,1483,-0.224350
694,28.000,瞬时请求候选,0x263,8,5,0,0,0,0.6000,6,1483,-0.224350
695,28.000,瞬时请求候选,0x263,8,5,1,0,0,0.6000,6,1483,-0.224350
696,28.000,瞬时请求候选,0x263,8,5,2,0,0,0.6000,6,1483,-0.224350
697,28.000,瞬时请求候选,0x263,8,5,4,0,0,0.8005,6,1470,-0.244450
698,28.000,瞬时请求候选,0x263,8,5,6,0,0,0.8000,6,1483,-0.204600
699,28.000,瞬时请求候选,0x263,8,5,7,0,0,0.8000,6,1483,-0.204600
700,28.000,瞬时请求候选,0x263,8,6,0,0,0,0.8000,6,1478,-0.224350
701,28.000,瞬时请求候选,0x263,8,6,2,0,0,0.6000,6,1483,-0.224350
702,28.000,瞬时请求候选,0x263,8,6,4,0,0,0.6000,6,1483,-0.224350
703,28.000,瞬时请求候选,0x263,8,6,6,0,0,0.6000,6,1483,-0.224350
704,28.000,瞬时请求候选,0x263,8,7,0,1,1,0.6000,6,2966,-0.244450
705,28.000,瞬时请求候选,0x263,8,7,1,1,1,0.6000,6,2966,-0.244450
706,28.000,瞬时请求候选,0x263,8,7,2,1,1,0.6000,6,2966,-0.244450
707,28.000,瞬时请求候选,0x263,8,7,3,1,1,0.6000,6,2966,-0.244450
708,28.000,瞬时请求候选,0x263,8,7,4,0,0,0.6000,6,1483,-0.224350
709,28.000,瞬时请求候选,0x263,8,7,6,0,0,0.8000,6,1483,-0.244450
710,28.000,瞬时请求候选,0x272,8,2,0,1,1,0.5113,6,717,-0.202950
711,28.000,瞬时请求候选,0x272,8,2,1,1,1,0.5264,6,701,-0.202950
712,28.000,瞬时请求候选,0x272,8,2,2,0,不一致,0.5264,6,701,-0.202950
713,28.000,瞬时请求候选,0x272,8,3,5,0,不一致,0.5238,6,710,-0.202950
714,28.000,瞬时请求候选,0x285,8,0,0,1,不一致,0.5015,6,584,-0.154350
715,28.000,瞬时请求候选,0x285,8,0,1,1,不一致,0.5015,6,292,-0.104250
716,28.000,瞬时请求候选,0x285,8,0,2,0,0,0.7477,6,292,-0.154350
717,28.000,瞬时请求候选,0x285,8,0,6,0,0,0.7508,6,292,-0.154350
718,28.000,瞬时请求候选,0x285,8,1,1,1,1,0.7508,6,292,-0.104250
719,28.000,瞬时请求候选,0x285,8,1,2,1,不一致,0.5015,6,292,-0.104250
720,28.000,瞬时请求候选,0x285,8,1,4,1,1,0.5015,6,584,-0.154350
721,28.000,瞬时请求候选,0x285,8,1,6,1,1,0.7508,6,292,-0.154350
722,28.000,瞬时请求候选,0x285,8,1,7,0,0,0.7508,6,292,-0.104250
723,28.000,瞬时请求候选,0x285,8,2,0,1,1,0.5015,6,292,-0.104250
724,28.000,瞬时请求候选,0x285,8,2,1,1,1,0.5015,6,292,-0.154350
725,28.000,瞬时请求候选,0x285,8,2,2,1,不一致,0.5015,6,584,-0.154350
726,28.000,瞬时请求候选,0x285,8,2,4,0,0,0.7477,6,292,-0.154350
727,28.000,瞬时请求候选,0x285,8,2,5,0,0,0.7508,6,292,-0.154350
728,28.000,瞬时请求候选,0x285,8,2,6,0,0,0.7508,6,292,-0.154350
729,28.000,瞬时请求候选,0x285,8,2,7,1,1,0.5015,6,292,-0.154350
730,28.000,瞬时请求候选,0x285,8,3,0,1,1,0.5015,6,292,-0.104250
731,28.000,瞬时请求候选,0x285,8,3,1,0,0,0.7477,6,292,-0.154350
732,28.000,瞬时请求候选,0x285,8,3,2,0,0,0.7477,6,292,-0.154350
733,28.000,瞬时请求候选,0x285,8,3,3,0,0,0.7508,6,292,-0.053850
734,28.000,瞬时请求候选,0x285,8,3,6,1,1,0.5015,6,292,-0.154350
735,28.000,瞬时请求候选,0x285,8,4,0,1,1,0.7508,6,292,-0.104250
736,28.000,瞬时请求候选,0x285,8,4,1,0,0,0.7477,6,292,-0.154350
737,28.000,瞬时请求候选,0x285,8,4,2,1,不一致,0.5015,6,584,-0.154350
738,28.000,瞬时请求候选,0x285,8,4,3,1,1,0.5015,6,292,-0.104250
739,28.000,瞬时请求候选,0x285,8,4,4,0,0,0.7508,6,292,-0.053850
740,28.000,瞬时请求候选,0x285,8,4,7,1,1,0.5015,6,292,-0.154350
741,28.000,瞬时请求候选,0x285,8,6,1,0,0,0.7508,6,292,-0.104250
742,28.000,瞬时请求候选,0x285,8,6,2,0,0,0.7508,6,292,-0.104250
743,28.000,瞬时请求候选,0x285,8,6,3,1,不一致,0.5015,6,292,-0.154350
744,28.000,瞬时请求候选,0x285,8,6,4,0,0,0.7508,6,292,-0.104250
745,28.000,瞬时请求候选,0x285,8,6,6,0,0,0.7508,6,292,-0.104250
746,28.000,瞬时请求候选,0x285,8,6,7,0,0,0.7508,6,292,-0.104250
747,28.000,瞬时请求候选,0x289,8,3,7,0,0,0.6100,6,489,-0.181950
748,28.000,瞬时请求候选,0x289,8,4,0,0,0,0.6075,6,418,-0.081950
749,28.000,瞬时请求候选,0x289,8,4,1,0,0,0.8000,6,293,0.018700
750,28.000,瞬时请求候选,0x289,8,4,3,0,0,0.6000,6,389,-0.181950
751,28.000,瞬时请求候选,0x289,8,4,4,0,0,0.6000,6,414,-0.181950
752,28.000,瞬时请求候选,0x289,8,4,5,0,0,0.8000,6,263,-0.181300
753,28.000,瞬时请求候选,0x2B3,8,0,0,0,0,0.5285,6,1164,-0.214800
754,28.000,瞬时请求候选,0x2B3,8,0,1,0,0,0.5315,6,582,-0.174900
755,28.000,瞬时请求候选,0x2B3,8,0,4,0,0,0.9429,6,144,0.025200
756,28.000,瞬时请求候选,0x2B3,8,0,5,0,0,0.7988,6,352,-0.184350
757,28.000,瞬时请求候选,0x2B3,8,0,6,0,0,0.9024,6,246,-0.064700
758,28.000,瞬时请求候选,0x2B3,8,0,7,0,0,0.8889,6,254,-0.073250
759,28.000,瞬时请求候选,0x2B3,8,1,0,0,0,0.6637,6,698,-0.164650
760,28.000,瞬时请求候选,0x2B3,8,1,1,0,0,0.6562,6,546,-0.203700
761,28.000,瞬时请求候选,0x2B3,8,1,2,不一致,不一致,0.5285,6,436,-0.142500
762,28.000,瞬时请求候选,0x2B3,8,1,3,0,0,0.6126,6,542,-0.085300
763,28.000,瞬时请求候选,0x2B3,8,1,4,0,0,0.6036,6,532,-0.193250
764,28.000,瞬时请求候选,0x2B3,8,1,5,0,0,0.7658,6,434,-0.004300
765,28.000,瞬时请求候选,0x2B3,8,1,6,0,0,0.5931,6,582,-0.213800
766,28.000,瞬时请求候选,0x2B3,8,1,7,0,0,0.7613,6,435,-0.093650
767,28.000,瞬时请求候选,0x2B3,8,2,0,0,0,0.8198,6,438,-0.073550
768,28.000,瞬时请求候选,0x2B3,8,2,1,0,0,0.7282,6,436,-0.024950
769,28.000,瞬时请求候选,0x2B3,8,2,2,0,0,0.6307,6,621,-0.124700
770,28.000,瞬时请求候选,0x2B3,8,2,3,0,0,0.5826,6,435,-0.094150
771,28.000,瞬时请求候选,0x2B3,8,2,4,0,0,0.7613,6,434,0.055750
772,28.000,瞬时请求候选,0x2B3,8,2,5,0,0,0.7613,6,435,-0.143550
773,28.000,瞬时请求候选,0x2B3,8,2,6,0,0,0.7072,6,289,-0.064400
774,28.000,瞬时请求候选,0x2B3,8,2,7,0,0,0.5255,6,728,-0.213800
775,28.000,瞬时请求候选,0x2B3,8,3,0,0,0,0.7328,6,580,-0.154300
776,28.000,瞬时请求候选,0x2B3,8,3,1,0,0,0.7568,6,595,-0.193750
777,28.000,瞬时请求候选,0x2B3,8,3,2,不一致,不一致,0.5255,6,581,-0.082600
778,28.000,瞬时请求候选,0x2B3,8,3,3,0,0,0.6307,6,782,-0.203200
779,28.000,瞬时请求候选,0x2B3,8,3,4,1,1,0.7373,6,588,-0.124350
780,28.000,瞬时请求候选,0x2B3,8,3,5,0,0,0.5886,6,729,-0.172600
781,28.000,瞬时请求候选,0x2B3,8,3,6,1,1,0.5240,6,583,-0.113450
782,28.000,瞬时请求候选,0x2B3,8,3,7,0,0,0.6472,6,583,-0.153750
783,28.000,瞬时请求候选,0x2B3,8,4,0,0,0,0.5752,6,676,-0.154750
784,28.000,瞬时请求候选,0x2B3,8,4,1,0,0,0.5946,6,717,-0.193750
785,28.000,瞬时请求候选,0x2B3,8,4,2,不一致,0,0.5676,6,823,-0.193750
786,28.000,瞬时请求候选,0x2B3,8,4,3,0,0,0.6623,6,726,-0.193750
787,28.000,瞬时请求候选,0x2B3,8,4,4,不一致,1,0.5240,6,680,-0.193750
788,28.000,瞬时请求候选,0x2B3,8,4,5,1,1,0.5480,6,671,-0.114850
789,28.000,瞬时请求候选,0x2B3,8,4,6,0,0,0.5570,6,863,-0.203200
790,28.000,瞬时请求候选,0x2B3,8,4,7,0,0,0.6442,6,729,-0.142500
791,28.000,瞬时请求候选,0x2B3,8,5,0,0,0,0.7448,6,582,-0.203200
792,28.000,瞬时请求候选,0x2B3,8,5,1,0,0,0.6743,6,340,-0.133700
793,28.000,瞬时请求候选,0x2B3,8,5,2,0,0,0.6908,6,583,-0.154250
794,28.000,瞬时请求候选,0x2B3,8,5,3,0,0,0.6277,6,584,-0.153750
795,28.000,瞬时请求候选,0x2B3,8,5,4,0,0,0.8708,6,266,-0.213800
796,28.000,瞬时请求候选,0x2B3,8,5,5,0,0,0.8903,6,274,-0.163250
797,28.000,瞬时请求候选,0x2B3,8,5,6,0,0,0.8198,6,293,0.006400
798,28.000,瞬时请求候选,0x2B3,8,5,7,0,0,0.6426,6,581,-0.094150
799,28.000,瞬时请求候选,0x2B3,8,6,0,0,0,0.6276,6,471,-0.164150
800,28.000,瞬时请求候选,0x2B3,8,6,1,0,0,0.5841,6,438,-0.082900
801,28.000,瞬时请求候选,0x2B3,8,6,2,0,0,0.8799,6,293,-0.013850
802,28.000,瞬时请求候选,0x2B3,8,6,3,0,0,0.7628,6,439,-0.134100
803,28.000,瞬时请求候选,0x2B3,8,6,4,0,0,0.7628,6,439,-0.163250
804,28.000,瞬时请求候选,0x2B3,8,6,5,0,0,0.7027,6,584,-0.144850
805,28.000,瞬时请求候选,0x2B3,8,6,6,0,0,0.8799,6,293,-0.064750
806,28.000,瞬时请求候选,0x2B3,8,6,7,0,0,0.7042,6,581,-0.124350
807,28.000,瞬时请求候选,0x2B3,8,7,1,0,0,0.6441,6,437,-0.193750
808,28.000,瞬时请求候选,0x2B3,8,7,2,0,0,0.6441,6,289,-0.073550
809,28.000,瞬时请求候选,0x2B3,8,7,3,0,0,0.7643,6,291,-0.013850
810,28.000,瞬时请求候选,0x2B3,8,7,4,0,0,0.8243,6,434,-0.034800
811,28.000,瞬时请求候选,0x2B3,8,7,5,0,0,0.7658,6,437,-0.193750
812,28.000,瞬时请求候选,0x2B3,8,7,6,0,0,0.9399,6,146,0.286150
813,28.000,瞬时请求候选,0x2B3,8,7,7,0,0,0.5841,6,582,-0.173600
814,28.000,瞬时请求候选,0x2B4,6,0,0,1,1,0.5400,6,372,-0.054700
815,28.000,瞬时请求候选,0x2B4,6,0,1,1,1,0.5900,6,321,-0.154050
816,28.000,瞬时请求候选,0x2B4,6,0,2,1,1,0.7500,6,268,-0.054550
817,28.000,瞬时请求候选,0x2B4,6,0,3,0,0,0.7500,6,264,-0.054550
818,28.000,瞬时请求候选,0x2B4,6,2,0,1,1,0.5825,6,347,-0.155100
819,28.000,瞬时请求候选,0x2B4,6,4,0,不一致,0,0.5575,6,363,-0.054650
820,28.000,瞬时请求候选,0x2B4,6,4,1,1,1,0.5675,6,355,-0.154450
821,28.000,瞬时请求候选,0x2B4,6,4,2,不一致,不一致,0.5275,6,412,-0.105250
822,28.000,瞬时请求候选,0x2B4,6,4,3,0,0,0.8075,6,251,-0.055500
823,28.000,瞬时请求候选,0x2B4,6,4,4,1,1,0.8875,6,182,-0.004500
824,28.000,瞬时请求候选,0x2C1,8,0,0,0,0,0.6000,6,2967,-0.241050
825,28.000,瞬时请求候选,0x2C1,8,0,1,0,0,0.6000,6,1483,-0.241050
826,28.000,瞬时请求候选,0x2C1,8,0,2,0,0,0.8000,6,1478,-0.241050
827,28.000,瞬时请求候选,0x2C1,8,0,3,0,0,0.8000,6,1479,-0.221650
828,28.000,瞬时请求候选,0x2C1,8,0,4,0,0,0.8000,6,1479,-0.221650
829,28.000,瞬时请求候选,0x2C1,8,0,5,0,0,0.8000,6,1484,-0.201400
830,28.000,瞬时请求候选,0x2C1,8,0,6,0,0,0.8000,6,1479,-0.221650
831,28.000,瞬时请求候选,0x2C1,8,1,0,1,1,0.6000,6,1479,-0.241050
832,28.000,瞬时请求候选,0x2C1,8,1,1,0,0,0.6000,6,2967,-0.241050
833,28.000,瞬时请求候选,0x2C1,8,1,2,1,1,0.6000,6,2962,-0.241050
834,28.000,瞬时请求候选,0x2C1,8,1,3,0,0,0.6000,6,1484,-0.201400
835,28.000,瞬时请求候选,0x2C1,8,1,4,0,0,0.6000,6,2967,-0.241050
836,28.000,瞬时请求候选,0x2C1,8,1,5,0,0,0.8000,6,1479,-0.221650
837,28.000,瞬时请求候选,0x2C1,8,2,0,0,0,0.6000,6,2967,-0.241050
838,28.000,瞬时请求候选,0x2C1,8,2,1,1,1,0.6000,6,2962,-0.241050
839,28.000,瞬时请求候选,0x2C1,8,2,2,1,1,0.6000,6,1483,-0.221650
840,28.000,瞬时请求候选,0x2C1,8,2,3,0,0,0.6000,6,1483,-0.221650
841,28.000,瞬时请求候选,0x2C1,8,2,4,1,1,0.6000,6,1484,-0.201400
842,28.000,瞬时请求候选,0x2C1,8,2,5,0,0,0.8000,6,1479,-0.221650
843,28.000,瞬时请求候选,0x2C1,8,2,6,0,0,0.8000,6,1479,-0.221650
844,28.000,瞬时请求候选,0x2C1,8,3,0,0,0,0.8000,6,1488,-0.181450
845,28.000,瞬时请求候选,0x2C1,8,3,1,0,0,0.6000,6,2962,-0.241050
846,28.000,瞬时请求候选,0x2C1,8,3,2,0,0,0.6000,6,2966,-0.241050
847,28.000,瞬时请求候选,0x2C1,8,3,3,0,0,0.6000,6,2962,-0.241050
848,28.000,瞬时请求候选,0x2C1,8,4,0,0,0,0.8000,6,1478,-0.241050
849,28.000,瞬时请求候选,0x2C1,8,4,1,0,0,0.8000,6,1484,-0.201400
850,28.000,瞬时请求候选,0x2C1,8,4,2,0,0,0.8000,6,1478,-0.241050
851,28.000,瞬时请求候选,0x2C1,8,4,3,0,0,0.8000,6,1478,-0.241050
852,28.000,瞬时请求候选,0x2C1,8,5,0,0,0,0.8000,6,1478,-0.241050
853,28.000,瞬时请求候选,0x2C1,8,5,1,0,0,0.8000,6,1479,-0.221650
854,28.000,瞬时请求候选,0x2C1,8,5,3,0,0,0.8000,6,1479,-0.221650
855,28.000,瞬时请求候选,0x2C1,8,5,4,0,0,0.6000,6,2966,-0.241050
856,28.000,瞬时请求候选,0x2C1,8,5,6,0,0,0.8000,6,1488,-0.181450
857,28.000,瞬时请求候选,0x2C1,8,5,7,0,0,0.6000,6,2967,-0.221650
858,28.000,瞬时请求候选,0x2C1,8,6,1,0,0,0.6000,6,2967,-0.221650
859,28.000,瞬时请求候选,0x2C1,8,6,3,0,0,0.8000,6,1478,-0.241050
860,28.000,瞬时请求候选,0x2C1,8,6,4,0,0,0.8000,6,1488,-0.181450
861,28.000,瞬时请求候选,0x2C1,8,6,7,0,0,0.8000,6,1488,-0.181450
862,28.000,瞬时请求候选,0x2C1,8,7,0,0,0,0.6000,6,2967,-0.221650
863,28.000,瞬时请求候选,0x2C1,8,7,1,0,0,0.8000,6,1479,-0.221650
864,28.000,瞬时请求候选,0x2C1,8,7,2,0,0,0.8000,6,1479,-0.221650
865,28.000,瞬时请求候选,0x2C1,8,7,4,0,0,0.8000,6,1478,-0.241050
866,28.000,瞬时请求候选,0x2C1,8,7,6,0,0,0.6000,6,2967,-0.221650
867,28.000,瞬时请求候选,0x2C1,8,7,7,0,0,0.8000,6,1488,-0.181450
868,28.000,瞬时请求候选,0x2C3,8,2,5,不一致,1,0.5100,6,699,-0.154200
869,28.000,瞬时请求候选,0x2C3,8,6,1,1,1,0.5000,6,741,-0.154200
870,28.000,瞬时请求候选,0x2C3,8,6,4,1,不一致,0.6000,6,613,-0.154200
871,28.000,瞬时请求候选,0x2C3,8,6,6,不一致,1,0.8000,6,288,-0.153700
872,28.000,瞬时请求候选,0x2C3,8,6,7,1,不一致,0.6000,6,611,-0.154200
873,28.000,瞬时请求候选,0x2C3,8,7,1,1,1,0.5000,6,744,-0.154200
874,28.000,瞬时请求候选,0x2C3,8,7,2,1,1,0.6000,6,614,-0.154200
875,28.000,瞬时请求候选,0x2C3,8,7,5,1,1,0.6000,6,617,-0.154200
876,28.000,瞬时请求候选,0x2C4,8,0,0,1,1,0.5250,6,708,-0.156350
877,28.000,瞬时请求候选,0x2C4,8,0,2,不一致,0,0.5175,6,213,-0.056700
878,28.000,瞬时请求候选,0x2C4,8,0,3,0,0,0.6750,6,141,0.142700
879,28.000,瞬时请求候选,0x2C4,8,0,5,0,0,0.8100,6,263,0.544350
880,28.000,瞬时请求候选,0x2C4,8,0,6,0,0,0.8175,6,214,-0.006650
881,28.000,瞬时请求候选,0x2C4,8,1,0,0,0,0.7425,6,282,0.092900
882,28.000,瞬时请求候选,0x2C4,8,1,1,0,0,0.7675,6,333,-0.155700
883,28.000,瞬时请求候选,0x2C4,8,1,2,0,0,0.8575,6,143,-0.006800
884,28.000,瞬时请求候选,0x2C4,8,1,3,0,0,0.8050,6,285,-0.105650
885,28.000,瞬时请求候选,0x2C4,8,1,4,0,0,0.7150,6,283,-0.055850
886,28.000,瞬时请求候选,0x2C4,8,1,5,0,0,0.7625,6,282,-0.055650
887,28.000,瞬时请求候选,0x2C4,8,1,6,0,0,0.7550,6,364,-0.056750
888,28.000,瞬时请求候选,0x2C4,8,1,7,0,0,0.7075,6,214,-0.056200
889,28.000,瞬时请求候选,0x2C4,8,2,0,0,0,0.7800,6,283,-0.055800
890,28.000,瞬时请求候选,0x2C4,8,2,1,0,0,0.8500,6,206,0.144300
891,28.000,瞬时请求候选,0x2C4,8,2,2,0,0,0.8025,6,269,0.094750
892,28.000,瞬时请求候选,0x2C4,8,2,3,0,0,0.8050,6,280,0.144300
893,28.000,瞬时请求候选,0x2C4,8,2,4,0,0,0.8475,6,197,0.094750
894,28.000,瞬时请求候选,0x2C4,8,2,5,0,0,0.7825,6,176,-0.005800
895,28.000,瞬时请求候选,0x2C4,8,2,7,0,0,0.7850,6,184,0.043750
896,28.000,瞬时请求候选,0x2C4,8,3,1,0,不一致,0.5400,6,254,-0.056650
897,28.000,瞬时请求候选,0x2C4,8,3,2,0,0,0.7500,6,280,-0.056300
898,28.000,瞬时请求候选,0x2C4,8,3,3,0,0,0.8500,6,174,0.044200
899,28.000,瞬时请求候选,0x2C4,8,3,4,0,0,0.7750,6,139,0.244350
900,28.000,瞬时请求候选,0x2C4,8,3,5,0,0,0.8550,6,144,0.043300
901,28.000,瞬时请求候选,0x2C4,8,3,6,0,0,0.7625,6,141,0.194150
902,28.000,瞬时请求候选,0x2C4,8,3,7,0,0,0.5750,6,284,-0.056750
903,28.000,瞬时请求候选,0x2C4,8,4,0,0,0,0.6800,6,284,-0.006300
904,28.000,瞬时请求候选,0x2C4,8,4,1,0,0,0.8450,6,245,0.093300
905,28.000,瞬时请求候选,0x2C4,8,4,2,0,0,0.8050,6,214,-0.055750
906,28.000,瞬时请求候选,0x2C4,8,4,3,0,0,0.6725,6,214,-0.055850
907,28.000,瞬时请求候选,0x2C4,8,4,5,0,0,0.8425,6,213,-0.056150
908,28.000,瞬时请求候选,0x2C4,8,4,6,0,0,0.8325,6,257,0.343700
909,28.000,瞬时请求候选,0x2C4,8,4,7,0,0,0.7850,6,169,0.343700
910,28.000,瞬时请求候选,0x2C4,8,5,0,0,0,0.8850,6,161,-0.154700
911,28.000,瞬时请求候选,0x2C4,8,5,1,0,0,0.8750,6,165,0.693650
912,28.000,瞬时请求候选,0x2C4,8,5,2,0,0,0.7375,6,337,-0.104750
913,28.000,瞬时请求候选,0x2C4,8,5,3,0,0,0.7375,6,281,-0.154700
914,28.000,瞬时请求候选,0x2C4,8,5,4,0,0,0.7450,6,291,-0.005700
915,28.000,瞬时请求候选,0x2C4,8,5,5,0,0,0.8225,6,266,-0.056250
916,28.000,瞬时请求候选,0x2C4,8,5,6,0,0,0.7125,6,222,-0.006700
917,28.000,瞬时请求候选,0x2C4,8,5,7,0,0,0.9375,6,102,0.244100
918,28.000,瞬时请求候选,0x2C4,8,6,0,0,0,0.5525,6,412,-0.156350
919,28.000,瞬时请求候选,0x2C4,8,6,1,0,0,0.8050,6,267,-0.106300
920,28.000,瞬时请求候选,0x2C4,8,6,2,0,0,0.7775,6,267,-0.104750
921,28.000,瞬时请求候选,0x2C4,8,6,3,0,0,0.8950,6,145,-0.005250
922,28.000,瞬时请求候选,0x2C4,8,6,4,0,0,0.8775,6,139,0.043300
923,28.000,瞬时请求候选,0x2C4,8,6,5,0,0,0.6750,6,297,-0.105200
924,28.000,瞬时请求候选,0x2C4,8,6,6,0,0,0.8175,6,240,-0.005250
925,28.000,瞬时请求候选,0x2C4,8,6,7,0,0,0.7825,6,260,-0.105700
926,28.000,瞬时请求候选,0x2C4,8,7,0,0,0,0.7825,6,214,-0.104750
927,28.000,瞬时请求候选,0x2C4,8,7,1,0,0,0.8800,6,169,0.644250
928,28.000,瞬时请求候选,0x2C4,8,7,3,0,0,0.8625,6,140,0.644250
929,28.000,瞬时请求候选,0x2C4,8,7,5,0,0,0.9075,6,140,0.744300
930,28.000,瞬时请求候选,0x2E1,8,0,1,0,0,0.6667,6,1543,-0.237400
931,28.000,瞬时请求候选,0x2E1,8,0,2,0,0,0.6671,6,1545,-0.213450
932,28.000,瞬时请求候选,0x2E1,8,0,3,0,0,0.6663,6,3089,-0.237400
933,28.000,瞬时请求候选,0x2E1,8,0,4,0,0,0.6671,6,3091,-0.232650
934,28.000,瞬时请求候选,0x2E1,8,0,5,0,0,0.6663,6,3089,-0.237400
935,28.000,瞬时请求候选,0x2E1,8,0,6,0,0,0.6671,6,3090,-0.229500
936,28.000,瞬时请求候选,0x2E1,8,0,7,0,0,0.8335,6,1544,-0.222150
937,28.000,瞬时请求候选,0x2E1,8,1,0,0,0,0.6671,6,3091,-0.232650
938,28.000,瞬时请求候选,0x2E1,8,1,1,0,0,0.8327,6,1545,-0.234750
939,28.000,瞬时请求候选,0x2E1,8,1,2,0,0,0.8331,6,1543,-0.226750
940,28.000,瞬时请求候选,0x2E1,8,1,4,0,0,0.8335,6,1544,-0.222150
941,28.000,瞬时请求候选,0x2E1,8,1,6,0,0,0.6659,6,1546,-0.222150
942,28.000,瞬时请求候选,0x2E1,8,2,0,0,0,0.7431,6,1543,-0.237400
943,28.000,瞬时请求候选,0x2E1,8,2,1,0,0,0.7603,6,1543,-0.237400
944,28.000,瞬时请求候选,0x2E1,8,2,2,1,1,0.6038,6,1546,-0.213450
945,28.000,瞬时请求候选,0x2E1,8,2,3,0,0,0.6695,6,1543,-0.237400
946,28.000,瞬时请求候选,0x2E1,8,2,4,0,0,0.8319,6,1543,-0.226750
947,28.000,瞬时请求候选,0x2E1,8,2,5,0,0,0.6667,6,1543,-0.237400
948,28.000,瞬时请求候选,0x2E1,8,2,7,0,0,0.8335,6,1544,-0.222150
949,28.000,瞬时请求候选,0x2E1,8,3,0,0,0,0.8335,6,1544,-0.222150
950,28.000,瞬时请求候选,0x2E1,8,3,1,0,0,0.6659,6,1546,-0.222150
951,28.000,瞬时请求候选,0x2E1,8,3,2,0,0,0.8327,6,1545,-0.234750
952,28.000,瞬时请求候选,0x2E1,8,3,3,0,0,0.8335,6,1544,-0.222150
953,28.000,瞬时请求候选,0x2E1,8,3,4,0,0,0.8708,6,1186,-0.222150
954,28.000,瞬时请求候选,0x2E1,8,3,5,0,0,0.7971,6,1837,-0.237400
955,28.000,瞬时请求候选,0x2E1,8,3,7,0,0,0.6323,6,3091,-0.237950
956,28.000,瞬时请求候选,0x2E1,8,4,0,0,0,0.7987,6,1796,-0.237400
957,28.000,瞬时请求候选,0x2E1,8,4,1,0,0,0.6323,6,1795,-0.237400
958,28.000,瞬时请求候选,0x2E1,8,4,2,1,1,0.6331,6,3093,-0.220800
959,28.000,瞬时请求候选,0x2E1,8,4,3,1,1,0.8335,6,1547,-0.197000
960,28.000,瞬时请求候选,0x2E1,8,4,4,1,1,0.6671,6,1545,-0.213450
961,28.000,瞬时请求候选,0x2E1,8,4,5,0,0,0.8331,6,1543,-0.226750
962,28.000,瞬时请求候选,0x2E1,8,4,6,0,0,0.8335,6,1545,-0.213450
963,28.000,瞬时请求候选,0x2E1,8,4,7,0,0,0.8335,6,1544,-0.222150
964,28.000,瞬时请求候选,0x2E1,8,5,0,0,0,0.7387,6,2460,-0.214100
965,28.000,瞬时请求候选,0x2E1,8,5,1,0,0,0.7599,6,1542,-0.237400
966,28.000,瞬时请求候选,0x2E1,8,5,2,0,0,0.5942,6,2433,-0.240550
967,28.000,瞬时请求候选,0x2E1,8,5,3,1,1,0.5502,6,3092,-0.229500
968,28.000,瞬时请求候选,0x2E1,8,5,4,0,0,0.6167,6,3089,-0.237950
969,28.000,瞬时请求候选,0x2E1,8,5,5,0,0,0.5498,6,4181,-0.240550
970,28.000,瞬时请求候选,0x2E1,8,5,6,1,1,0.6663,6,1544,-0.233300
971,28.000,瞬时请求候选,0x2E1,8,5,7,0,0,0.6671,6,3090,-0.229500
972,28.000,瞬时请求候选,0x2E1,8,6,0,0,0,0.8335,6,1544,-0.222150
973,28.000,瞬时请求候选,0x2E1,8,6,1,0,0,0.8335,6,1545,-0.213450
974,28.000,瞬时请求候选,0x2E1,8,6,2,0,0,0.6671,6,1545,-0.213450
975,28.000,瞬时请求候选,0x2E1,8,6,3,0,0,0.6671,6,3090,-0.229500
976,28.000,瞬时请求候选,0x2E1,8,6,5,0,0,0.6671,6,3092,-0.226100
977,28.000,瞬时请求候选,0x2E1,8,6,7,0,0,0.8335,6,1546,-0.197600
978,28.000,瞬时请求候选,0x2E1,8,7,1,0,0,0.8335,6,1546,-0.197600
979,28.000,瞬时请求候选,0x2E1,8,7,3,0,0,0.6671,6,1547,-0.212800
980,28.000,瞬时请求候选,0x2E1,8,7,5,0,0,0.8335,6,1546,-0.197600
981,28.000,瞬时请求候选,0x2E1,8,7,6,0,0,0.8335,6,1546,-0.197600
982,28.000,瞬时请求候选,0x2E2,8,0,0,0,0,0.5700,6,209,-0.244250
983,28.000,瞬时请求候选,0x2E2,8,0,1,0,0,0.5700,6,208,-0.045550
984,28.000,瞬时请求候选,0x2E2,8,0,3,0,0,0.8650,6,104,0.355650
985,28.000,瞬时请求候选,0x2E2,8,0,4,0,0,0.6600,6,199,-0.045350
986,28.000,瞬时请求候选,0x2E2,8,0,5,0,0,0.8550,6,103,0.155550
987,28.000,瞬时请求候选,0x2E2,8,0,6,0,0,0.7150,6,208,-0.243750
988,28.000,瞬时请求候选,0x2E2,8,0,7,0,0,0.8600,6,103,0.155550
989,28.000,瞬时请求候选,0x2E2,8,1,0,0,0,0.7150,6,208,-0.243750
990,28.000,瞬时请求候选,0x2E2,8,1,1,0,0,0.7250,6,105,0.155550
991,28.000,瞬时请求候选,0x2E2,8,1,2,0,0,0.8650,6,104,0.355650
992,28.000,瞬时请求候选,0x2E2,8,1,3,0,0,0.7200,6,209,-0.243750
993,28.000,瞬时请求候选,0x2E2,8,1,4,0,0,0.8600,6,103,0.155550
994,28.000,瞬时请求候选,0x2E2,8,1,5,0,0,0.7200,6,209,-0.243750
995,28.000,瞬时请求候选,0x2E2,8,2,2,0,0,0.7850,6,150,-0.243750
996,28.000,瞬时请求候选,0x2E2,8,2,3,0,0,0.7850,6,150,-0.243750
997,28.000,瞬时请求候选,0x2E2,8,2,5,0,0,0.8550,6,105,-0.043750
998,28.000,瞬时请求候选,0x2E2,8,2,6,0,0,0.8600,6,103,0.155550
999,28.000,瞬时请求候选,0x2E2,8,3,1,不一致,1,0.5250,6,254,-0.244900
1000,28.000,瞬时请求候选,0x2E2,8,3,2,0,0,0.5800,6,196,-0.045550
1001,28.000,瞬时请求候选,0x2E2,8,3,3,0,0,0.5900,6,208,-0.244900
1002,28.000,瞬时请求候选,0x2E2,8,3,4,1,1,0.8450,6,104,0.355650
1003,28.000,瞬时请求候选,0x2E2,8,3,6,1,1,0.7450,6,105,0.155550
1004,28.000,瞬时请求候选,0x2E2,8,4,0,0,0,0.7150,6,208,-0.243750
1005,28.000,瞬时请求候选,0x2E2,8,4,1,1,1,0.5800,6,210,-0.144400
1006,28.000,瞬时请求候选,0x2E2,8,4,3,0,0,0.7150,6,208,-0.243750
1007,28.000,瞬时请求候选,0x2E2,8,4,5,0,0,0.8600,6,103,0.155550
1008,28.000,瞬时请求候选,0x2E2,8,4,6,0,0,0.7150,6,208,-0.243750
1009,28.000,瞬时请求候选,0x2E2,8,5,0,1,1,0.7250,6,105,0.155550
1010,28.000,瞬时请求候选,0x2E2,8,5,1,1,1,0.7200,6,209,-0.243750
1011,28.000,瞬时请求候选,0x2E2,8,5,2,0,0,0.8600,6,103,0.155550
1012,28.000,瞬时请求候选,0x2E2,8,5,3,1,1,0.7250,6,105,0.155550
1013,28.000,瞬时请求候选,0x2E2,8,5,4,1,1,0.6850,6,104,0.155800
1014,28.000,瞬时请求候选,0x2E2,8,5,5,0,0,0.7450,6,179,-0.144400
1015,28.000,瞬时请求候选,0x2E2,8,5,6,0,0,0.7550,6,175,-0.144400
1016,28.000,瞬时请求候选,0x2E2,8,5,7,0,0,0.7450,6,179,-0.144400
1017,28.000,瞬时请求候选,0x2E2,8,6,0,0,0,0.8250,6,134,-0.243750
1018,28.000,瞬时请求候选,0x2E2,8,6,1,0,0,0.8600,6,103,0.155550
1019,28.000,瞬时请求候选,0x2E2,8,6,4,0,0,0.8600,6,103,0.155550
1020,28.000,瞬时请求候选,0x2E2,8,6,5,0,0,0.8550,6,105,-0.043750
1021,28.000,瞬时请求候选,0x2E2,8,7,2,0,0,0.7150,6,208,-0.243750
1022,28.000,瞬时请求候选,0x2E2,8,7,3,0,0,0.8550,6,105,-0.043750
1023,28.000,瞬时请求候选,0x2E2,8,7,4,0,0,0.8600,6,103,0.155550
1024,28.000,瞬时请求候选,0x2E2,8,7,6,0,0,0.7200,6,208,-0.044900
1025,28.000,瞬时请求候选,0x2E3,7,0,0,0,0,0.6600,6,245,-0.245850
1026,28.000,瞬时请求候选,0x2E3,7,0,1,1,1,0.5100,6,245,-0.245850
1027,28.000,瞬时请求候选,0x2E3,7,0,3,0,0,0.8350,6,121,0.052650
1028,28.000,瞬时请求候选,0x2E3,7,0,4,0,0,0.5400,6,240,-0.146500
1029,28.000,瞬时请求候选,0x2E3,7,0,5,0,0,0.6400,6,213,-0.245350
1030,28.000,瞬时请求候选,0x2E3,7,0,6,0,0,0.7700,6,120,-0.146150
1031,28.000,瞬时请求候选,0x2E3,7,0,7,0,0,0.6450,6,243,-0.245850
1032,28.000,瞬时请求候选,0x2E3,7,1,0,0,0,0.7850,6,120,-0.146150
1033,28.000,瞬时请求候选,0x2E3,7,1,1,不一致,0,0.5200,6,244,-0.146500
1034,28.000,瞬时请求候选,0x2E3,7,1,4,0,0,0.6400,6,245,-0.245850
1035,28.000,瞬时请求候选,0x2E3,7,1,6,0,0,0.7550,6,153,-0.047000
1036,28.000,瞬时请求候选,0x2E3,7,1,7,0,0,0.6700,6,169,-0.047750
1037,28.000,瞬时请求候选,0x2E3,7,2,0,0,0,0.7000,6,169,-0.047750
1038,28.000,瞬时请求候选,0x2E3,7,2,1,0,0,0.6150,6,197,-0.245850
1039,28.000,瞬时请求候选,0x2E3,7,2,2,0,0,0.8000,6,122,-0.146150
1040,28.000,瞬时请求候选,0x2E3,7,2,3,0,0,0.7000,6,121,-0.045400
1041,28.000,瞬时请求候选,0x2E3,7,2,5,0,0,0.7900,6,155,0.153000
1042,28.000,瞬时请求候选,0x2E3,7,2,6,0,0,0.6400,6,245,-0.245850
1043,28.000,瞬时请求候选,0x2E3,7,3,1,0,不一致,0.5900,6,235,-0.244900
1044,28.000,瞬时请求候选,0x2E3,7,3,2,0,0,0.6700,6,233,-0.245350
1045,28.000,瞬时请求候选,0x2E3,7,3,3,不一致,1,0.5150,6,244,-0.244900
1046,28.000,瞬时请求候选,0x2E3,7,3,4,不一致,1,0.5150,6,244,-0.244900
1047,28.000,瞬时请求候选,0x2E3,7,3,5,0,0,0.8200,6,130,-0.146150
1048,28.000,瞬时请求候选,0x2E3,7,3,6,0,0,0.6750,6,122,-0.045400
1049,28.000,瞬时请求候选,0x2E3,7,4,0,0,0,0.8250,6,122,-0.146150
1050,28.000,瞬时请求候选,0x2E3,7,4,1,0,0,0.6750,6,122,-0.045400
1051,28.000,瞬时请求候选,0x2E3,7,4,2,0,0,0.8500,6,108,0.453450
1052,28.000,瞬时请求候选,0x2E3,7,4,3,0,0,0.7150,6,211,-0.245850
1053,28.000,瞬时请求候选,0x2E3,7,4,4,0,0,0.6900,6,222,-0.245850
1054,28.000,瞬时请求候选,0x2E3,7,5,0,0,0,0.6250,6,153,-0.047000
1055,28.000,瞬时请求候选,0x2E3,7,5,1,1,1,0.5400,6,152,-0.045900
1056,28.000,瞬时请求候选,0x2E3,7,5,2,0,0,0.8100,6,143,0.153000
1057,28.000,瞬时请求候选,0x2E3,7,5,3,0,0,0.6750,6,122,-0.045400
1058,28.000,瞬时请求候选,0x2E3,7,5,7,0,0,0.8500,6,106,-0.146150
1059,28.000,瞬时请求候选,0x2E3,7,6,1,0,0,0.8500,6,107,0.053350
1060,28.000,瞬时请求候选,0x2E3,7,6,2,0,0,0.8500,6,106,-0.146150
1061,28.000,瞬时请求候选,0x2E3,7,6,6,0,0,0.8400,6,121,0.054450
1062,28.000,瞬时请求候选,0x2F1,8,0,0,0,0,0.5300,6,704,-0.175700
1063,28.000,瞬时请求候选,0x2F1,8,0,1,0,0,0.5275,6,394,-0.075650
1064,28.000,瞬时请求候选,0x2F1,8,0,2,0,0,0.5850,6,156,-0.074650
1065,28.000,瞬时请求候选,0x2F1,8,0,5,0,0,0.8375,6,235,0.174350
1066,28.000,瞬时请求候选,0x2F1,8,1,0,1,1,0.6200,6,216,-0.124800
1067,28.000,瞬时请求候选,0x2F1,8,1,3,0,0,0.8600,6,174,0.424750
1068,28.000,瞬时请求候选,0x2F1,8,1,4,1,1,0.5550,6,181,0.073250
1069,28.000,瞬时请求候选,0x2F1,8,1,5,0,0,0.8850,6,170,0.174350
1070,28.000,瞬时请求候选,0x2F1,8,1,6,0,0,0.8925,6,157,0.324350
1071,28.000,瞬时请求候选,0x2F1,8,1,7,0,0,0.7650,6,295,-0.125300
1072,28.000,瞬时请求候选,0x2F1,8,2,0,0,0,0.7150,6,332,-0.174700
1073,28.000,瞬时请求候选,0x2F1,8,2,1,0,0,0.7375,6,191,0.123900
1074,28.000,瞬时请求候选,0x2F1,8,2,2,0,0,0.8250,6,221,0.223900
1075,28.000,瞬时请求候选,0x2F1,8,2,3,0,0,0.5900,6,166,0.074300
1076,28.000,瞬时请求候选,0x2F1,8,2,5,0,0,0.6025,6,123,0.074300
1077,28.000,瞬时请求候选,0x2F1,8,3,0,1,1,0.5250,6,234,0.024350
1078,28.000,瞬时请求候选,0x2F1,8,3,1,0,0,0.8400,6,157,0.424750
1079,28.000,瞬时请求候选,0x2F1,8,3,3,0,0,0.7450,6,315,0.074350
1080,28.000,瞬时请求候选,0x2F1,8,3,4,0,0,0.8950,6,158,0.224750
1081,28.000,瞬时请求候选,0x2F1,8,3,6,0,0,0.8150,6,199,0.173450
1082,28.000,瞬时请求候选,0x2F1,8,3,7,0,0,0.6450,6,366,-0.125250
1083,28.000,瞬时请求候选,0x2F1,8,4,0,0,0,0.7250,6,149,0.075350
1084,28.000,瞬时请求候选,0x2F1,8,4,2,不一致,0,0.5275,6,236,-0.025700
1085,28.000,瞬时请求候选,0x2F1,8,4,3,0,0,0.9000,6,155,0.024300
1086,28.000,瞬时请求候选,0x2F1,8,4,4,0,0,0.8375,6,154,-0.076250
1087,28.000,瞬时请求候选,0x2F1,8,4,6,0,0,0.7300,6,155,-0.075200
1088,28.000,瞬时请求候选,0x2F1,8,5,0,0,0,0.8725,6,157,0.524800
1089,28.000,瞬时请求候选,0x2F1,8,5,1,0,0,0.9275,6,116,0.524800
1090,28.000,瞬时请求候选,0x2F1,8,5,4,0,0,0.8650,6,173,0.225800
1091,28.000,瞬时请求候选,0x2F1,8,5,5,0,0,0.8825,6,170,0.223450
1092,28.000,瞬时请求候选,0x2F1,8,5,6,0,0,0.8475,6,189,0.173450
1093,28.000,瞬时请求候选,0x2F1,8,5,7,0,0,0.8125,6,236,0.274300
1094,28.000,瞬时请求候选,0x2F1,8,6,0,0,0,0.6725,6,273,0.024350
1095,28.000,瞬时请求候选,0x2F1,8,6,1,0,0,0.8200,6,158,0.324350
1096,28.000,瞬时请求候选,0x2F1,8,6,3,0,0,0.8150,6,234,0.474800
1097,28.000,瞬时请求候选,0x2F9,8,3,4,0,0,0.6700,6,244,-0.245100
1098,28.000,瞬时请求候选,0x2F9,8,3,5,0,0,0.6650,6,244,-0.146800
1099,28.000,瞬时请求候选,0x2F9,8,4,0,0,0,0.6650,6,494,-0.246050
1100,28.000,瞬时请求候选,0x2F9,8,4,1,0,0,0.8300,6,249,0.052650
1101,28.000,瞬时请求候选,0x2F9,8,4,2,0,0,0.8300,6,249,0.052650
1102,28.000,瞬时请求候选,0x2F9,8,4,3,0,0,0.8300,6,249,0.052650
1103,28.000,瞬时请求候选,0x2F9,8,4,4,0,0,0.8300,6,249,0.052650
1104,28.000,瞬时请求候选,0x2F9,8,4,5,0,0,0.6650,6,494,-0.246050
1105,28.000,瞬时请求候选,0x2F9,8,4,6,0,0,0.8300,6,249,0.052650
1106,28.000,瞬时请求候选,0x2F9,8,4,7,0,0,0.6650,6,494,-0.246050
1107,28.000,瞬时请求候选,0x2F9,8,5,0,0,0,0.8300,6,249,0.052650
1108,28.000,瞬时请求候选,0x2F9,8,5,1,0,0,0.6650,6,494,-0.246050
1109,28.000,瞬时请求候选,0x2F9,8,5,2,0,0,0.6650,6,494,-0.246050
1110,28.000,瞬时请求候选,0x2F9,8,5,3,0,0,0.6650,6,494,-0.246050
1111,28.000,瞬时请求候选,0x2F9,8,5,4,0,0,0.8300,6,249,0.052650
1112,28.000,瞬时请求候选,0x2F9,8,5,5,0,0,0.6650,6,494,-0.246050
1113,28.000,瞬时请求候选,0x2F9,8,5,6,0,0,0.6650,6,494,-0.246050
1114,28.000,瞬时请求候选,0x2F9,8,5,7,0,0,0.6650,6,494,-0.246050
1115,28.000,瞬时请求候选,0x2F9,8,6,0,0,0,0.6650,6,494,-0.246050
1116,28.000,瞬时请求候选,0x2F9,8,6,1,0,0,0.6650,6,494,-0.246050
1117,28.000,瞬时请求候选,0x2F9,8,6,2,0,0,0.6650,6,494,-0.246050
1118,28.000,瞬时请求候选,0x2F9,8,6,3,0,0,0.6650,6,494,-0.246050
1119,28.000,瞬时请求候选,0x2F9,8,6,4,0,0,0.8300,6,249,0.052650
1120,28.000,瞬时请求候选,0x2F9,8,6,5,0,0,0.6650,6,494,-0.246050
1121,28.000,瞬时请求候选,0x2F9,8,6,6,0,0,0.6650,6,494,-0.246050
1122,28.000,瞬时请求候选,0x2F9,8,6,7,0,0,0.8300,6,249,0.052650
1123,28.000,瞬时请求候选,0x2F9,8,7,0,0,0,0.6650,6,494,-0.246050
1124,28.000,瞬时请求候选,0x2F9,8,7,1,0,0,0.8300,6,249,0.052650
1125,28.000,瞬时请求候选,0x2F9,8,7,2,0,0,0.8300,6,249,0.052650
1126,28.000,瞬时请求候选,0x2F9,8,7,3,0,0,0.6650,6,494,-0.246050
1127,28.000,瞬时请求候选,0x2F9,8,7,4,0,0,0.8300,6,249,0.052650
1128,28.000,瞬时请求候选,0x2F9,8,7,5,0,0,0.8300,6,249,0.052650
1129,28.000,瞬时请求候选,0x2F9,8,7,6,0,0,0.6650,6,494,-0.246050
1130,28.000,瞬时请求候选,0x2F9,8,7,7,0,0,0.6650,6,494,-0.246050
1131,28.000,瞬时请求候选,0x318,8,7,1,1,1,0.5000,6,699,-0.207800
1132,28.000,瞬时请求候选,0x318,8,7,2,1,1,0.5000,6,386,-0.107750
1133,28.000,瞬时请求候选,0x31E,8,0,0,1,1,0.5000,6,294,-0.194700
1134,28.000,瞬时请求候选,0x31E,8,0,1,1,1,0.5000,6,149,0.510800
1135,28.000,瞬时请求候选,0x320,8,0,0,0,0,0.6000,6,291,-0.228400
1136,28.000,瞬时请求候选,0x320,8,0,1,0,0,0.6000,6,146,-0.028350
1137,28.000,瞬时请求候选,0x320,8,0,2,0,0,0.8000,6,151,0.371650
1138,28.000,瞬时请求候选,0x320,8,0,7,0,0,0.8000,6,145,-0.228400
1139,28.000,瞬时请求候选,0x320,8,3,3,0,0,0.8000,6,140,-0.228400
1140,28.000,瞬时请求候选,0x340,8,0,2,0,0,0.6600,6,123,-0.096800
1141,28.000,瞬时请求候选,0x340,8,0,3,0,0,0.6750,6,124,-0.096800
1142,28.000,瞬时请求候选,0x340,8,1,0,0,0,0.9150,6,124,0.301900
1143,28.000,瞬时请求候选,0x340,8,1,2,0,0,0.9175,6,123,0.301750
1144,28.000,瞬时请求候选,0x340,8,1,6,0,0,0.9175,6,125,0.203200
1145,28.000,瞬时请求候选,0x343,8,2,2,1,1,0.7250,6,286,0.014750
1146,28.000,瞬时请求候选,0x343,8,2,3,1,1,0.6700,6,326,-0.034400
1147,28.000,瞬时请求候选,0x343,8,2,4,1,1,0.6675,6,326,-0.034400
1148,28.000,瞬时请求候选,0x343,8,2,5,0,0,0.6675,6,326,-0.034400
1149,28.000,瞬时请求候选,0x343,8,3,4,0,0,0.7050,6,308,-0.083400
1150,28.000,瞬时请求候选,0x343,8,3,5,0,0,0.7925,6,256,0.015200
1151,28.000,瞬时请求候选,0x343,8,3,6,1,1,0.6225,6,338,-0.183900
1152,28.000,瞬时请求候选,0x343,8,3,7,0,0,0.8525,6,174,-0.083400
1153,28.000,瞬时请求候选,0x343,8,4,0,1,1,0.8800,6,140,-0.083400
1154,28.000,瞬时请求候选,0x359,8,0,0,0,0,0.5750,6,630,-0.174650
1155,28.000,瞬时请求候选,0x359,8,0,1,0,0,0.5325,6,344,-0.173300
1156,28.000,瞬时请求候选,0x359,8,0,2,0,0,0.5400,6,229,-0.024450
1157,28.000,瞬时请求候选,0x359,8,0,3,1,1,0.6525,6,169,-0.024450
1158,28.000,瞬时请求候选,0x359,8,0,7,0,0,0.8125,6,287,0.075450
1159,28.000,瞬时请求候选,0x359,8,1,0,0,0,0.7350,6,287,0.025300
1160,28.000,瞬时请求候选,0x359,8,1,1,0,0,0.6975,6,344,0.025300
1161,28.000,瞬时请求候选,0x359,8,1,2,0,0,0.6200,6,514,-0.174150
1162,28.000,瞬时请求候选,0x359,8,1,3,0,0,0.7325,6,287,0.025350
1163,28.000,瞬时请求候选,0x359,8,1,4,0,0,0.6950,6,287,0.024150
1164,28.000,瞬时请求候选,0x359,8,1,5,0,0,0.7325,6,287,0.025350
1165,28.000,瞬时请求候选,0x359,8,1,6,0,0,0.8825,6,116,0.326550
1166,28.000,瞬时请求候选,0x359,8,2,0,0,0,0.8450,6,116,0.326550
1167,28.000,瞬时请求候选,0x359,8,2,4,0,0,0.8475,6,174,0.174850
1168,28.000,瞬时请求候选,0x359,8,2,6,0,0,0.8075,6,174,0.126550
1169,28.000,瞬时请求候选,0x359,8,2,7,0,0,0.8850,6,178,0.726450
1170,28.000,瞬时请求候选,0x359,8,3,0,0,0,0.8075,6,174,0.126550
1171,28.000,瞬时请求候选,0x359,8,3,1,0,0,0.9225,6,116,0.424850
1172,28.000,瞬时请求候选,0x359,8,3,3,0,0,0.9225,6,116,0.424850
1173,28.000,瞬时请求候选,0x359,8,3,4,0,0,0.9250,6,118,0.726450
1174,28.000,瞬时请求候选,0x359,8,3,7,0,0,0.9225,6,116,0.326550
1175,28.000,瞬时请求候选,0x359,8,4,0,0,0,0.6850,6,401,-0.073950
1176,28.000,瞬时请求候选,0x359,8,4,1,0,0,0.8050,6,233,0.126050
1177,28.000,瞬时请求候选,0x359,8,4,2,0,0,0.7250,6,343,0.024150
1178,28.000,瞬时请求候选,0x359,8,4,3,0,0,0.7625,6,289,0.075450
1179,28.000,瞬时请求候选,0x359,8,4,4,0,0,0.8375,6,232,0.125350
1180,28.000,瞬时请求候选,0x359,8,4,5,0,0,0.7675,6,283,-0.123450
1181,28.000,瞬时请求候选,0x359,8,4,6,0,0,0.6875,6,286,-0.025350
1182,28.000,瞬时请求候选,0x359,8,4,7,0,0,0.7300,6,404,-0.073450
1183,28.000,瞬时请求候选,0x359,8,5,0,0,0,0.8400,6,174,0.026550
1184,28.000,瞬时请求候选,0x359,8,5,1,0,0,0.8475,6,227,-0.123450
1185,28.000,瞬时请求候选,0x359,8,5,2,0,0,0.7675,6,286,-0.172800
1186,28.000,瞬时请求候选,0x359,8,5,3,0,0,0.8075,6,173,0.126550
1187,28.000,瞬时请求候选,0x359,8,5,4,0,0,0.8450,6,229,0.026000
1188,28.000,瞬时请求候选,0x359,8,5,5,0,0,0.7700,6,343,-0.172800
1189,28.000,瞬时请求候选,0x359,8,5,6,0,0,0.8450,6,230,-0.073950
1190,28.000,瞬时请求候选,0x359,8,5,7,0,0,0.7675,6,286,-0.123450
1191,28.000,瞬时请求候选,0x359,8,6,0,0,0,0.8450,6,227,-0.172800
1192,28.000,瞬时请求候选,0x359,8,6,1,0,0,0.6900,6,400,-0.172800
1193,28.000,瞬时请求候选,0x359,8,6,2,0,0,0.8100,6,285,-0.123450
1194,28.000,瞬时请求候选,0x359,8,6,3,0,0,0.8050,6,230,0.125350
1195,28.000,瞬时请求候选,0x359,8,6,4,0,0,0.8425,6,173,0.325950
1196,28.000,瞬时请求候选,0x359,8,6,5,0,0,0.7675,6,343,-0.172800
1197,28.000,瞬时请求候选,0x359,8,6,6,0,0,0.8425,6,174,0.125350
1198,28.000,瞬时请求候选,0x359,8,6,7,0,0,0.8825,6,172,0.074850
1199,28.000,瞬时请求候选,0x359,8,7,0,0,0,0.8050,6,228,-0.172800
1200,28.000,瞬时请求候选,0x359,8,7,1,0,0,0.6900,6,402,0.026000
1201,28.000,瞬时请求候选,0x359,8,7,2,0,0,0.7300,6,286,0.074300
1202,28.000,瞬时请求候选,0x359,8,7,3,0,0,0.8100,6,284,0.026050
1203,28.000,瞬时请求候选,0x359,8,7,4,0,0,0.8850,6,173,0.177000
1204,28.000,瞬时请求候选,0x359,8,7,5,0,0,0.8850,6,174,0.176000
1205,28.000,瞬时请求候选,0x359,8,7,6,0,0,0.9225,6,115,0.324700
1206,28.000,瞬时请求候选,0x359,8,7,7,0,0,0.7650,6,285,-0.073950
1207,28.000,瞬时请求候选,0x360,8,0,0,0,0,0.5475,6,672,-0.222300
1208,28.000,瞬时请求候选,0x360,8,0,1,0,0,0.5450,6,404,-0.124400
1209,28.000,瞬时请求候选,0x360,8,0,2,0,0,0.6375,6,135,0.125500
1210,28.000,瞬时请求候选,0x360,8,0,3,0,0,0.7275,6,133,-0.073900
1211,28.000,瞬时请求候选,0x360,8,6,2,0,0,0.9075,6,134,0.177250
1212,28.000,瞬时请求候选,0x372,8,0,0,0,0,0.5333,6,1031,-0.248450
1213,28.000,瞬时请求候选,0x372,8,1,0,0,0,0.7433,6,396,0.171500
1214,28.000,瞬时请求候选,0x372,8,1,1,0,0,0.6567,6,549,-0.247900
1215,28.000,瞬时请求候选,0x372,8,1,2,0,0,0.7667,6,448,-0.188450
1216,28.000,瞬时请求候选,0x372,8,1,3,0,0,0.7533,6,435,-0.247700
1217,28.000,瞬时请求候选,0x372,8,1,4,0,0,0.8183,6,392,0.231850
1218,28.000,瞬时请求候选,0x372,8,1,5,0,0,0.7683,6,226,0.231850
1219,28.000,瞬时请求候选,0x372,8,1,6,0,0,0.7717,6,352,-0.128450
1220,28.000,瞬时请求候选,0x372,8,1,7,0,0,0.7400,6,297,-0.248450
1221,28.000,瞬时请求候选,0x372,8,2,0,0,0,0.6000,6,582,-0.248450
1222,28.000,瞬时请求候选,0x372,8,2,1,0,0,0.6667,6,432,-0.248450
1223,28.000,瞬时请求候选,0x372,8,2,2,0,0,0.8000,6,302,0.231850
1224,28.000,瞬时请求候选,0x372,8,2,3,0,0,0.6667,6,432,-0.248450
1225,28.000,瞬时请求候选,0x372,8,2,4,0,0,0.7333,6,442,-0.128450
1226,28.000,瞬时请求候选,0x372,8,2,5,0,0,0.8000,6,292,-0.128450
1227,28.000,瞬时请求候选,0x372,8,2,6,0,0,0.6667,6,429,-0.247700
1228,28.000,瞬时请求候选,0x372,8,2,7,0,0,0.7983,6,434,-0.247700
1229,28.000,瞬时请求候选,0x372,8,3,0,0,0,0.7817,6,458,-0.247700
1230,28.000,瞬时请求候选,0x372,8,3,1,0,0,0.7767,6,471,-0.248450
1231,28.000,瞬时请求候选,0x372,8,3,2,0,0,0.6150,6,670,-0.128450
1232,28.000,瞬时请求候选,0x372,8,3,3,0,0,0.6383,6,588,-0.248450
1233,28.000,瞬时请求候选,0x372,8,3,4,0,0,0.6217,6,539,-0.188050
1234,28.000,瞬时请求候选,0x372,8,3,5,0,0,0.8000,6,297,-0.248450
1235,28.000,瞬时请求候选,0x372,8,3,6,0,0,0.8667,6,292,-0.248450
1236,28.000,瞬时请求候选,0x372,8,3,7,0,0,0.9333,6,150,0.572450
1237,28.000,瞬时请求候选,0x372,8,4,0,0,0,0.8667,6,292,-0.068450
1238,28.000,瞬时请求候选,0x372,8,4,1,0,0,0.7333,6,443,-0.068450
1239,28.000,瞬时请求候选,0x372,8,4,2,0,0,0.8000,6,443,-0.068450
1240,28.000,瞬时请求候选,0x372,8,4,3,0,0,0.9333,6,152,0.292000
1241,28.000,瞬时请求候选,0x372,8,4,4,0,0,0.8800,6,238,-0.068450
1242,28.000,瞬时请求候选,0x372,8,4,6,0,0,0.8967,6,150,0.602050
1243,28.000,瞬时请求候选,0x372,8,4,7,0,0,0.8950,6,247,-0.248450
1244,28.000,瞬时请求候选,0x372,8,5,0,0,0,0.6217,6,588,-0.188050
1245,28.000,瞬时请求候选,0x372,8,5,1,0,0,0.9117,6,182,-0.068450
1246,28.000,瞬时请求候选,0x372,8,5,2,0,0,0.8667,6,303,0.231850
1247,28.000,瞬时请求候选,0x372,8,5,3,0,0,0.8667,6,303,0.112100
1248,28.000,瞬时请求候选,0x372,8,5,4,0,0,0.8000,6,303,0.112100
1249,28.000,瞬时请求候选,0x372,8,5,5,0,0,0.7333,6,595,-0.068450
1250,28.000,瞬时请求候选,0x372,8,5,6,0,0,0.7333,6,455,0.112100
1251,28.000,瞬时请求候选,0x372,8,5,7,0,0,0.8667,6,292,-0.068450
1252,28.000,瞬时请求候选,0x372,8,6,0,0,0,0.8383,6,360,-0.068450
1253,28.000,瞬时请求候选,0x372,8,6,1,0,0,0.6933,6,664,-0.188050
1254,28.000,瞬时请求候选,0x372,8,6,2,0,0,0.6750,6,659,-0.068650
1255,28.000,瞬时请求候选,0x372,8,6,3,0,0,0.6650,6,642,-0.248450
1256,28.000,瞬时请求候选,0x372,8,6,4,0,0,0.7250,6,529,-0.188300
1257,28.000,瞬时请求候选,0x372,8,6,5,0,0,0.6483,6,623,-0.188050
1258,28.000,瞬时请求候选,0x372,8,6,6,0,0,0.6600,6,742,-0.188050
1259,28.000,瞬时请求候选,0x372,8,6,7,0,0,0.8067,6,416,-0.247700
1260,28.000,瞬时请求候选,0x372,8,7,0,0,0,0.8567,6,146,-0.247700
1261,28.000,瞬时请求候选,0x372,8,7,1,0,0,0.8733,6,286,0.171850
1262,28.000,瞬时请求候选,0x372,8,7,3,0,0,0.8667,6,297,-0.248450
1263,28.000,瞬时请求候选,0x372,8,7,4,0,0,0.8667,6,285,-0.248450
1264,28.000,瞬时请求候选,0x372,8,7,5,0,0,0.9333,6,150,0.572450
1265,28.000,瞬时请求候选,0x372,8,7,6,0,0,0.9333,6,145,-0.248450
1266,28.000,瞬时请求候选,0x372,8,7,7,0,0,0.8667,6,304,0.171850
1267,28.000,瞬时请求候选,0x379,8,0,2,0,0,0.6725,6,123,0.005300
1268,28.000,瞬时请求候选,0x379,8,0,3,0,0,0.6600,6,125,0.205000
1269,28.000,瞬时请求候选,0x379,8,1,6,0,0,0.8800,6,183,-0.094700
1270,28.000,瞬时请求候选,0x379,8,1,7,0,0,0.8800,6,185,-0.094700
1271,28.000,瞬时请求候选,0x379,8,2,0,0,0,0.7400,6,281,-0.144700
1272,28.000,瞬时请求候选,0x379,8,2,1,0,0,0.5800,6,272,-0.145250
1273,28.000,瞬时请求候选,0x379,8,2,2,0,0,0.7325,6,214,-0.046150
1274,28.000,瞬时请求候选,0x379,8,2,3,不一致,不一致,0.5300,6,238,-0.044550
1275,28.000,瞬时请求候选,0x379,8,2,5,0,0,0.8300,6,120,0.155300
1276,28.000,瞬时请求候选,0x379,8,2,6,0,0,0.8625,6,148,0.105300
1277,28.000,瞬时请求候选,0x379,8,2,7,0,0,0.8000,6,139,0.354850
1278,28.000,瞬时请求候选,0x379,8,3,0,0,0,0.8075,6,167,0.155300
1279,28.000,瞬时请求候选,0x379,8,3,1,0,0,0.9000,6,106,0.353850
1280,28.000,瞬时请求候选,0x379,8,3,2,0,0,0.8725,6,122,0.253800
1281,28.000,瞬时请求候选,0x379,8,3,3,1,1,0.5425,6,241,-0.094550
1282,28.000,瞬时请求候选,0x379,8,3,4,0,0,0.8025,6,216,0.154350
1283,28.000,瞬时请求候选,0x379,8,3,5,0,0,0.8775,6,129,0.303800
1284,28.000,瞬时请求候选,0x379,8,3,6,0,0,0.5400,6,198,0.055000
1285,28.000,瞬时请求候选,0x379,8,3,7,0,0,0.8675,6,111,0.253750
1286,28.000,瞬时请求候选,0x379,8,4,0,0,0,0.5850,6,245,0.005300
1287,28.000,瞬时请求候选,0x379,8,4,1,0,1,0.5200,6,248,0.005450
1288,28.000,瞬时请求候选,0x379,8,4,4,1,1,0.6575,6,125,0.205000
1289,28.000,瞬时请求候选,0x379,8,4,5,0,0,0.6675,6,122,0.005300
1290,28.000,瞬时请求候选,0x379,8,4,6,0,0,0.6725,6,123,0.005300
1291,28.000,瞬时请求候选,0x379,8,4,7,0,0,0.9175,6,126,0.305300
1292,28.000,瞬时请求候选,0x379,8,5,0,0,0,0.6675,6,122,0.005300
1293,28.000,瞬时请求候选,0x379,8,5,1,0,0,0.6675,6,122,0.005300
1294,28.000,瞬时请求候选,0x379,8,5,2,1,1,0.5775,6,125,0.155000
1295,28.000,瞬时请求候选,0x379,8,5,3,0,1,0.5125,6,246,-0.145250
1296,28.000,瞬时请求候选,0x379,8,5,4,0,0,0.6675,6,122,0.005300
1297,28.000,瞬时请求候选,0x379,8,5,5,0,0,0.6350,6,174,-0.094550
1298,28.000,瞬时请求候选,0x379,8,5,7,0,0,0.5850,6,248,-0.094550
1299,28.000,瞬时请求候选,0x379,8,6,0,1,1,0.6175,6,247,-0.094550
1300,28.000,瞬时请求候选,0x379,8,6,2,0,0,0.5300,6,246,-0.096700
1301,28.000,瞬时请求候选,0x379,8,6,3,0,0,0.7475,6,125,0.155000
1302,28.000,瞬时请求候选,0x379,8,6,4,0,0,0.8300,6,250,0.105000
1303,28.000,瞬时请求候选,0x379,8,6,5,0,0,0.6675,6,122,0.005300
1304,28.000,瞬时请求候选,0x379,8,7,0,0,0,0.7475,6,125,0.155000
1305,28.000,瞬时请求候选,0x379,8,7,1,0,0,0.5800,6,125,0.155000
1306,28.000,瞬时请求候选,0x379,8,7,2,0,0,0.9175,6,126,0.305300
1307,28.000,瞬时请求候选,0x379,8,7,3,0,0,0.9125,6,124,0.404000
1308,28.000,瞬时请求候选,0x37A,8,1,0,1,1,0.7100,6,378,-0.180050
1309,28.000,瞬时请求候选,0x37A,8,1,2,1,1,0.7500,6,371,-0.180050
1310,28.000,瞬时请求候选,0x37A,8,1,3,1,1,0.7500,6,371,-0.180050
1311,28.000,瞬时请求候选,0x37A,8,1,5,0,0,0.7500,6,371,-0.180050
1312,28.000,瞬时请求候选,0x37A,8,1,6,0,0,0.7500,6,371,-0.180050
1313,28.000,瞬时请求候选,0x37A,8,1,7,0,0,0.7500,6,371,-0.180050
1314,28.000,瞬时请求候选,0x37A,8,2,0,0,0,0.7500,6,371,-0.180050
1315,28.000,瞬时请求候选,0x381,8,0,0,0,0,0.5185,6,1983,-0.232700
1316,28.000,瞬时请求候选,0x381,8,0,2,0,0,0.5545,6,454,-0.232700
1317,28.000,瞬时请求候选,0x381,8,0,3,0,0,0.6004,6,305,-0.101100
1318,28.000,瞬时请求候选,0x381,8,0,4,0,0,0.5931,6,153,0.105050
1319,28.000,瞬时请求候选,0x381,8,0,5,0,0,0.8002,6,772,-0.083350
1320,28.000,瞬时请求候选,0x381,8,0,6,0,0,0.7183,6,1156,-0.167150
1321,28.000,瞬时请求候选,0x381,8,0,7,0,0,0.7804,6,764,-0.146950
1322,28.000,瞬时请求候选,0x381,8,1,0,0,0,0.7795,6,613,-0.232700
1323,28.000,瞬时请求候选,0x381,8,1,1,0,0,0.5851,6,1068,-0.232700
1324,28.000,瞬时请求候选,0x381,8,1,2,0,0,0.9181,6,346,0.121050
1325,28.000,瞬时请求候选,0x381,8,1,3,0,0,0.9154,6,346,-0.008050
1326,28.000,瞬时请求候选,0x381,8,1,4,0,0,0.6760,6,762,-0.226200
1327,28.000,瞬时请求候选,0x381,8,1,5,0,0,0.7075,6,897,-0.232700
1328,28.000,瞬时请求候选,0x381,8,1,6,0,0,0.7417,6,917,-0.217650
1329,28.000,瞬时请求候选,0x381,8,1,7,0,0,0.7408,6,768,-0.090100
1330,28.000,瞬时请求候选,0x381,8,2,0,0,0,0.6283,6,762,-0.188050
1331,28.000,瞬时请求候选,0x381,8,2,1,0,0,0.6652,6,766,-0.209700
1332,28.000,瞬时请求候选,0x381,8,2,2,0,0,0.7030,6,916,-0.232700
1333,28.000,瞬时请求候选,0x381,8,2,3,0,0,0.8506,6,613,-0.210900
1334,28.000,瞬时请求候选,0x381,8,2,4,0,0,0.7030,6,766,-0.209700
1335,28.000,瞬时请求候选,0x381,8,2,5,0,0,0.6670,6,1067,-0.232700
1336,28.000,瞬时请求候选,0x381,8,2,6,0,0,0.7021,6,1071,-0.217650
1337,28.000,瞬时请求候选,0x381,8,2,7,0,0,0.7777,6,617,-0.062150
1338,28.000,瞬时请求候选,0x381,8,3,0,0,0,0.6679,6,915,-0.188050
1339,28.000,瞬时请求候选,0x381,8,3,1,0,0,0.6265,6,1222,-0.232700
1340,28.000,瞬时请求候选,0x381,8,3,2,0,0,0.6265,6,1069,-0.196200
1341,28.000,瞬时请求候选,0x381,8,3,3,0,0,0.7777,6,761,-0.209700
1342,28.000,瞬时请求候选,0x381,8,3,4,0,0,0.5536,6,1065,-0.232700
1343,28.000,瞬时请求候选,0x381,8,3,5,0,0,0.7048,6,1072,-0.217650
1344,28.000,瞬时请求候选,0x381,8,3,6,0,0,0.6688,6,919,-0.217650
1345,28.000,瞬时请求候选,0x381,8,3,7,0,0,0.7030,6,922,-0.098050
1346,28.000,瞬时请求候选,0x381,8,4,0,0,0,0.6661,6,920,-0.232700
1347,28.000,瞬时请求候选,0x381,8,4,1,0,0,0.8110,6,609,-0.232700
1348,28.000,瞬时请求候选,0x381,8,4,2,0,0,0.8866,6,459,-0.061950
1349,28.000,瞬时请求候选,0x381,8,4,3,0,0,0.7768,6,765,-0.173450
1350,28.000,瞬时请求候选,0x381,8,4,4,0,0,0.7768,6,762,-0.188050
1351,28.000,瞬时请求候选,0x381,8,4,5,0,0,0.8506,6,608,-0.164700
1352,28.000,瞬时请求候选,0x381,8,4,6,0,0,0.9244,6,304,-0.137300
1353,28.000,瞬时请求候选,0x381,8,4,7,0,0,0.8191,6,463,-0.080050
1354,28.000,瞬时请求候选,0x381,8,5,0,0,0,0.8875,6,308,0.063950
1355,28.000,瞬时请求候选,0x381,8,5,1,0,0,0.8533,6,618,-0.062000
1356,28.000,瞬时请求候选,0x381,8,5,2,0,0,0.6661,6,1223,-0.232700
1357,28.000,瞬时请求候选,0x381,8,5,3,0,0,0.8785,6,507,-0.226200
1358,28.000,瞬时请求候选,0x381,8,5,4,0,0,0.7453,6,478,-0.098050
1359,28.000,瞬时请求候选,0x381,8,5,5,0,0,0.7732,6,793,-0.179700
1360,28.000,瞬时请求候选,0x381,8,5,6,0,0,0.8155,6,763,-0.160700
1361,28.000,瞬时请求候选,0x381,8,5,7,0,0,0.8695,6,463,-0.072000
1362,28.000,瞬时请求候选,0x381,8,6,0,0,0,0.7795,6,613,-0.232700
1363,28.000,瞬时请求候选,0x381,8,6,1,0,0,0.7795,6,769,-0.232700
1364,28.000,瞬时请求候选,0x381,8,6,2,0,0,0.8155,6,611,-0.179700
1365,28.000,瞬时请求候选,0x381,8,6,3,0,0,0.7786,6,766,-0.209700
1366,28.000,瞬时请求候选,0x381,8,6,4,0,0,0.7795,6,613,-0.232700
1367,28.000,瞬时请求候选,0x381,8,6,5,0,0,0.8560,6,611,-0.074550
1368,28.000,瞬时请求候选,0x381,8,6,6,0,0,0.8155,6,610,-0.160700
1369,28.000,瞬时请求候选,0x381,8,6,7,0,0,0.8128,6,459,-0.080050
1370,28.000,瞬时请求候选,0x381,8,7,0,0,0,0.8119,6,607,-0.205750
1371,28.000,瞬时请求候选,0x381,8,7,1,0,0,0.7786,6,610,-0.092950
1372,28.000,瞬时请求候选,0x381,8,7,2,0,0,0.7057,6,762,-0.129000
1373,28.000,瞬时请求候选,0x381,8,7,3,0,0,0.7723,6,606,-0.196200
1374,28.000,瞬时请求候选,0x381,8,7,4,0,0,0.8506,6,457,0.015250
1375,28.000,瞬时请求候选,0x381,8,7,5,0,0,0.7723,6,606,-0.232700
1376,28.000,瞬时请求候选,0x381,8,7,6,0,0,0.8110,6,606,-0.232700
1377,28.000,瞬时请求候选,0x381,8,7,7,0,0,0.8866,6,302,0.015250
1378,28.000,瞬时请求候选,0x38A,8,0,0,1,1,0.6650,6,494,-0.167000
1379,28.000,瞬时请求候选,0x38A,8,0,1,0,0,0.6650,6,495,-0.165950
1380,28.000,瞬时请求候选,0x393,8,2,0,1,1,0.5050,6,711,-0.202450
1381,28.000,瞬时请求候选,0x393,8,3,3,0,0,0.5975,6,617,-0.202450
1382,28.000,瞬时请求候选,0x39A,8,0,5,1,1,0.5625,6,602,-0.160700
1383,28.000,瞬时请求候选,0x39A,8,4,2,1,1,0.6725,6,465,-0.110800
1384,28.000,瞬时请求候选,0x39A,8,4,4,1,1,0.5175,6,691,-0.160700
1385,28.000,瞬时请求候选,0x39A,8,5,5,不一致,1,0.5075,6,699,-0.160700
1386,28.000,瞬时请求候选,0x39A,8,6,2,0,0,0.8425,6,294,0.538850
1387,28.000,瞬时请求候选,0x39A,8,6,4,0,不一致,0.6325,6,512,-0.160700
1388,28.000,瞬时请求候选,0x39A,8,7,0,不一致,1,0.5050,6,727,-0.160700
1389,28.000,瞬时请求候选,0x3A1,8,3,1,1,1,0.7850,6,652,-0.208150
1390,28.000,瞬时请求候选,0x3A1,8,3,2,0,0,0.7888,6,642,-0.110150
1391,28.000,瞬时请求候选,0x3A1,8,3,3,1,1,0.7325,6,802,-0.209100
1392,28.000,瞬时请求候选,0x3A1,8,3,4,0,0,0.7200,6,840,-0.207700
1393,28.000,瞬时请求候选,0x3A1,8,3,5,0,0,0.5300,6,1384,-0.209100
1394,28.000,瞬时请求候选,0x3A1,8,5,2,0,0,0.6725,6,1002,-0.110650
1395,28.000,瞬时请求候选,0x3A1,8,7,1,0,0,0.7850,6,652,-0.208150
1396,28.000,瞬时请求候选,0x3A1,8,7,2,0,0,0.6112,6,710,-0.208250
1397,28.000,瞬时请求候选,0x3A1,8,7,3,不一致,0,0.5675,6,799,-0.183800
1398,28.000,瞬时请求候选,0x3A1,8,7,4,1,1,0.6362,6,679,-0.208650
1399,28.000,瞬时请求候选,0x3A1,8,7,5,1,1,0.5112,6,739,-0.209100
1400,28.000,瞬时请求候选,0x3A1,8,7,6,不一致,1,0.5075,6,374,-0.110100
1401,28.000,瞬时请求候选,0x3A1,8,7,7,不一致,不一致,0.5112,6,1291,-0.209100
1402,28.000,瞬时请求候选,0x3A2,8,0,0,0,0,0.6656,6,1496,-0.238300
1403,28.000,瞬时请求候选,0x3A2,8,0,1,0,0,0.6680,6,1498,-0.236000
1404,28.000,瞬时请求候选,0x3A2,8,0,5,不一致,不一致,0.6417,6,1498,-0.221900
1405,28.000,瞬时请求候选,0x3A2,8,0,6,0,0,0.6680,6,1474,-0.236000
1406,28.000,瞬时请求候选,0x3A2,8,0,7,0,0,0.6664,6,1498,-0.214050
1407,28.000,瞬时请求候选,0x3A2,8,1,0,1,1,0.6656,6,1496,-0.238300
1408,28.000,瞬时请求候选,0x3A2,8,1,1,0,0,0.6680,6,1498,-0.236000
1409,28.000,瞬时请求候选,0x3A2,8,1,2,1,1,0.6656,6,1496,-0.238300
1410,28.000,瞬时请求候选,0x3A2,8,1,4,0,0,0.6722,6,1464,-0.238300
1411,28.000,瞬时请求候选,0x3A2,8,1,5,0,0,0.6614,6,1498,-0.236000
1412,28.000,瞬时请求候选,0x3A2,8,1,6,0,0,0.9637,6,151,0.588050
1413,28.000,瞬时请求候选,0x3A2,8,1,7,0,0,0.6664,6,1498,-0.214050
1414,28.000,瞬时请求候选,0x3A2,8,2,1,0,0,0.6664,6,1498,-0.214050
1415,28.000,瞬时请求候选,0x3A2,8,2,4,0,0,0.6664,6,1498,-0.214050
1416,28.000,瞬时请求候选,0x3A2,8,2,5,1,1,0.6680,6,1498,-0.236000
1417,28.000,瞬时请求候选,0x3A2,8,2,6,0,0,0.6664,6,1498,-0.214050
1418,28.000,瞬时请求候选,0x3A2,8,3,1,0,0,0.8885,6,509,-0.164450
1419,28.000,瞬时请求候选,0x3A2,8,3,3,0,0,0.7151,6,1328,-0.213400
1420,28.000,瞬时请求候选,0x3A2,8,3,4,0,0,0.6664,6,1498,-0.214050
1421,28.000,瞬时请求候选,0x3A2,8,3,5,0,0,0.6664,6,1498,-0.214050
1422,28.000,瞬时请求候选,0x3A2,8,3,6,0,0,0.6664,6,1498,-0.214050
1423,28.000,瞬时请求候选,0x3A2,8,3,7,0,0,0.6664,6,1498,-0.214050
1424,28.000,瞬时请求候选,0x3A2,8,4,0,0,0,0.7382,6,1188,-0.238300
1425,28.000,瞬时请求候选,0x3A2,8,4,1,0,0,0.8505,6,678,-0.179000
1426,28.000,瞬时请求候选,0x3A2,8,4,2,1,不一致,0.5120,6,1497,-0.220300
1427,28.000,瞬时请求候选,0x3A2,8,4,3,0,0,0.8390,6,717,-0.205450
1428,28.000,瞬时请求候选,0x3A2,8,4,5,0,0,0.6672,6,1498,-0.236000
1429,28.000,瞬时请求候选,0x3A2,8,5,4,0,0,0.6656,6,1496,-0.238300
1430,28.000,瞬时请求候选,0x3A2,8,5,5,0,0,0.6656,6,1496,-0.238300
1431,28.000,瞬时请求候选,0x3A2,8,5,6,0,0,0.6656,6,1496,-0.238300
1432,28.000,瞬时请求候选,0x3A2,8,5,7,0,0,0.6631,6,1496,-0.238300
1433,28.000,瞬时请求候选,0x3A2,8,6,0,1,1,0.6656,6,1498,-0.236000
1434,28.000,瞬时请求候选,0x3A2,8,6,1,0,0,0.6656,6,1496,-0.238300
1435,28.000,瞬时请求候选,0x3A2,8,6,2,1,1,0.6680,6,1498,-0.236000
1436,28.000,瞬时请求候选,0x3A2,8,6,3,0,0,0.6656,6,1496,-0.238300
1437,28.000,瞬时请求候选,0x3A2,8,6,4,0,0,0.6656,6,1496,-0.238300
1438,28.000,瞬时请求候选,0x3A2,8,6,5,0,0,0.6656,6,1496,-0.238300
1439,28.000,瞬时请求候选,0x3A2,8,6,6,1,1,0.6680,6,1498,-0.236000
1440,28.000,瞬时请求候选,0x3A2,8,6,7,不一致,1,0.5797,6,1496,-0.237950
1441,28.000,瞬时请求候选,0x3A2,8,7,0,0,0,0.7960,6,1022,-0.213400
1442,28.000,瞬时请求候选,0x3A2,8,7,1,0,0,0.7960,6,1022,-0.213400
1443,28.000,瞬时请求候选,0x3A2,8,7,2,0,0,0.7960,6,1022,-0.213400
1444,28.000,瞬时请求候选,0x3A2,8,7,3,0,0,0.7960,6,1022,-0.213400
1445,28.000,瞬时请求候选,0x3A2,8,7,4,0,0,0.8704,6,476,0.033450
1446,28.000,瞬时请求候选,0x3A2,8,7,5,0,0,0.6664,6,1498,-0.214050
1447,28.000,瞬时请求候选,0x3A2,8,7,6,0,0,0.6664,6,1498,-0.214050
1448,28.000,瞬时请求候选,0x3A8,8,0,0,0,0,0.6000,6,296,-0.144900
1449,28.000,瞬时请求候选,0x3A8,8,0,1,0,0,0.6000,6,145,-0.144900
1450,28.000,瞬时请求候选,0x3A8,8,0,2,0,0,0.8000,6,145,-0.144900
1451,28.000,瞬时请求候选,0x3A8,8,1,0,0,0,0.8000,6,151,0.055100
1452,28.000,瞬时请求候选,0x3A8,8,1,1,0,0,0.6000,6,150,0.055100
1453,28.000,瞬时请求候选,0x3A8,8,1,2,0,0,0.8000,6,151,0.055100
1454,28.000,瞬时请求候选,0x3A8,8,1,3,0,0,0.8000,6,151,0.055100
1455,28.000,瞬时请求候选,0x3A8,8,1,4,0,0,0.8000,6,151,0.055100
1456,28.000,瞬时请求候选,0x3A8,8,1,5,0,0,0.6800,6,149,0.054450
1457,28.000,瞬时请求候选,0x3A8,8,1,6,0,0,0.6000,6,146,-0.144900
1458,28.000,瞬时请求候选,0x3A8,8,1,7,0,0,0.8000,6,151,0.055100
1459,28.000,瞬时请求候选,0x3A8,8,2,0,0,0,0.8000,6,145,-0.144900
1460,28.000,瞬时请求候选,0x3A8,8,2,1,0,0,0.8000,6,145,-0.144900
1461,28.000,瞬时请求候选,0x3A8,8,2,3,0,0,0.8000,6,150,0.455150
1462,28.000,瞬时请求候选,0x3A8,8,2,4,0,0,0.8000,6,150,0.455150
1463,28.000,瞬时请求候选,0x3A8,8,3,0,0,0,0.6850,6,149,-0.044450
1464,28.000,瞬时请求候选,0x3A8,8,3,1,0,0,0.6950,6,147,0.054450
1465,28.000,瞬时请求候选,0x3A8,8,3,2,0,0,0.6050,6,147,-0.144400
1466,28.000,瞬时请求候选,0x3A8,8,3,3,0,0,0.6050,6,147,-0.144900
1467,28.000,瞬时请求候选,0x3A8,8,3,4,0,0,0.6050,6,147,-0.144900
1468,28.000,瞬时请求候选,0x3A8,8,3,5,0,0,0.6050,6,147,-0.144900
1469,28.000,瞬时请求候选,0x3A8,8,3,6,0,0,0.6050,6,147,-0.144900
1470,28.000,瞬时请求候选,0x3A8,8,5,0,0,0,0.8550,6,105,0.256300
1471,28.000,瞬时请求候选,0x3A8,8,5,1,0,0,0.8550,6,100,0.256300
1472,28.000,瞬时请求候选,0x3A8,8,6,0,0,0,0.8000,6,151,0.255150
1473,28.000,瞬时请求候选,0x3A8,8,6,1,0,0,0.8000,6,151,0.255150
1474,28.000,瞬时请求候选,0x3A8,8,6,2,0,0,0.8000,6,151,0.255150
1475,28.000,瞬时请求候选,0x3A8,8,6,3,0,0,0.8000,6,151,0.255150
1476,28.000,瞬时请求候选,0x3A8,8,6,4,0,0,0.8000,6,151,0.255150
1477,28.000,瞬时请求候选,0x3A8,8,6,5,0,0,0.8000,6,151,0.255150
1478,28.000,瞬时请求候选,0x3A8,8,6,6,0,0,0.8000,6,151,0.255150
1479,28.000,瞬时请求候选,0x3A8,8,6,7,0,0,0.8000,6,151,0.255150
1480,28.000,瞬时请求候选,0x3AE,8,6,4,不一致,0,0.5019,6,1959,-0.242250
1481,28.000,瞬时请求候选,0x3AE,8,7,4,不一致,0,0.5019,6,1959,-0.242250
1482,28.000,瞬时请求候选,0x3B2,8,0,0,不一致,不一致,0.5132,6,223,-0.090100
1483,28.000,瞬时请求候选,0x3B2,8,0,1,不一致,不一致,0.5132,6,110,0.009900
1484,28.000,瞬时请求候选,0x3B2,8,1,2,不一致,0,0.5938,6,117,0.660150
1485,28.000,瞬时请求候选,0x3B2,8,1,6,不一致,0,0.6326,6,105,0.459850
1486,28.000,瞬时请求候选,0x3B2,8,2,3,不一致,不一致,0.6199,6,111,-0.090100
1487,28.000,瞬时请求候选,0x3B2,8,3,0,不一致,0,0.5882,6,112,0.560950
1488,28.000,瞬时请求候选,0x3B2,8,6,0,0,0,0.5916,6,101,-0.089500
1489,28.000,瞬时请求候选,0x3B2,8,6,1,不一致,0,0.6522,6,117,0.411450
1490,28.000,瞬时请求候选,0x3B2,8,6,7,0,0,0.6958,6,101,-0.040000
1491,28.000,瞬时请求候选,0x3B2,8,7,2,0,0,0.6479,6,120,-0.040000
1492,28.000,瞬时请求候选,0x3B2,8,7,3,0,0,0.6337,6,104,0.310350
1493,28.000,瞬时请求候选,0x3C0,8,0,0,0,0,0.5525,6,659,-0.225900
1494,28.000,瞬时请求候选,0x3C0,8,0,1,0,0,0.5550,6,399,-0.225500
1495,28.000,瞬时请求候选,0x3C0,8,0,2,0,0,0.6450,6,132,0.025100
1496,28.000,瞬时请求候选,0x3C0,8,0,3,0,0,0.7375,6,131,0.073450
1497,28.000,瞬时请求候选,0x3C0,8,2,4,0,0,0.9125,6,132,0.172850
1498,28.000,瞬时请求候选,0x3C0,8,7,0,0,0,0.9100,6,130,-0.027150
1499,28.000,瞬时请求候选,0x3C8,8,0,0,0,0,0.5675,6,639,-0.169000
1500,28.000,瞬时请求候选,0x3C8,8,0,1,0,0,0.5725,6,425,-0.167450
1501,28.000,瞬时请求候选,0x3DB,8,0,0,0,0,0.6250,6,109,-0.101050
1502,28.000,瞬时请求候选,0x3DB,8,0,1,1,1,0.6250,6,108,-0.102250
1503,28.000,瞬时请求候选,0x3E8,8,0,0,0,0,0.5675,6,634,-0.224000
1504,28.000,瞬时请求候选,0x3E8,8,0,1,0,0,0.5725,6,420,-0.223300
1505,28.000,瞬时请求候选,0x3F9,8,0,0,0,0,0.5575,6,656,-0.238950
1506,28.000,瞬时请求候选,0x3F9,8,0,1,0,0,0.5575,6,328,-0.141000
1507,28.000,瞬时请求候选,0x3F9,8,0,3,0,0,0.8875,6,165,0.159750
1508,28.000,瞬时请求候选,0x3FD,8,0,0,0,0,0.6667,6,302,0.146200
1509,28.000,瞬时请求候选,0x3FD,8,0,1,0,0,0.6667,6,301,0.095900
1510,28.000,瞬时请求候选,0x3FD,8,2,1,0,0,0.6667,6,302,0.146200
1511,28.000,瞬时请求候选,0x3FD,8,3,2,0,0,0.6667,6,301,0.095900
1512,28.000,瞬时请求候选,0x3FD,8,3,3,0,0,0.6667,6,301,0.095900
1513,28.000,瞬时请求候选,0x3FD,8,3,4,0,0,0.6667,6,301,0.095900
1514,28.000,瞬时请求候选,0x3FD,8,3,5,0,0,0.6667,6,301,0.095900
1515,28.000,瞬时请求候选,0x3FD,8,4,5,0,0,0.6667,6,301,0.095900
1516,28.000,瞬时请求候选,0x3FD,8,5,3,0,0,0.6667,6,302,0.146200
1517,28.000,瞬时请求候选,0x3FD,8,6,0,0,0,0.6667,6,301,0.095900
1518,28.000,瞬时请求候选,0x3FD,8,6,1,0,0,0.6667,6,302,0.146200
1519,28.000,瞬时请求候选,0x3FD,8,6,4,0,0,0.6667,6,302,0.146200
1520,28.000,瞬时请求候选,0x3FD,8,7,4,0,0,0.6667,6,301,0.095900
1521,28.000,瞬时请求候选,0x401,8,0,0,1,1,0.5000,6,2648,-0.248250
1522,28.000,瞬时请求候选,0x401,8,0,1,1,1,0.5000,6,1326,-0.228150
1523,28.000,瞬时请求候选,0x401,8,0,2,0,0,0.5556,6,588,-0.187550
1524,28.000,瞬时请求候选,0x401,8,0,3,0,0,0.5556,6,297,-0.107700
1525,28.000,瞬时请求候选,0x401,8,0,4,0,0,0.5556,6,146,-0.107700
1526,28.000,瞬时请求候选,0x401,8,0,5,0,0,0.8889,6,151,0.211800
1527,28.000,瞬时请求候选,0x401,8,1,3,1,1,0.9722,6,151,0.271650
1528,28.000,瞬时请求候选,0x401,8,1,5,1,1,0.9722,6,151,0.271650
1529,28.000,瞬时请求候选,0x401,8,2,0,不一致,不一致,0.5549,6,1323,-0.248000
1530,28.000,瞬时请求候选,0x401,8,2,1,0,0,0.5847,6,1328,-0.217700
1531,28.000,瞬时请求候选,0x401,8,2,2,1,1,0.5479,6,1395,-0.248250
1532,28.000,瞬时请求候选,0x401,8,2,3,不一致,1,0.6076,6,1337,-0.207850
1533,28.000,瞬时请求候选,0x401,8,2,4,1,1,0.6910,6,1220,-0.198000
1534,28.000,瞬时请求候选,0x401,8,2,5,0,0,0.7785,6,916,-0.168100
1535,28.000,瞬时请求候选,0x401,8,4,0,不一致,不一致,0.5250,6,1484,-0.247250
1536,28.000,瞬时请求候选,0x401,8,4,1,0,0,0.6236,6,1229,-0.248250
1537,28.000,瞬时请求候选,0x401,8,4,2,不一致,不一致,0.5431,6,1422,-0.248250
1538,28.000,瞬时请求候选,0x401,8,4,3,不一致,1,0.5181,6,952,-0.187850
1539,28.000,瞬时请求候选,0x401,8,4,4,1,1,0.7812,6,855,-0.128150
1540,28.000,瞬时请求候选,0x401,8,4,5,0,0,0.8090,6,852,-0.128150
1541,28.000,瞬时请求候选,0x401,8,4,7,1,1,0.9722,6,151,0.271650
1542,28.000,瞬时请求候选,0x401,8,5,7,1,1,0.9722,6,151,0.271650
1543,28.000,瞬时请求候选,0x401,8,6,0,0,0,0.5389,6,1406,-0.228300
1544,28.000,瞬时请求候选,0x401,8,6,1,0,0,0.6569,6,1245,-0.248250
1545,28.000,瞬时请求候选,0x401,8,6,2,不一致,不一致,0.5604,6,1267,-0.248250
1546,28.000,瞬时请求候选,0x401,8,6,3,不一致,不一致,0.5403,6,1178,-0.227950
1547,28.000,瞬时请求候选,0x401,8,6,4,1,1,0.6972,6,1054,-0.248250
1548,28.000,瞬时请求候选,0x401,8,6,5,0,0,0.7479,6,1037,-0.248250
1549,28.000,瞬时请求候选,0x401,8,6,7,1,1,0.9722,6,151,0.271650
1550,28.000,瞬时请求候选,0x401,8,7,7,1,1,0.9722,6,151,0.271650
1551,28.000,瞬时请求候选,0x405,8,0,0,0,0,0.6625,6,196,-0.055850
1552,28.000,瞬时请求候选,0x405,8,0,1,0,0,0.6750,6,197,-0.056600
1553,28.000,瞬时请求候选,0x405,8,1,0,1,1,0.6625,6,197,0.067850
1554,28.000,瞬时请求候选,0x405,8,1,1,1,1,0.6625,6,197,0.067850
1555,28.000,瞬时请求候选,0x405,8,1,4,0,0,0.6625,6,196,-0.055850
1556,28.000,瞬时请求候选,0x405,8,1,5,0,0,0.6625,6,196,-0.055850
1557,28.000,瞬时请求候选,0x405,8,1,6,0,0,0.6750,6,197,-0.056600
1558,28.000,瞬时请求候选,0x405,8,2,0,0,0,0.6625,6,196,-0.055850
1559,28.000,瞬时请求候选,0x405,8,2,1,0,0,0.6750,6,197,-0.056600
1560,28.000,瞬时请求候选,0x405,8,2,2,0,0,0.6625,6,196,-0.055850
1561,28.000,瞬时请求候选,0x405,8,2,4,0,0,0.6750,6,197,-0.056600
1562,28.000,瞬时请求候选,0x405,8,2,5,0,0,0.6750,6,197,-0.056600
1563,28.000,瞬时请求候选,0x405,8,2,6,0,0,0.6625,6,196,-0.055850
1564,28.000,瞬时请求候选,0x405,8,3,0,1,1,0.6625,6,197,0.067850
1565,28.000,瞬时请求候选,0x405,8,3,1,0,0,0.6625,6,196,-0.055850
1566,28.000,瞬时请求候选,0x405,8,3,2,1,1,0.6625,6,197,0.067850
1567,28.000,瞬时请求候选,0x405,8,3,4,1,1,0.6625,6,197,0.067850
1568,28.000,瞬时请求候选,0x405,8,3,5,1,1,0.6625,6,197,0.067850
1569,28.000,瞬时请求候选,0x405,8,4,1,1,1,0.6625,6,197,0.067850
1570,28.000,瞬时请求候选,0x405,8,4,2,1,1,0.6625,6,197,0.067850
1571,28.000,瞬时请求候选,0x405,8,4,4,0,0,0.6750,6,197,-0.056600
1572,28.000,瞬时请求候选,0x405,8,4,5,0,0,0.6750,6,197,-0.056600
1573,28.000,瞬时请求候选,0x405,8,4,6,0,0,0.6625,6,196,-0.055850
1574,28.000,瞬时请求候选,0x405,8,5,0,0,0,0.6625,6,196,-0.055850
1575,28.000,瞬时请求候选,0x405,8,5,2,0,0,0.6625,6,197,0.067850
1576,28.000,瞬时请求候选,0x405,8,5,3,1,1,0.6625,6,196,-0.055850
1577,28.000,瞬时请求候选,0x405,8,5,4,0,0,0.6750,6,197,-0.056600
1578,28.000,瞬时请求候选,0x405,8,5,5,0,0,0.6750,6,197,-0.056600
1579,28.000,瞬时请求候选,0x405,8,5,6,1,1,0.6750,6,197,-0.056600
1580,28.000,瞬时请求候选,0x405,8,6,0,0,0,0.6625,6,196,-0.055850
1581,28.000,瞬时请求候选,0x405,8,6,1,1,1,0.6625,6,196,-0.055850
1582,28.000,瞬时请求候选,0x405,8,6,2,0,0,0.6625,6,196,-0.055850
1583,28.000,瞬时请求候选,0x405,8,6,5,1,1,0.6625,6,197,0.067850
1584,28.000,瞬时请求候选,0x405,8,6,6,0,0,0.6625,6,197,0.067850
1585,28.000,瞬时请求候选,0x405,8,7,1,1,1,0.6625,6,196,-0.055850
1586,28.000,瞬时请求候选,0x405,8,7,2,1,1,0.6750,6,197,-0.056600
1587,28.000,瞬时请求候选,0x405,8,7,3,0,0,0.6625,6,196,-0.055850
1588,28.000,瞬时请求候选,0x405,8,7,4,1,1,0.6625,6,196,-0.055850
1589,28.000,瞬时请求候选,0x405,8,7,5,0,0,0.6750,6,197,-0.056600
1590,28.000,瞬时请求候选,0x405,8,7,6,1,1,0.6750,6,197,-0.056600
1591,28.000,瞬时请求候选,0x414,8,0,0,0,0,0.6625,6,196,-0.056550
1592,28.000,瞬时请求候选,0x414,8,0,1,0,0,0.6750,6,197,-0.057750
1593,28.000,瞬时请求候选,0x414,8,1,5,1,1,0.6625,6,197,0.067100
1594,28.000,瞬时请求候选,0x414,8,2,5,1,1,0.6625,6,197,0.067100
1595,28.000,瞬时请求候选,0x414,8,3,5,1,1,0.6625,6,197,0.067100
1596,28.000,瞬时请求候选,0x414,8,4,5,1,1,0.6625,6,197,0.067100
1597,28.000,瞬时请求候选,0x441,8,0,1,不一致,0,0.5200,6,1408,-0.243550
1598,28.000,瞬时请求候选,0x441,8,0,2,不一致,不一致,0.5062,6,1440,-0.243550
1599,28.000,瞬时请求候选,0x441,8,0,3,1,1,0.5062,6,1440,-0.243550
1600,28.000,瞬时请求候选,0x441,8,7,4,1,0,0.5062,6,981,-0.190300
1601,28.000,瞬时请求候选,0x441,8,7,5,不一致,1,0.5012,6,992,-0.243550
1602,28.000,瞬时请求候选,0x441,8,7,6,0,0,0.7013,6,894,-0.191850
1603,28.000,瞬时请求候选,0x441,8,7,7,0,0,0.6875,6,927,-0.243000
1604,28.000,瞬时请求候选,0x4E2,8,0,4,0,0,0.8750,6,186,0.225650
1605,28.000,瞬时请求候选,0x4E2,8,0,5,0,0,0.8750,6,186,0.124650
1606,28.000,瞬时请求候选,0x4E2,8,0,6,0,0,0.8750,6,185,0.025650
1607,28.000,瞬时请求候选,0x4E2,8,1,0,0,0,0.6250,6,558,-0.174900
1608,28.000,瞬时请求候选,0x4E2,8,1,1,0,0,0.6900,6,372,-0.123750
1609,28.000,瞬时请求候选,0x4E2,8,1,2,0,0,0.8125,6,275,-0.024400
1610,28.000,瞬时请求候选,0x4E2,8,1,3,1,1,0.6875,6,186,-0.024550
1611,28.000,瞬时请求候选,0x4E2,8,1,4,0,0,0.8125,6,284,-0.124950
1612,28.000,瞬时请求候选,0x4E2,8,1,5,0,0,0.8750,6,186,-0.074450
1613,28.000,瞬时请求候选,0x4E2,8,1,6,0,0,0.7500,6,373,-0.173300
1614,28.000,瞬时请求候选,0x4E2,8,1,7,0,0,0.8750,6,186,0.224950
1615,28.000,瞬时请求候选,0x4E2,8,2,0,0,0,0.8750,6,186,-0.074450
1616,28.000,瞬时请求候选,0x4E2,8,2,1,0,0,0.6250,6,371,-0.074450
1617,28.000,瞬时请求候选,0x4E2,8,2,2,0,0,0.6250,6,371,-0.174900
1618,28.000,瞬时请求候选,0x4E2,8,2,5,0,0,0.8750,6,185,0.025650
1619,28.000,瞬时请求候选,0x4E2,8,2,6,0,0,0.7500,6,186,-0.074200
1620,28.000,瞬时请求候选,0x4E2,8,3,0,0,0,0.6950,6,270,-0.074850
1621,28.000,瞬时请求候选,0x4E2,8,3,6,0,0,0.8375,6,239,0.025650
1622,28.000,瞬时请求候选,0x4E2,8,3,7,0,0,0.9025,6,135,0.276100
1623,28.000,瞬时请求候选,0x4E2,8,4,0,0,0,0.7775,6,236,0.025650
1624,28.000,瞬时请求候选,0x4E2,8,4,1,0,0,0.7775,6,236,0.025650
1625,28.000,瞬时请求候选,0x4E2,8,4,2,0,0,0.8975,6,154,0.225800
1626,28.000,瞬时请求候选,0x4E2,8,5,3,0,0,0.8750,6,185,0.025650
1627,28.000,瞬时请求候选,0x4E2,8,5,4,0,0,0.8750,6,187,-0.074350
1628,28.000,瞬时请求候选,0x4E2,8,5,6,0,0,0.8750,6,187,-0.074350
1629,28.000,瞬时请求候选,0x4E2,8,6,7,0,0,0.6250,6,373,-0.074450
1630,28.000,瞬时请求候选,0x4E2,8,7,0,0,0,0.7500,6,372,-0.173300
1631,28.000,瞬时请求候选,0x4E2,8,7,2,0,0,0.6250,6,373,-0.074350
1632,28.000,瞬时请求候选,0x4E2,8,7,3,0,0,0.7500,6,373,-0.173300
1633,28.000,瞬时请求候选,0x4E2,8,7,4,0,0,0.8750,6,186,0.124650
1634,28.000,瞬时请求候选,0x4E2,8,7,5,0,0,0.7500,6,186,-0.173300
1635,28.000,瞬时请求候选,0x4E3,8,0,3,0,0,0.8750,6,185,0.010400
1636,28.000,瞬时请求候选,0x4E3,8,0,5,0,0,0.8750,6,186,0.109550
1637,28.000,瞬时请求候选,0x4E3,8,0,6,0,0,0.8750,6,185,0.010400
1638,28.000,瞬时请求候选,0x4E3,8,0,7,0,0,0.8750,6,185,0.010400
1639,28.000,瞬时请求候选,0x4E3,8,1,0,0,0,0.7500,6,373,-0.187550
1640,28.000,瞬时请求候选,0x4E3,8,1,1,0,0,0.6250,6,186,0.010850
1641,28.000,瞬时请求候选,0x4E3,8,1,2,0,0,0.6250,6,557,-0.189600
1642,28.000,瞬时请求候选,0x4E3,8,1,3,0,0,0.7500,6,187,-0.086250
1643,28.000,瞬时请求候选,0x4E3,8,1,4,0,0,0.7500,6,187,-0.086250
1644,28.000,瞬时请求候选,0x4E3,8,1,5,0,0,0.7500,6,186,-0.187550
1645,28.000,瞬时请求候选,0x4E3,8,1,6,0,0,0.6250,6,187,-0.088450
1646,28.000,瞬时请求候选,0x4E3,8,1,7,0,0,0.8750,6,186,0.210200
1647,28.000,瞬时请求候选,0x4E3,8,2,0,0,0,0.7500,6,371,-0.187850
1648,28.000,瞬时请求候选,0x4E3,8,2,1,0,0,0.6250,6,371,-0.087600
1649,28.000,瞬时请求候选,0x4E3,8,2,2,0,0,0.8750,6,186,0.210200
1650,28.000,瞬时请求候选,0x4E3,8,2,3,0,0,0.8750,6,185,0.010400
1651,28.000,瞬时请求候选,0x4E3,8,2,5,0,0,0.8750,6,185,0.010400
1652,28.000,瞬时请求候选,0x4E3,8,2,6,0,0,0.8750,6,185,0.010400
1653,28.000,瞬时请求候选,0x4E3,8,3,0,0,0,0.7375,6,336,-0.088100
1654,28.000,瞬时请求候选,0x4E3,8,3,4,0,0,0.7825,6,281,-0.088100
1655,28.000,瞬时请求候选,0x4E3,8,3,6,0,0,0.7825,6,281,-0.088100
1656,28.000,瞬时请求候选,0x4E3,8,5,1,0,0,0.8750,6,185,0.010400
1657,28.000,瞬时请求候选,0x4E3,8,5,3,0,0,0.8750,6,185,0.010400
1658,28.000,瞬时请求候选,0x4E3,8,6,7,0,0,0.6250,6,373,-0.088450
1659,28.000,瞬时请求候选,0x4E3,8,7,0,0,0,0.6250,6,186,0.010850
1660,28.000,瞬时请求候选,0x4E3,8,7,1,0,0,0.7500,6,372,-0.187550
1661,28.000,瞬时请求候选,0x4E3,8,7,2,0,0,0.7500,6,373,-0.187550
1662,28.000,瞬时请求候选,0x4E3,8,7,3,0,0,0.6250,6,373,-0.087600
1663,28.000,瞬时请求候选,0x4E3,8,7,4,0,0,0.8750,6,186,0.109550
1664,28.000,瞬时请求候选,0x4E3,8,7,5,0,0,0.8750,6,186,0.210200
1665,28.000,瞬时请求候选,0x545,8,0,0,0,0,0.6656,6,1498,-0.234200
1666,28.000,瞬时请求候选,0x545,8,0,1,0,0,0.6680,6,1498,-0.231650
1667,28.000,瞬时请求候选,0x545,8,0,4,0,0,0.7234,6,1264,-0.210450
1668,28.000,瞬时请求候选,0x545,8,0,5,0,0,0.7226,6,1270,-0.210450
1669,28.000,瞬时请求候选,0x545,8,0,6,0,0,0.6697,6,1484,-0.211100
1670,28.000,瞬时请求候选,0x545,8,0,7,0,0,0.7250,6,1260,-0.210450
1671,28.000,瞬时请求候选,0x545,8,1,0,0,0,0.9414,6,240,-0.111750
1672,28.000,瞬时请求候选,0x545,8,2,0,0,0,0.6581,6,1153,-0.191850
1673,28.000,瞬时请求候选,0x545,8,2,1,不一致,1,0.5277,6,1491,-0.234200
1674,28.000,瞬时请求候选,0x545,8,2,2,不一致,0,0.5896,6,1285,-0.231650
1675,28.000,瞬时请求候选,0x545,8,2,3,0,0,0.7465,6,1077,-0.231650
1676,28.000,瞬时请求候选,0x545,8,2,4,0,0,0.9158,6,441,0.154500
1677,28.000,瞬时请求候选,0x545,8,2,5,0,0,0.6672,6,1488,-0.211100
1678,28.000,瞬时请求候选,0x545,8,3,4,0,0,0.8646,6,609,-0.199300
1679,28.000,瞬时请求候选,0x545,8,3,5,0,0,0.8431,6,713,-0.086650
1680,28.000,瞬时请求候选,0x545,8,3,6,0,0,0.8059,6,891,-0.199300
1681,28.000,瞬时请求候选,0x545,8,3,7,0,0,0.7869,6,964,-0.199300
1682,28.000,瞬时请求候选,0x545,8,4,0,0,0,0.8819,6,528,-0.101000
1683,28.000,瞬时请求候选,0x545,8,4,1,0,0,0.6664,6,1500,-0.211100
1684,28.000,瞬时请求候选,0x545,8,4,2,0,0,0.6664,6,1500,-0.211100
1685,28.000,瞬时请求候选,0x545,8,4,3,0,0,0.6664,6,1500,-0.211100
1686,28.000,瞬时请求候选,0x545,8,4,4,0,0,0.6664,6,1500,-0.211100
1687,28.000,瞬时请求候选,0x545,8,4,7,0,0,0.6664,6,1500,-0.211100
1688,28.000,瞬时请求候选,0x545,8,5,0,0,0,0.8836,6,519,-0.101000
1689,28.000,瞬时请求候选,0x545,8,5,1,0,0,0.7795,6,1006,-0.136600
1690,28.000,瞬时请求候选,0x545,8,5,2,0,0,0.8869,6,529,0.037000
1691,28.000,瞬时请求候选,0x545,8,5,4,0,0,0.6433,6,1498,-0.234200
1692,28.000,瞬时请求候选,0x545,8,5,5,0,0,0.6887,6,1412,-0.211100
1693,28.000,瞬时请求候选,0x545,8,5,6,0,0,0.6664,6,1500,-0.211100
1694,28.000,瞬时请求候选,0x545,8,5,7,0,0,0.6664,6,1500,-0.211100
1695,28.000,瞬时请求候选,0x545,8,6,0,0,0,0.6664,6,1500,-0.211100
1696,28.000,瞬时请求候选,0x545,8,6,3,0,0,0.6664,6,1500,-0.211100
1697,28.000,瞬时请求候选,0x545,8,7,0,1,1,0.6771,6,1112,-0.217000
1698,28.000,瞬时请求候选,0x545,8,7,1,1,1,0.6970,6,1059,-0.202400
1699,28.000,瞬时请求候选,0x545,8,7,2,0,0,0.7424,6,974,-0.136600
1700,28.000,瞬时请求候选,0x545,8,7,3,1,1,0.8588,6,631,-0.111250
1701,28.000,瞬时请求候选,0x545,8,7,4,不一致,不一致,0.5177,6,1455,-0.233900
1702,28.000,瞬时请求候选,0x545,8,7,5,不一致,1,0.5178,6,1121,-0.224550
1703,28.000,瞬时请求候选,0x545,8,7,6,0,不一致,0.5070,6,847,-0.183700
1704,28.000,瞬时请求候选,0x545,8,7,7,不一致,1,0.5120,6,1106,-0.217000
1705,28.000,瞬时请求候选,0x55A,8,0,1,0,0,0.7500,6,150,0.442100
1706,28.000,瞬时请求候选,0x677,8,0,0,0,0,0.5996,6,1482,-0.240550
1707,28.000,瞬时请求候选,0x677,8,0,1,0,0,0.5996,6,739,-0.240550
1708,28.000,瞬时请求候选,0x677,8,0,2,0,0,0.7998,6,735,-0.240550
1709,28.000,瞬时请求候选,0x709,8,0,0,不一致,不一致,0.5197,6,229,-0.153700
1710,28.000,瞬时请求候选,0x709,8,1,3,0,0,0.7480,6,102,0.185350
1711,28.000,瞬时请求候选,0x709,8,3,4,0,0,0.7797,5,60,1.264700
1712,28.000,瞬时请求候选,0x712,8,0,0,1,1,0.5000,6,442,-0.189100
1713,28.000,瞬时请求候选,0x712,8,0,1,0,0,0.6667,6,146,-0.088650
1714,28.000,瞬时请求候选,0x712,8,0,2,0,0,0.6667,6,151,0.110800
1715,28.000,瞬时请求候选,0x712,8,1,1,1,1,0.6667,6,151,0.110800
1716,28.000,瞬时请求候选,0x712,8,1,3,1,1,0.6667,6,151,0.110800
1717,28.000,瞬时请求候选,0x712,8,1,5,1,1,0.6667,6,151,0.110800
1718,28.000,瞬时请求候选,0x712,8,2,0,0,0,0.6250,6,175,-0.188700
1719,28.000,瞬时请求候选,0x712,8,2,1,0,0,0.6333,6,187,-0.140050
1720,28.000,瞬时请求候选,0x712,8,2,2,不一致,0,0.6250,6,213,-0.087900
1721,28.000,瞬时请求候选,0x712,8,2,3,0,0,0.7750,6,147,-0.088700
1722,28.000,瞬时请求候选,0x712,8,2,4,1,1,0.6625,6,151,0.110800
1723,28.000,瞬时请求候选,0x712,8,2,6,1,1,0.6667,6,151,0.110800
1724,28.000,瞬时请求候选,0x712,8,3,0,1,1,0.6667,6,151,0.110800
1725,28.000,瞬时请求候选,0x712,8,3,1,1,1,0.6667,6,151,0.110800
1726,28.000,瞬时请求候选,0x712,8,3,3,1,1,0.6667,6,151,0.110800
1727,28.000,瞬时请求候选,0x712,8,4,0,0,0,0.6417,6,169,-0.088650
1728,28.000,瞬时请求候选,0x712,8,4,1,0,0,0.6750,6,193,-0.187000
1729,28.000,瞬时请求候选,0x712,8,4,2,0,0,0.6292,6,175,-0.137750
1730,28.000,瞬时请求候选,0x712,8,4,3,0,0,0.6917,6,174,-0.137850
1731,28.000,瞬时请求候选,0x712,8,4,4,0,0,0.7125,6,225,-0.188800
1732,28.000,瞬时请求候选,0x712,8,4,5,0,0,0.8333,6,145,-0.088650
1733,28.000,瞬时请求候选,0x712,8,4,6,1,1,0.6667,6,151,0.110800
1734,28.000,瞬时请求候选,0x712,8,5,0,1,1,0.6667,6,151,0.110800
1735,28.000,瞬时请求候选,0x712,8,5,1,1,1,0.6667,6,151,0.110800
1736,28.000,瞬时请求候选,0x712,8,5,3,1,1,0.6667,6,151,0.110800
1737,28.000,瞬时请求候选,0x712,8,6,0,0,0,0.6583,6,168,-0.189100
1738,28.000,瞬时请求候选,0x712,8,6,1,0,0,0.6792,6,176,-0.187000
1739,28.000,瞬时请求候选,0x712,8,6,2,0,0,0.7958,6,119,-0.085900
1740,28.000,瞬时请求候选,0x712,8,6,3,0,0,0.8292,6,106,-0.137850
1741,28.000,瞬时请求候选,0x712,8,6,4,0,0,0.7000,6,192,-0.139250
1742,28.000,瞬时请求候选,0x712,8,6,5,0,0,0.5708,6,294,-0.139250
1743,28.000,瞬时请求候选,0x712,8,6,6,1,1,0.6667,6,151,0.110800
1744,28.000,瞬时请求候选,0x712,8,7,0,1,1,0.6667,6,151,0.110800
1745,28.000,瞬时请求候选,0x712,8,7,1,1,1,0.6667,6,151,0.110800
1746,28.000,瞬时请求候选,0x712,8,7,3,1,1,0.6667,6,151,0.110800
1747,28.000,瞬时请求候选,0x718,7,0,0,0,0,0.6000,6,291,-0.240350
1748,28.000,瞬时请求候选,0x718,7,0,1,0,0,0.6000,6,145,-0.040350
1749,28.000,瞬时请求候选,0x718,7,0,2,0,0,0.8000,6,145,-0.040350
1750,28.000,瞬时请求候选,0x719,8,0,0,1,1,0.5469,6,1079,-0.201100
1751,28.000,瞬时请求候选,0x719,8,0,1,0,0,0.5432,6,809,-0.176800
1752,28.000,瞬时请求候选,0x719,8,0,2,1,1,0.6358,6,538,-0.176800
1753,28.000,瞬时请求候选,0x719,8,0,3,0,0,0.7297,6,269,-0.152450
1754,28.000,瞬时请求候选,0x719,8,0,4,0,0,0.5432,6,536,-0.176250
1755,28.000,瞬时请求候选,0x719,8,0,5,0,0,0.8198,6,523,0.022550
1756,28.000,瞬时请求候选,0x719,8,0,6,0,0,0.9099,6,272,0.122250
1757,28.000,瞬时请求候选,0x719,8,0,7,0,0,0.9099,6,272,0.122250
1758,28.000,瞬时请求候选,0x719,8,1,0,0,0,0.7284,6,811,-0.077750
1759,28.000,瞬时请求候选,0x719,8,1,1,0,0,0.7284,6,807,-0.202650
1760,28.000,瞬时请求候选,0x719,8,1,3,0,0,0.9086,6,270,0.022400
1761,28.000,瞬时请求候选,0x719,8,1,4,0,0,0.8185,6,541,-0.076750
1762,28.000,瞬时请求候选,0x719,8,1,5,0,0,0.8185,6,541,-0.076750
1763,28.000,瞬时请求候选,0x719,8,1,6,0,0,0.8185,6,541,-0.076750
1764,28.000,瞬时请求候选,0x719,8,2,0,0,0,0.8911,6,271,0.024600
1765,28.000,瞬时请求候选,0x719,8,2,1,0,0,0.7497,6,318,-0.076050
1766,28.000,瞬时请求候选,0x719,8,2,2,0,0,0.7297,6,529,-0.102300
1767,28.000,瞬时请求候选,0x719,8,2,3,0,0,0.9099,6,271,0.024600
1768,28.000,瞬时请求候选,0x719,8,2,4,0,0,0.9099,6,281,0.022550
1769,28.000,瞬时请求候选,0x719,8,2,5,0,0,0.9099,6,260,0.122250
1770,28.000,瞬时请求候选,0x719,8,2,6,0,0,0.8185,6,539,-0.152450
1771,28.000,瞬时请求候选,0x719,8,3,0,0,0,0.9086,6,270,0.022400
1772,28.000,瞬时请求候选,0x719,8,3,1,0,0,0.8185,6,539,-0.077750
1773,28.000,瞬时请求候选,0x719,8,3,2,0,0,0.9086,6,270,0.022400
1774,28.000,瞬时请求候选,0x719,8,3,3,0,0,0.9086,6,270,0.022400
1775,28.000,瞬时请求候选,0x719,8,3,4,0,0,0.9086,6,270,0.022400
1776,28.000,瞬时请求候选,0x719,8,3,5,0,0,0.9086,6,270,0.022400
1777,28.000,瞬时请求候选,0x719,8,3,6,0,0,0.9086,6,270,0.022400
1778,28.000,瞬时请求候选,0x719,8,3,7,0,0,0.9086,6,270,0.022400
1779,28.000,瞬时请求候选,0x719,8,4,0,0,0,0.9086,6,270,0.022400
1780,28.000,瞬时请求候选,0x719,8,4,1,0,0,0.9086,6,270,0.022400
1781,28.000,瞬时请求候选,0x719,8,4,2,0,0,0.8185,6,539,-0.077750
1782,28.000,瞬时请求候选,0x719,8,4,3,0,0,0.9086,6,270,0.022400
1783,28.000,瞬时请求候选,0x719,8,4,4,0,0,0.7284,6,810,-0.176100
1784,28.000,瞬时请求候选,0x719,8,4,5,0,0,0.9086,6,270,0.022400
1785,28.000,瞬时请求候选,0x719,8,4,6,0,0,0.8185,6,541,-0.076750
1786,28.000,瞬时请求候选,0x719,8,4,7,0,0,0.9086,6,270,0.022400
1787,28.000,瞬时请求候选,0x719,8,5,0,0,0,0.8123,6,567,-0.077750
1788,28.000,瞬时请求候选,0x719,8,5,1,0,0,0.8273,6,523,0.022550
1789,28.000,瞬时请求候选,0x719,8,5,2,0,0,0.9099,6,277,0.022550
1790,28.000,瞬时请求候选,0x719,8,5,5,0,0,0.8198,6,533,0.022550
1791,28.000,瞬时请求候选,0x719,8,5,6,0,0,0.9099,6,272,0.122250
1792,28.000,瞬时请求候选,0x719,8,6,0,0,0,0.8185,6,538,-0.151800
1793,28.000,瞬时请求候选,0x719,8,6,2,0,0,0.8185,6,538,-0.151800
1794,28.000,瞬时请求候选,0x719,8,6,3,0,0,0.9086,6,269,-0.077000
1795,28.000,瞬时请求候选,0x719,8,6,4,0,0,0.9086,6,269,-0.077000
1796,28.000,瞬时请求候选,0x719,8,6,5,0,0,0.8185,6,538,-0.151800
1797,28.000,瞬时请求候选,0x719,8,6,6,0,0,0.9099,6,271,0.024600
1798,28.000,瞬时请求候选,0x719,8,6,7,0,0,0.9086,6,269,-0.077000
1799,28.000,瞬时请求候选,0x719,8,7,2,0,0,0.9099,6,272,0.122250
1800,28.000,瞬时请求候选,0x719,8,7,4,0,0,0.9099,6,272,0.122250
1801,28.000,瞬时请求候选,0x75D,8,0,0,0,0,0.5700,6,316,-0.087400
1802,28.000,瞬时请求候选,0x75D,8,0,1,0,0,0.5700,6,213,0.111800
1803,28.000,瞬时请求候选,0x75D,8,0,4,0,0,0.7650,6,160,0.014100
1804,28.000,瞬时请求候选,0x75D,8,0,6,0,0,0.7750,6,162,-0.087400
1805,28.000,瞬时请求候选,0x75D,8,1,3,0,0,0.8500,6,111,0.111200
1806,28.000,瞬时请求候选,0x75D,8,1,6,0,0,0.8500,6,123,-0.085700
1807,28.000,瞬时请求候选,0x75D,8,1,7,0,0,0.7750,6,175,-0.087400
1808,28.000,瞬时请求候选,0x75D,8,2,1,0,0,0.8550,6,108,0.112900
1809,28.000,瞬时请求候选,0x75D,8,2,2,0,0,0.8550,6,105,0.113600
1810,28.000,瞬时请求候选,0x75D,8,2,3,0,0,0.8550,6,105,0.113600
1811,28.000,瞬时请求候选,0x75D,8,2,5,0,0,0.8550,6,105,0.113600
1812,28.000,瞬时请求候选,0x75D,8,2,7,0,0,0.5700,6,213,0.009450
1813,28.000,瞬时请求候选,0x75D,8,3,0,0,0,0.7800,6,157,-0.085700
1814,28.000,瞬时请求候选,0x75D,8,3,1,0,0,0.8000,6,152,0.112900
1815,28.000,瞬时请求候选,0x75D,8,3,2,0,0,0.7800,6,162,-0.086800
1816,28.000,瞬时请求候选,0x75D,8,3,4,0,0,0.7950,6,159,-0.087400
1817,28.000,瞬时请求候选,0x75D,8,5,4,0,0,0.8600,6,103,0.113600
1818,28.000,瞬时请求候选,0x75D,8,5,6,0,0,0.8550,6,105,0.113600
1819,28.000,瞬时请求候选,0x75D,8,5,7,0,0,0.8550,6,105,0.113600
1820,28.000,瞬时请求候选,0x75D,8,6,2,0,0,0.8550,6,105,0.113600
1821,28.000,瞬时请求候选,0x75D,8,6,3,0,0,0.8600,6,106,0.513100
1822,28.000,瞬时请求候选,0x75D,8,6,4,0,0,0.8550,6,105,0.113600
1823,28.000,瞬时请求候选,0x75D,8,6,5,0,0,0.7050,6,105,-0.085700
1824,28.000,瞬时请求候选,0x75D,8,6,7,0,0,0.7300,6,203,0.013200
1825,28.000,瞬时请求候选,0x75D,8,7,1,0,0,0.8350,6,106,0.310350
1826,28.000,瞬时请求候选,0x75D,8,7,2,0,0,0.8600,6,106,0.513100
1827,28.000,瞬时请求候选,0x75D,8,7,5,0,0,0.8500,6,106,0.310350
1828,28.000,瞬时请求候选,0x75D,8,7,6,0,0,0.8550,6,105,0.113600
1829,28.000,瞬时请求候选,0x75D,8,7,7,0,0,0.8500,6,106,0.310350
1830,28.000,瞬时请求候选,0x77A,8,1,1,1,1,0.5250,6,132,0.076200
1831,28.000,瞬时请求候选,0x77A,8,1,3,不一致,1,0.5375,6,136,0.076200
1832,28.000,瞬时请求候选,0x77A,8,1,5,不一致,不一致,0.5625,6,118,0.076200
1833,28.000,瞬时请求候选,0x77A,8,2,2,1,1,0.5250,6,132,0.076200
1834,28.000,瞬时请求候选,0x788,8,0,0,0,0,0.6650,6,495,-0.156050
1835,28.000,瞬时请求候选,0x788,8,0,1,0,0,0.6650,6,494,-0.157250
1836,28.000,瞬时请求候选,0x788,8,0,3,0,0,0.6725,6,487,-0.107550
1837,28.000,瞬时请求候选,0x788,8,0,4,0,0,0.6700,6,497,-0.107550
1838,28.000,瞬时请求候选,0x788,8,0,5,0,0,0.6700,6,497,-0.107550
1839,28.000,瞬时请求候选,0x788,8,0,6,0,0,0.6700,6,497,-0.107550
1840,28.000,瞬时请求候选,0x788,8,0,7,0,0,0.6700,6,497,-0.107550
1841,28.000,瞬时请求候选,0x788,8,1,2,0,0,0.6700,6,497,-0.107550
1842,28.000,瞬时请求候选,0x788,8,1,4,0,0,0.6700,6,497,-0.107550
1843,28.000,瞬时请求候选,0x788,8,1,6,1,1,0.6650,6,495,-0.156050
1844,28.000,瞬时请求候选,0x788,8,1,7,0,0,0.6700,6,497,-0.107550
1845,28.000,瞬时请求候选,0x788,8,2,0,不一致,0,0.5200,6,497,-0.107750
1846,28.000,瞬时请求候选,0x788,8,2,1,0,0,0.8350,6,239,-0.006200
1847,28.000,瞬时请求候选,0x788,8,2,2,0,0,0.9125,6,121,0.843700
1848,28.000,瞬时请求候选,0x788,8,2,3,0,0,0.6975,6,452,-0.156050
1849,28.000,瞬时请求候选,0x788,8,2,5,0,0,0.6700,6,497,-0.107550
1850,28.000,瞬时请求候选,0x788,8,2,6,0,0,0.6650,6,494,-0.157250
1851,28.000,瞬时请求候选,0x788,8,2,7,1,1,0.6650,6,495,-0.156050
1852,28.000,瞬时请求候选,0x788,8,3,0,1,1,0.6650,6,495,-0.156050
1853,28.000,瞬时请求候选,0x788,8,3,1,1,1,0.6650,6,495,-0.156050
1854,28.000,瞬时请求候选,0x788,8,3,2,0,0,0.6650,6,494,-0.157250
1855,28.000,瞬时请求候选,0x788,8,3,5,0,0,0.6700,6,497,-0.107550
1856,28.000,瞬时请求候选,0x788,8,3,6,0,0,0.6700,6,497,-0.107550
1857,28.000,瞬时请求候选,0x788,8,4,0,0,0,0.6650,6,495,-0.156050
1858,28.000,瞬时请求候选,0x788,8,4,1,0,0,0.6650,6,495,-0.156050
1859,28.000,瞬时请求候选,0x788,8,4,2,0,0,0.6650,6,495,-0.156050
1860,28.000,瞬时请求候选,0x788,8,4,3,0,0,0.6650,6,495,-0.156050
1861,28.000,瞬时请求候选,0x788,8,4,4,0,0,0.6650,6,495,-0.156050
1862,28.000,瞬时请求候选,0x788,8,4,5,0,0,0.6650,6,495,-0.156050
1863,28.000,瞬时请求候选,0x788,8,4,6,0,0,0.6650,6,495,-0.156050
1864,28.000,瞬时请求候选,0x788,8,4,7,0,0,0.6650,6,495,-0.156050
1865,28.000,瞬时请求候选,0x788,8,5,0,0,0,0.6650,6,495,-0.156050
1866,28.000,瞬时请求候选,0x788,8,5,5,0,0,0.6650,6,495,-0.156050
1867,28.000,瞬时请求候选,0x788,8,5,7,0,0,0.6650,6,495,-0.156050
1868,28.000,瞬时请求候选,0x788,8,6,3,0,0,0.6650,6,495,-0.156050
1869,28.000,瞬时请求候选,0x788,8,6,4,0,0,0.6650,6,495,-0.156050
1870,28.000,瞬时请求候选,0x788,8,6,6,0,0,0.6650,6,495,-0.156050
1871,28.000,瞬时请求候选,0x788,8,6,7,1,1,0.6650,6,494,-0.157250
1872,28.000,瞬时请求候选,0x788,8,7,0,0,0,0.6650,6,495,-0.156050
1873,28.000,瞬时请求候选,0x788,8,7,1,0,0,0.6650,6,495,-0.156050
1874,28.000,瞬时请求候选,0x788,8,7,4,0,0,0.6650,6,495,-0.156050
1875,28.000,瞬时请求候选,0x78A,8,2,0,0,0,0.5725,6,633,-0.223700
1876,28.000,瞬时请求候选,0x78A,8,2,1,0,0,0.5700,6,423,-0.223450
1877,28.000,瞬时请求候选,0x78A,8,4,0,0,0,0.6400,6,319,-0.174100
1878,28.000,瞬时请求候选,0x78A,8,4,1,0,0,0.7075,6,286,-0.173650
1879,28.000,瞬时请求候选,0x78A,8,4,2,1,1,0.7675,6,235,-0.024800
1880,28.000,瞬时请求候选,0x78A,8,4,3,0,0,0.7700,6,330,-0.124800
1881,28.000,瞬时请求候选,0x78A,8,4,4,0,0,0.7400,6,350,-0.174100
1882,28.000,瞬时请求候选,0x78A,8,4,5,1,1,0.6275,6,210,-0.124800
1883,28.000,瞬时请求候选,0x78A,8,4,6,0,0,0.7125,6,210,-0.024050
1884,28.000,瞬时请求候选,0x78A,8,4,7,1,1,0.5725,6,423,-0.124400
1885,28.000,瞬时请求候选,0x78A,8,5,0,0,0,0.5750,6,423,-0.174100
1886,28.000,瞬时请求候选,0x78A,8,5,1,0,0,0.7150,6,421,-0.124100
1887,28.000,瞬时请求候选,0x78A,8,5,2,1,1,0.7175,6,211,-0.124400
1888,28.000,瞬时请求候选,0x78A,8,5,3,0,0,0.7150,6,422,-0.124800
1889,28.000,瞬时请求候选,0x78A,8,5,4,0,0,0.7175,6,211,-0.074350
1890,28.000,瞬时请求候选,0x78A,8,5,6,0,0,0.8575,6,210,-0.024050
1891,28.000,瞬时请求候选,0x78A,8,6,0,0,不一致,0.5375,6,487,-0.223700
1892,28.000,瞬时请求候选,0x78A,8,6,1,1,1,0.5375,6,281,-0.024800
1893,28.000,瞬时请求候选,0x78A,8,6,2,1,1,0.5650,6,423,-0.174200
1894,28.000,瞬时请求候选,0x78A,8,6,3,0,0,0.5700,6,412,-0.124800
1895,28.000,瞬时请求候选,0x78A,8,6,4,0,0,0.5800,6,422,-0.223450
1896,28.000,瞬时请求候选,0x78A,8,6,5,0,0,0.7075,6,211,-0.074050
1897,28.000,瞬时请求候选,0x78A,8,6,6,0,0,0.7125,6,211,-0.074050
1898,28.000,瞬时请求候选,0x78A,8,6,7,0,0,0.7125,6,420,-0.223700
1899,28.000,瞬时请求候选,0x78A,8,7,0,0,0,0.7175,6,211,-0.074350
1900,28.000,瞬时请求候选,0x78A,8,7,1,0,0,0.7125,6,211,-0.074050
1901,28.000,瞬时请求候选,0x78A,8,7,3,0,0,0.7175,6,211,-0.074350
1902,28.000,瞬时请求候选,0x78A,8,7,4,0,0,0.8575,6,210,-0.024050
1903,28.000,瞬时请求候选,0x78A,8,7,6,0,0,0.8575,6,210,-0.024050
1904,28.000,瞬时请求候选,0x798,8,0,0,0,0,0.5725,6,633,-0.245400
1905,28.000,瞬时请求候选,0x798,8,0,1,0,0,0.5700,6,423,-0.244200
1906,28.000,瞬时请求候选,0x798,8,0,3,不一致,0,0.5900,6,401,-0.244200
1907,28.000,瞬时请求候选,0x798,8,0,4,0,0,0.7125,6,336,-0.046350
1908,28.000,瞬时请求候选,0x798,8,0,5,0,0,0.8975,6,138,-0.044950
1909,28.000,瞬时请求候选,0x798,8,0,6,1,1,0.7000,6,331,-0.146700
1910,28.000,瞬时请求候选,0x798,8,0,7,不一致,0,0.5825,6,527,-0.245400
1911,28.000,瞬时请求候选,0x798,8,1,0,不一致,0,0.5325,6,612,-0.246200
1912,28.000,瞬时请求候选,0x798,8,1,1,0,0,0.6375,6,211,-0.096750
1913,28.000,瞬时请求候选,0x798,8,1,2,不一致,1,0.5350,6,509,-0.245400
1914,28.000,瞬时请求候选,0x798,8,1,3,0,0,0.8525,6,214,-0.095350
1915,28.000,瞬时请求候选,0x798,8,1,4,0,0,0.7150,6,421,-0.195550
1916,28.000,瞬时请求候选,0x798,8,1,5,0,0,0.6425,6,375,-0.245400
1917,28.000,瞬时请求候选,0x798,8,1,6,0,0,0.7750,6,274,-0.144950
1918,28.000,瞬时请求候选,0x798,8,1,7,1,1,0.5350,6,249,-0.244200
1919,28.000,瞬时请求候选,0x798,8,2,1,0,0,0.5675,6,418,-0.245400
1920,28.000,瞬时请求候选,0x798,8,2,2,0,0,0.8550,6,212,0.054400
1921,28.000,瞬时请求候选,0x798,8,2,3,0,0,0.8600,6,209,-0.145600
1922,28.000,瞬时请求候选,0x798,8,2,4,0,0,0.7125,6,211,-0.096100
1923,28.000,瞬时请求候选,0x798,8,2,5,0,0,0.7100,6,422,-0.195350
1924,28.000,瞬时请求候选,0x798,8,3,0,0,0,0.6625,6,332,-0.095650
1925,28.000,瞬时请求候选,0x798,8,3,1,0,0,0.6500,6,324,-0.244200
1926,28.000,瞬时请求候选,0x798,8,3,2,0,0,0.7750,6,211,-0.095600
1927,28.000,瞬时请求候选,0x798,8,3,3,0,0,0.7125,6,420,-0.245400
1928,28.000,瞬时请求候选,0x798,8,3,4,0,0,0.8500,6,216,-0.095350
1929,28.000,瞬时请求候选,0x798,8,3,5,0,0,0.8550,6,215,-0.145600
1930,28.000,瞬时请求候选,0x798,8,3,6,0,0,0.5775,6,211,-0.046800
1931,28.000,瞬时请求候选,0x798,8,3,7,0,0,0.8575,6,211,0.003850
1932,28.000,瞬时请求候选,0x798,8,4,0,0,0,0.8550,6,210,-0.095350
1933,28.000,瞬时请求候选,0x798,8,4,1,0,0,0.7125,6,211,-0.095400
1934,28.000,瞬时请求候选,0x798,8,4,2,0,0,0.8150,6,196,-0.096100
1935,28.000,瞬时请求候选,0x798,8,4,3,不一致,0,0.5550,6,350,-0.244200
1936,28.000,瞬时请求候选,0x798,8,4,4,0,0,0.6775,6,349,-0.195550
1937,28.000,瞬时请求候选,0x798,8,4,5,0,0,0.6675,6,441,-0.194200
1938,28.000,瞬时请求候选,0x798,8,5,0,0,0,0.7125,6,210,-0.045650
1939,28.000,瞬时请求候选,0x798,8,5,1,0,0,0.7175,6,420,-0.245400
1940,28.000,瞬时请求候选,0x798,8,5,2,0,0,0.8550,6,210,-0.095350
1941,28.000,瞬时请求候选,0x798,8,5,3,0,0,0.7125,6,211,-0.095400
1942,28.000,瞬时请求候选,0x798,8,7,0,1,1,0.7000,6,321,-0.145400
1943,28.000,瞬时请求候选,0x798,8,7,1,0,0,0.5575,6,509,-0.246200
1944,28.000,瞬时请求候选,0x798,8,7,2,1,1,0.5525,6,416,-0.195650
1945,28.000,瞬时请求候选,0x798,8,7,3,1,不一致,0.5800,6,355,-0.146800
1946,28.000,瞬时请求候选,0x798,8,7,4,不一致,1,0.5200,6,390,-0.144950
1947,28.000,瞬时请求候选,0x798,8,7,5,不一致,1,0.5525,6,372,-0.144950
1948,28.000,瞬时请求候选,0x798,8,7,6,0,不一致,0.5375,6,350,-0.046200
1949,28.000,瞬时请求候选,0x798,8,7,7,不一致,1,0.5125,6,455,-0.246200
1950,28.000,瞬时请求候选,0x7A8,8,0,0,0,0,0.6650,6,491,-0.211950
1951,28.000,瞬时请求候选,0x7A8,8,0,1,0,0,0.6650,6,492,-0.162700
1952,28.000,瞬时请求候选,0x7A8,8,0,4,0,0,0.6700,6,491,-0.210800
1953,28.000,瞬时请求候选,0x7A8,8,0,5,0,0,0.6700,6,493,-0.210800
1954,28.000,瞬时请求候选,0x7A8,8,0,6,0,0,0.6700,6,493,-0.210800
1955,28.000,瞬时请求候选,0x7A8,8,0,7,0,0,0.6700,6,493,-0.210800
1956,28.000,瞬时请求候选,0x7A8,8,1,2,0,0,0.6700,6,493,-0.210800
1957,28.000,瞬时请求候选,0x7A8,8,1,3,0,0,0.6700,6,493,-0.210800
1958,28.000,瞬时请求候选,0x7A8,8,1,6,1,1,0.6650,6,491,-0.211950
1959,28.000,瞬时请求候选,0x7A8,8,1,7,0,0,0.6700,6,493,-0.210800
1960,28.000,瞬时请求候选,0x7A8,8,2,0,不一致,不一致,0.5525,6,494,-0.210800
1961,28.000,瞬时请求候选,0x7A8,8,2,1,0,0,0.8300,6,238,0.038150
1962,28.000,瞬时请求候选,0x7A8,8,2,2,0,0,0.8175,6,259,-0.110600
1963,28.000,瞬时请求候选,0x7A8,8,2,3,0,0,0.6700,6,484,-0.162700
1964,28.000,瞬时请求候选,0x7A8,8,2,6,0,0,0.6650,6,492,-0.162700
1965,28.000,瞬时请求候选,0x7A8,8,2,7,1,1,0.6650,6,491,-0.211950
1966,28.000,瞬时请求候选,0x7A8,8,3,0,1,1,0.6650,6,491,-0.211950
1967,28.000,瞬时请求候选,0x7A8,8,3,1,1,1,0.6650,6,491,-0.211950
1968,28.000,瞬时请求候选,0x7A8,8,3,2,0,0,0.6650,6,492,-0.162700
1969,28.000,瞬时请求候选,0x7A8,8,3,5,0,0,0.6700,6,493,-0.210800
1970,28.000,瞬时请求候选,0x7A8,8,3,6,0,0,0.6700,6,493,-0.210800
1971,28.000,瞬时请求候选,0x7A8,8,4,0,0,0,0.6650,6,491,-0.211950
1972,28.000,瞬时请求候选,0x7A8,8,4,1,0,0,0.6650,6,491,-0.211950
1973,28.000,瞬时请求候选,0x7A8,8,4,2,0,0,0.6650,6,491,-0.211950
1974,28.000,瞬时请求候选,0x7A8,8,4,3,0,0,0.6650,6,491,-0.211950
1975,28.000,瞬时请求候选,0x7A8,8,4,4,0,0,0.6650,6,491,-0.211950
1976,28.000,瞬时请求候选,0x7A8,8,4,5,0,0,0.6650,6,491,-0.211950
1977,28.000,瞬时请求候选,0x7A8,8,4,6,0,0,0.6650,6,491,-0.211950
1978,28.000,瞬时请求候选,0x7A8,8,4,7,0,0,0.6650,6,491,-0.211950
1979,28.000,瞬时请求候选,0x7A8,8,5,0,1,1,0.6700,6,493,-0.210800
1980,28.000,瞬时请求候选,0x7A8,8,5,1,0,0,0.6650,6,492,-0.162700
1981,28.000,瞬时请求候选,0x7A8,8,5,2,0,0,0.6650,6,492,-0.162700
1982,28.000,瞬时请求候选,0x7A8,8,5,5,0,0,0.6650,6,491,-0.211950
1983,28.000,瞬时请求候选,0x7A8,8,5,7,0,0,0.6650,6,491,-0.211950
1984,28.000,瞬时请求候选,0x7A8,8,6,1,0,0,0.6700,6,493,-0.210800
1985,28.000,瞬时请求候选,0x7A8,8,6,3,0,0,0.6650,6,491,-0.211950
1986,28.000,瞬时请求候选,0x7A8,8,6,4,0,0,0.6800,6,473,-0.211950
1987,28.000,瞬时请求候选,0x7A8,8,6,6,0,0,0.6650,6,489,-0.211950
1988,28.000,瞬时请求候选,0x7A8,8,6,7,1,1,0.6650,6,492,-0.162700
1989,28.000,瞬时请求候选,0x7A8,8,7,0,0,0,0.6650,6,491,-0.211950
1990,28.000,瞬时请求候选,0x7A8,8,7,1,0,0,0.6650,6,491,-0.211950
1991,28.000,瞬时请求候选,0x7A8,8,7,4,0,0,0.6650,6,491,-0.211950
1992,28.000,瞬时请求候选,0x7AA,8,0,0,0,0,0.5385,6,895,-0.178450
1993,28.000,瞬时请求候选,0x7AA,8,0,1,0,0,0.5385,6,448,-0.108600
1994,28.000,瞬时请求候选,0x7AA,8,0,2,0,0,0.6154,6,291,-0.108600
1995,28.000,瞬时请求候选,0x7AA,8,0,3,0,0,0.6154,6,145,-0.029150
1996,28.000,瞬时请求候选,0x7AA,8,0,4,0,0,0.8212,6,301,0.121350
1997,28.000,瞬时请求候选,0x7AA,8,0,5,0,0,0.8231,6,208,0.121350
1998,28.000,瞬时请求候选,0x7AA,8,0,6,0,0,0.7365,6,449,-0.029150
1999,28.000,瞬时请求候选,0x7AA,8,0,7,0,0,0.8462,6,297,-0.029150
2000,28.000,瞬时请求候选,0x7AA,8,1,0,0,0,0.6231,6,507,-0.108450
2001,28.000,瞬时请求候选,0x7AA,8,1,1,0,0,0.7154,6,391,-0.143500
2002,28.000,瞬时请求候选,0x7AA,8,1,2,0,0,0.6808,6,494,-0.109250
2003,28.000,瞬时请求候选,0x7AA,8,1,3,0,0,0.6077,6,572,-0.142700
2004,28.000,瞬时请求候选,0x7AA,8,1,4,0,0,0.7865,6,376,-0.143500
2005,28.000,瞬时请求候选,0x7AA,8,1,5,0,0,0.5615,6,654,-0.029300
2006,28.000,瞬时请求候选,0x7AA,8,1,6,0,0,0.5500,6,752,-0.177950
2007,28.000,瞬时请求候选,0x7AA,8,1,7,0,0,0.6288,6,511,-0.177950
2008,28.000,瞬时请求候选,0x7AA,8,2,0,0,0,0.6019,6,417,0.050650
2009,28.000,瞬时请求候选,0x7AA,8,2,1,不一致,1,0.5500,6,624,-0.178450
2010,28.000,瞬时请求候选,0x7AA,8,2,2,1,1,0.5250,6,565,-0.178450
2011,28.000,瞬时请求候选,0x7AA,8,2,3,0,0,0.5904,6,386,-0.029150
2012,28.000,瞬时请求候选,0x7AA,8,2,4,0,0,0.8135,6,302,0.161750
2013,28.000,瞬时请求候选,0x7AA,8,2,5,0,0,0.7346,6,303,0.200900
2014,28.000,瞬时请求候选,0x7AA,8,2,6,0,0,0.8038,6,302,0.161450
2015,28.000,瞬时请求候选,0x7AA,8,2,7,0,0,0.5865,6,448,-0.029150
2016,28.000,瞬时请求候选,0x7AA,8,3,0,0,0,0.5577,6,435,-0.177750
2017,28.000,瞬时请求候选,0x7AA,8,3,1,0,0,0.7365,6,337,-0.177900
2018,28.000,瞬时请求候选,0x7AA,8,3,2,不一致,不一致,0.5385,6,491,-0.143500
2019,28.000,瞬时请求候选,0x7AA,8,3,3,0,0,0.5885,6,658,-0.107850
2020,28.000,瞬时请求候选,0x7AA,8,3,4,0,0,0.5615,6,578,-0.029300
2021,28.000,瞬时请求候选,0x7AA,8,3,5,1,1,0.6077,6,519,-0.177950
2022,28.000,瞬时请求候选,0x7AA,8,3,6,0,0,0.6269,6,529,0.121350
2023,28.000,瞬时请求候选,0x7AA,8,3,7,1,1,0.5365,6,527,-0.177950
2024,28.000,瞬时请求候选,0x7AA,8,4,0,0,0,0.7173,6,409,-0.063650
2025,28.000,瞬时请求候选,0x7AA,8,4,1,0,0,0.6500,6,409,-0.109300
2026,28.000,瞬时请求候选,0x7AA,8,4,2,不一致,0,0.5269,6,424,-0.143500
2027,28.000,瞬时请求候选,0x7AA,8,4,3,0,0,0.7192,6,415,-0.063850
2028,28.000,瞬时请求候选,0x7AA,8,4,4,0,0,0.7404,6,283,-0.177950
2029,28.000,瞬时请求候选,0x7AA,8,4,5,0,0,0.7538,6,367,0.121150
2030,28.000,瞬时请求候选,0x7AA,8,4,6,0,0,0.8019,6,312,-0.177750
2031,28.000,瞬时请求候选,0x7AA,8,4,7,0,0,0.7635,6,298,0.236600
2032,28.000,瞬时请求候选,0x7AA,8,5,0,0,0,0.6192,6,352,0.050650
2033,28.000,瞬时请求候选,0x7AA,8,5,1,0,0,0.7269,6,318,0.121350
2034,28.000,瞬时请求候选,0x7AA,8,5,2,0,0,0.9115,6,163,0.121350
2035,28.000,瞬时请求候选,0x7AA,8,5,3,0,0,0.7462,6,333,-0.029150
2036,28.000,瞬时请求候选,0x7AA,8,5,4,0,0,0.6923,6,303,0.201050
2037,28.000,瞬时请求候选,0x7AA,8,5,5,0,0,0.9231,6,150,0.512050
2038,28.000,瞬时请求候选,0x7AA,8,5,6,0,0,0.9231,6,150,0.512050
2039,28.000,瞬时请求候选,0x7AA,8,5,7,0,0,0.8462,6,151,0.430600
2040,28.000,瞬时请求候选,0x7AA,8,6,0,0,0,0.6327,6,516,-0.177750
2041,28.000,瞬时请求候选,0x7AA,8,6,1,0,0,0.7096,6,391,-0.178450
2042,28.000,瞬时请求候选,0x7AA,8,6,2,0,0,0.7942,6,404,-0.029300
2043,28.000,瞬时请求候选,0x7AA,8,6,3,0,0,0.7038,6,399,-0.177950
2044,28.000,瞬时请求候选,0x7AA,8,6,4,0,0,0.6462,6,447,-0.109250
2045,28.000,瞬时请求候选,0x7AA,8,6,5,0,0,0.7135,6,407,-0.177950
2046,28.000,瞬时请求候选,0x7AA,8,6,6,0,0,0.8250,6,293,-0.177950
2047,28.000,瞬时请求候选,0x7AA,8,6,7,0,0,0.7692,6,298,-0.029150
2048,28.000,瞬时请求候选,0x7AA,8,7,0,0,0,0.7692,6,296,-0.108600
2049,28.000,瞬时请求候选,0x7AA,8,7,1,0,0,0.8462,6,301,0.050650
2050,28.000,瞬时请求候选,0x7AA,8,7,2,0,0,0.7692,6,453,0.050650
2051,28.000,瞬时请求候选,0x7AA,8,7,3,1,1,0.5385,6,449,-0.108600
2052,28.000,瞬时请求候选,0x7AA,8,7,4,0,0,0.8462,6,292,-0.108600
2053,28.000,瞬时请求候选,0x7AA,8,7,5,0,0,0.6923,6,297,-0.108600
2054,28.000,瞬时请求候选,0x7AA,8,7,6,0,0,0.9231,6,150,0.512050
2055,28.000,瞬时请求候选,0x7B8,8,0,0,0,0,0.5725,6,635,-0.199950
2056,28.000,瞬时请求候选,0x7B8,8,0,1,0,0,0.5725,6,423,-0.198850
2057,28.000,瞬时请求候选,0x7B8,8,0,3,0,0,0.7050,6,268,-0.099800
2058,28.000,瞬时请求候选,0x7B8,8,0,4,0,0,0.6475,6,270,-0.100450
2059,28.000,瞬时请求候选,0x7B8,8,0,5,1,1,0.5200,6,332,-0.198850
2060,28.000,瞬时请求候选,0x7B8,8,0,6,0,0,0.6550,6,411,-0.199950
2061,28.000,瞬时请求候选,0x7B8,8,0,7,0,0,0.6300,6,414,-0.199950
2062,28.000,瞬时请求候选,0x7B8,8,1,0,0,0,0.7150,6,211,-0.000150
2063,28.000,瞬时请求候选,0x7B8,8,1,1,0,0,0.5725,6,422,-0.198850
2064,28.000,瞬时请求候选,0x7B8,8,1,4,0,0,0.5700,6,422,-0.199950
2065,28.000,瞬时请求候选,0x7B8,8,1,5,0,0,0.7625,6,231,-0.001300
2066,28.000,瞬时请求候选,0x7B8,8,1,6,不一致,0,0.5875,6,375,-0.198850
2067,28.000,瞬时请求候选,0x7B8,8,1,7,0,0,0.6775,6,385,-0.101350
2068,28.000,瞬时请求候选,0x7B8,8,2,0,0,0,0.5550,6,585,-0.199950
2069,28.000,瞬时请求候选,0x7B8,8,2,1,0,0,0.7400,6,387,-0.099450
2070,28.000,瞬时请求候选,0x7B8,8,2,2,0,0,0.8575,6,213,0.099850
2071,28.000,瞬时请求候选,0x7B8,8,2,3,0,0,0.7150,6,414,-0.199950
2072,28.000,瞬时请求候选,0x7B8,8,2,4,0,0,0.5725,6,425,-0.149800
2073,28.000,瞬时请求候选,0x7B8,8,2,5,0,0,0.7125,6,212,-0.049950
2074,28.000,瞬时请求候选,0x7B8,8,2,6,0,0,0.7125,6,213,-0.001300
2075,28.000,瞬时请求候选,0x7B8,8,3,0,0,0,0.6400,6,399,-0.199950
2076,28.000,瞬时请求候选,0x7B8,8,3,1,0,0,0.8200,6,237,-0.098800
2077,28.000,瞬时请求候选,0x7B8,8,3,2,0,0,0.7675,6,316,-0.100150
2078,28.000,瞬时请求候选,0x7B8,8,3,3,0,0,0.7300,6,389,-0.101350
2079,28.000,瞬时请求候选,0x7B8,8,3,4,0,0,0.5675,6,452,-0.199950
2080,28.000,瞬时请求候选,0x7B8,8,3,5,0,0,0.7375,6,400,-0.101350
2081,28.000,瞬时请求候选,0x7B8,8,3,6,0,0,0.7100,6,219,-0.050450
2082,28.000,瞬时请求候选,0x7B8,8,3,7,1,1,0.6975,6,427,-0.200050
2083,28.000,瞬时请求候选,0x7B8,8,4,0,0,0,0.7100,6,424,-0.099950
2084,28.000,瞬时请求候选,0x7B8,8,4,2,不一致,不一致,0.5900,6,355,-0.099450
2085,28.000,瞬时请求候选,0x7B8,8,4,3,0,0,0.6700,6,362,-0.101100
2086,28.000,瞬时请求候选,0x7B8,8,4,5,0,0,0.7150,6,419,-0.099800
2087,28.000,瞬时请求候选,0x7B8,8,4,6,0,0,0.7150,6,429,-0.199950
2088,28.000,瞬时请求候选,0x7B8,8,4,7,0,0,0.7125,6,429,-0.100150
2089,28.000,瞬时请求候选,0x7B8,8,5,0,0,0,0.7150,6,424,-0.099950
2090,28.000,瞬时请求候选,0x7B8,8,5,1,0,0,0.5725,6,634,-0.200600
2091,28.000,瞬时请求候选,0x7B8,8,5,2,0,0,0.7150,6,211,-0.050450
2092,28.000,瞬时请求候选,0x7B8,8,7,0,不一致,0,0.5825,6,386,-0.198850
2093,28.000,瞬时请求候选,0x7B8,8,7,1,不一致,不一致,0.5400,6,347,-0.150200
2094,28.000,瞬时请求候选,0x7B8,8,7,2,0,0,0.5775,6,280,-0.099200
2095,28.000,瞬时请求候选,0x7B8,8,7,3,不一致,0,0.5550,6,381,-0.100750
2096,28.000,瞬时请求候选,0x7B8,8,7,4,不一致,不一致,0.5425,6,354,-0.101350
2097,28.000,瞬时请求候选,0x7B8,8,7,5,不一致,1,0.5350,6,278,-0.148800
2098,28.000,瞬时请求候选,0x7B8,8,7,6,不一致,1,0.5275,6,380,-0.099450
2099,28.000,瞬时请求候选,0x7B8,8,7,7,不一致,不一致,0.5200,6,295,-0.101400
2100,28.000,瞬时请求候选,0x7FF,8,0,0,1,1,0.5575,6,656,-0.206800
2101,28.000,瞬时请求候选,0x7FF,8,0,1,0,0,0.5575,6,328,-0.107300
2102,28.000,瞬时请求候选,0x7FF,8,0,3,0,0,0.7775,6,164,0.043000
2103,28.000,瞬时请求候选,0x7FF,8,1,0,1,1,0.6700,6,163,-0.057300
2104,28.000,瞬时请求候选,0x7FF,8,1,1,0,0,0.6650,6,329,-0.056350
2105,28.000,瞬时请求候选,0x7FF,8,1,2,0,0,0.6650,6,327,-0.156750
2106,28.000,瞬时请求候选,0x7FF,8,1,3,0,0,0.7775,6,327,-0.156250
2107,28.000,瞬时请求候选,0x7FF,8,1,4,0,0,0.7775,6,165,0.093700
2108,28.000,瞬时请求候选,0x7FF,8,1,5,1,1,0.5600,6,493,-0.205950
2109,28.000,瞬时请求候选,0x7FF,8,1,6,0,0,0.7775,6,330,0.043100
2110,28.000,瞬时请求候选,0x7FF,8,1,7,0,0,0.6650,6,327,-0.156750
2111,28.000,瞬时请求候选,0x7FF,8,2,0,0,0,0.8875,6,164,0.045250
2112,28.000,瞬时请求候选,0x7FF,8,2,1,0,0,0.5550,6,491,-0.206550
2113,28.000,瞬时请求候选,0x7FF,8,2,2,0,0,0.7775,6,165,0.143100
2114,28.000,瞬时请求候选,0x7FF,8,2,3,0,0,0.6625,6,330,-0.106650
2115,28.000,瞬时请求候选,0x7FF,8,2,4,0,0,0.7775,6,326,-0.206550
2116,28.000,瞬时请求候选,0x7FF,8,2,5,0,0,0.5575,6,329,-0.155450
2117,28.000,瞬时请求候选,0x7FF,8,2,6,0,0,0.7750,6,329,-0.106200
2118,28.000,瞬时请求候选,0x7FF,8,2,7,0,0,0.7775,6,327,-0.156300
2119,28.000,瞬时请求候选,0x7FF,8,3,0,0,0,0.6675,6,492,-0.156650
2120,28.000,瞬时请求候选,0x7FF,8,3,1,0,0,0.8875,6,165,0.242950
2121,28.000,瞬时请求候选,0x7FF,8,3,2,0,0,0.7800,6,329,-0.056550
2122,28.000,瞬时请求候选,0x7FF,8,3,3,0,0,0.7775,6,330,-0.105950
2123,28.000,瞬时请求候选,0x7FF,8,3,5,0,0,0.7775,6,330,-0.105950
2124,28.000,瞬时请求候选,0x7FF,8,3,6,0,0,0.6675,6,491,-0.156500
2125,28.000,瞬时请求候选,0x7FF,8,3,7,0,0,0.8875,6,164,0.045250
2126,28.000,瞬时请求候选,0x7FF,8,4,1,0,0,0.8875,6,165,0.242950
2127,28.000,瞬时请求候选,0x7FF,8,4,2,0,0,0.8900,6,166,0.244250
2128,28.000,瞬时请求候选,0x7FF,8,4,3,0,0,0.7775,6,330,0.043100
2129,28.000,瞬时请求候选,0x7FF,8,4,5,0,0,0.6650,6,164,-0.057200
2130,28.000,瞬时请求候选,0x7FF,8,4,6,0,0,0.5525,6,493,-0.156100
2131,28.000,瞬时请求候选,0x7FF,8,4,7,0,0,0.7775,6,165,0.093700
2132,28.000,瞬时请求候选,0x7FF,8,5,0,0,0,0.8900,6,166,0.244250
2133,28.000,瞬时请求候选,0x7FF,8,5,1,0,0,0.8875,6,165,0.192000
2134,28.000,瞬时请求候选,0x7FF,8,5,2,0,0,0.7775,6,328,-0.106650
2135,28.000,瞬时请求候选,0x7FF,8,5,3,0,0,0.8875,6,165,0.242950
2136,28.000,瞬时请求候选,0x7FF,8,5,4,0,0,0.8900,6,166,0.244250
2137,28.000,瞬时请求候选,0x7FF,8,5,5,0,0,0.7750,6,165,-0.006550
2138,28.000,瞬时请求候选,0x7FF,8,5,6,0,0,0.7775,6,165,0.143100
2139,28.000,瞬时请求候选,0x7FF,8,6,0,0,0,0.6675,6,328,-0.156100
2140,28.000,瞬时请求候选,0x7FF,8,6,1,0,0,0.5550,6,327,-0.106250
2141,28.000,瞬时请求候选,0x7FF,8,6,2,0,0,0.7750,6,165,-0.006550
2142,28.000,瞬时请求候选,0x7FF,8,6,3,0,0,0.7775,6,327,-0.107150
2143,28.000,瞬时请求候选,0x7FF,8,6,4,0,0,0.7750,6,330,-0.008000
2144,28.000,瞬时请求候选,0x7FF,8,6,5,0,0,0.6650,6,329,-0.156100
2145,28.000,瞬时请求候选,0x7FF,8,6,6,0,0,0.8875,6,165,0.242950
2146,28.000,瞬时请求候选,0x7FF,8,6,7,0,0,0.6675,6,329,-0.156350
2147,28.000,瞬时请求候选,0x7FF,8,7,4,0,0,0.8900,6,166,0.244250
2148,28.000,瞬时请求候选,0x7FF,8,7,5,0,0,0.7775,6,327,-0.156300
2149,28.000,瞬时请求候选,0x7FF,8,7,6,0,0,0.8900,6,162,-0.057200
2150,28.000,瞬时请求候选,0x7FF,8,7,7,0,0,0.7800,6,328,-0.156350
2151,27.600,瞬时请求候选,0x3A1,8,3,6,0,0,0.9812,5,62,0.139200
2152,27.400,瞬时请求候选,0x2E2,8,2,4,0,0,0.9250,5,63,0.554800
2153,27.200,瞬时请求候选,0x2E3,7,5,4,0,0,0.9050,5,64,0.953300
2154,27.200,瞬时请求候选,0x2F1,8,5,3,0,0,0.9475,5,64,1.024500
2155,27.200,瞬时请求候选,0x332,6,5,4,不一致,1,0.5500,5,64,0.562600
2156,27.200,瞬时请求候选,0x75D,8,0,7,0,0,0.9150,5,64,0.714300
2157,27.000,瞬时请求候选,0x2E3,7,5,6,0,0,0.9100,5,65,0.352700
2158,26.600,瞬时请求候选,0x2E3,7,1,2,0,0,0.8950,5,67,-0.046800
2159,26.600,瞬时请求候选,0x332,6,4,6,1,不一致,0.5750,5,67,0.563200
2160,26.600,瞬时请求候选,0x332,6,5,5,不一致,1,0.5250,5,67,0.562600
2161,26.000,瞬时请求候选,0x324,8,1,2,1,1,0.5500,5,70,0.546600
2162,25.600,瞬时请求候选,0x295,8,0,4,1,1,0.6667,5,72,0.243700
2163,25.400,瞬时请求候选,0x332,6,4,5,1,1,0.5000,5,73,0.563100
2164,25.200,瞬时请求候选,0x295,8,7,1,1,1,0.5000,5,74,0.243700
2165,25.200,瞬时请求候选,0x332,6,4,0,1,1,0.5000,5,74,0.563100
2166,24.600,瞬时请求候选,0x3B2,8,3,7,0,0,0.6945,5,77,0.009200
2167,24.400,周期字段（降权）,0x324,8,1,6,1,0,1.0000,1,4,1.543700
2168,24.400,瞬时请求候选,0x77A,8,1,4,1,1,0.6875,5,78,0.076100
2169,23.800,瞬时请求候选,0x3B2,8,1,4,不一致,0,0.7052,5,81,1.109700
2170,23.800,瞬时请求候选,0x3B2,8,7,5,0,0,0.7356,5,81,0.210600
2171,23.800,瞬时请求候选,0x709,8,5,3,0,0,0.7477,5,81,-0.089000
2172,23.600,瞬时请求候选,0x3B2,8,4,5,不一致,0,0.6754,5,82,0.210200
2173,23.400,瞬时请求候选,0x75D,8,6,6,0,0,0.8850,5,83,0.114500
2174,22.800,瞬时请求候选,0x372,8,4,5,0,0,0.9583,5,86,0.572500
2175,22.800,瞬时请求候选,0x3B2,8,2,1,不一致,0,0.7255,5,86,0.310200
2176,22.800,瞬时请求候选,0x709,8,1,2,0,0,0.6455,5,86,0.328500
2177,22.800,瞬时请求候选,0x709,8,3,5,0,0,0.6302,5,86,0.375100
2178,22.600,瞬时请求候选,0x3B2,8,3,1,0,0,0.7338,5,87,0.310200
2179,22.600,瞬时请求候选,0x75D,8,3,6,0,0,0.8900,5,87,0.114500
2180,22.400,瞬时请求候选,0x3B2,8,4,1,不一致,0,0.6224,5,88,0.211100
2181,22.200,瞬时请求候选,0x75D,8,3,5,0,0,0.8850,5,89,0.114500
2182,22.000,瞬时请求候选,0x75D,8,5,2,0,0,0.8800,5,90,0.114500
2183,21.600,瞬时请求候选,0x75D,8,1,4,0,0,0.8700,5,92,-0.085100
2184,21.400,瞬时请求候选,0x3B2,8,2,2,不一致,0,0.7823,5,93,-0.089200
2185,21.200,瞬时请求候选,0x4E3,8,3,3,0,0,0.9075,5,94,1.009500
2186,20.800,瞬时请求候选,0x4E3,8,3,1,0,0,0.9075,5,96,1.009500
2187,20.800,瞬时请求候选,0x4E3,8,3,5,0,0,0.9075,5,96,1.009500
2188,20.800,瞬时请求候选,0x4E3,8,3,7,0,0,0.9075,5,96,1.009500
2189,20.800,瞬时请求候选,0x4E3,8,4,0,0,0,0.9075,5,96,1.009500
2190,20.800,瞬时请求候选,0x4E3,8,4,1,0,0,0.9075,5,96,1.009500
2191,20.800,瞬时请求候选,0x4E3,8,4,2,0,0,0.9075,5,96,1.009500
2192,20.800,瞬时请求候选,0x4E3,8,4,3,0,0,0.9075,5,96,1.009500
2193,20.400,瞬时请求候选,0x295,8,0,2,1,1,0.5000,5,98,0.243700
2194,20.400,瞬时请求候选,0x295,8,0,3,1,1,0.6667,5,98,0.345100
2195,20.400,瞬时请求候选,0x295,8,0,6,0,0,0.6667,5,98,0.243700
2196,20.400,瞬时请求候选,0x295,8,2,1,0,0,0.6667,5,98,0.243700
2197,20.400,瞬时请求候选,0x295,8,2,3,0,0,0.6667,5,98,0.243700
2198,20.400,瞬时请求候选,0x379,8,5,6,0,0,0.9350,5,98,0.805500
2199,20.400,瞬时请求候选,0x3B2,8,5,1,0,0,0.6413,5,98,0.210200
2200,20.400,瞬时请求候选,0x709,8,5,1,0,0,0.6695,5,98,-0.089000
2201,20.200,瞬时请求候选,0x295,8,0,0,0,0,0.6667,5,99,0.243700
2202,20.200,瞬时请求候选,0x295,8,0,5,0,0,0.6667,5,99,0.294700
2203,20.200,瞬时请求候选,0x295,8,1,3,0,0,0.6667,5,99,0.243700
2204,20.200,瞬时请求候选,0x295,8,2,0,1,1,0.6667,5,99,0.243700
2205,20.200,瞬时请求候选,0x295,8,2,5,1,1,0.6667,5,99,0.243700
2206,20.200,瞬时请求候选,0x295,8,2,7,1,1,0.6667,5,99,0.243700
2207,20.200,瞬时请求候选,0x295,8,3,0,1,1,0.6667,5,99,0.243700
2208,20.200,瞬时请求候选,0x295,8,3,1,1,1,0.6667,5,99,0.243700
2209,20.200,瞬时请求候选,0x295,8,3,2,1,1,0.6667,5,99,0.243700
2210,20.200,瞬时请求候选,0x295,8,3,3,1,1,0.6667,5,99,0.243700
2211,20.200,瞬时请求候选,0x295,8,3,4,1,1,0.6667,5,99,0.243700
2212,20.200,瞬时请求候选,0x295,8,3,5,1,1,0.6667,5,99,0.243700
2213,20.200,瞬时请求候选,0x295,8,3,6,1,1,0.6667,5,99,0.243700
2214,20.200,瞬时请求候选,0x295,8,3,7,1,1,0.6667,5,99,0.243700
2215,20.200,瞬时请求候选,0x75D,8,1,0,0,0,0.8600,5,99,0.114500
2216,20.000,瞬时请求候选,0x129,8,4,1,0,0,0.9832,5,198,0.201600
2217,20.000,瞬时请求候选,0x129,8,4,2,0,0,0.9832,5,198,0.201600
2218,20.000,瞬时请求候选,0x129,8,4,3,0,0,0.9832,5,198,0.201600
2219,20.000,瞬时请求候选,0x129,8,4,4,0,0,0.9832,5,198,0.201600
2220,20.000,瞬时请求候选,0x129,8,4,5,0,0,0.9832,5,198,0.201600
2221,20.000,瞬时请求候选,0x129,8,4,6,0,0,0.9832,5,198,0.201600
2222,20.000,瞬时请求候选,0x129,8,4,7,0,0,0.9832,5,198,0.201600
2223,20.000,瞬时请求候选,0x129,8,5,0,0,0,0.9832,5,198,0.201600
2224,20.000,瞬时请求候选,0x129,8,5,1,0,0,0.9832,5,198,0.201600
2225,20.000,瞬时请求候选,0x129,8,5,2,0,0,0.9832,5,198,0.201600
2226,20.000,瞬时请求候选,0x129,8,5,3,0,0,0.9832,5,198,0.201600
2227,20.000,瞬时请求候选,0x129,8,5,4,0,0,0.9832,5,198,0.201600
2228,20.000,瞬时请求候选,0x129,8,5,5,1,1,0.9832,5,198,0.201600
2229,20.000,瞬时请求候选,0x20C,8,5,4,0,0,0.8200,5,122,1.202200
2230,20.000,瞬时请求候选,0x20C,8,5,5,1,1,0.8200,5,122,1.202200
2231,20.000,瞬时请求候选,0x295,8,7,0,1,1,0.5000,5,148,0.243700
2232,20.000,瞬时请求候选,0x2C3,8,2,3,不一致,不一致,0.6125,5,566,-0.154400
2233,20.000,瞬时请求候选,0x2C3,8,3,6,1,1,0.7000,5,489,-0.153400
2234,20.000,瞬时请求候选,0x2C3,8,3,7,1,不一致,0.6000,5,613,-0.153400
2235,20.000,瞬时请求候选,0x2C3,8,4,0,1,1,0.7000,5,489,-0.153400
2236,20.000,瞬时请求候选,0x2C3,8,4,1,1,不一致,0.6000,5,613,-0.153400
2237,20.000,瞬时请求候选,0x2C3,8,7,3,1,不一致,0.6000,5,616,-0.153400
2238,20.000,瞬时请求候选,0x2C3,8,7,4,0,1,0.8000,5,257,-0.152400
2239,20.000,瞬时请求候选,0x2F1,8,1,2,0,0,0.9000,5,135,0.523200
2240,20.000,瞬时请求候选,0x379,8,2,4,0,0,0.8175,5,140,0.104200
2241,20.000,瞬时请求候选,0x39A,8,5,2,0,0,0.8325,5,305,-0.062000
2242,20.000,瞬时请求候选,0x39A,8,5,3,0,1,0.5850,5,564,-0.160900
2243,20.000,瞬时请求候选,0x3A2,8,2,7,0,0,0.9521,5,170,0.104700
2244,20.000,瞬时请求候选,0x3A2,8,3,2,0,0,0.9513,5,170,0.400800
2245,20.000,瞬时请求候选,0x3B2,8,5,3,不一致,0,0.6285,5,100,0.210200
2246,20.000,瞬时请求候选,0x3B2,8,5,6,0,0,0.6360,5,110,-0.089800
2247,20.000,瞬时请求候选,0x3B2,8,7,4,不一致,0,0.6567,5,100,0.210600
2248,20.000,瞬时请求候选,0x441,8,7,1,0,0,0.8838,5,285,-0.090900
2249,20.000,瞬时请求候选,0x45A,8,5,1,不一致,不一致,0.5875,5,1221,-0.244100
2250,20.000,瞬时请求候选,0x545,8,5,3,0,0,0.9727,5,108,0.580600
2251,20.000,瞬时请求候选,0x709,8,1,1,0,0,0.6695,5,102,0.093600
2252,20.000,瞬时请求候选,0x709,8,1,4,0,0,0.6378,5,116,-0.089000
2253,20.000,瞬时请求候选,0x75D,8,1,2,0,0,0.8450,5,114,-0.085100
2254,20.000,瞬时请求候选,0x75D,8,1,5,0,0,0.8650,5,103,0.303900
2255,20.000,瞬时请求候选,0x798,8,4,6,0,0,0.8975,5,148,0.153700
2256,20.000,瞬时请求候选,0x7A8,8,0,2,0,0,0.7100,5,401,-0.210200
2257,20.000,瞬时请求候选,0x7A8,8,2,4,0,0,0.6875,5,429,-0.210200
2258,20.000,瞬时请求候选,0x7B8,8,4,4,0,0,0.9150,5,117,0.502200
2259,19.400,周期字段（降权）,0x32A,5,0,3,1,0,1.0000,0,4,
2260,19.400,周期字段（降权）,0x32A,5,4,3,0,1,1.0000,0,4,
2261,19.400,瞬时请求候选,0x23A,8,1,7,1,0,0.7500,3,23,0.607600
2262,18.400,瞬时请求候选,0x23A,8,1,2,1,0,0.7500,3,28,0.608600
2263,18.400,瞬时请求候选,0x23A,8,1,3,1,0,0.7250,3,28,0.607600
2264,13.600,瞬时请求候选,0x3C9,8,0,2,0,1,0.6000,2,12,0.539750
2265,12.400,瞬时请求候选,0x23A,8,2,0,1,0,0.7250,2,18,0.607350
2266,12.000,瞬时请求候选,0x2C3,8,3,4,1,0,0.7000,4,483,-0.153700
2267,12.000,瞬时请求候选,0x2C3,8,3,5,1,0,0.7000,4,483,-0.153700
2268,10.000,瞬时请求候选,0x23A,8,1,1,1,0,0.7250,2,30,0.608100
2269,7.200,瞬时请求候选,0x3B2,8,0,5,0,1,0.9165,1,4,1.909900
2270,6.800,瞬时请求候选,0x324,8,1,1,0,1,0.8750,1,6,0.538100
2271,6.400,瞬时请求候选,0x23A,8,5,5,0,1,0.7750,1,8,0.607600
2272,-15.400,周期字段（降权）,0x284,8,6,7,1,1,0.5000,6,17,0.792550
2273,-15.400,周期字段（降权）,0x313,8,7,7,1,1,0.5000,6,17,0.892450
2274,-15.400,周期字段（降权）,0x321,8,6,6,1,1,0.5000,6,17,0.759200
2275,-15.400,周期字段（降权）,0x321,8,7,6,1,1,0.5000,6,17,0.759200
2276,-17.000,周期字段（降权）,0x782,8,0,0,不一致,不一致,0.6667,6,25,0.412900
2277,-18.800,周期字段（降权）,0x284,8,6,6,1,1,0.5000,6,34,-0.196750
2278,-18.800,周期字段（降权）,0x313,8,7,6,1,1,0.5000,6,34,-0.095950
2279,-18.800,周期字段（降权）,0x321,8,6,5,1,1,0.5000,6,34,-0.240650
2280,-18.800,周期字段（降权）,0x321,8,7,5,1,1,0.5000,6,34,-0.240650
2281,-19.000,周期字段（降权）,0x213,2,1,6,1,不一致,0.5059,6,35,0.003750
2282,-19.000,周期字段（降权）,0x52F,8,5,5,1,1,0.5250,6,35,0.692150
2283,-19.200,周期字段（降权）,0x238,8,7,6,1,1,0.5000,6,36,0.742450
2284,-19.200,周期字段（降权）,0x293,8,7,6,1,1,0.5000,6,36,0.938550
2285,-19.200,周期字段（降权）,0x313,8,6,6,1,1,0.5000,6,36,0.887550
2286,-19.200,周期字段（降权）,0x324,8,1,3,1,1,0.5250,6,36,1.540800
2287,-19.200,周期字段（降权）,0x407,8,0,2,1,1,0.5000,6,36,0.894650
2288,-19.200,周期字段（降权）,0x443,6,0,2,1,1,0.5000,6,36,0.958000
2289,-19.400,周期字段（降权）,0x284,8,7,6,1,1,0.5000,6,37,0.302900
2290,-19.400,周期字段（降权）,0x293,8,6,6,1,1,0.5000,6,37,0.453000
2291,-19.400,周期字段（降权）,0x334,8,6,6,1,1,0.5000,6,37,0.103000
2292,-19.400,周期字段（降权）,0x334,8,7,6,1,1,0.5000,6,37,0.103000
2293,-19.400,周期字段（降权）,0x348,8,4,1,1,1,0.5000,6,37,0.193000
2294,-19.400,周期字段（降权）,0x366,8,0,1,1,1,0.5000,6,37,0.221600
2295,-19.400,周期字段（降权）,0x366,8,0,2,1,1,0.5000,6,37,0.221600
2296,-19.400,周期字段（降权）,0x366,8,2,0,1,1,0.5000,6,37,0.221600
2297,-19.400,周期字段（降权）,0x366,8,3,0,1,1,0.5000,6,37,0.221600
2298,-19.400,周期字段（降权）,0x366,8,4,2,1,1,0.5000,6,37,0.221600
2299,-19.400,周期字段（降权）,0x366,8,4,3,1,1,0.5000,6,37,0.221600
2300,-19.400,周期字段（降权）,0x366,8,4,4,1,1,0.5000,6,37,0.221600
2301,-19.400,周期字段（降权）,0x366,8,5,0,1,1,0.5000,6,37,0.221600
2302,-19.400,周期字段（降权）,0x366,8,6,2,1,1,0.5000,6,37,0.221600
2303,-19.400,周期字段（降权）,0x366,8,6,3,1,1,0.5000,6,37,0.221600
2304,-19.400,周期字段（降权）,0x366,8,7,0,1,1,0.5000,6,37,0.221600
2305,-19.400,周期字段（降权）,0x38B,8,4,4,1,1,0.5000,6,37,0.398550
2306,-19.400,周期字段（降权）,0x39B,8,6,6,1,1,0.5000,6,37,0.901300
2307,-19.400,周期字段（降权）,0x3CC,8,3,0,1,1,0.5000,6,37,0.263400
2308,-19.400,周期字段（降权）,0x3E9,8,6,6,1,1,0.5000,6,37,0.895950
2309,-19.400,周期字段（降权）,0x3F2,8,0,1,1,1,0.5000,6,37,0.563800
2310,-19.400,周期字段（降权）,0x407,8,1,2,1,1,0.5000,6,37,0.396000
2311,-19.400,周期字段（降权）,0x443,6,1,2,1,1,0.5000,6,37,0.460450
2312,-19.400,周期字段（降权）,0x528,4,3,1,1,1,0.5000,6,37,0.193800
2313,-19.400,周期字段（降权）,0x52F,8,7,7,1,1,0.5000,6,37,0.193700
2314,-19.400,周期字段（降权）,0x727,2,0,1,1,1,0.5000,6,37,0.620950
2315,-19.400,周期字段（降权）,0x7F1,7,0,0,1,1,0.5000,6,37,1.194400
2316,-19.400,周期字段（降权）,0x7F1,7,0,1,1,1,0.5000,6,37,1.194400
2317,-19.400,周期字段（降权）,0x7F1,7,3,0,1,1,0.5000,6,37,1.194400
2318,-19.400,周期字段（降权）,0x7F1,7,3,1,1,1,0.5000,6,37,1.194400
2319,-19.400,周期字段（降权）,0x7F1,7,3,2,1,1,0.5000,6,37,1.194400
2320,-19.400,周期字段（降权）,0x7F1,7,3,3,1,1,0.5000,6,37,1.194400
2321,-19.400,周期字段（降权）,0x7F1,7,5,3,1,1,0.5000,6,37,1.194400
2322,-19.600,周期字段（降权）,0x213,2,0,6,1,1,0.5059,6,38,0.502800
2323,-19.600,周期字段（降权）,0x238,8,6,6,1,1,0.5000,6,38,0.753200
2324,-19.600,周期字段（降权）,0x318,8,2,1,1,1,0.5000,6,38,0.195750
2325,-19.600,周期字段（降权）,0x366,8,0,0,1,1,0.5000,6,38,1.220900
2326,-19.600,周期字段（降权）,0x366,8,1,0,1,1,0.5000,6,38,1.220900
2327,-19.600,周期字段（降权）,0x366,8,6,4,1,1,0.5000,6,38,1.220900
2328,-19.600,周期字段（降权）,0x38B,8,2,4,1,1,0.5000,6,38,1.216250
2329,-19.600,周期字段（降权）,0x39B,8,7,6,1,1,0.5000,6,38,0.763800
2330,-19.600,周期字段（降权）,0x3C9,8,0,1,1,1,0.5000,6,38,1.038650
2331,-19.600,周期字段（降权）,0x3E9,8,7,6,1,1,0.5000,6,38,0.759000
2332,-19.800,周期字段（降权）,0x52F,8,6,7,不一致,1,0.5500,6,39,1.191350
2333,-21.200,周期字段（降权）,0x40A,8,7,7,不一致,1,0.5450,6,46,0.506450
2334,-21.400,周期字段（降权）,0x31A,8,6,7,不一致,1,0.5400,6,47,0.688000
2335,-21.400,周期字段（降权）,0x31A,8,7,7,1,0,0.5450,6,47,0.588550
2336,-21.400,周期字段（降权）,0x40A,8,6,7,不一致,1,0.5400,6,47,0.706450
2337,-22.400,周期字段（降权）,0x310,8,0,0,1,不一致,0.6000,5,12,0.976900
2338,-22.400,周期字段（降权）,0x310,8,4,2,不一致,不一致,0.6000,5,12,1.976900
2339,-22.400,周期字段（降权）,0x310,8,6,2,0,不一致,0.6000,5,12,0.976900
2340,-22.400,周期字段（降权）,0x310,8,6,7,0,不一致,0.6000,5,12,0.976900
2341,-22.400,周期字段（降权）,0x709,8,0,4,不一致,不一致,0.6148,5,12,0.686800
2342,-23.400,周期字段（降权）,0x709,8,0,2,不一致,0,0.5197,6,57,0.534750
2343,-23.600,周期字段（降权）,0x238,8,7,7,1,1,0.5000,5,18,0.746700
2344,-23.600,周期字段（降权）,0x330,8,5,1,1,1,0.5571,6,58,-0.027100
2345,-24.000,周期字段（降权）,0x7E8,8,0,3,不一致,0,0.6000,5,20,0.844100
2346,-24.000,周期字段（降权）,0x7E8,8,0,4,1,1,0.6000,5,20,0.844100
2347,-24.000,周期字段（降权）,0x7E8,8,2,0,不一致,0,0.6000,5,20,0.844100
2348,-25.800,周期字段（降权）,0x321,8,6,4,1,1,0.5000,6,69,-0.241650
2349,-25.800,周期字段（降权）,0x321,8,7,4,1,1,0.5000,6,69,-0.241650
2350,-25.800,周期字段（降权）,0x709,8,0,3,0,0,0.6148,5,29,0.686800
2351,-25.800,周期字段（降权）,0x70B,8,0,0,1,1,0.5000,6,69,-0.214150
2352,-25.800,周期字段（降权）,0x752,8,0,0,1,1,0.5000,6,69,-0.098450
2353,-26.000,周期字段（降权）,0x284,8,6,5,1,1,0.5000,6,70,-0.204550
2354,-26.000,周期字段（降权）,0x293,8,7,5,1,1,0.5000,6,70,-0.054150
2355,-26.000,周期字段（降权）,0x313,8,6,5,1,1,0.5000,6,70,-0.104000
2356,-26.000,周期字段（降权）,0x313,8,7,5,1,1,0.5000,6,70,-0.104000
2357,-26.000,周期字段（降权）,0x3B2,8,0,3,不一致,0,0.5923,5,30,1.710900
2358,-26.000,周期字段（降权）,0x407,8,0,1,1,1,0.5000,6,70,-0.104550
2359,-26.000,周期字段（降权）,0x443,6,0,1,1,1,0.5000,6,70,-0.040950
2360,-26.200,周期字段（降权）,0x213,2,1,5,1,不一致,0.5059,6,71,-0.004550
2361,-26.600,周期字段（降权）,0x39B,8,6,5,1,1,0.5000,6,73,0.085150
2362,-26.600,周期字段（降权）,0x3E9,8,6,5,1,1,0.5000,6,73,0.080550
2363,-26.800,周期字段（降权）,0x238,8,6,5,1,1,0.5000,6,74,0.734750
2364,-26.800,周期字段（降权）,0x238,8,7,5,1,1,0.5000,6,74,0.734750
2365,-26.800,周期字段（降权）,0x23A,8,0,0,1,1,0.5000,6,74,0.607450
2366,-26.800,周期字段（降权）,0x318,8,7,0,1,1,0.5000,6,74,0.194550
2367,-26.800,周期字段（降权）,0x332,6,0,0,1,1,0.5000,6,74,0.562850
2368,-26.800,周期字段（降权）,0x332,6,0,2,1,1,0.5000,6,74,0.562850
2369,-26.800,周期字段（降权）,0x332,6,0,3,1,1,0.5000,6,74,0.562850
2370,-26.800,周期字段（降权）,0x332,6,0,7,1,1,0.5000,6,74,0.562850
2371,-26.800,周期字段（降权）,0x332,6,1,1,1,1,0.5000,6,74,0.562850
2372,-26.800,周期字段（降权）,0x332,6,1,4,1,1,0.5000,6,74,0.562850
2373,-26.800,周期字段（降权）,0x332,6,2,2,1,1,0.5000,6,74,0.562850
2374,-26.800,周期字段（降权）,0x332,6,2,5,1,1,0.5000,6,74,0.562850
2375,-26.800,周期字段（降权）,0x332,6,2,6,1,1,0.5000,6,74,0.562850
2376,-26.800,周期字段（降权）,0x332,6,2,7,1,1,0.5000,6,74,0.562850
2377,-26.800,周期字段（降权）,0x332,6,3,2,1,1,0.5000,6,74,0.562850
2378,-26.800,周期字段（降权）,0x332,6,3,3,1,1,0.5000,6,74,0.562850
2379,-26.800,周期字段（降权）,0x332,6,3,7,1,1,0.5000,6,74,0.562850
2380,-26.800,周期字段（降权）,0x332,6,4,7,1,1,0.5000,6,74,0.562850
2381,-26.800,周期字段（降权）,0x3F2,8,0,0,1,1,0.5000,6,74,0.563500
2382,-26.800,周期字段（降权）,0x443,6,1,1,1,1,0.5000,6,74,0.459450
2383,-26.800,周期字段（降权）,0x6C8,8,0,0,1,1,0.5000,6,74,0.516150
2384,-26.800,周期字段（降权）,0x6C8,8,0,2,1,1,0.5000,6,74,0.516150
2385,-26.800,周期字段（降权）,0x6C8,8,0,3,1,1,0.5000,6,74,0.516150
2386,-26.800,周期字段（降权）,0x6C8,8,0,4,1,1,0.5000,6,74,0.516150
2387,-26.800,周期字段（降权）,0x6C8,8,0,6,1,1,0.5000,6,74,0.516150
2388,-26.800,周期字段（降权）,0x6C8,8,1,1,1,1,0.5000,6,74,0.516150
2389,-26.800,周期字段（降权）,0x6C8,8,1,5,1,1,0.5000,6,74,0.516150
2390,-26.800,周期字段（降权）,0x6C8,8,1,6,1,1,0.5000,6,74,0.516150
2391,-26.800,周期字段（降权）,0x6C8,8,3,0,1,1,0.5000,6,74,0.516150
2392,-26.800,周期字段（降权）,0x6C8,8,3,1,1,1,0.5000,6,74,0.516150
2393,-26.800,周期字段（降权）,0x6C8,8,3,4,1,1,0.5000,6,74,0.516150
2394,-26.800,周期字段（降权）,0x6C8,8,4,2,1,1,0.5000,6,74,0.516150
2395,-26.800,周期字段（降权）,0x724,3,0,0,1,1,0.5000,6,74,0.558250
2396,-26.800,周期字段（降权）,0x727,2,0,0,1,1,0.5000,6,74,0.619350
2397,-27.000,周期字段（降权）,0x213,2,0,5,1,1,0.5059,6,75,0.495100
2398,-27.000,周期字段（降权）,0x284,8,7,5,1,1,0.5000,6,75,0.295400
2399,-27.000,周期字段（降权）,0x293,8,6,5,1,1,0.5000,6,75,0.445900
2400,-27.000,周期字段（降权）,0x334,8,6,5,1,1,0.5000,6,75,0.095650
2401,-27.000,周期字段（降权）,0x334,8,7,5,1,1,0.5000,6,75,0.095650
2402,-27.000,周期字段（降权）,0x348,8,4,0,1,1,0.5000,6,75,0.192050
2403,-27.000,周期字段（降权）,0x34A,8,0,1,1,1,0.5000,6,75,0.147450
2404,-27.000,周期字段（降权）,0x34A,8,7,5,1,1,0.5000,6,75,0.147450
2405,-27.000,周期字段（降权）,0x34A,8,7,6,1,1,0.5000,6,75,0.147450
2406,-27.000,周期字段（降权）,0x37D,8,0,0,1,1,0.5000,6,75,0.408500
2407,-27.000,周期字段（降权）,0x37D,8,0,2,1,1,0.5000,6,75,0.408500
2408,-27.000,周期字段（降权）,0x37D,8,0,4,1,1,0.5000,6,75,0.408500
2409,-27.000,周期字段（降权）,0x37D,8,0,6,1,1,0.5000,6,75,0.408500
2410,-27.000,周期字段（降权）,0x37D,8,0,7,1,1,0.5000,6,75,0.408500
2411,-27.000,周期字段（降权）,0x37D,8,1,2,1,1,0.5000,6,75,0.408500
2412,-27.000,周期字段（降权）,0x37D,8,1,4,1,1,0.5000,6,75,0.408500
2413,-27.000,周期字段（降权）,0x37D,8,1,7,1,1,0.5000,6,75,0.408500
2414,-27.000,周期字段（降权）,0x37D,8,2,1,1,1,0.5000,6,75,0.408500
2415,-27.000,周期字段（降权）,0x37D,8,2,3,1,1,0.5000,6,75,0.408500
2416,-27.000,周期字段（降权）,0x37D,8,2,4,1,1,0.5000,6,75,0.408500
2417,-27.000,周期字段（降权）,0x37D,8,2,5,1,1,0.5000,6,75,0.408500
2418,-27.000,周期字段（降权）,0x37D,8,2,7,1,1,0.5000,6,75,0.408500
2419,-27.000,周期字段（降权）,0x37D,8,3,3,1,1,0.5000,6,75,0.408500
2420,-27.000,周期字段（降权）,0x37D,8,3,4,1,1,0.5000,6,75,0.408500
2421,-27.000,周期字段（降权）,0x37D,8,3,5,1,1,0.5000,6,75,0.408500
2422,-27.000,周期字段（降权）,0x37D,8,3,7,1,1,0.5000,6,75,0.408500
2423,-27.000,周期字段（降权）,0x38B,8,2,3,1,1,0.5000,6,75,0.306750
2424,-27.000,周期字段（降权）,0x38B,8,4,3,1,1,0.5000,6,75,0.306750
2425,-27.000,周期字段（降权）,0x39B,8,7,5,1,1,0.5000,6,75,0.331150
2426,-27.000,周期字段（降权）,0x3A4,8,0,0,1,1,0.5000,6,75,0.346800
2427,-27.000,周期字段（降权）,0x3C9,8,0,0,1,1,0.5000,6,75,0.039550
2428,-27.000,周期字段（降权）,0x3CC,8,2,7,1,1,0.5000,6,75,0.262650
2429,-27.000,周期字段（降权）,0x3E9,8,7,5,1,1,0.5000,6,75,0.326500
2430,-27.000,周期字段（降权）,0x407,8,1,1,1,1,0.5000,6,75,0.395300
2431,-27.000,周期字段（降权）,0x528,4,3,0,1,1,0.5000,6,75,0.193000
2432,-27.000,周期字段（降权）,0x52F,8,7,6,1,1,0.5000,6,75,0.193250
2433,-27.000,周期字段（降权）,0x6E8,8,0,0,1,1,0.5000,6,75,0.011900
2434,-27.000,周期字段（降权）,0x6E8,8,0,2,1,1,0.5000,6,75,0.011900
2435,-27.000,周期字段（降权）,0x6E8,8,0,3,1,1,0.5000,6,75,0.011900
2436,-27.000,周期字段（降权）,0x6E8,8,0,6,1,1,0.5000,6,75,0.011900
2437,-27.000,周期字段（降权）,0x6E8,8,1,1,1,1,0.5000,6,75,0.011900
2438,-27.000,周期字段（降权）,0x6E8,8,1,5,1,1,0.5000,6,75,0.011900
2439,-27.000,周期字段（降权）,0x6E8,8,1,6,1,1,0.5000,6,75,0.011900
2440,-27.000,周期字段（降权）,0x6E8,8,3,1,1,1,0.5000,6,75,0.011900
2441,-27.000,周期字段（降权）,0x6E8,8,3,4,1,1,0.5000,6,75,0.011900
2442,-27.000,周期字段（降权）,0x6E8,8,4,2,1,1,0.5000,6,75,0.011900
2443,-27.200,周期字段（降权）,0x318,8,2,0,1,1,0.5000,6,76,0.194550
2444,-30.200,周期字段（降权）,0x318,8,6,4,1,1,0.5000,6,91,-0.007650
2445,-30.400,周期字段（降权）,0x228,8,6,7,1,1,0.5000,6,92,0.194050
2446,-30.400,周期字段（降权）,0x229,3,1,3,1,1,0.5000,6,92,0.122400
2447,-30.400,周期字段（降权）,0x288,8,6,7,1,1,0.5000,6,92,0.148500
2448,-30.400,周期字段（降权）,0x288,8,7,7,1,1,0.5000,6,92,0.048450
2449,-30.400,周期字段（降权）,0x2EC,3,2,7,1,1,0.5000,6,92,0.181900
2450,-30.400,周期字段（降权）,0x40A,8,7,6,1,1,0.5000,6,92,0.105550
2451,-30.400,周期字段（降权）,0x682,8,7,7,1,1,0.5000,6,92,0.080400
2452,-30.600,周期字段（降权）,0x228,8,7,7,1,1,0.5000,6,93,0.094000
2453,-30.600,周期字段（降权）,0x25B,8,6,7,1,1,0.5000,6,93,0.224950
2454,-30.600,周期字段（降权）,0x25B,8,7,7,1,1,0.5000,6,93,0.025650
2455,-30.600,周期字段（降权）,0x2A8,8,6,7,1,1,0.5000,6,93,0.060450
2456,-30.600,周期字段（降权）,0x2A8,8,7,7,1,1,0.5000,6,93,0.060450
2457,-30.600,周期字段（降权）,0x2AA,3,1,7,1,1,0.5000,6,93,0.236500
2458,-30.600,周期字段（降权）,0x2AA,3,2,7,1,1,0.5000,6,93,0.335400
2459,-30.600,周期字段（降权）,0x2E8,8,7,7,1,1,0.5000,6,93,0.306800
2460,-30.600,周期字段（降权）,0x2EC,3,1,7,1,1,0.5000,6,93,0.281900
2461,-30.600,周期字段（降权）,0x31A,8,6,6,1,1,0.5000,6,93,0.288100
2462,-30.600,周期字段（降权）,0x31A,8,7,6,1,1,0.5000,6,93,0.287150
2463,-30.600,周期字段（降权）,0x40A,8,6,6,1,1,0.5000,6,93,0.305600
2464,-30.600,周期字段（降权）,0x420,8,7,2,1,1,0.5000,6,93,0.308750
2465,-30.600,周期字段（降权）,0x552,8,6,7,1,1,0.5000,6,93,0.233150
2466,-30.600,周期字段（降权）,0x552,8,7,7,1,1,0.5000,6,93,0.331650
2467,-30.600,周期字段（降权）,0x553,8,6,7,1,1,0.5000,6,93,0.227950
2468,-30.600,周期字段（降权）,0x553,8,7,7,1,1,0.5000,6,93,0.326950
2469,-30.600,周期字段（降权）,0x682,8,6,7,1,1,0.5000,6,93,0.280350
2470,-30.600,周期字段（降权）,0x789,4,2,7,1,1,0.5000,6,93,0.224400
2471,-30.600,周期字段（降权）,0x789,4,3,7,1,1,0.5000,6,93,0.223250
2472,-30.600,周期字段（降权）,0x797,4,2,7,1,1,0.5000,6,93,0.269950
2473,-30.600,周期字段（降权）,0x797,4,3,7,1,1,0.5000,6,93,-0.030100
2474,-30.600,周期字段（降权）,0x798,8,6,7,1,1,0.5000,6,93,0.254450
2475,-30.600,周期字段（降权）,0x7B8,8,6,7,1,1,0.5000,6,93,0.300050
2476,-30.800,周期字段（降权）,0x2E8,8,6,7,1,1,0.5000,6,94,0.106100
2477,-31.600,周期字段（降权）,0x318,8,7,4,不一致,1,0.5150,6,98,0.092000
2478,-32.000,周期字段（降权）,0x122,8,0,0,1,1,0.5000,6,738,-0.209900
2479,-32.000,周期字段（降权）,0x122,8,2,1,1,1,0.5000,6,738,-0.209900
2480,-32.000,周期字段（降权）,0x122,8,2,4,1,1,0.5000,6,738,-0.209900
2481,-32.000,周期字段（降权）,0x122,8,3,1,1,1,0.5000,6,738,-0.209900
2482,-32.000,周期字段（降权）,0x122,8,3,4,1,1,0.5000,6,738,-0.209900
2483,-32.000,周期字段（降权）,0x122,8,3,7,1,1,0.5000,6,738,-0.209900
2484,-32.000,周期字段（降权）,0x122,8,4,1,1,1,0.5000,6,738,-0.209900
2485,-32.000,周期字段（降权）,0x122,8,4,4,1,1,0.5000,6,738,-0.209900
2486,-32.000,周期字段（降权）,0x122,8,5,0,1,1,0.5000,6,738,-0.209900
2487,-32.000,周期字段（降权）,0x122,8,5,1,1,1,0.5000,6,738,-0.209900
2488,-32.000,周期字段（降权）,0x122,8,5,2,1,1,0.5000,6,738,-0.209900
2489,-32.000,周期字段（降权）,0x122,8,5,3,1,1,0.5000,6,738,-0.209900
2490,-32.000,周期字段（降权）,0x122,8,5,4,1,1,0.5000,6,738,-0.209900
2491,-32.000,周期字段（降权）,0x122,8,5,5,1,1,0.5000,6,738,-0.209900
2492,-32.000,周期字段（降权）,0x123,8,0,0,1,1,0.5000,6,738,-0.214600
2493,-32.000,周期字段（降权）,0x123,8,2,1,1,1,0.5000,6,738,-0.214600
2494,-32.000,周期字段（降权）,0x123,8,2,4,1,1,0.5000,6,738,-0.214600
2495,-32.000,周期字段（降权）,0x123,8,3,1,1,1,0.5000,6,738,-0.214600
2496,-32.000,周期字段（降权）,0x123,8,3,4,1,1,0.5000,6,738,-0.214600
2497,-32.000,周期字段（降权）,0x123,8,3,7,1,1,0.5000,6,738,-0.214600
2498,-32.000,周期字段（降权）,0x123,8,4,1,1,1,0.5000,6,738,-0.214600
2499,-32.000,周期字段（降权）,0x123,8,4,4,1,1,0.5000,6,738,-0.214600
2500,-32.000,周期字段（降权）,0x123,8,4,6,1,1,0.5000,6,738,-0.214600
2501,-32.000,周期字段（降权）,0x123,8,4,7,1,1,0.5000,6,738,-0.214600
2502,-32.000,周期字段（降权）,0x123,8,5,0,1,1,0.5000,6,738,-0.214600
2503,-32.000,周期字段（降权）,0x123,8,5,1,1,1,0.5000,6,738,-0.214600
2504,-32.000,周期字段（降权）,0x123,8,5,2,1,1,0.5000,6,738,-0.214600
2505,-32.000,周期字段（降权）,0x123,8,5,3,1,1,0.5000,6,738,-0.214600
2506,-32.000,周期字段（降权）,0x123,8,5,4,1,1,0.5000,6,738,-0.214600
2507,-32.000,周期字段（降权）,0x123,8,5,5,1,1,0.5000,6,738,-0.214600
2508,-32.000,周期字段（降权）,0x123,8,7,7,1,1,0.5000,6,738,-0.214600
2509,-32.000,周期字段（降权）,0x129,8,1,0,1,1,0.5000,6,7418,-0.247950
2510,-32.000,周期字段（降权）,0x129,8,1,1,1,1,0.5000,6,3711,-0.237950
2511,-32.000,周期字段（降权）,0x129,8,1,2,1,1,0.5000,6,1855,-0.237950
2512,-32.000,周期字段（降权）,0x129,8,1,3,1,1,0.5000,6,928,-0.198450
2513,-32.000,周期字段（降权）,0x142,8,0,0,1,1,0.5000,6,1483,-0.219900
2514,-32.000,周期字段（降权）,0x142,8,0,3,1,1,0.5000,6,1483,-0.219900
2515,-32.000,周期字段（降权）,0x142,8,0,5,1,1,0.5000,6,1483,-0.219900
2516,-32.000,周期字段（降权）,0x142,8,2,1,1,1,0.5000,6,1483,-0.219900
2517,-32.000,周期字段（降权）,0x142,8,2,6,1,1,0.5000,6,1483,-0.219900
2518,-32.000,周期字段（降权）,0x142,8,3,1,1,1,0.5000,6,1483,-0.219900
2519,-32.000,周期字段（降权）,0x142,8,3,2,1,1,0.5000,6,1483,-0.219900
2520,-32.000,周期字段（降权）,0x142,8,3,4,1,1,0.5000,6,1483,-0.219900
2521,-32.000,周期字段（降权）,0x142,8,3,6,1,1,0.5000,6,1483,-0.219900
2522,-32.000,周期字段（降权）,0x142,8,4,6,1,1,0.5000,6,1483,-0.219900
2523,-32.000,周期字段（降权）,0x142,8,4,7,1,1,0.5000,6,1483,-0.219900
2524,-32.000,周期字段（降权）,0x142,8,5,0,1,1,0.5000,6,1483,-0.219900
2525,-32.000,周期字段（降权）,0x142,8,5,1,1,1,0.5000,6,1483,-0.219900
2526,-32.000,周期字段（降权）,0x142,8,5,3,1,1,0.5000,6,1483,-0.219900
2527,-32.000,周期字段（降权）,0x142,8,5,4,1,1,0.5000,6,1483,-0.219900
2528,-32.000,周期字段（降权）,0x142,8,6,0,1,1,0.5000,6,1483,-0.219900
2529,-32.000,周期字段（降权）,0x201,8,0,0,1,1,0.5000,6,2966,-0.241450
2530,-32.000,周期字段（降权）,0x201,8,0,1,1,1,0.5000,6,1483,-0.216600
2531,-32.000,周期字段（降权）,0x201,8,6,3,1,1,0.5000,6,1483,-0.216600
2532,-32.000,周期字段（降权）,0x201,8,6,5,1,1,0.5000,6,1483,-0.241450
2533,-32.000,周期字段（降权）,0x201,8,7,1,1,1,0.5000,6,1483,-0.216600
2534,-32.000,周期字段（降权）,0x201,8,7,2,1,1,0.5000,6,1483,-0.216600
2535,-32.000,周期字段（降权）,0x201,8,7,3,1,1,0.5000,6,1483,-0.216600
2536,-32.000,周期字段（降权）,0x201,8,7,4,1,1,0.5000,6,1483,-0.216600
2537,-32.000,周期字段（降权）,0x201,8,7,5,1,1,0.5000,6,1483,-0.216600
2538,-32.000,周期字段（降权）,0x20E,3,0,0,1,1,0.5000,6,738,-0.207750
2539,-32.000,周期字段（降权）,0x20E,3,0,1,1,1,0.5000,6,367,-0.207750
2540,-32.000,周期字段（降权）,0x20E,3,0,2,1,1,0.5000,6,183,-0.008450
2541,-32.000,周期字段（降权）,0x20E,3,1,0,1,1,0.5000,6,738,-0.207750
2542,-32.000,周期字段（降权）,0x20E,3,1,1,1,1,0.5000,6,367,-0.207750
2543,-32.000,周期字段（降权）,0x20E,3,1,2,1,1,0.5000,6,183,-0.008450
2544,-32.000,周期字段（降权）,0x213,2,0,4,1,1,0.5059,6,146,-0.004550
2545,-32.000,周期字段（降权）,0x213,2,1,4,1,不一致,0.5059,6,146,-0.004550
2546,-32.000,周期字段（降权）,0x219,7,0,0,1,1,0.5000,6,743,-0.153700
2547,-32.000,周期字段（降权）,0x219,7,5,0,1,1,0.5000,6,743,-0.153700
2548,-32.000,周期字段（降权）,0x221,8,0,0,1,1,0.5000,6,1483,-0.225550
2549,-32.000,周期字段（降权）,0x221,8,1,6,1,1,0.5000,6,1483,-0.225550
2550,-32.000,周期字段（降权）,0x221,8,2,4,1,1,0.5000,6,1483,-0.225550
2551,-32.000,周期字段（降权）,0x221,8,2,6,1,1,0.5000,6,1483,-0.225550
2552,-32.000,周期字段（降权）,0x221,8,3,2,1,1,0.5000,6,1483,-0.225550
2553,-32.000,周期字段（降权）,0x221,8,3,4,1,1,0.5000,6,1483,-0.225550
2554,-32.000,周期字段（降权）,0x221,8,3,6,1,1,0.5000,6,1483,-0.225550
2555,-32.000,周期字段（降权）,0x221,8,4,0,1,1,0.5000,6,1483,-0.225550
2556,-32.000,周期字段（降权）,0x221,8,5,1,1,1,0.5000,6,1483,-0.225550
2557,-32.000,周期字段（降权）,0x221,8,5,4,1,1,0.5000,6,1483,-0.225550
2558,-32.000,周期字段（降权）,0x221,8,5,6,1,1,0.5000,6,1483,-0.225550
2559,-32.000,周期字段（降权）,0x221,8,6,0,1,1,0.5000,6,1483,-0.225550
2560,-32.000,周期字段（降权）,0x221,8,6,4,1,1,0.5000,6,1483,-0.225550
2561,-32.000,周期字段（降权）,0x221,8,6,5,1,1,0.5000,6,739,-0.225550
2562,-32.000,周期字段（降权）,0x221,8,6,6,1,1,0.5000,6,372,-0.125550
2563,-32.000,周期字段（降权）,0x221,8,6,7,1,1,0.5000,6,187,0.073250
2564,-32.000,周期字段（降权）,0x221,8,7,0,1,1,0.5000,6,1483,-0.225550
2565,-32.000,周期字段（降权）,0x221,8,7,5,1,1,0.5000,6,739,-0.225550
2566,-32.000,周期字段（降权）,0x221,8,7,6,1,1,0.5000,6,372,-0.125550
2567,-32.000,周期字段（降权）,0x221,8,7,7,1,1,0.5000,6,187,0.073250
2568,-32.000,周期字段（降权）,0x228,8,6,4,1,1,0.5000,6,738,-0.206600
2569,-32.000,周期字段（降权）,0x228,8,6,5,1,1,0.5000,6,367,-0.206600
2570,-32.000,周期字段（降权）,0x228,8,6,6,1,1,0.5000,6,183,-0.007850
2571,-32.000,周期字段（降权）,0x228,8,7,4,1,1,0.5000,6,738,-0.206600
2572,-32.000,周期字段（降权）,0x228,8,7,5,1,1,0.5000,6,371,-0.106450
2573,-32.000,周期字段（降权）,0x228,8,7,6,1,1,0.5000,6,186,0.092200
2574,-32.000,周期字段（降权）,0x229,3,1,0,1,1,0.5000,6,744,-0.177850
2575,-32.000,周期字段（降权）,0x229,3,1,1,1,1,0.5000,6,372,-0.077850
2576,-32.000,周期字段（降权）,0x229,3,1,2,1,1,0.5000,6,185,-0.077400
2577,-32.000,周期字段（降权）,0x234,8,1,0,1,1,0.5000,6,1482,-0.208150
2578,-32.000,周期字段（降权）,0x234,8,2,1,1,1,0.5000,6,1482,-0.208150
2579,-32.000,周期字段（降权）,0x234,8,3,4,1,1,0.5000,6,1482,-0.208150
2580,-32.000,周期字段（降权）,0x234,8,3,5,1,1,0.5000,6,1482,-0.208150
2581,-32.000,周期字段（降权）,0x234,8,3,7,1,1,0.5000,6,1482,-0.208150
2582,-32.000,周期字段（降权）,0x234,8,4,1,1,1,0.5000,6,1482,-0.208150
2583,-32.000,周期字段（降权）,0x234,8,4,7,1,1,0.5000,6,1482,-0.208150
2584,-32.000,周期字段（降权）,0x234,8,5,2,1,1,0.5000,6,1482,-0.208150
2585,-32.000,周期字段（降权）,0x234,8,6,2,1,1,0.5000,6,1482,-0.208150
2586,-32.000,周期字段（降权）,0x234,8,6,4,1,1,0.5000,6,1482,-0.208150
2587,-32.000,周期字段（降权）,0x234,8,6,5,1,1,0.5000,6,743,-0.158250
2588,-32.000,周期字段（降权）,0x234,8,6,6,1,1,0.5000,6,372,-0.058200
2589,-32.000,周期字段（降权）,0x234,8,6,7,1,1,0.5000,6,185,-0.057400
2590,-32.000,周期字段（降权）,0x238,8,6,4,1,1,0.5000,6,149,0.236300
2591,-32.000,周期字段（降权）,0x238,8,7,4,1,1,0.5000,6,149,0.236300
2592,-32.000,周期字段（降权）,0x23E,8,6,4,1,1,0.5000,6,1850,-0.249650
2593,-32.000,周期字段（降权）,0x23E,8,6,5,1,1,0.5000,6,925,-0.249350
2594,-32.000,周期字段（降权）,0x23E,8,6,6,1,1,0.5000,6,462,-0.209600
2595,-32.000,周期字段（降权）,0x23E,8,6,7,不一致,1,0.5090,6,231,-0.129700
2596,-32.000,周期字段（降权）,0x23E,8,7,4,1,不一致,0.5020,6,1824,-0.249650
2597,-32.000,周期字段（降权）,0x23E,8,7,5,不一致,1,0.5040,6,933,-0.210150
2598,-32.000,周期字段（降权）,0x23E,8,7,6,1,不一致,0.5010,6,473,-0.169700
2599,-32.000,周期字段（降权）,0x249,4,1,0,1,1,0.5000,6,1483,-0.227750
2600,-32.000,周期字段（降权）,0x249,4,1,1,1,1,0.5000,6,744,-0.177550
2601,-32.000,周期字段（降权）,0x249,4,1,2,1,1,0.5000,6,372,-0.077650
2602,-32.000,周期字段（降权）,0x249,4,1,3,1,1,0.5000,6,187,0.122250
2603,-32.000,周期字段（降权）,0x25B,8,6,4,1,1,0.5000,6,744,-0.175250
2604,-32.000,周期字段（降权）,0x25B,8,6,5,1,1,0.5000,6,372,-0.175250
2605,-32.000,周期字段（降权）,0x25B,8,6,6,1,1,0.5000,6,186,-0.173800
2606,-32.000,周期字段（降权）,0x25B,8,7,4,1,1,0.5000,6,744,-0.175250
2607,-32.000,周期字段（降权）,0x25B,8,7,5,1,1,0.5000,6,372,-0.175250
2608,-32.000,周期字段（降权）,0x25B,8,7,6,1,1,0.5000,6,186,0.023850
2609,-32.000,周期字段（降权）,0x261,8,0,0,1,1,0.5000,6,4634,-0.242250
2610,-32.000,周期字段（降权）,0x261,8,1,3,不一致,不一致,0.5012,6,1545,-0.229650
2611,-32.000,周期字段（降权）,0x261,8,4,3,0,0,0.5136,6,1545,-0.229650
2612,-32.000,周期字段（降权）,0x261,8,5,3,不一致,1,0.5012,6,1544,-0.230300
2613,-32.000,周期字段（降权）,0x261,8,6,4,1,1,0.5000,6,4634,-0.242250
2614,-32.000,周期字段（降权）,0x261,8,6,5,1,1,0.5000,6,2316,-0.240800
2615,-32.000,周期字段（降权）,0x261,8,6,6,不一致,不一致,0.5024,6,1158,-0.221500
2616,-32.000,周期字段（降权）,0x261,8,6,7,不一致,不一致,0.5040,6,580,-0.170100
2617,-32.000,周期字段（降权）,0x272,8,0,0,1,1,0.5013,6,738,-0.202950
2618,-32.000,周期字段（降权）,0x272,8,0,1,不一致,1,0.5013,6,738,-0.202950
2619,-32.000,周期字段（降权）,0x272,8,0,2,不一致,1,0.5013,6,738,-0.202950
2620,-32.000,周期字段（降权）,0x272,8,0,3,1,1,0.5013,6,738,-0.202950
2621,-32.000,周期字段（降权）,0x272,8,1,7,1,1,0.5013,6,738,-0.202950
2622,-32.000,周期字段（降权）,0x272,8,2,3,不一致,1,0.5013,6,738,-0.202950
2623,-32.000,周期字段（降权）,0x272,8,2,4,不一致,1,0.5013,6,738,-0.202950
2624,-32.000,周期字段（降权）,0x272,8,2,7,不一致,1,0.5013,6,738,-0.202950
2625,-32.000,周期字段（降权）,0x272,8,3,6,不一致,1,0.5013,6,738,-0.202950
2626,-32.000,周期字段（降权）,0x272,8,3,7,不一致,1,0.5013,6,738,-0.202950
2627,-32.000,周期字段（降权）,0x272,8,4,0,不一致,1,0.5013,6,738,-0.202950
2628,-32.000,周期字段（降权）,0x272,8,4,1,不一致,1,0.5013,6,738,-0.202950
2629,-32.000,周期字段（降权）,0x272,8,4,2,不一致,1,0.5013,6,738,-0.202950
2630,-32.000,周期字段（降权）,0x272,8,5,4,不一致,1,0.5013,6,738,-0.202950
2631,-32.000,周期字段（降权）,0x272,8,5,5,不一致,1,0.5013,6,738,-0.202950
2632,-32.000,周期字段（降权）,0x272,8,5,7,不一致,1,0.5013,6,738,-0.202950
2633,-32.000,周期字段（降权）,0x272,8,6,0,不一致,1,0.5013,6,738,-0.202950
2634,-32.000,周期字段（降权）,0x272,8,6,1,不一致,1,0.5013,6,738,-0.202950
2635,-32.000,周期字段（降权）,0x272,8,6,2,不一致,1,0.5013,6,738,-0.202950
2636,-32.000,周期字段（降权）,0x272,8,7,3,不一致,1,0.5013,6,738,-0.202950
2637,-32.000,周期字段（降权）,0x284,8,6,4,1,1,0.5000,6,145,-0.204550
2638,-32.000,周期字段（降权）,0x284,8,7,4,1,1,0.5000,6,145,-0.204550
2639,-32.000,周期字段（降权）,0x288,8,6,4,1,1,0.5000,6,742,-0.152800
2640,-32.000,周期字段（降权）,0x288,8,6,5,1,1,0.5000,6,371,-0.052800
2641,-32.000,周期字段（降权）,0x288,8,6,6,1,1,0.5000,6,185,-0.050800
2642,-32.000,周期字段（降权）,0x288,8,7,4,1,1,0.5000,6,742,-0.152800
2643,-32.000,周期字段（降权）,0x288,8,7,5,1,1,0.5000,6,371,-0.152050
2644,-32.000,周期字段（降权）,0x288,8,7,6,1,1,0.5000,6,185,-0.150750
2645,-32.000,周期字段（降权）,0x289,8,3,6,1,1,0.5000,6,744,-0.181950
2646,-32.000,周期字段（降权）,0x289,8,4,2,1,1,0.5000,6,744,-0.181950
2647,-32.000,周期字段（降权）,0x293,8,6,4,1,1,0.5000,6,145,-0.054150
2648,-32.000,周期字段（降权）,0x293,8,7,4,1,1,0.5000,6,145,-0.054150
2649,-32.000,周期字段（降权）,0x2A8,8,6,4,1,1,0.5000,6,738,-0.240000
2650,-32.000,周期字段（降权）,0x2A8,8,6,5,1,1,0.5000,6,371,-0.140150
2651,-32.000,周期字段（降权）,0x2A8,8,6,6,1,1,0.5000,6,186,0.058400
2652,-32.000,周期字段（降权）,0x2A8,8,7,4,1,1,0.5000,6,738,-0.240000
2653,-32.000,周期字段（降权）,0x2A8,8,7,5,1,1,0.5000,6,371,-0.140150
2654,-32.000,周期字段（降权）,0x2A8,8,7,6,1,1,0.5000,6,186,0.058400
2655,-32.000,周期字段（降权）,0x2AA,3,1,4,1,1,0.5000,6,743,-0.164200
2656,-32.000,周期字段（降权）,0x2AA,3,1,5,1,1,0.5000,6,371,-0.164200
2657,-32.000,周期字段（降权）,0x2AA,3,1,6,1,1,0.5000,6,186,0.034450
2658,-32.000,周期字段（降权）,0x2AA,3,2,4,1,1,0.5000,6,743,-0.164200
2659,-32.000,周期字段（降权）,0x2AA,3,2,5,1,1,0.5000,6,372,-0.064100
2660,-32.000,周期字段（降权）,0x2AA,3,2,6,1,1,0.5000,6,185,-0.062850
2661,-32.000,周期字段（降权）,0x2B3,8,0,2,0,0,0.5300,6,289,-0.142500
2662,-32.000,周期字段（降权）,0x2B3,8,0,3,0,0,0.5285,6,144,-0.133700
2663,-32.000,周期字段（降权）,0x2C2,8,0,0,1,1,0.5000,6,743,-0.153550
2664,-32.000,周期字段（降权）,0x2C2,8,0,2,1,1,0.5000,6,743,-0.153550
2665,-32.000,周期字段（降权）,0x2C2,8,0,4,1,1,0.5000,6,743,-0.153550
2666,-32.000,周期字段（降权）,0x2C2,8,0,5,1,1,0.5000,6,743,-0.153550
2667,-32.000,周期字段（降权）,0x2C2,8,0,6,1,1,0.5000,6,743,-0.153550
2668,-32.000,周期字段（降权）,0x2C2,8,1,0,1,1,0.5000,6,743,-0.153550
2669,-32.000,周期字段（降权）,0x2C2,8,1,1,1,1,0.5000,6,743,-0.153550
2670,-32.000,周期字段（降权）,0x2C2,8,1,3,1,1,0.5000,6,743,-0.153550
2671,-32.000,周期字段（降权）,0x2C2,8,1,4,1,1,0.5000,6,743,-0.153550
2672,-32.000,周期字段（降权）,0x2C2,8,2,0,1,1,0.5000,6,743,-0.153550
2673,-32.000,周期字段（降权）,0x2C2,8,2,3,1,1,0.5000,6,743,-0.153550
2674,-32.000,周期字段（降权）,0x2C2,8,2,5,1,1,0.5000,6,743,-0.153550
2675,-32.000,周期字段（降权）,0x2C2,8,2,6,1,1,0.5000,6,743,-0.153550
2676,-32.000,周期字段（降权）,0x2C2,8,3,0,1,1,0.5000,6,743,-0.153550
2677,-32.000,周期字段（降权）,0x2C2,8,3,2,1,1,0.5000,6,743,-0.153550
2678,-32.000,周期字段（降权）,0x2C2,8,3,3,1,1,0.5000,6,743,-0.153550
2679,-32.000,周期字段（降权）,0x2C2,8,3,6,1,1,0.5000,6,743,-0.153550
2680,-32.000,周期字段（降权）,0x2C2,8,4,0,1,1,0.5000,6,743,-0.153550
2681,-32.000,周期字段（降权）,0x2C2,8,6,1,1,1,0.5000,6,743,-0.153550
2682,-32.000,周期字段（降权）,0x2C2,8,6,4,1,1,0.5000,6,743,-0.153550
2683,-32.000,周期字段（降权）,0x2C2,8,6,7,1,1,0.5000,6,743,-0.153550
2684,-32.000,周期字段（降权）,0x2C2,8,7,1,1,1,0.5000,6,743,-0.153550
2685,-32.000,周期字段（降权）,0x2C2,8,7,2,1,1,0.5000,6,743,-0.153550
2686,-32.000,周期字段（降权）,0x2C2,8,7,3,1,1,0.5000,6,743,-0.153550
2687,-32.000,周期字段（降权）,0x2C2,8,7,5,1,1,0.5000,6,743,-0.153550
2688,-32.000,周期字段（降权）,0x2C2,8,7,6,1,1,0.5000,6,743,-0.153550
2689,-32.000,周期字段（降权）,0x2C3,8,0,0,1,1,0.5000,6,745,-0.154200
2690,-32.000,周期字段（降权）,0x2C3,8,0,2,1,1,0.5000,6,745,-0.154200
2691,-32.000,周期字段（降权）,0x2C3,8,0,4,1,1,0.5000,6,745,-0.154200
2692,-32.000,周期字段（降权）,0x2C3,8,0,6,1,1,0.5000,6,745,-0.154200
2693,-32.000,周期字段（降权）,0x2C3,8,1,0,1,1,0.5000,6,745,-0.154200
2694,-32.000,周期字段（降权）,0x2C3,8,1,1,1,1,0.5000,6,745,-0.154200
2695,-32.000,周期字段（降权）,0x2C3,8,1,3,1,1,0.5000,6,745,-0.154200
2696,-32.000,周期字段（降权）,0x2C3,8,1,4,1,1,0.5000,6,745,-0.154200
2697,-32.000,周期字段（降权）,0x2C3,8,1,6,1,1,0.5000,6,745,-0.154200
2698,-32.000,周期字段（降权）,0x2C3,8,2,0,1,1,0.5000,6,745,-0.154200
2699,-32.000,周期字段（降权）,0x2C3,8,2,6,1,1,0.5000,6,745,-0.154200
2700,-32.000,周期字段（降权）,0x2C3,8,3,0,1,1,0.5000,6,745,-0.154200
2701,-32.000,周期字段（降权）,0x2C3,8,3,2,1,1,0.5000,6,745,-0.154200
2702,-32.000,周期字段（降权）,0x2C3,8,3,3,1,1,0.5000,6,745,-0.154200
2703,-32.000,周期字段（降权）,0x2C3,8,7,6,1,1,0.5000,6,745,-0.154200
2704,-32.000,周期字段（降权）,0x2C4,8,0,1,0,0,0.5250,6,354,-0.106150
2705,-32.000,周期字段（降权）,0x2E1,8,0,0,1,1,0.5002,6,4635,-0.240550
2706,-32.000,周期字段（降权）,0x2E1,8,1,3,1,不一致,0.5010,6,1546,-0.216650
2707,-32.000,周期字段（降权）,0x2E1,8,1,5,不一致,不一致,0.5018,6,1545,-0.222150
2708,-32.000,周期字段（降权）,0x2E1,8,2,6,1,不一致,0.5010,6,1546,-0.216650
2709,-32.000,周期字段（降权）,0x2E2,8,0,2,0,0,0.5650,6,104,0.055550
2710,-32.000,周期字段（降权）,0x2E2,8,7,7,0,0,0.5600,6,105,-0.045250
2711,-32.000,周期字段（降权）,0x2E3,7,0,2,1,不一致,0.5200,6,123,-0.146000
2712,-32.000,周期字段（降权）,0x2E8,8,6,4,1,1,0.5000,6,744,-0.193950
2713,-32.000,周期字段（降权）,0x2E8,8,6,5,1,1,0.5000,6,372,-0.093450
2714,-32.000,周期字段（降权）,0x2E8,8,6,6,1,1,0.5000,6,187,0.104350
2715,-32.000,周期字段（降权）,0x2E8,8,7,4,1,1,0.5000,6,744,-0.193950
2716,-32.000,周期字段（降权）,0x2E8,8,7,5,1,1,0.5000,6,372,-0.093450
2717,-32.000,周期字段（降权）,0x2E8,8,7,6,1,1,0.5000,6,187,0.104350
2718,-32.000,周期字段（降权）,0x2EC,3,1,4,1,1,0.5000,6,738,-0.218650
2719,-32.000,周期字段（降权）,0x2EC,3,1,5,1,1,0.5000,6,371,-0.118650
2720,-32.000,周期字段（降权）,0x2EC,3,1,6,1,1,0.5000,6,186,0.079850
2721,-32.000,周期字段（降权）,0x2EC,3,2,4,1,1,0.5000,6,738,-0.218650
2722,-32.000,周期字段（降权）,0x2EC,3,2,5,1,1,0.5000,6,367,-0.218650
2723,-32.000,周期字段（降权）,0x2EC,3,2,6,1,1,0.5000,6,183,-0.020150
2724,-32.000,周期字段（降权）,0x2F9,8,3,3,1,1,0.5000,6,738,-0.246750
2725,-32.000,周期字段（降权）,0x312,8,0,0,1,1,0.5000,6,150,0.209750
2726,-32.000,周期字段（降权）,0x312,8,0,6,1,1,0.5000,6,150,0.209750
2727,-32.000,周期字段（降权）,0x312,8,1,1,1,1,0.5000,6,150,0.209750
2728,-32.000,周期字段（降权）,0x312,8,1,2,1,1,0.5000,6,150,0.209750
2729,-32.000,周期字段（降权）,0x312,8,1,5,1,1,0.5000,6,150,0.209750
2730,-32.000,周期字段（降权）,0x312,8,1,6,1,1,0.5000,6,150,0.209750
2731,-32.000,周期字段（降权）,0x312,8,2,0,1,1,0.5000,6,150,0.209750
2732,-32.000,周期字段（降权）,0x312,8,2,5,1,1,0.5000,6,150,0.209750
2733,-32.000,周期字段（降权）,0x312,8,2,7,1,1,0.5000,6,150,0.209750
2734,-32.000,周期字段（降权）,0x312,8,3,4,1,1,0.5000,6,150,0.209750
2735,-32.000,周期字段（降权）,0x312,8,4,0,1,1,0.5000,6,150,0.209750
2736,-32.000,周期字段（降权）,0x312,8,4,1,1,1,0.5000,6,150,0.209750
2737,-32.000,周期字段（降权）,0x312,8,4,2,1,1,0.5000,6,150,0.209750
2738,-32.000,周期字段（降权）,0x312,8,4,3,1,1,0.5000,6,150,0.209750
2739,-32.000,周期字段（降权）,0x312,8,4,6,1,1,0.5000,6,150,0.209750
2740,-32.000,周期字段（降权）,0x312,8,5,2,1,1,0.5000,6,150,0.209750
2741,-32.000,周期字段（降权）,0x312,8,5,5,1,1,0.5000,6,150,0.209750
2742,-32.000,周期字段（降权）,0x312,8,6,0,1,1,0.5000,6,150,0.209750
2743,-32.000,周期字段（降权）,0x312,8,6,2,1,1,0.5000,6,150,0.209750
2744,-32.000,周期字段（降权）,0x312,8,6,4,1,1,0.5000,6,150,0.209750
2745,-32.000,周期字段（降权）,0x312,8,7,2,1,1,0.5000,6,150,0.209750
2746,-32.000,周期字段（降权）,0x312,8,7,4,1,1,0.5000,6,150,0.209750
2747,-32.000,周期字段（降权）,0x313,8,6,4,1,1,0.5000,6,145,-0.104000
2748,-32.000,周期字段（降权）,0x313,8,7,4,1,1,0.5000,6,145,-0.104000
2749,-32.000,周期字段（降权）,0x318,8,6,1,1,1,0.5000,6,738,-0.207800
2750,-32.000,周期字段（降权）,0x318,8,6,2,1,1,0.5000,6,367,-0.207800
2751,-32.000,周期字段（降权）,0x318,8,6,3,1,1,0.5000,6,183,-0.009600
2752,-32.000,周期字段（降权）,0x318,8,7,3,不一致,0,0.5125,6,195,-0.008150
2753,-32.000,周期字段（降权）,0x31A,8,6,4,1,1,0.5000,6,371,-0.112400
2754,-32.000,周期字段（降权）,0x31A,8,6,5,1,1,0.5000,6,186,0.086200
2755,-32.000,周期字段（降权）,0x31A,8,7,4,1,1,0.5000,6,371,-0.112400
2756,-32.000,周期字段（降权）,0x31A,8,7,5,1,1,0.5000,6,185,-0.111250
2757,-32.000,周期字段（降权）,0x334,8,6,4,1,1,0.5000,6,150,0.095650
2758,-32.000,周期字段（降权）,0x334,8,7,4,1,1,0.5000,6,150,0.095650
2759,-32.000,周期字段（降权）,0x340,8,0,0,1,1,0.5000,6,744,-0.197650
2760,-32.000,周期字段（降权）,0x340,8,0,1,1,1,0.5000,6,372,-0.197650
2761,-32.000,周期字段（降权）,0x34A,8,0,0,1,1,0.5000,6,150,0.147450
2762,-32.000,周期字段（降权）,0x372,8,0,1,0,0,0.5333,6,593,-0.188050
2763,-32.000,周期字段（降权）,0x372,8,0,2,0,0,0.5333,6,296,-0.188050
2764,-32.000,周期字段（降权）,0x372,8,0,3,0,0,0.5333,6,150,0.051550
2765,-32.000,周期字段（降权）,0x379,8,0,0,1,1,0.5000,6,744,-0.195650
2766,-32.000,周期字段（降权）,0x379,8,0,1,1,1,0.5000,6,372,-0.095650
2767,-32.000,周期字段（降权）,0x37A,8,0,0,1,1,0.5000,6,744,-0.181700
2768,-32.000,周期字段（降权）,0x37A,8,0,1,1,1,0.5000,6,372,-0.081700
2769,-32.000,周期字段（降权）,0x381,8,0,1,0,0,0.5203,6,1067,-0.232700
2770,-32.000,周期字段（降权）,0x392,8,0,0,1,1,0.5000,6,150,0.209950
2771,-32.000,周期字段（降权）,0x392,8,1,2,1,1,0.5000,6,150,0.209950
2772,-32.000,周期字段（降权）,0x392,8,1,3,1,1,0.5000,6,150,0.209950
2773,-32.000,周期字段（降权）,0x392,8,2,0,1,1,0.5000,6,150,0.209950
2774,-32.000,周期字段（降权）,0x392,8,2,3,1,1,0.5000,6,150,0.209950
2775,-32.000,周期字段（降权）,0x392,8,2,5,1,1,0.5000,6,150,0.209950
2776,-32.000,周期字段（降权）,0x392,8,2,7,1,1,0.5000,6,150,0.209950
2777,-32.000,周期字段（降权）,0x392,8,3,0,1,1,0.5000,6,150,0.209950
2778,-32.000,周期字段（降权）,0x392,8,3,1,1,1,0.5000,6,150,0.209950
2779,-32.000,周期字段（降权）,0x392,8,3,2,1,1,0.5000,6,150,0.209950
2780,-32.000,周期字段（降权）,0x392,8,3,5,1,1,0.5000,6,150,0.209950
2781,-32.000,周期字段（降权）,0x392,8,3,6,1,1,0.5000,6,150,0.209950
2782,-32.000,周期字段（降权）,0x392,8,4,4,1,1,0.5000,6,150,0.209950
2783,-32.000,周期字段（降权）,0x392,8,5,0,1,1,0.5000,6,150,0.209950
2784,-32.000,周期字段（降权）,0x392,8,5,1,1,1,0.5000,6,150,0.209950
2785,-32.000,周期字段（降权）,0x392,8,5,2,1,1,0.5000,6,150,0.209950
2786,-32.000,周期字段（降权）,0x392,8,5,5,1,1,0.5000,6,150,0.209950
2787,-32.000,周期字段（降权）,0x392,8,6,1,1,1,0.5000,6,150,0.209950
2788,-32.000,周期字段（降权）,0x393,8,0,0,1,1,0.5000,6,738,-0.202450
2789,-32.000,周期字段（降权）,0x393,8,0,1,1,1,0.5000,6,738,-0.202450
2790,-32.000,周期字段（降权）,0x393,8,0,2,1,1,0.5000,6,738,-0.202450
2791,-32.000,周期字段（降权）,0x393,8,0,3,1,1,0.5000,6,738,-0.202450
2792,-32.000,周期字段（降权）,0x393,8,1,7,1,1,0.5000,6,738,-0.202450
2793,-32.000,周期字段（降权）,0x393,8,2,3,1,1,0.5000,6,738,-0.202450
2794,-32.000,周期字段（降权）,0x393,8,2,4,1,1,0.5000,6,738,-0.202450
2795,-32.000,周期字段（降权）,0x393,8,2,7,1,1,0.5000,6,738,-0.202450
2796,-32.000,周期字段（降权）,0x393,8,3,4,1,1,0.5000,6,736,-0.202450
2797,-32.000,周期字段（降权）,0x393,8,3,6,1,1,0.5000,6,738,-0.202450
2798,-32.000,周期字段（降权）,0x393,8,3,7,1,1,0.5000,6,738,-0.202450
2799,-32.000,周期字段（降权）,0x393,8,4,0,1,1,0.5000,6,738,-0.202450
2800,-32.000,周期字段（降权）,0x393,8,4,1,1,1,0.5000,6,738,-0.202450
2801,-32.000,周期字段（降权）,0x393,8,4,2,1,1,0.5000,6,738,-0.202450
2802,-32.000,周期字段（降权）,0x393,8,5,4,1,1,0.5000,6,738,-0.202450
2803,-32.000,周期字段（降权）,0x393,8,5,5,1,1,0.5000,6,738,-0.202450
2804,-32.000,周期字段（降权）,0x393,8,5,7,1,1,0.5000,6,738,-0.202450
2805,-32.000,周期字段（降权）,0x393,8,6,0,1,1,0.5000,6,738,-0.202450
2806,-32.000,周期字段（降权）,0x393,8,6,1,1,1,0.5000,6,738,-0.202450
2807,-32.000,周期字段（降权）,0x393,8,6,2,1,1,0.5000,6,738,-0.202450
2808,-32.000,周期字段（降权）,0x393,8,7,3,1,1,0.5000,6,738,-0.202450
2809,-32.000,周期字段（降权）,0x39A,8,0,0,1,1,0.5000,6,743,-0.160700
2810,-32.000,周期字段（降权）,0x39A,8,0,7,1,1,0.5000,6,743,-0.160700
2811,-32.000,周期字段（降权）,0x39A,8,1,1,1,1,0.5000,6,743,-0.160700
2812,-32.000,周期字段（降权）,0x39A,8,4,6,1,1,0.5000,6,743,-0.160700
2813,-32.000,周期字段（降权）,0x39A,8,4,7,1,1,0.5000,6,743,-0.160700
2814,-32.000,周期字段（降权）,0x39A,8,5,1,1,1,0.5000,6,743,-0.160700
2815,-32.000,周期字段（降权）,0x39A,8,6,0,1,1,0.5000,6,743,-0.160700
2816,-32.000,周期字段（降权）,0x39A,8,6,1,1,1,0.5000,6,743,-0.160700
2817,-32.000,周期字段（降权）,0x39A,8,7,1,1,1,0.5000,6,743,-0.160700
2818,-32.000,周期字段（降权）,0x39A,8,7,3,1,1,0.5000,6,743,-0.160700
2819,-32.000,周期字段（降权）,0x39A,8,7,4,1,1,0.5000,6,743,-0.160700
2820,-32.000,周期字段（降权）,0x39B,8,6,4,1,1,0.5000,6,148,-0.152750
2821,-32.000,周期字段（降权）,0x39B,8,7,4,1,1,0.5000,6,148,-0.152750
2822,-32.000,周期字段（降权）,0x39D,5,0,0,1,1,0.5000,6,1855,-0.217050
2823,-32.000,周期字段（降权）,0x39D,5,0,1,1,1,0.5000,6,927,-0.216650
2824,-32.000,周期字段（降权）,0x39D,5,0,2,1,1,0.5000,6,464,-0.176550
2825,-32.000,周期字段（降权）,0x39D,5,0,3,不一致,不一致,0.5100,6,232,-0.096800
2826,-32.000,周期字段（降权）,0x39D,5,0,4,不一致,不一致,0.5100,6,232,-0.096800
2827,-32.000,周期字段（降权）,0x39D,5,0,5,不一致,不一致,0.5100,6,232,-0.096800
2828,-32.000,周期字段（降权）,0x39D,5,1,0,1,1,0.5000,6,1855,-0.217050
2829,-32.000,周期字段（降权）,0x39D,5,1,1,1,1,0.5000,6,927,-0.216650
2830,-32.000,周期字段（降权）,0x39D,5,1,2,1,1,0.5000,6,464,-0.176550
2831,-32.000,周期字段（降权）,0x39D,5,1,3,不一致,不一致,0.5100,6,232,-0.096800
2832,-32.000,周期字段（降权）,0x3A1,8,0,0,1,1,0.5000,6,1482,-0.209100
2833,-32.000,周期字段（降权）,0x3A1,8,0,1,1,1,0.5000,6,1482,-0.209100
2834,-32.000,周期字段（降权）,0x3A1,8,0,6,1,1,0.5000,6,1482,-0.209100
2835,-32.000,周期字段（降权）,0x3A1,8,1,0,1,1,0.5000,6,1482,-0.209100
2836,-32.000,周期字段（降权）,0x3A1,8,1,1,1,1,0.5000,6,1482,-0.209100
2837,-32.000,周期字段（降权）,0x3A1,8,1,4,1,1,0.5000,6,1482,-0.209100
2838,-32.000,周期字段（降权）,0x3A1,8,1,6,1,1,0.5000,6,1482,-0.209100
2839,-32.000,周期字段（降权）,0x3A1,8,1,7,1,1,0.5000,6,1482,-0.209100
2840,-32.000,周期字段（降权）,0x3A1,8,2,1,1,1,0.5000,6,1482,-0.209100
2841,-32.000,周期字段（降权）,0x3A1,8,2,2,1,1,0.5000,6,1482,-0.209100
2842,-32.000,周期字段（降权）,0x3A1,8,2,3,1,1,0.5000,6,1482,-0.209100
2843,-32.000,周期字段（降权）,0x3A1,8,2,6,1,1,0.5000,6,1482,-0.209100
2844,-32.000,周期字段（降权）,0x3A1,8,3,0,1,1,0.5000,6,1482,-0.209100
2845,-32.000,周期字段（降权）,0x3A1,8,4,1,1,1,0.5000,6,1478,-0.209100
2846,-32.000,周期字段（降权）,0x3A1,8,4,2,1,1,0.5000,6,1482,-0.209100
2847,-32.000,周期字段（降权）,0x3A1,8,4,3,1,1,0.5000,6,1482,-0.209100
2848,-32.000,周期字段（降权）,0x3A1,8,4,4,1,1,0.5000,6,1482,-0.209100
2849,-32.000,周期字段（降权）,0x3A1,8,4,5,1,1,0.5000,6,1482,-0.209100
2850,-32.000,周期字段（降权）,0x3A1,8,5,0,1,1,0.5000,6,1482,-0.209100
2851,-32.000,周期字段（降权）,0x3A1,8,5,3,1,1,0.5000,6,1482,-0.209100
2852,-32.000,周期字段（降权）,0x3A1,8,5,5,1,1,0.5000,6,1482,-0.209100
2853,-32.000,周期字段（降权）,0x3A1,8,6,1,1,1,0.5000,6,1482,-0.209100
2854,-32.000,周期字段（降权）,0x3A1,8,6,4,1,1,0.5000,6,1482,-0.209100
2855,-32.000,周期字段（降权）,0x3A1,8,6,5,1,1,0.5000,6,739,-0.209100
2856,-32.000,周期字段（降权）,0x3A1,8,6,6,1,1,0.5000,6,367,-0.209100
2857,-32.000,周期字段（降权）,0x3A1,8,6,7,1,1,0.5000,6,183,-0.010550
2858,-32.000,周期字段（降权）,0x3AA,8,0,0,1,1,0.5000,6,150,0.075850
2859,-32.000,周期字段（降权）,0x3AE,8,6,0,不一致,不一致,0.5066,6,245,-0.137000
2860,-32.000,周期字段（降权）,0x3AE,8,6,5,1,1,0.5019,6,982,-0.202600
2861,-32.000,周期字段（降权）,0x3AE,8,6,6,1,不一致,0.5038,6,492,-0.163050
2862,-32.000,周期字段（降权）,0x3AE,8,6,7,不一致,1,0.5047,6,246,-0.085450
2863,-32.000,周期字段（降权）,0x3AE,8,7,0,不一致,不一致,0.5066,6,245,-0.137000
2864,-32.000,周期字段（降权）,0x3AE,8,7,1,不一致,不一致,0.5066,6,245,-0.137000
2865,-32.000,周期字段（降权）,0x3AE,8,7,5,1,1,0.5019,6,982,-0.202600
2866,-32.000,周期字段（降权）,0x3AE,8,7,6,0,不一致,0.5038,6,492,-0.163050
2867,-32.000,周期字段（降权）,0x3AE,8,7,7,不一致,不一致,0.5066,6,246,-0.104300
2868,-32.000,周期字段（降权）,0x3C2,8,0,0,1,1,0.5000,6,1483,-0.244650
2869,-32.000,周期字段（降权）,0x3C2,8,0,3,1,1,0.5000,6,1483,-0.244650
2870,-32.000,周期字段（降权）,0x3C2,8,0,5,1,1,0.5000,6,1483,-0.244650
2871,-32.000,周期字段（降权）,0x3C2,8,2,0,1,1,0.5000,6,1483,-0.244650
2872,-32.000,周期字段（降权）,0x3C2,8,2,2,1,1,0.5000,6,1483,-0.244650
2873,-32.000,周期字段（降权）,0x3C2,8,2,4,1,1,0.5000,6,1483,-0.244650
2874,-32.000,周期字段（降权）,0x3C2,8,2,6,1,1,0.5000,6,1483,-0.244650
2875,-32.000,周期字段（降权）,0x3C2,8,3,0,1,1,0.5000,6,1483,-0.244650
2876,-32.000,周期字段（降权）,0x3C2,8,3,2,1,1,0.5000,6,1483,-0.244650
2877,-32.000,周期字段（降权）,0x3C2,8,3,4,1,1,0.5000,6,1483,-0.244650
2878,-32.000,周期字段（降权）,0x3C2,8,3,6,1,1,0.5000,6,1483,-0.244650
2879,-32.000,周期字段（降权）,0x3C2,8,6,0,1,1,0.5000,6,1483,-0.244650
2880,-32.000,周期字段（降权）,0x3C2,8,6,2,1,1,0.5000,6,1483,-0.244650
2881,-32.000,周期字段（降权）,0x3C2,8,6,4,1,1,0.5000,6,1483,-0.244650
2882,-32.000,周期字段（降权）,0x3C2,8,6,6,1,1,0.5000,6,1483,-0.244650
2883,-32.000,周期字段（降权）,0x3C2,8,7,0,1,1,0.5000,6,1483,-0.244650
2884,-32.000,周期字段（降权）,0x3C2,8,7,3,1,1,0.5000,6,1483,-0.244650
2885,-32.000,周期字段（降权）,0x3C3,8,0,0,1,1,0.5000,6,744,-0.178600
2886,-32.000,周期字段（降权）,0x3C3,8,0,2,1,1,0.5000,6,744,-0.178600
2887,-32.000,周期字段（降权）,0x3C3,8,0,4,1,1,0.5000,6,744,-0.178600
2888,-32.000,周期字段（降权）,0x3C3,8,0,6,1,1,0.5000,6,744,-0.178600
2889,-32.000,周期字段（降权）,0x3C3,8,1,0,1,1,0.5000,6,744,-0.178600
2890,-32.000,周期字段（降权）,0x3C3,8,1,2,1,1,0.5000,6,744,-0.178600
2891,-32.000,周期字段（降权）,0x3C3,8,1,4,1,1,0.5000,6,744,-0.178600
2892,-32.000,周期字段（降权）,0x3C3,8,1,6,1,1,0.5000,6,744,-0.178600
2893,-32.000,周期字段（降权）,0x3C3,8,2,0,1,1,0.5000,6,744,-0.178600
2894,-32.000,周期字段（降权）,0x3C3,8,2,2,1,1,0.5000,6,744,-0.178600
2895,-32.000,周期字段（降权）,0x3C3,8,2,4,1,1,0.5000,6,744,-0.178600
2896,-32.000,周期字段（降权）,0x3C3,8,2,6,1,1,0.5000,6,744,-0.178600
2897,-32.000,周期字段（降权）,0x3C3,8,3,0,1,1,0.5000,6,744,-0.178600
2898,-32.000,周期字段（降权）,0x3C3,8,5,0,1,1,0.5000,6,744,-0.178600
2899,-32.000,周期字段（降权）,0x3C3,8,5,2,1,1,0.5000,6,744,-0.178600
2900,-32.000,周期字段（降权）,0x3C3,8,5,6,1,1,0.5000,6,744,-0.178600
2901,-32.000,周期字段（降权）,0x3C3,8,5,7,1,1,0.5000,6,744,-0.178600
2902,-32.000,周期字段（降权）,0x3C3,8,6,0,1,1,0.5000,6,744,-0.178600
2903,-32.000,周期字段（降权）,0x3C3,8,6,1,1,1,0.5000,6,744,-0.178600
2904,-32.000,周期字段（降权）,0x3C3,8,6,6,1,1,0.5000,6,744,-0.178600
2905,-32.000,周期字段（降权）,0x3C8,8,0,2,0,0,0.5750,6,211,-0.167450
2906,-32.000,周期字段（降权）,0x3CC,8,2,6,1,1,0.5000,6,145,-0.237450
2907,-32.000,周期字段（降权）,0x3E8,8,0,2,0,0,0.5750,6,209,-0.125350
2908,-32.000,周期字段（降权）,0x3E9,8,6,4,1,1,0.5000,6,148,-0.157800
2909,-32.000,周期字段（降权）,0x3E9,8,7,4,1,1,0.5000,6,148,-0.157800
2910,-32.000,周期字段（降权）,0x3F9,8,0,2,0,0,0.5550,6,165,0.010350
2911,-32.000,周期字段（降权）,0x407,8,0,0,1,1,0.5000,6,145,-0.104550
2912,-32.000,周期字段（降权）,0x407,8,1,0,1,1,0.5000,6,145,-0.104550
2913,-32.000,周期字段（降权）,0x40A,8,6,4,1,1,0.5000,6,371,-0.094200
2914,-32.000,周期字段（降权）,0x40A,8,6,5,1,1,0.5000,6,186,0.105350
2915,-32.000,周期字段（降权）,0x40A,8,7,4,1,1,0.5000,6,371,-0.094200
2916,-32.000,周期字段（降权）,0x40A,8,7,5,1,1,0.5000,6,185,-0.093000
2917,-32.000,周期字段（降权）,0x420,8,6,7,1,1,0.5000,6,744,-0.192150
2918,-32.000,周期字段（降权）,0x420,8,7,0,1,1,0.5000,6,372,-0.091600
2919,-32.000,周期字段（降权）,0x420,8,7,1,1,1,0.5000,6,187,0.106800
2920,-32.000,周期字段（降权）,0x43B,8,0,0,1,1,0.5000,6,296,-0.101900
2921,-32.000,周期字段（降权）,0x43B,8,0,1,1,1,0.5000,6,150,0.147450
2922,-32.000,周期字段（降权）,0x441,8,0,6,1,1,0.5000,6,1483,-0.243550
2923,-32.000,周期字段（降权）,0x441,8,1,0,1,1,0.5000,6,1483,-0.243550
2924,-32.000,周期字段（降权）,0x441,8,1,2,1,1,0.5000,6,1483,-0.243550
2925,-32.000,周期字段（降权）,0x441,8,1,7,1,1,0.5000,6,1483,-0.243550
2926,-32.000,周期字段（降权）,0x441,8,2,0,1,1,0.5000,6,1483,-0.243550
2927,-32.000,周期字段（降权）,0x441,8,2,1,1,1,0.5000,6,1483,-0.243550
2928,-32.000,周期字段（降权）,0x441,8,2,2,1,1,0.5000,6,1483,-0.243550
2929,-32.000,周期字段（降权）,0x441,8,2,3,1,1,0.5000,6,1483,-0.243550
2930,-32.000,周期字段（降权）,0x441,8,2,4,1,1,0.5000,6,1483,-0.243550
2931,-32.000,周期字段（降权）,0x441,8,2,5,1,1,0.5000,6,1483,-0.243550
2932,-32.000,周期字段（降权）,0x441,8,3,0,1,1,0.5000,6,1483,-0.243550
2933,-32.000,周期字段（降权）,0x441,8,3,1,1,1,0.5000,6,1483,-0.243550
2934,-32.000,周期字段（降权）,0x441,8,3,6,1,1,0.5000,6,1483,-0.243550
2935,-32.000,周期字段（降权）,0x441,8,3,7,1,1,0.5000,6,1483,-0.243550
2936,-32.000,周期字段（降权）,0x441,8,4,1,1,1,0.5000,6,1483,-0.243550
2937,-32.000,周期字段（降权）,0x441,8,4,3,1,1,0.5000,6,1483,-0.243550
2938,-32.000,周期字段（降权）,0x441,8,4,5,1,1,0.5000,6,1483,-0.243550
2939,-32.000,周期字段（降权）,0x441,8,4,6,1,1,0.5000,6,1483,-0.243550
2940,-32.000,周期字段（降权）,0x441,8,6,0,1,1,0.5000,6,1483,-0.243550
2941,-32.000,周期字段（降权）,0x441,8,6,2,1,1,0.5000,6,1483,-0.243550
2942,-32.000,周期字段（降权）,0x441,8,6,3,1,1,0.5000,6,744,-0.190300
2943,-32.000,周期字段（降权）,0x441,8,6,4,1,1,0.5000,6,372,-0.190300
2944,-32.000,周期字段（降权）,0x441,8,6,5,1,1,0.5000,6,186,0.007150
2945,-32.000,周期字段（降权）,0x441,8,7,3,0,0,0.5062,6,742,-0.243550
2946,-32.000,周期字段（降权）,0x443,6,0,0,1,1,0.5000,6,144,-0.040950
2947,-32.000,周期字段（降权）,0x443,6,1,0,1,1,0.5000,6,144,-0.040950
2948,-32.000,周期字段（降权）,0x45A,8,0,0,1,1,0.5000,6,1483,-0.244050
2949,-32.000,周期字段（降权）,0x45A,8,0,2,1,1,0.5000,6,1483,-0.244050
2950,-32.000,周期字段（降权）,0x45A,8,0,3,1,1,0.5000,6,1483,-0.244050
2951,-32.000,周期字段（降权）,0x45A,8,0,4,1,1,0.5000,6,1483,-0.244050
2952,-32.000,周期字段（降权）,0x45A,8,0,6,1,1,0.5000,6,1483,-0.244050
2953,-32.000,周期字段（降权）,0x45A,8,0,7,1,1,0.5000,6,1483,-0.244050
2954,-32.000,周期字段（降权）,0x45A,8,1,0,1,1,0.5000,6,1483,-0.244050
2955,-32.000,周期字段（降权）,0x45A,8,1,6,1,1,0.5000,6,1483,-0.244050
2956,-32.000,周期字段（降权）,0x45A,8,2,1,1,1,0.5000,6,1483,-0.244050
2957,-32.000,周期字段（降权）,0x45A,8,2,2,1,1,0.5000,6,1483,-0.244050
2958,-32.000,周期字段（降权）,0x45A,8,2,3,1,1,0.5000,6,1483,-0.244050
2959,-32.000,周期字段（降权）,0x45A,8,2,4,1,1,0.5000,6,1483,-0.244050
2960,-32.000,周期字段（降权）,0x45A,8,2,5,1,1,0.5000,6,1483,-0.244050
2961,-32.000,周期字段（降权）,0x45A,8,2,7,1,1,0.5000,6,1483,-0.244050
2962,-32.000,周期字段（降权）,0x45A,8,3,0,1,1,0.5000,6,1483,-0.244050
2963,-32.000,周期字段（降权）,0x45A,8,3,3,1,1,0.5000,6,1483,-0.244050
2964,-32.000,周期字段（降权）,0x45A,8,3,4,1,1,0.5000,6,1483,-0.244050
2965,-32.000,周期字段（降权）,0x45A,8,3,5,1,1,0.5000,6,1483,-0.244050
2966,-32.000,周期字段（降权）,0x45A,8,4,2,1,1,0.5000,6,1483,-0.244050
2967,-32.000,周期字段（降权）,0x45A,8,4,3,1,1,0.5000,6,1483,-0.244050
2968,-32.000,周期字段（降权）,0x45A,8,4,4,1,1,0.5000,6,1483,-0.244050
2969,-32.000,周期字段（降权）,0x45A,8,4,5,1,1,0.5000,6,1483,-0.244050
2970,-32.000,周期字段（降权）,0x45A,8,5,2,1,1,0.5000,6,1483,-0.244050
2971,-32.000,周期字段（降权）,0x45A,8,5,3,1,1,0.5000,6,1483,-0.244050
2972,-32.000,周期字段（降权）,0x45A,8,5,4,1,1,0.5000,6,1483,-0.244050
2973,-32.000,周期字段（降权）,0x45A,8,5,6,1,1,0.5000,6,1483,-0.244050
2974,-32.000,周期字段（降权）,0x45A,8,6,1,1,1,0.5000,6,1483,-0.244050
2975,-32.000,周期字段（降权）,0x45A,8,6,3,1,1,0.5000,6,1483,-0.244050
2976,-32.000,周期字段（降权）,0x45A,8,7,1,1,1,0.5000,6,1483,-0.244050
2977,-32.000,周期字段（降权）,0x45A,8,7,2,1,1,0.5000,6,1483,-0.244050
2978,-32.000,周期字段（降权）,0x45A,8,7,5,1,1,0.5000,6,1483,-0.244050
2979,-32.000,周期字段（降权）,0x45A,8,7,6,1,1,0.5000,6,1483,-0.244050
2980,-32.000,周期字段（降权）,0x4E2,8,0,0,1,1,0.5000,6,744,-0.174900
2981,-32.000,周期字段（降权）,0x4E2,8,0,1,1,1,0.5000,6,372,-0.074850
2982,-32.000,周期字段（降权）,0x4E2,8,0,2,1,1,0.5000,6,187,0.123950
2983,-32.000,周期字段（降权）,0x4E2,8,6,3,1,1,0.5000,6,187,0.123950
2984,-32.000,周期字段（降权）,0x4E2,8,6,5,1,1,0.5000,6,187,0.123950
2985,-32.000,周期字段（降权）,0x4E3,8,0,0,1,1,0.5000,6,744,-0.189600
2986,-32.000,周期字段（降权）,0x4E3,8,0,1,1,1,0.5000,6,372,-0.089650
2987,-32.000,周期字段（降权）,0x4E3,8,0,2,1,1,0.5000,6,187,0.109150
2988,-32.000,周期字段（降权）,0x4E3,8,6,3,1,1,0.5000,6,187,0.109150
2989,-32.000,周期字段（降权）,0x4E3,8,6,5,1,1,0.5000,6,187,0.109150
2990,-32.000,周期字段（降权）,0x545,8,6,4,1,1,0.5004,6,2248,-0.234200
2991,-32.000,周期字段（降权）,0x545,8,6,5,不一致,1,0.5021,6,1123,-0.218650
2992,-32.000,周期字段（降权）,0x545,8,6,6,不一致,不一致,0.5037,6,562,-0.183750
2993,-32.000,周期字段（降权）,0x545,8,6,7,0,不一致,0.5045,6,281,-0.119600
2994,-32.000,周期字段（降权）,0x552,8,6,4,1,1,0.5000,6,743,-0.167650
2995,-32.000,周期字段（降权）,0x552,8,6,5,1,1,0.5000,6,371,-0.167650
2996,-32.000,周期字段（降权）,0x552,8,6,6,1,1,0.5000,6,186,0.030900
2997,-32.000,周期字段（降权）,0x552,8,7,4,1,1,0.5000,6,743,-0.167650
2998,-32.000,周期字段（降权）,0x552,8,7,5,1,1,0.5000,6,372,-0.067650
2999,-32.000,周期字段（降权）,0x552,8,7,6,1,1,0.5000,6,185,-0.066700
3000,-32.000,周期字段（降权）,0x553,8,6,4,1,1,0.5000,6,744,-0.172600
3001,-32.000,周期字段（降权）,0x553,8,6,5,1,1,0.5000,6,372,-0.172600
3002,-32.000,周期字段（降权）,0x553,8,6,6,1,1,0.5000,6,186,0.026150
3003,-32.000,周期字段（降权）,0x553,8,7,4,1,1,0.5000,6,744,-0.172600
3004,-32.000,周期字段（降权）,0x553,8,7,5,1,1,0.5000,6,372,-0.072600
3005,-32.000,周期字段（降权）,0x553,8,7,6,1,1,0.5000,6,185,-0.071400
3006,-32.000,周期字段（降权）,0x55A,8,0,0,1,1,0.5000,6,145,-0.057850
3007,-32.000,周期字段（降权）,0x55A,8,0,2,1,1,0.5000,6,150,0.194350
3008,-32.000,周期字段（降权）,0x682,8,6,4,1,1,0.5000,6,738,-0.220600
3009,-32.000,周期字段（降权）,0x682,8,6,5,1,1,0.5000,6,371,-0.120600
3010,-32.000,周期字段（降权）,0x682,8,6,6,1,1,0.5000,6,186,0.078550
3011,-32.000,周期字段（降权）,0x682,8,7,4,1,1,0.5000,6,738,-0.220600
3012,-32.000,周期字段（降权）,0x682,8,7,5,1,1,0.5000,6,371,-0.120600
3013,-32.000,周期字段（降权）,0x682,8,7,6,1,1,0.5000,6,185,-0.120600
3014,-32.000,周期字段（降权）,0x709,8,0,1,不一致,不一致,0.5197,6,114,0.158050
3015,-32.000,周期字段（降权）,0x75D,8,0,2,0,0,0.5800,6,107,0.212550
3016,-32.000,周期字段（降权）,0x77A,8,0,0,1,1,0.5000,6,150,0.076200
3017,-32.000,周期字段（降权）,0x77A,8,0,5,1,1,0.5000,6,150,0.076200
3018,-32.000,周期字段（降权）,0x77A,8,0,7,1,1,0.5000,6,150,0.076200
3019,-32.000,周期字段（降权）,0x77A,8,2,6,1,1,0.5000,6,150,0.076200
3020,-32.000,周期字段（降权）,0x77A,8,2,7,1,1,0.5000,6,150,0.076200
3021,-32.000,周期字段（降权）,0x77A,8,3,0,1,1,0.5000,6,150,0.076200
3022,-32.000,周期字段（降权）,0x77A,8,3,2,1,1,0.5000,6,150,0.076200
3023,-32.000,周期字段（降权）,0x77A,8,3,3,1,1,0.5000,6,150,0.076200
3024,-32.000,周期字段（降权）,0x77A,8,3,4,1,1,0.5000,6,150,0.076200
3025,-32.000,周期字段（降权）,0x77A,8,3,6,1,1,0.5000,6,150,0.076200
3026,-32.000,周期字段（降权）,0x77A,8,4,4,1,1,0.5000,6,150,0.076200
3027,-32.000,周期字段（降权）,0x77A,8,5,0,1,1,0.5000,6,150,0.076200
3028,-32.000,周期字段（降权）,0x77A,8,5,4,1,1,0.5000,6,150,0.076200
3029,-32.000,周期字段（降权）,0x77A,8,5,6,1,1,0.5000,6,150,0.076200
3030,-32.000,周期字段（降权）,0x77A,8,6,0,1,1,0.5000,6,150,0.076200
3031,-32.000,周期字段（降权）,0x77A,8,6,1,1,1,0.5000,6,150,0.076200
3032,-32.000,周期字段（降权）,0x77A,8,6,3,1,1,0.5000,6,150,0.076200
3033,-32.000,周期字段（降权）,0x77A,8,6,4,1,1,0.5000,6,150,0.076200
3034,-32.000,周期字段（降权）,0x77A,8,6,5,1,1,0.5000,6,150,0.076200
3035,-32.000,周期字段（降权）,0x77A,8,6,7,1,1,0.5000,6,150,0.076200
3036,-32.000,周期字段（降权）,0x77A,8,7,2,1,1,0.5000,6,150,0.076200
3037,-32.000,周期字段（降权）,0x77A,8,7,3,1,1,0.5000,6,150,0.076200
3038,-32.000,周期字段（降权）,0x77A,8,7,4,1,1,0.5000,6,150,0.076200
3039,-32.000,周期字段（降权）,0x77A,8,7,5,1,1,0.5000,6,150,0.076200
3040,-32.000,周期字段（降权）,0x789,4,2,4,1,1,0.5000,6,744,-0.176200
3041,-32.000,周期字段（降权）,0x789,4,2,5,1,1,0.5000,6,372,-0.176200
3042,-32.000,周期字段（降权）,0x789,4,2,6,1,1,0.5000,6,186,0.022450
3043,-32.000,周期字段（降权）,0x789,4,3,4,1,1,0.5000,6,744,-0.176200
3044,-32.000,周期字段（降权）,0x789,4,3,5,1,1,0.5000,6,372,-0.176200
3045,-32.000,周期字段（降权）,0x789,4,3,6,1,1,0.5000,6,186,-0.174700
3046,-32.000,周期字段（降权）,0x78A,8,2,2,0,0,0.5700,6,210,-0.223450
3047,-32.000,周期字段（降权）,0x78A,8,7,2,0,0,0.5725,6,211,-0.024100
3048,-32.000,周期字段（降权）,0x797,4,2,4,1,1,0.5000,6,738,-0.230650
3049,-32.000,周期字段（降权）,0x797,4,2,5,1,1,0.5000,6,371,-0.130450
3050,-32.000,周期字段（降权）,0x797,4,2,6,1,1,0.5000,6,186,0.067950
3051,-32.000,周期字段（降权）,0x797,4,3,4,1,1,0.5000,6,738,-0.230650
3052,-32.000,周期字段（降权）,0x797,4,3,5,1,1,0.5000,6,367,-0.230650
3053,-32.000,周期字段（降权）,0x797,4,3,6,1,1,0.5000,6,184,-0.229300
3054,-32.000,周期字段（降权）,0x798,8,0,2,0,0,0.5700,6,210,-0.244200
3055,-32.000,周期字段（降权）,0x798,8,2,6,0,0,0.5675,6,211,-0.145350
3056,-32.000,周期字段（降权）,0x798,8,6,4,1,1,0.5000,6,738,-0.246200
3057,-32.000,周期字段（降权）,0x798,8,6,5,1,1,0.5000,6,371,-0.146100
3058,-32.000,周期字段（降权）,0x798,8,6,6,1,1,0.5000,6,186,0.052550
3059,-32.000,周期字段（降权）,0x7B8,8,0,2,0,0,0.5700,6,210,-0.198850
3060,-32.000,周期字段（降权）,0x7B8,8,1,2,0,0,0.5725,6,210,-0.150050
3061,-32.000,周期字段（降权）,0x7B8,8,1,3,0,0,0.5700,6,212,-0.099800
3062,-32.000,周期字段（降权）,0x7B8,8,6,4,1,1,0.5000,6,740,-0.200600
3063,-32.000,周期字段（降权）,0x7B8,8,6,5,1,1,0.5000,6,371,-0.100450
3064,-32.000,周期字段（降权）,0x7B8,8,6,6,1,1,0.5000,6,186,0.097950
3065,-32.000,周期字段（降权）,0x7FF,8,0,2,0,0,0.5575,6,164,-0.055700
3066,-32.800,周期字段（降权）,0x300,8,6,7,1,0,0.6000,4,24,0.563200
3067,-41.200,周期字段（降权）,0x300,8,0,3,0,1,0.6000,3,26,1.562500
3068,-61.200,周期字段（降权）,0x52F,8,6,5,1,0,0.7750,0,6,
