profile,role,score,can_id,byte,bit_in_byte,dbc_message,activity_enrichment,event_hits,event_total,inside_transitions,outside_transitions,period_cv,stable_purity
generic-event,事件附近变化,122.734,0x372,3,6,,,10,10,40,216,0.8725100117478086,
generic-event,事件附近变化,122.663,0x3A8,0,1,,,10,10,30,227,0.20033618898728003,
generic-event,事件附近变化,122.534,0x3A8,0,2,,,10,10,20,237,0.5997592459690533,
generic-event,事件附近变化,122.534,0x3A8,2,0,,,10,10,20,237,0.5997592459690533,
generic-event,事件附近变化,122.534,0x3A8,2,1,,,10,10,20,237,0.5997592459690533,
generic-event,事件附近变化,122.374,0x324,1,2,,,10,10,10,115,0.15012777213688194,
generic-event,事件附近变化,121.804,0x352,0,1,,,10,10,15,113,0.1992479074680321,
generic-event,事件附近变化,121.804,0x352,1,2,,,10,10,15,113,0.1992479074680321,
generic-event,事件附近变化,121.804,0x352,1,4,,,10,10,15,113,0.1992479074680321,
generic-event,事件附近变化,121.804,0x352,1,6,,,10,10,15,113,0.1992479074680321,
generic-event,事件附近变化,121.804,0x352,2,3,,,10,10,15,113,0.1992479074680321,
generic-event,事件附近变化,121.804,0x352,2,4,,,10,10,15,113,0.1992479074680321,
generic-event,事件附近变化,121.804,0x352,2,6,,,10,10,15,113,0.1992479074680321,
generic-event,事件附近变化,121.804,0x352,2,7,,,10,10,15,113,0.1992479074680321,
generic-event,事件附近变化,121.804,0x352,3,1,,,10,10,15,113,0.1992479074680321,
generic-event,事件附近变化,121.804,0x352,3,4,,,10,10,15,113,0.1992479074680321,
generic-event,事件附近变化,121.804,0x352,3,6,,,10,10,15,113,0.1992479074680321,
generic-event,事件附近变化,121.804,0x352,4,7,,,10,10,15,113,0.1992479074680321,
generic-event,事件附近变化,121.804,0x352,5,0,,,10,10,15,113,0.1992479074680321,
generic-event,事件附近变化,121.804,0x352,5,2,,,10,10,15,113,0.1992479074680321,
generic-event,事件附近变化,121.804,0x352,5,3,,,10,10,15,113,0.1992479074680321,
generic-event,事件附近变化,121.804,0x352,5,6,,,10,10,15,113,0.1992479074680321,
generic-event,事件附近变化,121.804,0x352,6,2,,,10,10,15,113,0.1992479074680321,
generic-event,事件附近变化,121.804,0x352,7,1,,,10,10,15,113,0.1992479074680321,
generic-event,事件附近变化,121.804,0x352,7,2,,,10,10,15,113,0.1992479074680321,
generic-event,事件附近变化,121.804,0x352,7,6,,,10,10,15,113,0.1992479074680321,
generic-event,事件附近变化,121.520,0x712,6,1,,,10,10,37,269,1.0589637216679961,
generic-event,事件附近变化,121.501,0x401,0,4,,,10,10,20,238,0.3604271591497927,
generic-event,事件附近变化,121.105,0x320,0,7,,,10,10,40,217,0.6004586539243544,
generic-event,事件附近变化,121.089,0x285,3,3,,,10,10,60,455,0.7970492559373827,
generic-event,事件附近变化,121.089,0x285,4,4,,,10,10,60,455,0.7970492559373827,
generic-event,事件附近变化,121.005,0x285,1,1,,,10,10,60,454,0.7981772282971443,
generic-event,事件附近变化,121.005,0x285,1,7,,,10,10,60,454,0.7981772282971443,
generic-event,事件附近变化,121.005,0x285,2,1,,,10,10,60,454,0.5940615000356659,
generic-event,事件附近变化,121.005,0x285,2,7,,,10,10,60,454,0.5940615000356659,
generic-event,事件附近变化,121.005,0x285,3,6,,,10,10,60,454,0.5940615000356659,
generic-event,事件附近变化,121.005,0x285,4,0,,,10,10,60,454,0.7981772282971443,
generic-event,事件附近变化,121.005,0x285,4,7,,,10,10,60,454,0.5940615000356659,
generic-event,事件附近变化,121.005,0x285,6,1,,,10,10,60,454,0.7981772282971443,
generic-event,事件附近变化,121.005,0x285,6,2,,,10,10,60,454,0.7981772282971443,
generic-event,事件附近变化,121.005,0x285,6,3,,,10,10,60,454,0.5940615000356659,
generic-event,事件附近变化,121.005,0x285,6,4,,,10,10,60,454,0.7981772282971443,
generic-event,事件附近变化,121.005,0x285,6,6,,,10,10,60,454,0.7981772282971443,
generic-event,事件附近变化,121.005,0x285,6,7,,,10,10,60,454,0.7981772282971443,
generic-event,事件附近变化,120.984,0x320,3,3,,,10,10,30,226,0.6014303818348878,
generic-event,事件附近变化,120.958,0x712,6,4,,,10,10,33,242,0.42805307597967834,
generic-event,事件附近变化,120.761,0x712,0,1,,,10,10,20,237,0.601034722983001,
generic-event,事件附近变化,120.761,0x712,2,4,,,10,10,20,237,0.8012336527735302,
generic-event,事件附近变化,120.761,0x712,4,6,,,10,10,20,237,0.7634681308729607,
generic-event,事件附近变化,120.593,0x372,7,4,,,10,10,70,442,1.3196434560879924,
generic-event,事件附近变化,120.590,0x3A8,0,0,,,10,10,60,454,0.34625797875310566,
generic-event,事件附近变化,120.571,0x7AA,6,6,,,10,10,75,435,0.9613986568548019,
generic-event,事件附近变化,120.533,0x372,6,7,,,10,10,78,451,1.292636615591915,
generic-event,事件附近变化,120.489,0x372,3,5,,,10,10,38,204,1.084642405115102,
generic-event,事件附近变化,120.459,0x289,4,3,,,10,10,89,579,0.8174236829590659,
generic-event,事件附近变化,120.446,0x712,4,5,,,10,10,60,453,0.8793128309720384,
generic-event,事件附近变化,120.319,0x372,7,6,,,10,10,40,216,0.883151827059258,
generic-event,事件附近变化,120.310,0x712,4,1,,,10,10,35,279,0.887645901073614,
generic-event,事件附近变化,120.305,0x372,2,5,,,10,10,50,465,0.7161243064416416,
generic-event,事件附近变化,120.286,0x253,0,0,,,10,10,60,455,0.7945483346098899,
generic-event,事件附近变化,120.279,0x712,4,3,,,10,10,36,305,0.8540959040317113,
generic-event,事件附近变化,120.259,0x712,6,3,,,10,10,49,337,0.822394993862471,
generic-event,事件附近变化,120.236,0x285,0,1,,,10,10,60,455,0.5939790426907454,
generic-event,事件附近变化,120.236,0x285,1,2,,,10,10,60,455,0.5939790426907454,
generic-event,事件附近变化,120.236,0x285,2,0,,,10,10,60,455,0.5939790426907454,
generic-event,事件附近变化,120.236,0x285,3,0,,,10,10,60,455,0.5939790426907454,
generic-event,事件附近变化,120.236,0x285,4,3,,,10,10,60,455,0.5939790426907454,
generic-event,事件附近变化,120.184,0x712,2,2,,,10,10,31,330,0.9722737922695678,
generic-event,事件附近变化,120.173,0x285,0,2,,,10,10,60,455,0.3904222216904112,
generic-event,事件附近变化,120.173,0x285,2,4,,,10,10,60,455,0.3904222216904112,
generic-event,事件附近变化,120.173,0x285,3,1,,,10,10,60,455,0.3904222216904112,
generic-event,事件附近变化,120.173,0x285,3,2,,,10,10,60,455,0.3904222216904112,
generic-event,事件附近变化,120.173,0x285,4,1,,,10,10,60,455,0.3904222216904112,
generic-event,事件附近变化,120.123,0x3A8,1,7,,,10,10,20,238,0.28546888416231997,
generic-event,事件附近变化,120.042,0x4E2,2,2,,,10,10,78,565,0.3544625985560355,
generic-event,事件附近变化,120.023,0x23E,7,7,,,10,10,51,369,0.18344625428152653,
generic-event,事件附近变化,119.991,0x712,4,4,,,10,10,48,384,0.9339612626246114,
generic-event,事件附近变化,119.963,0x381,0,4,,,10,10,31,235,0.18544628972304447,
generic-event,事件附近变化,119.928,0x359,0,1,,,10,10,69,524,0.25479191460495754,
generic-event,事件附近变化,119.896,0x712,2,3,,,10,10,43,373,1.083585530998312,
generic-event,事件附近变化,119.881,0x7B8,2,0,,,10,10,43,324,0.16032336910440273,
generic-event,事件附近变化,119.778,0x2C4,3,1,,,10,10,56,410,0.5740599962625104,
generic-event,事件附近变化,119.760,0x2C4,0,3,,,10,10,29,216,0.49254596895310987,
generic-event,事件附近变化,119.730,0x4E2,1,2,,,10,10,79,564,0.35726413814209673,
generic-event,事件附近变化,119.697,0x2C4,6,6,,,10,10,54,386,0.9242580687360551,
generic-event,事件附近变化,119.680,0x75D,0,1,,,10,10,46,321,0.24774816316016948,
generic-event,事件附近变化,119.671,0x2C4,6,5,,,10,10,62,432,0.8965206855769217,
generic-event,事件附近变化,119.651,0x7AA,7,0,,,10,10,60,455,0.5333840543536542,
generic-event,事件附近变化,119.651,0x7AA,7,5,,,10,10,60,455,0.4477983890056922,
generic-event,事件附近变化,119.632,0x2E3,2,5,,,10,10,45,260,0.7217535045789766,
generic-event,事件附近变化,119.628,0x372,1,6,,,10,10,72,583,0.6184308946536476,
generic-event,事件附近变化,119.621,0x712,2,0,,,10,10,36,298,0.9212320212803229,
generic-event,事件附近变化,119.592,0x7AA,4,3,,,10,10,90,675,0.6006576934534387,
generic-event,事件附近变化,119.586,0x7AA,0,2,,,10,10,50,465,0.3909459623287021,
generic-event,事件附近变化,119.583,0x372,7,0,,,10,10,40,217,0.7342215955210003,
generic-event,事件附近变化,119.571,0x2B4,0,2,,,10,10,74,511,0.8217068027096447,
generic-event,事件附近变化,119.563,0x3B2,0,0,,,10,10,49,347,0.7409334430777114,
generic-event,事件附近变化,119.531,0x2C4,1,6,,,10,10,61,448,1.125566829590678,
generic-event,事件附近变化,119.527,0x712,4,0,,,10,10,40,314,0.8937359437891996,
generic-event,事件附近变化,119.523,0x7AA,7,4,,,10,10,40,475,0.8692360182196137,
generic-event,事件附近变化,119.520,0x289,4,1,,,10,10,61,453,0.9144827840704747,
generic-event,事件附近变化,119.498,0x401,0,3,,,10,10,50,465,0.6233640400265281,
generic-event,事件附近变化,119.477,0x359,0,2,,,10,10,45,352,0.430649973420251,
generic-event,事件附近变化,119.470,0x719,0,3,,,10,10,52,416,0.45420075192579695,
generic-event,事件附近变化,119.457,0x2B4,4,2,,,10,10,71,596,0.7020512548838228,
generic-event,事件附近变化,119.456,0x39A,0,4,,,10,10,150,844,1.9135875881925997,
generic-event,事件附近变化,119.455,0x4E2,1,3,,,10,10,37,285,0.2549881809102343,
generic-event,事件附近变化,119.433,0x372,3,4,,,10,10,96,651,1.129234797728591,
generic-event,事件附近变化,119.427,0x2C4,1,1,,,10,10,44,324,0.47475141815014615,
generic-event,事件附近变化,119.385,0x229,0,0,,,10,10,59,422,0.5589904164471797,
generic-event,事件附近变化,119.359,0x359,4,0,,,10,10,79,613,0.6704243250538278,
generic-event,事件附近变化,119.336,0x2B4,0,1,,,10,10,82,551,0.762389207532459,
generic-event,事件附近变化,119.335,0x7AA,6,4,,,10,10,113,658,0.8892973669480896,
generic-event,事件附近变化,119.305,0x2B4,4,1,,,10,10,79,563,0.7295810727360353,
generic-event,事件附近变化,119.299,0x372,2,3,,,10,10,90,681,0.8059295203450566,
generic-event,事件附近变化,119.270,0x39A,0,5,,,10,10,150,898,1.1738052739546507,
generic-event,事件附近变化,119.270,0x39A,0,6,,,10,10,150,898,1.1738052739546507,
generic-event,事件附近变化,119.270,0x39A,0,7,,,10,10,150,898,1.1738052739546507,
generic-event,事件附近变化,119.267,0x4E3,1,1,,,10,10,77,566,0.35581950563328435,
generic-event,事件附近变化,119.260,0x7B8,7,5,,,10,10,66,462,0.7481380298360149,
generic-event,事件附近变化,119.241,0x7AA,6,2,,,10,10,99,653,0.8063569300832663,
generic-event,事件附近变化,119.235,0x2F1,0,2,,,10,10,32,238,0.2734087961968522,
generic-event,事件附近变化,119.225,0x2E3,5,1,,,10,10,34,242,0.40719919682948985,
generic-event,事件附近变化,119.212,0x372,2,1,,,10,10,98,701,0.7246634823443898,
generic-event,事件附近变化,119.196,0x372,5,1,,,10,10,30,302,0.9767955184063312,
generic-event,事件附近变化,119.183,0x7AA,1,2,,,10,10,98,694,0.47869391799892264,
generic-event,事件附近变化,119.181,0x712,0,0,,,10,10,80,691,0.8964279300810762,
generic-event,事件附近变化,119.172,0x372,1,1,,,10,10,84,679,0.6552482831287132,
generic-event,事件附近变化,119.163,0x372,2,4,,,10,10,90,681,0.4529262722959528,
generic-event,事件附近变化,119.159,0x343,3,4,,,10,10,72,554,0.7347497455923602,
generic-event,事件附近变化,119.141,0x372,3,0,,,10,10,72,686,0.8560069335432385,
generic-event,事件附近变化,119.137,0x372,1,2,,,10,10,90,687,0.6413191048543305,
generic-event,事件附近变化,119.136,0x7AA,4,1,,,10,10,92,628,0.7179437430404297,
generic-event,事件附近变化,119.111,0x719,1,6,,,10,10,53,415,0.7589045448706725,
generic-event,事件附近变化,119.091,0x7B8,7,7,,,10,10,75,589,0.6589281296368322,
generic-event,事件附近变化,119.074,0x788,2,4,,,10,10,101,757,0.3332277296251964,
generic-event,事件附近变化,119.069,0x2F1,3,7,,,10,10,64,476,0.481178838858814,
generic-event,事件附近变化,119.067,0x2E3,1,6,,,10,10,30,194,0.9492085517587981,
generic-event,事件附近变化,119.061,0x359,1,2,,,10,10,105,786,0.5743377855220926,
generic-event,事件附近变化,119.046,0x7FF,0,1,,,10,10,66,505,0.19329309464764463,
generic-event,事件附近变化,119.042,0x7B8,1,7,,,10,10,65,400,0.5722464817116776,
generic-event,事件附近变化,119.039,0x285,0,6,,,10,10,60,454,0.7976785024917752,
generic-event,事件附近变化,119.039,0x285,1,6,,,10,10,60,454,0.7976785024917752,
generic-event,事件附近变化,119.039,0x285,2,5,,,10,10,60,454,0.7976785024917752,
generic-event,事件附近变化,119.039,0x285,2,6,,,10,10,60,454,0.7976785024917752,
generic-event,事件附近变化,119.037,0x372,6,4,,,10,10,124,743,0.8559910419218633,
generic-event,事件附近变化,119.029,0x7AA,4,2,,,10,10,82,650,0.5346313582825554,
generic-event,事件附近变化,119.025,0x788,2,0,,,10,10,99,759,0.33331406789279083,
generic-event,事件附近变化,119.017,0x229,0,4,,,10,10,77,566,0.35413029413618896,
generic-event,事件附近变化,119.016,0x285,0,0,,,10,10,120,909,1.028160009225958,
generic-event,事件附近变化,119.016,0x285,1,4,,,10,10,120,909,1.028160009225958,
generic-event,事件附近变化,119.016,0x285,2,2,,,10,10,120,909,1.028160009225958,
generic-event,事件附近变化,119.016,0x285,4,2,,,10,10,120,909,1.028160009225958,
generic-event,事件附近变化,119.014,0x2F1,1,0,,,10,10,60,414,0.514953694571835,
generic-event,事件附近变化,119.012,0x78A,4,0,,,10,10,63,465,0.7800292336021036,
generic-event,事件附近变化,119.011,0x4E2,2,7,,,10,10,39,282,0.749917501748667,
generic-event,事件附近变化,119.011,0x4E2,5,4,,,10,10,39,282,0.749917501748667,
generic-event,事件附近变化,119.011,0x4E2,5,5,,,10,10,39,282,0.749917501748667,
generic-event,事件附近变化,119.011,0x4E2,5,6,,,10,10,39,282,0.749917501748667,
generic-event,事件附近变化,119.005,0x75D,0,0,,,10,10,68,482,0.3201806965531572,
generic-event,事件附近变化,119.000,0x798,4,1,,,10,10,43,325,0.42924825988840665,
generic-event,事件附近变化,119.000,0x798,5,3,,,10,10,43,325,0.42924825988840665,
generic-event,事件附近变化,118.995,0x2E3,5,0,,,10,10,34,243,0.4747878398801057,
generic-event,事件附近变化,118.989,0x372,4,7,,,10,10,62,337,1.1867950376344847,
generic-event,事件附近变化,118.978,0x712,6,2,,,10,10,47,330,0.9314584132470305,
generic-event,事件附近变化,118.977,0x3DB,0,1,,,10,10,24,169,0.35351749783581854,
generic-event,事件附近变化,118.976,0x798,4,3,,,10,10,51,418,0.43861303667763407,
generic-event,事件附近变化,118.973,0x2C4,1,3,,,10,10,59,431,0.7045836341131745,
generic-event,事件附近变化,118.951,0x7B8,0,5,,,10,10,52,393,0.5298268884719796,
generic-event,事件附近变化,118.946,0x7FF,1,2,,,10,10,68,503,0.4831938812883266,
generic-event,事件附近变化,118.946,0x7FF,1,7,,,10,10,68,503,0.4831938812883266,
generic-event,事件附近变化,118.927,0x2F1,2,0,,,10,10,68,527,0.6282002418035479,
generic-event,事件附近变化,118.926,0x2C4,4,2,,,10,10,40,328,0.9761755434683594,
generic-event,事件附近变化,118.924,0x2B4,0,0,,,10,10,73,565,0.7523719170900581,
generic-event,事件附近变化,118.920,0x798,0,7,,,10,10,79,634,0.5404885186561168,
generic-event,事件附近变化,118.911,0x2E2,3,2,,,10,10,45,322,0.2607580786362611,
generic-event,事件附近变化,118.900,0x381,1,0,,,10,10,94,663,0.9507619011929228,
generic-event,事件附近变化,118.898,0x320,0,0,,,10,10,60,454,0.3454189537093657,
generic-event,事件附近变化,118.897,0x359,0,7,,,10,10,56,439,0.6249896303952566,
generic-event,事件附近变化,118.891,0x38A,0,1,,,10,10,100,757,0.33341355247384774,
generic-event,事件附近变化,118.888,0x2C4,1,4,,,10,10,58,432,0.6920860655450067,
generic-event,事件附近变化,118.886,0x2B3,4,6,,,10,10,96,757,0.5784985484675226,
generic-event,事件附近变化,118.882,0x3C8,0,0,,,10,10,129,974,0.31902495757622873,
generic-event,事件附近变化,118.872,0x712,2,1,,,10,10,34,222,1.2252235749954508,
generic-event,事件附近变化,118.867,0x2E2,0,1,,,10,10,47,320,0.24679839196744258,
generic-event,事件附近变化,118.865,0x2E3,2,2,,,10,10,28,186,0.5939142488018796,
generic-event,事件附近变化,118.859,0x381,6,0,,,10,10,94,699,0.8191323476219489,
generic-event,事件附近变化,118.848,0x2C4,1,7,,,10,10,58,432,0.6842611696346499,
generic-event,事件附近变化,118.841,0x2E3,1,0,,,10,10,28,178,0.6379868987831954,
generic-event,事件附近变化,118.838,0x318,7,2,,,10,10,76,598,0.15713727386401843,
generic-event,事件附近变化,118.833,0x2E3,2,3,,,10,10,26,188,0.39821181483222734,
generic-event,事件附近变化,118.832,0x7AA,2,2,,,10,10,130,870,0.43884193939442984,
generic-event,事件附近变化,118.832,0x718,0,0,,,10,10,70,444,0.3472354446214061,
generic-event,事件附近变化,118.822,0x4E2,1,0,,,10,10,115,849,0.5597159125993266,
generic-event,事件附近变化,118.817,0x788,0,3,,,10,10,87,729,0.7543401560092495,
generic-event,事件附近变化,118.807,0x2C4,7,0,,,10,10,44,284,1.1077283466894177,
generic-event,事件附近变化,118.792,0x798,0,1,,,10,10,85,650,0.2470558730121311,
generic-event,事件附近变化,118.791,0x229,0,5,,,10,10,74,569,0.433199320714527,
generic-event,事件附近变化,118.791,0x7B8,4,4,,,10,10,83,608,0.5934551933590128,
generic-event,事件附近变化,118.783,0x2C4,1,0,,,10,10,71,533,0.5803529560765491,
generic-event,事件附近变化,118.781,0x709,0,0,,,10,10,47,352,0.17222237138348054,
generic-event,事件附近变化,118.781,0x249,0,2,,,10,10,73,571,0.35390172683850046,
generic-event,事件附近变化,118.777,0x7B8,0,4,,,10,10,72,493,0.5453517701940312,
generic-event,事件附近变化,118.767,0x7B8,0,7,,,10,10,42,326,0.4290206582713219,
generic-event,事件附近变化,118.767,0x7B8,1,3,,,10,10,42,326,0.4290206582713219,
generic-event,事件附近变化,118.767,0x7B8,5,2,,,10,10,42,326,0.4290206582713219,
generic-event,事件附近变化,118.766,0x798,0,4,,,10,10,45,364,0.4268972989208286,
generic-event,事件附近变化,118.765,0x712,6,6,,,10,10,50,462,0.8307015145305227,
generic-event,事件附近变化,118.760,0x788,0,5,,,10,10,97,743,0.43424603344995066,
generic-event,事件附近变化,118.757,0x75D,6,7,,,10,10,45,308,0.556794236248905,
generic-event,事件附近变化,118.743,0x3F9,0,1,,,10,10,66,506,0.19224799388580685,
generic-event,事件附近变化,118.742,0x2B3,0,1,,,10,10,117,892,0.15588347033860442,
generic-event,事件附近变化,118.742,0x7AA,6,1,,,10,10,100,563,1.0089843553622455,
generic-event,事件附近变化,118.735,0x381,0,2,,,10,10,92,703,0.24825952883920085,
generic-event,事件附近变化,118.734,0x788,0,0,,,10,10,100,758,0.3329527295609658,
generic-event,事件附近变化,118.734,0x788,2,6,,,10,10,100,758,0.3329527295609658,
generic-event,事件附近变化,118.734,0x788,3,0,,,10,10,100,758,0.3329527295609658,
generic-event,事件附近变化,118.734,0x788,3,1,,,10,10,100,758,0.3329527295609658,
generic-event,事件附近变化,118.734,0x788,4,0,,,10,10,100,758,0.3329527295609658,
generic-event,事件附近变化,118.734,0x788,4,1,,,10,10,100,758,0.3329527295609658,
generic-event,事件附近变化,118.734,0x788,4,2,,,10,10,100,758,0.3329527295609658,
generic-event,事件附近变化,118.734,0x788,4,3,,,10,10,100,758,0.3329527295609658,
generic-event,事件附近变化,118.734,0x788,4,4,,,10,10,100,758,0.3329527295609658,
generic-event,事件附近变化,118.734,0x788,4,5,,,10,10,100,758,0.3329527295609658,
generic-event,事件附近变化,118.734,0x788,4,6,,,10,10,100,758,0.3329527295609658,
generic-event,事件附近变化,118.734,0x788,4,7,,,10,10,100,758,0.3329527295609658,
generic-event,事件附近变化,118.734,0x788,5,0,,,10,10,100,758,0.3329527295609658,
generic-event,事件附近变化,118.734,0x788,5,5,,,10,10,100,758,0.3329527295609658,
generic-event,事件附近变化,118.734,0x788,5,7,,,10,10,100,758,0.3329527295609658,
generic-event,事件附近变化,118.734,0x788,6,3,,,10,10,100,758,0.3329527295609658,
generic-event,事件附近变化,118.734,0x788,7,1,,,10,10,100,758,0.3329527295609658,
generic-event,事件附近变化,118.734,0x788,7,4,,,10,10,100,758,0.3329527295609658,
generic-event,事件附近变化,118.732,0x2F1,0,0,,,10,10,143,1075,0.21732073042608158,
generic-event,事件附近变化,118.729,0x4E2,4,3,,,10,10,43,314,0.8016398008332692,
generic-event,事件附近变化,118.727,0x3C0,0,1,,,10,10,82,620,0.20355894201680386,
generic-event,事件附近变化,118.721,0x2B3,1,6,,,10,10,118,891,0.43649506175658276,
generic-event,事件附近变化,118.718,0x360,0,1,,,10,10,79,621,0.23777014794502077,
generic-event,事件附近变化,118.714,0x7B8,1,1,,,10,10,85,650,0.24817121118734195,
generic-event,事件附近变化,118.707,0x372,3,2,,,10,10,110,793,0.5619222887827153,
generic-event,事件附近变化,118.704,0x7FF,1,0,,,10,10,33,252,0.33337063497157515,
generic-event,事件附近变化,118.700,0x788,0,7,,,10,10,100,758,0.33351801572385364,
generic-event,事件附近变化,118.700,0x788,1,2,,,10,10,100,758,0.33351801572385364,
generic-event,事件附近变化,118.700,0x788,1,3,,,10,10,100,758,0.33351801572385364,
generic-event,事件附近变化,118.700,0x788,1,4,,,10,10,100,758,0.33351801572385364,
generic-event,事件附近变化,118.700,0x788,1,5,,,10,10,100,758,0.33351801572385364,
generic-event,事件附近变化,118.700,0x788,1,7,,,10,10,100,758,0.33351801572385364,
generic-event,事件附近变化,118.700,0x788,2,5,,,10,10,100,758,0.33351801572385364,
generic-event,事件附近变化,118.700,0x788,3,5,,,10,10,100,758,0.33351801572385364,
generic-event,事件附近变化,118.700,0x788,3,6,,,10,10,100,758,0.33351801572385364,
generic-event,事件附近变化,118.696,0x78A,2,1,,,10,10,85,650,0.24686148008398212,
generic-event,事件附近变化,118.695,0x798,1,0,,,10,10,89,671,0.7397318182354184,
generic-event,事件附近变化,118.688,0x343,3,5,,,10,10,65,491,0.8545237589574091,
generic-event,事件附近变化,118.676,0x379,2,0,,,10,10,56,370,0.8932230544152046,
generic-event,事件附近变化,118.668,0x2F1,4,2,,,10,10,48,358,0.7592687222195423,
generic-event,事件附近变化,118.667,0x7FF,5,2,,,10,10,67,504,0.5767382187105882,
generic-event,事件附近变化,118.665,0x7FF,6,3,,,10,10,68,503,0.5765216820486437,
generic-event,事件附近变化,118.659,0x7B8,4,6,,,10,10,44,338,0.4544208837077571,
generic-event,事件附近变化,118.649,0x2B3,0,5,,,10,10,90,705,0.7049166965200286,
generic-event,事件附近变化,118.647,0x2C4,2,3,,,10,10,49,357,1.1315668231598732,
generic-event,事件附近变化,118.639,0x2B3,4,7,,,10,10,86,671,0.6790376374930491,
generic-event,事件附近变化,118.638,0x39A,3,5,,,10,10,150,1109,0.7719060893273059,
generic-event,事件附近变化,118.633,0x379,4,5,,,10,10,23,191,0.3338500480770188,
generic-event,事件附近变化,118.633,0x379,5,1,,,10,10,23,191,0.3338500480770188,
generic-event,事件附近变化,118.633,0x379,5,2,,,10,10,23,191,0.3338500480770188,
generic-event,事件附近变化,118.633,0x379,5,4,,,10,10,23,191,0.3338500480770188,
generic-event,事件附近变化,118.633,0x379,6,5,,,10,10,23,191,0.3338500480770188,
generic-event,事件附近变化,118.631,0x7AA,1,3,,,10,10,100,748,0.8597363349261886,
generic-event,事件附近变化,118.631,0x78A,6,5,,,10,10,42,326,0.42496025494898315,
generic-event,事件附近变化,118.631,0x78A,6,6,,,10,10,42,326,0.42496025494898315,
generic-event,事件附近变化,118.631,0x78A,7,1,,,10,10,42,326,0.4291315837495428,
generic-event,事件附近变化,118.628,0x798,7,4,,,10,10,101,743,0.5173250405030916,
generic-event,事件附近变化,118.614,0x798,7,1,,,10,10,61,472,0.7885137274144985,
generic-event,事件附近变化,118.612,0x719,1,5,,,10,10,52,416,0.7148938464408882,
generic-event,事件附近变化,118.609,0x798,7,5,,,10,10,72,562,0.6837649958836959,
generic-event,事件附近变化,118.609,0x7AA,1,4,,,10,10,91,551,1.0197456687027653,
generic-event,事件附近变化,118.606,0x7FF,4,5,,,10,10,34,251,0.3333648628231666,
generic-event,事件附近变化,118.605,0x2C4,0,2,,,10,10,41,328,0.32087919252114533,
generic-event,事件附近变化,118.603,0x718,0,1,,,10,10,30,227,0.20038753584019975,
generic-event,事件附近变化,118.600,0x7AA,1,1,,,10,10,83,699,0.8512471082528354,
generic-event,事件附近变化,118.590,0x359,7,1,,,10,10,83,611,0.8831147854170901,
generic-event,事件附近变化,118.589,0x2B3,3,3,,,10,10,139,1062,0.6672853238229014,
generic-event,事件附近变化,118.578,0x798,2,3,,,10,10,86,647,0.2553668754794382,
generic-event,事件附近变化,118.574,0x229,0,3,,,10,10,76,567,0.4331609342145714,
generic-event,事件附近变化,118.574,0x4E2,0,6,,,10,10,38,284,0.7519477893419017,
generic-event,事件附近变化,118.574,0x4E2,2,6,,,10,10,38,284,0.7519477893419017,
generic-event,事件附近变化,118.571,0x2F9,3,5,,,10,10,53,376,0.33302629308818105,
generic-event,事件附近变化,118.568,0x3C8,0,1,,,10,10,85,649,0.24743907155959532,
generic-event,事件附近变化,118.568,0x7AA,2,1,,,10,10,134,950,0.49825052451628776,
generic-event,事件附近变化,118.567,0x3E8,0,1,,,10,10,86,649,0.24699320138989378,
generic-event,事件附近变化,118.566,0x712,0,2,,,10,10,30,227,0.20445328675702235,
generic-event,事件附近变化,118.566,0x712,1,1,,,10,10,30,227,0.20445328675702235,
generic-event,事件附近变化,118.566,0x712,1,3,,,10,10,30,227,0.20445328675702235,
generic-event,事件附近变化,118.566,0x712,1,5,,,10,10,30,227,0.20445328675702235,
generic-event,事件附近变化,118.566,0x712,2,6,,,10,10,30,227,0.20445328675702235,
generic-event,事件附近变化,118.566,0x712,2,7,,,10,10,30,227,0.20445328675702235,
generic-event,事件附近变化,118.566,0x712,3,0,,,10,10,30,227,0.20445328675702235,
generic-event,事件附近变化,118.566,0x712,3,2,,,10,10,30,227,0.20445328675702235,
generic-event,事件附近变化,118.566,0x712,3,3,,,10,10,30,227,0.20445328675702235,
generic-event,事件附近变化,118.566,0x712,4,7,,,10,10,30,227,0.20445328675702235,
generic-event,事件附近变化,118.566,0x712,5,0,,,10,10,30,227,0.20445328675702235,
generic-event,事件附近变化,118.566,0x712,5,2,,,10,10,30,227,0.20445328675702235,
generic-event,事件附近变化,118.566,0x712,5,3,,,10,10,30,227,0.20445328675702235,
generic-event,事件附近变化,118.566,0x712,6,7,,,10,10,30,227,0.20680270847451024,
generic-event,事件附近变化,118.566,0x712,7,0,,,10,10,30,227,0.20680270847451024,
generic-event,事件附近变化,118.566,0x712,7,2,,,10,10,30,227,0.20445328675702235,
generic-event,事件附近变化,118.566,0x712,7,3,,,10,10,30,227,0.20445328675702235,
generic-event,事件附近变化,118.566,0x798,3,6,,,10,10,85,650,0.2477746387397759,
generic-event,事件附近变化,118.562,0x359,4,1,,,10,10,45,351,0.7010714790750965,
generic-event,事件附近变化,118.557,0x798,4,4,,,10,10,42,330,0.6546196855800187,
generic-event,事件附近变化,118.556,0x3A1,7,5,,,10,10,150,1138,0.21970947705760777,
generic-event,事件附近变化,118.553,0x7AA,3,5,,,10,10,108,790,0.5289241767214148,
generic-event,事件附近变化,118.550,0x7B8,0,1,,,10,10,85,649,0.24729241670381275,
generic-event,事件附近变化,118.544,0x2C4,3,7,,,10,10,52,438,0.4607466886819395,
generic-event,事件附近变化,118.542,0x2F9,3,4,,,10,10,53,376,0.33364030527063854,
generic-event,事件附近变化,118.541,0x372,2,0,,,10,10,122,877,0.6763695971565383,
generic-event,事件附近变化,118.540,0x7FF,6,0,,,10,10,67,504,0.48367963232199424,
generic-event,事件附近变化,118.539,0x7A8,2,2,,,10,10,44,294,1.0145390256688338,
generic-event,事件附近变化,118.538,0x2B3,4,4,,,10,10,113,804,0.4995540685018849,
generic-event,事件附近变化,118.535,0x2C4,2,0,,,10,10,64,424,0.8721199507713692,
generic-event,事件附近变化,118.532,0x3A8,3,2,,,10,10,20,237,0.32029236827844065,
generic-event,事件附近变化,118.532,0x3A8,3,3,,,10,10,20,237,0.3123605372370419,
generic-event,事件附近变化,118.532,0x3A8,3,4,,,10,10,20,237,0.3123605372370419,
generic-event,事件附近变化,118.532,0x3A8,3,5,,,10,10,20,237,0.3123605372370419,
generic-event,事件附近变化,118.532,0x3A8,3,6,,,10,10,20,237,0.3123605372370419,
generic-event,事件附近变化,118.529,0x719,0,2,,,10,10,108,828,0.3023271836470006,
generic-event,事件附近变化,118.527,0x7B8,2,6,,,10,10,43,324,0.4287308911068902,
generic-event,事件附近变化,118.526,0x7B8,7,4,,,10,10,80,575,0.7017027729864596,
generic-event,事件附近变化,118.525,0x2E3,1,1,,,10,10,54,375,0.3333146021885348,
generic-event,事件附近变化,118.522,0x2F1,1,4,,,10,10,40,297,0.6776131094810186,
generic-event,事件附近变化,118.522,0x4E2,4,0,,,10,10,42,324,0.7929804225534595,
generic-event,事件附近变化,118.521,0x2E3,3,3,,,10,10,53,376,0.33338932752712463,
generic-event,事件附近变化,118.518,0x379,6,0,,,10,10,50,379,0.4083528425957287,
generic-event,事件附近变化,118.515,0x7AA,0,3,,,10,10,30,228,0.23864466209420743,
generic-event,事件附近变化,118.513,0x2E3,3,2,,,10,10,52,377,0.3334048963769982,
generic-event,事件附近变化,118.511,0x4E2,2,1,,,10,10,73,571,0.35388076582086475,
generic-event,事件附近变化,118.509,0x7B8,1,4,,,10,10,86,650,0.4741630281069567,
generic-event,事件附近变化,118.505,0x719,2,0,,,10,10,52,416,0.8167883497959665,
generic-event,事件附近变化,118.505,0x719,2,2,,,10,10,52,416,0.8167883497959665,
generic-event,事件附近变化,118.505,0x719,2,3,,,10,10,52,416,0.8167883497959665,
generic-event,事件附近变化,118.505,0x719,4,6,,,10,10,52,416,0.7750863767854818,
generic-event,事件附近变化,118.503,0x4E2,3,6,,,10,10,42,326,0.8018947549316237,
generic-event,事件附近变化,118.503,0x4E2,4,1,,,10,10,42,326,0.800494184607623,
generic-event,事件附近变化,118.500,0x7B8,7,0,,,10,10,77,566,0.8436677937597431,
generic-event,事件附近变化,118.490,0x372,6,6,,,10,10,136,892,0.9158434357256535,
generic-event,事件附近变化,118.489,0x788,6,5,,,10,10,79,616,1.0794763589368657,
generic-event,事件附近变化,118.487,0x798,1,5,,,10,10,60,491,0.5328013371320434,
generic-event,事件附近变化,118.487,0x2C4,1,5,,,10,10,58,432,0.7118030685814211,
generic-event,事件附近变化,118.484,0x798,7,7,,,10,10,101,632,0.4968926931197761,
generic-event,事件附近变化,118.481,0x798,4,2,,,10,10,81,519,0.7844437375528222,
generic-event,事件附近变化,118.474,0x718,0,2,,,10,10,20,237,0.5997144795010099,
generic-event,事件附近变化,118.471,0x359,0,0,,,10,10,127,960,0.3265649976600637,
generic-event,事件附近变化,118.466,0x38A,0,0,,,10,10,100,757,0.3332505915830213,
generic-event,事件附近变化,118.466,0x37A,0,3,,,10,10,75,569,0.4985273240365295,
generic-event,事件附近变化,118.466,0x37A,0,7,,,10,10,75,569,0.4985273240365295,
generic-event,事件附近变化,118.463,0x241,0,1,,,10,10,136,1016,0.28731353251283087,
generic-event,事件附近变化,118.460,0x219,0,2,,,10,10,53,376,0.33325903941020923,
generic-event,事件附近变化,118.460,0x219,1,7,,,10,10,53,376,0.33325903941020923,
generic-event,事件附近变化,118.460,0x219,2,7,,,10,10,53,376,0.33325903941020923,
generic-event,事件附近变化,118.460,0x219,3,4,,,10,10,53,376,0.33325903941020923,
generic-event,事件附近变化,118.460,0x219,3,7,,,10,10,53,376,0.33325903941020923,
generic-event,事件附近变化,118.460,0x219,4,4,,,10,10,53,376,0.33325903941020923,
generic-event,事件附近变化,118.460,0x219,4,7,,,10,10,53,376,0.33325903941020923,
generic-event,事件附近变化,118.460,0x219,5,4,,,10,10,53,376,0.33325903941020923,
generic-event,事件附近变化,118.460,0x219,5,7,,,10,10,53,376,0.33325903941020923,
generic-event,事件附近变化,118.460,0x219,6,0,,,10,10,53,376,0.33325903941020923,
generic-event,事件附近变化,118.460,0x219,6,1,,,10,10,53,376,0.33325903941020923,
generic-event,事件附近变化,118.460,0x219,6,2,,,10,10,53,376,0.33325903941020923,
generic-event,事件附近变化,118.460,0x219,6,3,,,10,10,53,376,0.33325903941020923,
generic-event,事件附近变化,118.452,0x320,0,1,,,10,10,30,227,0.19919877571369915,
generic-event,事件附近变化,118.439,0x7AA,0,1,,,10,10,90,682,0.17019511291854847,
generic-event,事件附近变化,118.436,0x381,4,1,,,10,10,93,704,0.6640410558445593,
generic-event,事件附近变化,118.435,0x219,0,1,,,10,10,53,376,0.3332058291852678,
generic-event,事件附近变化,118.434,0x78A,6,4,,,10,10,85,650,0.24790302885813917,
generic-event,事件附近变化,118.433,0x372,5,0,,,10,10,120,909,0.5034485771957132,
generic-event,事件附近变化,118.432,0x4E3,1,2,,,10,10,111,854,0.35359063903158233,
generic-event,事件附近变化,118.420,0x2C4,5,2,,,10,10,56,505,0.9484016274701406,
generic-event,事件附近变化,118.418,0x401,0,2,,,10,10,110,919,0.951261088143627,
generic-event,事件附近变化,118.418,0x343,3,7,,,10,10,70,546,0.7772442637965878,
generic-event,事件附近变化,118.416,0x372,4,4,,,10,10,60,398,1.0401560270225878,
generic-event,事件附近变化,118.416,0x78A,4,7,,,10,10,86,650,0.4742042149895747,
generic-event,事件附近变化,118.415,0x788,0,1,,,10,10,100,758,0.33372103851907914,
generic-event,事件附近变化,118.415,0x788,1,6,,,10,10,100,758,0.33372103851907914,
generic-event,事件附近变化,118.415,0x788,2,7,,,10,10,100,758,0.33372103851907914,
generic-event,事件附近变化,118.415,0x788,3,2,,,10,10,100,758,0.33372103851907914,
generic-event,事件附近变化,118.415,0x788,6,7,,,10,10,100,758,0.3337323525360976,
generic-event,事件附近变化,118.413,0x3C0,0,3,,,10,10,29,205,0.4555570600484847,
generic-event,事件附近变化,118.410,0x7AA,3,1,,,10,10,71,627,0.797251696485881,
generic-event,事件附近变化,118.396,0x7AA,7,3,,,10,10,80,692,0.4062063527769548,
generic-event,事件附近变化,118.389,0x2B3,7,5,,,10,10,94,664,0.6257184596994689,
generic-event,事件附近变化,118.388,0x381,0,3,,,10,10,61,470,0.3214995005294064,
generic-event,事件附近变化,118.388,0x2E3,0,1,,,10,10,54,375,0.3333815338756911,
generic-event,事件附近变化,118.384,0x719,2,4,,,10,10,52,416,0.8198440065580141,
generic-event,事件附近变化,118.383,0x2C4,0,0,,,10,10,141,1084,0.207354855938049,
generic-event,事件附近变化,118.380,0x2F9,4,0,,,10,10,54,376,0.3336036548533187,
generic-event,事件附近变化,118.380,0x2F9,4,5,,,10,10,54,376,0.3336036548533187,
generic-event,事件附近变化,118.380,0x2F9,4,7,,,10,10,54,376,0.3336036548533187,
generic-event,事件附近变化,118.380,0x2F9,5,1,,,10,10,54,376,0.3336036548533187,
generic-event,事件附近变化,118.380,0x2F9,5,2,,,10,10,54,376,0.3336036548533187,
generic-event,事件附近变化,118.380,0x2F9,5,3,,,10,10,54,376,0.3336036548533187,
generic-event,事件附近变化,118.380,0x2F9,5,5,,,10,10,54,376,0.3336036548533187,
generic-event,事件附近变化,118.380,0x2F9,5,6,,,10,10,54,376,0.3336036548533187,
generic-event,事件附近变化,118.380,0x2F9,5,7,,,10,10,54,376,0.3336036548533187,
generic-event,事件附近变化,118.380,0x2F9,6,0,,,10,10,54,376,0.3336036548533187,
generic-event,事件附近变化,118.380,0x2F9,6,1,,,10,10,54,376,0.3336036548533187,
generic-event,事件附近变化,118.380,0x2F9,6,2,,,10,10,54,376,0.3336036548533187,
generic-event,事件附近变化,118.380,0x2F9,6,3,,,10,10,54,376,0.3336036548533187,
generic-event,事件附近变化,118.380,0x2F9,6,5,,,10,10,54,376,0.3336036548533187,
generic-event,事件附近变化,118.380,0x2F9,6,6,,,10,10,54,376,0.3336036548533187,
generic-event,事件附近变化,118.380,0x2F9,7,0,,,10,10,54,376,0.3336036548533187,
generic-event,事件附近变化,118.380,0x2F9,7,3,,,10,10,54,376,0.3336036548533187,
generic-event,事件附近变化,118.380,0x2F9,7,6,,,10,10,54,376,0.3336036548533187,
generic-event,事件附近变化,118.380,0x2F9,7,7,,,10,10,54,376,0.3336036548533187,
generic-event,事件附近变化,118.380,0x2E3,0,0,,,10,10,54,375,0.33331140305994816,
generic-event,事件附近变化,118.380,0x2E3,3,4,,,10,10,54,375,0.333309845537351,
generic-event,事件附近变化,118.373,0x379,4,1,,,10,10,47,382,0.5269084318621038,
generic-event,事件附近变化,118.373,0x798,2,1,,,10,10,53,367,0.5092262511549498,
generic-event,事件附近变化,118.373,0x719,5,0,,,10,10,71,473,0.7133358611212579,
generic-event,事件附近变化,118.368,0x372,3,3,,,10,10,118,888,0.48724251424015336,
generic-event,事件附近变化,118.367,0x78A,4,6,,,10,10,43,325,0.4291305091825199,
generic-event,事件附近变化,118.359,0x7A8,0,3,,,10,10,83,719,1.2442466077115986,
generic-event,事件附近变化,118.355,0x219,2,4,,,10,10,50,379,0.6659588319567114,
generic-event,事件附近变化,118.355,0x219,5,2,,,10,10,50,379,0.6659588319567114,
generic-event,事件附近变化,118.353,0x359,5,5,,,10,10,71,523,1.0448206273506324,
generic-event,事件附近变化,118.353,0x359,6,5,,,10,10,71,523,1.0277518695231067,
generic-event,事件附近变化,118.349,0x219,1,2,,,10,10,49,379,0.6683445702168839,
generic-event,事件附近变化,118.349,0x219,1,4,,,10,10,49,379,0.6683445702168839,
generic-event,事件附近变化,118.349,0x219,1,5,,,10,10,49,379,0.6683445702168839,
generic-event,事件附近变化,118.349,0x219,1,6,,,10,10,49,379,0.6683445702168839,
generic-event,事件附近变化,118.349,0x219,2,0,,,10,10,49,379,0.6683445702168839,
generic-event,事件附近变化,118.349,0x219,2,1,,,10,10,49,379,0.6683445702168839,
generic-event,事件附近变化,118.349,0x219,2,3,,,10,10,49,379,0.6683445702168839,
generic-event,事件附近变化,118.349,0x219,3,0,,,10,10,49,379,0.6683445702168839,
generic-event,事件附近变化,118.349,0x219,3,1,,,10,10,49,379,0.6683445702168839,
generic-event,事件附近变化,118.349,0x219,3,2,,,10,10,49,379,0.6683445702168839,
generic-event,事件附近变化,118.349,0x219,3,3,,,10,10,49,379,0.6683445702168839,
generic-event,事件附近变化,118.349,0x219,3,5,,,10,10,49,379,0.6683445702168839,
generic-event,事件附近变化,118.349,0x219,3,6,,,10,10,49,379,0.6683445702168839,
generic-event,事件附近变化,118.349,0x219,4,0,,,10,10,49,379,0.6683445702168839,
generic-event,事件附近变化,118.349,0x219,4,1,,,10,10,49,379,0.6683445702168839,
generic-event,事件附近变化,118.349,0x219,4,2,,,10,10,49,379,0.6683445702168839,
generic-event,事件附近变化,118.349,0x219,4,3,,,10,10,49,379,0.6683445702168839,
generic-event,事件附近变化,118.349,0x219,4,5,,,10,10,49,379,0.6683445702168839,
generic-event,事件附近变化,118.349,0x219,4,6,,,10,10,49,379,0.6683445702168839,
generic-event,事件附近变化,118.349,0x219,5,3,,,10,10,49,379,0.6683445702168839,
generic-event,事件附近变化,118.349,0x219,5,5,,,10,10,49,379,0.6683445702168839,
generic-event,事件附近变化,118.349,0x219,5,6,,,10,10,49,379,0.6683445702168839,
generic-event,事件附近变化,118.349,0x379,2,3,,,10,10,39,310,0.5767171726352005,
generic-event,事件附近变化,118.349,0x7B8,3,7,,,10,10,82,591,0.49737210854792707,
generic-event,事件附近变化,118.343,0x78A,4,3,,,10,10,65,513,0.5453266360645985,
generic-event,事件附近变化,118.343,0x2B4,2,0,,,10,10,62,532,0.917740039318999,
generic-event,事件附近变化,118.318,0x379,5,7,,,10,10,48,382,0.4097623951688668,
generic-event,事件附近变化,118.316,0x78A,6,7,,,10,10,86,642,0.49981821708589896,
generic-event,事件附近变化,118.312,0x7B8,0,3,,,10,10,57,399,0.6916433807160525,
generic-event,事件附近变化,118.311,0x7FF,3,6,,,10,10,101,756,0.5083811253500756,
generic-event,事件附近变化,118.308,0x4E2,3,0,,,10,10,46,348,0.8181297045750151,
generic-event,事件附近变化,118.307,0x379,6,2,,,10,10,48,381,0.4489126729279108,
generic-event,事件附近变化,118.307,0x798,3,5,,,10,10,77,619,0.7868360883270986,
generic-event,事件附近变化,118.299,0x7FF,3,0,,,10,10,99,758,0.5087783977927275,
generic-event,事件附近变化,118.293,0x798,3,1,,,10,10,51,362,0.4924719870291682,
generic-event,事件附近变化,118.293,0x7FF,1,3,,,10,10,66,505,0.5774590934366741,
generic-event,事件附近变化,118.288,0x4E2,2,5,,,10,10,37,284,0.5001135079897033,
generic-event,事件附近变化,118.288,0x4E2,5,3,,,10,10,37,284,0.5001135079897033,
generic-event,事件附近变化,118.278,0x2B3,4,1,,,10,10,99,816,0.7156317892096375,
generic-event,事件附近变化,118.277,0x7B8,2,1,,,10,10,86,650,0.47431591616423685,
generic-event,事件附近变化,118.274,0x2B3,3,5,,,10,10,99,736,0.6152918572017891,
generic-event,事件附近变化,118.272,0x2B3,7,6,,,10,10,86,671,0.9208196884184394,
generic-event,事件附近变化,118.266,0x7FF,6,1,,,10,10,66,506,0.36892049025551,
generic-event,事件附近变化,118.265,0x4E3,0,4,,,10,10,37,285,0.752962615938913,
generic-event,事件附近变化,118.265,0x4E3,0,6,,,10,10,37,285,0.752962615938913,
generic-event,事件附近变化,118.265,0x4E3,0,7,,,10,10,37,285,0.752962615938913,
generic-event,事件附近变化,118.265,0x4E3,2,0,,,10,10,37,285,0.752962615938913,
generic-event,事件附近变化,118.265,0x4E3,2,3,,,10,10,37,285,0.752962615938913,
generic-event,事件附近变化,118.265,0x4E3,2,5,,,10,10,37,285,0.752962615938913,
generic-event,事件附近变化,118.265,0x4E3,2,6,,,10,10,37,285,0.752962615938913,
generic-event,事件附近变化,118.265,0x4E3,5,1,,,10,10,37,285,0.752962615938913,
generic-event,事件附近变化,118.265,0x4E3,5,3,,,10,10,37,285,0.752962615938913,
generic-event,事件附近变化,118.264,0x2B3,5,1,,,10,10,70,540,0.8496344229946229,
generic-event,事件附近变化,118.263,0x7B8,3,1,,,10,10,91,623,0.6733615378752242,
generic-event,事件附近变化,118.257,0x7FF,7,7,,,10,10,69,502,0.578025645962234,
generic-event,事件附近变化,118.256,0x7A8,2,0,,,10,10,102,756,0.33335770537859916,
generic-event,事件附近变化,118.253,0x2C2,2,5,EXP_leftWindowExecutionPosition,,10,10,153,1117,0.8080180524514937,
generic-event,事件附近变化,118.250,0x2C2,2,3,EXP_leftWindowExecutionPosition,,10,10,156,1118,0.4796281333282683,
generic-event,事件附近变化,118.247,0x798,7,6,,,10,10,74,639,0.55405527499965,
generic-event,事件附近变化,118.245,0x2B3,5,2,,,10,10,104,803,0.5913094310221754,
generic-event,事件附近变化,118.242,0x78A,6,2,,,10,10,85,689,0.434544407000664,
generic-event,事件附近变化,118.239,0x2B3,5,4,,,10,10,102,771,0.6763340458831761,
generic-event,事件附近变化,118.236,0x381,7,4,,,10,10,62,469,1.0013572430241626,
generic-event,事件附近变化,118.233,0x7A8,0,1,,,10,10,100,758,0.3332058159257256,
generic-event,事件附近变化,118.233,0x7A8,1,6,,,10,10,100,758,0.3332058159257256,
generic-event,事件附近变化,118.233,0x7A8,2,7,,,10,10,100,758,0.3332058159257256,
generic-event,事件附近变化,118.233,0x7A8,3,2,,,10,10,100,758,0.3332058159257256,
generic-event,事件附近变化,118.233,0x7A8,5,1,,,10,10,100,758,0.3332058159257256,
generic-event,事件附近变化,118.233,0x7A8,5,2,,,10,10,100,758,0.3332058159257256,
generic-event,事件附近变化,118.233,0x7A8,6,7,,,10,10,100,758,0.3332058159257256,
generic-event,事件附近变化,118.232,0x372,7,3,,,10,10,80,434,0.8857365046384853,
generic-event,事件附近变化,118.231,0x78A,5,4,,,10,10,42,325,0.42865225328869916,
generic-event,事件附近变化,118.231,0x78A,7,0,,,10,10,42,325,0.42865225328869916,
generic-event,事件附近变化,118.231,0x78A,7,3,,,10,10,42,325,0.42865225328869916,
generic-event,事件附近变化,118.225,0x798,1,1,,,10,10,45,326,0.42873988674166513,
generic-event,事件附近变化,118.225,0x381,4,5,,,10,10,95,700,0.8087491603401368,
generic-event,事件附近变化,118.225,0x7A8,2,4,,,10,10,99,759,0.3334605373392456,
generic-event,事件附近变化,118.224,0x4E2,7,5,,,10,10,40,281,0.5000863461858203,
generic-event,事件附近变化,118.224,0x359,4,4,,,10,10,45,351,0.7664303670912862,
generic-event,事件附近变化,118.223,0x2B3,2,5,,,10,10,89,654,0.8798564215798965,
generic-event,事件附近变化,118.219,0x2B3,3,7,,,10,10,56,448,0.7332391865823056,
generic-event,事件附近变化,118.211,0x798,0,6,,,10,10,89,677,0.49612359373057413,
generic-event,事件附近变化,118.208,0x2C4,2,2,,,10,10,64,474,0.9664632767193799,
generic-event,事件附近变化,118.207,0x2C2,1,1,EXP_leftWindowExecutionPosition,,10,10,152,1134,0.20389209541647269,
generic-event,事件附近变化,118.206,0x359,1,4,,,10,10,60,435,0.4619285101455928,
generic-event,事件附近变化,118.202,0x4E3,1,0,,,10,10,110,854,0.35353907123466455,
generic-event,事件附近变化,118.201,0x7A8,0,5,,,10,10,100,758,0.333526243108288,
generic-event,事件附近变化,118.201,0x7A8,0,7,,,10,10,100,758,0.333526243108288,
generic-event,事件附近变化,118.201,0x7A8,1,2,,,10,10,100,758,0.333526243108288,
generic-event,事件附近变化,118.201,0x7A8,1,4,,,10,10,100,758,0.333526243108288,
generic-event,事件附近变化,118.201,0x7A8,1,5,,,10,10,100,758,0.333526243108288,
generic-event,事件附近变化,118.201,0x7A8,1,7,,,10,10,100,758,0.333526243108288,
generic-event,事件附近变化,118.201,0x7A8,2,5,,,10,10,100,758,0.333526243108288,
generic-event,事件附近变化,118.201,0x7A8,3,5,,,10,10,100,758,0.333526243108288,
generic-event,事件附近变化,118.201,0x7A8,3,6,,,10,10,100,758,0.333526243108288,
generic-event,事件附近变化,118.201,0x7A8,5,0,,,10,10,100,758,0.333526243108288,
generic-event,事件附近变化,118.201,0x7A8,6,1,,,10,10,100,758,0.333526243108288,
generic-event,事件附近变化,118.200,0x7B8,1,0,,,10,10,85,651,0.7428504108380478,
generic-event,事件附近变化,118.199,0x7B8,4,2,,,10,10,86,651,0.5863262586993848,
generic-event,事件附近变化,118.197,0x2B4,4,0,,,10,10,81,555,0.7086874630230843,
generic-event,事件附近变化,118.194,0x2C2,1,0,EXP_leftWindowExecutionPosition,,10,10,163,1139,0.26108116494413175,
generic-event,事件附近变化,118.193,0x359,1,0,,,10,10,58,437,0.4925792985109471,
generic-event,事件附近变化,118.193,0x359,1,3,,,10,10,58,437,0.5226052839247703,
generic-event,事件附近变化,118.193,0x359,1,5,,,10,10,58,437,0.5226052839247703,
generic-event,事件附近变化,118.185,0x798,0,0,,,10,10,129,975,0.3193528729585223,
generic-event,事件附近变化,118.185,0x7FF,2,5,,,10,10,68,504,0.5788151675191956,
generic-event,事件附近变化,118.180,0x249,0,1,,,10,10,110,855,0.6361962703692108,
generic-event,事件附近变化,118.175,0x798,7,3,,,10,10,92,615,0.6961247356958963,
generic-event,事件附近变化,118.174,0x7AA,6,3,,,10,10,85,588,0.7530721086198452,
generic-event,事件附近变化,118.173,0x7FF,4,6,,,10,10,101,757,0.3335680372570736,
generic-event,事件附近变化,118.172,0x55A,0,1,,,10,10,40,217,0.4994218197780351,
generic-event,事件附近变化,118.164,0x372,1,7,,,10,10,70,444,0.6031905534844366,
generic-event,事件附近变化,118.160,0x78A,6,3,,,10,10,49,365,0.7717703217719554,
generic-event,事件附近变化,118.156,0x798,2,4,,,10,10,85,651,0.742792578960196,
generic-event,事件附近变化,118.154,0x2F1,0,1,,,10,10,78,599,0.1584304099437841,
generic-event,事件附近变化,118.154,0x7A8,0,0,,,10,10,100,758,0.33348750177007996,
generic-event,事件附近变化,118.154,0x7A8,2,6,,,10,10,100,758,0.33348750177007996,
generic-event,事件附近变化,118.154,0x7A8,3,0,,,10,10,100,758,0.33348750177007996,
generic-event,事件附近变化,118.154,0x7A8,3,1,,,10,10,100,758,0.33348750177007996,
generic-event,事件附近变化,118.154,0x7A8,4,0,,,10,10,100,758,0.33348750177007996,
generic-event,事件附近变化,118.154,0x7A8,4,1,,,10,10,100,758,0.33348750177007996,
generic-event,事件附近变化,118.154,0x7A8,4,2,,,10,10,100,758,0.33348750177007996,
generic-event,事件附近变化,118.154,0x7A8,4,3,,,10,10,100,758,0.33348750177007996,
generic-event,事件附近变化,118.154,0x7A8,4,4,,,10,10,100,758,0.33348750177007996,
generic-event,事件附近变化,118.154,0x7A8,4,5,,,10,10,100,758,0.33348750177007996,
generic-event,事件附近变化,118.154,0x7A8,4,6,,,10,10,100,758,0.33348750177007996,
generic-event,事件附近变化,118.154,0x7A8,4,7,,,10,10,100,758,0.33348750177007996,
generic-event,事件附近变化,118.154,0x7A8,5,5,,,10,10,100,758,0.33348750177007996,
generic-event,事件附近变化,118.154,0x7A8,5,7,,,10,10,100,758,0.33348750177007996,
generic-event,事件附近变化,118.154,0x7A8,6,3,,,10,10,100,758,0.33348750177007996,
generic-event,事件附近变化,118.154,0x7A8,7,1,,,10,10,100,758,0.33348750177007996,
generic-event,事件附近变化,118.154,0x7A8,7,4,,,10,10,100,758,0.33348750177007996,
generic-event,事件附近变化,118.154,0x78A,6,1,,,10,10,81,570,0.575048212151341,
generic-event,事件附近变化,118.151,0x379,7,0,,,10,10,48,381,0.4081494701730228,
generic-event,事件附近变化,118.150,0x78A,4,1,,,10,10,88,648,0.45111829612731325,
generic-event,事件附近变化,118.148,0x405,0,0,,,10,10,40,303,0.33357142926641276,
generic-event,事件附近变化,118.148,0x405,1,4,,,10,10,40,303,0.33357142926641276,
generic-event,事件附近变化,118.148,0x405,1,5,,,10,10,40,303,0.33357142926641276,
generic-event,事件附近变化,118.148,0x405,2,0,,,10,10,40,303,0.33357142926641276,
generic-event,事件附近变化,118.148,0x405,2,2,,,10,10,40,303,0.33357142926641276,
generic-event,事件附近变化,118.148,0x405,2,6,,,10,10,40,303,0.33357142926641276,
generic-event,事件附近变化,118.148,0x405,3,1,,,10,10,40,303,0.33357142926641276,
generic-event,事件附近变化,118.148,0x405,4,6,,,10,10,40,303,0.33357142926641276,
generic-event,事件附近变化,118.148,0x405,5,0,,,10,10,40,303,0.33357142926641276,
generic-event,事件附近变化,118.148,0x405,5,3,,,10,10,40,303,0.33357142926641276,
generic-event,事件附近变化,118.148,0x405,6,0,,,10,10,40,303,0.33357142926641276,
generic-event,事件附近变化,118.148,0x405,6,1,,,10,10,40,303,0.33357142926641276,
generic-event,事件附近变化,118.148,0x405,6,2,,,10,10,40,303,0.33357142926641276,
generic-event,事件附近变化,118.148,0x405,7,1,,,10,10,40,303,0.33357142926641276,
generic-event,事件附近变化,118.148,0x405,7,3,,,10,10,40,303,0.33357142926641276,
generic-event,事件附近变化,118.148,0x405,7,4,,,10,10,40,303,0.33357142926641276,
generic-event,事件附近变化,118.147,0x405,1,0,,,10,10,40,302,0.3334646206362128,
generic-event,事件附近变化,118.147,0x405,1,1,,,10,10,40,302,0.3334646206362128,
generic-event,事件附近变化,118.147,0x405,3,0,,,10,10,40,302,0.3334646206362128,
generic-event,事件附近变化,118.147,0x405,3,2,,,10,10,40,302,0.3334646206362128,
generic-event,事件附近变化,118.147,0x405,3,4,,,10,10,40,302,0.3334646206362128,
generic-event,事件附近变化,118.147,0x405,3,5,,,10,10,40,302,0.3334646206362128,
generic-event,事件附近变化,118.147,0x405,4,1,,,10,10,40,302,0.3334646206362128,
generic-event,事件附近变化,118.147,0x405,4,2,,,10,10,40,302,0.3334646206362128,
generic-event,事件附近变化,118.147,0x405,5,2,,,10,10,40,302,0.3334646206362128,
generic-event,事件附近变化,118.147,0x405,6,5,,,10,10,40,302,0.3334646206362128,
generic-event,事件附近变化,118.147,0x405,6,6,,,10,10,40,302,0.3334646206362128,
generic-event,事件附近变化,118.144,0x414,0,0,,,10,10,40,303,0.33345511030316566,
generic-event,事件附近变化,118.144,0x2B3,1,2,,,10,10,118,891,0.6920786669487772,
generic-event,事件附近变化,118.143,0x7FF,3,2,,,10,10,68,504,0.5782135075525595,
generic-event,事件附近变化,118.127,0x4E3,1,5,,,10,10,36,285,0.248793981064943,
generic-event,事件附近变化,118.127,0x4E2,6,7,,,10,10,74,568,0.6118564959625487,
generic-event,事件附近变化,118.122,0x414,1,5,,,10,10,40,302,0.33357878189639867,
generic-event,事件附近变化,118.122,0x414,2,5,,,10,10,40,302,0.33357878189639867,
generic-event,事件附近变化,118.122,0x414,3,5,,,10,10,40,302,0.33357878189639867,
generic-event,事件附近变化,118.122,0x414,4,5,,,10,10,40,302,0.33357878189639867,
generic-event,事件附近变化,118.117,0x7FF,1,5,,,10,10,101,757,0.334133844628894,
generic-event,事件附近变化,118.112,0x798,2,2,,,10,10,75,609,0.7974310970116589,
generic-event,事件附近变化,118.112,0x7B8,4,0,,,10,10,86,649,0.7424945014301239,
generic-event,事件附近变化,118.112,0x7B8,4,7,,,10,10,86,649,0.7424945014301239,
generic-event,事件附近变化,118.103,0x2B3,7,4,,,10,10,119,824,0.6872919718665755,
generic-event,事件附近变化,118.094,0x719,0,6,,,10,10,74,594,0.9588490595876756,
generic-event,事件附近变化,118.090,0x359,7,2,,,10,10,56,438,0.9151844464395985,
generic-event,事件附近变化,118.089,0x359,4,5,,,10,10,58,436,1.0636778635309279,
generic-event,事件附近变化,118.085,0x798,5,0,,,10,10,43,324,0.42839791768324187,
generic-event,事件附近变化,118.075,0x379,3,3,,,10,10,45,383,0.5820285634164091,
generic-event,事件附近变化,118.074,0x2B3,1,4,,,10,10,116,893,0.3972065859960437,
generic-event,事件附近变化,118.073,0x2B3,6,0,,,10,10,59,463,0.6845490577442118,
generic-event,事件附近变化,118.068,0x340,0,3,,,10,10,23,191,0.3338317535518728,
generic-event,事件附近变化,118.063,0x4E3,3,0,,,10,10,46,454,0.8148429998050344,
generic-event,事件附近变化,118.058,0x4E3,7,2,,,10,10,75,567,0.612706077396065,
generic-event,事件附近变化,118.056,0x359,5,7,,,10,10,57,437,0.7536921886908409,
generic-event,事件附近变化,118.055,0x289,4,0,,,10,10,81,639,0.31326595212876973,
generic-event,事件附近变化,118.054,0x2B3,5,6,,,10,10,59,446,0.7172344218541185,
generic-event,事件附近变化,118.051,0x4E3,2,1,,,10,10,75,569,0.5028587522015514,
generic-event,事件附近变化,118.048,0x719,7,2,,,10,10,53,415,0.8198358758371374,
generic-event,事件附近变化,118.048,0x719,7,4,,,10,10,53,415,0.8198358758371374,
generic-event,事件附近变化,118.047,0x719,0,4,,,10,10,108,828,0.6498853433031059,
generic-event,事件附近变化,118.045,0x359,6,0,,,10,10,47,349,0.8259069917350669,
generic-event,事件附近变化,118.045,0x381,2,6,,,10,10,166,1209,1.0964653749441895,
generic-event,事件附近变化,118.043,0x798,3,7,,,10,10,43,325,0.7158511002826545,
generic-event,事件附近变化,118.043,0x798,5,1,,,10,10,43,325,0.7158511002826545,
generic-event,事件附近变化,118.043,0x3B2,5,1,,,10,10,27,173,0.8625732060185802,
generic-event,事件附近变化,118.029,0x75D,2,2,,,10,10,45,321,0.7483789291219481,
generic-event,事件附近变化,118.025,0x798,1,3,,,10,10,43,327,0.7181548312120017,
generic-event,事件附近变化,118.019,0x78A,5,0,,,10,10,86,649,0.47391594408902743,
generic-event,事件附近变化,118.013,0x381,7,5,,,10,10,123,937,0.8635832146574787,
generic-event,事件附近变化,118.013,0x78A,5,3,,,10,10,87,649,0.47425253053802463,
generic-event,事件附近变化,118.011,0x75D,2,5,,,10,10,45,323,0.7432993121597867,
generic-event,事件附近变化,118.009,0x7B8,2,5,,,10,10,42,326,0.7155020997371934,
generic-event,事件附近变化,118.007,0x405,0,1,,,10,10,40,303,0.3333977641051964,
generic-event,事件附近变化,118.007,0x405,1,6,,,10,10,40,303,0.3333977641051964,
generic-event,事件附近变化,118.007,0x405,2,1,,,10,10,40,303,0.3333977641051964,
generic-event,事件附近变化,118.007,0x405,2,4,,,10,10,40,303,0.3333977641051964,
generic-event,事件附近变化,118.007,0x405,2,5,,,10,10,40,303,0.3333977641051964,
generic-event,事件附近变化,118.007,0x405,4,4,,,10,10,40,303,0.3333977641051964,
generic-event,事件附近变化,118.007,0x405,4,5,,,10,10,40,303,0.3333977641051964,
generic-event,事件附近变化,118.007,0x405,5,4,,,10,10,40,303,0.3333977641051964,
generic-event,事件附近变化,118.007,0x405,5,5,,,10,10,40,303,0.3333977641051964,
generic-event,事件附近变化,118.007,0x405,5,6,,,10,10,40,303,0.3333977641051964,
generic-event,事件附近变化,118.007,0x405,7,2,,,10,10,40,303,0.3333977641051964,
generic-event,事件附近变化,118.007,0x405,7,5,,,10,10,40,303,0.3333977641051964,
generic-event,事件附近变化,118.007,0x405,7,6,,,10,10,40,303,0.3333977641051964,
generic-event,事件附近变化,118.004,0x372,6,3,,,10,10,126,1049,0.8905108487861862,
generic-event,事件附近变化,118.003,0x229,0,2,,,10,10,96,709,0.5725884629154375,
generic-event,事件附近变化,117.997,0x381,1,3,,,10,10,79,644,1.0054015952885205,
generic-event,事件附近变化,117.994,0x7AA,3,0,,,10,10,119,861,0.6817466033911525,
generic-event,事件附近变化,117.991,0x7B8,4,5,,,10,10,88,675,0.49722149982806424,
generic-event,事件附近变化,117.988,0x2B3,2,3,,,10,10,84,658,0.5883127916361311,
generic-event,事件附近变化,117.988,0x414,0,1,,,10,10,40,303,0.3333680963316214,
generic-event,事件附近变化,117.985,0x798,3,2,,,10,10,84,651,0.4939356213279273,
generic-event,事件附近变化,117.979,0x2B3,1,1,,,10,10,124,922,0.602020777465222,
generic-event,事件附近变化,117.978,0x372,6,1,,,10,10,112,1058,1.1295996298998943,
generic-event,事件附近变化,117.971,0x7B8,0,0,,,10,10,129,974,0.31968099815019263,
generic-event,事件附近变化,117.970,0x372,4,6,,,10,10,60,455,0.8886616128484112,
generic-event,事件附近变化,117.964,0x2F1,4,4,,,10,10,31,239,0.6176764054994484,
generic-event,事件附近变化,117.964,0x359,5,1,,,10,10,46,348,0.9830713777981848,
generic-event,事件附近变化,117.959,0x78A,5,2,,,10,10,44,324,0.4279506250969156,
generic-event,事件附近变化,117.952,0x719,1,2,,,10,10,52,416,0.7347346083752077,
generic-event,事件附近变化,117.944,0x343,3,6,,,10,10,68,512,0.8167697942958374,
generic-event,事件附近变化,117.941,0x798,0,5,,,10,10,53,415,0.8146231849670656,
generic-event,事件附近变化,117.938,0x379,2,1,,,10,10,45,386,0.8924421250517413,
generic-event,事件附近变化,117.933,0x234,7,7,,,10,10,140,1041,0.926833791592495,
generic-event,事件附近变化,117.930,0x2B3,2,4,,,10,10,85,671,0.47405093199811815,
generic-event,事件附近变化,117.929,0x7B8,2,3,,,10,10,86,648,0.47363474085237744,
generic-event,事件附近变化,117.919,0x381,6,3,,,10,10,121,936,1.0256473909376091,
generic-event,事件附近变化,117.912,0x7B8,3,5,,,10,10,90,693,0.48605052163244006,
generic-event,事件附近变化,117.907,0x359,6,1,,,10,10,85,607,0.6390718536080003,
generic-event,事件附近变化,117.903,0x381,7,6,,,10,10,156,1168,0.7780112379371811,
generic-event,事件附近变化,117.897,0x2E3,2,1,,,10,10,43,334,0.51242148358924,
generic-event,事件附近变化,117.892,0x372,6,5,,,10,10,142,1089,0.6877396079348482,
generic-event,事件附近变化,117.892,0x798,7,2,,,10,10,68,590,0.6307120869279125,
generic-event,事件附近变化,117.892,0x381,1,6,,,10,10,152,1161,0.6960337889068825,
generic-event,事件附近变化,117.890,0x360,0,2,,,10,10,29,219,0.37463290412663114,
generic-event,事件附近变化,117.888,0x7B8,3,2,,,10,10,47,417,0.6422457295430566,
generic-event,事件附近变化,117.881,0x2B3,4,0,,,10,10,114,897,0.6550835938658539,
generic-event,事件附近变化,117.867,0x7B8,5,1,,,10,10,129,973,0.31954502184494016,
generic-event,事件附近变化,117.866,0x2B3,3,0,,,10,10,113,807,0.6914289443610544,
generic-event,事件附近变化,117.864,0x7FF,2,1,,,10,10,101,756,0.5090681961534357,
generic-event,事件附近变化,117.863,0x7B8,1,6,,,10,10,91,728,0.5935005944740169,
generic-event,事件附近变化,117.862,0x234,7,0,,,10,10,143,1100,0.9369703588384326,
generic-event,事件附近变化,117.861,0x78A,2,0,,,10,10,129,975,0.3193066069075552,
generic-event,事件附近变化,117.858,0x381,6,2,,,10,10,157,1167,0.598365603557093,
generic-event,事件附近变化,117.856,0x2B3,4,5,,,10,10,115,894,0.5627640534256978,
generic-event,事件附近变化,117.852,0x2B3,3,1,,,10,10,47,377,0.9629384350751146,
generic-event,事件附近变化,117.851,0x7FF,6,7,,,10,10,67,504,0.7302282604405298,
generic-event,事件附近变化,117.840,0x381,1,4,,,10,10,156,1177,0.8268917259070362,
generic-event,事件附近变化,117.839,0x219,5,1,,,10,10,103,755,0.33313674840267016,
generic-event,事件附近变化,117.838,0x3B2,3,6,,,10,10,20,135,0.8356167735662171,
generic-event,事件附近变化,117.835,0x379,5,3,,,10,10,25,189,0.501035425069862,
generic-event,事件附近变化,117.835,0x372,5,7,,,10,10,40,476,1.183908052678957,
generic-event,事件附近变化,117.833,0x3B2,5,0,,,10,10,23,138,0.939152813050719,
generic-event,事件附近变化,117.833,0x234,7,5,,,10,10,152,1135,0.2428158297637004,
generic-event,事件附近变化,117.824,0x381,0,5,,,10,10,136,1051,1.1024621195722286,
generic-event,事件附近变化,117.822,0x201,0,4,,,10,10,136,1025,0.8223726076993896,
generic-event,事件附近变化,117.822,0x201,0,5,,,10,10,136,1025,0.8223726076993896,
generic-event,事件附近变化,117.820,0x2B3,1,7,,,10,10,115,845,0.6338706353086037,
generic-event,事件附近变化,117.819,0x7FF,0,3,,,10,10,32,254,0.5566485401476737,
generic-event,事件附近变化,117.819,0x7AA,3,3,,,10,10,129,981,0.5891308307632979,
generic-event,事件附近变化,117.815,0x381,1,7,,,10,10,92,704,1.1629084822835467,
generic-event,事件附近变化,117.814,0x2E3,0,7,,,10,10,55,364,0.5588470209800226,
generic-event,事件附近变化,117.812,0x2F9,3,0,,,10,10,51,379,0.6682254191553605,
generic-event,事件附近变化,117.812,0x2F9,3,1,,,10,10,51,379,0.6682254191553605,
generic-event,事件附近变化,117.805,0x798,1,4,,,10,10,85,651,0.7330503274150774,
generic-event,事件附近变化,117.794,0x2B3,4,3,,,10,10,122,878,0.5437736961253201,
generic-event,事件附近变化,117.792,0x3B2,0,1,,,10,10,24,174,0.5218377361161077,
generic-event,事件附近变化,117.791,0x4E2,1,1,,,10,10,75,569,0.6124641121223418,
generic-event,事件附近变化,117.788,0x2E3,2,0,,,10,10,38,228,0.6731263569198774,
generic-event,事件附近变化,117.786,0x272,3,3,,,10,10,121,1071,1.5240619050121196,
generic-event,事件附近变化,117.778,0x2E3,0,4,,,10,10,54,373,0.4943485385177614,
generic-event,事件附近变化,117.772,0x381,7,3,,,10,10,90,704,0.7989005609480223,
generic-event,事件附近变化,117.767,0x4E3,7,0,,,10,10,40,281,0.5000597294766209,
generic-event,事件附近变化,117.761,0x3F9,0,0,,,10,10,132,1012,0.2934030133305698,
generic-event,事件附近变化,117.760,0x7AA,1,0,,,10,10,89,699,0.779997925307893,
generic-event,事件附近变化,117.758,0x249,0,4,,,10,10,150,1137,0.25192398601332733,
generic-event,事件附近变化,117.743,0x379,5,5,,,10,10,36,310,0.5201217196715031,
generic-event,事件附近变化,117.730,0x3A8,1,5,,,10,10,20,237,0.5294348524380886,
generic-event,事件附近变化,117.722,0x4E2,1,6,,,10,10,77,565,0.866488873581571,
generic-event,事件附近变化,117.722,0x4E2,7,3,,,10,10,77,565,0.866488873581571,
generic-event,事件附近变化,117.720,0x719,0,1,,,10,10,163,1241,0.20400585707876326,
generic-event,事件附近变化,117.720,0x381,2,0,,,10,10,121,938,0.7373274926749611,
generic-event,事件附近变化,117.704,0x381,1,1,,,10,10,170,1290,0.8132035929239414,
generic-event,事件附近变化,117.698,0x798,7,0,,,10,10,98,777,0.5912307739456296,
generic-event,事件附近变化,117.688,0x381,6,1,,,10,10,124,936,0.810722993766146,
generic-event,事件附近变化,117.678,0x381,1,5,,,10,10,153,1173,0.8403700803799059,
generic-event,事件附近变化,117.676,0x2E2,0,5,,,10,10,47,321,0.47454756259262953,
generic-event,事件附近变化,117.675,0x78A,6,0,,,10,10,65,486,0.4755954524297758,
generic-event,事件附近变化,117.671,0x798,3,4,,,10,10,93,682,0.7360749671313568,
generic-event,事件附近变化,117.667,0x2E2,3,7,,,10,10,46,322,0.4745664015784029,
generic-event,事件附近变化,117.667,0x2E2,4,1,,,10,10,46,322,0.4745664015784029,
generic-event,事件附近变化,117.660,0x3A1,7,4,,,10,10,160,1165,1.394895580680019,
generic-event,事件附近变化,117.658,0x229,0,1,,,10,10,91,713,0.7499428586109594,
generic-event,事件附近变化,117.657,0x2E2,0,6,,,10,10,45,323,0.47455507679564235,
generic-event,事件附近变化,117.657,0x2E2,0,7,,,10,10,45,323,0.47455507679564235,
generic-event,事件附近变化,117.657,0x2E2,1,0,,,10,10,45,323,0.47455507679564235,
generic-event,事件附近变化,117.655,0x359,1,1,,,10,10,70,523,0.559908449286789,
generic-event,事件附近变化,117.649,0x7B8,7,6,,,10,10,77,602,0.6371184803184142,
generic-event,事件附近变化,117.649,0x3B2,6,2,,,10,10,25,155,0.8852145767285635,
generic-event,事件附近变化,117.647,0x249,0,0,,,10,10,150,1137,0.5008496979656811,
generic-event,事件附近变化,117.645,0x2B3,7,1,,,10,10,113,829,0.7173412289407456,
generic-event,事件附近变化,117.644,0x798,1,7,,,10,10,49,353,0.6865836704377136,
generic-event,事件附近变化,117.643,0x2E2,3,1,,,10,10,37,206,0.4907539867206619,
generic-event,事件附近变化,117.643,0x2B3,3,6,,,10,10,143,1118,0.5912212618022928,
generic-event,事件附近变化,117.643,0x4E3,1,3,,,10,10,37,284,0.500054829397285,
generic-event,事件附近变化,117.643,0x4E3,6,7,,,10,10,37,284,0.500054829397285,
generic-event,事件附近变化,117.638,0x381,5,0,,,10,10,60,468,0.9805369655867253,
generic-event,事件附近变化,117.637,0x7B8,5,0,,,10,10,45,337,0.7310748534364786,
generic-event,事件附近变化,117.632,0x379,4,4,,,10,10,25,190,0.1667828429067774,
generic-event,事件附近变化,117.632,0x379,5,0,,,10,10,25,190,0.1667828429067774,
generic-event,事件附近变化,117.632,0x379,7,1,,,10,10,25,190,0.19278408778243383,
generic-event,事件附近变化,117.631,0x78A,5,1,,,10,10,85,650,0.742727575102335,
generic-event,事件附近变化,117.629,0x2B3,4,2,,,10,10,99,774,0.6271585967096188,
generic-event,事件附近变化,117.624,0x3A8,3,0,,,10,10,60,455,0.34613143664955587,
generic-event,事件附近变化,117.621,0x340,0,2,,,10,10,24,190,0.33389937689437943,
generic-event,事件附近变化,117.613,0x719,1,1,,,10,10,56,412,0.549533132688352,
generic-event,事件附近变化,117.610,0x798,1,2,,,10,10,84,635,0.7332528499551428,
generic-event,事件附近变化,117.603,0x798,1,6,,,10,10,71,561,0.6504949179789563,
generic-event,事件附近变化,117.602,0x359,4,3,,,10,10,59,437,0.6942767953187979,
generic-event,事件附近变化,117.602,0x7B8,7,1,,,10,10,78,597,0.6485937360556286,
generic-event,事件附近变化,117.601,0x381,2,5,,,10,10,176,1363,0.8720314810582368,
generic-event,事件附近变化,117.594,0x7AA,6,0,,,10,10,105,796,0.5730959121951639,
generic-event,事件附近变化,117.591,0x2C4,5,4,,,10,10,59,453,0.859726328634129,
generic-event,事件附近变化,117.589,0x381,2,3,,,10,10,188,1401,0.6817749404677677,
generic-event,事件附近变化,117.584,0x401,4,1,,,10,10,172,1538,1.4856839691049024,
generic-event,事件附近变化,117.582,0x709,1,7,,,10,10,17,108,0.6062829814474541,
generic-event,事件附近变化,117.580,0x719,2,1,,,10,10,107,829,0.9046026124574875,
generic-event,事件附近变化,117.580,0x719,6,5,,,10,10,107,829,0.9046026124574875,
generic-event,事件附近变化,117.579,0x381,4,0,,,10,10,188,1410,1.0943238884070432,
generic-event,事件附近变化,117.575,0x249,0,5,,,10,10,151,1136,0.6624009396344214,
generic-event,事件附近变化,117.574,0x677,0,2,,,10,10,160,1127,0.6027112964411829,
generic-event,事件附近变化,117.571,0x2B3,7,3,,,10,10,49,387,0.6628132902519661,
generic-event,事件附近变化,117.568,0x2E2,3,6,,,10,10,24,160,0.17624945306531523,
generic-event,事件附近变化,117.564,0x2B3,7,7,,,10,10,122,888,0.4960087987375707,
generic-event,事件附近变化,117.562,0x2B3,5,7,,,10,10,88,668,0.8504308281758501,
generic-event,事件附近变化,117.556,0x381,6,4,,,10,10,147,1039,0.9051189192382113,
generic-event,事件附近变化,117.553,0x7AA,3,6,,,10,10,118,784,0.6891581984464101,
generic-event,事件附近变化,117.550,0x379,3,6,,,10,10,33,272,0.4994754749927096,
generic-event,事件附近变化,117.548,0x719,4,4,,,10,10,107,829,0.9030742691579404,
generic-event,事件附近变化,117.546,0x7FF,2,6,,,10,10,66,506,0.7288246433480106,
generic-event,事件附近变化,117.542,0x545,5,0,EXP_windowMotionFeedback_LEFT,,10,10,176,1260,1.152581164426039,
generic-event,事件附近变化,117.541,0x2C4,0,4,,,10,10,13,110,0.3332782429666514,
generic-event,事件附近变化,117.533,0x2E3,4,3,,,10,10,51,344,0.6744522275014256,
generic-event,事件附近变化,117.530,0x381,2,7,,,10,10,123,928,1.1706892868366656,
generic-event,事件附近变化,117.519,0x2B3,5,3,,,10,10,90,682,0.8462267322733046,
generic-event,事件附近变化,117.518,0x381,6,7,,,10,10,89,704,0.9493296497011247,
generic-event,事件附近变化,117.514,0x3E8,0,0,,,10,10,128,975,0.3192089481671522,
generic-event,事件附近变化,117.507,0x2E2,0,0,,,10,10,45,322,0.474729044055046,
generic-event,事件附近变化,117.506,0x7AA,0,0,,,10,10,190,1354,0.2813184390494861,
generic-event,事件附近变化,117.498,0x7B8,7,2,,,10,10,58,396,1.050747919956867,
generic-event,事件附近变化,117.494,0x2E2,4,0,,,10,10,47,320,0.47410265155712916,
generic-event,事件附近变化,117.494,0x2E2,4,3,,,10,10,47,320,0.47410265155712916,
generic-event,事件附近变化,117.494,0x2E2,4,6,,,10,10,47,320,0.47410265155712916,
generic-event,事件附近变化,117.494,0x2E2,7,2,,,10,10,47,320,0.47410265155712916,
generic-event,事件附近变化,117.494,0x3DB,0,0,,,10,10,21,172,0.3536537288947651,
generic-event,事件附近变化,117.474,0x7FF,2,3,,,10,10,67,505,0.7290349325785863,
generic-event,事件附近变化,117.470,0x7AA,1,6,,,10,10,160,1134,0.5984019136957496,
generic-event,事件附近变化,117.468,0x7FF,0,0,,,10,10,134,1009,0.29511184408278174,
generic-event,事件附近变化,117.456,0x359,4,2,,,10,10,73,523,0.7019641695612382,
generic-event,事件附近变化,117.452,0x545,7,5,EXP_windowMotionFeedback_LEFT,,10,10,193,1497,0.5941772854405256,
generic-event,事件附近变化,117.445,0x798,2,5,,,10,10,42,326,0.7156692582494205,
generic-event,事件附近变化,117.441,0x3A1,7,6,,,10,10,202,1651,0.44355468488298816,
generic-event,事件附近变化,117.438,0x381,7,0,,,10,10,153,1171,0.9810493147514501,
generic-event,事件附近变化,117.438,0x3C0,0,0,,,10,10,137,1033,0.2718748318847193,
generic-event,事件附近变化,117.436,0x4E3,3,4,,,10,10,40,376,0.8277713243481383,
generic-event,事件附近变化,117.436,0x4E3,3,6,,,10,10,40,376,0.8277713243481383,
generic-event,事件附近变化,117.432,0x2B3,5,0,,,10,10,90,699,0.898481184373758,
generic-event,事件附近变化,117.428,0x381,3,3,,,10,10,155,1167,1.0615042358904798,
generic-event,事件附近变化,117.428,0x381,2,4,,,10,10,185,1404,0.7294922998813104,
generic-event,事件附近变化,117.420,0x2F1,2,6,,,10,10,29,219,0.554914615816403,
generic-event,事件附近变化,117.419,0x7FF,6,5,,,10,10,66,506,0.7290747550033327,
generic-event,事件附近变化,117.409,0x7A8,6,4,,,10,10,92,724,0.983452595724039,
generic-event,事件附近变化,117.399,0x7FF,5,5,,,10,10,34,252,0.5567233434025044,
generic-event,事件附近变化,117.399,0x7FF,6,2,,,10,10,34,252,0.5567233434025044,
generic-event,事件附近变化,117.390,0x289,4,4,,,10,10,89,631,0.31255905900002057,
generic-event,事件附近变化,117.389,0x381,5,7,,,10,10,188,1398,1.1494924287080854,
generic-event,事件附近变化,117.388,0x4E3,1,4,,,10,10,73,570,0.6130301347807889,
generic-event,事件附近变化,117.388,0x545,7,7,EXP_windowMotionFeedback_LEFT,,10,10,156,1224,0.8052322999445888,
generic-event,事件附近变化,117.381,0x4E2,7,2,,,10,10,74,569,0.61309228491827,
generic-event,事件附近变化,117.375,0x381,2,1,,,10,10,185,1414,0.551509456566853,
generic-event,事件附近变化,117.373,0x7FF,2,7,,,10,10,67,505,0.7288600640307922,
generic-event,事件附近变化,117.373,0x7FF,7,5,,,10,10,67,505,0.7288600640307922,
generic-event,事件附近变化,117.370,0x2B3,6,4,,,10,10,149,1113,0.40382659957724854,
generic-event,事件附近变化,117.363,0x2B3,2,7,,,10,10,147,1062,0.5786569284970692,
generic-event,事件附近变化,117.345,0x4E2,1,4,,,10,10,75,568,0.6121857384807188,
generic-event,事件附近变化,117.343,0x3A2,3,1,,,10,10,194,1416,1.4538153640355733,
generic-event,事件附近变化,117.337,0x318,7,1,,,10,10,146,1075,0.21454011391317224,
generic-event,事件附近变化,117.325,0x78A,4,2,,,10,10,44,366,0.516277589704694,
generic-event,事件附近变化,117.325,0x352,6,0,,,10,10,12,110,0.6122321056654425,
generic-event,事件附近变化,117.313,0x2C4,4,1,,,10,10,51,392,0.9234844524733586,
generic-event,事件附近变化,117.305,0x359,7,7,,,10,10,61,435,1.1296655645591291,
generic-event,事件附近变化,117.301,0x3A2,2,7,,,10,10,202,1436,1.3058171601491908,
generic-event,事件附近变化,117.296,0x7B8,1,5,,,10,10,79,661,0.6140771993587238,
generic-event,事件附近变化,117.294,0x360,0,0,,,10,10,132,1017,0.2975651336920152,
generic-event,事件附近变化,117.289,0x798,4,5,,,10,10,59,422,0.7867171646147804,
generic-event,事件附近变化,117.283,0x2E3,1,4,,,10,10,55,374,0.5773172443240078,
generic-event,事件附近变化,117.283,0x2E3,2,6,,,10,10,55,374,0.5773172443240078,
generic-event,事件附近变化,117.282,0x7AA,6,5,,,10,10,81,583,0.6121603697735227,
generic-event,事件附近变化,117.276,0x7AA,1,7,,,10,10,106,766,0.6341028876750038,
generic-event,事件附近变化,117.265,0x4E3,7,3,,,10,10,77,565,0.8677688115305399,
generic-event,事件附近变化,117.265,0x393,2,0,,,10,10,141,1073,0.3790184370587205,
generic-event,事件附近变化,117.264,0x381,1,2,,,10,10,102,762,1.1455981027403548,
generic-event,事件附近变化,117.261,0x2B3,6,1,,,10,10,96,737,0.5018093461908646,
generic-event,事件附近变化,117.258,0x798,4,7,,,10,10,70,547,0.7154936772120504,
generic-event,事件附近变化,117.258,0x379,4,0,,,10,10,46,370,0.6957824181253339,
generic-event,事件附近变化,117.256,0x2F1,4,0,,,10,10,48,350,0.8421998104010202,
generic-event,事件附近变化,117.248,0x75D,3,1,,,10,10,36,244,0.8482238519375602,
generic-event,事件附近变化,117.242,0x381,2,2,,,10,10,152,1171,1.0481024603296027,
generic-event,事件附近变化,117.241,0x2B3,5,5,,,10,10,63,478,1.0354385077157793,
generic-event,事件附近变化,117.233,0x372,6,0,,,10,10,56,582,1.1544421051256641,
generic-event,事件附近变化,117.215,0x2B3,6,2,,,10,10,148,1114,0.5895505107717107,
generic-event,事件附近变化,117.213,0x3A2,4,3,,,10,10,176,1132,2.0432326271169186,
generic-event,事件附近变化,117.207,0x381,0,7,,,10,10,122,940,1.1467896171265513,
generic-event,事件附近变化,117.205,0x2E3,6,1,,,10,10,27,155,0.8478140785080732,
generic-event,事件附近变化,117.198,0x7AA,3,2,,,10,10,125,903,0.6192029761917021,
generic-event,事件附近变化,117.195,0x719,5,5,,,10,10,112,824,0.7446301943012101,
generic-event,事件附近变化,117.194,0x712,6,5,,,10,10,20,236,0.8093718368837862,
generic-event,事件附近变化,117.183,0x2E3,1,7,,,10,10,38,228,0.7071801002609165,
generic-event,事件附近变化,117.164,0x798,3,3,,,10,10,50,358,0.7666900593180599,
generic-event,事件附近变化,117.141,0x2B4,4,3,,,10,10,64,353,1.3228163322927478,
generic-event,事件附近变化,117.137,0x798,0,3,,,10,10,70,507,0.5812432086181071,
generic-event,事件附近变化,117.134,0x381,3,2,,,10,10,219,1635,0.7952646810014113,
generic-event,事件附近变化,117.130,0x719,1,0,,,10,10,165,1239,0.582319285748903,
generic-event,事件附近变化,117.128,0x78A,4,5,,,10,10,53,430,0.5182897823021277,
generic-event,事件附近变化,117.126,0x7AA,3,4,,,10,10,120,904,0.575589704067417,
generic-event,事件附近变化,117.126,0x7FF,1,1,,,10,10,65,507,0.7290370061565324,
generic-event,事件附近变化,117.125,0x7FF,1,4,,,10,10,33,253,0.5574154714597639,
generic-event,事件附近变化,117.125,0x7FF,4,7,,,10,10,33,253,0.5574154714597639,
generic-event,事件附近变化,117.116,0x381,7,1,,,10,10,122,937,1.0092146766100905,
generic-event,事件附近变化,117.105,0x545,7,6,EXP_windowMotionFeedback_LEFT,,10,10,174,1359,0.5425263514489924,
generic-event,事件附近变化,117.081,0x719,5,3,,,10,10,57,411,0.8196003141291461,
generic-event,事件附近变化,117.081,0x719,5,4,,,10,10,57,411,0.8196003141291461,
generic-event,事件附近变化,117.081,0x719,5,6,,,10,10,57,411,0.8196003141291461,
generic-event,事件附近变化,117.080,0x381,3,1,,,10,10,219,1634,0.9301805029910558,
generic-event,事件附近变化,117.072,0x381,6,6,,,10,10,121,937,0.863500097479372,
generic-event,事件附近变化,117.065,0x7AA,4,4,,,10,10,82,537,0.8308734171297337,
generic-event,事件附近变化,117.046,0x401,4,3,,,10,10,228,1887,1.4661752108830042,
generic-event,事件附近变化,117.039,0x2B3,0,0,,,10,10,237,1781,0.22822977351713183,
generic-event,事件附近变化,117.038,0x3BD,1,2,,,10,10,16,86,0.3459754579925409,
generic-event,事件附近变化,117.038,0x381,5,3,,,10,10,186,1403,0.9282466882775023,
generic-event,事件附近变化,117.036,0x2E3,3,6,,,10,10,26,189,0.3332830902512741,
generic-event,事件附近变化,117.036,0x2E3,3,7,,,10,10,26,189,0.3332830902512741,
generic-event,事件附近变化,117.036,0x2E3,4,1,,,10,10,26,189,0.3332830902512741,
generic-event,事件附近变化,117.036,0x2E3,5,3,,,10,10,26,189,0.3332830902512741,
generic-event,事件附近变化,117.029,0x677,0,1,,,10,10,150,1138,0.1951244442814159,
generic-event,事件附近变化,117.029,0x381,6,5,,,10,10,123,937,0.7960851101974298,
generic-event,事件附近变化,117.029,0x788,2,1,,,10,10,56,424,1.13087019084214,
generic-event,事件附近变化,117.028,0x78A,5,6,,,10,10,43,325,0.7156200097487708,
generic-event,事件附近变化,117.028,0x78A,7,4,,,10,10,43,325,0.7156200097487708,
generic-event,事件附近变化,117.028,0x78A,7,6,,,10,10,43,325,0.7156200097487708,
generic-event,事件附近变化,117.027,0x3B2,5,6,,,10,10,20,172,1.2699746962809968,
generic-event,事件附近变化,117.024,0x4E2,1,5,,,10,10,38,283,0.7497568770906253,
generic-event,事件附近变化,117.024,0x4E2,2,0,,,10,10,38,283,0.7497568770906253,
generic-event,事件附近变化,117.012,0x381,4,7,,,10,10,91,702,1.0424847285090288,
generic-event,事件附近变化,117.008,0x379,0,3,,,10,10,24,191,0.33334037482857526,
generic-event,事件附近变化,116.996,0x381,3,5,,,10,10,217,1637,0.5356722801350697,
generic-event,事件附近变化,116.992,0x379,0,2,,,10,10,23,192,0.3333295551029902,
generic-event,事件附近变化,116.982,0x359,4,6,,,10,10,60,434,0.881167711444348,
generic-event,事件附近变化,116.978,0x2B3,0,6,,,10,10,71,531,0.9903863081949478,
generic-event,事件附近变化,116.977,0x712,6,0,,,10,10,41,306,0.898418821894694,
generic-event,事件附近变化,116.975,0x3B2,4,2,,,10,10,18,126,0.8375474627371039,
generic-event,事件附近变化,116.975,0x201,0,6,,,10,10,164,1250,0.7899157915730298,
generic-event,事件附近变化,116.967,0x2E1,5,0,,,10,10,176,1304,1.290970122759775,
generic-event,事件附近变化,116.954,0x3A8,3,1,,,10,10,20,235,0.45214236896430193,
generic-event,事件附近变化,116.951,0x2B3,1,3,,,10,10,93,715,0.697097597161677,
generic-event,事件附近变化,116.950,0x719,1,4,,,10,10,90,614,0.8860952738007913,
generic-event,事件附近变化,116.940,0x401,2,3,,,10,10,232,1851,1.3308563369777326,
generic-event,事件附近变化,116.931,0x37A,0,5,,,10,10,80,770,0.5593103716667692,
generic-event,事件附近变化,116.929,0x3A8,1,6,,,10,10,20,237,0.5570746697670578,
generic-event,事件附近变化,116.928,0x381,4,6,,,10,10,92,688,1.2763671415217632,
generic-event,事件附近变化,116.922,0x4E2,7,0,,,10,10,75,568,0.866379748240601,
generic-event,事件附近变化,116.921,0x3A2,4,1,,,10,10,208,1483,1.1155097366809397,
generic-event,事件附近变化,116.914,0x2B3,0,7,,,10,10,62,503,0.9216716084662635,
generic-event,事件附近变化,116.913,0x381,3,0,,,10,10,182,1407,0.8142744632126994,
generic-event,事件附近变化,116.899,0x3A8,2,3,,,10,10,40,217,0.6000413982550169,
generic-event,事件附近变化,116.899,0x3A8,2,4,,,10,10,40,217,0.6000413982550169,
generic-event,事件附近变化,116.897,0x78A,4,4,,,10,10,64,506,0.7827151655986151,
generic-event,事件附近变化,116.896,0x2E2,1,5,,,10,10,46,321,0.7426482179005458,
generic-event,事件附近变化,116.896,0x2E2,5,1,,,10,10,46,321,0.7426482179005458,
generic-event,事件附近变化,116.891,0x359,4,7,,,10,10,77,613,0.9743286278727074,
generic-event,事件附近变化,116.889,0x441,7,6,,,10,10,188,1420,0.93558457356645,
generic-event,事件附近变化,116.882,0x249,0,7,,,10,10,110,856,0.4694062907203881,
generic-event,事件附近变化,116.880,0x381,5,6,,,10,10,203,1532,0.6261448579234097,
generic-event,事件附近变化,116.879,0x2F1,3,0,,,10,10,33,265,0.7253545894400376,
generic-event,事件附近变化,116.874,0x372,3,1,,,10,10,80,675,0.9457721149170767,
generic-event,事件附近变化,116.866,0x401,6,3,,,10,10,260,1951,1.412089972643705,
generic-event,事件附近变化,116.855,0x234,7,6,,,10,10,221,1642,0.4267651587596412,
generic-event,事件附近变化,116.854,0x2B3,1,5,,,10,10,85,671,1.007233207436474,
generic-event,事件附近变化,116.854,0x2B3,6,5,,,10,10,89,667,0.9654567334333914,
generic-event,事件附近变化,116.849,0x360,0,3,,,10,10,27,204,0.4768625986857635,
generic-event,事件附近变化,116.841,0x7AA,1,5,,,10,10,150,994,0.49541676181141453,
generic-event,事件附近变化,116.831,0x3A1,3,3,,,10,10,164,1297,0.9976223426264216,
generic-event,事件附近变化,116.831,0x372,1,0,,,10,10,74,676,0.7709173295200619,
generic-event,事件附近变化,116.830,0x359,6,7,,,10,10,36,260,0.7975950662990814,
generic-event,事件附近变化,116.827,0x545,7,2,EXP_windowMotionFeedback_LEFT,,10,10,243,1743,1.194207326729015,
generic-event,事件附近变化,116.819,0x545,3,4,EXP_windowMotionFeedback_LEFT,,10,10,197,1407,1.0735029527232776,
generic-event,事件附近变化,116.816,0x2C4,2,7,,,10,10,34,258,0.7627583006619693,
generic-event,事件附近变化,116.815,0x545,5,3,EXP_windowMotionFeedback_LEFT,,10,10,164,1340,1.4091592956962244,
generic-event,事件附近变化,116.814,0x372,2,6,,,10,10,90,684,0.6063863555963511,
generic-event,事件附近变化,116.808,0x381,4,3,,,10,10,91,712,0.962734916275135,
generic-event,事件附近变化,116.807,0x2B3,3,2,,,10,10,111,830,1.0217610670590818,
generic-event,事件附近变化,116.794,0x359,7,3,,,10,10,54,440,1.2912593071172331,
generic-event,事件附近变化,116.792,0x7AA,5,0,,,10,10,66,533,0.6395203208611243,
generic-event,事件附近变化,116.787,0x2E2,3,0,,,10,10,43,312,0.7696681366289462,
generic-event,事件附近变化,116.787,0x2E2,3,5,,,10,10,43,312,0.7696681366289462,
generic-event,事件附近变化,116.773,0x381,3,4,,,10,10,249,1871,0.5433210250498951,
generic-event,事件附近变化,116.768,0x712,2,5,,,10,10,20,238,0.8022764986607634,
generic-event,事件附近变化,116.763,0x372,2,7,,,10,10,82,687,0.8444901512118976,
generic-event,事件附近变化,116.762,0x7AA,4,0,,,10,10,85,663,0.7172956719806161,
generic-event,事件附近变化,116.757,0x2B3,6,3,,,10,10,87,706,1.0177521342077211,
generic-event,事件附近变化,116.754,0x441,7,4,,,10,10,230,1700,0.3536323066382891,
generic-event,事件附近变化,116.751,0x2E2,5,4,,,10,10,24,160,0.3335170648835951,
generic-event,事件附近变化,116.749,0x372,4,2,,,10,10,90,684,0.7318698000317249,
generic-event,事件附近变化,116.749,0x379,2,2,,,10,10,42,337,0.864484998770104,
generic-event,事件附近变化,116.740,0x201,0,7,,,10,10,300,2274,0.49840798940305764,
generic-event,事件附近变化,116.740,0x201,1,2,,,10,10,300,2274,0.49840798940305764,
generic-event,事件附近变化,116.740,0x201,2,3,,,10,10,300,2274,0.49840798940305764,
generic-event,事件附近变化,116.740,0x201,2,4,,,10,10,300,2274,0.49840798940305764,
generic-event,事件附近变化,116.740,0x201,3,0,,,10,10,300,2274,0.49840798940305764,
generic-event,事件附近变化,116.740,0x201,4,0,,,10,10,300,2274,0.49840798940305764,
generic-event,事件附近变化,116.740,0x201,7,0,,,10,10,300,2274,0.49840798940305764,
generic-event,事件附近变化,116.740,0x201,7,6,,,10,10,300,2274,0.49840798940305764,
generic-event,事件附近变化,116.740,0x201,7,7,,,10,10,300,2274,0.49840798940305764,
generic-event,事件附近变化,116.737,0x372,7,1,,,10,10,76,697,0.8002073831901616,
generic-event,事件附近变化,116.737,0x372,0,0,,,10,10,200,1601,0.5750025990618213,
generic-event,事件附近变化,116.733,0x401,6,2,,,10,10,252,2039,1.1797575452820923,
generic-event,事件附近变化,116.732,0x719,0,0,,,10,10,222,1650,0.506314866138854,
generic-event,事件附近变化,116.723,0x381,3,7,,,10,10,183,1403,1.2056921473287834,
generic-event,事件附近变化,116.719,0x4E3,7,1,,,10,10,38,283,0.7488132602077601,
generic-event,事件附近变化,116.715,0x719,0,5,,,10,10,70,510,0.9517096073663096,
generic-event,事件附近变化,116.712,0x401,4,4,,,10,10,198,1599,1.146462574815827,
generic-event,事件附近变化,116.711,0x2E2,7,6,,,10,10,47,320,0.7419186449914402,
generic-event,事件附近变化,116.707,0x249,0,3,,,10,10,112,853,0.5579941001448668,
generic-event,事件附近变化,116.701,0x234,7,2,,,10,10,187,1365,1.397024748534606,
generic-event,事件附近变化,116.699,0x3A1,3,1,,,10,10,158,1141,1.152657642781264,
generic-event,事件附近变化,116.698,0x545,4,0,EXP_windowMotionFeedback_LEFT,,10,10,268,2054,1.8041309459386494,
generic-event,事件附近变化,116.695,0x234,0,2,,,10,10,257,1993,1.2038658174991677,
generic-event,事件附近变化,116.678,0x7B8,7,3,,,10,10,66,464,0.7854659275088057,
generic-event,事件附近变化,116.677,0x263,7,5,,,10,10,301,2273,0.6077607318325228,
generic-event,事件附近变化,116.677,0x263,7,6,,,10,10,301,2273,0.6077607318325228,
generic-event,事件附近变化,116.677,0x263,7,7,,,10,10,301,2273,0.6077607318325228,
generic-event,事件附近变化,116.674,0x249,0,6,,,10,10,184,1426,0.5724453624794944,
generic-event,事件附近变化,116.662,0x7FF,3,3,,,10,10,67,505,0.9640634227290654,
generic-event,事件附近变化,116.662,0x7FF,3,5,,,10,10,67,505,0.9640634227290654,
generic-event,事件附近变化,116.662,0x401,6,1,,,10,10,239,2010,1.4688654543590334,
generic-event,事件附近变化,116.662,0x372,1,3,,,10,10,80,453,0.9456763953376369,
generic-event,事件附近变化,116.660,0x39A,2,3,,,10,10,100,779,2.7313631721491345,
generic-event,事件附近变化,116.655,0x2E3,0,5,,,10,10,43,317,0.6520837708691497,
generic-event,事件附近变化,116.645,0x2E3,3,5,,,10,10,27,187,0.6687280797031901,
generic-event,事件附近变化,116.645,0x2E3,4,0,,,10,10,27,187,0.6687280797031901,
generic-event,事件附近变化,116.645,0x7FF,2,2,,,10,10,33,253,0.556589200845189,
generic-event,事件附近变化,116.645,0x7FF,5,6,,,10,10,33,253,0.556589200845189,
generic-event,事件附近变化,116.640,0x234,0,1,,,10,10,252,2030,0.6335731850128125,
generic-event,事件附近变化,116.637,0x2B3,6,6,,,10,10,58,447,0.9320761626311578,
generic-event,事件附近变化,116.634,0x2E3,0,6,,,10,10,26,178,0.681403947933558,
generic-event,事件附近变化,116.633,0x381,0,6,,,10,10,174,1293,0.8516302772428612,
generic-event,事件附近变化,116.632,0x7FF,2,4,,,10,10,68,503,0.9611478576636692,
generic-event,事件附近变化,116.631,0x401,0,1,,,10,10,250,2065,1.1598591026362857,
generic-event,事件附近变化,116.614,0x3A1,4,0,,,10,10,282,2175,1.8360909259305833,
generic-event,事件附近变化,116.614,0x3A1,4,1,,,10,10,282,2175,1.8360909259305833,
generic-event,事件附近变化,116.614,0x4E2,3,7,,,10,10,41,252,1.1729904764406003,
generic-event,事件附近变化,116.606,0x234,0,4,,,10,10,251,2159,2.0287661456902653,
generic-event,事件附近变化,116.606,0x234,0,5,,,10,10,251,2159,2.0287661456902653,
generic-event,事件附近变化,116.602,0x7AA,4,5,,,10,10,61,397,0.8833457596449925,
generic-event,事件附近变化,116.601,0x234,0,3,,,10,10,255,2163,1.587570162191847,
generic-event,事件附近变化,116.599,0x2B3,2,2,,,10,10,121,887,0.7521160596096286,
generic-event,事件附近变化,116.599,0x2C4,3,4,,,10,10,28,226,0.8215583489974635,
generic-event,事件附近变化,116.590,0x3A2,0,7,,,10,10,294,2010,1.6328238545347564,
generic-event,事件附近变化,116.581,0x2C1,1,0,,,10,10,300,2274,0.19696109600555933,
generic-event,事件附近变化,116.581,0x2C1,3,0,,,10,10,300,2274,0.5993414713642293,
generic-event,事件附近变化,116.581,0x2C1,5,6,,,10,10,300,2274,0.5993414713642293,
generic-event,事件附近变化,116.581,0x2C1,6,4,,,10,10,300,2274,0.5993414713642293,
generic-event,事件附近变化,116.581,0x2C1,6,7,,,10,10,300,2274,0.5993414713642293,
generic-event,事件附近变化,116.581,0x2C1,7,6,,,10,10,300,2274,0.5993414713642293,
generic-event,事件附近变化,116.581,0x2C1,7,7,,,10,10,300,2274,0.5993414713642293,
generic-event,事件附近变化,116.580,0x2C1,0,7,,,10,10,300,2275,0.5971633413410182,
generic-event,事件附近变化,116.580,0x2C1,2,4,,,10,10,300,2275,0.19941473600593765,
generic-event,事件附近变化,116.569,0x545,0,6,EXP_windowMotionFeedback_LEFT,,10,10,274,2144,0.6650939897347214,
generic-event,事件附近变化,116.564,0x234,2,1,,,10,10,300,2190,1.6284172327041577,
generic-event,事件附近变化,116.558,0x2E3,3,1,,,10,10,42,326,0.6306343650202213,
generic-event,事件附近变化,116.554,0x2E2,2,2,,,10,10,29,240,0.7745579235588642,
generic-event,事件附近变化,116.554,0x2E2,2,3,,,10,10,29,240,0.7745579235588642,
generic-event,事件附近变化,116.543,0x401,2,4,,,10,10,232,2127,1.2621794181559471,
generic-event,事件附近变化,116.533,0x243,1,3,,,10,10,300,2274,0.5978646125554004,
generic-event,事件附近变化,116.533,0x243,1,6,,,10,10,300,2274,0.5978646125554004,
generic-event,事件附近变化,116.533,0x243,1,7,,,10,10,300,2274,0.5978646125554004,
generic-event,事件附近变化,116.533,0x243,2,0,,,10,10,300,2274,0.5978646125554004,
generic-event,事件附近变化,116.532,0x243,4,4,,,10,10,300,2275,0.20531876720079167,
generic-event,事件附近变化,116.530,0x677,0,0,,,10,10,290,2285,0.34085727744586475,
generic-event,事件附近变化,116.512,0x545,2,0,EXP_windowMotionFeedback_LEFT,,10,10,277,1959,0.70406491012682,
generic-event,事件附近变化,116.497,0x7B8,3,0,,,10,10,85,695,0.6448689065241213,
generic-event,事件附近变化,116.496,0x3A2,3,3,,,10,10,263,2209,0.9817640033862614,
generic-event,事件附近变化,116.495,0x3A2,4,0,,,10,10,266,1942,0.8843483986096251,
generic-event,事件附近变化,116.485,0x719,5,2,,,10,10,55,413,0.82001681481121,
generic-event,事件附近变化,116.485,0x719,6,0,,,10,10,55,413,0.82001681481121,
generic-event,事件附近变化,116.485,0x719,6,2,,,10,10,55,413,0.82001681481121,
generic-event,事件附近变化,116.484,0x359,5,2,,,10,10,56,436,1.2551393610299626,
generic-event,事件附近变化,116.481,0x243,3,7,,,10,10,299,2276,0.31752147571256856,
generic-event,事件附近变化,116.470,0x3B2,4,6,,,10,10,20,142,0.8304358768194968,
generic-event,事件附近变化,116.445,0x3A2,3,5,,,10,10,293,2247,0.5459527146435813,
generic-event,事件附近变化,116.435,0x2C1,1,3,,,10,10,300,2388,0.6184693158605403,
generic-event,事件附近变化,116.431,0x2C1,1,4,,,10,10,300,2391,0.6167756022172772,
generic-event,事件附近变化,116.429,0x7AA,6,7,,,10,10,62,458,0.5377074925840907,
generic-event,事件附近变化,116.429,0x261,4,2,,,10,10,272,2208,2.0960212047600417,
generic-event,事件附近变化,116.421,0x2E3,0,3,,,10,10,25,189,0.6688319506373983,
generic-event,事件附近变化,116.417,0x3A2,4,2,,,10,10,302,2298,0.33391109999852847,
generic-event,事件附近变化,116.403,0x2C4,6,7,,,10,10,55,393,0.7295997815291566,
generic-event,事件附近变化,116.399,0x401,2,1,,,10,10,245,2079,1.3733058104763318,
generic-event,事件附近变化,116.396,0x719,3,0,,,10,10,58,410,0.8192520785690719,
generic-event,事件附近变化,116.396,0x719,3,3,,,10,10,58,410,0.8192520785690719,
generic-event,事件附近变化,116.396,0x719,4,7,,,10,10,58,410,0.8192520785690719,
generic-event,事件附近变化,116.393,0x3C0,2,4,,,10,10,27,207,0.8211522616528133,
generic-event,事件附近变化,116.392,0x545,7,4,EXP_windowMotionFeedback_LEFT,,10,10,216,1838,0.5593507539477075,
generic-event,事件附近变化,116.392,0x719,4,2,,,10,10,140,1032,0.9047513697161655,
generic-event,事件附近变化,116.386,0x545,5,6,EXP_windowMotionFeedback_LEFT,,10,10,299,2279,0.3676252193915538,
generic-event,事件附近变化,116.384,0x3A2,0,6,,,10,10,303,2293,0.339067524149349,
generic-event,事件附近变化,116.382,0x401,6,0,,,10,10,270,2123,1.3699122687064553,
generic-event,事件附近变化,116.381,0x3A2,1,0,,,10,10,305,2295,0.33383455387331007,
generic-event,事件附近变化,116.381,0x3A2,1,2,,,10,10,305,2295,0.33383455387331007,
generic-event,事件附近变化,116.381,0x3A2,2,1,,,10,10,305,2295,0.33383455387331007,
generic-event,事件附近变化,116.381,0x3A2,2,4,,,10,10,305,2295,0.33383455387331007,
generic-event,事件附近变化,116.381,0x3A2,2,6,,,10,10,305,2295,0.33383455387331007,
generic-event,事件附近变化,116.381,0x3A2,3,7,,,10,10,305,2295,0.33383455387331007,
generic-event,事件附近变化,116.381,0x3A2,7,0,,,10,10,305,2295,0.33383455387331007,
generic-event,事件附近变化,116.381,0x3A2,7,1,,,10,10,305,2295,0.33383455387331007,
generic-event,事件附近变化,116.381,0x3A2,7,4,,,10,10,305,2295,0.33383455387331007,
generic-event,事件附近变化,116.381,0x3A2,7,5,,,10,10,305,2295,0.33383455387331007,
generic-event,事件附近变化,116.381,0x3A2,7,6,,,10,10,305,2295,0.33383455387331007,
generic-event,事件附近变化,116.379,0x3A2,1,7,,,10,10,303,2297,0.33393534480424597,
generic-event,事件附近变化,116.375,0x2B3,2,1,,,10,10,104,784,0.9381064174190916,
generic-event,事件附近变化,116.375,0x2B3,7,2,,,10,10,47,359,0.7185744718842824,
generic-event,事件附近变化,116.372,0x2B3,2,0,,,10,10,59,489,0.9524600259392328,
generic-event,事件附近变化,116.368,0x7B8,3,4,,,10,10,48,377,0.7850811169178551,
generic-event,事件附近变化,116.365,0x545,2,5,EXP_windowMotionFeedback_LEFT,,10,10,305,2295,0.33393090205638903,
generic-event,事件附近变化,116.365,0x545,4,2,EXP_windowMotionFeedback_LEFT,,10,10,305,2295,0.33393090205638903,
generic-event,事件附近变化,116.365,0x545,4,4,EXP_windowMotionFeedback_LEFT,,10,10,305,2295,0.33393090205638903,
generic-event,事件附近变化,116.365,0x545,4,7,EXP_windowMotionFeedback_LEFT,,10,10,305,2295,0.33393090205638903,
generic-event,事件附近变化,116.365,0x545,6,0,EXP_windowMotionFeedback_LEFT,,10,10,305,2295,0.33393090205638903,
generic-event,事件附近变化,116.365,0x545,6,3,EXP_windowMotionFeedback_LEFT,,10,10,305,2295,0.33393090205638903,
generic-event,事件附近变化,116.358,0x343,2,3,,,10,10,65,477,0.9401014870470484,
generic-event,事件附近变化,116.353,0x2B3,6,7,,,10,10,120,888,1.197163570086554,
generic-event,事件附近变化,116.353,0x3F9,0,3,,,10,10,35,251,0.7755985408188287,
generic-event,事件附近变化,116.350,0x229,0,6,,,10,10,56,424,1.0980892588624596,
generic-event,事件附近变化,116.345,0x381,3,6,,,10,10,183,1403,1.0598769974311222,
generic-event,事件附近变化,116.342,0x7AA,3,7,,,10,10,110,762,0.6009772028640595,
generic-event,事件附近变化,116.331,0x2E1,2,0,,,10,10,315,2367,0.235782257762928,
generic-event,事件附近变化,116.329,0x379,6,4,,,10,10,51,379,0.8176375760580029,
generic-event,事件附近变化,116.327,0x343,2,4,,,10,10,66,482,0.937196880061986,
generic-event,事件附近变化,116.327,0x343,2,5,,,10,10,66,482,0.937196880061986,
generic-event,事件附近变化,116.325,0x719,3,2,,,10,10,113,823,0.9050923787485143,
generic-event,事件附近变化,116.325,0x719,3,4,,,10,10,113,823,0.9050923787485143,
generic-event,事件附近变化,116.325,0x2E1,7,3,,,10,10,314,2368,0.33086126960275947,
generic-event,事件附近变化,116.320,0x3A2,1,4,,,10,10,271,2175,0.6650914875957304,
generic-event,事件附近变化,116.314,0x545,2,1,EXP_windowMotionFeedback_LEFT,,10,10,299,2243,0.40634376807648936,
generic-event,事件附近变化,116.312,0x3B2,4,7,,,10,10,18,125,0.8256981568279566,
generic-event,事件附近变化,116.311,0x2C4,6,0,,,10,10,72,571,0.8768328321537768,
generic-event,事件附近变化,116.307,0x7FF,6,4,,,10,10,66,506,0.9636326277862314,
generic-event,事件附近变化,116.291,0x243,5,2,,,10,10,300,2275,0.19769586055916138,
generic-event,事件附近变化,116.286,0x243,0,1,,,10,10,300,2274,0.1962219448920252,
generic-event,事件附近变化,116.286,0x243,1,2,,,10,10,300,2274,0.1962219448920252,
generic-event,事件附近变化,116.286,0x243,2,6,,,10,10,300,2274,0.1962219448920252,
generic-event,事件附近变化,116.286,0x243,4,2,,,10,10,300,2274,0.1962219448920252,
generic-event,事件附近变化,116.286,0x243,4,3,,,10,10,300,2274,0.1962219448920252,
generic-event,事件附近变化,116.286,0x243,4,5,,,10,10,300,2274,0.1962219448920252,
generic-event,事件附近变化,116.286,0x243,6,6,,,10,10,300,2274,0.1962219448920252,
generic-event,事件附近变化,116.286,0x243,7,3,,,10,10,300,2274,0.1962219448920252,
generic-event,事件附近变化,116.286,0x243,7,5,,,10,10,300,2274,0.1962219448920252,
generic-event,事件附近变化,116.284,0x243,0,2,,,10,10,300,2275,0.5984391711205462,
generic-event,事件附近变化,116.284,0x243,3,0,,,10,10,300,2275,0.5984391711205462,
generic-event,事件附近变化,116.284,0x243,3,2,,,10,10,300,2275,0.1970416003538995,
generic-event,事件附近变化,116.284,0x243,3,3,,,10,10,300,2275,0.1970416003538995,
generic-event,事件附近变化,116.284,0x243,3,5,,,10,10,300,2275,0.5984391711205462,
generic-event,事件附近变化,116.284,0x243,3,6,,,10,10,300,2275,0.42743410084568007,
generic-event,事件附近变化,116.284,0x243,4,7,,,10,10,300,2275,0.1970416003538995,
generic-event,事件附近变化,116.284,0x243,6,0,,,10,10,300,2275,0.1970416003538995,
generic-event,事件附近变化,116.284,0x243,6,1,,,10,10,300,2275,0.5984391711205462,
generic-event,事件附近变化,116.284,0x243,7,0,,,10,10,300,2275,0.1970416003538995,
generic-event,事件附近变化,116.284,0x243,7,1,,,10,10,300,2275,0.5984391711205462,
generic-event,事件附近变化,116.284,0x352,3,0,,,10,10,11,116,0.4001477993565535,
generic-event,事件附近变化,116.281,0x3A1,7,7,,,10,10,168,1376,0.8213166589944524,
generic-event,事件附近变化,116.281,0x2E1,2,3,,,10,10,314,2368,0.22304730601310474,
generic-event,事件附近变化,116.278,0x31E,0,0,,,10,10,80,433,1.0400358142602717,
generic-event,事件附近变化,116.275,0x441,7,5,,,10,10,185,1425,0.7499978683596271,
generic-event,事件附近变化,116.270,0x261,4,6,,,10,10,313,2369,0.3335728221516295,
generic-event,事件附近变化,116.259,0x7FF,7,6,,,10,10,35,250,0.7777016511570469,
generic-event,事件附近变化,116.254,0x545,0,7,EXP_windowMotionFeedback_LEFT,,10,10,163,1107,1.520998585832989,
generic-event,事件附近变化,116.251,0x2C1,0,5,,,10,10,300,2274,0.597786086285244,
generic-event,事件附近变化,116.251,0x2C1,1,5,,,10,10,300,2274,0.5830607860924377,
generic-event,事件附近变化,116.251,0x2C1,3,4,,,10,10,300,2274,0.597786086285244,
generic-event,事件附近变化,116.251,0x2C1,3,5,,,10,10,300,2274,0.597786086285244,
generic-event,事件附近变化,116.251,0x2C1,3,6,,,10,10,300,2274,0.597786086285244,
generic-event,事件附近变化,116.251,0x2C1,3,7,,,10,10,300,2274,0.597786086285244,
generic-event,事件附近变化,116.251,0x2C1,4,1,,,10,10,300,2274,0.597786086285244,
generic-event,事件附近变化,116.249,0x2C1,0,1,,,10,10,300,2275,0.19637549911150676,
generic-event,事件附近变化,116.249,0x2C1,2,3,,,10,10,300,2275,0.20160156256091924,
generic-event,事件附近变化,116.249,0x2C1,2,5,,,10,10,300,2275,0.20160156256091924,
generic-event,事件附近变化,116.247,0x401,2,0,,,10,10,272,2174,1.3733114342825166,
generic-event,事件附近变化,116.245,0x3B2,5,3,,,10,10,22,134,0.9787745778468687,
generic-event,事件附近变化,116.234,0x261,7,5,,,10,10,292,2323,0.6857634882323863,
generic-event,事件附近变化,116.221,0x261,5,0,,,10,10,316,2366,0.6646352790059776,
generic-event,事件附近变化,116.221,0x261,6,3,,,10,10,316,2366,0.6646352790059776,
generic-event,事件附近变化,116.221,0x3FD,0,1,,,10,10,60,455,0.598250993340631,
generic-event,事件附近变化,116.221,0x3FD,3,2,,,10,10,60,455,0.7993098559615922,
generic-event,事件附近变化,116.221,0x3FD,3,3,,,10,10,60,455,0.7993098559615922,
generic-event,事件附近变化,116.221,0x3FD,3,4,,,10,10,60,455,0.7993098559615922,
generic-event,事件附近变化,116.221,0x3FD,3,5,,,10,10,60,455,0.7993098559615922,
generic-event,事件附近变化,116.221,0x3FD,4,5,,,10,10,60,455,0.7993098559615922,
generic-event,事件附近变化,116.221,0x3FD,6,0,,,10,10,60,455,0.7993098559615922,
generic-event,事件附近变化,116.221,0x3FD,7,4,,,10,10,60,455,0.598250993340631,
generic-event,事件附近变化,116.218,0x261,6,1,,,10,10,316,2366,0.33156250010040317,
generic-event,事件附近变化,116.215,0x401,6,4,,,10,10,220,1824,1.2169935336298825,
generic-event,事件附近变化,116.215,0x2E1,2,1,,,10,10,314,2368,0.225122617372722,
generic-event,事件附近变化,116.211,0x243,5,3,,,10,10,300,2275,0.19924112614554487,
generic-event,事件附近变化,116.207,0x2E1,1,6,,,10,10,314,2368,0.33396620052004666,
generic-event,事件附近变化,116.207,0x2E1,4,0,,,10,10,314,2368,0.33396620052004666,
generic-event,事件附近变化,116.206,0x2E1,2,4,,,10,10,313,2369,0.24890392756872273,
generic-event,事件附近变化,116.202,0x3A1,3,2,,,10,10,142,1158,1.1672499902866382,
generic-event,事件附近变化,116.199,0x545,0,1,EXP_windowMotionFeedback_LEFT,,10,10,302,2298,0.3362141460427213,
generic-event,事件附近变化,116.196,0x3A1,7,2,,,10,10,144,1160,1.168926306983126,
generic-event,事件附近变化,116.195,0x2E1,4,5,,,10,10,313,2370,0.6640803703699738,
generic-event,事件附近变化,116.195,0x2E1,6,7,,,10,10,313,2370,0.6640803703699738,
generic-event,事件附近变化,116.195,0x2E1,7,1,,,10,10,313,2370,0.6640803703699738,
generic-event,事件附近变化,116.195,0x2E1,7,5,,,10,10,313,2370,0.6640803703699738,
generic-event,事件附近变化,116.195,0x2E1,7,6,,,10,10,313,2370,0.6640803703699738,
generic-event,事件附近变化,116.194,0x7FF,1,6,,,10,10,66,506,0.9633160312208662,
generic-event,事件附近变化,116.194,0x7FF,4,3,,,10,10,66,506,0.9633160312208662,
generic-event,事件附近变化,116.191,0x3A2,1,5,,,10,10,304,2296,0.33436585500890653,
generic-event,事件附近变化,116.191,0x401,4,0,,,10,10,250,2201,1.3123176553747615,
generic-event,事件附近变化,116.189,0x3A2,0,1,,,10,10,302,2298,0.3342297085738232,
generic-event,事件附近变化,116.189,0x3A2,1,1,,,10,10,302,2298,0.3342297085738232,
generic-event,事件附近变化,116.189,0x3A2,1,3,,,10,10,302,2298,0.3342297085738232,
generic-event,事件附近变化,116.189,0x3A2,2,5,,,10,10,302,2298,0.3342297085738232,
generic-event,事件附近变化,116.189,0x3A2,4,5,,,10,10,302,2298,0.3342407883998151,
generic-event,事件附近变化,116.189,0x3A2,5,7,,,10,10,302,2298,0.33420129310878516,
generic-event,事件附近变化,116.189,0x3A2,6,6,,,10,10,302,2298,0.3342297085738232,
generic-event,事件附近变化,116.189,0x3A2,6,7,,,10,10,302,2298,0.33424329282188725,
generic-event,事件附近变化,116.188,0x2B3,3,4,,,10,10,127,1004,0.7073006034635658,
generic-event,事件附近变化,116.187,0x2E1,2,2,,,10,10,313,2370,0.24074529364065697,
generic-event,事件附近变化,116.186,0x2E1,0,2,,,10,10,312,2371,0.33323943086200714,
generic-event,事件附近变化,116.186,0x2E1,5,4,,,10,10,312,2371,0.32620505860569504,
generic-event,事件附近变化,116.186,0x2E1,6,2,,,10,10,312,2371,0.33323943086200714,
generic-event,事件附近变化,116.181,0x545,2,2,EXP_windowMotionFeedback_LEFT,,10,10,273,1987,0.7060722365123181,
generic-event,事件附近变化,116.180,0x75D,6,5,,,10,10,22,162,0.4297130349097004,
generic-event,事件附近变化,116.178,0x263,0,1,,,10,10,300,2274,0.22026571650036503,
generic-event,事件附近变化,116.178,0x263,3,4,,,10,10,300,2274,0.5857704946031348,
generic-event,事件附近变化,116.178,0x263,3,5,,,10,10,300,2274,0.5857704946031348,
generic-event,事件附近变化,116.178,0x263,4,3,,,10,10,300,2274,0.5857704946031348,
generic-event,事件附近变化,116.178,0x263,5,2,,,10,10,300,2274,0.21764454020598686,
generic-event,事件附近变化,116.178,0x263,5,6,,,10,10,300,2274,0.5857704946031348,
generic-event,事件附近变化,116.178,0x263,5,7,,,10,10,300,2274,0.5857704946031348,
generic-event,事件附近变化,116.177,0x263,1,4,,,10,10,300,2275,0.19281364340517707,
generic-event,事件附近变化,116.177,0x263,1,6,,,10,10,300,2275,0.19281364340517707,
generic-event,事件附近变化,116.177,0x263,1,7,,,10,10,300,2275,0.19281364340517707,
generic-event,事件附近变化,116.177,0x263,2,0,,,10,10,300,2275,0.19281364340517707,
generic-event,事件附近变化,116.177,0x263,2,1,,,10,10,300,2275,0.19281364340517707,
generic-event,事件附近变化,116.177,0x263,2,2,,,10,10,300,2275,0.19281364340517707,
generic-event,事件附近变化,116.177,0x263,2,6,,,10,10,300,2275,0.19281364340517707,
generic-event,事件附近变化,116.177,0x263,2,7,,,10,10,300,2275,0.19281364340517707,
generic-event,事件附近变化,116.177,0x263,3,0,,,10,10,300,2275,0.19281364340517707,
generic-event,事件附近变化,116.177,0x263,3,7,,,10,10,300,2275,0.19281364340517707,
generic-event,事件附近变化,116.177,0x263,4,2,,,10,10,300,2275,0.19281364340517707,
generic-event,事件附近变化,116.177,0x263,4,7,,,10,10,300,2275,0.19281364340517707,
generic-event,事件附近变化,116.177,0x263,5,0,,,10,10,300,2275,0.19281364340517707,
generic-event,事件附近变化,116.177,0x263,5,1,,,10,10,300,2275,0.19281364340517707,
generic-event,事件附近变化,116.177,0x263,6,2,,,10,10,300,2275,0.19281364340517707,
generic-event,事件附近变化,116.177,0x263,6,4,,,10,10,300,2275,0.19281364340517707,
generic-event,事件附近变化,116.177,0x263,6,6,,,10,10,300,2275,0.19281364340517707,
generic-event,事件附近变化,116.167,0x4E3,1,7,,,10,10,34,288,0.5007529272354133,
generic-event,事件附近变化,116.167,0x4E3,2,2,,,10,10,34,288,0.5007529272354133,
generic-event,事件附近变化,116.167,0x4E3,7,5,,,10,10,34,288,0.5007529272354133,
generic-event,事件附近变化,116.156,0x3A2,0,0,,,10,10,303,2297,0.3327297500305406,
generic-event,事件附近变化,116.156,0x3A2,5,4,,,10,10,303,2297,0.3327297500305406,
generic-event,事件附近变化,116.156,0x3A2,5,5,,,10,10,303,2297,0.3327297500305406,
generic-event,事件附近变化,116.156,0x3A2,5,6,,,10,10,303,2297,0.3327297500305406,
generic-event,事件附近变化,116.156,0x3A2,6,0,,,10,10,303,2297,0.3326847350577578,
generic-event,事件附近变化,116.156,0x3A2,6,1,,,10,10,303,2297,0.3327297500305406,
generic-event,事件附近变化,116.156,0x3A2,6,2,,,10,10,303,2297,0.3327297500305406,
generic-event,事件附近变化,116.156,0x3A2,6,3,,,10,10,303,2297,0.3327297500305406,
generic-event,事件附近变化,116.156,0x3A2,6,4,,,10,10,303,2297,0.3327297500305406,
generic-event,事件附近变化,116.156,0x3A2,6,5,,,10,10,303,2297,0.3327297500305406,
generic-event,事件附近变化,116.154,0x545,0,0,EXP_windowMotionFeedback_LEFT,,10,10,303,2297,0.3321682876020211,
generic-event,事件附近变化,116.154,0x545,5,4,EXP_windowMotionFeedback_LEFT,,10,10,303,2297,0.3322261460604341,
generic-event,事件附近变化,116.154,0x7B8,3,6,,,10,10,52,405,0.8115283573749872,
generic-event,事件附近变化,116.152,0x3A2,0,5,,,10,10,303,2297,0.3335209080206696,
generic-event,事件附近变化,116.145,0x545,0,4,EXP_windowMotionFeedback_LEFT,,10,10,150,1148,1.4441261058431056,
generic-event,事件附近变化,116.142,0x2C4,2,5,,,10,10,34,254,0.7540189838952245,
generic-event,事件附近变化,116.140,0x2E2,5,0,,,10,10,23,161,0.42751398497540005,
generic-event,事件附近变化,116.140,0x2E2,5,3,,,10,10,23,161,0.42751398497540005,
generic-event,事件附近变化,116.140,0x545,7,3,EXP_windowMotionFeedback_LEFT,,10,10,207,1807,1.172638944599614,
generic-event,事件附近变化,116.137,0x3A1,7,3,,,10,10,156,1195,1.0999527374832883,
generic-event,事件附近变化,116.126,0x261,0,1,,,10,10,311,2371,0.3359834283769275,
generic-event,事件附近变化,116.126,0x261,0,7,,,10,10,311,2371,0.3359834283769275,
generic-event,事件附近变化,116.116,0x2E1,1,1,,,10,10,317,2365,0.6693931858363019,
generic-event,事件附近变化,116.116,0x2E1,3,2,,,10,10,317,2365,0.6693931858363019,
generic-event,事件附近变化,116.116,0x2E1,4,2,,,10,10,317,2365,0.6693931858363019,
generic-event,事件附近变化,116.113,0x3C0,7,0,,,10,10,25,209,0.821096874144398,
generic-event,事件附近变化,116.113,0x545,7,1,EXP_windowMotionFeedback_LEFT,,10,10,238,1818,0.8523787596040135,
generic-event,事件附近变化,116.113,0x712,4,2,,,10,10,36,298,1.059436125693778,
generic-event,事件附近变化,116.112,0x381,4,4,,,10,10,121,948,1.2118320238107179,
generic-event,事件附近变化,116.106,0x545,0,5,EXP_windowMotionFeedback_LEFT,,10,10,159,1163,1.4596042902485828,
generic-event,事件附近变化,116.101,0x719,4,5,,,10,10,83,615,0.8879492793797281,
generic-event,事件附近变化,116.095,0x2C1,1,2,,,10,10,300,2395,0.25272471790592904,
generic-event,事件附近变化,116.074,0x381,5,2,,,10,10,242,1877,0.6194547531289292,
generic-event,事件附近变化,116.054,0x261,0,2,,,10,10,310,2372,0.33130974636602445,
generic-event,事件附近变化,116.050,0x243,2,3,,,10,10,300,2275,0.20466574364788817,
generic-event,事件附近变化,116.048,0x243,5,6,,,10,10,300,2275,0.2005559409698142,
generic-event,事件附近变化,116.044,0x441,0,0,,,10,10,293,2154,1.3621048363305157,
generic-event,事件附近变化,116.044,0x441,7,0,,,10,10,293,2154,1.3621048363305157,
generic-event,事件附近变化,116.038,0x7AA,5,3,,,10,10,54,522,0.6378013794896751,
generic-event,事件附近变化,116.033,0x441,0,2,,,10,10,293,2162,2.013802786122643,
generic-event,事件附近变化,116.026,0x3C0,0,2,,,10,10,29,205,0.2729136746591717,
generic-event,事件附近变化,116.016,0x401,2,2,,,10,10,260,2163,1.2625352805540067,
generic-event,事件附近变化,116.014,0x261,5,1,,,10,10,309,2373,0.6670263929190696,
generic-event,事件附近变化,116.014,0x381,5,5,,,10,10,159,1235,1.0509985526784809,
generic-event,事件附近变化,116.012,0x379,4,6,,,10,10,24,191,0.49988840896454595,
generic-event,事件附近变化,116.012,0x379,4,7,,,10,10,24,191,0.49988840896454595,
generic-event,事件附近变化,116.008,0x7B8,4,3,,,10,10,47,414,1.0955082264149896,
generic-event,事件附近变化,116.006,0x2B3,7,0,,,10,10,55,433,0.9511976784243873,
generic-event,事件附近变化,116.006,0x2C4,6,2,,,10,10,59,431,0.9905053184935592,
generic-event,事件附近变化,115.990,0x261,5,4,,,10,10,314,2368,0.6672377124819999,
generic-event,事件附近变化,115.989,0x7AA,4,6,,,10,10,67,487,0.8717937561792704,
generic-event,事件附近变化,115.982,0x3A1,3,7,,,10,10,174,1443,2.0356155392329276,
generic-event,事件附近变化,115.977,0x2E1,0,1,,,10,10,312,2370,0.33159462846310145,
generic-event,事件附近变化,115.977,0x2E1,2,6,,,10,10,312,2370,0.33159462846310145,
generic-event,事件附近变化,115.977,0x2E1,5,6,,,10,10,312,2370,0.35194103485181777,
generic-event,事件附近变化,115.974,0x545,7,0,EXP_windowMotionFeedback_LEFT,,10,10,213,1749,0.9524230648894948,
generic-event,事件附近变化,115.974,0x545,5,2,EXP_windowMotionFeedback_LEFT,,10,10,142,954,1.6085047040280576,
generic-event,事件附近变化,115.972,0x261,4,3,,,10,10,317,2407,0.6746816722939712,
generic-event,事件附近变化,115.966,0x318,7,5,,,10,10,20,134,0.7651271364634908,
generic-event,事件附近变化,115.960,0x261,0,6,,,10,10,310,2372,0.4188848940486654,
generic-event,事件附近变化,115.960,0x261,1,6,,,10,10,310,2372,0.33338591341972523,
generic-event,事件附近变化,115.960,0x261,6,2,,,10,10,310,2372,0.33338591341972523,
generic-event,事件附近变化,115.960,0x201,5,3,,,10,10,256,1907,1.3673258329681321,
generic-event,事件附近变化,115.942,0x2B3,1,0,,,10,10,97,658,1.2575690792359595,
generic-event,事件附近变化,115.935,0x3B2,6,0,,,10,10,23,184,0.8014073978211192,
generic-event,事件附近变化,115.907,0x2E2,5,6,,,10,10,45,298,0.6034892095098331,
generic-event,事件附近变化,115.905,0x401,4,2,,,10,10,254,2252,1.2461943971157354,
generic-event,事件附近变化,115.904,0x3A1,3,6,,,10,10,156,1481,1.5419025019019437,
generic-event,事件附近变化,115.890,0x263,0,2,,,10,10,300,2275,0.5889573253212024,
generic-event,事件附近变化,115.890,0x263,4,5,,,10,10,300,2275,0.5889573253212024,
generic-event,事件附近变化,115.887,0x359,0,3,,,10,10,39,260,0.6222341823368315,
generic-event,事件附近变化,115.876,0x2B3,2,6,,,10,10,102,709,1.2272485722221305,
generic-event,事件附近变化,115.873,0x2E1,1,2,,,10,10,313,2369,0.6648234134510337,
generic-event,事件附近变化,115.873,0x2E1,2,5,,,10,10,313,2369,0.6648234134510337,
generic-event,事件附近变化,115.873,0x2E1,3,1,,,10,10,313,2369,0.6648234134510337,
generic-event,事件附近变化,115.865,0x7FF,2,0,,,10,10,33,253,0.7797193717447649,
generic-event,事件附近变化,115.865,0x7FF,3,7,,,10,10,33,253,0.7797193717447649,
generic-event,事件附近变化,115.861,0x2E1,6,1,,,10,10,309,2373,0.6692843842851213,
generic-event,事件附近变化,115.852,0x261,3,0,,,10,10,361,2619,0.3790952805621114,
generic-event,事件附近变化,115.852,0x261,3,6,,,10,10,361,2619,0.37921675132607086,
generic-event,事件附近变化,115.849,0x7FF,3,1,,,10,10,33,253,0.7793447305156966,
generic-event,事件附近变化,115.849,0x7FF,4,1,,,10,10,33,253,0.7793447305156966,
generic-event,事件附近变化,115.849,0x7FF,5,3,,,10,10,33,253,0.7793447305156966,
generic-event,事件附近变化,115.849,0x7FF,6,6,,,10,10,33,253,0.7793447305156966,
generic-event,事件附近变化,115.831,0x201,0,3,,,10,10,300,2275,0.502342131532633,
generic-event,事件附近变化,115.831,0x201,1,0,,,10,10,300,2275,0.502342131532633,
generic-event,事件附近变化,115.831,0x201,3,7,,,10,10,300,2275,0.502342131532633,
generic-event,事件附近变化,115.831,0x201,4,1,,,10,10,300,2275,0.502342131532633,
generic-event,事件附近变化,115.831,0x201,4,5,,,10,10,300,2275,0.502342131532633,
generic-event,事件附近变化,115.831,0x201,5,0,,,10,10,300,2275,0.502342131532633,
generic-event,事件附近变化,115.831,0x201,5,1,,,10,10,300,2275,0.502342131532633,
generic-event,事件附近变化,115.831,0x201,5,4,,,10,10,300,2275,0.502342131532633,
generic-event,事件附近变化,115.831,0x201,5,7,,,10,10,300,2275,0.502342131532633,
generic-event,事件附近变化,115.831,0x201,6,0,,,10,10,300,2275,0.502342131532633,
generic-event,事件附近变化,115.831,0x201,6,6,,,10,10,300,2275,0.502342131532633,
generic-event,事件附近变化,115.831,0x201,6,7,,,10,10,300,2275,0.502342131532633,
generic-event,事件附近变化,115.827,0x545,1,0,EXP_windowMotionFeedback_LEFT,,10,10,164,1196,1.4297405821946305,
generic-event,事件附近变化,115.826,0x261,3,2,,,10,10,360,2620,0.4472526601410006,
generic-event,事件附近变化,115.826,0x261,3,7,,,10,10,360,2620,0.4472526601410006,
generic-event,事件附近变化,115.823,0x34A,7,4,,,10,10,15,113,0.49802885469604385,
generic-event,事件附近变化,115.823,0x34A,7,7,,,10,10,15,113,0.49802885469604385,
generic-event,事件附近变化,115.822,0x372,5,5,,,10,10,100,932,0.7642731670037461,
generic-event,事件附近变化,115.819,0x3A1,3,4,,,10,10,146,1062,1.3674995143510429,
generic-event,事件附近变化,115.815,0x379,6,3,,,10,10,26,189,0.49988367852431864,
generic-event,事件附近变化,115.793,0x7FF,5,1,,,10,10,33,253,0.7801707651171605,
generic-event,事件附近变化,115.789,0x261,0,3,,,10,10,307,2375,0.5438620102415794,
generic-event,事件附近变化,115.788,0x2F1,0,3,,,10,10,16,119,0.15802170890539766,
generic-event,事件附近变化,115.783,0x4E2,0,4,,,10,10,37,285,0.7518680366765687,
generic-event,事件附近变化,115.782,0x201,6,5,,,10,10,300,2275,0.5003180679012308,
generic-event,事件附近变化,115.777,0x2C1,7,1,,,10,10,300,2275,0.2062906180499364,
generic-event,事件附近变化,115.776,0x2C1,0,2,,,10,10,300,2276,0.6025179550947722,
generic-event,事件附近变化,115.776,0x2C1,2,1,,,10,10,300,2276,0.6025179550947722,
generic-event,事件附近变化,115.776,0x2C1,4,0,,,10,10,300,2276,0.6025179550947722,
generic-event,事件附近变化,115.776,0x2C1,4,2,,,10,10,300,2276,0.6025179550947722,
generic-event,事件附近变化,115.776,0x2C1,4,3,,,10,10,300,2276,0.6025179550947722,
generic-event,事件附近变化,115.776,0x2C1,6,3,,,10,10,300,2276,0.6025179550947722,
generic-event,事件附近变化,115.776,0x2C1,7,4,,,10,10,300,2276,0.6025179550947722,
generic-event,事件附近变化,115.773,0x719,4,1,,,10,10,35,211,1.2476736991159965,
generic-event,事件附近变化,115.763,0x372,2,2,,,10,10,70,444,0.7443462260952225,
generic-event,事件附近变化,115.758,0x34A,1,6,,,10,10,15,113,0.5019544151022447,
generic-event,事件附近变化,115.758,0x34A,1,7,,,10,10,15,113,0.5019544151022447,
generic-event,事件附近变化,115.758,0x34A,2,0,,,10,10,15,113,0.5019544151022447,
generic-event,事件附近变化,115.758,0x34A,3,5,,,10,10,15,113,0.5019544151022447,
generic-event,事件附近变化,115.746,0x261,1,0,,,10,10,307,2375,0.6645827016142772,
generic-event,事件附近变化,115.746,0x261,1,2,,,10,10,307,2375,0.6645827016142772,
generic-event,事件附近变化,115.746,0x261,1,7,,,10,10,307,2375,0.6645827016142772,
generic-event,事件附近变化,115.746,0x2E1,5,3,,,10,10,361,2675,0.7228882094993716,
generic-event,事件附近变化,115.733,0x261,2,4,,,10,10,414,2938,0.4934049038774159,
generic-event,事件附近变化,115.727,0x243,1,4,,,10,10,300,2275,0.20559299218284507,
generic-event,事件附近变化,115.727,0x243,1,5,,,10,10,300,2275,0.20559299218284507,
generic-event,事件附近变化,115.727,0x243,2,1,,,10,10,300,2275,0.20559299218284507,
generic-event,事件附近变化,115.727,0x243,4,1,,,10,10,300,2275,0.20559299218284507,
generic-event,事件附近变化,115.727,0x243,6,2,,,10,10,300,2275,0.6068148901806527,
generic-event,事件附近变化,115.727,0x243,6,4,,,10,10,300,2275,0.6068148901806527,
generic-event,事件附近变化,115.727,0x243,7,4,,,10,10,300,2275,0.6068148901806527,
generic-event,事件附近变化,115.726,0x261,6,0,,,10,10,311,2371,0.6690369234999141,
generic-event,事件附近变化,115.712,0x7AA,2,3,,,10,10,82,582,0.6190812891210855,
generic-event,事件附近变化,115.694,0x2E1,0,7,,,10,10,309,2373,0.6670759499763758,
generic-event,事件附近变化,115.694,0x2E1,1,4,,,10,10,309,2373,0.6670759499763758,
generic-event,事件附近变化,115.694,0x2E1,4,7,,,10,10,309,2373,0.6670759499763758,
generic-event,事件附近变化,115.694,0x2E1,6,0,,,10,10,309,2373,0.6670759499763758,
generic-event,事件附近变化,115.692,0x2F1,6,1,,,10,10,42,340,0.8491420320942394,
generic-event,事件附近变化,115.689,0x261,2,6,,,10,10,363,2685,0.4911958525986448,
generic-event,事件附近变化,115.688,0x243,4,0,,,10,10,404,3014,0.6756224480229187,
generic-event,事件附近变化,115.661,0x23E,7,4,,,10,10,373,2775,0.16961653829495105,
generic-event,事件附近变化,115.660,0x261,0,5,,,10,10,346,2850,0.4428136067971944,
generic-event,事件附近变化,115.640,0x2C4,3,3,,,10,10,45,327,0.9200342809189275,
generic-event,事件附近变化,115.640,0x2C4,4,5,,,10,10,40,327,1.0507546916890784,
generic-event,事件附近变化,115.633,0x75D,2,7,,,10,10,23,160,0.42827913526038053,
generic-event,事件附近变化,115.626,0x75D,2,4,,,10,10,23,161,0.7172759406184196,
generic-event,事件附近变化,115.626,0x75D,2,6,,,10,10,23,161,0.7172759406184196,
generic-event,事件附近变化,115.623,0x3AE,6,4,,,10,10,398,3005,0.1564365520831978,
generic-event,事件附近变化,115.623,0x3AE,7,4,,,10,10,398,3005,0.1564365520831978,
generic-event,事件附近变化,115.600,0x3B2,3,4,,,10,10,23,149,0.8105979527992514,
generic-event,事件附近变化,115.594,0x2C4,0,6,,,10,10,42,332,0.9463630210437746,
generic-event,事件附近变化,115.588,0x359,5,0,,,10,10,36,260,0.9595695442586716,
generic-event,事件附近变化,115.565,0x359,7,4,,,10,10,35,263,0.7977860126716722,
generic-event,事件附近变化,115.562,0x381,0,0,,,10,10,401,3042,0.1861548751081993,
generic-event,事件附近变化,115.559,0x289,3,7,,,10,10,96,726,0.6180665722146289,
generic-event,事件附近变化,115.534,0x372,6,2,,,10,10,120,1049,0.8272091650427985,
generic-event,事件附近变化,115.513,0x359,6,3,,,10,10,49,347,1.0734486593156654,
generic-event,事件附近变化,115.513,0x372,7,5,,,10,10,40,217,0.8812824520714534,
generic-event,事件附近变化,115.493,0x2C4,6,3,,,10,10,40,234,0.8677619962347372,
generic-event,事件附近变化,115.491,0x243,2,4,,,10,10,394,3027,0.6737156984802567,
generic-event,事件附近变化,115.482,0x7FF,4,2,,,10,10,34,252,0.7804116455368595,
generic-event,事件附近变化,115.482,0x7FF,5,0,,,10,10,34,252,0.7804116455368595,
generic-event,事件附近变化,115.482,0x7FF,5,4,,,10,10,34,252,0.7804116455368595,
generic-event,事件附近变化,115.482,0x7FF,7,4,,,10,10,34,252,0.7804116455368595,
generic-event,事件附近变化,115.480,0x3B2,0,2,,,10,10,12,91,0.18710360966578982,
generic-event,事件附近变化,115.474,0x379,3,7,,,10,10,26,200,0.9827391451661254,
generic-event,事件附近变化,115.470,0x243,2,2,,,10,10,300,2276,0.5988216329627042,
generic-event,事件附近变化,115.439,0x2C1,0,6,,,10,10,300,2275,0.6039004328596047,
generic-event,事件附近变化,115.439,0x2C1,2,6,,,10,10,300,2275,0.6039004328596047,
generic-event,事件附近变化,115.439,0x2C1,5,1,,,10,10,300,2275,0.6039004328596047,
generic-event,事件附近变化,115.439,0x2C1,5,3,,,10,10,300,2275,0.6039004328596047,
generic-event,事件附近变化,115.439,0x2C1,7,2,,,10,10,300,2275,0.6039004328596047,
generic-event,事件附近变化,115.439,0x261,2,5,,,10,10,391,3009,0.5099289163859106,
generic-event,事件附近变化,115.430,0x261,0,4,,,10,10,409,3081,0.7566410244335964,
generic-event,事件附近变化,115.424,0x261,2,1,,,10,10,451,3198,0.8729970547985216,
generic-event,事件附近变化,115.409,0x2E1,5,2,,,10,10,411,3047,0.4067246343569206,
generic-event,事件附近变化,115.379,0x4E2,1,7,,,10,10,38,284,0.7520989670503097,
generic-event,事件附近变化,115.378,0x75D,0,6,,,10,10,34,250,0.8462202888154543,
generic-event,事件附近变化,115.355,0x2E2,2,5,,,10,10,23,161,0.7170411287060194,
generic-event,事件附近变化,115.355,0x2E2,6,3,,,10,10,23,161,0.7170411287060194,
generic-event,事件附近变化,115.355,0x2E2,6,5,,,10,10,23,161,0.7170411287060194,
generic-event,事件附近变化,115.355,0x2E2,7,3,,,10,10,23,161,0.7170411287060194,
generic-event,事件附近变化,115.334,0x263,2,5,,,10,10,300,2275,0.606577959584945,
generic-event,事件附近变化,115.334,0x263,3,3,,,10,10,300,2275,0.606577959584945,
generic-event,事件附近变化,115.334,0x263,4,4,,,10,10,300,2275,0.606577959584945,
generic-event,事件附近变化,115.334,0x263,4,6,,,10,10,300,2275,0.606577959584945,
generic-event,事件附近变化,115.334,0x263,6,0,,,10,10,300,2275,0.606577959584945,
generic-event,事件附近变化,115.321,0x75D,1,7,,,10,10,27,177,0.8995387959230304,
generic-event,事件附近变化,115.264,0x75D,3,4,,,10,10,31,237,0.8461119414387679,
generic-event,事件附近变化,115.222,0x4E3,0,5,,,10,10,36,286,0.7504735196670169,
generic-event,事件附近变化,115.222,0x4E3,7,4,,,10,10,36,286,0.7504735196670169,
generic-event,事件附近变化,115.222,0x379,1,6,,,10,10,37,287,0.9469462468823713,
generic-event,事件附近变化,115.220,0x2B3,0,4,,,10,10,26,226,0.8854877051483331,
generic-event,事件附近变化,115.197,0x261,7,3,,,10,10,473,3352,1.0197024254600962,
generic-event,事件附近变化,115.185,0x7AA,0,6,,,10,10,80,694,0.8684717774723205,
generic-event,事件附近变化,115.185,0x7AA,0,7,,,10,10,80,694,0.8652536879671933,
generic-event,事件附近变化,115.185,0x7AA,2,7,,,10,10,80,694,0.6789842869047391,
generic-event,事件附近变化,115.185,0x243,5,4,,,10,10,510,3505,0.6490614310131702,
generic-event,事件附近变化,115.160,0x379,1,7,,,10,10,37,293,0.9479383568619263,
generic-event,事件附近变化,115.141,0x75D,3,2,,,10,10,29,247,0.8480181577416,
generic-event,事件附近变化,115.137,0x243,5,1,,,10,10,480,3445,0.4490308370683211,
generic-event,事件附近变化,115.099,0x2E2,0,4,,,10,10,22,162,0.5177168654486503,
generic-event,事件附近变化,115.094,0x7A8,2,1,,,10,10,48,406,1.274297153679625,
generic-event,事件附近变化,115.091,0x243,5,0,,,10,10,494,3531,0.6465503979875471,
generic-event,事件附近变化,115.083,0x332,3,0,,,10,10,20,99,0.18024476473785384,
generic-event,事件附近变化,115.083,0x332,3,1,,,10,10,20,99,0.18024476473785384,
generic-event,事件附近变化,115.072,0x2E2,6,0,,,10,10,23,177,0.7486644285386734,
generic-event,事件附近变化,115.072,0x261,3,1,,,10,10,520,3536,0.4999955170546022,
generic-event,事件附近变化,115.071,0x4E2,0,5,,,10,10,37,285,0.7515712344956472,
generic-event,事件附近变化,115.071,0x4E2,7,4,,,10,10,37,285,0.7515712344956472,
generic-event,事件附近变化,115.069,0x381,7,2,,,10,10,123,936,1.324055921582954,
generic-event,事件附近变化,115.068,0x75D,7,1,,,10,10,22,162,0.6995454765523725,
generic-event,事件附近变化,115.068,0x75D,7,5,,,10,10,22,162,0.7173225689154619,
generic-event,事件附近变化,115.068,0x75D,7,7,,,10,10,22,162,0.7173225689154619,
generic-event,事件附近变化,115.062,0x261,2,7,,,10,10,526,3548,0.4998059418132315,
generic-event,事件附近变化,115.051,0x2F1,2,3,,,10,10,32,238,0.8750449398273294,
generic-event,事件附近变化,115.027,0x2C2,0,2,EXP_leftWindowExecutionPosition,,10,10,118,850,3.79057501147192,
generic-event,事件附近变化,114.983,0x2F1,1,7,,,10,10,46,369,0.9462601656759746,
generic-event,事件附近变化,114.932,0x359,6,2,,,10,10,61,433,0.8118075821518748,
generic-event,事件附近变化,114.929,0x545,3,6,EXP_windowMotionFeedback_LEFT,,10,10,94,834,1.496440080465294,
generic-event,事件附近变化,114.928,0x2C4,6,1,,,10,10,42,326,1.0116899079982309,
generic-event,事件附近变化,114.900,0x2F1,6,0,,,10,10,73,581,0.8130243132529212,
generic-event,事件附近变化,114.880,0x332,4,2,,,10,10,20,106,0.175392523973808,
generic-event,事件附近变化,114.880,0x332,4,5,,,10,10,20,106,0.175392523973808,
generic-event,事件附近变化,114.880,0x332,5,5,,,10,10,20,106,0.17536601329132254,
generic-event,事件附近变化,114.880,0x332,5,6,,,10,10,20,106,0.17536601329132254,
generic-event,事件附近变化,114.868,0x352,0,0,,,10,10,10,118,0.40143559280598257,
generic-event,事件附近变化,114.868,0x352,2,1,,,10,10,10,118,0.40143559280598257,
generic-event,事件附近变化,114.868,0x352,6,1,,,10,10,10,118,0.40143559280598257,
generic-event,事件附近变化,114.868,0x352,6,7,,,10,10,10,118,0.40143559280598257,
generic-event,事件附近变化,114.867,0x359,6,6,,,10,10,35,261,0.9409686870765822,
generic-event,事件附近变化,114.853,0x381,4,2,,,10,10,94,698,1.446584799016993,
generic-event,事件附近变化,114.852,0x340,1,2,,,10,10,23,191,0.8367981734067284,
generic-event,事件附近变化,114.819,0x2E3,6,6,,,10,10,25,189,0.6686990415954952,
generic-event,事件附近变化,114.817,0x261,7,4,,,10,10,383,3125,1.1130040136940431,
generic-event,事件附近变化,114.796,0x261,2,0,,,10,10,461,3898,0.5861831282659666,
generic-event,事件附近变化,114.763,0x261,7,1,,,10,10,485,3775,0.5972203398297483,
generic-event,事件附近变化,114.759,0x2E1,3,5,,,10,10,503,3955,0.73978761588619,
generic-event,事件附近变化,114.753,0x261,4,1,,,10,10,573,4079,0.7174771996490027,
generic-event,事件附近变化,114.747,0x243,5,5,,,10,10,600,4125,0.5163989091951415,
generic-event,事件附近变化,114.734,0x379,2,7,,,10,10,38,292,0.9692628330320637,
generic-event,事件附近变化,114.708,0x3A1,7,1,,,10,10,136,1134,1.1213623643449517,
generic-event,事件附近变化,114.700,0x379,3,4,,,10,10,25,200,1.0816356595732213,
generic-event,事件附近变化,114.696,0x401,0,0,,,10,10,500,4131,1.6630866916874936,
generic-event,事件附近变化,114.688,0x261,7,7,,,10,10,537,4062,0.5851514261387828,
generic-event,事件附近变化,114.665,0x77A,1,2,,,10,10,30,204,0.48592539921535205,
generic-event,事件附近变化,114.665,0x77A,2,1,,,10,10,30,204,0.48592539921535205,
generic-event,事件附近变化,114.646,0x3A8,1,1,,,10,10,30,228,0.20006042066220744,
generic-event,事件附近变化,114.636,0x77A,1,3,,,10,10,30,206,0.4743951838344862,
generic-event,事件附近变化,114.616,0x393,3,3,,,10,10,44,404,1.843812525195265,
generic-event,事件附近变化,114.613,0x3B2,7,1,,,10,10,27,155,1.0176229107991122,
generic-event,事件附近变化,114.610,0x229,0,7,,,10,10,40,281,0.8838675753717443,
generic-event,事件附近变化,114.598,0x263,0,0,,,10,10,601,4547,0.3540929118696412,
generic-event,事件附近变化,114.597,0x263,7,0,,,10,10,601,4548,0.35845087149105337,
generic-event,事件附近变化,114.597,0x263,7,1,,,10,10,601,4548,0.35845087149105337,
generic-event,事件附近变化,114.597,0x263,7,2,,,10,10,601,4548,0.35845087149105337,
generic-event,事件附近变化,114.597,0x263,7,3,,,10,10,601,4548,0.35845087149105337,
generic-event,事件附近变化,114.597,0x263,7,4,,,10,10,601,4548,0.35845087149105337,
generic-event,事件附近变化,114.575,0x2C4,4,0,,,10,10,51,440,0.8223734561987776,
generic-event,事件附近变化,114.561,0x75D,6,6,,,10,10,20,112,1.152590299627453,
generic-event,事件附近变化,114.541,0x261,7,0,,,10,10,459,3940,0.5719893573590835,
generic-event,事件附近变化,114.518,0x261,2,3,,,10,10,546,4249,0.5344650752172637,
generic-event,事件附近变化,114.518,0x3A8,1,0,,,10,10,20,238,0.6016952975917049,
generic-event,事件附近变化,114.518,0x3A8,1,2,,,10,10,20,238,0.6016952975917049,
generic-event,事件附近变化,114.518,0x3A8,1,3,,,10,10,20,238,0.6016952975917049,
generic-event,事件附近变化,114.518,0x3A8,1,4,,,10,10,20,238,0.6016952975917049,
generic-event,事件附近变化,114.502,0x2C1,0,0,,,10,10,600,4549,0.33967383759212705,
generic-event,事件附近变化,114.502,0x2C1,1,1,,,10,10,600,4549,0.33967383759212705,
generic-event,事件附近变化,114.502,0x2C1,2,0,,,10,10,600,4549,0.33967383759212705,
generic-event,事件附近变化,114.502,0x2C1,2,2,,,10,10,600,4549,0.3474668945758378,
generic-event,事件附近变化,114.502,0x2C1,5,7,,,10,10,600,4549,0.3474668945758378,
generic-event,事件附近变化,114.502,0x2C1,6,1,,,10,10,600,4549,0.3474668945758378,
generic-event,事件附近变化,114.502,0x2C1,7,0,,,10,10,600,4549,0.3474668945758378,
generic-event,事件附近变化,114.501,0x2C1,0,3,,,10,10,600,4550,0.35059797902242407,
generic-event,事件附近变化,114.501,0x2C1,3,2,,,10,10,600,4550,0.3451390334706156,
generic-event,事件附近变化,114.501,0x2C1,5,4,,,10,10,600,4550,0.3451390334706156,
generic-event,事件附近变化,114.454,0x243,0,0,,,10,10,600,4549,0.35000295741511295,
generic-event,事件附近变化,114.454,0x243,2,7,,,10,10,600,4549,0.35000295741511295,
generic-event,事件附近变化,114.454,0x243,3,1,,,10,10,600,4549,0.3403720845327746,
generic-event,事件附近变化,114.454,0x243,3,4,,,10,10,600,4549,0.3403720845327746,
generic-event,事件附近变化,114.453,0x243,6,3,,,10,10,600,4550,0.35119485205265627,
generic-event,事件附近变化,114.450,0x261,3,3,,,10,10,528,4256,0.6075473047771124,
generic-event,事件附近变化,114.440,0x2E1,5,1,,,10,10,619,4606,0.42765417794242194,
generic-event,事件附近变化,114.435,0x381,5,4,,,10,10,91,704,1.4616367551435665,
generic-event,事件附近变化,114.434,0x3A2,3,0,,,10,10,86,660,2.665516879394254,
generic-event,事件附近变化,114.419,0x132,2,3,,,10,10,496,4236,3.244017219971399,
generic-event,事件附近变化,114.418,0x2E1,5,5,,,10,10,607,4645,0.3680554250219892,
generic-event,事件附近变化,114.418,0x359,2,6,,,10,10,34,262,1.1219654425672856,
generic-event,事件附近变化,114.418,0x359,3,0,,,10,10,34,262,1.1219654425672856,
generic-event,事件附近变化,114.412,0x2E1,1,7,,,10,10,630,4735,0.577676716847217,
generic-event,事件附近变化,114.405,0x2E1,6,5,,,10,10,626,4739,0.5775754497627539,
generic-event,事件附近变化,114.395,0x359,2,4,,,10,10,32,264,1.129846241458842,
generic-event,事件附近变化,114.390,0x243,2,5,,,10,10,600,4550,0.34417950470058944,
generic-event,事件附近变化,114.381,0x261,4,7,,,10,10,626,4738,0.3324881592640425,
generic-event,事件附近变化,114.379,0x2E1,0,4,,,10,10,626,4739,0.334776731845637,
generic-event,事件附近变化,114.379,0x2E1,1,0,,,10,10,626,4739,0.334776731845637,
generic-event,事件附近变化,114.372,0x31E,0,1,,,10,10,40,216,0.598578831632566,
generic-event,事件附近变化,114.358,0x261,5,2,,,10,10,629,4735,0.578275808486401,
generic-event,事件附近变化,114.357,0x2E1,4,3,,,10,10,629,4736,0.33700879228242653,
generic-event,事件附近变化,114.353,0x441,7,7,,,10,10,108,858,1.3988486707008112,
generic-event,事件附近变化,114.350,0x7AA,7,1,,,10,10,60,455,0.7317611891016562,
generic-event,事件附近变化,114.344,0x129,4,1,,,10,10,415,3405,1.1891161632856766,
generic-event,事件附近变化,114.344,0x129,4,2,,,10,10,415,3405,1.1891161632856766,
generic-event,事件附近变化,114.344,0x129,4,3,,,10,10,415,3405,1.1891161632856766,
generic-event,事件附近变化,114.344,0x129,4,4,,,10,10,415,3405,1.1891161632856766,
generic-event,事件附近变化,114.344,0x129,4,5,,,10,10,415,3405,1.1891161632856766,
generic-event,事件附近变化,114.344,0x129,4,6,,,10,10,415,3405,1.1891161632856766,
generic-event,事件附近变化,114.344,0x129,4,7,,,10,10,415,3405,1.1891161632856766,
generic-event,事件附近变化,114.344,0x129,5,0,,,10,10,415,3405,1.1891161632856766,
generic-event,事件附近变化,114.344,0x129,5,1,,,10,10,415,3405,1.1891161632856766,
generic-event,事件附近变化,114.344,0x129,5,2,,,10,10,415,3405,1.1891161632856766,
generic-event,事件附近变化,114.344,0x129,5,3,,,10,10,415,3405,1.1891161632856766,
generic-event,事件附近变化,114.344,0x129,5,4,,,10,10,415,3405,1.1891161632856766,
generic-event,事件附近变化,114.344,0x129,5,5,,,10,10,415,3405,1.1891161632856766,
generic-event,事件附近变化,114.336,0x75D,3,0,,,10,10,30,248,0.8467524113316424,
generic-event,事件附近变化,114.335,0x2E1,3,7,,,10,10,627,4737,0.3379539898021301,
generic-event,事件附近变化,114.330,0x261,1,4,,,10,10,622,4742,0.5779216101161975,
generic-event,事件附近变化,114.330,0x132,2,2,,,10,10,515,4363,1.9200301197601866,
generic-event,事件附近变化,114.318,0x2E2,4,2,,,10,10,21,72,1.4562034288659187,
generic-event,事件附近变化,114.304,0x132,2,1,,,10,10,579,4401,1.4348610640809503,
generic-event,事件附近变化,114.280,0x2E1,4,1,,,10,10,625,4740,0.33253550908571344,
generic-event,事件附近变化,114.277,0x261,1,5,,,10,10,624,4740,0.33687320186585457,
generic-event,事件附近变化,114.274,0x2E1,0,3,,,10,10,626,4738,0.5784384014226097,
generic-event,事件附近变化,114.274,0x2E1,0,5,,,10,10,626,4738,0.5784384014226097,
generic-event,事件附近变化,114.274,0x2E1,3,0,,,10,10,626,4738,0.5784384014226097,
generic-event,事件附近变化,114.274,0x2E1,3,3,,,10,10,626,4738,0.5784384014226097,
generic-event,事件附近变化,114.258,0x2E1,0,6,,,10,10,622,4743,0.5776557869706052,
generic-event,事件附近变化,114.258,0x2E1,6,3,,,10,10,622,4743,0.5776557869706052,
generic-event,事件附近变化,114.213,0x3FD,0,0,,,10,10,60,456,0.8001708908423938,
generic-event,事件附近变化,114.213,0x3FD,2,1,,,10,10,60,456,0.8001708908423938,
generic-event,事件附近变化,114.213,0x3FD,5,3,,,10,10,60,456,0.8001708908423938,
generic-event,事件附近变化,114.213,0x3FD,6,1,,,10,10,60,456,0.8001708908423938,
generic-event,事件附近变化,114.213,0x3FD,6,4,,,10,10,60,456,0.8001708908423938,
generic-event,事件附近变化,114.205,0x243,4,6,,,10,10,600,4550,0.3510981178516531,
generic-event,事件附近变化,114.205,0x243,6,5,,,10,10,600,4550,0.3510981178516531,
generic-event,事件附近变化,114.205,0x243,7,2,,,10,10,600,4550,0.3510981178516531,
generic-event,事件附近变化,114.205,0x243,7,6,,,10,10,600,4550,0.3510981178516531,
generic-event,事件附近变化,114.171,0x2C1,3,1,,,10,10,600,4550,0.3510905593420096,
generic-event,事件附近变化,114.171,0x2C1,3,3,,,10,10,600,4550,0.3510905593420096,
generic-event,事件附近变化,114.163,0x381,5,1,,,10,10,122,936,1.5323952017921363,
generic-event,事件附近变化,114.155,0x381,7,7,,,10,10,65,467,1.3948735427107413,
generic-event,事件附近变化,114.151,0x2E1,4,4,,,10,10,622,4742,0.5782952116706006,
generic-event,事件附近变化,114.151,0x2E1,4,6,,,10,10,622,4742,0.5782952116706006,
generic-event,事件附近变化,114.150,0x132,2,0,,,10,10,611,4633,0.9213960487279491,
generic-event,事件附近变化,114.149,0x359,6,4,,,10,10,36,260,1.113965146104672,
generic-event,事件附近变化,114.127,0x3B2,6,1,,,10,10,22,164,0.8463802277515005,
generic-event,事件附近变化,114.118,0x261,2,2,,,10,10,671,5137,0.5400851743675711,
generic-event,事件附近变化,114.118,0x234,7,3,,,10,10,184,1378,1.3675084092427907,
generic-event,事件附近变化,114.108,0x132,0,4,,,10,10,709,5016,0.8863799001693153,
generic-event,事件附近变化,114.103,0x2F1,0,5,,,10,10,50,354,1.1310320954913353,
generic-event,事件附近变化,114.098,0x359,7,0,,,10,10,48,346,1.2859941253515572,
generic-event,事件附近变化,114.070,0x75D,6,3,,,10,10,23,160,0.7145576641112615,
generic-event,事件附近变化,114.070,0x75D,7,2,,,10,10,23,160,0.7145576641112615,
generic-event,事件附近变化,114.068,0x261,7,2,,,10,10,689,5113,0.5377240691381433,
generic-event,事件附近变化,114.029,0x129,4,0,,,10,10,649,5280,0.8258360584953515,
generic-event,事件附近变化,114.021,0x2E2,1,1,,,10,10,25,158,0.6512133411017109,
generic-event,事件附近变化,114.016,0x360,6,2,,,10,10,27,203,0.8266161864771888,
generic-event,事件附近变化,113.991,0x2F1,5,6,,,10,10,34,280,1.068273866259568,
generic-event,事件附近变化,113.987,0x132,4,0,,,10,10,713,5166,0.8611972418795785,
generic-event,事件附近变化,113.967,0x261,7,6,,,10,10,649,5068,0.5208286660490553,
generic-event,事件附近变化,113.964,0x132,4,3,,,10,10,639,5070,1.0784392985417217,
generic-event,事件附近变化,113.961,0x132,0,1,,,10,10,770,5591,0.7156392912856031,
generic-event,事件附近变化,113.943,0x132,4,1,,,10,10,683,5408,0.8176061112394414,
generic-event,事件附近变化,113.937,0x132,4,2,,,10,10,706,5223,0.8299178986524651,
generic-event,事件附近变化,113.909,0x379,2,4,,,10,10,27,263,0.8904883908258322,
generic-event,事件附近变化,113.898,0x129,0,3,,,10,10,681,5471,0.6944170129198972,
generic-event,事件附近变化,113.884,0x75D,0,4,,,10,10,36,238,0.8476815654516368,
generic-event,事件附近变化,113.877,0x379,3,0,,,10,10,28,244,0.926805810121483,
generic-event,事件附近变化,113.824,0x129,0,7,,,10,10,756,5723,0.6213165667584193,
generic-event,事件附近变化,113.814,0x7AA,5,5,,,10,10,40,218,0.841488327288382,
generic-event,事件附近变化,113.814,0x7AA,5,6,,,10,10,40,218,0.6803960394408446,
generic-event,事件附近变化,113.814,0x7AA,5,7,,,10,10,40,218,0.6803960394408446,
generic-event,事件附近变化,113.814,0x7AA,7,6,,,10,10,40,218,0.841488327288382,
generic-event,事件附近变化,113.813,0x379,2,6,,,10,10,34,266,0.9225673547130724,
generic-event,事件附近变化,113.802,0x2E3,5,2,,,10,10,30,215,0.7229663269517917,
generic-event,事件附近变化,113.800,0x129,0,5,,,10,10,723,5502,0.7712176663061837,
generic-event,事件附近变化,113.796,0x2C4,3,2,,,10,10,38,322,0.9351261531697291,
generic-event,事件附近变化,113.793,0x709,1,6,,,10,10,24,125,0.7849318854371685,
generic-event,事件附近变化,113.791,0x132,0,2,,,10,10,726,5668,0.7066110208856516,
generic-event,事件附近变化,113.791,0x132,0,3,,,10,10,751,5682,0.708715497706392,
generic-event,事件附近变化,113.779,0x2E2,0,3,,,10,10,23,160,0.7142302328499744,
generic-event,事件附近变化,113.779,0x2E2,1,2,,,10,10,23,160,0.7142302328499744,
generic-event,事件附近变化,113.779,0x2E2,1,3,,,10,10,23,160,0.7142302328499744,
generic-event,事件附近变化,113.779,0x2E2,3,3,,,10,10,23,160,0.6990012827093863,
generic-event,事件附近变化,113.779,0x2E2,3,4,,,10,10,23,160,0.6990012827093863,
generic-event,事件附近变化,113.747,0x129,0,0,,,10,10,817,5860,0.6986044653904021,
generic-event,事件附近变化,113.731,0x75D,7,0,,,10,10,22,148,0.8473210498440508,
generic-event,事件附近变化,113.670,0x379,7,3,,,10,10,26,188,0.8367220568511926,
generic-event,事件附近变化,113.643,0x132,0,0,,,10,10,767,5646,0.6978734026092902,
generic-event,事件附近变化,113.643,0x3F2,3,5,,,10,10,17,89,0.3333135464638283,
generic-event,事件附近变化,113.617,0x132,0,5,,,10,10,415,3156,2.2205790092225945,
generic-event,事件附近变化,113.613,0x75D,5,4,,,10,10,22,154,0.7828708302900356,
generic-event,事件附近变化,113.595,0x343,2,2,,,10,10,58,432,1.0188676356767892,
generic-event,事件附近变化,113.570,0x129,0,2,,,10,10,835,6266,0.6710121552865438,
generic-event,事件附近变化,113.515,0x7AA,2,0,,,10,10,96,648,0.8173070221354986,
generic-event,事件附近变化,113.504,0x788,2,3,,,10,10,37,269,1.862134254446268,
generic-event,事件附近变化,113.462,0x75D,2,3,,,10,10,22,162,0.716973528845054,
generic-event,事件附近变化,113.462,0x75D,5,6,,,10,10,22,162,0.716973528845054,
generic-event,事件附近变化,113.462,0x75D,5,7,,,10,10,22,162,0.716973528845054,
generic-event,事件附近变化,113.462,0x75D,6,2,,,10,10,22,162,0.716973528845054,
generic-event,事件附近变化,113.462,0x75D,6,4,,,10,10,22,162,0.716973528845054,
generic-event,事件附近变化,113.462,0x75D,7,6,,,10,10,22,162,0.716973528845054,
generic-event,事件附近变化,113.416,0x788,2,2,,,10,10,37,277,1.5415292297479657,
generic-event,事件附近变化,113.406,0x401,6,5,,,10,10,50,340,0.7435187975705028,
generic-event,事件附近变化,113.399,0x798,2,0,,,10,10,38,278,1.1622570627987712,
generic-event,事件附近变化,113.390,0x545,5,1,EXP_windowMotionFeedback_LEFT,,10,10,69,567,1.507843106954324,
generic-event,事件附近变化,113.373,0x129,0,6,,,10,10,858,6263,0.6503187850575278,
generic-event,事件附近变化,113.371,0x234,0,0,,,10,10,151,1176,0.9910650387938618,
generic-event,事件附近变化,113.365,0x372,3,7,,,10,10,70,445,0.8409398631374354,
generic-event,事件附近变化,113.365,0x372,4,1,,,10,10,70,445,0.9848932213566595,
generic-event,事件附近变化,113.363,0x737,0,0,,,10,10,10,92,0.34589721640306254,
generic-event,事件附近变化,113.324,0x2F1,4,5,,,10,10,28,208,0.8258053693414328,
generic-event,事件附近变化,113.299,0x372,5,4,,,10,10,60,455,0.6012862851629648,
generic-event,事件附近变化,113.295,0x2E2,5,7,,,10,10,24,143,1.0642512012625125,
generic-event,事件附近变化,113.258,0x340,1,6,,,10,10,23,191,0.8363492921059886,
generic-event,事件附近变化,113.255,0x70B,1,0,,,9,10,11,39,0.5982558587724476,
generic-event,事件附近变化,113.255,0x70B,1,3,,,9,10,11,39,0.5982558587724476,
generic-event,事件附近变化,113.226,0x129,0,1,,,10,10,940,7108,0.4982768509930614,
generic-event,事件附近变化,113.100,0x320,0,2,,,10,10,40,218,0.6017256620742876,
generic-event,事件附近变化,113.098,0x2E3,4,4,,,10,10,43,290,0.8159509013451458,
generic-event,事件附近变化,113.090,0x7AA,7,2,,,10,10,80,693,0.79428307998847,
generic-event,事件附近变化,113.013,0x401,0,5,,,10,10,30,228,0.27878608202738525,
generic-event,事件附近变化,113.013,0x401,1,3,,,10,10,30,228,0.3988900132003885,
generic-event,事件附近变化,113.013,0x401,1,5,,,10,10,30,228,0.3988900132003885,
generic-event,事件附近变化,113.013,0x401,4,5,,,10,10,30,228,0.3988900132003885,
generic-event,事件附近变化,113.013,0x401,4,7,,,10,10,30,228,0.3988900132003885,
generic-event,事件附近变化,113.013,0x401,5,7,,,10,10,30,228,0.3988900132003885,
generic-event,事件附近变化,113.013,0x401,6,7,,,10,10,30,228,0.3988900132003885,
generic-event,事件附近变化,113.013,0x401,7,7,,,10,10,30,228,0.3988900132003885,
generic-event,事件附近变化,112.979,0x2E2,1,4,,,10,10,24,159,0.7142911869570211,
generic-event,事件附近变化,112.979,0x2E2,2,6,,,10,10,24,159,0.7142911869570211,
generic-event,事件附近变化,112.979,0x2E2,4,5,,,10,10,24,159,0.7142911869570211,
generic-event,事件附近变化,112.979,0x2E2,5,2,,,10,10,24,159,0.7142911869570211,
generic-event,事件附近变化,112.979,0x2E2,6,1,,,10,10,24,159,0.7142911869570211,
generic-event,事件附近变化,112.979,0x2E2,6,4,,,10,10,24,159,0.7142911869570211,
generic-event,事件附近变化,112.979,0x2E2,7,4,,,10,10,24,159,0.7142911869570211,
generic-event,事件附近变化,112.889,0x379,5,6,,,10,10,24,144,1.2226247231552099,
generic-event,事件附近变化,112.808,0x129,0,4,,,10,10,1125,8531,0.35321763329832295,
generic-event,事件附近变化,112.768,0x3B2,6,6,,,10,10,19,152,0.8856284562195471,
generic-event,事件附近变化,112.658,0x2C4,3,5,,,10,10,27,241,0.8900193157087665,
generic-event,事件附近变化,112.616,0x379,3,2,,,10,10,31,287,0.8937507097914766,
generic-event,事件附近变化,112.593,0x7AA,4,7,,,10,10,52,328,0.8683203007098854,
generic-event,事件附近变化,112.518,0x359,5,4,,,10,10,50,346,1.314251504812218,
generic-event,事件附近变化,112.500,0x3F2,1,3,,,10,10,14,72,0.3370917824267248,
generic-event,事件附近变化,112.494,0x545,3,5,EXP_windowMotionFeedback_LEFT,,10,10,93,775,1.450444953819699,
generic-event,事件附近变化,112.470,0x2C4,2,4,,,10,10,37,291,1.194116891012826,
generic-event,事件附近变化,112.450,0x2C4,2,1,,,10,10,34,264,1.2053914830478467,
generic-event,事件附近变化,112.355,0x726,0,0,,,10,10,19,100,0.24661296409799582,
generic-event,事件附近变化,112.257,0x340,1,0,,,10,10,26,188,0.8364821102558783,
generic-event,事件附近变化,112.047,0x379,4,2,,,10,10,25,191,0.8366751658734641,
generic-event,事件附近变化,112.047,0x379,4,3,,,10,10,25,191,0.8366751658734641,
generic-event,事件附近变化,112.047,0x379,7,2,,,10,10,25,191,0.8366751658734641,
generic-event,事件附近变化,111.966,0x2C4,0,5,,,10,10,51,413,1.1984752177856477,
generic-event,事件附近变化,111.927,0x234,7,4,,,10,10,168,1328,1.842092567929303,
generic-event,事件附近变化,111.892,0x70B,1,2,,,9,10,14,62,0.6675074683054395,
generic-event,事件附近变化,111.860,0x3F2,1,7,,,10,10,18,89,0.33266358096048965,
generic-event,事件附近变化,111.834,0x289,4,5,,,10,10,46,418,1.0148200409451513,
generic-event,事件附近变化,111.798,0x3BD,0,0,,,10,10,17,85,0.34597546056651257,
generic-event,事件附近变化,111.746,0x2C4,4,3,,,10,10,39,330,1.0002088527303192,
generic-event,事件附近变化,111.741,0x7AA,5,4,,,10,10,64,436,0.8567693522815207,
generic-event,事件附近变化,111.607,0x7AA,2,4,,,10,10,60,456,0.7795540401030157,
generic-event,事件附近变化,111.607,0x7AA,2,5,,,10,10,60,456,0.7620449205470841,
generic-event,事件附近变化,111.607,0x7AA,2,6,,,10,10,60,456,0.7783965523670989,
generic-event,事件附近变化,111.607,0x7E8,2,3,,,9,10,9,101,0.31871415903340133,
generic-event,事件附近变化,111.603,0x7E8,4,2,,,9,10,9,101,0.3186993145572323,
generic-event,事件附近变化,111.603,0x7E8,4,5,,,9,10,9,101,0.3186993145572323,
generic-event,事件附近变化,111.587,0x7E8,1,2,,,9,10,9,101,0.31866961780524,
generic-event,事件附近变化,111.567,0x75D,5,2,,,10,10,20,116,1.0529569023444143,
generic-event,事件附近变化,111.541,0x2E3,2,4,,,10,10,20,164,0.8467878190424221,
generic-event,事件附近变化,111.419,0x52F,6,6,,,10,10,10,114,0.17194203906943115,
generic-event,事件附近变化,111.404,0x25D,6,2,,,10,10,39,362,1.3081464501479598,
generic-event,事件附近变化,111.404,0x25D,6,3,,,10,10,39,362,1.3079569404294817,
generic-event,事件附近变化,111.321,0x2F1,3,4,,,10,10,36,232,1.2543782517515747,
generic-event,事件附近变化,111.312,0x3B2,6,7,,,10,10,24,165,0.9459995703817491,
generic-event,事件附近变化,111.185,0x2F1,2,2,,,10,10,43,345,1.3182111374482648,
generic-event,事件附近变化,111.176,0x25D,6,1,,,10,10,39,342,1.455877735563583,
generic-event,事件附近变化,111.113,0x2C4,5,3,,,10,10,45,397,1.1653165496606905,
generic-event,事件附近变化,110.951,0x726,0,1,,,10,10,10,58,0.18280443169557664,
generic-event,事件附近变化,110.916,0x372,5,2,,,10,10,60,456,0.9580892626167844,
generic-event,事件附近变化,110.916,0x372,5,3,,,10,10,60,456,0.7164562067052167,
generic-event,事件附近变化,110.898,0x372,1,5,,,10,10,46,320,0.7815903059719475,
generic-event,事件附近变化,110.880,0x359,5,6,,,10,10,46,348,1.5142719895130372,
generic-event,事件附近变化,110.753,0x25D,6,0,,,10,10,44,399,1.2040381466116568,
generic-event,事件附近变化,110.748,0x7AA,0,4,,,10,10,32,146,1.1757738563850693,
generic-event,事件附近变化,110.737,0x3F2,2,3,,,10,10,14,71,0.33330480152358904,
generic-event,事件附近变化,110.722,0x300,0,1,,,10,10,14,71,0.3333328137029079,
generic-event,事件附近变化,110.722,0x300,2,2,,,10,10,14,71,0.3333328137029079,
generic-event,事件附近变化,110.699,0x300,4,0,,,10,10,13,72,0.3333381035199308,
generic-event,事件附近变化,110.693,0x3DB,4,4,,,10,10,13,115,0.6131500756620372,
generic-event,事件附近变化,110.691,0x7AA,5,1,,,10,10,68,442,0.9380168364826357,
generic-event,事件附近变化,110.681,0x234,3,0,,,10,10,70,564,1.5820228813961337,
generic-event,事件附近变化,110.655,0x300,6,1,,,10,10,13,73,0.33462535552690503,
generic-event,事件附近变化,110.618,0x2F1,6,2,,,10,10,33,227,1.15768467623047,
generic-event,事件附近变化,110.560,0x303,0,0,,,10,10,16,83,0.48431584738975014,
generic-event,事件附近变化,110.483,0x7AA,0,5,,,10,10,60,456,0.896698545195464,
generic-event,事件附近变化,110.416,0x2E3,5,6,,,10,10,19,157,0.8732708223328864,
generic-event,事件附近变化,110.009,0x372,1,4,,,10,10,70,542,1.2688090564469956,
generic-event,事件附近变化,109.862,0x310,0,2,,,9,10,9,42,0.20002284633866282,
generic-event,事件附近变化,109.862,0x310,5,0,,,9,10,9,42,0.20002284633866282,
generic-event,事件附近变化,109.862,0x310,5,4,,,9,10,9,42,0.20002284633866282,
generic-event,事件附近变化,109.862,0x310,7,5,,,9,10,9,42,0.20002284633866282,
generic-event,事件附近变化,109.737,0x359,1,6,,,10,10,26,172,1.1262026455697611,
generic-event,事件附近变化,109.658,0x372,5,6,,,10,10,80,694,1.061514180656076,
generic-event,事件附近变化,109.547,0x3A8,6,5,,,10,10,30,228,0.5841195183537643,
generic-event,事件附近变化,109.498,0x70B,1,4,,,9,10,9,41,0.598269467360178,
generic-event,事件附近变化,109.430,0x2F1,1,3,,,10,10,41,329,1.3275613924420064,
generic-event,事件附近变化,109.395,0x359,2,0,,,10,10,26,172,1.1209177370921086,
generic-event,事件附近变化,109.375,0x719,4,3,,,10,10,29,225,1.3761739310560868,
generic-event,事件附近变化,109.317,0x2F1,4,6,,,10,10,18,152,0.6963040583624697,
generic-event,事件附近变化,109.254,0x3B2,7,5,,,10,10,20,125,0.8898419928915827,
generic-event,事件附近变化,108.994,0x302,4,1,,,10,10,12,67,0.42322287363784966,
generic-event,事件附近变化,108.946,0x359,7,5,,,10,10,35,261,1.1455458573269828,
generic-event,事件附近变化,108.936,0x359,3,7,,,10,10,26,172,1.1419396416884169,
generic-event,事件附近变化,108.924,0x2C4,7,1,,,10,10,34,230,1.1474538484265913,
generic-event,事件附近变化,108.915,0x300,1,0,,,10,10,13,72,0.3333317601714192,
generic-event,事件附近变化,108.911,0x3B2,7,0,,,10,10,20,157,0.838600614854857,
generic-event,事件附近变化,108.910,0x300,0,2,,,10,10,13,72,0.3333375796700485,
generic-event,事件附近变化,108.910,0x300,4,7,,,10,10,13,72,0.3333375796700485,
generic-event,事件附近变化,108.910,0x300,5,0,,,10,10,13,72,0.3333375796700485,
generic-event,事件附近变化,108.910,0x300,7,2,,,10,10,13,72,0.3333375796700485,
generic-event,事件附近变化,108.910,0x300,7,5,,,10,10,13,72,0.3333375796700485,
generic-event,事件附近变化,108.907,0x401,2,5,,,10,10,22,282,1.0898614268108424,
generic-event,事件附近变化,108.862,0x300,4,5,,,10,10,12,73,0.333342337474362,
generic-event,事件附近变化,108.862,0x300,7,6,,,10,10,12,73,0.333342337474362,
generic-event,事件附近变化,108.860,0x3B2,7,2,,,10,10,22,168,0.8061529867425821,
generic-event,事件附近变化,108.823,0x3A8,5,0,,,10,10,27,209,0.7393548851685394,
generic-event,事件附近变化,108.823,0x3A8,5,1,,,10,10,27,209,0.7393548851685394,
generic-event,事件附近变化,108.747,0x3A8,6,0,,,10,10,30,228,0.6010092775277505,
generic-event,事件附近变化,108.747,0x3A8,6,1,,,10,10,30,228,0.6010092775277505,
generic-event,事件附近变化,108.747,0x3A8,6,2,,,10,10,30,228,0.6010092775277505,
generic-event,事件附近变化,108.747,0x3A8,6,3,,,10,10,30,228,0.6010092775277505,
generic-event,事件附近变化,108.747,0x3A8,6,4,,,10,10,30,228,0.6010092775277505,
generic-event,事件附近变化,108.747,0x3A8,6,6,,,10,10,30,228,0.6010092775277505,
generic-event,事件附近变化,108.747,0x3A8,6,7,,,10,10,30,228,0.6010092775277505,
generic-event,事件附近变化,108.565,0x234,4,2,,,10,10,70,564,1.601277553834919,
generic-event,事件附近变化,108.360,0x302,0,0,,,10,10,16,83,0.4843405164030429,
generic-event,事件附近变化,108.355,0x372,7,7,,,10,10,60,456,1.1838499492772998,
generic-event,事件附近变化,108.175,0x302,4,2,,,10,10,12,67,0.526641123338665,
generic-event,事件附近变化,108.111,0x23A,0,1,,,10,10,10,51,0.20756888281026692,
generic-event,事件附近变化,107.890,0x3B2,1,5,,,9,10,27,117,1.1181204387881103,
generic-event,事件附近变化,107.845,0x302,4,0,,,10,10,14,65,0.5267062572750835,
generic-event,事件附近变化,107.659,0x2C4,7,3,,,10,10,29,215,1.101482235976695,
generic-event,事件附近变化,107.608,0x2F1,6,3,,,10,10,46,358,1.5285126501250108,
generic-event,事件附近变化,107.589,0x2C4,5,5,,,10,10,37,313,1.2007380457902033,
generic-event,事件附近变化,107.588,0x7C8,0,1,,,10,10,11,62,0.24740058992461825,
generic-event,事件附近变化,107.511,0x301,0,0,,,10,10,16,83,0.48434045928308905,
generic-event,事件附近变化,107.421,0x301,0,1,,,10,10,14,65,0.301184735202628,
generic-event,事件附近变化,107.419,0x303,0,1,,,10,10,14,65,0.3011680707697985,
generic-event,事件附近变化,107.419,0x302,0,1,,,10,10,14,65,0.30122299232029737,
generic-event,事件附近变化,107.154,0x2F1,5,7,,,10,10,39,327,1.1583653691813345,
generic-event,事件附近变化,107.015,0x7C8,1,2,,,10,10,17,93,0.31865179790685283,
generic-event,事件附近变化,106.999,0x7C8,2,3,,,10,10,18,92,0.31873028848204416,
generic-event,事件附近变化,106.993,0x2C4,3,0,,,10,10,23,167,1.0736449350439823,
generic-event,事件附近变化,106.839,0x7C8,3,4,,,10,10,17,93,0.31858185536716555,
generic-event,事件附近变化,106.603,0x3B2,4,0,,,9,10,19,153,0.8901658372027014,
generic-event,事件附近变化,106.568,0x3B2,4,4,,,9,10,19,101,0.9434041784680729,
generic-event,事件附近变化,106.532,0x2E3,1,3,,,9,10,17,73,1.0414242325577518,
generic-event,事件附近变化,106.094,0x2F1,5,0,,,10,10,31,239,1.250966924271857,
generic-event,事件附近变化,106.010,0x2F1,5,1,,,10,10,22,188,1.2204357619276796,
generic-event,事件附近变化,105.961,0x70B,1,1,,,9,10,12,39,0.6056969088543652,
generic-event,事件附近变化,105.823,0x34A,1,0,,,10,10,15,113,0.5019587778153831,
generic-event,事件附近变化,105.823,0x34A,1,1,,,10,10,15,113,0.5019587778153831,
generic-event,事件附近变化,105.823,0x34A,1,2,,,10,10,15,113,0.5019587778153831,
generic-event,事件附近变化,105.797,0x352,2,0,,,10,10,15,113,0.4015036532282755,
generic-event,事件附近变化,105.797,0x352,2,5,,,10,10,15,113,0.4015036532282755,
generic-event,事件附近变化,105.797,0x352,3,3,,,10,10,15,113,0.4015036532282755,
generic-event,事件附近变化,105.797,0x352,6,5,,,10,10,15,113,0.4015036532282755,
generic-event,事件附近变化,105.797,0x352,7,0,,,10,10,15,113,0.4015036532282755,
generic-event,事件附近变化,105.630,0x372,4,0,,,10,10,30,228,0.8835046162591615,
generic-event,事件附近变化,105.630,0x372,4,3,,,10,10,30,228,0.8835046162591615,
generic-event,事件附近变化,105.543,0x37A,0,4,,,9,10,59,443,1.330516126466797,
generic-event,事件附近变化,105.487,0x2C4,4,7,,,10,10,27,255,1.1102215609998336,
generic-event,事件附近变化,105.218,0x3B2,5,4,,,9,10,19,139,0.9220012851032113,
generic-event,事件附近变化,105.119,0x3B2,1,0,,,9,10,23,136,1.2041822286047548,
generic-event,事件附近变化,104.968,0x2C4,4,6,,,10,10,40,386,1.500687829423039,
generic-event,事件附近变化,104.861,0x39A,3,2,,,9,10,86,813,1.9239249619099954,
generic-event,事件附近变化,104.806,0x3B2,7,6,,,10,10,16,123,1.214283388973933,
generic-event,事件附近变化,104.695,0x70B,5,4,,,9,10,16,60,0.6675308544484263,
generic-event,事件附近变化,104.687,0x3B2,2,3,,,9,10,23,137,1.0632228670027615,
generic-event,事件附近变化,104.595,0x2C2,6,1,EXP_leftWindowExecutionPosition,,9,10,146,1020,3.7161053366244357,
generic-event,事件附近变化,104.426,0x75D,1,1,,,9,10,29,173,1.2698900666501778,
generic-event,事件附近变化,104.392,0x2C4,7,5,,,10,10,30,214,1.3011606320525655,
generic-event,事件附近变化,104.162,0x379,2,5,,,9,10,22,201,0.9788505702695793,
generic-event,事件附近变化,103.959,0x3B2,2,0,,,9,10,18,134,1.0444100127245637,
generic-event,事件附近变化,103.932,0x3B2,1,6,,,9,10,23,147,0.8797328691778625,
generic-event,事件附近变化,103.796,0x3B2,1,2,,,9,10,27,167,0.7850496304904186,
generic-event,事件附近变化,103.609,0x3DB,3,2,,,9,10,18,111,0.6122620191930368,
generic-event,事件附近变化,103.609,0x3DB,4,0,,,9,10,18,111,0.6122620191930368,
generic-event,事件附近变化,103.609,0x3DB,4,2,,,9,10,18,111,0.6122620191930368,
generic-event,事件附近变化,103.508,0x330,0,1,,,10,10,10,66,0.3535443501704513,
generic-event,事件附近变化,103.440,0x798,3,0,,,9,10,43,387,1.318102485120238,
generic-event,事件附近变化,103.398,0x39A,2,4,,,9,10,102,785,3.0762960805045902,
generic-event,事件附近变化,103.308,0x39A,1,2,,,9,10,71,620,2.4578018155516825,
generic-event,事件附近变化,103.139,0x709,3,2,,,9,10,20,158,0.9801353226557872,
generic-event,事件附近变化,103.065,0x234,1,6,,,9,10,255,1873,3.748894633857152,
generic-event,事件附近变化,103.007,0x330,4,0,,,9,10,15,62,0.35365728080406017,
generic-event,事件附近变化,102.868,0x330,6,4,,,9,10,12,65,0.3535409807026287,
generic-event,事件附近变化,102.607,0x2C4,6,4,,,9,10,50,400,1.0138801110104585,
generic-event,事件附近变化,102.364,0x3A1,3,5,,,9,10,158,1467,1.5613488478168784,
generic-event,事件附近变化,102.101,0x261,3,4,,,9,10,221,1881,3.371577789718477,
generic-event,事件附近变化,102.101,0x261,3,5,,,9,10,221,1881,3.371577789718477,
generic-event,事件附近变化,101.920,0x330,5,6,,,9,10,12,64,0.5623489267097951,
generic-event,事件附近变化,101.835,0x2F1,1,5,,,9,10,23,128,0.9177341965416747,
generic-event,事件附近变化,101.689,0x2C2,1,5,EXP_leftWindowExecutionPosition,,9,10,119,1003,3.3434474934442533,
generic-event,事件附近变化,101.521,0x379,3,1,,,9,10,30,232,1.0584277224253962,
generic-event,事件附近变化,101.501,0x3F2,6,0,,,9,10,15,69,0.8786540870646689,
generic-event,事件附近变化,101.501,0x3F2,6,2,,,9,10,15,69,0.8786540870646689,
generic-event,事件附近变化,101.501,0x3F2,7,0,,,9,10,15,69,0.8786540870646689,
generic-event,事件附近变化,101.501,0x3F2,7,1,,,9,10,15,69,0.8786540870646689,
generic-event,事件附近变化,101.401,0x300,2,3,,,9,10,15,71,0.5773216087383218,
generic-event,事件附近变化,101.401,0x300,2,6,,,9,10,15,71,0.5773216087383218,
generic-event,事件附近变化,101.264,0x3DB,1,1,,,9,10,13,52,0.6599856428025952,
generic-event,事件附近变化,101.248,0x709,6,1,,,9,10,14,60,0.7930887990123832,
generic-event,事件附近变化,100.972,0x719,1,3,,,9,10,32,196,1.3385421142690452,
generic-event,事件附近变化,100.667,0x2C4,3,6,,,9,10,20,130,0.7237978459260817,
generic-event,事件附近变化,100.639,0x709,3,6,,,9,10,15,85,0.7580682937543871,
generic-event,事件附近变化,100.605,0x3F2,5,0,,,9,10,11,51,0.7012940326535975,
generic-event,事件附近变化,100.549,0x2E1,3,6,,,9,10,192,1586,4.332111923363244,
generic-event,事件附近变化,100.530,0x2F1,5,5,,,9,10,31,263,1.045770190450472,
generic-event,事件附近变化,100.456,0x234,7,1,,,9,10,157,1321,1.2971697425801783,
generic-event,事件附近变化,100.371,0x3B2,6,4,,,9,10,18,117,0.83892482573837,
generic-event,事件附近变化,99.953,0x75D,3,5,,,9,10,19,145,0.9006673621890957,
generic-event,事件附近变化,99.953,0x75D,3,6,,,9,10,19,145,0.9006673621890957,
generic-event,事件附近变化,99.890,0x3B2,6,5,,,9,10,18,153,1.1100765526826006,
generic-event,事件附近变化,99.722,0x709,1,3,,,9,10,19,155,0.9268817590340032,
generic-event,事件附近变化,99.623,0x75D,1,6,,,9,10,26,210,0.9893130445283259,
generic-event,事件附近变化,99.472,0x2E2,5,5,,,9,10,22,149,0.8567705642038608,
generic-event,事件附近变化,99.432,0x234,1,4,,,9,10,194,1486,3.670893302858933,
generic-event,事件附近变化,99.266,0x709,3,5,,,9,10,16,134,0.7298043900986605,
generic-event,事件附近变化,99.195,0x719,4,0,,,9,10,27,203,1.39510796000637,
generic-event,事件附近变化,98.881,0x2C2,3,3,EXP_leftWindowExecutionPosition,,9,10,106,698,6.090148387344469,
generic-event,事件附近变化,98.877,0x52F,5,4,,,9,10,9,113,0.20685075673405862,
generic-event,事件附近变化,98.852,0x2E2,6,7,,,9,10,21,130,0.9363811288811139,
generic-event,事件附近变化,98.774,0x2E1,3,4,,,9,10,164,1170,4.2309884257517405,
generic-event,事件附近变化,98.706,0x2E3,4,2,,,9,10,27,192,1.2426439149546757,
generic-event,事件附近变化,98.484,0x2B4,4,4,,,9,10,48,183,3.0260625220044024,
generic-event,事件附近变化,98.441,0x7AA,5,2,,,9,10,24,212,1.6564500711698549,
generic-event,事件附近变化,98.417,0x2F1,1,2,,,9,10,22,142,1.3933406888516187,
generic-event,事件附近变化,98.232,0x330,1,3,,,9,10,9,42,0.35009782049048943,
generic-event,事件附近变化,98.232,0x330,7,5,,,9,10,9,42,0.35009782049048943,
generic-event,事件附近变化,98.099,0x2F1,1,1,,,9,10,27,233,1.271167516277632,
generic-event,事件附近变化,97.894,0x3F2,2,7,,,9,10,15,70,0.4731679830578407,
generic-event,事件附近变化,97.726,0x3F2,1,5,,,9,10,12,74,0.4697640426143307,
generic-event,事件附近变化,97.637,0x7E8,5,0,,,8,10,8,101,0.31942500656201694,
generic-event,事件附近变化,97.621,0x7E8,3,6,,,8,10,8,102,0.31865479203532726,
generic-event,事件附近变化,97.621,0x7E8,3,7,,,8,10,8,102,0.31865479203532726,
generic-event,事件附近变化,97.517,0x2F1,4,7,,,9,10,17,117,0.7942294450566261,
generic-event,事件附近变化,97.473,0x2F1,3,5,,,9,10,18,116,0.900830484584669,
generic-event,事件附近变化,97.473,0x2F1,7,2,,,9,10,18,116,0.900830484584669,
generic-event,事件附近变化,97.344,0x2F1,6,4,,,9,10,22,124,0.8419915208700693,
generic-event,事件附近变化,97.033,0x3F2,6,1,,,9,10,12,51,0.7041247627167317,
generic-event,事件附近变化,96.875,0x302,6,5,,,9,10,11,49,0.8156575815493557,
generic-event,事件附近变化,96.542,0x545,3,7,EXP_windowMotionFeedback_LEFT,,9,10,43,281,2.097910578243498,
generic-event,事件附近变化,96.529,0x3F2,5,2,,,9,10,9,33,0.4032464400110807,
generic-event,事件附近变化,96.403,0x310,1,1,,,8,10,8,42,0.5982017859369029,
generic-event,事件附近变化,96.403,0x310,4,4,,,8,10,8,42,0.5982017859369029,
generic-event,事件附近变化,96.403,0x310,7,1,,,8,10,8,42,0.5982017859369029,
generic-event,事件附近变化,95.970,0x3B2,7,3,,,9,10,22,176,0.9182578048056517,
generic-event,事件附近变化,95.927,0x261,4,0,,,9,10,143,1211,3.4520176404291605,
generic-event,事件附近变化,95.858,0x7C8,1,3,,,9,10,13,61,0.4760165659049682,
generic-event,事件附近变化,95.839,0x37D,6,5,,,9,10,9,89,1.3222715672377647,
generic-event,事件附近变化,95.839,0x37D,6,6,,,9,10,9,89,1.3222715672377647,
generic-event,事件附近变化,95.839,0x37D,6,7,,,9,10,9,89,1.3222715672377647,
generic-event,事件附近变化,95.839,0x37D,7,0,,,9,10,9,89,1.3222715672377647,
generic-event,事件附近变化,95.839,0x37D,7,1,,,9,10,9,89,1.3222715672377647,
generic-event,事件附近变化,95.839,0x37D,7,2,,,9,10,9,89,1.3222715672377647,
generic-event,事件附近变化,95.839,0x37D,7,3,,,9,10,9,89,1.3222715672377647,
generic-event,事件附近变化,95.839,0x37D,7,4,,,9,10,9,89,1.3222715672377647,
generic-event,事件附近变化,95.839,0x37D,7,5,,,9,10,9,89,1.3222715672377647,
generic-event,事件附近变化,95.839,0x37D,7,6,,,9,10,9,89,1.3222715672377647,
generic-event,事件附近变化,95.833,0x7C8,0,0,,,9,10,12,62,0.4759433480029672,
generic-event,事件附近变化,95.833,0x7C8,4,2,,,9,10,12,62,0.4759433480029672,
generic-event,事件附近变化,95.812,0x7C8,2,1,,,9,10,12,62,0.47595665814401866,
generic-event,事件附近变化,95.812,0x7C8,4,1,,,9,10,12,62,0.47595665814401866,
generic-event,事件附近变化,95.812,0x7C8,4,5,,,9,10,12,62,0.47595665814401866,
generic-event,事件附近变化,95.764,0x724,0,1,,,9,10,9,42,0.348219525600107,
generic-event,事件附近变化,95.375,0x37D,5,3,,,9,10,9,104,0.863583546544088,
generic-event,事件附近变化,95.375,0x37D,5,4,,,9,10,9,104,0.863583546544088,
generic-event,事件附近变化,95.375,0x37D,5,5,,,9,10,9,104,0.863583546544088,
generic-event,事件附近变化,95.375,0x37D,5,6,,,9,10,9,104,0.863583546544088,
generic-event,事件附近变化,95.375,0x37D,5,7,,,9,10,9,104,0.863583546544088,
generic-event,事件附近变化,95.375,0x37D,6,0,,,9,10,9,104,0.863583546544088,
generic-event,事件附近变化,95.375,0x37D,6,1,,,9,10,9,104,0.863583546544088,
generic-event,事件附近变化,95.375,0x37D,6,2,,,9,10,9,104,0.863583546544088,
generic-event,事件附近变化,95.375,0x37D,6,3,,,9,10,9,104,0.863583546544088,
generic-event,事件附近变化,95.375,0x37D,6,4,,,9,10,9,104,0.863583546544088,
generic-event,事件附近变化,95.098,0x2F1,4,3,,,9,10,17,115,0.9187212451150668,
generic-event,事件附近变化,95.027,0x3F2,2,1,,,9,10,10,55,0.4129709662635233,
generic-event,事件附近变化,94.984,0x2F1,0,4,,,9,10,15,120,0.6840852485523193,
generic-event,事件附近变化,94.922,0x2F1,6,5,,,9,10,18,122,0.9255149481298403,
generic-event,事件附近变化,94.866,0x70B,0,1,,,9,10,9,42,0.348134266265609,
generic-event,事件附近变化,94.184,0x3B2,5,2,,,8,10,23,149,1.0357021001054916,
generic-event,事件附近变化,93.856,0x2C4,1,2,,,9,10,19,155,0.8582580986865421,
generic-event,事件附近变化,93.732,0x3B2,4,3,,,8,10,20,140,1.0311702050261193,
generic-event,事件附近变化,93.718,0x3DB,5,7,,,8,10,18,111,0.86604133339106,
generic-event,事件附近变化,93.323,0x3B2,1,3,,,8,10,18,168,1.2094643588698317,
generic-event,事件附近变化,92.849,0x3BD,0,2,,,9,10,9,42,0.5999856104372737,
generic-event,事件附近变化,92.849,0x3BD,4,6,,,9,10,9,42,0.5999856104372737,
generic-event,事件附近变化,92.849,0x3BD,5,2,,,9,10,9,42,0.5999856104372737,
generic-event,事件附近变化,92.781,0x3B2,1,1,,,8,10,20,135,1.0251777076976503,
generic-event,事件附近变化,92.536,0x3B2,5,5,,,8,10,23,143,1.2226171093074132,
generic-event,事件附近变化,92.529,0x3B2,5,7,,,8,10,22,148,0.8446370353806782,
generic-event,事件附近变化,92.322,0x330,7,0,,,9,10,9,42,0.5003076228732695,
generic-event,事件附近变化,92.043,0x75D,1,3,,,8,10,26,182,1.273884544254323,
generic-event,事件附近变化,91.559,0x2E3,3,0,,,8,10,18,140,1.0690828122822236,
generic-event,事件附近变化,91.469,0x39A,1,4,,,8,10,118,866,3.5003678547754213,
generic-event,事件附近变化,91.369,0x2C2,2,6,EXP_leftWindowExecutionPosition,,8,10,119,706,5.334903881717067,
generic-event,事件附近变化,90.962,0x3B2,3,1,,,8,10,17,150,1.0947978857008096,
generic-event,事件附近变化,90.887,0x2C2,0,4,EXP_leftWindowExecutionPosition,,8,10,130,950,4.376790892859883,
generic-event,事件附近变化,90.867,0x2E3,6,0,,,8,10,16,74,1.1527340764052738,
generic-event,事件附近变化,90.786,0x330,0,0,,,8,10,11,40,0.360383526609749,
generic-event,事件附近变化,90.786,0x330,6,5,,,8,10,11,40,0.6142905297169621,
generic-event,事件附近变化,90.688,0x2D2,0,0,,,8,10,52,384,2.493086098060885,
generic-event,事件附近变化,90.688,0x2D2,0,1,,,8,10,52,384,2.493086098060885,
generic-event,事件附近变化,90.688,0x2D2,0,2,,,8,10,52,384,2.493086098060885,
generic-event,事件附近变化,90.688,0x2D2,0,3,,,8,10,52,384,2.493086098060885,
generic-event,事件附近变化,90.688,0x2D2,0,4,,,8,10,52,384,2.493086098060885,
generic-event,事件附近变化,90.425,0x709,3,7,,,8,10,18,82,1.0860795034747819,
generic-event,事件附近变化,90.310,0x39A,1,3,,,8,10,84,507,3.6987225379474418,
generic-event,事件附近变化,90.201,0x293,7,5,,,10,10,18,110,0.0008701097071116717,
generic-event,事件附近变化,90.174,0x3B2,7,4,,,8,10,22,170,0.9504959632121529,
generic-event,事件附近变化,89.450,0x330,5,0,,,8,10,14,63,0.35359993599803696,
generic-event,事件附近变化,89.448,0x2F1,3,6,,,8,10,24,148,1.0160244655571544,
generic-event,事件附近变化,89.443,0x3B2,3,0,,,8,10,18,180,1.0460342089558987,
generic-event,事件附近变化,89.420,0x3B2,1,7,,,8,10,16,135,0.9257432453093348,
generic-event,事件附近变化,89.321,0x39A,2,2,,,8,10,64,627,2.3809272624908475,
generic-event,事件附近变化,89.298,0x213,0,5,,,10,10,10,118,0.0009189532098579083,
generic-event,事件附近变化,89.251,0x2F1,2,1,,,8,10,20,232,1.0219633821593552,
generic-event,事件附近变化,89.136,0x3B2,3,3,,,8,10,18,145,0.8429028123620631,
generic-event,事件附近变化,89.100,0x70B,0,0,,,10,10,20,107,0.0007453701856269875,
generic-event,事件附近变化,89.069,0x77A,2,4,,,8,10,24,171,3.257301364674487,
generic-event,事件附近变化,89.054,0x75D,1,2,,,8,10,22,186,1.118205832199268,
generic-event,事件附近变化,89.052,0x2C2,2,7,EXP_leftWindowExecutionPosition,,8,10,104,886,6.512366011301017,
generic-event,事件附近变化,88.859,0x77A,2,0,,,8,10,17,168,0.9173830178682201,
generic-event,事件附近变化,88.850,0x359,3,1,,,8,10,24,174,1.2173159679856635,
generic-event,事件附近变化,88.850,0x359,3,3,,,8,10,24,174,1.2173159679856635,
generic-event,事件附近变化,88.830,0x45A,7,3,,,8,10,240,1774,6.704789719484565,
generic-event,事件附近变化,88.701,0x3F2,1,0,,,8,10,12,67,0.7631972040091282,
generic-event,事件附近变化,88.616,0x3F2,6,4,,,8,10,15,69,0.8864091550816577,
generic-event,事件附近变化,88.575,0x3B2,2,5,,,8,10,12,145,1.0935534350873273,
generic-event,事件附近变化,88.540,0x3F2,1,4,,,8,10,14,71,0.6730748634597908,
generic-event,事件附近变化,88.529,0x2C2,3,2,EXP_leftWindowExecutionPosition,,8,10,101,801,5.93380615853551,
generic-event,事件附近变化,88.347,0x75D,1,5,,,8,10,20,154,1.312147952715054,
generic-event,事件附近变化,88.319,0x2F1,4,1,,,8,10,16,158,1.0034161437452842,
generic-event,事件附近变化,88.187,0x752,0,0,,,10,10,10,118,0.0008140463252393392,
generic-event,事件附近变化,88.053,0x709,4,6,,,8,10,19,161,1.7388010555237825,
generic-event,事件附近变化,88.041,0x293,6,4,,,10,10,30,227,0.0023203155530525767,
generic-event,事件附近变化,88.041,0x293,7,4,,,10,10,30,227,0.0023203155530525767,
generic-event,事件附近变化,87.980,0x321,6,4,,,10,10,20,107,0.00024773430064557115,
generic-event,事件附近变化,87.980,0x321,7,4,,,10,10,20,107,0.00024773430064557115,
generic-event,事件附近变化,87.939,0x709,1,4,,,8,10,21,178,0.9899232896499396,
generic-event,事件附近变化,87.909,0x3B2,3,5,,,8,10,16,154,1.5331743872395742,
generic-event,事件附近变化,87.496,0x3F2,3,2,,,8,10,10,55,0.7093716000682418,
generic-event,事件附近变化,87.454,0x3B2,6,3,,,8,10,19,126,0.9091247262570783,
generic-event,事件附近变化,87.347,0x213,0,4,,,10,10,30,227,0.002062358795321505,
generic-event,事件附近变化,87.347,0x213,1,4,,,10,10,30,227,0.002062358795321505,
generic-event,事件附近变化,87.089,0x2E2,6,6,,,8,10,19,95,1.1656803062192729,
generic-event,事件附近变化,86.924,0x75D,5,1,,,8,10,14,100,1.2653954533548737,
generic-event,事件附近变化,86.754,0x2E2,2,4,,,8,10,18,82,1.2570686924749792,
generic-event,事件附近变化,86.687,0x300,5,1,,,8,10,12,72,0.5771819997447498,
generic-event,事件附近变化,86.687,0x300,6,4,,,8,10,12,72,0.5771819997447498,
generic-event,事件附近变化,86.687,0x300,6,5,,,8,10,12,72,0.5771819997447498,
generic-event,事件附近变化,86.687,0x300,7,1,,,8,10,12,72,0.5771819997447498,
generic-event,事件附近变化,86.563,0x52F,6,1,,,8,10,8,104,0.3012076122615971,
generic-event,事件附近变化,86.389,0x407,0,1,,,10,10,10,118,0.00044628455615386994,
generic-event,事件附近变化,86.086,0x313,6,4,,,10,10,30,226,0.002229336420210016,
generic-event,事件附近变化,86.086,0x313,7,4,,,10,10,30,226,0.002229336420210016,
generic-event,事件附近变化,85.886,0x359,0,6,,,8,10,11,89,0.5412663809584427,
generic-event,事件附近变化,85.865,0x3F2,6,6,,,8,10,12,52,0.5761354517590119,
generic-event,事件附近变化,85.822,0x552,6,5,,,10,10,72,571,0.0021813281882435373,
generic-event,事件附近变化,85.820,0x3F2,4,7,,,8,10,11,53,0.5841937778094332,
generic-event,事件附近变化,85.818,0x3DB,0,2,,,8,10,8,57,0.24992783489589476,
generic-event,事件附近变化,85.809,0x553,6,5,,,10,10,80,563,0.0017524996910963332,
generic-event,事件附近变化,85.783,0x20E,0,1,,,10,10,70,573,0.002468440426858001,
generic-event,事件附近变化,85.783,0x20E,1,1,,,10,10,70,573,0.002468440426858001,
generic-event,事件附近变化,85.758,0x709,1,0,,,8,10,9,92,0.5921202701237928,
generic-event,事件附近变化,85.731,0x2AA,1,5,,,10,10,70,573,0.0016071227584751994,
generic-event,事件附近变化,85.729,0x789,2,5,,,10,10,80,563,0.003112734239846072,
generic-event,事件附近变化,85.729,0x789,3,5,,,10,10,80,563,0.003112734239846072,
generic-event,事件附近变化,85.657,0x3F2,3,1,,,8,10,9,56,0.499679402610056,
generic-event,事件附近变化,85.657,0x3F2,3,3,,,8,10,9,56,0.499679402610056,
generic-event,事件附近变化,85.593,0x443,0,1,,,10,10,10,118,0.00038098236632183363,
generic-event,事件附近变化,85.571,0x3DB,3,4,,,8,10,11,54,0.49995082544061387,
generic-event,事件附近变化,85.506,0x372,0,2,,,10,10,60,455,0.07021486494464428,
generic-event,事件附近变化,85.441,0x359,5,3,,,8,10,36,258,1.5305129346278044,
generic-event,事件附近变化,85.380,0x302,5,2,,,8,10,8,51,0.6108146744501586,
generic-event,事件附近变化,85.380,0x302,5,3,,,8,10,8,51,0.6108146744501586,
generic-event,事件附近变化,85.328,0x303,0,2,,,8,10,13,66,0.6884160375885189,
generic-event,事件附近变化,85.270,0x2C4,5,0,,,8,10,25,230,1.2661293912533016,
generic-event,事件附近变化,85.132,0x372,4,5,,,8,10,24,102,1.511875408678298,
generic-event,事件附近变化,85.126,0x359,0,4,,,8,10,14,86,0.6192874256515879,
generic-event,事件附近变化,85.110,0x302,4,7,,,8,10,10,49,0.4112042055067413,
generic-event,事件附近变化,85.059,0x7A8,2,3,,,8,10,17,105,1.1158975140272631,
generic-event,事件附近变化,85.007,0x798,6,5,,,10,10,70,573,0.0019236060500304334,
generic-event,事件附近变化,84.977,0x302,7,5,,,8,10,8,51,0.610799235661144,
generic-event,事件附近变化,84.972,0x2B3,0,2,,,10,10,57,447,0.1019945460847879,
generic-event,事件附近变化,84.958,0x441,6,4,,,10,10,80,563,0.005201824682707139,
generic-event,事件附近变化,84.880,0x709,5,1,,,8,10,14,164,1.1121003507818443,
generic-event,事件附近变化,84.875,0x330,2,0,,,8,10,11,40,0.5000597315748823,
generic-event,事件附近变化,84.865,0x330,7,2,,,8,10,11,40,0.6142273120121842,
generic-event,事件附近变化,84.844,0x249,1,2,,,10,10,80,563,0.0021494471634980116,
generic-event,事件附近变化,84.830,0x229,1,1,,,10,10,80,563,0.0014955821213846856,
generic-event,事件附近变化,84.772,0x2A8,6,5,,,10,10,70,573,0.0016742796964986449,
generic-event,事件附近变化,84.772,0x2A8,7,5,,,10,10,70,573,0.0016742796964986449,
generic-event,事件附近变化,84.692,0x709,5,2,,,8,10,15,163,1.373493933523232,
generic-event,事件附近变化,84.653,0x330,1,2,,,8,10,8,43,0.3500966887093939,
generic-event,事件附近变化,84.653,0x330,6,0,,,8,10,8,43,0.3500966887093939,
generic-event,事件附近变化,84.653,0x330,7,4,,,8,10,8,43,0.3500966887093939,
generic-event,事件附近变化,84.642,0x709,1,1,,,8,10,17,160,0.8889344626829746,
generic-event,事件附近变化,84.627,0x39A,0,2,,,8,10,54,605,2.0483629893100184,
generic-event,事件附近变化,84.575,0x302,5,1,,,8,10,12,67,0.8023065105192999,
generic-event,事件附近变化,84.498,0x228,6,5,,,10,10,80,563,0.0004402177051062977,
generic-event,事件附近变化,84.498,0x228,7,5,,,10,10,80,563,0.0004402177051062977,
generic-event,事件附近变化,84.482,0x682,6,5,,,10,10,70,573,0.0031767423761205585,
generic-event,事件附近变化,84.482,0x682,7,5,,,10,10,70,573,0.0031767423761205585,
generic-event,事件附近变化,84.457,0x2C4,5,1,,,8,10,21,230,1.2604074705224175,
generic-event,事件附近变化,84.438,0x407,0,0,,,10,10,30,227,0.0008499544138813578,
generic-event,事件附近变化,84.438,0x407,1,0,,,10,10,30,227,0.0008499544138813578,
generic-event,事件附近变化,84.426,0x23E,6,7,,,10,10,48,354,0.0018246538214299537,
generic-event,事件附近变化,84.389,0x797,2,5,,,10,10,70,573,0.0017852473934237925,
generic-event,事件附近变化,84.385,0x3F9,0,2,,,10,10,34,252,0.1111635406472182,
generic-event,事件附近变化,84.378,0x55A,0,0,,,10,10,30,227,0.0011988362423077834,
generic-event,事件附近变化,84.374,0x3AE,6,0,,,10,10,50,376,0.010412525773955721,
generic-event,事件附近变化,84.374,0x3AE,7,0,,,10,10,50,376,0.010412525773955721,
generic-event,事件附近变化,84.374,0x3AE,7,1,,,10,10,50,376,0.010412525773955721,
generic-event,事件附近变化,84.360,0x3AE,6,7,,,10,10,49,376,0.010209474391883524,
generic-event,事件附近变化,84.347,0x2C4,0,1,,,10,10,72,541,0.14270238020641568,
generic-event,事件附近变化,84.316,0x2F1,1,6,,,8,10,20,186,1.034104588661835,
generic-event,事件附近变化,84.313,0x3A1,6,6,,,10,10,80,564,0.001695312281709432,
generic-event,事件附近变化,84.299,0x7B8,2,4,,,10,10,43,325,0.14315095612849935,
generic-event,事件附近变化,84.290,0x284,7,5,,,10,10,20,108,0.0008775776087378412,
generic-event,事件附近变化,84.282,0x303,4,6,,,8,10,10,49,0.49205431696113927,
generic-event,事件附近变化,84.270,0x318,6,2,,,10,10,80,564,0.0033028506209260102,
generic-event,事件附近变化,84.260,0x221,6,6,,,10,10,70,573,0.0017687636722202593,
generic-event,事件附近变化,84.260,0x221,7,6,,,10,10,70,573,0.0017687636722202593,
generic-event,事件附近变化,84.228,0x302,0,2,,,8,10,13,66,0.6884830251052526,
generic-event,事件附近变化,84.216,0x228,7,7,,,10,10,20,141,0.00012721403074349968,
generic-event,事件附近变化,84.201,0x2B3,0,3,,,10,10,30,222,0.05872670061997381,
generic-event,事件附近变化,84.196,0x37D,4,1,,,8,10,8,75,2.3240936551530975,
generic-event,事件附近变化,84.196,0x37D,4,2,,,8,10,8,75,2.3240936551530975,
generic-event,事件附近变化,84.196,0x37D,4,3,,,8,10,8,75,2.3240936551530975,
generic-event,事件附近变化,84.196,0x37D,4,4,,,8,10,8,75,2.3240936551530975,
generic-event,事件附近变化,84.196,0x37D,4,5,,,8,10,8,75,2.3240936551530975,
generic-event,事件附近变化,84.196,0x37D,4,6,,,8,10,8,75,2.3240936551530975,
generic-event,事件附近变化,84.196,0x37D,4,7,,,8,10,8,75,2.3240936551530975,
generic-event,事件附近变化,84.196,0x37D,5,0,,,8,10,8,75,2.3240936551530975,
generic-event,事件附近变化,84.196,0x37D,5,1,,,8,10,8,75,2.3240936551530975,
generic-event,事件附近变化,84.196,0x37D,5,2,,,8,10,8,75,2.3240936551530975,
generic-event,事件附近变化,84.182,0x78A,7,2,,,10,10,42,325,0.1430610775719677,
generic-event,事件附近变化,84.181,0x302,4,5,,,8,10,12,67,0.5266289981199953,
generic-event,事件附近变化,84.172,0x302,5,0,,,8,10,12,67,0.8022907035803213,
generic-event,事件附近变化,84.172,0x302,5,5,,,8,10,12,67,0.8022907035803213,
generic-event,事件附近变化,84.158,0x302,7,1,,,8,10,8,51,0.6696992267360175,
generic-event,事件附近变化,84.153,0x39D,0,3,,,10,10,46,357,0.002894371903442729,
generic-event,事件附近变化,84.153,0x39D,0,4,,,10,10,46,357,0.002894371903442729,
generic-event,事件附近变化,84.153,0x39D,0,6,,,10,10,46,357,0.002894371903442729,
generic-event,事件附近变化,84.153,0x39D,0,7,,,10,10,46,357,0.002894371903442729,
generic-event,事件附近变化,84.153,0x39D,1,3,,,10,10,46,357,0.002894371903442729,
generic-event,事件附近变化,84.147,0x3F2,6,3,,,8,10,12,51,0.7038081840535632,
generic-event,事件附近变化,84.136,0x39D,0,5,,,10,10,46,359,0.059126848827788375,
generic-event,事件附近变化,84.128,0x709,3,4,,,8,10,12,86,0.8067525812305747,
generic-event,事件附近变化,84.127,0x798,0,2,,,10,10,42,325,0.14286554632088122,
generic-event,事件附近变化,84.124,0x70B,6,4,,,7,10,13,65,0.6599032554357632,
generic-event,事件附近变化,84.124,0x70B,7,4,,,7,10,13,65,0.6599032554357632,
generic-event,事件附近变化,84.113,0x789,3,6,,,10,10,40,282,0.0015947163906562059,
generic-event,事件附近变化,84.102,0x797,3,6,,,10,10,40,282,0.0010668388685080644,
generic-event,事件附近变化,84.100,0x228,7,6,,,10,10,40,282,0.00023449743135244545,
generic-event,事件附近变化,84.092,0x420,7,1,,,10,10,40,282,0.0010727393949959895,
generic-event,事件附近变化,84.091,0x3AE,7,7,,,10,10,49,377,0.010131797513024222,
generic-event,事件附近变化,84.082,0x23E,6,6,,,10,10,97,707,0.0031071173418847596,
generic-event,事件附近变化,84.072,0x249,1,3,,,10,10,40,282,0.000947841744587944,
generic-event,事件附近变化,84.067,0x3DD,1,7,,,8,10,8,77,0.33339138975095617,
generic-event,事件附近变化,84.065,0x798,6,6,,,10,10,35,286,0.0010463038723551909,
generic-event,事件附近变化,84.063,0x2A8,6,6,,,10,10,35,286,0.0008378604833689417,
generic-event,事件附近变化,84.063,0x2A8,7,6,,,10,10,35,286,0.0008378604833689417,
generic-event,事件附近变化,84.062,0x2EC,1,6,,,10,10,35,286,0.0016834722825407405,
generic-event,事件附近变化,84.061,0x229,1,2,,,10,10,40,281,0.0006423528130530256,
generic-event,事件附近变化,84.058,0x2E8,6,6,,,10,10,35,286,0.00032615925844957925,
generic-event,事件附近变化,84.058,0x2E8,7,6,,,10,10,35,286,0.00032615925844957925,
generic-event,事件附近变化,84.058,0x2AA,1,6,,,10,10,35,286,0.0008069521976304229,
generic-event,事件附近变化,84.058,0x797,2,6,,,10,10,35,286,0.0009491354981866657,
generic-event,事件附近变化,84.055,0x221,6,7,,,10,10,35,286,0.0009773657908053919,
generic-event,事件附近变化,84.055,0x221,7,7,,,10,10,35,286,0.0009773657908053919,
generic-event,事件附近变化,84.054,0x40A,6,5,,,10,10,35,286,0.0007693443161946405,
generic-event,事件附近变化,84.053,0x20E,0,2,,,10,10,35,286,0.001270779615590236,
generic-event,事件附近变化,84.053,0x20E,1,2,,,10,10,35,286,0.001270779615590236,
generic-event,事件附近变化,84.052,0x31A,6,5,,,10,10,35,286,0.0010809267041409683,
generic-event,事件附近变化,84.051,0x4E3,0,2,,,10,10,35,286,0.0004029661136999274,
generic-event,事件附近变化,84.051,0x4E3,1,6,,,10,10,35,286,0.0004029661136999274,
generic-event,事件附近变化,84.051,0x4E3,6,3,,,10,10,35,286,0.0004029661136999274,
generic-event,事件附近变化,84.051,0x4E3,6,5,,,10,10,35,286,0.0004029661136999274,
generic-event,事件附近变化,84.049,0x7B8,6,6,,,10,10,35,286,0.003994196689558555,
generic-event,事件附近变化,84.045,0x441,6,5,,,10,10,40,281,0.0026419824735275928,
generic-event,事件附近变化,84.044,0x4E2,0,2,,,10,10,36,285,0.002210984265994933,
generic-event,事件附近变化,84.044,0x4E2,6,3,,,10,10,36,285,0.002210984265994933,
generic-event,事件附近变化,84.044,0x4E2,6,5,,,10,10,36,285,0.002210984265994933,
generic-event,事件附近变化,84.043,0x552,6,6,,,10,10,35,286,0.0011150735149931196,
generic-event,事件附近变化,84.042,0x553,6,6,,,10,10,40,281,0.0011004308761687137,
generic-event,事件附近变化,84.042,0x25B,7,6,,,10,10,35,286,0.0007453101015730553,
generic-event,事件附近变化,84.040,0x2EC,2,5,,,10,10,80,564,0.003121332967887922,
generic-event,事件附近变化,84.038,0x234,6,7,,,10,10,35,287,0.0011055835202420823,
generic-event,事件附近变化,84.037,0x312,0,3,,,10,10,28,189,0.0009921116357257194,
generic-event,事件附近变化,84.037,0x3A1,6,7,,,10,10,40,282,0.0008336197048795,
generic-event,事件附近变化,84.037,0x228,6,6,,,10,10,40,281,0.0002722660079406473,
generic-event,事件附近变化,84.034,0x797,3,7,,,10,10,20,141,0.0005751302716757622,
generic-event,事件附近变化,84.032,0x318,6,3,,,10,10,40,282,0.0014565879773260734,
generic-event,事件附近变化,84.031,0x789,2,6,,,10,10,40,281,0.0014142223859181261,
generic-event,事件附近变化,84.025,0x2EC,2,6,,,10,10,40,282,0.0016366644404027543,
generic-event,事件附近变化,84.020,0x288,6,6,,,10,10,40,282,0.0004428083050379849,
generic-event,事件附近变化,84.020,0x288,7,6,,,10,10,40,282,0.0004428083050379849,
generic-event,事件附近变化,84.016,0x682,7,6,,,10,10,35,287,0.0018463703889574831,
generic-event,事件附近变化,84.015,0x2AA,2,6,,,10,10,40,282,0.0008228755097829443,
generic-event,事件附近变化,84.013,0x682,6,6,,,10,10,35,286,0.0015437859733280599,
generic-event,事件附近变化,84.009,0x552,7,6,,,10,10,38,284,0.0013745172142939745,
generic-event,事件附近变化,83.986,0x25B,6,6,,,10,10,35,287,0.0007498874510617488,
generic-event,事件附近变化,83.979,0x31A,7,5,,,10,10,35,287,0.0009853427420840766,
generic-event,事件附近变化,83.979,0x40A,7,5,,,10,10,35,287,0.0007906346055454029,
generic-event,事件附近变化,83.977,0x798,2,6,,,10,10,43,325,0.14308555264861603,
generic-event,事件附近变化,83.976,0x553,7,6,,,10,10,35,287,0.000848590554476109,
generic-event,事件附近变化,83.974,0x43B,0,0,,,10,10,60,454,0.004448628141172045,
generic-event,事件附近变化,83.928,0x545,6,7,EXP_windowMotionFeedback_LEFT,,10,10,58,430,0.003989571201307297,
generic-event,事件附近变化,83.920,0x7C8,4,0,,,8,10,11,61,0.474215710866933,
generic-event,事件附近变化,83.916,0x78A,2,2,,,10,10,42,325,0.14275117000378698,
generic-event,事件附近变化,83.909,0x7C8,1,6,,,8,10,13,61,0.7432109449249455,
generic-event,事件附近变化,83.893,0x2EC,1,5,,,10,10,70,573,0.0031075734669533633,
generic-event,事件附近变化,83.881,0x682,7,7,,,10,10,17,144,0.0009147318143787961,
generic-event,事件附近变化,83.881,0x39D,0,2,,,10,10,94,711,0.005444752468022005,
generic-event,事件附近变化,83.881,0x39D,1,2,,,10,10,94,711,0.005444752468022005,
generic-event,事件附近变化,83.862,0x23E,7,6,,,10,10,98,726,0.1289072672553504,
generic-event,事件附近变化,83.827,0x359,2,3,,,8,10,14,86,0.9317241015640927,
generic-event,事件附近变化,83.803,0x301,0,2,,,8,10,13,66,0.6884011325340043,
generic-event,事件附近变化,83.793,0x301,4,4,,,8,10,9,50,0.4920351537750641,
generic-event,事件附近变化,83.784,0x301,4,3,,,8,10,13,66,0.5266770220690524,
generic-event,事件附近变化,83.762,0x4E2,0,0,,,10,10,152,1134,0.009363134878477659,
generic-event,事件附近变化,83.761,0x552,6,4,,,10,10,150,1136,0.0049083036915535715,
generic-event,事件附近变化,83.761,0x552,7,4,,,10,10,150,1136,0.0049083036915535715,
generic-event,事件附近变化,83.759,0x7B8,1,2,,,10,10,44,324,0.14252774578666522,
generic-event,事件附近变化,83.758,0x39B,6,4,,,10,10,31,228,0.0014638707302404338,
generic-event,事件附近变化,83.758,0x39B,7,4,,,10,10,31,228,0.0014638707302404338,
generic-event,事件附近变化,83.750,0x7C8,1,1,,,8,10,11,62,0.4738536306203666,
generic-event,事件附近变化,83.730,0x20E,0,0,,,10,10,150,1137,0.004526363052869358,
generic-event,事件附近变化,83.730,0x20E,1,0,,,10,10,150,1137,0.004526363052869358,
generic-event,事件附近变化,83.723,0x7C8,0,2,,,8,10,10,62,0.47416029547240224,
generic-event,事件附近变化,83.723,0x7C8,4,6,,,8,10,10,62,0.47416029547240224,
generic-event,事件附近变化,83.722,0x31A,6,4,,,10,10,70,573,0.0020956450888535145,
generic-event,事件附近变化,83.722,0x31A,7,4,,,10,10,70,573,0.0020956450888535145,
generic-event,事件附近变化,83.715,0x2F1,3,1,,,8,10,18,138,1.008138220530569,
generic-event,事件附近变化,83.706,0x553,6,4,,,10,10,150,1136,0.0038192529644054236,
generic-event,事件附近变化,83.706,0x553,7,4,,,10,10,150,1136,0.0038192529644054236,
generic-event,事件附近变化,83.688,0x7B8,0,2,,,10,10,42,325,0.14296305146411853,
generic-event,事件附近变化,83.677,0x2AA,1,4,,,10,10,150,1137,0.0035241687909486337,
generic-event,事件附近变化,83.677,0x2AA,2,4,,,10,10,150,1137,0.0035241687909486337,
generic-event,事件附近变化,83.671,0x330,4,1,,,8,10,8,43,0.3571711125035937,
generic-event,事件附近变化,83.661,0x330,1,6,,,8,10,8,43,0.35005748347823296,
generic-event,事件附近变化,83.643,0x443,0,0,,,10,10,30,227,0.002284820049544932,
generic-event,事件附近变化,83.643,0x443,1,0,,,10,10,30,227,0.002284820049544932,
generic-event,事件附近变化,83.639,0x3C8,0,2,,,10,10,41,326,0.1429306040620268,
generic-event,事件附近变化,83.626,0x789,2,4,,,10,10,150,1136,0.00674774005148788,
generic-event,事件附近变化,83.626,0x789,3,4,,,10,10,150,1136,0.00674774005148788,
generic-event,事件附近变化,83.622,0x3E8,0,2,,,10,10,44,324,0.14272105106813454,
generic-event,事件附近变化,83.563,0x39A,0,0,,,10,10,150,1137,0.0059110962131662245,
generic-event,事件附近变化,83.563,0x39A,1,1,,,10,10,150,1137,0.0059110962131662245,
generic-event,事件附近变化,83.563,0x39A,1,5,,,10,10,150,1137,0.0059110962131662245,
generic-event,事件附近变化,83.563,0x39A,1,6,,,10,10,150,1137,0.0059110962131662245,
generic-event,事件附近变化,83.563,0x39A,1,7,,,10,10,150,1137,0.0059110962131662245,
generic-event,事件附近变化,83.563,0x39A,2,1,,,10,10,150,1137,0.0059110962131662245,
generic-event,事件附近变化,83.563,0x39A,3,0,,,10,10,150,1137,0.0059110962131662245,
generic-event,事件附近变化,83.563,0x39A,3,1,,,10,10,150,1137,0.0059110962131662245,
generic-event,事件附近变化,83.563,0x39A,3,7,,,10,10,150,1137,0.0059110962131662245,
generic-event,事件附近变化,83.563,0x39A,4,1,,,10,10,150,1137,0.0059110962131662245,
generic-event,事件附近变化,83.563,0x39A,5,2,,,10,10,150,1137,0.0059110962131662245,
generic-event,事件附近变化,83.563,0x39A,5,3,,,10,10,150,1137,0.0059110962131662245,
generic-event,事件附近变化,83.563,0x39A,5,4,,,10,10,150,1137,0.0059110962131662245,
generic-event,事件附近变化,83.563,0x39A,5,5,,,10,10,150,1137,0.0059110962131662245,
generic-event,事件附近变化,83.563,0x39A,5,6,,,10,10,150,1137,0.0059110962131662245,
generic-event,事件附近变化,83.563,0x39A,5,7,,,10,10,150,1137,0.0059110962131662245,
generic-event,事件附近变化,83.563,0x39A,6,0,,,10,10,150,1137,0.0059110962131662245,
generic-event,事件附近变化,83.563,0x39A,6,2,,,10,10,150,1137,0.0059110962131662245,
generic-event,事件附近变化,83.563,0x39A,6,3,,,10,10,150,1137,0.0059110962131662245,
generic-event,事件附近变化,83.563,0x39A,6,4,,,10,10,150,1137,0.0059110962131662245,
generic-event,事件附近变化,83.563,0x39A,6,5,,,10,10,150,1137,0.0059110962131662245,
generic-event,事件附近变化,83.563,0x39A,6,6,,,10,10,150,1137,0.0059110962131662245,
generic-event,事件附近变化,83.563,0x39A,6,7,,,10,10,150,1137,0.0059110962131662245,
generic-event,事件附近变化,83.563,0x39A,7,0,,,10,10,150,1137,0.0059110962131662245,
generic-event,事件附近变化,83.563,0x39A,7,1,,,10,10,150,1137,0.0059110962131662245,
generic-event,事件附近变化,83.563,0x39A,7,4,,,10,10,150,1137,0.0059110962131662245,
generic-event,事件附近变化,83.550,0x797,3,5,,,10,10,80,564,0.0018678585192623929,
generic-event,事件附近变化,83.529,0x234,6,5,,,10,10,150,1137,0.0038921734509805767,
generic-event,事件附近变化,83.528,0x392,0,0,,,10,10,30,226,0.001820483389174246,
generic-event,事件附近变化,83.528,0x392,1,2,,,10,10,30,226,0.001820483389174246,
generic-event,事件附近变化,83.528,0x392,1,3,,,10,10,30,226,0.001820483389174246,
generic-event,事件附近变化,83.528,0x392,2,0,,,10,10,30,226,0.001820483389174246,
generic-event,事件附近变化,83.528,0x392,2,3,,,10,10,30,226,0.001820483389174246,
generic-event,事件附近变化,83.528,0x392,2,5,,,10,10,30,226,0.001820483389174246,
generic-event,事件附近变化,83.528,0x392,2,7,,,10,10,30,226,0.001820483389174246,
generic-event,事件附近变化,83.528,0x392,3,0,,,10,10,30,226,0.001820483389174246,
generic-event,事件附近变化,83.528,0x392,3,1,,,10,10,30,226,0.001820483389174246,
generic-event,事件附近变化,83.528,0x392,3,2,,,10,10,30,226,0.001820483389174246,
generic-event,事件附近变化,83.528,0x392,3,5,,,10,10,30,226,0.001820483389174246,
generic-event,事件附近变化,83.528,0x392,3,6,,,10,10,30,226,0.001820483389174246,
generic-event,事件附近变化,83.528,0x392,4,4,,,10,10,30,226,0.001820483389174246,
generic-event,事件附近变化,83.528,0x392,5,0,,,10,10,30,226,0.001820483389174246,
generic-event,事件附近变化,83.528,0x392,5,1,,,10,10,30,226,0.001820483389174246,
generic-event,事件附近变化,83.528,0x392,5,2,,,10,10,30,226,0.001820483389174246,
generic-event,事件附近变化,83.528,0x392,5,5,,,10,10,30,226,0.001820483389174246,
generic-event,事件附近变化,83.528,0x392,6,1,,,10,10,30,226,0.001820483389174246,
generic-event,事件附近变化,83.524,0x3AE,6,6,,,10,10,98,753,0.05978895265207721,
generic-event,事件附近变化,83.524,0x3AE,7,6,,,10,10,98,753,0.05978895265207721,
generic-event,事件附近变化,83.513,0x2E8,6,7,,,10,10,19,141,0.00018337653476265518,
generic-event,事件附近变化,83.513,0x2E8,7,7,,,10,10,19,141,0.00018337653476265518,
generic-event,事件附近变化,83.504,0x312,0,0,,,10,10,30,226,0.0009329423646704668,
generic-event,事件附近变化,83.504,0x312,0,6,,,10,10,30,226,0.0009329423646704668,
generic-event,事件附近变化,83.504,0x312,1,1,,,10,10,30,226,0.0009329423646704668,
generic-event,事件附近变化,83.504,0x312,1,2,,,10,10,30,226,0.0009329423646704668,
generic-event,事件附近变化,83.504,0x312,1,5,,,10,10,30,226,0.0009329423646704668,
generic-event,事件附近变化,83.504,0x312,1,6,,,10,10,30,226,0.0009329423646704668,
generic-event,事件附近变化,83.504,0x312,2,0,,,10,10,30,226,0.0009329423646704668,
generic-event,事件附近变化,83.504,0x312,2,5,,,10,10,30,226,0.0009329423646704668,
generic-event,事件附近变化,83.504,0x312,2,7,,,10,10,30,226,0.0009329423646704668,
generic-event,事件附近变化,83.504,0x312,3,4,,,10,10,30,226,0.0009329423646704668,
generic-event,事件附近变化,83.504,0x312,4,2,,,10,10,30,226,0.0009329423646704668,
generic-event,事件附近变化,83.504,0x312,4,3,,,10,10,30,226,0.0009329423646704668,
generic-event,事件附近变化,83.504,0x312,4,5,,,10,10,30,226,0.0009329423646704668,
generic-event,事件附近变化,83.504,0x312,4,6,,,10,10,30,226,0.0009329423646704668,
generic-event,事件附近变化,83.504,0x312,5,2,,,10,10,30,226,0.0009329423646704668,
generic-event,事件附近变化,83.504,0x312,5,3,,,10,10,30,226,0.0009329423646704668,
generic-event,事件附近变化,83.504,0x312,5,4,,,10,10,30,226,0.0009329423646704668,
generic-event,事件附近变化,83.504,0x312,5,5,,,10,10,30,226,0.0009329423646704668,
generic-event,事件附近变化,83.504,0x312,6,0,,,10,10,30,226,0.0009329423646704668,
generic-event,事件附近变化,83.504,0x312,6,1,,,10,10,30,226,0.0009329423646704668,
generic-event,事件附近变化,83.504,0x312,6,2,,,10,10,30,226,0.0009329423646704668,
generic-event,事件附近变化,83.504,0x312,6,4,,,10,10,30,226,0.0009329423646704668,
generic-event,事件附近变化,83.504,0x312,7,2,,,10,10,30,226,0.0009329423646704668,
generic-event,事件附近变化,83.504,0x312,7,4,,,10,10,30,226,0.0009329423646704668,
generic-event,事件附近变化,83.464,0x318,7,3,,,10,10,38,301,0.11738324587487788,
generic-event,事件附近变化,83.457,0x3C3,0,0,,,10,10,150,1136,0.013128850393681455,
generic-event,事件附近变化,83.457,0x3C3,0,2,,,10,10,150,1136,0.013128850393681455,
generic-event,事件附近变化,83.457,0x3C3,0,4,,,10,10,150,1136,0.013128850393681455,
generic-event,事件附近变化,83.457,0x3C3,0,6,,,10,10,150,1136,0.013128850393681455,
generic-event,事件附近变化,83.457,0x3C3,1,0,,,10,10,150,1136,0.013128850393681455,
generic-event,事件附近变化,83.457,0x3C3,1,2,,,10,10,150,1136,0.013128850393681455,
generic-event,事件附近变化,83.457,0x3C3,1,4,,,10,10,150,1136,0.013128850393681455,
generic-event,事件附近变化,83.457,0x3C3,1,6,,,10,10,150,1136,0.013128850393681455,
generic-event,事件附近变化,83.457,0x3C3,2,0,,,10,10,150,1136,0.013128850393681455,
generic-event,事件附近变化,83.457,0x3C3,2,2,,,10,10,150,1136,0.013128850393681455,
generic-event,事件附近变化,83.457,0x3C3,2,4,,,10,10,150,1136,0.013128850393681455,
generic-event,事件附近变化,83.457,0x3C3,2,6,,,10,10,150,1136,0.013128850393681455,
generic-event,事件附近变化,83.457,0x3C3,3,0,,,10,10,150,1136,0.013128850393681455,
generic-event,事件附近变化,83.457,0x3C3,5,0,,,10,10,150,1136,0.013128850393681455,
generic-event,事件附近变化,83.457,0x3C3,5,2,,,10,10,150,1136,0.013128850393681455,
generic-event,事件附近变化,83.457,0x3C3,5,6,,,10,10,150,1136,0.013128850393681455,
generic-event,事件附近变化,83.457,0x3C3,5,7,,,10,10,150,1136,0.013128850393681455,
generic-event,事件附近变化,83.457,0x3C3,6,0,,,10,10,150,1136,0.013128850393681455,
generic-event,事件附近变化,83.457,0x3C3,6,1,,,10,10,150,1136,0.013128850393681455,
generic-event,事件附近变化,83.457,0x3C3,6,6,,,10,10,150,1136,0.013128850393681455,
generic-event,事件附近变化,83.453,0x545,6,6,EXP_windowMotionFeedback_LEFT,,10,10,113,862,0.00806032623387414,
generic-event,事件附近变化,83.440,0x289,3,6,,,10,10,150,1136,0.0013458842645281488,
generic-event,事件附近变化,83.440,0x289,4,2,,,10,10,150,1136,0.0013458842645281488,
generic-event,事件附近变化,83.430,0x372,0,1,,,10,10,120,910,0.10707068821190377,
generic-event,事件附近变化,83.414,0x6E8,0,0,,,10,10,10,118,0.0005060594469981543,
generic-event,事件附近变化,83.414,0x6E8,0,2,,,10,10,10,118,0.0005060594469981543,
generic-event,事件附近变化,83.414,0x6E8,0,3,,,10,10,10,118,0.0005060594469981543,
generic-event,事件附近变化,83.414,0x6E8,0,6,,,10,10,10,118,0.0005060594469981543,
generic-event,事件附近变化,83.414,0x6E8,1,1,,,10,10,10,118,0.0005060594469981543,
generic-event,事件附近变化,83.414,0x6E8,1,5,,,10,10,10,118,0.0005060594469981543,
generic-event,事件附近变化,83.414,0x6E8,1,6,,,10,10,10,118,0.0005060594469981543,
generic-event,事件附近变化,83.414,0x6E8,3,1,,,10,10,10,118,0.0005060594469981543,
generic-event,事件附近变化,83.414,0x6E8,3,4,,,10,10,10,118,0.0005060594469981543,
generic-event,事件附近变化,83.414,0x6E8,4,2,,,10,10,10,118,0.0005060594469981543,
generic-event,事件附近变化,83.393,0x37A,0,0,,,10,10,150,1136,0.010417148158970338,
generic-event,事件附近变化,83.373,0x2C3,0,0,,,10,10,150,1137,0.0014321397585604473,
generic-event,事件附近变化,83.373,0x2C3,0,2,,,10,10,150,1137,0.0014321397585604473,
generic-event,事件附近变化,83.373,0x2C3,0,4,,,10,10,150,1137,0.0014321397585604473,
generic-event,事件附近变化,83.373,0x2C3,0,6,,,10,10,150,1137,0.0014321397585604473,
generic-event,事件附近变化,83.373,0x2C3,1,0,,,10,10,150,1137,0.0014321397585604473,
generic-event,事件附近变化,83.373,0x2C3,1,1,,,10,10,150,1137,0.0014321397585604473,
generic-event,事件附近变化,83.373,0x2C3,1,5,,,10,10,150,1137,0.0014321397585604473,
generic-event,事件附近变化,83.373,0x2C3,1,7,,,10,10,150,1137,0.0014321397585604473,
generic-event,事件附近变化,83.373,0x2C3,2,3,,,10,10,150,1137,0.0014321397585604473,
generic-event,事件附近变化,83.373,0x2C3,2,5,,,10,10,150,1137,0.0014321397585604473,
generic-event,事件附近变化,83.373,0x2C3,2,7,,,10,10,150,1137,0.0014321397585604473,
generic-event,事件附近变化,83.373,0x2C3,3,0,,,10,10,150,1137,0.0014321397585604473,
generic-event,事件附近变化,83.373,0x2C3,3,2,,,10,10,150,1137,0.0014321397585604473,
generic-event,事件附近变化,83.373,0x2C3,3,3,,,10,10,150,1137,0.0014321397585604473,
generic-event,事件附近变化,83.373,0x2C3,3,4,,,10,10,150,1137,0.0014321397585604473,
generic-event,事件附近变化,83.373,0x2C3,3,5,,,10,10,150,1137,0.0014321397585604473,
generic-event,事件附近变化,83.373,0x2C3,3,6,,,10,10,150,1137,0.0014321397585604473,
generic-event,事件附近变化,83.373,0x2C3,3,7,,,10,10,150,1137,0.0014321397585604473,
generic-event,事件附近变化,83.373,0x2C3,4,0,,,10,10,150,1137,0.0014321397585604473,
generic-event,事件附近变化,83.373,0x2C3,4,1,,,10,10,150,1137,0.0014321397585604473,
generic-event,事件附近变化,83.373,0x2C3,6,1,,,10,10,150,1137,0.0014321397585604473,
generic-event,事件附近变化,83.373,0x2C3,6,4,,,10,10,150,1137,0.0014321397585604473,
generic-event,事件附近变化,83.373,0x2C3,6,7,,,10,10,150,1137,0.0014321397585604473,
generic-event,事件附近变化,83.373,0x2C3,7,1,,,10,10,150,1137,0.0014321397585604473,
generic-event,事件附近变化,83.373,0x2C3,7,2,,,10,10,150,1137,0.0014321397585604473,
generic-event,事件附近变化,83.373,0x2C3,7,3,,,10,10,150,1137,0.0014321397585604473,
generic-event,事件附近变化,83.373,0x2C3,7,5,,,10,10,150,1137,0.0014321397585604473,
generic-event,事件附近变化,83.373,0x2C3,7,6,,,10,10,150,1137,0.0014321397585604473,
generic-event,事件附近变化,83.367,0x359,7,6,,,8,10,24,172,1.3023615041648056,
generic-event,事件附近变化,83.325,0x334,6,4,,,10,10,30,227,0.002527542553301054,
generic-event,事件附近变化,83.325,0x334,7,4,,,10,10,30,227,0.002527542553301054,
generic-event,事件附近变化,83.297,0x302,7,7,,,8,10,8,51,0.6108091202853175,
generic-event,事件附近变化,83.292,0x219,0,0,,,10,10,150,1137,0.003931671947978232,
generic-event,事件附近变化,83.292,0x219,5,0,,,10,10,150,1137,0.003931671947978232,
generic-event,事件附近变化,83.283,0x3E9,6,4,,,10,10,30,229,0.0016279231441862334,
generic-event,事件附近变化,83.283,0x3E9,7,4,,,10,10,30,229,0.0016279231441862334,
generic-event,事件附近变化,83.259,0x25B,6,7,,,10,10,17,144,0.00044288735044595973,
generic-event,事件附近变化,83.237,0x40A,7,6,,,10,10,17,144,0.0004751168378953153,
generic-event,事件附近变化,83.199,0x7FF,0,2,,,10,10,32,254,0.11087015030652582,
generic-event,事件附近变化,83.195,0x288,6,4,,,10,10,150,1137,0.0051940872860087575,
generic-event,事件附近变化,83.195,0x288,7,4,,,10,10,150,1137,0.0051940872860087575,
generic-event,事件附近变化,83.179,0x3DD,0,0,,,8,10,8,105,0.2940921583488998,
generic-event,事件附近变化,83.173,0x2C2,0,0,EXP_leftWindowExecutionPosition,,10,10,165,1147,0.11720054174050426,
generic-event,事件附近变化,83.173,0x2C2,0,5,EXP_leftWindowExecutionPosition,,10,10,165,1147,0.11720054174050426,
generic-event,事件附近变化,83.173,0x2C2,0,6,EXP_leftWindowExecutionPosition,,10,10,165,1147,0.11720054174050426,
generic-event,事件附近变化,83.173,0x2C2,6,4,EXP_leftWindowExecutionPosition,,10,10,161,1147,0.11942996639705764,
generic-event,事件附近变化,83.173,0x2C2,7,2,EXP_leftWindowExecutionPosition,,10,10,163,1147,0.11803792609328814,
generic-event,事件附近变化,83.173,0x2C2,7,5,EXP_leftWindowExecutionPosition,,10,10,165,1147,0.11720054174050426,
generic-event,事件附近变化,83.173,0x2C2,7,6,EXP_leftWindowExecutionPosition,,10,10,165,1147,0.11720054174050426,
generic-event,事件附近变化,83.151,0x7B8,6,5,,,10,10,70,573,0.007326097946366253,
generic-event,事件附近变化,83.149,0x2A8,6,7,,,10,10,19,141,0.00043853842977650197,
generic-event,事件附近变化,83.141,0x340,0,1,,,10,10,70,573,0.002288782259322861,
generic-event,事件附近变化,83.089,0x420,6,7,,,10,10,150,1137,0.005199867912578183,
generic-event,事件附近变化,83.065,0x301,5,2,,,8,10,11,68,0.6023495905903193,
generic-event,事件附近变化,83.065,0x301,5,3,,,8,10,11,68,0.6023495905903193,
generic-event,事件附近变化,83.050,0x261,6,7,,,10,10,119,887,0.0050444307462290975,
generic-event,事件附近变化,83.038,0x55A,0,2,,,10,10,30,227,0.00365077137633552,
generic-event,事件附近变化,83.036,0x379,0,1,,,10,10,70,573,0.0010825587621522497,
generic-event,事件附近变化,83.005,0x2F9,3,3,,,10,10,150,1137,0.004888224711455279,
generic-event,事件附近变化,82.980,0x4E3,0,0,,,10,10,150,1136,0.008899040060489955,
generic-event,事件附近变化,82.955,0x2E8,6,5,,,10,10,70,573,0.0005914380512357133,
generic-event,事件附近变化,82.955,0x2E8,7,5,,,10,10,70,573,0.0005914380512357133,
generic-event,事件附近变化,82.954,0x798,6,4,,,10,10,150,1137,0.006752244657027745,
generic-event,事件附近变化,82.937,0x25B,6,5,,,10,10,70,573,0.001392389068220327,
generic-event,事件附近变化,82.937,0x25B,7,5,,,10,10,70,573,0.001392389068220327,
generic-event,事件附近变化,82.906,0x40A,6,4,,,10,10,70,573,0.0015739343353206054,
generic-event,事件附近变化,82.906,0x40A,7,4,,,10,10,70,573,0.0015739343353206054,
generic-event,事件附近变化,82.894,0x25B,6,4,,,10,10,150,1136,0.0031910948458225524,
generic-event,事件附近变化,82.894,0x25B,7,4,,,10,10,150,1136,0.0031910948458225524,
generic-event,事件附近变化,82.882,0x2E8,6,4,,,10,10,150,1136,0.002441668734730269,
generic-event,事件附近变化,82.882,0x2E8,7,4,,,10,10,150,1136,0.002441668734730269,
generic-event,事件附近变化,82.853,0x4E3,0,1,,,10,10,70,573,0.001026459523143607,
generic-event,事件附近变化,82.853,0x441,6,3,,,10,10,150,1137,0.009151769302439383,
generic-event,事件附近变化,82.853,0x441,7,3,,,10,10,150,1137,0.009151769302439383,
generic-event,事件附近变化,82.807,0x310,0,1,,,7,10,7,44,0.4399834879232777,
generic-event,事件附近变化,82.807,0x310,2,2,,,7,10,7,44,0.4399834879232777,
generic-event,事件附近变化,82.807,0x310,6,1,,,7,10,7,44,0.4399834879232777,
generic-event,事件附近变化,82.795,0x379,0,0,,,10,10,150,1136,0.0043793464660349295,
generic-event,事件附近变化,82.776,0x420,7,0,,,10,10,80,564,0.002248654604466157,
generic-event,事件附近变化,82.749,0x2C2,1,6,EXP_leftWindowExecutionPosition,,8,10,81,573,6.128587646858038,
generic-event,事件附近变化,82.738,0x249,1,1,,,10,10,150,1137,0.0037393329057374535,
generic-event,事件附近变化,82.727,0x229,1,0,,,10,10,150,1136,0.00265912849271183,
generic-event,事件附近变化,82.719,0x2A8,6,4,,,10,10,150,1137,0.005277418804855519,
generic-event,事件附近变化,82.719,0x2A8,7,4,,,10,10,150,1137,0.005277418804855519,
generic-event,事件附近变化,82.686,0x340,0,0,,,10,10,150,1136,0.00522163912553099,
generic-event,事件附近变化,82.678,0x288,6,5,,,10,10,80,564,0.0009192673228180674,
generic-event,事件附近变化,82.678,0x288,7,5,,,10,10,80,564,0.0009192673228180674,
generic-event,事件附近变化,82.676,0x7B8,6,4,,,10,10,150,1136,0.014422186874435892,
generic-event,事件附近变化,82.658,0x709,2,2,,,8,10,11,63,0.9061942341819805,
generic-event,事件附近变化,82.631,0x288,6,7,,,10,10,20,141,0.00023163273873331945,
generic-event,事件附近变化,82.631,0x288,7,7,,,10,10,20,141,0.00023163273873331945,
generic-event,事件附近变化,82.610,0x272,0,0,,,10,10,150,1136,0.0026803154737920685,
generic-event,事件附近变化,82.610,0x272,0,1,,,10,10,150,1136,0.0026803154737920685,
generic-event,事件附近变化,82.610,0x272,0,2,,,10,10,150,1136,0.0026803154737920685,
generic-event,事件附近变化,82.610,0x272,0,3,,,10,10,150,1136,0.0026803154737920685,
generic-event,事件附近变化,82.610,0x272,1,7,,,10,10,150,1136,0.0026803154737920685,
generic-event,事件附近变化,82.610,0x272,2,2,,,10,10,150,1136,0.0026803154737920685,
generic-event,事件附近变化,82.610,0x272,2,3,,,10,10,150,1136,0.0026803154737920685,
generic-event,事件附近变化,82.610,0x272,2,7,,,10,10,150,1136,0.0026803154737920685,
generic-event,事件附近变化,82.610,0x272,3,4,,,10,10,150,1136,0.0026803154737920685,
generic-event,事件附近变化,82.610,0x272,3,5,,,10,10,150,1136,0.0026803154737920685,
generic-event,事件附近变化,82.610,0x272,3,6,,,10,10,150,1136,0.0026803154737920685,
generic-event,事件附近变化,82.610,0x272,4,0,,,10,10,150,1136,0.0026803154737920685,
generic-event,事件附近变化,82.610,0x272,4,1,,,10,10,150,1136,0.0026803154737920685,
generic-event,事件附近变化,82.610,0x272,4,2,,,10,10,150,1136,0.0026803154737920685,
generic-event,事件附近变化,82.610,0x272,5,4,,,10,10,150,1136,0.0026803154737920685,
generic-event,事件附近变化,82.610,0x272,5,5,,,10,10,150,1136,0.0026803154737920685,
generic-event,事件附近变化,82.610,0x272,5,7,,,10,10,150,1136,0.0026803154737920685,
generic-event,事件附近变化,82.610,0x272,6,0,,,10,10,150,1136,0.0026803154737920685,
generic-event,事件附近变化,82.610,0x272,6,1,,,10,10,150,1136,0.0026803154737920685,
generic-event,事件附近变化,82.610,0x272,6,2,,,10,10,150,1136,0.0026803154737920685,
generic-event,事件附近变化,82.610,0x272,7,3,,,10,10,150,1136,0.0026803154737920685,
generic-event,事件附近变化,82.519,0x75D,0,2,,,10,10,24,159,0.1426857838117177,
generic-event,事件附近变化,82.501,0x229,1,3,,,10,10,20,140,0.00036028405206130285,
generic-event,事件附近变化,82.494,0x393,0,0,,,10,10,150,1136,0.003893886298473977,
generic-event,事件附近变化,82.494,0x393,0,1,,,10,10,150,1136,0.003893886298473977,
generic-event,事件附近变化,82.494,0x393,0,2,,,10,10,150,1136,0.003893886298473977,
generic-event,事件附近变化,82.494,0x393,0,3,,,10,10,150,1136,0.003893886298473977,
generic-event,事件附近变化,82.494,0x393,1,7,,,10,10,150,1136,0.003893886298473977,
generic-event,事件附近变化,82.494,0x393,2,2,,,10,10,150,1136,0.003893886298473977,
generic-event,事件附近变化,82.494,0x393,2,3,,,10,10,150,1136,0.003893886298473977,
generic-event,事件附近变化,82.494,0x393,2,7,,,10,10,150,1136,0.003893886298473977,
generic-event,事件附近变化,82.494,0x393,3,4,,,10,10,150,1136,0.003893886298473977,
generic-event,事件附近变化,82.494,0x393,3,5,,,10,10,150,1136,0.003893886298473977,
generic-event,事件附近变化,82.494,0x393,3,6,,,10,10,150,1136,0.003893886298473977,
generic-event,事件附近变化,82.494,0x393,4,0,,,10,10,150,1136,0.003893886298473977,
generic-event,事件附近变化,82.494,0x393,4,1,,,10,10,150,1136,0.003893886298473977,
generic-event,事件附近变化,82.494,0x393,4,2,,,10,10,150,1136,0.003893886298473977,
generic-event,事件附近变化,82.494,0x393,5,4,,,10,10,150,1136,0.003893886298473977,
generic-event,事件附近变化,82.494,0x393,5,5,,,10,10,150,1136,0.003893886298473977,
generic-event,事件附近变化,82.494,0x393,5,7,,,10,10,150,1136,0.003893886298473977,
generic-event,事件附近变化,82.494,0x393,6,0,,,10,10,150,1136,0.003893886298473977,
generic-event,事件附近变化,82.494,0x393,6,1,,,10,10,150,1136,0.003893886298473977,
generic-event,事件附近变化,82.494,0x393,6,2,,,10,10,150,1136,0.003893886298473977,
generic-event,事件附近变化,82.494,0x393,7,3,,,10,10,150,1136,0.003893886298473977,
generic-event,事件附近变化,82.455,0x727,0,0,,,10,10,20,107,0.00039952511949522943,
generic-event,事件附近变化,82.455,0x23E,7,5,,,10,10,189,1429,0.14614555429172457,
generic-event,事件附近变化,82.441,0x37A,0,1,,,10,10,70,573,0.0038805683834431085,
generic-event,事件附近变化,82.431,0x23E,6,5,,,10,10,190,1419,0.007111706585416255,
generic-event,事件附近变化,82.429,0x682,6,4,,,10,10,150,1137,0.006385196842158934,
generic-event,事件附近变化,82.429,0x682,7,4,,,10,10,150,1137,0.006385196842158934,
generic-event,事件附近变化,82.421,0x129,1,3,,,10,10,185,1424,0.0026720635776381323,
generic-event,事件附近变化,82.405,0x319,0,0,,,7,10,7,102,0.4285398880019061,
generic-event,事件附近变化,82.401,0x2E3,0,2,,,10,10,27,188,0.00027341209190475334,
generic-event,事件附近变化,82.395,0x228,6,4,,,10,10,150,1136,0.0012926135325281795,
generic-event,事件附近变化,82.395,0x228,7,4,,,10,10,150,1136,0.0012926135325281795,
generic-event,事件附近变化,82.392,0x39D,0,1,,,10,10,185,1424,0.011690773414398099,
generic-event,事件附近变化,82.392,0x39D,1,1,,,10,10,185,1424,0.011690773414398099,
generic-event,事件附近变化,82.350,0x122,0,0,,,10,10,150,1136,0.006347558286348514,
generic-event,事件附近变化,82.350,0x122,2,1,,,10,10,150,1136,0.006347558286348514,
generic-event,事件附近变化,82.350,0x122,2,4,,,10,10,150,1136,0.006347558286348514,
generic-event,事件附近变化,82.350,0x122,3,1,,,10,10,150,1136,0.006347558286348514,
generic-event,事件附近变化,82.350,0x122,3,4,,,10,10,150,1136,0.006347558286348514,
generic-event,事件附近变化,82.350,0x122,3,7,,,10,10,150,1136,0.006347558286348514,
generic-event,事件附近变化,82.350,0x122,4,1,,,10,10,150,1136,0.006347558286348514,
generic-event,事件附近变化,82.350,0x122,4,4,,,10,10,150,1136,0.006347558286348514,
generic-event,事件附近变化,82.350,0x122,5,0,,,10,10,150,1136,0.006347558286348514,
generic-event,事件附近变化,82.350,0x122,5,1,,,10,10,150,1136,0.006347558286348514,
generic-event,事件附近变化,82.350,0x122,5,2,,,10,10,150,1136,0.006347558286348514,
generic-event,事件附近变化,82.350,0x122,5,3,,,10,10,150,1136,0.006347558286348514,
generic-event,事件附近变化,82.350,0x122,5,4,,,10,10,150,1136,0.006347558286348514,
generic-event,事件附近变化,82.350,0x122,5,5,,,10,10,150,1136,0.006347558286348514,
generic-event,事件附近变化,82.335,0x797,2,4,,,10,10,150,1137,0.004422246835298641,
generic-event,事件附近变化,82.335,0x797,3,4,,,10,10,150,1137,0.004422246835298641,
generic-event,事件附近变化,82.330,0x3A2,3,2,,,8,10,55,297,3.0915271675025364,
generic-event,事件附近变化,82.318,0x3C9,0,0,,,10,10,10,118,0.00037188429983773727,
generic-event,事件附近变化,82.296,0x234,6,6,,,10,10,70,574,0.0019499695345545117,
generic-event,事件附近变化,82.285,0x3AE,6,5,,,10,10,198,1504,0.10230583141627989,
generic-event,事件附近变化,82.285,0x3AE,7,5,,,10,10,198,1504,0.10230583141627989,
generic-event,事件附近变化,82.276,0x318,6,4,,,10,10,20,141,0.0008593930054556118,
generic-event,事件附近变化,82.233,0x39B,7,5,,,10,10,16,113,0.0005928761311015414,
generic-event,事件附近变化,82.220,0x3E9,7,5,,,10,10,15,114,0.0007980476326065164,
generic-event,事件附近变化,82.209,0x3A1,6,5,,,10,10,150,1138,0.004946472836211761,
generic-event,事件附近变化,82.208,0x2AA,2,5,,,10,10,80,564,0.0016394159498274107,
generic-event,事件附近变化,82.207,0x221,6,5,,,10,10,150,1137,0.004715957200425613,
generic-event,事件附近变化,82.207,0x221,7,5,,,10,10,150,1137,0.004715957200425613,
generic-event,事件附近变化,82.169,0x318,6,1,,,10,10,150,1137,0.006741034138874954,
generic-event,事件附近变化,82.137,0x2C4,7,6,,,8,10,16,106,0.911579401225499,
generic-event,事件附近变化,82.129,0x553,7,5,,,10,10,70,573,0.0017642840440207398,
generic-event,事件附近变化,82.106,0x552,7,5,,,10,10,78,565,0.0026681267066605723,
generic-event,事件附近变化,82.094,0x2EC,2,7,,,10,10,20,141,0.0008225083021670539,
generic-event,事件附近变化,82.090,0x4E2,0,1,,,10,10,72,571,0.004339505504415868,
generic-event,事件附近变化,82.089,0x284,6,4,,,10,10,30,226,0.0015938981121863297,
generic-event,事件附近变化,82.089,0x284,7,4,,,10,10,30,226,0.0015938981121863297,
generic-event,事件附近变化,82.006,0x123,0,0,,,10,10,150,1137,0.0005540645411822398,
generic-event,事件附近变化,82.006,0x123,2,1,,,10,10,150,1137,0.0005540645411822398,
generic-event,事件附近变化,82.006,0x123,2,4,,,10,10,150,1137,0.0005540645411822398,
generic-event,事件附近变化,82.006,0x123,3,1,,,10,10,150,1137,0.0005540645411822398,
generic-event,事件附近变化,82.006,0x123,3,4,,,10,10,150,1137,0.0005540645411822398,
generic-event,事件附近变化,82.006,0x123,3,7,,,10,10,150,1137,0.0005540645411822398,
generic-event,事件附近变化,82.006,0x123,4,1,,,10,10,150,1137,0.0005540645411822398,
generic-event,事件附近变化,82.006,0x123,4,4,,,10,10,150,1137,0.0005540645411822398,
generic-event,事件附近变化,82.006,0x123,4,6,,,10,10,150,1137,0.0005540645411822398,
generic-event,事件附近变化,82.006,0x123,4,7,,,10,10,150,1137,0.0005540645411822398,
generic-event,事件附近变化,82.006,0x123,5,0,,,10,10,150,1137,0.0005540645411822398,
generic-event,事件附近变化,82.006,0x123,5,1,,,10,10,150,1137,0.0005540645411822398,
generic-event,事件附近变化,82.006,0x123,5,2,,,10,10,150,1137,0.0005540645411822398,
generic-event,事件附近变化,82.006,0x123,5,3,,,10,10,150,1137,0.0005540645411822398,
generic-event,事件附近变化,82.006,0x123,5,4,,,10,10,150,1137,0.0005540645411822398,
generic-event,事件附近变化,82.006,0x123,5,5,,,10,10,150,1137,0.0005540645411822398,
generic-event,事件附近变化,82.006,0x123,7,7,,,10,10,150,1137,0.0005540645411822398,
generic-event,事件附近变化,81.998,0x2EC,1,4,,,10,10,150,1137,0.006062257945908811,
generic-event,事件附近变化,81.998,0x2EC,2,4,,,10,10,150,1137,0.006062257945908811,
generic-event,事件附近变化,81.990,0x381,0,1,,,10,10,213,1642,0.1340424941205616,
generic-event,事件附近变化,81.976,0x23A,0,0,,,10,10,20,107,0.00015340015765978165,
generic-event,事件附近变化,81.970,0x2E2,0,2,,,10,10,23,160,0.14289326035178682,
generic-event,事件附近变化,81.905,0x228,6,7,,,10,10,20,141,0.00015504423527731506,
generic-event,事件附近变化,81.888,0x261,6,6,,,10,10,233,1779,0.009621438471619805,
generic-event,事件附近变化,81.836,0x545,6,5,EXP_windowMotionFeedback_LEFT,,10,10,227,1723,0.015835355851233024,
generic-event,事件附近变化,81.739,0x201,0,1,,,10,10,300,2275,0.005183783814094311,
generic-event,事件附近变化,81.739,0x201,1,1,,,10,10,300,2275,0.005183783814094311,
generic-event,事件附近变化,81.739,0x201,6,3,,,10,10,300,2275,0.005183783814094311,
generic-event,事件附近变化,81.739,0x201,6,4,,,10,10,300,2275,0.005183783814094311,
generic-event,事件附近变化,81.739,0x201,7,1,,,10,10,300,2275,0.005183783814094311,
generic-event,事件附近变化,81.739,0x201,7,2,,,10,10,300,2275,0.005183783814094311,
generic-event,事件附近变化,81.739,0x201,7,3,,,10,10,300,2275,0.005183783814094311,
generic-event,事件附近变化,81.739,0x201,7,4,,,10,10,300,2275,0.005183783814094311,
generic-event,事件附近变化,81.739,0x201,7,5,,,10,10,300,2275,0.005183783814094311,
generic-event,事件附近变化,81.732,0x2E2,7,7,,,10,10,23,161,0.14300000696670057,
generic-event,事件附近变化,81.731,0x142,0,0,,,10,10,300,2274,0.0042609496283973385,
generic-event,事件附近变化,81.731,0x142,0,3,,,10,10,300,2274,0.0042609496283973385,
generic-event,事件附近变化,81.731,0x142,0,5,,,10,10,300,2274,0.0042609496283973385,
generic-event,事件附近变化,81.731,0x142,2,1,,,10,10,300,2274,0.0042609496283973385,
generic-event,事件附近变化,81.731,0x142,2,6,,,10,10,300,2274,0.0042609496283973385,
generic-event,事件附近变化,81.731,0x142,3,2,,,10,10,300,2274,0.0042609496283973385,
generic-event,事件附近变化,81.731,0x142,3,4,,,10,10,300,2274,0.0042609496283973385,
generic-event,事件附近变化,81.731,0x142,3,6,,,10,10,300,2274,0.0042609496283973385,
generic-event,事件附近变化,81.731,0x142,4,6,,,10,10,300,2274,0.0042609496283973385,
generic-event,事件附近变化,81.731,0x142,4,7,,,10,10,300,2274,0.0042609496283973385,
generic-event,事件附近变化,81.731,0x142,5,0,,,10,10,300,2274,0.0042609496283973385,
generic-event,事件附近变化,81.731,0x142,5,1,,,10,10,300,2274,0.0042609496283973385,
generic-event,事件附近变化,81.731,0x142,5,3,,,10,10,300,2274,0.0042609496283973385,
generic-event,事件附近变化,81.731,0x142,5,4,,,10,10,300,2274,0.0042609496283973385,
generic-event,事件附近变化,81.731,0x142,6,0,,,10,10,300,2274,0.0042609496283973385,
generic-event,事件附近变化,81.687,0x3CC,2,6,,,10,10,30,226,0.00033543244181574787,
generic-event,事件附近变化,81.488,0x221,0,0,,,10,10,300,2274,0.012491269526018148,
generic-event,事件附近变化,81.488,0x221,1,6,,,10,10,300,2274,0.012491269526018148,
generic-event,事件附近变化,81.488,0x221,2,4,,,10,10,300,2274,0.012491269526018148,
generic-event,事件附近变化,81.488,0x221,2,6,,,10,10,300,2274,0.012491269526018148,
generic-event,事件附近变化,81.488,0x221,3,2,,,10,10,300,2274,0.012491269526018148,
generic-event,事件附近变化,81.488,0x221,3,4,,,10,10,300,2274,0.012491269526018148,
generic-event,事件附近变化,81.488,0x221,3,6,,,10,10,300,2274,0.012491269526018148,
generic-event,事件附近变化,81.488,0x221,4,0,,,10,10,300,2274,0.012491269526018148,
generic-event,事件附近变化,81.488,0x221,5,1,,,10,10,300,2274,0.012491269526018148,
generic-event,事件附近变化,81.488,0x221,5,4,,,10,10,300,2274,0.012491269526018148,
generic-event,事件附近变化,81.488,0x221,5,6,,,10,10,300,2274,0.012491269526018148,
generic-event,事件附近变化,81.488,0x221,6,0,,,10,10,300,2274,0.012491269526018148,
generic-event,事件附近变化,81.488,0x221,6,4,,,10,10,300,2274,0.012491269526018148,
generic-event,事件附近变化,81.488,0x221,7,0,,,10,10,300,2274,0.012491269526018148,
generic-event,事件附近变化,81.482,0x3A1,5,3,,,10,10,298,2273,0.05707480166794228,
generic-event,事件附近变化,81.479,0x3A1,0,0,,,10,10,300,2275,0.012304619065893274,
generic-event,事件附近变化,81.479,0x3A1,0,1,,,10,10,300,2275,0.012304619065893274,
generic-event,事件附近变化,81.479,0x3A1,0,6,,,10,10,300,2275,0.012304619065893274,
generic-event,事件附近变化,81.479,0x3A1,0,7,,,10,10,300,2275,0.012304619065893274,
generic-event,事件附近变化,81.479,0x3A1,1,3,,,10,10,300,2275,0.012304619065893274,
generic-event,事件附近变化,81.479,0x3A1,1,4,,,10,10,300,2275,0.012304619065893274,
generic-event,事件附近变化,81.479,0x3A1,1,5,,,10,10,300,2275,0.012304619065893274,
generic-event,事件附近变化,81.479,0x3A1,1,7,,,10,10,300,2275,0.012304619065893274,
generic-event,事件附近变化,81.479,0x3A1,2,0,,,10,10,300,2275,0.012304619065893274,
generic-event,事件附近变化,81.479,0x3A1,2,2,,,10,10,300,2275,0.012304619065893274,
generic-event,事件附近变化,81.479,0x3A1,2,3,,,10,10,300,2275,0.012304619065893274,
generic-event,事件附近变化,81.479,0x3A1,2,6,,,10,10,300,2275,0.012304619065893274,
generic-event,事件附近变化,81.479,0x3A1,3,0,,,10,10,300,2275,0.012304619065893274,
generic-event,事件附近变化,81.479,0x3A1,4,2,,,10,10,300,2275,0.012304619065893274,
generic-event,事件附近变化,81.479,0x3A1,4,3,,,10,10,300,2275,0.012304619065893274,
generic-event,事件附近变化,81.479,0x3A1,4,4,,,10,10,300,2275,0.012304619065893274,
generic-event,事件附近变化,81.479,0x3A1,4,5,,,10,10,300,2275,0.012304619065893274,
generic-event,事件附近变化,81.479,0x3A1,6,1,,,10,10,300,2275,0.012304619065893274,
generic-event,事件附近变化,81.479,0x3A1,6,4,,,10,10,300,2275,0.012304619065893274,
generic-event,事件附近变化,81.465,0x234,3,2,,,10,10,295,2263,0.11173605153784588,
generic-event,事件附近变化,81.465,0x234,4,4,,,10,10,295,2263,0.11173605153784588,
generic-event,事件附近变化,81.451,0x234,1,0,,,10,10,300,2274,0.013497006281164167,
generic-event,事件附近变化,81.451,0x234,3,5,,,10,10,300,2274,0.013497006281164167,
generic-event,事件附近变化,81.451,0x234,3,7,,,10,10,300,2274,0.013497006281164167,
generic-event,事件附近变化,81.451,0x234,4,1,,,10,10,300,2274,0.013497006281164167,
generic-event,事件附近变化,81.451,0x234,4,6,,,10,10,300,2274,0.013497006281164167,
generic-event,事件附近变化,81.451,0x234,4,7,,,10,10,300,2274,0.013497006281164167,
generic-event,事件附近变化,81.451,0x234,5,2,,,10,10,300,2274,0.013497006281164167,
generic-event,事件附近变化,81.451,0x234,6,2,,,10,10,300,2274,0.013497006281164167,
generic-event,事件附近变化,81.451,0x234,6,4,,,10,10,300,2274,0.013497006281164167,
generic-event,事件附近变化,81.448,0x2AA,2,7,,,10,10,20,141,0.00039869310815232,
generic-event,事件附近变化,81.410,0x789,2,7,,,10,10,20,141,0.0005421880446857635,
generic-event,事件附近变化,81.383,0x553,6,7,,,10,10,20,141,0.0004779779823409867,
generic-event,事件附近变化,81.378,0x552,7,7,,,10,10,19,142,0.0007589308577509554,
generic-event,事件附近变化,81.355,0x34A,0,0,,,10,10,30,226,0.00013148904860685128,
generic-event,事件附近变化,81.336,0x43B,0,1,,,10,10,30,227,0.0003390355910539409,
generic-event,事件附近变化,81.280,0x2E1,1,3,,,10,10,313,2369,0.013616029441030112,
generic-event,事件附近变化,81.232,0x552,6,7,,,10,10,16,145,0.0006923978487167312,
generic-event,事件附近变化,81.232,0x553,7,7,,,10,10,18,143,0.0005042229046731983,
generic-event,事件附近变化,81.218,0x261,1,3,,,10,10,310,2372,0.014148845197795324,
generic-event,事件附近变化,81.218,0x261,4,4,,,10,10,310,2372,0.014148845197795324,
generic-event,事件附近变化,81.215,0x2E1,1,5,,,10,10,313,2370,0.014065120133324414,
generic-event,事件附近变化,81.215,0x2AA,1,7,,,10,10,16,145,0.0004545501963093811,
generic-event,事件附近变化,81.132,0x261,1,1,,,10,10,313,2369,0.013844893466073403,
generic-event,事件附近变化,81.132,0x261,5,3,,,10,10,313,2369,0.013844893466073403,
generic-event,事件附近变化,81.093,0x318,7,4,,,10,10,19,151,0.07377477138556608,
generic-event,事件附近变化,81.085,0x798,6,7,,,10,10,16,145,0.0005435624407822172,
generic-event,事件附近变化,81.036,0x2A8,7,7,,,10,10,16,145,0.0004640819349766546,
generic-event,事件附近变化,80.974,0x249,1,0,,,10,10,300,2274,0.01208691052774689,
generic-event,事件附近变化,80.964,0x682,6,7,,,10,10,16,145,0.0007107804312692955,
generic-event,事件附近变化,80.950,0x797,2,7,,,10,10,16,145,0.00051980381440631,
generic-event,事件附近变化,80.900,0x45A,0,0,,,10,10,300,2274,0.018894850738063174,
generic-event,事件附近变化,80.900,0x45A,0,2,,,10,10,300,2274,0.018894850738063174,
generic-event,事件附近变化,80.900,0x45A,0,3,,,10,10,300,2274,0.018894850738063174,
generic-event,事件附近变化,80.900,0x45A,0,4,,,10,10,300,2274,0.018894850738063174,
generic-event,事件附近变化,80.900,0x45A,0,6,,,10,10,300,2274,0.018894850738063174,
generic-event,事件附近变化,80.900,0x45A,0,7,,,10,10,300,2274,0.018894850738063174,
generic-event,事件附近变化,80.900,0x45A,1,2,,,10,10,300,2274,0.018894850738063174,
generic-event,事件附近变化,80.900,0x45A,1,3,,,10,10,300,2274,0.018894850738063174,
generic-event,事件附近变化,80.900,0x45A,1,6,,,10,10,300,2274,0.018894850738063174,
generic-event,事件附近变化,80.900,0x45A,2,0,,,10,10,300,2274,0.018894850738063174,
generic-event,事件附近变化,80.900,0x45A,2,1,,,10,10,300,2274,0.018894850738063174,
generic-event,事件附近变化,80.900,0x45A,2,4,,,10,10,300,2274,0.018894850738063174,
generic-event,事件附近变化,80.900,0x45A,2,5,,,10,10,300,2274,0.018894850738063174,
generic-event,事件附近变化,80.900,0x45A,2,7,,,10,10,300,2274,0.018894850738063174,
generic-event,事件附近变化,80.900,0x45A,3,2,,,10,10,300,2274,0.018894850738063174,
generic-event,事件附近变化,80.900,0x45A,3,4,,,10,10,300,2274,0.018894850738063174,
generic-event,事件附近变化,80.900,0x45A,3,5,,,10,10,300,2274,0.018894850738063174,
generic-event,事件附近变化,80.900,0x45A,4,2,,,10,10,300,2274,0.018894850738063174,
generic-event,事件附近变化,80.900,0x45A,4,3,,,10,10,300,2274,0.018894850738063174,
generic-event,事件附近变化,80.900,0x45A,4,4,,,10,10,300,2274,0.018894850738063174,
generic-event,事件附近变化,80.900,0x45A,4,5,,,10,10,300,2274,0.018894850738063174,
generic-event,事件附近变化,80.900,0x45A,5,3,,,10,10,300,2274,0.018894850738063174,
generic-event,事件附近变化,80.900,0x45A,5,6,,,10,10,300,2274,0.018894850738063174,
generic-event,事件附近变化,80.882,0x441,0,3,,,10,10,300,2274,0.015660958679368314,
generic-event,事件附近变化,80.882,0x441,0,4,,,10,10,300,2274,0.015660958679368314,
generic-event,事件附近变化,80.882,0x441,0,5,,,10,10,300,2274,0.015660958679368314,
generic-event,事件附近变化,80.882,0x441,1,0,,,10,10,300,2274,0.015660958679368314,
generic-event,事件附近变化,80.882,0x441,1,2,,,10,10,300,2274,0.015660958679368314,
generic-event,事件附近变化,80.882,0x441,1,7,,,10,10,300,2274,0.015660958679368314,
generic-event,事件附近变化,80.882,0x441,2,0,,,10,10,300,2274,0.015660958679368314,
generic-event,事件附近变化,80.882,0x441,2,1,,,10,10,300,2274,0.015660958679368314,
generic-event,事件附近变化,80.882,0x441,2,2,,,10,10,300,2274,0.015660958679368314,
generic-event,事件附近变化,80.882,0x441,2,3,,,10,10,300,2274,0.015660958679368314,
generic-event,事件附近变化,80.882,0x441,2,4,,,10,10,300,2274,0.015660958679368314,
generic-event,事件附近变化,80.882,0x441,2,5,,,10,10,300,2274,0.015660958679368314,
generic-event,事件附近变化,80.882,0x441,3,0,,,10,10,300,2274,0.015660958679368314,
generic-event,事件附近变化,80.882,0x441,3,1,,,10,10,300,2274,0.015660958679368314,
generic-event,事件附近变化,80.882,0x441,3,6,,,10,10,300,2274,0.015660958679368314,
generic-event,事件附近变化,80.882,0x441,3,7,,,10,10,300,2274,0.015660958679368314,
generic-event,事件附近变化,80.882,0x441,4,1,,,10,10,300,2274,0.015660958679368314,
generic-event,事件附近变化,80.882,0x441,4,3,,,10,10,300,2274,0.015660958679368314,
generic-event,事件附近变化,80.882,0x441,4,5,,,10,10,300,2274,0.015660958679368314,
generic-event,事件附近变化,80.882,0x441,4,6,,,10,10,300,2274,0.015660958679368314,
generic-event,事件附近变化,80.882,0x441,6,0,,,10,10,300,2274,0.015660958679368314,
generic-event,事件附近变化,80.882,0x441,6,2,,,10,10,300,2274,0.015660958679368314,
generic-event,事件附近变化,80.869,0x3C2,0,0,VCLEFT_switchStatus_EXP,,10,10,300,2274,0.05523804510976974,
generic-event,事件附近变化,80.869,0x3C2,0,3,VCLEFT_switchStatus_EXP,,10,10,300,2274,0.05523804510976974,
generic-event,事件附近变化,80.869,0x3C2,0,5,VCLEFT_switchStatus_EXP,,10,10,300,2274,0.05523804510976974,
generic-event,事件附近变化,80.869,0x3C2,2,0,VCLEFT_switchStatus_EXP,,10,10,300,2274,0.05523804510976974,
generic-event,事件附近变化,80.869,0x3C2,2,2,VCLEFT_switchStatus_EXP,,10,10,300,2274,0.05523804510976974,
generic-event,事件附近变化,80.869,0x3C2,2,4,VCLEFT_switchStatus_EXP,,10,10,300,2274,0.05523804510976974,
generic-event,事件附近变化,80.869,0x3C2,2,6,VCLEFT_switchStatus_EXP,,10,10,300,2274,0.05523804510976974,
generic-event,事件附近变化,80.869,0x3C2,3,0,VCLEFT_switchStatus_EXP,,10,10,300,2274,0.05523804510976974,
generic-event,事件附近变化,80.869,0x3C2,3,2,VCLEFT_switchStatus_EXP,,10,10,300,2274,0.05523804510976974,
generic-event,事件附近变化,80.869,0x3C2,3,4,VCLEFT_switchStatus_EXP,,10,10,300,2274,0.05523804510976974,
generic-event,事件附近变化,80.869,0x3C2,3,6,VCLEFT_switchStatus_EXP,,10,10,300,2274,0.05523804510976974,
generic-event,事件附近变化,80.869,0x3C2,6,0,VCLEFT_switchStatus_EXP,,10,10,300,2274,0.05523804510976974,
generic-event,事件附近变化,80.869,0x3C2,6,3,VCLEFT_switchStatus_EXP,,10,10,300,2274,0.05523804510976974,
generic-event,事件附近变化,80.869,0x3C2,6,4,VCLEFT_switchStatus_EXP,,10,10,300,2274,0.05523804510976974,
generic-event,事件附近变化,80.869,0x3C2,6,6,VCLEFT_switchStatus_EXP,,10,10,300,2274,0.05523804510976974,
generic-event,事件附近变化,80.869,0x3C2,7,0,VCLEFT_switchStatus_EXP,,10,10,300,2274,0.05523804510976974,
generic-event,事件附近变化,80.869,0x3C2,7,2,VCLEFT_switchStatus_EXP,,10,10,300,2274,0.05523804510976974,
generic-event,事件附近变化,80.869,0x3C2,7,6,VCLEFT_switchStatus_EXP,,10,10,300,2274,0.05523804510976974,
generic-event,事件附近变化,80.869,0x3C2,7,7,VCLEFT_switchStatus_EXP,,10,10,300,2274,0.05523804510976974,
generic-event,事件附近变化,80.858,0x2EC,1,7,,,10,10,16,145,0.0008634568108722577,
generic-event,事件附近变化,80.814,0x31A,6,6,,,10,10,16,145,0.0005678179154177139,
generic-event,事件附近变化,80.714,0x7B8,6,7,,,10,10,16,145,0.0020055686716819003,
generic-event,事件附近变化,80.703,0x129,1,2,,,10,10,370,2848,0.006229338347737207,
generic-event,事件附近变化,80.652,0x25B,7,7,,,10,10,16,145,0.0003661232507228261,
generic-event,事件附近变化,80.652,0x23E,6,4,,,10,10,380,2838,0.012073624893694703,
generic-event,事件附近变化,80.649,0x40A,6,6,,,10,10,16,145,0.00030581064018720837,
generic-event,事件附近变化,80.601,0x31A,7,6,,,10,10,18,143,0.0005150083989225077,
generic-event,事件附近变化,80.498,0x70B,4,3,,,7,10,10,65,0.6646628527066675,
generic-event,事件附近变化,80.427,0x39D,0,0,,,10,10,372,2846,0.022338215789066328,
generic-event,事件附近变化,80.427,0x39D,1,0,,,10,10,372,2846,0.022338215789066328,
generic-event,事件附近变化,80.378,0x420,7,2,,,10,10,20,141,0.0005152414892428443,
generic-event,事件附近变化,80.343,0x2C4,7,7,,,8,10,13,109,0.8149481928670246,
generic-event,事件附近变化,80.259,0x545,6,4,EXP_windowMotionFeedback_LEFT,,10,10,455,3445,0.03365735306852364,
generic-event,事件附近变化,80.242,0x372,0,3,,,10,10,30,228,0.041591642604869174,
generic-event,事件附近变化,80.162,0x3B2,4,1,,,7,10,14,156,1.1097828737070996,
generic-event,事件附近变化,80.139,0x261,6,5,,,10,10,467,3556,0.021498783163722883,
generic-event,事件附近变化,80.084,0x238,6,4,,,10,10,30,227,0.0021457606444752987,
generic-event,事件附近变化,80.084,0x238,7,4,,,10,10,30,227,0.0021457606444752987,
generic-event,事件附近变化,79.979,0x724,0,0,,,10,10,20,108,0.0011947644148363943,
generic-event,事件附近变化,79.948,0x709,0,1,,,10,10,25,175,0.11963797942808214,
generic-event,事件附近变化,79.864,0x3F2,0,0,,,10,10,20,108,0.0002225856436181297,
generic-event,事件附近变化,79.824,0x332,0,0,,,10,10,20,108,0.00023497864304447623,
generic-event,事件附近变化,79.824,0x332,0,4,,,10,10,20,108,0.00023497864304447623,
generic-event,事件附近变化,79.824,0x332,0,6,,,10,10,20,108,0.00023497864304447623,
generic-event,事件附近变化,79.824,0x332,0,7,,,10,10,20,108,0.00023497864304447623,
generic-event,事件附近变化,79.824,0x332,1,1,,,10,10,20,108,0.00023497864304447623,
generic-event,事件附近变化,79.824,0x332,1,4,,,10,10,20,108,0.00023497864304447623,
generic-event,事件附近变化,79.824,0x332,2,1,,,10,10,20,108,0.00023497864304447623,
generic-event,事件附近变化,79.824,0x332,2,2,,,10,10,20,108,0.00023497864304447623,
generic-event,事件附近变化,79.824,0x332,2,4,,,10,10,20,108,0.00023497864304447623,
generic-event,事件附近变化,79.824,0x332,2,5,,,10,10,20,108,0.00023497864304447623,
generic-event,事件附近变化,79.824,0x332,2,6,,,10,10,20,108,0.00023497864304447623,
generic-event,事件附近变化,79.824,0x332,2,7,,,10,10,20,108,0.00023497864304447623,
generic-event,事件附近变化,79.824,0x332,3,4,,,10,10,20,108,0.00023497864304447623,
generic-event,事件附近变化,79.824,0x332,3,7,,,10,10,20,108,0.00023497864304447623,
generic-event,事件附近变化,79.824,0x332,4,1,,,10,10,20,108,0.00023497864304447623,
generic-event,事件附近变化,79.824,0x332,4,3,,,10,10,20,108,0.00023497864304447623,
generic-event,事件附近变化,79.824,0x332,4,4,,,10,10,20,108,0.00023497864304447623,
generic-event,事件附近变化,79.824,0x332,4,6,,,10,10,20,108,0.00023497864304447623,
generic-event,事件附近变化,79.824,0x332,4,7,,,10,10,20,108,0.00023497864304447623,
generic-event,事件附近变化,79.801,0x789,3,7,,,10,10,20,141,0.0006844784728858695,
generic-event,事件附近变化,79.661,0x201,0,0,,,10,10,600,4549,0.00825363580844856,
generic-event,事件附近变化,79.556,0x330,5,1,,,10,10,16,86,0.0007097550582911907,
generic-event,事件附近变化,79.484,0x39B,6,5,,,10,10,15,115,0.0009718453978690286,
generic-event,事件附近变化,79.470,0x3E9,6,5,,,10,10,15,115,0.0008946260963806866,
generic-event,事件附近变化,79.375,0x3AA,0,0,,,10,10,30,227,0.0011776814337659358,
generic-event,事件附近变化,79.346,0x77A,0,0,,,10,10,30,227,0.001031248091197005,
generic-event,事件附近变化,79.346,0x77A,0,5,,,10,10,30,227,0.001031248091197005,
generic-event,事件附近变化,79.346,0x77A,0,7,,,10,10,30,227,0.001031248091197005,
generic-event,事件附近变化,79.346,0x77A,2,6,,,10,10,30,227,0.001031248091197005,
generic-event,事件附近变化,79.346,0x77A,2,7,,,10,10,30,227,0.001031248091197005,
generic-event,事件附近变化,79.346,0x77A,3,0,,,10,10,30,227,0.001031248091197005,
generic-event,事件附近变化,79.346,0x77A,3,2,,,10,10,30,227,0.001031248091197005,
generic-event,事件附近变化,79.346,0x77A,3,3,,,10,10,30,227,0.001031248091197005,
generic-event,事件附近变化,79.346,0x77A,3,4,,,10,10,30,227,0.001031248091197005,
generic-event,事件附近变化,79.346,0x77A,3,6,,,10,10,30,227,0.001031248091197005,
generic-event,事件附近变化,79.346,0x77A,4,1,,,10,10,30,227,0.001031248091197005,
generic-event,事件附近变化,79.346,0x77A,4,3,,,10,10,30,227,0.001031248091197005,
generic-event,事件附近变化,79.346,0x77A,5,0,,,10,10,30,227,0.001031248091197005,
generic-event,事件附近变化,79.346,0x77A,5,4,,,10,10,30,227,0.001031248091197005,
generic-event,事件附近变化,79.346,0x77A,5,6,,,10,10,30,227,0.001031248091197005,
generic-event,事件附近变化,79.346,0x77A,6,0,,,10,10,30,227,0.001031248091197005,
generic-event,事件附近变化,79.346,0x77A,6,1,,,10,10,30,227,0.001031248091197005,
generic-event,事件附近变化,79.346,0x77A,6,2,,,10,10,30,227,0.001031248091197005,
generic-event,事件附近变化,79.346,0x77A,6,7,,,10,10,30,227,0.001031248091197005,
generic-event,事件附近变化,79.346,0x77A,7,2,,,10,10,30,227,0.001031248091197005,
generic-event,事件附近变化,79.346,0x77A,7,3,,,10,10,30,227,0.001031248091197005,
generic-event,事件附近变化,79.346,0x77A,7,4,,,10,10,30,227,0.001031248091197005,
generic-event,事件附近变化,79.346,0x77A,7,5,,,10,10,30,227,0.001031248091197005,
generic-event,事件附近变化,79.285,0x238,6,5,,,10,10,10,118,0.0009084404720563247,
generic-event,事件附近变化,79.285,0x238,7,5,,,10,10,10,118,0.0009084404720563247,
generic-event,事件附近变化,79.057,0x3C9,1,3,,,7,10,7,78,0.33332603619600626,
generic-event,事件附近变化,79.057,0x3C9,1,4,,,7,10,7,78,0.33332603619600626,
generic-event,事件附近变化,79.057,0x3C9,3,0,,,7,10,7,78,0.33332603619600626,
generic-event,事件附近变化,79.057,0x3C9,5,0,,,7,10,7,78,0.33332603619600626,
generic-event,事件附近变化,79.042,0x3C9,1,7,,,7,10,7,78,0.3333297423576673,
generic-event,事件附近变化,79.042,0x3C9,3,2,,,7,10,7,78,0.3333297423576673,
generic-event,事件附近变化,79.042,0x3C9,4,0,,,7,10,7,78,0.3333297423576673,
generic-event,事件附近变化,78.856,0x2C4,7,2,,,8,10,15,107,0.911515957628556,
generic-event,事件附近变化,78.695,0x129,1,1,,,10,10,750,5687,0.01066150413871132,
generic-event,事件附近变化,78.686,0x77A,1,1,,,7,10,13,61,1.5679513911477547,
generic-event,事件附近变化,78.354,0x6C8,0,0,,,10,10,20,108,0.0003607358606218537,
generic-event,事件附近变化,78.354,0x6C8,0,2,,,10,10,20,108,0.0003607358606218537,
generic-event,事件附近变化,78.354,0x6C8,0,3,,,10,10,20,108,0.0003607358606218537,
generic-event,事件附近变化,78.354,0x6C8,0,4,,,10,10,20,108,0.0003607358606218537,
generic-event,事件附近变化,78.354,0x6C8,0,6,,,10,10,20,108,0.0003607358606218537,
generic-event,事件附近变化,78.354,0x6C8,1,1,,,10,10,20,108,0.0003607358606218537,
generic-event,事件附近变化,78.354,0x6C8,1,5,,,10,10,20,108,0.0003607358606218537,
generic-event,事件附近变化,78.354,0x6C8,1,6,,,10,10,20,108,0.0003607358606218537,
generic-event,事件附近变化,78.354,0x6C8,3,0,,,10,10,20,108,0.0003607358606218537,
generic-event,事件附近变化,78.354,0x6C8,3,1,,,10,10,20,108,0.0003607358606218537,
generic-event,事件附近变化,78.354,0x6C8,3,4,,,10,10,20,108,0.0003607358606218537,
generic-event,事件附近变化,78.354,0x6C8,4,2,,,10,10,20,108,0.0003607358606218537,
generic-event,事件附近变化,78.261,0x2E1,0,0,,,10,10,939,7108,0.04159842613223582,
generic-event,事件附近变化,78.215,0x261,0,0,,,10,10,936,7110,0.040696872599043116,
generic-event,事件附近变化,78.215,0x261,6,4,,,10,10,936,7110,0.040696872599043116,
generic-event,事件附近变化,78.198,0x3DB,3,6,,,7,10,10,55,0.7498941773193893,
generic-event,事件附近变化,78.198,0x3DB,3,7,,,7,10,10,55,0.7498941773193893,
generic-event,事件附近变化,78.100,0x3B2,2,7,,,7,10,16,125,0.902894040774539,
generic-event,事件附近变化,78.031,0x34A,0,1,,,10,10,10,118,5.9786598890759074e-05,
generic-event,事件附近变化,78.031,0x34A,7,5,,,10,10,10,118,5.9786598890759074e-05,
generic-event,事件附近变化,78.031,0x34A,7,6,,,10,10,10,118,5.9786598890759074e-05,
generic-event,事件附近变化,77.959,0x77A,1,5,,,7,10,13,78,1.5973078714434852,
generic-event,事件附近变化,77.959,0x77A,1,6,,,7,10,13,78,1.5832751819664033,
generic-event,事件附近变化,77.798,0x3F2,5,1,,,7,10,8,34,0.5273933474407583,
generic-event,事件附近变化,77.700,0x3CC,2,7,,,10,10,10,118,0.00019511104263508953,
window,运动过程,77.657,0x2B4,4,6,,14.013147317323172,6,6,13,1,,
window,运动过程,77.657,0x2B4,4,7,,14.013147317323172,6,6,13,1,,
window,运动过程,77.657,0x2B4,5,0,,14.013147317323172,6,6,13,1,,
generic-event,事件附近变化,77.473,0x737,0,1,,,7,10,7,44,0.19994034356420884,
generic-event,事件附近变化,77.425,0x3B2,4,5,,,7,10,20,148,1.222736294663899,
generic-event,事件附近变化,77.372,0x102,4,1,,,7,10,18,124,1.6291103881475515,
generic-event,事件附近变化,77.372,0x102,4,2,,,7,10,18,124,1.6291103881475515,
generic-event,事件附近变化,77.305,0x284,6,5,,,10,10,10,118,0.0006464385332718755,
generic-event,事件附近变化,77.278,0x2F1,5,3,,,7,10,18,132,1.3766172653534803,
generic-event,事件附近变化,77.234,0x709,3,1,,,7,10,14,84,1.2323456532548833,
generic-event,事件附近变化,77.173,0x359,3,4,,,7,10,18,178,1.1442528644522656,
generic-event,事件附近变化,77.134,0x330,4,2,,,7,10,10,42,0.6140305278256354,
generic-event,事件附近变化,77.091,0x38B,2,3,,,10,10,13,115,0.0007384534505297087,
generic-event,事件附近变化,77.091,0x38B,4,3,,,10,10,13,115,0.0007384534505297087,
generic-event,事件附近变化,76.945,0x129,1,0,,,10,10,1500,11374,0.023119569495085437,
generic-event,事件附近变化,76.931,0x330,5,2,,,7,10,7,45,0.6139846811084857,
generic-event,事件附近变化,76.931,0x330,5,5,,,7,10,7,45,0.6139846811084857,
generic-event,事件附近变化,76.899,0x70B,1,7,,,7,10,12,64,0.44706936954100057,
generic-event,事件附近变化,76.548,0x709,4,7,,,7,10,13,141,1.7236148138703946,
generic-event,事件附近变化,76.546,0x45A,7,0,,,7,10,210,1033,6.530793230656057,
generic-event,事件附近变化,76.516,0x709,4,2,,,7,10,10,40,0.731057699378852,
generic-event,事件附近变化,76.515,0x2C2,3,0,EXP_leftWindowExecutionPosition,,7,10,87,490,6.2462697554870195,
generic-event,事件附近变化,76.412,0x318,7,0,,,10,10,10,117,0.12308580847744734,
generic-event,事件附近变化,76.362,0x318,2,0,,,10,10,10,119,0.0007259504704562406,
generic-event,事件附近变化,76.345,0x348,4,0,,,10,10,10,118,0.0008579339841835841,
generic-event,事件附近变化,76.317,0x52F,7,6,,,10,10,10,118,0.0010247584807046423,
generic-event,事件附近变化,76.300,0x528,3,0,,,10,10,10,118,0.0011407229900305155,
generic-event,事件附近变化,76.261,0x334,6,5,,,10,10,20,109,0.0010464191483711828,
generic-event,事件附近变化,76.261,0x334,7,5,,,10,10,20,109,0.0010464191483711828,
generic-event,事件附近变化,76.226,0x379,3,5,,,7,10,21,197,2.2276650050733546,
generic-event,事件附近变化,76.211,0x330,1,0,,,7,10,10,41,0.6142675416517368,
generic-event,事件附近变化,76.085,0x75D,4,7,,,7,10,15,81,1.2647706090059627,
generic-event,事件附近变化,76.015,0x443,1,1,,,10,10,20,109,0.0007804157393837577,
generic-event,事件附近变化,75.996,0x359,2,7,,,7,10,30,264,1.5304421344754744,
generic-event,事件附近变化,75.908,0x2C4,2,6,,,7,10,15,107,0.9825401232365765,
generic-event,事件附近变化,75.845,0x3B2,2,2,,,7,10,13,132,1.0346683315279206,
window,运动过程,75.797,0x2C2,4,7,EXP_leftWindowExecutionPosition,17.794854390495942,6,6,109,11,,
window,运动过程,75.710,0x272,2,0,,16.713962121099808,6,6,85,9,,
generic-event,事件附近变化,75.567,0x2C2,6,3,EXP_leftWindowExecutionPosition,,7,10,102,682,3.4158695015854548,
generic-event,事件附近变化,75.388,0x709,0,2,,,10,10,13,87,0.08176471719146117,
generic-event,事件附近变化,75.319,0x3B2,2,4,,,7,10,15,167,0.9452807222342045,
window,运动过程,75.242,0x7A8,0,2,,14.190079974943396,6,6,50,6,,
generic-event,事件附近变化,75.177,0x407,1,1,,,10,10,20,109,0.0003526380239762291,
generic-event,事件附近变化,75.008,0x2C2,0,1,EXP_leftWindowExecutionPosition,,7,10,60,288,5.479719903957253,
generic-event,事件附近变化,74.981,0x3B2,2,6,,,7,10,13,131,1.1159266336500675,
generic-event,事件附近变化,74.923,0x3B2,1,4,,,7,10,14,134,0.9842376789415921,
generic-event,事件附近变化,74.704,0x709,3,0,,,7,10,11,65,1.2375357304255532,
generic-event,事件附近变化,74.701,0x3F2,2,6,,,7,10,11,53,0.6984103064665954,
generic-event,事件附近变化,74.697,0x3B2,3,2,,,7,10,13,137,1.057860232890659,
generic-event,事件附近变化,74.652,0x3B2,2,1,,,7,10,16,147,1.1582864016932808,
generic-event,事件附近变化,74.532,0x70B,6,6,,,7,10,10,42,0.607029030889129,
generic-event,事件附近变化,74.494,0x52F,5,0,,,7,10,7,88,0.35346624868074483,
generic-event,事件附近变化,74.473,0x302,4,4,,,7,10,7,33,0.8632223203633775,
generic-event,事件附近变化,74.438,0x3F2,1,2,,,7,10,12,58,0.7174119687872333,
window,运动过程,74.414,0x545,1,2,EXP_windowMotionFeedback_LEFT,15.626560156477336,6,6,120,14,,
generic-event,事件附近变化,74.343,0x709,1,2,,,7,10,14,136,0.9412889723790386,
generic-event,事件附近变化,74.234,0x798,4,6,,,7,10,16,102,1.869508746791185,
generic-event,事件附近变化,74.233,0x3F2,5,3,,,7,10,8,34,0.6231782300506866,
generic-event,事件附近变化,74.051,0x300,4,3,,,7,10,7,36,0.33333280703650586,
generic-event,事件附近变化,74.051,0x300,4,4,,,7,10,7,36,0.33333280703650586,
generic-event,事件附近变化,74.051,0x300,4,6,,,7,10,7,36,0.33333280703650586,
generic-event,事件附近变化,74.051,0x300,7,0,,,7,10,7,36,0.33333280703650586,
generic-event,事件附近变化,74.051,0x300,7,7,,,7,10,7,36,0.33333280703650586,
window,运动过程,74.019,0x2C2,1,2,EXP_leftWindowExecutionPosition,13.574869991195891,6,6,76,10,,
generic-event,事件附近变化,74.016,0x302,6,2,,,7,10,7,33,0.7055196958148561,
generic-event,事件附近变化,73.729,0x302,6,1,,,7,10,11,49,0.6735776486588845,
generic-event,事件附近变化,73.655,0x302,6,7,,,7,10,7,33,0.8930529055793123,
generic-event,事件附近变化,73.655,0x302,7,4,,,7,10,7,33,0.8930529055793123,
generic-event,事件附近变化,73.613,0x302,6,6,,,7,10,7,33,0.8632262656763092,
generic-event,事件附近变化,73.613,0x302,7,6,,,7,10,7,33,0.8632262656763092,
window,运动过程,73.516,0x2C2,2,4,EXP_leftWindowExecutionPosition,13.260977167603468,6,6,88,12,,
generic-event,事件附近变化,73.428,0x2E3,4,7,,,7,10,19,133,1.1143318151829222,
generic-event,事件附近变化,73.326,0x302,6,0,,,7,10,11,49,0.8614043049340286,
generic-event,事件附近变化,73.316,0x302,5,7,,,7,10,11,49,1.2171975959670265,
generic-event,事件附近变化,73.316,0x302,7,0,,,7,10,11,49,1.2171975959670265,
generic-event,事件附近变化,73.290,0x313,6,5,,,10,10,10,118,0.001156879635650753,
generic-event,事件附近变化,73.290,0x313,7,5,,,10,10,10,118,0.001156879635650753,
generic-event,事件附近变化,73.269,0x70B,3,1,,,7,10,10,65,0.43995584942472055,
generic-event,事件附近变化,73.240,0x366,6,5,,,7,10,7,57,0.49599221988135184,
generic-event,事件附近变化,73.240,0x366,6,7,,,7,10,7,57,0.49599221988135184,
generic-event,事件附近变化,73.212,0x3DD,0,6,,,7,10,7,50,0.6691044890570066,
generic-event,事件附近变化,73.203,0x70B,3,7,,,7,10,11,65,0.6652337732805219,
generic-event,事件附近变化,73.197,0x302,6,4,,,7,10,7,33,0.7055207949820735,
generic-event,事件附近变化,73.195,0x70B,4,4,,,7,10,11,65,0.6588749764849852,
generic-event,事件附近变化,73.067,0x2C4,5,6,,,7,10,18,191,0.9636570356525997,
generic-event,事件附近变化,73.054,0x321,6,5,,,10,10,10,53,7.783771809062178e-05,
generic-event,事件附近变化,73.054,0x321,7,5,,,10,10,10,53,7.783771809062178e-05,
generic-event,事件附近变化,73.006,0x301,0,3,,,7,10,7,32,0.508745560356239,
generic-event,事件附近变化,72.993,0x3DB,0,3,,,7,10,7,57,0.2510281405332878,
generic-event,事件附近变化,72.964,0x3F2,0,1,,,10,10,10,54,0.00011876014726817531,
generic-event,事件附近变化,72.960,0x2C2,1,4,EXP_leftWindowExecutionPosition,,7,10,57,157,5.4418155453504,
generic-event,事件附近变化,72.959,0x407,1,2,,,10,10,10,54,0.0001748419296466026,
generic-event,事件附近变化,72.947,0x727,0,1,,,10,10,10,54,0.0002636523716344742,
generic-event,事件附近变化,72.942,0x443,1,2,,,10,10,10,54,0.0003594098953778724,
generic-event,事件附近变化,72.794,0x302,6,3,,,7,10,7,33,0.8632271788200642,
generic-event,事件附近变化,72.789,0x284,7,6,,,10,10,10,54,0.000311690703677836,
generic-event,事件附近变化,72.786,0x2E3,6,2,,,7,10,19,165,0.8467241923721439,
generic-event,事件附近变化,72.724,0x213,1,6,,,10,10,10,55,0.0007094673999121383,
generic-event,事件附近变化,72.716,0x334,6,6,,,10,10,10,55,0.000501006717252614,
generic-event,事件附近变化,72.716,0x334,7,6,,,10,10,10,55,0.000501006717252614,
generic-event,事件附近变化,72.658,0x359,3,2,,,7,10,12,86,0.8535266097111958,
generic-event,事件附近变化,72.658,0x359,3,5,,,7,10,12,86,0.8535266097111958,
generic-event,事件附近变化,72.625,0x301,4,0,,,7,10,11,48,0.8583075712271379,
generic-event,事件附近变化,72.609,0x545,2,3,EXP_windowMotionFeedback_LEFT,,7,10,43,549,3.127301936767554,
generic-event,事件附近变化,72.491,0x301,6,2,,,7,10,10,50,0.6736151845228984,
generic-event,事件附近变化,72.476,0x302,0,3,,,7,10,7,32,0.5087552644943899,
generic-event,事件附近变化,72.406,0x709,5,3,,,7,10,13,141,1.9131818422290379,
window,运动过程,72.353,0x2C2,2,2,EXP_leftWindowExecutionPosition,30.063618696582623,5,6,44,2,,
generic-event,事件附近变化,72.283,0x213,1,5,,,10,10,20,109,0.001111747197720855,
generic-event,事件附近变化,72.283,0x3DD,2,1,,,7,10,7,69,0.7151401568425613,
generic-event,事件附近变化,72.187,0x3DD,1,1,,,7,10,7,71,0.7983630917304564,
generic-event,事件附近变化,72.149,0x37D,0,0,,,10,10,10,118,0.0003994431068036295,
generic-event,事件附近变化,72.149,0x37D,0,1,,,10,10,10,118,0.0003994431068036295,
generic-event,事件附近变化,72.149,0x37D,0,5,,,10,10,10,118,0.0003994431068036295,
generic-event,事件附近变化,72.149,0x37D,0,6,,,10,10,10,118,0.0003994431068036295,
generic-event,事件附近变化,72.149,0x37D,0,7,,,10,10,10,118,0.0003994431068036295,
generic-event,事件附近变化,72.149,0x37D,1,0,,,10,10,10,118,0.0003994431068036295,
generic-event,事件附近变化,72.149,0x37D,1,1,,,10,10,10,118,0.0003994431068036295,
generic-event,事件附近变化,72.149,0x37D,1,2,,,10,10,10,118,0.0003994431068036295,
generic-event,事件附近变化,72.149,0x37D,1,3,,,10,10,10,118,0.0003994431068036295,
generic-event,事件附近变化,72.149,0x37D,1,7,,,10,10,10,118,0.0003994431068036295,
generic-event,事件附近变化,72.149,0x37D,2,0,,,10,10,10,118,0.0003994431068036295,
generic-event,事件附近变化,72.149,0x37D,2,4,,,10,10,10,118,0.0003994431068036295,
generic-event,事件附近变化,72.149,0x37D,2,7,,,10,10,10,118,0.0003994431068036295,
generic-event,事件附近变化,72.149,0x37D,3,4,,,10,10,10,118,0.0003994431068036295,
generic-event,事件附近变化,72.149,0x37D,3,7,,,10,10,10,118,0.0003994431068036295,
generic-event,事件附近变化,72.113,0x3A2,0,4,,,7,10,85,955,7.60557659502096,
generic-event,事件附近变化,72.084,0x301,6,0,,,7,10,10,50,0.815693793750984,
generic-event,事件附近变化,72.084,0x301,6,4,,,7,10,10,50,0.815693793750984,
generic-event,事件附近变化,72.084,0x301,6,6,,,7,10,10,50,0.815693793750984,
generic-event,事件附近变化,71.983,0x7C8,2,2,,,7,10,11,61,0.7450876447432866,
generic-event,事件附近变化,71.983,0x7C8,4,3,,,7,10,11,61,0.7450876447432866,
generic-event,事件附近变化,71.960,0x343,4,0,,,7,10,23,99,1.869680207528773,
generic-event,事件附近变化,71.902,0x3DD,1,3,,,7,10,7,78,0.33351627586650495,
generic-event,事件附近变化,71.895,0x3DD,1,4,,,7,10,7,78,0.5092654896196435,
generic-event,事件附近变化,71.875,0x301,7,1,,,7,10,9,50,0.6201677992758508,
generic-event,事件附近变化,71.875,0x301,7,2,,,7,10,9,50,0.6201677992758508,
generic-event,事件附近变化,71.833,0x3DD,0,5,,,7,10,7,80,0.48488762677207103,
generic-event,事件附近变化,71.794,0x7C8,3,6,,,7,10,11,63,0.7431981537356421,
generic-event,事件附近变化,71.794,0x7C8,3,7,,,7,10,11,63,0.7431981537356421,
generic-event,事件附近变化,71.794,0x7C8,5,1,,,7,10,11,63,0.7431981537356421,
generic-event,事件附近变化,71.751,0x70B,3,0,,,6,10,9,40,0.8246103795481022,
generic-event,事件附近变化,71.751,0x70B,3,3,,,6,10,9,40,0.8246103795481022,
generic-event,事件附近变化,71.728,0x70B,7,6,,,6,10,12,40,0.6069607963385784,
generic-event,事件附近变化,71.638,0x3DB,1,5,,,7,10,9,55,0.5039391176395057,
generic-event,事件附近变化,71.638,0x3DB,2,2,,,7,10,9,55,0.5039391176395057,
generic-event,事件附近变化,71.456,0x359,2,2,,,7,10,12,86,0.9319765218471572,
generic-event,事件附近变化,71.351,0x293,6,5,,,10,10,12,117,0.0013195289349741156,
generic-event,事件附近变化,71.223,0x330,3,0,,,7,10,10,42,0.6140790241185038,
generic-event,事件附近变化,71.132,0x319,4,3,,,6,10,6,44,1.132056241777111,
generic-event,事件附近变化,71.132,0x319,4,5,,,6,10,6,44,1.132056241777111,
generic-event,事件附近变化,71.132,0x319,5,3,,,6,10,6,44,1.132056241777111,
generic-event,事件附近变化,71.102,0x303,0,3,,,7,10,7,32,0.5087205230907997,
window,运动过程,71.026,0x2B4,4,5,,22.354306434777442,5,6,21,1,,
generic-event,事件附近变化,71.004,0x7E8,2,7,,,6,10,6,67,0.7423329154789959,
generic-event,事件附近变化,71.004,0x7E8,4,3,,,6,10,6,67,0.7423329154789959,
generic-event,事件附近变化,70.993,0x7E8,1,3,,,6,10,6,67,0.473806299927117,
generic-event,事件附近变化,70.973,0x7E8,0,0,,,6,10,6,67,0.47379290236348043,
generic-event,事件附近变化,70.963,0x7E8,1,6,,,6,10,6,68,0.7432599038708488,
generic-event,事件附近变化,70.963,0x7E8,2,1,,,6,10,6,68,0.7432599038708488,
generic-event,事件附近变化,70.963,0x7E8,4,1,,,6,10,6,68,0.7432599038708488,
generic-event,事件附近变化,70.826,0x3A4,0,0,,,10,10,10,118,0.00038239797684378737,
generic-event,事件附近变化,70.780,0x752,6,6,,,6,10,6,49,0.723743211395696,
generic-event,事件附近变化,70.776,0x752,3,7,,,6,10,6,49,0.99995324642051,
window,运动过程,70.514,0x788,0,2,,23.298627990780954,5,6,34,2,,
generic-event,事件附近变化,70.415,0x70B,2,0,,,6,10,12,63,0.8942765656020895,
window,运动过程,70.353,0x545,1,1,EXP_windowMotionFeedback_LEFT,28.81902840272009,5,6,102,6,,
generic-event,事件附近变化,69.847,0x2C4,5,7,,,7,10,17,171,1.1873031173654423,
window,瞬时请求候选,69.800,0x23A,0,1,,,10,10,,51,,0.5
generic-event,事件附近变化,69.340,0x310,5,5,,,6,10,6,44,0.19914668885886758,
generic-event,事件附近变化,69.340,0x310,5,6,,,6,10,6,44,0.19914668885886758,
generic-event,事件附近变化,69.340,0x310,7,3,,,6,10,6,44,0.19914668885886758,
generic-event,事件附近变化,69.290,0x264,0,1,,,7,10,15,123,1.6910709103966717,
generic-event,事件附近变化,69.242,0x264,0,0,,,7,10,15,125,1.6652579860778864,
generic-event,事件附近变化,68.844,0x3C4,0,2,,,6,10,10,66,0.9343501838404863,
generic-event,事件附近变化,68.844,0x3C4,2,1,,,6,10,9,66,0.826431439767453,
generic-event,事件附近变化,68.827,0x3C4,2,6,,,6,10,6,45,0.74405546416804,
generic-event,事件附近变化,68.800,0x3C4,5,4,,,6,10,9,67,0.9168272609206605,
generic-event,事件附近变化,68.726,0x23A,1,7,,,6,10,10,26,1.7787935334605465,
generic-event,事件附近变化,68.717,0x272,2,0,,,7,10,29,65,3.722941940734079,
generic-event,事件附近变化,68.659,0x3BD,1,4,,,6,10,12,40,0.6070432041674145,
generic-event,事件附近变化,68.659,0x3BD,1,5,,,6,10,12,40,0.6070432041674145,
generic-event,事件附近变化,68.659,0x3BD,1,7,,,6,10,12,40,0.6070432041674145,
window,运动过程,68.219,0x2C2,2,1,EXP_leftWindowExecutionPosition,6.363589676538798,6,6,42,12,,
generic-event,事件附近变化,68.034,0x23A,1,1,,,6,10,10,33,1.5281380090804522,
generic-event,事件附近变化,67.959,0x3C4,5,5,,,6,10,13,89,1.156160786699607,
generic-event,事件附近变化,67.604,0x545,1,2,EXP_windowMotionFeedback_LEFT,,7,10,46,88,4.527856929481779,
generic-event,事件附近变化,67.224,0x3C4,4,5,,,6,10,13,114,1.1767099265472414,
window,瞬时请求候选,66.800,0x330,0,1,,,10,10,,66,,0.5204081632653061
generic-event,事件附近变化,66.704,0x330,4,7,,,6,10,9,42,0.610201821629492,
generic-event,事件附近变化,66.704,0x330,5,7,,,6,10,9,42,0.610201821629492,
generic-event,事件附近变化,66.683,0x3DB,1,3,,,6,10,12,116,0.6132154740381516,
generic-event,事件附近变化,66.681,0x709,1,5,,,6,10,19,130,1.2321055965465515,
generic-event,事件附近变化,66.503,0x3C4,1,5,,,6,10,9,67,0.8724767447038947,
generic-event,事件附近变化,65.853,0x23A,1,2,,,6,10,9,33,1.9031480098706255,
generic-event,事件附近变化,65.812,0x3C9,1,0,,,6,10,6,80,0.3346338426826,
generic-event,事件附近变化,65.812,0x3C9,2,0,,,6,10,6,80,0.3346338426826,
generic-event,事件附近变化,65.812,0x3C9,2,1,,,6,10,6,80,0.3346338426826,
generic-event,事件附近变化,65.812,0x3C9,2,4,,,6,10,6,80,0.3346338426826,
generic-event,事件附近变化,65.812,0x3C9,2,5,,,6,10,6,80,0.3346338426826,
generic-event,事件附近变化,65.812,0x3C9,2,6,,,6,10,6,80,0.3346338426826,
generic-event,事件附近变化,65.812,0x3C9,2,7,,,6,10,6,80,0.3346338426826,
generic-event,事件附近变化,65.812,0x3C9,3,1,,,6,10,6,80,0.3346338426826,
generic-event,事件附近变化,65.812,0x3C9,3,3,,,6,10,6,80,0.3346338426826,
generic-event,事件附近变化,65.812,0x3C9,3,4,,,6,10,6,80,0.3346338426826,
generic-event,事件附近变化,65.812,0x3C9,3,6,,,6,10,6,80,0.3346338426826,
generic-event,事件附近变化,65.812,0x3C9,3,7,,,6,10,6,80,0.3346338426826,
generic-event,事件附近变化,65.812,0x3C9,4,5,,,6,10,6,80,0.3346338426826,
generic-event,事件附近变化,65.812,0x3C9,4,6,,,6,10,6,80,0.3346338426826,
generic-event,事件附近变化,65.808,0x23A,1,0,,,6,10,9,33,1.880595904758266,
generic-event,事件附近变化,65.781,0x330,2,1,,,6,10,9,41,0.8688360701973179,
generic-event,事件附近变化,65.747,0x3C4,0,1,,,6,10,11,65,1.048606583632336,
generic-event,事件附近变化,65.747,0x3C4,7,4,,,6,10,11,65,1.033111557653482,
generic-event,事件附近变化,65.663,0x3B2,3,7,,,6,10,14,121,1.135209335556988,
generic-event,事件附近变化,65.597,0x3C4,3,0,,,6,10,11,91,1.0180022708909966,
generic-event,事件附近变化,65.319,0x3C4,6,5,,,6,10,9,67,0.9343834276685815,
generic-event,事件附近变化,65.314,0x3C4,2,4,,,6,10,9,68,0.9463856414997769,
generic-event,事件附近变化,65.233,0x3C4,1,1,,,6,10,7,69,0.9168120141202566,
generic-event,事件附近变化,65.190,0x3C4,7,1,,,6,10,6,70,0.9392019215957768,
generic-event,事件附近变化,65.108,0x2B4,4,5,,,6,10,15,7,1.7354272719523527,
generic-event,事件附近变化,64.644,0x737,0,2,,,6,10,6,46,0.607036282233928,
generic-event,事件附近变化,64.469,0x3C4,1,4,,,6,10,9,41,0.6467070600585502,
generic-event,事件附近变化,64.451,0x2E3,5,4,,,6,10,11,61,1.368452757718803,
generic-event,事件附近变化,64.387,0x3C4,1,0,,,6,10,10,93,1.152605246953335,
generic-event,事件附近变化,64.262,0x3C4,7,0,,,6,10,6,44,0.5181325151071015,
window,瞬时请求候选,64.200,0x70B,1,0,,,9,10,,39,,0.6428571428571429
window,瞬时请求候选,64.200,0x70B,1,1,,,9,10,,39,,0.7142857142857143
window,瞬时请求候选,64.200,0x70B,1,3,,,9,10,,39,,0.6428571428571429
generic-event,事件附近变化,64.200,0x2C2,3,5,EXP_leftWindowExecutionPosition,,6,10,96,647,0.805490924217621,
generic-event,事件附近变化,64.195,0x359,0,5,,,6,10,12,88,0.6972268244007018,
generic-event,事件附近变化,64.174,0x3C4,6,4,,,6,10,10,67,1.0543289140601675,
generic-event,事件附近变化,63.913,0x75D,3,3,,,6,10,13,93,1.2912407477739218,
window,瞬时请求候选,63.800,0x70B,1,4,,,9,10,,41,,0.75
generic-event,事件附近变化,63.685,0x3F2,4,4,,,6,10,6,15,0.33334667079974556,
generic-event,事件附近变化,63.685,0x3F2,5,6,,,6,10,6,15,0.33334667079974556,
window,瞬时请求候选,63.600,0x310,0,2,,,9,10,,42,,0.6857142857142857
window,瞬时请求候选,63.600,0x310,5,0,,,9,10,,42,,0.6857142857142857
window,瞬时请求候选,63.600,0x310,5,4,,,9,10,,42,,0.6857142857142857
window,瞬时请求候选,63.600,0x310,7,5,,,9,10,,42,,0.6857142857142857
window,瞬时请求候选,63.600,0x330,7,0,,,9,10,,42,,0.7755102040816327
window,瞬时请求候选,63.600,0x3BD,0,2,,,9,10,,42,,0.8214285714285714
window,瞬时请求候选,63.600,0x3BD,4,6,,,9,10,,42,,0.8214285714285714
window,瞬时请求候选,63.600,0x3BD,5,2,,,9,10,,42,,0.8214285714285714
window,瞬时请求候选,63.600,0x70B,0,1,,,9,10,,42,,0.5892857142857143
generic-event,事件附近变化,63.576,0x31A,7,7,,,9,10,9,71,0.00025235837062698044,
generic-event,事件附近变化,63.553,0x39A,3,3,,,6,10,44,291,4.115292211074754,
generic-event,事件附近变化,63.534,0x75D,1,4,,,6,10,16,128,1.373668727146134,
generic-event,事件附近变化,63.517,0x7B8,3,3,,,6,10,19,181,1.8194008500286762,
generic-event,事件附近变化,63.484,0x3BD,0,1,,,7,10,7,44,0.20004165389427103,
generic-event,事件附近变化,63.068,0x3C4,6,2,,,6,10,10,66,0.8294674815164758,
generic-event,事件附近变化,63.033,0x300,1,2,,,6,10,8,35,0.6666735465340967,
generic-event,事件附近变化,63.033,0x300,5,5,,,6,10,8,35,0.6666735465340967,
generic-event,事件附近变化,63.033,0x300,7,3,,,6,10,8,35,0.6666735465340967,
generic-event,事件附近变化,63.031,0x3F2,1,6,,,6,10,7,35,0.6231659685694685,
generic-event,事件附近变化,63.023,0x3C4,1,2,,,6,10,9,67,0.872472121756515,
window,瞬时请求候选,63.000,0x3BD,0,0,,,10,10,,85,,0.625
generic-event,事件附近变化,62.949,0x300,2,0,,,6,10,8,36,0.6769735564689178,
generic-event,事件附近变化,62.949,0x300,2,5,,,6,10,8,36,0.6769735564689178,
generic-event,事件附近变化,62.949,0x300,3,4,,,6,10,8,36,0.6769735564689178,
generic-event,事件附近变化,62.949,0x300,6,3,,,6,10,8,36,0.6769735564689178,
generic-event,事件附近变化,62.936,0x3C4,4,0,,,6,10,7,69,0.7792530775412878,
generic-event,事件附近变化,62.936,0x3C4,7,6,,,6,10,7,69,0.8127371968858371,
generic-event,事件附近变化,62.875,0x3F2,2,5,,,6,10,6,37,0.5345215694969986,
generic-event,事件附近变化,62.857,0x70B,0,2,,,6,10,6,20,0.1983424106224909,
generic-event,事件附近变化,62.843,0x724,0,2,,,6,10,6,20,0.1983768942815879,
window,瞬时请求候选,62.800,0x3BD,1,2,,,10,10,,86,,0.5892857142857143
generic-event,事件附近变化,62.759,0x2F1,5,4,,,6,10,13,123,1.36796698384628,
generic-event,事件附近变化,62.643,0x232,4,2,,,6,10,6,53,0.7401846141487073,
generic-event,事件附近变化,62.643,0x232,4,3,,,6,10,6,53,0.7401846141487073,
generic-event,事件附近变化,62.643,0x232,4,4,,,6,10,6,53,0.7401846141487073,
generic-event,事件附近变化,62.643,0x232,4,5,,,6,10,6,53,0.7401846141487073,
generic-event,事件附近变化,62.534,0x232,4,1,,,6,10,6,55,0.7294724775508271,
generic-event,事件附近变化,62.510,0x2C2,2,0,EXP_leftWindowExecutionPosition,,6,10,68,244,6.059170596604937,
generic-event,事件附近变化,62.467,0x45A,5,1,,,6,10,165,1085,14.074097398194493,
generic-event,事件附近变化,62.357,0x2B4,4,6,,,6,10,9,5,1.1419033228402662,
generic-event,事件附近变化,62.357,0x2B4,4,7,,,6,10,9,5,1.1419033228402662,
generic-event,事件附近变化,62.357,0x2B4,5,0,,,6,10,9,5,1.1419033228402662,
generic-event,事件附近变化,62.333,0x232,2,0,,,6,10,6,59,0.5825777587896601,
generic-event,事件附近变化,62.296,0x3DB,1,2,,,6,10,8,56,0.758950754310417,
generic-event,事件附近变化,62.296,0x3DB,2,5,,,6,10,8,56,0.758950754310417,
generic-event,事件附近变化,62.296,0x3DB,3,0,,,6,10,8,56,0.758950754310417,
generic-event,事件附近变化,62.296,0x3DB,3,1,,,6,10,8,56,0.758950754310417,
generic-event,事件附近变化,62.296,0x3DB,3,5,,,6,10,8,56,0.758950754310417,
generic-event,事件附近变化,62.296,0x3DB,4,3,,,6,10,8,56,0.758950754310417,
generic-event,事件附近变化,62.075,0x303,4,5,,,6,10,8,51,0.6792072372742154,
generic-event,事件附近变化,61.958,0x45A,7,5,,,6,10,180,1291,14.436318929486927,
generic-event,事件附近变化,61.706,0x3C4,4,6,,,6,10,6,71,0.954690387471549,
generic-event,事件附近变化,61.643,0x45A,7,4,,,6,10,180,1434,11.206179626098768,
window,瞬时请求候选,61.600,0x737,0,0,,,10,10,,92,,0.625
generic-event,事件附近变化,61.444,0x53E,0,2,,,6,10,6,44,0.6073368487394758,
generic-event,事件附近变化,61.444,0x53E,5,6,,,6,10,6,44,0.6073368487394758,
generic-event,事件附近变化,61.444,0x53E,6,3,,,6,10,6,44,0.6701674516635123,
window,瞬时请求候选,61.400,0x3B2,0,2,,,10,10,,93,,0.5589615063299274
generic-event,事件附近变化,61.293,0x301,6,3,,,6,10,8,32,1.0496553521917484,
generic-event,事件附近变化,61.255,0x3C4,3,1,,,6,10,9,42,0.753826276749577,
generic-event,事件附近变化,61.157,0x300,4,2,,,6,10,6,36,0.3359753606743625,
generic-event,事件附近变化,61.029,0x301,4,6,,,6,10,6,33,0.5872586657993433,
generic-event,事件附近变化,61.029,0x301,4,7,,,6,10,6,33,0.5872586657993433,
generic-event,事件附近变化,61.024,0x3DD,6,5,,,6,10,6,51,0.775895155631374,
generic-event,事件附近变化,61.016,0x3DD,0,7,,,6,10,6,51,0.7569575926902856,
generic-event,事件附近变化,60.989,0x366,5,4,,,6,10,6,58,0.5039374022518444,
generic-event,事件附近变化,60.989,0x366,5,6,,,6,10,6,58,0.5039374022518444,
generic-event,事件附近变化,60.989,0x366,5,7,,,6,10,6,58,0.5039374022518444,
generic-event,事件附近变化,60.989,0x366,6,6,,,6,10,6,58,0.5039374022518444,
generic-event,事件附近变化,60.989,0x366,7,1,,,6,10,6,58,0.5039374022518444,
generic-event,事件附近变化,60.981,0x788,6,4,,,6,10,17,164,2.423208699230183,
generic-event,事件附近变化,60.875,0x3C4,0,0,,,6,10,9,94,1.1525989200244162,
generic-event,事件附近变化,60.873,0x70B,5,0,,,6,10,9,40,1.0392986802441675,
generic-event,事件附近变化,60.640,0x3DD,3,6,,,6,10,6,58,0.8859493248484019,
generic-event,事件附近变化,60.638,0x70B,4,6,,,6,10,9,43,0.4487276231017977,
generic-event,事件附近变化,60.638,0x70B,5,6,,,6,10,9,43,0.4487276231017977,
generic-event,事件附近变化,60.612,0x70B,5,2,,,6,10,7,44,0.6612801548725662,
window,瞬时请求候选,60.600,0x3F2,1,7,,,10,10,,97,,0.5892857142857143
generic-event,事件附近变化,60.580,0x330,6,7,,,6,10,6,45,0.6101563233152909,
generic-event,事件附近变化,60.560,0x3C4,3,2,,,6,10,6,44,0.8255156979556844,
generic-event,事件附近变化,60.546,0x70B,7,0,,,6,10,6,45,0.5939028551285388,
generic-event,事件附近变化,60.546,0x70B,7,1,,,6,10,6,45,0.5939028551285388,
generic-event,事件附近变化,60.545,0x302,5,6,,,6,10,8,51,0.6697386473805681,
generic-event,事件附近变化,60.433,0x2C2,0,3,EXP_leftWindowExecutionPosition,,6,10,58,204,5.762533045777173,
window,运动过程,60.370,0x382,1,0,,5.70965215569661,5,6,8,2,,
generic-event,事件附近变化,60.244,0x3DD,4,1,,,6,10,6,66,0.6953815044227919,
generic-event,事件附近变化,60.127,0x301,5,1,,,6,10,8,51,0.6201480417484044,
generic-event,事件附近变化,60.044,0x709,5,6,,,6,10,12,166,1.3393727816557843,
window,瞬时请求候选,60.000,0x129,0,0,,,10,10,,6000,,0.5193760057214375
window,瞬时请求候选,60.000,0x129,0,1,,,10,10,,7269,,0.5624217772215269
window,瞬时请求候选,60.000,0x129,0,2,,,10,10,,6408,,0.5449184248167352
window,瞬时请求候选,60.000,0x129,0,3,,,10,10,,5586,,0.5140197568389058
window,瞬时请求候选,60.000,0x129,0,4,,,10,10,,8719,,0.5000893974611121
window,瞬时请求候选,60.000,0x129,0,5,,,10,10,,5611,,0.6092133023422134
window,瞬时请求候选,60.000,0x129,0,6,,,10,10,,6395,,0.5363438673341677
window,瞬时请求候选,60.000,0x129,0,7,,,10,10,,5844,,0.5088402914357232
window,瞬时请求候选,60.000,0x129,4,0,,,10,10,,5389,,0.6354702306454497
window,瞬时请求候选,60.000,0x129,4,1,,,10,10,,3476,,0.813894376899696
window,瞬时请求候选,60.000,0x129,4,2,,,10,10,,3476,,0.813894376899696
window,瞬时请求候选,60.000,0x129,4,3,,,10,10,,3476,,0.813894376899696
window,瞬时请求候选,60.000,0x129,4,4,,,10,10,,3476,,0.813894376899696
window,瞬时请求候选,60.000,0x129,4,5,,,10,10,,3476,,0.813894376899696
window,瞬时请求候选,60.000,0x129,4,6,,,10,10,,3476,,0.813894376899696
window,瞬时请求候选,60.000,0x129,4,7,,,10,10,,3476,,0.813894376899696
window,瞬时请求候选,60.000,0x129,5,0,,,10,10,,3476,,0.813894376899696
window,瞬时请求候选,60.000,0x129,5,1,,,10,10,,3476,,0.813894376899696
window,瞬时请求候选,60.000,0x129,5,2,,,10,10,,3476,,0.813894376899696
window,瞬时请求候选,60.000,0x129,5,3,,,10,10,,3476,,0.813894376899696
window,瞬时请求候选,60.000,0x129,5,4,,,10,10,,3476,,0.813894376899696
window,瞬时请求候选,60.000,0x129,5,5,,,10,10,,3476,,0.813894376899696
window,瞬时请求候选,60.000,0x132,0,0,,,10,10,,5772,,0.5198214285714285
window,瞬时请求候选,60.000,0x132,0,1,,,10,10,,5737,,0.5141071428571429
window,瞬时请求候选,60.000,0x132,0,2,,,10,10,,5787,,0.5141071428571429
window,瞬时请求候选,60.000,0x132,0,3,,,10,10,,5814,,0.5148214285714285
window,瞬时请求候选,60.000,0x132,0,4,,,10,10,,5134,,0.57625
window,瞬时请求候选,60.000,0x132,0,5,,,10,10,,3220,,0.7612500000000001
window,瞬时请求候选,60.000,0x132,2,0,,,10,10,,4731,,0.6705357142857142
window,瞬时请求候选,60.000,0x132,2,1,,,10,10,,4497,,0.6775
window,瞬时请求候选,60.000,0x132,2,2,,,10,10,,4459,,0.6775
window,瞬时请求候选,60.000,0x132,2,3,,,10,10,,4332,,0.6775
window,瞬时请求候选,60.000,0x132,4,0,,,10,10,,5289,,0.6557142857142857
window,瞬时请求候选,60.000,0x132,4,1,,,10,10,,5521,,0.6392857142857142
window,瞬时请求候选,60.000,0x132,4,2,,,10,10,,5333,,0.6294642857142857
window,瞬时请求候选,60.000,0x132,4,3,,,10,10,,5180,,0.6376785714285714
window,瞬时请求候选,60.000,0x201,0,3,,,10,10,,2319,,0.7498880429914914
window,瞬时请求候选,60.000,0x201,0,4,,,10,10,,1040,,0.8883438759516346
window,瞬时请求候选,60.000,0x201,0,5,,,10,10,,1040,,0.8883438759516346
window,瞬时请求候选,60.000,0x201,0,6,,,10,10,,1279,,0.8615441670398567
window,瞬时请求候选,60.000,0x201,0,7,,,10,10,,2320,,0.7498880429914914
window,瞬时请求候选,60.000,0x201,1,0,,,10,10,,2319,,0.7498880429914914
window,瞬时请求候选,60.000,0x201,1,2,,,10,10,,2320,,0.7498880429914914
window,瞬时请求候选,60.000,0x201,2,3,,,10,10,,2320,,0.7498880429914914
window,瞬时请求候选,60.000,0x201,2,4,,,10,10,,2320,,0.7498880429914914
window,瞬时请求候选,60.000,0x201,3,0,,,10,10,,2320,,0.7498880429914914
window,瞬时请求候选,60.000,0x201,3,7,,,10,10,,2319,,0.7498880429914914
window,瞬时请求候选,60.000,0x201,4,0,,,10,10,,2320,,0.7498880429914914
window,瞬时请求候选,60.000,0x201,4,1,,,10,10,,2319,,0.7498880429914914
window,瞬时请求候选,60.000,0x201,4,5,,,10,10,,2319,,0.7498880429914914
window,瞬时请求候选,60.000,0x201,5,0,,,10,10,,2319,,0.7498880429914914
window,瞬时请求候选,60.000,0x201,5,1,,,10,10,,2319,,0.7498880429914914
window,瞬时请求候选,60.000,0x201,5,3,,,10,10,,1945,,0.7820336990595612
window,瞬时请求候选,60.000,0x201,5,4,,,10,10,,2319,,0.7498880429914914
window,瞬时请求候选,60.000,0x201,5,7,,,10,10,,2319,,0.7498880429914914
window,瞬时请求候选,60.000,0x201,6,0,,,10,10,,2319,,0.7498880429914914
window,瞬时请求候选,60.000,0x201,6,5,,,10,10,,2329,,0.7498880429914914
window,瞬时请求候选,60.000,0x201,6,6,,,10,10,,2319,,0.7498880429914914
window,瞬时请求候选,60.000,0x201,6,7,,,10,10,,2319,,0.7498880429914914
window,瞬时请求候选,60.000,0x201,7,0,,,10,10,,2320,,0.7498880429914914
window,瞬时请求候选,60.000,0x201,7,6,,,10,10,,2320,,0.7498880429914914
window,瞬时请求候选,60.000,0x201,7,7,,,10,10,,2320,,0.7498880429914914
window,瞬时请求候选,60.000,0x219,0,1,,,10,10,,389,,0.6678571428571428
window,瞬时请求候选,60.000,0x219,0,2,,,10,10,,389,,0.6660714285714285
window,瞬时请求候选,60.000,0x219,1,2,,,10,10,,388,,0.8339285714285715
window,瞬时请求候选,60.000,0x219,1,4,,,10,10,,388,,0.8339285714285715
window,瞬时请求候选,60.000,0x219,1,5,,,10,10,,388,,0.8339285714285715
window,瞬时请求候选,60.000,0x219,1,6,,,10,10,,388,,0.8339285714285715
window,瞬时请求候选,60.000,0x219,1,7,,,10,10,,389,,0.6660714285714285
window,瞬时请求候选,60.000,0x219,2,0,,,10,10,,388,,0.8339285714285715
window,瞬时请求候选,60.000,0x219,2,1,,,10,10,,388,,0.8339285714285715
window,瞬时请求候选,60.000,0x219,2,3,,,10,10,,388,,0.8339285714285715
window,瞬时请求候选,60.000,0x219,2,4,,,10,10,,389,,0.8321428571428572
window,瞬时请求候选,60.000,0x219,2,7,,,10,10,,389,,0.6660714285714285
window,瞬时请求候选,60.000,0x219,3,0,,,10,10,,388,,0.8339285714285715
window,瞬时请求候选,60.000,0x219,3,1,,,10,10,,388,,0.8339285714285715
window,瞬时请求候选,60.000,0x219,3,2,,,10,10,,388,,0.8339285714285715
window,瞬时请求候选,60.000,0x219,3,3,,,10,10,,388,,0.8339285714285715
window,瞬时请求候选,60.000,0x219,3,4,,,10,10,,389,,0.6660714285714285
window,瞬时请求候选,60.000,0x219,3,5,,,10,10,,388,,0.8339285714285715
window,瞬时请求候选,60.000,0x219,3,6,,,10,10,,388,,0.8339285714285715
window,瞬时请求候选,60.000,0x219,3,7,,,10,10,,389,,0.6660714285714285
window,瞬时请求候选,60.000,0x219,4,0,,,10,10,,388,,0.8339285714285715
window,瞬时请求候选,60.000,0x219,4,1,,,10,10,,388,,0.8339285714285715
window,瞬时请求候选,60.000,0x219,4,2,,,10,10,,388,,0.8339285714285715
window,瞬时请求候选,60.000,0x219,4,3,,,10,10,,388,,0.8339285714285715
window,瞬时请求候选,60.000,0x219,4,4,,,10,10,,389,,0.6660714285714285
window,瞬时请求候选,60.000,0x219,4,5,,,10,10,,388,,0.8339285714285715
window,瞬时请求候选,60.000,0x219,4,6,,,10,10,,388,,0.8339285714285715
window,瞬时请求候选,60.000,0x219,4,7,,,10,10,,389,,0.6660714285714285
window,瞬时请求候选,60.000,0x219,5,1,,,10,10,,778,,0.5
window,瞬时请求候选,60.000,0x219,5,2,,,10,10,,389,,0.8321428571428572
window,瞬时请求候选,60.000,0x219,5,3,,,10,10,,388,,0.8339285714285715
window,瞬时请求候选,60.000,0x219,5,4,,,10,10,,389,,0.6660714285714285
window,瞬时请求候选,60.000,0x219,5,5,,,10,10,,388,,0.8339285714285715
window,瞬时请求候选,60.000,0x219,5,6,,,10,10,,388,,0.8339285714285715
window,瞬时请求候选,60.000,0x219,5,7,,,10,10,,389,,0.6660714285714285
window,瞬时请求候选,60.000,0x219,6,0,,,10,10,,389,,0.6660714285714285
window,瞬时请求候选,60.000,0x219,6,1,,,10,10,,389,,0.6660714285714285
window,瞬时请求候选,60.000,0x219,6,2,,,10,10,,389,,0.6660714285714285
window,瞬时请求候选,60.000,0x219,6,3,,,10,10,,389,,0.6660714285714285
window,瞬时请求候选,60.000,0x229,0,0,,,10,10,,428,,0.625
window,瞬时请求候选,60.000,0x229,0,1,,,10,10,,724,,0.625
window,瞬时请求候选,60.000,0x229,0,2,,,10,10,,724,,0.5625
window,瞬时请求候选,60.000,0x229,0,3,,,10,10,,577,,0.5
window,瞬时请求候选,60.000,0x229,0,4,,,10,10,,574,,0.625
window,瞬时请求候选,60.000,0x229,0,5,,,10,10,,578,,0.5625
window,瞬时请求候选,60.000,0x229,0,6,,,10,10,,430,,0.6875
window,瞬时请求候选,60.000,0x229,0,7,,,10,10,,287,,0.6875
window,瞬时请求候选,60.000,0x234,0,0,,,10,10,,1198,,0.63125
window,瞬时请求候选,60.000,0x234,0,1,,,10,10,,2077,,0.5383928571428571
window,瞬时请求候选,60.000,0x234,0,2,,,10,10,,2040,,0.5339285714285714
window,瞬时请求候选,60.000,0x234,0,3,,,10,10,,2213,,0.5
window,瞬时请求候选,60.000,0x234,0,4,,,10,10,,2209,,0.5
window,瞬时请求候选,60.000,0x234,0,5,,,10,10,,2209,,0.5
window,瞬时请求候选,60.000,0x234,2,1,,,10,10,,2240,,0.5169642857142857
window,瞬时请求候选,60.000,0x234,4,2,,,10,10,,581,,0.86875
window,瞬时请求候选,60.000,0x234,7,0,,,10,10,,1117,,0.5973214285714284
window,瞬时请求候选,60.000,0x234,7,2,,,10,10,,1396,,0.6741071428571429
window,瞬时请求候选,60.000,0x234,7,3,,,10,10,,1412,,0.7017857142857142
window,瞬时请求候选,60.000,0x234,7,4,,,10,10,,1363,,0.6821428571428572
window,瞬时请求候选,60.000,0x234,7,5,,,10,10,,1159,,0.5080357142857143
window,瞬时请求候选,60.000,0x234,7,6,,,10,10,,1682,,0.5089285714285714
window,瞬时请求候选,60.000,0x234,7,7,,,10,10,,1065,,0.5080357142857143
window,瞬时请求候选,60.000,0x23E,7,4,,,10,10,,2844,,0.5035714285714286
window,瞬时请求候选,60.000,0x23E,7,7,,,10,10,,378,,0.5142857142857143
window,瞬时请求候选,60.000,0x241,0,1,,,10,10,,1032,,0.5535714285714286
window,瞬时请求候选,60.000,0x243,0,0,,,10,10,,4639,,0.6
window,瞬时请求候选,60.000,0x243,0,1,,,10,10,,2324,,0.6
window,瞬时请求候选,60.000,0x243,0,2,,,10,10,,2335,,0.8
window,瞬时请求候选,60.000,0x243,1,2,,,10,10,,2324,,0.6
window,瞬时请求候选,60.000,0x243,1,3,,,10,10,,2324,,0.8
window,瞬时请求候选,60.000,0x243,1,4,,,10,10,,2325,,0.6
window,瞬时请求候选,60.000,0x243,1,5,,,10,10,,2325,,0.6
window,瞬时请求候选,60.000,0x243,1,6,,,10,10,,2324,,0.8
window,瞬时请求候选,60.000,0x243,1,7,,,10,10,,2324,,0.8
window,瞬时请求候选,60.000,0x243,2,0,,,10,10,,2324,,0.8
window,瞬时请求候选,60.000,0x243,2,1,,,10,10,,2325,,0.6
window,瞬时请求候选,60.000,0x243,2,2,,,10,10,,2326,,0.8
window,瞬时请求候选,60.000,0x243,2,3,,,10,10,,2325,,0.5857142857142856
window,瞬时请求候选,60.000,0x243,2,4,,,10,10,,3103,,0.7464285714285713
window,瞬时请求候选,60.000,0x243,2,5,,,10,10,,4650,,0.5864285714285714
window,瞬时请求候选,60.000,0x243,2,6,,,10,10,,2324,,0.6
window,瞬时请求候选,60.000,0x243,2,7,,,10,10,,4639,,0.6
window,瞬时请求候选,60.000,0x243,3,0,,,10,10,,2335,,0.8
window,瞬时请求候选,60.000,0x243,3,1,,,10,10,,4649,,0.6
window,瞬时请求候选,60.000,0x243,3,2,,,10,10,,2325,,0.6
window,瞬时请求候选,60.000,0x243,3,3,,,10,10,,2325,,0.6
window,瞬时请求候选,60.000,0x243,3,4,,,10,10,,4649,,0.6
window,瞬时请求候选,60.000,0x243,3,5,,,10,10,,2335,,0.8
window,瞬时请求候选,60.000,0x243,3,6,,,10,10,,2329,,0.6857142857142857
window,瞬时请求候选,60.000,0x243,3,7,,,10,10,,2323,,0.6285714285714287
window,瞬时请求候选,60.000,0x243,4,0,,,10,10,,3074,,0.7428571428571429
window,瞬时请求候选,60.000,0x243,4,1,,,10,10,,2325,,0.6
window,瞬时请求候选,60.000,0x243,4,2,,,10,10,,2324,,0.6
window,瞬时请求候选,60.000,0x243,4,3,,,10,10,,2324,,0.6
window,瞬时请求候选,60.000,0x243,4,4,,,10,10,,2315,,0.6
window,瞬时请求候选,60.000,0x243,4,5,,,10,10,,2324,,0.6
window,瞬时请求候选,60.000,0x243,4,6,,,10,10,,4650,,0.6
window,瞬时请求候选,60.000,0x243,4,7,,,10,10,,2325,,0.6
window,瞬时请求候选,60.000,0x243,5,0,,,10,10,,3619,,0.6849999999999999
window,瞬时请求候选,60.000,0x243,5,1,,,10,10,,3519,,0.5892857142857143
window,瞬时请求候选,60.000,0x243,5,2,,,10,10,,2325,,0.5757142857142857
window,瞬时请求候选,60.000,0x243,5,3,,,10,10,,2325,,0.5835714285714285
window,瞬时请求候选,60.000,0x243,5,4,,,10,10,,3593,,0.6857142857142857
window,瞬时请求候选,60.000,0x243,5,5,,,10,10,,4225,,0.6285714285714287
window,瞬时请求候选,60.000,0x243,5,6,,,10,10,,2325,,0.5871428571428571
window,瞬时请求候选,60.000,0x243,6,0,,,10,10,,2325,,0.6
window,瞬时请求候选,60.000,0x243,6,1,,,10,10,,2335,,0.8
window,瞬时请求候选,60.000,0x243,6,2,,,10,10,,2315,,0.8
window,瞬时请求候选,60.000,0x243,6,3,,,10,10,,4640,,0.6
window,瞬时请求候选,60.000,0x243,6,4,,,10,10,,2315,,0.8
window,瞬时请求候选,60.000,0x243,6,5,,,10,10,,4650,,0.6
window,瞬时请求候选,60.000,0x243,6,6,,,10,10,,2324,,0.6
window,瞬时请求候选,60.000,0x243,7,0,,,10,10,,2325,,0.6
window,瞬时请求候选,60.000,0x243,7,1,,,10,10,,2335,,0.8
window,瞬时请求候选,60.000,0x243,7,2,,,10,10,,4650,,0.6
window,瞬时请求候选,60.000,0x243,7,3,,,10,10,,2324,,0.6
window,瞬时请求候选,60.000,0x243,7,4,,,10,10,,2315,,0.8
window,瞬时请求候选,60.000,0x243,7,5,,,10,10,,2324,,0.6
window,瞬时请求候选,60.000,0x243,7,6,,,10,10,,4650,,0.6
window,瞬时请求候选,60.000,0x249,0,0,,,10,10,,1159,,0.5625
window,瞬时请求候选,60.000,0x249,0,1,,,10,10,,875,,0.8125
window,瞬时请求候选,60.000,0x249,0,2,,,10,10,,581,,0.625
window,瞬时请求候选,60.000,0x249,0,3,,,10,10,,874,,0.6875
window,瞬时请求候选,60.000,0x249,0,4,,,10,10,,1161,,0.5
window,瞬时请求候选,60.000,0x249,0,5,,,10,10,,1160,,0.5625
window,瞬时请求候选,60.000,0x249,0,6,,,10,10,,1456,,0.5
window,瞬时请求候选,60.000,0x249,0,7,,,10,10,,876,,0.5
window,瞬时请求候选,60.000,0x253,0,0,,,10,10,,475,,0.5
window,瞬时请求候选,60.000,0x25D,6,0,,,10,10,,404,,0.7464285714285713
window,瞬时请求候选,60.000,0x25D,6,1,,,10,10,,346,,0.7928571428571428
window,瞬时请求候选,60.000,0x25D,6,2,,,10,10,,366,,0.7714285714285715
window,瞬时请求候选,60.000,0x25D,6,3,,,10,10,,366,,0.7714285714285715
window,瞬时请求候选,60.000,0x261,0,1,,,10,10,,2422,,0.6665714285714285
window,瞬时请求候选,60.000,0x261,0,2,,,10,10,,2422,,0.6665714285714285
window,瞬时请求候选,60.000,0x261,0,3,,,10,10,,2421,,0.7597142857142857
window,瞬时请求候选,60.000,0x261,0,4,,,10,10,,3152,,0.7857142857142857
window,瞬时请求候选,60.000,0x261,0,5,,,10,10,,2909,,0.6368571428571428
window,瞬时请求候选,60.000,0x261,0,6,,,10,10,,2421,,0.6962857142857143
window,瞬时请求候选,60.000,0x261,0,7,,,10,10,,2422,,0.6665714285714285
window,瞬时请求候选,60.000,0x261,1,0,,,10,10,,2422,,0.8331428571428571
window,瞬时请求候选,60.000,0x261,1,2,,,10,10,,2422,,0.8331428571428571
window,瞬时请求候选,60.000,0x261,1,4,,,10,10,,4844,,0.6665714285714285
window,瞬时请求候选,60.000,0x261,1,5,,,10,10,,4843,,0.5005714285714286
window,瞬时请求候选,60.000,0x261,1,6,,,10,10,,2421,,0.6662857142857143
window,瞬时请求候选,60.000,0x261,1,7,,,10,10,,2422,,0.8331428571428571
window,瞬时请求候选,60.000,0x261,2,0,,,10,10,,3974,,0.5782857142857143
window,瞬时请求候选,60.000,0x261,2,1,,,10,10,,3270,,0.6314285714285715
window,瞬时请求候选,60.000,0x261,2,2,,,10,10,,5245,,0.5374285714285715
window,瞬时请求候选,60.000,0x261,2,3,,,10,10,,4347,,0.5651428571428572
window,瞬时请求候选,60.000,0x261,2,4,,,10,10,,3006,,0.5700000000000001
window,瞬时请求候选,60.000,0x261,2,5,,,10,10,,3067,,0.5848571428571429
window,瞬时请求候选,60.000,0x261,2,6,,,10,10,,2739,,0.64
window,瞬时请求候选,60.000,0x261,2,7,,,10,10,,3629,,0.5977142857142858
window,瞬时请求候选,60.000,0x261,3,0,,,10,10,,2674,,0.5974285714285715
window,瞬时请求候选,60.000,0x261,3,1,,,10,10,,3617,,0.5977142857142858
window,瞬时请求候选,60.000,0x261,3,2,,,10,10,,2674,,0.6340000000000001
window,瞬时请求候选,60.000,0x261,3,3,,,10,10,,4340,,0.6331428571428572
window,瞬时请求候选,60.000,0x261,3,6,,,10,10,,2674,,0.5974285714285715
window,瞬时请求候选,60.000,0x261,3,7,,,10,10,,2674,,0.6340000000000001
window,瞬时请求候选,60.000,0x261,4,1,,,10,10,,4172,,0.7071428571428571
window,瞬时请求候选,60.000,0x261,4,2,,,10,10,,2258,,0.8382857142857142
window,瞬时请求候选,60.000,0x261,4,3,,,10,10,,2462,,0.8285714285714285
window,瞬时请求候选,60.000,0x261,4,6,,,10,10,,2422,,0.6668571428571427
window,瞬时请求候选,60.000,0x261,4,7,,,10,10,,4843,,0.5008571428571429
window,瞬时请求候选,60.000,0x261,5,0,,,10,10,,2422,,0.8334285714285714
window,瞬时请求候选,60.000,0x261,5,1,,,10,10,,2422,,0.8334285714285714
window,瞬时请求候选,60.000,0x261,5,2,,,10,10,,4843,,0.6668571428571427
window,瞬时请求候选,60.000,0x261,5,4,,,10,10,,2421,,0.8334285714285714
window,瞬时请求候选,60.000,0x261,6,0,,,10,10,,2421,,0.8331428571428571
window,瞬时请求候选,60.000,0x261,6,1,,,10,10,,2421,,0.6668571428571427
window,瞬时请求候选,60.000,0x261,6,2,,,10,10,,2421,,0.6662857142857143
window,瞬时请求候选,60.000,0x261,6,3,,,10,10,,2422,,0.8334285714285714
window,瞬时请求候选,60.000,0x261,7,0,,,10,10,,4024,,0.5748571428571428
window,瞬时请求候选,60.000,0x261,7,1,,,10,10,,3862,,0.5991428571428571
window,瞬时请求候选,60.000,0x261,7,2,,,10,10,,5226,,0.5342857142857144
window,瞬时请求候选,60.000,0x261,7,3,,,10,10,,3443,,0.6628571428571429
window,瞬时请求候选,60.000,0x261,7,4,,,10,10,,3183,,0.752
window,瞬时请求候选,60.000,0x261,7,5,,,10,10,,2364,,0.5034285714285714
window,瞬时请求候选,60.000,0x261,7,6,,,10,10,,5182,,0.5037142857142857
window,瞬时请求候选,60.000,0x261,7,7,,,10,10,,4156,,0.5014285714285714
window,瞬时请求候选,60.000,0x263,0,0,,,10,10,,4647,,0.6
window,瞬时请求候选,60.000,0x263,0,1,,,10,10,,2324,,0.6
window,瞬时请求候选,60.000,0x263,0,2,,,10,10,,2335,,0.8
window,瞬时请求候选,60.000,0x263,1,4,,,10,10,,2325,,0.6
window,瞬时请求候选,60.000,0x263,1,6,,,10,10,,2325,,0.6
window,瞬时请求候选,60.000,0x263,1,7,,,10,10,,2325,,0.6
window,瞬时请求候选,60.000,0x263,2,0,,,10,10,,2325,,0.6
window,瞬时请求候选,60.000,0x263,2,1,,,10,10,,2325,,0.6
window,瞬时请求候选,60.000,0x263,2,2,,,10,10,,2325,,0.6
window,瞬时请求候选,60.000,0x263,2,5,,,10,10,,2325,,0.8
window,瞬时请求候选,60.000,0x263,2,6,,,10,10,,2325,,0.6
window,瞬时请求候选,60.000,0x263,2,7,,,10,10,,2325,,0.6
window,瞬时请求候选,60.000,0x263,3,0,,,10,10,,2325,,0.6
window,瞬时请求候选,60.000,0x263,3,3,,,10,10,,2325,,0.8
window,瞬时请求候选,60.000,0x263,3,4,,,10,10,,2314,,0.8
window,瞬时请求候选,60.000,0x263,3,5,,,10,10,,2314,,0.8
window,瞬时请求候选,60.000,0x263,3,7,,,10,10,,2325,,0.6
window,瞬时请求候选,60.000,0x263,4,2,,,10,10,,2325,,0.6
window,瞬时请求候选,60.000,0x263,4,3,,,10,10,,2314,,0.8
window,瞬时请求候选,60.000,0x263,4,4,,,10,10,,2325,,0.8
window,瞬时请求候选,60.000,0x263,4,5,,,10,10,,2335,,0.8
window,瞬时请求候选,60.000,0x263,4,6,,,10,10,,2325,,0.8
window,瞬时请求候选,60.000,0x263,4,7,,,10,10,,2325,,0.6
window,瞬时请求候选,60.000,0x263,5,0,,,10,10,,2325,,0.6
window,瞬时请求候选,60.000,0x263,5,1,,,10,10,,2325,,0.6
window,瞬时请求候选,60.000,0x263,5,2,,,10,10,,2324,,0.58
window,瞬时请求候选,60.000,0x263,5,6,,,10,10,,2314,,0.8
window,瞬时请求候选,60.000,0x263,5,7,,,10,10,,2314,,0.8
window,瞬时请求候选,60.000,0x263,6,0,,,10,10,,2325,,0.8
window,瞬时请求候选,60.000,0x263,6,2,,,10,10,,2325,,0.6
window,瞬时请求候选,60.000,0x263,6,4,,,10,10,,2325,,0.6
window,瞬时请求候选,60.000,0x263,6,6,,,10,10,,2325,,0.6
window,瞬时请求候选,60.000,0x263,7,0,,,10,10,,4658,,0.6
window,瞬时请求候选,60.000,0x263,7,1,,,10,10,,4658,,0.6
window,瞬时请求候选,60.000,0x263,7,2,,,10,10,,4658,,0.6
window,瞬时请求候选,60.000,0x263,7,3,,,10,10,,4658,,0.6
window,瞬时请求候选,60.000,0x263,7,4,,,10,10,,4658,,0.6
window,瞬时请求候选,60.000,0x263,7,5,,,10,10,,2333,,0.8
window,瞬时请求候选,60.000,0x263,7,6,,,10,10,,2333,,0.8
window,瞬时请求候选,60.000,0x263,7,7,,,10,10,,2333,,0.8
window,瞬时请求候选,60.000,0x272,3,3,,,10,10,,1091,,0.5
window,瞬时请求候选,60.000,0x285,0,0,,,10,10,,921,,0.5010989010989011
window,瞬时请求候选,60.000,0x285,0,1,,,10,10,,465,,0.5010989010989011
window,瞬时请求候选,60.000,0x285,0,2,,,10,10,,465,,0.7505494505494505
window,瞬时请求候选,60.000,0x285,0,6,,,10,10,,454,,0.7505494505494505
window,瞬时请求候选,60.000,0x285,1,1,,,10,10,,456,,0.7505494505494505
window,瞬时请求候选,60.000,0x285,1,2,,,10,10,,465,,0.5010989010989011
window,瞬时请求候选,60.000,0x285,1,4,,,10,10,,921,,0.5010989010989011
window,瞬时请求候选,60.000,0x285,1,6,,,10,10,,454,,0.7505494505494505
window,瞬时请求候选,60.000,0x285,1,7,,,10,10,,456,,0.7505494505494505
window,瞬时请求候选,60.000,0x285,2,0,,,10,10,,465,,0.5010989010989011
window,瞬时请求候选,60.000,0x285,2,1,,,10,10,,456,,0.5010989010989011
window,瞬时请求候选,60.000,0x285,2,2,,,10,10,,921,,0.5010989010989011
window,瞬时请求候选,60.000,0x285,2,4,,,10,10,,465,,0.7505494505494505
window,瞬时请求候选,60.000,0x285,2,5,,,10,10,,454,,0.7505494505494505
window,瞬时请求候选,60.000,0x285,2,6,,,10,10,,454,,0.7505494505494505
window,瞬时请求候选,60.000,0x285,2,7,,,10,10,,456,,0.5010989010989011
window,瞬时请求候选,60.000,0x285,3,0,,,10,10,,465,,0.5010989010989011
window,瞬时请求候选,60.000,0x285,3,1,,,10,10,,465,,0.7505494505494505
window,瞬时请求候选,60.000,0x285,3,2,,,10,10,,465,,0.7505494505494505
window,瞬时请求候选,60.000,0x285,3,3,,,10,10,,467,,0.7483516483516484
window,瞬时请求候选,60.000,0x285,3,6,,,10,10,,456,,0.5010989010989011
window,瞬时请求候选,60.000,0x285,4,0,,,10,10,,456,,0.7505494505494505
window,瞬时请求候选,60.000,0x285,4,1,,,10,10,,465,,0.7505494505494505
window,瞬时请求候选,60.000,0x285,4,2,,,10,10,,921,,0.5010989010989011
window,瞬时请求候选,60.000,0x285,4,3,,,10,10,,465,,0.5010989010989011
window,瞬时请求候选,60.000,0x285,4,4,,,10,10,,467,,0.7483516483516484
window,瞬时请求候选,60.000,0x285,4,7,,,10,10,,456,,0.5010989010989011
window,瞬时请求候选,60.000,0x285,6,1,,,10,10,,456,,0.7505494505494505
window,瞬时请求候选,60.000,0x285,6,2,,,10,10,,456,,0.7505494505494505
window,瞬时请求候选,60.000,0x285,6,3,,,10,10,,456,,0.5010989010989011
window,瞬时请求候选,60.000,0x285,6,4,,,10,10,,456,,0.7505494505494505
window,瞬时请求候选,60.000,0x285,6,6,,,10,10,,456,,0.7505494505494505
window,瞬时请求候选,60.000,0x285,6,7,,,10,10,,456,,0.7505494505494505
window,瞬时请求候选,60.000,0x289,3,7,,,10,10,,742,,0.6035714285714285
window,瞬时请求候选,60.000,0x289,4,0,,,10,10,,650,,0.5946428571428571
window,瞬时请求候选,60.000,0x289,4,1,,,10,10,,454,,0.7982142857142858
window,瞬时请求候选,60.000,0x289,4,3,,,10,10,,594,,0.5964285714285714
window,瞬时请求候选,60.000,0x289,4,4,,,10,10,,644,,0.6053571428571428
window,瞬时请求候选,60.000,0x289,4,5,,,10,10,,429,,0.7964285714285715
window,瞬时请求候选,60.000,0x2B3,0,0,,,10,10,,1823,,0.5299789986693814
window,瞬时请求候选,60.000,0x2B3,0,1,,,10,10,,913,,0.5278307709572438
window,瞬时请求候选,60.000,0x2B3,0,4,,,10,10,,230,,0.9411161165173061
window,瞬时请求候选,60.000,0x2B3,0,5,,,10,10,,722,,0.7591179441140163
window,瞬时请求候选,60.000,0x2B3,0,6,,,10,10,,543,,0.8522131554900044
window,瞬时请求候选,60.000,0x2B3,0,7,,,10,10,,511,,0.8008160058996106
window,瞬时请求候选,60.000,0x2B3,1,0,,,10,10,,679,,0.7633743206630649
window,瞬时请求候选,60.000,0x2B3,1,1,,,10,10,,942,,0.5803421132789329
window,瞬时请求候选,60.000,0x2B3,1,2,,,10,10,,910,,0.578153806691569
window,瞬时请求候选,60.000,0x2B3,1,3,,,10,10,,726,,0.6584798884204114
window,瞬时请求候选,60.000,0x2B3,1,4,,,10,10,,912,,0.5310450967504048
window,瞬时请求候选,60.000,0x2B3,1,5,,,10,10,,685,,0.7633823364381103
window,瞬时请求候选,60.000,0x2B3,1,6,,,10,10,,911,,0.632741234749988
window,瞬时请求候选,60.000,0x2B3,1,7,,,10,10,,864,,0.7152235599660132
window,瞬时请求候选,60.000,0x2B3,2,0,,,10,10,,498,,0.8190358625775527
window,瞬时请求候选,60.000,0x2B3,2,1,,,10,10,,800,,0.7976337432066307
window,瞬时请求候选,60.000,0x2B3,2,2,,,10,10,,908,,0.678735751959857
window,瞬时请求候选,60.000,0x2B3,2,3,,,10,10,,669,,0.6531093191400676
window,瞬时请求候选,60.000,0x2B3,2,4,,,10,10,,683,,0.5952915337383972
window,瞬时请求候选,60.000,0x2B3,2,5,,,10,10,,668,,0.7859387274155539
window,瞬时请求候选,60.000,0x2B3,2,6,,,10,10,,725,,0.755863539445629
window,瞬时请求候选,60.000,0x2B3,2,7,,,10,10,,1087,,0.5331933244625423
window,瞬时请求候选,60.000,0x2B3,3,0,,,10,10,,826,,0.7516312102217163
window,瞬时请求候选,60.000,0x2B3,3,1,,,10,10,,386,,0.90462830851115
window,瞬时请求候选,60.000,0x2B3,3,2,,,10,10,,849,,0.6980778171441396
window,瞬时请求候选,60.000,0x2B3,3,3,,,10,10,,1088,,0.6916331340077272
window,瞬时请求候选,60.000,0x2B3,3,4,,,10,10,,1026,,0.5834522339965051
window,瞬时请求候选,60.000,0x2B3,3,5,,,10,10,,754,,0.6318033890696891
window,瞬时请求候选,60.000,0x2B3,3,6,,,10,10,,1142,,0.52356637863315
window,瞬时请求候选,60.000,0x2B3,3,7,,,10,10,,458,,0.5931352902512144
window,瞬时请求候选,60.000,0x2B3,4,0,,,10,10,,917,,0.6915529762572744
window,瞬时请求候选,60.000,0x2B3,4,1,,,10,10,,833,,0.6177276880901614
window,瞬时请求候选,60.000,0x2B3,4,2,,,10,10,,788,,0.5942254356573737
window,瞬时请求候选,60.000,0x2B3,4,3,,,10,10,,901,,0.5513089760648957
window,瞬时请求候选,60.000,0x2B3,4,4,,,10,10,,828,,0.5278468025073344
window,瞬时请求候选,60.000,0x2B3,4,5,,,10,10,,911,,0.5439585103483656
window,瞬时请求候选,60.000,0x2B3,4,6,,,10,10,,769,,0.6231142889205958
window,瞬时请求候选,60.000,0x2B3,4,7,,,10,10,,686,,0.5846145213780721
window,瞬时请求候选,60.000,0x2B3,5,0,,,10,10,,711,,0.8180178591468009
window,瞬时请求候选,60.000,0x2B3,5,1,,,10,10,,549,,0.6788159097103099
window,瞬时请求候选,60.000,0x2B3,5,2,,,10,10,,823,,0.6734212931048303
window,瞬时请求候选,60.000,0x2B3,5,3,,,10,10,,697,,0.7002260448562773
window,瞬时请求候选,60.000,0x2B3,5,4,,,10,10,,790,,0.738813985924299
window,瞬时请求候选,60.000,0x2B3,5,5,,,10,10,,488,,0.8736152748609263
window,瞬时请求候选,60.000,0x2B3,5,6,,,10,10,,455,,0.8008480689997917
window,瞬时请求候选,60.000,0x2B3,5,7,,,10,10,,683,,0.7676627603122946
window,瞬时请求候选,60.000,0x2B3,6,0,,,10,10,,475,,0.6872244577328183
window,瞬时请求候选,60.000,0x2B3,6,1,,,10,10,,751,,0.6540792279205476
window,瞬时请求候选,60.000,0x2B3,6,2,,,10,10,,1140,,0.6487327059653397
window,瞬时请求候选,60.000,0x2B3,6,3,,,10,10,,720,,0.8136332301970278
window,瞬时请求候选,60.000,0x2B3,6,4,,,10,10,,1139,,0.5482309184475047
window,瞬时请求候选,60.000,0x2B3,6,5,,,10,10,,682,,0.8254805457139651
window,瞬时请求候选,60.000,0x2B3,6,6,,,10,10,,453,,0.8244144476329416
window,瞬时请求候选,60.000,0x2B3,6,7,,,10,10,,910,,0.6991118521249821
window,瞬时请求候选,60.000,0x2B3,7,0,,,10,10,,443,,0.8243743687577153
window,瞬时请求候选,60.000,0x2B3,7,1,,,10,10,,852,,0.7075925421228979
window,瞬时请求候选,60.000,0x2B3,7,2,,,10,10,,367,,0.6648844926815974
window,瞬时请求候选,60.000,0x2B3,7,3,,,10,10,,396,,0.7054443144107604
window,瞬时请求候选,60.000,0x2B3,7,4,,,10,10,,846,,0.547156804591436
window,瞬时请求候选,60.000,0x2B3,7,5,,,10,10,,682,,0.7623162383570868
window,瞬时请求候选,60.000,0x2B3,7,6,,,10,10,,685,,0.8244144476329416
window,瞬时请求候选,60.000,0x2B3,7,7,,,10,10,,909,,0.6520352052839989
window,瞬时请求候选,60.000,0x2B4,0,0,,,10,10,,574,,0.5660714285714286
window,瞬时请求候选,60.000,0x2B4,0,1,,,10,10,,562,,0.5571428571428572
window,瞬时请求候选,60.000,0x2B4,0,2,,,10,10,,520,,0.6160714285714286
window,瞬时请求候选,60.000,0x2B4,2,0,,,10,10,,541,,0.5714285714285714
window,瞬时请求候选,60.000,0x2B4,4,0,,,10,10,,566,,0.5589285714285714
window,瞬时请求候选,60.000,0x2B4,4,1,,,10,10,,572,,0.5392857142857143
window,瞬时请求候选,60.000,0x2B4,4,2,,,10,10,,605,,0.5375
window,瞬时请求候选,60.000,0x2B4,4,3,,,10,10,,361,,0.7910714285714285
window,瞬时请求候选,60.000,0x2C1,0,0,,,10,10,,4649,,0.6
window,瞬时请求候选,60.000,0x2C1,0,1,,,10,10,,2325,,0.6
window,瞬时请求候选,60.000,0x2C1,0,2,,,10,10,,2336,,0.8
window,瞬时请求候选,60.000,0x2C1,0,3,,,10,10,,4660,,0.6
window,瞬时请求候选,60.000,0x2C1,0,5,,,10,10,,2314,,0.8
window,瞬时请求候选,60.000,0x2C1,0,6,,,10,10,,2325,,0.8
window,瞬时请求候选,60.000,0x2C1,0,7,,,10,10,,2335,,0.8
window,瞬时请求候选,60.000,0x2C1,1,0,,,10,10,,2324,,0.6
window,瞬时请求候选,60.000,0x2C1,1,1,,,10,10,,4649,,0.6
window,瞬时请求候选,60.000,0x2C1,1,2,,,10,10,,2445,,0.6
window,瞬时请求候选,60.000,0x2C1,1,3,,,10,10,,2438,,0.8
window,瞬时请求候选,60.000,0x2C1,1,4,,,10,10,,2451,,0.8
window,瞬时请求候选,60.000,0x2C1,1,5,,,10,10,,2314,,0.8
window,瞬时请求候选,60.000,0x2C1,2,0,,,10,10,,4649,,0.6
window,瞬时请求候选,60.000,0x2C1,2,1,,,10,10,,2336,,0.8
window,瞬时请求候选,60.000,0x2C1,2,2,,,10,10,,4649,,0.6
window,瞬时请求候选,60.000,0x2C1,2,3,,,10,10,,2325,,0.6
window,瞬时请求候选,60.000,0x2C1,2,4,,,10,10,,2335,,0.6
window,瞬时请求候选,60.000,0x2C1,2,5,,,10,10,,2325,,0.6
window,瞬时请求候选,60.000,0x2C1,2,6,,,10,10,,2325,,0.8
window,瞬时请求候选,60.000,0x2C1,3,0,,,10,10,,2324,,0.8
window,瞬时请求候选,60.000,0x2C1,3,1,,,10,10,,4650,,0.6
window,瞬时请求候选,60.000,0x2C1,3,2,,,10,10,,4660,,0.6
window,瞬时请求候选,60.000,0x2C1,3,3,,,10,10,,4650,,0.6
window,瞬时请求候选,60.000,0x2C1,3,4,,,10,10,,2314,,0.8
window,瞬时请求候选,60.000,0x2C1,3,5,,,10,10,,2314,,0.8
window,瞬时请求候选,60.000,0x2C1,3,6,,,10,10,,2314,,0.8
window,瞬时请求候选,60.000,0x2C1,3,7,,,10,10,,2314,,0.8
window,瞬时请求候选,60.000,0x2C1,4,0,,,10,10,,2336,,0.8
window,瞬时请求候选,60.000,0x2C1,4,1,,,10,10,,2314,,0.8
window,瞬时请求候选,60.000,0x2C1,4,2,,,10,10,,2336,,0.8
window,瞬时请求候选,60.000,0x2C1,4,3,,,10,10,,2336,,0.8
window,瞬时请求候选,60.000,0x2C1,5,1,,,10,10,,2325,,0.8
window,瞬时请求候选,60.000,0x2C1,5,3,,,10,10,,2325,,0.8
window,瞬时请求候选,60.000,0x2C1,5,4,,,10,10,,4660,,0.6
window,瞬时请求候选,60.000,0x2C1,5,6,,,10,10,,2324,,0.8
window,瞬时请求候选,60.000,0x2C1,5,7,,,10,10,,4649,,0.6
window,瞬时请求候选,60.000,0x2C1,6,1,,,10,10,,4649,,0.6
window,瞬时请求候选,60.000,0x2C1,6,3,,,10,10,,2336,,0.8
window,瞬时请求候选,60.000,0x2C1,6,4,,,10,10,,2324,,0.8
window,瞬时请求候选,60.000,0x2C1,6,7,,,10,10,,2324,,0.8
window,瞬时请求候选,60.000,0x2C1,7,0,,,10,10,,4649,,0.6
window,瞬时请求候选,60.000,0x2C1,7,1,,,10,10,,2325,,0.6
window,瞬时请求候选,60.000,0x2C1,7,2,,,10,10,,2325,,0.8
window,瞬时请求候选,60.000,0x2C1,7,4,,,10,10,,2336,,0.8
window,瞬时请求候选,60.000,0x2C1,7,6,,,10,10,,2324,,0.8
window,瞬时请求候选,60.000,0x2C1,7,7,,,10,10,,2324,,0.8
window,瞬时请求候选,60.000,0x2C2,0,2,EXP_leftWindowExecutionPosition,,10,10,,871,,0.6875
window,瞬时请求候选,60.000,0x2C2,1,0,EXP_leftWindowExecutionPosition,,10,10,,1169,,0.5
window,瞬时请求候选,60.000,0x2C2,1,1,EXP_leftWindowExecutionPosition,,10,10,,1164,,0.5
window,瞬时请求候选,60.000,0x2C2,2,3,EXP_leftWindowExecutionPosition,,10,10,,1148,,0.5
window,瞬时请求候选,60.000,0x2C2,2,5,EXP_leftWindowExecutionPosition,,10,10,,1147,,0.5
window,瞬时请求候选,60.000,0x2C4,0,0,,,10,10,,1103,,0.525
window,瞬时请求候选,60.000,0x2C4,0,2,,,10,10,,334,,0.5267857142857143
window,瞬时请求候选,60.000,0x2C4,0,3,,,10,10,,218,,0.6696428571428571
window,瞬时请求候选,60.000,0x2C4,0,4,,,10,10,,111,,0.6642857142857144
window,瞬时请求候选,60.000,0x2C4,0,5,,,10,10,,418,,0.7982142857142858
window,瞬时请求候选,60.000,0x2C4,0,6,,,10,10,,341,,0.7875
window,瞬时请求候选,60.000,0x2C4,1,0,,,10,10,,543,,0.7285714285714285
window,瞬时请求候选,60.000,0x2C4,1,1,,,10,10,,330,,0.6910714285714287
window,瞬时请求候选,60.000,0x2C4,1,3,,,10,10,,440,,0.7946428571428571
window,瞬时请求候选,60.000,0x2C4,1,4,,,10,10,,439,,0.7303571428571428
window,瞬时请求候选,60.000,0x2C4,1,5,,,10,10,,439,,0.8107142857142857
window,瞬时请求候选,60.000,0x2C4,1,6,,,10,10,,456,,0.7946428571428571
window,瞬时请求候选,60.000,0x2C4,1,7,,,10,10,,442,,0.6696428571428571
window,瞬时请求候选,60.000,0x2C4,2,0,,,10,10,,434,,0.7660714285714285
window,瞬时请求候选,60.000,0x2C4,2,2,,,10,10,,481,,0.7821428571428571
window,瞬时请求候选,60.000,0x2C4,2,3,,,10,10,,362,,0.8410714285714286
window,瞬时请求候选,60.000,0x2C4,2,4,,,10,10,,297,,0.8678571428571429
window,瞬时请求候选,60.000,0x2C4,2,5,,,10,10,,260,,0.8089285714285713
window,瞬时请求候选,60.000,0x2C4,2,7,,,10,10,,264,,0.8035714285714286
window,瞬时请求候选,60.000,0x2C4,3,1,,,10,10,,419,,0.5482142857142858
window,瞬时请求候选,60.000,0x2C4,3,2,,,10,10,,328,,0.7642857142857142
window,瞬时请求候选,60.000,0x2C4,3,3,,,10,10,,335,,0.8089285714285713
window,瞬时请求候选,60.000,0x2C4,3,4,,,10,10,,228,,0.7732142857142856
window,瞬时请求候选,60.000,0x2C4,3,5,,,10,10,,245,,0.8160714285714287
window,瞬时请求候选,60.000,0x2C4,3,7,,,10,10,,444,,0.5732142857142858
window,瞬时请求候选,60.000,0x2C4,4,0,,,10,10,,447,,0.6803571428571429
window,瞬时请求候选,60.000,0x2C4,4,1,,,10,10,,398,,0.8303571428571429
window,瞬时请求候选,60.000,0x2C4,4,2,,,10,10,,334,,0.8071428571428572
window,瞬时请求候选,60.000,0x2C4,4,3,,,10,10,,337,,0.6821428571428572
window,瞬时请求候选,60.000,0x2C4,4,5,,,10,10,,334,,0.8089285714285713
window,瞬时请求候选,60.000,0x2C4,5,2,,,10,10,,512,,0.7607142857142858
window,瞬时请求候选,60.000,0x2C4,5,3,,,10,10,,406,,0.6696428571428571
window,瞬时请求候选,60.000,0x2C4,5,5,,,10,10,,317,,0.8678571428571429
window,瞬时请求候选,60.000,0x2C4,6,0,,,10,10,,584,,0.5910714285714286
window,瞬时请求候选,60.000,0x2C4,6,1,,,10,10,,334,,0.8178571428571428
window,瞬时请求候选,60.000,0x2C4,6,2,,,10,10,,443,,0.7535714285714284
window,瞬时请求候选,60.000,0x2C4,6,3,,,10,10,,243,,0.8892857142857142
window,瞬时请求候选,60.000,0x2C4,6,5,,,10,10,,443,,0.6892857142857143
window,瞬时请求候选,60.000,0x2C4,6,6,,,10,10,,393,,0.8053571428571429
window,瞬时请求候选,60.000,0x2C4,6,7,,,10,10,,401,,0.7107142857142856
window,瞬时请求候选,60.000,0x2C4,7,0,,,10,10,,293,,0.8303571428571429
window,瞬时请求候选,60.000,0x2E1,0,1,,,10,10,,2422,,0.6660958083832335
window,瞬时请求候选,60.000,0x2E1,0,2,,,10,10,,2423,,0.6663809523809523
window,瞬时请求候选,60.000,0x2E1,0,3,,,10,10,,4844,,0.6666666666666666
window,瞬时请求候选,60.000,0x2E1,0,4,,,10,10,,4845,,0.6666666666666666
window,瞬时请求候选,60.000,0x2E1,0,5,,,10,10,,4844,,0.6666666666666666
window,瞬时请求候选,60.000,0x2E1,0,6,,,10,10,,4845,,0.6663809523809523
window,瞬时请求候选,60.000,0x2E1,0,7,,,10,10,,2422,,0.8329050470487596
window,瞬时请求候选,60.000,0x2E1,1,0,,,10,10,,4845,,0.6666666666666666
window,瞬时请求候选,60.000,0x2E1,1,1,,,10,10,,2422,,0.8337616196179071
window,瞬时请求候选,60.000,0x2E1,1,2,,,10,10,,2422,,0.8331907613344739
window,瞬时请求候选,60.000,0x2E1,1,4,,,10,10,,2422,,0.8329050470487596
window,瞬时请求候选,60.000,0x2E1,1,6,,,10,10,,2422,,0.666952380952381
window,瞬时请求候选,60.000,0x2E1,1,7,,,10,10,,4845,,0.6672375249500997
window,瞬时请求候选,60.000,0x2E1,2,0,,,10,10,,2422,,0.584118619903051
window,瞬时请求候选,60.000,0x2E1,2,1,,,10,10,,2422,,0.5752677502138581
window,瞬时请求候选,60.000,0x2E1,2,2,,,10,10,,2424,,0.5903963501568291
window,瞬时请求候选,60.000,0x2E1,2,3,,,10,10,,2423,,0.5758426005132592
window,瞬时请求候选,60.000,0x2E1,2,4,,,10,10,,2421,,0.5909672084402624
window,瞬时请求候选,60.000,0x2E1,2,5,,,10,10,,2422,,0.8331907613344739
window,瞬时请求候选,60.000,0x2E1,2,6,,,10,10,,2422,,0.6660958083832335
window,瞬时请求候选,60.000,0x2E1,3,0,,,10,10,,4844,,0.6666666666666666
window,瞬时请求候选,60.000,0x2E1,3,1,,,10,10,,2422,,0.8331907613344739
window,瞬时请求候选,60.000,0x2E1,3,2,,,10,10,,2422,,0.8337616196179071
window,瞬时请求候选,60.000,0x2E1,3,3,,,10,10,,4844,,0.6666666666666666
window,瞬时请求候选,60.000,0x2E1,3,5,,,10,10,,4052,,0.7123809523809523
window,瞬时请求候选,60.000,0x2E1,3,7,,,10,10,,4844,,0.6209523809523809
window,瞬时请求候选,60.000,0x2E1,4,0,,,10,10,,2422,,0.666952380952381
window,瞬时请求候选,60.000,0x2E1,4,1,,,10,10,,4845,,0.5004282862845737
window,瞬时请求候选,60.000,0x2E1,4,2,,,10,10,,2422,,0.8337616196179071
window,瞬时请求候选,60.000,0x2E1,4,3,,,10,10,,4845,,0.500714000570288
window,瞬时请求候选,60.000,0x2E1,4,4,,,10,10,,4844,,0.6660958083832336
window,瞬时请求候选,60.000,0x2E1,4,5,,,10,10,,2423,,0.8334759053321926
window,瞬时请求候选,60.000,0x2E1,4,6,,,10,10,,4844,,0.6660958083832335
window,瞬时请求候选,60.000,0x2E1,4,7,,,10,10,,2422,,0.8329050470487596
window,瞬时请求候选,60.000,0x2E1,5,0,,,10,10,,1329,,0.8968816652409467
window,瞬时请求候选,60.000,0x2E1,5,1,,,10,10,,4711,,0.6063997718848019
window,瞬时请求候选,60.000,0x2E1,5,2,,,10,10,,3121,,0.544416880524665
window,瞬时请求候选,60.000,0x2E1,5,3,,,10,10,,2748,,0.816622754491018
window,瞬时请求候选,60.000,0x2E1,5,4,,,10,10,,2423,,0.6623820929569432
window,瞬时请求候选,60.000,0x2E1,5,5,,,10,10,,4746,,0.5041414314228686
window,瞬时请求候选,60.000,0x2E1,5,6,,,10,10,,2422,,0.6700946678072427
window,瞬时请求候选,60.000,0x2E1,6,0,,,10,10,,2422,,0.8329050470487596
window,瞬时请求候选,60.000,0x2E1,6,1,,,10,10,,2422,,0.8329050470487596
window,瞬时请求候选,60.000,0x2E1,6,2,,,10,10,,2423,,0.6663809523809523
window,瞬时请求候选,60.000,0x2E1,6,3,,,10,10,,4845,,0.6663809523809523
window,瞬时请求候选,60.000,0x2E1,6,5,,,10,10,,4845,,0.6666666666666666
window,瞬时请求候选,60.000,0x2E1,6,7,,,10,10,,2423,,0.8334759053321926
window,瞬时请求候选,60.000,0x2E1,7,1,,,10,10,,2423,,0.8334759053321926
window,瞬时请求候选,60.000,0x2E1,7,3,,,10,10,,2422,,0.6672375249500997
window,瞬时请求候选,60.000,0x2E1,7,5,,,10,10,,2423,,0.8334759053321926
window,瞬时请求候选,60.000,0x2E1,7,6,,,10,10,,2423,,0.8334759053321926
window,瞬时请求候选,60.000,0x2E2,0,0,,,10,10,,333,,0.5785714285714285
window,瞬时请求候选,60.000,0x2E2,0,1,,,10,10,,332,,0.5642857142857143
window,瞬时请求候选,60.000,0x2E2,0,3,,,10,10,,167,,0.8571428571428571
window,瞬时请求候选,60.000,0x2E2,0,4,,,10,10,,167,,0.75
window,瞬时请求候选,60.000,0x2E2,0,5,,,10,10,,332,,0.6
window,瞬时请求候选,60.000,0x2E2,0,6,,,10,10,,334,,0.6
window,瞬时请求候选,60.000,0x2E2,0,7,,,10,10,,334,,0.6
window,瞬时请求候选,60.000,0x2E2,1,0,,,10,10,,334,,0.6
window,瞬时请求候选,60.000,0x2E2,1,1,,,10,10,,166,,0.8285714285714285
window,瞬时请求候选,60.000,0x2E2,1,2,,,10,10,,167,,0.8571428571428571
window,瞬时请求候选,60.000,0x2E2,1,3,,,10,10,,167,,0.8571428571428571
window,瞬时请求候选,60.000,0x2E2,1,4,,,10,10,,166,,0.8607142857142858
window,瞬时请求候选,60.000,0x2E2,1,5,,,10,10,,334,,0.7071428571428571
window,瞬时请求候选,60.000,0x2E2,2,2,,,10,10,,248,,0.7785714285714286
window,瞬时请求候选,60.000,0x2E2,2,3,,,10,10,,248,,0.7785714285714286
window,瞬时请求候选,60.000,0x2E2,2,5,,,10,10,,167,,0.85
window,瞬时请求候选,60.000,0x2E2,2,6,,,10,10,,166,,0.8607142857142858
window,瞬时请求候选,60.000,0x2E2,3,0,,,10,10,,325,,0.7178571428571427
window,瞬时请求候选,60.000,0x2E2,3,1,,,10,10,,220,,0.5750000000000001
window,瞬时请求候选,60.000,0x2E2,3,2,,,10,10,,333,,0.5714285714285714
window,瞬时请求候选,60.000,0x2E2,3,3,,,10,10,,167,,0.8535714285714285
window,瞬时请求候选,60.000,0x2E2,3,4,,,10,10,,167,,0.8535714285714285
window,瞬时请求候选,60.000,0x2E2,3,5,,,10,10,,325,,0.7178571428571427
window,瞬时请求候选,60.000,0x2E2,3,6,,,10,10,,166,,0.5750000000000001
window,瞬时请求候选,60.000,0x2E2,3,7,,,10,10,,334,,0.5678571428571428
window,瞬时请求候选,60.000,0x2E2,4,0,,,10,10,,333,,0.7107142857142856
window,瞬时请求候选,60.000,0x2E2,4,1,,,10,10,,334,,0.5678571428571428
window,瞬时请求候选,60.000,0x2E2,4,3,,,10,10,,333,,0.7107142857142856
window,瞬时请求候选,60.000,0x2E2,4,5,,,10,10,,166,,0.8607142857142858
window,瞬时请求候选,60.000,0x2E2,4,6,,,10,10,,333,,0.7107142857142856
window,瞬时请求候选,60.000,0x2E2,5,0,,,10,10,,167,,0.7178571428571427
window,瞬时请求候选,60.000,0x2E2,5,1,,,10,10,,334,,0.7071428571428571
window,瞬时请求候选,60.000,0x2E2,5,2,,,10,10,,166,,0.8607142857142858
window,瞬时请求候选,60.000,0x2E2,5,3,,,10,10,,167,,0.7178571428571427
window,瞬时请求候选,60.000,0x2E2,5,4,,,10,10,,166,,0.6428571428571429
window,瞬时请求候选,60.000,0x2E2,5,6,,,10,10,,311,,0.7285714285714285
window,瞬时请求候选,60.000,0x2E2,5,7,,,10,10,,150,,0.875
window,瞬时请求候选,60.000,0x2E2,6,0,,,10,10,,183,,0.8357142857142856
window,瞬时请求候选,60.000,0x2E2,6,1,,,10,10,,166,,0.8607142857142858
window,瞬时请求候选,60.000,0x2E2,6,3,,,10,10,,167,,0.85
window,瞬时请求候选,60.000,0x2E2,6,4,,,10,10,,166,,0.8607142857142858
window,瞬时请求候选,60.000,0x2E2,6,5,,,10,10,,167,,0.85
window,瞬时请求候选,60.000,0x2E2,7,2,,,10,10,,333,,0.7107142857142856
window,瞬时请求候选,60.000,0x2E2,7,3,,,10,10,,167,,0.85
window,瞬时请求候选,60.000,0x2E2,7,4,,,10,10,,166,,0.8607142857142858
window,瞬时请求候选,60.000,0x2E2,7,6,,,10,10,,333,,0.7142857142857143
window,瞬时请求候选,60.000,0x2E3,0,0,,,10,10,,389,,0.6642857142857144
window,瞬时请求候选,60.000,0x2E3,0,1,,,10,10,,389,,0.5071428571428571
window,瞬时请求候选,60.000,0x2E3,0,3,,,10,10,,194,,0.8357142857142856
window,瞬时请求候选,60.000,0x2E3,0,4,,,10,10,,386,,0.5678571428571428
window,瞬时请求候选,60.000,0x2E3,0,5,,,10,10,,328,,0.65
window,瞬时请求候选,60.000,0x2E3,0,6,,,10,10,,183,,0.7928571428571429
window,瞬时请求候选,60.000,0x2E3,0,7,,,10,10,,378,,0.6214285714285713
window,瞬时请求候选,60.000,0x2E3,1,0,,,10,10,,184,,0.7642857142857142
window,瞬时请求候选,60.000,0x2E3,1,1,,,10,10,,389,,0.5142857142857143
window,瞬时请求候选,60.000,0x2E3,1,4,,,10,10,,389,,0.6607142857142857
window,瞬时请求候选,60.000,0x2E3,1,6,,,10,10,,204,,0.775
window,瞬时请求候选,60.000,0x2E3,1,7,,,10,10,,238,,0.7392857142857142
window,瞬时请求候选,60.000,0x2E3,2,0,,,10,10,,237,,0.7285714285714285
window,瞬时请求候选,60.000,0x2E3,2,1,,,10,10,,345,,0.5714285714285714
window,瞬时请求候选,60.000,0x2E3,2,2,,,10,10,,192,,0.7785714285714286
window,瞬时请求候选,60.000,0x2E3,2,3,,,10,10,,194,,0.6892857142857143
window,瞬时请求候选,60.000,0x2E3,2,4,,,10,10,,165,,0.8607142857142858
window,瞬时请求候选,60.000,0x2E3,2,5,,,10,10,,273,,0.7571428571428571
window,瞬时请求候选,60.000,0x2E3,2,6,,,10,10,,389,,0.6607142857142857
window,瞬时请求候选,60.000,0x2E3,3,1,,,10,10,,339,,0.6714285714285715
window,瞬时请求候选,60.000,0x2E3,3,2,,,10,10,,390,,0.5392857142857143
window,瞬时请求候选,60.000,0x2E3,3,3,,,10,10,,389,,0.5142857142857143
window,瞬时请求候选,60.000,0x2E3,3,4,,,10,10,,389,,0.6607142857142857
window,瞬时请求候选,60.000,0x2E3,3,5,,,10,10,,194,,0.8285714285714285
window,瞬时请求候选,60.000,0x2E3,3,6,,,10,10,,195,,0.6749999999999999
window,瞬时请求候选,60.000,0x2E3,3,7,,,10,10,,195,,0.6749999999999999
window,瞬时请求候选,60.000,0x2E3,4,0,,,10,10,,194,,0.8285714285714285
window,瞬时请求候选,60.000,0x2E3,4,1,,,10,10,,195,,0.6749999999999999
window,瞬时请求候选,60.000,0x2E3,4,3,,,10,10,,357,,0.6892857142857143
window,瞬时请求候选,60.000,0x2E3,4,4,,,10,10,,302,,0.7392857142857142
window,瞬时请求候选,60.000,0x2E3,5,0,,,10,10,,250,,0.625
window,瞬时请求候选,60.000,0x2E3,5,1,,,10,10,,249,,0.5428571428571429
window,瞬时请求候选,60.000,0x2E3,5,2,,,10,10,,223,,0.8071428571428572
window,瞬时请求候选,60.000,0x2E3,5,3,,,10,10,,195,,0.6749999999999999
window,瞬时请求候选,60.000,0x2E3,6,1,,,10,10,,162,,0.8535714285714285
window,瞬时请求候选,60.000,0x2E3,6,6,,,10,10,,194,,0.8392857142857143
window,瞬时请求候选,60.000,0x2F1,0,0,,,10,10,,1094,,0.5267857142857143
window,瞬时请求候选,60.000,0x2F1,0,1,,,10,10,,610,,0.5285714285714286
window,瞬时请求候选,60.000,0x2F1,0,2,,,10,10,,242,,0.5821428571428572
window,瞬时请求候选,60.000,0x2F1,0,3,,,10,10,,121,,0.5803571428571429
window,瞬时请求候选,60.000,0x2F1,0,5,,,10,10,,359,,0.8410714285714286
window,瞬时请求候选,60.000,0x2F1,1,0,,,10,10,,421,,0.5785714285714285
window,瞬时请求候选,60.000,0x2F1,1,3,,,10,10,,332,,0.8267857142857142
window,瞬时请求候选,60.000,0x2F1,1,4,,,10,10,,304,,0.5482142857142857
window,瞬时请求候选,60.000,0x2F1,1,7,,,10,10,,378,,0.7696428571428572
window,瞬时请求候选,60.000,0x2F1,2,0,,,10,10,,532,,0.7071428571428572
window,瞬时请求候选,60.000,0x2F1,2,2,,,10,10,,352,,0.7696428571428572
window,瞬时请求候选,60.000,0x2F1,2,3,,,10,10,,241,,0.8946428571428572
window,瞬时请求候选,60.000,0x2F1,2,6,,,10,10,,222,,0.5732142857142858
window,瞬时请求候选,60.000,0x2F1,3,0,,,10,10,,268,,0.5232142857142857
window,瞬时请求候选,60.000,0x2F1,3,4,,,10,10,,234,,0.8946428571428572
window,瞬时请求候选,60.000,0x2F1,3,7,,,10,10,,483,,0.6464285714285715
window,瞬时请求候选,60.000,0x2F1,4,0,,,10,10,,356,,0.7464285714285713
window,瞬时请求候选,60.000,0x2F1,4,2,,,10,10,,365,,0.6892857142857143
window,瞬时请求候选,60.000,0x2F1,4,4,,,10,10,,241,,0.8053571428571429
window,瞬时请求候选,60.000,0x2F1,4,5,,,10,10,,210,,0.8571428571428571
window,瞬时请求候选,60.000,0x2F1,5,6,,,10,10,,283,,0.8696428571428572
window,瞬时请求候选,60.000,0x2F1,5,7,,,10,10,,329,,0.8375
window,瞬时请求候选,60.000,0x2F1,6,0,,,10,10,,593,,0.5553571428571429
window,瞬时请求候选,60.000,0x2F1,6,1,,,10,10,,345,,0.8035714285714286
window,瞬时请求候选,60.000,0x2F1,6,3,,,10,10,,361,,0.8392857142857143
window,瞬时请求候选,60.000,0x2F9,3,0,,,10,10,,390,,0.8321428571428572
window,瞬时请求候选,60.000,0x2F9,3,1,,,10,10,,390,,0.8321428571428572
window,瞬时请求候选,60.000,0x2F9,3,4,,,10,10,,389,,0.6678571428571428
window,瞬时请求候选,60.000,0x2F9,3,5,,,10,10,,389,,0.6660714285714285
window,瞬时请求候选,60.000,0x2F9,4,0,,,10,10,,390,,0.6660714285714285
window,瞬时请求候选,60.000,0x2F9,4,5,,,10,10,,390,,0.6660714285714285
window,瞬时请求候选,60.000,0x2F9,4,7,,,10,10,,390,,0.6660714285714285
window,瞬时请求候选,60.000,0x2F9,5,1,,,10,10,,390,,0.6660714285714285
window,瞬时请求候选,60.000,0x2F9,5,2,,,10,10,,390,,0.6660714285714285
window,瞬时请求候选,60.000,0x2F9,5,3,,,10,10,,390,,0.6660714285714285
window,瞬时请求候选,60.000,0x2F9,5,5,,,10,10,,390,,0.6660714285714285
window,瞬时请求候选,60.000,0x2F9,5,6,,,10,10,,390,,0.6660714285714285
window,瞬时请求候选,60.000,0x2F9,5,7,,,10,10,,390,,0.6660714285714285
window,瞬时请求候选,60.000,0x2F9,6,0,,,10,10,,390,,0.6660714285714285
window,瞬时请求候选,60.000,0x2F9,6,1,,,10,10,,390,,0.6660714285714285
window,瞬时请求候选,60.000,0x2F9,6,2,,,10,10,,390,,0.6660714285714285
window,瞬时请求候选,60.000,0x2F9,6,3,,,10,10,,390,,0.6660714285714285
window,瞬时请求候选,60.000,0x2F9,6,5,,,10,10,,390,,0.6660714285714285
window,瞬时请求候选,60.000,0x2F9,6,6,,,10,10,,390,,0.6660714285714285
window,瞬时请求候选,60.000,0x2F9,7,0,,,10,10,,390,,0.6660714285714285
window,瞬时请求候选,60.000,0x2F9,7,3,,,10,10,,390,,0.6660714285714285
window,瞬时请求候选,60.000,0x2F9,7,6,,,10,10,,390,,0.6660714285714285
window,瞬时请求候选,60.000,0x2F9,7,7,,,10,10,,390,,0.6660714285714285
window,瞬时请求候选,60.000,0x318,7,1,,,10,10,,1095,,0.5
window,瞬时请求候选,60.000,0x318,7,2,,,10,10,,608,,0.5017857142857143
window,瞬时请求候选,60.000,0x318,7,5,,,10,10,,135,,0.7517857142857143
window,瞬时请求候选,60.000,0x31E,0,0,,,10,10,,453,,0.5
window,瞬时请求候选,60.000,0x31E,0,1,,,10,10,,226,,0.5
window,瞬时请求候选,60.000,0x320,0,0,,,10,10,,464,,0.6
window,瞬时请求候选,60.000,0x320,0,1,,,10,10,,237,,0.6
window,瞬时请求候选,60.000,0x320,0,2,,,10,10,,238,,0.8
window,瞬时请求候选,60.000,0x320,0,7,,,10,10,,227,,0.8
window,瞬时请求候选,60.000,0x320,3,3,,,10,10,,226,,0.8
window,瞬时请求候选,60.000,0x324,1,2,,,10,10,,115,,0.5
window,瞬时请求候选,60.000,0x332,3,0,,,10,10,,109,,0.5357142857142857
window,瞬时请求候选,60.000,0x332,3,1,,,10,10,,109,,0.5357142857142857
window,瞬时请求候选,60.000,0x332,4,2,,,10,10,,116,,0.5
window,瞬时请求候选,60.000,0x332,4,5,,,10,10,,116,,0.5
window,瞬时请求候选,60.000,0x332,5,5,,,10,10,,116,,0.5
window,瞬时请求候选,60.000,0x332,5,6,,,10,10,,116,,0.5
window,瞬时请求候选,60.000,0x340,0,2,,,10,10,,194,,0.6571428571428573
window,瞬时请求候选,60.000,0x340,0,3,,,10,10,,194,,0.6749999999999999
window,瞬时请求候选,60.000,0x340,1,0,,,10,10,,192,,0.9160714285714285
window,瞬时请求候选,60.000,0x340,1,2,,,10,10,,193,,0.9196428571428571
window,瞬时请求候选,60.000,0x340,1,6,,,10,10,,193,,0.9196428571428571
window,瞬时请求候选,60.000,0x343,2,2,,,10,10,,439,,0.6910714285714287
window,瞬时请求候选,60.000,0x343,2,3,,,10,10,,485,,0.6749999999999999
window,瞬时请求候选,60.000,0x343,2,4,,,10,10,,490,,0.6696428571428571
window,瞬时请求候选,60.000,0x343,2,5,,,10,10,,490,,0.6696428571428571
window,瞬时请求候选,60.000,0x343,3,4,,,10,10,,562,,0.5642857142857143
window,瞬时请求候选,60.000,0x343,3,5,,,10,10,,497,,0.6982142857142858
window,瞬时请求候选,60.000,0x343,3,6,,,10,10,,522,,0.6071428571428571
window,瞬时请求候选,60.000,0x343,3,7,,,10,10,,553,,0.6232142857142857
window,瞬时请求候选,60.000,0x34A,1,0,,,10,10,,113,,0.75
window,瞬时请求候选,60.000,0x34A,1,1,,,10,10,,113,,0.75
window,瞬时请求候选,60.000,0x34A,1,2,,,10,10,,113,,0.75
window,瞬时请求候选,60.000,0x34A,1,6,,,10,10,,113,,0.75
window,瞬时请求候选,60.000,0x34A,1,7,,,10,10,,113,,0.75
window,瞬时请求候选,60.000,0x34A,2,0,,,10,10,,113,,0.75
window,瞬时请求候选,60.000,0x34A,3,5,,,10,10,,113,,0.75
window,瞬时请求候选,60.000,0x34A,7,4,,,10,10,,113,,0.75
window,瞬时请求候选,60.000,0x34A,7,7,,,10,10,,113,,0.75
window,瞬时请求候选,60.000,0x352,0,0,,,10,10,,118,,0.6666666666666667
window,瞬时请求候选,60.000,0x352,0,1,,,10,10,,113,,0.6666666666666667
window,瞬时请求候选,60.000,0x352,1,2,,,10,10,,113,,0.6666666666666667
window,瞬时请求候选,60.000,0x352,1,4,,,10,10,,113,,0.6666666666666667
window,瞬时请求候选,60.000,0x352,1,6,,,10,10,,113,,0.6666666666666667
window,瞬时请求候选,60.000,0x352,2,0,,,10,10,,113,,0.6666666666666666
window,瞬时请求候选,60.000,0x352,2,1,,,10,10,,118,,0.6666666666666667
window,瞬时请求候选,60.000,0x352,2,3,,,10,10,,113,,0.6666666666666666
window,瞬时请求候选,60.000,0x352,2,4,,,10,10,,113,,0.6666666666666666
window,瞬时请求候选,60.000,0x352,2,5,,,10,10,,113,,0.6666666666666667
window,瞬时请求候选,60.000,0x352,2,6,,,10,10,,113,,0.6666666666666666
window,瞬时请求候选,60.000,0x352,2,7,,,10,10,,113,,0.6666666666666666
window,瞬时请求候选,60.000,0x352,3,0,,,10,10,,116,,0.6666666666666666
window,瞬时请求候选,60.000,0x352,3,1,,,10,10,,113,,0.6666666666666667
window,瞬时请求候选,60.000,0x352,3,3,,,10,10,,113,,0.6666666666666667
window,瞬时请求候选,60.000,0x352,3,4,,,10,10,,113,,0.6666666666666667
window,瞬时请求候选,60.000,0x352,3,6,,,10,10,,113,,0.6666666666666667
window,瞬时请求候选,60.000,0x352,4,7,,,10,10,,113,,0.6666666666666666
window,瞬时请求候选,60.000,0x352,5,0,,,10,10,,113,,0.6666666666666666
window,瞬时请求候选,60.000,0x352,5,2,,,10,10,,113,,0.6666666666666666
window,瞬时请求候选,60.000,0x352,5,3,,,10,10,,113,,0.6666666666666667
window,瞬时请求候选,60.000,0x352,5,6,,,10,10,,113,,0.6666666666666667
window,瞬时请求候选,60.000,0x352,6,0,,,10,10,,110,,0.6428571428571429
window,瞬时请求候选,60.000,0x352,6,1,,,10,10,,118,,0.6666666666666667
window,瞬时请求候选,60.000,0x352,6,2,,,10,10,,113,,0.6666666666666666
window,瞬时请求候选,60.000,0x352,6,5,,,10,10,,113,,0.6666666666666666
window,瞬时请求候选,60.000,0x352,6,7,,,10,10,,118,,0.6666666666666666
window,瞬时请求候选,60.000,0x352,7,0,,,10,10,,113,,0.6666666666666667
window,瞬时请求候选,60.000,0x352,7,1,,,10,10,,113,,0.6666666666666667
window,瞬时请求候选,60.000,0x352,7,2,,,10,10,,113,,0.6666666666666666
window,瞬时请求候选,60.000,0x352,7,6,,,10,10,,113,,0.6666666666666667
window,瞬时请求候选,60.000,0x359,0,0,,,10,10,,976,,0.5803571428571429
window,瞬时请求候选,60.000,0x359,0,1,,,10,10,,532,,0.5428571428571429
window,瞬时请求候选,60.000,0x359,0,2,,,10,10,,358,,0.5482142857142858
window,瞬时请求候选,60.000,0x359,0,3,,,10,10,,268,,0.6482142857142856
window,瞬时请求候选,60.000,0x359,0,7,,,10,10,,447,,0.8053571428571429
window,瞬时请求候选,60.000,0x359,1,0,,,10,10,,446,,0.7285714285714285
window,瞬时请求候选,60.000,0x359,1,1,,,10,10,,534,,0.6892857142857143
window,瞬时请求候选,60.000,0x359,1,2,,,10,10,,800,,0.6160714285714286
window,瞬时请求候选,60.000,0x359,1,3,,,10,10,,446,,0.7285714285714285
window,瞬时请求候选,60.000,0x359,1,4,,,10,10,,444,,0.6892857142857143
window,瞬时请求候选,60.000,0x359,1,5,,,10,10,,446,,0.7285714285714285
window,瞬时请求候选,60.000,0x359,4,0,,,10,10,,620,,0.6946428571428571
window,瞬时请求候选,60.000,0x359,4,1,,,10,10,,353,,0.8089285714285713
window,瞬时请求候选,60.000,0x359,4,2,,,10,10,,535,,0.725
window,瞬时请求候选,60.000,0x359,4,3,,,10,10,,444,,0.7660714285714285
window,瞬时请求候选,60.000,0x359,4,4,,,10,10,,353,,0.8464285714285714
window,瞬时请求候选,60.000,0x359,4,5,,,10,10,,444,,0.7696428571428572
window,瞬时请求候选,60.000,0x359,4,6,,,10,10,,445,,0.6928571428571428
window,瞬时请求候选,60.000,0x359,4,7,,,10,10,,623,,0.7339285714285715
window,瞬时请求候选,60.000,0x359,5,0,,,10,10,,265,,0.8446428571428571
window,瞬时请求候选,60.000,0x359,5,1,,,10,10,,352,,0.8482142857142857
window,瞬时请求候选,60.000,0x359,5,2,,,10,10,,443,,0.7732142857142856
window,瞬时请求候选,60.000,0x359,5,4,,,10,10,,356,,0.8464285714285714
window,瞬时请求候选,60.000,0x359,5,5,,,10,10,,533,,0.7732142857142856
window,瞬时请求候选,60.000,0x359,5,6,,,10,10,,352,,0.8482142857142857
window,瞬时请求候选,60.000,0x359,5,7,,,10,10,,442,,0.7732142857142856
window,瞬时请求候选,60.000,0x359,6,0,,,10,10,,355,,0.85
window,瞬时请求候选,60.000,0x359,6,1,,,10,10,,620,,0.6946428571428571
window,瞬时请求候选,60.000,0x359,6,2,,,10,10,,445,,0.8089285714285713
window,瞬时请求候选,60.000,0x359,6,3,,,10,10,,354,,0.8089285714285713
window,瞬时请求候选,60.000,0x359,6,4,,,10,10,,265,,0.8482142857142857
window,瞬时请求候选,60.000,0x359,6,5,,,10,10,,534,,0.7732142857142856
window,瞬时请求候选,60.000,0x359,6,6,,,10,10,,264,,0.8482142857142857
window,瞬时请求候选,60.000,0x359,6,7,,,10,10,,264,,0.8839285714285714
window,瞬时请求候选,60.000,0x359,7,0,,,10,10,,353,,0.8107142857142857
window,瞬时请求候选,60.000,0x359,7,1,,,10,10,,624,,0.6910714285714287
window,瞬时请求候选,60.000,0x359,7,2,,,10,10,,443,,0.7339285714285715
window,瞬时请求候选,60.000,0x359,7,3,,,10,10,,444,,0.8125
window,瞬时请求候选,60.000,0x359,7,4,,,10,10,,269,,0.8875
window,瞬时请求候选,60.000,0x359,7,7,,,10,10,,442,,0.7714285714285715
window,瞬时请求候选,60.000,0x360,0,0,,,10,10,,1043,,0.55
window,瞬时请求候选,60.000,0x360,0,1,,,10,10,,636,,0.55
window,瞬时请求候选,60.000,0x360,0,2,,,10,10,,226,,0.6410714285714285
window,瞬时请求候选,60.000,0x360,0,3,,,10,10,,210,,0.7339285714285715
window,瞬时请求候选,60.000,0x360,6,2,,,10,10,,209,,0.9089285714285714
window,瞬时请求候选,60.000,0x372,0,0,,,10,10,,1621,,0.5333333333333333
window,瞬时请求候选,60.000,0x372,1,0,,,10,10,,678,,0.7321428571428571
window,瞬时请求候选,60.000,0x372,1,1,,,10,10,,691,,0.7011904761904761
window,瞬时请求候选,60.000,0x372,1,2,,,10,10,,699,,0.7
window,瞬时请求候选,60.000,0x372,1,3,,,10,10,,471,,0.8321428571428572
window,瞬时请求候选,60.000,0x372,1,4,,,10,10,,562,,0.8345238095238096
window,瞬时请求候选,60.000,0x372,1,5,,,10,10,,330,,0.7726190476190476
window,瞬时请求候选,60.000,0x372,1,6,,,10,10,,593,,0.6964285714285714
window,瞬时请求候选,60.000,0x372,1,7,,,10,10,,454,,0.7380952380952381
window,瞬时请求候选,60.000,0x372,2,0,,,10,10,,887,,0.6047619047619047
window,瞬时请求候选,60.000,0x372,2,1,,,10,10,,711,,0.661904761904762
window,瞬时请求候选,60.000,0x372,2,2,,,10,10,,454,,0.8
window,瞬时请求候选,60.000,0x372,2,3,,,10,10,,691,,0.7333333333333334
window,瞬时请求候选,60.000,0x372,2,4,,,10,10,,691,,0.6666666666666667
window,瞬时请求候选,60.000,0x372,2,5,,,10,10,,475,,0.8
window,瞬时请求候选,60.000,0x372,2,6,,,10,10,,698,,0.6511904761904762
window,瞬时请求候选,60.000,0x372,2,7,,,10,10,,693,,0.7976190476190476
window,瞬时请求候选,60.000,0x372,3,0,,,10,10,,690,,0.8107142857142857
window,瞬时请求候选,60.000,0x372,3,1,,,10,10,,681,,0.8035714285714286
window,瞬时请求候选,60.000,0x372,3,2,,,10,10,,817,,0.5380952380952382
window,瞬时请求候选,60.000,0x372,3,3,,,10,10,,904,,0.636904761904762
window,瞬时请求候选,60.000,0x372,3,4,,,10,10,,660,,0.7440476190476192
window,瞬时请求候选,60.000,0x372,3,5,,,10,10,,204,,0.9333333333333333
window,瞬时请求候选,60.000,0x372,3,6,,,10,10,,216,,0.9297619047619048
window,瞬时请求候选,60.000,0x372,3,7,,,10,10,,465,,0.8
window,瞬时请求候选,60.000,0x372,4,0,,,10,10,,238,,0.9333333333333333
window,瞬时请求候选,60.000,0x372,4,1,,,10,10,,465,,0.8
window,瞬时请求候选,60.000,0x372,4,2,,,10,10,,714,,0.8
window,瞬时请求候选,60.000,0x372,4,3,,,10,10,,238,,0.9333333333333333
window,瞬时请求候选,60.000,0x372,4,4,,,10,10,,405,,0.8761904761904761
window,瞬时请求候选,60.000,0x372,4,6,,,10,10,,458,,0.8369047619047619
window,瞬时请求候选,60.000,0x372,4,7,,,10,10,,343,,0.8976190476190476
window,瞬时请求候选,60.000,0x372,5,0,,,10,10,,922,,0.6202380952380953
window,瞬时请求候选,60.000,0x372,5,1,,,10,10,,305,,0.9130952380952381
window,瞬时请求候选,60.000,0x372,5,2,,,10,10,,476,,0.8666666666666666
window,瞬时请求候选,60.000,0x372,5,3,,,10,10,,476,,0.8666666666666666
window,瞬时请求候选,60.000,0x372,5,4,,,10,10,,465,,0.8
window,瞬时请求候选,60.000,0x372,5,5,,,10,10,,952,,0.7333333333333334
window,瞬时请求候选,60.000,0x372,5,6,,,10,10,,714,,0.7333333333333334
window,瞬时请求候选,60.000,0x372,5,7,,,10,10,,476,,0.8666666666666666
window,瞬时请求候选,60.000,0x372,6,0,,,10,10,,588,,0.8333333333333333
window,瞬时请求候选,60.000,0x372,6,1,,,10,10,,1066,,0.6988095238095238
window,瞬时请求候选,60.000,0x372,6,2,,,10,10,,1062,,0.6654761904761904
window,瞬时请求候选,60.000,0x372,6,3,,,10,10,,1064,,0.6678571428571429
window,瞬时请求候选,60.000,0x372,6,4,,,10,10,,761,,0.75
window,瞬时请求候选,60.000,0x372,6,5,,,10,10,,1111,,0.6130952380952381
window,瞬时请求候选,60.000,0x372,6,6,,,10,10,,919,,0.730952380952381
window,瞬时请求候选,60.000,0x372,6,7,,,10,10,,455,,0.8630952380952381
window,瞬时请求候选,60.000,0x372,7,0,,,10,10,,223,,0.8404761904761904
window,瞬时请求候选,60.000,0x372,7,1,,,10,10,,703,,0.8023809523809524
window,瞬时请求候选,60.000,0x372,7,3,,,10,10,,454,,0.8666666666666666
window,瞬时请求候选,60.000,0x372,7,4,,,10,10,,442,,0.8666666666666666
window,瞬时请求候选,60.000,0x372,7,5,,,10,10,,227,,0.9333333333333333
window,瞬时请求候选,60.000,0x372,7,6,,,10,10,,216,,0.9333333333333333
window,瞬时请求候选,60.000,0x372,7,7,,,10,10,,476,,0.8666666666666666
window,瞬时请求候选,60.000,0x379,0,2,,,10,10,,195,,0.6749999999999999
window,瞬时请求候选,60.000,0x379,0,3,,,10,10,,195,,0.6607142857142857
window,瞬时请求候选,60.000,0x379,1,6,,,10,10,,291,,0.875
window,瞬时请求候选,60.000,0x379,1,7,,,10,10,,297,,0.8732142857142857
window,瞬时请求候选,60.000,0x379,2,0,,,10,10,,377,,0.6982142857142858
window,瞬时请求候选,60.000,0x379,2,1,,,10,10,,392,,0.7178571428571429
window,瞬时请求候选,60.000,0x379,2,2,,,10,10,,339,,0.7482142857142857
window,瞬时请求候选,60.000,0x379,2,3,,,10,10,,314,,0.5357142857142857
window,瞬时请求候选,60.000,0x379,2,4,,,10,10,,265,,0.8553571428571428
window,瞬时请求候选,60.000,0x379,2,6,,,10,10,,271,,0.8142857142857143
window,瞬时请求候选,60.000,0x379,2,7,,,10,10,,295,,0.8125
window,瞬时请求候选,60.000,0x379,3,0,,,10,10,,247,,0.8142857142857143
window,瞬时请求候选,60.000,0x379,3,2,,,10,10,,292,,0.8071428571428572
window,瞬时请求候选,60.000,0x379,3,3,,,10,10,,388,,0.5232142857142857
window,瞬时请求候选,60.000,0x379,3,4,,,10,10,,203,,0.8892857142857142
window,瞬时请求候选,60.000,0x379,3,6,,,10,10,,275,,0.5482142857142857
window,瞬时请求候选,60.000,0x379,3,7,,,10,10,,204,,0.8803571428571428
window,瞬时请求候选,60.000,0x379,4,0,,,10,10,,375,,0.5750000000000001
window,瞬时请求候选,60.000,0x379,4,1,,,10,10,,388,,0.5821428571428572
window,瞬时请求候选,60.000,0x379,4,2,,,10,10,,195,,0.9178571428571428
window,瞬时请求候选,60.000,0x379,4,3,,,10,10,,195,,0.9178571428571428
window,瞬时请求候选,60.000,0x379,4,4,,,10,10,,194,,0.5785714285714285
window,瞬时请求候选,60.000,0x379,4,5,,,10,10,,194,,0.6642857142857144
window,瞬时请求候选,60.000,0x379,4,6,,,10,10,,194,,0.7571428571428571
window,瞬时请求候选,60.000,0x379,4,7,,,10,10,,194,,0.7571428571428571
window,瞬时请求候选,60.000,0x379,5,0,,,10,10,,194,,0.5785714285714285
window,瞬时请求候选,60.000,0x379,5,1,,,10,10,,194,,0.6642857142857144
window,瞬时请求候选,60.000,0x379,5,2,,,10,10,,194,,0.6642857142857144
window,瞬时请求候选,60.000,0x379,5,3,,,10,10,,192,,0.7464285714285716
window,瞬时请求候选,60.000,0x379,5,4,,,10,10,,194,,0.6642857142857144
window,瞬时请求候选,60.000,0x379,5,5,,,10,10,,313,,0.6053571428571428
window,瞬时请求候选,60.000,0x379,5,6,,,10,10,,148,,0.9428571428571428
window,瞬时请求候选,60.000,0x379,5,7,,,10,10,,389,,0.5821428571428572
window,瞬时请求候选,60.000,0x379,6,0,,,10,10,,386,,0.625
window,瞬时请求候选,60.000,0x379,6,2,,,10,10,,387,,0.5321428571428571
window,瞬时请求候选,60.000,0x379,6,3,,,10,10,,193,,0.7464285714285716
window,瞬时请求候选,60.000,0x379,6,4,,,10,10,,387,,0.8321428571428572
window,瞬时请求候选,60.000,0x379,6,5,,,10,10,,194,,0.6642857142857144
window,瞬时请求候选,60.000,0x379,7,0,,,10,10,,387,,0.5857142857142856
window,瞬时请求候选,60.000,0x379,7,1,,,10,10,,194,,0.5928571428571429
window,瞬时请求候选,60.000,0x379,7,2,,,10,10,,195,,0.9178571428571428
window,瞬时请求候选,60.000,0x379,7,3,,,10,10,,192,,0.9142857142857144
window,瞬时请求候选,60.000,0x37A,0,3,,,10,10,,579,,0.75
window,瞬时请求候选,60.000,0x37A,0,5,,,10,10,,778,,0.65
window,瞬时请求候选,60.000,0x37A,0,7,,,10,10,,579,,0.75
window,瞬时请求候选,60.000,0x381,0,0,,,10,10,,3112,,0.5199225490705311
window,瞬时请求候选,60.000,0x381,0,2,,,10,10,,720,,0.559118375261873
window,瞬时请求候选,60.000,0x381,0,3,,,10,10,,478,,0.5854643881549711
window,瞬时请求候选,60.000,0x381,0,4,,,10,10,,237,,0.5951197834605907
window,瞬时请求候选,60.000,0x381,0,5,,,10,10,,1068,,0.8309815260487906
window,瞬时请求候选,60.000,0x381,0,6,,,10,10,,1324,,0.7969106197805749
window,瞬时请求候选,60.000,0x381,0,7,,,10,10,,952,,0.812340206959041
window,瞬时请求候选,60.000,0x381,1,0,,,10,10,,681,,0.7904756133455686
window,瞬时请求候选,60.000,0x381,1,1,,,10,10,,1320,,0.6066883667780528
window,瞬时请求候选,60.000,0x381,1,2,,,10,10,,768,,0.8843170524784875
window,瞬时请求候选,60.000,0x381,1,3,,,10,10,,652,,0.8920361745473854
window,瞬时请求候选,60.000,0x381,1,4,,,10,10,,1203,,0.6703170178506502
window,瞬时请求候选,60.000,0x381,1,5,,,10,10,,1194,,0.6677401296235377
window,瞬时请求候选,60.000,0x381,1,6,,,10,10,,1189,,0.7062982264775987
window,瞬时请求候选,60.000,0x381,1,7,,,10,10,,721,,0.8502519175164915
window,瞬时请求候选,60.000,0x381,2,0,,,10,10,,968,,0.6696590889416001
window,瞬时请求候选,60.000,0x381,2,1,,,10,10,,1442,,0.6304661484033681
window,瞬时请求候选,60.000,0x381,2,2,,,10,10,,1194,,0.7769967276693734
window,瞬时请求候选,60.000,0x381,2,3,,,10,10,,1434,,0.7789214582936557
window,瞬时请求候选,60.000,0x381,2,4,,,10,10,,1433,,0.665169012702645
window,瞬时请求候选,60.000,0x381,2,5,,,10,10,,1401,,0.7107911883696637
window,瞬时请求候选,60.000,0x381,2,6,,,10,10,,1231,,0.7725008801241985
window,瞬时请求候选,60.000,0x381,2,7,,,10,10,,941,,0.8136300938991522
window,瞬时请求候选,60.000,0x381,3,0,,,10,10,,1431,,0.6632413964252529
window,瞬时请求候选,60.000,0x381,3,1,,,10,10,,1669,,0.6291762614632569
window,瞬时请求候选,60.000,0x381,3,2,,,10,10,,1681,,0.6323937646807601
window,瞬时请求候选,60.000,0x381,3,3,,,10,10,,1192,,0.7043706102002066
window,瞬时请求候选,60.000,0x381,3,4,,,10,10,,1918,,0.5938270108673696
window,瞬时请求候选,60.000,0x381,3,5,,,10,10,,1678,,0.6658125133461457
window,瞬时请求候选,60.000,0x381,3,6,,,10,10,,1429,,0.6632385107721431
window,瞬时请求候选,60.000,0x381,3,7,,,10,10,,1427,,0.6272457595327551
window,瞬时请求候选,60.000,0x381,4,0,,,10,10,,1440,,0.7043734958533164
window,瞬时请求候选,60.000,0x381,4,1,,,10,10,,720,,0.8149142095330436
window,瞬时请求候选,60.000,0x381,4,2,,,10,10,,718,,0.8149170951861535
window,瞬时请求候选,60.000,0x381,4,3,,,10,10,,725,,0.775712612035482
window,瞬时请求候选,60.000,0x381,4,4,,,10,10,,967,,0.8129865932556515
window,瞬时请求候选,60.000,0x381,4,5,,,10,10,,718,,0.8894621719733828
window,瞬时请求候选,60.000,0x381,4,6,,,10,10,,703,,0.89587986448973
window,瞬时请求候选,60.000,0x381,4,7,,,10,10,,712,,0.8431964956628634
window,瞬时请求候选,60.000,0x381,5,0,,,10,10,,477,,0.8174795551477166
window,瞬时请求候选,60.000,0x381,5,1,,,10,10,,954,,0.8509069607724317
window,瞬时请求候选,60.000,0x381,5,2,,,10,10,,1912,,0.6278950314824755
window,瞬时请求候选,60.000,0x381,5,3,,,10,10,,1421,,0.729441164418743
window,瞬时请求候选,60.000,0x381,5,4,,,10,10,,715,,0.778935886559205
window,瞬时请求候选,60.000,0x381,5,5,,,10,10,,1268,,0.791121999642179
window,瞬时请求候选,60.000,0x381,5,6,,,10,10,,1563,,0.719791540419343
window,瞬时请求候选,60.000,0x381,5,7,,,10,10,,1422,,0.7641411430649099
window,瞬时请求候选,60.000,0x381,6,0,,,10,10,,716,,0.7050112251905974
window,瞬时请求候选,60.000,0x381,6,1,,,10,10,,952,,0.7011531069827034
window,瞬时请求候选,60.000,0x381,6,2,,,10,10,,1194,,0.7043706102002066
window,瞬时请求候选,60.000,0x381,6,3,,,10,10,,950,,0.7769909563631536
window,瞬时请求候选,60.000,0x381,6,4,,,10,10,,1057,,0.762207755481298
window,瞬时请求候选,60.000,0x381,6,5,,,10,10,,951,,0.8116909350093205
window,瞬时请求候选,60.000,0x381,6,6,,,10,10,,957,,0.8521795337938836
window,瞬时请求候选,60.000,0x381,6,7,,,10,10,,713,,0.8129865932556515
window,瞬时请求候选,60.000,0x381,7,0,,,10,10,,1207,,0.7814896895614385
window,瞬时请求候选,60.000,0x381,7,1,,,10,10,,962,,0.7525610171350081
window,瞬时请求候选,60.000,0x381,7,2,,,10,10,,957,,0.7403489331740453
window,瞬时请求候选,60.000,0x381,7,3,,,10,10,,727,,0.818766556434718
window,瞬时请求候选,60.000,0x381,7,4,,,10,10,,480,,0.8894621719733828
window,瞬时请求候选,60.000,0x381,7,5,,,10,10,,967,,0.7467868252621616
window,瞬时请求候选,60.000,0x381,7,6,,,10,10,,1198,,0.7808519602241575
window,瞬时请求候选,60.000,0x381,7,7,,,10,10,,485,,0.8920304032411656
window,瞬时请求候选,60.000,0x38A,0,0,,,10,10,,774,,0.6660714285714285
window,瞬时请求候选,60.000,0x38A,0,1,,,10,10,,775,,0.6660714285714285
window,瞬时请求候选,60.000,0x393,2,0,,,10,10,,1093,,0.5214285714285715
window,瞬时请求候选,60.000,0x39A,0,4,,,10,10,,874,,0.6
window,瞬时请求候选,60.000,0x39A,0,5,,,10,10,,928,,0.5821428571428572
window,瞬时请求候选,60.000,0x39A,0,6,,,10,10,,928,,0.5821428571428572
window,瞬时请求候选,60.000,0x39A,0,7,,,10,10,,928,,0.5821428571428572
window,瞬时请求候选,60.000,0x39A,2,3,,,10,10,,796,,0.6839285714285713
window,瞬时请求候选,60.000,0x39A,3,5,,,10,10,,1139,,0.525
window,瞬时请求候选,60.000,0x3A1,3,1,,,10,10,,1178,,0.7508928571428571
window,瞬时请求候选,60.000,0x3A1,3,2,,,10,10,,1185,,0.7580357142857144
window,瞬时请求候选,60.000,0x3A1,3,3,,,10,10,,1323,,0.7125
window,瞬时请求候选,60.000,0x3A1,3,4,,,10,10,,1084,,0.7732142857142856
window,瞬时请求候选,60.000,0x3A1,3,6,,,10,10,,1510,,0.7044642857142858
window,瞬时请求候选,60.000,0x3A1,3,7,,,10,10,,1472,,0.7044642857142858
window,瞬时请求候选,60.000,0x3A1,4,0,,,10,10,,2225,,0.5
window,瞬时请求候选,60.000,0x3A1,4,1,,,10,10,,2225,,0.5
window,瞬时请求候选,60.000,0x3A1,7,1,,,10,10,,1147,,0.7491071428571429
window,瞬时请求候选,60.000,0x3A1,7,2,,,10,10,,1185,,0.75625
window,瞬时请求候选,60.000,0x3A1,7,3,,,10,10,,1218,,0.7366071428571429
window,瞬时请求候选,60.000,0x3A1,7,4,,,10,10,,1185,,0.7133928571428572
window,瞬时请求候选,60.000,0x3A1,7,5,,,10,10,,1167,,0.5178571428571429
window,瞬时请求候选,60.000,0x3A1,7,6,,,10,10,,1677,,0.5053571428571428
window,瞬时请求候选,60.000,0x3A1,7,7,,,10,10,,1411,,0.5044642857142857
window,瞬时请求候选,60.000,0x3A2,0,0,,,10,10,,2347,,0.6668634395907124
window,瞬时请求候选,60.000,0x3A2,0,1,,,10,10,,2347,,0.6662731208185754
window,瞬时请求候选,60.000,0x3A2,0,5,,,10,10,,2347,,0.6296806448321599
window,瞬时请求候选,60.000,0x3A2,0,6,,,10,10,,2344,,0.6414870202748991
window,瞬时请求候选,60.000,0x3A2,0,7,,,10,10,,2059,,0.6928301776786626
window,瞬时请求候选,60.000,0x3A2,1,0,,,10,10,,2346,,0.6668634395907124
window,瞬时请求候选,60.000,0x3A2,1,1,,,10,10,,2347,,0.6662731208185754
window,瞬时请求候选,60.000,0x3A2,1,2,,,10,10,,2346,,0.6668634395907124
window,瞬时请求候选,60.000,0x3A2,1,3,,,10,10,,2347,,0.6662731208185754
window,瞬时请求候选,60.000,0x3A2,1,4,,,10,10,,2223,,0.6750987508563266
window,瞬时请求候选,60.000,0x3A2,1,5,,,10,10,,2345,,0.6486291486291487
window,瞬时请求候选,60.000,0x3A2,1,7,,,10,10,,2348,,0.6668634395907124
window,瞬时请求候选,60.000,0x3A2,2,1,,,10,10,,2346,,0.6668634395907124
window,瞬时请求候选,60.000,0x3A2,2,4,,,10,10,,2346,,0.6668634395907124
window,瞬时请求候选,60.000,0x3A2,2,5,,,10,10,,2347,,0.6662731208185753
window,瞬时请求候选,60.000,0x3A2,2,6,,,10,10,,2346,,0.6668634395907124
window,瞬时请求候选,60.000,0x3A2,2,7,,,10,10,,1476,,0.7928296918195908
window,瞬时请求候选,60.000,0x3A2,3,0,,,10,10,,668,,0.9087483784453482
window,瞬时请求候选,60.000,0x3A2,3,1,,,10,10,,1456,,0.7916539128660341
window,瞬时请求候选,60.000,0x3A2,3,3,,,10,10,,2260,,0.6680392185442691
window,瞬时请求候选,60.000,0x3A2,3,5,,,10,10,,2298,,0.6668634395907124
window,瞬时请求候选,60.000,0x3A2,3,7,,,10,10,,2346,,0.6668634395907124
window,瞬时请求候选,60.000,0x3A2,4,0,,,10,10,,1983,,0.7174923841590507
window,瞬时请求候选,60.000,0x3A2,4,1,,,10,10,,1515,,0.7816452159886503
window,瞬时请求候选,60.000,0x3A2,4,2,,,10,10,,2348,,0.5161863949742738
window,瞬时请求候选,60.000,0x3A2,4,3,,,10,10,,1160,,0.8357844923501488
window,瞬时请求候选,60.000,0x3A2,4,5,,,10,10,,2347,,0.66509491256966
window,瞬时请求候选,60.000,0x3A2,5,4,,,10,10,,2347,,0.6668634395907124
window,瞬时请求候选,60.000,0x3A2,5,5,,,10,10,,2347,,0.6668634395907124
window,瞬时请求候选,60.000,0x3A2,5,6,,,10,10,,2347,,0.6668634395907124
window,瞬时请求候选,60.000,0x3A2,5,7,,,10,10,,2347,,0.665685231341797
window,瞬时请求候选,60.000,0x3A2,6,0,,,10,10,,2347,,0.6662755501139339
window,瞬时请求候选,60.000,0x3A2,6,1,,,10,10,,2347,,0.6668634395907124
window,瞬时请求候选,60.000,0x3A2,6,2,,,10,10,,2347,,0.6668634395907124
window,瞬时请求候选,60.000,0x3A2,6,3,,,10,10,,2347,,0.6668634395907124
window,瞬时请求候选,60.000,0x3A2,6,4,,,10,10,,2347,,0.6668634395907124
window,瞬时请求候选,60.000,0x3A2,6,5,,,10,10,,2347,,0.6668634395907124
window,瞬时请求候选,60.000,0x3A2,6,6,,,10,10,,2347,,0.6662731208185753
window,瞬时请求候选,60.000,0x3A2,6,7,,,10,10,,2347,,0.6662731208185753
window,瞬时请求候选,60.000,0x3A2,7,0,,,10,10,,2346,,0.6668634395907124
window,瞬时请求候选,60.000,0x3A2,7,1,,,10,10,,2346,,0.6668634395907124
window,瞬时请求候选,60.000,0x3A2,7,4,,,10,10,,2346,,0.6668634395907124
window,瞬时请求候选,60.000,0x3A2,7,5,,,10,10,,2346,,0.6668634395907124
window,瞬时请求候选,60.000,0x3A2,7,6,,,10,10,,2346,,0.6668634395907124
window,瞬时请求候选,60.000,0x3A8,0,0,,,10,10,,464,,0.6
window,瞬时请求候选,60.000,0x3A8,0,1,,,10,10,,237,,0.6
window,瞬时请求候选,60.000,0x3A8,0,2,,,10,10,,237,,0.8
window,瞬时请求候选,60.000,0x3A8,1,0,,,10,10,,238,,0.8
window,瞬时请求候选,60.000,0x3A8,1,1,,,10,10,,238,,0.6
window,瞬时请求候选,60.000,0x3A8,1,2,,,10,10,,238,,0.8
window,瞬时请求候选,60.000,0x3A8,1,3,,,10,10,,238,,0.8
window,瞬时请求候选,60.000,0x3A8,1,4,,,10,10,,238,,0.8
window,瞬时请求候选,60.000,0x3A8,1,5,,,10,10,,237,,0.7464285714285713
window,瞬时请求候选,60.000,0x3A8,1,6,,,10,10,,237,,0.7714285714285715
window,瞬时请求候选,60.000,0x3A8,1,7,,,10,10,,238,,0.625
window,瞬时请求候选,60.000,0x3A8,2,0,,,10,10,,237,,0.8
window,瞬时请求候选,60.000,0x3A8,2,1,,,10,10,,237,,0.8
window,瞬时请求候选,60.000,0x3A8,2,3,,,10,10,,227,,0.8
window,瞬时请求候选,60.000,0x3A8,2,4,,,10,10,,227,,0.8
window,瞬时请求候选,60.000,0x3A8,3,0,,,10,10,,465,,0.5214285714285715
window,瞬时请求候选,60.000,0x3A8,3,1,,,10,10,,235,,0.7035714285714285
window,瞬时请求候选,60.000,0x3A8,3,2,,,10,10,,237,,0.6392857142857142
window,瞬时请求候选,60.000,0x3A8,3,3,,,10,10,,237,,0.6321428571428571
window,瞬时请求候选,60.000,0x3A8,3,4,,,10,10,,237,,0.6321428571428571
window,瞬时请求候选,60.000,0x3A8,3,5,,,10,10,,237,,0.6321428571428571
window,瞬时请求候选,60.000,0x3A8,3,6,,,10,10,,237,,0.6321428571428571
window,瞬时请求候选,60.000,0x3A8,6,0,,,10,10,,238,,0.8
window,瞬时请求候选,60.000,0x3A8,6,1,,,10,10,,238,,0.8
window,瞬时请求候选,60.000,0x3A8,6,2,,,10,10,,238,,0.8
window,瞬时请求候选,60.000,0x3A8,6,3,,,10,10,,238,,0.8
window,瞬时请求候选,60.000,0x3A8,6,4,,,10,10,,238,,0.8
window,瞬时请求候选,60.000,0x3A8,6,5,,,10,10,,237,,0.7964285714285715
window,瞬时请求候选,60.000,0x3A8,6,6,,,10,10,,238,,0.8
window,瞬时请求候选,60.000,0x3A8,6,7,,,10,10,,238,,0.8
window,瞬时请求候选,60.000,0x3AE,6,4,,,10,10,,3071,,0.501354096140826
window,瞬时请求候选,60.000,0x3AE,7,4,,,10,10,,3071,,0.501354096140826
window,瞬时请求候选,60.000,0x3B2,0,0,,,10,10,,354,,0.5181008075744918
window,瞬时请求候选,60.000,0x3B2,0,1,,,10,10,,178,,0.5235953130689973
window,瞬时请求候选,60.000,0x3B2,3,4,,,10,10,,152,,0.6625859520596363
window,瞬时请求候选,60.000,0x3B2,3,6,,,10,10,,136,,0.6810402073559968
window,瞬时请求候选,60.000,0x3B2,4,2,,,10,10,,128,,0.6377482166955851
window,瞬时请求候选,60.000,0x3B2,5,1,,,10,10,,177,,0.6314182893130261
window,瞬时请求候选,60.000,0x3B2,5,6,,,10,10,,175,,0.6639247691879271
window,瞬时请求候选,60.000,0x3B2,6,0,,,10,10,,187,,0.5907075380759591
window,瞬时请求候选,60.000,0x3B2,6,7,,,10,10,,167,,0.6605081078765289
window,瞬时请求候选,60.000,0x3B2,7,0,,,10,10,,159,,0.6568879463616307
window,瞬时请求候选,60.000,0x3B2,7,2,,,10,10,,169,,0.623899492320545
window,瞬时请求候选,60.000,0x3C0,0,0,,,10,10,,1062,,0.5446428571428571
window,瞬时请求候选,60.000,0x3C0,0,1,,,10,10,,636,,0.5464285714285715
window,瞬时请求候选,60.000,0x3C0,0,2,,,10,10,,212,,0.6303571428571428
window,瞬时请求候选,60.000,0x3C0,0,3,,,10,10,,211,,0.7303571428571428
window,瞬时请求候选,60.000,0x3C0,2,4,,,10,10,,210,,0.9107142857142857
window,瞬时请求候选,60.000,0x3C0,7,0,,,10,10,,214,,0.9089285714285714
window,瞬时请求候选,60.000,0x3C8,0,0,,,10,10,,995,,0.5732142857142856
window,瞬时请求候选,60.000,0x3C8,0,1,,,10,10,,664,,0.5714285714285714
window,瞬时请求候选,60.000,0x3DB,0,0,,,10,10,,180,,0.625
window,瞬时请求候选,60.000,0x3DB,0,1,,,10,10,,176,,0.625
window,瞬时请求候选,60.000,0x3E8,0,0,,,10,10,,1000,,0.5714285714285714
window,瞬时请求候选,60.000,0x3E8,0,1,,,10,10,,667,,0.5714285714285714
window,瞬时请求候选,60.000,0x3F9,0,0,,,10,10,,1038,,0.5571428571428572
window,瞬时请求候选,60.000,0x3F9,0,1,,,10,10,,520,,0.5535714285714286
window,瞬时请求候选,60.000,0x3F9,0,3,,,10,10,,258,,0.8892857142857142
window,瞬时请求候选,60.000,0x3FD,0,0,,,10,10,,474,,0.6666666666666667
window,瞬时请求候选,60.000,0x3FD,0,1,,,10,10,,473,,0.6666666666666667
window,瞬时请求候选,60.000,0x3FD,2,1,,,10,10,,474,,0.6666666666666667
window,瞬时请求候选,60.000,0x3FD,3,2,,,10,10,,475,,0.6666666666666667
window,瞬时请求候选,60.000,0x3FD,3,3,,,10,10,,475,,0.6666666666666667
window,瞬时请求候选,60.000,0x3FD,3,4,,,10,10,,475,,0.6666666666666667
window,瞬时请求候选,60.000,0x3FD,3,5,,,10,10,,475,,0.6666666666666667
window,瞬时请求候选,60.000,0x3FD,4,5,,,10,10,,475,,0.6666666666666667
window,瞬时请求候选,60.000,0x3FD,5,3,,,10,10,,474,,0.6666666666666667
window,瞬时请求候选,60.000,0x3FD,6,0,,,10,10,,475,,0.6666666666666667
window,瞬时请求候选,60.000,0x3FD,6,1,,,10,10,,474,,0.6666666666666667
window,瞬时请求候选,60.000,0x3FD,6,4,,,10,10,,474,,0.6666666666666667
window,瞬时请求候选,60.000,0x3FD,7,4,,,10,10,,473,,0.6666666666666667
window,瞬时请求候选,60.000,0x401,0,0,,,10,10,,4141,,0.5
window,瞬时请求候选,60.000,0x401,0,1,,,10,10,,2075,,0.5
window,瞬时请求候选,60.000,0x401,0,2,,,10,10,,919,,0.5555555555555556
window,瞬时请求候选,60.000,0x401,0,3,,,10,10,,465,,0.5555555555555556
window,瞬时请求候选,60.000,0x401,0,4,,,10,10,,238,,0.5555555555555556
window,瞬时请求候选,60.000,0x401,0,5,,,10,10,,238,,0.8888888888888887
window,瞬时请求候选,60.000,0x401,1,3,,,10,10,,238,,0.9722222222222222
window,瞬时请求候选,60.000,0x401,1,5,,,10,10,,238,,0.9722222222222222
window,瞬时请求候选,60.000,0x401,2,0,,,10,10,,2178,,0.5322420634920635
window,瞬时请求候选,60.000,0x401,2,1,,,10,10,,2084,,0.6984126984126985
window,瞬时请求候选,60.000,0x401,2,2,,,10,10,,2171,,0.5376984126984128
window,瞬时请求候选,60.000,0x401,2,3,,,10,10,,1851,,0.5381944444444444
window,瞬时请求候选,60.000,0x401,2,4,,,10,10,,2137,,0.6334325396825397
window,瞬时请求候选,60.000,0x401,2,5,,,10,10,,282,,0.9697420634920635
window,瞬时请求候选,60.000,0x401,4,0,,,10,10,,2205,,0.5793650793650793
window,瞬时请求候选,60.000,0x401,4,1,,,10,10,,1541,,0.7098214285714286
window,瞬时请求候选,60.000,0x401,4,2,,,10,10,,2262,,0.5491071428571429
window,瞬时请求候选,60.000,0x401,4,3,,,10,10,,1887,,0.5491071428571429
window,瞬时请求候选,60.000,0x401,4,4,,,10,10,,1599,,0.7614087301587301
window,瞬时请求候选,60.000,0x401,4,5,,,10,10,,238,,0.9722222222222222
window,瞬时请求候选,60.000,0x401,4,7,,,10,10,,238,,0.9722222222222222
window,瞬时请求候选,60.000,0x401,5,7,,,10,10,,238,,0.9722222222222222
window,瞬时请求候选,60.000,0x401,6,0,,,10,10,,2132,,0.5426587301587301
window,瞬时请求候选,60.000,0x401,6,1,,,10,10,,2011,,0.6418650793650793
window,瞬时请求候选,60.000,0x401,6,2,,,10,10,,2049,,0.5362103174603174
window,瞬时请求候选,60.000,0x401,6,3,,,10,10,,1961,,0.5094246031746031
window,瞬时请求候选,60.000,0x401,6,4,,,10,10,,1824,,0.6636904761904762
window,瞬时请求候选,60.000,0x401,6,5,,,10,10,,350,,0.9598214285714286
window,瞬时请求候选,60.000,0x401,6,7,,,10,10,,238,,0.9722222222222222
window,瞬时请求候选,60.000,0x401,7,7,,,10,10,,238,,0.9722222222222222
window,瞬时请求候选,60.000,0x405,0,0,,,10,10,,310,,0.6651785714285714
window,瞬时请求候选,60.000,0x405,0,1,,,10,10,,310,,0.6651785714285714
window,瞬时请求候选,60.000,0x405,1,0,,,10,10,,308,,0.6696428571428571
window,瞬时请求候选,60.000,0x405,1,1,,,10,10,,308,,0.6696428571428571
window,瞬时请求候选,60.000,0x405,1,4,,,10,10,,310,,0.6651785714285714
window,瞬时请求候选,60.000,0x405,1,5,,,10,10,,310,,0.6651785714285714
window,瞬时请求候选,60.000,0x405,1,6,,,10,10,,310,,0.6651785714285714
window,瞬时请求候选,60.000,0x405,2,0,,,10,10,,310,,0.6651785714285714
window,瞬时请求候选,60.000,0x405,2,1,,,10,10,,310,,0.6651785714285714
window,瞬时请求候选,60.000,0x405,2,2,,,10,10,,310,,0.6651785714285714
window,瞬时请求候选,60.000,0x405,2,4,,,10,10,,310,,0.6651785714285714
window,瞬时请求候选,60.000,0x405,2,5,,,10,10,,310,,0.6651785714285714
window,瞬时请求候选,60.000,0x405,2,6,,,10,10,,310,,0.6651785714285714
window,瞬时请求候选,60.000,0x405,3,0,,,10,10,,308,,0.6696428571428571
window,瞬时请求候选,60.000,0x405,3,1,,,10,10,,310,,0.6651785714285714
window,瞬时请求候选,60.000,0x405,3,2,,,10,10,,308,,0.6696428571428571
window,瞬时请求候选,60.000,0x405,3,4,,,10,10,,308,,0.6696428571428571
window,瞬时请求候选,60.000,0x405,3,5,,,10,10,,308,,0.6696428571428571
window,瞬时请求候选,60.000,0x405,4,1,,,10,10,,308,,0.6696428571428571
window,瞬时请求候选,60.000,0x405,4,2,,,10,10,,308,,0.6696428571428571
window,瞬时请求候选,60.000,0x405,4,4,,,10,10,,310,,0.6651785714285714
window,瞬时请求候选,60.000,0x405,4,5,,,10,10,,310,,0.6651785714285714
window,瞬时请求候选,60.000,0x405,4,6,,,10,10,,310,,0.6651785714285714
window,瞬时请求候选,60.000,0x405,5,0,,,10,10,,310,,0.6651785714285714
window,瞬时请求候选,60.000,0x405,5,2,,,10,10,,308,,0.6696428571428571
window,瞬时请求候选,60.000,0x405,5,3,,,10,10,,310,,0.6651785714285714
window,瞬时请求候选,60.000,0x405,5,4,,,10,10,,310,,0.6651785714285714
window,瞬时请求候选,60.000,0x405,5,5,,,10,10,,310,,0.6651785714285714
window,瞬时请求候选,60.000,0x405,5,6,,,10,10,,310,,0.6651785714285714
window,瞬时请求候选,60.000,0x405,6,0,,,10,10,,310,,0.6651785714285714
window,瞬时请求候选,60.000,0x405,6,1,,,10,10,,310,,0.6651785714285714
window,瞬时请求候选,60.000,0x405,6,2,,,10,10,,310,,0.6651785714285714
window,瞬时请求候选,60.000,0x405,6,5,,,10,10,,308,,0.6696428571428571
window,瞬时请求候选,60.000,0x405,6,6,,,10,10,,308,,0.6696428571428571
window,瞬时请求候选,60.000,0x405,7,1,,,10,10,,310,,0.6651785714285714
window,瞬时请求候选,60.000,0x405,7,2,,,10,10,,310,,0.6651785714285714
window,瞬时请求候选,60.000,0x405,7,3,,,10,10,,310,,0.6651785714285714
window,瞬时请求候选,60.000,0x405,7,4,,,10,10,,310,,0.6651785714285714
window,瞬时请求候选,60.000,0x405,7,5,,,10,10,,310,,0.6651785714285714
window,瞬时请求候选,60.000,0x405,7,6,,,10,10,,310,,0.6651785714285714
window,瞬时请求候选,60.000,0x414,0,0,,,10,10,,310,,0.6651785714285714
window,瞬时请求候选,60.000,0x414,0,1,,,10,10,,310,,0.6651785714285714
window,瞬时请求候选,60.000,0x414,1,5,,,10,10,,308,,0.6696428571428571
window,瞬时请求候选,60.000,0x414,2,5,,,10,10,,308,,0.6696428571428571
window,瞬时请求候选,60.000,0x414,3,5,,,10,10,,308,,0.6696428571428571
window,瞬时请求候选,60.000,0x414,4,5,,,10,10,,308,,0.6696428571428571
window,瞬时请求候选,60.000,0x441,0,0,,,10,10,,2199,,0.51875
window,瞬时请求候选,60.000,0x441,0,2,,,10,10,,2207,,0.51875
window,瞬时请求候选,60.000,0x441,7,0,,,10,10,,2199,,0.51875
window,瞬时请求候选,60.000,0x441,7,4,,,10,10,,1740,,0.5
window,瞬时请求候选,60.000,0x441,7,5,,,10,10,,1455,,0.5
window,瞬时请求候选,60.000,0x441,7,6,,,10,10,,1445,,0.625
window,瞬时请求候选,60.000,0x441,7,7,,,10,10,,883,,0.8125
window,瞬时请求候选,60.000,0x4E2,0,4,,,10,10,,292,,0.875
window,瞬时请求候选,60.000,0x4E2,0,5,,,10,10,,293,,0.875
window,瞬时请求候选,60.000,0x4E2,0,6,,,10,10,,287,,0.875
window,瞬时请求候选,60.000,0x4E2,1,0,,,10,10,,864,,0.625
window,瞬时请求候选,60.000,0x4E2,1,1,,,10,10,,580,,0.75
window,瞬时请求候选,60.000,0x4E2,1,2,,,10,10,,574,,0.6285714285714287
window,瞬时请求候选,60.000,0x4E2,1,3,,,10,10,,290,,0.6285714285714287
window,瞬时请求候选,60.000,0x4E2,1,4,,,10,10,,581,,0.75
window,瞬时请求候选,60.000,0x4E2,1,5,,,10,10,,289,,0.875
window,瞬时请求候选,60.000,0x4E2,1,6,,,10,10,,577,,0.75
window,瞬时请求候选,60.000,0x4E2,1,7,,,10,10,,292,,0.875
window,瞬时请求候选,60.000,0x4E2,2,0,,,10,10,,289,,0.875
window,瞬时请求候选,60.000,0x4E2,2,1,,,10,10,,582,,0.625
window,瞬时请求候选,60.000,0x4E2,2,2,,,10,10,,574,,0.625
window,瞬时请求候选,60.000,0x4E2,2,5,,,10,10,,288,,0.75
window,瞬时请求候选,60.000,0x4E2,2,6,,,10,10,,287,,0.875
window,瞬时请求候选,60.000,0x4E2,2,7,,,10,10,,285,,0.875
window,瞬时请求候选,60.000,0x4E2,3,0,,,10,10,,352,,0.8464285714285714
window,瞬时请求候选,60.000,0x4E2,3,6,,,10,10,,329,,0.8553571428571428
window,瞬时请求候选,60.000,0x4E2,3,7,,,10,10,,255,,0.8892857142857142
window,瞬时请求候选,60.000,0x4E2,4,0,,,10,10,,327,,0.8482142857142857
window,瞬时请求候选,60.000,0x4E2,4,1,,,10,10,,329,,0.8553571428571428
window,瞬时请求候选,60.000,0x4E2,4,3,,,10,10,,317,,0.8553571428571428
window,瞬时请求候选,60.000,0x4E2,5,3,,,10,10,,288,,0.75
window,瞬时请求候选,60.000,0x4E2,5,4,,,10,10,,285,,0.875
window,瞬时请求候选,60.000,0x4E2,5,5,,,10,10,,285,,0.875
window,瞬时请求候选,60.000,0x4E2,5,6,,,10,10,,285,,0.875
window,瞬时请求候选,60.000,0x4E2,6,7,,,10,10,,580,,0.625
window,瞬时请求候选,60.000,0x4E2,7,0,,,10,10,,582,,0.75
window,瞬时请求候选,60.000,0x4E2,7,2,,,10,10,,583,,0.625
window,瞬时请求候选,60.000,0x4E2,7,3,,,10,10,,577,,0.75
window,瞬时请求候选,60.000,0x4E2,7,4,,,10,10,,293,,0.875
window,瞬时请求候选,60.000,0x4E2,7,5,,,10,10,,287,,0.75
window,瞬时请求候选,60.000,0x4E3,0,4,,,10,10,,287,,0.875
window,瞬时请求候选,60.000,0x4E3,0,5,,,10,10,,293,,0.875
window,瞬时请求候选,60.000,0x4E3,0,6,,,10,10,,287,,0.875
window,瞬时请求候选,60.000,0x4E3,0,7,,,10,10,,287,,0.875
window,瞬时请求候选,60.000,0x4E3,1,0,,,10,10,,867,,0.5
window,瞬时请求候选,60.000,0x4E3,1,1,,,10,10,,574,,0.625
window,瞬时请求候选,60.000,0x4E3,1,2,,,10,10,,869,,0.625
window,瞬时请求候选,60.000,0x4E3,1,3,,,10,10,,290,,0.75
window,瞬时请求候选,60.000,0x4E3,1,4,,,10,10,,583,,0.625
window,瞬时请求候选,60.000,0x4E3,1,5,,,10,10,,290,,0.625
window,瞬时请求候选,60.000,0x4E3,1,7,,,10,10,,295,,0.75
window,瞬时请求候选,60.000,0x4E3,2,0,,,10,10,,287,,0.875
window,瞬时请求候选,60.000,0x4E3,2,1,,,10,10,,579,,0.75
window,瞬时请求候选,60.000,0x4E3,2,2,,,10,10,,295,,0.75
window,瞬时请求候选,60.000,0x4E3,2,3,,,10,10,,287,,0.875
window,瞬时请求候选,60.000,0x4E3,2,5,,,10,10,,287,,0.875
window,瞬时请求候选,60.000,0x4E3,2,6,,,10,10,,287,,0.875
window,瞬时请求候选,60.000,0x4E3,3,0,,,10,10,,456,,0.7946428571428571
window,瞬时请求候选,60.000,0x4E3,3,4,,,10,10,,378,,0.8214285714285714
window,瞬时请求候选,60.000,0x4E3,3,6,,,10,10,,378,,0.8214285714285714
window,瞬时请求候选,60.000,0x4E3,5,1,,,10,10,,287,,0.875
window,瞬时请求候选,60.000,0x4E3,5,3,,,10,10,,287,,0.875
window,瞬时请求候选,60.000,0x4E3,6,7,,,10,10,,290,,0.75
window,瞬时请求候选,60.000,0x4E3,7,0,,,10,10,,287,,0.75
window,瞬时请求候选,60.000,0x4E3,7,1,,,10,10,,289,,0.875
window,瞬时请求候选,60.000,0x4E3,7,2,,,10,10,,578,,0.75
window,瞬时请求候选,60.000,0x4E3,7,3,,,10,10,,577,,0.75
window,瞬时请求候选,60.000,0x4E3,7,4,,,10,10,,293,,0.875
window,瞬时请求候选,60.000,0x4E3,7,5,,,10,10,,295,,0.75
window,瞬时请求候选,60.000,0x52F,6,6,,,10,10,,114,,0.5
window,瞬时请求候选,60.000,0x545,0,0,EXP_windowMotionFeedback_LEFT,,10,10,,2347,,0.6668634395907124
window,瞬时请求候选,60.000,0x545,0,1,EXP_windowMotionFeedback_LEFT,,10,10,,2347,,0.6662731208185754
window,瞬时请求候选,60.000,0x545,0,4,EXP_windowMotionFeedback_LEFT,,10,10,,1179,,0.8205260882028559
window,瞬时请求候选,60.000,0x545,0,5,EXP_windowMotionFeedback_LEFT,,10,10,,1194,,0.8193503092492992
window,瞬时请求候选,60.000,0x545,0,6,EXP_windowMotionFeedback_LEFT,,10,10,,2195,,0.6804140491009177
window,瞬时请求候选,60.000,0x545,0,7,EXP_windowMotionFeedback_LEFT,,10,10,,1138,,0.830544502261674
window,瞬时请求候选,60.000,0x545,1,0,EXP_windowMotionFeedback_LEFT,,10,10,,1216,,0.8357286185569014
window,瞬时请求候选,60.000,0x545,2,0,EXP_windowMotionFeedback_LEFT,,10,10,,2006,,0.5932387851579771
window,瞬时请求候选,60.000,0x545,2,1,EXP_windowMotionFeedback_LEFT,,10,10,,2294,,0.5438414933364428
window,瞬时请求候选,60.000,0x545,2,2,EXP_windowMotionFeedback_LEFT,,10,10,,2036,,0.6221303948576676
window,瞬时请求候选,60.000,0x545,2,5,EXP_windowMotionFeedback_LEFT,,10,10,,2346,,0.6668634395907124
window,瞬时请求候选,60.000,0x545,3,4,EXP_windowMotionFeedback_LEFT,,10,10,,1448,,0.7992891881780771
window,瞬时请求候选,60.000,0x545,3,5,EXP_windowMotionFeedback_LEFT,,10,10,,799,,0.8828836707624587
window,瞬时请求候选,60.000,0x545,3,6,EXP_windowMotionFeedback_LEFT,,10,10,,844,,0.8834642723531613
window,瞬时请求候选,60.000,0x545,4,0,EXP_windowMotionFeedback_LEFT,,10,10,,2103,,0.6910082061597214
window,瞬时请求候选,60.000,0x545,4,2,EXP_windowMotionFeedback_LEFT,,10,10,,2346,,0.6668634395907124
window,瞬时请求候选,60.000,0x545,4,4,EXP_windowMotionFeedback_LEFT,,10,10,,2346,,0.6668634395907124
window,瞬时请求候选,60.000,0x545,4,7,EXP_windowMotionFeedback_LEFT,,10,10,,2346,,0.6668634395907124
window,瞬时请求候选,60.000,0x545,5,0,EXP_windowMotionFeedback_LEFT,,10,10,,1288,,0.8163452708907254
window,瞬时请求候选,60.000,0x545,5,2,EXP_windowMotionFeedback_LEFT,,10,10,,972,,0.861675922281983
window,瞬时请求候选,60.000,0x545,5,3,EXP_windowMotionFeedback_LEFT,,10,10,,1374,,0.8010795788573566
window,瞬时请求候选,60.000,0x545,5,4,EXP_windowMotionFeedback_LEFT,,10,10,,2347,,0.6662755501139339
window,瞬时请求候选,60.000,0x545,5,6,EXP_windowMotionFeedback_LEFT,,10,10,,2330,,0.6674513290674907
window,瞬时请求候选,60.000,0x545,6,0,EXP_windowMotionFeedback_LEFT,,10,10,,2346,,0.6668634395907124
window,瞬时请求候选,60.000,0x545,6,3,EXP_windowMotionFeedback_LEFT,,10,10,,2346,,0.6668634395907124
window,瞬时请求候选,60.000,0x545,7,0,EXP_windowMotionFeedback_LEFT,,10,10,,1788,,0.6669460356329042
window,瞬时请求候选,60.000,0x545,7,1,EXP_windowMotionFeedback_LEFT,,10,10,,1865,,0.6539274418062296
window,瞬时请求候选,60.000,0x545,7,2,EXP_windowMotionFeedback_LEFT,,10,10,,1772,,0.6438798762031085
window,瞬时请求候选,60.000,0x545,7,3,EXP_windowMotionFeedback_LEFT,,10,10,,1845,,0.6880614708897538
window,瞬时请求候选,60.000,0x545,7,4,EXP_windowMotionFeedback_LEFT,,10,10,,1888,,0.5179597805860432
window,瞬时请求候选,60.000,0x545,7,5,EXP_windowMotionFeedback_LEFT,,10,10,,1530,,0.5167961481092794
window,瞬时请求候选,60.000,0x545,7,6,EXP_windowMotionFeedback_LEFT,,10,10,,1390,,0.5144251558392973
window,瞬时请求候选,60.000,0x545,7,7,EXP_windowMotionFeedback_LEFT,,10,10,,1250,,0.5091195747761404
window,瞬时请求候选,60.000,0x55A,0,1,,,10,10,,227,,0.75
window,瞬时请求候选,60.000,0x677,0,0,,,10,10,,2335,,0.6
window,瞬时请求候选,60.000,0x677,0,1,,,10,10,,1168,,0.6
window,瞬时请求候选,60.000,0x677,0,2,,,10,10,,1157,,0.8
window,瞬时请求候选,60.000,0x709,0,0,,,10,10,,361,,0.5195604395604396
window,瞬时请求候选,60.000,0x70B,5,4,,,9,10,,60,,0.7142857142857143
window,瞬时请求候选,60.000,0x712,0,0,,,10,10,,691,,0.5
window,瞬时请求候选,60.000,0x712,0,1,,,10,10,,237,,0.6666666666666667
window,瞬时请求候选,60.000,0x712,0,2,,,10,10,,227,,0.6666666666666667
window,瞬时请求候选,60.000,0x712,1,1,,,10,10,,227,,0.6666666666666666
window,瞬时请求候选,60.000,0x712,1,3,,,10,10,,227,,0.6666666666666666
window,瞬时请求候选,60.000,0x712,1,5,,,10,10,,227,,0.6666666666666666
window,瞬时请求候选,60.000,0x712,2,0,,,10,10,,298,,0.6904761904761905
window,瞬时请求候选,60.000,0x712,2,1,,,10,10,,222,,0.7797619047619048
window,瞬时请求候选,60.000,0x712,2,2,,,10,10,,330,,0.675595238095238
window,瞬时请求候选,60.000,0x712,2,3,,,10,10,,373,,0.738095238095238
window,瞬时请求候选,60.000,0x712,2,4,,,10,10,,237,,0.8333333333333334
window,瞬时请求候选,60.000,0x712,2,5,,,10,10,,238,,0.8333333333333334
window,瞬时请求候选,60.000,0x712,2,6,,,10,10,,227,,0.6666666666666666
window,瞬时请求候选,60.000,0x712,2,7,,,10,10,,227,,0.6666666666666666
window,瞬时请求候选,60.000,0x712,3,0,,,10,10,,227,,0.6666666666666666
window,瞬时请求候选,60.000,0x712,3,2,,,10,10,,227,,0.6666666666666666
window,瞬时请求候选,60.000,0x712,3,3,,,10,10,,227,,0.6666666666666666
window,瞬时请求候选,60.000,0x712,4,0,,,10,10,,314,,0.6398809523809524
window,瞬时请求候选,60.000,0x712,4,1,,,10,10,,279,,0.6755952380952381
window,瞬时请求候选,60.000,0x712,4,2,,,10,10,,298,,0.6964285714285714
window,瞬时请求候选,60.000,0x712,4,3,,,10,10,,305,,0.6607142857142857
window,瞬时请求候选,60.000,0x712,4,4,,,10,10,,384,,0.625
window,瞬时请求候选,60.000,0x712,4,5,,,10,10,,453,,0.5327380952380952
window,瞬时请求候选,60.000,0x712,4,6,,,10,10,,237,,0.8005952380952381
window,瞬时请求候选,60.000,0x712,4,7,,,10,10,,227,,0.6666666666666666
window,瞬时请求候选,60.000,0x712,5,0,,,10,10,,227,,0.6666666666666666
window,瞬时请求候选,60.000,0x712,5,2,,,10,10,,227,,0.6666666666666666
window,瞬时请求候选,60.000,0x712,5,3,,,10,10,,227,,0.6666666666666666
window,瞬时请求候选,60.000,0x712,6,0,,,10,10,,306,,0.6547619047619048
window,瞬时请求候选,60.000,0x712,6,1,,,10,10,,269,,0.7410714285714286
window,瞬时请求候选,60.000,0x712,6,2,,,10,10,,330,,0.6607142857142857
window,瞬时请求候选,60.000,0x712,6,3,,,10,10,,337,,0.6160714285714286
window,瞬时请求候选,60.000,0x712,6,4,,,10,10,,242,,0.5595238095238095
window,瞬时请求候选,60.000,0x712,6,5,,,10,10,,236,,0.8303571428571429
window,瞬时请求候选,60.000,0x712,6,6,,,10,10,,462,,0.5
window,瞬时请求候选,60.000,0x712,6,7,,,10,10,,227,,0.6666666666666666
window,瞬时请求候选,60.000,0x712,7,0,,,10,10,,227,,0.6666666666666666
window,瞬时请求候选,60.000,0x712,7,2,,,10,10,,227,,0.6666666666666666
window,瞬时请求候选,60.000,0x712,7,3,,,10,10,,227,,0.6666666666666666
window,瞬时请求候选,60.000,0x718,0,0,,,10,10,,464,,0.6
window,瞬时请求候选,60.000,0x718,0,1,,,10,10,,237,,0.6
window,瞬时请求候选,60.000,0x718,0,2,,,10,10,,237,,0.8
window,瞬时请求候选,60.000,0x719,0,0,,,10,10,,1687,,0.5455357142857143
window,瞬时请求候选,60.000,0x719,0,1,,,10,10,,1266,,0.5455357142857142
window,瞬时请求候选,60.000,0x719,0,2,,,10,10,,844,,0.6357142857142856
window,瞬时请求候选,60.000,0x719,0,3,,,10,10,,422,,0.725
window,瞬时请求候选,60.000,0x719,0,4,,,10,10,,848,,0.5473214285714285
window,瞬时请求候选,60.000,0x719,0,5,,,10,10,,517,,0.8919642857142858
window,瞬时请求候选,60.000,0x719,0,6,,,10,10,,605,,0.8758928571428571
window,瞬时请求候选,60.000,0x719,1,0,,,10,10,,1265,,0.6955357142857144
window,瞬时请求候选,60.000,0x719,1,1,,,10,10,,419,,0.7705357142857142
window,瞬时请求候选,60.000,0x719,1,2,,,10,10,,421,,0.8660714285714286
window,瞬时请求候选,60.000,0x719,1,4,,,10,10,,629,,0.8642857142857142
window,瞬时请求候选,60.000,0x719,1,5,,,10,10,,422,,0.8446428571428571
window,瞬时请求候选,60.000,0x719,1,6,,,10,10,,421,,0.8901785714285715
window,瞬时请求候选,60.000,0x719,2,0,,,10,10,,423,,0.9080357142857143
window,瞬时请求候选,60.000,0x719,2,1,,,10,10,,843,,0.8178571428571428
window,瞬时请求候选,60.000,0x719,2,2,,,10,10,,423,,0.9080357142857143
window,瞬时请求候选,60.000,0x719,2,3,,,10,10,,423,,0.9080357142857143
window,瞬时请求候选,60.000,0x719,2,4,,,10,10,,426,,0.9080357142857143
window,瞬时请求候选,60.000,0x719,3,0,,,10,10,,423,,0.9098214285714287
window,瞬时请求候选,60.000,0x719,3,2,,,10,10,,843,,0.8196428571428571
window,瞬时请求候选,60.000,0x719,3,3,,,10,10,,423,,0.9098214285714287
window,瞬时请求候选,60.000,0x719,3,4,,,10,10,,843,,0.8196428571428571
window,瞬时请求候选,60.000,0x719,4,1,,,10,10,,214,,0.9508928571428571
window,瞬时请求候选,60.000,0x719,4,2,,,10,10,,1054,,0.7723214285714286
window,瞬时请求候选,60.000,0x719,4,3,,,10,10,,229,,0.9482142857142858
window,瞬时请求候选,60.000,0x719,4,4,,,10,10,,843,,0.7696428571428572
window,瞬时请求候选,60.000,0x719,4,5,,,10,10,,630,,0.8705357142857143
window,瞬时请求候选,60.000,0x719,4,6,,,10,10,,422,,0.8901785714285715
window,瞬时请求候选,60.000,0x719,4,7,,,10,10,,423,,0.9098214285714287
window,瞬时请求候选,60.000,0x719,5,0,,,10,10,,486,,0.8053571428571429
window,瞬时请求候选,60.000,0x719,5,2,,,10,10,,420,,0.9098214285714287
window,瞬时请求候选,60.000,0x719,5,3,,,10,10,,424,,0.9089285714285714
window,瞬时请求候选,60.000,0x719,5,4,,,10,10,,424,,0.9089285714285714
window,瞬时请求候选,60.000,0x719,5,5,,,10,10,,844,,0.81875
window,瞬时请求候选,60.000,0x719,5,6,,,10,10,,424,,0.9089285714285714
window,瞬时请求候选,60.000,0x719,6,0,,,10,10,,420,,0.9098214285714287
window,瞬时请求候选,60.000,0x719,6,2,,,10,10,,420,,0.9098214285714287
window,瞬时请求候选,60.000,0x719,6,5,,,10,10,,843,,0.8178571428571428
window,瞬时请求候选,60.000,0x719,7,2,,,10,10,,420,,0.9089285714285714
window,瞬时请求候选,60.000,0x719,7,4,,,10,10,,420,,0.9089285714285714
window,瞬时请求候选,60.000,0x726,0,0,,,10,10,,109,,0.5357142857142857
window,瞬时请求候选,60.000,0x75D,0,0,,,10,10,,490,,0.575
window,瞬时请求候选,60.000,0x75D,0,1,,,10,10,,327,,0.5785714285714285
window,瞬时请求候选,60.000,0x75D,0,4,,,10,10,,243,,0.7857142857142857
window,瞬时请求候选,60.000,0x75D,0,6,,,10,10,,254,,0.7857142857142857
window,瞬时请求候选,60.000,0x75D,1,7,,,10,10,,178,,0.8464285714285714
window,瞬时请求候选,60.000,0x75D,2,2,,,10,10,,326,,0.7107142857142856
window,瞬时请求候选,60.000,0x75D,2,3,,,10,10,,164,,0.8607142857142858
window,瞬时请求候选,60.000,0x75D,2,4,,,10,10,,164,,0.85
window,瞬时请求候选,60.000,0x75D,2,5,,,10,10,,328,,0.7107142857142856
window,瞬时请求候选,60.000,0x75D,2,6,,,10,10,,164,,0.85
window,瞬时请求候选,60.000,0x75D,2,7,,,10,10,,163,,0.725
window,瞬时请求候选,60.000,0x75D,3,0,,,10,10,,251,,0.7857142857142857
window,瞬时请求候选,60.000,0x75D,3,1,,,10,10,,248,,0.775
window,瞬时请求候选,60.000,0x75D,3,2,,,10,10,,250,,0.775
window,瞬时请求候选,60.000,0x75D,3,4,,,10,10,,240,,0.7857142857142857
window,瞬时请求候选,60.000,0x75D,5,2,,,10,10,,117,,0.9142857142857144
window,瞬时请求候选,60.000,0x75D,5,4,,,10,10,,156,,0.8678571428571429
window,瞬时请求候选,60.000,0x75D,5,6,,,10,10,,164,,0.8607142857142858
window,瞬时请求候选,60.000,0x75D,5,7,,,10,10,,164,,0.8607142857142858
window,瞬时请求候选,60.000,0x75D,6,2,,,10,10,,164,,0.8607142857142858
window,瞬时请求候选,60.000,0x75D,6,3,,,10,10,,163,,0.8571428571428571
window,瞬时请求候选,60.000,0x75D,6,4,,,10,10,,164,,0.8607142857142858
window,瞬时请求候选,60.000,0x75D,6,5,,,10,10,,164,,0.7142857142857143
window,瞬时请求候选,60.000,0x75D,6,7,,,10,10,,313,,0.7285714285714285
window,瞬时请求候选,60.000,0x75D,7,0,,,10,10,,150,,0.8714285714285713
window,瞬时请求候选,60.000,0x75D,7,1,,,10,10,,164,,0.8428571428571429
window,瞬时请求候选,60.000,0x75D,7,2,,,10,10,,163,,0.8571428571428571
window,瞬时请求候选,60.000,0x75D,7,5,,,10,10,,164,,0.8535714285714285
window,瞬时请求候选,60.000,0x75D,7,6,,,10,10,,164,,0.8607142857142858
window,瞬时请求候选,60.000,0x75D,7,7,,,10,10,,164,,0.8535714285714285
window,瞬时请求候选,60.000,0x77A,1,2,,,10,10,,214,,0.5267857142857143
window,瞬时请求候选,60.000,0x77A,1,3,,,10,10,,216,,0.5267857142857143
window,瞬时请求候选,60.000,0x77A,2,1,,,10,10,,214,,0.5267857142857143
window,瞬时请求候选,60.000,0x788,0,0,,,10,10,,778,,0.6660714285714285
window,瞬时请求候选,60.000,0x788,0,1,,,10,10,,778,,0.6660714285714285
window,瞬时请求候选,60.000,0x788,0,3,,,10,10,,749,,0.6678571428571428
window,瞬时请求候选,60.000,0x788,0,5,,,10,10,,763,,0.6678571428571428
window,瞬时请求候选,60.000,0x788,0,7,,,10,10,,778,,0.6678571428571428
window,瞬时请求候选,60.000,0x788,1,2,,,10,10,,778,,0.6678571428571428
window,瞬时请求候选,60.000,0x788,1,3,,,10,10,,778,,0.6678571428571428
window,瞬时请求候选,60.000,0x788,1,4,,,10,10,,778,,0.6678571428571428
window,瞬时请求候选,60.000,0x788,1,5,,,10,10,,778,,0.6678571428571428
window,瞬时请求候选,60.000,0x788,1,6,,,10,10,,778,,0.6660714285714285
window,瞬时请求候选,60.000,0x788,1,7,,,10,10,,778,,0.6678571428571428
window,瞬时请求候选,60.000,0x788,2,0,,,10,10,,777,,0.5160714285714285
window,瞬时请求候选,60.000,0x788,2,1,,,10,10,,437,,0.8285714285714285
window,瞬时请求候选,60.000,0x788,2,4,,,10,10,,778,,0.5732142857142858
window,瞬时请求候选,60.000,0x788,2,5,,,10,10,,778,,0.6678571428571428
window,瞬时请求候选,60.000,0x788,2,6,,,10,10,,778,,0.6660714285714285
window,瞬时请求候选,60.000,0x788,2,7,,,10,10,,778,,0.6660714285714285
window,瞬时请求候选,60.000,0x788,3,0,,,10,10,,778,,0.6660714285714285
window,瞬时请求候选,60.000,0x788,3,1,,,10,10,,778,,0.6660714285714285
window,瞬时请求候选,60.000,0x788,3,2,,,10,10,,778,,0.6660714285714285
window,瞬时请求候选,60.000,0x788,3,5,,,10,10,,778,,0.6678571428571428
window,瞬时请求候选,60.000,0x788,3,6,,,10,10,,778,,0.6678571428571428
window,瞬时请求候选,60.000,0x788,4,0,,,10,10,,778,,0.6660714285714285
window,瞬时请求候选,60.000,0x788,4,1,,,10,10,,778,,0.6660714285714285
window,瞬时请求候选,60.000,0x788,4,2,,,10,10,,778,,0.6660714285714285
window,瞬时请求候选,60.000,0x788,4,3,,,10,10,,778,,0.6660714285714285
window,瞬时请求候选,60.000,0x788,4,4,,,10,10,,778,,0.6660714285714285
window,瞬时请求候选,60.000,0x788,4,5,,,10,10,,778,,0.6660714285714285
window,瞬时请求候选,60.000,0x788,4,6,,,10,10,,778,,0.6660714285714285
window,瞬时请求候选,60.000,0x788,4,7,,,10,10,,778,,0.6660714285714285
window,瞬时请求候选,60.000,0x788,5,0,,,10,10,,778,,0.6660714285714285
window,瞬时请求候选,60.000,0x788,5,5,,,10,10,,778,,0.6660714285714285
window,瞬时请求候选,60.000,0x788,5,7,,,10,10,,778,,0.6660714285714285
window,瞬时请求候选,60.000,0x788,6,3,,,10,10,,778,,0.6660714285714285
window,瞬时请求候选,60.000,0x788,6,5,,,10,10,,633,,0.7214285714285714
window,瞬时请求候选,60.000,0x788,6,7,,,10,10,,778,,0.6660714285714285
window,瞬时请求候选,60.000,0x788,7,1,,,10,10,,778,,0.6660714285714285
window,瞬时请求候选,60.000,0x788,7,4,,,10,10,,778,,0.6660714285714285
window,瞬时请求候选,60.000,0x78A,2,0,,,10,10,,1000,,0.5732142857142856
window,瞬时请求候选,60.000,0x78A,2,1,,,10,10,,667,,0.5732142857142856
window,瞬时请求候选,60.000,0x78A,4,0,,,10,10,,478,,0.7946428571428571
window,瞬时请求候选,60.000,0x78A,4,1,,,10,10,,667,,0.5839285714285715
window,瞬时请求候选,60.000,0x78A,4,2,,,10,10,,375,,0.6839285714285713
window,瞬时请求候选,60.000,0x78A,4,3,,,10,10,,524,,0.6107142857142858
window,瞬时请求候选,60.000,0x78A,4,4,,,10,10,,518,,0.7571428571428571
window,瞬时请求候选,60.000,0x78A,4,5,,,10,10,,442,,0.6142857142857142
window,瞬时请求候选,60.000,0x78A,4,6,,,10,10,,334,,0.7160714285714286
window,瞬时请求候选,60.000,0x78A,4,7,,,10,10,,668,,0.5696428571428571
window,瞬时请求候选,60.000,0x78A,5,0,,,10,10,,667,,0.5696428571428571
window,瞬时请求候选,60.000,0x78A,5,1,,,10,10,,668,,0.7125
window,瞬时请求候选,60.000,0x78A,5,2,,,10,10,,334,,0.7125
window,瞬时请求候选,60.000,0x78A,5,3,,,10,10,,667,,0.7142857142857143
window,瞬时请求候选,60.000,0x78A,5,4,,,10,10,,334,,0.7142857142857143
window,瞬时请求候选,60.000,0x78A,5,6,,,10,10,,334,,0.8589285714285715
window,瞬时请求候选,60.000,0x78A,6,0,,,10,10,,500,,0.5535714285714286
window,瞬时请求候选,60.000,0x78A,6,1,,,10,10,,586,,0.6035714285714285
window,瞬时请求候选,60.000,0x78A,6,2,,,10,10,,706,,0.6428571428571429
window,瞬时请求候选,60.000,0x78A,6,3,,,10,10,,375,,0.8482142857142857
window,瞬时请求候选,60.000,0x78A,6,4,,,10,10,,668,,0.5339285714285714
window,瞬时请求候选,60.000,0x78A,6,5,,,10,10,,333,,0.7142857142857143
window,瞬时请求候选,60.000,0x78A,6,6,,,10,10,,333,,0.7142857142857143
window,瞬时请求候选,60.000,0x78A,6,7,,,10,10,,658,,0.7178571428571429
window,瞬时请求候选,60.000,0x78A,7,0,,,10,10,,334,,0.7142857142857143
window,瞬时请求候选,60.000,0x78A,7,1,,,10,10,,333,,0.7160714285714286
window,瞬时请求候选,60.000,0x78A,7,3,,,10,10,,334,,0.7142857142857143
window,瞬时请求候选,60.000,0x78A,7,4,,,10,10,,334,,0.8589285714285715
window,瞬时请求候选,60.000,0x78A,7,6,,,10,10,,334,,0.8589285714285715
window,瞬时请求候选,60.000,0x798,0,0,,,10,10,,1000,,0.5732142857142856
window,瞬时请求候选,60.000,0x798,0,1,,,10,10,,667,,0.5732142857142856
window,瞬时请求候选,60.000,0x798,0,3,,,10,10,,521,,0.6214285714285713
window,瞬时请求候选,60.000,0x798,0,4,,,10,10,,371,,0.6517857142857143
window,瞬时请求候选,60.000,0x798,0,5,,,10,10,,422,,0.8321428571428572
window,瞬时请求候选,60.000,0x798,0,6,,,10,10,,693,,0.7071428571428572
window,瞬时请求候选,60.000,0x798,0,7,,,10,10,,651,,0.7196428571428571
window,瞬时请求候选,60.000,0x798,1,0,,,10,10,,688,,0.7035714285714285
window,瞬时请求候选,60.000,0x798,1,1,,,10,10,,336,,0.7160714285714286
window,瞬时请求候选,60.000,0x798,1,2,,,10,10,,654,,0.7160714285714286
window,瞬时请求候选,60.000,0x798,1,3,,,10,10,,334,,0.8571428571428571
window,瞬时请求候选,60.000,0x798,1,4,,,10,10,,667,,0.7178571428571429
window,瞬时请求候选,60.000,0x798,1,5,,,10,10,,503,,0.5964285714285714
window,瞬时请求候选,60.000,0x798,1,6,,,10,10,,573,,0.6803571428571429
window,瞬时请求候选,60.000,0x798,1,7,,,10,10,,362,,0.8232142857142858
window,瞬时请求候选,60.000,0x798,2,0,,,10,10,,282,,0.8857142857142858
window,瞬时请求候选,60.000,0x798,2,1,,,10,10,,376,,0.7125
window,瞬时请求候选,60.000,0x798,2,2,,,10,10,,624,,0.7178571428571429
window,瞬时请求候选,60.000,0x798,2,3,,,10,10,,665,,0.5714285714285714
window,瞬时请求候选,60.000,0x798,2,4,,,10,10,,666,,0.7142857142857143
window,瞬时请求候选,60.000,0x798,2,5,,,10,10,,334,,0.8571428571428571
window,瞬时请求候选,60.000,0x798,3,1,,,10,10,,372,,0.6714285714285715
window,瞬时请求候选,60.000,0x798,3,2,,,10,10,,669,,0.6053571428571428
window,瞬时请求候选,60.000,0x798,3,3,,,10,10,,366,,0.8571428571428571
window,瞬时请求候选,60.000,0x798,3,4,,,10,10,,700,,0.7125
window,瞬时请求候选,60.000,0x798,3,5,,,10,10,,634,,0.7142857142857143
window,瞬时请求候选,60.000,0x798,3,6,,,10,10,,667,,0.5696428571428571
window,瞬时请求候选,60.000,0x798,3,7,,,10,10,,332,,0.8571428571428571
window,瞬时请求候选,60.000,0x798,4,1,,,10,10,,333,,0.7160714285714286
window,瞬时请求候选,60.000,0x798,4,2,,,10,10,,534,,0.7196428571428571
window,瞬时请求候选,60.000,0x798,4,3,,,10,10,,428,,0.5339285714285714
window,瞬时请求候选,60.000,0x798,4,4,,,10,10,,336,,0.8214285714285714
window,瞬时请求候选,60.000,0x798,4,5,,,10,10,,433,,0.8178571428571428
window,瞬时请求候选,60.000,0x798,4,7,,,10,10,,563,,0.75
window,瞬时请求候选,60.000,0x798,5,0,,,10,10,,333,,0.7125
window,瞬时请求候选,60.000,0x798,5,1,,,10,10,,332,,0.8571428571428571
window,瞬时请求候选,60.000,0x798,5,3,,,10,10,,333,,0.7160714285714286
window,瞬时请求候选,60.000,0x798,7,0,,,10,10,,795,,0.5357142857142857
window,瞬时请求候选,60.000,0x798,7,1,,,10,10,,483,,0.7875
window,瞬时请求候选,60.000,0x798,7,2,,,10,10,,604,,0.6232142857142857
window,瞬时请求候选,60.000,0x798,7,3,,,10,10,,632,,0.5803571428571429
window,瞬时请求候选,60.000,0x798,7,4,,,10,10,,764,,0.5160714285714285
window,瞬时请求候选,60.000,0x798,7,5,,,10,10,,577,,0.5285714285714286
window,瞬时请求候选,60.000,0x798,7,6,,,10,10,,656,,0.5178571428571429
window,瞬时请求候选,60.000,0x798,7,7,,,10,10,,656,,0.5232142857142857
window,瞬时请求候选,60.000,0x7A8,0,0,,,10,10,,771,,0.6660714285714285
window,瞬时请求候选,60.000,0x7A8,0,1,,,10,10,,772,,0.6660714285714285
window,瞬时请求候选,60.000,0x7A8,0,3,,,10,10,,732,,0.6678571428571428
window,瞬时请求候选,60.000,0x7A8,0,5,,,10,10,,771,,0.6678571428571428
window,瞬时请求候选,60.000,0x7A8,0,7,,,10,10,,771,,0.6678571428571428
window,瞬时请求候选,60.000,0x7A8,1,2,,,10,10,,771,,0.6678571428571428
window,瞬时请求候选,60.000,0x7A8,1,4,,,10,10,,771,,0.6678571428571428
window,瞬时请求候选,60.000,0x7A8,1,5,,,10,10,,771,,0.6678571428571428
window,瞬时请求候选,60.000,0x7A8,1,6,,,10,10,,772,,0.6660714285714285
window,瞬时请求候选,60.000,0x7A8,1,7,,,10,10,,771,,0.6678571428571428
window,瞬时请求候选,60.000,0x7A8,2,0,,,10,10,,769,,0.5464285714285715
window,瞬时请求候选,60.000,0x7A8,2,1,,,10,10,,410,,0.8125
window,瞬时请求候选,60.000,0x7A8,2,2,,,10,10,,300,,0.8642857142857142
window,瞬时请求候选,60.000,0x7A8,2,4,,,10,10,,772,,0.6071428571428571
window,瞬时请求候选,60.000,0x7A8,2,5,,,10,10,,771,,0.6678571428571428
window,瞬时请求候选,60.000,0x7A8,2,6,,,10,10,,771,,0.6660714285714285
window,瞬时请求候选,60.000,0x7A8,2,7,,,10,10,,772,,0.6660714285714285
window,瞬时请求候选,60.000,0x7A8,3,0,,,10,10,,771,,0.6660714285714285
window,瞬时请求候选,60.000,0x7A8,3,1,,,10,10,,771,,0.6660714285714285
window,瞬时请求候选,60.000,0x7A8,3,2,,,10,10,,772,,0.6660714285714285
window,瞬时请求候选,60.000,0x7A8,3,5,,,10,10,,771,,0.6678571428571428
window,瞬时请求候选,60.000,0x7A8,3,6,,,10,10,,771,,0.6678571428571428
window,瞬时请求候选,60.000,0x7A8,4,0,,,10,10,,771,,0.6660714285714285
window,瞬时请求候选,60.000,0x7A8,4,1,,,10,10,,771,,0.6660714285714285
window,瞬时请求候选,60.000,0x7A8,4,2,,,10,10,,771,,0.6660714285714285
window,瞬时请求候选,60.000,0x7A8,4,3,,,10,10,,771,,0.6660714285714285
window,瞬时请求候选,60.000,0x7A8,4,4,,,10,10,,771,,0.6660714285714285
window,瞬时请求候选,60.000,0x7A8,4,5,,,10,10,,771,,0.6660714285714285
window,瞬时请求候选,60.000,0x7A8,4,6,,,10,10,,771,,0.6660714285714285
window,瞬时请求候选,60.000,0x7A8,4,7,,,10,10,,771,,0.6660714285714285
window,瞬时请求候选,60.000,0x7A8,5,0,,,10,10,,771,,0.6678571428571428
window,瞬时请求候选,60.000,0x7A8,5,1,,,10,10,,772,,0.6660714285714285
window,瞬时请求候选,60.000,0x7A8,5,2,,,10,10,,772,,0.6660714285714285
window,瞬时请求候选,60.000,0x7A8,5,5,,,10,10,,771,,0.6660714285714285
window,瞬时请求候选,60.000,0x7A8,5,7,,,10,10,,771,,0.6660714285714285
window,瞬时请求候选,60.000,0x7A8,6,1,,,10,10,,771,,0.6678571428571428
window,瞬时请求候选,60.000,0x7A8,6,3,,,10,10,,771,,0.6660714285714285
window,瞬时请求候选,60.000,0x7A8,6,4,,,10,10,,736,,0.6660714285714285
window,瞬时请求候选,60.000,0x7A8,6,7,,,10,10,,772,,0.6660714285714285
window,瞬时请求候选,60.000,0x7A8,7,1,,,10,10,,771,,0.6660714285714285
window,瞬时请求候选,60.000,0x7A8,7,4,,,10,10,,771,,0.6660714285714285
window,瞬时请求候选,60.000,0x7AA,0,0,,,10,10,,1392,,0.5384615384615384
window,瞬时请求候选,60.000,0x7AA,0,1,,,10,10,,700,,0.5384615384615384
window,瞬时请求候选,60.000,0x7AA,0,2,,,10,10,,473,,0.6153846153846155
window,瞬时请求候选,60.000,0x7AA,0,3,,,10,10,,236,,0.6153846153846155
window,瞬时请求候选,60.000,0x7AA,0,5,,,10,10,,476,,0.7101648351648351
window,瞬时请求候选,60.000,0x7AA,0,6,,,10,10,,714,,0.7115384615384616
window,瞬时请求候选,60.000,0x7AA,0,7,,,10,10,,714,,0.7115384615384616
window,瞬时请求候选,60.000,0x7AA,1,0,,,10,10,,705,,0.618131868131868
window,瞬时请求候选,60.000,0x7AA,1,1,,,10,10,,703,,0.631868131868132
window,瞬时请求候选,60.000,0x7AA,1,2,,,10,10,,714,,0.5494505494505495
window,瞬时请求候选,60.000,0x7AA,1,3,,,10,10,,762,,0.679945054945055
window,瞬时请求候选,60.000,0x7AA,1,4,,,10,10,,569,,0.760989010989011
window,瞬时请求候选,60.000,0x7AA,1,5,,,10,10,,1032,,0.5398351648351648
window,瞬时请求候选,60.000,0x7AA,1,6,,,10,10,,1172,,0.5467032967032966
window,瞬时请求候选,60.000,0x7AA,1,7,,,10,10,,784,,0.6401098901098902
window,瞬时请求候选,60.000,0x7AA,2,0,,,10,10,,676,,0.5975274725274725
window,瞬时请求候选,60.000,0x7AA,2,1,,,10,10,,978,,0.5521978021978022
window,瞬时请求候选,60.000,0x7AA,2,2,,,10,10,,898,,0.532967032967033
window,瞬时请求候选,60.000,0x7AA,2,3,,,10,10,,610,,0.603021978021978
window,瞬时请求候选,60.000,0x7AA,2,4,,,10,10,,474,,0.782967032967033
window,瞬时请求候选,60.000,0x7AA,2,5,,,10,10,,474,,0.7582417582417582
window,瞬时请求候选,60.000,0x7AA,2,6,,,10,10,,474,,0.8063186813186813
window,瞬时请求候选,60.000,0x7AA,2,7,,,10,10,,712,,0.5865384615384616
window,瞬时请求候选,60.000,0x7AA,3,0,,,10,10,,894,,0.6126373626373626
window,瞬时请求候选,60.000,0x7AA,3,1,,,10,10,,638,,0.679945054945055
window,瞬时请求候选,60.000,0x7AA,3,2,,,10,10,,934,,0.5590659340659341
window,瞬时请求候选,60.000,0x7AA,3,3,,,10,10,,1008,,0.5810439560439561
window,瞬时请求候选,60.000,0x7AA,3,4,,,10,10,,922,,0.618131868131868
window,瞬时请求候选,60.000,0x7AA,3,5,,,10,10,,808,,0.6167582417582418
window,瞬时请求候选,60.000,0x7AA,3,6,,,10,10,,812,,0.5480769230769231
window,瞬时请求候选,60.000,0x7AA,3,7,,,10,10,,790,,0.5274725274725275
window,瞬时请求候选,60.000,0x7AA,4,0,,,10,10,,681,,0.7307692307692308
window,瞬时请求候选,60.000,0x7AA,4,1,,,10,10,,646,,0.657967032967033
window,瞬时请求候选,60.000,0x7AA,4,2,,,10,10,,665,,0.5164835164835164
window,瞬时请求候选,60.000,0x7AA,4,3,,,10,10,,688,,0.6909340659340659
window,瞬时请求候选,60.000,0x7AA,4,4,,,10,10,,553,,0.657967032967033
window,瞬时请求候选,60.000,0x7AA,4,5,,,10,10,,415,,0.8131868131868132
window,瞬时请求候选,60.000,0x7AA,4,6,,,10,10,,505,,0.8008241758241759
window,瞬时请求候选,60.000,0x7AA,4,7,,,10,10,,346,,0.8475274725274725
window,瞬时请求候选,60.000,0x7AA,5,0,,,10,10,,546,,0.6634615384615384
window,瞬时请求候选,60.000,0x7AA,5,1,,,10,10,,466,,0.7445054945054945
window,瞬时请求候选,60.000,0x7AA,5,3,,,10,10,,532,,0.6717032967032966
window,瞬时请求候选,60.000,0x7AA,5,4,,,10,10,,464,,0.7692307692307692
window,瞬时请求候选,60.000,0x7AA,5,5,,,10,10,,236,,0.9230769230769231
window,瞬时请求候选,60.000,0x7AA,5,6,,,10,10,,236,,0.8461538461538461
window,瞬时请求候选,60.000,0x7AA,5,7,,,10,10,,236,,0.8461538461538461
window,瞬时请求候选,60.000,0x7AA,6,0,,,10,10,,814,,0.6167582417582418
window,瞬时请求候选,60.000,0x7AA,6,1,,,10,10,,585,,0.7142857142857143
window,瞬时请求候选,60.000,0x7AA,6,2,,,10,10,,675,,0.7623626373626374
window,瞬时请求候选,60.000,0x7AA,6,3,,,10,10,,598,,0.717032967032967
window,瞬时请求候选,60.000,0x7AA,6,4,,,10,10,,688,,0.6593406593406593
window,瞬时请求候选,60.000,0x7AA,6,5,,,10,10,,601,,0.7211538461538461
window,瞬时请求候选,60.000,0x7AA,6,6,,,10,10,,453,,0.8186813186813187
window,瞬时请求候选,60.000,0x7AA,6,7,,,10,10,,476,,0.7678571428571429
window,瞬时请求候选,60.000,0x7AA,7,0,,,10,10,,475,,0.7692307692307692
window,瞬时请求候选,60.000,0x7AA,7,1,,,10,10,,463,,0.8461538461538461
window,瞬时请求候选,60.000,0x7AA,7,2,,,10,10,,701,,0.7692307692307692
window,瞬时请求候选,60.000,0x7AA,7,3,,,10,10,,702,,0.5384615384615384
window,瞬时请求候选,60.000,0x7AA,7,4,,,10,10,,475,,0.8461538461538461
window,瞬时请求候选,60.000,0x7AA,7,5,,,10,10,,475,,0.6923076923076923
window,瞬时请求候选,60.000,0x7AA,7,6,,,10,10,,236,,0.9230769230769231
window,瞬时请求候选,60.000,0x7B8,0,0,,,10,10,,991,,0.5732142857142856
window,瞬时请求候选,60.000,0x7B8,0,1,,,10,10,,661,,0.5732142857142856
window,瞬时请求候选,60.000,0x7B8,0,3,,,10,10,,407,,0.7125
window,瞬时请求候选,60.000,0x7B8,0,4,,,10,10,,502,,0.5785714285714285
window,瞬时请求候选,60.000,0x7B8,0,5,,,10,10,,398,,0.6625
window,瞬时请求候选,60.000,0x7B8,0,7,,,10,10,,331,,0.7160714285714286
window,瞬时请求候选,60.000,0x7B8,1,0,,,10,10,,661,,0.7142857142857143
window,瞬时请求候选,60.000,0x7B8,1,1,,,10,10,,661,,0.5714285714285714
window,瞬时请求候选,60.000,0x7B8,1,3,,,10,10,,331,,0.7160714285714286
window,瞬时请求候选,60.000,0x7B8,1,4,,,10,10,,660,,0.5732142857142858
window,瞬时请求候选,60.000,0x7B8,1,5,,,10,10,,672,,0.5535714285714286
window,瞬时请求候选,60.000,0x7B8,1,6,,,10,10,,742,,0.5517857142857142
window,瞬时请求候选,60.000,0x7B8,1,7,,,10,10,,407,,0.6714285714285715
window,瞬时请求候选,60.000,0x7B8,2,0,,,10,10,,330,,0.5750000000000001
window,瞬时请求候选,60.000,0x7B8,2,1,,,10,10,,661,,0.7125
window,瞬时请求候选,60.000,0x7B8,2,3,,,10,10,,660,,0.5678571428571428
window,瞬时请求候选,60.000,0x7B8,2,5,,,10,10,,330,,0.8589285714285715
window,瞬时请求候选,60.000,0x7B8,2,6,,,10,10,,330,,0.7125
window,瞬时请求候选,60.000,0x7B8,3,0,,,10,10,,707,,0.5517857142857142
window,瞬时请求候选,60.000,0x7B8,3,1,,,10,10,,634,,0.6
window,瞬时请求候选,60.000,0x7B8,3,2,,,10,10,,423,,0.7160714285714286
window,瞬时请求候选,60.000,0x7B8,3,4,,,10,10,,383,,0.8321428571428572
window,瞬时请求候选,60.000,0x7B8,3,5,,,10,10,,705,,0.5553571428571429
window,瞬时请求候选,60.000,0x7B8,3,6,,,10,10,,414,,0.8178571428571428
window,瞬时请求候选,60.000,0x7B8,3,7,,,10,10,,602,,0.5410714285714285
window,瞬时请求候选,60.000,0x7B8,4,0,,,10,10,,660,,0.7142857142857143
window,瞬时请求候选,60.000,0x7B8,4,2,,,10,10,,665,,0.6071428571428571
window,瞬时请求候选,60.000,0x7B8,4,3,,,10,10,,422,,0.8071428571428572
window,瞬时请求候选,60.000,0x7B8,4,4,,,10,10,,621,,0.7107142857142856
window,瞬时请求候选,60.000,0x7B8,4,5,,,10,10,,685,,0.5750000000000001
window,瞬时请求候选,60.000,0x7B8,4,6,,,10,10,,343,,0.7125
window,瞬时请求候选,60.000,0x7B8,4,7,,,10,10,,660,,0.7142857142857143
window,瞬时请求候选,60.000,0x7B8,5,0,,,10,10,,343,,0.8553571428571428
window,瞬时请求候选,60.000,0x7B8,5,1,,,10,10,,990,,0.5696428571428571
window,瞬时请求候选,60.000,0x7B8,5,2,,,10,10,,331,,0.7160714285714286
window,瞬时请求候选,60.000,0x7B8,7,0,,,10,10,,576,,0.6339285714285714
window,瞬时请求候选,60.000,0x7B8,7,1,,,10,10,,606,,0.6196428571428572
window,瞬时请求候选,60.000,0x7B8,7,2,,,10,10,,402,,0.7785714285714286
window,瞬时请求候选,60.000,0x7B8,7,3,,,10,10,,474,,0.6785714285714286
window,瞬时请求候选,60.000,0x7B8,7,4,,,10,10,,585,,0.5482142857142857
window,瞬时请求候选,60.000,0x7B8,7,5,,,10,10,,468,,0.5375
window,瞬时请求候选,60.000,0x7B8,7,6,,,10,10,,609,,0.5178571428571429
window,瞬时请求候选,60.000,0x7B8,7,7,,,10,10,,599,,0.5267857142857143
window,瞬时请求候选,60.000,0x7FF,0,0,,,10,10,,1027,,0.5553571428571429
window,瞬时请求候选,60.000,0x7FF,0,1,,,10,10,,514,,0.5571428571428572
window,瞬时请求候选,60.000,0x7FF,0,3,,,10,10,,258,,0.7767857142857143
window,瞬时请求候选,60.000,0x7FF,1,0,,,10,10,,255,,0.6678571428571428
window,瞬时请求候选,60.000,0x7FF,1,1,,,10,10,,515,,0.6660714285714285
window,瞬时请求候选,60.000,0x7FF,1,2,,,10,10,,512,,0.6660714285714285
window,瞬时请求候选,60.000,0x7FF,1,3,,,10,10,,512,,0.7767857142857143
window,瞬时请求候选,60.000,0x7FF,1,4,,,10,10,,258,,0.7785714285714286
window,瞬时请求候选,60.000,0x7FF,1,5,,,10,10,,771,,0.5571428571428572
window,瞬时请求候选,60.000,0x7FF,1,6,,,10,10,,515,,0.7767857142857143
window,瞬时请求候选,60.000,0x7FF,1,7,,,10,10,,512,,0.6660714285714285
window,瞬时请求候选,60.000,0x7FF,2,0,,,10,10,,257,,0.8875
window,瞬时请求候选,60.000,0x7FF,2,1,,,10,10,,770,,0.5553571428571429
window,瞬时请求候选,60.000,0x7FF,2,2,,,10,10,,258,,0.7785714285714286
window,瞬时请求候选,60.000,0x7FF,2,3,,,10,10,,515,,0.6660714285714285
window,瞬时请求候选,60.000,0x7FF,2,4,,,10,10,,512,,0.7767857142857143
window,瞬时请求候选,60.000,0x7FF,2,5,,,10,10,,515,,0.5553571428571429
window,瞬时请求候选,60.000,0x7FF,2,6,,,10,10,,515,,0.7767857142857143
window,瞬时请求候选,60.000,0x7FF,2,7,,,10,10,,514,,0.7767857142857143
window,瞬时请求候选,60.000,0x7FF,3,0,,,10,10,,770,,0.6678571428571428
window,瞬时请求候选,60.000,0x7FF,3,1,,,10,10,,258,,0.8892857142857142
window,瞬时请求候选,60.000,0x7FF,3,2,,,10,10,,515,,0.7785714285714286
window,瞬时请求候选,60.000,0x7FF,3,3,,,10,10,,515,,0.7767857142857143
window,瞬时请求候选,60.000,0x7FF,3,5,,,10,10,,515,,0.7767857142857143
window,瞬时请求候选,60.000,0x7FF,3,6,,,10,10,,770,,0.6678571428571428
window,瞬时请求候选,60.000,0x7FF,3,7,,,10,10,,257,,0.8875
window,瞬时请求候选,60.000,0x7FF,4,1,,,10,10,,258,,0.8892857142857142
window,瞬时请求候选,60.000,0x7FF,4,2,,,10,10,,258,,0.8892857142857142
window,瞬时请求候选,60.000,0x7FF,4,3,,,10,10,,515,,0.7767857142857143
window,瞬时请求候选,60.000,0x7FF,4,5,,,10,10,,256,,0.6660714285714285
window,瞬时请求候选,60.000,0x7FF,4,6,,,10,10,,772,,0.5553571428571429
window,瞬时请求候选,60.000,0x7FF,4,7,,,10,10,,258,,0.7785714285714286
window,瞬时请求候选,60.000,0x7FF,5,0,,,10,10,,258,,0.8892857142857142
window,瞬时请求候选,60.000,0x7FF,5,1,,,10,10,,258,,0.8892857142857142
window,瞬时请求候选,60.000,0x7FF,5,2,,,10,10,,513,,0.7785714285714286
window,瞬时请求候选,60.000,0x7FF,5,3,,,10,10,,258,,0.8892857142857142
window,瞬时请求候选,60.000,0x7FF,5,4,,,10,10,,258,,0.8892857142857142
window,瞬时请求候选,60.000,0x7FF,5,5,,,10,10,,257,,0.7767857142857143
window,瞬时请求候选,60.000,0x7FF,5,6,,,10,10,,258,,0.7785714285714286
window,瞬时请求候选,60.000,0x7FF,6,0,,,10,10,,513,,0.6678571428571428
window,瞬时请求候选,60.000,0x7FF,6,1,,,10,10,,515,,0.5571428571428572
window,瞬时请求候选,60.000,0x7FF,6,2,,,10,10,,257,,0.7767857142857143
window,瞬时请求候选,60.000,0x7FF,6,3,,,10,10,,513,,0.7785714285714286
window,瞬时请求候选,60.000,0x7FF,6,4,,,10,10,,516,,0.7785714285714286
window,瞬时请求候选,60.000,0x7FF,6,5,,,10,10,,515,,0.6660714285714285
window,瞬时请求候选,60.000,0x7FF,6,6,,,10,10,,258,,0.8892857142857142
window,瞬时请求候选,60.000,0x7FF,6,7,,,10,10,,514,,0.6660714285714285
window,瞬时请求候选,60.000,0x7FF,7,4,,,10,10,,258,,0.8892857142857142
window,瞬时请求候选,60.000,0x7FF,7,5,,,10,10,,514,,0.7767857142857143
window,瞬时请求候选,60.000,0x7FF,7,6,,,10,10,,255,,0.8892857142857142
window,瞬时请求候选,60.000,0x7FF,7,7,,,10,10,,513,,0.7785714285714286
generic-event,事件附近变化,59.952,0x70B,2,4,,,5,10,5,20,0.5999663588871288,
generic-event,事件附近变化,59.933,0x301,7,5,,,6,10,8,51,0.48590898651136877,
generic-event,事件附近变化,59.933,0x301,7,7,,,6,10,8,51,0.48590898651136877,
generic-event,事件附近变化,59.929,0x709,4,5,,,6,10,15,163,1.7647342338416416,
generic-event,事件附近变化,59.928,0x3DD,3,4,,,6,10,6,74,0.5861111990841428,
generic-event,事件附近变化,59.799,0x319,1,1,,,5,10,5,19,1.1924007389200577,
generic-event,事件附近变化,59.699,0x3DD,5,3,,,6,10,6,80,0.5095020685415069,
generic-event,事件附近变化,59.693,0x3DD,5,6,,,6,10,6,80,0.3344955013969485,
generic-event,事件附近变化,59.673,0x3DD,1,6,,,6,10,6,80,0.509389341831237,
generic-event,事件附近变化,59.658,0x301,4,1,,,6,10,7,52,0.6201223107017962,
window,瞬时请求候选,59.600,0x70B,1,2,,,9,10,,62,,0.5892857142857143
generic-event,事件附近变化,59.496,0x301,4,5,,,6,10,10,68,0.8102703274727315,
generic-event,事件附近变化,59.465,0x3DD,0,4,,,6,10,6,86,0.5572177362071615,
generic-event,事件附近变化,59.305,0x3F2,5,5,,,6,10,6,37,0.48251849389423007,
generic-event,事件附近变化,59.187,0x303,7,1,,,6,10,8,51,0.6201343477163961,
generic-event,事件附近变化,59.187,0x303,7,5,,,6,10,8,51,0.6201343477163961,
generic-event,事件附近变化,59.187,0x303,7,7,,,6,10,8,51,0.6201343477163961,
generic-event,事件附近变化,58.927,0x2F1,2,5,,,6,10,11,103,1.0766590646764067,
generic-event,事件附近变化,58.834,0x3A8,3,7,,,5,10,10,34,1.438343156440783,
generic-event,事件附近变化,58.471,0x2E3,1,2,,,6,10,12,146,1.0878810836259105,
generic-event,事件附近变化,58.459,0x752,6,0,,,5,10,5,30,0.7840219070383927,
generic-event,事件附近变化,58.414,0x3C4,4,4,,,6,10,10,91,1.0152882719446614,
window,瞬时请求候选,58.400,0x330,4,0,,,9,10,,68,,0.5442176870748299
generic-event,事件附近变化,58.306,0x319,4,2,,,5,10,5,32,0.884496389655893,
generic-event,事件附近变化,58.270,0x752,3,3,,,5,10,5,32,0.7330379281651511,
generic-event,事件附近变化,58.167,0x310,4,3,,,5,10,5,20,0.6000003411067513,
generic-event,事件附近变化,58.167,0x310,5,7,,,5,10,5,20,0.6000003411067513,
generic-event,事件附近变化,58.167,0x310,7,7,,,5,10,5,20,0.6000003411067513,
generic-event,事件附近变化,58.012,0x752,7,1,,,5,10,5,35,1.2334883182061598,
window,瞬时请求候选,58.000,0x301,0,1,,,9,10,,70,,0.5714285714285714
window,瞬时请求候选,58.000,0x302,0,1,,,9,10,,70,,0.5714285714285714
window,瞬时请求候选,58.000,0x303,0,1,,,9,10,,70,,0.5714285714285714
generic-event,事件附近变化,57.996,0x709,2,3,,,6,10,9,41,0.895636728297589,
generic-event,事件附近变化,57.927,0x3F2,1,1,,,6,10,8,59,0.6604918625560369,
generic-event,事件附近变化,57.733,0x70B,6,3,,,5,10,8,43,1.050165565926733,
generic-event,事件附近变化,57.698,0x2C2,4,7,EXP_leftWindowExecutionPosition,,6,10,35,85,4.217924985357901,
generic-event,事件附近变化,57.410,0x752,7,3,,,5,10,5,43,1.0215524015003776,
generic-event,事件附近变化,57.204,0x312,4,0,,,8,10,24,182,0.0009369459705862518,
generic-event,事件附近变化,57.004,0x7E8,1,1,,,5,10,5,68,0.47381478786769604,
generic-event,事件附近变化,57.004,0x7E8,0,2,,,5,10,5,68,0.47378321132217416,
generic-event,事件附近变化,56.993,0x7E8,0,1,,,5,10,5,68,0.24740317529089093,
generic-event,事件附近变化,56.977,0x7E8,5,1,,,5,10,5,68,0.7422716384893066,
generic-event,事件附近变化,56.977,0x7E8,5,2,,,5,10,5,68,0.7422716384893066,
generic-event,事件附近变化,56.977,0x7E8,5,5,,,5,10,5,68,0.7422716384893066,
generic-event,事件附近变化,56.963,0x752,4,0,,,5,10,5,50,0.6003612954647987,
generic-event,事件附近变化,56.897,0x70B,4,1,,,6,10,6,45,0.8259373693882001,
generic-event,事件附近变化,56.845,0x3B2,0,3,,,8,10,8,43,0.13068680794421822,
window,瞬时请求候选,56.800,0x3F2,2,7,,,9,10,,76,,0.5535714285714286
generic-event,事件附近变化,56.718,0x324,0,1,,,5,10,5,46,0.7312830316758951,
generic-event,事件附近变化,56.667,0x319,0,2,,,5,10,5,56,0.6546404214723257,
generic-event,事件附近变化,56.535,0x3C4,1,6,,,5,10,7,43,1.080526665564004,
generic-event,事件附近变化,56.535,0x3C4,5,0,,,5,10,7,43,1.1651459709838157,
generic-event,事件附近变化,56.535,0x3C4,7,2,,,5,10,7,43,1.080526665564004,
generic-event,事件附近变化,56.503,0x324,0,4,,,5,10,5,50,0.7480723289066872,
generic-event,事件附近变化,56.380,0x2F1,2,7,,,6,10,11,85,1.1178783505810481,
generic-event,事件附近变化,56.361,0x7A8,0,2,,,6,10,17,39,2.903943821102924,
generic-event,事件附近变化,56.334,0x752,5,0,,,5,10,5,62,0.6299425056345419,
generic-event,事件附近变化,56.104,0x324,0,6,,,5,10,5,60,0.5228896467889962,
generic-event,事件附近变化,56.056,0x39B,7,6,,,8,10,8,56,0.00026533417802179966,
generic-event,事件附近变化,55.974,0x752,5,7,,,5,10,5,70,0.7208173073103211,
generic-event,事件附近变化,55.814,0x310,1,0,,,5,10,5,45,0.6073902896512879,
generic-event,事件附近变化,55.749,0x3E9,7,6,,,8,10,8,56,0.00042374863038396025,
generic-event,事件附近变化,55.455,0x3A2,1,6,,,6,10,35,161,2.6245442164658574,
generic-event,事件附近变化,55.336,0x330,3,2,,,5,10,5,20,0.49993793480358717,
generic-event,事件附近变化,55.033,0x23A,1,3,,,5,10,10,32,1.8881426169351831,
generic-event,事件附近变化,54.899,0x324,0,5,,,5,10,5,88,0.6394588439598553,
generic-event,事件附近变化,54.816,0x2E3,6,3,,,5,10,10,82,1.038133235504913,
window,瞬时请求候选,54.200,0x37D,6,5,,,9,10,,89,,0.6785714285714286
window,瞬时请求候选,54.200,0x37D,6,6,,,9,10,,89,,0.6785714285714286
window,瞬时请求候选,54.200,0x37D,6,7,,,9,10,,89,,0.6785714285714286
window,瞬时请求候选,54.200,0x37D,7,0,,,9,10,,89,,0.6785714285714286
window,瞬时请求候选,54.200,0x37D,7,1,,,9,10,,89,,0.6785714285714286
window,瞬时请求候选,54.200,0x37D,7,2,,,9,10,,89,,0.6785714285714286
window,瞬时请求候选,54.200,0x37D,7,3,,,9,10,,89,,0.6785714285714286
window,瞬时请求候选,54.200,0x37D,7,4,,,9,10,,89,,0.6785714285714286
window,瞬时请求候选,54.200,0x37D,7,5,,,9,10,,89,,0.6785714285714286
window,瞬时请求候选,54.200,0x37D,7,6,,,9,10,,89,,0.6785714285714286
generic-event,事件附近变化,53.941,0x709,2,0,,,5,10,12,64,1.2898809086072522,
generic-event,事件附近变化,53.798,0x3F2,2,0,,,5,10,8,34,0.9813624845461684,
generic-event,事件附近变化,53.469,0x318,7,6,,,5,10,10,58,3.3532586804418925,
generic-event,事件附近变化,53.367,0x70B,2,7,,,6,10,7,43,0.5969393044326258,
generic-event,事件附近变化,53.266,0x3C4,7,5,,,5,10,10,40,1.285856604258736,
generic-event,事件附近变化,53.124,0x330,4,6,,,5,10,8,43,0.8718123928960461,
generic-event,事件附近变化,52.691,0x293,7,6,,,8,10,8,56,0.0004653008195117156,
generic-event,事件附近变化,52.125,0x330,3,3,,,5,10,8,43,0.8717454964487787,
window,瞬时请求候选,52.000,0x234,1,4,,,9,10,,1515,,0.6633928571428571
window,瞬时请求候选,52.000,0x234,1,6,,,9,10,,1913,,0.5544642857142857
window,瞬时请求候选,52.000,0x234,3,0,,,9,10,,583,,0.86875
window,瞬时请求候选,52.000,0x234,7,1,,,9,10,,1352,,0.7133928571428572
window,瞬时请求候选,52.000,0x261,3,4,,,9,10,,1918,,0.7999999999999999
window,瞬时请求候选,52.000,0x261,3,5,,,9,10,,1918,,0.7999999999999999
window,瞬时请求候选,52.000,0x261,4,0,,,9,10,,1224,,0.9234285714285714
window,瞬时请求候选,52.000,0x2B4,4,4,,,9,10,,186,,0.8821428571428571
window,瞬时请求候选,52.000,0x2C2,1,5,EXP_leftWindowExecutionPosition,,9,10,,1027,,0.5714285714285714
window,瞬时请求候选,52.000,0x2C2,3,3,EXP_leftWindowExecutionPosition,,9,10,,716,,0.7142857142857143
window,瞬时请求候选,52.000,0x2C2,6,1,EXP_leftWindowExecutionPosition,,9,10,,1047,,0.5714285714285714
window,瞬时请求候选,52.000,0x2C4,1,2,,,9,10,,157,,0.8428571428571429
window,瞬时请求候选,52.000,0x2C4,2,1,,,9,10,,266,,0.8803571428571428
window,瞬时请求候选,52.000,0x2C4,3,0,,,9,10,,170,,0.9196428571428571
window,瞬时请求候选,52.000,0x2C4,3,6,,,9,10,,131,,0.7928571428571428
window,瞬时请求候选,52.000,0x2C4,4,6,,,9,10,,391,,0.8321428571428572
window,瞬时请求候选,52.000,0x2C4,4,7,,,9,10,,259,,0.7767857142857143
window,瞬时请求候选,52.000,0x2C4,5,4,,,9,10,,459,,0.7964285714285715
window,瞬时请求候选,52.000,0x2C4,6,4,,,9,10,,409,,0.7928571428571428
window,瞬时请求候选,52.000,0x2C4,7,1,,,9,10,,237,,0.8321428571428572
window,瞬时请求候选,52.000,0x2C4,7,3,,,9,10,,219,,0.9053571428571429
window,瞬时请求候选,52.000,0x2C4,7,5,,,9,10,,217,,0.9053571428571429
window,瞬时请求候选,52.000,0x2E1,3,4,,,9,10,,1210,,0.9082965497576276
window,瞬时请求候选,52.000,0x2E1,3,6,,,9,10,,1626,,0.8786193327630453
window,瞬时请求候选,52.000,0x2E2,5,5,,,9,10,,156,,0.8642857142857142
window,瞬时请求候选,52.000,0x2E2,6,7,,,9,10,,135,,0.8857142857142858
window,瞬时请求候选,52.000,0x2F1,1,2,,,9,10,,144,,0.9285714285714286
window,瞬时请求候选,52.000,0x2F1,3,5,,,9,10,,117,,0.9464285714285714
window,瞬时请求候选,52.000,0x2F1,4,3,,,9,10,,115,,0.9482142857142856
window,瞬时请求候选,52.000,0x2F1,4,6,,,9,10,,155,,0.7696428571428572
window,瞬时请求候选,52.000,0x2F1,4,7,,,9,10,,118,,0.8946428571428572
window,瞬时请求候选,52.000,0x2F1,5,0,,,9,10,,241,,0.8660714285714286
window,瞬时请求候选,52.000,0x2F1,5,1,,,9,10,,189,,0.9214285714285715
window,瞬时请求候选,52.000,0x2F1,5,5,,,9,10,,266,,0.875
window,瞬时请求候选,52.000,0x2F1,6,2,,,9,10,,232,,0.8982142857142856
window,瞬时请求候选,52.000,0x2F1,6,4,,,9,10,,125,,0.8946428571428572
window,瞬时请求候选,52.000,0x2F1,6,5,,,9,10,,122,,0.9482142857142856
window,瞬时请求候选,52.000,0x2F1,7,2,,,9,10,,117,,0.9464285714285714
window,瞬时请求候选,52.000,0x379,3,1,,,9,10,,236,,0.8410714285714286
window,瞬时请求候选,52.000,0x37A,0,4,,,9,10,,452,,0.7625000000000001
window,瞬时请求候选,52.000,0x37D,5,3,,,9,10,,104,,0.5178571428571429
window,瞬时请求候选,52.000,0x37D,5,4,,,9,10,,104,,0.5178571428571429
window,瞬时请求候选,52.000,0x37D,5,5,,,9,10,,104,,0.5178571428571429
window,瞬时请求候选,52.000,0x37D,5,6,,,9,10,,104,,0.5178571428571429
window,瞬时请求候选,52.000,0x37D,5,7,,,9,10,,104,,0.5178571428571429
window,瞬时请求候选,52.000,0x37D,6,0,,,9,10,,104,,0.5178571428571429
window,瞬时请求候选,52.000,0x37D,6,1,,,9,10,,104,,0.5178571428571429
window,瞬时请求候选,52.000,0x37D,6,2,,,9,10,,104,,0.5178571428571429
window,瞬时请求候选,52.000,0x37D,6,3,,,9,10,,104,,0.5178571428571429
window,瞬时请求候选,52.000,0x37D,6,4,,,9,10,,104,,0.5178571428571429
window,瞬时请求候选,52.000,0x393,3,3,,,9,10,,416,,0.8375
window,瞬时请求候选,52.000,0x39A,1,2,,,9,10,,639,,0.7339285714285715
window,瞬时请求候选,52.000,0x39A,2,4,,,9,10,,801,,0.6839285714285713
window,瞬时请求候选,52.000,0x39A,3,2,,,9,10,,834,,0.6053571428571428
window,瞬时请求候选,52.000,0x3A1,3,5,,,9,10,,1496,,0.7035714285714285
window,瞬时请求候选,52.000,0x3A8,5,0,,,9,10,,218,,0.8142857142857143
window,瞬时请求候选,52.000,0x3A8,5,1,,,9,10,,218,,0.8142857142857143
window,瞬时请求候选,52.000,0x3B2,1,0,,,9,10,,140,,0.617997986419039
window,瞬时请求候选,52.000,0x3B2,1,2,,,9,10,,171,,0.6387335861020071
window,瞬时请求候选,52.000,0x3B2,1,5,,,9,10,,122,,0.6588586851744747
window,瞬时请求候选,52.000,0x3B2,1,6,,,9,10,,148,,0.6580232632864211
window,瞬时请求候选,52.000,0x3B2,2,0,,,9,10,,137,,0.6584838163785532
window,瞬时请求候选,52.000,0x3B2,4,0,,,9,10,,156,,0.6743568322515692
window,瞬时请求候选,52.000,0x3B2,5,4,,,9,10,,144,,0.6517468885889939
window,瞬时请求候选,52.000,0x3B2,6,2,,,9,10,,158,,0.6639247691879271
window,瞬时请求候选,52.000,0x3B2,6,6,,,9,10,,153,,0.6657991131675342
window,瞬时请求候选,52.000,0x3B2,7,1,,,9,10,,159,,0.67149711886554
window,瞬时请求候选,52.000,0x3B2,7,3,,,9,10,,180,,0.5750380224064434
window,瞬时请求候选,52.000,0x3B2,7,5,,,9,10,,129,,0.7225328277959857
window,瞬时请求候选,52.000,0x3B2,7,6,,,9,10,,124,,0.7811408864040443
window,瞬时请求候选,52.000,0x3DB,3,2,,,9,10,,117,,0.75
window,瞬时请求候选,52.000,0x3DB,4,0,,,9,10,,117,,0.75
window,瞬时请求候选,52.000,0x3DB,4,2,,,9,10,,117,,0.75
window,瞬时请求候选,52.000,0x52F,5,4,,,9,10,,113,,0.5357142857142857
window,瞬时请求候选,52.000,0x545,3,7,EXP_windowMotionFeedback_LEFT,,9,10,,286,,0.969388449186429
window,瞬时请求候选,52.000,0x545,5,1,EXP_windowMotionFeedback_LEFT,,9,10,,589,,0.9211426433648656
window,瞬时请求候选,52.000,0x709,1,6,,,9,10,,130,,0.5527472527472528
window,瞬时请求候选,52.000,0x709,1,7,,,9,10,,111,,0.7142857142857143
window,瞬时请求候选,52.000,0x719,1,3,,,9,10,,200,,0.9508928571428571
window,瞬时请求候选,52.000,0x719,4,0,,,9,10,,205,,0.9508928571428571
window,瞬时请求候选,52.000,0x75D,1,1,,,9,10,,175,,0.8321428571428572
window,瞬时请求候选,52.000,0x75D,1,6,,,9,10,,214,,0.8178571428571428
window,瞬时请求候选,52.000,0x75D,3,5,,,9,10,,146,,0.875
window,瞬时请求候选,52.000,0x75D,3,6,,,9,10,,146,,0.875
window,瞬时请求候选,52.000,0x75D,6,6,,,9,10,,114,,0.9071428571428571
window,瞬时请求候选,52.000,0x788,2,2,,,9,10,,286,,0.8910714285714285
window,瞬时请求候选,52.000,0x788,2,3,,,9,10,,278,,0.8928571428571429
window,瞬时请求候选,52.000,0x798,3,0,,,9,10,,400,,0.8250000000000001
window,瞬时请求候选,52.000,0x7AA,5,2,,,9,10,,214,,0.9271978021978021
window,瞬时请求候选,52.000,0x7C8,2,3,,,9,10,,101,,0.5535714285714286
window,瞬时请求候选,52.000,0x7C8,3,4,,,9,10,,101,,0.5714285714285714
window,瞬时请求候选,52.000,0x7E8,1,2,,,9,10,,101,,0.5892857142857143
window,瞬时请求候选,52.000,0x7E8,2,3,,,9,10,,101,,0.5892857142857143
window,瞬时请求候选,52.000,0x7E8,4,2,,,9,10,,101,,0.5714285714285714
window,瞬时请求候选,52.000,0x7E8,4,5,,,9,10,,101,,0.5714285714285714
generic-event,事件附近变化,51.939,0x372,7,2,,,5,10,14,50,4.320104477181213,
generic-event,事件附近变化,51.934,0x330,4,4,,,5,10,5,46,0.509742068742808,
generic-event,事件附近变化,51.934,0x330,4,5,,,5,10,5,46,0.509742068742808,
generic-event,事件附近变化,51.934,0x330,5,4,,,5,10,5,46,0.509742068742808,
generic-event,事件附近变化,51.926,0x3F2,4,6,,,5,10,7,35,0.6774652251089613,
generic-event,事件附近变化,51.917,0x300,1,3,,,5,10,7,35,0.6774775048062402,
generic-event,事件附近变化,51.917,0x300,1,4,,,5,10,7,35,0.6774775048062402,
generic-event,事件附近变化,51.917,0x300,1,5,,,5,10,7,35,0.6774775048062402,
generic-event,事件附近变化,51.917,0x300,1,6,,,5,10,7,35,0.6774775048062402,
generic-event,事件附近变化,51.917,0x300,2,1,,,5,10,7,35,0.6774775048062402,
generic-event,事件附近变化,51.917,0x300,2,7,,,5,10,7,35,0.6774775048062402,
generic-event,事件附近变化,51.917,0x300,3,3,,,5,10,7,35,0.6774775048062402,
generic-event,事件附近变化,51.917,0x300,3,5,,,5,10,7,35,0.6774775048062402,
generic-event,事件附近变化,51.917,0x300,3,7,,,5,10,7,35,0.6774775048062402,
generic-event,事件附近变化,51.917,0x300,4,1,,,5,10,7,35,0.6774775048062402,
generic-event,事件附近变化,51.917,0x300,6,0,,,5,10,7,35,0.6774775048062402,
generic-event,事件附近变化,51.917,0x300,6,6,,,5,10,7,35,0.6774775048062402,
generic-event,事件附近变化,51.845,0x303,4,0,,,5,10,7,33,0.5571261264535469,
generic-event,事件附近变化,51.845,0x303,6,5,,,5,10,7,33,0.5571261264535469,
generic-event,事件附近变化,51.571,0x709,7,3,,,5,10,8,42,0.9753864065172562,
generic-event,事件附近变化,51.483,0x39A,2,5,,,5,10,48,352,5.928702729370486,
generic-event,事件附近变化,51.419,0x359,2,1,,,5,10,10,88,0.8534722997219015,
generic-event,事件附近变化,51.331,0x359,2,5,,,5,10,10,88,0.9319221582987506,
generic-event,事件附近变化,51.268,0x31A,6,7,,,8,10,8,72,0.0002683104057982124,
generic-event,事件附近变化,51.225,0x39B,6,6,,,8,10,8,57,0.0004677414999004432,
generic-event,事件附近变化,50.943,0x40A,6,7,,,8,10,8,72,0.00017416473846980357,
generic-event,事件附近变化,50.835,0x2F1,3,3,,,5,10,9,79,1.649355956402958,
generic-event,事件附近变化,50.590,0x3E9,6,6,,,8,10,8,57,0.0005640247895741558,
generic-event,事件附近变化,50.459,0x77A,1,4,,,5,10,8,129,1.2803737869930805,
generic-event,事件附近变化,50.359,0x39A,0,3,,,5,10,65,569,5.620580510674689,
generic-event,事件附近变化,50.323,0x45A,7,1,,,5,10,134,606,10.064616226646486,
generic-event,事件附近变化,50.293,0x40A,7,7,,,8,10,8,72,0.0002024175156670684,
generic-event,事件附近变化,50.175,0x52F,6,2,,,5,10,5,67,0.22815005532339167,
generic-event,事件附近变化,50.145,0x3DD,4,7,,,5,10,5,33,0.9162468237022542,
generic-event,事件附近变化,50.057,0x300,3,1,,,5,10,7,36,0.6666674614719817,
generic-event,事件附近变化,50.051,0x302,4,3,,,5,10,7,33,0.7117454848994171,
generic-event,事件附近变化,50.009,0x303,2,6,,,5,10,7,32,1.221844132873216,
generic-event,事件附近变化,49.913,0x303,5,7,,,5,10,7,33,0.5953460828817576,
generic-event,事件附近变化,49.913,0x303,6,1,,,5,10,7,33,0.5953460828817576,
generic-event,事件附近变化,49.913,0x303,6,3,,,5,10,7,33,0.5953460828817576,
generic-event,事件附近变化,49.820,0x45A,7,2,,,5,10,150,713,9.040301937154165,
generic-event,事件附近变化,49.755,0x7C8,1,7,,,5,10,6,30,0.7288285675398954,
generic-event,事件附近变化,49.755,0x7C8,3,3,,,5,10,6,30,0.7288285675398954,
generic-event,事件附近变化,49.755,0x7C8,3,5,,,5,10,6,30,0.7288285675398954,
generic-event,事件附近变化,49.755,0x7C8,4,4,,,5,10,6,30,0.7288285675398954,
generic-event,事件附近变化,49.734,0x302,2,6,,,5,10,7,32,1.2218485219707138,
generic-event,事件附近变化,49.734,0x302,2,7,,,5,10,7,32,1.2218485219707138,
generic-event,事件附近变化,49.727,0x301,6,1,,,5,10,7,33,0.5511109398365516,
generic-event,事件附近变化,49.694,0x7C8,1,4,,,5,10,7,31,0.7280734878533022,
generic-event,事件附近变化,49.694,0x7C8,5,0,,,5,10,7,31,0.7280734878533022,
generic-event,事件附近变化,49.694,0x7C8,5,2,,,5,10,7,31,0.7280734878533022,
generic-event,事件附近变化,49.694,0x7C8,5,3,,,5,10,7,31,0.7280734878533022,
generic-event,事件附近变化,49.694,0x7C8,5,5,,,5,10,7,31,0.7280734878533022,
generic-event,事件附近变化,49.694,0x7C8,5,6,,,5,10,7,31,0.7280734878533022,
generic-event,事件附近变化,49.694,0x7C8,7,1,,,5,10,7,31,0.7280734878533022,
generic-event,事件附近变化,49.694,0x7C8,7,2,,,5,10,7,31,0.7280734878533022,
generic-event,事件附近变化,49.694,0x7C8,7,3,,,5,10,7,31,0.7280734878533022,
generic-event,事件附近变化,49.694,0x7C8,7,5,,,5,10,7,31,0.7280734878533022,
generic-event,事件附近变化,49.694,0x7C8,7,7,,,5,10,7,31,0.7280734878533022,
generic-event,事件附近变化,49.690,0x7C8,6,0,,,5,10,5,31,0.4336904555888926,
generic-event,事件附近变化,49.690,0x7C8,6,1,,,5,10,5,31,0.4336904555888926,
generic-event,事件附近变化,49.690,0x7C8,6,4,,,5,10,5,31,0.4336904555888926,
generic-event,事件附近变化,49.622,0x301,2,2,,,5,10,7,32,1.2218269270454294,
generic-event,事件附近变化,49.513,0x301,5,7,,,5,10,7,33,0.5953775678060022,
generic-event,事件附近变化,49.513,0x301,6,5,,,5,10,7,33,0.5953775678060022,
generic-event,事件附近变化,49.507,0x7C8,2,0,,,5,10,5,31,0.4337835492285895,
generic-event,事件附近变化,49.425,0x330,3,1,,,5,10,5,20,0.24982001723038094,
generic-event,事件附近变化,49.422,0x330,1,1,,,5,10,5,20,0.7501379177492584,
generic-event,事件附近变化,49.422,0x330,6,2,,,5,10,5,20,0.7501379177492584,
generic-event,事件附近变化,49.422,0x330,7,3,,,5,10,5,20,0.7501379177492584,
generic-event,事件附近变化,49.370,0x2C4,4,4,,,5,10,8,115,0.8095393832287703,
generic-event,事件附近变化,49.320,0x301,7,4,,,5,10,7,33,0.705515672353298,
generic-event,事件附近变化,49.176,0x53E,1,0,,,5,10,5,46,0.8365625158264497,
generic-event,事件附近变化,49.176,0x53E,4,6,,,5,10,5,46,0.8365625158264497,
generic-event,事件附近变化,49.176,0x53E,6,5,,,5,10,5,46,0.8259530266737056,
generic-event,事件附近变化,49.176,0x53E,6,7,,,5,10,5,46,0.8259530266737056,
generic-event,事件附近变化,49.176,0x53E,7,4,,,5,10,5,46,0.8259530266737056,
generic-event,事件附近变化,49.176,0x53E,7,5,,,5,10,5,46,0.8259530266737056,
generic-event,事件附近变化,49.117,0x302,2,1,,,5,10,5,34,0.8781592961342843,
generic-event,事件附近变化,49.117,0x302,2,3,,,5,10,5,34,0.8781592961342843,
generic-event,事件附近变化,49.074,0x70B,3,2,,,5,10,5,20,0.800048019982345,
generic-event,事件附近变化,49.074,0x70B,7,5,,,5,10,5,20,0.800048019982345,
generic-event,事件附近变化,48.956,0x303,4,4,,,5,10,7,33,0.7751317667298936,
generic-event,事件附近变化,48.956,0x303,4,7,,,5,10,7,33,0.7751317667298936,
generic-event,事件附近变化,48.956,0x303,5,4,,,5,10,7,33,0.7751317667298936,
generic-event,事件附近变化,48.956,0x303,6,4,,,5,10,7,33,0.7751317667298936,
generic-event,事件附近变化,48.956,0x303,6,6,,,5,10,7,33,0.7751317667298936,
generic-event,事件附近变化,48.956,0x303,7,4,,,5,10,7,33,0.7751317667298936,
generic-event,事件附近变化,48.956,0x303,7,6,,,5,10,7,33,0.7751317667298936,
generic-event,事件附近变化,48.875,0x3DD,2,2,,,5,10,5,51,0.8813458711904844,
generic-event,事件附近变化,48.843,0x303,2,3,,,5,10,5,34,0.8781859921490881,
generic-event,事件附近变化,48.812,0x3DD,6,3,,,5,10,5,52,0.7663278270700853,
generic-event,事件附近变化,48.806,0x301,5,0,,,5,10,5,34,0.38773276625059616,
generic-event,事件附近变化,48.763,0x3DD,5,7,,,5,10,5,53,0.7329461238024405,
generic-event,事件附近变化,48.530,0x709,5,5,,,5,10,7,41,1.16605089162314,
generic-event,事件附近变化,48.364,0x3F2,5,4,,,5,10,7,35,0.5221759487713512,
generic-event,事件附近变化,48.215,0x302,1,0,,,5,10,5,35,0.509661168097526,
generic-event,事件附近变化,48.133,0x441,0,1,,,5,10,123,887,15.329316419272041,
generic-event,事件附近变化,48.123,0x2E3,5,7,,,5,10,15,97,1.0670251488458609,
generic-event,事件附近变化,48.111,0x3F2,3,6,,,5,10,6,38,0.9870942833028858,
generic-event,事件附近变化,47.958,0x75D,4,6,,,5,10,10,86,1.2170073152618979,
generic-event,事件附近变化,47.620,0x75D,1,0,,,5,10,13,163,1.3568927509889468,
generic-event,事件附近变化,47.533,0x3DD,1,0,,,5,10,5,80,0.3608258867612137,
generic-event,事件附近变化,47.445,0x379,1,5,,,5,10,11,101,1.4412853303776434,
generic-event,事件附近变化,47.241,0x45A,5,0,,,5,10,135,1219,13.122023227119417,
generic-event,事件附近变化,47.056,0x3C4,1,3,,,5,10,7,43,1.3989591953813851,
generic-event,事件附近变化,46.935,0x2F1,2,4,,,5,10,9,89,1.1583087199664754,
generic-event,事件附近变化,46.156,0x23A,4,0,,,4,10,5,7,1.3221588937557467,
generic-event,事件附近变化,46.089,0x788,0,2,,,5,10,12,24,2.4899914817771553,
generic-event,事件附近变化,46.014,0x330,0,2,,,5,10,5,46,0.35676169383366774,
generic-event,事件附近变化,45.848,0x70B,0,3,,,4,10,4,22,0.6142625315379951,
generic-event,事件附近变化,45.760,0x319,4,1,,,4,10,4,21,0.7174568006817215,
generic-event,事件附近变化,45.758,0x319,6,2,,,4,10,4,21,1.0806406204890706,
generic-event,事件附近变化,45.758,0x319,6,3,,,4,10,4,21,1.0806406204890706,
generic-event,事件附近变化,45.697,0x2C2,3,1,EXP_leftWindowExecutionPosition,,5,10,27,147,5.3720678767288526,
generic-event,事件附近变化,45.475,0x752,5,5,,,4,10,4,23,0.6390296166406797,
generic-event,事件附近变化,45.203,0x7E8,3,0,,,4,10,4,33,0.42857869324730186,
generic-event,事件附近变化,45.119,0x752,7,4,,,4,10,4,26,0.9294934749360195,
generic-event,事件附近变化,44.648,0x709,0,7,,,5,10,7,43,0.8956446893495429,
generic-event,事件附近变化,44.517,0x752,3,4,,,4,10,4,32,0.658764530066692,
generic-event,事件附近变化,44.439,0x310,4,6,,,4,10,4,22,0.6142850535704114,
generic-event,事件附近变化,44.439,0x310,5,1,,,4,10,4,22,0.6142850535704114,
generic-event,事件附近变化,44.439,0x310,7,6,,,4,10,4,22,0.6142850535704114,
generic-event,事件附近变化,44.430,0x752,3,5,,,4,10,4,33,0.6750709521582312,
generic-event,事件附近变化,44.385,0x319,6,0,,,4,10,4,34,0.9851688766984986,
generic-event,事件附近变化,44.385,0x319,7,2,,,4,10,4,34,0.9851688766984986,
generic-event,事件附近变化,44.385,0x319,7,3,,,4,10,4,34,0.9851688766984986,
generic-event,事件附近变化,44.385,0x319,7,7,,,4,10,4,34,0.9851688766984986,
generic-event,事件附近变化,44.382,0x319,6,1,,,4,10,4,34,1.360673006213251,
generic-event,事件附近变化,44.373,0x319,5,1,,,4,10,4,34,1.4863679602562188,
generic-event,事件附近变化,43.954,0x23A,4,7,,,4,10,5,7,1.4084881947636008,
generic-event,事件附近变化,43.828,0x545,1,1,EXP_windowMotionFeedback_LEFT,,5,10,28,80,5.117969141067368,
generic-event,事件附近变化,43.777,0x70B,6,5,,,4,10,7,45,0.8315124280636806,
generic-event,事件附近变化,43.777,0x70B,6,7,,,4,10,7,45,0.8315124280636806,
generic-event,事件附近变化,43.777,0x70B,7,2,,,4,10,7,45,0.8315124280636806,
generic-event,事件附近变化,43.455,0x752,4,1,,,4,10,4,46,0.6890566420407545,
generic-event,事件附近变化,43.337,0x752,6,1,,,4,10,4,48,0.771027419357903,
generic-event,事件附近变化,43.260,0x23A,3,3,,,4,10,5,20,1.0670140886901034,
generic-event,事件附近变化,43.156,0x752,3,1,,,4,10,4,51,0.5888715793963187,
generic-event,事件附近变化,43.153,0x752,0,1,,,4,10,4,51,0.31937367166058805,
generic-event,事件附近变化,42.889,0x23A,2,0,,,4,10,7,23,1.8965954796725812,
window,瞬时请求候选,42.800,0x23A,1,7,,,6,10,,26,,0.8214285714285714
generic-event,事件附近变化,42.773,0x324,0,2,,,4,10,4,51,0.6233401929904763,
generic-event,事件附近变化,42.677,0x752,5,2,,,4,10,4,60,0.8010294464229424,
generic-event,事件附近变化,42.561,0x2C2,7,1,EXP_leftWindowExecutionPosition,,7,10,110,781,0.11445520788201148,
generic-event,事件附近变化,42.561,0x2C2,7,3,EXP_leftWindowExecutionPosition,,7,10,112,781,0.11556522597032112,
generic-event,事件附近变化,42.448,0x400,2,4,,,4,10,6,46,3.066828846297669,
generic-event,事件附近变化,42.285,0x319,0,1,,,4,10,4,69,0.24743752671982497,
generic-event,事件附近变化,42.232,0x310,2,0,,,4,10,4,47,0.5938765116754009,
generic-event,事件附近变化,42.232,0x310,2,5,,,4,10,4,47,0.5938765116754009,
generic-event,事件附近变化,42.232,0x310,2,6,,,4,10,4,47,0.5938765116754009,
generic-event,事件附近变化,42.232,0x310,6,0,,,4,10,4,47,0.5938765116754009,
generic-event,事件附近变化,42.228,0x310,4,0,,,4,10,4,47,0.4542180447181418,
generic-event,事件附近变化,42.207,0x70B,1,5,,,4,10,4,22,0.6142448015523477,
generic-event,事件附近变化,42.206,0x724,0,3,,,4,10,4,22,0.6141473687830616,
generic-event,事件附近变化,42.121,0x23A,1,5,,,4,10,7,30,1.6400495338062948,
generic-event,事件附近变化,42.068,0x23A,4,3,,,4,10,5,14,0.9146400037781993,
generic-event,事件附近变化,42.002,0x400,2,5,,,4,10,6,24,2.22630046322155,
generic-event,事件附近变化,41.921,0x782,1,6,,,4,10,4,16,0.7084746606136987,
generic-event,事件附近变化,41.875,0x3BD,0,3,,,4,10,7,43,0.6072964872441649,
generic-event,事件附近变化,41.696,0x3C4,2,0,,,4,10,11,66,1.2145866964688046,
generic-event,事件附近变化,41.696,0x3C4,6,0,,,4,10,11,66,1.1942839371847107,
generic-event,事件附近变化,41.633,0x709,6,0,,,4,10,6,20,0.9752843731205988,
generic-event,事件附近变化,41.633,0x709,7,4,,,4,10,6,20,0.9752843731205988,
generic-event,事件附近变化,41.608,0x3C4,4,7,,,4,10,9,68,1.3257868341519456,
generic-event,事件附近变化,41.561,0x330,6,3,,,4,10,4,22,0.509741957288239,
generic-event,事件附近变化,41.554,0x330,3,4,,,4,10,4,22,0.5098451517628189,
generic-event,事件附近变化,41.552,0x3BD,1,1,,,4,10,6,48,0.6388670313086654,
generic-event,事件附近变化,41.501,0x3DB,0,4,,,4,10,6,32,0.8879453673402022,
generic-event,事件附近变化,41.480,0x3C4,4,2,,,4,10,6,71,1.047906605872163,
generic-event,事件附近变化,41.480,0x3C4,6,1,,,4,10,6,71,1.4520127591197165,
window,瞬时请求候选,41.400,0x23A,1,1,,,6,10,,33,,0.8035714285714286
window,瞬时请求候选,41.400,0x23A,1,2,,,6,10,,33,,0.8035714285714286
generic-event,事件附近变化,41.375,0x726,0,2,,,7,10,7,27,0.11409070351335074,
generic-event,事件附近变化,41.111,0x38B,2,4,,,7,10,7,57,0.0004193054742228064,
generic-event,事件附近变化,41.058,0x23A,2,6,,,4,10,5,20,1.1518997581802128,
generic-event,事件附近变化,41.058,0x23A,3,0,,,4,10,5,20,1.1518997581802128,
generic-event,事件附近变化,41.049,0x321,6,6,,,7,10,7,24,5.461662169646305e-05,
generic-event,事件附近变化,41.049,0x321,7,6,,,7,10,7,24,5.461662169646305e-05,
generic-event,事件附近变化,41.039,0x709,2,7,,,4,10,6,44,0.9855476199443753,
generic-event,事件附近变化,40.912,0x77A,1,0,,,4,10,9,41,1.4377623406162874,
generic-event,事件附近变化,40.758,0x3DB,5,5,,,4,10,7,57,0.7589995362575228,
generic-event,事件附近变化,40.758,0x3DB,5,6,,,4,10,7,57,0.7589995362575228,
generic-event,事件附近变化,40.745,0x3C4,4,3,,,4,10,12,91,1.3151445553203194,
generic-event,事件附近变化,40.588,0x2E3,5,5,,,4,10,8,76,1.2644425239624002,
generic-event,事件附近变化,40.540,0x23A,1,6,,,4,10,6,24,1.862306160702533,
generic-event,事件附近变化,40.514,0x284,7,7,,,7,10,7,25,0.00010906796171070791,
generic-event,事件附近变化,40.471,0x719,0,7,,,4,10,15,97,3.3377457311970624,
generic-event,事件附近变化,40.388,0x318,2,2,,,4,10,4,26,0.23707814443916703,
generic-event,事件附近变化,40.357,0x360,4,2,,,4,10,12,62,1.0038586121791389,
generic-event,事件附近变化,40.345,0x70B,4,2,,,4,10,7,42,0.6000084315016976,
generic-event,事件附近变化,40.128,0x70B,3,5,,,4,10,7,45,1.0551937058293364,
generic-event,事件附近变化,40.128,0x70B,3,6,,,4,10,7,45,1.0551937058293364,
generic-event,事件附近变化,39.892,0x77A,1,7,,,4,10,9,58,1.4754466650517182,
generic-event,事件附近变化,39.800,0x23A,1,4,,,4,10,6,31,1.6451077570601707,
generic-event,事件附近变化,39.619,0x400,1,5,,,4,10,8,70,3.5520474242262177,
generic-event,事件附近变化,39.598,0x334,7,7,,,7,10,7,26,0.0002714984207277102,
generic-event,事件附近变化,39.505,0x302,2,0,,,4,10,4,16,0.8843382611683143,
generic-event,事件附近变化,39.505,0x302,2,2,,,4,10,4,16,0.8843382611683143,
generic-event,事件附近变化,39.504,0x303,2,0,,,4,10,4,16,0.8843617305963936,
generic-event,事件附近变化,39.504,0x303,2,2,,,4,10,4,16,0.8843617305963936,
generic-event,事件附近变化,39.504,0x303,2,7,,,4,10,4,16,0.8843617305963936,
generic-event,事件附近变化,39.501,0x301,2,4,,,4,10,4,16,0.8843520949072327,
generic-event,事件附近变化,39.501,0x301,3,0,,,4,10,4,16,0.8843520949072327,
generic-event,事件附近变化,39.492,0x3C4,5,3,,,4,10,4,48,1.3032478206883675,
generic-event,事件附近变化,39.430,0x782,0,0,,,4,10,4,38,0.7009710049017889,
generic-event,事件附近变化,39.318,0x3F2,0,2,,,4,10,4,17,0.3333222275614022,
generic-event,事件附近变化,39.312,0x727,0,3,,,4,10,4,17,0.3333166850923808,
generic-event,事件附近变化,39.311,0x53E,0,3,,,4,10,4,21,0.4000235121737545,
generic-event,事件附近变化,39.311,0x53E,0,4,,,4,10,4,21,0.4000235121737545,
generic-event,事件附近变化,39.305,0x709,0,5,,,4,10,6,20,0.9752769247029316,
generic-event,事件附近变化,39.280,0x3C4,2,5,,,4,10,5,46,0.7828552250424353,
generic-event,事件附近变化,39.098,0x301,0,5,,,4,10,4,16,0.7175214538152299,
generic-event,事件附近变化,39.084,0x301,5,4,,,4,10,4,16,0.39205121764902595,
generic-event,事件附近变化,39.084,0x301,7,0,,,4,10,4,16,0.39205121764902595,
generic-event,事件附近变化,39.084,0x301,7,6,,,4,10,4,16,0.39205121764902595,
generic-event,事件附近变化,39.056,0x300,0,0,,,7,10,7,36,3.836626347002464e-05,
generic-event,事件附近变化,39.056,0x300,6,7,,,7,10,7,36,3.836626347002464e-05,
generic-event,事件附近变化,39.046,0x407,0,4,,,4,10,4,28,0.3794323360361198,
generic-event,事件附近变化,39.041,0x3F2,2,4,,,4,10,7,35,0.6558054963011618,
generic-event,事件附近变化,39.041,0x3F2,6,7,,,4,10,7,35,0.6558054963011618,
generic-event,事件附近变化,38.879,0x443,0,4,,,4,10,4,28,0.3796511398136634,
generic-event,事件附近变化,38.825,0x360,4,1,,,4,10,18,104,0.9226970047211623,
generic-event,事件附近变化,38.735,0x38B,5,7,,,4,10,4,26,1.0807134658181254,
generic-event,事件附近变化,38.677,0x302,0,5,,,4,10,4,16,0.7174763142029124,
generic-event,事件附近变化,38.586,0x38B,4,7,,,4,10,4,34,0.7549755754328379,
generic-event,事件附近变化,38.572,0x7B8,0,6,,,4,10,7,63,2.049550279885581,
generic-event,事件附近变化,38.484,0x72A,1,2,,,4,10,4,12,0.34019297081863675,
generic-event,事件附近变化,38.484,0x72A,1,6,,,4,10,4,12,0.34019297081863675,
generic-event,事件附近变化,38.484,0x72A,2,0,,,4,10,4,12,0.34019297081863675,
generic-event,事件附近变化,38.484,0x72A,2,4,,,4,10,4,12,0.34019297081863675,
generic-event,事件附近变化,38.484,0x72A,4,1,,,4,10,4,12,0.34019297081863675,
generic-event,事件附近变化,38.484,0x72A,5,5,,,4,10,4,12,0.34019297081863675,
generic-event,事件附近变化,38.484,0x72A,6,5,,,4,10,4,12,0.34019297081863675,
generic-event,事件附近变化,38.484,0x72A,7,3,,,4,10,4,12,0.34019297081863675,
generic-event,事件附近变化,38.484,0x72A,7,4,,,4,10,4,12,0.34019297081863675,
generic-event,事件附近变化,38.484,0x72A,7,5,,,4,10,4,12,0.34019297081863675,
generic-event,事件附近变化,38.438,0x75D,0,7,,,4,10,8,82,1.3228743818508777,
generic-event,事件附近变化,38.411,0x352,4,0,,,4,10,4,48,2.7727154898751873,
generic-event,事件附近变化,38.338,0x3C4,5,6,,,4,10,7,71,1.3190969305078173,
generic-event,事件附近变化,38.088,0x302,1,1,,,4,10,4,35,0.8533332504252223,
generic-event,事件附近变化,37.846,0x7C8,1,5,,,4,10,6,30,0.7289305175031476,
generic-event,事件附近变化,37.846,0x7C8,3,0,,,4,10,6,30,0.7289305175031476,
generic-event,事件附近变化,37.774,0x232,4,0,,,4,10,4,53,0.7713002781734511,
generic-event,事件附近变化,37.753,0x7C8,2,6,,,4,10,5,31,0.7288840839386919,
generic-event,事件附近变化,37.753,0x7C8,2,7,,,4,10,5,31,0.7288840839386919,
generic-event,事件附近变化,37.753,0x7C8,6,2,,,4,10,5,31,0.7288840839386919,
generic-event,事件附近变化,37.753,0x7C8,6,3,,,4,10,5,31,0.7288840839386919,
generic-event,事件附近变化,37.713,0x23A,2,1,,,4,10,6,30,1.9464664681679056,
generic-event,事件附近变化,37.682,0x75D,0,5,,,4,10,8,74,1.253465251871952,
generic-event,事件附近变化,37.621,0x3DD,2,4,,,4,10,4,38,0.9850172542370105,
generic-event,事件附近变化,37.576,0x303,0,5,,,4,10,4,16,0.7174883884266037,
generic-event,事件附近变化,37.536,0x3F2,0,3,,,4,10,4,17,0.3333505597290805,
generic-event,事件附近变化,37.443,0x3DD,3,7,,,4,10,4,40,0.9713050147459159,
generic-event,事件附近变化,37.373,0x3F2,3,0,,,4,10,4,18,0.3383189270094991,
generic-event,事件附近变化,37.338,0x303,3,3,,,4,10,5,34,0.8781898080662992,
generic-event,事件附近变化,37.254,0x301,1,1,,,4,10,4,35,1.0187793466365087,
generic-event,事件附近变化,37.253,0x303,1,1,,,4,10,4,35,1.0188014324063115,
generic-event,事件附近变化,37.244,0x303,4,2,,,4,10,4,35,0.6957020675763473,
generic-event,事件附近变化,37.239,0x302,7,2,,,4,10,4,35,0.5431382820023593,
generic-event,事件附近变化,37.239,0x302,7,3,,,4,10,4,35,0.5431382820023593,
generic-event,事件附近变化,37.174,0x3DD,2,5,,,4,10,4,44,0.7568386942740274,
generic-event,事件附近变化,37.164,0x3F2,4,5,,,4,10,5,36,0.8165190418911454,
generic-event,事件附近变化,37.151,0x3DD,3,1,,,4,10,4,44,0.7893342500157587,
generic-event,事件附近变化,37.103,0x2F1,5,2,,,4,10,7,65,0.9377282367225198,
generic-event,事件附近变化,37.098,0x2C2,1,7,EXP_leftWindowExecutionPosition,,4,10,49,495,11.417375986053118,
generic-event,事件附近变化,37.085,0x300,1,1,,,4,10,5,37,0.6774818910798878,
generic-event,事件附近变化,37.085,0x300,5,2,,,4,10,5,37,0.6774818910798878,
generic-event,事件附近变化,37.085,0x300,5,4,,,4,10,5,37,0.6774818910798878,
generic-event,事件附近变化,37.085,0x300,5,6,,,4,10,5,37,0.6774818910798878,
generic-event,事件附近变化,37.085,0x300,5,7,,,4,10,5,37,0.6774818910798878,
generic-event,事件附近变化,37.085,0x300,6,2,,,4,10,5,37,0.6774818910798878,
generic-event,事件附近变化,37.085,0x300,7,4,,,4,10,5,37,0.6774818910798878,
generic-event,事件附近变化,37.061,0x301,1,0,,,4,10,4,35,0.5072633632111873,
generic-event,事件附近变化,37.040,0x303,1,2,,,4,10,7,52,1.0157525831805794,
generic-event,事件附近变化,37.031,0x301,5,5,,,4,10,4,35,0.7668522900233677,
generic-event,事件附近变化,37.031,0x301,5,6,,,4,10,4,35,0.7668522900233677,
generic-event,事件附近变化,36.994,0x719,5,1,,,4,10,20,182,2.7568496096792003,
generic-event,事件附近变化,36.971,0x53E,5,2,,,4,10,4,47,0.8365931621331344,
generic-event,事件附近变化,36.971,0x53E,7,0,,,4,10,4,47,0.8259830325061185,
generic-event,事件附近变化,36.846,0x727,0,2,,,4,10,4,18,0.33837659797648423,
generic-event,事件附近变化,36.838,0x301,7,3,,,4,10,4,35,0.5872580908833106,
generic-event,事件附近变化,36.830,0x709,5,4,,,4,10,5,45,0.9515896964673015,
generic-event,事件附近变化,36.681,0x3DD,5,2,,,4,10,4,52,0.5844421124438935,
generic-event,事件附近变化,36.634,0x310,4,2,,,6,10,6,20,0.00013435573872206497,
generic-event,事件附近变化,36.621,0x3DD,6,0,,,4,10,4,53,0.7287923293998465,
generic-event,事件附近变化,36.562,0x3DD,5,5,,,4,10,4,54,0.7329605538264938,
generic-event,事件附近变化,36.558,0x301,4,2,,,4,10,7,51,1.1949166233083868,
generic-event,事件附近变化,36.498,0x70B,3,4,,,4,10,5,45,0.44537157065546135,
generic-event,事件附近变化,36.488,0x302,1,2,,,4,10,7,52,1.0157497837776992,
generic-event,事件附近变化,36.480,0x366,2,1,,,4,10,4,60,0.5039101987200705,
generic-event,事件附近变化,36.480,0x366,2,2,,,4,10,4,60,0.5039101987200705,
generic-event,事件附近变化,36.480,0x366,2,3,,,4,10,4,60,0.5039101987200705,
generic-event,事件附近变化,36.480,0x366,2,4,,,4,10,4,60,0.5039101987200705,
generic-event,事件附近变化,36.480,0x366,2,5,,,4,10,4,60,0.5039101987200705,
generic-event,事件附近变化,36.480,0x366,2,6,,,4,10,4,60,0.5039101987200705,
generic-event,事件附近变化,36.480,0x366,2,7,,,4,10,4,60,0.5039101987200705,
generic-event,事件附近变化,36.480,0x366,3,1,,,4,10,4,60,0.5039101987200705,
generic-event,事件附近变化,36.480,0x366,3,2,,,4,10,4,60,0.5039101987200705,
generic-event,事件附近变化,36.480,0x366,3,3,,,4,10,4,60,0.5039101987200705,
generic-event,事件附近变化,36.480,0x366,3,4,,,4,10,4,60,0.5039101987200705,
generic-event,事件附近变化,36.480,0x366,3,5,,,4,10,4,60,0.5039101987200705,
generic-event,事件附近变化,36.480,0x366,3,6,,,4,10,4,60,0.5039101987200705,
generic-event,事件附近变化,36.480,0x366,3,7,,,4,10,4,60,0.5039101987200705,
generic-event,事件附近变化,36.433,0x2E2,1,6,,,4,10,6,79,1.438979400530324,
generic-event,事件附近变化,36.433,0x2E2,1,7,,,4,10,6,79,1.438979400530324,
generic-event,事件附近变化,36.433,0x2E2,2,0,,,4,10,6,79,1.438979400530324,
generic-event,事件附近变化,36.433,0x2E2,2,1,,,4,10,6,79,1.438979400530324,
generic-event,事件附近变化,36.344,0x3DD,4,6,,,4,10,4,58,0.8204327206634329,
generic-event,事件附近变化,36.337,0x623,7,2,,,4,10,212,688,4.796799251055136,
generic-event,事件附近变化,36.301,0x303,1,0,,,4,10,4,35,0.5072901623667975,
generic-event,事件附近变化,36.278,0x301,1,2,,,4,10,7,52,1.0157304899534,
generic-event,事件附近变化,36.268,0x303,4,1,,,4,10,4,35,0.7668805772132969,
generic-event,事件附近变化,36.268,0x303,5,1,,,4,10,4,35,0.7668805772132969,
generic-event,事件附近变化,36.268,0x303,5,5,,,4,10,4,35,0.7668805772132969,
generic-event,事件附近变化,36.213,0x623,1,2,,,4,10,217,697,4.406605378235073,
generic-event,事件附近变化,36.158,0x623,6,7,,,4,10,193,719,4.00999669823238,
generic-event,事件附近变化,36.147,0x3DD,4,3,,,4,10,4,62,0.8584499891562204,
generic-event,事件附近变化,36.136,0x623,7,7,,,4,10,185,716,4.104865982789772,
generic-event,事件附近变化,36.093,0x303,3,6,,,4,10,6,52,1.194928962529706,
generic-event,事件附近变化,36.090,0x302,3,6,,,4,10,6,52,1.1949353304931614,
generic-event,事件附近变化,36.089,0x623,5,2,,,4,10,205,741,3.7237000021929765,
generic-event,事件附近变化,36.081,0x623,3,2,,,4,10,218,753,2.9895463732917524,
generic-event,事件附近变化,36.051,0x623,3,7,,,4,10,188,735,11.670186396818735,
generic-event,事件附近变化,36.036,0x623,2,7,,,4,10,179,733,12.35626281733437,
generic-event,事件附近变化,36.018,0x623,2,2,,,4,10,221,769,3.1315862361875753,
generic-event,事件附近变化,36.016,0x623,4,2,,,4,10,198,742,3.711152013748054,
generic-event,事件附近变化,36.012,0x3C4,6,7,,,4,10,4,48,1.1804333908688844,
generic-event,事件附近变化,35.978,0x623,1,7,,,4,10,176,683,11.537479326738096,
generic-event,事件附近变化,35.963,0x393,2,1,,,4,10,9,59,1.9179987674179102,
generic-event,事件附近变化,35.914,0x623,5,7,,,4,10,165,732,4.049680418410469,
generic-event,事件附近变化,35.860,0x623,0,2,,,4,10,118,753,0.1755546916852987,
generic-event,事件附近变化,35.853,0x623,6,2,,,4,10,192,762,3.4068298349132817,
generic-event,事件附近变化,35.836,0x623,1,3,,,4,10,159,802,5.391928538764642,
generic-event,事件附近变化,35.731,0x623,4,7,,,4,10,194,768,4.100014194370846,
generic-event,事件附近变化,35.643,0x330,7,1,,,4,10,4,22,0.7727554967164634,
generic-event,事件附近变化,35.501,0x623,4,3,,,4,10,160,844,3.363005300103102,
generic-event,事件附近变化,35.497,0x623,6,3,,,4,10,151,897,3.2275210729874786,
generic-event,事件附近变化,35.463,0x623,2,3,,,4,10,146,860,4.831770012224258,
generic-event,事件附近变化,35.408,0x709,4,0,,,4,10,6,68,1.272175242564622,
generic-event,事件附近变化,35.385,0x623,7,3,,,4,10,163,860,3.5287382931435403,
generic-event,事件附近变化,35.311,0x303,5,0,,,4,10,4,35,0.5872749024609832,
generic-event,事件附近变化,35.311,0x303,5,2,,,4,10,4,35,0.5872749024609832,
generic-event,事件附近变化,35.311,0x303,5,3,,,4,10,4,35,0.5872749024609832,
generic-event,事件附近变化,35.311,0x303,5,6,,,4,10,4,35,0.5872749024609832,
generic-event,事件附近变化,35.311,0x303,7,2,,,4,10,4,35,0.5872749024609832,
generic-event,事件附近变化,35.311,0x303,7,3,,,4,10,4,35,0.5872749024609832,
generic-event,事件附近变化,35.182,0x623,5,3,,,4,10,166,853,3.4306316026885124,
generic-event,事件附近变化,35.103,0x441,7,1,,,4,10,120,931,0.36555464100522783,
generic-event,事件附近变化,35.103,0x441,7,2,,,4,10,120,931,0.36555464100522783,
generic-event,事件附近变化,34.964,0x45A,7,6,,,4,10,120,983,8.649551592865208,
generic-event,事件附近变化,34.957,0x724,2,2,,,4,10,4,22,0.40609967537827685,
generic-event,事件附近变化,34.957,0x724,2,5,,,4,10,4,22,0.40609967537827685,
generic-event,事件附近变化,34.957,0x724,2,6,,,4,10,4,22,0.40609967537827685,
generic-event,事件附近变化,34.881,0x324,1,3,,,6,10,6,56,0.10557872609389031,
generic-event,事件附近变化,34.780,0x330,1,4,,,4,10,4,21,0.49999750730383946,
generic-event,事件附近变化,34.780,0x330,1,5,,,4,10,4,21,0.49999750730383946,
generic-event,事件附近变化,34.780,0x330,1,7,,,4,10,4,21,0.49999750730383946,
generic-event,事件附近变化,34.522,0x623,1,4,,,4,10,199,1261,2.5829814190029015,
generic-event,事件附近变化,34.509,0x623,3,4,,,4,10,198,1254,2.231622970888001,
generic-event,事件附近变化,34.483,0x623,3,3,,,4,10,129,879,3.364578109251608,
generic-event,事件附近变化,34.461,0x623,2,5,,,4,10,213,1255,2.7200995151344443,
generic-event,事件附近变化,34.454,0x623,7,5,,,4,10,209,1290,2.582950096041782,
generic-event,事件附近变化,34.427,0x623,1,5,,,4,10,188,1300,2.4885615245881776,
generic-event,事件附近变化,34.344,0x623,4,4,,,4,10,197,1282,2.4174832738965737,
generic-event,事件附近变化,34.332,0x623,5,4,,,4,10,201,1267,2.2351393183870645,
generic-event,事件附近变化,34.329,0x623,6,5,,,4,10,195,1330,2.5572102253683373,
generic-event,事件附近变化,34.269,0x623,3,5,,,4,10,203,1359,2.7192489592404074,
generic-event,事件附近变化,34.244,0x623,4,5,,,4,10,191,1312,2.5469463315260836,
generic-event,事件附近变化,34.240,0x623,5,5,,,4,10,215,1345,2.727455267809751,
generic-event,事件附近变化,34.233,0x623,6,4,,,4,10,202,1301,2.2388029971045422,
generic-event,事件附近变化,34.191,0x623,3,0,,,4,10,232,1413,2.2483770487962995,
generic-event,事件附近变化,34.174,0x623,5,0,,,4,10,256,1423,2.324142638912711,
generic-event,事件附近变化,34.114,0x2C2,2,1,EXP_leftWindowExecutionPosition,,4,10,13,41,2.8267582203557375,
generic-event,事件附近变化,34.101,0x2C2,2,4,EXP_leftWindowExecutionPosition,,4,10,19,81,3.931268213533078,
generic-event,事件附近变化,34.097,0x623,4,0,,,4,10,246,1430,2.544206970288777,
generic-event,事件附近变化,34.076,0x623,1,0,,,4,10,254,1426,2.7440642663656725,
generic-event,事件附近变化,34.059,0x623,2,4,,,4,10,188,1305,2.008420774298607,
generic-event,事件附近变化,34.051,0x623,7,0,,,4,10,236,1438,2.7358904331346565,
generic-event,事件附近变化,34.044,0x623,7,4,,,4,10,197,1330,2.2800505495862433,
generic-event,事件附近变化,34.012,0x623,6,0,,,4,10,243,1471,2.714021331774459,
generic-event,事件附近变化,34.003,0x623,2,0,,,4,10,242,1420,2.287556589261187,
generic-event,事件附近变化,33.998,0x623,0,1,,,4,10,233,1468,1.536791594892273,
generic-event,事件附近变化,33.875,0x3BD,1,3,,,4,10,5,45,0.6072951849106539,
generic-event,事件附近变化,33.748,0x400,2,7,,,3,10,4,10,1.3655560389203696,
generic-event,事件附近变化,33.748,0x400,3,0,,,3,10,4,10,1.2688471179956535,
window,瞬时请求候选,33.600,0x23A,1,3,,,5,10,,32,,0.8035714285714286
generic-event,事件附近变化,33.518,0x623,4,1,,,4,10,241,1746,2.7710001902912422,
generic-event,事件附近变化,33.494,0x623,6,1,,,4,10,208,1749,2.767265737053406,
generic-event,事件附近变化,33.457,0x623,5,1,,,4,10,235,1782,2.7906689445633646,
generic-event,事件附近变化,33.439,0x623,1,1,,,4,10,204,1818,3.1610101619246156,
generic-event,事件附近变化,33.428,0x623,3,1,,,4,10,226,1798,3.1373786497909806,
generic-event,事件附近变化,33.361,0x623,7,1,,,4,10,228,1785,2.935944742301135,
generic-event,事件附近变化,33.242,0x623,2,1,,,4,10,195,1779,2.7864962133672235,
generic-event,事件附近变化,33.118,0x3C2,4,2,VCLEFT_switchStatus_EXP,,3,10,17,1,2.700991504024307,
generic-event,事件附近变化,33.065,0x623,3,6,,,4,10,224,1971,2.984965861248787,
generic-event,事件附近变化,32.946,0x623,2,6,,,4,10,219,2006,2.9883108469416864,
generic-event,事件附近变化,32.937,0x752,4,4,,,3,10,3,15,0.9010864396199033,
generic-event,事件附近变化,32.893,0x623,6,6,,,4,10,258,1982,2.9471819824196,
generic-event,事件附近变化,32.876,0x623,5,6,,,4,10,233,1998,2.9815115699855688,
generic-event,事件附近变化,32.848,0x70B,2,1,,,4,10,5,45,0.6073323153805303,
generic-event,事件附近变化,32.848,0x70B,2,2,,,4,10,5,45,0.6073323153805303,
generic-event,事件附近变化,32.848,0x70B,4,0,,,4,10,5,45,0.6073323153805303,
generic-event,事件附近变化,32.846,0x132,0,6,,,4,10,30,216,4.377299159590979,
generic-event,事件附近变化,32.805,0x623,4,6,,,4,10,226,1984,3.4730970754057333,
generic-event,事件附近变化,32.772,0x70B,2,6,,,4,10,5,47,0.8315287521664058,
generic-event,事件附近变化,32.772,0x70B,4,5,,,4,10,5,47,0.8315287521664058,
generic-event,事件附近变化,32.761,0x623,7,6,,,4,10,231,1967,2.9971412282504755,
generic-event,事件附近变化,32.712,0x23A,5,1,,,3,10,4,8,1.3082679005321352,
generic-event,事件附近变化,32.689,0x23A,2,2,,,3,10,4,8,1.6422101331387042,
generic-event,事件附近变化,32.668,0x623,1,6,,,4,10,223,2036,2.9829447473138178,
generic-event,事件附近变化,32.619,0x400,0,7,,,3,10,3,13,1.438846529313728,
generic-event,事件附近变化,32.305,0x70B,4,7,,,3,10,6,20,0.8257327002836515,
generic-event,事件附近变化,32.305,0x70B,5,7,,,3,10,6,20,0.8257327002836515,
generic-event,事件附近变化,32.305,0x70B,6,0,,,3,10,6,20,0.8257327002836515,
generic-event,事件附近变化,32.305,0x70B,7,7,,,3,10,6,20,0.8257327002836515,
generic-event,事件附近变化,32.289,0x7B1,0,2,,,3,10,6,19,0.9593732949605809,
generic-event,事件附近变化,32.289,0x7B1,6,0,,,3,10,6,19,0.9593732949605809,
generic-event,事件附近变化,32.289,0x7B1,6,1,,,3,10,6,19,0.9593732949605809,
generic-event,事件附近变化,32.289,0x7B1,6,2,,,3,10,6,19,0.9593732949605809,
generic-event,事件附近变化,32.289,0x7B1,6,3,,,3,10,6,19,0.9593732949605809,
generic-event,事件附近变化,32.289,0x7B1,6,4,,,3,10,6,19,0.9593732949605809,
generic-event,事件附近变化,32.289,0x7B1,6,5,,,3,10,6,19,0.9593732949605809,
generic-event,事件附近变化,32.289,0x7B1,7,0,,,3,10,6,19,0.9593732949605809,
generic-event,事件附近变化,32.289,0x7B1,7,1,,,3,10,6,19,0.9593732949605809,
generic-event,事件附近变化,32.289,0x7B1,7,2,,,3,10,6,19,0.9593732949605809,
generic-event,事件附近变化,32.289,0x7B1,7,3,,,3,10,6,19,0.9593732949605809,
generic-event,事件附近变化,32.289,0x7B1,7,4,,,3,10,6,19,0.9593732949605809,
generic-event,事件附近变化,32.289,0x7B1,7,5,,,3,10,6,19,0.9593732949605809,
generic-event,事件附近变化,32.142,0x7B1,0,1,,,3,10,6,20,1.0187514908326085,
generic-event,事件附近变化,32.042,0x623,0,0,,,4,10,455,2897,2.1517476956971056,
generic-event,事件附近变化,32.001,0x319,1,0,,,3,10,3,21,0.9639745310271484,
generic-event,事件附近变化,31.985,0x319,4,4,,,3,10,3,21,0.6393512475139563,
generic-event,事件附近变化,31.981,0x752,4,7,,,3,10,3,21,0.9598190182912939,
generic-event,事件附近变化,31.904,0x70B,6,2,,,3,10,3,23,0.8257597646785224,
generic-event,事件附近变化,31.889,0x319,4,6,,,3,10,3,22,0.7300038717670757,
generic-event,事件附近变化,31.889,0x319,6,5,,,3,10,3,22,0.7300038717670757,
generic-event,事件附近变化,31.886,0x319,5,0,,,3,10,3,22,0.983999893686881,
generic-event,事件附近变化,31.886,0x319,5,7,,,3,10,3,22,0.983999893686881,
generic-event,事件附近变化,31.886,0x319,7,5,,,3,10,3,22,0.983999893686881,
generic-event,事件附近变化,31.870,0x319,2,2,,,3,10,3,22,1.1923819336200399,
generic-event,事件附近变化,31.859,0x319,4,0,,,3,10,3,22,1.2944532463859002,
generic-event,事件附近变化,31.850,0x319,3,3,,,3,10,3,22,1.4021196148081279,
generic-event,事件附近变化,31.850,0x319,3,4,,,3,10,3,22,1.4021196148081279,
generic-event,事件附近变化,31.652,0x709,7,7,,,3,10,6,20,0.9753189144525934,
generic-event,事件附近变化,31.592,0x39B,7,7,,,6,10,6,26,0.00017022614534954638,
generic-event,事件附近变化,31.480,0x752,7,6,,,3,10,3,25,0.9402346089920186,
generic-event,事件附近变化,31.289,0x3E9,7,7,,,6,10,6,26,0.0001806698688882172,
generic-event,事件附近变化,31.254,0x7E8,1,5,,,3,10,3,33,0.7288747472814566,
generic-event,事件附近变化,31.237,0x7E8,2,2,,,3,10,3,33,0.7288864177131145,
generic-event,事件附近变化,31.237,0x7E8,2,6,,,3,10,3,33,0.7288864177131145,
generic-event,事件附近变化,31.237,0x7E8,6,0,,,3,10,3,33,0.7288864177131145,
generic-event,事件附近变化,31.237,0x7E8,6,3,,,3,10,3,33,0.7288864177131145,
generic-event,事件附近变化,31.237,0x7E8,6,4,,,3,10,3,33,0.7288864177131145,
generic-event,事件附近变化,31.234,0x7E8,4,0,,,3,10,3,33,0.4336906698981496,
generic-event,事件附近变化,31.234,0x7E8,6,1,,,3,10,3,33,0.4336906698981496,
generic-event,事件附近变化,31.234,0x7E8,6,2,,,3,10,3,33,0.4336906698981496,
generic-event,事件附近变化,31.205,0x3C4,2,3,,,3,10,3,23,0.9329321185726291,
generic-event,事件附近变化,31.205,0x3C4,2,7,,,3,10,3,23,0.9329321185726291,
generic-event,事件附近变化,31.180,0x7E8,1,7,,,3,10,3,34,0.714289349862111,
generic-event,事件附近变化,31.180,0x7E8,2,5,,,3,10,3,34,0.714289349862111,
generic-event,事件附近变化,31.180,0x7E8,3,2,,,3,10,3,34,0.714289349862111,
generic-event,事件附近变化,31.180,0x7E8,3,3,,,3,10,3,34,0.714289349862111,
generic-event,事件附近变化,31.180,0x7E8,4,4,,,3,10,3,34,0.714289349862111,
generic-event,事件附近变化,31.164,0x7E8,1,0,,,3,10,3,34,0.42857551823777834,
generic-event,事件附近变化,31.157,0x23A,2,7,,,3,10,4,14,1.8580561787662104,
generic-event,事件附近变化,31.153,0x7E8,1,4,,,3,10,3,34,0.7142780075002372,
generic-event,事件附近变化,31.153,0x7E8,3,4,,,3,10,3,34,0.7142780075002372,
generic-event,事件附近变化,31.153,0x7E8,5,3,,,3,10,3,34,0.7142780075002372,
generic-event,事件附近变化,31.153,0x7E8,5,6,,,3,10,3,34,0.7142780075002372,
generic-event,事件附近变化,31.153,0x7E8,7,1,,,3,10,3,34,0.7142780075002372,
generic-event,事件附近变化,31.153,0x7E8,7,2,,,3,10,3,34,0.7142780075002372,
generic-event,事件附近变化,31.153,0x7E8,7,3,,,3,10,3,34,0.7142780075002372,
generic-event,事件附近变化,31.153,0x7E8,7,5,,,3,10,3,34,0.7142780075002372,
generic-event,事件附近变化,31.153,0x7E8,7,7,,,3,10,3,34,0.7142780075002372,
generic-event,事件附近变化,31.068,0x709,5,7,,,3,10,6,20,0.9100720541102557,
generic-event,事件附近变化,31.060,0x7B1,1,6,,,3,10,6,19,0.9797731758403739,
generic-event,事件附近变化,31.060,0x7B1,1,7,,,3,10,6,19,0.9797731758403739,
generic-event,事件附近变化,31.060,0x7B1,2,6,,,3,10,6,19,0.9797731758403739,
generic-event,事件附近变化,31.060,0x7B1,2,7,,,3,10,6,19,0.9797731758403739,
generic-event,事件附近变化,31.060,0x7B1,3,6,,,3,10,6,19,0.9797731758403739,
generic-event,事件附近变化,31.060,0x7B1,3,7,,,3,10,6,19,0.9797731758403739,
generic-event,事件附近变化,31.060,0x7B1,4,6,,,3,10,6,19,0.9797731758403739,
generic-event,事件附近变化,31.060,0x7B1,4,7,,,3,10,6,19,0.9797731758403739,
generic-event,事件附近变化,31.008,0x293,7,7,,,6,10,6,26,0.00020442639243114938,
generic-event,事件附近变化,30.980,0x310,1,7,,,3,10,3,22,0.7999706768614466,
generic-event,事件附近变化,30.980,0x310,2,4,,,3,10,3,22,0.7999706768614466,
generic-event,事件附近变化,30.980,0x310,2,7,,,3,10,3,22,0.7999706768614466,
generic-event,事件附近变化,30.980,0x310,3,0,,,3,10,3,22,0.7999706768614466,
generic-event,事件附近变化,30.980,0x310,3,7,,,3,10,3,22,0.7999706768614466,
generic-event,事件附近变化,30.980,0x310,4,5,,,3,10,3,22,0.7999706768614466,
generic-event,事件附近变化,30.980,0x310,5,3,,,3,10,3,22,0.7999706768614466,
generic-event,事件附近变化,30.963,0x23A,3,6,,,3,10,4,15,0.9502920955090113,
generic-event,事件附近变化,30.963,0x23A,4,1,,,3,10,4,15,0.9502920955090113,
generic-event,事件附近变化,30.847,0x310,3,1,,,3,10,3,23,0.825837113558969,
generic-event,事件附近变化,30.767,0x752,1,6,,,3,10,3,32,0.9540267658700501,
generic-event,事件附近变化,30.707,0x3DB,1,0,,,3,10,6,32,1.5823177562515258,
generic-event,事件附近变化,30.677,0x752,3,6,,,3,10,3,33,0.5370524779115293,
generic-event,事件附近变化,30.657,0x234,1,5,,,4,10,45,395,8.424712284069459,
generic-event,事件附近变化,30.596,0x752,6,7,,,3,10,3,34,0.6615408967829087,
generic-event,事件附近变化,30.592,0x752,2,4,,,3,10,3,34,0.8450984788327448,
generic-event,事件附近变化,30.591,0x752,6,3,,,3,10,3,34,0.876693831718667,
generic-event,事件附近变化,30.528,0x383,4,1,,,3,10,3,11,1.0455663579890864,
generic-event,事件附近变化,30.510,0x23A,5,0,,,3,10,4,8,1.388422194281817,
generic-event,事件附近变化,30.487,0x23A,3,4,,,3,10,4,8,1.733400977998707,
generic-event,事件附近变化,30.487,0x23A,4,6,,,3,10,4,8,1.733400977998707,
generic-event,事件附近变化,30.456,0x7B1,5,6,,,3,10,6,19,0.9898342819598864,
generic-event,事件附近变化,30.456,0x7B1,5,7,,,3,10,6,19,0.9898342819598864,
generic-event,事件附近变化,30.456,0x7B1,6,6,,,3,10,6,19,0.9898342819598864,
generic-event,事件附近变化,30.456,0x7B1,6,7,,,3,10,6,19,0.9898342819598864,
generic-event,事件附近变化,30.456,0x7B1,7,6,,,3,10,6,19,0.9898342819598864,
generic-event,事件附近变化,30.456,0x7B1,7,7,,,3,10,6,19,0.9898342819598864,
generic-event,事件附近变化,30.447,0x361,0,0,,,3,10,3,18,1.1338742206700794,
generic-event,事件附近变化,30.447,0x361,0,1,,,3,10,3,18,1.1338742206700794,
generic-event,事件附近变化,30.447,0x361,0,2,,,3,10,3,18,1.1338742206700794,
generic-event,事件附近变化,30.358,0x3DB,0,6,,,3,10,6,36,1.6407576983491117,
generic-event,事件附近变化,30.264,0x330,2,2,,,3,10,3,21,0.7743986476685473,
generic-event,事件附近变化,30.264,0x330,2,6,,,3,10,3,21,0.7743986476685473,
generic-event,事件附近变化,30.240,0x295,7,2,,,3,10,6,44,0.9360651904241949,
generic-event,事件附近变化,30.215,0x23A,5,7,,,3,10,3,9,1.301266095799162,
generic-event,事件附近变化,30.135,0x7B1,0,0,,,3,10,12,40,1.7639322042147925,
generic-event,事件附近变化,30.101,0x70B,2,3,,,3,10,6,43,0.6633200231710258,
generic-event,事件附近变化,30.101,0x70B,5,1,,,3,10,6,43,0.6633200231710258,
generic-event,事件附近变化,30.008,0x23A,3,7,,,3,10,4,21,1.1422428915083382,
generic-event,事件附近变化,29.916,0x3A2,4,4,,,3,10,10,34,2.2145020928363865,
generic-event,事件附近变化,29.856,0x22B,6,4,,,3,10,7,29,1.526056876689933,
generic-event,事件附近变化,29.847,0x3F2,6,5,,,3,10,3,18,0.3333455586833764,
generic-event,事件附近变化,29.836,0x752,1,3,,,3,10,3,44,0.766640872591126,
generic-event,事件附近变化,29.636,0x22B,6,5,,,3,10,7,29,1.5313562805866487,
generic-event,事件附近变化,29.430,0x22B,6,6,,,3,10,7,29,1.5305717739049374,
generic-event,事件附近变化,29.420,0x3DB,0,7,,,3,10,4,18,1.9259251865877098,
generic-event,事件附近变化,29.400,0x23E,1,3,,,3,10,7,13,1.5221824702017464,
generic-event,事件附近变化,29.386,0x22B,6,7,,,3,10,7,29,1.5331161504775612,
generic-event,事件附近变化,29.350,0x752,6,5,,,3,10,3,52,0.7330378415344262,
generic-event,事件附近变化,29.189,0x3C4,3,4,,,3,10,6,46,1.3032598884735505,
generic-event,事件附近变化,29.189,0x3C4,3,5,,,3,10,6,46,1.3032598884735505,
generic-event,事件附近变化,29.150,0x383,4,2,,,3,10,3,18,1.218955052807713,
generic-event,事件附近变化,29.097,0x373,0,1,,,3,10,3,15,1.1880882647338944,
generic-event,事件附近变化,29.026,0x132,4,4,,,4,10,50,232,9.301792108581237,
generic-event,事件附近变化,29.026,0x132,4,5,,,4,10,50,232,9.301792108581237,
generic-event,事件附近变化,29.003,0x3C4,5,1,,,3,10,3,49,1.4244531427128628,
generic-event,事件附近变化,29.003,0x3C4,5,7,,,3,10,3,49,1.4244531427128628,
generic-event,事件附近变化,28.963,0x303,1,5,,,3,10,3,16,0.6923108482139677,
generic-event,事件附近变化,28.830,0x55D,4,0,,,3,10,3,25,0.8099664697133347,
generic-event,事件附近变化,28.801,0x22B,5,2,,,3,10,4,30,1.4560198869180172,
generic-event,事件附近变化,28.789,0x709,0,4,,,6,10,6,19,0.030263975886439358,
generic-event,事件附近变化,28.783,0x23A,2,4,,,3,10,3,15,1.865820881718578,
generic-event,事件附近变化,28.783,0x23A,5,3,,,3,10,4,15,0.8869637177671933,
generic-event,事件附近变化,28.783,0x23A,6,5,,,3,10,4,15,0.8869637177671933,
generic-event,事件附近变化,28.774,0x303,4,3,,,3,10,3,17,0.22769296521491678,
generic-event,事件附近变化,28.774,0x303,6,2,,,3,10,3,17,0.22769296521491678,
generic-event,事件附近变化,28.768,0x373,0,0,,,3,10,3,17,0.8545824754735277,
generic-event,事件附近变化,28.761,0x23A,2,5,,,3,10,4,15,0.9804230974919694,
generic-event,事件附近变化,28.761,0x23A,4,2,,,3,10,4,15,1.0178456722648415,
generic-event,事件附近变化,28.761,0x23A,4,4,,,3,10,4,15,1.0178456722648415,
generic-event,事件附近变化,28.747,0x23E,1,5,,,3,10,6,18,1.508822485751358,
generic-event,事件附近变化,28.600,0x23A,3,1,,,3,10,3,16,0.9502919496055454,
generic-event,事件附近变化,28.600,0x23A,3,2,,,3,10,3,16,0.9100958339826577,
generic-event,事件附近变化,28.600,0x23A,3,5,,,3,10,3,16,0.9502919496055454,
generic-event,事件附近变化,28.600,0x23A,4,5,,,3,10,3,16,0.9502919496055454,
generic-event,事件附近变化,28.599,0x623,0,4,,,3,10,12,41,1.094519827492909,
generic-event,事件附近变化,28.599,0x623,0,5,,,3,10,10,41,1.0548319113523574,
generic-event,事件附近变化,28.489,0x622,1,2,,,3,10,10,40,1.08677972080858,
generic-event,事件附近变化,28.489,0x622,1,4,,,3,10,10,40,1.0864450320621308,
generic-event,事件附近变化,28.470,0x295,7,3,,,3,10,6,44,0.8231009985207638,
generic-event,事件附近变化,28.417,0x622,0,1,,,3,10,10,41,1.0633770307525532,
generic-event,事件附近变化,28.417,0x622,0,4,,,3,10,10,41,1.0633982021450694,
generic-event,事件附近变化,28.417,0x622,0,5,,,3,10,12,41,1.1026785302424207,
generic-event,事件附近变化,28.417,0x622,1,1,,,3,10,12,41,1.1029738053552425,
generic-event,事件附近变化,28.417,0x622,1,5,,,3,10,10,41,1.0636672421158353,
generic-event,事件附近变化,28.401,0x22B,5,1,,,3,10,4,30,1.4507949335105035,
generic-event,事件附近变化,28.345,0x22B,5,4,,,3,10,4,30,1.4529089158670274,
generic-event,事件附近变化,28.345,0x22B,5,5,,,3,10,4,30,1.4532270073312568,
generic-event,事件附近变化,28.345,0x22B,5,6,,,3,10,4,30,1.4533917106371788,
generic-event,事件附近变化,28.340,0x22B,5,7,,,3,10,4,30,1.456101847787455,
generic-event,事件附近变化,28.340,0x22B,6,0,,,3,10,4,30,1.4571136592898795,
generic-event,事件附近变化,28.331,0x22B,5,3,,,3,10,4,30,1.4520155806929904,
generic-event,事件附近变化,28.294,0x324,0,0,,,3,10,3,65,0.5703064971433212,
generic-event,事件附近变化,28.263,0x295,2,2,,,3,10,12,88,1.6692841346640663,
generic-event,事件附近变化,28.263,0x295,2,4,,,3,10,12,88,1.6692841346640663,
generic-event,事件附近变化,28.229,0x782,1,4,,,3,10,3,21,0.4546652438014335,
generic-event,事件附近变化,28.217,0x782,1,3,,,3,10,3,15,1.145582723449443,
generic-event,事件附近变化,28.216,0x22B,6,1,,,3,10,5,29,1.459206733267352,
generic-event,事件附近变化,28.216,0x22B,6,2,,,3,10,5,29,1.4604202320535777,
generic-event,事件附近变化,28.202,0x22B,4,7,,,3,10,4,30,1.447925735967052,
generic-event,事件附近变化,28.202,0x22B,5,0,,,3,10,4,30,1.4511392206363567,
generic-event,事件附近变化,28.194,0x295,1,2,,,3,10,12,88,1.627787389496533,
generic-event,事件附近变化,28.194,0x295,1,5,,,3,10,12,88,1.627787389496533,
generic-event,事件附近变化,28.141,0x23E,7,1,,,3,10,6,24,1.802016744294954,
generic-event,事件附近变化,28.138,0x302,1,5,,,3,10,3,16,0.6923424067718927,
generic-event,事件附近变化,28.127,0x709,6,7,,,3,10,9,67,1.2363998622095802,
generic-event,事件附近变化,28.068,0x23E,1,1,,,3,10,8,22,1.8431385288937312,
generic-event,事件附近变化,28.060,0x400,2,3,,,3,10,11,83,3.8518058015779384,
generic-event,事件附近变化,28.018,0x22B,6,3,,,3,10,5,29,1.460455467780334,
generic-event,事件附近变化,27.923,0x330,4,3,,,3,10,3,23,0.7727038011582716,
generic-event,事件附近变化,27.923,0x330,5,3,,,3,10,3,23,0.7727038011582716,
generic-event,事件附近变化,27.879,0x22B,0,0,,,3,10,3,27,1.3166458270426349,
generic-event,事件附近变化,27.879,0x22B,0,1,,,3,10,3,27,1.3163921517561128,
generic-event,事件附近变化,27.816,0x301,1,5,,,3,10,3,16,0.6923051947632024,
generic-event,事件附近变化,27.801,0x22B,4,6,,,3,10,4,30,1.4483440431949377,
generic-event,事件附近变化,27.772,0x22B,7,0,,,3,10,7,29,1.524219208597148,
generic-event,事件附近变化,27.725,0x3C4,0,3,,,3,10,3,23,0.6142585078124809,
generic-event,事件附近变化,27.725,0x3C4,6,6,,,3,10,3,23,0.8258175056390126,
generic-event,事件附近变化,27.652,0x295,0,1,,,3,10,12,88,1.644421731284537,
generic-event,事件附近变化,27.652,0x295,1,6,,,3,10,12,88,1.6690535314731,
generic-event,事件附近变化,27.602,0x22B,4,4,,,3,10,4,30,1.4436314219791506,
generic-event,事件附近变化,27.602,0x22B,4,5,,,3,10,4,30,1.4475045326101037,
generic-event,事件附近变化,27.572,0x2A4,4,2,,,3,10,3,16,1.1294506864203875,
generic-event,事件附近变化,27.540,0x302,5,4,,,3,10,3,17,0.23331632309566946,
generic-event,事件附近变化,27.478,0x22B,0,2,,,3,10,3,31,1.4784650566442739,
generic-event,事件附近变化,27.478,0x22B,0,3,,,3,10,3,31,1.4768497000449852,
generic-event,事件附近变化,27.478,0x22B,0,4,,,3,10,3,31,1.4762665337479468,
generic-event,事件附近变化,27.477,0x3DB,1,4,,,3,10,5,59,0.758932315062414,
generic-event,事件附近变化,27.477,0x3DB,2,0,,,3,10,5,59,0.758932315062414,
generic-event,事件附近变化,27.477,0x3DB,2,1,,,3,10,5,59,0.758932315062414,
generic-event,事件附近变化,27.477,0x3DB,2,3,,,3,10,5,59,0.758932315062414,
generic-event,事件附近变化,27.477,0x3DB,5,0,,,3,10,5,59,0.758932315062414,
generic-event,事件附近变化,27.477,0x3DB,5,1,,,3,10,5,59,0.758932315062414,
generic-event,事件附近变化,27.413,0x301,0,4,,,3,10,3,16,0.23078264435093745,
generic-event,事件附近变化,27.408,0x301,2,5,,,3,10,3,16,0.8461500336690839,
generic-event,事件附近变化,27.408,0x301,2,6,,,3,10,3,16,0.8461500336690839,
generic-event,事件附近变化,27.408,0x301,2,7,,,3,10,3,16,0.8461500336690839,
generic-event,事件附近变化,27.403,0x23E,2,3,,,3,10,3,21,1.379693421153404,
generic-event,事件附近变化,27.403,0x23E,6,1,,,3,10,3,21,1.379693421153404,
generic-event,事件附近变化,27.402,0x22B,4,3,,,3,10,4,30,1.4456978522713981,
window,瞬时请求候选,27.400,0x23A,2,0,,,4,10,,23,,0.8392857142857143
generic-event,事件附近变化,27.309,0x302,0,4,,,3,10,3,16,0.23076871114953076,
generic-event,事件附近变化,27.300,0x302,1,7,,,3,10,3,16,0.84618685110342,
generic-event,事件附近变化,27.202,0x22B,4,2,,,3,10,4,30,1.44539724777009,
generic-event,事件附近变化,27.172,0x22B,7,1,,,3,10,7,29,1.521607771320418,
generic-event,事件附近变化,27.150,0x2C2,1,3,EXP_leftWindowExecutionPosition,,3,10,42,114,6.278050461885243,
generic-event,事件附近变化,27.142,0x23E,2,6,,,3,10,3,23,1.4428159031723786,
generic-event,事件附近变化,27.142,0x23E,4,0,,,3,10,3,23,1.4428159031723786,
generic-event,事件附近变化,27.142,0x23E,4,1,,,3,10,3,23,1.4428159031723786,
generic-event,事件附近变化,27.142,0x23E,4,5,,,3,10,3,23,1.4428159031723786,
generic-event,事件附近变化,27.142,0x23E,4,6,,,3,10,3,23,1.4428159031723786,
generic-event,事件附近变化,27.142,0x23E,4,7,,,3,10,3,23,1.4428159031723786,
generic-event,事件附近变化,27.142,0x23E,5,5,,,3,10,3,23,1.4707464109985233,
generic-event,事件附近变化,27.040,0x295,0,7,,,3,10,12,88,1.4950653436954964,
generic-event,事件附近变化,27.035,0x303,0,4,,,3,10,3,16,0.23076515586069377,
generic-event,事件附近变化,27.027,0x303,2,5,,,3,10,3,16,0.8461520055448547,
generic-event,事件附近变化,26.989,0x295,7,1,,,3,10,18,132,1.956919814673744,
generic-event,事件附近变化,26.974,0x22B,7,2,,,3,10,7,29,1.5259320448601144,
generic-event,事件附近变化,26.963,0x234,3,1,,,3,10,5,21,1.3272104577271369,
generic-event,事件附近变化,26.963,0x234,4,3,,,3,10,5,21,1.3272104577271369,
generic-event,事件附近变化,26.912,0x53E,6,0,,,3,10,3,23,0.6143011050032694,
generic-event,事件附近变化,26.902,0x23E,5,7,,,3,10,3,25,1.5604273298640956,
generic-event,事件附近变化,26.796,0x22B,4,0,,,3,10,4,30,1.4429559207746332,
generic-event,事件附近变化,26.796,0x22B,4,1,,,3,10,4,30,1.4450010868001266,
generic-event,事件附近变化,26.698,0x23A,0,2,,,3,10,3,31,0.1505851820585202,
generic-event,事件附近变化,26.684,0x23E,1,0,,,3,10,3,25,1.5367242463746862,
generic-event,事件附近变化,26.684,0x23E,1,7,,,3,10,3,25,1.6955264252261553,
generic-event,事件附近变化,26.680,0x2A4,0,0,,,3,10,3,22,1.5000893792950594,
generic-event,事件附近变化,26.665,0x3DD,4,2,,,3,10,3,25,1.3741685145215448,
generic-event,事件附近变化,26.596,0x22B,3,7,,,3,10,4,30,1.44449754559698,
generic-event,事件附近变化,26.582,0x719,1,7,,,3,10,8,68,4.184227994047814,
generic-event,事件附近变化,26.542,0x3DD,6,7,,,3,10,3,26,0.5555945399755016,
generic-event,事件附近变化,26.541,0x3DD,0,3,,,3,10,3,26,0.7777742556655433,
generic-event,事件附近变化,26.462,0x23E,5,1,,,3,10,3,27,1.6419039791132282,
generic-event,事件附近变化,26.454,0x7C8,1,0,,,6,10,6,31,0.14282407113125048,
generic-event,事件附近变化,26.447,0x295,0,4,,,3,10,18,132,1.9364629896653711,
generic-event,事件附近变化,26.441,0x3DD,6,6,,,3,10,3,27,0.798649982126422,
generic-event,事件附近变化,26.441,0x3DD,7,0,,,3,10,3,27,0.798649982126422,
generic-event,事件附近变化,26.441,0x3DD,7,1,,,3,10,3,27,0.798649982126422,
generic-event,事件附近变化,26.441,0x3DD,7,2,,,3,10,3,27,0.798649982126422,
generic-event,事件附近变化,26.441,0x3DD,7,3,,,3,10,3,27,0.798649982126422,
generic-event,事件附近变化,26.441,0x3DD,7,4,,,3,10,3,27,0.798649982126422,
generic-event,事件附近变化,26.441,0x3DD,7,5,,,3,10,3,27,0.798649982126422,
generic-event,事件附近变化,26.356,0x709,0,3,,,6,10,6,44,0.053488547430405216,
generic-event,事件附近变化,26.290,0x52F,5,1,,,3,10,3,44,0.17088154446627768,
generic-event,事件附近变化,26.241,0x407,1,3,,,6,10,6,26,8.953830470204485e-05,
generic-event,事件附近变化,26.211,0x295,0,5,,,3,10,24,176,2.409101176967844,
generic-event,事件附近变化,26.200,0x295,0,2,,,3,10,24,176,2.30314260268415,
generic-event,事件附近变化,26.200,0x295,0,3,,,3,10,24,176,2.4089762170625546,
generic-event,事件附近变化,26.200,0x295,0,6,,,3,10,24,176,2.3031428485931915,
generic-event,事件附近变化,26.200,0x295,2,1,,,3,10,24,176,2.3031428485931915,
generic-event,事件附近变化,26.200,0x295,2,3,,,3,10,24,176,2.3031428485931915,
generic-event,事件附近变化,26.178,0x22B,3,6,,,3,10,4,30,1.4412792179157075,
generic-event,事件附近变化,26.131,0x295,0,0,,,3,10,24,176,2.3327442193823136,
generic-event,事件附近变化,26.131,0x295,1,3,,,3,10,24,176,2.3327442193823136,
generic-event,事件附近变化,26.131,0x295,2,0,,,3,10,24,176,2.3327442193823136,
generic-event,事件附近变化,26.131,0x295,2,5,,,3,10,24,176,2.3327442193823136,
generic-event,事件附近变化,26.131,0x295,2,7,,,3,10,24,176,2.3327442193823136,
generic-event,事件附近变化,26.131,0x295,3,0,,,3,10,24,176,2.3327442193823136,
generic-event,事件附近变化,26.131,0x295,3,1,,,3,10,24,176,2.3327442193823136,
generic-event,事件附近变化,26.131,0x295,3,2,,,3,10,24,176,2.3327442193823136,
generic-event,事件附近变化,26.131,0x295,3,3,,,3,10,24,176,2.3327442193823136,
generic-event,事件附近变化,26.131,0x295,3,4,,,3,10,24,176,2.3327442193823136,
generic-event,事件附近变化,26.131,0x295,3,5,,,3,10,24,176,2.3327442193823136,
generic-event,事件附近变化,26.131,0x295,3,6,,,3,10,24,176,2.3327442193823136,
generic-event,事件附近变化,26.131,0x295,3,7,,,3,10,24,176,2.3327442193823136,
generic-event,事件附近变化,26.111,0x3F2,3,4,,,3,10,3,19,0.6877560200070575,
generic-event,事件附近变化,26.107,0x383,2,1,,,3,10,16,59,1.6355167077487924,
generic-event,事件附近变化,26.107,0x383,2,2,,,3,10,16,59,1.6355167077487924,
generic-event,事件附近变化,26.107,0x383,2,3,,,3,10,16,59,1.6355167077487924,
generic-event,事件附近变化,26.102,0x23E,7,0,,,3,10,4,25,1.7669326687000946,
generic-event,事件附近变化,26.092,0x300,0,3,,,6,10,6,37,4.654785948429417e-05,
generic-event,事件附近变化,26.092,0x300,0,4,,,6,10,6,37,4.654785948429417e-05,
generic-event,事件附近变化,26.090,0x3C4,4,1,,,3,10,5,45,0.8614740583898832,
generic-event,事件附近变化,26.061,0x443,1,3,,,6,10,6,26,0.0001891052370543182,
generic-event,事件附近变化,26.043,0x3DD,6,4,,,3,10,3,31,0.8690246730382996,
window,瞬时请求候选,26.000,0x23A,1,5,,,4,10,,30,,0.8214285714285714
window,瞬时请求候选,26.000,0x23A,2,1,,,4,10,,30,,0.8035714285714286
generic-event,事件附近变化,25.986,0x709,0,6,,,3,10,4,22,0.9101211571571947,
generic-event,事件附近变化,25.986,0x709,2,5,,,3,10,4,22,0.9101211571571947,
generic-event,事件附近变化,25.986,0x709,5,0,,,3,10,4,22,0.9101211571571947,
generic-event,事件附近变化,25.978,0x22B,3,5,,,3,10,4,30,1.4392533492890416,
generic-event,事件附近变化,25.970,0x38B,4,4,,,6,10,6,58,0.0003577514070295137,
generic-event,事件附近变化,25.807,0x303,1,3,,,3,10,5,34,1.01879310719093,
generic-event,事件附近变化,25.765,0x3C2,4,1,VCLEFT_switchStatus_EXP,,3,10,25,25,4.6668051452829795,
generic-event,事件附近变化,25.708,0x3C4,7,3,,,3,10,6,46,1.1897887129142866,
generic-event,事件附近变化,25.606,0x7C8,3,2,,,3,10,4,32,0.7288371506654502,
generic-event,事件附近变化,25.606,0x7C8,6,5,,,3,10,4,32,0.7288371506654502,
generic-event,事件附近变化,25.606,0x7C8,6,6,,,3,10,4,32,0.7288371506654502,
generic-event,事件附近变化,25.531,0x302,1,3,,,3,10,5,34,1.0187875789999892,
generic-event,事件附近变化,25.528,0x3DD,6,2,,,3,10,3,37,0.9426693132614968,
generic-event,事件附近变化,25.450,0x3DD,2,3,,,3,10,3,38,0.7046985645773964,
generic-event,事件附近变化,25.426,0x301,1,3,,,3,10,5,34,1.0187964585442477,
generic-event,事件附近变化,25.361,0x22B,3,4,,,3,10,4,30,1.4402808836900316,
generic-event,事件附近变化,25.258,0x75D,5,0,,,3,10,6,72,1.3831072068223218,
generic-event,事件附近变化,25.242,0x301,1,4,,,3,10,4,34,1.1644484165794668,
generic-event,事件附近变化,25.242,0x301,2,3,,,3,10,4,34,1.1644484165794668,
generic-event,事件附近变化,25.242,0x301,3,7,,,3,10,4,34,1.1644484165794668,
generic-event,事件附近变化,25.233,0x232,2,2,,,3,10,3,55,0.6529781265088191,
generic-event,事件附近变化,25.231,0x3DD,3,0,,,3,10,3,41,0.8346618268364507,
generic-event,事件附近变化,25.142,0x22B,3,3,,,3,10,4,30,1.4368431786508433,
generic-event,事件附近变化,25.134,0x302,1,4,,,3,10,4,34,1.164443170739899,
generic-event,事件附近变化,25.025,0x70B,5,3,,,3,10,4,20,0.8280651225212529,
generic-event,事件附近变化,25.025,0x373,0,2,,,2,10,2,0,,
generic-event,事件附近变化,25.003,0x37A,0,6,,,3,10,13,241,2.1660305585224067,
generic-event,事件附近变化,25.000,0x295,7,0,,,3,10,36,264,2.9077540358235363,
generic-event,事件附近变化,24.983,0x232,2,1,,,3,10,3,60,0.789254750976592,
generic-event,事件附近变化,24.942,0x22B,3,2,,,3,10,4,30,1.437840563937744,
generic-event,事件附近变化,24.887,0x3DB,6,2,,,3,10,4,60,0.7590049407331471,
generic-event,事件附近变化,24.869,0x2A4,1,4,,,3,10,3,41,0.8329757591798712,
generic-event,事件附近变化,24.860,0x303,1,6,,,3,10,4,34,1.1644407932291092,
generic-event,事件附近变化,24.860,0x303,2,1,,,3,10,4,34,1.1644407932291092,
generic-event,事件附近变化,24.860,0x303,3,7,,,3,10,4,34,1.1644407932291092,
generic-event,事件附近变化,24.804,0x53E,0,1,,,3,10,3,47,0.5969601867095718,
generic-event,事件附近变化,24.804,0x53E,2,0,,,3,10,3,47,0.5969601867095718,
generic-event,事件附近变化,24.804,0x53E,2,1,,,3,10,3,47,0.6544486877085257,
generic-event,事件附近变化,24.804,0x53E,2,4,,,3,10,3,47,0.6544486877085257,
generic-event,事件附近变化,24.804,0x53E,4,0,,,3,10,3,47,0.6701906446376468,
generic-event,事件附近变化,24.804,0x53E,4,7,,,3,10,3,47,0.6544486877085257,
generic-event,事件附近变化,24.804,0x53E,6,1,,,3,10,3,47,0.6701906446376468,
generic-event,事件附近变化,24.804,0x53E,7,7,,,3,10,3,47,0.6701906446376468,
generic-event,事件附近变化,24.741,0x22B,3,1,,,3,10,4,30,1.4365966226495852,
generic-event,事件附近变化,24.729,0x2A4,1,3,,,3,10,3,43,0.8780912061037952,
generic-event,事件附近变化,24.710,0x53E,4,4,,,3,10,3,49,1.055320016899548,
generic-event,事件附近变化,24.710,0x53E,4,5,,,3,10,3,49,1.055320016899548,
generic-event,事件附近变化,24.709,0x3DD,3,5,,,3,10,3,49,0.7883731128027724,
generic-event,事件附近变化,24.521,0x2A4,4,1,,,3,10,3,46,0.755225950611724,
generic-event,事件附近变化,24.486,0x3DD,5,4,,,3,10,3,53,0.37134256703803536,
generic-event,事件附近变化,24.461,0x3DD,0,1,,,3,10,3,53,0.18993198471983067,
generic-event,事件附近变化,24.444,0x23E,4,3,,,3,10,6,58,2.595427880727752,
generic-event,事件附近变化,24.333,0x3F2,2,2,,,3,10,3,19,0.1677879617129415,
generic-event,事件附近变化,24.231,0x366,0,3,,,3,10,3,61,0.5039698252210406,
generic-event,事件附近变化,24.231,0x366,0,4,,,3,10,3,61,0.5039698252210406,
generic-event,事件附近变化,24.231,0x366,1,2,,,3,10,3,61,0.5039698252210406,
generic-event,事件附近变化,24.231,0x366,4,0,,,3,10,3,61,0.5039698252210406,
generic-event,事件附近变化,24.231,0x366,4,1,,,3,10,3,61,0.5039698252210406,
generic-event,事件附近变化,24.231,0x366,4,5,,,3,10,3,61,0.5039698252210406,
generic-event,事件附近变化,24.231,0x366,4,6,,,3,10,3,61,0.5039698252210406,
generic-event,事件附近变化,24.231,0x366,5,2,,,3,10,3,61,0.5039698252210406,
generic-event,事件附近变化,24.231,0x366,5,3,,,3,10,3,61,0.5039698252210406,
generic-event,事件附近变化,24.231,0x366,6,0,,,3,10,3,61,0.5039698252210406,
generic-event,事件附近变化,24.231,0x366,6,1,,,3,10,3,61,0.5039698252210406,
generic-event,事件附近变化,24.231,0x366,7,2,,,3,10,3,61,0.5039698252210406,
generic-event,事件附近变化,24.231,0x366,7,3,,,3,10,3,61,0.5039698252210406,
generic-event,事件附近变化,24.231,0x366,7,4,,,3,10,3,61,0.5039698252210406,
generic-event,事件附近变化,24.231,0x366,7,5,,,3,10,3,61,0.5039698252210406,
generic-event,事件附近变化,23.842,0x709,2,4,,,3,10,4,46,0.9359209528581415,
generic-event,事件附近变化,23.808,0x2C2,1,2,EXP_leftWindowExecutionPosition,,3,10,16,70,3.649341823926423,
generic-event,事件附近变化,23.586,0x23E,4,2,,,3,10,15,107,4.007854538099669,
generic-event,事件附近变化,23.147,0x201,5,2,,,3,10,44,368,3.1022376888917176,
generic-event,事件附近变化,22.132,0x213,0,6,,,5,10,5,59,0.0004844492577729268,
generic-event,事件附近变化,22.031,0x23A,6,7,,,2,10,3,3,1.1452211476569554,
generic-event,事件附近变化,22.031,0x23A,7,3,,,2,10,3,3,1.1452211476569554,
generic-event,事件附近变化,21.845,0x3A2,3,4,,,3,10,12,48,4.928960359793294,
generic-event,事件附近变化,21.726,0x3C4,5,2,,,3,10,3,23,0.7196395990742547,
generic-event,事件附近变化,21.208,0x726,0,3,,,5,10,5,12,0.0667255806836782,
generic-event,事件附近变化,21.026,0x70B,1,6,,,3,10,3,23,0.6141816881294346,
generic-event,事件附近变化,21.026,0x70B,5,5,,,3,10,3,23,0.6141816881294346,
generic-event,事件附近变化,20.753,0x545,1,3,EXP_windowMotionFeedback_LEFT,,3,10,22,104,6.1704401509690765,
generic-event,事件附近变化,20.691,0x2C2,3,4,EXP_leftWindowExecutionPosition,,3,10,20,174,5.3352400843524945,
generic-event,事件附近变化,20.590,0x407,0,2,,,5,10,5,59,0.00022719242775241102,
generic-event,事件附近变化,20.452,0x3A1,7,0,,,3,10,18,100,6.980712066858042,
generic-event,事件附近变化,20.327,0x319,2,1,,,2,10,2,10,0.9817687792662528,
generic-event,事件附近变化,20.307,0x319,1,2,,,2,10,2,10,0.9817668858114091,
generic-event,事件附近变化,20.307,0x319,3,5,,,2,10,2,10,0.9817668858114091,
generic-event,事件附近变化,20.307,0x319,3,7,,,2,10,2,10,0.9817668858114091,
generic-event,事件附近变化,20.233,0x3C2,4,0,VCLEFT_switchStatus_EXP,,2,10,8,4,3.0743144762886776,
generic-event,事件附近变化,20.196,0x443,0,2,,,5,10,5,59,0.00017941309273898848,
generic-event,事件附近变化,20.076,0x319,0,4,,,2,10,2,11,0.2380850397692909,
generic-event,事件附近变化,19.909,0x400,0,4,,,2,10,2,10,1.1042635643452932,
generic-event,事件附近变化,19.829,0x23A,5,6,,,2,10,3,3,1.1452109575663227,
generic-event,事件附近变化,19.829,0x23A,6,0,,,2,10,3,3,1.1452109575663227,
generic-event,事件附近变化,19.829,0x23A,6,6,,,2,10,3,3,1.1452109575663227,
generic-event,事件附近变化,19.829,0x23A,7,5,,,2,10,3,3,1.1452109575663227,
generic-event,事件附近变化,19.768,0x3A3,1,4,,,2,10,4,6,1.6447561788807217,
generic-event,事件附近变化,19.768,0x3A3,1,5,,,2,10,4,6,1.6447561788807217,
generic-event,事件附近变化,19.588,0x752,1,4,,,2,10,2,13,0.9762340407488982,
generic-event,事件附近变化,19.408,0x400,0,1,,,2,10,2,12,1.2872233357836587,
generic-event,事件附近变化,19.408,0x400,0,5,,,2,10,2,12,1.2753869627851788,
generic-event,事件附近变化,19.181,0x23A,6,3,,,2,10,2,4,1.0677262982234779,
generic-event,事件附近变化,19.004,0x752,4,3,,,2,10,2,16,0.7442815999482888,
generic-event,事件附近变化,18.996,0x23A,7,6,,,2,10,3,10,0.7461848601262441,
generic-event,事件附近变化,18.996,0x23A,7,7,,,2,10,3,10,0.7461848601262441,
generic-event,事件附近变化,18.834,0x752,6,4,,,2,10,2,17,0.7809870166320885,
generic-event,事件附近变化,18.676,0x2A4,4,3,,,2,10,2,5,1.1607047483561406,
generic-event,事件附近变化,18.567,0x3C9,0,1,,,5,10,5,59,0.00022102717623641744,
generic-event,事件附近变化,18.372,0x752,5,4,,,2,10,2,20,0.8171232989609687,
generic-event,事件附近变化,18.059,0x622,2,1,,,2,10,6,18,1.3500470981130832,
generic-event,事件附近变化,18.047,0x3DB,0,5,,,2,10,4,22,2.48290389713353,
generic-event,事件附近变化,17.997,0x319,0,3,,,2,10,2,23,0.4123869304866192,
generic-event,事件附近变化,17.979,0x319,7,1,,,2,10,2,23,0.6227035661846073,
generic-event,事件附近变化,17.976,0x319,6,4,,,2,10,2,23,0.9839927760214263,
generic-event,事件附近变化,17.976,0x319,6,7,,,2,10,2,23,0.9839927760214263,
generic-event,事件附近变化,17.976,0x319,7,6,,,2,10,2,23,0.9839927760214263,
generic-event,事件附近变化,17.971,0x782,1,1,,,2,10,2,18,0.9683178831813196,
generic-event,事件附近变化,17.971,0x752,2,3,,,2,10,2,23,0.9433260044602958,
generic-event,事件附近变化,17.967,0x319,5,4,,,2,10,2,23,1.0972990415519905,
generic-event,事件附近变化,17.967,0x319,6,6,,,2,10,2,23,1.0972990415519905,
generic-event,事件附近变化,17.954,0x3A1,5,2,,,2,10,4,6,1.7119952777483483,
generic-event,事件附近变化,17.951,0x38B,2,5,,,5,10,5,27,0.00017731190904988833,
generic-event,事件附近变化,17.847,0x752,4,5,,,2,10,2,24,0.9876265136523116,
generic-event,事件附近变化,17.758,0x622,2,0,,,2,10,10,20,1.2611098040147293,
generic-event,事件附近变化,17.645,0x782,0,2,,,2,10,2,8,0.4666001435063397,
generic-event,事件附近变化,17.617,0x752,1,1,,,2,10,2,26,1.0091296703855266,
generic-event,事件附近变化,17.617,0x752,1,2,,,2,10,2,26,1.0261672185323925,
generic-event,事件附近变化,17.490,0x324,0,7,,,2,10,2,26,0.4077352323345693,
generic-event,事件附近变化,17.482,0x739,0,0,,,2,10,2,12,0.6317715132557268,
generic-event,事件附近变化,17.426,0x23E,2,0,,,2,10,3,13,1.6891801337074719,
generic-event,事件附近变化,17.352,0x23E,0,4,,,2,10,2,8,1.5354556447833534,
generic-event,事件附近变化,17.302,0x752,5,3,,,2,10,2,29,1.079521224427475,
generic-event,事件附近变化,17.201,0x3C9,0,3,,,2,10,2,20,0.3383397701079707,
generic-event,事件附近变化,17.194,0x7E8,3,1,,,2,10,2,34,0.7288372333937575,
generic-event,事件附近变化,17.194,0x7E8,4,6,,,2,10,2,34,0.7288372333937575,
generic-event,事件附近变化,17.194,0x7E8,5,4,,,2,10,2,34,0.7288372333937575,
generic-event,事件附近变化,17.194,0x7E8,6,7,,,2,10,2,34,0.7288372333937575,
generic-event,事件附近变化,17.125,0x238,6,6,,,5,10,5,59,0.0003769854227212985,
generic-event,事件附近变化,17.106,0x752,1,0,,,2,10,2,31,0.9916234233315628,
generic-event,事件附近变化,16.931,0x238,7,6,,,5,10,5,59,0.0005410070761573168,
generic-event,事件附近变化,16.927,0x752,2,6,,,2,10,2,33,0.8743274336052199,
generic-event,事件附近变化,16.839,0x752,0,2,,,2,10,2,34,0.2508167517779887,
generic-event,事件附近变化,16.827,0x318,2,3,,,2,10,2,15,0.1763817548019188,
generic-event,事件附近变化,16.802,0x3F2,3,7,,,2,10,3,19,0.866797412248245,
generic-event,事件附近变化,16.754,0x752,3,2,,,2,10,2,35,0.8844377954721747,
generic-event,事件附近变化,16.749,0x20C,1,5,,,2,10,5,24,1.3157439151852373,
generic-event,事件附近变化,16.588,0x622,2,2,,,2,10,8,23,1.7076669751427112,
generic-event,事件附近变化,16.554,0x23A,7,2,,,2,10,2,11,0.6922607111450149,
generic-event,事件附近变化,16.554,0x23A,7,4,,,2,10,2,11,0.6922607111450149,
generic-event,事件附近变化,16.533,0x23A,5,5,,,2,10,3,11,0.9079283556298811,
generic-event,事件附近变化,16.493,0x330,2,3,,,2,10,2,23,0.25012772378762554,
generic-event,事件附近变化,16.493,0x330,2,5,,,2,10,2,23,0.25012772378762554,
generic-event,事件附近变化,16.493,0x330,3,5,,,2,10,2,23,0.25012772378762554,
generic-event,事件附近变化,16.466,0x23E,0,6,,,2,10,2,12,1.379046902745487,
generic-event,事件附近变化,16.397,0x622,2,3,,,2,10,8,26,2.312410960026093,
generic-event,事件附近变化,16.383,0x782,1,5,,,2,10,2,18,1.013587001262795,
generic-event,事件附近变化,16.366,0x752,5,1,,,2,10,2,40,1.0509734387409628,
generic-event,事件附近变化,16.314,0x324,0,3,,,2,10,2,39,0.785845504227239,
generic-event,事件附近变化,16.291,0x752,2,1,,,2,10,2,41,0.8060689090149563,
generic-event,事件附近变化,16.248,0x23E,3,1,,,2,10,4,12,1.409928700363835,
generic-event,事件附近变化,16.244,0x23E,3,6,,,2,10,3,13,1.1275846583918816,
generic-event,事件附近变化,16.227,0x3CC,3,0,,,5,10,5,59,8.966085207164083e-05,
generic-event,事件附近变化,16.161,0x3DD,4,0,,,2,10,2,14,0.95757526500537,
generic-event,事件附近变化,16.112,0x75D,3,7,,,2,10,3,17,1.574738119318409,
generic-event,事件附近变化,16.037,0x23E,3,5,,,2,10,3,14,1.1537128210038519,
generic-event,事件附近变化,15.968,0x400,2,6,,,2,10,2,16,1.786212053348259,
generic-event,事件附近变化,15.954,0x4E2,3,2,,,2,10,4,36,2.019755481662894,
generic-event,事件附近变化,15.954,0x752,1,5,,,2,10,2,46,0.7482016767784723,
generic-event,事件附近变化,15.942,0x284,6,6,,,5,10,5,59,0.0003477786067940154,
generic-event,事件附近变化,15.873,0x72A,0,0,,,2,10,2,14,0.32529749799000995,
generic-event,事件附近变化,15.873,0x72A,1,0,,,2,10,2,14,0.32529749799000995,
generic-event,事件附近变化,15.873,0x72A,1,3,,,2,10,2,14,0.32529749799000995,
generic-event,事件附近变化,15.873,0x72A,1,5,,,2,10,2,14,0.32529749799000995,
generic-event,事件附近变化,15.873,0x72A,2,1,,,2,10,2,14,0.32529749799000995,
generic-event,事件附近变化,15.873,0x72A,2,2,,,2,10,2,14,0.32529749799000995,
generic-event,事件附近变化,15.873,0x72A,2,5,,,2,10,2,14,0.32529749799000995,
generic-event,事件附近变化,15.873,0x72A,2,6,,,2,10,2,14,0.32529749799000995,
generic-event,事件附近变化,15.873,0x72A,3,0,,,2,10,2,14,0.32529749799000995,
generic-event,事件附近变化,15.873,0x72A,3,1,,,2,10,2,14,0.32529749799000995,
generic-event,事件附近变化,15.873,0x72A,4,0,,,2,10,2,14,0.32529749799000995,
generic-event,事件附近变化,15.873,0x72A,5,3,,,2,10,2,14,0.32529749799000995,
generic-event,事件附近变化,15.873,0x72A,5,6,,,2,10,2,14,0.32529749799000995,
generic-event,事件附近变化,15.873,0x72A,6,2,,,2,10,2,14,0.32529749799000995,
generic-event,事件附近变化,15.873,0x72A,6,6,,,2,10,2,14,0.32529749799000995,
generic-event,事件附近变化,15.873,0x72A,7,0,,,2,10,2,14,0.32529749799000995,
generic-event,事件附近变化,15.873,0x72A,7,6,,,2,10,2,14,0.32529749799000995,
generic-event,事件附近变化,15.801,0x3A8,5,2,,,2,10,3,19,1.6979792904786217,
generic-event,事件附近变化,15.735,0x400,1,6,,,2,10,3,35,2.5283525299476417,
generic-event,事件附近变化,15.724,0x23E,0,3,,,2,10,2,14,1.4544322060868153,
generic-event,事件附近变化,15.666,0x23E,3,4,,,2,10,4,12,1.3493513626587008,
generic-event,事件附近变化,15.657,0x726,2,2,,,2,10,3,15,0.9116545408560822,
generic-event,事件附近变化,15.657,0x726,2,5,,,2,10,3,15,0.9116545408560822,
generic-event,事件附近变化,15.657,0x726,2,6,,,2,10,3,15,0.9116545408560822,
generic-event,事件附近变化,15.615,0x2E2,7,0,,,2,10,3,29,1.5145553656756487,
generic-event,事件附近变化,15.567,0x2C4,0,7,,,2,10,4,12,1.32253432791646,
generic-event,事件附近变化,15.559,0x318,2,1,,,5,10,5,59,0.00030367679475609303,
generic-event,事件附近变化,15.553,0x23E,1,4,,,2,10,6,22,1.6528768247799572,
generic-event,事件附近变化,15.543,0x348,4,1,,,5,10,5,59,0.0004218673604986508,
generic-event,事件附近变化,15.521,0x528,3,1,,,5,10,5,59,0.0005533105206579616,
generic-event,事件附近变化,15.521,0x52F,7,7,,,5,10,5,59,0.0005159443877900499,
generic-event,事件附近变化,15.508,0x7F1,0,0,,,5,10,5,59,0.0007691434211849547,
generic-event,事件附近变化,15.508,0x7F1,0,1,,,5,10,5,59,0.0007691434211849547,
generic-event,事件附近变化,15.508,0x7F1,3,0,,,5,10,5,59,0.0007691434211849547,
generic-event,事件附近变化,15.508,0x7F1,3,1,,,5,10,5,59,0.0007691434211849547,
generic-event,事件附近变化,15.508,0x7F1,3,2,,,5,10,5,59,0.0007691434211849547,
generic-event,事件附近变化,15.508,0x7F1,3,3,,,5,10,5,59,0.0007691434211849547,
generic-event,事件附近变化,15.508,0x7F1,5,3,,,5,10,5,59,0.0007691434211849547,
generic-event,事件附近变化,15.504,0x4E2,3,1,,,2,10,4,42,2.2085801334204125,
generic-event,事件附近变化,15.504,0x4E2,3,3,,,2,10,4,42,2.2085801334204125,
generic-event,事件附近变化,15.504,0x4E2,3,4,,,2,10,4,42,2.2085801334204125,
generic-event,事件附近变化,15.504,0x4E2,3,5,,,2,10,4,42,2.2085801334204125,
generic-event,事件附近变化,15.482,0x318,7,7,,,2,10,4,28,3.082605839752227,
generic-event,事件附近变化,15.422,0x52F,6,7,,,5,10,5,61,0.12384504408276703,
generic-event,事件附近变化,15.403,0x782,0,1,,,2,10,2,18,0.6687866178716405,
generic-event,事件附近变化,15.367,0x4E2,4,2,,,2,10,4,44,2.259450519852889,
generic-event,事件附近变化,15.361,0x2A4,5,5,,,2,10,2,17,0.9734570734781757,
generic-event,事件附近变化,15.358,0x364,2,3,,,2,10,2,17,0.9734198800778293,
generic-event,事件附近变化,15.339,0x23E,3,2,,,2,10,4,16,1.3875902259681725,
generic-event,事件附近变化,15.328,0x23E,0,2,,,2,10,2,18,1.3534997707455814,
generic-event,事件附近变化,15.328,0x23E,3,0,,,2,10,5,18,1.585296672307078,
generic-event,事件附近变化,15.028,0x23E,5,2,,,2,10,2,20,1.323884824654483,
generic-event,事件附近变化,15.028,0x23E,5,3,,,2,10,2,20,1.3506081006178379,
generic-event,事件附近变化,15.028,0x23E,5,6,,,2,10,2,20,1.3460213577317623,
generic-event,事件附近变化,15.015,0x23E,5,4,,,2,10,2,18,1.5823069085096455,
generic-event,事件附近变化,15.007,0x3F2,5,7,,,2,10,3,19,0.8667680786280798,
generic-event,事件附近变化,14.854,0x23E,6,3,,,2,10,2,32,1.7856375152342556,
generic-event,事件附近变化,14.786,0x23E,1,6,,,2,10,3,23,1.7860205104317242,
generic-event,事件附近变化,14.755,0x23E,1,2,,,2,10,2,22,1.665533498399712,
generic-event,事件附近变化,14.746,0x53E,1,1,,,2,10,2,23,0.7999776750614621,
generic-event,事件附近变化,14.746,0x53E,1,3,,,2,10,2,23,0.7999776750614621,
generic-event,事件附近变化,14.746,0x53E,1,6,,,2,10,2,23,0.7999776750614621,
generic-event,事件附近变化,14.746,0x53E,2,5,,,2,10,2,23,0.7999776750614621,
generic-event,事件附近变化,14.746,0x53E,2,6,,,2,10,2,23,0.7999776750614621,
generic-event,事件附近变化,14.746,0x53E,2,7,,,2,10,2,23,0.7999776750614621,
generic-event,事件附近变化,14.746,0x53E,3,0,,,2,10,2,23,0.7999776750614621,
generic-event,事件附近变化,14.746,0x53E,3,4,,,2,10,2,23,0.7999776750614621,
generic-event,事件附近变化,14.746,0x53E,3,5,,,2,10,2,23,0.7999776750614621,
generic-event,事件附近变化,14.746,0x53E,3,6,,,2,10,2,23,0.7999776750614621,
generic-event,事件附近变化,14.746,0x53E,4,1,,,2,10,2,23,0.7999776750614621,
generic-event,事件附近变化,14.746,0x53E,4,2,,,2,10,2,23,0.20001136559435634,
generic-event,事件附近变化,14.746,0x53E,5,3,,,2,10,2,23,0.7999776750614621,
generic-event,事件附近变化,14.663,0x7C8,0,3,,,5,10,5,31,0.1434201214667565,
generic-event,事件附近变化,14.663,0x7C8,0,4,,,5,10,5,31,0.1434201214667565,
generic-event,事件附近变化,14.550,0x22B,7,3,,,2,10,4,25,1.41344667176959,
generic-event,事件附近变化,14.550,0x22B,7,4,,,2,10,4,25,1.4157613819105455,
generic-event,事件附近变化,14.550,0x22B,7,5,,,2,10,4,25,1.4186217964016337,
generic-event,事件附近变化,14.550,0x22B,7,6,,,2,10,4,25,1.4174658612046913,
generic-event,事件附近变化,14.550,0x22B,7,7,,,2,10,4,25,1.4185242089587762,
generic-event,事件附近变化,14.440,0x709,6,3,,,2,10,3,45,1.4279535053014325,
generic-event,事件附近变化,14.419,0x3DD,5,0,,,2,10,2,26,0.8002717020736413,
generic-event,事件附近变化,14.419,0x3DD,5,1,,,2,10,2,26,0.8002717020736413,
generic-event,事件附近变化,14.398,0x3DD,6,1,,,2,10,2,26,0.800393124619353,
generic-event,事件附近变化,14.376,0x709,6,5,,,2,10,2,46,1.4279600449820435,
generic-event,事件附近变化,14.306,0x3DD,1,5,,,2,10,2,27,0.7779026443921362,
generic-event,事件附近变化,14.306,0x3DD,3,2,,,2,10,2,27,0.7359555254224672,
generic-event,事件附近变化,14.306,0x3DD,3,3,,,2,10,2,27,0.7359555254224672,
generic-event,事件附近变化,14.283,0x3DD,2,6,,,2,10,2,27,0.7197214798584405,
generic-event,事件附近变化,14.183,0x3DD,1,2,,,2,10,2,28,0.8414324212573232,
generic-event,事件附近变化,14.128,0x313,6,6,,,5,10,5,59,0.0004194646707615282,
generic-event,事件附近变化,14.064,0x23E,0,0,,,2,10,3,25,1.6640559426377275,
generic-event,事件附近变化,14.059,0x23E,4,4,,,2,10,2,28,1.634372012986615,
generic-event,事件附近变化,14.057,0x72A,0,1,,,2,10,2,14,0.3401821904432051,
generic-event,事件附近变化,14.057,0x72A,1,4,,,2,10,2,14,0.3401821904432051,
generic-event,事件附近变化,14.057,0x72A,2,3,,,2,10,2,14,0.3401821904432051,
generic-event,事件附近变化,14.057,0x72A,2,7,,,2,10,2,14,0.3401821904432051,
generic-event,事件附近变化,14.057,0x72A,3,2,,,2,10,2,14,0.3401821904432051,
generic-event,事件附近变化,14.057,0x72A,3,5,,,2,10,2,14,0.3401821904432051,
generic-event,事件附近变化,14.057,0x72A,3,6,,,2,10,2,14,0.3401821904432051,
generic-event,事件附近变化,14.057,0x72A,4,4,,,2,10,2,14,0.3401821904432051,
generic-event,事件附近变化,14.057,0x72A,4,6,,,2,10,2,14,0.3401821904432051,
generic-event,事件附近变化,14.057,0x72A,5,0,,,2,10,2,14,0.3401821904432051,
generic-event,事件附近变化,14.057,0x72A,5,4,,,2,10,2,14,0.3401821904432051,
generic-event,事件附近变化,14.057,0x72A,6,4,,,2,10,2,14,0.3401821904432051,
generic-event,事件附近变化,13.994,0x77A,2,2,,,2,10,6,56,4.933361381616144,
generic-event,事件附近变化,13.992,0x545,5,5,EXP_windowMotionFeedback_LEFT,,2,10,6,16,2.7071456659987874,
generic-event,事件附近变化,13.934,0x313,7,6,,,5,10,5,59,0.0006477169203378781,
generic-event,事件附近变化,13.734,0x366,0,1,,,5,10,5,59,0.00026127002914001914,
generic-event,事件附近变化,13.734,0x366,0,2,,,5,10,5,59,0.00026127002914001914,
generic-event,事件附近变化,13.734,0x366,2,0,,,5,10,5,59,0.00026127002914001914,
generic-event,事件附近变化,13.734,0x366,3,0,,,5,10,5,59,0.00026127002914001914,
generic-event,事件附近变化,13.734,0x366,4,2,,,5,10,5,59,0.00026127002914001914,
generic-event,事件附近变化,13.734,0x366,4,3,,,5,10,5,59,0.00026127002914001914,
generic-event,事件附近变化,13.734,0x366,4,4,,,5,10,5,59,0.00026127002914001914,
generic-event,事件附近变化,13.734,0x366,5,0,,,5,10,5,59,0.00026127002914001914,
generic-event,事件附近变化,13.734,0x366,6,2,,,5,10,5,59,0.00026127002914001914,
generic-event,事件附近变化,13.734,0x366,6,3,,,5,10,5,59,0.00026127002914001914,
generic-event,事件附近变化,13.734,0x366,7,0,,,5,10,5,59,0.00026127002914001914,
generic-event,事件附近变化,13.734,0x366,0,0,,,5,10,5,59,0.00014256946662542265,
generic-event,事件附近变化,13.734,0x366,1,0,,,5,10,5,59,0.00014256946662542265,
generic-event,事件附近变化,13.734,0x366,6,4,,,5,10,5,59,0.00014256946662542265,
generic-event,事件附近变化,13.636,0x3DD,4,4,,,2,10,2,34,1.114523896563077,
generic-event,事件附近变化,13.311,0x2A4,2,6,,,2,10,2,35,1.345584413975797,
generic-event,事件附近变化,13.182,0x788,0,4,,,2,10,3,15,2.6072379325297166,
generic-event,事件附近变化,13.152,0x301,3,4,,,2,10,3,36,1.2218274089498509,
generic-event,事件附近变化,13.141,0x232,2,3,,,2,10,2,49,1.059565580812807,
generic-event,事件附近变化,12.990,0x2C2,2,2,EXP_leftWindowExecutionPosition,,2,10,10,36,3.286842561628853,
generic-event,事件附近变化,12.888,0x293,6,6,,,5,10,5,60,0.0007648198236772391,
generic-event,事件附近变化,12.679,0x2A4,5,4,,,2,10,2,43,1.1823108461776322,
generic-event,事件附近变化,12.677,0x364,2,2,,,2,10,2,43,1.182308003744107,
generic-event,事件附近变化,12.544,0x53E,6,2,,,2,10,2,49,0.825954238331954,
generic-event,事件附近变化,12.544,0x53E,6,6,,,2,10,2,49,0.825954238331954,
generic-event,事件附近变化,12.544,0x53E,7,1,,,2,10,2,49,0.825954238331954,
generic-event,事件附近变化,12.544,0x53E,7,3,,,2,10,2,49,0.825954238331954,
generic-event,事件附近变化,12.544,0x53E,7,6,,,2,10,2,49,0.825954238331954,
generic-event,事件附近变化,12.434,0x788,6,6,,,2,10,4,34,3.8893649039459923,
generic-event,事件附近变化,12.137,0x22B,3,0,,,2,10,3,31,1.4374198550981618,
generic-event,事件附近变化,12.128,0x22B,2,5,,,2,10,3,31,1.4378322546662285,
generic-event,事件附近变化,12.128,0x22B,2,6,,,2,10,3,31,1.437416485658406,
generic-event,事件附近变化,12.128,0x22B,2,7,,,2,10,3,31,1.4373903723044776,
generic-event,事件附近变化,12.035,0x22B,2,2,,,2,10,2,32,1.4366906446572538,
generic-event,事件附近变化,12.035,0x22B,2,3,,,2,10,2,32,1.4374143068911807,
generic-event,事件附近变化,12.035,0x22B,2,4,,,2,10,2,32,1.4374653745133223,
generic-event,事件附近变化,11.738,0x2B4,0,3,,,2,10,2,34,1.5864493146519634,
generic-event,事件附近变化,11.605,0x23E,7,3,,,2,10,8,76,3.064257617396843,
generic-event,事件附近变化,11.126,0x23E,7,2,,,2,10,15,105,3.9716257983240117,
generic-event,事件附近变化,10.623,0x2C2,3,6,EXP_leftWindowExecutionPosition,,2,10,21,149,5.7718003941745515,
generic-event,事件附近变化,10.570,0x709,2,1,,,2,10,3,47,0.9755055035401278,
generic-event,事件附近变化,10.089,0x4E3,3,2,,,2,10,3,95,1.3413492064796868,
generic-event,事件附近变化,9.568,0x379,6,1,,,2,10,3,77,1.7440774666798786,
generic-event,事件附近变化,9.507,0x3A2,2,0,,,2,10,15,105,6.042735178456812,
generic-event,事件附近变化,8.616,0x4E3,3,1,,,2,10,3,91,1.8325613648877614,
generic-event,事件附近变化,8.616,0x4E3,3,3,,,2,10,3,91,1.8325613648877614,
generic-event,事件附近变化,8.616,0x4E3,3,5,,,2,10,3,91,1.8325613648877614,
generic-event,事件附近变化,8.616,0x4E3,3,7,,,2,10,3,91,1.8325613648877614,
generic-event,事件附近变化,8.616,0x4E3,4,0,,,2,10,3,91,1.8325613648877614,
generic-event,事件附近变化,8.616,0x4E3,4,1,,,2,10,3,91,1.8325613648877614,
generic-event,事件附近变化,8.616,0x4E3,4,2,,,2,10,3,91,1.8325613648877614,
generic-event,事件附近变化,8.616,0x4E3,4,3,,,2,10,3,91,1.8325613648877614,
generic-event,事件附近变化,5.538,0x321,6,7,,,4,10,4,11,3.2876725602970885e-05,
generic-event,事件附近变化,5.161,0x348,4,2,,,4,10,4,28,0.00011819974115949463,
generic-event,事件附近变化,5.141,0x52F,6,0,,,4,10,4,28,0.0003447185509798841,
generic-event,事件附近变化,5.141,0x528,3,2,,,4,10,4,28,0.0001733855427191105,
generic-event,事件附近变化,4.448,0x38B,4,5,,,4,10,4,28,0.00017497058842803456,
generic-event,事件附近变化,4.093,0x39B,6,7,,,4,10,4,29,0.00017965857780307266,
generic-event,事件附近变化,4.091,0x3E9,6,7,,,4,10,4,29,0.00033822404275826327,
generic-event,事件附近变化,2.957,0x623,0,3,,,4,10,56,356,0.089965096657899,
generic-event,事件附近变化,0.944,0x142,3,0,,,4,10,120,793,0.0045225966136043,
generic-event,事件附近变化,0.894,0x32A,0,1,,,4,10,4,20,0.0001478962662126291,
generic-event,事件附近变化,0.894,0x32A,4,1,,,4,10,4,20,0.0001478962662126291,
generic-event,事件附近变化,0.573,0x2C2,7,0,EXP_leftWindowExecutionPosition,,4,10,55,366,0.12044976419653183,
generic-event,事件附近变化,0.012,0x2C2,7,4,EXP_leftWindowExecutionPosition,,4,10,53,366,0.11706330281675494,
generic-event,事件附近变化,-0.227,0x2C2,6,7,EXP_leftWindowExecutionPosition,,4,10,51,366,0.10569063217641043,
window,瞬时请求候选,-1.400,0x23A,0,4,,,0,10,,7,,0.9464285714285714
generic-event,事件附近变化,-3.554,0x3C4,3,3,,,3,10,3,21,0.00013069166172866608,
generic-event,事件附近变化,-3.554,0x3C4,3,6,,,3,10,3,21,0.00013069166172866608,
generic-event,事件附近变化,-3.836,0x7E8,0,3,,,3,10,3,34,0.14287917561384988,
generic-event,事件附近变化,-3.836,0x7E8,0,4,,,3,10,3,34,0.14287917561384988,
generic-event,事件附近变化,-3.836,0x7E8,2,0,,,3,10,3,34,0.14287917561384988,
generic-event,事件附近变化,-3.876,0x330,2,4,,,3,10,3,22,8.821698703428504e-05,
generic-event,事件附近变化,-4.028,0x310,0,3,,,3,10,3,22,9.451161490284748e-05,
generic-event,事件附近变化,-4.028,0x310,0,4,,,3,10,3,22,9.451161490284748e-05,
generic-event,事件附近变化,-4.239,0x324,1,4,,,3,10,3,28,0.0732216702213498,
generic-event,事件附近变化,-4.485,0x407,0,3,,,3,10,3,29,0.00013033993163318757,
generic-event,事件附近变化,-4.726,0x443,0,3,,,3,10,3,29,9.411059091078026e-05,
generic-event,事件附近变化,-5.204,0x321,7,7,,,3,10,3,13,3.7691681425352494e-05,
generic-event,事件附近变化,-5.886,0x3B2,0,4,,,3,10,3,22,0.08944662773170824,
generic-event,事件附近变化,-6.610,0x238,7,7,,,3,10,3,29,0.0002212116379847558,
generic-event,事件附近变化,-7.056,0x302,4,6,,,3,10,3,17,0.07714907335060833,
generic-event,事件附近变化,-7.203,0x284,6,7,,,3,10,3,29,0.0002347414046570442,
generic-event,事件附近变化,-7.397,0x32A,4,2,,,3,10,3,9,9.909435845855194e-05,
generic-event,事件附近变化,-7.564,0x301,6,7,,,3,10,3,17,0.07650055056265474,
generic-event,事件附近变化,-7.855,0x53E,1,2,,,3,10,3,21,0.00010774853605446302,
generic-event,事件附近变化,-7.855,0x53E,5,5,,,3,10,3,21,0.00010774853605446302,
generic-event,事件附近变化,-7.875,0x52F,6,3,,,3,10,3,33,0.13855857138700037,
generic-event,事件附近变化,-8.158,0x303,6,7,,,3,10,3,17,0.07651250535977268,
generic-event,事件附近变化,-8.407,0x313,7,7,,,3,10,3,29,0.0002982628753282135,
generic-event,事件附近变化,-9.114,0x303,6,0,,,3,10,3,17,0.07712793051205691,
generic-event,事件附近变化,-9.114,0x303,7,0,,,3,10,3,17,0.07712793051205691,
generic-event,事件附近变化,-9.490,0x213,1,7,,,3,10,3,29,0.00018378288939239077,
generic-event,事件附近变化,-9.898,0x334,6,7,,,3,10,3,29,0.00031242673653423267,
generic-event,事件附近变化,-15.995,0x752,0,3,,,2,10,2,16,0.1438820730825779,
generic-event,事件附近变化,-17.065,0x52F,5,3,,,2,10,2,10,0.04152342747761249,
generic-event,事件附近变化,-17.255,0x38B,4,6,,,2,10,2,14,9.463841976141214e-05,
generic-event,事件附近变化,-17.849,0x38B,2,6,,,2,10,2,14,6.872425525634022e-05,
generic-event,事件附近变化,-17.991,0x348,4,3,,,2,10,2,14,9.018510437007555e-05,
generic-event,事件附近变化,-18.000,0x528,3,3,,,2,10,2,14,9.192262655182299e-05,
generic-event,事件附近变化,-18.793,0x32A,4,3,,,2,10,2,4,4.317380724689348e-05,
generic-event,事件附近变化,-19.278,0x52F,5,2,,,2,10,2,22,0.09061107830874289,
generic-event,事件附近变化,-20.607,0x3DD,0,2,,,2,10,2,26,0.11149958044471968,
generic-event,事件附近变化,-21.279,0x293,6,7,,,2,10,2,30,0.00029444737273311025,
generic-event,事件附近变化,-22.163,0x52F,5,5,,,2,10,2,59,0.1427985635281719,
