rank,score,category,can_id,dlc,byte,bit_in_byte,closed_value,open_value,stable_purity,action_hits,unrelated_transitions,median_delay_s
1,72.400,瞬时请求候选,0x3BD,8,0,3,0,0,0.7857,10,38,1.824000
2,71.800,瞬时请求候选,0x3BD,8,0,1,不一致,不一致,0.5893,10,41,0.825550
3,71.800,瞬时请求候选,0x70B,8,0,1,不一致,不一致,0.5893,10,41,0.952400
4,71.800,瞬时请求候选,0x737,7,0,1,不一致,不一致,0.5893,10,41,0.325700
5,71.600,瞬时请求候选,0x3BD,8,1,1,0,0,0.7500,10,42,1.824000
6,70.400,瞬时请求候选,0x23A,8,0,1,1,1,0.5000,10,48,0.276050
7,69.200,瞬时请求候选,0x3DB,8,0,3,0,0,0.6250,10,54,0.816150
8,68.600,瞬时请求候选,0x70B,8,3,1,0,不一致,0.6429,10,57,0.952400
9,68.400,瞬时请求候选,0x726,3,0,1,不一致,1,0.5179,10,58,1.695200
10,68.200,瞬时请求候选,0x70B,8,1,2,不一致,不一致,0.5893,10,59,-0.046500
11,68.200,瞬时请求候选,0x70B,8,1,7,0,0,0.7321,10,59,0.455700
12,68.000,瞬时请求候选,0x52F,8,6,2,不一致,1,0.5893,10,60,0.857050
13,67.600,瞬时请求候选,0x7C8,8,0,1,1,1,0.5536,10,62,0.523100
14,67.600,瞬时请求候选,0x7E8,8,0,1,1,1,0.5357,10,62,0.514600
15,67.400,瞬时请求候选,0x319,8,0,1,1,不一致,0.5357,10,63,1.056650
16,67.400,瞬时请求候选,0x330,8,0,1,1,1,0.5204,10,63,0.871100
17,66.600,瞬时请求候选,0x301,8,0,1,不一致,不一致,0.5714,10,67,0.526450
18,66.600,瞬时请求候选,0x302,8,0,1,不一致,不一致,0.5714,10,67,0.553800
19,66.600,瞬时请求候选,0x303,8,0,1,不一致,不一致,0.5714,10,67,0.622250
20,66.600,瞬时请求候选,0x330,8,4,0,不一致,不一致,0.5442,10,67,0.871500
21,66.600,瞬时请求候选,0x330,8,5,0,不一致,0,0.6156,10,67,0.871650
22,66.000,瞬时请求候选,0x3F2,8,2,7,1,1,0.5536,10,70,0.723500
23,65.800,瞬时请求候选,0x300,8,0,2,0,0,0.6607,10,71,0.722900
24,65.800,瞬时请求候选,0x300,8,1,0,1,不一致,0.5536,10,71,0.722900
25,65.800,瞬时请求候选,0x300,8,4,7,0,0,0.6607,10,71,0.722900
26,65.800,瞬时请求候选,0x300,8,5,0,0,0,0.6607,10,71,0.722900
27,65.800,瞬时请求候选,0x300,8,7,2,0,0,0.6607,10,71,0.722900
28,65.800,瞬时请求候选,0x300,8,7,5,0,0,0.6607,10,71,0.722900
29,65.800,瞬时请求候选,0x3C9,8,1,3,0,0,0.6607,10,71,0.209550
30,65.800,瞬时请求候选,0x3C9,8,1,4,0,0,0.6607,10,71,0.209550
31,65.800,瞬时请求候选,0x3C9,8,3,0,0,0,0.6607,10,71,0.209550
32,65.800,瞬时请求候选,0x3C9,8,5,0,0,0,0.6607,10,71,0.209550
33,65.800,瞬时请求候选,0x3F2,8,2,3,1,1,0.5714,10,71,0.724100
34,65.600,瞬时请求候选,0x300,8,0,1,1,不一致,0.5357,10,72,0.723150
35,65.600,瞬时请求候选,0x300,8,2,2,1,不一致,0.5357,10,72,0.723150
36,65.600,瞬时请求候选,0x300,8,4,5,不一致,1,0.5536,10,72,0.723350
37,65.600,瞬时请求候选,0x300,8,7,6,不一致,1,0.5536,10,72,0.723350
38,65.600,瞬时请求候选,0x3C9,8,1,7,1,1,0.6786,10,72,0.210850
39,65.600,瞬时请求候选,0x3C9,8,3,2,1,1,0.6786,10,72,0.210850
40,65.600,瞬时请求候选,0x3C9,8,4,0,1,1,0.6786,10,72,0.210850
41,65.600,瞬时请求候选,0x3DD,8,1,3,0,0,0.6786,10,72,0.465150
42,65.600,瞬时请求候选,0x3DD,8,1,7,不一致,不一致,0.5714,10,72,0.465150
43,65.600,瞬时请求候选,0x3DD,8,5,6,不一致,不一致,0.5536,10,72,0.466700
44,65.600,瞬时请求候选,0x3F2,8,1,5,1,1,0.5714,10,72,0.724300
45,65.400,瞬时请求候选,0x300,8,4,0,不一致,1,0.5357,10,73,0.723350
46,65.400,瞬时请求候选,0x300,8,6,1,1,1,0.6607,10,73,0.723500
47,65.400,瞬时请求候选,0x3C9,8,1,0,0,0,0.6607,10,73,0.211400
48,65.400,瞬时请求候选,0x3C9,8,2,0,0,0,0.6607,10,73,0.211400
49,65.400,瞬时请求候选,0x3C9,8,2,1,0,0,0.6607,10,73,0.211400
50,65.400,瞬时请求候选,0x3C9,8,2,4,0,0,0.6607,10,73,0.211400
51,65.400,瞬时请求候选,0x3C9,8,2,5,0,0,0.6607,10,73,0.211400
52,65.400,瞬时请求候选,0x3C9,8,2,6,0,0,0.6607,10,73,0.211400
53,65.400,瞬时请求候选,0x3C9,8,2,7,0,0,0.6607,10,73,0.211400
54,65.400,瞬时请求候选,0x3C9,8,3,1,0,0,0.6607,10,73,0.211400
55,65.400,瞬时请求候选,0x3C9,8,3,3,0,0,0.6607,10,73,0.211400
56,65.400,瞬时请求候选,0x3C9,8,3,4,0,0,0.6607,10,73,0.211400
57,65.400,瞬时请求候选,0x3C9,8,3,6,0,0,0.6607,10,73,0.211400
58,65.400,瞬时请求候选,0x3C9,8,3,7,0,0,0.6607,10,73,0.211400
59,65.400,瞬时请求候选,0x3C9,8,4,5,0,0,0.6607,10,73,0.211400
60,65.400,瞬时请求候选,0x3C9,8,4,6,0,0,0.6607,10,73,0.211400
61,65.200,瞬时请求候选,0x3DD,8,1,0,0,不一致,0.6071,10,74,0.963300
62,65.200,瞬时请求候选,0x3F2,8,1,3,1,1,0.5179,10,74,0.724300
63,65.000,瞬时请求候选,0x709,8,4,2,0,0,0.8545,9,35,0.485800
64,64.800,瞬时请求候选,0x3C4,8,3,2,0,0,0.7359,9,36,0.894700
65,64.600,瞬时请求候选,0x3BD,8,0,2,0,0,0.8214,9,37,0.823900
66,64.600,瞬时请求候选,0x3BD,8,4,6,0,0,0.8214,9,37,0.823900
67,64.600,瞬时请求候选,0x3BD,8,5,2,0,0,0.8214,9,37,0.823900
68,64.600,瞬时请求候选,0x70B,8,1,0,不一致,不一致,0.6429,9,37,-0.047000
69,64.600,瞬时请求候选,0x70B,8,1,3,不一致,不一致,0.6429,9,37,-0.047000
70,64.600,瞬时请求候选,0x70B,8,1,4,0,0,0.7500,9,37,-0.046000
71,64.400,瞬时请求候选,0x3BD,8,1,2,1,1,0.5893,10,78,-0.173550
72,64.400,瞬时请求候选,0x3C4,8,1,4,0,0,0.8461,9,38,0.394800
73,64.200,瞬时请求候选,0x295,8,7,3,0,0,0.6786,9,39,1.779400
74,64.200,瞬时请求候选,0x359,8,2,5,0,0,0.9625,10,79,0.893600
75,64.200,瞬时请求候选,0x359,8,3,2,0,0,0.9232,10,79,0.693000
76,64.200,瞬时请求候选,0x359,8,3,5,0,0,0.9232,10,79,0.693000
77,64.200,瞬时请求候选,0x70B,8,1,1,0,0,0.7143,9,39,-0.047000
78,64.200,瞬时请求候选,0x70B,8,5,2,0,0,0.8393,9,39,0.953100
79,64.200,瞬时请求候选,0x70B,8,7,0,0,0,0.7500,9,39,0.953100
80,64.200,瞬时请求候选,0x70B,8,7,1,0,0,0.7500,9,39,0.953100
81,64.000,瞬时请求候选,0x359,8,2,1,0,0,0.9250,10,80,0.792850
82,64.000,瞬时请求候选,0x52F,8,5,0,1,1,0.5179,10,80,0.361350
83,63.800,瞬时请求候选,0x310,8,1,1,0,0,0.6857,9,41,0.134900
84,63.800,瞬时请求候选,0x310,8,4,4,0,0,0.6857,9,41,0.134900
85,63.800,瞬时请求候选,0x310,8,7,1,0,0,0.6857,9,41,0.134900
86,63.800,瞬时请求候选,0x3C4,8,7,0,0,0,0.7895,9,41,0.394800
87,63.600,瞬时请求候选,0x310,8,0,2,0,0,0.6857,9,42,0.134900
88,63.600,瞬时请求候选,0x310,8,5,0,0,0,0.6857,9,42,0.134900
89,63.600,瞬时请求候选,0x310,8,5,4,0,0,0.6857,9,42,0.134900
90,63.600,瞬时请求候选,0x310,8,7,5,0,0,0.6857,9,42,0.134900
91,63.600,瞬时请求候选,0x330,8,7,0,0,0,0.7755,9,42,0.871500
92,63.600,瞬时请求候选,0x330,8,7,2,0,0,0.7755,9,42,0.871500
93,63.600,瞬时请求候选,0x3BD,8,0,0,0,0,0.6250,10,82,-0.174450
94,63.200,瞬时请求候选,0x359,8,0,4,0,0,0.8107,10,84,0.394850
95,63.200,瞬时请求候选,0x359,8,0,5,0,0,0.8500,10,84,0.495700
96,63.200,瞬时请求候选,0x359,8,0,6,0,0,0.7643,10,84,0.494350
97,62.800,瞬时请求候选,0x3B2,8,0,2,不一致,不一致,0.5590,10,86,0.270100
98,62.800,瞬时请求候选,0x3DD,8,0,6,0,0,0.7857,9,46,0.465000
99,62.400,瞬时请求候选,0x737,7,0,0,0,0,0.6250,10,88,0.325700
100,62.200,瞬时请求候选,0x2E2,8,6,6,0,0,0.9214,10,89,0.725800
101,62.200,瞬时请求候选,0x319,8,0,2,不一致,不一致,0.5714,9,49,0.063500
102,62.000,瞬时请求候选,0x3F2,8,1,7,1,1,0.5893,10,90,0.723500
103,62.000,瞬时请求候选,0x3F2,8,3,5,不一致,不一致,0.5893,10,90,0.723750
104,62.000,瞬时请求候选,0x3F2,8,6,3,不一致,0,0.6429,9,50,0.723400
105,61.800,瞬时请求候选,0x366,8,5,4,0,0,0.7500,9,51,0.449200
106,61.800,瞬时请求候选,0x366,8,5,6,0,0,0.7500,9,51,0.449200
107,61.800,瞬时请求候选,0x366,8,5,7,0,0,0.7500,9,51,0.449200
108,61.800,瞬时请求候选,0x366,8,6,6,0,0,0.7500,9,51,0.449200
109,61.800,瞬时请求候选,0x366,8,7,1,0,0,0.7500,9,51,0.449200
110,61.800,瞬时请求候选,0x3DB,8,1,2,0,0,0.8750,9,51,0.567600
111,61.800,瞬时请求候选,0x3DB,8,1,5,0,0,0.7500,9,51,0.567600
112,61.800,瞬时请求候选,0x3DB,8,2,2,0,0,0.7500,9,51,0.567600
113,61.800,瞬时请求候选,0x3DB,8,2,5,0,0,0.8750,9,51,0.567600
114,61.800,瞬时请求候选,0x3DB,8,3,0,0,0,0.8750,9,51,0.567600
115,61.800,瞬时请求候选,0x3DB,8,3,1,0,0,0.8750,9,51,0.567600
116,61.800,瞬时请求候选,0x3DB,8,3,5,0,0,0.8750,9,51,0.567600
117,61.800,瞬时请求候选,0x3DB,8,4,3,0,0,0.8750,9,51,0.567600
118,61.600,瞬时请求候选,0x3F2,8,6,6,不一致,1,0.5536,9,52,0.724300
119,61.600,瞬时请求候选,0x7C8,8,3,4,不一致,0,0.5714,10,92,0.519100
120,61.600,瞬时请求候选,0x7E8,8,2,3,0,不一致,0.5893,10,92,0.014900
121,61.600,瞬时请求候选,0x7E8,8,4,2,1,1,0.5714,10,92,0.014900
122,61.600,瞬时请求候选,0x7E8,8,4,5,1,1,0.5714,10,92,0.014900
123,61.600,瞬时请求候选,0x7E8,8,5,0,不一致,不一致,0.5714,10,92,0.016950
124,61.400,瞬时请求候选,0x7C8,8,1,2,1,1,0.5536,10,93,0.520350
125,61.400,瞬时请求候选,0x7C8,8,2,3,不一致,不一致,0.5536,10,93,0.519100
126,61.400,瞬时请求候选,0x7E8,8,1,2,1,1,0.5893,10,93,0.016350
127,61.400,瞬时请求候选,0x7E8,8,3,6,不一致,1,0.5536,10,93,0.016350
128,61.400,瞬时请求候选,0x7E8,8,3,7,不一致,1,0.5536,10,93,0.016350
129,61.000,瞬时请求候选,0x3F2,8,1,1,不一致,不一致,0.6071,9,55,0.724300
130,60.800,瞬时请求候选,0x3DD,8,0,0,不一致,不一致,0.5714,10,96,0.464200
131,60.800,瞬时请求候选,0x52F,8,6,1,不一致,不一致,0.5536,10,96,0.359350
132,60.600,瞬时请求候选,0x752,8,5,0,0,0,0.7500,9,57,0.062500
133,60.400,瞬时请求候选,0x709,8,2,2,0,0,0.8774,9,58,0.821300
134,60.400,瞬时请求候选,0x709,8,6,1,0,0,0.8495,9,58,0.485800
135,60.400,瞬时请求候选,0x70B,8,5,4,0,0,0.7143,9,58,-0.047000
136,60.200,瞬时请求候选,0x332,6,3,0,不一致,1,0.5357,10,99,0.722500
137,60.200,瞬时请求候选,0x332,6,3,1,1,1,0.5357,10,99,0.722500
138,60.200,瞬时请求候选,0x352,8,6,0,不一致,1,0.6429,10,99,0.068800
139,60.200,瞬时请求候选,0x726,3,0,0,不一致,不一致,0.5357,10,99,0.695150
140,60.000,瞬时请求候选,0x129,8,0,0,1,1,0.5194,10,5518,-0.248600
141,60.000,瞬时请求候选,0x129,8,0,1,1,1,0.5624,10,6670,-0.248450
142,60.000,瞬时请求候选,0x129,8,0,2,0,0,0.5449,10,5889,-0.248200
143,60.000,瞬时请求候选,0x129,8,0,3,不一致,不一致,0.5140,10,5158,-0.248350
144,60.000,瞬时请求候选,0x129,8,0,4,1,1,0.5001,10,8003,-0.248450
145,60.000,瞬时请求候选,0x129,8,0,5,0,0,0.6092,10,5137,-0.239450
146,60.000,瞬时请求候选,0x129,8,0,6,0,0,0.5363,10,5886,-0.248450
147,60.000,瞬时请求候选,0x129,8,0,7,不一致,不一致,0.5088,10,5358,-0.239750
148,60.000,瞬时请求候选,0x129,8,4,0,0,0,0.6355,10,4956,-0.229050
149,60.000,瞬时请求候选,0x129,8,4,1,0,0,0.8139,10,3197,-0.219000
150,60.000,瞬时请求候选,0x129,8,4,2,0,0,0.8139,10,3197,-0.219000
151,60.000,瞬时请求候选,0x129,8,4,3,0,0,0.8139,10,3197,-0.219000
152,60.000,瞬时请求候选,0x129,8,4,4,0,0,0.8139,10,3197,-0.219000
153,60.000,瞬时请求候选,0x129,8,4,5,0,0,0.8139,10,3197,-0.219000
154,60.000,瞬时请求候选,0x129,8,4,6,0,0,0.8139,10,3197,-0.219000
155,60.000,瞬时请求候选,0x129,8,4,7,0,0,0.8139,10,3197,-0.219000
156,60.000,瞬时请求候选,0x129,8,5,0,0,0,0.8139,10,3197,-0.219000
157,60.000,瞬时请求候选,0x129,8,5,1,0,0,0.8139,10,3197,-0.219000
158,60.000,瞬时请求候选,0x129,8,5,2,0,0,0.8139,10,3197,-0.219000
159,60.000,瞬时请求候选,0x129,8,5,3,0,0,0.8139,10,3197,-0.219000
160,60.000,瞬时请求候选,0x129,8,5,4,0,0,0.8139,10,3197,-0.219000
161,60.000,瞬时请求候选,0x129,8,5,5,1,1,0.8139,10,3197,-0.219000
162,60.000,瞬时请求候选,0x132,6,0,0,不一致,0,0.5198,10,5289,-0.248100
163,60.000,瞬时请求候选,0x132,6,0,1,不一致,不一致,0.5141,10,5258,-0.239600
164,60.000,瞬时请求候选,0x132,6,0,2,不一致,不一致,0.5141,10,5311,-0.248800
165,60.000,瞬时请求候选,0x132,6,0,3,不一致,不一致,0.5148,10,5349,-0.248150
166,60.000,瞬时请求候选,0x132,6,0,4,1,不一致,0.5763,10,4739,-0.248100
167,60.000,瞬时请求候选,0x132,6,0,5,0,0,0.7613,10,2962,-0.223000
168,60.000,瞬时请求候选,0x132,6,2,0,1,1,0.6705,10,4337,-0.233750
169,60.000,瞬时请求候选,0x132,6,2,1,1,1,0.6775,10,4159,-0.233750
170,60.000,瞬时请求候选,0x132,6,2,2,1,1,0.6775,10,4158,-0.233750
171,60.000,瞬时请求候选,0x132,6,2,3,0,0,0.6775,10,4038,-0.233750
172,60.000,瞬时请求候选,0x132,6,4,0,1,1,0.6557,10,4840,-0.248500
173,60.000,瞬时请求候选,0x132,6,4,1,0,0,0.6393,10,5049,-0.248100
174,60.000,瞬时请求候选,0x132,6,4,2,1,1,0.6295,10,4885,-0.248450
175,60.000,瞬时请求候选,0x132,6,4,3,0,0,0.6377,10,4795,-0.248450
176,60.000,瞬时请求候选,0x201,8,0,3,0,0,0.7499,10,2130,-0.246650
177,60.000,瞬时请求候选,0x201,8,0,4,0,0,0.8883,10,956,-0.236950
178,60.000,瞬时请求候选,0x201,8,0,5,0,0,0.8883,10,956,-0.236950
179,60.000,瞬时请求候选,0x201,8,0,6,0,0,0.8615,10,1174,-0.150800
180,60.000,瞬时请求候选,0x201,8,0,7,1,1,0.7499,10,2131,-0.224350
181,60.000,瞬时请求候选,0x201,8,1,0,0,0,0.7499,10,2130,-0.246650
182,60.000,瞬时请求候选,0x201,8,1,2,0,0,0.7499,10,2131,-0.224350
183,60.000,瞬时请求候选,0x201,8,2,3,0,0,0.7499,10,2131,-0.224350
184,60.000,瞬时请求候选,0x201,8,2,4,0,0,0.7499,10,2131,-0.224350
185,60.000,瞬时请求候选,0x201,8,3,0,0,0,0.7499,10,2131,-0.224350
186,60.000,瞬时请求候选,0x201,8,3,7,0,0,0.7499,10,2130,-0.246650
187,60.000,瞬时请求候选,0x201,8,4,0,0,0,0.7499,10,2131,-0.224350
188,60.000,瞬时请求候选,0x201,8,4,1,0,0,0.7499,10,2130,-0.246650
189,60.000,瞬时请求候选,0x201,8,4,5,0,0,0.7499,10,2130,-0.246650
190,60.000,瞬时请求候选,0x201,8,5,0,0,0,0.7499,10,2130,-0.246650
191,60.000,瞬时请求候选,0x201,8,5,1,0,0,0.7499,10,2130,-0.246650
192,60.000,瞬时请求候选,0x201,8,5,3,0,0,0.7820,10,1780,-0.246650
193,60.000,瞬时请求候选,0x201,8,5,4,0,0,0.7499,10,2130,-0.246650
194,60.000,瞬时请求候选,0x201,8,5,7,0,0,0.7499,10,2130,-0.246650
195,60.000,瞬时请求候选,0x201,8,6,0,0,0,0.7499,10,2130,-0.246650
196,60.000,瞬时请求候选,0x201,8,6,5,0,0,0.7499,10,2138,-0.246650
197,60.000,瞬时请求候选,0x201,8,6,6,0,0,0.7499,10,2130,-0.246650
198,60.000,瞬时请求候选,0x201,8,6,7,1,1,0.7499,10,2130,-0.246650
199,60.000,瞬时请求候选,0x201,8,7,0,1,1,0.7499,10,2131,-0.224350
200,60.000,瞬时请求候选,0x201,8,7,6,0,0,0.7499,10,2131,-0.224350
201,60.000,瞬时请求候选,0x201,8,7,7,0,0,0.7499,10,2131,-0.224350
202,60.000,瞬时请求候选,0x219,7,0,1,0,0,0.6679,10,357,-0.083650
203,60.000,瞬时请求候选,0x219,7,0,2,0,0,0.6661,10,356,-0.083050
204,60.000,瞬时请求候选,0x219,7,1,2,0,0,0.8339,10,355,-0.084700
205,60.000,瞬时请求候选,0x219,7,1,4,0,0,0.8339,10,355,-0.084700
206,60.000,瞬时请求候选,0x219,7,1,5,0,0,0.8339,10,355,-0.084700
207,60.000,瞬时请求候选,0x219,7,1,6,0,0,0.8339,10,355,-0.084700
208,60.000,瞬时请求候选,0x219,7,1,7,1,1,0.6661,10,356,-0.083050
209,60.000,瞬时请求候选,0x219,7,2,0,1,1,0.8339,10,355,-0.084700
210,60.000,瞬时请求候选,0x219,7,2,1,1,1,0.8339,10,355,-0.084700
211,60.000,瞬时请求候选,0x219,7,2,3,1,1,0.8339,10,355,-0.084700
212,60.000,瞬时请求候选,0x219,7,2,4,1,1,0.8321,10,357,0.014950
213,60.000,瞬时请求候选,0x219,7,2,7,1,1,0.6661,10,356,-0.083050
214,60.000,瞬时请求候选,0x219,7,3,0,1,1,0.8339,10,355,-0.084700
215,60.000,瞬时请求候选,0x219,7,3,1,1,1,0.8339,10,355,-0.084700
216,60.000,瞬时请求候选,0x219,7,3,2,1,1,0.8339,10,355,-0.084700
217,60.000,瞬时请求候选,0x219,7,3,3,1,1,0.8339,10,355,-0.084700
218,60.000,瞬时请求候选,0x219,7,3,4,1,1,0.6661,10,356,-0.083050
219,60.000,瞬时请求候选,0x219,7,3,5,1,1,0.8339,10,355,-0.084700
220,60.000,瞬时请求候选,0x219,7,3,6,1,1,0.8339,10,355,-0.084700
221,60.000,瞬时请求候选,0x219,7,3,7,1,1,0.6661,10,356,-0.083050
222,60.000,瞬时请求候选,0x219,7,4,0,1,1,0.8339,10,355,-0.084700
223,60.000,瞬时请求候选,0x219,7,4,1,1,1,0.8339,10,355,-0.084700
224,60.000,瞬时请求候选,0x219,7,4,2,1,1,0.8339,10,355,-0.084700
225,60.000,瞬时请求候选,0x219,7,4,3,1,1,0.8339,10,355,-0.084700
226,60.000,瞬时请求候选,0x219,7,4,4,1,1,0.6661,10,356,-0.083050
227,60.000,瞬时请求候选,0x219,7,4,5,1,1,0.8339,10,355,-0.084700
228,60.000,瞬时请求候选,0x219,7,4,6,1,1,0.8339,10,355,-0.084700
229,60.000,瞬时请求候选,0x219,7,4,7,1,1,0.6661,10,356,-0.083050
230,60.000,瞬时请求候选,0x219,7,5,1,1,1,0.5000,10,714,-0.086400
231,60.000,瞬时请求候选,0x219,7,5,2,0,0,0.8321,10,357,0.014950
232,60.000,瞬时请求候选,0x219,7,5,3,1,1,0.8339,10,355,-0.084700
233,60.000,瞬时请求候选,0x219,7,5,4,1,1,0.6661,10,356,-0.083050
234,60.000,瞬时请求候选,0x219,7,5,5,1,1,0.8339,10,355,-0.084700
235,60.000,瞬时请求候选,0x219,7,5,6,1,1,0.8339,10,355,-0.084700
236,60.000,瞬时请求候选,0x219,7,5,7,1,1,0.6661,10,356,-0.083050
237,60.000,瞬时请求候选,0x219,7,6,0,1,1,0.6661,10,356,-0.083050
238,60.000,瞬时请求候选,0x219,7,6,1,1,1,0.6661,10,356,-0.083050
239,60.000,瞬时请求候选,0x219,7,6,2,1,1,0.6661,10,356,-0.083050
240,60.000,瞬时请求候选,0x219,7,6,3,1,1,0.6661,10,356,-0.083050
241,60.000,瞬时请求候选,0x229,3,0,0,1,1,0.6250,10,398,-0.178500
242,60.000,瞬时请求候选,0x229,3,0,1,0,0,0.6250,10,663,-0.178600
243,60.000,瞬时请求候选,0x229,3,0,2,1,1,0.5625,10,661,-0.228300
244,60.000,瞬时请求候选,0x229,3,0,3,1,1,0.5000,10,528,-0.227550
245,60.000,瞬时请求候选,0x229,3,0,4,0,0,0.6250,10,528,-0.228600
246,60.000,瞬时请求候选,0x229,3,0,5,0,0,0.5625,10,531,-0.178800
247,60.000,瞬时请求候选,0x229,3,0,6,1,1,0.6875,10,400,-0.078650
248,60.000,瞬时请求候选,0x229,3,0,7,0,0,0.6875,10,266,0.071100
249,60.000,瞬时请求候选,0x234,8,0,0,0,0,0.6312,10,1094,-0.206850
250,60.000,瞬时请求候选,0x234,8,0,1,不一致,不一致,0.5384,10,1935,-0.208200
251,60.000,瞬时请求候选,0x234,8,0,2,不一致,不一致,0.5339,10,1896,-0.209250
252,60.000,瞬时请求候选,0x234,8,0,3,1,1,0.5000,10,2061,-0.209250
253,60.000,瞬时请求候选,0x234,8,0,4,1,1,0.5000,10,2057,-0.209250
254,60.000,瞬时请求候选,0x234,8,0,5,1,1,0.5000,10,2057,-0.209250
255,60.000,瞬时请求候选,0x234,8,1,4,不一致,不一致,0.6634,10,1409,-0.205900
256,60.000,瞬时请求候选,0x234,8,1,6,1,1,0.5545,10,1807,-0.209250
257,60.000,瞬时请求候选,0x234,8,2,1,1,1,0.5170,10,2050,-0.209250
258,60.000,瞬时请求候选,0x234,8,3,0,0,0,0.8688,10,538,0.242350
259,60.000,瞬时请求候选,0x234,8,4,2,0,0,0.8688,10,536,0.242350
260,60.000,瞬时请求候选,0x234,8,7,0,不一致,不一致,0.5973,10,1034,-0.160700
261,60.000,瞬时请求候选,0x234,8,7,1,1,1,0.7134,10,1234,-0.205900
262,60.000,瞬时请求候选,0x234,8,7,2,0,0,0.6741,10,1296,-0.158450
263,60.000,瞬时请求候选,0x234,8,7,3,1,1,0.7018,10,1295,-0.205900
264,60.000,瞬时请求候选,0x234,8,7,4,1,1,0.6821,10,1293,-0.111550
265,60.000,瞬时请求候选,0x234,8,7,5,不一致,不一致,0.5080,10,1065,-0.161750
266,60.000,瞬时请求候选,0x234,8,7,6,不一致,1,0.5089,10,1537,-0.209250
267,60.000,瞬时请求候选,0x234,8,7,7,不一致,1,0.5080,10,981,-0.159550
268,60.000,瞬时请求候选,0x23E,8,7,4,不一致,不一致,0.5036,10,2612,-0.212500
269,60.000,瞬时请求候选,0x23E,8,7,7,不一致,不一致,0.5143,10,347,-0.032900
270,60.000,瞬时请求候选,0x241,7,0,1,1,1,0.5536,10,947,-0.219400
271,60.000,瞬时请求候选,0x243,8,0,0,0,0,0.6000,10,4261,-0.246600
272,60.000,瞬时请求候选,0x243,8,0,1,0,0,0.6000,10,2134,-0.227000
273,60.000,瞬时请求候选,0x243,8,0,2,0,0,0.8000,10,2143,-0.186850
274,60.000,瞬时请求候选,0x243,8,1,2,1,1,0.6000,10,2134,-0.227000
275,60.000,瞬时请求候选,0x243,8,1,3,1,1,0.8000,10,2134,-0.207050
276,60.000,瞬时请求候选,0x243,8,1,4,0,0,0.6000,10,2135,-0.227000
277,60.000,瞬时请求候选,0x243,8,1,5,0,0,0.6000,10,2135,-0.227000
278,60.000,瞬时请求候选,0x243,8,1,6,1,1,0.8000,10,2134,-0.207050
279,60.000,瞬时请求候选,0x243,8,1,7,1,1,0.8000,10,2134,-0.207050
280,60.000,瞬时请求候选,0x243,8,2,0,1,1,0.8000,10,2134,-0.207050
281,60.000,瞬时请求候选,0x243,8,2,1,0,0,0.6000,10,2135,-0.227000
282,60.000,瞬时请求候选,0x243,8,2,2,0,0,0.8000,10,2136,-0.246600
283,60.000,瞬时请求候选,0x243,8,2,3,不一致,不一致,0.5857,10,2135,-0.225250
284,60.000,瞬时请求候选,0x243,8,2,4,0,0,0.7464,10,2853,-0.187750
285,60.000,瞬时请求候选,0x243,8,2,5,不一致,不一致,0.5864,10,4270,-0.246600
286,60.000,瞬时请求候选,0x243,8,2,6,1,1,0.6000,10,2134,-0.227000
287,60.000,瞬时请求候选,0x243,8,2,7,1,1,0.6000,10,4261,-0.246600
288,60.000,瞬时请求候选,0x243,8,3,0,0,0,0.8000,10,2143,-0.186850
289,60.000,瞬时请求候选,0x243,8,3,1,0,0,0.6000,10,4269,-0.227000
290,60.000,瞬时请求候选,0x243,8,3,2,0,0,0.6000,10,2135,-0.246600
291,60.000,瞬时请求候选,0x243,8,3,3,0,0,0.6000,10,2135,-0.246600
292,60.000,瞬时请求候选,0x243,8,3,4,0,0,0.6000,10,4269,-0.227000
293,60.000,瞬时请求候选,0x243,8,3,5,0,0,0.8000,10,2143,-0.186850
294,60.000,瞬时请求候选,0x243,8,3,6,0,0,0.6857,10,2138,-0.243700
295,60.000,瞬时请求候选,0x243,8,3,7,不一致,不一致,0.6286,10,2134,-0.207050
296,60.000,瞬时请求候选,0x243,8,4,0,1,1,0.7429,10,2831,-0.227000
297,60.000,瞬时请求候选,0x243,8,4,1,0,0,0.6000,10,2135,-0.227000
298,60.000,瞬时请求候选,0x243,8,4,2,1,1,0.6000,10,2134,-0.227000
299,60.000,瞬时请求候选,0x243,8,4,3,1,1,0.6000,10,2134,-0.227000
300,60.000,瞬时请求候选,0x243,8,4,4,1,1,0.6000,10,2127,-0.246600
301,60.000,瞬时请求候选,0x243,8,4,5,1,1,0.6000,10,2134,-0.227000
302,60.000,瞬时请求候选,0x243,8,4,6,0,0,0.6000,10,4270,-0.246600
303,60.000,瞬时请求候选,0x243,8,4,7,0,0,0.6000,10,2135,-0.246600
304,60.000,瞬时请求候选,0x243,8,5,0,0,0,0.6850,10,3313,-0.227000
305,60.000,瞬时请求候选,0x243,8,5,1,不一致,0,0.5893,10,3231,-0.246600
306,60.000,瞬时请求候选,0x243,8,5,2,不一致,不一致,0.5757,10,2135,-0.209400
307,60.000,瞬时请求候选,0x243,8,5,3,不一致,不一致,0.5836,10,2135,-0.208550
308,60.000,瞬时请求候选,0x243,8,5,4,0,0,0.6857,10,3267,-0.225250
309,60.000,瞬时请求候选,0x243,8,5,5,0,0,0.6286,10,3845,-0.227000
310,60.000,瞬时请求候选,0x243,8,5,6,不一致,不一致,0.5871,10,2135,-0.224200
311,60.000,瞬时请求候选,0x243,8,6,0,0,0,0.6000,10,2135,-0.246600
312,60.000,瞬时请求候选,0x243,8,6,1,0,0,0.8000,10,2143,-0.186850
313,60.000,瞬时请求候选,0x243,8,6,2,0,0,0.8000,10,2127,-0.246600
314,60.000,瞬时请求候选,0x243,8,6,3,1,1,0.6000,10,4262,-0.246600
315,60.000,瞬时请求候选,0x243,8,6,4,0,0,0.8000,10,2127,-0.246600
316,60.000,瞬时请求候选,0x243,8,6,5,0,0,0.6000,10,4270,-0.246600
317,60.000,瞬时请求候选,0x243,8,6,6,1,1,0.6000,10,2134,-0.227000
318,60.000,瞬时请求候选,0x243,8,7,0,0,0,0.6000,10,2135,-0.246600
319,60.000,瞬时请求候选,0x243,8,7,1,0,0,0.8000,10,2143,-0.186850
320,60.000,瞬时请求候选,0x243,8,7,2,0,0,0.6000,10,4270,-0.246600
321,60.000,瞬时请求候选,0x243,8,7,3,1,1,0.6000,10,2134,-0.227000
322,60.000,瞬时请求候选,0x243,8,7,4,0,0,0.8000,10,2127,-0.246600
323,60.000,瞬时请求候选,0x243,8,7,5,1,1,0.6000,10,2134,-0.227000
324,60.000,瞬时请求候选,0x243,8,7,6,0,0,0.6000,10,4270,-0.246600
325,60.000,瞬时请求候选,0x249,4,0,0,0,0,0.5625,10,1066,-0.203400
326,60.000,瞬时请求候选,0x249,4,0,1,1,1,0.8125,10,800,-0.180000
327,60.000,瞬时请求候选,0x249,4,0,2,0,0,0.6250,10,536,-0.128250
328,60.000,瞬时请求候选,0x249,4,0,3,1,1,0.6875,10,804,-0.128850
329,60.000,瞬时请求候选,0x249,4,0,4,1,1,0.5000,10,1067,-0.227550
330,60.000,瞬时请求候选,0x249,4,0,5,0,0,0.5625,10,1068,-0.179600
331,60.000,瞬时请求候选,0x249,4,0,6,1,1,0.5000,10,1335,-0.202800
332,60.000,瞬时请求候选,0x249,4,0,7,1,1,0.5000,10,804,-0.128250
333,60.000,瞬时请求候选,0x253,8,0,0,1,1,0.5000,10,435,0.033500
334,60.000,瞬时请求候选,0x25D,8,6,0,0,0,0.7464,10,374,-0.135250
335,60.000,瞬时请求候选,0x25D,8,6,1,0,0,0.7929,10,317,-0.036050
336,60.000,瞬时请求候选,0x25D,8,6,2,0,0,0.7714,10,335,-0.036050
337,60.000,瞬时请求候选,0x25D,8,6,3,1,1,0.7714,10,335,-0.036050
338,60.000,瞬时请求候选,0x261,8,0,1,0,0,0.6666,10,2223,-0.236550
339,60.000,瞬时请求候选,0x261,8,0,2,0,0,0.6666,10,2222,-0.228350
340,60.000,瞬时请求候选,0x261,8,0,3,0,0,0.7597,10,2220,-0.238050
341,60.000,瞬时请求候选,0x261,8,0,4,0,0,0.7857,10,2903,-0.222550
342,60.000,瞬时请求候选,0x261,8,0,5,0,0,0.6369,10,2692,-0.229450
343,60.000,瞬时请求候选,0x261,8,0,6,0,0,0.6963,10,2223,-0.234500
344,60.000,瞬时请求候选,0x261,8,0,7,0,0,0.6666,10,2223,-0.236550
345,60.000,瞬时请求候选,0x261,8,1,0,0,0,0.8331,10,2220,-0.234500
346,60.000,瞬时请求候选,0x261,8,1,2,0,0,0.8331,10,2220,-0.234500
347,60.000,瞬时请求候选,0x261,8,1,4,0,0,0.6666,10,4445,-0.235400
348,60.000,瞬时请求候选,0x261,8,1,5,不一致,1,0.5006,10,4448,-0.243550
349,60.000,瞬时请求候选,0x261,8,1,6,0,0,0.6663,10,2223,-0.232350
350,60.000,瞬时请求候选,0x261,8,1,7,0,0,0.8331,10,2220,-0.234500
351,60.000,瞬时请求候选,0x261,8,2,0,不一致,不一致,0.5783,10,3670,-0.230950
352,60.000,瞬时请求候选,0x261,8,2,1,1,1,0.6314,10,3010,-0.231850
353,60.000,瞬时请求候选,0x261,8,2,2,不一致,1,0.5374,10,4805,-0.244450
354,60.000,瞬时请求候选,0x261,8,2,3,不一致,不一致,0.5651,10,3998,-0.238050
355,60.000,瞬时请求候选,0x261,8,2,4,0,不一致,0.5700,10,2756,-0.225700
356,60.000,瞬时请求候选,0x261,8,2,5,不一致,不一致,0.5849,10,2813,-0.229750
357,60.000,瞬时请求候选,0x261,8,2,6,不一致,0,0.6400,10,2523,-0.228900
358,60.000,瞬时请求候选,0x261,8,2,7,不一致,不一致,0.5977,10,3317,-0.233850
359,60.000,瞬时请求候选,0x261,8,3,0,不一致,不一致,0.5974,10,2469,-0.230950
360,60.000,瞬时请求候选,0x261,8,3,1,不一致,不一致,0.5977,10,3313,-0.233850
361,60.000,瞬时请求候选,0x261,8,3,2,不一致,0,0.6340,10,2469,-0.226400
362,60.000,瞬时请求候选,0x261,8,3,3,不一致,0,0.6331,10,4015,-0.238050
363,60.000,瞬时请求候选,0x261,8,3,4,0,0,0.8000,10,1795,-0.201600
364,60.000,瞬时请求候选,0x261,8,3,5,0,0,0.8000,10,1795,-0.201600
365,60.000,瞬时请求候选,0x261,8,3,6,不一致,不一致,0.5974,10,2469,-0.230950
366,60.000,瞬时请求候选,0x261,8,3,7,不一致,0,0.6340,10,2469,-0.226400
367,60.000,瞬时请求候选,0x261,8,4,0,0,0,0.9234,10,1148,0.104900
368,60.000,瞬时请求候选,0x261,8,4,1,0,0,0.7071,10,3826,-0.233250
369,60.000,瞬时请求候选,0x261,8,4,2,0,0,0.8383,10,2110,-0.201850
370,60.000,瞬时请求候选,0x261,8,4,3,0,0,0.8286,10,2256,-0.220500
371,60.000,瞬时请求候选,0x261,8,4,6,0,0,0.6669,10,2225,-0.217250
372,60.000,瞬时请求候选,0x261,8,4,7,不一致,不一致,0.5009,10,4449,-0.239000
373,60.000,瞬时请求候选,0x261,8,5,0,0,0,0.8334,10,2226,-0.201850
374,60.000,瞬时请求候选,0x261,8,5,1,0,0,0.8334,10,2222,-0.220500
375,60.000,瞬时请求候选,0x261,8,5,2,0,0,0.6669,10,4451,-0.231300
376,60.000,瞬时请求候选,0x261,8,5,4,0,0,0.8334,10,2226,-0.207350
377,60.000,瞬时请求候选,0x261,8,6,0,0,0,0.8331,10,2223,-0.236550
378,60.000,瞬时请求候选,0x261,8,6,1,0,0,0.6669,10,2226,-0.218100
379,60.000,瞬时请求候选,0x261,8,6,2,0,0,0.6663,10,2223,-0.232350
380,60.000,瞬时请求候选,0x261,8,6,3,0,0,0.8334,10,2226,-0.201850
381,60.000,瞬时请求候选,0x261,8,7,0,不一致,1,0.5749,10,3707,-0.237450
382,60.000,瞬时请求候选,0x261,8,7,1,不一致,0,0.5991,10,3517,-0.236550
383,60.000,瞬时请求候选,0x261,8,7,2,0,不一致,0.5343,10,4792,-0.244450
384,60.000,瞬时请求候选,0x261,8,7,3,不一致,0,0.6629,10,3123,-0.230950
385,60.000,瞬时请求候选,0x261,8,7,4,0,0,0.7520,10,2926,-0.215850
386,60.000,瞬时请求候选,0x261,8,7,5,不一致,1,0.5034,10,2145,-0.205750
387,60.000,瞬时请求候选,0x261,8,7,6,1,0,0.5037,10,4797,-0.244450
388,60.000,瞬时请求候选,0x261,8,7,7,不一致,1,0.5014,10,3820,-0.238050
389,60.000,瞬时请求候选,0x263,8,0,0,0,0,0.6000,10,4268,-0.236800
390,60.000,瞬时请求候选,0x263,8,0,1,0,0,0.6000,10,2134,-0.215500
391,60.000,瞬时请求候选,0x263,8,0,2,0,0,0.8000,10,2143,-0.177000
392,60.000,瞬时请求候选,0x263,8,1,4,0,0,0.6000,10,2135,-0.215500
393,60.000,瞬时请求候选,0x263,8,1,6,0,0,0.6000,10,2135,-0.215500
394,60.000,瞬时请求候选,0x263,8,1,7,0,0,0.6000,10,2135,-0.215500
395,60.000,瞬时请求候选,0x263,8,2,0,0,0,0.6000,10,2135,-0.215500
396,60.000,瞬时请求候选,0x263,8,2,1,0,0,0.6000,10,2135,-0.215500
397,60.000,瞬时请求候选,0x263,8,2,2,0,0,0.6000,10,2135,-0.215500
398,60.000,瞬时请求候选,0x263,8,2,5,0,0,0.8000,10,2135,-0.236800
399,60.000,瞬时请求候选,0x263,8,2,6,0,0,0.6000,10,2135,-0.215500
400,60.000,瞬时请求候选,0x263,8,2,7,0,0,0.6000,10,2135,-0.215500
401,60.000,瞬时请求候选,0x263,8,3,0,0,0,0.6000,10,2135,-0.215500
402,60.000,瞬时请求候选,0x263,8,3,3,0,0,0.8000,10,2135,-0.236800
403,60.000,瞬时请求候选,0x263,8,3,4,0,0,0.8000,10,2126,-0.236800
404,60.000,瞬时请求候选,0x263,8,3,5,0,0,0.8000,10,2126,-0.236800
405,60.000,瞬时请求候选,0x263,8,3,7,0,0,0.6000,10,2135,-0.215500
406,60.000,瞬时请求候选,0x263,8,4,2,0,0,0.6000,10,2135,-0.215500
407,60.000,瞬时请求候选,0x263,8,4,3,0,0,0.8000,10,2126,-0.236800
408,60.000,瞬时请求候选,0x263,8,4,4,0,0,0.8000,10,2135,-0.236800
409,60.000,瞬时请求候选,0x263,8,4,5,0,0,0.8000,10,2143,-0.177000
410,60.000,瞬时请求候选,0x263,8,4,6,0,0,0.8000,10,2135,-0.236800
411,60.000,瞬时请求候选,0x263,8,4,7,0,0,0.6000,10,2135,-0.215500
412,60.000,瞬时请求候选,0x263,8,5,0,0,0,0.6000,10,2135,-0.215500
413,60.000,瞬时请求候选,0x263,8,5,1,0,0,0.6000,10,2135,-0.215500
414,60.000,瞬时请求候选,0x263,8,5,2,1,1,0.5800,10,2134,-0.215500
415,60.000,瞬时请求候选,0x263,8,5,6,0,0,0.8000,10,2126,-0.236800
416,60.000,瞬时请求候选,0x263,8,5,7,0,0,0.8000,10,2126,-0.236800
417,60.000,瞬时请求候选,0x263,8,6,0,0,0,0.8000,10,2135,-0.236800
418,60.000,瞬时请求候选,0x263,8,6,2,0,0,0.6000,10,2135,-0.215500
419,60.000,瞬时请求候选,0x263,8,6,4,0,0,0.6000,10,2135,-0.215500
420,60.000,瞬时请求候选,0x263,8,6,6,0,0,0.6000,10,2135,-0.215500
421,60.000,瞬时请求候选,0x263,8,7,0,1,1,0.6000,10,4277,-0.215500
422,60.000,瞬时请求候选,0x263,8,7,1,1,1,0.6000,10,4277,-0.215500
423,60.000,瞬时请求候选,0x263,8,7,2,1,1,0.6000,10,4277,-0.215500
424,60.000,瞬时请求候选,0x263,8,7,3,1,1,0.6000,10,4277,-0.215500
425,60.000,瞬时请求候选,0x263,8,7,4,1,1,0.6000,10,4277,-0.215500
426,60.000,瞬时请求候选,0x263,8,7,5,0,0,0.8000,10,2142,-0.196650
427,60.000,瞬时请求候选,0x263,8,7,6,0,0,0.8000,10,2142,-0.196650
428,60.000,瞬时请求候选,0x263,8,7,7,0,0,0.8000,10,2142,-0.196650
429,60.000,瞬时请求候选,0x272,8,3,3,1,1,0.5000,10,1022,-0.231700
430,60.000,瞬时请求候选,0x285,8,0,0,1,1,0.5011,10,846,-0.116550
431,60.000,瞬时请求候选,0x285,8,0,1,1,1,0.5011,10,427,-0.065550
432,60.000,瞬时请求候选,0x285,8,0,2,0,0,0.7505,10,427,-0.116550
433,60.000,瞬时请求候选,0x285,8,0,6,0,0,0.7505,10,418,-0.116550
434,60.000,瞬时请求候选,0x285,8,1,1,1,1,0.7505,10,419,-0.065550
435,60.000,瞬时请求候选,0x285,8,1,2,1,1,0.5011,10,427,-0.065550
436,60.000,瞬时请求候选,0x285,8,1,4,1,不一致,0.5011,10,846,-0.116550
437,60.000,瞬时请求候选,0x285,8,1,6,1,1,0.7505,10,418,-0.116550
438,60.000,瞬时请求候选,0x285,8,1,7,0,0,0.7505,10,419,-0.065550
439,60.000,瞬时请求候选,0x285,8,2,0,1,不一致,0.5011,10,427,-0.065550
440,60.000,瞬时请求候选,0x285,8,2,1,1,1,0.5011,10,419,-0.116550
441,60.000,瞬时请求候选,0x285,8,2,2,1,1,0.5011,10,846,-0.116550
442,60.000,瞬时请求候选,0x285,8,2,4,0,0,0.7505,10,427,-0.116550
443,60.000,瞬时请求候选,0x285,8,2,5,0,0,0.7505,10,418,-0.116550
444,60.000,瞬时请求候选,0x285,8,2,6,0,0,0.7505,10,418,-0.116550
445,60.000,瞬时请求候选,0x285,8,2,7,1,1,0.5011,10,419,-0.116550
446,60.000,瞬时请求候选,0x285,8,3,0,1,不一致,0.5011,10,427,-0.065550
447,60.000,瞬时请求候选,0x285,8,3,1,0,0,0.7505,10,427,-0.116550
448,60.000,瞬时请求候选,0x285,8,3,2,0,0,0.7505,10,427,-0.116550
449,60.000,瞬时请求候选,0x285,8,3,3,0,0,0.7484,10,428,-0.015050
450,60.000,瞬时请求候选,0x285,8,3,6,1,1,0.5011,10,419,-0.116550
451,60.000,瞬时请求候选,0x285,8,4,0,1,1,0.7505,10,419,-0.065550
452,60.000,瞬时请求候选,0x285,8,4,1,0,0,0.7505,10,427,-0.116550
453,60.000,瞬时请求候选,0x285,8,4,2,1,1,0.5011,10,846,-0.116550
454,60.000,瞬时请求候选,0x285,8,4,3,1,不一致,0.5011,10,427,-0.065550
455,60.000,瞬时请求候选,0x285,8,4,4,0,0,0.7484,10,428,-0.015050
456,60.000,瞬时请求候选,0x285,8,4,7,1,1,0.5011,10,419,-0.116550
457,60.000,瞬时请求候选,0x285,8,6,1,0,0,0.7505,10,419,-0.065550
458,60.000,瞬时请求候选,0x285,8,6,2,0,0,0.7505,10,419,-0.065550
459,60.000,瞬时请求候选,0x285,8,6,3,1,不一致,0.5011,10,419,-0.116550
460,60.000,瞬时请求候选,0x285,8,6,4,0,0,0.7505,10,419,-0.065550
461,60.000,瞬时请求候选,0x285,8,6,6,0,0,0.7505,10,419,-0.065550
462,60.000,瞬时请求候选,0x285,8,6,7,0,0,0.7505,10,419,-0.065550
463,60.000,瞬时请求候选,0x289,8,3,7,0,0,0.6036,10,682,-0.211300
464,60.000,瞬时请求候选,0x289,8,4,0,0,0,0.5946,10,594,-0.111200
465,60.000,瞬时请求候选,0x289,8,4,1,0,0,0.7982,10,424,-0.012950
466,60.000,瞬时请求候选,0x289,8,4,3,0,0,0.5964,10,538,-0.211300
467,60.000,瞬时请求候选,0x289,8,4,4,0,0,0.6054,10,596,-0.211300
468,60.000,瞬时请求候选,0x289,8,4,5,0,0,0.7964,10,392,-0.210300
469,60.000,瞬时请求候选,0x2B3,8,0,0,0,0,0.5300,10,1673,-0.206000
470,60.000,瞬时请求候选,0x2B3,8,0,1,0,0,0.5278,10,837,-0.164800
471,60.000,瞬时请求候选,0x2B3,8,0,4,0,0,0.9411,10,211,0.083750
472,60.000,瞬时请求候选,0x2B3,8,0,5,0,0,0.7591,10,665,-0.106800
473,60.000,瞬时请求候选,0x2B3,8,0,6,0,0,0.8522,10,494,-0.086750
474,60.000,瞬时请求候选,0x2B3,8,0,7,0,0,0.8008,10,471,-0.086850
475,60.000,瞬时请求候选,0x2B3,8,1,0,0,0,0.7634,10,619,-0.075450
476,60.000,瞬时请求候选,0x2B3,8,1,1,1,1,0.5803,10,863,-0.196550
477,60.000,瞬时请求候选,0x2B3,8,1,2,0,0,0.5782,10,838,-0.204800
478,60.000,瞬时请求候选,0x2B3,8,1,3,0,0,0.6585,10,666,-0.196550
479,60.000,瞬时请求候选,0x2B3,8,1,4,不一致,0,0.5310,10,839,-0.185700
480,60.000,瞬时请求候选,0x2B3,8,1,5,0,0,0.7634,10,627,-0.202650
481,60.000,瞬时请求候选,0x2B3,8,1,6,0,0,0.6327,10,836,-0.185250
482,60.000,瞬时请求候选,0x2B3,8,1,7,0,0,0.7152,10,788,-0.214250
483,60.000,瞬时请求候选,0x2B3,8,2,0,0,0,0.8190,10,460,-0.164800
484,60.000,瞬时请求候选,0x2B3,8,2,1,0,0,0.7976,10,735,-0.185700
485,60.000,瞬时请求候选,0x2B3,8,2,2,0,0,0.6787,10,834,-0.185700
486,60.000,瞬时请求候选,0x2B3,8,2,3,0,0,0.6531,10,612,-0.214250
487,60.000,瞬时请求候选,0x2B3,8,2,4,0,0,0.5953,10,626,-0.214250
488,60.000,瞬时请求候选,0x2B3,8,2,5,0,0,0.7859,10,611,-0.134150
489,60.000,瞬时请求候选,0x2B3,8,2,6,0,0,0.7559,10,662,-0.136050
490,60.000,瞬时请求候选,0x2B3,8,2,7,不一致,0,0.5332,10,994,-0.185700
491,60.000,瞬时请求候选,0x2B3,8,3,0,0,0,0.7516,10,757,-0.163400
492,60.000,瞬时请求候选,0x2B3,8,3,1,0,0,0.9046,10,354,-0.014950
493,60.000,瞬时请求候选,0x2B3,8,3,2,0,0,0.6981,10,779,-0.187550
494,60.000,瞬时请求候选,0x2B3,8,3,3,0,0,0.6916,10,998,-0.206000
495,60.000,瞬时请求候选,0x2B3,8,3,4,1,1,0.5835,10,948,-0.196550
496,60.000,瞬时请求候选,0x2B3,8,3,5,0,0,0.6318,10,691,-0.185700
497,60.000,瞬时请求候选,0x2B3,8,3,6,不一致,不一致,0.5236,10,1046,-0.216850
498,60.000,瞬时请求候选,0x2B3,8,3,7,0,0,0.5931,10,420,0.014000
499,60.000,瞬时请求候选,0x2B3,8,4,0,0,0,0.6916,10,850,-0.196550
500,60.000,瞬时请求候选,0x2B3,8,4,1,0,0,0.6177,10,763,-0.177700
501,60.000,瞬时请求候选,0x2B3,8,4,2,0,0,0.5942,10,721,-0.192750
502,60.000,瞬时请求候选,0x2B3,8,4,3,1,不一致,0.5513,10,825,-0.185250
503,60.000,瞬时请求候选,0x2B3,8,4,4,0,不一致,0.5278,10,756,-0.184300
504,60.000,瞬时请求候选,0x2B3,8,4,5,0,0,0.5440,10,835,-0.214250
505,60.000,瞬时请求候选,0x2B3,8,4,6,0,0,0.6231,10,709,-0.185200
506,60.000,瞬时请求候选,0x2B3,8,4,7,0,0,0.5846,10,629,-0.106800
507,60.000,瞬时请求候选,0x2B3,8,5,0,0,0,0.8180,10,654,-0.157450
508,60.000,瞬时请求候选,0x2B3,8,5,1,0,0,0.6788,10,504,-0.184750
509,60.000,瞬时请求候选,0x2B3,8,5,2,0,0,0.6734,10,756,-0.137250
510,60.000,瞬时请求候选,0x2B3,8,5,3,0,0,0.7002,10,640,-0.116100
511,60.000,瞬时请求候选,0x2B3,8,5,4,0,0,0.7388,10,728,-0.124300
512,60.000,瞬时请求候选,0x2B3,8,5,5,0,0,0.8736,10,447,-0.046250
513,60.000,瞬时请求候选,0x2B3,8,5,6,0,0,0.8008,10,416,-0.115650
514,60.000,瞬时请求候选,0x2B3,8,5,7,0,0,0.7677,10,626,-0.136450
515,60.000,瞬时请求候选,0x2B3,8,6,0,0,0,0.6872,10,435,-0.028000
516,60.000,瞬时请求候选,0x2B3,8,6,1,0,0,0.6541,10,689,-0.192750
517,60.000,瞬时请求候选,0x2B3,8,6,2,0,0,0.6487,10,1045,-0.185200
518,60.000,瞬时请求候选,0x2B3,8,6,3,0,0,0.8136,10,663,-0.106800
519,60.000,瞬时请求候选,0x2B3,8,6,4,0,0,0.5482,10,1046,-0.193650
520,60.000,瞬时请求候选,0x2B3,8,6,5,0,0,0.8255,10,625,-0.164800
521,60.000,瞬时请求候选,0x2B3,8,6,6,0,0,0.8244,10,417,-0.196550
522,60.000,瞬时请求候选,0x2B3,8,6,7,0,0,0.6991,10,835,-0.167900
523,60.000,瞬时请求候选,0x2B3,8,7,0,0,0,0.8244,10,407,-0.036900
524,60.000,瞬时请求候选,0x2B3,8,7,1,0,0,0.7076,10,783,-0.137000
525,60.000,瞬时请求候选,0x2B3,8,7,2,0,0,0.6649,10,336,-0.106850
526,60.000,瞬时请求候选,0x2B3,8,7,3,0,0,0.7054,10,363,-0.116800
527,60.000,瞬时请求候选,0x2B3,8,7,4,不一致,不一致,0.5472,10,778,-0.127600
528,60.000,瞬时请求候选,0x2B3,8,7,5,0,0,0.7623,10,627,-0.134150
529,60.000,瞬时请求候选,0x2B3,8,7,6,0,0,0.8244,10,628,-0.086850
530,60.000,瞬时请求候选,0x2B3,8,7,7,0,0,0.6520,10,834,-0.183750
531,60.000,瞬时请求候选,0x2B4,6,0,0,不一致,不一致,0.5661,10,523,-0.106400
532,60.000,瞬时请求候选,0x2B4,6,0,1,不一致,1,0.5571,10,519,-0.108050
533,60.000,瞬时请求候选,0x2B4,6,0,2,不一致,0,0.6161,10,475,-0.107400
534,60.000,瞬时请求候选,0x2B4,6,2,0,不一致,不一致,0.5714,10,503,0.042550
535,60.000,瞬时请求候选,0x2B4,6,4,0,1,1,0.5589,10,522,-0.104750
536,60.000,瞬时请求候选,0x2B4,6,4,1,不一致,不一致,0.5393,10,529,-0.156100
537,60.000,瞬时请求候选,0x2B4,6,4,2,不一致,不一致,0.5375,10,551,-0.107850
538,60.000,瞬时请求候选,0x2B4,6,4,3,1,不一致,0.7911,10,320,-0.108050
539,60.000,瞬时请求候选,0x2C1,8,0,0,0,0,0.6000,10,4269,-0.234250
540,60.000,瞬时请求候选,0x2C1,8,0,1,0,0,0.6000,10,2135,-0.213700
541,60.000,瞬时请求候选,0x2C1,8,0,2,0,0,0.8000,10,2144,-0.173750
542,60.000,瞬时请求候选,0x2C1,8,0,3,0,0,0.6000,10,4278,-0.234250
543,60.000,瞬时请求候选,0x2C1,8,0,5,0,0,0.8000,10,2126,-0.234250
544,60.000,瞬时请求候选,0x2C1,8,0,6,0,0,0.8000,10,2135,-0.234250
545,60.000,瞬时请求候选,0x2C1,8,0,7,0,0,0.8000,10,2143,-0.194200
546,60.000,瞬时请求候选,0x2C1,8,1,0,0,0,0.6000,10,2134,-0.234250
547,60.000,瞬时请求候选,0x2C1,8,1,1,0,0,0.6000,10,4269,-0.234250
548,60.000,瞬时请求候选,0x2C1,8,1,2,0,0,0.6000,10,2255,-0.213700
549,60.000,瞬时请求候选,0x2C1,8,1,3,0,0,0.8000,10,2248,-0.213700
550,60.000,瞬时请求候选,0x2C1,8,1,4,0,0,0.8000,10,2259,-0.194200
551,60.000,瞬时请求候选,0x2C1,8,1,5,0,0,0.8000,10,2126,-0.234250
552,60.000,瞬时请求候选,0x2C1,8,2,0,0,0,0.6000,10,4269,-0.234250
553,60.000,瞬时请求候选,0x2C1,8,2,1,1,1,0.8000,10,2144,-0.173750
554,60.000,瞬时请求候选,0x2C1,8,2,2,0,0,0.6000,10,4269,-0.234250
555,60.000,瞬时请求候选,0x2C1,8,2,3,0,0,0.6000,10,2135,-0.213700
556,60.000,瞬时请求候选,0x2C1,8,2,4,0,0,0.6000,10,2143,-0.194200
557,60.000,瞬时请求候选,0x2C1,8,2,5,0,0,0.6000,10,2135,-0.213700
558,60.000,瞬时请求候选,0x2C1,8,2,6,0,0,0.8000,10,2135,-0.234250
559,60.000,瞬时请求候选,0x2C1,8,3,0,0,0,0.8000,10,2134,-0.213700
560,60.000,瞬时请求候选,0x2C1,8,3,1,0,0,0.6000,10,4270,-0.234250
561,60.000,瞬时请求候选,0x2C1,8,3,2,0,0,0.6000,10,4278,-0.213700
562,60.000,瞬时请求候选,0x2C1,8,3,3,0,0,0.6000,10,4270,-0.234250
563,60.000,瞬时请求候选,0x2C1,8,3,4,0,0,0.8000,10,2126,-0.234250
564,60.000,瞬时请求候选,0x2C1,8,3,5,0,0,0.8000,10,2126,-0.234250
565,60.000,瞬时请求候选,0x2C1,8,3,6,0,0,0.8000,10,2126,-0.234250
566,60.000,瞬时请求候选,0x2C1,8,3,7,0,0,0.8000,10,2126,-0.234250
567,60.000,瞬时请求候选,0x2C1,8,4,0,0,0,0.8000,10,2144,-0.173750
568,60.000,瞬时请求候选,0x2C1,8,4,1,0,0,0.8000,10,2126,-0.234250
569,60.000,瞬时请求候选,0x2C1,8,4,2,0,0,0.8000,10,2144,-0.173750
570,60.000,瞬时请求候选,0x2C1,8,4,3,0,0,0.8000,10,2144,-0.173750
571,60.000,瞬时请求候选,0x2C1,8,5,1,0,0,0.8000,10,2135,-0.234250
572,60.000,瞬时请求候选,0x2C1,8,5,3,0,0,0.8000,10,2135,-0.234250
573,60.000,瞬时请求候选,0x2C1,8,5,4,0,0,0.6000,10,4278,-0.213700
574,60.000,瞬时请求候选,0x2C1,8,5,6,0,0,0.8000,10,2134,-0.213700
575,60.000,瞬时请求候选,0x2C1,8,5,7,0,0,0.6000,10,4269,-0.234250
576,60.000,瞬时请求候选,0x2C1,8,6,1,0,0,0.6000,10,4269,-0.234250
577,60.000,瞬时请求候选,0x2C1,8,6,3,0,0,0.8000,10,2144,-0.173750
578,60.000,瞬时请求候选,0x2C1,8,6,4,0,0,0.8000,10,2134,-0.213700
579,60.000,瞬时请求候选,0x2C1,8,6,7,0,0,0.8000,10,2134,-0.213700
580,60.000,瞬时请求候选,0x2C1,8,7,0,0,0,0.6000,10,4269,-0.234250
581,60.000,瞬时请求候选,0x2C1,8,7,1,0,0,0.6000,10,2135,-0.234250
582,60.000,瞬时请求候选,0x2C1,8,7,2,0,0,0.8000,10,2135,-0.234250
583,60.000,瞬时请求候选,0x2C1,8,7,4,0,0,0.8000,10,2144,-0.173750
584,60.000,瞬时请求候选,0x2C1,8,7,6,0,0,0.8000,10,2134,-0.213700
585,60.000,瞬时请求候选,0x2C1,8,7,7,0,0,0.8000,10,2134,-0.213700
586,60.000,瞬时请求候选,0x2C2,8,0,2,不一致,不一致,0.6875,10,783,-0.182550
587,60.000,瞬时请求候选,0x2C2,8,1,0,1,1,0.5000,10,1070,-0.183250
588,60.000,瞬时请求候选,0x2C2,8,1,1,1,1,0.5000,10,1066,-0.183250
589,60.000,瞬时请求候选,0x2C2,8,2,3,1,1,0.5000,10,1062,-0.183250
590,60.000,瞬时请求候选,0x2C2,8,2,5,1,1,0.5000,10,1062,-0.183250
591,60.000,瞬时请求候选,0x2C2,8,6,1,1,不一致,0.5714,10,947,-0.182550
592,60.000,瞬时请求候选,0x2C4,8,0,0,1,1,0.5250,10,1012,-0.207050
593,60.000,瞬时请求候选,0x2C4,8,0,2,0,0,0.5268,10,305,-0.105600
594,60.000,瞬时请求候选,0x2C4,8,0,3,0,0,0.6696,10,201,-0.057300
595,60.000,瞬时请求候选,0x2C4,8,0,4,0,0,0.6643,10,101,0.094300
596,60.000,瞬时请求候选,0x2C4,8,0,5,0,0,0.7982,10,386,0.192450
597,60.000,瞬时请求候选,0x2C4,8,0,6,0,0,0.7875,10,307,-0.008250
598,60.000,瞬时请求候选,0x2C4,8,1,0,0,0,0.7286,10,502,-0.107700
599,60.000,瞬时请求候选,0x2C4,8,1,1,0,0,0.6911,10,304,-0.105350
600,60.000,瞬时请求候选,0x2C4,8,1,2,0,0,0.8429,10,144,0.592900
601,60.000,瞬时请求候选,0x2C4,8,1,3,0,0,0.7946,10,404,-0.106750
602,60.000,瞬时请求候选,0x2C4,8,1,4,0,0,0.7304,10,404,-0.157550
603,60.000,瞬时请求候选,0x2C4,8,1,5,0,0,0.8107,10,403,-0.107050
604,60.000,瞬时请求候选,0x2C4,8,1,6,0,0,0.7946,10,417,-0.204750
605,60.000,瞬时请求候选,0x2C4,8,1,7,0,0,0.6696,10,406,-0.107250
606,60.000,瞬时请求候选,0x2C4,8,2,0,0,0,0.7661,10,403,-0.157050
607,60.000,瞬时请求候选,0x2C4,8,2,1,0,0,0.8804,10,249,0.043200
608,60.000,瞬时请求候选,0x2C4,8,2,2,0,0,0.7821,10,448,-0.107250
609,60.000,瞬时请求候选,0x2C4,8,2,3,0,0,0.8411,10,334,-0.056600
610,60.000,瞬时请求候选,0x2C4,8,2,4,0,0,0.8679,10,275,-0.058600
611,60.000,瞬时请求候选,0x2C4,8,2,5,0,0,0.8089,10,239,-0.156600
612,60.000,瞬时请求候选,0x2C4,8,2,7,0,0,0.8036,10,243,-0.107250
613,60.000,瞬时请求候选,0x2C4,8,3,0,0,0,0.9196,10,150,0.792400
614,60.000,瞬时请求候选,0x2C4,8,3,1,0,0,0.5482,10,386,-0.057950
615,60.000,瞬时请求候选,0x2C4,8,3,2,0,0,0.7643,10,298,-0.006250
616,60.000,瞬时请求候选,0x2C4,8,3,3,0,0,0.8089,10,308,-0.008000
617,60.000,瞬时请求候选,0x2C4,8,3,4,0,0,0.7732,10,213,0.045200
618,60.000,瞬时请求候选,0x2C4,8,3,5,0,0,0.8161,10,224,0.192050
619,60.000,瞬时请求候选,0x2C4,8,3,6,0,0,0.7929,10,121,0.143250
620,60.000,瞬时请求候选,0x2C4,8,3,7,0,0,0.5732,10,405,-0.155850
621,60.000,瞬时请求候选,0x2C4,8,4,0,0,0,0.6804,10,407,0.044150
622,60.000,瞬时请求候选,0x2C4,8,4,1,0,0,0.8304,10,363,-0.054750
623,60.000,瞬时请求候选,0x2C4,8,4,2,0,0,0.8071,10,303,-0.154800
624,60.000,瞬时请求候选,0x2C4,8,4,3,0,0,0.6821,10,305,0.193800
625,60.000,瞬时请求候选,0x2C4,8,4,4,0,0,0.9071,10,102,1.092700
626,60.000,瞬时请求候选,0x2C4,8,4,5,0,0,0.8089,10,303,-0.059200
627,60.000,瞬时请求候选,0x2C4,8,4,6,0,0,0.8321,10,354,0.592900
628,60.000,瞬时请求候选,0x2C4,8,4,7,0,0,0.7768,10,236,0.592900
629,60.000,瞬时请求候选,0x2C4,8,5,0,0,0,0.9071,10,212,0.694700
630,60.000,瞬时请求候选,0x2C4,8,5,1,0,0,0.8786,10,205,0.792850
631,60.000,瞬时请求候选,0x2C4,8,5,2,0,0,0.7607,10,462,-0.107050
632,60.000,瞬时请求候选,0x2C4,8,5,3,0,0,0.6696,10,360,0.144100
633,60.000,瞬时请求候选,0x2C4,8,5,4,0,0,0.7964,10,425,-0.054750
634,60.000,瞬时请求候选,0x2C4,8,5,5,0,0,0.8679,10,295,0.392900
635,60.000,瞬时请求候选,0x2C4,8,5,6,0,0,0.8161,10,177,0.594700
636,60.000,瞬时请求候选,0x2C4,8,5,7,0,0,0.9161,10,161,0.795150
637,60.000,瞬时请求候选,0x2C4,8,6,0,0,0,0.5911,10,531,-0.205700
638,60.000,瞬时请求候选,0x2C4,8,6,1,0,0,0.8179,10,304,-0.107250
639,60.000,瞬时请求候选,0x2C4,8,6,2,0,0,0.7536,10,405,-0.155400
640,60.000,瞬时请求候选,0x2C4,8,6,3,0,0,0.8893,10,225,0.143350
641,60.000,瞬时请求候选,0x2C4,8,6,4,0,0,0.7929,10,378,-0.157350
642,60.000,瞬时请求候选,0x2C4,8,6,5,0,0,0.6893,10,408,-0.205850
643,60.000,瞬时请求候选,0x2C4,8,6,6,0,0,0.8054,10,364,-0.108950
644,60.000,瞬时请求候选,0x2C4,8,6,7,0,0,0.7107,10,372,-0.057250
645,60.000,瞬时请求候选,0x2C4,8,7,0,0,0,0.8304,10,268,-0.156600
646,60.000,瞬时请求候选,0x2C4,8,7,1,0,0,0.8321,10,218,0.445150
647,60.000,瞬时请求候选,0x2C4,8,7,2,0,0,0.9536,10,100,0.745100
648,60.000,瞬时请求候选,0x2C4,8,7,3,0,0,0.9054,10,203,0.445150
649,60.000,瞬时请求候选,0x2C4,8,7,5,0,0,0.9054,10,201,0.545250
650,60.000,瞬时请求候选,0x2C4,8,7,6,0,0,0.9536,10,102,0.641850
651,60.000,瞬时请求候选,0x2C4,8,7,7,0,0,0.9036,10,101,0.845100
652,60.000,瞬时请求候选,0x2E1,8,0,1,0,0,0.6661,10,2224,-0.232600
653,60.000,瞬时请求候选,0x2E1,8,0,2,0,0,0.6664,10,2224,-0.228300
654,60.000,瞬时请求候选,0x2E1,8,0,3,0,0,0.6667,10,4450,-0.238450
655,60.000,瞬时请求候选,0x2E1,8,0,4,0,0,0.6667,10,4450,-0.238450
656,60.000,瞬时请求候选,0x2E1,8,0,5,0,0,0.6667,10,4450,-0.238450
657,60.000,瞬时请求候选,0x2E1,8,0,6,0,0,0.6664,10,4447,-0.238450
658,60.000,瞬时请求候选,0x2E1,8,0,7,0,0,0.8329,10,2223,-0.236850
659,60.000,瞬时请求候选,0x2E1,8,1,0,0,0,0.6667,10,4450,-0.238450
660,60.000,瞬时请求候选,0x2E1,8,1,1,0,0,0.8338,10,2227,-0.193950
661,60.000,瞬时请求候选,0x2E1,8,1,2,0,0,0.8332,10,2225,-0.222300
662,60.000,瞬时请求候选,0x2E1,8,1,4,0,0,0.8329,10,2223,-0.236850
663,60.000,瞬时请求候选,0x2E1,8,1,6,0,0,0.6670,10,2226,-0.221550
664,60.000,瞬时请求候选,0x2E1,8,1,7,0,0,0.6672,10,4451,-0.225950
665,60.000,瞬时请求候选,0x2E1,8,2,0,0,0,0.5841,10,2227,-0.219450
666,60.000,瞬时请求候选,0x2E1,8,2,1,0,0,0.5753,10,2225,-0.225900
667,60.000,瞬时请求候选,0x2E1,8,2,2,1,1,0.5904,10,2226,-0.228250
668,60.000,瞬时请求候选,0x2E1,8,2,3,0,0,0.5758,10,2227,-0.225900
669,60.000,瞬时请求候选,0x2E1,8,2,4,0,0,0.5910,10,2224,-0.222950
670,60.000,瞬时请求候选,0x2E1,8,2,5,0,0,0.8332,10,2225,-0.222300
671,60.000,瞬时请求候选,0x2E1,8,2,6,0,0,0.6661,10,2224,-0.232600
672,60.000,瞬时请求候选,0x2E1,8,3,0,0,0,0.6667,10,4450,-0.238450
673,60.000,瞬时请求候选,0x2E1,8,3,1,0,0,0.8332,10,2225,-0.222300
674,60.000,瞬时请求候选,0x2E1,8,3,2,0,0,0.8338,10,2227,-0.193950
675,60.000,瞬时请求候选,0x2E1,8,3,3,0,0,0.6667,10,4450,-0.238450
676,60.000,瞬时请求候选,0x2E1,8,3,4,0,0,0.9083,10,1080,-0.206500
677,60.000,瞬时请求候选,0x2E1,8,3,5,0,0,0.7124,10,3749,-0.235400
678,60.000,瞬时请求候选,0x2E1,8,3,6,0,0,0.8786,10,1511,-0.206500
679,60.000,瞬时请求候选,0x2E1,8,3,7,0,0,0.6210,10,4450,-0.234600
680,60.000,瞬时请求候选,0x2E1,8,4,0,0,0,0.6670,10,2226,-0.221550
681,60.000,瞬时请求候选,0x2E1,8,4,1,不一致,不一致,0.5004,10,4449,-0.240350
682,60.000,瞬时请求候选,0x2E1,8,4,2,0,0,0.8338,10,2227,-0.193950
683,60.000,瞬时请求候选,0x2E1,8,4,3,不一致,不一致,0.5007,10,4451,-0.235400
684,60.000,瞬时请求候选,0x2E1,8,4,4,1,1,0.6661,10,4447,-0.238450
685,60.000,瞬时请求候选,0x2E1,8,4,5,0,0,0.8335,10,2224,-0.218600
686,60.000,瞬时请求候选,0x2E1,8,4,6,0,0,0.6661,10,4447,-0.238450
687,60.000,瞬时请求候选,0x2E1,8,4,7,0,0,0.8329,10,2223,-0.236850
688,60.000,瞬时请求候选,0x2E1,8,5,0,0,0,0.8969,10,1211,-0.102000
689,60.000,瞬时请求候选,0x2E1,8,5,1,0,0,0.6064,10,4331,-0.232600
690,60.000,瞬时请求候选,0x2E1,8,5,2,0,0,0.5444,10,2850,-0.222450
691,60.000,瞬时请求候选,0x2E1,8,5,3,0,0,0.8166,10,2523,-0.193950
692,60.000,瞬时请求候选,0x2E1,8,5,4,0,0,0.6624,10,2224,-0.228300
693,60.000,瞬时请求候选,0x2E1,8,5,5,1,1,0.5041,10,4362,-0.236850
694,60.000,瞬时请求候选,0x2E1,8,5,6,0,0,0.6701,10,2224,-0.232600
695,60.000,瞬时请求候选,0x2E1,8,6,0,0,0,0.8329,10,2223,-0.236850
696,60.000,瞬时请求候选,0x2E1,8,6,1,0,0,0.8329,10,2222,-0.228300
697,60.000,瞬时请求候选,0x2E1,8,6,2,0,0,0.6664,10,2224,-0.228300
698,60.000,瞬时请求候选,0x2E1,8,6,3,0,0,0.6664,10,4447,-0.238450
699,60.000,瞬时请求候选,0x2E1,8,6,5,0,0,0.6667,10,4449,-0.233500
700,60.000,瞬时请求候选,0x2E1,8,6,7,0,0,0.8335,10,2224,-0.218600
701,60.000,瞬时请求候选,0x2E1,8,7,1,0,0,0.8335,10,2224,-0.218600
702,60.000,瞬时请求候选,0x2E1,8,7,3,0,0,0.6672,10,2225,-0.218600
703,60.000,瞬时请求候选,0x2E1,8,7,5,0,0,0.8335,10,2224,-0.218600
704,60.000,瞬时请求候选,0x2E1,8,7,6,0,0,0.8335,10,2224,-0.218600
705,60.000,瞬时请求候选,0x2E2,8,0,0,0,0,0.5786,10,305,0.026850
706,60.000,瞬时请求候选,0x2E2,8,0,1,0,0,0.5643,10,305,-0.072650
707,60.000,瞬时请求候选,0x2E2,8,0,3,0,0,0.8571,10,153,0.426050
708,60.000,瞬时请求候选,0x2E2,8,0,4,0,0,0.7500,10,154,0.225900
709,60.000,瞬时请求候选,0x2E2,8,0,5,0,0,0.6000,10,307,-0.071550
710,60.000,瞬时请求候选,0x2E2,8,0,6,0,0,0.6000,10,307,-0.071550
711,60.000,瞬时请求候选,0x2E2,8,0,7,0,0,0.6000,10,307,-0.071550
712,60.000,瞬时请求候选,0x2E2,8,1,0,0,0,0.6000,10,307,-0.071550
713,60.000,瞬时请求候选,0x2E2,8,1,1,0,0,0.8286,10,153,0.427000
714,60.000,瞬时请求候选,0x2E2,8,1,2,0,0,0.8571,10,153,0.426050
715,60.000,瞬时请求候选,0x2E2,8,1,3,0,0,0.8571,10,153,0.426050
716,60.000,瞬时请求候选,0x2E2,8,1,4,0,0,0.8607,10,153,0.427000
717,60.000,瞬时请求候选,0x2E2,8,1,5,0,0,0.7071,10,306,-0.071550
718,60.000,瞬时请求候选,0x2E2,8,2,2,0,0,0.7786,10,226,0.125700
719,60.000,瞬时请求候选,0x2E2,8,2,3,0,0,0.7786,10,226,0.125700
720,60.000,瞬时请求候选,0x2E2,8,2,5,0,0,0.8500,10,153,0.228200
721,60.000,瞬时请求候选,0x2E2,8,2,6,0,0,0.8607,10,153,0.427000
722,60.000,瞬时请求候选,0x2E2,8,3,0,0,0,0.7179,10,298,-0.071650
723,60.000,瞬时请求候选,0x2E2,8,3,1,不一致,不一致,0.5750,10,201,0.027900
724,60.000,瞬时请求候选,0x2E2,8,3,2,1,1,0.5714,10,305,-0.071000
725,60.000,瞬时请求候选,0x2E2,8,3,3,1,1,0.8536,10,153,0.426050
726,60.000,瞬时请求候选,0x2E2,8,3,4,1,1,0.8536,10,153,0.426050
727,60.000,瞬时请求候选,0x2E2,8,3,5,0,0,0.7179,10,298,-0.071650
728,60.000,瞬时请求候选,0x2E2,8,3,6,1,1,0.5750,10,153,0.128750
729,60.000,瞬时请求候选,0x2E2,8,3,7,1,1,0.5679,10,307,-0.071550
730,60.000,瞬时请求候选,0x2E2,8,4,0,0,0,0.7107,10,306,0.025400
731,60.000,瞬时请求候选,0x2E2,8,4,1,1,1,0.5679,10,307,-0.071550
732,60.000,瞬时请求候选,0x2E2,8,4,3,0,0,0.7107,10,306,0.025400
733,60.000,瞬时请求候选,0x2E2,8,4,5,0,0,0.8607,10,153,0.427000
734,60.000,瞬时请求候选,0x2E2,8,4,6,0,0,0.7107,10,306,0.025400
735,60.000,瞬时请求候选,0x2E2,8,5,0,1,1,0.7179,10,154,0.225900
736,60.000,瞬时请求候选,0x2E2,8,5,1,1,1,0.7071,10,306,-0.071550
737,60.000,瞬时请求候选,0x2E2,8,5,2,0,0,0.8607,10,153,0.427000
738,60.000,瞬时请求候选,0x2E2,8,5,3,1,1,0.7179,10,154,0.225900
739,60.000,瞬时请求候选,0x2E2,8,5,4,1,1,0.6429,10,153,0.126750
740,60.000,瞬时请求候选,0x2E2,8,5,5,0,0,0.8643,10,143,0.626350
741,60.000,瞬时请求候选,0x2E2,8,5,6,0,0,0.7286,10,284,0.125700
742,60.000,瞬时请求候选,0x2E2,8,5,7,0,0,0.8750,10,137,0.427000
743,60.000,瞬时请求候选,0x2E2,8,6,0,0,0,0.8357,10,169,0.228200
744,60.000,瞬时请求候选,0x2E2,8,6,1,0,0,0.8607,10,153,0.427000
745,60.000,瞬时请求候选,0x2E2,8,6,3,0,0,0.8500,10,153,0.228200
746,60.000,瞬时请求候选,0x2E2,8,6,4,0,0,0.8607,10,153,0.427000
747,60.000,瞬时请求候选,0x2E2,8,6,5,0,0,0.8500,10,153,0.228200
748,60.000,瞬时请求候选,0x2E2,8,6,7,0,0,0.8857,10,122,0.626350
749,60.000,瞬时请求候选,0x2E2,8,7,2,0,0,0.7107,10,306,0.025400
750,60.000,瞬时请求候选,0x2E2,8,7,3,0,0,0.8500,10,153,0.228200
751,60.000,瞬时请求候选,0x2E2,8,7,4,0,0,0.8607,10,153,0.427000
752,60.000,瞬时请求候选,0x2E2,8,7,6,0,0,0.7143,10,306,-0.071650
753,60.000,瞬时请求候选,0x2E3,7,0,0,0,0,0.6643,10,358,-0.075800
754,60.000,瞬时请求候选,0x2E3,7,0,1,1,1,0.5071,10,358,-0.076500
755,60.000,瞬时请求候选,0x2E3,7,0,3,0,0,0.8357,10,177,0.121150
756,60.000,瞬时请求候选,0x2E3,7,0,4,0,不一致,0.5679,10,354,-0.076700
757,60.000,瞬时请求候选,0x2E3,7,0,5,0,0,0.6500,10,300,0.120100
758,60.000,瞬时请求候选,0x2E3,7,0,6,0,0,0.7929,10,168,0.022450
759,60.000,瞬时请求候选,0x2E3,7,0,7,0,0,0.6214,10,347,-0.076700
760,60.000,瞬时请求候选,0x2E3,7,1,0,0,0,0.7643,10,168,0.119950
761,60.000,瞬时请求候选,0x2E3,7,1,1,不一致,不一致,0.5143,10,357,-0.077800
762,60.000,瞬时请求候选,0x2E3,7,1,4,0,0,0.6607,10,358,-0.076700
763,60.000,瞬时请求候选,0x2E3,7,1,6,0,0,0.7750,10,187,-0.077800
764,60.000,瞬时请求候选,0x2E3,7,1,7,0,0,0.7393,10,219,-0.075800
765,60.000,瞬时请求候选,0x2E3,7,2,0,0,0,0.7286,10,219,-0.076700
766,60.000,瞬时请求候选,0x2E3,7,2,1,0,0,0.5714,10,316,-0.077100
767,60.000,瞬时请求候选,0x2E3,7,2,2,0,0,0.7786,10,176,0.022250
768,60.000,瞬时请求候选,0x2E3,7,2,3,0,0,0.6893,10,177,0.022250
769,60.000,瞬时请求候选,0x2E3,7,2,4,0,0,0.8607,10,156,0.222300
770,60.000,瞬时请求候选,0x2E3,7,2,5,0,0,0.7571,10,248,-0.077800
771,60.000,瞬时请求候选,0x2E3,7,2,6,0,0,0.6607,10,358,-0.076700
772,60.000,瞬时请求候选,0x2E3,7,3,0,0,0,0.8679,10,130,0.121700
773,60.000,瞬时请求候选,0x2E3,7,3,1,0,0,0.6714,10,315,0.022450
774,60.000,瞬时请求候选,0x2E3,7,3,2,不一致,0,0.5393,10,357,-0.077100
775,60.000,瞬时请求候选,0x2E3,7,3,3,不一致,不一致,0.5143,10,357,-0.077100
776,60.000,瞬时请求候选,0x2E3,7,3,4,0,0,0.6607,10,358,-0.075800
777,60.000,瞬时请求候选,0x2E3,7,3,5,0,0,0.8286,10,178,0.121700
778,60.000,瞬时请求候选,0x2E3,7,3,6,0,0,0.6750,10,179,0.123700
779,60.000,瞬时请求候选,0x2E3,7,3,7,0,0,0.6750,10,179,0.123700
780,60.000,瞬时请求候选,0x2E3,7,4,0,0,0,0.8286,10,178,0.121700
781,60.000,瞬时请求候选,0x2E3,7,4,1,0,0,0.6750,10,179,0.123700
782,60.000,瞬时请求候选,0x2E3,7,4,3,0,0,0.6893,10,331,-0.076700
783,60.000,瞬时请求候选,0x2E3,7,4,4,0,0,0.7393,10,277,0.221350
784,60.000,瞬时请求候选,0x2E3,7,4,7,0,0,0.8786,10,124,0.720800
785,60.000,瞬时请求候选,0x2E3,7,5,0,0,0,0.6250,10,233,-0.077100
786,60.000,瞬时请求候选,0x2E3,7,5,1,1,1,0.5429,10,231,-0.077800
787,60.000,瞬时请求候选,0x2E3,7,5,2,0,0,0.8071,10,203,0.320800
788,60.000,瞬时请求候选,0x2E3,7,5,3,0,0,0.6750,10,179,0.123700
789,60.000,瞬时请求候选,0x2E3,7,5,6,0,0,0.8536,10,148,0.519050
790,60.000,瞬时请求候选,0x2E3,7,6,1,0,0,0.8536,10,147,0.121700
791,60.000,瞬时请求候选,0x2E3,7,6,2,0,0,0.8536,10,155,0.720800
792,60.000,瞬时请求候选,0x2E3,7,6,6,0,0,0.8393,10,177,0.221150
793,60.000,瞬时请求候选,0x2F1,8,0,0,0,0,0.5268,10,1004,-0.208100
794,60.000,瞬时请求候选,0x2F1,8,0,1,0,0,0.5286,10,560,-0.109650
795,60.000,瞬时请求候选,0x2F1,8,0,2,0,0,0.5821,10,221,-0.056800
796,60.000,瞬时请求候选,0x2F1,8,0,3,0,0,0.5804,10,111,0.239600
797,60.000,瞬时请求候选,0x2F1,8,0,4,0,0,0.8411,10,113,0.543400
798,60.000,瞬时请求候选,0x2F1,8,0,5,0,0,0.8411,10,334,0.044050
799,60.000,瞬时请求候选,0x2F1,8,1,0,1,1,0.5786,10,387,-0.157850
800,60.000,瞬时请求候选,0x2F1,8,1,1,0,0,0.8982,10,220,0.490450
801,60.000,瞬时请求候选,0x2F1,8,1,2,0,0,0.9286,10,129,0.092150
802,60.000,瞬时请求候选,0x2F1,8,1,3,0,0,0.8268,10,309,0.293700
803,60.000,瞬时请求候选,0x2F1,8,1,4,1,1,0.5482,10,277,-0.007050
804,60.000,瞬时请求候选,0x2F1,8,1,5,0,0,0.9071,10,120,0.338950
805,60.000,瞬时请求候选,0x2F1,8,1,6,0,0,0.9143,10,174,0.644100
806,60.000,瞬时请求候选,0x2F1,8,1,7,0,0,0.7696,10,346,-0.056600
807,60.000,瞬时请求候选,0x2F1,8,2,0,0,0,0.7071,10,488,-0.158800
808,60.000,瞬时请求候选,0x2F1,8,2,1,0,0,0.8625,10,218,0.291050
809,60.000,瞬时请求候选,0x2F1,8,2,2,0,0,0.7696,10,319,0.391300
810,60.000,瞬时请求候选,0x2F1,8,2,3,0,0,0.8946,10,221,0.093100
811,60.000,瞬时请求候选,0x2F1,8,2,6,0,0,0.5732,10,205,0.141150
812,60.000,瞬时请求候选,0x2F1,8,3,0,不一致,不一致,0.5232,10,247,0.041500
813,60.000,瞬时请求候选,0x2F1,8,3,1,0,0,0.9375,10,130,0.644100
814,60.000,瞬时请求候选,0x2F1,8,3,4,0,0,0.8946,10,219,0.143700
815,60.000,瞬时请求候选,0x2F1,8,3,5,0,0,0.9464,10,110,0.344100
816,60.000,瞬时请求候选,0x2F1,8,3,6,0,0,0.9375,10,137,0.341450
817,60.000,瞬时请求候选,0x2F1,8,3,7,0,0,0.6464,10,444,-0.110400
818,60.000,瞬时请求候选,0x2F1,8,4,0,0,0,0.7464,10,323,-0.056800
819,60.000,瞬时请求候选,0x2F1,8,4,1,0,0,0.9321,10,148,0.542200
820,60.000,瞬时请求候选,0x2F1,8,4,2,0,0,0.6893,10,334,-0.109100
821,60.000,瞬时请求候选,0x2F1,8,4,3,0,0,0.9482,10,108,0.443800
822,60.000,瞬时请求候选,0x2F1,8,4,4,0,0,0.8054,10,220,0.041750
823,60.000,瞬时请求候选,0x2F1,8,4,5,0,0,0.8571,10,190,0.143750
824,60.000,瞬时请求候选,0x2F1,8,4,6,0,0,0.7696,10,144,0.343100
825,60.000,瞬时请求候选,0x2F1,8,4,7,0,0,0.8946,10,110,0.344100
826,60.000,瞬时请求候选,0x2F1,8,5,0,0,0,0.8661,10,225,0.443800
827,60.000,瞬时请求候选,0x2F1,8,5,1,0,0,0.9214,10,178,0.443800
828,60.000,瞬时请求候选,0x2F1,8,5,5,0,0,0.8750,10,246,0.191750
829,60.000,瞬时请求候选,0x2F1,8,5,6,0,0,0.8696,10,258,0.190250
830,60.000,瞬时请求候选,0x2F1,8,5,7,0,0,0.8375,10,308,0.343200
831,60.000,瞬时请求候选,0x2F1,8,6,0,不一致,0,0.5554,10,548,0.040150
832,60.000,瞬时请求候选,0x2F1,8,6,1,0,0,0.8036,10,319,0.039700
833,60.000,瞬时请求候选,0x2F1,8,6,2,0,0,0.8982,10,212,0.240900
834,60.000,瞬时请求候选,0x2F1,8,6,3,0,0,0.8393,10,337,0.344050
835,60.000,瞬时请求候选,0x2F1,8,6,4,0,0,0.8946,10,116,0.344100
836,60.000,瞬时请求候选,0x2F1,8,6,5,0,0,0.9482,10,114,0.443800
837,60.000,瞬时请求候选,0x2F1,8,7,2,0,0,0.9464,10,110,0.344100
838,60.000,瞬时请求候选,0x2F9,8,3,0,0,0,0.8321,10,359,-0.075500
839,60.000,瞬时请求候选,0x2F9,8,3,1,0,0,0.8321,10,359,-0.075500
840,60.000,瞬时请求候选,0x2F9,8,3,4,0,0,0.6679,10,357,-0.076550
841,60.000,瞬时请求候选,0x2F9,8,3,5,0,0,0.6661,10,356,-0.076350
842,60.000,瞬时请求候选,0x2F9,8,4,0,0,0,0.6661,10,359,-0.074400
843,60.000,瞬时请求候选,0x2F9,8,4,5,0,0,0.6661,10,359,-0.074400
844,60.000,瞬时请求候选,0x2F9,8,4,7,0,0,0.6661,10,359,-0.074400
845,60.000,瞬时请求候选,0x2F9,8,5,1,0,0,0.6661,10,359,-0.074400
846,60.000,瞬时请求候选,0x2F9,8,5,2,0,0,0.6661,10,359,-0.074400
847,60.000,瞬时请求候选,0x2F9,8,5,3,0,0,0.6661,10,359,-0.074400
848,60.000,瞬时请求候选,0x2F9,8,5,5,0,0,0.6661,10,359,-0.074400
849,60.000,瞬时请求候选,0x2F9,8,5,6,0,0,0.6661,10,359,-0.074400
850,60.000,瞬时请求候选,0x2F9,8,5,7,0,0,0.6661,10,359,-0.074400
851,60.000,瞬时请求候选,0x2F9,8,6,0,0,0,0.6661,10,359,-0.074400
852,60.000,瞬时请求候选,0x2F9,8,6,1,0,0,0.6661,10,359,-0.074400
853,60.000,瞬时请求候选,0x2F9,8,6,2,0,0,0.6661,10,359,-0.074400
854,60.000,瞬时请求候选,0x2F9,8,6,3,0,0,0.6661,10,359,-0.074400
855,60.000,瞬时请求候选,0x2F9,8,6,5,0,0,0.6661,10,359,-0.074400
856,60.000,瞬时请求候选,0x2F9,8,6,6,0,0,0.6661,10,359,-0.074400
857,60.000,瞬时请求候选,0x2F9,8,7,0,0,0,0.6661,10,359,-0.074400
858,60.000,瞬时请求候选,0x2F9,8,7,3,0,0,0.6661,10,359,-0.074400
859,60.000,瞬时请求候选,0x2F9,8,7,6,0,0,0.6661,10,359,-0.074400
860,60.000,瞬时请求候选,0x2F9,8,7,7,0,0,0.6661,10,359,-0.074400
861,60.000,瞬时请求候选,0x318,8,7,1,1,1,0.5000,10,1008,-0.243450
862,60.000,瞬时请求候选,0x318,8,7,2,1,1,0.5018,10,557,-0.193050
863,60.000,瞬时请求候选,0x318,8,7,5,不一致,不一致,0.7518,10,124,0.106950
864,60.000,瞬时请求候选,0x31E,8,0,0,1,1,0.5000,10,417,-0.237400
865,60.000,瞬时请求候选,0x31E,8,0,1,1,1,0.5000,10,208,-0.237400
866,60.000,瞬时请求候选,0x320,8,0,0,0,0,0.6000,10,426,-0.068500
867,60.000,瞬时请求候选,0x320,8,0,1,0,0,0.6000,10,217,0.131550
868,60.000,瞬时请求候选,0x320,8,0,2,0,0,0.8000,10,218,0.531800
869,60.000,瞬时请求候选,0x320,8,0,7,0,0,0.8000,10,209,-0.068500
870,60.000,瞬时请求候选,0x320,8,3,3,0,0,0.8000,10,208,-0.068500
871,60.000,瞬时请求候选,0x324,8,1,2,1,1,0.5000,10,107,0.083850
872,60.000,瞬时请求候选,0x332,6,4,2,1,1,0.5000,10,106,0.722500
873,60.000,瞬时请求候选,0x332,6,4,5,1,1,0.5000,10,106,0.722500
874,60.000,瞬时请求候选,0x332,6,5,5,1,1,0.5000,10,107,0.722500
875,60.000,瞬时请求候选,0x332,6,5,6,1,1,0.5000,10,107,0.722500
876,60.000,瞬时请求候选,0x340,8,0,2,0,0,0.6571,10,178,0.066950
877,60.000,瞬时请求候选,0x340,8,0,3,0,0,0.6750,10,178,0.069850
878,60.000,瞬时请求候选,0x340,8,1,0,0,0,0.9161,10,177,0.369750
879,60.000,瞬时请求候选,0x340,8,1,2,0,0,0.9196,10,176,0.170000
880,60.000,瞬时请求候选,0x340,8,1,6,0,0,0.9196,10,177,0.269700
881,60.000,瞬时请求候选,0x343,8,2,2,1,1,0.6911,10,409,-0.068750
882,60.000,瞬时请求候选,0x343,8,2,3,1,1,0.6750,10,447,-0.215250
883,60.000,瞬时请求候选,0x343,8,2,4,1,1,0.6696,10,451,-0.215250
884,60.000,瞬时请求候选,0x343,8,2,5,0,0,0.6696,10,451,-0.215250
885,60.000,瞬时请求候选,0x343,8,3,4,0,0,0.5643,10,517,-0.117150
886,60.000,瞬时请求候选,0x343,8,3,5,0,0,0.6982,10,459,-0.067700
887,60.000,瞬时请求候选,0x343,8,3,6,0,不一致,0.6071,10,475,-0.119500
888,60.000,瞬时请求候选,0x343,8,3,7,不一致,0,0.6232,10,508,-0.166650
889,60.000,瞬时请求候选,0x34A,8,1,0,1,1,0.7500,10,104,0.315850
890,60.000,瞬时请求候选,0x34A,8,1,1,1,1,0.7500,10,104,0.315850
891,60.000,瞬时请求候选,0x34A,8,1,2,1,1,0.7500,10,104,0.315850
892,60.000,瞬时请求候选,0x34A,8,1,6,0,0,0.7500,10,104,0.066250
893,60.000,瞬时请求候选,0x34A,8,1,7,0,0,0.7500,10,104,0.066250
894,60.000,瞬时请求候选,0x34A,8,2,0,0,0,0.7500,10,104,0.066250
895,60.000,瞬时请求候选,0x34A,8,3,5,0,0,0.7500,10,104,0.066250
896,60.000,瞬时请求候选,0x34A,8,7,4,0,0,0.7500,10,104,0.065800
897,60.000,瞬时请求候选,0x34A,8,7,7,0,0,0.7500,10,104,0.065800
898,60.000,瞬时请求候选,0x352,8,0,0,0,0,0.6667,10,108,0.270050
899,60.000,瞬时请求候选,0x352,8,0,1,0,0,0.6667,10,104,-0.030450
900,60.000,瞬时请求候选,0x352,8,1,2,0,0,0.6667,10,104,-0.030450
901,60.000,瞬时请求候选,0x352,8,1,4,0,0,0.6667,10,104,-0.030450
902,60.000,瞬时请求候选,0x352,8,1,6,0,0,0.6667,10,104,-0.030450
903,60.000,瞬时请求候选,0x352,8,2,0,1,1,0.6667,10,104,0.369650
904,60.000,瞬时请求候选,0x352,8,2,1,0,0,0.6667,10,108,0.270050
905,60.000,瞬时请求候选,0x352,8,2,3,1,1,0.6667,10,104,-0.030450
906,60.000,瞬时请求候选,0x352,8,2,4,1,1,0.6667,10,104,-0.030450
907,60.000,瞬时请求候选,0x352,8,2,5,0,0,0.6667,10,104,0.369650
908,60.000,瞬时请求候选,0x352,8,2,6,1,1,0.6667,10,104,-0.030450
909,60.000,瞬时请求候选,0x352,8,2,7,1,1,0.6667,10,104,-0.030450
910,60.000,瞬时请求候选,0x352,8,3,0,不一致,1,0.6667,10,106,0.070000
911,60.000,瞬时请求候选,0x352,8,3,1,0,0,0.6667,10,104,-0.030450
912,60.000,瞬时请求候选,0x352,8,3,3,0,0,0.6667,10,104,0.369650
913,60.000,瞬时请求候选,0x352,8,3,4,0,0,0.6667,10,104,-0.030450
914,60.000,瞬时请求候选,0x352,8,3,6,0,0,0.6667,10,104,-0.030450
915,60.000,瞬时请求候选,0x352,8,4,7,1,1,0.6667,10,104,-0.030450
916,60.000,瞬时请求候选,0x352,8,5,0,1,1,0.6667,10,104,-0.030450
917,60.000,瞬时请求候选,0x352,8,5,2,1,1,0.6667,10,104,-0.030450
918,60.000,瞬时请求候选,0x352,8,5,3,0,0,0.6667,10,104,-0.030450
919,60.000,瞬时请求候选,0x352,8,5,6,0,0,0.6667,10,104,-0.030450
920,60.000,瞬时请求候选,0x352,8,6,1,0,0,0.6667,10,108,0.270050
921,60.000,瞬时请求候选,0x352,8,6,2,1,1,0.6667,10,104,-0.030450
922,60.000,瞬时请求候选,0x352,8,6,5,1,1,0.6667,10,104,0.369650
923,60.000,瞬时请求候选,0x352,8,6,7,1,1,0.6667,10,108,0.270050
924,60.000,瞬时请求候选,0x352,8,7,0,0,0,0.6667,10,104,0.369650
925,60.000,瞬时请求候选,0x352,8,7,1,0,0,0.6667,10,104,-0.030450
926,60.000,瞬时请求候选,0x352,8,7,2,1,1,0.6667,10,104,-0.030450
927,60.000,瞬时请求候选,0x352,8,7,6,0,0,0.6667,10,104,-0.030450
928,60.000,瞬时请求候选,0x359,8,0,0,0,0,0.5804,10,897,-0.205850
929,60.000,瞬时请求候选,0x359,8,0,1,0,0,0.5429,10,486,-0.203550
930,60.000,瞬时请求候选,0x359,8,0,2,0,0,0.5482,10,328,-0.007550
931,60.000,瞬时请求候选,0x359,8,0,3,1,1,0.6482,10,251,0.143550
932,60.000,瞬时请求候选,0x359,8,0,7,0,0,0.8054,10,409,-0.007700
933,60.000,瞬时请求候选,0x359,8,1,0,0,0,0.7286,10,410,-0.103500
934,60.000,瞬时请求候选,0x359,8,1,1,0,0,0.6893,10,490,-0.155300
935,60.000,瞬时请求候选,0x359,8,1,2,0,0,0.6161,10,738,-0.203600
936,60.000,瞬时请求候选,0x359,8,1,3,0,0,0.7286,10,410,-0.105700
937,60.000,瞬时请求候选,0x359,8,1,4,0,0,0.6893,10,410,-0.153500
938,60.000,瞬时请求候选,0x359,8,1,5,0,0,0.7286,10,410,-0.105700
939,60.000,瞬时请求候选,0x359,8,1,6,0,0,0.8839,10,163,0.392400
940,60.000,瞬时请求候选,0x359,8,2,0,0,0,0.8464,10,164,0.392400
941,60.000,瞬时请求候选,0x359,8,2,4,0,0,0.8482,10,244,-0.007200
942,60.000,瞬时请求候选,0x359,8,2,6,0,0,0.8089,10,244,-0.007200
943,60.000,瞬时请求候选,0x359,8,2,7,0,0,0.8857,10,239,0.292950
944,60.000,瞬时请求候选,0x359,8,3,0,0,0,0.8089,10,244,-0.007200
945,60.000,瞬时请求候选,0x359,8,3,1,0,0,0.9232,10,163,0.492750
946,60.000,瞬时请求候选,0x359,8,3,3,0,0,0.9232,10,163,0.492750
947,60.000,瞬时请求候选,0x359,8,3,4,0,0,0.9250,10,159,0.294250
948,60.000,瞬时请求候选,0x359,8,3,7,0,0,0.9214,10,164,0.392400
949,60.000,瞬时请求候选,0x359,8,4,0,0,0,0.6946,10,567,-0.204300
950,60.000,瞬时请求候选,0x359,8,4,1,0,0,0.8089,10,322,-0.204300
951,60.000,瞬时请求候选,0x359,8,4,2,0,0,0.7250,10,492,-0.156400
952,60.000,瞬时请求候选,0x359,8,4,3,0,0,0.7661,10,406,-0.204300
953,60.000,瞬时请求候选,0x359,8,4,4,0,0,0.8464,10,322,-0.203650
954,60.000,瞬时请求候选,0x359,8,4,5,0,0,0.7696,10,407,-0.104200
955,60.000,瞬时请求候选,0x359,8,4,6,0,0,0.6929,10,409,-0.106600
956,60.000,瞬时请求候选,0x359,8,4,7,0,0,0.7339,10,568,-0.203700
957,60.000,瞬时请求候选,0x359,8,5,0,0,0,0.8446,10,241,-0.203550
958,60.000,瞬时请求候选,0x359,8,5,1,0,0,0.8482,10,323,-0.055250
959,60.000,瞬时请求候选,0x359,8,5,2,0,0,0.7732,10,406,-0.056050
960,60.000,瞬时请求候选,0x359,8,5,3,0,0,0.8107,10,245,0.492450
961,60.000,瞬时请求候选,0x359,8,5,4,0,0,0.8464,10,329,0.043550
962,60.000,瞬时请求候选,0x359,8,5,5,0,0,0.7732,10,492,-0.106000
963,60.000,瞬时请求候选,0x359,8,5,6,0,0,0.8482,10,323,-0.005750
964,60.000,瞬时请求候选,0x359,8,5,7,0,0,0.7732,10,406,-0.107700
965,60.000,瞬时请求候选,0x359,8,6,0,0,0,0.8500,10,329,0.044750
966,60.000,瞬时请求候选,0x359,8,6,1,0,0,0.6946,10,572,-0.204300
967,60.000,瞬时请求候选,0x359,8,6,2,0,0,0.8089,10,411,-0.103200
968,60.000,瞬时请求候选,0x359,8,6,3,0,0,0.8089,10,327,-0.203550
969,60.000,瞬时请求候选,0x359,8,6,4,0,0,0.8482,10,244,-0.005750
970,60.000,瞬时请求候选,0x359,8,6,5,0,0,0.7732,10,492,-0.107700
971,60.000,瞬时请求候选,0x359,8,6,6,0,0,0.8482,10,243,0.093600
972,60.000,瞬时请求候选,0x359,8,6,7,0,0,0.8839,10,242,-0.106000
973,60.000,瞬时请求候选,0x359,8,7,0,0,0,0.8107,10,326,-0.005750
974,60.000,瞬时请求候选,0x359,8,7,1,0,0,0.6911,10,574,-0.203550
975,60.000,瞬时请求候选,0x359,8,7,2,0,0,0.7339,10,405,-0.203550
976,60.000,瞬时请求候选,0x359,8,7,3,0,0,0.8125,10,406,-0.007700
977,60.000,瞬时请求候选,0x359,8,7,4,0,0,0.8875,10,248,0.041400
978,60.000,瞬时请求候选,0x359,8,7,5,0,0,0.8857,10,245,0.393550
979,60.000,瞬时请求候选,0x359,8,7,6,0,0,0.9232,10,162,0.693000
980,60.000,瞬时请求候选,0x359,8,7,7,0,0,0.7714,10,409,-0.203550
981,60.000,瞬时请求候选,0x360,8,0,0,0,0,0.5500,10,960,-0.151650
982,60.000,瞬时请求候选,0x360,8,0,1,0,0,0.5500,10,587,-0.055600
983,60.000,瞬时请求候选,0x360,8,0,2,0,0,0.6411,10,205,0.146100
984,60.000,瞬时请求候选,0x360,8,0,3,0,0,0.7339,10,192,0.146950
985,60.000,瞬时请求候选,0x360,8,6,2,0,0,0.9089,10,191,0.249600
986,60.000,瞬时请求候选,0x372,8,0,0,0,0,0.5333,10,1489,-0.208350
987,60.000,瞬时请求候选,0x372,8,1,0,0,0,0.7321,10,620,-0.149050
988,60.000,瞬时请求候选,0x372,8,1,1,0,0,0.7012,10,635,-0.178350
989,60.000,瞬时请求候选,0x372,8,1,2,0,0,0.7000,10,645,-0.148100
990,60.000,瞬时请求候选,0x372,8,1,3,0,0,0.8321,10,435,-0.177650
991,60.000,瞬时请求候选,0x372,8,1,4,0,0,0.8345,10,520,0.091950
992,60.000,瞬时请求候选,0x372,8,1,5,0,0,0.7726,10,302,0.391000
993,60.000,瞬时请求候选,0x372,8,1,6,0,0,0.6964,10,549,-0.207350
994,60.000,瞬时请求候选,0x372,8,1,7,0,0,0.7381,10,418,-0.207900
995,60.000,瞬时请求候选,0x372,8,2,0,0,0,0.6048,10,819,-0.207900
996,60.000,瞬时请求候选,0x372,8,2,1,0,0,0.6619,10,651,-0.088950
997,60.000,瞬时请求候选,0x372,8,2,2,0,0,0.8000,10,418,-0.208350
998,60.000,瞬时请求候选,0x372,8,2,3,0,0,0.7333,10,635,-0.088650
999,60.000,瞬时请求候选,0x372,8,2,4,0,0,0.6667,10,635,-0.208350
1000,60.000,瞬时请求候选,0x372,8,2,5,0,0,0.8000,10,435,0.031450
1001,60.000,瞬时请求候选,0x372,8,2,6,0,0,0.6512,10,641,-0.149250
1002,60.000,瞬时请求候选,0x372,8,2,7,0,0,0.7976,10,638,-0.207350
1003,60.000,瞬时请求候选,0x372,8,3,0,0,0,0.8107,10,628,-0.148800
1004,60.000,瞬时请求候选,0x372,8,3,1,0,0,0.8036,10,624,-0.207350
1005,60.000,瞬时请求候选,0x372,8,3,2,不一致,0,0.5381,10,748,-0.149300
1006,60.000,瞬时请求候选,0x372,8,3,3,0,0,0.6369,10,831,-0.149300
1007,60.000,瞬时请求候选,0x372,8,3,4,0,0,0.7440,10,609,-0.207900
1008,60.000,瞬时请求候选,0x372,8,3,5,0,0,0.9333,10,188,-0.148450
1009,60.000,瞬时请求候选,0x372,8,3,6,0,0,0.9298,10,200,-0.088650
1010,60.000,瞬时请求候选,0x372,8,3,7,0,0,0.8000,10,427,-0.208350
1011,60.000,瞬时请求候选,0x372,8,4,0,0,0,0.9333,10,218,0.451900
1012,60.000,瞬时请求候选,0x372,8,4,1,0,0,0.8000,10,427,-0.208350
1013,60.000,瞬时请求候选,0x372,8,4,2,0,0,0.8000,10,654,0.091600
1014,60.000,瞬时请求候选,0x372,8,4,3,0,0,0.9333,10,218,0.451900
1015,60.000,瞬时请求候选,0x372,8,4,4,0,0,0.8762,10,373,-0.207550
1016,60.000,瞬时请求候选,0x372,8,4,6,0,0,0.8369,10,421,-0.207500
1017,60.000,瞬时请求候选,0x372,8,4,7,0,0,0.8976,10,317,-0.207300
1018,60.000,瞬时请求候选,0x372,8,5,0,0,0,0.6202,10,847,-0.207450
1019,60.000,瞬时请求候选,0x372,8,5,1,0,0,0.9131,10,282,0.090700
1020,60.000,瞬时请求候选,0x372,8,5,2,0,0,0.8667,10,436,0.391900
1021,60.000,瞬时请求候选,0x372,8,5,3,0,0,0.8667,10,436,0.271900
1022,60.000,瞬时请求候选,0x372,8,5,4,0,0,0.8000,10,427,-0.208350
1023,60.000,瞬时请求候选,0x372,8,5,5,0,0,0.7333,10,872,0.091600
1024,60.000,瞬时请求候选,0x372,8,5,6,0,0,0.7333,10,654,0.271900
1025,60.000,瞬时请求候选,0x372,8,5,7,0,0,0.8667,10,436,0.091600
1026,60.000,瞬时请求候选,0x372,8,6,0,0,0,0.8333,10,542,0.091600
1027,60.000,瞬时请求候选,0x372,8,6,1,0,0,0.6988,10,978,-0.028050
1028,60.000,瞬时请求候选,0x372,8,6,2,0,0,0.6655,10,973,-0.178200
1029,60.000,瞬时请求候选,0x372,8,6,3,0,0,0.6679,10,974,-0.207450
1030,60.000,瞬时请求候选,0x372,8,6,4,0,0,0.7500,10,694,-0.149150
1031,60.000,瞬时请求候选,0x372,8,6,5,0,0,0.6131,10,1022,-0.207300
1032,60.000,瞬时请求候选,0x372,8,6,6,0,0,0.7310,10,843,-0.207450
1033,60.000,瞬时请求候选,0x372,8,6,7,0,0,0.8631,10,426,-0.149400
1034,60.000,瞬时请求候选,0x372,8,7,0,0,0,0.8405,10,206,-0.119350
1035,60.000,瞬时请求候选,0x372,8,7,1,0,0,0.8024,10,646,-0.207550
1036,60.000,瞬时请求候选,0x372,8,7,3,0,0,0.8667,10,418,-0.148450
1037,60.000,瞬时请求候选,0x372,8,7,4,0,0,0.8667,10,408,-0.148450
1038,60.000,瞬时请求候选,0x372,8,7,5,0,0,0.9333,10,209,-0.208350
1039,60.000,瞬时请求候选,0x372,8,7,6,0,0,0.9333,10,200,-0.148450
1040,60.000,瞬时请求候选,0x372,8,7,7,0,0,0.8667,10,436,0.331650
1041,60.000,瞬时请求候选,0x379,8,0,2,0,0,0.6750,10,179,0.075100
1042,60.000,瞬时请求候选,0x379,8,0,3,0,0,0.6607,10,180,0.074350
1043,60.000,瞬时请求候选,0x379,8,1,6,0,0,0.8750,10,267,0.072600
1044,60.000,瞬时请求候选,0x379,8,1,7,0,0,0.8732,10,277,0.072600
1045,60.000,瞬时请求候选,0x379,8,2,0,0,0,0.6982,10,349,-0.076650
1046,60.000,瞬时请求候选,0x379,8,2,1,0,0,0.7179,10,361,-0.024450
1047,60.000,瞬时请求候选,0x379,8,2,2,0,0,0.7482,10,314,-0.025000
1048,60.000,瞬时请求候选,0x379,8,2,3,不一致,不一致,0.5357,10,289,-0.076650
1049,60.000,瞬时请求候选,0x379,8,2,4,0,0,0.8554,10,246,0.123200
1050,60.000,瞬时请求候选,0x379,8,2,5,0,0,0.8482,10,193,0.073200
1051,60.000,瞬时请求候选,0x379,8,2,6,0,0,0.8143,10,246,0.270050
1052,60.000,瞬时请求候选,0x379,8,2,7,0,0,0.8125,10,276,0.123200
1053,60.000,瞬时请求候选,0x379,8,3,0,0,0,0.8143,10,227,0.173200
1054,60.000,瞬时请求候选,0x379,8,3,1,0,0,0.8411,10,218,0.273000
1055,60.000,瞬时请求候选,0x379,8,3,2,0,0,0.8071,10,268,0.320050
1056,60.000,瞬时请求候选,0x379,8,3,3,1,1,0.5232,10,360,-0.075700
1057,60.000,瞬时请求候选,0x379,8,3,4,0,0,0.8893,10,185,0.272450
1058,60.000,瞬时请求候选,0x379,8,3,6,0,0,0.5482,10,254,-0.075700
1059,60.000,瞬时请求候选,0x379,8,3,7,0,0,0.8804,10,189,0.123200
1060,60.000,瞬时请求候选,0x379,8,4,0,1,1,0.5750,10,347,0.071750
1061,60.000,瞬时请求候选,0x379,8,4,1,0,0,0.5821,10,356,-0.125150
1062,60.000,瞬时请求候选,0x379,8,4,2,0,0,0.9179,10,181,0.373200
1063,60.000,瞬时请求候选,0x379,8,4,3,0,0,0.9179,10,181,0.373200
1064,60.000,瞬时请求候选,0x379,8,4,4,1,1,0.5786,10,179,0.073250
1065,60.000,瞬时请求候选,0x379,8,4,5,0,0,0.6643,10,177,0.071400
1066,60.000,瞬时请求候选,0x379,8,4,6,0,0,0.7571,10,178,0.073200
1067,60.000,瞬时请求候选,0x379,8,4,7,0,0,0.7571,10,178,0.073200
1068,60.000,瞬时请求候选,0x379,8,5,0,1,1,0.5786,10,179,0.073250
1069,60.000,瞬时请求候选,0x379,8,5,1,0,0,0.6643,10,177,0.071400
1070,60.000,瞬时请求候选,0x379,8,5,2,0,0,0.6643,10,177,0.071400
1071,60.000,瞬时请求候选,0x379,8,5,3,0,0,0.7464,10,176,-0.026850
1072,60.000,瞬时请求候选,0x379,8,5,4,0,0,0.6643,10,177,0.071400
1073,60.000,瞬时请求候选,0x379,8,5,5,0,0,0.6054,10,287,-0.027000
1074,60.000,瞬时请求候选,0x379,8,5,6,0,0,0.9429,10,137,0.373200
1075,60.000,瞬时请求候选,0x379,8,5,7,0,0,0.5821,10,358,-0.075150
1076,60.000,瞬时请求候选,0x379,8,6,0,1,1,0.6250,10,355,-0.077300
1077,60.000,瞬时请求候选,0x379,8,6,2,0,0,0.5321,10,354,-0.077000
1078,60.000,瞬时请求候选,0x379,8,6,3,0,0,0.7464,10,178,0.024250
1079,60.000,瞬时请求候选,0x379,8,6,4,0,0,0.8321,10,357,-0.025800
1080,60.000,瞬时请求候选,0x379,8,6,5,0,0,0.6643,10,177,0.071400
1081,60.000,瞬时请求候选,0x379,8,7,0,0,0,0.5857,10,355,-0.126250
1082,60.000,瞬时请求候选,0x379,8,7,1,0,0,0.5929,10,179,0.073250
1083,60.000,瞬时请求候选,0x379,8,7,2,0,0,0.9179,10,181,0.373200
1084,60.000,瞬时请求候选,0x379,8,7,3,0,0,0.9143,10,176,0.272100
1085,60.000,瞬时请求候选,0x37A,8,0,3,0,0,0.7500,10,532,-0.112250
1086,60.000,瞬时请求候选,0x37A,8,0,5,0,0,0.6500,10,723,-0.211800
1087,60.000,瞬时请求候选,0x37A,8,0,7,1,1,0.7500,10,532,-0.112250
1088,60.000,瞬时请求候选,0x381,8,0,0,0,0,0.5199,10,2856,-0.227100
1089,60.000,瞬时请求候选,0x381,8,0,2,0,0,0.5591,10,660,-0.158750
1090,60.000,瞬时请求候选,0x381,8,0,3,0,0,0.5855,10,441,-0.160000
1091,60.000,瞬时请求候选,0x381,8,0,4,0,0,0.5951,10,219,-0.087900
1092,60.000,瞬时请求候选,0x381,8,0,5,0,0,0.8310,10,979,-0.122750
1093,60.000,瞬时请求候选,0x381,8,0,6,0,0,0.7969,10,1214,-0.186150
1094,60.000,瞬时请求候选,0x381,8,0,7,0,0,0.8123,10,879,-0.176450
1095,60.000,瞬时请求候选,0x381,8,1,0,0,0,0.7905,10,619,-0.038950
1096,60.000,瞬时请求候选,0x381,8,1,1,0,0,0.6067,10,1218,-0.176450
1097,60.000,瞬时请求候选,0x381,8,1,2,0,0,0.8843,10,702,-0.140800
1098,60.000,瞬时请求候选,0x381,8,1,3,0,0,0.8920,10,605,-0.103800
1099,60.000,瞬时请求候选,0x381,8,1,4,0,0,0.6703,10,1104,-0.184650
1100,60.000,瞬时请求候选,0x381,8,1,5,0,0,0.6677,10,1096,-0.165200
1101,60.000,瞬时请求候选,0x381,8,1,6,0,0,0.7063,10,1086,-0.153150
1102,60.000,瞬时请求候选,0x381,8,1,7,0,0,0.8503,10,660,-0.075050
1103,60.000,瞬时请求候选,0x381,8,2,0,0,0,0.6697,10,883,-0.099550
1104,60.000,瞬时请求候选,0x381,8,2,1,0,0,0.6305,10,1325,-0.207300
1105,60.000,瞬时请求候选,0x381,8,2,2,0,0,0.7770,10,1096,-0.140800
1106,60.000,瞬时请求候选,0x381,8,2,3,0,0,0.7789,10,1316,-0.159750
1107,60.000,瞬时请求候选,0x381,8,2,4,0,0,0.6652,10,1316,-0.207300
1108,60.000,瞬时请求候选,0x381,8,2,5,0,0,0.7108,10,1279,-0.126550
1109,60.000,瞬时请求候选,0x381,8,2,6,0,0,0.7725,10,1132,-0.131150
1110,60.000,瞬时请求候选,0x381,8,2,7,0,0,0.8136,10,864,-0.103800
1111,60.000,瞬时请求候选,0x381,8,3,0,0,0,0.6632,10,1316,-0.185950
1112,60.000,瞬时请求候选,0x381,8,3,1,0,0,0.6292,10,1530,-0.180650
1113,60.000,瞬时请求候选,0x381,8,3,2,0,0,0.6324,10,1538,-0.135050
1114,60.000,瞬时请求候选,0x381,8,3,3,0,0,0.7044,10,1094,-0.145000
1115,60.000,瞬时请求候选,0x381,8,3,4,0,0,0.5938,10,1759,-0.189350
1116,60.000,瞬时请求候选,0x381,8,3,5,0,0,0.6658,10,1540,-0.187500
1117,60.000,瞬时请求候选,0x381,8,3,6,0,0,0.6632,10,1313,-0.191600
1118,60.000,瞬时请求候选,0x381,8,3,7,0,0,0.6272,10,1310,-0.171300
1119,60.000,瞬时请求候选,0x381,8,4,0,0,0,0.7044,10,1321,-0.147150
1120,60.000,瞬时请求候选,0x381,8,4,1,0,0,0.8149,10,662,-0.103800
1121,60.000,瞬时请求候选,0x381,8,4,2,0,0,0.8149,10,660,-0.033050
1122,60.000,瞬时请求候选,0x381,8,4,3,0,0,0.7757,10,666,-0.158750
1123,60.000,瞬时请求候选,0x381,8,4,4,0,0,0.8130,10,889,-0.158750
1124,60.000,瞬时请求候选,0x381,8,4,5,0,0,0.8895,10,661,-0.103800
1125,60.000,瞬时请求候选,0x381,8,4,6,0,0,0.8959,10,645,-0.002600
1126,60.000,瞬时请求候选,0x381,8,4,7,0,0,0.8432,10,654,-0.133550
1127,60.000,瞬时请求候选,0x381,8,5,0,0,0,0.8175,10,436,-0.027450
1128,60.000,瞬时请求候选,0x381,8,5,1,0,0,0.8509,10,880,-0.140450
1129,60.000,瞬时请求候选,0x381,8,5,2,0,0,0.6279,10,1757,-0.227100
1130,60.000,瞬时请求候选,0x381,8,5,3,0,0,0.7294,10,1308,-0.204250
1131,60.000,瞬时请求候选,0x381,8,5,4,0,0,0.7789,10,659,0.030000
1132,60.000,瞬时请求候选,0x381,8,5,5,0,0,0.7911,10,1156,-0.203650
1133,60.000,瞬时请求候选,0x381,8,5,6,0,0,0.7198,10,1435,-0.196800
1134,60.000,瞬时请求候选,0x381,8,5,7,0,0,0.7641,10,1304,-0.147000
1135,60.000,瞬时请求候选,0x381,8,6,0,0,0,0.7050,10,656,-0.071850
1136,60.000,瞬时请求候选,0x381,8,6,1,0,0,0.7012,10,874,-0.162000
1137,60.000,瞬时请求候选,0x381,8,6,2,0,0,0.7044,10,1098,-0.187500
1138,60.000,瞬时请求候选,0x381,8,6,3,0,0,0.7770,10,870,-0.135050
1139,60.000,瞬时请求候选,0x381,8,6,4,0,0,0.7622,10,970,-0.171300
1140,60.000,瞬时请求候选,0x381,8,6,5,0,0,0.8117,10,876,-0.203450
1141,60.000,瞬时请求候选,0x381,8,6,6,0,0,0.8522,10,876,-0.187500
1142,60.000,瞬时请求候选,0x381,8,6,7,0,0,0.8130,10,653,-0.122750
1143,60.000,瞬时请求候选,0x381,8,7,0,0,0,0.7815,10,1102,-0.083600
1144,60.000,瞬时请求候选,0x381,8,7,1,0,0,0.7526,10,878,-0.038550
1145,60.000,瞬时请求候选,0x381,8,7,2,0,0,0.7403,10,875,-0.000600
1146,60.000,瞬时请求候选,0x381,8,7,3,0,0,0.8188,10,662,-0.027450
1147,60.000,瞬时请求候选,0x381,8,7,4,0,0,0.8895,10,442,-0.042250
1148,60.000,瞬时请求候选,0x381,8,7,5,0,0,0.7468,10,881,-0.055000
1149,60.000,瞬时请求候选,0x381,8,7,6,0,0,0.7809,10,1098,-0.135050
1150,60.000,瞬时请求候选,0x381,8,7,7,0,0,0.8920,10,442,0.266800
1151,60.000,瞬时请求候选,0x38A,8,0,0,1,1,0.6661,10,711,-0.197950
1152,60.000,瞬时请求候选,0x38A,8,0,1,0,0,0.6661,10,711,-0.197750
1153,60.000,瞬时请求候选,0x393,8,2,0,1,1,0.5214,10,1012,-0.235000
1154,60.000,瞬时请求候选,0x39A,8,0,4,1,1,0.6000,10,778,-0.191500
1155,60.000,瞬时请求候选,0x39A,8,0,5,1,1,0.5821,10,832,-0.191500
1156,60.000,瞬时请求候选,0x39A,8,0,6,1,1,0.5821,10,832,-0.191500
1157,60.000,瞬时请求候选,0x39A,8,0,7,1,1,0.5821,10,832,-0.191500
1158,60.000,瞬时请求候选,0x39A,8,1,2,1,1,0.7339,10,592,-0.189050
1159,60.000,瞬时请求候选,0x39A,8,2,3,1,1,0.6839,10,733,-0.188850
1160,60.000,瞬时请求候选,0x39A,8,3,5,1,1,0.5250,10,1043,-0.191500
1161,60.000,瞬时请求候选,0x3A1,8,3,1,1,1,0.7509,10,1076,-0.240700
1162,60.000,瞬时请求候选,0x3A1,8,3,2,0,0,0.7580,10,1089,-0.242250
1163,60.000,瞬时请求候选,0x3A1,8,3,3,1,1,0.7125,10,1224,-0.193550
1164,60.000,瞬时请求候选,0x3A1,8,3,4,0,0,0.7732,10,986,-0.191550
1165,60.000,瞬时请求候选,0x3A1,8,3,5,0,0,0.7036,10,1359,-0.215750
1166,60.000,瞬时请求候选,0x3A1,8,3,6,0,0,0.7045,10,1385,-0.215750
1167,60.000,瞬时请求候选,0x3A1,8,3,7,1,1,0.7045,10,1343,-0.215750
1168,60.000,瞬时请求候选,0x3A1,8,4,0,1,1,0.5000,10,2059,-0.242250
1169,60.000,瞬时请求候选,0x3A1,8,4,1,1,1,0.5000,10,2059,-0.242250
1170,60.000,瞬时请求候选,0x3A1,8,7,1,0,0,0.7491,10,1051,-0.140300
1171,60.000,瞬时请求候选,0x3A1,8,7,2,1,1,0.7562,10,1089,-0.242250
1172,60.000,瞬时请求候选,0x3A1,8,7,3,1,1,0.7366,10,1117,-0.216000
1173,60.000,瞬时请求候选,0x3A1,8,7,4,0,0,0.7134,10,1102,-0.240250
1174,60.000,瞬时请求候选,0x3A1,8,7,5,不一致,不一致,0.5179,10,1071,-0.192200
1175,60.000,瞬时请求候选,0x3A1,8,7,6,不一致,1,0.5054,10,1551,-0.242250
1176,60.000,瞬时请求候选,0x3A1,8,7,7,不一致,1,0.5045,10,1312,-0.166900
1177,60.000,瞬时请求候选,0x3A2,8,0,0,0,0,0.6669,10,2155,-0.231500
1178,60.000,瞬时请求候选,0x3A2,8,0,1,0,0,0.6663,10,2156,-0.226850
1179,60.000,瞬时请求候选,0x3A2,8,0,5,不一致,不一致,0.6297,10,2156,-0.228650
1180,60.000,瞬时请求候选,0x3A2,8,0,6,不一致,0,0.6415,10,2153,-0.226850
1181,60.000,瞬时请求候选,0x3A2,8,0,7,0,0,0.6928,10,1878,-0.226850
1182,60.000,瞬时请求候选,0x3A2,8,1,0,0,0,0.6669,10,2155,-0.226850
1183,60.000,瞬时请求候选,0x3A2,8,1,1,0,0,0.6663,10,2156,-0.226850
1184,60.000,瞬时请求候选,0x3A2,8,1,2,0,0,0.6669,10,2155,-0.226850
1185,60.000,瞬时请求候选,0x3A2,8,1,3,0,0,0.6663,10,2156,-0.226850
1186,60.000,瞬时请求候选,0x3A2,8,1,4,0,0,0.6751,10,2058,-0.231500
1187,60.000,瞬时请求候选,0x3A2,8,1,5,0,0,0.6486,10,2155,-0.226850
1188,60.000,瞬时请求候选,0x3A2,8,1,7,0,0,0.6669,10,2155,-0.226850
1189,60.000,瞬时请求候选,0x3A2,8,2,1,0,0,0.6669,10,2155,-0.226850
1190,60.000,瞬时请求候选,0x3A2,8,2,4,0,0,0.6669,10,2155,-0.226850
1191,60.000,瞬时请求候选,0x3A2,8,2,5,1,1,0.6663,10,2156,-0.226850
1192,60.000,瞬时请求候选,0x3A2,8,2,6,0,0,0.6669,10,2155,-0.226850
1193,60.000,瞬时请求候选,0x3A2,8,2,7,0,0,0.7928,10,1335,-0.202350
1194,60.000,瞬时请求候选,0x3A2,8,3,0,0,0,0.9087,10,610,0.009950
1195,60.000,瞬时请求候选,0x3A2,8,3,1,0,0,0.7917,10,1341,-0.202350
1196,60.000,瞬时请求候选,0x3A2,8,3,3,0,0,0.6680,10,2115,-0.226850
1197,60.000,瞬时请求候选,0x3A2,8,3,5,0,0,0.6669,10,2111,-0.226850
1198,60.000,瞬时请求候选,0x3A2,8,3,7,0,0,0.6669,10,2155,-0.226850
1199,60.000,瞬时请求候选,0x3A2,8,4,0,0,0,0.7175,10,1811,-0.194050
1200,60.000,瞬时请求候选,0x3A2,8,4,1,0,0,0.7816,10,1377,-0.194050
1201,60.000,瞬时请求候选,0x3A2,8,4,2,不一致,0,0.5162,10,2155,-0.226250
1202,60.000,瞬时请求候选,0x3A2,8,4,3,0,0,0.8358,10,1071,-0.193200
1203,60.000,瞬时请求候选,0x3A2,8,4,5,0,0,0.6651,10,2156,-0.226850
1204,60.000,瞬时请求候选,0x3A2,8,5,4,0,0,0.6669,10,2155,-0.231500
1205,60.000,瞬时请求候选,0x3A2,8,5,5,0,0,0.6669,10,2155,-0.231500
1206,60.000,瞬时请求候选,0x3A2,8,5,6,0,0,0.6669,10,2155,-0.231500
1207,60.000,瞬时请求候选,0x3A2,8,5,7,1,1,0.6657,10,2156,-0.226850
1208,60.000,瞬时请求候选,0x3A2,8,6,0,0,0,0.6663,10,2155,-0.231500
1209,60.000,瞬时请求候选,0x3A2,8,6,1,0,0,0.6669,10,2155,-0.231500
1210,60.000,瞬时请求候选,0x3A2,8,6,2,0,0,0.6669,10,2155,-0.231500
1211,60.000,瞬时请求候选,0x3A2,8,6,3,0,0,0.6669,10,2155,-0.231500
1212,60.000,瞬时请求候选,0x3A2,8,6,4,0,0,0.6669,10,2155,-0.231500
1213,60.000,瞬时请求候选,0x3A2,8,6,5,0,0,0.6669,10,2155,-0.231500
1214,60.000,瞬时请求候选,0x3A2,8,6,6,1,1,0.6663,10,2156,-0.226850
1215,60.000,瞬时请求候选,0x3A2,8,6,7,1,1,0.6663,10,2156,-0.226850
1216,60.000,瞬时请求候选,0x3A2,8,7,0,0,0,0.6669,10,2155,-0.226850
1217,60.000,瞬时请求候选,0x3A2,8,7,1,0,0,0.6669,10,2155,-0.226850
1218,60.000,瞬时请求候选,0x3A2,8,7,4,0,0,0.6669,10,2155,-0.226850
1219,60.000,瞬时请求候选,0x3A2,8,7,5,0,0,0.6669,10,2155,-0.226850
1220,60.000,瞬时请求候选,0x3A2,8,7,6,0,0,0.6669,10,2155,-0.226850
1221,60.000,瞬时请求候选,0x3A8,8,0,0,0,0,0.6000,10,426,-0.173350
1222,60.000,瞬时请求候选,0x3A8,8,0,1,0,0,0.6000,10,217,0.026250
1223,60.000,瞬时请求候选,0x3A8,8,0,2,0,0,0.8000,10,217,0.026250
1224,60.000,瞬时请求候选,0x3A8,8,1,0,0,0,0.8000,10,218,0.226450
1225,60.000,瞬时请求候选,0x3A8,8,1,1,0,0,0.6000,10,218,0.226450
1226,60.000,瞬时请求候选,0x3A8,8,1,2,0,0,0.8000,10,218,0.226450
1227,60.000,瞬时请求候选,0x3A8,8,1,3,0,0,0.8000,10,218,0.226450
1228,60.000,瞬时请求候选,0x3A8,8,1,4,0,0,0.8000,10,218,0.226450
1229,60.000,瞬时请求候选,0x3A8,8,1,5,0,0,0.7464,10,217,0.224950
1230,60.000,瞬时请求候选,0x3A8,8,1,6,0,0,0.7714,10,217,0.225550
1231,60.000,瞬时请求候选,0x3A8,8,1,7,0,0,0.6250,10,218,0.028350
1232,60.000,瞬时请求候选,0x3A8,8,2,0,0,0,0.8000,10,217,0.026250
1233,60.000,瞬时请求候选,0x3A8,8,2,1,0,0,0.8000,10,217,0.026250
1234,60.000,瞬时请求候选,0x3A8,8,2,3,0,0,0.8000,10,209,-0.173350
1235,60.000,瞬时请求候选,0x3A8,8,2,4,0,0,0.8000,10,209,-0.173350
1236,60.000,瞬时请求候选,0x3A8,8,3,0,不一致,不一致,0.5214,10,427,-0.173350
1237,60.000,瞬时请求候选,0x3A8,8,3,1,0,0,0.7036,10,215,0.223850
1238,60.000,瞬时请求候选,0x3A8,8,3,2,0,0,0.6393,10,217,0.126200
1239,60.000,瞬时请求候选,0x3A8,8,3,3,0,0,0.6321,10,217,0.126200
1240,60.000,瞬时请求候选,0x3A8,8,3,4,0,0,0.6321,10,217,0.126200
1241,60.000,瞬时请求候选,0x3A8,8,3,5,0,0,0.6321,10,217,0.126200
1242,60.000,瞬时请求候选,0x3A8,8,3,6,0,0,0.6321,10,217,0.126200
1243,60.000,瞬时请求候选,0x3A8,8,5,0,0,0,0.8143,10,202,0.427200
1244,60.000,瞬时请求候选,0x3A8,8,5,1,0,0,0.8143,10,202,0.427200
1245,60.000,瞬时请求候选,0x3A8,8,6,0,0,0,0.8000,10,218,0.426250
1246,60.000,瞬时请求候选,0x3A8,8,6,1,0,0,0.8000,10,218,0.426250
1247,60.000,瞬时请求候选,0x3A8,8,6,2,0,0,0.8000,10,218,0.426250
1248,60.000,瞬时请求候选,0x3A8,8,6,3,0,0,0.8000,10,218,0.426250
1249,60.000,瞬时请求候选,0x3A8,8,6,4,0,0,0.8000,10,218,0.426250
1250,60.000,瞬时请求候选,0x3A8,8,6,5,0,0,0.7964,10,218,0.426250
1251,60.000,瞬时请求候选,0x3A8,8,6,6,0,0,0.8000,10,218,0.426250
1252,60.000,瞬时请求候选,0x3A8,8,6,7,0,0,0.8000,10,218,0.426250
1253,60.000,瞬时请求候选,0x3AE,8,6,4,不一致,不一致,0.5014,10,2821,-0.232850
1254,60.000,瞬时请求候选,0x3AE,8,7,4,不一致,不一致,0.5014,10,2821,-0.232850
1255,60.000,瞬时请求候选,0x3B2,8,0,0,不一致,不一致,0.5181,10,327,-0.128650
1256,60.000,瞬时请求候选,0x3B2,8,0,1,1,不一致,0.5236,10,165,0.070500
1257,60.000,瞬时请求候选,0x3B2,8,1,1,不一致,0,0.6652,10,130,0.019450
1258,60.000,瞬时请求候选,0x3B2,8,1,2,0,0,0.6387,10,155,0.219150
1259,60.000,瞬时请求候选,0x3B2,8,1,3,0,0,0.6428,10,156,-0.030300
1260,60.000,瞬时请求候选,0x3B2,8,1,5,0,0,0.6589,10,108,-0.030900
1261,60.000,瞬时请求候选,0x3B2,8,1,6,不一致,0,0.6580,10,135,0.120000
1262,60.000,瞬时请求候选,0x3B2,8,1,7,0,0,0.6739,10,131,0.169750
1263,60.000,瞬时请求候选,0x3B2,8,2,0,不一致,0,0.6585,10,127,0.019450
1264,60.000,瞬时请求候选,0x3B2,8,3,1,0,0,0.6884,10,144,0.219150
1265,60.000,瞬时请求候选,0x3B2,8,3,4,不一致,0,0.6626,10,140,0.170300
1266,60.000,瞬时请求候选,0x3B2,8,3,6,0,0,0.6810,10,131,0.020000
1267,60.000,瞬时请求候选,0x3B2,8,4,0,0,0,0.6744,10,147,0.069950
1268,60.000,瞬时请求候选,0x3B2,8,4,2,不一致,0,0.6377,10,121,-0.030500
1269,60.000,瞬时请求候选,0x3B2,8,5,1,0,0,0.6314,10,166,-0.030900
1270,60.000,瞬时请求候选,0x3B2,8,5,6,0,0,0.6639,10,164,0.069950
1271,60.000,瞬时请求候选,0x3B2,8,6,0,0,不一致,0.5907,10,175,-0.030900
1272,60.000,瞬时请求候选,0x3B2,8,6,2,0,0,0.6639,10,150,0.069950
1273,60.000,瞬时请求候选,0x3B2,8,6,6,0,0,0.6658,10,138,0.270100
1274,60.000,瞬时请求候选,0x3B2,8,6,7,0,不一致,0.6605,10,158,0.320800
1275,60.000,瞬时请求候选,0x3B2,8,7,0,0,0,0.6569,10,148,0.269950
1276,60.000,瞬时请求候选,0x3B2,8,7,2,0,0,0.6239,10,158,0.121350
1277,60.000,瞬时请求候选,0x3B2,8,7,4,0,0,0.6757,10,155,0.369150
1278,60.000,瞬时请求候选,0x3B2,8,7,5,0,0,0.7225,10,118,0.569750
1279,60.000,瞬时请求候选,0x3B2,8,7,6,0,0,0.7811,10,109,0.620150
1280,60.000,瞬时请求候选,0x3C0,8,0,0,0,0,0.5446,10,974,-0.157350
1281,60.000,瞬时请求候选,0x3C0,8,0,1,0,0,0.5464,10,584,-0.156150
1282,60.000,瞬时请求候选,0x3C0,8,0,2,0,0,0.6304,10,195,0.189100
1283,60.000,瞬时请求候选,0x3C0,8,0,3,0,0,0.7304,10,195,-0.056700
1284,60.000,瞬时请求候选,0x3C0,8,2,4,0,0,0.9107,10,195,-0.009350
1285,60.000,瞬时请求候选,0x3C0,8,7,0,0,0,0.9089,10,194,0.190450
1286,60.000,瞬时请求候选,0x3C4,8,0,2,0,0,0.6575,9,60,-0.105400
1287,60.000,瞬时请求候选,0x3C4,8,5,4,不一致,不一致,0.6008,9,60,-0.105400
1288,60.000,瞬时请求候选,0x3C4,8,6,5,0,0,0.6257,9,60,0.394800
1289,60.000,瞬时请求候选,0x3C8,8,0,0,0,0,0.5732,10,914,-0.198900
1290,60.000,瞬时请求候选,0x3C8,8,0,1,0,0,0.5714,10,610,-0.150700
1291,60.000,瞬时请求候选,0x3DB,8,0,0,0,0,0.6250,10,164,0.067450
1292,60.000,瞬时请求候选,0x3DB,8,0,1,1,1,0.6250,10,162,0.067450
1293,60.000,瞬时请求候选,0x3DB,8,1,3,0,0,0.7500,10,109,0.318150
1294,60.000,瞬时请求候选,0x3DB,8,3,2,0,0,0.7500,10,108,0.316300
1295,60.000,瞬时请求候选,0x3DB,8,4,0,0,0,0.7500,10,108,0.316300
1296,60.000,瞬时请求候选,0x3DB,8,4,2,0,0,0.7500,10,108,0.316300
1297,60.000,瞬时请求候选,0x3DB,8,4,4,0,0,0.7500,10,109,0.566650
1298,60.000,瞬时请求候选,0x3DB,8,5,7,0,0,0.7500,10,111,0.068150
1299,60.000,瞬时请求候选,0x3E8,8,0,0,0,0,0.5714,10,918,-0.153250
1300,60.000,瞬时请求候选,0x3E8,8,0,1,0,0,0.5714,10,612,-0.104050
1301,60.000,瞬时请求候选,0x3F9,8,0,0,0,0,0.5571,10,953,-0.170350
1302,60.000,瞬时请求候选,0x3F9,8,0,1,0,0,0.5536,10,477,-0.073100
1303,60.000,瞬时请求候选,0x3F9,8,0,3,0,0,0.8893,10,236,0.079750
1304,60.000,瞬时请求候选,0x3FD,8,0,0,0,0,0.6667,10,435,0.175000
1305,60.000,瞬时请求候选,0x3FD,8,0,1,0,0,0.6667,10,434,0.125050
1306,60.000,瞬时请求候选,0x3FD,8,2,1,0,0,0.6667,10,435,0.175000
1307,60.000,瞬时请求候选,0x3FD,8,3,2,0,0,0.6667,10,435,0.134700
1308,60.000,瞬时请求候选,0x3FD,8,3,3,0,0,0.6667,10,435,0.134700
1309,60.000,瞬时请求候选,0x3FD,8,3,4,0,0,0.6667,10,435,0.134700
1310,60.000,瞬时请求候选,0x3FD,8,3,5,0,0,0.6667,10,435,0.134700
1311,60.000,瞬时请求候选,0x3FD,8,4,5,0,0,0.6667,10,435,0.134700
1312,60.000,瞬时请求候选,0x3FD,8,5,3,0,0,0.6667,10,435,0.175000
1313,60.000,瞬时请求候选,0x3FD,8,6,0,0,0,0.6667,10,435,0.134700
1314,60.000,瞬时请求候选,0x3FD,8,6,1,0,0,0.6667,10,435,0.175000
1315,60.000,瞬时请求候选,0x3FD,8,6,4,0,0,0.6667,10,435,0.175000
1316,60.000,瞬时请求候选,0x3FD,8,7,4,0,0,0.6667,10,434,0.125050
1317,60.000,瞬时请求候选,0x401,8,0,0,1,1,0.5000,10,3807,-0.248000
1318,60.000,瞬时请求候选,0x401,8,0,1,1,1,0.5000,10,1907,-0.227100
1319,60.000,瞬时请求候选,0x401,8,0,2,0,0,0.5556,10,845,-0.188150
1320,60.000,瞬时请求候选,0x401,8,0,3,0,0,0.5556,10,427,-0.108050
1321,60.000,瞬时请求候选,0x401,8,0,4,0,0,0.5556,10,218,0.052000
1322,60.000,瞬时请求候选,0x401,8,0,5,0,0,0.8889,10,218,0.371950
1323,60.000,瞬时请求候选,0x401,8,1,3,1,1,0.9722,10,218,0.431850
1324,60.000,瞬时请求候选,0x401,8,1,5,1,1,0.9722,10,218,0.431850
1325,60.000,瞬时请求候选,0x401,8,2,0,1,1,0.5322,10,2016,-0.227650
1326,60.000,瞬时请求候选,0x401,8,2,1,0,0,0.6984,10,1916,-0.226450
1327,60.000,瞬时请求候选,0x401,8,2,2,0,0,0.5377,10,2011,-0.248000
1328,60.000,瞬时请求候选,0x401,8,2,3,0,0,0.5382,10,1707,-0.208000
1329,60.000,瞬时请求候选,0x401,8,2,4,0,0,0.6334,10,1973,-0.208000
1330,60.000,瞬时请求候选,0x401,8,2,5,1,1,0.9697,10,252,0.371700
1331,60.000,瞬时请求候选,0x401,8,4,0,不一致,1,0.5794,10,2024,-0.247400
1332,60.000,瞬时请求候选,0x401,8,4,1,0,0,0.7098,10,1416,-0.218000
1333,60.000,瞬时请求候选,0x401,8,4,2,1,1,0.5491,10,2070,-0.169300
1334,60.000,瞬时请求候选,0x401,8,4,3,1,1,0.5491,10,1741,-0.227100
1335,60.000,瞬时请求候选,0x401,8,4,4,0,0,0.7614,10,1475,-0.248000
1336,60.000,瞬时请求候选,0x401,8,4,5,1,1,0.9722,10,218,0.431850
1337,60.000,瞬时请求候选,0x401,8,4,7,1,1,0.9722,10,218,0.431850
1338,60.000,瞬时请求候选,0x401,8,5,7,1,1,0.9722,10,218,0.431850
1339,60.000,瞬时请求候选,0x401,8,6,0,不一致,0,0.5427,10,1962,-0.207750
1340,60.000,瞬时请求候选,0x401,8,6,1,0,0,0.6419,10,1857,-0.187400
1341,60.000,瞬时请求候选,0x401,8,6,2,不一致,不一致,0.5362,10,1897,-0.227100
1342,60.000,瞬时请求候选,0x401,8,6,3,不一致,不一致,0.5094,10,1807,-0.248000
1343,60.000,瞬时请求候选,0x401,8,6,4,0,0,0.6637,10,1680,-0.227100
1344,60.000,瞬时请求候选,0x401,8,6,5,1,1,0.9598,10,314,0.430850
1345,60.000,瞬时请求候选,0x401,8,6,7,1,1,0.9722,10,218,0.431850
1346,60.000,瞬时请求候选,0x401,8,7,7,1,1,0.9722,10,218,0.431850
1347,60.000,瞬时请求候选,0x405,8,0,0,0,0,0.6652,10,285,-0.136650
1348,60.000,瞬时请求候选,0x405,8,0,1,0,0,0.6652,10,284,-0.139950
1349,60.000,瞬时请求候选,0x405,8,1,0,1,1,0.6696,10,283,-0.140050
1350,60.000,瞬时请求候选,0x405,8,1,1,1,1,0.6696,10,283,-0.140050
1351,60.000,瞬时请求候选,0x405,8,1,4,0,0,0.6652,10,285,-0.136650
1352,60.000,瞬时请求候选,0x405,8,1,5,0,0,0.6652,10,285,-0.136650
1353,60.000,瞬时请求候选,0x405,8,1,6,0,0,0.6652,10,284,-0.139950
1354,60.000,瞬时请求候选,0x405,8,2,0,0,0,0.6652,10,285,-0.136650
1355,60.000,瞬时请求候选,0x405,8,2,1,0,0,0.6652,10,284,-0.139950
1356,60.000,瞬时请求候选,0x405,8,2,2,0,0,0.6652,10,285,-0.136650
1357,60.000,瞬时请求候选,0x405,8,2,4,0,0,0.6652,10,284,-0.139950
1358,60.000,瞬时请求候选,0x405,8,2,5,0,0,0.6652,10,284,-0.139950
1359,60.000,瞬时请求候选,0x405,8,2,6,0,0,0.6652,10,285,-0.136650
1360,60.000,瞬时请求候选,0x405,8,3,0,1,1,0.6696,10,283,-0.140050
1361,60.000,瞬时请求候选,0x405,8,3,1,0,0,0.6652,10,285,-0.136650
1362,60.000,瞬时请求候选,0x405,8,3,2,1,1,0.6696,10,283,-0.140050
1363,60.000,瞬时请求候选,0x405,8,3,4,1,1,0.6696,10,283,-0.140050
1364,60.000,瞬时请求候选,0x405,8,3,5,1,1,0.6696,10,283,-0.140050
1365,60.000,瞬时请求候选,0x405,8,4,1,1,1,0.6696,10,283,-0.140050
1366,60.000,瞬时请求候选,0x405,8,4,2,1,1,0.6696,10,283,-0.140050
1367,60.000,瞬时请求候选,0x405,8,4,4,0,0,0.6652,10,284,-0.139950
1368,60.000,瞬时请求候选,0x405,8,4,5,0,0,0.6652,10,284,-0.139950
1369,60.000,瞬时请求候选,0x405,8,4,6,0,0,0.6652,10,285,-0.136650
1370,60.000,瞬时请求候选,0x405,8,5,0,0,0,0.6652,10,285,-0.136650
1371,60.000,瞬时请求候选,0x405,8,5,2,0,0,0.6696,10,283,-0.140050
1372,60.000,瞬时请求候选,0x405,8,5,3,1,1,0.6652,10,285,-0.136650
1373,60.000,瞬时请求候选,0x405,8,5,4,0,0,0.6652,10,284,-0.139950
1374,60.000,瞬时请求候选,0x405,8,5,5,0,0,0.6652,10,284,-0.139950
1375,60.000,瞬时请求候选,0x405,8,5,6,1,1,0.6652,10,284,-0.139950
1376,60.000,瞬时请求候选,0x405,8,6,0,0,0,0.6652,10,285,-0.136650
1377,60.000,瞬时请求候选,0x405,8,6,1,1,1,0.6652,10,285,-0.136650
1378,60.000,瞬时请求候选,0x405,8,6,2,0,0,0.6652,10,285,-0.136650
1379,60.000,瞬时请求候选,0x405,8,6,5,1,1,0.6696,10,283,-0.140050
1380,60.000,瞬时请求候选,0x405,8,6,6,0,0,0.6696,10,283,-0.140050
1381,60.000,瞬时请求候选,0x405,8,7,1,1,1,0.6652,10,285,-0.136650
1382,60.000,瞬时请求候选,0x405,8,7,2,1,1,0.6652,10,284,-0.139950
1383,60.000,瞬时请求候选,0x405,8,7,3,0,0,0.6652,10,285,-0.136650
1384,60.000,瞬时请求候选,0x405,8,7,4,1,1,0.6652,10,285,-0.136650
1385,60.000,瞬时请求候选,0x405,8,7,5,0,0,0.6652,10,284,-0.139950
1386,60.000,瞬时请求候选,0x405,8,7,6,1,1,0.6652,10,284,-0.139950
1387,60.000,瞬时请求候选,0x414,8,0,0,0,0,0.6652,10,285,-0.139300
1388,60.000,瞬时请求候选,0x414,8,0,1,0,0,0.6652,10,284,-0.140500
1389,60.000,瞬时请求候选,0x414,8,1,5,1,1,0.6696,10,283,-0.141450
1390,60.000,瞬时请求候选,0x414,8,2,5,1,1,0.6696,10,283,-0.141450
1391,60.000,瞬时请求候选,0x414,8,3,5,1,1,0.6696,10,283,-0.141450
1392,60.000,瞬时请求候选,0x414,8,4,5,1,1,0.6696,10,283,-0.141450
1393,60.000,瞬时请求候选,0x441,8,0,0,不一致,1,0.5188,10,2032,-0.225100
1394,60.000,瞬时请求候选,0x441,8,0,2,1,1,0.5188,10,2030,-0.225100
1395,60.000,瞬时请求候选,0x441,8,7,0,1,1,0.5188,10,2032,-0.225100
1396,60.000,瞬时请求候选,0x441,8,7,4,1,1,0.5000,10,1598,-0.225100
1397,60.000,瞬时请求候选,0x441,8,7,5,1,1,0.5000,10,1336,-0.175900
1398,60.000,瞬时请求候选,0x441,8,7,6,1,1,0.6250,10,1333,-0.223900
1399,60.000,瞬时请求候选,0x441,8,7,7,1,1,0.8125,10,803,0.022300
1400,60.000,瞬时请求候选,0x4E2,8,0,4,0,0,0.8750,10,266,0.197100
1401,60.000,瞬时请求候选,0x4E2,8,0,5,0,0,0.8750,10,266,0.094800
1402,60.000,瞬时请求候选,0x4E2,8,0,6,0,0,0.8750,10,266,-0.001300
1403,60.000,瞬时请求候选,0x4E2,8,1,0,0,0,0.6250,10,797,-0.202750
1404,60.000,瞬时请求候选,0x4E2,8,1,1,0,0,0.7500,10,532,-0.151550
1405,60.000,瞬时请求候选,0x4E2,8,1,2,0,0,0.6286,10,530,-0.200900
1406,60.000,瞬时请求候选,0x4E2,8,1,3,1,1,0.6286,10,267,-0.002250
1407,60.000,瞬时请求候选,0x4E2,8,1,4,0,0,0.7500,10,532,-0.153700
1408,60.000,瞬时请求候选,0x4E2,8,1,5,0,0,0.8750,10,266,-0.105250
1409,60.000,瞬时请求候选,0x4E2,8,1,6,0,0,0.7500,10,531,-0.200850
1410,60.000,瞬时请求候选,0x4E2,8,1,7,0,0,0.8750,10,267,0.195300
1411,60.000,瞬时请求候选,0x4E2,8,2,0,0,0,0.8750,10,266,-0.105250
1412,60.000,瞬时请求候选,0x4E2,8,2,1,0,0,0.6250,10,535,-0.102050
1413,60.000,瞬时请求候选,0x4E2,8,2,2,0,0,0.6250,10,529,-0.202750
1414,60.000,瞬时请求候选,0x4E2,8,2,5,0,0,0.7500,10,266,-0.102000
1415,60.000,瞬时请求候选,0x4E2,8,2,6,0,0,0.8750,10,266,-0.001300
1416,60.000,瞬时请求候选,0x4E2,8,2,7,0,0,0.8750,10,266,-0.102000
1417,60.000,瞬时请求候选,0x4E2,8,3,0,0,0,0.8464,10,324,-0.004600
1418,60.000,瞬时请求候选,0x4E2,8,3,6,0,0,0.8554,10,302,-0.002250
1419,60.000,瞬时请求候选,0x4E2,8,3,7,0,0,0.8893,10,238,-0.102000
1420,60.000,瞬时请求候选,0x4E2,8,4,0,0,0,0.8482,10,300,-0.002250
1421,60.000,瞬时请求候选,0x4E2,8,4,1,0,0,0.8554,10,302,-0.002250
1422,60.000,瞬时请求候选,0x4E2,8,4,3,0,0,0.8554,10,296,-0.103150
1423,60.000,瞬时请求候选,0x4E2,8,5,3,0,0,0.7500,10,266,-0.102000
1424,60.000,瞬时请求候选,0x4E2,8,5,4,0,0,0.8750,10,266,-0.102000
1425,60.000,瞬时请求候选,0x4E2,8,5,5,0,0,0.8750,10,266,-0.102000
1426,60.000,瞬时请求候选,0x4E2,8,5,6,0,0,0.8750,10,266,-0.102000
1427,60.000,瞬时请求候选,0x4E2,8,6,7,0,0,0.6250,10,533,-0.105250
1428,60.000,瞬时请求候选,0x4E2,8,7,0,0,0,0.7500,10,532,-0.200850
1429,60.000,瞬时请求候选,0x4E2,8,7,2,0,0,0.6250,10,534,-0.103150
1430,60.000,瞬时请求候选,0x4E2,8,7,3,0,0,0.7500,10,531,-0.200850
1431,60.000,瞬时请求候选,0x4E2,8,7,4,0,0,0.8750,10,266,0.094800
1432,60.000,瞬时请求候选,0x4E2,8,7,5,0,0,0.7500,10,263,-0.200850
1433,60.000,瞬时请求候选,0x4E3,8,0,4,0,0,0.8750,10,266,-0.020350
1434,60.000,瞬时请求候选,0x4E3,8,0,5,0,0,0.8750,10,265,0.075300
1435,60.000,瞬时请求候选,0x4E3,8,0,6,0,0,0.8750,10,266,-0.020350
1436,60.000,瞬时请求候选,0x4E3,8,0,7,0,0,0.8750,10,266,-0.020350
1437,60.000,瞬时请求候选,0x4E3,8,1,0,1,1,0.5000,10,799,-0.218950
1438,60.000,瞬时请求候选,0x4E3,8,1,1,0,0,0.6250,10,528,-0.223050
1439,60.000,瞬时请求候选,0x4E3,8,1,2,0,0,0.6250,10,797,-0.223050
1440,60.000,瞬时请求候选,0x4E3,8,1,3,0,0,0.7500,10,268,-0.120800
1441,60.000,瞬时请求候选,0x4E3,8,1,4,0,0,0.6250,10,533,-0.122300
1442,60.000,瞬时请求候选,0x4E3,8,1,5,0,0,0.6250,10,265,-0.073550
1443,60.000,瞬时请求候选,0x4E3,8,1,7,0,0,0.7500,10,269,0.075300
1444,60.000,瞬时请求候选,0x4E3,8,2,0,0,0,0.8750,10,266,-0.020350
1445,60.000,瞬时请求候选,0x4E3,8,2,1,0,0,0.7500,10,532,-0.121700
1446,60.000,瞬时请求候选,0x4E3,8,2,2,0,0,0.7500,10,269,0.075300
1447,60.000,瞬时请求候选,0x4E3,8,2,3,0,0,0.8750,10,266,-0.020350
1448,60.000,瞬时请求候选,0x4E3,8,2,5,0,0,0.8750,10,266,-0.020350
1449,60.000,瞬时请求候选,0x4E3,8,2,6,0,0,0.8750,10,266,-0.020350
1450,60.000,瞬时请求候选,0x4E3,8,3,0,0,0,0.7946,10,420,-0.022300
1451,60.000,瞬时请求候选,0x4E3,8,3,4,0,0,0.8214,10,351,-0.020350
1452,60.000,瞬时请求候选,0x4E3,8,3,6,0,0,0.8214,10,351,-0.020350
1453,60.000,瞬时请求候选,0x4E3,8,5,1,0,0,0.8750,10,266,-0.020350
1454,60.000,瞬时请求候选,0x4E3,8,5,3,0,0,0.8750,10,266,-0.020350
1455,60.000,瞬时请求候选,0x4E3,8,6,7,0,0,0.7500,10,268,-0.120800
1456,60.000,瞬时请求候选,0x4E3,8,7,0,0,0,0.7500,10,262,-0.219200
1457,60.000,瞬时请求候选,0x4E3,8,7,1,0,0,0.8750,10,266,-0.123950
1458,60.000,瞬时请求候选,0x4E3,8,7,2,0,0,0.7500,10,529,-0.219200
1459,60.000,瞬时请求候选,0x4E3,8,7,3,0,0,0.7500,10,530,-0.219200
1460,60.000,瞬时请求候选,0x4E3,8,7,4,0,0,0.8750,10,265,0.075300
1461,60.000,瞬时请求候选,0x4E3,8,7,5,0,0,0.7500,10,269,0.075300
1462,60.000,瞬时请求候选,0x52F,8,5,4,1,1,0.5357,10,103,0.359350
1463,60.000,瞬时请求候选,0x52F,8,6,6,1,1,0.5000,10,104,0.358450
1464,60.000,瞬时请求候选,0x545,8,0,0,0,0,0.6669,10,2155,-0.231300
1465,60.000,瞬时请求候选,0x545,8,0,1,0,0,0.6663,10,2156,-0.225650
1466,60.000,瞬时请求候选,0x545,8,0,4,0,0,0.8205,10,1090,-0.199250
1467,60.000,瞬时请求候选,0x545,8,0,5,0,0,0.8194,10,1104,-0.199250
1468,60.000,瞬时请求候选,0x545,8,0,6,0,0,0.6804,10,2037,-0.225650
1469,60.000,瞬时请求候选,0x545,8,0,7,0,0,0.8305,10,1054,-0.199250
1470,60.000,瞬时请求候选,0x545,8,1,0,0,0,0.8357,10,1121,-0.116050
1471,60.000,瞬时请求候选,0x545,8,2,0,0,0,0.5932,10,1839,-0.225650
1472,60.000,瞬时请求候选,0x545,8,2,1,不一致,不一致,0.5438,10,2103,-0.232550
1473,60.000,瞬时请求候选,0x545,8,2,2,0,不一致,0.6221,10,1858,-0.224800
1474,60.000,瞬时请求候选,0x545,8,2,5,0,0,0.6669,10,2155,-0.225650
1475,60.000,瞬时请求候选,0x545,8,3,4,0,0,0.7993,10,1326,-0.202450
1476,60.000,瞬时请求候选,0x545,8,3,5,0,0,0.8829,10,735,0.010900
1477,60.000,瞬时请求候选,0x545,8,3,6,0,0,0.8835,10,788,-0.027250
1478,60.000,瞬时请求候选,0x545,8,4,0,0,0,0.6910,10,1949,-0.225650
1479,60.000,瞬时请求候选,0x545,8,4,2,0,0,0.6669,10,2155,-0.225650
1480,60.000,瞬时请求候选,0x545,8,4,4,0,0,0.6669,10,2155,-0.225650
1481,60.000,瞬时请求候选,0x545,8,4,7,0,0,0.6669,10,2155,-0.225650
1482,60.000,瞬时请求候选,0x545,8,5,0,0,0,0.8163,10,1205,-0.189000
1483,60.000,瞬时请求候选,0x545,8,5,1,0,0,0.9211,10,523,0.070500
1484,60.000,瞬时请求候选,0x545,8,5,2,0,0,0.8617,10,885,-0.150850
1485,60.000,瞬时请求候选,0x545,8,5,3,0,0,0.8011,10,1281,-0.225250
1486,60.000,瞬时请求候选,0x545,8,5,4,0,0,0.6663,10,2155,-0.231300
1487,60.000,瞬时请求候选,0x545,8,5,6,0,0,0.6675,10,2141,-0.225650
1488,60.000,瞬时请求候选,0x545,8,6,0,0,0,0.6669,10,2155,-0.225650
1489,60.000,瞬时请求候选,0x545,8,6,3,0,0,0.6669,10,2155,-0.225650
1490,60.000,瞬时请求候选,0x545,8,7,0,1,1,0.6669,10,1630,-0.228550
1491,60.000,瞬时请求候选,0x545,8,7,1,1,1,0.6539,10,1738,-0.220150
1492,60.000,瞬时请求候选,0x545,8,7,2,0,不一致,0.6439,10,1655,-0.216250
1493,60.000,瞬时请求候选,0x545,8,7,3,1,1,0.6881,10,1700,-0.225650
1494,60.000,瞬时请求候选,0x545,8,7,4,不一致,不一致,0.5180,10,1727,-0.228400
1495,60.000,瞬时请求候选,0x545,8,7,5,不一致,1,0.5168,10,1396,-0.199250
1496,60.000,瞬时请求候选,0x545,8,7,6,不一致,不一致,0.5144,10,1286,-0.195800
1497,60.000,瞬时请求候选,0x545,8,7,7,不一致,0,0.5091,10,1154,-0.127400
1498,60.000,瞬时请求候选,0x55A,8,0,1,0,0,0.7500,10,209,-0.141750
1499,60.000,瞬时请求候选,0x677,8,0,0,0,0,0.6000,10,2143,-0.193350
1500,60.000,瞬时请求候选,0x677,8,0,1,0,0,0.6000,10,1072,-0.153500
1501,60.000,瞬时请求候选,0x677,8,0,2,0,0,0.8000,10,1063,-0.233750
1502,60.000,瞬时请求候选,0x709,8,0,0,不一致,不一致,0.5196,10,333,-0.056050
1503,60.000,瞬时请求候选,0x709,8,1,6,不一致,不一致,0.5527,10,121,0.217050
1504,60.000,瞬时请求候选,0x709,8,1,7,0,0,0.7143,10,102,0.121650
1505,60.000,瞬时请求候选,0x712,8,0,0,1,1,0.5000,10,635,-0.129000
1506,60.000,瞬时请求候选,0x712,8,0,1,0,0,0.6667,10,217,0.070250
1507,60.000,瞬时请求候选,0x712,8,0,2,0,0,0.6667,10,209,-0.129000
1508,60.000,瞬时请求候选,0x712,8,1,1,1,1,0.6667,10,209,-0.129000
1509,60.000,瞬时请求候选,0x712,8,1,3,1,1,0.6667,10,209,-0.129000
1510,60.000,瞬时请求候选,0x712,8,1,5,1,1,0.6667,10,209,-0.129000
1511,60.000,瞬时请求候选,0x712,8,2,0,0,0,0.6905,10,267,-0.078950
1512,60.000,瞬时请求候选,0x712,8,2,1,0,0,0.7798,10,205,-0.078250
1513,60.000,瞬时请求候选,0x712,8,2,2,0,0,0.6756,10,304,-0.126050
1514,60.000,瞬时请求候选,0x712,8,2,3,0,0,0.7381,10,339,-0.030100
1515,60.000,瞬时请求候选,0x712,8,2,4,0,0,0.8333,10,217,0.070250
1516,60.000,瞬时请求候选,0x712,8,2,5,0,0,0.8333,10,218,0.170200
1517,60.000,瞬时请求候选,0x712,8,2,6,1,1,0.6667,10,209,-0.129000
1518,60.000,瞬时请求候选,0x712,8,2,7,1,1,0.6667,10,209,-0.129000
1519,60.000,瞬时请求候选,0x712,8,3,0,1,1,0.6667,10,209,-0.129000
1520,60.000,瞬时请求候选,0x712,8,3,2,1,1,0.6667,10,209,-0.129000
1521,60.000,瞬时请求候选,0x712,8,3,3,1,1,0.6667,10,209,-0.129000
1522,60.000,瞬时请求候选,0x712,8,4,0,0,0,0.6399,10,294,-0.126050
1523,60.000,瞬时请求候选,0x712,8,4,1,0,0,0.6756,10,255,-0.030650
1524,60.000,瞬时请求候选,0x712,8,4,2,0,0,0.6964,10,274,0.019650
1525,60.000,瞬时请求候选,0x712,8,4,3,0,0,0.6607,10,279,0.069250
1526,60.000,瞬时请求候选,0x712,8,4,4,0,0,0.6250,10,356,-0.126800
1527,60.000,瞬时请求候选,0x712,8,4,5,不一致,不一致,0.5327,10,417,-0.129000
1528,60.000,瞬时请求候选,0x712,8,4,6,0,0,0.8006,10,217,0.070250
1529,60.000,瞬时请求候选,0x712,8,4,7,1,1,0.6667,10,209,-0.129000
1530,60.000,瞬时请求候选,0x712,8,5,0,1,1,0.6667,10,209,-0.129000
1531,60.000,瞬时请求候选,0x712,8,5,2,1,1,0.6667,10,209,-0.129000
1532,60.000,瞬时请求候选,0x712,8,5,3,1,1,0.6667,10,209,-0.129000
1533,60.000,瞬时请求候选,0x712,8,6,0,0,0,0.6548,10,283,-0.127750
1534,60.000,瞬时请求候选,0x712,8,6,1,0,0,0.7411,10,246,-0.078800
1535,60.000,瞬时请求候选,0x712,8,6,2,0,0,0.6607,10,301,-0.078700
1536,60.000,瞬时请求候选,0x712,8,6,3,0,0,0.6161,10,306,-0.078700
1537,60.000,瞬时请求候选,0x712,8,6,4,1,1,0.5595,10,223,-0.078200
1538,60.000,瞬时请求候选,0x712,8,6,5,0,0,0.8304,10,216,0.170000
1539,60.000,瞬时请求候选,0x712,8,6,6,1,1,0.5000,10,424,-0.129000
1540,60.000,瞬时请求候选,0x712,8,6,7,1,1,0.6667,10,209,-0.129000
1541,60.000,瞬时请求候选,0x712,8,7,0,1,1,0.6667,10,209,-0.129000
1542,60.000,瞬时请求候选,0x712,8,7,2,1,1,0.6667,10,209,-0.129000
1543,60.000,瞬时请求候选,0x712,8,7,3,1,1,0.6667,10,209,-0.129000
1544,60.000,瞬时请求候选,0x718,7,0,0,0,0,0.6000,10,426,-0.071850
1545,60.000,瞬时请求候选,0x718,7,0,1,0,0,0.6000,10,217,0.128200
1546,60.000,瞬时请求候选,0x718,7,0,2,0,0,0.8000,10,217,0.128200
1547,60.000,瞬时请求候选,0x719,8,0,0,1,1,0.5455,10,1553,-0.232100
1548,60.000,瞬时请求候选,0x719,8,0,1,0,0,0.5455,10,1163,-0.231600
1549,60.000,瞬时请求候选,0x719,8,0,2,1,1,0.6357,10,774,-0.230250
1550,60.000,瞬时请求候选,0x719,8,0,3,0,0,0.7250,10,386,-0.128700
1551,60.000,瞬时请求候选,0x719,8,0,4,0,0,0.5473,10,775,-0.158050
1552,60.000,瞬时请求候选,0x719,8,0,5,0,0,0.8920,10,474,-0.109200
1553,60.000,瞬时请求候选,0x719,8,0,6,0,0,0.8759,10,553,-0.059000
1554,60.000,瞬时请求候选,0x719,8,1,0,0,0,0.6955,10,1165,-0.208100
1555,60.000,瞬时请求候选,0x719,8,1,1,0,0,0.7705,10,388,-0.183050
1556,60.000,瞬时请求候选,0x719,8,1,2,0,0,0.8661,10,387,-0.155650
1557,60.000,瞬时请求候选,0x719,8,1,3,0,0,0.9509,10,185,0.265350
1558,60.000,瞬时请求候选,0x719,8,1,4,0,0,0.8643,10,576,-0.108050
1559,60.000,瞬时请求候选,0x719,8,1,5,0,0,0.8446,10,387,-0.058900
1560,60.000,瞬时请求候选,0x719,8,1,6,0,0,0.8902,10,388,-0.055850
1561,60.000,瞬时请求候选,0x719,8,2,0,0,0,0.9080,10,388,-0.055850
1562,60.000,瞬时请求候选,0x719,8,2,1,0,0,0.8179,10,776,-0.182850
1563,60.000,瞬时请求候选,0x719,8,2,2,0,0,0.9080,10,388,-0.055850
1564,60.000,瞬时请求候选,0x719,8,2,3,0,0,0.9080,10,388,-0.055850
1565,60.000,瞬时请求候选,0x719,8,2,4,0,0,0.9080,10,387,0.018100
1566,60.000,瞬时请求候选,0x719,8,3,0,0,0,0.9098,10,389,0.065250
1567,60.000,瞬时请求候选,0x719,8,3,2,0,0,0.8196,10,777,-0.205800
1568,60.000,瞬时请求候选,0x719,8,3,3,0,0,0.9098,10,389,0.065250
1569,60.000,瞬时请求候选,0x719,8,3,4,0,0,0.8196,10,777,-0.205800
1570,60.000,瞬时请求候选,0x719,8,4,0,0,0,0.9509,10,192,0.117500
1571,60.000,瞬时请求候选,0x719,8,4,1,0,0,0.9509,10,201,0.042400
1572,60.000,瞬时请求候选,0x719,8,4,2,0,0,0.7723,10,974,-0.205800
1573,60.000,瞬时请求候选,0x719,8,4,3,0,0,0.9482,10,212,0.366100
1574,60.000,瞬时请求候选,0x719,8,4,4,0,0,0.7696,10,776,-0.182850
1575,60.000,瞬时请求候选,0x719,8,4,5,0,0,0.8705,10,576,-0.133050
1576,60.000,瞬时请求候选,0x719,8,4,6,0,0,0.8902,10,388,-0.081850
1577,60.000,瞬时请求候选,0x719,8,4,7,0,0,0.9098,10,389,0.065250
1578,60.000,瞬时请求候选,0x719,8,5,0,0,0,0.8054,10,448,-0.059950
1579,60.000,瞬时请求候选,0x719,8,5,2,0,0,0.9098,10,388,-0.109200
1580,60.000,瞬时请求候选,0x719,8,5,3,0,0,0.9089,10,388,0.040300
1581,60.000,瞬时请求候选,0x719,8,5,4,0,0,0.9089,10,388,0.040300
1582,60.000,瞬时请求候选,0x719,8,5,5,0,0,0.8187,10,776,-0.205100
1583,60.000,瞬时请求候选,0x719,8,5,6,0,0,0.9089,10,388,0.040300
1584,60.000,瞬时请求候选,0x719,8,6,0,0,0,0.9098,10,388,-0.109200
1585,60.000,瞬时请求候选,0x719,8,6,2,0,0,0.9098,10,388,-0.109200
1586,60.000,瞬时请求候选,0x719,8,6,5,0,0,0.8179,10,776,-0.182850
1587,60.000,瞬时请求候选,0x719,8,7,2,0,0,0.9089,10,387,-0.103500
1588,60.000,瞬时请求候选,0x719,8,7,4,0,0,0.9089,10,387,-0.103500
1589,60.000,瞬时请求候选,0x75D,8,0,0,0,0,0.5750,10,450,-0.234850
1590,60.000,瞬时请求候选,0x75D,8,0,1,0,0,0.5786,10,301,-0.137100
1591,60.000,瞬时请求候选,0x75D,8,0,4,0,0,0.7857,10,227,0.062900
1592,60.000,瞬时请求候选,0x75D,8,0,6,0,0,0.7857,10,233,0.064750
1593,60.000,瞬时请求候选,0x75D,8,1,1,0,0,0.8321,10,163,-0.039200
1594,60.000,瞬时请求候选,0x75D,8,1,2,0,0,0.8500,10,173,0.168850
1595,60.000,瞬时请求候选,0x75D,8,1,3,0,0,0.8464,10,164,0.062900
1596,60.000,瞬时请求候选,0x75D,8,1,6,0,0,0.8179,10,197,0.168700
1597,60.000,瞬时请求候选,0x75D,8,1,7,0,0,0.8464,10,162,-0.034900
1598,60.000,瞬时请求候选,0x75D,8,2,2,0,0,0.7107,10,300,-0.135750
1599,60.000,瞬时请求候选,0x75D,8,2,3,0,0,0.8607,10,150,0.262900
1600,60.000,瞬时请求候选,0x75D,8,2,4,0,0,0.8500,10,152,0.064900
1601,60.000,瞬时请求候选,0x75D,8,2,5,0,0,0.7107,10,302,-0.135750
1602,60.000,瞬时请求候选,0x75D,8,2,6,0,0,0.8500,10,152,0.064900
1603,60.000,瞬时请求候选,0x75D,8,2,7,0,0,0.7250,10,150,0.064550
1604,60.000,瞬时请求候选,0x75D,8,3,0,0,0,0.7857,10,229,0.064900
1605,60.000,瞬时请求候选,0x75D,8,3,1,0,0,0.7750,10,231,-0.036550
1606,60.000,瞬时请求候选,0x75D,8,3,2,0,0,0.7750,10,231,0.064900
1607,60.000,瞬时请求候选,0x75D,8,3,4,0,0,0.7857,10,218,0.064900
1608,60.000,瞬时请求候选,0x75D,8,3,5,0,0,0.8750,10,132,0.262900
1609,60.000,瞬时请求候选,0x75D,8,3,6,0,0,0.8750,10,132,0.262900
1610,60.000,瞬时请求候选,0x75D,8,5,2,0,0,0.9143,10,106,0.364800
1611,60.000,瞬时请求候选,0x75D,8,5,4,0,0,0.8679,10,146,0.262900
1612,60.000,瞬时请求候选,0x75D,8,5,6,0,0,0.8607,10,150,0.262900
1613,60.000,瞬时请求候选,0x75D,8,5,7,0,0,0.8607,10,150,0.262900
1614,60.000,瞬时请求候选,0x75D,8,6,2,0,0,0.8607,10,150,0.262900
1615,60.000,瞬时请求候选,0x75D,8,6,3,0,0,0.8571,10,149,0.062550
1616,60.000,瞬时请求候选,0x75D,8,6,4,0,0,0.8607,10,150,0.262900
1617,60.000,瞬时请求候选,0x75D,8,6,5,0,0,0.7143,10,151,0.063600
1618,60.000,瞬时请求候选,0x75D,8,6,7,0,0,0.7286,10,287,-0.232050
1619,60.000,瞬时请求候选,0x75D,8,7,0,0,0,0.8714,10,138,0.262900
1620,60.000,瞬时请求候选,0x75D,8,7,1,0,0,0.8429,10,151,0.163500
1621,60.000,瞬时请求候选,0x75D,8,7,2,0,0,0.8571,10,149,0.062550
1622,60.000,瞬时请求候选,0x75D,8,7,5,0,0,0.8536,10,151,0.163500
1623,60.000,瞬时请求候选,0x75D,8,7,6,0,0,0.8607,10,150,0.262900
1624,60.000,瞬时请求候选,0x75D,8,7,7,0,0,0.8536,10,151,0.163500
1625,60.000,瞬时请求候选,0x77A,8,1,2,1,1,0.5268,10,200,0.234150
1626,60.000,瞬时请求候选,0x77A,8,1,3,不一致,1,0.5268,10,202,0.234150
1627,60.000,瞬时请求候选,0x77A,8,2,1,不一致,1,0.5268,10,200,0.234150
1628,60.000,瞬时请求候选,0x788,8,0,0,0,0,0.6661,10,714,-0.185700
1629,60.000,瞬时请求候选,0x788,8,0,1,0,0,0.6661,10,713,-0.186300
1630,60.000,瞬时请求候选,0x788,8,0,3,0,0,0.6679,10,699,-0.185000
1631,60.000,瞬时请求候选,0x788,8,0,5,0,0,0.6679,10,703,-0.185000
1632,60.000,瞬时请求候选,0x788,8,0,7,0,0,0.6679,10,715,-0.185000
1633,60.000,瞬时请求候选,0x788,8,1,2,0,0,0.6679,10,715,-0.185000
1634,60.000,瞬时请求候选,0x788,8,1,3,0,0,0.6679,10,715,-0.185000
1635,60.000,瞬时请求候选,0x788,8,1,4,0,0,0.6679,10,715,-0.185000
1636,60.000,瞬时请求候选,0x788,8,1,5,0,0,0.6679,10,715,-0.185000
1637,60.000,瞬时请求候选,0x788,8,1,6,0,0,0.6661,10,713,-0.186300
1638,60.000,瞬时请求候选,0x788,8,1,7,0,0,0.6679,10,715,-0.185000
1639,60.000,瞬时请求候选,0x788,8,2,0,不一致,不一致,0.5161,10,715,-0.186300
1640,60.000,瞬时请求候选,0x788,8,2,1,0,0,0.8286,10,388,-0.186100
1641,60.000,瞬时请求候选,0x788,8,2,4,不一致,不一致,0.5732,10,716,-0.185100
1642,60.000,瞬时请求候选,0x788,8,2,5,0,0,0.6679,10,715,-0.185000
1643,60.000,瞬时请求候选,0x788,8,2,6,1,1,0.6661,10,714,-0.185700
1644,60.000,瞬时请求候选,0x788,8,2,7,0,0,0.6661,10,713,-0.186300
1645,60.000,瞬时请求候选,0x788,8,3,0,1,1,0.6661,10,714,-0.185700
1646,60.000,瞬时请求候选,0x788,8,3,1,1,1,0.6661,10,714,-0.185700
1647,60.000,瞬时请求候选,0x788,8,3,2,0,0,0.6661,10,713,-0.186300
1648,60.000,瞬时请求候选,0x788,8,3,5,0,0,0.6679,10,715,-0.185000
1649,60.000,瞬时请求候选,0x788,8,3,6,0,0,0.6679,10,715,-0.185000
1650,60.000,瞬时请求候选,0x788,8,4,0,0,0,0.6661,10,714,-0.185700
1651,60.000,瞬时请求候选,0x788,8,4,1,0,0,0.6661,10,714,-0.185700
1652,60.000,瞬时请求候选,0x788,8,4,2,0,0,0.6661,10,714,-0.185700
1653,60.000,瞬时请求候选,0x788,8,4,3,0,0,0.6661,10,714,-0.185700
1654,60.000,瞬时请求候选,0x788,8,4,4,0,0,0.6661,10,714,-0.185700
1655,60.000,瞬时请求候选,0x788,8,4,5,0,0,0.6661,10,714,-0.185700
1656,60.000,瞬时请求候选,0x788,8,4,6,0,0,0.6661,10,714,-0.185700
1657,60.000,瞬时请求候选,0x788,8,4,7,0,0,0.6661,10,714,-0.185700
1658,60.000,瞬时请求候选,0x788,8,5,0,0,0,0.6661,10,714,-0.185700
1659,60.000,瞬时请求候选,0x788,8,5,5,0,0,0.6661,10,714,-0.185700
1660,60.000,瞬时请求候选,0x788,8,5,7,0,0,0.6661,10,714,-0.185700
1661,60.000,瞬时请求候选,0x788,8,6,3,0,0,0.6661,10,714,-0.185700
1662,60.000,瞬时请求候选,0x788,8,6,5,0,0,0.7214,10,588,-0.137500
1663,60.000,瞬时请求候选,0x788,8,6,7,1,1,0.6661,10,713,-0.186300
1664,60.000,瞬时请求候选,0x788,8,7,1,0,0,0.6661,10,714,-0.185700
1665,60.000,瞬时请求候选,0x788,8,7,4,0,0,0.6661,10,714,-0.185700
1666,60.000,瞬时请求候选,0x78A,8,2,0,0,0,0.5732,10,918,-0.165950
1667,60.000,瞬时请求候选,0x78A,8,2,1,0,0,0.5732,10,612,-0.164900
1668,60.000,瞬时请求候选,0x78A,8,4,0,0,0,0.7946,10,438,-0.067150
1669,60.000,瞬时请求候选,0x78A,8,4,1,1,1,0.5839,10,613,-0.067850
1670,60.000,瞬时请求候选,0x78A,8,4,2,1,1,0.6839,10,341,-0.016350
1671,60.000,瞬时请求候选,0x78A,8,4,3,0,0,0.6107,10,478,-0.065400
1672,60.000,瞬时请求候选,0x78A,8,4,4,0,0,0.7571,10,473,-0.015400
1673,60.000,瞬时请求候选,0x78A,8,4,5,1,1,0.6143,10,408,-0.015050
1674,60.000,瞬时请求候选,0x78A,8,4,6,0,0,0.7161,10,306,-0.065550
1675,60.000,瞬时请求候选,0x78A,8,4,7,1,1,0.5696,10,613,-0.164800
1676,60.000,瞬时请求候选,0x78A,8,5,0,0,0,0.5696,10,613,-0.116400
1677,60.000,瞬时请求候选,0x78A,8,5,1,0,0,0.7125,10,612,-0.164800
1678,60.000,瞬时请求候选,0x78A,8,5,2,1,1,0.7125,10,307,-0.016300
1679,60.000,瞬时请求候选,0x78A,8,5,3,0,0,0.7143,10,613,-0.165450
1680,60.000,瞬时请求候选,0x78A,8,5,4,0,0,0.7143,10,306,-0.065700
1681,60.000,瞬时请求候选,0x78A,8,5,6,0,0,0.8589,10,306,-0.015800
1682,60.000,瞬时请求候选,0x78A,8,6,0,0,0,0.5536,10,466,-0.067150
1683,60.000,瞬时请求候选,0x78A,8,6,1,1,1,0.6036,10,538,-0.116050
1684,60.000,瞬时请求候选,0x78A,8,6,2,0,0,0.6429,10,648,-0.067150
1685,60.000,瞬时请求候选,0x78A,8,6,3,0,0,0.8482,10,339,-0.016300
1686,60.000,瞬时请求候选,0x78A,8,6,4,1,1,0.5339,10,613,-0.067150
1687,60.000,瞬时请求候选,0x78A,8,6,5,0,0,0.7143,10,305,-0.066850
1688,60.000,瞬时请求候选,0x78A,8,6,6,0,0,0.7143,10,305,-0.066850
1689,60.000,瞬时请求候选,0x78A,8,6,7,0,0,0.7179,10,605,-0.165450
1690,60.000,瞬时请求候选,0x78A,8,7,0,0,0,0.7143,10,306,-0.065700
1691,60.000,瞬时请求候选,0x78A,8,7,1,0,0,0.7161,10,305,-0.066850
1692,60.000,瞬时请求候选,0x78A,8,7,3,0,0,0.7143,10,306,-0.065700
1693,60.000,瞬时请求候选,0x78A,8,7,4,0,0,0.8589,10,306,-0.015800
1694,60.000,瞬时请求候选,0x78A,8,7,6,0,0,0.8589,10,306,-0.015800
1695,60.000,瞬时请求候选,0x798,8,0,0,0,0,0.5732,10,918,-0.175900
1696,60.000,瞬时请求候选,0x798,8,0,1,0,0,0.5732,10,612,-0.173850
1697,60.000,瞬时请求候选,0x798,8,0,3,1,1,0.6214,10,479,-0.076650
1698,60.000,瞬时请求候选,0x798,8,0,4,1,1,0.6518,10,339,-0.027350
1699,60.000,瞬时请求候选,0x798,8,0,5,0,0,0.8321,10,375,0.023050
1700,60.000,瞬时请求候选,0x798,8,0,6,0,0,0.7071,10,637,-0.175900
1701,60.000,瞬时请求候选,0x798,8,0,7,0,0,0.7196,10,600,-0.126800
1702,60.000,瞬时请求候选,0x798,8,1,0,0,0,0.7036,10,629,-0.173250
1703,60.000,瞬时请求候选,0x798,8,1,1,1,1,0.7161,10,308,-0.075100
1704,60.000,瞬时请求候选,0x798,8,1,2,0,0,0.7161,10,601,-0.173850
1705,60.000,瞬时请求候选,0x798,8,1,3,0,0,0.8571,10,307,0.023050
1706,60.000,瞬时请求候选,0x798,8,1,4,0,0,0.7179,10,611,-0.174350
1707,60.000,瞬时请求候选,0x798,8,1,5,0,不一致,0.5964,10,455,-0.123650
1708,60.000,瞬时请求候选,0x798,8,1,6,0,0,0.6804,10,524,-0.174350
1709,60.000,瞬时请求候选,0x798,8,1,7,0,0,0.8232,10,328,-0.024700
1710,60.000,瞬时请求候选,0x798,8,2,0,0,0,0.8857,10,251,0.074700
1711,60.000,瞬时请求候选,0x798,8,2,1,0,0,0.7125,10,339,-0.074050
1712,60.000,瞬时请求候选,0x798,8,2,2,0,0,0.7179,10,578,-0.173250
1713,60.000,瞬时请求候选,0x798,8,2,3,0,0,0.5714,10,612,-0.126800
1714,60.000,瞬时请求候选,0x798,8,2,4,0,0,0.7143,10,611,-0.173250
1715,60.000,瞬时请求候选,0x798,8,2,5,0,0,0.8571,10,306,-0.025750
1716,60.000,瞬时请求候选,0x798,8,3,0,0,0,0.8250,10,356,-0.025750
1717,60.000,瞬时请求候选,0x798,8,3,1,0,0,0.6714,10,337,-0.075650
1718,60.000,瞬时请求候选,0x798,8,3,2,0,0,0.6054,10,613,-0.174800
1719,60.000,瞬时请求候选,0x798,8,3,3,0,0,0.8571,10,329,-0.025750
1720,60.000,瞬时请求候选,0x798,8,3,4,0,0,0.7125,10,635,-0.173250
1721,60.000,瞬时请求候选,0x798,8,3,5,0,0,0.7143,10,588,-0.173250
1722,60.000,瞬时请求候选,0x798,8,3,6,1,1,0.5696,10,612,-0.126650
1723,60.000,瞬时请求候选,0x798,8,3,7,0,0,0.8571,10,305,0.023050
1724,60.000,瞬时请求候选,0x798,8,4,1,0,0,0.7161,10,306,-0.074650
1725,60.000,瞬时请求候选,0x798,8,4,2,0,0,0.7196,10,489,-0.174800
1726,60.000,瞬时请求候选,0x798,8,4,3,0,不一致,0.5339,10,393,-0.077350
1727,60.000,瞬时请求候选,0x798,8,4,4,0,0,0.8214,10,306,-0.074650
1728,60.000,瞬时请求候选,0x798,8,4,5,0,0,0.8179,10,398,-0.124250
1729,60.000,瞬时请求候选,0x798,8,4,7,0,0,0.7500,10,517,-0.073650
1730,60.000,瞬时请求候选,0x798,8,5,0,1,1,0.7125,10,306,-0.023600
1731,60.000,瞬时请求候选,0x798,8,5,1,0,0,0.8571,10,305,0.023050
1732,60.000,瞬时请求候选,0x798,8,5,3,0,0,0.7161,10,306,-0.074650
1733,60.000,瞬时请求候选,0x798,8,7,0,不一致,0,0.5357,10,738,-0.174300
1734,60.000,瞬时请求候选,0x798,8,7,1,0,0,0.7875,10,440,-0.079450
1735,60.000,瞬时请求候选,0x798,8,7,2,0,0,0.6232,10,555,-0.029600
1736,60.000,瞬时请求候选,0x798,8,7,3,不一致,0,0.5804,10,587,-0.173700
1737,60.000,瞬时请求候选,0x798,8,7,4,不一致,不一致,0.5161,10,710,-0.173850
1738,60.000,瞬时请求候选,0x798,8,7,5,0,不一致,0.5286,10,528,-0.078650
1739,60.000,瞬时请求候选,0x798,8,7,6,不一致,1,0.5179,10,604,-0.076450
1740,60.000,瞬时请求候选,0x798,8,7,7,不一致,不一致,0.5232,10,601,-0.174300
1741,60.000,瞬时请求候选,0x7A8,8,0,0,0,0,0.6661,10,708,-0.241450
1742,60.000,瞬时请求候选,0x7A8,8,0,1,0,0,0.6661,10,709,-0.240050
1743,60.000,瞬时请求候选,0x7A8,8,0,3,0,0,0.6679,10,683,-0.240500
1744,60.000,瞬时请求候选,0x7A8,8,0,5,0,0,0.6679,10,709,-0.240500
1745,60.000,瞬时请求候选,0x7A8,8,0,7,0,0,0.6679,10,709,-0.240500
1746,60.000,瞬时请求候选,0x7A8,8,1,2,0,0,0.6679,10,709,-0.240500
1747,60.000,瞬时请求候选,0x7A8,8,1,4,0,0,0.6679,10,709,-0.240500
1748,60.000,瞬时请求候选,0x7A8,8,1,5,0,0,0.6679,10,709,-0.240500
1749,60.000,瞬时请求候选,0x7A8,8,1,6,0,0,0.6661,10,709,-0.240050
1750,60.000,瞬时请求候选,0x7A8,8,1,7,0,0,0.6679,10,709,-0.240500
1751,60.000,瞬时请求候选,0x7A8,8,2,0,不一致,不一致,0.5464,10,708,-0.240500
1752,60.000,瞬时请求候选,0x7A8,8,2,1,0,0,0.8125,10,374,0.054400
1753,60.000,瞬时请求候选,0x7A8,8,2,2,0,0,0.8643,10,271,-0.042700
1754,60.000,瞬时请求候选,0x7A8,8,2,4,1,1,0.6071,10,709,-0.241450
1755,60.000,瞬时请求候选,0x7A8,8,2,5,0,0,0.6679,10,709,-0.240500
1756,60.000,瞬时请求候选,0x7A8,8,2,6,1,1,0.6661,10,708,-0.241450
1757,60.000,瞬时请求候选,0x7A8,8,2,7,0,0,0.6661,10,709,-0.240050
1758,60.000,瞬时请求候选,0x7A8,8,3,0,1,1,0.6661,10,708,-0.241450
1759,60.000,瞬时请求候选,0x7A8,8,3,1,1,1,0.6661,10,708,-0.241450
1760,60.000,瞬时请求候选,0x7A8,8,3,2,0,0,0.6661,10,709,-0.240050
1761,60.000,瞬时请求候选,0x7A8,8,3,5,0,0,0.6679,10,709,-0.240500
1762,60.000,瞬时请求候选,0x7A8,8,3,6,0,0,0.6679,10,709,-0.240500
1763,60.000,瞬时请求候选,0x7A8,8,4,0,0,0,0.6661,10,708,-0.241450
1764,60.000,瞬时请求候选,0x7A8,8,4,1,0,0,0.6661,10,708,-0.241450
1765,60.000,瞬时请求候选,0x7A8,8,4,2,0,0,0.6661,10,708,-0.241450
1766,60.000,瞬时请求候选,0x7A8,8,4,3,0,0,0.6661,10,708,-0.241450
1767,60.000,瞬时请求候选,0x7A8,8,4,4,0,0,0.6661,10,708,-0.241450
1768,60.000,瞬时请求候选,0x7A8,8,4,5,0,0,0.6661,10,708,-0.241450
1769,60.000,瞬时请求候选,0x7A8,8,4,6,0,0,0.6661,10,708,-0.241450
1770,60.000,瞬时请求候选,0x7A8,8,4,7,0,0,0.6661,10,708,-0.241450
1771,60.000,瞬时请求候选,0x7A8,8,5,0,1,1,0.6679,10,709,-0.240500
1772,60.000,瞬时请求候选,0x7A8,8,5,1,0,0,0.6661,10,709,-0.240050
1773,60.000,瞬时请求候选,0x7A8,8,5,2,0,0,0.6661,10,709,-0.240050
1774,60.000,瞬时请求候选,0x7A8,8,5,5,0,0,0.6661,10,708,-0.241450
1775,60.000,瞬时请求候选,0x7A8,8,5,7,0,0,0.6661,10,708,-0.241450
1776,60.000,瞬时请求候选,0x7A8,8,6,1,0,0,0.6679,10,709,-0.240500
1777,60.000,瞬时请求候选,0x7A8,8,6,3,0,0,0.6661,10,708,-0.241450
1778,60.000,瞬时请求候选,0x7A8,8,6,4,0,0,0.6661,10,682,-0.241450
1779,60.000,瞬时请求候选,0x7A8,8,6,7,1,1,0.6661,10,709,-0.240050
1780,60.000,瞬时请求候选,0x7A8,8,7,1,0,0,0.6661,10,708,-0.241450
1781,60.000,瞬时请求候选,0x7A8,8,7,4,0,0,0.6661,10,708,-0.241450
1782,60.000,瞬时请求候选,0x7AA,8,0,0,0,0,0.5385,10,1279,-0.182450
1783,60.000,瞬时请求候选,0x7AA,8,0,1,0,0,0.5385,10,643,-0.101450
1784,60.000,瞬时请求候选,0x7AA,8,0,2,0,0,0.6154,10,434,0.048900
1785,60.000,瞬时请求候选,0x7AA,8,0,3,0,0,0.6154,10,217,0.129150
1786,60.000,瞬时请求候选,0x7AA,8,0,5,0,0,0.7102,10,436,0.278550
1787,60.000,瞬时请求候选,0x7AA,8,0,6,0,0,0.7115,10,654,0.129650
1788,60.000,瞬时请求候选,0x7AA,8,0,7,0,0,0.7115,10,654,0.129650
1789,60.000,瞬时请求候选,0x7AA,8,1,0,0,0,0.6181,10,654,-0.181550
1790,60.000,瞬时请求候选,0x7AA,8,1,1,0,0,0.6319,10,640,-0.181600
1791,60.000,瞬时请求候选,0x7AA,8,1,2,0,0,0.5495,10,656,-0.101400
1792,60.000,瞬时请求候选,0x7AA,8,1,3,0,0,0.6799,10,713,-0.182450
1793,60.000,瞬时请求候选,0x7AA,8,1,4,0,0,0.7610,10,522,-0.182000
1794,60.000,瞬时请求候选,0x7AA,8,1,5,0,不一致,0.5398,10,953,-0.182450
1795,60.000,瞬时请求候选,0x7AA,8,1,6,0,0,0.5467,10,1081,-0.182450
1796,60.000,瞬时请求候选,0x7AA,8,1,7,0,0,0.6401,10,715,-0.182450
1797,60.000,瞬时请求候选,0x7AA,8,2,0,0,0,0.5975,10,617,0.207900
1798,60.000,瞬时请求候选,0x7AA,8,2,1,1,1,0.5522,10,895,-0.182450
1799,60.000,瞬时请求候选,0x7AA,8,2,2,不一致,1,0.5330,10,825,-0.182450
1800,60.000,瞬时请求候选,0x7AA,8,2,3,0,0,0.6030,10,561,0.129150
1801,60.000,瞬时请求候选,0x7AA,8,2,4,0,0,0.7830,10,435,0.278950
1802,60.000,瞬时请求候选,0x7AA,8,2,5,0,0,0.7582,10,435,0.319100
1803,60.000,瞬时请求候选,0x7AA,8,2,6,0,0,0.8063,10,435,0.278950
1804,60.000,瞬时请求候选,0x7AA,8,2,7,0,0,0.5865,10,653,0.129150
1805,60.000,瞬时请求候选,0x7AA,8,3,0,0,0,0.6126,10,831,-0.181550
1806,60.000,瞬时请求候选,0x7AA,8,3,1,0,0,0.6799,10,591,-0.181750
1807,60.000,瞬时请求候选,0x7AA,8,3,2,不一致,0,0.5591,10,857,-0.101600
1808,60.000,瞬时请求候选,0x7AA,8,3,3,0,0,0.5810,10,930,-0.182200
1809,60.000,瞬时请求候选,0x7AA,8,3,4,0,0,0.6181,10,849,-0.182000
1810,60.000,瞬时请求候选,0x7AA,8,3,5,1,1,0.6168,10,743,-0.182450
1811,60.000,瞬时请求候选,0x7AA,8,3,6,不一致,0,0.5481,10,743,-0.182450
1812,60.000,瞬时请求候选,0x7AA,8,3,7,1,1,0.5275,10,723,-0.182450
1813,60.000,瞬时请求候选,0x7AA,8,4,0,0,0,0.7308,10,630,-0.022150
1814,60.000,瞬时请求候选,0x7AA,8,4,1,0,0,0.6580,10,596,-0.182450
1815,60.000,瞬时请求候选,0x7AA,8,4,2,不一致,不一致,0.5165,10,609,-0.100850
1816,60.000,瞬时请求候选,0x7AA,8,4,3,0,0,0.6909,10,633,-0.182000
1817,60.000,瞬时请求候选,0x7AA,8,4,4,0,0,0.6580,10,503,-0.181900
1818,60.000,瞬时请求候选,0x7AA,8,4,5,0,0,0.8132,10,378,0.128600
1819,60.000,瞬时请求候选,0x7AA,8,4,6,0,0,0.8008,10,470,-0.021700
1820,60.000,瞬时请求候选,0x7AA,8,4,7,0,0,0.8475,10,317,0.279450
1821,60.000,瞬时请求候选,0x7AA,8,5,0,0,0,0.6635,10,502,-0.101450
1822,60.000,瞬时请求候选,0x7AA,8,5,1,0,0,0.7445,10,427,0.278700
1823,60.000,瞬时请求候选,0x7AA,8,5,2,0,0,0.9272,10,196,0.278700
1824,60.000,瞬时请求候选,0x7AA,8,5,3,0,0,0.6717,10,486,0.129650
1825,60.000,瞬时请求候选,0x7AA,8,5,4,0,0,0.7692,10,427,0.359050
1826,60.000,瞬时请求候选,0x7AA,8,5,5,0,0,0.9231,10,217,0.667700
1827,60.000,瞬时请求候选,0x7AA,8,5,6,0,0,0.8462,10,217,0.588250
1828,60.000,瞬时请求候选,0x7AA,8,5,7,0,0,0.8462,10,217,0.588250
1829,60.000,瞬时请求候选,0x7AA,8,6,0,0,0,0.6168,10,749,-0.181900
1830,60.000,瞬时请求候选,0x7AA,8,6,1,0,0,0.7143,10,537,-0.181900
1831,60.000,瞬时请求候选,0x7AA,8,6,2,0,0,0.7624,10,621,-0.101450
1832,60.000,瞬时请求候选,0x7AA,8,6,3,0,0,0.7170,10,547,-0.181900
1833,60.000,瞬时请求候选,0x7AA,8,6,4,0,0,0.6593,10,632,-0.181900
1834,60.000,瞬时请求候选,0x7AA,8,6,5,0,0,0.7212,10,550,-0.021350
1835,60.000,瞬时请求候选,0x7AA,8,6,6,0,0,0.8187,10,418,-0.101450
1836,60.000,瞬时请求候选,0x7AA,8,6,7,0,0,0.7679,10,437,0.129150
1837,60.000,瞬时请求候选,0x7AA,8,7,0,0,0,0.7692,10,435,0.049200
1838,60.000,瞬时请求候选,0x7AA,8,7,1,0,0,0.8462,10,426,-0.182450
1839,60.000,瞬时请求候选,0x7AA,8,7,2,0,0,0.7692,10,644,-0.182450
1840,60.000,瞬时请求候选,0x7AA,8,7,3,1,1,0.5385,10,644,-0.181900
1841,60.000,瞬时请求候选,0x7AA,8,7,4,0,0,0.8462,10,435,0.049200
1842,60.000,瞬时请求候选,0x7AA,8,7,5,0,0,0.6923,10,435,0.049200
1843,60.000,瞬时请求候选,0x7AA,8,7,6,0,0,0.9231,10,217,0.667700
1844,60.000,瞬时请求候选,0x7B8,8,0,0,0,0,0.5732,10,910,-0.229500
1845,60.000,瞬时请求候选,0x7B8,8,0,1,0,0,0.5732,10,607,-0.179450
1846,60.000,瞬时请求候选,0x7B8,8,0,3,0,0,0.7125,10,375,-0.179400
1847,60.000,瞬时请求候选,0x7B8,8,0,4,1,1,0.5786,10,458,-0.227250
1848,60.000,瞬时请求候选,0x7B8,8,0,5,0,0,0.6625,10,365,-0.131850
1849,60.000,瞬时请求候选,0x7B8,8,0,7,0,0,0.7161,10,303,-0.125750
1850,60.000,瞬时请求候选,0x7B8,8,1,0,0,0,0.7143,10,607,-0.179450
1851,60.000,瞬时请求候选,0x7B8,8,1,1,0,0,0.5714,10,608,-0.179450
1852,60.000,瞬时请求候选,0x7B8,8,1,3,0,0,0.7161,10,303,-0.125750
1853,60.000,瞬时请求候选,0x7B8,8,1,4,0,0,0.5732,10,606,-0.227250
1854,60.000,瞬时请求候选,0x7B8,8,1,5,不一致,不一致,0.5536,10,627,-0.181850
1855,60.000,瞬时请求候选,0x7B8,8,1,6,0,不一致,0.5518,10,680,-0.227150
1856,60.000,瞬时请求候选,0x7B8,8,1,7,1,1,0.6714,10,366,-0.127200
1857,60.000,瞬时请求候选,0x7B8,8,2,0,0,0,0.5750,10,304,-0.032900
1858,60.000,瞬时请求候选,0x7B8,8,2,1,0,0,0.7125,10,606,-0.179400
1859,60.000,瞬时请求候选,0x7B8,8,2,3,0,0,0.5679,10,606,-0.227150
1860,60.000,瞬时请求候选,0x7B8,8,2,5,0,0,0.8589,10,302,-0.030900
1861,60.000,瞬时请求候选,0x7B8,8,2,6,0,0,0.7125,10,303,-0.076350
1862,60.000,瞬时请求候选,0x7B8,8,3,0,不一致,不一致,0.5518,10,649,-0.229950
1863,60.000,瞬时请求候选,0x7B8,8,3,1,0,0,0.6000,10,584,-0.227000
1864,60.000,瞬时请求候选,0x7B8,8,3,2,0,0,0.7161,10,388,-0.128500
1865,60.000,瞬时请求候选,0x7B8,8,3,4,0,0,0.8321,10,353,-0.079300
1866,60.000,瞬时请求候选,0x7B8,8,3,5,0,0,0.5554,10,650,-0.224750
1867,60.000,瞬时请求候选,0x7B8,8,3,6,0,0,0.8179,10,385,-0.079300
1868,60.000,瞬时请求候选,0x7B8,8,3,7,1,1,0.5411,10,549,-0.179550
1869,60.000,瞬时请求候选,0x7B8,8,4,0,0,0,0.7143,10,607,-0.177000
1870,60.000,瞬时请求候选,0x7B8,8,4,2,0,0,0.6071,10,611,-0.229500
1871,60.000,瞬时请求候选,0x7B8,8,4,3,0,0,0.8071,10,393,-0.127000
1872,60.000,瞬时请求候选,0x7B8,8,4,4,0,0,0.7107,10,570,-0.179450
1873,60.000,瞬时请求候选,0x7B8,8,4,5,0,0,0.5750,10,628,-0.224750
1874,60.000,瞬时请求候选,0x7B8,8,4,6,0,0,0.7125,10,313,-0.125750
1875,60.000,瞬时请求候选,0x7B8,8,4,7,0,0,0.7143,10,607,-0.177000
1876,60.000,瞬时请求候选,0x7B8,8,5,0,0,0,0.8554,10,313,-0.079150
1877,60.000,瞬时请求候选,0x7B8,8,5,1,0,0,0.5696,10,910,-0.230750
1878,60.000,瞬时请求候选,0x7B8,8,5,2,0,0,0.7161,10,303,-0.125750
1879,60.000,瞬时请求候选,0x7B8,8,7,0,0,0,0.6339,10,528,-0.133300
1880,60.000,瞬时请求候选,0x7B8,8,7,1,0,0,0.6196,10,554,-0.179550
1881,60.000,瞬时请求候选,0x7B8,8,7,2,0,0,0.7786,10,366,-0.030200
1882,60.000,瞬时请求候选,0x7B8,8,7,3,0,0,0.6786,10,431,-0.077450
1883,60.000,瞬时请求候选,0x7B8,8,7,4,不一致,不一致,0.5482,10,528,-0.079950
1884,60.000,瞬时请求候选,0x7B8,8,7,5,不一致,不一致,0.5375,10,427,-0.129350
1885,60.000,瞬时请求候选,0x7B8,8,7,6,不一致,不一致,0.5179,10,564,-0.224750
1886,60.000,瞬时请求候选,0x7B8,8,7,7,不一致,不一致,0.5268,10,548,-0.129250
1887,60.000,瞬时请求候选,0x7E8,8,1,3,0,0,0.7321,9,60,0.016900
1888,60.000,瞬时请求候选,0x7FF,8,0,0,1,1,0.5554,10,944,-0.241300
1889,60.000,瞬时请求候选,0x7FF,8,0,1,0,0,0.5571,10,471,-0.192450
1890,60.000,瞬时请求候选,0x7FF,8,0,3,0,0,0.7768,10,236,0.005750
1891,60.000,瞬时请求候选,0x7FF,8,1,0,1,1,0.6679,10,234,-0.092100
1892,60.000,瞬时请求候选,0x7FF,8,1,1,0,0,0.6661,10,473,-0.189850
1893,60.000,瞬时请求候选,0x7FF,8,1,2,0,0,0.6661,10,471,-0.192800
1894,60.000,瞬时请求候选,0x7FF,8,1,3,0,0,0.7768,10,470,-0.140800
1895,60.000,瞬时请求候选,0x7FF,8,1,4,0,0,0.7786,10,237,-0.042050
1896,60.000,瞬时请求候选,0x7FF,8,1,5,1,1,0.5571,10,710,-0.239700
1897,60.000,瞬时请求候选,0x7FF,8,1,6,0,0,0.7768,10,474,-0.092100
1898,60.000,瞬时请求候选,0x7FF,8,1,7,0,0,0.6661,10,471,-0.192800
1899,60.000,瞬时请求候选,0x7FF,8,2,0,0,0,0.8875,10,236,0.058200
1900,60.000,瞬时请求候选,0x7FF,8,2,1,0,0,0.5554,10,707,-0.239850
1901,60.000,瞬时请求候选,0x7FF,8,2,2,0,0,0.7786,10,237,0.007300
1902,60.000,瞬时请求候选,0x7FF,8,2,3,0,0,0.6661,10,474,-0.141550
1903,60.000,瞬时请求候选,0x7FF,8,2,4,0,0,0.7768,10,470,-0.189850
1904,60.000,瞬时请求候选,0x7FF,8,2,5,0,0,0.5554,10,474,-0.190650
1905,60.000,瞬时请求候选,0x7FF,8,2,6,0,0,0.7768,10,473,-0.141900
1906,60.000,瞬时请求候选,0x7FF,8,2,7,0,0,0.7768,10,472,-0.190650
1907,60.000,瞬时请求候选,0x7FF,8,3,0,0,0,0.6679,10,707,-0.239550
1908,60.000,瞬时请求候选,0x7FF,8,3,1,0,0,0.8893,10,237,0.105450
1909,60.000,瞬时请求候选,0x7FF,8,3,2,0,0,0.7786,10,474,-0.093900
1910,60.000,瞬时请求候选,0x7FF,8,3,3,0,0,0.7768,10,474,-0.141650
1911,60.000,瞬时请求候选,0x7FF,8,3,5,0,0,0.7768,10,474,-0.141650
1912,60.000,瞬时请求候选,0x7FF,8,3,6,0,0,0.6679,10,707,-0.191350
1913,60.000,瞬时请求候选,0x7FF,8,3,7,0,0,0.8875,10,236,0.058200
1914,60.000,瞬时请求候选,0x7FF,8,4,1,0,0,0.8893,10,237,0.105450
1915,60.000,瞬时请求候选,0x7FF,8,4,2,0,0,0.8893,10,238,0.108050
1916,60.000,瞬时请求候选,0x7FF,8,4,3,0,0,0.7768,10,474,-0.092100
1917,60.000,瞬时请求候选,0x7FF,8,4,5,0,0,0.6661,10,235,-0.041700
1918,60.000,瞬时请求候选,0x7FF,8,4,6,0,0,0.5554,10,710,-0.191350
1919,60.000,瞬时请求候选,0x7FF,8,4,7,0,0,0.7786,10,237,-0.042050
1920,60.000,瞬时请求候选,0x7FF,8,5,0,0,0,0.8893,10,238,0.108050
1921,60.000,瞬时请求候选,0x7FF,8,5,1,0,0,0.8893,10,237,0.057900
1922,60.000,瞬时请求候选,0x7FF,8,5,2,0,0,0.7786,10,471,-0.141550
1923,60.000,瞬时请求候选,0x7FF,8,5,3,0,0,0.8893,10,237,0.105450
1924,60.000,瞬时请求候选,0x7FF,8,5,4,0,0,0.8893,10,238,0.108050
1925,60.000,瞬时请求候选,0x7FF,8,5,5,0,0,0.7768,10,237,-0.040700
1926,60.000,瞬时请求候选,0x7FF,8,5,6,0,0,0.7786,10,237,0.007300
1927,60.000,瞬时请求候选,0x7FF,8,6,0,0,0,0.6679,10,471,-0.142000
1928,60.000,瞬时请求候选,0x7FF,8,6,1,0,0,0.5571,10,472,-0.142700
1929,60.000,瞬时请求候选,0x7FF,8,6,2,0,0,0.7768,10,237,-0.040700
1930,60.000,瞬时请求候选,0x7FF,8,6,3,0,0,0.7786,10,471,-0.141550
1931,60.000,瞬时请求候选,0x7FF,8,6,4,0,0,0.7786,10,474,-0.141550
1932,60.000,瞬时请求候选,0x7FF,8,6,5,0,0,0.6661,10,473,-0.142000
1933,60.000,瞬时请求候选,0x7FF,8,6,6,0,0,0.8893,10,237,0.105450
1934,60.000,瞬时请求候选,0x7FF,8,6,7,0,0,0.6661,10,472,-0.192450
1935,60.000,瞬时请求候选,0x7FF,8,7,4,0,0,0.8893,10,238,0.108050
1936,60.000,瞬时请求候选,0x7FF,8,7,5,0,0,0.7768,10,472,-0.190650
1937,60.000,瞬时请求候选,0x7FF,8,7,6,0,0,0.8893,10,234,0.009500
1938,60.000,瞬时请求候选,0x7FF,8,7,7,0,0,0.7786,10,472,-0.095250
1939,59.800,瞬时请求候选,0x3C4,8,1,2,0,0,0.7329,9,61,0.394800
1940,59.800,瞬时请求候选,0x3C4,8,1,5,0,0,0.7329,9,61,0.393300
1941,59.800,瞬时请求候选,0x3C4,8,2,1,0,0,0.6762,9,61,-0.105400
1942,59.800,瞬时请求候选,0x7C8,8,1,1,0,0,0.7500,9,61,0.521100
1943,59.800,瞬时请求候选,0x7E8,8,0,0,1,1,0.5893,9,61,0.017700
1944,59.600,瞬时请求候选,0x3C4,8,4,0,不一致,不一致,0.5224,9,62,0.394800
1945,59.600,瞬时请求候选,0x3C4,8,6,2,0,0,0.7677,9,62,0.394800
1946,59.600,瞬时请求候选,0x7C8,8,1,3,0,0,0.7321,9,62,0.519700
1947,59.600,瞬时请求候选,0x7E8,8,1,1,0,0,0.6964,9,62,0.017900
1948,59.400,瞬时请求候选,0x3C4,8,1,1,0,0,0.6008,9,63,0.394800
1949,59.400,瞬时请求候选,0x3C4,8,7,1,不一致,不一致,0.6008,9,63,0.394800
1950,59.200,瞬时请求候选,0x752,8,5,7,0,0,0.7143,9,64,0.062500
1951,59.000,瞬时请求候选,0x3C4,8,7,6,0,0,0.6008,9,65,0.394800
1952,58.800,瞬时请求候选,0x301,8,4,3,0,不一致,0.6250,9,66,0.526000
1953,58.200,瞬时请求候选,0x295,8,1,2,0,0,0.8214,9,69,1.779400
1954,58.200,瞬时请求候选,0x295,8,1,5,0,0,0.8214,9,69,1.779400
1955,58.200,瞬时请求候选,0x3F2,8,6,4,不一致,0,0.6607,9,69,0.723400
1956,57.600,瞬时请求候选,0x3DD,8,1,4,不一致,不一致,0.5714,9,72,0.465000
1957,57.600,瞬时请求候选,0x3F2,8,1,4,不一致,0,0.6786,9,72,0.723900
1958,57.400,瞬时请求候选,0x3DD,8,1,6,不一致,不一致,0.5714,9,73,0.466500
1959,57.400,瞬时请求候选,0x3DD,8,5,3,0,0,0.6429,9,73,0.465300
1960,57.200,瞬时请求候选,0x3DD,8,0,5,不一致,1,0.5714,9,74,0.465000
1961,56.600,瞬时请求候选,0x2E3,7,6,3,0,0,0.9250,9,77,0.122900
1962,56.600,瞬时请求候选,0x3DD,8,0,4,1,1,0.5714,9,77,0.465300
1963,56.600,瞬时请求候选,0x709,8,3,7,0,0,0.8607,9,77,0.229200
1964,56.400,瞬时请求候选,0x295,8,2,2,0,0,0.8304,9,78,1.880600
1965,56.400,瞬时请求候选,0x295,8,2,4,0,0,0.8304,9,78,1.880600
1966,56.400,瞬时请求候选,0x709,8,3,4,0,0,0.8101,9,78,0.754300
1967,56.000,瞬时请求候选,0x359,8,2,2,0,0,0.9607,9,80,0.991900
1968,56.000,瞬时请求候选,0x37D,8,6,5,不一致,不一致,0.6786,9,80,0.462400
1969,56.000,瞬时请求候选,0x37D,8,6,6,不一致,不一致,0.6786,9,80,0.462400
1970,56.000,瞬时请求候选,0x37D,8,6,7,不一致,不一致,0.6786,9,80,0.462400
1971,56.000,瞬时请求候选,0x37D,8,7,0,不一致,不一致,0.6786,9,80,0.462400
1972,56.000,瞬时请求候选,0x37D,8,7,1,不一致,不一致,0.6786,9,80,0.462400
1973,56.000,瞬时请求候选,0x37D,8,7,2,不一致,不一致,0.6786,9,80,0.462400
1974,56.000,瞬时请求候选,0x37D,8,7,3,不一致,不一致,0.6786,9,80,0.462400
1975,56.000,瞬时请求候选,0x37D,8,7,4,不一致,不一致,0.6786,9,80,0.462400
1976,56.000,瞬时请求候选,0x37D,8,7,5,不一致,不一致,0.6786,9,80,0.462400
1977,56.000,瞬时请求候选,0x37D,8,7,6,不一致,不一致,0.6786,9,80,0.462400
1978,55.600,瞬时请求候选,0x2E2,8,2,4,0,0,0.9321,9,82,0.724700
1979,55.400,瞬时请求候选,0x295,8,0,7,0,0,0.6786,9,83,1.779400
1980,55.400,瞬时请求候选,0x3C4,8,5,5,0,0,0.6008,9,83,-0.105400
1981,55.400,瞬时请求候选,0x709,8,3,6,0,0,0.8262,9,83,0.311200
1982,55.000,瞬时请求候选,0x3C4,8,3,0,0,0,0.6544,9,85,0.393300
1983,55.000,瞬时请求候选,0x3C4,8,4,4,1,1,0.5473,9,85,0.894700
1984,54.600,瞬时请求候选,0x75D,8,3,3,0,0,0.9107,9,87,0.368000
1985,54.200,瞬时请求候选,0x709,8,1,0,不一致,不一致,0.5802,9,89,0.594000
1986,54.200,瞬时请求候选,0x75D,8,5,1,0,0,0.9000,9,89,0.368000
1987,53.400,瞬时请求候选,0x2E3,7,5,7,0,0,0.9143,9,93,0.919500
1988,53.400,瞬时请求候选,0x7A8,8,2,3,0,0,0.9411,9,93,0.454900
1989,53.000,瞬时请求候选,0x37D,8,5,3,不一致,1,0.5179,9,95,0.463000
1990,53.000,瞬时请求候选,0x37D,8,5,4,不一致,1,0.5179,9,95,0.463000
1991,53.000,瞬时请求候选,0x37D,8,5,5,不一致,1,0.5179,9,95,0.463000
1992,53.000,瞬时请求候选,0x37D,8,5,6,不一致,1,0.5179,9,95,0.463000
1993,53.000,瞬时请求候选,0x37D,8,5,7,不一致,1,0.5179,9,95,0.463000
1994,53.000,瞬时请求候选,0x37D,8,6,0,不一致,1,0.5179,9,95,0.463000
1995,53.000,瞬时请求候选,0x37D,8,6,1,不一致,1,0.5179,9,95,0.463000
1996,53.000,瞬时请求候选,0x37D,8,6,2,不一致,1,0.5179,9,95,0.463000
1997,53.000,瞬时请求候选,0x37D,8,6,3,不一致,1,0.5179,9,95,0.463000
1998,53.000,瞬时请求候选,0x37D,8,6,4,不一致,1,0.5179,9,95,0.463000
1999,52.800,瞬时请求候选,0x319,8,0,0,1,1,0.5179,9,96,0.061100
2000,52.400,瞬时请求候选,0x372,8,4,5,0,0,0.9714,9,98,-0.207500
2001,52.000,瞬时请求候选,0x295,8,0,0,0,0,0.6607,9,157,1.779400
2002,52.000,瞬时请求候选,0x295,8,0,2,1,1,0.5089,9,161,1.779400
2003,52.000,瞬时请求候选,0x295,8,0,3,1,1,0.6696,9,166,1.880600
2004,52.000,瞬时请求候选,0x295,8,0,4,1,1,0.6786,9,127,1.779400
2005,52.000,瞬时请求候选,0x295,8,0,5,0,0,0.6696,9,162,1.830600
2006,52.000,瞬时请求候选,0x295,8,0,6,0,0,0.6696,9,161,1.779400
2007,52.000,瞬时请求候选,0x295,8,1,3,0,0,0.6607,9,157,1.779400
2008,52.000,瞬时请求候选,0x295,8,2,0,1,1,0.6607,9,157,1.779400
2009,52.000,瞬时请求候选,0x295,8,2,1,0,0,0.6696,9,161,1.779400
2010,52.000,瞬时请求候选,0x295,8,2,3,0,0,0.6696,9,161,1.779400
2011,52.000,瞬时请求候选,0x295,8,2,5,1,1,0.6607,9,157,1.779400
2012,52.000,瞬时请求候选,0x295,8,2,7,1,1,0.6607,9,157,1.779400
2013,52.000,瞬时请求候选,0x295,8,3,0,1,1,0.6607,9,157,1.779400
2014,52.000,瞬时请求候选,0x295,8,3,1,1,1,0.6607,9,157,1.779400
2015,52.000,瞬时请求候选,0x295,8,3,2,1,1,0.6607,9,157,1.779400
2016,52.000,瞬时请求候选,0x295,8,3,3,1,1,0.6607,9,157,1.779400
2017,52.000,瞬时请求候选,0x295,8,3,4,1,1,0.6607,9,157,1.779400
2018,52.000,瞬时请求候选,0x295,8,3,5,1,1,0.6607,9,157,1.779400
2019,52.000,瞬时请求候选,0x295,8,3,6,1,1,0.6607,9,157,1.779400
2020,52.000,瞬时请求候选,0x295,8,3,7,1,1,0.6607,9,157,1.779400
2021,52.000,瞬时请求候选,0x295,8,7,0,1,1,0.5000,9,240,1.779400
2022,52.000,瞬时请求候选,0x295,8,7,1,1,1,0.5000,9,118,1.779400
2023,52.000,瞬时请求候选,0x2B4,6,4,4,0,不一致,0.8821,9,160,0.092300
2024,52.000,瞬时请求候选,0x2C2,8,1,5,不一致,1,0.5714,9,946,-0.183800
2025,52.000,瞬时请求候选,0x2C2,8,3,3,不一致,不一致,0.7143,9,654,-0.181200
2026,52.000,瞬时请求候选,0x2D2,8,0,0,不一致,不一致,0.7446,9,352,-0.131100
2027,52.000,瞬时请求候选,0x2D2,8,0,1,不一致,不一致,0.7446,9,352,-0.131100
2028,52.000,瞬时请求候选,0x2D2,8,0,2,不一致,不一致,0.7446,9,352,-0.131100
2029,52.000,瞬时请求候选,0x2D2,8,0,3,不一致,不一致,0.7446,9,352,-0.131100
2030,52.000,瞬时请求候选,0x2D2,8,0,4,不一致,不一致,0.7446,9,352,-0.131100
2031,52.000,瞬时请求候选,0x37A,8,0,4,1,1,0.7625,9,418,-0.113400
2032,52.000,瞬时请求候选,0x393,8,3,3,0,0,0.8375,9,381,-0.037000
2033,52.000,瞬时请求候选,0x39A,8,0,2,1,1,0.7018,9,578,0.304800
2034,52.000,瞬时请求候选,0x39A,8,1,3,1,1,0.7518,9,470,-0.092700
2035,52.000,瞬时请求候选,0x39A,8,2,2,1,1,0.7214,9,591,-0.092700
2036,52.000,瞬时请求候选,0x39A,8,2,4,1,1,0.6839,9,738,-0.188700
2037,52.000,瞬时请求候选,0x39A,8,3,2,1,1,0.6054,9,772,-0.190100
2038,52.000,瞬时请求候选,0x3A2,8,1,6,0,0,0.9853,9,147,0.774600
2039,52.000,瞬时请求候选,0x3A2,8,3,2,0,0,0.9641,9,270,0.396400
2040,52.000,瞬时请求候选,0x3B2,8,1,0,0,不一致,0.6180,9,130,-0.030800
2041,52.000,瞬时请求候选,0x3B2,8,2,3,0,0,0.6550,9,135,-0.029800
2042,52.000,瞬时请求候选,0x3B2,8,5,4,0,0,0.6517,9,132,-0.030800
2043,52.000,瞬时请求候选,0x3B2,8,6,3,0,0,0.7213,9,121,0.370000
2044,52.000,瞬时请求候选,0x3B2,8,6,5,0,0,0.7016,9,142,0.270400
2045,52.000,瞬时请求候选,0x3B2,8,7,1,0,0,0.6715,9,144,-0.031000
2046,52.000,瞬时请求候选,0x3B2,8,7,3,0,不一致,0.5750,9,163,0.569600
2047,52.000,瞬时请求候选,0x3C4,8,4,5,1,1,0.5473,9,105,-0.105400
2048,52.000,瞬时请求候选,0x545,8,3,7,0,0,0.9694,9,245,0.416900
2049,52.000,瞬时请求候选,0x709,8,1,1,0,0,0.6701,9,149,0.601500
2050,52.000,瞬时请求候选,0x709,8,1,3,0,0,0.7090,9,152,0.204900
2051,52.000,瞬时请求候选,0x709,8,1,4,0,0,0.6191,9,172,0.204900
2052,52.000,瞬时请求候选,0x709,8,3,5,0,0,0.6587,9,127,0.229200
2053,52.000,瞬时请求候选,0x75D,8,6,6,0,0,0.9071,9,108,0.164200
2054,52.000,瞬时请求候选,0x788,8,2,2,0,0,0.8911,9,254,0.309600
2055,52.000,瞬时请求候选,0x788,8,2,3,0,0,0.8929,9,246,0.309600
2056,43.400,瞬时请求候选,0x23A,8,1,7,0,1,0.8214,6,23,-0.224400
2057,43.000,瞬时请求候选,0x23A,8,2,1,0,1,0.8036,6,25,0.775500
2058,42.600,瞬时请求候选,0x23A,8,1,3,0,1,0.8036,6,27,-0.222750
2059,42.200,瞬时请求候选,0x23A,8,1,2,0,1,0.8036,6,29,-0.222750
2060,41.800,瞬时请求候选,0x23A,8,1,1,0,1,0.8036,6,31,-0.224400
2061,36.000,瞬时请求候选,0x23A,8,2,0,0,1,0.8393,5,20,-0.221700
2062,34.600,瞬时请求候选,0x23A,8,1,5,0,1,0.8214,5,27,-0.221700
2063,29.100,周期字段（降权）,0x324,8,1,6,0,1,1.0000,2,6,0.580550
2064,10.200,周期字段（降权）,0x321,8,6,5,1,1,0.5000,10,49,0.426050
2065,10.200,周期字段（降权）,0x321,8,7,5,1,1,0.5000,10,49,0.426050
2066,10.000,周期字段（降权）,0x284,8,7,6,1,1,0.5000,10,50,0.330800
2067,10.000,周期字段（降权）,0x293,8,7,6,1,1,0.5000,10,50,0.480850
2068,10.000,周期字段（降权）,0x727,2,0,1,1,1,0.5000,10,50,0.288200
2069,9.600,周期字段（降权）,0x324,8,1,3,1,1,0.5000,10,52,0.098450
2070,9.600,周期字段（降权）,0x39B,8,7,6,1,1,0.5000,10,52,0.365350
2071,9.400,周期字段（降权）,0x3E9,8,7,6,不一致,1,0.5042,10,53,0.405900
2072,9.200,周期字段（降权）,0x213,2,0,6,1,1,0.5000,10,54,0.531000
2073,9.200,周期字段（降权）,0x238,8,6,6,1,1,0.5000,10,54,0.781700
2074,9.200,周期字段（降权）,0x238,8,7,6,1,1,0.5000,10,54,0.783550
2075,9.200,周期字段（降权）,0x284,8,6,6,1,1,0.5000,10,54,0.833450
2076,9.200,周期字段（降权）,0x313,8,6,6,1,1,0.5000,10,54,0.931300
2077,9.200,周期字段（降权）,0x313,8,7,6,1,1,0.5000,10,54,0.933900
2078,9.200,周期字段（降权）,0x318,8,2,1,1,1,0.5000,10,54,0.857300
2079,9.200,周期字段（降权）,0x348,8,4,1,1,1,0.5000,10,54,0.858100
2080,9.200,周期字段（降权）,0x366,8,0,0,1,1,0.5000,10,54,0.949250
2081,9.200,周期字段（降权）,0x366,8,0,1,1,1,0.5000,10,54,0.949500
2082,9.200,周期字段（降权）,0x366,8,0,2,1,1,0.5000,10,54,0.949500
2083,9.200,周期字段（降权）,0x366,8,1,0,1,1,0.5000,10,54,0.949250
2084,9.200,周期字段（降权）,0x366,8,2,0,1,1,0.5000,10,54,0.949500
2085,9.200,周期字段（降权）,0x366,8,3,0,1,1,0.5000,10,54,0.949500
2086,9.200,周期字段（降权）,0x366,8,4,2,1,1,0.5000,10,54,0.949500
2087,9.200,周期字段（降权）,0x366,8,4,3,1,1,0.5000,10,54,0.949500
2088,9.200,周期字段（降权）,0x366,8,4,4,1,1,0.5000,10,54,0.949500
2089,9.200,周期字段（降权）,0x366,8,5,0,1,1,0.5000,10,54,0.949500
2090,9.200,周期字段（降权）,0x366,8,6,2,1,1,0.5000,10,54,0.949500
2091,9.200,周期字段（降权）,0x366,8,6,3,1,1,0.5000,10,54,0.949500
2092,9.200,周期字段（降权）,0x366,8,6,4,1,1,0.5000,10,54,0.949250
2093,9.200,周期字段（降权）,0x366,8,7,0,1,1,0.5000,10,54,0.949500
2094,9.200,周期字段（降权）,0x38B,8,2,4,1,1,0.5000,10,54,0.849600
2095,9.200,周期字段（降权）,0x38B,8,4,4,1,1,0.5000,10,54,0.880050
2096,9.200,周期字段（降权）,0x39B,8,6,6,1,1,0.5000,10,54,0.592000
2097,9.200,周期字段（降权）,0x3C9,8,0,1,1,1,0.5000,10,54,0.709400
2098,9.200,周期字段（降权）,0x3CC,8,3,0,1,1,0.5000,10,54,0.824200
2099,9.200,周期字段（降权）,0x3E9,8,6,6,1,1,0.5042,10,54,0.632100
2100,9.200,周期字段（降权）,0x3F2,8,0,1,1,1,0.5000,10,54,1.223300
2101,9.200,周期字段（降权）,0x407,8,0,2,1,1,0.5000,10,54,0.607350
2102,9.200,周期字段（降权）,0x407,8,1,2,1,1,0.5000,10,54,1.106900
2103,9.200,周期字段（降权）,0x443,6,0,2,1,1,0.5000,10,54,0.627350
2104,9.200,周期字段（降权）,0x443,6,1,2,1,1,0.5000,10,54,1.128450
2105,9.200,周期字段（降权）,0x528,4,3,1,1,1,0.5000,10,54,0.859500
2106,9.200,周期字段（降权）,0x52F,8,7,7,1,1,0.5000,10,54,0.859000
2107,9.200,周期字段（降权）,0x7F1,7,0,0,1,1,0.5000,10,54,0.861700
2108,9.200,周期字段（降权）,0x7F1,7,0,1,1,1,0.5000,10,54,0.861700
2109,9.200,周期字段（降权）,0x7F1,7,3,0,1,1,0.5000,10,54,0.861700
2110,9.200,周期字段（降权）,0x7F1,7,3,1,1,1,0.5000,10,54,0.861700
2111,9.200,周期字段（降权）,0x7F1,7,3,2,1,1,0.5000,10,54,0.861700
2112,9.200,周期字段（降权）,0x7F1,7,3,3,1,1,0.5000,10,54,0.861700
2113,9.200,周期字段（降权）,0x7F1,7,5,3,1,1,0.5000,10,54,0.861700
2114,9.000,周期字段（降权）,0x213,2,1,6,1,1,0.5000,10,55,1.033950
2115,9.000,周期字段（降权）,0x293,8,6,6,1,1,0.5000,10,55,0.984250
2116,9.000,周期字段（降权）,0x334,8,6,6,1,1,0.5000,10,55,1.133700
2117,9.000,周期字段（降权）,0x334,8,7,6,1,1,0.5000,10,55,1.133700
2118,8.800,周期字段（降权）,0x3C4,8,3,3,0,0,0.7926,9,16,1.894600
2119,8.800,周期字段（降权）,0x3C4,8,3,6,0,0,0.7926,9,16,1.894600
2120,8.800,周期字段（降权）,0x52F,8,6,7,不一致,1,0.5179,10,56,0.858600
2121,6.600,周期字段（降权）,0x31A,8,6,7,不一致,1,0.5571,10,67,0.755850
2122,6.600,周期字段（降权）,0x31A,8,7,7,不一致,不一致,0.5536,10,67,0.554650
2123,6.600,周期字段（降权）,0x40A,8,6,7,不一致,1,0.5571,10,67,0.776250
2124,6.600,周期字段（降权）,0x40A,8,7,7,不一致,1,0.5536,10,67,0.576250
2125,2.800,周期字段（降权）,0x709,8,0,2,不一致,不一致,0.5196,10,86,0.684750
2126,2.400,周期字段（降权）,0x330,8,5,1,1,1,0.5204,10,88,0.871100
2127,1.600,周期字段（降权）,0x52F,8,5,5,不一致,1,0.5536,9,52,1.356700
2128,0.200,周期字段（降权）,0x23A,8,0,0,1,1,0.5000,10,99,-0.224400
2129,0.200,周期字段（降权）,0x321,8,6,4,1,1,0.5000,10,99,-0.074450
2130,0.200,周期字段（降权）,0x321,8,7,4,1,1,0.5000,10,99,-0.074450
2131,0.200,周期字段（降权）,0x70B,8,0,0,1,1,0.5000,10,99,-0.046500
2132,0.200,周期字段（降权）,0x727,2,0,0,1,1,0.5000,10,99,-0.212950
2133,0.000,周期字段（降权）,0x122,8,0,0,1,1,0.5000,10,1062,-0.239300
2134,0.000,周期字段（降权）,0x122,8,2,1,1,1,0.5000,10,1062,-0.239300
2135,0.000,周期字段（降权）,0x122,8,2,4,1,1,0.5000,10,1062,-0.239300
2136,0.000,周期字段（降权）,0x122,8,3,1,1,1,0.5000,10,1062,-0.239300
2137,0.000,周期字段（降权）,0x122,8,3,4,1,1,0.5000,10,1062,-0.239300
2138,0.000,周期字段（降权）,0x122,8,3,7,1,1,0.5000,10,1062,-0.239300
2139,0.000,周期字段（降权）,0x122,8,4,1,1,1,0.5000,10,1062,-0.239300
2140,0.000,周期字段（降权）,0x122,8,4,4,1,1,0.5000,10,1062,-0.239300
2141,0.000,周期字段（降权）,0x122,8,5,0,1,1,0.5000,10,1062,-0.239300
2142,0.000,周期字段（降权）,0x122,8,5,1,1,1,0.5000,10,1062,-0.239300
2143,0.000,周期字段（降权）,0x122,8,5,2,1,1,0.5000,10,1062,-0.239300
2144,0.000,周期字段（降权）,0x122,8,5,3,1,1,0.5000,10,1062,-0.239300
2145,0.000,周期字段（降权）,0x122,8,5,4,1,1,0.5000,10,1062,-0.239300
2146,0.000,周期字段（降权）,0x122,8,5,5,1,1,0.5000,10,1062,-0.239300
2147,0.000,周期字段（降权）,0x123,8,0,0,1,1,0.5000,10,1064,-0.246000
2148,0.000,周期字段（降权）,0x123,8,2,1,1,1,0.5000,10,1064,-0.246000
2149,0.000,周期字段（降权）,0x123,8,2,4,1,1,0.5000,10,1064,-0.246000
2150,0.000,周期字段（降权）,0x123,8,3,1,1,1,0.5000,10,1064,-0.246000
2151,0.000,周期字段（降权）,0x123,8,3,4,1,1,0.5000,10,1064,-0.246000
2152,0.000,周期字段（降权）,0x123,8,3,7,1,1,0.5000,10,1064,-0.246000
2153,0.000,周期字段（降权）,0x123,8,4,1,1,1,0.5000,10,1064,-0.246000
2154,0.000,周期字段（降权）,0x123,8,4,4,1,1,0.5000,10,1064,-0.246000
2155,0.000,周期字段（降权）,0x123,8,4,6,1,1,0.5000,10,1064,-0.246000
2156,0.000,周期字段（降权）,0x123,8,4,7,1,1,0.5000,10,1064,-0.246000
2157,0.000,周期字段（降权）,0x123,8,5,0,1,1,0.5000,10,1064,-0.246000
2158,0.000,周期字段（降权）,0x123,8,5,1,1,1,0.5000,10,1064,-0.246000
2159,0.000,周期字段（降权）,0x123,8,5,2,1,1,0.5000,10,1064,-0.246000
2160,0.000,周期字段（降权）,0x123,8,5,3,1,1,0.5000,10,1064,-0.246000
2161,0.000,周期字段（降权）,0x123,8,5,4,1,1,0.5000,10,1064,-0.246000
2162,0.000,周期字段（降权）,0x123,8,5,5,1,1,0.5000,10,1064,-0.246000
2163,0.000,周期字段（降权）,0x123,8,7,7,1,1,0.5000,10,1064,-0.246000
2164,0.000,周期字段（降权）,0x129,8,1,0,1,不一致,0.5001,10,10674,-0.248600
2165,0.000,周期字段（降权）,0x129,8,1,1,1,不一致,0.5001,10,5334,-0.248600
2166,0.000,周期字段（降权）,0x129,8,1,2,1,不一致,0.5001,10,2670,-0.229250
2167,0.000,周期字段（降权）,0x129,8,1,3,1,不一致,0.5001,10,1335,-0.208900
2168,0.000,周期字段（降权）,0x142,8,0,0,不一致,1,0.5004,10,2134,-0.246500
2169,0.000,周期字段（降权）,0x142,8,0,3,1,1,0.5004,10,2134,-0.246500
2170,0.000,周期字段（降权）,0x142,8,0,5,1,1,0.5004,10,2134,-0.246500
2171,0.000,周期字段（降权）,0x142,8,2,1,1,1,0.5004,10,2134,-0.246500
2172,0.000,周期字段（降权）,0x142,8,2,6,不一致,1,0.5004,10,2134,-0.246500
2173,0.000,周期字段（降权）,0x142,8,3,2,1,1,0.5004,10,2134,-0.246500
2174,0.000,周期字段（降权）,0x142,8,3,4,1,1,0.5004,10,2134,-0.246500
2175,0.000,周期字段（降权）,0x142,8,3,6,1,1,0.5004,10,2134,-0.246500
2176,0.000,周期字段（降权）,0x142,8,4,6,不一致,1,0.5004,10,2134,-0.246500
2177,0.000,周期字段（降权）,0x142,8,4,7,不一致,1,0.5004,10,2134,-0.246500
2178,0.000,周期字段（降权）,0x142,8,5,0,不一致,1,0.5004,10,2134,-0.246500
2179,0.000,周期字段（降权）,0x142,8,5,1,不一致,1,0.5004,10,2134,-0.246500
2180,0.000,周期字段（降权）,0x142,8,5,3,不一致,1,0.5004,10,2134,-0.246500
2181,0.000,周期字段（降权）,0x142,8,5,4,不一致,1,0.5004,10,2134,-0.246500
2182,0.000,周期字段（降权）,0x142,8,6,0,1,1,0.5004,10,2134,-0.246500
2183,0.000,周期字段（降权）,0x201,8,0,0,1,1,0.5002,10,4269,-0.246650
2184,0.000,周期字段（降权）,0x201,8,0,1,不一致,1,0.5002,10,2135,-0.246650
2185,0.000,周期字段（降权）,0x201,8,1,1,不一致,1,0.5002,10,2135,-0.246650
2186,0.000,周期字段（降权）,0x201,8,6,3,不一致,1,0.5002,10,2135,-0.246650
2187,0.000,周期字段（降权）,0x201,8,6,4,不一致,1,0.5002,10,2135,-0.246650
2188,0.000,周期字段（降权）,0x201,8,7,1,不一致,1,0.5002,10,2135,-0.246650
2189,0.000,周期字段（降权）,0x201,8,7,2,1,1,0.5002,10,2135,-0.246650
2190,0.000,周期字段（降权）,0x201,8,7,3,不一致,1,0.5002,10,2135,-0.246650
2191,0.000,周期字段（降权）,0x201,8,7,4,不一致,1,0.5002,10,2135,-0.246650
2192,0.000,周期字段（降权）,0x201,8,7,5,不一致,1,0.5002,10,2135,-0.246650
2193,0.000,周期字段（降权）,0x20E,3,0,0,1,1,0.5000,10,1071,-0.195550
2194,0.000,周期字段（降权）,0x20E,3,0,1,1,1,0.5000,10,535,-0.195550
2195,0.000,周期字段（降权）,0x20E,3,0,2,1,1,0.5000,10,267,-0.095850
2196,0.000,周期字段（降权）,0x20E,3,1,0,1,1,0.5000,10,1071,-0.195550
2197,0.000,周期字段（降权）,0x20E,3,1,1,1,1,0.5000,10,535,-0.195550
2198,0.000,周期字段（降权）,0x20E,3,1,2,1,1,0.5000,10,267,-0.095850
2199,0.000,周期字段（降权）,0x213,2,0,4,1,1,0.5000,10,217,0.034000
2200,0.000,周期字段（降权）,0x213,2,0,5,1,1,0.5000,10,108,0.034000
2201,0.000,周期字段（降权）,0x213,2,1,4,1,1,0.5000,10,217,0.034000
2202,0.000,周期字段（降权）,0x213,2,1,5,1,1,0.5000,10,109,0.534450
2203,0.000,周期字段（降权）,0x219,7,0,0,1,1,0.5000,10,1071,-0.184700
2204,0.000,周期字段（降权）,0x219,7,5,0,1,1,0.5000,10,1071,-0.184700
2205,0.000,周期字段（降权）,0x221,8,0,0,1,1,0.5000,10,2134,-0.208350
2206,0.000,周期字段（降权）,0x221,8,1,6,1,1,0.5000,10,2134,-0.208350
2207,0.000,周期字段（降权）,0x221,8,2,4,1,1,0.5000,10,2134,-0.208350
2208,0.000,周期字段（降权）,0x221,8,2,6,1,1,0.5000,10,2134,-0.208350
2209,0.000,周期字段（降权）,0x221,8,3,2,1,1,0.5000,10,2134,-0.208350
2210,0.000,周期字段（降权）,0x221,8,3,4,1,1,0.5000,10,2134,-0.208350
2211,0.000,周期字段（降权）,0x221,8,3,6,1,1,0.5000,10,2134,-0.208350
2212,0.000,周期字段（降权）,0x221,8,4,0,1,1,0.5000,10,2134,-0.208350
2213,0.000,周期字段（降权）,0x221,8,5,1,1,1,0.5000,10,2134,-0.208350
2214,0.000,周期字段（降权）,0x221,8,5,4,1,1,0.5000,10,2134,-0.208350
2215,0.000,周期字段（降权）,0x221,8,5,6,1,1,0.5000,10,2134,-0.208350
2216,0.000,周期字段（降权）,0x221,8,6,0,1,1,0.5000,10,2134,-0.208350
2217,0.000,周期字段（降权）,0x221,8,6,4,1,1,0.5000,10,2134,-0.208350
2218,0.000,周期字段（降权）,0x221,8,6,5,1,1,0.5000,10,1071,-0.157900
2219,0.000,周期字段（降权）,0x221,8,6,6,1,1,0.5000,10,535,-0.157900
2220,0.000,周期字段（降权）,0x221,8,6,7,1,1,0.5000,10,267,-0.057750
2221,0.000,周期字段（降权）,0x221,8,7,0,1,1,0.5000,10,2134,-0.208350
2222,0.000,周期字段（降权）,0x221,8,7,5,1,1,0.5000,10,1071,-0.157900
2223,0.000,周期字段（降权）,0x221,8,7,6,1,1,0.5000,10,535,-0.157900
2224,0.000,周期字段（降权）,0x221,8,7,7,1,1,0.5000,10,267,-0.057750
2225,0.000,周期字段（降权）,0x228,8,6,4,1,1,0.5000,10,1062,-0.237400
2226,0.000,周期字段（降权）,0x228,8,6,5,1,1,0.5000,10,527,-0.237400
2227,0.000,周期字段（降权）,0x228,8,6,6,1,1,0.5000,10,263,-0.137300
2228,0.000,周期字段（降权）,0x228,8,6,7,1,1,0.5000,10,132,0.163450
2229,0.000,周期字段（降权）,0x228,8,7,4,1,1,0.5000,10,1062,-0.237400
2230,0.000,周期字段（降权）,0x228,8,7,5,1,1,0.5000,10,527,-0.237400
2231,0.000,周期字段（降权）,0x228,8,7,6,1,1,0.5000,10,264,-0.137000
2232,0.000,周期字段（降权）,0x228,8,7,7,1,1,0.5000,10,133,-0.034750
2233,0.000,周期字段（降权）,0x229,3,1,0,1,1,0.5000,10,1062,-0.228600
2234,0.000,周期字段（降权）,0x229,3,1,1,1,1,0.5000,10,527,-0.228600
2235,0.000,周期字段（降权）,0x229,3,1,2,1,1,0.5000,10,263,-0.128900
2236,0.000,周期字段（降权）,0x229,3,1,3,1,1,0.5000,10,131,-0.029650
2237,0.000,周期字段（降权）,0x234,8,1,0,1,1,0.5000,10,2134,-0.209250
2238,0.000,周期字段（降权）,0x234,8,3,2,不一致,不一致,0.5036,10,2124,-0.209250
2239,0.000,周期字段（降权）,0x234,8,3,5,1,1,0.5000,10,2134,-0.209250
2240,0.000,周期字段（降权）,0x234,8,3,7,1,1,0.5000,10,2134,-0.209250
2241,0.000,周期字段（降权）,0x234,8,4,1,1,1,0.5000,10,2134,-0.209250
2242,0.000,周期字段（降权）,0x234,8,4,4,不一致,不一致,0.5036,10,2124,-0.209250
2243,0.000,周期字段（降权）,0x234,8,4,6,1,1,0.5000,10,2134,-0.209250
2244,0.000,周期字段（降权）,0x234,8,4,7,1,1,0.5000,10,2134,-0.209250
2245,0.000,周期字段（降权）,0x234,8,5,2,1,1,0.5000,10,2134,-0.209250
2246,0.000,周期字段（降权）,0x234,8,6,2,1,1,0.5000,10,2134,-0.209250
2247,0.000,周期字段（降权）,0x234,8,6,4,1,1,0.5000,10,2134,-0.209250
2248,0.000,周期字段（降权）,0x234,8,6,5,1,1,0.5000,10,1063,-0.209250
2249,0.000,周期字段（降权）,0x234,8,6,6,1,1,0.5000,10,536,-0.109300
2250,0.000,周期字段（降权）,0x234,8,6,7,1,1,0.5000,10,268,-0.008300
2251,0.000,周期字段（降权）,0x238,8,6,4,1,1,0.5000,10,209,-0.215950
2252,0.000,周期字段（降权）,0x238,8,6,5,1,1,0.5000,10,108,0.284400
2253,0.000,周期字段（降权）,0x238,8,7,4,1,1,0.5000,10,209,-0.215950
2254,0.000,周期字段（降权）,0x238,8,7,5,1,1,0.5000,10,108,0.284400
2255,0.000,周期字段（降权）,0x23E,8,6,4,1,1,0.5000,10,2670,-0.212500
2256,0.000,周期字段（降权）,0x23E,8,6,5,1,1,0.5000,10,1335,-0.192200
2257,0.000,周期字段（降权）,0x23E,8,6,6,1,1,0.5000,10,668,-0.171550
2258,0.000,周期字段（降权）,0x23E,8,6,7,不一致,不一致,0.5100,10,334,-0.032650
2259,0.000,周期字段（降权）,0x23E,8,7,5,不一致,1,0.5029,10,1340,-0.173400
2260,0.000,周期字段（降权）,0x23E,8,7,6,1,不一致,0.5057,10,685,-0.172300
2261,0.000,周期字段（降权）,0x249,4,1,0,1,1,0.5000,10,2134,-0.228100
2262,0.000,周期字段（降权）,0x249,4,1,1,1,1,0.5000,10,1063,-0.228100
2263,0.000,周期字段（降权）,0x249,4,1,2,1,1,0.5000,10,527,-0.228100
2264,0.000,周期字段（降权）,0x249,4,1,3,1,1,0.5000,10,264,-0.128500
2265,0.000,周期字段（降权）,0x25B,8,6,4,1,1,0.5000,10,1062,-0.225050
2266,0.000,周期字段（降权）,0x25B,8,6,5,1,1,0.5000,10,535,-0.124850
2267,0.000,周期字段（降权）,0x25B,8,6,6,1,1,0.5000,10,268,-0.024600
2268,0.000,周期字段（降权）,0x25B,8,6,7,1,1,0.5000,10,133,0.076800
2269,0.000,周期字段（降权）,0x25B,8,7,4,1,1,0.5000,10,1062,-0.225050
2270,0.000,周期字段（降权）,0x25B,8,7,5,1,1,0.5000,10,535,-0.124850
2271,0.000,周期字段（降权）,0x25B,8,7,6,1,1,0.5000,10,267,-0.024650
2272,0.000,周期字段（降权）,0x25B,8,7,7,1,1,0.5000,10,134,0.275550
2273,0.000,周期字段（降权）,0x261,8,0,0,1,1,0.5000,10,6671,-0.244450
2274,0.000,周期字段（降权）,0x261,8,1,1,不一致,不一致,0.5014,10,2225,-0.222800
2275,0.000,周期字段（降权）,0x261,8,1,3,不一致,1,0.5014,10,2223,-0.230300
2276,0.000,周期字段（降权）,0x261,8,4,4,不一致,不一致,0.5014,10,2223,-0.230300
2277,0.000,周期字段（降权）,0x261,8,5,3,不一致,不一致,0.5014,10,2225,-0.222800
2278,0.000,周期字段（降权）,0x261,8,6,4,1,1,0.5000,10,6671,-0.244450
2279,0.000,周期字段（降权）,0x261,8,6,5,1,1,0.5000,10,3335,-0.236550
2280,0.000,周期字段（降权）,0x261,8,6,6,不一致,不一致,0.5023,10,1668,-0.217650
2281,0.000,周期字段（降权）,0x261,8,6,7,不一致,不一致,0.5037,10,833,-0.185600
2282,0.000,周期字段（降权）,0x272,8,0,0,1,1,0.5000,10,1062,-0.231700
2283,0.000,周期字段（降权）,0x272,8,0,1,1,1,0.5000,10,1062,-0.231700
2284,0.000,周期字段（降权）,0x272,8,0,2,1,1,0.5000,10,1062,-0.231700
2285,0.000,周期字段（降权）,0x272,8,0,3,1,1,0.5000,10,1062,-0.231700
2286,0.000,周期字段（降权）,0x272,8,1,7,1,1,0.5000,10,1062,-0.231700
2287,0.000,周期字段（降权）,0x272,8,2,2,1,1,0.5000,10,1062,-0.231700
2288,0.000,周期字段（降权）,0x272,8,2,3,1,1,0.5000,10,1062,-0.231700
2289,0.000,周期字段（降权）,0x272,8,2,7,1,1,0.5000,10,1062,-0.231700
2290,0.000,周期字段（降权）,0x272,8,3,4,1,1,0.5000,10,1062,-0.231700
2291,0.000,周期字段（降权）,0x272,8,3,5,1,1,0.5000,10,1062,-0.231700
2292,0.000,周期字段（降权）,0x272,8,3,6,1,1,0.5000,10,1062,-0.231700
2293,0.000,周期字段（降权）,0x272,8,4,0,1,1,0.5000,10,1062,-0.231700
2294,0.000,周期字段（降权）,0x272,8,4,1,1,1,0.5000,10,1062,-0.231700
2295,0.000,周期字段（降权）,0x272,8,4,2,1,1,0.5000,10,1062,-0.231700
2296,0.000,周期字段（降权）,0x272,8,5,4,1,1,0.5000,10,1062,-0.231700
2297,0.000,周期字段（降权）,0x272,8,5,5,1,1,0.5000,10,1062,-0.231700
2298,0.000,周期字段（降权）,0x272,8,5,7,1,1,0.5000,10,1062,-0.231700
2299,0.000,周期字段（降权）,0x272,8,6,0,1,1,0.5000,10,1062,-0.231700
2300,0.000,周期字段（降权）,0x272,8,6,1,1,1,0.5000,10,1062,-0.231700
2301,0.000,周期字段（降权）,0x272,8,6,2,1,1,0.5000,10,1062,-0.231700
2302,0.000,周期字段（降权）,0x272,8,7,3,1,1,0.5000,10,1062,-0.231700
2303,0.000,周期字段（降权）,0x284,8,6,4,1,1,0.5000,10,208,-0.165950
2304,0.000,周期字段（降权）,0x284,8,6,5,1,1,0.5000,10,108,0.333850
2305,0.000,周期字段（降权）,0x284,8,7,4,1,1,0.5000,10,208,-0.165950
2306,0.000,周期字段（降权）,0x284,8,7,5,1,1,0.5000,10,100,-0.165950
2307,0.000,周期字段（降权）,0x288,8,6,4,1,1,0.5000,10,1071,-0.182300
2308,0.000,周期字段（降权）,0x288,8,6,5,1,1,0.5000,10,536,-0.082800
2309,0.000,周期字段（降权）,0x288,8,6,6,1,1,0.5000,10,268,0.018000
2310,0.000,周期字段（降权）,0x288,8,6,7,1,1,0.5000,10,133,0.120000
2311,0.000,周期字段（降权）,0x288,8,7,4,1,1,0.5000,10,1071,-0.182300
2312,0.000,周期字段（降权）,0x288,8,7,5,1,1,0.5000,10,536,-0.082800
2313,0.000,周期字段（降权）,0x288,8,7,6,1,1,0.5000,10,268,0.018000
2314,0.000,周期字段（降权）,0x288,8,7,7,1,1,0.5000,10,133,0.120000
2315,0.000,周期字段（降权）,0x289,8,3,6,1,1,0.5000,10,1062,-0.211300
2316,0.000,周期字段（降权）,0x289,8,4,2,1,1,0.5000,10,1062,-0.211300
2317,0.000,周期字段（降权）,0x293,8,6,4,1,1,0.5000,10,210,-0.016000
2318,0.000,周期字段（降权）,0x293,8,6,5,1,1,0.5000,10,109,0.484350
2319,0.000,周期字段（降权）,0x293,8,7,4,1,1,0.5000,10,210,-0.016000
2320,0.000,周期字段（降权）,0x293,8,7,5,1,1,0.5000,10,101,-0.016000
2321,0.000,周期字段（降权）,0x2A8,8,6,4,1,1,0.5000,10,1071,-0.170700
2322,0.000,周期字段（降权）,0x2A8,8,6,5,1,1,0.5000,10,535,-0.170700
2323,0.000,周期字段（降权）,0x2A8,8,6,6,1,1,0.5000,10,267,-0.070800
2324,0.000,周期字段（降权）,0x2A8,8,6,7,1,1,0.5000,10,133,0.027750
2325,0.000,周期字段（降权）,0x2A8,8,7,4,1,1,0.5000,10,1071,-0.170700
2326,0.000,周期字段（降权）,0x2A8,8,7,5,1,1,0.5000,10,535,-0.170700
2327,0.000,周期字段（降权）,0x2A8,8,7,6,1,1,0.5000,10,267,-0.070800
2328,0.000,周期字段（降权）,0x2A8,8,7,7,1,1,0.5000,10,134,0.230250
2329,0.000,周期字段（降权）,0x2AA,3,1,4,1,1,0.5000,10,1071,-0.194700
2330,0.000,周期字段（降权）,0x2AA,3,1,5,1,1,0.5000,10,535,-0.194700
2331,0.000,周期字段（降权）,0x2AA,3,1,6,1,1,0.5000,10,267,-0.094950
2332,0.000,周期字段（降权）,0x2AA,3,1,7,1,1,0.5000,10,134,0.206050
2333,0.000,周期字段（降权）,0x2AA,3,2,4,1,1,0.5000,10,1071,-0.194700
2334,0.000,周期字段（降权）,0x2AA,3,2,5,1,1,0.5000,10,536,-0.094750
2335,0.000,周期字段（降权）,0x2AA,3,2,6,1,1,0.5000,10,268,0.005900
2336,0.000,周期字段（降权）,0x2AA,3,2,7,1,1,0.5000,10,135,0.302650
2337,0.000,周期字段（降权）,0x2B3,8,0,2,0,0,0.5311,10,419,-0.086250
2338,0.000,周期字段（降权）,0x2B3,8,0,3,0,0,0.5257,10,210,0.033550
2339,0.000,周期字段（降权）,0x2C2,8,0,0,1,1,0.5000,10,1076,-0.183250
2340,0.000,周期字段（降权）,0x2C2,8,0,5,1,1,0.5000,10,1076,-0.183250
2341,0.000,周期字段（降权）,0x2C2,8,0,6,1,1,0.5000,10,1076,-0.183250
2342,0.000,周期字段（降权）,0x2C2,8,6,4,1,1,0.5000,10,1076,-0.183250
2343,0.000,周期字段（降权）,0x2C2,8,7,2,1,1,0.5000,10,1076,-0.183250
2344,0.000,周期字段（降权）,0x2C2,8,7,5,1,1,0.5000,10,1076,-0.183250
2345,0.000,周期字段（降权）,0x2C2,8,7,6,1,1,0.5000,10,1076,-0.183250
2346,0.000,周期字段（降权）,0x2C3,8,0,0,1,1,0.5000,10,1071,-0.187100
2347,0.000,周期字段（降权）,0x2C3,8,0,2,1,1,0.5000,10,1071,-0.187100
2348,0.000,周期字段（降权）,0x2C3,8,0,4,1,1,0.5000,10,1071,-0.187100
2349,0.000,周期字段（降权）,0x2C3,8,0,6,1,1,0.5000,10,1071,-0.187100
2350,0.000,周期字段（降权）,0x2C3,8,1,0,1,1,0.5000,10,1071,-0.187100
2351,0.000,周期字段（降权）,0x2C3,8,1,1,1,1,0.5000,10,1071,-0.187100
2352,0.000,周期字段（降权）,0x2C3,8,1,5,1,1,0.5000,10,1071,-0.187100
2353,0.000,周期字段（降权）,0x2C3,8,1,7,1,1,0.5000,10,1071,-0.187100
2354,0.000,周期字段（降权）,0x2C3,8,2,3,1,1,0.5000,10,1071,-0.187100
2355,0.000,周期字段（降权）,0x2C3,8,2,5,1,1,0.5000,10,1071,-0.187100
2356,0.000,周期字段（降权）,0x2C3,8,2,7,1,1,0.5000,10,1071,-0.187100
2357,0.000,周期字段（降权）,0x2C3,8,3,0,1,1,0.5000,10,1071,-0.187100
2358,0.000,周期字段（降权）,0x2C3,8,3,2,1,1,0.5000,10,1071,-0.187100
2359,0.000,周期字段（降权）,0x2C3,8,3,3,1,1,0.5000,10,1071,-0.187100
2360,0.000,周期字段（降权）,0x2C3,8,3,4,1,1,0.5000,10,1071,-0.187100
2361,0.000,周期字段（降权）,0x2C3,8,3,5,1,1,0.5000,10,1071,-0.187100
2362,0.000,周期字段（降权）,0x2C3,8,3,6,1,1,0.5000,10,1071,-0.187100
2363,0.000,周期字段（降权）,0x2C3,8,3,7,1,1,0.5000,10,1071,-0.187100
2364,0.000,周期字段（降权）,0x2C3,8,4,0,1,1,0.5000,10,1071,-0.187100
2365,0.000,周期字段（降权）,0x2C3,8,4,1,1,1,0.5000,10,1071,-0.187100
2366,0.000,周期字段（降权）,0x2C3,8,6,1,1,1,0.5000,10,1071,-0.187100
2367,0.000,周期字段（降权）,0x2C3,8,6,4,1,1,0.5000,10,1071,-0.187100
2368,0.000,周期字段（降权）,0x2C3,8,6,7,1,1,0.5000,10,1071,-0.187100
2369,0.000,周期字段（降权）,0x2C3,8,7,1,1,1,0.5000,10,1071,-0.187100
2370,0.000,周期字段（降权）,0x2C3,8,7,2,1,1,0.5000,10,1071,-0.187100
2371,0.000,周期字段（降权）,0x2C3,8,7,3,1,1,0.5000,10,1071,-0.187100
2372,0.000,周期字段（降权）,0x2C3,8,7,5,1,1,0.5000,10,1071,-0.187100
2373,0.000,周期字段（降权）,0x2C3,8,7,6,1,1,0.5000,10,1071,-0.187100
2374,0.000,周期字段（降权）,0x2C4,8,0,1,0,0,0.5250,10,508,-0.157100
2375,0.000,周期字段（降权）,0x2E1,8,0,0,1,不一致,0.5001,10,6674,-0.240350
2376,0.000,周期字段（降权）,0x2E1,8,1,3,不一致,1,0.5013,10,2225,-0.225950
2377,0.000,周期字段（降权）,0x2E1,8,1,5,不一致,不一致,0.5013,10,2225,-0.222450
2378,0.000,周期字段（降权）,0x2E2,8,0,2,0,0,0.5857,10,152,0.226350
2379,0.000,周期字段（降权）,0x2E2,8,7,7,0,0,0.5786,10,154,0.225850
2380,0.000,周期字段（降权）,0x2E3,7,0,2,1,不一致,0.5179,10,180,0.123550
2381,0.000,周期字段（降权）,0x2E8,8,6,4,1,1,0.5000,10,1062,-0.225050
2382,0.000,周期字段（降权）,0x2E8,8,6,5,1,1,0.5000,10,535,-0.125450
2383,0.000,周期字段（降权）,0x2E8,8,6,6,1,1,0.5000,10,267,-0.025350
2384,0.000,周期字段（降权）,0x2E8,8,6,7,1,1,0.5000,10,133,0.073250
2385,0.000,周期字段（降权）,0x2E8,8,7,4,1,1,0.5000,10,1062,-0.225050
2386,0.000,周期字段（降权）,0x2E8,8,7,5,1,1,0.5000,10,535,-0.125450
2387,0.000,周期字段（降权）,0x2E8,8,7,6,1,1,0.5000,10,267,-0.025350
2388,0.000,周期字段（降权）,0x2E8,8,7,7,1,1,0.5000,10,133,0.073250
2389,0.000,周期字段（降权）,0x2EC,3,1,4,1,1,0.5000,10,1067,-0.198400
2390,0.000,周期字段（降权）,0x2EC,3,1,5,1,1,0.5000,10,535,-0.149250
2391,0.000,周期字段（降权）,0x2EC,3,1,6,1,1,0.5000,10,267,-0.048400
2392,0.000,周期字段（降权）,0x2EC,3,1,7,1,1,0.5000,10,134,0.252200
2393,0.000,周期字段（降权）,0x2EC,3,2,4,1,1,0.5000,10,1067,-0.198400
2394,0.000,周期字段（降权）,0x2EC,3,2,5,1,1,0.5000,10,532,-0.148400
2395,0.000,周期字段（降权）,0x2EC,3,2,6,1,1,0.5000,10,266,-0.051750
2396,0.000,周期字段（降权）,0x2EC,3,2,7,1,1,0.5000,10,132,0.152200
2397,0.000,周期字段（降权）,0x2F9,8,3,3,1,1,0.5000,10,1071,-0.177900
2398,0.000,周期字段（降权）,0x312,8,0,0,1,1,0.5000,10,208,-0.130400
2399,0.000,周期字段（降权）,0x312,8,0,3,不一致,1,0.5714,10,173,-0.130400
2400,0.000,周期字段（降权）,0x312,8,0,6,1,1,0.5000,10,208,-0.130400
2401,0.000,周期字段（降权）,0x312,8,1,1,1,1,0.5000,10,208,-0.130400
2402,0.000,周期字段（降权）,0x312,8,1,2,1,1,0.5000,10,208,-0.130400
2403,0.000,周期字段（降权）,0x312,8,1,5,1,1,0.5000,10,208,-0.130400
2404,0.000,周期字段（降权）,0x312,8,1,6,1,1,0.5000,10,208,-0.130400
2405,0.000,周期字段（降权）,0x312,8,2,0,1,1,0.5000,10,208,-0.130400
2406,0.000,周期字段（降权）,0x312,8,2,5,1,1,0.5000,10,208,-0.130400
2407,0.000,周期字段（降权）,0x312,8,2,7,1,1,0.5000,10,208,-0.130400
2408,0.000,周期字段（降权）,0x312,8,3,4,1,1,0.5000,10,208,-0.130400
2409,0.000,周期字段（降权）,0x312,8,4,2,1,1,0.5000,10,208,-0.130400
2410,0.000,周期字段（降权）,0x312,8,4,3,1,1,0.5000,10,208,-0.130400
2411,0.000,周期字段（降权）,0x312,8,4,5,1,1,0.5000,10,208,-0.130400
2412,0.000,周期字段（降权）,0x312,8,4,6,1,1,0.5000,10,208,-0.130400
2413,0.000,周期字段（降权）,0x312,8,5,2,1,1,0.5000,10,208,-0.130400
2414,0.000,周期字段（降权）,0x312,8,5,3,1,1,0.5000,10,208,-0.130400
2415,0.000,周期字段（降权）,0x312,8,5,4,1,1,0.5000,10,208,-0.130400
2416,0.000,周期字段（降权）,0x312,8,5,5,1,1,0.5000,10,208,-0.130400
2417,0.000,周期字段（降权）,0x312,8,6,0,1,1,0.5000,10,208,-0.130400
2418,0.000,周期字段（降权）,0x312,8,6,1,1,1,0.5000,10,208,-0.130400
2419,0.000,周期字段（降权）,0x312,8,6,2,1,1,0.5000,10,208,-0.130400
2420,0.000,周期字段（降权）,0x312,8,6,4,1,1,0.5000,10,208,-0.130400
2421,0.000,周期字段（降权）,0x312,8,7,2,1,1,0.5000,10,208,-0.130400
2422,0.000,周期字段（降权）,0x312,8,7,4,1,1,0.5000,10,208,-0.130400
2423,0.000,周期字段（降权）,0x313,8,6,4,1,1,0.5000,10,208,-0.066150
2424,0.000,周期字段（降权）,0x313,8,6,5,1,1,0.5000,10,108,0.435150
2425,0.000,周期字段（降权）,0x313,8,7,4,1,1,0.5000,10,208,-0.066150
2426,0.000,周期字段（降权）,0x313,8,7,5,1,1,0.5000,10,108,0.435150
2427,0.000,周期字段（降权）,0x318,8,2,0,1,1,0.5000,10,109,0.356600
2428,0.000,周期字段（降权）,0x318,8,6,1,1,1,0.5000,10,1063,-0.243450
2429,0.000,周期字段（降权）,0x318,8,6,2,1,1,0.5000,10,528,-0.243450
2430,0.000,周期字段（降权）,0x318,8,6,3,1,1,0.5000,10,264,-0.142700
2431,0.000,周期字段（降权）,0x318,8,6,4,1,1,0.5000,10,132,-0.044450
2432,0.000,周期字段（降权）,0x318,8,7,0,1,1,0.5125,10,108,0.356600
2433,0.000,周期字段（降权）,0x318,8,7,3,0,不一致,0.5161,10,279,-0.143350
2434,0.000,周期字段（降权）,0x318,8,7,4,不一致,不一致,0.5161,10,140,0.057450
2435,0.000,周期字段（降权）,0x31A,8,6,4,1,1,0.5000,10,535,-0.144300
2436,0.000,周期字段（降权）,0x31A,8,6,5,1,1,0.5000,10,267,-0.045100
2437,0.000,周期字段（降权）,0x31A,8,6,6,1,1,0.5000,10,134,0.256400
2438,0.000,周期字段（降权）,0x31A,8,7,4,1,1,0.5000,10,535,-0.144300
2439,0.000,周期字段（降权）,0x31A,8,7,5,1,1,0.5000,10,268,-0.044300
2440,0.000,周期字段（降权）,0x31A,8,7,6,1,1,0.5000,10,135,0.253050
2441,0.000,周期字段（降权）,0x332,6,0,0,1,1,0.5000,10,108,0.722500
2442,0.000,周期字段（降权）,0x332,6,0,4,1,1,0.5000,10,108,0.722500
2443,0.000,周期字段（降权）,0x332,6,0,6,1,1,0.5000,10,108,0.722500
2444,0.000,周期字段（降权）,0x332,6,0,7,1,1,0.5000,10,108,0.722500
2445,0.000,周期字段（降权）,0x332,6,1,1,1,1,0.5000,10,108,0.722500
2446,0.000,周期字段（降权）,0x332,6,1,4,1,1,0.5000,10,108,0.722500
2447,0.000,周期字段（降权）,0x332,6,2,1,1,1,0.5000,10,108,0.722500
2448,0.000,周期字段（降权）,0x332,6,2,2,1,1,0.5000,10,108,0.722500
2449,0.000,周期字段（降权）,0x332,6,2,4,1,1,0.5000,10,108,0.722500
2450,0.000,周期字段（降权）,0x332,6,2,5,1,1,0.5000,10,108,0.722500
2451,0.000,周期字段（降权）,0x332,6,2,6,1,1,0.5000,10,108,0.722500
2452,0.000,周期字段（降权）,0x332,6,2,7,1,1,0.5000,10,108,0.722500
2453,0.000,周期字段（降权）,0x332,6,3,4,1,1,0.5000,10,108,0.722500
2454,0.000,周期字段（降权）,0x332,6,3,7,1,1,0.5000,10,108,0.722500
2455,0.000,周期字段（降权）,0x332,6,4,1,1,1,0.5000,10,108,0.722500
2456,0.000,周期字段（降权）,0x332,6,4,3,1,1,0.5000,10,108,0.722500
2457,0.000,周期字段（降权）,0x332,6,4,4,1,1,0.5000,10,108,0.722500
2458,0.000,周期字段（降权）,0x332,6,4,6,1,1,0.5000,10,108,0.722500
2459,0.000,周期字段（降权）,0x332,6,4,7,1,1,0.5000,10,108,0.722500
2460,0.000,周期字段（降权）,0x334,8,6,4,1,1,0.5000,10,217,0.134300
2461,0.000,周期字段（降权）,0x334,8,6,5,1,1,0.5000,10,109,0.633550
2462,0.000,周期字段（降权）,0x334,8,7,4,1,1,0.5000,10,217,0.134300
2463,0.000,周期字段（降权）,0x334,8,7,5,1,1,0.5000,10,109,0.633550
2464,0.000,周期字段（降权）,0x340,8,0,0,1,1,0.5000,10,1062,-0.229850
2465,0.000,周期字段（降权）,0x340,8,0,1,1,1,0.5000,10,535,-0.129800
2466,0.000,周期字段（降权）,0x348,8,4,0,1,1,0.5000,10,108,0.358050
2467,0.000,周期字段（降权）,0x34A,8,0,0,1,1,0.5000,10,208,-0.184200
2468,0.000,周期字段（降权）,0x34A,8,0,1,1,1,0.5000,10,108,0.315800
2469,0.000,周期字段（降权）,0x34A,8,7,5,1,1,0.5000,10,108,0.315800
2470,0.000,周期字段（降权）,0x34A,8,7,6,1,1,0.5000,10,108,0.315800
2471,0.000,周期字段（降权）,0x372,8,0,1,0,0,0.5333,10,854,-0.148450
2472,0.000,周期字段（降权）,0x372,8,0,2,0,0,0.5333,10,427,-0.028050
2473,0.000,周期字段（降权）,0x372,8,0,3,0,0,0.5333,10,218,0.211350
2474,0.000,周期字段（降权）,0x379,8,0,0,1,1,0.5000,10,1062,-0.227050
2475,0.000,周期字段（降权）,0x379,8,0,1,1,1,0.5000,10,535,-0.127300
2476,0.000,周期字段（降权）,0x37A,8,0,0,1,1,0.5000,10,1062,-0.213400
2477,0.000,周期字段（降权）,0x37A,8,0,1,1,1,0.5000,10,535,-0.112300
2478,0.000,周期字段（降权）,0x37D,8,0,0,1,1,0.5000,10,108,0.462700
2479,0.000,周期字段（降权）,0x37D,8,0,1,1,1,0.5000,10,108,0.462700
2480,0.000,周期字段（降权）,0x37D,8,0,5,1,1,0.5000,10,108,0.462700
2481,0.000,周期字段（降权）,0x37D,8,0,6,1,1,0.5000,10,108,0.462700
2482,0.000,周期字段（降权）,0x37D,8,0,7,1,1,0.5000,10,108,0.462700
2483,0.000,周期字段（降权）,0x37D,8,1,0,1,1,0.5000,10,108,0.462700
2484,0.000,周期字段（降权）,0x37D,8,1,1,1,1,0.5000,10,108,0.462700
2485,0.000,周期字段（降权）,0x37D,8,1,2,1,1,0.5000,10,108,0.462700
2486,0.000,周期字段（降权）,0x37D,8,1,3,1,1,0.5000,10,108,0.462700
2487,0.000,周期字段（降权）,0x37D,8,1,7,1,1,0.5000,10,108,0.462700
2488,0.000,周期字段（降权）,0x37D,8,2,0,1,1,0.5000,10,108,0.462700
2489,0.000,周期字段（降权）,0x37D,8,2,4,1,1,0.5000,10,108,0.462700
2490,0.000,周期字段（降权）,0x37D,8,2,7,1,1,0.5000,10,108,0.462700
2491,0.000,周期字段（降权）,0x37D,8,3,4,1,1,0.5000,10,108,0.462700
2492,0.000,周期字段（降权）,0x37D,8,3,7,1,1,0.5000,10,108,0.462700
2493,0.000,周期字段（降权）,0x381,8,0,1,0,0,0.5186,10,1537,-0.222250
2494,0.000,周期字段（降权）,0x38B,8,2,3,1,1,0.5000,10,108,0.382600
2495,0.000,周期字段（降权）,0x38B,8,4,3,1,1,0.5000,10,108,0.382600
2496,0.000,周期字段（降权）,0x392,8,0,0,1,1,0.5000,10,208,-0.129850
2497,0.000,周期字段（降权）,0x392,8,1,2,1,1,0.5000,10,208,-0.129850
2498,0.000,周期字段（降权）,0x392,8,1,3,1,1,0.5000,10,208,-0.129850
2499,0.000,周期字段（降权）,0x392,8,2,0,1,1,0.5000,10,208,-0.129850
2500,0.000,周期字段（降权）,0x392,8,2,3,1,1,0.5000,10,208,-0.129850
2501,0.000,周期字段（降权）,0x392,8,2,5,1,1,0.5000,10,208,-0.129850
2502,0.000,周期字段（降权）,0x392,8,2,7,1,1,0.5000,10,208,-0.129850
2503,0.000,周期字段（降权）,0x392,8,3,0,1,1,0.5000,10,208,-0.129850
2504,0.000,周期字段（降权）,0x392,8,3,1,1,1,0.5000,10,208,-0.129850
2505,0.000,周期字段（降权）,0x392,8,3,2,1,1,0.5000,10,208,-0.129850
2506,0.000,周期字段（降权）,0x392,8,3,5,1,1,0.5000,10,208,-0.129850
2507,0.000,周期字段（降权）,0x392,8,3,6,1,1,0.5000,10,208,-0.129850
2508,0.000,周期字段（降权）,0x392,8,4,4,1,1,0.5000,10,208,-0.129850
2509,0.000,周期字段（降权）,0x392,8,5,0,1,1,0.5000,10,208,-0.129850
2510,0.000,周期字段（降权）,0x392,8,5,1,1,1,0.5000,10,208,-0.129850
2511,0.000,周期字段（降权）,0x392,8,5,2,1,1,0.5000,10,208,-0.129850
2512,0.000,周期字段（降权）,0x392,8,5,5,1,1,0.5000,10,208,-0.129850
2513,0.000,周期字段（降权）,0x392,8,6,1,1,1,0.5000,10,208,-0.129850
2514,0.000,周期字段（降权）,0x393,8,0,0,1,1,0.5000,10,1062,-0.235000
2515,0.000,周期字段（降权）,0x393,8,0,1,1,1,0.5000,10,1062,-0.235000
2516,0.000,周期字段（降权）,0x393,8,0,2,1,1,0.5000,10,1062,-0.235000
2517,0.000,周期字段（降权）,0x393,8,0,3,1,1,0.5000,10,1062,-0.235000
2518,0.000,周期字段（降权）,0x393,8,1,7,1,1,0.5000,10,1062,-0.235000
2519,0.000,周期字段（降权）,0x393,8,2,2,1,1,0.5000,10,1062,-0.235000
2520,0.000,周期字段（降权）,0x393,8,2,3,1,1,0.5000,10,1062,-0.235000
2521,0.000,周期字段（降权）,0x393,8,2,7,1,1,0.5000,10,1062,-0.235000
2522,0.000,周期字段（降权）,0x393,8,3,4,1,1,0.5000,10,1062,-0.235000
2523,0.000,周期字段（降权）,0x393,8,3,5,1,1,0.5000,10,1062,-0.235000
2524,0.000,周期字段（降权）,0x393,8,3,6,1,1,0.5000,10,1062,-0.235000
2525,0.000,周期字段（降权）,0x393,8,4,0,1,1,0.5000,10,1062,-0.235000
2526,0.000,周期字段（降权）,0x393,8,4,1,1,1,0.5000,10,1062,-0.235000
2527,0.000,周期字段（降权）,0x393,8,4,2,1,1,0.5000,10,1062,-0.235000
2528,0.000,周期字段（降权）,0x393,8,5,4,1,1,0.5000,10,1062,-0.235000
2529,0.000,周期字段（降权）,0x393,8,5,5,1,1,0.5000,10,1062,-0.235000
2530,0.000,周期字段（降权）,0x393,8,5,7,1,1,0.5000,10,1062,-0.235000
2531,0.000,周期字段（降权）,0x393,8,6,0,1,1,0.5000,10,1062,-0.235000
2532,0.000,周期字段（降权）,0x393,8,6,1,1,1,0.5000,10,1062,-0.235000
2533,0.000,周期字段（降权）,0x393,8,6,2,1,1,0.5000,10,1062,-0.235000
2534,0.000,周期字段（降权）,0x393,8,7,3,1,1,0.5000,10,1062,-0.235000
2535,0.000,周期字段（降权）,0x39A,8,0,0,1,1,0.5000,10,1071,-0.191500
2536,0.000,周期字段（降权）,0x39A,8,1,1,1,1,0.5000,10,1071,-0.191500
2537,0.000,周期字段（降权）,0x39A,8,1,5,1,1,0.5000,10,1071,-0.191500
2538,0.000,周期字段（降权）,0x39A,8,1,6,1,1,0.5000,10,1071,-0.191500
2539,0.000,周期字段（降权）,0x39A,8,1,7,1,1,0.5000,10,1071,-0.191500
2540,0.000,周期字段（降权）,0x39A,8,2,1,1,1,0.5000,10,1071,-0.191500
2541,0.000,周期字段（降权）,0x39A,8,3,0,1,1,0.5000,10,1071,-0.191500
2542,0.000,周期字段（降权）,0x39A,8,3,1,1,1,0.5000,10,1071,-0.191500
2543,0.000,周期字段（降权）,0x39A,8,3,7,1,1,0.5000,10,1071,-0.191500
2544,0.000,周期字段（降权）,0x39A,8,4,1,1,1,0.5000,10,1071,-0.191500
2545,0.000,周期字段（降权）,0x39A,8,5,2,1,1,0.5000,10,1071,-0.191500
2546,0.000,周期字段（降权）,0x39A,8,5,3,1,1,0.5000,10,1071,-0.191500
2547,0.000,周期字段（降权）,0x39A,8,5,4,1,1,0.5000,10,1071,-0.191500
2548,0.000,周期字段（降权）,0x39A,8,5,5,1,1,0.5000,10,1071,-0.191500
2549,0.000,周期字段（降权）,0x39A,8,5,6,1,1,0.5000,10,1071,-0.191500
2550,0.000,周期字段（降权）,0x39A,8,5,7,1,1,0.5000,10,1071,-0.191500
2551,0.000,周期字段（降权）,0x39A,8,6,0,1,1,0.5000,10,1071,-0.191500
2552,0.000,周期字段（降权）,0x39A,8,6,2,1,1,0.5000,10,1071,-0.191500
2553,0.000,周期字段（降权）,0x39A,8,6,3,1,1,0.5000,10,1071,-0.191500
2554,0.000,周期字段（降权）,0x39A,8,6,4,1,1,0.5000,10,1071,-0.191500
2555,0.000,周期字段（降权）,0x39A,8,6,5,1,1,0.5000,10,1071,-0.191500
2556,0.000,周期字段（降权）,0x39A,8,6,6,1,1,0.5000,10,1071,-0.191500
2557,0.000,周期字段（降权）,0x39A,8,6,7,1,1,0.5000,10,1071,-0.191500
2558,0.000,周期字段（降权）,0x39A,8,7,0,1,1,0.5000,10,1071,-0.191500
2559,0.000,周期字段（降权）,0x39A,8,7,1,1,1,0.5000,10,1071,-0.191500
2560,0.000,周期字段（降权）,0x39A,8,7,4,1,1,0.5000,10,1071,-0.191500
2561,0.000,周期字段（降权）,0x39B,8,6,4,1,1,0.5000,10,215,0.034050
2562,0.000,周期字段（降权）,0x39B,8,6,5,1,1,0.5000,10,108,0.378400
2563,0.000,周期字段（降权）,0x39B,8,7,4,1,1,0.5000,10,215,0.034050
2564,0.000,周期字段（降权）,0x39B,8,7,5,1,1,0.5000,10,107,0.206150
2565,0.000,周期字段（降权）,0x39D,5,0,0,1,1,0.5000,10,2670,-0.222800
2566,0.000,周期字段（降权）,0x39D,5,0,1,1,1,0.5000,10,1335,-0.202200
2567,0.000,周期字段（降权）,0x39D,5,0,2,1,1,0.5000,10,668,-0.142600
2568,0.000,周期字段（降权）,0x39D,5,0,3,不一致,0,0.5093,10,334,-0.063300
2569,0.000,周期字段（降权）,0x39D,5,0,4,不一致,0,0.5093,10,334,-0.063300
2570,0.000,周期字段（降权）,0x39D,5,0,5,不一致,0,0.5093,10,336,-0.063300
2571,0.000,周期字段（降权）,0x39D,5,0,6,不一致,0,0.5093,10,334,-0.063300
2572,0.000,周期字段（降权）,0x39D,5,0,7,不一致,0,0.5093,10,334,-0.063300
2573,0.000,周期字段（降权）,0x39D,5,1,0,1,1,0.5000,10,2670,-0.222800
2574,0.000,周期字段（降权）,0x39D,5,1,1,1,1,0.5000,10,1335,-0.202200
2575,0.000,周期字段（降权）,0x39D,5,1,2,1,1,0.5000,10,668,-0.142600
2576,0.000,周期字段（降权）,0x39D,5,1,3,不一致,1,0.5093,10,334,-0.063300
2577,0.000,周期字段（降权）,0x3A1,8,0,0,1,1,0.5000,10,2135,-0.242250
2578,0.000,周期字段（降权）,0x3A1,8,0,1,1,1,0.5000,10,2135,-0.242250
2579,0.000,周期字段（降权）,0x3A1,8,0,6,1,1,0.5000,10,2135,-0.242250
2580,0.000,周期字段（降权）,0x3A1,8,0,7,1,1,0.5000,10,2135,-0.242250
2581,0.000,周期字段（降权）,0x3A1,8,1,3,1,1,0.5000,10,2135,-0.242250
2582,0.000,周期字段（降权）,0x3A1,8,1,4,1,1,0.5000,10,2135,-0.242250
2583,0.000,周期字段（降权）,0x3A1,8,1,5,1,1,0.5000,10,2135,-0.242250
2584,0.000,周期字段（降权）,0x3A1,8,1,7,1,1,0.5000,10,2135,-0.242250
2585,0.000,周期字段（降权）,0x3A1,8,2,0,1,1,0.5000,10,2135,-0.242250
2586,0.000,周期字段（降权）,0x3A1,8,2,2,1,1,0.5000,10,2135,-0.242250
2587,0.000,周期字段（降权）,0x3A1,8,2,3,1,1,0.5000,10,2135,-0.242250
2588,0.000,周期字段（降权）,0x3A1,8,2,6,1,1,0.5000,10,2135,-0.242250
2589,0.000,周期字段（降权）,0x3A1,8,3,0,1,1,0.5000,10,2135,-0.242250
2590,0.000,周期字段（降权）,0x3A1,8,4,2,1,1,0.5000,10,2135,-0.242250
2591,0.000,周期字段（降权）,0x3A1,8,4,3,1,1,0.5000,10,2135,-0.242250
2592,0.000,周期字段（降权）,0x3A1,8,4,4,1,1,0.5000,10,2135,-0.242250
2593,0.000,周期字段（降权）,0x3A1,8,4,5,1,1,0.5000,10,2135,-0.242250
2594,0.000,周期字段（降权）,0x3A1,8,5,3,1,1,0.5000,10,2133,-0.242250
2595,0.000,周期字段（降权）,0x3A1,8,6,1,1,1,0.5000,10,2135,-0.242250
2596,0.000,周期字段（降权）,0x3A1,8,6,4,1,1,0.5000,10,2135,-0.242250
2597,0.000,周期字段（降权）,0x3A1,8,6,5,1,1,0.5000,10,1064,-0.242250
2598,0.000,周期字段（降权）,0x3A1,8,6,6,1,1,0.5000,10,528,-0.242250
2599,0.000,周期字段（降权）,0x3A1,8,6,7,1,1,0.5000,10,264,-0.141900
2600,0.000,周期字段（降权）,0x3A4,8,0,0,1,1,0.5000,10,108,0.495450
2601,0.000,周期字段（降权）,0x3AA,8,0,0,1,1,0.5000,10,217,0.233650
2602,0.000,周期字段（降权）,0x3AE,8,6,0,不一致,1,0.5061,10,353,-0.064500
2603,0.000,周期字段（降权）,0x3AE,8,6,5,不一致,1,0.5014,10,1413,-0.202650
2604,0.000,周期字段（降权）,0x3AE,8,6,6,不一致,不一致,0.5047,10,708,-0.156550
2605,0.000,周期字段（降权）,0x3AE,8,6,7,不一致,0,0.5061,10,354,-0.079050
2606,0.000,周期字段（降权）,0x3AE,8,7,0,不一致,不一致,0.5061,10,353,-0.064500
2607,0.000,周期字段（降权）,0x3AE,8,7,1,不一致,1,0.5061,10,353,-0.064500
2608,0.000,周期字段（降权）,0x3AE,8,7,5,不一致,1,0.5014,10,1413,-0.202650
2609,0.000,周期字段（降权）,0x3AE,8,7,6,不一致,不一致,0.5047,10,708,-0.156550
2610,0.000,周期字段（降权）,0x3AE,8,7,7,不一致,不一致,0.5068,10,354,-0.099400
2611,0.000,周期字段（降权）,0x3C2,8,0,0,1,1,0.5000,10,2134,-0.224000
2612,0.000,周期字段（降权）,0x3C2,8,0,3,1,1,0.5000,10,2134,-0.224000
2613,0.000,周期字段（降权）,0x3C2,8,0,5,1,1,0.5000,10,2134,-0.224000
2614,0.000,周期字段（降权）,0x3C2,8,2,0,1,1,0.5000,10,2134,-0.224000
2615,0.000,周期字段（降权）,0x3C2,8,2,2,1,1,0.5000,10,2134,-0.224000
2616,0.000,周期字段（降权）,0x3C2,8,2,4,1,1,0.5000,10,2134,-0.224000
2617,0.000,周期字段（降权）,0x3C2,8,2,6,1,1,0.5000,10,2134,-0.224000
2618,0.000,周期字段（降权）,0x3C2,8,3,0,1,1,0.5000,10,2134,-0.224000
2619,0.000,周期字段（降权）,0x3C2,8,3,2,1,1,0.5000,10,2134,-0.224000
2620,0.000,周期字段（降权）,0x3C2,8,3,4,1,1,0.5000,10,2134,-0.224000
2621,0.000,周期字段（降权）,0x3C2,8,3,6,1,1,0.5000,10,2134,-0.224000
2622,0.000,周期字段（降权）,0x3C2,8,6,0,1,1,0.5000,10,2134,-0.224000
2623,0.000,周期字段（降权）,0x3C2,8,6,3,1,1,0.5000,10,2134,-0.224000
2624,0.000,周期字段（降权）,0x3C2,8,6,4,1,1,0.5000,10,2134,-0.224000
2625,0.000,周期字段（降权）,0x3C2,8,6,6,1,1,0.5000,10,2134,-0.224000
2626,0.000,周期字段（降权）,0x3C2,8,7,0,1,1,0.5000,10,2134,-0.224000
2627,0.000,周期字段（降权）,0x3C2,8,7,2,1,1,0.5000,10,2134,-0.224000
2628,0.000,周期字段（降权）,0x3C2,8,7,6,1,1,0.5000,10,2134,-0.224000
2629,0.000,周期字段（降权）,0x3C2,8,7,7,1,1,0.5000,10,2134,-0.224000
2630,0.000,周期字段（降权）,0x3C3,8,0,0,1,1,0.5000,10,1062,-0.211100
2631,0.000,周期字段（降权）,0x3C3,8,0,2,1,1,0.5000,10,1062,-0.211100
2632,0.000,周期字段（降权）,0x3C3,8,0,4,1,1,0.5000,10,1062,-0.211100
2633,0.000,周期字段（降权）,0x3C3,8,0,6,1,1,0.5000,10,1062,-0.211100
2634,0.000,周期字段（降权）,0x3C3,8,1,0,1,1,0.5000,10,1062,-0.211100
2635,0.000,周期字段（降权）,0x3C3,8,1,2,1,1,0.5000,10,1062,-0.211100
2636,0.000,周期字段（降权）,0x3C3,8,1,4,1,1,0.5000,10,1062,-0.211100
2637,0.000,周期字段（降权）,0x3C3,8,1,6,1,1,0.5000,10,1062,-0.211100
2638,0.000,周期字段（降权）,0x3C3,8,2,0,1,1,0.5000,10,1062,-0.211100
2639,0.000,周期字段（降权）,0x3C3,8,2,2,1,1,0.5000,10,1062,-0.211100
2640,0.000,周期字段（降权）,0x3C3,8,2,4,1,1,0.5000,10,1062,-0.211100
2641,0.000,周期字段（降权）,0x3C3,8,2,6,1,1,0.5000,10,1062,-0.211100
2642,0.000,周期字段（降权）,0x3C3,8,3,0,1,1,0.5000,10,1062,-0.211100
2643,0.000,周期字段（降权）,0x3C3,8,5,0,1,1,0.5000,10,1062,-0.211100
2644,0.000,周期字段（降权）,0x3C3,8,5,2,1,1,0.5000,10,1062,-0.211100
2645,0.000,周期字段（降权）,0x3C3,8,5,6,1,1,0.5000,10,1062,-0.211100
2646,0.000,周期字段（降权）,0x3C3,8,5,7,1,1,0.5000,10,1062,-0.211100
2647,0.000,周期字段（降权）,0x3C3,8,6,0,1,1,0.5000,10,1062,-0.211100
2648,0.000,周期字段（降权）,0x3C3,8,6,1,1,1,0.5000,10,1062,-0.211100
2649,0.000,周期字段（降权）,0x3C3,8,6,6,1,1,0.5000,10,1062,-0.211100
2650,0.000,周期字段（降权）,0x3C8,8,0,2,0,0,0.5714,10,304,-0.099200
2651,0.000,周期字段（降权）,0x3C9,8,0,0,1,1,0.5000,10,108,0.208250
2652,0.000,周期字段（降权）,0x3CC,8,2,6,1,1,0.5000,10,208,-0.175900
2653,0.000,周期字段（降权）,0x3CC,8,2,7,1,1,0.5000,10,108,0.324350
2654,0.000,周期字段（降权）,0x3E8,8,0,2,0,0,0.5679,10,306,-0.054100
2655,0.000,周期字段（降权）,0x3E9,8,6,4,1,1,0.5042,10,215,-0.015750
2656,0.000,周期字段（降权）,0x3E9,8,6,5,不一致,1,0.5042,10,108,0.333100
2657,0.000,周期字段（降权）,0x3E9,8,7,4,不一致,1,0.5042,10,215,-0.015750
2658,0.000,周期字段（降权）,0x3E9,8,7,5,1,1,0.5042,10,107,0.161800
2659,0.000,周期字段（降权）,0x3F2,8,0,0,1,1,0.5000,10,108,0.723500
2660,0.000,周期字段（降权）,0x3F9,8,0,2,0,0,0.5554,10,237,-0.019550
2661,0.000,周期字段（降权）,0x407,8,0,0,1,1,0.5000,10,217,0.106800
2662,0.000,周期字段（降权）,0x407,8,0,1,1,1,0.5000,10,108,0.106800
2663,0.000,周期字段（降权）,0x407,8,1,0,1,1,0.5000,10,217,0.106800
2664,0.000,周期字段（降权）,0x407,8,1,1,1,1,0.5000,10,109,0.606950
2665,0.000,周期字段（降权）,0x40A,8,6,4,1,1,0.5000,10,535,-0.124250
2666,0.000,周期字段（降权）,0x40A,8,6,5,1,1,0.5000,10,267,-0.024300
2667,0.000,周期字段（降权）,0x40A,8,6,6,1,1,0.5000,10,134,0.276400
2668,0.000,周期字段（降权）,0x40A,8,7,4,1,1,0.5000,10,535,-0.124250
2669,0.000,周期字段（降权）,0x40A,8,7,5,1,1,0.5000,10,268,-0.023400
2670,0.000,周期字段（降权）,0x40A,8,7,6,1,1,0.5000,10,133,0.078100
2671,0.000,周期字段（降权）,0x420,8,6,7,1,1,0.5000,10,1071,-0.180100
2672,0.000,周期字段（降权）,0x420,8,7,0,1,1,0.5000,10,536,-0.080500
2673,0.000,周期字段（降权）,0x420,8,7,1,1,1,0.5000,10,268,0.019600
2674,0.000,周期字段（降权）,0x420,8,7,2,1,1,0.5000,10,134,0.320650
2675,0.000,周期字段（降权）,0x43B,8,0,0,1,1,0.5000,10,426,-0.184450
2676,0.000,周期字段（降权）,0x43B,8,0,1,1,1,0.5000,10,209,-0.184450
2677,0.000,周期字段（降权）,0x441,8,0,3,1,1,0.5000,10,2134,-0.225100
2678,0.000,周期字段（降权）,0x441,8,0,4,1,1,0.5000,10,2134,-0.225100
2679,0.000,周期字段（降权）,0x441,8,0,5,1,1,0.5000,10,2134,-0.225100
2680,0.000,周期字段（降权）,0x441,8,1,0,1,1,0.5000,10,2134,-0.225100
2681,0.000,周期字段（降权）,0x441,8,1,2,1,1,0.5000,10,2134,-0.225100
2682,0.000,周期字段（降权）,0x441,8,1,7,1,1,0.5000,10,2134,-0.225100
2683,0.000,周期字段（降权）,0x441,8,2,0,1,1,0.5000,10,2134,-0.225100
2684,0.000,周期字段（降权）,0x441,8,2,1,1,1,0.5000,10,2134,-0.225100
2685,0.000,周期字段（降权）,0x441,8,2,2,1,1,0.5000,10,2134,-0.225100
2686,0.000,周期字段（降权）,0x441,8,2,3,1,1,0.5000,10,2134,-0.225100
2687,0.000,周期字段（降权）,0x441,8,2,4,1,1,0.5000,10,2134,-0.225100
2688,0.000,周期字段（降权）,0x441,8,2,5,1,1,0.5000,10,2134,-0.225100
2689,0.000,周期字段（降权）,0x441,8,3,0,1,1,0.5000,10,2134,-0.225100
2690,0.000,周期字段（降权）,0x441,8,3,1,1,1,0.5000,10,2134,-0.225100
2691,0.000,周期字段（降权）,0x441,8,3,6,1,1,0.5000,10,2134,-0.225100
2692,0.000,周期字段（降权）,0x441,8,3,7,1,1,0.5000,10,2134,-0.225100
2693,0.000,周期字段（降权）,0x441,8,4,1,1,1,0.5000,10,2134,-0.225100
2694,0.000,周期字段（降权）,0x441,8,4,3,1,1,0.5000,10,2134,-0.225100
2695,0.000,周期字段（降权）,0x441,8,4,5,1,1,0.5000,10,2134,-0.225100
2696,0.000,周期字段（降权）,0x441,8,4,6,1,1,0.5000,10,2134,-0.225100
2697,0.000,周期字段（降权）,0x441,8,6,0,1,1,0.5000,10,2134,-0.225100
2698,0.000,周期字段（降权）,0x441,8,6,2,1,1,0.5000,10,2134,-0.225100
2699,0.000,周期字段（降权）,0x441,8,6,3,1,1,0.5000,10,1063,-0.225100
2700,0.000,周期字段（降权）,0x441,8,6,4,1,1,0.5000,10,527,-0.225100
2701,0.000,周期字段（降权）,0x441,8,6,5,1,1,0.5000,10,263,-0.125750
2702,0.000,周期字段（降权）,0x441,8,7,3,1,1,0.5000,10,1063,-0.225100
2703,0.000,周期字段（降权）,0x443,6,0,0,1,1,0.5000,10,217,0.126850
2704,0.000,周期字段（降权）,0x443,6,0,1,1,1,0.5000,10,108,0.126850
2705,0.000,周期字段（降权）,0x443,6,1,0,1,1,0.5000,10,217,0.126850
2706,0.000,周期字段（降权）,0x443,6,1,1,1,1,0.5000,10,109,0.627200
2707,0.000,周期字段（降权）,0x45A,8,0,0,1,1,0.5000,10,2134,-0.224850
2708,0.000,周期字段（降权）,0x45A,8,0,2,1,1,0.5000,10,2134,-0.224850
2709,0.000,周期字段（降权）,0x45A,8,0,3,1,1,0.5000,10,2134,-0.224850
2710,0.000,周期字段（降权）,0x45A,8,0,4,1,1,0.5000,10,2134,-0.224850
2711,0.000,周期字段（降权）,0x45A,8,0,6,1,1,0.5000,10,2134,-0.224850
2712,0.000,周期字段（降权）,0x45A,8,0,7,1,1,0.5000,10,2134,-0.224850
2713,0.000,周期字段（降权）,0x45A,8,1,2,1,1,0.5000,10,2134,-0.224850
2714,0.000,周期字段（降权）,0x45A,8,1,3,1,1,0.5000,10,2134,-0.224850
2715,0.000,周期字段（降权）,0x45A,8,1,6,1,1,0.5000,10,2134,-0.224850
2716,0.000,周期字段（降权）,0x45A,8,2,0,1,1,0.5000,10,2134,-0.224850
2717,0.000,周期字段（降权）,0x45A,8,2,1,1,1,0.5000,10,2134,-0.224850
2718,0.000,周期字段（降权）,0x45A,8,2,4,1,1,0.5000,10,2134,-0.224850
2719,0.000,周期字段（降权）,0x45A,8,2,5,1,1,0.5000,10,2134,-0.224850
2720,0.000,周期字段（降权）,0x45A,8,2,7,1,1,0.5000,10,2134,-0.224850
2721,0.000,周期字段（降权）,0x45A,8,3,2,1,1,0.5000,10,2134,-0.224850
2722,0.000,周期字段（降权）,0x45A,8,3,4,1,1,0.5000,10,2134,-0.224850
2723,0.000,周期字段（降权）,0x45A,8,3,5,1,1,0.5000,10,2134,-0.224850
2724,0.000,周期字段（降权）,0x45A,8,4,2,1,1,0.5000,10,2134,-0.224850
2725,0.000,周期字段（降权）,0x45A,8,4,3,1,1,0.5000,10,2134,-0.224850
2726,0.000,周期字段（降权）,0x45A,8,4,4,1,1,0.5000,10,2134,-0.224850
2727,0.000,周期字段（降权）,0x45A,8,4,5,1,1,0.5000,10,2134,-0.224850
2728,0.000,周期字段（降权）,0x45A,8,5,3,1,1,0.5000,10,2134,-0.224850
2729,0.000,周期字段（降权）,0x45A,8,5,6,1,1,0.5000,10,2134,-0.224850
2730,0.000,周期字段（降权）,0x4E2,8,0,0,1,1,0.5000,10,1063,-0.202750
2731,0.000,周期字段（降权）,0x4E2,8,0,1,1,1,0.5000,10,535,-0.103400
2732,0.000,周期字段（降权）,0x4E2,8,0,2,1,1,0.5000,10,267,-0.004250
2733,0.000,周期字段（降权）,0x4E2,8,6,3,1,1,0.5000,10,267,-0.004250
2734,0.000,周期字段（降权）,0x4E2,8,6,5,1,1,0.5000,10,267,-0.004250
2735,0.000,周期字段（降权）,0x4E3,8,0,0,1,1,0.5000,10,1062,-0.223050
2736,0.000,周期字段（降权）,0x4E3,8,0,1,1,1,0.5000,10,535,-0.122850
2737,0.000,周期字段（降权）,0x4E3,8,0,2,1,1,0.5000,10,267,-0.022700
2738,0.000,周期字段（降权）,0x4E3,8,1,6,1,1,0.5000,10,267,-0.022700
2739,0.000,周期字段（降权）,0x4E3,8,6,3,1,1,0.5000,10,267,-0.022700
2740,0.000,周期字段（降权）,0x4E3,8,6,5,1,1,0.5000,10,267,-0.022700
2741,0.000,周期字段（降权）,0x528,4,3,0,1,1,0.5000,10,108,0.358750
2742,0.000,周期字段（降权）,0x52F,8,7,6,1,1,0.5000,10,108,0.358450
2743,0.000,周期字段（降权）,0x545,8,6,4,不一致,1,0.5015,10,3233,-0.235450
2744,0.000,周期字段（降权）,0x545,8,6,5,不一致,不一致,0.5027,10,1617,-0.228400
2745,0.000,周期字段（降权）,0x545,8,6,6,不一致,不一致,0.5038,10,809,-0.180450
2746,0.000,周期字段（降权）,0x545,8,6,7,0,不一致,0.5050,10,402,-0.172350
2747,0.000,周期字段（降权）,0x552,8,6,4,1,1,0.5000,10,1069,-0.197200
2748,0.000,周期字段（降权）,0x552,8,6,5,1,1,0.5000,10,534,-0.197200
2749,0.000,周期字段（降权）,0x552,8,6,6,1,1,0.5000,10,266,-0.097250
2750,0.000,周期字段（降权）,0x552,8,6,7,1,1,0.5000,10,134,0.203450
2751,0.000,周期字段（降权）,0x552,8,7,4,1,1,0.5000,10,1069,-0.197200
2752,0.000,周期字段（降权）,0x552,8,7,5,1,1,0.5000,10,535,-0.097150
2753,0.000,周期字段（降权）,0x552,8,7,6,1,1,0.5000,10,268,0.003850
2754,0.000,周期字段（降权）,0x552,8,7,7,1,1,0.5000,10,135,0.301150
2755,0.000,周期字段（降权）,0x553,8,6,4,1,1,0.5000,10,1062,-0.204500
2756,0.000,周期字段（降权）,0x553,8,6,5,1,1,0.5000,10,527,-0.204500
2757,0.000,周期字段（降权）,0x553,8,6,6,1,1,0.5000,10,263,-0.104500
2758,0.000,周期字段（降权）,0x553,8,6,7,1,1,0.5000,10,132,0.195900
2759,0.000,周期字段（降权）,0x553,8,7,4,1,1,0.5000,10,1062,-0.204500
2760,0.000,周期字段（降权）,0x553,8,7,5,1,1,0.5000,10,535,-0.104500
2761,0.000,周期字段（降权）,0x553,8,7,6,1,1,0.5000,10,268,-0.004350
2762,0.000,周期字段（降权）,0x553,8,7,7,1,1,0.5000,10,135,0.293150
2763,0.000,周期字段（降权）,0x55A,8,0,0,1,1,0.5000,10,217,0.108400
2764,0.000,周期字段（降权）,0x55A,8,0,2,1,1,0.5000,10,209,-0.141750
2765,0.000,周期字段（降权）,0x682,8,6,4,1,1,0.5000,10,1071,-0.163550
2766,0.000,周期字段（降权）,0x682,8,6,5,1,1,0.5000,10,535,-0.163550
2767,0.000,周期字段（降权）,0x682,8,6,6,1,1,0.5000,10,267,-0.063600
2768,0.000,周期字段（降权）,0x682,8,6,7,1,1,0.5000,10,134,0.236200
2769,0.000,周期字段（降权）,0x682,8,7,4,1,1,0.5000,10,1071,-0.163550
2770,0.000,周期字段（降权）,0x682,8,7,5,1,1,0.5000,10,535,-0.163550
2771,0.000,周期字段（降权）,0x682,8,7,6,1,1,0.5000,10,268,-0.063450
2772,0.000,周期字段（降权）,0x682,8,7,7,1,1,0.5000,10,133,0.036450
2773,0.000,周期字段（降权）,0x6C8,8,0,0,1,1,0.5000,10,108,0.685350
2774,0.000,周期字段（降权）,0x6C8,8,0,2,1,1,0.5000,10,108,0.685350
2775,0.000,周期字段（降权）,0x6C8,8,0,3,1,1,0.5000,10,108,0.685350
2776,0.000,周期字段（降权）,0x6C8,8,0,4,1,1,0.5000,10,108,0.685350
2777,0.000,周期字段（降权）,0x6C8,8,0,6,1,1,0.5000,10,108,0.685350
2778,0.000,周期字段（降权）,0x6C8,8,1,1,1,1,0.5000,10,108,0.685350
2779,0.000,周期字段（降权）,0x6C8,8,1,5,1,1,0.5000,10,108,0.685350
2780,0.000,周期字段（降权）,0x6C8,8,1,6,1,1,0.5000,10,108,0.685350
2781,0.000,周期字段（降权）,0x6C8,8,3,0,1,1,0.5000,10,108,0.685350
2782,0.000,周期字段（降权）,0x6C8,8,3,1,1,1,0.5000,10,108,0.685350
2783,0.000,周期字段（降权）,0x6C8,8,3,4,1,1,0.5000,10,108,0.685350
2784,0.000,周期字段（降权）,0x6C8,8,4,2,1,1,0.5000,10,108,0.685350
2785,0.000,周期字段（降权）,0x6E8,8,0,0,1,1,0.5000,10,108,0.181850
2786,0.000,周期字段（降权）,0x6E8,8,0,2,1,1,0.5000,10,108,0.181850
2787,0.000,周期字段（降权）,0x6E8,8,0,3,1,1,0.5000,10,108,0.181850
2788,0.000,周期字段（降权）,0x6E8,8,0,6,1,1,0.5000,10,108,0.181850
2789,0.000,周期字段（降权）,0x6E8,8,1,1,1,1,0.5000,10,108,0.181850
2790,0.000,周期字段（降权）,0x6E8,8,1,5,1,1,0.5000,10,108,0.181850
2791,0.000,周期字段（降权）,0x6E8,8,1,6,1,1,0.5000,10,108,0.181850
2792,0.000,周期字段（降权）,0x6E8,8,3,1,1,1,0.5000,10,108,0.181850
2793,0.000,周期字段（降权）,0x6E8,8,3,4,1,1,0.5000,10,108,0.181850
2794,0.000,周期字段（降权）,0x6E8,8,4,2,1,1,0.5000,10,108,0.181850
2795,0.000,周期字段（降权）,0x709,8,0,1,0,1,0.5251,10,169,0.243200
2796,0.000,周期字段（降权）,0x724,3,0,0,1,1,0.5000,10,108,0.726850
2797,0.000,周期字段（降权）,0x752,8,0,0,1,1,0.5000,10,108,0.061850
2798,0.000,周期字段（降权）,0x75D,8,0,2,0,0,0.5714,10,151,0.064900
2799,0.000,周期字段（降权）,0x77A,8,0,0,1,1,0.5000,10,217,0.234150
2800,0.000,周期字段（降权）,0x77A,8,0,5,1,1,0.5000,10,217,0.234150
2801,0.000,周期字段（降权）,0x77A,8,0,7,1,1,0.5000,10,217,0.234150
2802,0.000,周期字段（降权）,0x77A,8,2,6,1,1,0.5000,10,217,0.234150
2803,0.000,周期字段（降权）,0x77A,8,2,7,1,1,0.5000,10,217,0.234150
2804,0.000,周期字段（降权）,0x77A,8,3,0,1,1,0.5000,10,217,0.234150
2805,0.000,周期字段（降权）,0x77A,8,3,2,1,1,0.5000,10,217,0.234150
2806,0.000,周期字段（降权）,0x77A,8,3,3,1,1,0.5000,10,217,0.234150
2807,0.000,周期字段（降权）,0x77A,8,3,4,1,1,0.5000,10,217,0.234150
2808,0.000,周期字段（降权）,0x77A,8,3,6,1,1,0.5000,10,217,0.234150
2809,0.000,周期字段（降权）,0x77A,8,4,1,1,1,0.5000,10,217,0.234150
2810,0.000,周期字段（降权）,0x77A,8,4,3,1,1,0.5000,10,217,0.234150
2811,0.000,周期字段（降权）,0x77A,8,5,0,1,1,0.5000,10,217,0.234150
2812,0.000,周期字段（降权）,0x77A,8,5,4,1,1,0.5000,10,217,0.234150
2813,0.000,周期字段（降权）,0x77A,8,5,6,1,1,0.5000,10,217,0.234150
2814,0.000,周期字段（降权）,0x77A,8,6,0,1,1,0.5000,10,217,0.234150
2815,0.000,周期字段（降权）,0x77A,8,6,1,1,1,0.5000,10,217,0.234150
2816,0.000,周期字段（降权）,0x77A,8,6,2,1,1,0.5000,10,217,0.234150
2817,0.000,周期字段（降权）,0x77A,8,6,7,1,1,0.5000,10,217,0.234150
2818,0.000,周期字段（降权）,0x77A,8,7,2,1,1,0.5000,10,217,0.234150
2819,0.000,周期字段（降权）,0x77A,8,7,3,1,1,0.5000,10,217,0.234150
2820,0.000,周期字段（降权）,0x77A,8,7,4,1,1,0.5000,10,217,0.234150
2821,0.000,周期字段（降权）,0x77A,8,7,5,1,1,0.5000,10,217,0.234150
2822,0.000,周期字段（降权）,0x789,4,2,4,1,1,0.5000,10,1062,-0.206700
2823,0.000,周期字段（降权）,0x789,4,2,5,1,1,0.5000,10,527,-0.206700
2824,0.000,周期字段（降权）,0x789,4,2,6,1,1,0.5000,10,263,-0.106250
2825,0.000,周期字段（降权）,0x789,4,2,7,1,1,0.5000,10,132,0.193950
2826,0.000,周期字段（降权）,0x789,4,3,4,1,1,0.5000,10,1062,-0.206700
2827,0.000,周期字段（降权）,0x789,4,3,5,1,1,0.5000,10,527,-0.206700
2828,0.000,周期字段（降权）,0x789,4,3,6,1,1,0.5000,10,264,-0.106400
2829,0.000,周期字段（降权）,0x789,4,3,7,1,1,0.5000,10,131,0.190500
2830,0.000,周期字段（降权）,0x78A,8,2,2,0,0,0.5696,10,305,-0.016150
2831,0.000,周期字段（降权）,0x78A,8,7,2,0,0,0.5714,10,306,-0.016300
2832,0.000,周期字段（降权）,0x797,4,2,4,1,1,0.5000,10,1071,-0.161100
2833,0.000,周期字段（降权）,0x797,4,2,5,1,1,0.5000,10,535,-0.161100
2834,0.000,周期字段（降权）,0x797,4,2,6,1,1,0.5000,10,267,-0.061350
2835,0.000,周期字段（降权）,0x797,4,2,7,1,1,0.5000,10,134,0.239800
2836,0.000,周期字段（降权）,0x797,4,3,4,1,1,0.5000,10,1071,-0.161100
2837,0.000,周期字段（降权）,0x797,4,3,5,1,1,0.5000,10,536,-0.060700
2838,0.000,周期字段（降权）,0x797,4,3,6,1,1,0.5000,10,268,0.038900
2839,0.000,周期字段（降权）,0x797,4,3,7,1,1,0.5000,10,134,0.137500
2840,0.000,周期字段（降权）,0x798,8,0,2,0,0,0.5696,10,305,-0.026800
2841,0.000,周期字段（降权）,0x798,8,2,6,0,0,0.5732,10,306,-0.078100
2842,0.000,周期字段（降权）,0x798,8,6,4,1,1,0.5000,10,1071,-0.175900
2843,0.000,周期字段（降权）,0x798,8,6,5,1,1,0.5000,10,535,-0.175900
2844,0.000,周期字段（降权）,0x798,8,6,6,1,1,0.5000,10,267,-0.076800
2845,0.000,周期字段（降权）,0x798,8,6,7,1,1,0.5000,10,134,0.224400
2846,0.000,周期字段（降权）,0x7B8,8,0,2,0,0,0.5696,10,303,-0.127950
2847,0.000,周期字段（降权）,0x7B8,8,1,2,1,1,0.5679,10,304,-0.132150
2848,0.000,周期字段（降权）,0x7B8,8,2,4,0,0,0.5732,10,305,-0.079150
2849,0.000,周期字段（降权）,0x7B8,8,6,4,1,1,0.5000,10,1062,-0.230750
2850,0.000,周期字段（降权）,0x7B8,8,6,5,1,1,0.5000,10,535,-0.130700
2851,0.000,周期字段（降权）,0x7B8,8,6,6,1,1,0.5000,10,267,-0.029450
2852,0.000,周期字段（降权）,0x7B8,8,6,7,1,1,0.5000,10,134,0.269400
2853,0.000,周期字段（降权）,0x7FF,8,0,2,0,0,0.5554,10,236,-0.091900
2854,-1.400,瞬时请求候选,0x23A,8,0,4,1,0,0.9464,0,7,
