rank,score,category,can_id,dlc,byte,bit_in_byte,closed_value,open_value,stable_purity,action_hits,unrelated_transitions,median_delay_s
1,89.700,稳定状态,0x23A,8,0,4,0,1,1.0000,2,2,0.575900
2,45.600,瞬时请求候选,0x53E,8,0,0,不一致,1,0.6600,6,12,0.876400
3,45.600,瞬时请求候选,0x53E,8,5,0,不一致,0,0.6600,6,12,0.376800
4,44.600,瞬时请求候选,0x7C8,8,1,4,0,0,0.8250,6,17,-0.176600
5,44.600,瞬时请求候选,0x7C8,8,5,0,0,0,0.8250,6,17,-0.176600
6,44.600,瞬时请求候选,0x7C8,8,5,2,0,0,0.8250,6,17,-0.176600
7,44.600,瞬时请求候选,0x7C8,8,5,3,0,0,0.8250,6,17,-0.176600
8,44.600,瞬时请求候选,0x7C8,8,5,5,0,0,0.8250,6,17,-0.176600
9,44.600,瞬时请求候选,0x7C8,8,5,6,0,0,0.8250,6,17,-0.176600
10,44.600,瞬时请求候选,0x7C8,8,7,1,0,0,0.8250,6,17,-0.176600
11,44.600,瞬时请求候选,0x7C8,8,7,2,0,0,0.8250,6,17,-0.176600
12,44.600,瞬时请求候选,0x7C8,8,7,3,0,0,0.8250,6,17,-0.176600
13,44.600,瞬时请求候选,0x7C8,8,7,5,0,0,0.8250,6,17,-0.176600
14,44.600,瞬时请求候选,0x7C8,8,7,7,0,0,0.8250,6,17,-0.176600
15,44.200,瞬时请求候选,0x301,8,5,5,1,不一致,0.7000,6,19,0.826300
16,44.200,瞬时请求候选,0x301,8,5,6,1,不一致,0.7000,6,19,0.826300
17,44.200,瞬时请求候选,0x302,8,1,0,0,0,0.7250,6,19,0.350700
18,44.200,瞬时请求候选,0x303,8,4,1,1,不一致,0.7000,6,19,0.922700
19,44.200,瞬时请求候选,0x303,8,5,1,1,不一致,0.7000,6,19,0.922700
20,44.200,瞬时请求候选,0x303,8,5,5,1,不一致,0.7000,6,19,0.922700
21,44.200,瞬时请求候选,0x7E8,8,1,0,1,1,0.6750,6,19,0.816600
22,44.000,瞬时请求候选,0x301,8,1,0,0,不一致,0.6750,6,20,0.825750
23,44.000,瞬时请求候选,0x301,8,7,3,1,不一致,0.6750,6,20,1.325300
24,44.000,瞬时请求候选,0x303,8,1,0,0,不一致,0.6750,6,20,0.922100
25,44.000,瞬时请求候选,0x303,8,5,0,1,不一致,0.6750,6,20,1.422050
26,44.000,瞬时请求候选,0x303,8,5,2,1,不一致,0.6750,6,20,1.422050
27,44.000,瞬时请求候选,0x303,8,5,3,1,不一致,0.6750,6,20,1.422050
28,44.000,瞬时请求候选,0x303,8,5,6,1,不一致,0.6750,6,20,1.422050
29,44.000,瞬时请求候选,0x303,8,7,2,1,不一致,0.6750,6,20,1.422050
30,44.000,瞬时请求候选,0x303,8,7,3,1,不一致,0.6750,6,20,1.422050
31,43.200,瞬时请求候选,0x53E,8,2,1,不一致,0,0.7300,6,24,0.376800
32,43.200,瞬时请求候选,0x53E,8,2,4,不一致,0,0.7300,6,24,0.376800
33,43.200,瞬时请求候选,0x53E,8,4,7,不一致,0,0.7300,6,24,0.376800
34,43.000,瞬时请求候选,0x330,8,5,2,0,0,0.6190,6,25,0.559050
35,43.000,瞬时请求候选,0x330,8,5,5,0,0,0.6190,6,25,0.559050
36,43.000,瞬时请求候选,0x53E,8,0,1,不一致,不一致,0.6100,6,25,-0.122000
37,43.000,瞬时请求候选,0x53E,8,2,0,不一致,不一致,0.6100,6,25,-0.122000
38,43.000,瞬时请求候选,0x53E,8,4,0,不一致,0,0.6100,6,25,0.875550
39,43.000,瞬时请求候选,0x53E,8,6,1,不一致,0,0.6100,6,25,0.875550
40,43.000,瞬时请求候选,0x53E,8,6,2,不一致,0,0.6100,6,25,-0.122000
41,43.000,瞬时请求候选,0x53E,8,6,3,1,1,0.6600,6,25,0.376500
42,43.000,瞬时请求候选,0x53E,8,6,5,1,1,0.5600,6,25,0.376500
43,43.000,瞬时请求候选,0x53E,8,6,6,不一致,0,0.6100,6,25,-0.122000
44,43.000,瞬时请求候选,0x53E,8,6,7,1,1,0.5600,6,25,0.376500
45,43.000,瞬时请求候选,0x53E,8,7,0,1,1,0.7300,6,25,0.376500
46,43.000,瞬时请求候选,0x53E,8,7,1,不一致,0,0.6100,6,25,-0.122000
47,43.000,瞬时请求候选,0x53E,8,7,3,不一致,0,0.6100,6,25,-0.122000
48,43.000,瞬时请求候选,0x53E,8,7,4,1,1,0.5600,6,25,0.376500
49,43.000,瞬时请求候选,0x53E,8,7,5,1,1,0.5600,6,25,0.376500
50,43.000,瞬时请求候选,0x53E,8,7,6,不一致,0,0.6100,6,25,-0.122000
51,43.000,瞬时请求候选,0x53E,8,7,7,不一致,0,0.6100,6,25,0.875550
52,42.800,瞬时请求候选,0x330,8,4,4,不一致,0,0.5571,6,26,0.183950
53,42.800,瞬时请求候选,0x330,8,4,5,不一致,0,0.5571,6,26,0.183950
54,42.800,瞬时请求候选,0x330,8,5,4,不一致,0,0.5571,6,26,0.183950
55,42.800,瞬时请求候选,0x53E,8,0,2,0,0,0.6600,6,26,0.875550
56,42.800,瞬时请求候选,0x53E,8,1,0,不一致,不一致,0.5600,6,26,0.879350
57,42.800,瞬时请求候选,0x53E,8,4,4,1,1,0.6100,6,26,-0.122000
58,42.800,瞬时请求候选,0x53E,8,4,5,1,1,0.6100,6,26,-0.122000
59,42.800,瞬时请求候选,0x53E,8,4,6,不一致,不一致,0.5600,6,26,0.879350
60,42.800,瞬时请求候选,0x53E,8,5,2,1,不一致,0.6100,6,26,-0.122000
61,42.800,瞬时请求候选,0x53E,8,5,6,0,0,0.6600,6,26,0.875550
62,42.600,瞬时请求候选,0x330,8,4,2,0,0,0.6190,6,27,1.433500
63,42.600,瞬时请求候选,0x3C4,8,2,6,0,0,0.6950,6,27,0.191650
64,42.600,瞬时请求候选,0x70B,8,5,2,0,0,0.8500,6,27,0.255900
65,42.400,瞬时请求候选,0x310,8,0,2,0,0,0.6300,6,28,0.434950
66,42.400,瞬时请求候选,0x310,8,5,0,0,0,0.6300,6,28,0.434950
67,42.400,瞬时请求候选,0x310,8,5,4,0,0,0.6300,6,28,0.434950
68,42.400,瞬时请求候选,0x310,8,5,5,1,1,0.5800,6,28,0.434950
69,42.400,瞬时请求候选,0x310,8,5,6,1,1,0.5800,6,28,0.434950
70,42.400,瞬时请求候选,0x310,8,7,3,1,1,0.5800,6,28,0.434950
71,42.400,瞬时请求候选,0x310,8,7,5,0,0,0.6300,6,28,0.434950
72,42.400,瞬时请求候选,0x330,8,4,1,不一致,0,0.5571,6,28,1.183250
73,42.400,瞬时请求候选,0x3C4,8,3,1,0,0,0.7300,6,28,0.692550
74,42.400,瞬时请求候选,0x737,7,0,1,不一致,1,0.5250,6,28,1.626550
75,42.200,瞬时请求候选,0x301,8,4,4,1,不一致,0.5750,6,29,-0.171800
76,42.200,瞬时请求候选,0x303,8,4,6,1,不一致,0.6500,6,29,-0.075650
77,42.200,瞬时请求候选,0x324,8,0,6,不一致,1,0.6250,6,29,-0.077000
78,42.200,瞬时请求候选,0x330,8,0,2,0,0,0.5905,6,29,0.183950
79,42.200,瞬时请求候选,0x3C4,8,1,4,0,0,0.8300,6,29,0.689100
80,42.200,瞬时请求候选,0x3C4,8,3,2,0,0,0.7450,6,29,0.189900
81,42.200,瞬时请求候选,0x3C4,8,7,0,0,0,0.7450,6,29,0.689100
82,42.200,瞬时请求候选,0x70B,8,7,0,0,0,0.7250,6,29,0.255900
83,42.200,瞬时请求候选,0x70B,8,7,1,0,0,0.7250,6,29,0.255900
84,42.000,瞬时请求候选,0x301,8,4,1,1,不一致,0.5500,6,30,0.826300
85,42.000,瞬时请求候选,0x302,8,4,7,1,不一致,0.5750,6,30,0.351400
86,42.000,瞬时请求候选,0x3BD,8,0,2,0,0,0.8500,6,30,0.127300
87,42.000,瞬时请求候选,0x3BD,8,4,6,0,0,0.8500,6,30,0.127300
88,42.000,瞬时请求候选,0x3BD,8,5,2,0,0,0.8500,6,30,0.127300
89,42.000,瞬时请求候选,0x3DD,8,0,1,不一致,不一致,0.5750,6,30,0.876850
90,42.000,瞬时请求候选,0x3DD,8,5,4,0,0,0.7750,6,30,0.377250
91,41.800,瞬时请求候选,0x303,8,7,1,1,不一致,0.6000,6,31,1.422050
92,41.800,瞬时请求候选,0x303,8,7,5,1,不一致,0.6000,6,31,1.422050
93,41.800,瞬时请求候选,0x303,8,7,7,1,不一致,0.6000,6,31,1.422050
94,41.600,瞬时请求候选,0x301,8,5,1,不一致,不一致,0.6500,6,32,-0.172700
95,41.600,瞬时请求候选,0x3DD,8,0,6,0,0,0.7250,6,32,-0.122750
96,41.400,瞬时请求候选,0x301,8,7,5,不一致,不一致,0.6250,6,33,0.326800
97,41.400,瞬时请求候选,0x301,8,7,7,不一致,不一致,0.6250,6,33,0.326800
98,41.000,瞬时请求候选,0x324,8,0,1,不一致,1,0.6500,6,35,0.423900
99,41.000,瞬时请求候选,0x3DB,8,0,2,0,0,0.6250,6,35,0.366450
100,41.000,瞬时请求候选,0x3DB,8,1,3,0,0,0.7500,6,35,-0.132400
101,41.000,瞬时请求候选,0x3DB,8,1,4,0,0,0.7500,6,35,-0.132400
102,41.000,瞬时请求候选,0x3DB,8,2,0,0,0,0.7500,6,35,-0.132400
103,41.000,瞬时请求候选,0x3DB,8,2,1,0,0,0.8750,6,35,0.367450
104,41.000,瞬时请求候选,0x3DB,8,2,2,0,0,0.7500,6,35,-0.132400
105,41.000,瞬时请求候选,0x3DB,8,2,3,0,0,0.7500,6,35,-0.132400
106,41.000,瞬时请求候选,0x3DB,8,3,2,0,0,0.7500,6,35,0.866250
107,41.000,瞬时请求候选,0x3DB,8,3,4,0,0,0.7500,6,35,0.866250
108,41.000,瞬时请求候选,0x3DB,8,3,7,0,0,0.7500,6,35,0.866250
109,41.000,瞬时请求候选,0x3DB,8,5,0,0,0,0.8750,6,35,0.367450
110,41.000,瞬时请求候选,0x3DB,8,5,1,0,0,0.8750,6,35,0.367450
111,41.000,瞬时请求候选,0x3DB,8,6,3,0,0,0.8750,6,35,0.867850
112,41.000,瞬时请求候选,0x3F2,8,3,1,不一致,不一致,0.5500,6,35,0.524200
113,41.000,瞬时请求候选,0x3F2,8,3,2,不一致,1,0.6000,6,35,0.024200
114,41.000,瞬时请求候选,0x3F2,8,3,3,1,1,0.5500,6,35,0.524200
115,40.800,瞬时请求候选,0x366,8,0,3,1,1,0.7500,6,36,0.678100
116,40.800,瞬时请求候选,0x366,8,0,4,0,0,0.7500,6,36,0.678100
117,40.800,瞬时请求候选,0x366,8,1,2,0,0,0.7500,6,36,0.678100
118,40.800,瞬时请求候选,0x366,8,4,0,1,1,0.7500,6,36,0.678100
119,40.800,瞬时请求候选,0x366,8,4,1,0,0,0.7500,6,36,0.678100
120,40.800,瞬时请求候选,0x366,8,4,5,0,0,0.7500,6,36,0.678100
121,40.800,瞬时请求候选,0x366,8,4,6,0,0,0.7500,6,36,0.678100
122,40.800,瞬时请求候选,0x366,8,5,2,0,0,0.7500,6,36,0.678100
123,40.800,瞬时请求候选,0x366,8,5,3,0,0,0.7500,6,36,0.678100
124,40.800,瞬时请求候选,0x366,8,6,0,0,0,0.7500,6,36,0.678100
125,40.800,瞬时请求候选,0x366,8,6,1,0,0,0.7500,6,36,0.678100
126,40.800,瞬时请求候选,0x366,8,7,2,0,0,0.7500,6,36,0.678100
127,40.800,瞬时请求候选,0x366,8,7,3,0,0,0.7500,6,36,0.678100
128,40.800,瞬时请求候选,0x366,8,7,4,0,0,0.7500,6,36,0.678100
129,40.800,瞬时请求候选,0x366,8,7,5,0,0,0.7500,6,36,0.678100
130,40.800,瞬时请求候选,0x3DB,8,0,3,0,0,0.6250,6,36,0.366450
131,40.800,瞬时请求候选,0x7C8,8,3,6,0,0,0.7000,6,36,-0.176600
132,40.800,瞬时请求候选,0x7C8,8,3,7,0,0,0.7000,6,36,-0.176600
133,40.800,瞬时请求候选,0x7C8,8,5,1,0,0,0.7000,6,36,-0.176600
134,40.400,瞬时请求候选,0x3DD,8,3,4,0,0,0.7000,6,38,-0.121850
135,40.400,瞬时请求候选,0x70B,8,3,1,不一致,0,0.6250,6,38,0.255900
136,40.400,瞬时请求候选,0x726,3,0,1,不一致,不一致,0.5750,6,38,0.991600
137,40.400,瞬时请求候选,0x7C8,8,0,0,1,1,0.5750,6,38,-0.176600
138,40.400,瞬时请求候选,0x7C8,8,1,6,0,0,0.7000,6,38,-0.178550
139,40.400,瞬时请求候选,0x7C8,8,4,2,0,1,0.5750,6,38,-0.176600
140,40.200,瞬时请求候选,0x7C8,8,0,1,1,1,0.6000,6,39,0.321950
141,40.200,瞬时请求候选,0x7C8,8,2,1,0,0,0.7000,6,39,-0.176600
142,40.200,瞬时请求候选,0x7C8,8,4,1,0,0,0.7000,6,39,-0.176600
143,40.200,瞬时请求候选,0x7C8,8,4,5,0,0,0.7000,6,39,-0.176600
144,40.000,瞬时请求候选,0x3C4,8,0,2,0,0,0.6350,6,40,0.189900
145,40.000,瞬时请求候选,0x3C4,8,2,1,0,0,0.7300,6,40,0.189900
146,40.000,瞬时请求候选,0x7C8,8,0,2,0,0,0.7500,6,40,0.822700
147,40.000,瞬时请求候选,0x7C8,8,1,1,0,0,0.7000,6,40,0.322100
148,40.000,瞬时请求候选,0x7C8,8,1,3,0,0,0.6750,6,40,-0.178050
149,40.000,瞬时请求候选,0x7C8,8,4,6,0,0,0.7500,6,40,0.822700
150,40.000,瞬时请求候选,0x7E8,8,1,6,0,0,0.7000,6,40,0.316100
151,40.000,瞬时请求候选,0x7E8,8,2,1,0,0,0.7000,6,40,0.316100
152,40.000,瞬时请求候选,0x7E8,8,4,1,0,0,0.7000,6,40,0.316100
153,39.800,瞬时请求候选,0x3C4,8,0,1,不一致,0,0.6100,6,41,0.191650
154,39.800,瞬时请求候选,0x3C4,8,1,1,不一致,不一致,0.5500,6,41,0.189900
155,39.800,瞬时请求候选,0x3C4,8,6,2,0,0,0.7200,6,41,0.689100
156,39.800,瞬时请求候选,0x3C4,8,7,4,不一致,1,0.5250,6,41,0.191650
157,39.800,瞬时请求候选,0x3DD,8,1,1,不一致,0,0.6750,6,41,-0.122800
158,39.800,瞬时请求候选,0x7E8,8,1,1,0,0,0.7250,6,41,0.317400
159,39.600,瞬时请求候选,0x301,8,0,1,不一致,1,0.5500,6,42,-0.173750
160,39.600,瞬时请求候选,0x301,8,0,2,0,0,0.7500,6,42,-0.172300
161,39.600,瞬时请求候选,0x302,8,0,1,不一致,1,0.5500,6,42,-0.149900
162,39.600,瞬时请求候选,0x302,8,0,2,0,0,0.7500,6,42,-0.148600
163,39.600,瞬时请求候选,0x302,8,4,0,不一致,不一致,0.5500,6,42,-0.149300
164,39.600,瞬时请求候选,0x302,8,4,2,0,0,0.6500,6,42,-0.149300
165,39.600,瞬时请求候选,0x303,8,0,1,不一致,1,0.5500,6,42,-0.077300
166,39.600,瞬时请求候选,0x303,8,0,2,0,0,0.7500,6,42,-0.076200
167,39.600,瞬时请求候选,0x3C4,8,4,6,0,不一致,0.5850,6,42,0.689800
168,39.600,瞬时请求候选,0x3C4,8,5,4,不一致,不一致,0.5500,6,42,0.189900
169,39.600,瞬时请求候选,0x3C4,8,6,4,1,1,0.5250,6,42,0.440500
170,39.600,瞬时请求候选,0x52F,8,6,2,1,0,0.6000,6,42,0.663500
171,39.600,瞬时请求候选,0x70B,8,4,3,不一致,不一致,0.5500,6,42,0.256450
172,39.600,瞬时请求候选,0x7C8,8,4,0,0,0,0.6250,6,42,0.822700
173,39.600,瞬时请求候选,0x7E8,8,1,3,0,0,0.7250,6,42,0.316650
174,39.400,瞬时请求候选,0x301,8,4,3,1,1,0.5250,6,43,-0.172300
175,39.400,瞬时请求候选,0x301,8,5,2,不一致,0,0.6000,6,43,-0.172700
176,39.400,瞬时请求候选,0x301,8,5,3,不一致,0,0.6000,6,43,-0.172700
177,39.400,瞬时请求候选,0x302,8,4,1,不一致,不一致,0.5500,6,43,0.350700
178,39.400,瞬时请求候选,0x302,8,4,5,1,不一致,0.5750,6,43,0.850150
179,39.400,瞬时请求候选,0x319,8,0,1,不一致,1,0.5250,6,43,1.359300
180,39.400,瞬时请求候选,0x330,8,6,4,1,不一致,0.5571,6,43,0.559050
181,39.400,瞬时请求候选,0x3C4,8,2,4,0,0,0.6100,6,43,0.689450
182,39.400,瞬时请求候选,0x3C4,8,4,0,1,1,0.5250,6,43,0.689100
183,39.400,瞬时请求候选,0x3C4,8,6,5,0,0,0.6350,6,43,0.189900
184,39.400,瞬时请求候选,0x3C4,8,7,1,不一致,不一致,0.5500,6,43,0.189900
185,39.400,瞬时请求候选,0x3C4,8,7,6,不一致,1,0.5250,6,43,0.689100
186,39.400,瞬时请求候选,0x70B,8,1,7,0,0,0.7250,6,43,0.755200
187,39.400,瞬时请求候选,0x70B,8,4,1,0,0,0.6500,6,43,0.755700
188,39.200,瞬时请求候选,0x3C4,8,1,5,0,0,0.6600,6,44,0.440100
189,39.200,瞬时请求候选,0x3DD,8,1,0,不一致,1,0.5750,6,44,0.377250
190,39.200,瞬时请求候选,0x70B,8,3,7,0,0,0.6500,6,44,1.255250
191,39.200,瞬时请求候选,0x70B,8,4,5,0,不一致,0.6250,6,44,1.253950
192,39.200,瞬时请求候选,0x7E8,8,0,1,1,1,0.5500,6,44,0.816700
193,39.000,瞬时请求候选,0x330,8,4,0,1,不一致,0.5571,6,45,1.433500
194,39.000,瞬时请求候选,0x3C4,8,1,2,0,0,0.6600,6,45,0.689100
195,38.800,瞬时请求候选,0x330,8,0,1,1,不一致,0.5571,6,46,0.183950
196,38.800,瞬时请求候选,0x3DD,8,1,3,0,0,0.7000,6,46,-0.122750
197,38.800,瞬时请求候选,0x3DD,8,1,7,不一致,不一致,0.5750,6,46,-0.122750
198,38.800,瞬时请求候选,0x3DD,8,5,3,0,0,0.6500,6,46,-0.120900
199,38.800,瞬时请求候选,0x3DD,8,5,6,0,0,0.6500,6,46,-0.120900
200,38.800,瞬时请求候选,0x3DD,8,5,7,0,0,0.6750,6,46,-0.120900
201,38.600,瞬时请求候选,0x3DD,8,0,5,不一致,0,0.6000,6,47,-0.122800
202,38.600,瞬时请求候选,0x3DD,8,1,4,不一致,不一致,0.5500,6,47,0.378350
203,38.400,瞬时请求候选,0x3C9,8,1,3,0,0,0.6500,6,48,0.509500
204,38.400,瞬时请求候选,0x3C9,8,1,4,0,0,0.6500,6,48,0.509500
205,38.400,瞬时请求候选,0x3C9,8,3,0,0,0,0.6500,6,48,0.509500
206,38.400,瞬时请求候选,0x3C9,8,5,0,0,0,0.6500,6,48,0.509500
207,38.400,瞬时请求候选,0x3F2,8,1,5,1,1,0.5750,6,48,0.024300
208,38.200,瞬时请求候选,0x300,8,0,2,0,0,0.6500,6,49,0.022950
209,38.200,瞬时请求候选,0x300,8,4,7,0,0,0.6500,6,49,0.022950
210,38.200,瞬时请求候选,0x300,8,5,0,0,0,0.6500,6,49,0.022950
211,38.200,瞬时请求候选,0x300,8,7,2,0,0,0.6500,6,49,0.022950
212,38.200,瞬时请求候选,0x300,8,7,5,0,0,0.6500,6,49,0.022950
213,38.200,瞬时请求候选,0x3A8,8,5,2,0,0,0.9300,6,49,0.724200
214,38.000,瞬时请求候选,0x300,8,0,1,1,不一致,0.5250,6,50,0.023250
215,38.000,瞬时请求候选,0x300,8,1,0,1,不一致,0.5750,6,50,0.022950
216,38.000,瞬时请求候选,0x300,8,2,2,1,不一致,0.5250,6,50,0.023250
217,38.000,瞬时请求候选,0x300,8,4,0,不一致,1,0.5500,6,50,0.023100
218,38.000,瞬时请求候选,0x300,8,4,5,1,1,0.5250,6,50,0.522800
219,38.000,瞬时请求候选,0x300,8,6,1,1,1,0.6500,6,50,0.522850
220,38.000,瞬时请求候选,0x300,8,7,6,1,1,0.5250,6,50,0.522800
221,38.000,瞬时请求候选,0x3C9,8,1,0,0,0,0.6500,6,50,1.008700
222,38.000,瞬时请求候选,0x3C9,8,1,7,1,1,0.7000,6,50,0.510450
223,38.000,瞬时请求候选,0x3C9,8,2,0,0,0,0.6500,6,50,1.008700
224,38.000,瞬时请求候选,0x3C9,8,2,1,0,0,0.6500,6,50,1.008700
225,38.000,瞬时请求候选,0x3C9,8,2,4,0,0,0.6500,6,50,1.008700
226,38.000,瞬时请求候选,0x3C9,8,2,5,0,0,0.6500,6,50,1.008700
227,38.000,瞬时请求候选,0x3C9,8,2,6,0,0,0.6500,6,50,1.008700
228,38.000,瞬时请求候选,0x3C9,8,2,7,0,0,0.6500,6,50,1.008700
229,38.000,瞬时请求候选,0x3C9,8,3,1,0,0,0.6500,6,50,1.008700
230,38.000,瞬时请求候选,0x3C9,8,3,2,1,1,0.7000,6,50,0.510450
231,38.000,瞬时请求候选,0x3C9,8,3,3,0,0,0.6500,6,50,1.008700
232,38.000,瞬时请求候选,0x3C9,8,3,4,0,0,0.6500,6,50,1.008700
233,38.000,瞬时请求候选,0x3C9,8,3,6,0,0,0.6500,6,50,1.008700
234,38.000,瞬时请求候选,0x3C9,8,3,7,0,0,0.6500,6,50,1.008700
235,38.000,瞬时请求候选,0x3C9,8,4,0,1,1,0.7000,6,50,0.510450
236,38.000,瞬时请求候选,0x3C9,8,4,5,0,0,0.6500,6,50,1.008700
237,38.000,瞬时请求候选,0x3C9,8,4,6,0,0,0.6500,6,50,1.008700
238,38.000,瞬时请求候选,0x3F2,8,2,3,1,1,0.5750,6,50,0.024250
239,37.600,瞬时请求候选,0x332,6,5,0,不一致,不一致,0.6750,6,52,0.023450
240,37.600,瞬时请求候选,0x53E,8,4,2,不一致,0,0.7300,5,12,0.880100
241,37.400,瞬时请求候选,0x52F,8,5,0,1,1,0.5000,6,53,0.663450
242,37.200,瞬时请求候选,0x709,8,1,0,不一致,不一致,0.5545,6,54,0.442550
243,37.000,瞬时请求候选,0x301,8,0,0,1,1,0.5500,6,55,-0.172700
244,37.000,瞬时请求候选,0x302,8,0,0,1,1,0.5500,6,55,-0.149300
245,37.000,瞬时请求候选,0x303,8,0,0,1,1,0.5500,6,55,-0.076650
246,37.000,瞬时请求候选,0x3C4,8,1,0,1,1,0.5000,6,55,0.689450
247,37.000,瞬时请求候选,0x3C4,8,4,4,1,1,0.6100,6,55,0.189900
248,37.000,瞬时请求候选,0x3DB,8,3,0,0,0,0.6625,6,55,0.866250
249,37.000,瞬时请求候选,0x782,8,1,4,不一致,不一致,0.8000,5,15,0.969000
250,36.800,瞬时请求候选,0x324,8,0,7,不一致,1,0.6000,5,16,-0.072700
251,36.800,瞬时请求候选,0x359,8,0,6,0,0,0.7700,6,56,0.295450
252,36.800,瞬时请求候选,0x3C4,8,3,0,0,0,0.6100,6,56,0.440100
253,36.800,瞬时请求候选,0x3C4,8,5,5,不一致,不一致,0.5500,6,56,0.189900
254,36.600,瞬时请求候选,0x324,8,0,5,不一致,1,0.5500,6,57,-0.070250
255,36.600,瞬时请求候选,0x359,8,2,1,0,0,0.9225,6,57,0.694450
256,36.600,瞬时请求候选,0x359,8,2,5,0,0,0.9625,6,57,0.794400
257,36.600,瞬时请求候选,0x737,7,0,0,0,0,0.6250,6,57,0.625950
258,36.600,瞬时请求候选,0x7C8,8,3,4,0,1,0.5750,6,57,-0.178550
259,36.400,瞬时请求候选,0x301,8,1,1,0,0,0.9000,5,18,-0.171400
260,36.400,瞬时请求候选,0x303,8,1,1,0,0,0.9000,5,18,-0.075200
261,36.400,瞬时请求候选,0x303,8,3,3,0,0,0.9250,5,18,-0.075200
262,36.400,瞬时请求候选,0x359,8,0,4,0,0,0.8025,6,58,0.595100
263,36.400,瞬时请求候选,0x359,8,0,5,0,0,0.8450,6,58,0.695200
264,36.400,瞬时请求候选,0x3B2,8,0,2,0,0,0.5499,6,58,0.269750
265,36.400,瞬时请求候选,0x3C4,8,0,0,1,1,0.5000,6,58,0.689800
266,36.400,瞬时请求候选,0x709,8,3,6,0,0,0.8200,6,58,1.238050
267,36.400,瞬时请求候选,0x7C8,8,1,2,1,1,0.5750,6,58,-0.177800
268,36.200,瞬时请求候选,0x301,8,4,6,1,不一致,0.7000,5,19,-0.171400
269,36.200,瞬时请求候选,0x301,8,4,7,1,不一致,0.7000,5,19,-0.171400
270,36.200,瞬时请求候选,0x7E8,8,1,4,0,0,0.8500,5,19,0.317400
271,36.200,瞬时请求候选,0x7E8,8,3,4,0,0,0.8500,5,19,0.317400
272,36.200,瞬时请求候选,0x7E8,8,5,3,0,0,0.8500,5,19,0.317400
273,36.200,瞬时请求候选,0x7E8,8,5,6,0,0,0.8500,5,19,0.317400
274,36.200,瞬时请求候选,0x7E8,8,7,1,0,0,0.8500,5,19,0.317400
275,36.200,瞬时请求候选,0x7E8,8,7,2,0,0,0.8500,5,19,0.317400
276,36.200,瞬时请求候选,0x7E8,8,7,3,0,0,0.8500,5,19,0.317400
277,36.200,瞬时请求候选,0x7E8,8,7,5,0,0,0.8500,5,19,0.317400
278,36.200,瞬时请求候选,0x7E8,8,7,7,0,0,0.8500,5,19,0.317400
279,36.000,瞬时请求候选,0x302,8,1,1,0,0,0.8000,5,20,0.848900
280,36.000,瞬时请求候选,0x7C8,8,2,3,0,1,0.5750,6,60,-0.178550
281,35.800,瞬时请求候选,0x301,8,5,0,1,不一致,0.5250,5,21,1.824800
282,35.800,瞬时请求候选,0x302,8,2,1,0,0,0.8750,5,21,1.848800
283,35.800,瞬时请求候选,0x302,8,2,3,0,0,0.8750,5,21,1.848800
284,35.800,瞬时请求候选,0x302,8,7,2,不一致,不一致,0.6500,5,21,0.850300
285,35.800,瞬时请求候选,0x302,8,7,3,不一致,不一致,0.6500,5,21,0.850300
286,35.800,瞬时请求候选,0x303,8,2,3,0,0,0.8750,5,21,1.921500
287,35.800,瞬时请求候选,0x303,8,4,2,1,1,0.7250,5,21,0.924000
288,35.800,瞬时请求候选,0x3DD,8,0,0,不一致,不一致,0.5750,6,61,-0.122800
289,35.800,瞬时请求候选,0x752,8,3,6,0,0,0.7750,5,21,1.361400
290,35.600,瞬时请求候选,0x3BD,8,0,0,不一致,1,0.5250,6,62,1.125950
291,35.400,瞬时请求候选,0x319,8,0,0,1,1,0.5250,6,63,0.360450
292,35.400,瞬时请求候选,0x3B2,8,2,5,0,0,0.7294,6,63,0.170100
293,35.400,瞬时请求候选,0x3BD,8,1,1,1,1,0.6250,6,63,0.126250
294,35.400,瞬时请求候选,0x7E8,8,3,6,不一致,0,0.5750,6,63,0.316100
295,35.400,瞬时请求候选,0x7E8,8,3,7,不一致,0,0.5750,6,63,0.316100
296,35.400,瞬时请求候选,0x7E8,8,4,2,1,1,0.5750,6,63,0.316100
297,35.400,瞬时请求候选,0x7E8,8,4,5,1,1,0.5750,6,63,0.316100
298,35.200,瞬时请求候选,0x3C4,8,4,1,0,0,0.8050,5,24,0.191700
299,35.200,瞬时请求候选,0x3F2,8,1,6,1,1,0.7750,5,24,1.024000
300,35.200,瞬时请求候选,0x3F2,8,3,5,不一致,0,0.6000,6,64,0.024200
301,35.200,瞬时请求候选,0x7E8,8,1,2,1,1,0.5500,6,64,0.316850
302,35.200,瞬时请求候选,0x7E8,8,2,3,1,0,0.5500,6,64,0.316100
303,35.000,瞬时请求候选,0x3BD,8,0,3,0,0,0.8500,5,25,0.126800
304,35.000,瞬时请求候选,0x3BD,8,1,2,0,0,0.8500,5,25,0.126800
305,35.000,瞬时请求候选,0x52F,8,6,1,不一致,不一致,0.5500,6,65,0.663250
306,35.000,瞬时请求候选,0x726,3,0,0,不一致,不一致,0.5750,6,65,-0.006150
307,35.000,瞬时请求候选,0x7E8,8,5,0,不一致,0,0.6000,6,65,0.316650
308,34.850,周期字段（降权）,0x1FA,3,0,5,0,1,1.0000,3,1,0.629600
309,34.800,瞬时请求候选,0x752,8,2,1,0,0,0.8000,5,26,0.362500
310,34.800,瞬时请求候选,0x752,8,4,1,0,0,0.7500,5,26,0.362500
311,34.600,瞬时请求候选,0x70B,8,4,2,不一致,1,0.6000,5,27,0.257500
312,34.600,瞬时请求候选,0x77A,8,1,0,0,0,0.7500,6,67,0.035050
313,34.600,瞬时请求候选,0x77A,8,1,7,0,0,0.7500,6,67,0.035050
314,34.400,瞬时请求候选,0x295,8,7,3,0,0,0.6933,5,28,1.617700
315,34.400,瞬时请求候选,0x302,8,3,6,0,0,0.9000,5,28,-0.150100
316,34.400,瞬时请求候选,0x303,8,3,6,0,0,0.9000,5,28,-0.077400
317,34.400,瞬时请求候选,0x324,8,1,2,1,1,0.5000,6,68,-0.079850
318,34.400,瞬时请求候选,0x330,8,1,0,1,1,0.7905,5,28,1.433300
319,34.400,瞬时请求候选,0x3DD,8,2,5,0,0,0.7750,5,28,0.878800
320,34.400,瞬时请求候选,0x3DD,8,3,0,0,0,0.7750,5,28,0.878800
321,34.400,瞬时请求候选,0x752,8,4,0,不一致,0,0.7250,5,28,0.362500
322,34.200,瞬时请求候选,0x232,8,4,2,不一致,0,0.8000,5,29,0.692000
323,34.200,瞬时请求候选,0x232,8,4,3,不一致,0,0.8000,5,29,0.692000
324,34.200,瞬时请求候选,0x232,8,4,4,不一致,0,0.8000,5,29,0.692000
325,34.200,瞬时请求候选,0x232,8,4,5,1,1,0.8000,5,29,0.692000
326,34.200,瞬时请求候选,0x295,8,7,2,0,0,0.6533,5,29,1.821300
327,34.200,瞬时请求候选,0x2A4,8,1,3,不一致,不一致,0.6750,5,29,-0.208400
328,34.200,瞬时请求候选,0x2A4,8,1,4,不一致,不一致,0.6750,5,29,-0.208400
329,34.200,瞬时请求候选,0x2A4,8,1,5,不一致,不一致,0.6750,5,29,-0.208400
330,34.200,瞬时请求候选,0x2C4,8,7,2,0,0,0.9075,6,69,0.739900
331,34.200,瞬时请求候选,0x2C4,8,7,7,0,0,0.9050,6,69,0.839400
332,34.200,瞬时请求候选,0x301,8,1,2,0,0,0.8500,5,29,-0.174300
333,34.200,瞬时请求候选,0x301,8,4,2,1,1,0.8000,5,29,-0.174300
334,34.200,瞬时请求候选,0x302,8,1,2,0,0,0.8500,5,29,-0.150100
335,34.200,瞬时请求候选,0x303,8,1,2,0,0,0.8500,5,29,-0.077400
336,34.200,瞬时请求候选,0x330,8,0,0,不一致,0,0.5571,5,29,1.433600
337,34.200,瞬时请求候选,0x3BD,8,1,3,0,0,0.7500,5,29,1.126100
338,34.200,瞬时请求候选,0x3BD,8,1,4,0,0,0.7500,5,29,1.126100
339,34.200,瞬时请求候选,0x3DD,8,6,3,0,0,0.7000,5,29,-0.121900
340,34.200,瞬时请求候选,0x70B,8,2,1,0,0,0.7500,5,29,1.255500
341,34.200,瞬时请求候选,0x788,8,6,4,0,0,0.9500,6,69,0.614200
342,34.000,瞬时请求候选,0x2C4,8,0,4,0,0,0.6650,6,70,0.038450
343,34.000,瞬时请求候选,0x2C4,8,4,4,0,0,0.9075,6,70,0.989450
344,34.000,瞬时请求候选,0x2C4,8,7,6,0,0,0.9525,6,70,0.687900
345,34.000,瞬时请求候选,0x330,8,1,2,不一致,1,0.5905,5,30,0.184900
346,34.000,瞬时请求候选,0x330,8,6,0,不一致,1,0.5905,5,30,0.184900
347,34.000,瞬时请求候选,0x330,8,6,5,1,1,0.6429,5,30,1.433600
348,34.000,瞬时请求候选,0x330,8,7,4,不一致,1,0.5905,5,30,0.184900
349,34.000,瞬时请求候选,0x3C4,8,4,5,1,1,0.6100,6,70,0.189900
350,34.000,瞬时请求候选,0x3DD,8,2,2,0,0,0.7000,5,30,-0.121900
351,34.000,瞬时请求候选,0x3DD,8,5,1,0,0,0.8000,5,30,-0.121800
352,34.000,瞬时请求候选,0x52F,8,5,4,1,1,0.5250,6,70,0.662200
353,33.800,瞬时请求候选,0x2A4,8,4,1,不一致,不一致,0.6750,5,31,0.789300
354,33.800,瞬时请求候选,0x2A4,8,4,2,不一致,1,0.7000,5,31,0.789300
355,33.800,瞬时请求候选,0x2A4,8,5,4,不一致,不一致,0.7250,5,31,-0.209800
356,33.800,瞬时请求候选,0x303,8,4,5,1,1,0.6750,5,31,0.924000
357,33.800,瞬时请求候选,0x330,8,2,1,0,0,0.7048,5,31,1.433300
358,33.800,瞬时请求候选,0x332,6,4,1,1,1,0.5000,6,71,0.023050
359,33.800,瞬时请求候选,0x332,6,4,6,1,1,0.5000,6,71,0.023050
360,33.800,瞬时请求候选,0x364,4,2,2,不一致,不一致,0.7250,5,31,-0.209200
361,33.800,瞬时请求候选,0x52F,8,6,6,1,不一致,0.5250,6,71,0.662200
362,33.600,瞬时请求候选,0x232,8,4,1,不一致,0,0.7500,5,32,0.692000
363,33.600,瞬时请求候选,0x302,8,5,2,不一致,0,0.6500,5,32,0.850300
364,33.600,瞬时请求候选,0x302,8,5,3,不一致,0,0.6500,5,32,0.850300
365,33.600,瞬时请求候选,0x302,8,7,1,0,0,0.7750,5,32,0.850000
366,33.600,瞬时请求候选,0x3DB,8,1,2,0,0,0.7500,6,72,-0.131650
367,33.600,瞬时请求候选,0x3DB,8,4,4,0,0,0.7500,6,72,0.366450
368,33.600,瞬时请求候选,0x752,8,0,1,1,不一致,0.5500,5,32,0.362200
369,33.400,瞬时请求候选,0x302,8,7,5,0,0,0.6750,5,33,0.850300
370,33.400,瞬时请求候选,0x302,8,7,7,0,0,0.7000,5,33,0.850000
371,33.400,瞬时请求候选,0x332,6,0,5,1,1,0.5250,6,73,0.023050
372,33.400,瞬时请求候选,0x352,8,2,0,1,1,0.6667,6,73,0.168750
373,33.400,瞬时请求候选,0x352,8,2,5,0,0,0.6667,6,73,0.168750
374,33.400,瞬时请求候选,0x352,8,6,1,0,0,0.6667,6,73,0.168750
375,33.400,瞬时请求候选,0x352,8,6,4,0,0,0.6667,6,73,0.168750
376,33.400,瞬时请求候选,0x352,8,7,0,0,0,0.6667,6,73,0.168750
377,33.400,瞬时请求候选,0x3DB,8,1,5,0,0,0.7500,6,73,0.367450
378,33.400,瞬时请求候选,0x3DB,8,4,0,0,0,0.7500,6,73,-0.131650
379,33.400,瞬时请求候选,0x3DB,8,6,2,0,0,0.7500,6,73,0.867850
380,33.400,瞬时请求候选,0x709,8,1,7,0,0,0.6637,6,73,0.727800
381,33.200,瞬时请求候选,0x301,8,7,1,0,0,0.6250,5,34,-0.172200
382,33.200,瞬时请求候选,0x301,8,7,2,0,0,0.6250,5,34,-0.172200
383,33.200,瞬时请求候选,0x302,8,5,6,不一致,不一致,0.6000,5,34,0.850000
384,33.200,瞬时请求候选,0x324,8,0,0,不一致,不一致,0.6250,5,34,-0.081300
385,33.200,瞬时请求候选,0x324,8,0,2,不一致,不一致,0.6750,5,34,-0.072700
386,33.200,瞬时请求候选,0x34A,8,7,4,0,0,0.7500,6,74,0.117800
387,33.200,瞬时请求候选,0x34A,8,7,7,0,0,0.7500,6,74,0.117800
388,33.200,瞬时请求候选,0x352,8,0,0,0,0,0.6667,6,74,0.768550
389,33.200,瞬时请求候选,0x352,8,2,1,0,0,0.6667,6,74,0.768550
390,33.200,瞬时请求候选,0x352,8,3,0,1,1,0.6667,6,74,0.768550
391,33.200,瞬时请求候选,0x352,8,3,3,1,1,0.6667,6,74,0.768550
392,33.200,瞬时请求候选,0x352,8,6,0,0,0,0.6667,6,74,0.768550
393,33.200,瞬时请求候选,0x352,8,6,6,1,1,0.6667,6,74,0.768550
394,33.200,瞬时请求候选,0x3DB,8,3,5,0,0,0.7500,6,74,0.865750
395,33.000,瞬时请求候选,0x2F1,8,2,6,0,0,0.9200,6,75,0.692600
396,33.000,瞬时请求候选,0x34A,8,1,0,1,1,0.7500,6,75,0.117800
397,33.000,瞬时请求候选,0x34A,8,1,1,1,1,0.7500,6,75,0.117800
398,33.000,瞬时请求候选,0x34A,8,1,2,1,1,0.7500,6,75,0.117800
399,33.000,瞬时请求候选,0x352,8,0,1,0,0,0.6667,6,75,0.169500
400,33.000,瞬时请求候选,0x352,8,1,2,0,0,0.6667,6,75,0.169500
401,33.000,瞬时请求候选,0x352,8,1,3,0,0,0.6667,6,75,0.169500
402,33.000,瞬时请求候选,0x352,8,1,6,0,0,0.6667,6,75,0.169500
403,33.000,瞬时请求候选,0x352,8,2,3,1,1,0.6667,6,75,0.169500
404,33.000,瞬时请求候选,0x352,8,2,4,1,1,0.6667,6,75,0.169500
405,33.000,瞬时请求候选,0x352,8,2,6,1,1,0.6667,6,75,0.169500
406,33.000,瞬时请求候选,0x352,8,2,7,1,1,0.6667,6,75,0.169500
407,33.000,瞬时请求候选,0x352,8,3,1,0,0,0.6667,6,75,0.169500
408,33.000,瞬时请求候选,0x352,8,3,6,0,0,0.6667,6,75,0.169500
409,33.000,瞬时请求候选,0x352,8,4,0,0,0,0.6667,6,75,0.169500
410,33.000,瞬时请求候选,0x352,8,4,1,1,1,0.6667,6,75,0.169500
411,33.000,瞬时请求候选,0x352,8,4,3,1,1,0.6667,6,75,0.169500
412,33.000,瞬时请求候选,0x352,8,4,4,1,1,0.6667,6,75,0.169500
413,33.000,瞬时请求候选,0x352,8,4,5,1,1,0.6667,6,75,0.169500
414,33.000,瞬时请求候选,0x352,8,4,6,1,1,0.6667,6,75,0.169500
415,33.000,瞬时请求候选,0x352,8,5,0,1,1,0.6667,6,75,0.169500
416,33.000,瞬时请求候选,0x352,8,5,2,1,1,0.6667,6,75,0.169500
417,33.000,瞬时请求候选,0x352,8,5,3,0,0,0.6667,6,75,0.169500
418,33.000,瞬时请求候选,0x352,8,5,6,0,0,0.6667,6,75,0.169500
419,33.000,瞬时请求候选,0x352,8,6,2,1,1,0.6667,6,75,0.169500
420,33.000,瞬时请求候选,0x352,8,6,3,1,1,0.6667,6,75,0.169500
421,33.000,瞬时请求候选,0x352,8,6,5,1,1,0.6667,6,75,0.169500
422,33.000,瞬时请求候选,0x352,8,7,1,0,0,0.6667,6,75,0.169500
423,33.000,瞬时请求候选,0x352,8,7,2,1,1,0.6667,6,75,0.169500
424,33.000,瞬时请求候选,0x352,8,7,6,0,0,0.6667,6,75,0.169500
425,32.800,瞬时请求候选,0x23A,8,0,1,不一致,1,0.5250,5,36,1.075300
426,32.800,瞬时请求候选,0x34A,8,2,1,0,0,0.7500,6,76,0.615450
427,32.800,瞬时请求候选,0x34A,8,3,5,0,0,0.7500,6,76,0.615450
428,32.800,瞬时请求候选,0x3A1,8,3,6,0,0,0.9825,6,76,0.209300
429,32.800,瞬时请求候选,0x3DB,8,1,0,0,0,0.6625,6,76,0.617750
430,32.800,瞬时请求候选,0x4E3,8,3,1,0,0,0.9450,6,76,0.478850
431,32.800,瞬时请求候选,0x4E3,8,3,3,0,0,0.9450,6,76,0.478850
432,32.800,瞬时请求候选,0x4E3,8,3,5,0,0,0.9450,6,76,0.478850
433,32.800,瞬时请求候选,0x4E3,8,3,7,0,0,0.9450,6,76,0.478850
434,32.800,瞬时请求候选,0x4E3,8,4,0,0,0,0.9450,6,76,0.478850
435,32.800,瞬时请求候选,0x4E3,8,4,1,0,0,0.9450,6,76,0.478850
436,32.800,瞬时请求候选,0x4E3,8,4,2,0,0,0.9450,6,76,0.478850
437,32.800,瞬时请求候选,0x4E3,8,4,3,0,0,0.9450,6,76,0.478850
438,32.800,瞬时请求候选,0x77A,8,2,1,0,0,0.8750,5,36,0.036100
439,32.800,瞬时请求候选,0x77A,8,2,3,0,0,0.8750,5,36,0.036100
440,32.800,瞬时请求候选,0x77A,8,2,4,0,0,0.8750,5,36,0.036100
441,32.800,瞬时请求候选,0x77A,8,2,5,1,1,0.8750,5,36,0.036100
442,32.600,瞬时请求候选,0x3DD,8,2,1,不一致,0,0.5750,5,37,-0.120000
443,32.600,瞬时请求候选,0x3DD,8,4,6,0,0,0.7000,5,37,-0.120000
444,32.600,瞬时请求候选,0x3F2,8,1,1,不一致,1,0.5750,5,37,0.024400
445,32.600,瞬时请求候选,0x3F2,8,1,3,1,0,0.6000,5,37,0.024300
446,32.400,瞬时请求候选,0x2F1,8,3,5,0,0,0.9475,6,78,0.692600
447,32.400,瞬时请求候选,0x2F1,8,6,6,0,0,0.9475,6,78,0.692600
448,32.400,瞬时请求候选,0x2F1,8,7,2,0,0,0.9475,6,78,0.692600
449,32.400,瞬时请求候选,0x3B2,8,6,4,不一致,0,0.6421,6,78,-0.130250
450,32.400,瞬时请求候选,0x3F2,8,2,1,不一致,0,0.6000,5,38,1.023800
451,32.200,瞬时请求候选,0x2F1,8,0,3,0,0,0.5750,6,79,0.392150
452,32.200,瞬时请求候选,0x2F1,8,0,4,0,0,0.8350,6,79,0.493350
453,32.200,瞬时请求候选,0x2F1,8,4,5,0,0,0.9000,6,79,0.542050
454,32.200,瞬时请求候选,0x2F1,8,4,7,0,0,0.8950,6,79,0.692600
455,32.200,瞬时请求候选,0x2F1,8,6,4,0,0,0.8950,6,79,0.692600
456,32.200,瞬时请求候选,0x2F1,8,6,5,0,0,0.9475,6,79,0.792650
457,32.200,瞬时请求候选,0x3B2,8,2,6,0,0,0.7525,6,79,-0.080700
458,32.200,瞬时请求候选,0x3B2,8,2,7,0,0,0.7294,6,79,0.169800
459,32.200,瞬时请求候选,0x3B2,8,3,7,0,0,0.7717,6,79,0.020050
460,32.200,瞬时请求候选,0x3DD,8,4,1,不一致,不一致,0.6000,5,39,-0.120000
461,32.200,瞬时请求候选,0x3DD,8,4,3,0,0,0.7250,5,39,-0.120000
462,32.200,瞬时请求候选,0x3F2,8,2,6,0,0,0.7000,5,39,1.024000
463,32.000,瞬时请求候选,0x301,8,4,5,1,1,0.6500,5,40,-0.174300
464,32.000,瞬时请求候选,0x3B2,8,3,6,0,0,0.6471,6,80,0.170200
465,32.000,瞬时请求候选,0x3B2,8,5,7,0,0,0.7196,6,80,0.469700
466,31.800,瞬时请求候选,0x3B2,8,3,5,0,0,0.7271,6,81,-0.080700
467,31.800,瞬时请求候选,0x3B2,8,5,3,0,不一致,0.6630,6,81,0.119350
468,31.800,瞬时请求候选,0x3F2,8,1,0,不一致,不一致,0.6000,5,41,1.024100
469,31.600,瞬时请求候选,0x709,8,2,0,0,0,0.8428,5,42,0.860300
470,31.600,瞬时请求候选,0x77A,8,1,2,1,1,0.8625,5,42,0.036100
471,31.600,瞬时请求候选,0x77A,8,2,0,0,0,0.8625,5,42,0.036100
472,31.600,瞬时请求候选,0x7E8,8,0,0,1,1,0.5750,5,42,0.317400
473,31.600,瞬时请求候选,0x7E8,8,5,1,0,0,0.7250,5,42,0.317400
474,31.600,瞬时请求候选,0x7E8,8,5,2,0,0,0.7250,5,42,0.317400
475,31.600,瞬时请求候选,0x7E8,8,5,5,0,0,0.7250,5,42,0.317400
476,31.400,瞬时请求候选,0x2E3,7,5,4,0,0,0.9450,5,43,0.821500
477,31.400,瞬时请求候选,0x330,8,5,6,不一致,0,0.6714,5,43,0.183700
478,31.400,瞬时请求候选,0x752,8,5,7,0,0,0.7000,5,43,0.362200
479,31.200,瞬时请求候选,0x302,8,5,1,不一致,0,0.6500,5,44,-0.149700
480,31.200,瞬时请求候选,0x330,8,5,0,不一致,0,0.5857,5,44,0.184900
481,31.200,瞬时请求候选,0x3B2,8,2,4,0,不一致,0.6095,6,84,-0.130700
482,31.200,瞬时请求候选,0x3B2,8,4,4,0,不一致,0.6774,6,84,0.618500
483,31.200,瞬时请求候选,0x3B2,8,4,5,0,不一致,0.7260,6,84,0.169950
484,31.200,瞬时请求候选,0x3B2,8,5,4,0,0,0.6380,6,84,0.269500
485,31.200,瞬时请求候选,0x3DD,8,3,6,0,0,0.7000,5,44,-0.120000
486,31.000,瞬时请求候选,0x302,8,5,0,0,0,0.6750,5,45,0.850000
487,31.000,瞬时请求候选,0x302,8,5,5,0,0,0.6750,5,45,0.850000
488,31.000,瞬时请求候选,0x3B2,8,2,0,0,不一致,0.6776,6,85,-0.130250
489,31.000,瞬时请求候选,0x3B2,8,5,1,0,0,0.6648,6,85,-0.130700
490,31.000,瞬时请求候选,0x3B2,8,6,3,0,0,0.7194,6,85,0.519050
491,31.000,瞬时请求候选,0x709,8,1,2,0,0,0.6634,6,85,0.221700
492,31.000,瞬时请求候选,0x709,8,3,5,0,0,0.6794,6,85,0.419300
493,30.800,瞬时请求候选,0x2F1,8,1,1,0,0,0.9400,6,86,0.193450
494,30.800,瞬时请求候选,0x3B2,8,4,6,0,1,0.6571,6,86,1.071200
495,30.600,瞬时请求候选,0x295,8,1,2,0,0,0.8267,5,47,1.617700
496,30.600,瞬时请求候选,0x295,8,1,5,0,0,0.8267,5,47,1.617700
497,30.600,瞬时请求候选,0x2F1,8,1,2,0,0,0.9225,6,87,0.492750
498,30.600,瞬时请求候选,0x3B2,8,1,4,0,0,0.7232,6,87,0.120650
499,30.600,瞬时请求候选,0x3B2,8,2,1,0,不一致,0.6894,6,87,0.319650
500,30.600,瞬时请求候选,0x3B2,8,3,2,0,0,0.7103,6,87,0.170100
501,30.600,瞬时请求候选,0x3B2,8,6,6,0,0,0.7125,6,87,0.270400
502,30.600,瞬时请求候选,0x3B2,8,7,0,0,不一致,0.6848,6,87,1.369650
503,30.400,瞬时请求候选,0x295,8,2,2,0,0,0.8267,5,48,1.719500
504,30.400,瞬时请求候选,0x295,8,2,4,0,0,0.8267,5,48,1.719500
505,30.400,瞬时请求候选,0x2F1,8,6,2,0,0,0.9400,6,88,0.992850
506,30.400,瞬时请求候选,0x3B2,8,4,1,0,不一致,0.6491,6,88,-0.029200
507,30.400,瞬时请求候选,0x3DD,8,1,6,0,0,0.6500,5,48,-0.120000
508,30.400,瞬时请求候选,0x4E3,8,3,2,0,0,0.9550,6,88,-0.169950
509,30.400,瞬时请求候选,0x752,8,5,2,0,0,0.6500,5,48,0.361800
510,30.200,瞬时请求候选,0x2E3,7,2,4,0,0,0.8750,6,89,0.422150
511,30.200,瞬时请求候选,0x318,8,7,5,不一致,不一致,0.7400,6,89,-0.037700
512,30.200,瞬时请求候选,0x3B2,8,1,0,0,0,0.6440,6,89,-0.081150
513,30.200,瞬时请求候选,0x3B2,8,6,2,0,0,0.6455,6,89,0.569450
514,30.200,瞬时请求候选,0x3F2,8,1,7,1,1,0.6500,5,49,0.024300
515,30.200,瞬时请求候选,0x709,8,1,5,0,0,0.6794,6,89,0.887300
516,30.000,瞬时请求候选,0x300,8,2,3,0,0,0.6500,5,50,0.022800
517,30.000,瞬时请求候选,0x300,8,2,6,0,0,0.6500,5,50,0.022800
518,30.000,瞬时请求候选,0x300,8,5,1,0,0,0.6750,5,50,0.023100
519,30.000,瞬时请求候选,0x300,8,6,4,0,0,0.6750,5,50,0.023100
520,30.000,瞬时请求候选,0x300,8,6,5,0,0,0.6750,5,50,0.023100
521,30.000,瞬时请求候选,0x300,8,7,1,0,0,0.6750,5,50,0.023100
522,30.000,瞬时请求候选,0x3B2,8,1,3,0,0,0.6621,6,90,-0.130250
523,30.000,瞬时请求候选,0x3B2,8,1,5,0,0,0.6703,6,90,0.369050
524,29.800,瞬时请求候选,0x3B2,8,2,2,0,不一致,0.7165,6,91,0.019500
525,29.800,瞬时请求候选,0x3B2,8,6,5,0,不一致,0.7144,6,91,-0.080700
526,29.800,瞬时请求候选,0x709,8,1,6,1,0,0.5234,6,91,0.419300
527,29.800,瞬时请求候选,0x2E3,7,6,3,0,0,0.9300,5,51,0.424800
528,29.800,瞬时请求候选,0x3F2,8,1,4,不一致,不一致,0.5500,5,51,0.024100
529,29.800,瞬时请求候选,0x3F2,8,2,7,1,1,0.5750,5,51,0.024300
530,29.600,瞬时请求候选,0x3A2,8,3,3,0,0,0.9877,5,52,0.691300
531,29.600,瞬时请求候选,0x3B2,8,1,7,0,0,0.7065,6,92,0.069350
532,29.600,瞬时请求候选,0x3B2,8,7,1,0,0,0.7396,6,92,0.269200
533,29.400,瞬时请求候选,0x2E3,7,6,0,0,0,0.9250,5,53,0.424800
534,29.400,瞬时请求候选,0x3B2,8,4,7,0,0,0.7073,6,93,0.168450
535,29.000,瞬时请求候选,0x3B2,8,1,1,0,不一致,0.6617,6,95,0.169350
536,29.000,瞬时请求候选,0x709,8,5,6,0,0,0.7345,6,95,0.419300
537,28.800,瞬时请求候选,0x3A8,8,5,1,0,0,0.8700,6,96,-0.075950
538,28.800,瞬时请求候选,0x3B2,8,1,6,0,不一致,0.6346,6,96,-0.130250
539,28.800,瞬时请求候选,0x3B2,8,5,0,0,不一致,0.6480,6,96,0.219950
540,28.800,瞬时请求候选,0x709,8,5,1,0,0,0.6640,6,96,0.209850
541,28.800,瞬时请求候选,0x709,8,5,2,0,0,0.7338,6,96,0.221700
542,28.600,瞬时请求候选,0x295,8,0,7,0,0,0.6833,5,57,1.617700
543,28.600,瞬时请求候选,0x2E2,8,3,0,0,0,0.8600,6,97,0.124450
544,28.600,瞬时请求候选,0x3B2,8,4,0,0,0,0.6925,6,97,0.768950
545,28.600,瞬时请求候选,0x709,8,1,3,0,0,0.7108,6,97,0.221700
546,28.400,瞬时请求候选,0x295,8,1,6,0,0,0.8367,5,58,1.922100
547,28.400,瞬时请求候选,0x2E3,7,3,0,0,0,0.8550,6,98,0.222150
548,28.400,瞬时请求候选,0x359,8,2,2,0,0,0.9600,5,58,0.893100
549,28.400,瞬时请求候选,0x359,8,2,3,0,0,0.9575,5,58,0.895600
550,28.400,瞬时请求候选,0x359,8,3,2,0,0,0.9200,5,58,0.893100
551,28.400,瞬时请求候选,0x359,8,3,5,0,0,0.9200,5,58,0.893100
552,28.400,瞬时请求候选,0x709,8,1,1,0,0,0.6563,6,98,0.286400
553,28.400,瞬时请求候选,0x709,8,3,2,0,0,0.6874,6,98,0.182900
554,28.200,瞬时请求候选,0x2C4,8,5,7,0,0,0.9350,6,99,0.939900
555,28.200,瞬时请求候选,0x2E2,8,6,6,0,0,0.9200,5,59,0.026100
556,28.200,瞬时请求候选,0x3B2,8,5,2,0,1,0.6221,6,99,0.469000
557,28.000,瞬时请求候选,0x102,8,4,1,1,1,0.6925,6,276,-0.148000
558,28.000,瞬时请求候选,0x102,8,4,2,0,0,0.6925,6,276,-0.148000
559,28.000,瞬时请求候选,0x129,8,0,0,0,1,0.5157,6,3603,-0.221750
560,28.000,瞬时请求候选,0x129,8,0,1,不一致,不一致,0.5188,6,3755,-0.237200
561,28.000,瞬时请求候选,0x129,8,0,2,1,1,0.5595,6,4569,-0.241950
562,28.000,瞬时请求候选,0x129,8,0,3,不一致,1,0.5050,6,2103,-0.237200
563,28.000,瞬时请求候选,0x129,8,0,4,不一致,不一致,0.5148,6,3761,-0.237200
564,28.000,瞬时请求候选,0x129,8,0,5,1,1,0.5248,6,3761,-0.246950
565,28.000,瞬时请求候选,0x129,8,0,6,1,1,0.5615,6,4562,-0.236900
566,28.000,瞬时请求候选,0x129,8,0,7,不一致,不一致,0.5035,6,3727,-0.236750
567,28.000,瞬时请求候选,0x129,8,2,0,不一致,不一致,0.5172,6,3616,-0.246700
568,28.000,瞬时请求候选,0x129,8,2,1,不一致,不一致,0.5172,6,3616,-0.246700
569,28.000,瞬时请求候选,0x129,8,4,0,0,0,0.9515,6,506,-0.006700
570,28.000,瞬时请求候选,0x129,8,4,1,0,0,0.9755,6,252,0.053050
571,28.000,瞬时请求候选,0x129,8,4,2,0,0,0.9755,6,252,0.053050
572,28.000,瞬时请求候选,0x129,8,4,3,0,0,0.9755,6,252,0.053050
573,28.000,瞬时请求候选,0x129,8,4,4,0,0,0.9755,6,252,0.053050
574,28.000,瞬时请求候选,0x129,8,4,5,0,0,0.9755,6,252,0.053050
575,28.000,瞬时请求候选,0x129,8,4,6,0,0,0.9755,6,252,0.053050
576,28.000,瞬时请求候选,0x129,8,4,7,0,0,0.9755,6,252,0.053050
577,28.000,瞬时请求候选,0x129,8,5,0,0,0,0.9755,6,252,0.053050
578,28.000,瞬时请求候选,0x129,8,5,1,0,0,0.9755,6,252,0.053050
579,28.000,瞬时请求候选,0x129,8,5,2,0,0,0.9755,6,252,0.053050
580,28.000,瞬时请求候选,0x129,8,5,3,0,0,0.9755,6,252,0.053050
581,28.000,瞬时请求候选,0x129,8,5,4,0,0,0.9755,6,252,0.053050
582,28.000,瞬时请求候选,0x129,8,5,5,1,1,0.9755,6,252,0.053050
583,28.000,瞬时请求候选,0x132,6,0,0,1,不一致,0.5170,6,3645,-0.248300
584,28.000,瞬时请求候选,0x132,6,0,1,0,0,0.5207,6,3736,-0.243500
585,28.000,瞬时请求候选,0x132,6,0,2,不一致,不一致,0.5155,6,3688,-0.228450
586,28.000,瞬时请求候选,0x132,6,0,3,不一致,1,0.5080,6,3631,-0.238650
587,28.000,瞬时请求候选,0x132,6,0,4,不一致,不一致,0.5617,6,3254,-0.218300
588,28.000,瞬时请求候选,0x132,6,0,5,不一致,不一致,0.7063,6,2103,-0.193700
589,28.000,瞬时请求候选,0x132,6,0,6,不一致,不一致,0.7107,6,2029,-0.193700
590,28.000,瞬时请求候选,0x132,6,2,0,0,0,0.8957,6,1390,-0.183250
591,28.000,瞬时请求候选,0x132,6,2,1,0,0,0.9357,6,909,-0.173600
592,28.000,瞬时请求候选,0x132,6,2,2,0,0,0.9357,6,893,-0.173600
593,28.000,瞬时请求候选,0x132,6,2,3,1,1,0.9357,6,891,-0.173600
594,28.000,瞬时请求候选,0x132,6,4,0,1,1,0.5570,6,3724,-0.243500
595,28.000,瞬时请求候选,0x132,6,4,1,0,0,0.6855,6,3169,-0.243450
596,28.000,瞬时请求候选,0x132,6,4,2,0,0,0.6780,6,3171,-0.243500
597,28.000,瞬时请求候选,0x132,6,4,3,1,1,0.6940,6,3072,-0.243500
598,28.000,瞬时请求候选,0x201,8,0,3,0,0,0.7612,6,1409,-0.247600
599,28.000,瞬时请求候选,0x201,8,0,4,0,0,0.7556,6,1443,-0.247600
600,28.000,瞬时请求候选,0x201,8,0,5,0,0,0.7556,6,1443,-0.247600
601,28.000,瞬时请求候选,0x201,8,0,6,0,0,0.7556,6,1443,-0.247600
602,28.000,瞬时请求候选,0x201,8,0,7,1,1,0.7444,6,1483,-0.224000
603,28.000,瞬时请求候选,0x201,8,1,0,0,0,0.7556,6,1443,-0.247600
604,28.000,瞬时请求候选,0x201,8,1,2,0,0,0.7500,6,1483,-0.224000
605,28.000,瞬时请求候选,0x201,8,1,3,0,0,0.7500,6,1479,-0.247600
606,28.000,瞬时请求候选,0x201,8,1,4,0,0,0.8275,6,1023,-0.236200
607,28.000,瞬时请求候选,0x201,8,1,5,0,0,0.8275,6,1023,-0.236200
608,28.000,瞬时请求候选,0x201,8,1,6,0,0,0.9225,6,456,-0.148050
609,28.000,瞬时请求候选,0x201,8,1,7,0,0,0.7500,6,1479,-0.247600
610,28.000,瞬时请求候选,0x201,8,2,0,0,0,0.7500,6,1479,-0.247600
611,28.000,瞬时请求候选,0x201,8,2,3,0,0,0.7500,6,1483,-0.224000
612,28.000,瞬时请求候选,0x201,8,2,4,0,0,0.7500,6,1483,-0.224000
613,28.000,瞬时请求候选,0x201,8,3,0,0,0,0.7500,6,1483,-0.224000
614,28.000,瞬时请求候选,0x201,8,3,7,0,0,0.7500,6,1479,-0.247600
615,28.000,瞬时请求候选,0x201,8,4,1,0,0,0.7500,6,1479,-0.247600
616,28.000,瞬时请求候选,0x201,8,4,5,0,0,0.7500,6,1479,-0.247600
617,28.000,瞬时请求候选,0x201,8,5,0,0,0,0.7500,6,1479,-0.247600
618,28.000,瞬时请求候选,0x201,8,5,1,0,0,0.7500,6,1479,-0.247600
619,28.000,瞬时请求候选,0x201,8,5,3,0,0,0.7500,6,1479,-0.247600
620,28.000,瞬时请求候选,0x201,8,5,4,0,0,0.7500,6,1479,-0.247600
621,28.000,瞬时请求候选,0x201,8,5,5,0,0,0.7500,6,1479,-0.247600
622,28.000,瞬时请求候选,0x201,8,5,6,0,0,0.7500,6,1479,-0.247600
623,28.000,瞬时请求候选,0x201,8,6,0,0,0,0.7500,6,1479,-0.247600
624,28.000,瞬时请求候选,0x201,8,6,4,1,1,0.7500,6,1483,-0.224000
625,28.000,瞬时请求候选,0x201,8,6,7,1,1,0.7500,6,1479,-0.247600
626,28.000,瞬时请求候选,0x201,8,7,0,1,1,0.7500,6,1483,-0.224000
627,28.000,瞬时请求候选,0x201,8,7,6,0,0,0.7500,6,1483,-0.224000
628,28.000,瞬时请求候选,0x201,8,7,7,0,0,0.7500,6,1483,-0.224000
629,28.000,瞬时请求候选,0x219,7,0,1,0,0,0.6600,6,249,-0.084550
630,28.000,瞬时请求候选,0x219,7,0,2,0,0,0.6700,6,248,-0.183750
631,28.000,瞬时请求候选,0x219,7,1,2,0,0,0.8350,6,252,0.115050
632,28.000,瞬时请求候选,0x219,7,1,4,0,0,0.8350,6,252,0.115050
633,28.000,瞬时请求候选,0x219,7,1,5,0,0,0.8350,6,252,0.115050
634,28.000,瞬时请求候选,0x219,7,1,6,0,0,0.8350,6,252,0.115050
635,28.000,瞬时请求候选,0x219,7,1,7,1,1,0.6700,6,248,-0.183750
636,28.000,瞬时请求候选,0x219,7,2,0,1,1,0.8350,6,252,0.115050
637,28.000,瞬时请求候选,0x219,7,2,1,1,1,0.8350,6,252,0.115050
638,28.000,瞬时请求候选,0x219,7,2,3,1,1,0.8350,6,252,0.115050
639,28.000,瞬时请求候选,0x219,7,2,4,1,1,0.8350,6,248,-0.134050
640,28.000,瞬时请求候选,0x219,7,2,7,1,1,0.6700,6,248,-0.183750
641,28.000,瞬时请求候选,0x219,7,3,0,1,1,0.8350,6,252,0.115050
642,28.000,瞬时请求候选,0x219,7,3,1,1,1,0.8350,6,252,0.115050
643,28.000,瞬时请求候选,0x219,7,3,2,1,1,0.8350,6,252,0.115050
644,28.000,瞬时请求候选,0x219,7,3,3,1,1,0.8350,6,252,0.115050
645,28.000,瞬时请求候选,0x219,7,3,4,1,1,0.6700,6,248,-0.183750
646,28.000,瞬时请求候选,0x219,7,3,5,1,1,0.8350,6,252,0.115050
647,28.000,瞬时请求候选,0x219,7,3,6,1,1,0.8350,6,252,0.115050
648,28.000,瞬时请求候选,0x219,7,3,7,1,1,0.6700,6,248,-0.183750
649,28.000,瞬时请求候选,0x219,7,4,0,1,1,0.8350,6,252,0.115050
650,28.000,瞬时请求候选,0x219,7,4,1,1,1,0.8350,6,252,0.115050
651,28.000,瞬时请求候选,0x219,7,4,2,1,1,0.8350,6,252,0.115050
652,28.000,瞬时请求候选,0x219,7,4,3,1,1,0.8350,6,252,0.115050
653,28.000,瞬时请求候选,0x219,7,4,4,1,1,0.6700,6,248,-0.183750
654,28.000,瞬时请求候选,0x219,7,4,5,1,1,0.8350,6,252,0.115050
655,28.000,瞬时请求候选,0x219,7,4,6,1,1,0.8350,6,252,0.115050
656,28.000,瞬时请求候选,0x219,7,4,7,1,1,0.6700,6,248,-0.183750
657,28.000,瞬时请求候选,0x219,7,5,1,1,不一致,0.5100,6,497,-0.184450
658,28.000,瞬时请求候选,0x219,7,5,2,0,0,0.8350,6,248,-0.134050
659,28.000,瞬时请求候选,0x219,7,5,3,1,1,0.8350,6,252,0.115050
660,28.000,瞬时请求候选,0x219,7,5,4,1,1,0.6700,6,248,-0.183750
661,28.000,瞬时请求候选,0x219,7,5,5,1,1,0.8350,6,252,0.115050
662,28.000,瞬时请求候选,0x219,7,5,6,1,1,0.8350,6,252,0.115050
663,28.000,瞬时请求候选,0x219,7,5,7,1,1,0.6700,6,248,-0.183750
664,28.000,瞬时请求候选,0x219,7,6,0,1,1,0.6700,6,248,-0.183750
665,28.000,瞬时请求候选,0x219,7,6,1,1,1,0.6700,6,248,-0.183750
666,28.000,瞬时请求候选,0x219,7,6,2,1,1,0.6700,6,248,-0.183750
667,28.000,瞬时请求候选,0x219,7,6,3,1,1,0.6700,6,248,-0.183750
668,28.000,瞬时请求候选,0x229,3,0,0,1,1,0.6250,6,277,-0.066400
669,28.000,瞬时请求候选,0x229,3,0,1,0,0,0.6250,6,461,-0.216450
670,28.000,瞬时请求候选,0x229,3,0,2,1,1,0.5625,6,460,-0.216450
671,28.000,瞬时请求候选,0x229,3,0,3,1,1,0.5000,6,370,-0.167000
672,28.000,瞬时请求候选,0x229,3,0,4,0,0,0.6250,6,369,-0.216350
673,28.000,瞬时请求候选,0x229,3,0,5,0,0,0.5625,6,370,-0.116400
674,28.000,瞬时请求候选,0x229,3,0,6,1,1,0.6875,6,279,0.033050
675,28.000,瞬时请求候选,0x229,3,0,7,0,0,0.6875,6,185,-0.017000
676,28.000,瞬时请求候选,0x234,8,0,0,1,1,0.6262,6,708,-0.213700
677,28.000,瞬时请求候选,0x234,8,0,1,不一致,0,0.5037,6,1431,-0.213700
678,28.000,瞬时请求候选,0x234,8,0,2,不一致,0,0.5087,6,1454,-0.213700
679,28.000,瞬时请求候选,0x234,8,0,3,不一致,1,0.5087,6,1443,-0.213700
680,28.000,瞬时请求候选,0x234,8,0,5,1,1,0.5000,6,1469,-0.213700
681,28.000,瞬时请求候选,0x234,8,1,4,不一致,1,0.5225,6,1337,-0.213700
682,28.000,瞬时请求候选,0x234,8,1,5,1,1,0.5225,6,1301,-0.213700
683,28.000,瞬时请求候选,0x234,8,3,0,0,0,0.7238,6,788,-0.213250
684,28.000,瞬时请求候选,0x234,8,3,1,不一致,不一致,0.5075,6,1454,-0.213700
685,28.000,瞬时请求候选,0x234,8,3,2,不一致,不一致,0.5075,6,1456,-0.213700
686,28.000,瞬时请求候选,0x234,8,4,2,0,0,0.7225,6,786,-0.213250
687,28.000,瞬时请求候选,0x234,8,4,3,不一致,不一致,0.5075,6,1452,-0.213700
688,28.000,瞬时请求候选,0x234,8,4,4,不一致,不一致,0.5075,6,1454,-0.213700
689,28.000,瞬时请求候选,0x234,8,7,0,不一致,1,0.5775,6,730,-0.213250
690,28.000,瞬时请求候选,0x234,8,7,1,0,0,0.8912,6,309,0.086150
691,28.000,瞬时请求候选,0x234,8,7,2,1,1,0.8613,6,452,0.036500
692,28.000,瞬时请求候选,0x234,8,7,3,1,1,0.9062,6,291,0.086150
693,28.000,瞬时请求候选,0x234,8,7,4,0,不一致,0.5300,6,1306,-0.213700
694,28.000,瞬时请求候选,0x234,8,7,6,1,1,0.5012,6,1005,-0.163900
695,28.000,瞬时请求候选,0x234,8,7,7,不一致,不一致,0.5037,6,508,0.035150
696,28.000,瞬时请求候选,0x23E,8,7,4,不一致,1,0.5020,6,1820,-0.227850
697,28.000,瞬时请求候选,0x23E,8,7,6,不一致,不一致,0.5080,6,478,-0.148200
698,28.000,瞬时请求候选,0x23E,8,7,7,1,0,0.5130,6,246,-0.087500
699,28.000,瞬时请求候选,0x241,7,0,0,1,1,0.6575,6,448,-0.218700
700,28.000,瞬时请求候选,0x241,7,0,1,1,1,0.6850,6,452,-0.218700
701,28.000,瞬时请求候选,0x241,7,0,2,1,1,0.6850,6,452,-0.218700
702,28.000,瞬时请求候选,0x241,7,0,3,0,0,0.6850,6,452,-0.218700
703,28.000,瞬时请求候选,0x241,7,2,6,1,1,0.6575,6,448,-0.218700
704,28.000,瞬时请求候选,0x241,7,2,7,1,1,0.6850,6,452,-0.218700
705,28.000,瞬时请求候选,0x241,7,3,0,1,1,0.6850,6,452,-0.218700
706,28.000,瞬时请求候选,0x241,7,3,1,0,0,0.6850,6,452,-0.218700
707,28.000,瞬时请求候选,0x243,8,0,0,0,0,0.6000,6,2960,-0.245100
708,28.000,瞬时请求候选,0x243,8,0,1,0,0,0.6000,6,1482,-0.225250
709,28.000,瞬时请求候选,0x243,8,0,2,0,0,0.8000,6,1487,-0.185150
710,28.000,瞬时请求候选,0x243,8,1,2,1,1,0.8000,6,1482,-0.205350
711,28.000,瞬时请求候选,0x243,8,1,3,1,1,0.8000,6,1482,-0.205350
712,28.000,瞬时请求候选,0x243,8,1,4,1,1,0.8000,6,1482,-0.205350
713,28.000,瞬时请求候选,0x243,8,1,5,0,0,0.6000,6,1483,-0.225250
714,28.000,瞬时请求候选,0x243,8,1,6,0,0,0.6000,6,1483,-0.225250
715,28.000,瞬时请求候选,0x243,8,1,7,1,1,0.8000,6,1482,-0.205350
716,28.000,瞬时请求候选,0x243,8,2,0,1,1,0.6020,6,2952,-0.245100
717,28.000,瞬时请求候选,0x243,8,2,1,0,0,0.6000,6,1483,-0.225250
718,28.000,瞬时请求候选,0x243,8,2,2,0,0,0.6000,6,1483,-0.225250
719,28.000,瞬时请求候选,0x243,8,2,3,0,0,0.6720,6,2371,-0.245100
720,28.000,瞬时请求候选,0x243,8,2,4,0,0,0.7990,6,1491,-0.185150
721,28.000,瞬时请求候选,0x243,8,2,5,0,0,0.6000,6,2965,-0.245100
722,28.000,瞬时请求候选,0x243,8,2,6,1,1,0.8000,6,1482,-0.205350
723,28.000,瞬时请求候选,0x243,8,2,7,0,0,0.6000,6,1482,-0.245100
724,28.000,瞬时请求候选,0x243,8,3,0,0,0,0.6000,6,2965,-0.225250
725,28.000,瞬时请求候选,0x243,8,3,1,0,0,0.8000,6,1487,-0.185150
726,28.000,瞬时请求候选,0x243,8,3,2,0,0,0.6000,6,1482,-0.245100
727,28.000,瞬时请求候选,0x243,8,3,3,0,0,0.6000,6,1482,-0.245100
728,28.000,瞬时请求候选,0x243,8,3,4,0,0,0.6000,6,2965,-0.225250
729,28.000,瞬时请求候选,0x243,8,3,5,0,0,0.8000,6,1487,-0.185150
730,28.000,瞬时请求候选,0x243,8,3,6,0,0,0.7600,6,1486,-0.185150
731,28.000,瞬时请求候选,0x243,8,3,7,0,0,0.7600,6,1486,-0.185150
732,28.000,瞬时请求候选,0x243,8,4,0,不一致,0,0.5940,6,1584,-0.245100
733,28.000,瞬时请求候选,0x243,8,4,1,不一致,1,0.6000,6,2964,-0.225250
734,28.000,瞬时请求候选,0x243,8,4,2,0,0,0.6000,6,2965,-0.245100
735,28.000,瞬时请求候选,0x243,8,4,3,0,0,0.8000,6,1487,-0.185150
736,28.000,瞬时请求候选,0x243,8,4,4,1,1,0.6000,6,1478,-0.245100
737,28.000,瞬时请求候选,0x243,8,4,5,1,1,0.8000,6,1478,-0.225250
738,28.000,瞬时请求候选,0x243,8,4,6,0,0,0.6000,6,2965,-0.245100
739,28.000,瞬时请求候选,0x243,8,4,7,0,0,0.6000,6,1482,-0.245100
740,28.000,瞬时请求候选,0x243,8,5,0,0,0,0.7125,6,2053,-0.186350
741,28.000,瞬时请求候选,0x243,8,5,1,1,1,0.6000,6,1478,-0.245100
742,28.000,瞬时请求候选,0x243,8,5,2,0,0,0.8000,6,1487,-0.185150
743,28.000,瞬时请求候选,0x243,8,5,3,0,0,0.6000,6,1483,-0.205350
744,28.000,瞬时请求候选,0x243,8,5,4,1,1,0.6000,6,1483,-0.225250
745,28.000,瞬时请求候选,0x243,8,5,5,0,0,0.6000,6,1483,-0.205350
746,28.000,瞬时请求候选,0x243,8,5,6,0,0,0.6000,6,1483,-0.205350
747,28.000,瞬时请求候选,0x243,8,6,0,0,0,0.7985,6,1483,-0.245100
748,28.000,瞬时请求候选,0x243,8,6,1,0,0,0.6000,6,1483,-0.205350
749,28.000,瞬时请求候选,0x243,8,6,2,1,1,0.6000,6,2961,-0.245100
750,28.000,瞬时请求候选,0x243,8,6,3,0,0,0.8000,6,1478,-0.245100
751,28.000,瞬时请求候选,0x243,8,6,4,0,0,0.6000,6,2960,-0.245100
752,28.000,瞬时请求候选,0x243,8,6,5,1,1,0.6000,6,2961,-0.245100
753,28.000,瞬时请求候选,0x243,8,6,6,1,1,0.6000,6,1482,-0.225250
754,28.000,瞬时请求候选,0x243,8,7,0,0,0,0.7745,6,1483,-0.245100
755,28.000,瞬时请求候选,0x243,8,7,1,0,0,0.8000,6,1487,-0.185150
756,28.000,瞬时请求候选,0x243,8,7,2,0,0,0.6000,6,2965,-0.245100
757,28.000,瞬时请求候选,0x243,8,7,3,0,0,0.6000,6,1483,-0.225250
758,28.000,瞬时请求候选,0x243,8,7,4,0,0,0.8000,6,1478,-0.245100
759,28.000,瞬时请求候选,0x243,8,7,5,1,1,0.6000,6,1482,-0.225250
760,28.000,瞬时请求候选,0x243,8,7,6,0,0,0.6000,6,2965,-0.245100
761,28.000,瞬时请求候选,0x249,4,0,0,0,0,0.5625,6,742,-0.216100
762,28.000,瞬时请求候选,0x249,4,0,1,1,1,0.8125,6,558,-0.116100
763,28.000,瞬时请求候选,0x249,4,0,2,0,0,0.6250,6,370,-0.116850
764,28.000,瞬时请求候选,0x249,4,0,3,1,1,0.6875,6,557,-0.116100
765,28.000,瞬时请求候选,0x249,4,0,4,1,1,0.5000,6,741,-0.166650
766,28.000,瞬时请求候选,0x249,4,0,5,0,0,0.5625,6,742,-0.166200
767,28.000,瞬时请求候选,0x249,4,0,6,1,1,0.5000,6,927,-0.216100
768,28.000,瞬时请求候选,0x249,4,0,7,1,1,0.5000,6,557,-0.116600
769,28.000,瞬时请求候选,0x253,8,0,0,1,1,0.5000,6,291,-0.130250
770,28.000,瞬时请求候选,0x25D,8,6,0,0,0,0.7000,6,287,-0.025000
771,28.000,瞬时请求候选,0x25D,8,6,1,0,0,0.6875,6,275,-0.072100
772,28.000,瞬时请求候选,0x25D,8,6,2,不一致,0,0.6650,6,283,-0.024600
773,28.000,瞬时请求候选,0x25D,8,6,3,不一致,1,0.6650,6,283,-0.024600
774,28.000,瞬时请求候选,0x261,8,0,1,0,0,0.6668,6,1543,-0.231200
775,28.000,瞬时请求候选,0x261,8,0,2,0,0,0.6672,6,1544,-0.218100
776,28.000,瞬时请求候选,0x261,8,0,4,不一致,不一致,0.6004,6,2021,-0.230500
777,28.000,瞬时请求候选,0x261,8,0,5,0,0,0.7060,6,2417,-0.231100
778,28.000,瞬时请求候选,0x261,8,0,6,0,0,0.7268,6,1545,-0.226000
779,28.000,瞬时请求候选,0x261,8,0,7,0,0,0.8668,6,1265,-0.210750
780,28.000,瞬时请求候选,0x261,8,1,1,不一致,1,0.6336,6,1825,-0.229700
781,28.000,瞬时请求候选,0x261,8,1,2,0,0,0.7004,6,1546,-0.226000
782,28.000,瞬时请求候选,0x261,8,1,4,0,0,0.7000,6,2811,-0.229100
783,28.000,瞬时请求候选,0x261,8,1,5,不一致,1,0.5336,6,3088,-0.238650
784,28.000,瞬时请求候选,0x261,8,1,6,0,0,0.7004,6,1546,-0.226000
785,28.000,瞬时请求候选,0x261,8,1,7,0,0,0.8668,6,1265,-0.210750
786,28.000,瞬时请求候选,0x261,8,2,0,不一致,不一致,0.5704,6,2575,-0.226550
787,28.000,瞬时请求候选,0x261,8,2,1,不一致,1,0.5856,6,2441,-0.226000
788,28.000,瞬时请求候选,0x261,8,2,2,不一致,不一致,0.6108,6,2344,-0.229700
789,28.000,瞬时请求候选,0x261,8,2,3,1,1,0.7500,6,1722,-0.229100
790,28.000,瞬时请求候选,0x261,8,2,4,不一致,不一致,0.5584,6,3006,-0.238650
791,28.000,瞬时请求候选,0x261,8,2,5,不一致,0,0.5332,6,2999,-0.237150
792,28.000,瞬时请求候选,0x261,8,2,6,0,0,0.5884,6,2001,-0.218100
793,28.000,瞬时请求候选,0x261,8,2,7,1,1,0.5876,6,1662,-0.231200
794,28.000,瞬时请求候选,0x261,8,3,0,0,0,0.8336,6,1545,-0.210750
795,28.000,瞬时请求候选,0x261,8,3,1,0,0,0.8332,6,1544,-0.230550
796,28.000,瞬时请求候选,0x261,8,3,2,0,0,0.8336,6,1545,-0.210750
797,28.000,瞬时请求候选,0x261,8,3,3,0,0,0.6672,6,1544,-0.218100
798,28.000,瞬时请求候选,0x261,8,3,6,0,0,0.6672,6,1544,-0.218100
799,28.000,瞬时请求候选,0x261,8,3,7,0,0,0.8336,6,1547,-0.202050
800,28.000,瞬时请求候选,0x261,8,4,0,0,0,0.7508,6,1545,-0.218150
801,28.000,瞬时请求候选,0x261,8,4,1,0,0,0.7204,6,2604,-0.237700
802,28.000,瞬时请求候选,0x261,8,4,2,0,0,0.8820,6,1043,-0.185550
803,28.000,瞬时请求候选,0x261,8,4,3,0,0,0.6272,6,1546,-0.217450
804,28.000,瞬时请求候选,0x261,8,4,4,0,0,0.8336,6,1547,-0.202050
805,28.000,瞬时请求候选,0x261,8,4,5,0,0,0.8328,6,1545,-0.229600
806,28.000,瞬时请求候选,0x261,8,4,6,0,0,0.6660,6,1545,-0.229700
807,28.000,瞬时请求候选,0x261,8,4,7,1,1,0.6672,6,1546,-0.226000
808,28.000,瞬时请求候选,0x261,8,5,0,0,0,0.8328,6,1545,-0.229600
809,28.000,瞬时请求候选,0x261,8,5,1,0,0,0.8336,6,1547,-0.202050
810,28.000,瞬时请求候选,0x261,8,5,2,0,0,0.6664,6,3090,-0.238550
811,28.000,瞬时请求候选,0x261,8,5,4,0,0,0.8332,6,1544,-0.230550
812,28.000,瞬时请求候选,0x261,8,6,0,0,0,0.8336,6,1543,-0.226550
813,28.000,瞬时请求候选,0x261,8,6,1,0,0,0.6660,6,1545,-0.226550
814,28.000,瞬时请求候选,0x261,8,6,2,0,0,0.6672,6,1546,-0.226000
815,28.000,瞬时请求候选,0x261,8,6,3,0,0,0.8328,6,1545,-0.229600
816,28.000,瞬时请求候选,0x261,8,7,0,1,1,0.6380,6,2046,-0.221600
817,28.000,瞬时请求候选,0x261,8,7,1,不一致,不一致,0.5684,6,2541,-0.222500
818,28.000,瞬时请求候选,0x261,8,7,2,不一致,1,0.6328,6,2843,-0.229100
819,28.000,瞬时请求候选,0x261,8,7,3,不一致,1,0.5976,6,2413,-0.229700
820,28.000,瞬时请求候选,0x261,8,7,4,不一致,不一致,0.5708,6,2077,-0.217200
821,28.000,瞬时请求候选,0x261,8,7,5,不一致,不一致,0.5044,6,2366,-0.221600
822,28.000,瞬时请求候选,0x261,8,7,6,不一致,1,0.5024,6,1843,-0.225050
823,28.000,瞬时请求候选,0x261,8,7,7,不一致,不一致,0.5028,6,3045,-0.231200
824,28.000,瞬时请求候选,0x263,8,0,0,0,0,0.6000,6,2966,-0.235350
825,28.000,瞬时请求候选,0x263,8,0,1,0,0,0.6000,6,1483,-0.215100
826,28.000,瞬时请求候选,0x263,8,0,2,0,0,0.8000,6,1488,-0.175300
827,28.000,瞬时请求候选,0x263,8,1,4,0,0,0.6000,6,1483,-0.215100
828,28.000,瞬时请求候选,0x263,8,1,6,0,0,0.6000,6,1483,-0.215100
829,28.000,瞬时请求候选,0x263,8,1,7,0,0,0.6000,6,1483,-0.215100
830,28.000,瞬时请求候选,0x263,8,2,0,0,0,0.6000,6,1483,-0.215100
831,28.000,瞬时请求候选,0x263,8,2,1,0,0,0.6000,6,1483,-0.215100
832,28.000,瞬时请求候选,0x263,8,2,2,0,0,0.6000,6,1483,-0.215100
833,28.000,瞬时请求候选,0x263,8,2,3,0,0,0.8000,6,1478,-0.235350
834,28.000,瞬时请求候选,0x263,8,2,4,0,0,0.8000,6,1478,-0.235350
835,28.000,瞬时请求候选,0x263,8,2,5,0,0,0.6000,6,1483,-0.215100
836,28.000,瞬时请求候选,0x263,8,2,6,0,0,0.8000,6,1483,-0.235350
837,28.000,瞬时请求候选,0x263,8,2,7,0,0,0.6000,6,1483,-0.215100
838,28.000,瞬时请求候选,0x263,8,3,0,0,0,0.6000,6,1483,-0.215100
839,28.000,瞬时请求候选,0x263,8,3,3,0,0,0.8000,6,1483,-0.235350
840,28.000,瞬时请求候选,0x263,8,3,4,0,0,0.8000,6,1478,-0.235350
841,28.000,瞬时请求候选,0x263,8,3,5,0,0,0.8000,6,1478,-0.235350
842,28.000,瞬时请求候选,0x263,8,3,7,0,0,0.6000,6,1483,-0.215100
843,28.000,瞬时请求候选,0x263,8,4,2,0,0,0.6000,6,1483,-0.215100
844,28.000,瞬时请求候选,0x263,8,4,3,0,0,0.8000,6,1478,-0.235350
845,28.000,瞬时请求候选,0x263,8,4,4,0,0,0.8000,6,1483,-0.235350
846,28.000,瞬时请求候选,0x263,8,4,5,0,0,0.8000,6,1488,-0.175300
847,28.000,瞬时请求候选,0x263,8,4,6,0,0,0.6000,6,1483,-0.235350
848,28.000,瞬时请求候选,0x263,8,4,7,0,0,0.6000,6,1483,-0.215100
849,28.000,瞬时请求候选,0x263,8,5,0,0,0,0.6000,6,1483,-0.215100
850,28.000,瞬时请求候选,0x263,8,5,1,0,0,0.6000,6,1483,-0.215100
851,28.000,瞬时请求候选,0x263,8,5,2,0,0,0.6000,6,1483,-0.215100
852,28.000,瞬时请求候选,0x263,8,5,4,0,0,0.8005,6,1480,-0.175300
853,28.000,瞬时请求候选,0x263,8,5,6,0,0,0.8000,6,1478,-0.235350
854,28.000,瞬时请求候选,0x263,8,5,7,0,0,0.8000,6,1478,-0.235350
855,28.000,瞬时请求候选,0x263,8,6,0,0,0,0.8000,6,1483,-0.235350
856,28.000,瞬时请求候选,0x263,8,6,2,0,0,0.6000,6,1483,-0.215100
857,28.000,瞬时请求候选,0x263,8,6,4,0,0,0.6000,6,1483,-0.215100
858,28.000,瞬时请求候选,0x263,8,6,6,0,0,0.6000,6,1483,-0.215100
859,28.000,瞬时请求候选,0x263,8,7,0,0,0,0.6000,6,1483,-0.215100
860,28.000,瞬时请求候选,0x263,8,7,1,1,1,0.6000,6,2971,-0.215100
861,28.000,瞬时请求候选,0x263,8,7,2,1,1,0.6000,6,2971,-0.215100
862,28.000,瞬时请求候选,0x263,8,7,3,1,1,0.6000,6,2971,-0.215100
863,28.000,瞬时请求候选,0x263,8,7,4,0,0,0.6000,6,1483,-0.215100
864,28.000,瞬时请求候选,0x263,8,7,6,0,0,0.8000,6,1488,-0.195350
865,28.000,瞬时请求候选,0x272,8,2,0,1,1,0.5800,6,615,-0.134500
866,28.000,瞬时请求候选,0x272,8,3,3,0,0,0.8825,6,202,-0.183550
867,28.000,瞬时请求候选,0x272,8,3,4,0,0,0.7050,6,444,-0.183550
868,28.000,瞬时请求候选,0x272,8,3,5,0,0,0.7950,6,294,-0.184500
869,28.000,瞬时请求候选,0x285,8,0,0,1,1,0.5000,6,588,-0.228950
870,28.000,瞬时请求候选,0x285,8,0,1,1,1,0.5000,6,292,-0.228950
871,28.000,瞬时请求候选,0x285,8,0,2,0,0,0.7500,6,296,-0.127450
872,28.000,瞬时请求候选,0x285,8,0,6,0,0,0.7500,6,296,-0.228950
873,28.000,瞬时请求候选,0x285,8,1,1,1,1,0.7500,6,292,-0.228950
874,28.000,瞬时请求候选,0x285,8,1,2,1,1,0.5000,6,292,-0.228950
875,28.000,瞬时请求候选,0x285,8,1,4,1,1,0.5000,6,588,-0.228950
876,28.000,瞬时请求候选,0x285,8,1,6,1,1,0.7500,6,296,-0.228950
877,28.000,瞬时请求候选,0x285,8,1,7,0,0,0.7500,6,292,-0.228950
878,28.000,瞬时请求候选,0x285,8,2,0,1,1,0.5000,6,292,-0.228950
879,28.000,瞬时请求候选,0x285,8,2,1,1,1,0.5000,6,296,-0.178050
880,28.000,瞬时请求候选,0x285,8,2,2,1,1,0.5000,6,588,-0.228950
881,28.000,瞬时请求候选,0x285,8,2,4,0,0,0.7500,6,296,-0.127450
882,28.000,瞬时请求候选,0x285,8,2,5,0,0,0.7500,6,296,-0.228950
883,28.000,瞬时请求候选,0x285,8,2,6,0,0,0.7500,6,296,-0.228950
884,28.000,瞬时请求候选,0x285,8,2,7,1,1,0.5000,6,296,-0.178050
885,28.000,瞬时请求候选,0x285,8,3,0,1,1,0.5000,6,292,-0.228950
886,28.000,瞬时请求候选,0x285,8,3,1,0,0,0.7500,6,296,-0.127450
887,28.000,瞬时请求候选,0x285,8,3,2,0,0,0.7500,6,296,-0.127450
888,28.000,瞬时请求候选,0x285,8,3,3,0,0,0.7500,6,292,-0.178050
889,28.000,瞬时请求候选,0x285,8,3,6,1,1,0.5000,6,296,-0.178050
890,28.000,瞬时请求候选,0x285,8,4,0,1,1,0.7500,6,292,-0.228950
891,28.000,瞬时请求候选,0x285,8,4,1,0,0,0.7500,6,296,-0.127450
892,28.000,瞬时请求候选,0x285,8,4,2,1,1,0.5000,6,588,-0.228950
893,28.000,瞬时请求候选,0x285,8,4,3,1,1,0.5000,6,292,-0.228950
894,28.000,瞬时请求候选,0x285,8,4,4,0,0,0.7500,6,292,-0.178050
895,28.000,瞬时请求候选,0x285,8,4,7,1,1,0.5000,6,296,-0.178050
896,28.000,瞬时请求候选,0x285,8,6,1,0,0,0.7500,6,292,-0.228950
897,28.000,瞬时请求候选,0x285,8,6,2,0,0,0.7500,6,292,-0.228950
898,28.000,瞬时请求候选,0x285,8,6,3,1,1,0.5000,6,296,-0.178050
899,28.000,瞬时请求候选,0x285,8,6,4,0,0,0.7500,6,292,-0.228950
900,28.000,瞬时请求候选,0x285,8,6,6,0,0,0.7500,6,292,-0.228950
901,28.000,瞬时请求候选,0x285,8,6,7,0,0,0.7500,6,292,-0.228950
902,28.000,瞬时请求候选,0x289,8,3,7,0,0,0.6200,6,475,-0.212400
903,28.000,瞬时请求候选,0x289,8,4,0,0,0,0.6050,6,413,-0.213000
904,28.000,瞬时请求候选,0x289,8,4,1,0,0,0.7925,6,293,0.087600
905,28.000,瞬时请求候选,0x289,8,4,3,0,0,0.5775,6,374,-0.212400
906,28.000,瞬时请求候选,0x289,8,4,4,0,0,0.6025,6,412,-0.113050
907,28.000,瞬时请求候选,0x289,8,4,5,0,0,0.8075,6,265,-0.213000
908,28.000,瞬时请求候选,0x2B3,8,0,0,0,0,0.5299,6,1163,-0.224450
909,28.000,瞬时请求候选,0x2B3,8,0,1,0,0,0.5314,6,582,-0.174400
910,28.000,瞬时请求候选,0x2B3,8,0,4,0,0,0.9431,6,144,0.135500
911,28.000,瞬时请求候选,0x2B3,8,0,5,0,0,0.7696,6,432,-0.194950
912,28.000,瞬时请求候选,0x2B3,8,0,6,0,0,0.9326,6,173,0.075050
913,28.000,瞬时请求候选,0x2B3,8,0,7,0,0,0.9087,6,243,-0.004550
914,28.000,瞬时请求候选,0x2B3,8,1,0,0,0,0.5584,6,799,-0.215500
915,28.000,瞬时请求候选,0x2B3,8,1,1,0,0,0.6871,6,518,-0.184650
916,28.000,瞬时请求候选,0x2B3,8,1,2,不一致,0,0.5404,6,435,-0.155650
917,28.000,瞬时请求候选,0x2B3,8,1,3,0,0,0.6093,6,499,-0.145700
918,28.000,瞬时请求候选,0x2B3,8,1,4,0,0,0.6243,6,580,-0.176300
919,28.000,瞬时请求候选,0x2B3,8,1,5,0,0,0.8040,6,435,-0.185600
920,28.000,瞬时请求候选,0x2B3,8,1,6,0,0,0.5493,6,583,-0.205650
921,28.000,瞬时请求候选,0x2B3,8,1,7,0,0,0.7650,6,437,-0.135000
922,28.000,瞬时请求候选,0x2B3,8,2,0,0,0,0.7575,6,434,-0.155650
923,28.000,瞬时请求候选,0x2B3,8,2,1,0,0,0.7245,6,439,-0.184550
924,28.000,瞬时请求候选,0x2B3,8,2,2,0,0,0.6257,6,616,-0.164550
925,28.000,瞬时请求候选,0x2B3,8,2,3,0,0,0.6063,6,435,-0.164550
926,28.000,瞬时请求候选,0x2B3,8,2,4,0,0,0.7635,6,437,-0.164550
927,28.000,瞬时请求候选,0x2B3,8,2,5,0,0,0.7605,6,438,-0.113650
928,28.000,瞬时请求候选,0x2B3,8,2,6,0,0,0.7036,6,293,0.204850
929,28.000,瞬时请求候选,0x2B3,8,2,7,0,0,0.5284,6,727,-0.164550
930,28.000,瞬时请求候选,0x2B3,8,3,0,0,0,0.7574,6,514,-0.044450
931,28.000,瞬时请求候选,0x2B3,8,3,1,0,0,0.8249,6,423,-0.144300
932,28.000,瞬时请求候选,0x2B3,8,3,2,0,0,0.5838,6,698,-0.215500
933,28.000,瞬时请求候选,0x2B3,8,3,3,0,0,0.5943,6,610,-0.194950
934,28.000,瞬时请求候选,0x2B3,8,3,4,1,1,0.7036,6,727,-0.215500
935,28.000,瞬时请求候选,0x2B3,8,3,5,0,0,0.5898,6,725,-0.185600
936,28.000,瞬时请求候选,0x2B3,8,3,6,1,1,0.5254,6,580,-0.205650
937,28.000,瞬时请求候选,0x2B3,8,3,7,0,0,0.6467,6,582,-0.164550
938,28.000,瞬时请求候选,0x2B3,8,4,0,0,0,0.6242,6,649,-0.173350
939,28.000,瞬时请求候选,0x2B3,8,4,1,0,0,0.6511,6,641,-0.164550
940,28.000,瞬时请求候选,0x2B3,8,4,2,0,0,0.6108,6,862,-0.173850
941,28.000,瞬时请求候选,0x2B3,8,4,3,不一致,0,0.5794,6,822,-0.173850
942,28.000,瞬时请求候选,0x2B3,8,4,4,1,1,0.5225,6,623,-0.155650
943,28.000,瞬时请求候选,0x2B3,8,4,5,1,1,0.5554,6,811,-0.164550
944,28.000,瞬时请求候选,0x2B3,8,4,6,0,0,0.5569,6,790,-0.215500
945,28.000,瞬时请求候选,0x2B3,8,4,7,0,0,0.6467,6,724,-0.155150
946,28.000,瞬时请求候选,0x2B3,8,5,0,0,0,0.7021,6,583,-0.065450
947,28.000,瞬时请求候选,0x2B3,8,5,1,0,0,0.7036,6,291,-0.104450
948,28.000,瞬时请求候选,0x2B3,8,5,2,0,0,0.7051,6,582,-0.095050
949,28.000,瞬时请求候选,0x2B3,8,5,3,0,0,0.6452,6,583,-0.104450
950,28.000,瞬时请求候选,0x2B3,8,5,4,0,0,0.8652,6,294,-0.005550
951,28.000,瞬时请求候选,0x2B3,8,5,5,0,0,0.9147,6,226,-0.005550
952,28.000,瞬时请求候选,0x2B3,8,5,6,0,0,0.7380,6,292,-0.155650
953,28.000,瞬时请求候选,0x2B3,8,5,7,0,0,0.6707,6,581,-0.164550
954,28.000,瞬时请求候选,0x2B3,8,6,0,1,1,0.5314,6,581,-0.206150
955,28.000,瞬时请求候选,0x2B3,8,6,1,0,0,0.6467,6,582,-0.175650
956,28.000,瞬时请求候选,0x2B3,8,6,2,0,0,0.8204,6,437,0.084900
957,28.000,瞬时请求候选,0x2B3,8,6,3,0,0,0.7605,6,435,-0.095500
958,28.000,瞬时请求候选,0x2B3,8,6,4,0,0,0.7650,6,436,-0.164550
959,28.000,瞬时请求候选,0x2B3,8,6,5,0,0,0.7036,6,583,-0.134350
960,28.000,瞬时请求候选,0x2B3,8,6,6,0,0,0.8817,6,289,-0.104450
961,28.000,瞬时请求候选,0x2B3,8,6,7,0,0,0.7021,6,582,0.084900
962,28.000,瞬时请求候选,0x2B3,8,7,0,0,0,0.9327,6,174,0.324950
963,28.000,瞬时请求候选,0x2B3,8,7,1,0,0,0.7036,6,438,-0.164850
964,28.000,瞬时请求候选,0x2B3,8,7,2,0,0,0.5838,6,419,0.024950
965,28.000,瞬时请求候选,0x2B3,8,7,3,0,0,0.7620,6,288,0.084900
966,28.000,瞬时请求候选,0x2B3,8,7,4,0,0,0.8234,6,436,-0.185500
967,28.000,瞬时请求候选,0x2B3,8,7,5,0,0,0.7635,6,438,-0.146150
968,28.000,瞬时请求候选,0x2B3,8,7,6,0,0,0.9401,6,145,0.384900
969,28.000,瞬时请求候选,0x2B3,8,7,7,0,0,0.5838,6,585,-0.085800
970,28.000,瞬时请求候选,0x2B4,6,0,0,不一致,不一致,0.5975,6,360,-0.108850
971,28.000,瞬时请求候选,0x2B4,6,0,1,不一致,0,0.5800,6,363,-0.060100
972,28.000,瞬时请求候选,0x2B4,6,0,2,1,1,0.6200,6,319,-0.110250
973,28.000,瞬时请求候选,0x2B4,6,4,0,不一致,1,0.5425,6,387,-0.160500
974,28.000,瞬时请求候选,0x2B4,6,4,1,不一致,不一致,0.5500,6,354,-0.110550
975,28.000,瞬时请求候选,0x2B4,6,4,2,1,1,0.5425,6,377,-0.059900
976,28.000,瞬时请求候选,0x2B4,6,4,3,0,0,0.8025,6,270,-0.060400
977,28.000,瞬时请求候选,0x2B4,6,4,4,1,1,0.8425,6,204,-0.009800
978,28.000,瞬时请求候选,0x2C1,8,0,0,0,0,0.6000,6,2966,-0.234150
979,28.000,瞬时请求候选,0x2C1,8,0,1,0,0,0.6000,6,1483,-0.213800
980,28.000,瞬时请求候选,0x2C1,8,0,2,0,0,0.8000,6,1488,-0.173650
981,28.000,瞬时请求候选,0x2C1,8,0,3,0,0,0.8000,6,1483,-0.234150
982,28.000,瞬时请求候选,0x2C1,8,0,4,0,0,0.8000,6,1483,-0.234150
983,28.000,瞬时请求候选,0x2C1,8,0,5,0,0,0.8000,6,1478,-0.234150
984,28.000,瞬时请求候选,0x2C1,8,0,6,0,0,0.8000,6,1483,-0.234150
985,28.000,瞬时请求候选,0x2C1,8,1,0,1,1,0.6000,6,1483,-0.234150
986,28.000,瞬时请求候选,0x2C1,8,1,1,0,0,0.6000,6,2966,-0.234150
987,28.000,瞬时请求候选,0x2C1,8,1,2,1,1,0.6000,6,2966,-0.234150
988,28.000,瞬时请求候选,0x2C1,8,1,3,0,0,0.6000,6,1483,-0.234150
989,28.000,瞬时请求候选,0x2C1,8,1,4,0,0,0.6000,6,2966,-0.234150
990,28.000,瞬时请求候选,0x2C1,8,1,5,0,0,0.8000,6,1483,-0.234150
991,28.000,瞬时请求候选,0x2C1,8,2,0,0,0,0.6000,6,2966,-0.234150
992,28.000,瞬时请求候选,0x2C1,8,2,1,1,1,0.6000,6,2966,-0.234150
993,28.000,瞬时请求候选,0x2C1,8,2,2,1,1,0.6000,6,1488,-0.194150
994,28.000,瞬时请求候选,0x2C1,8,2,3,0,0,0.6000,6,1483,-0.213800
995,28.000,瞬时请求候选,0x2C1,8,2,4,1,1,0.6000,6,1483,-0.234150
996,28.000,瞬时请求候选,0x2C1,8,2,5,0,0,0.8000,6,1483,-0.234150
997,28.000,瞬时请求候选,0x2C1,8,2,6,0,0,0.8000,6,1483,-0.234150
998,28.000,瞬时请求候选,0x2C1,8,3,0,0,0,0.8000,6,1483,-0.213800
999,28.000,瞬时请求候选,0x2C1,8,3,1,0,0,0.6000,6,2966,-0.234150
1000,28.000,瞬时请求候选,0x2C1,8,3,2,0,0,0.6000,6,2971,-0.213800
1001,28.000,瞬时请求候选,0x2C1,8,3,3,0,0,0.6000,6,2966,-0.234150
1002,28.000,瞬时请求候选,0x2C1,8,4,0,0,0,0.8000,6,1488,-0.173650
1003,28.000,瞬时请求候选,0x2C1,8,4,1,0,0,0.8000,6,1478,-0.234150
1004,28.000,瞬时请求候选,0x2C1,8,4,2,0,0,0.8000,6,1488,-0.173650
1005,28.000,瞬时请求候选,0x2C1,8,4,3,0,0,0.8000,6,1488,-0.173650
1006,28.000,瞬时请求候选,0x2C1,8,5,0,0,0,0.8000,6,1488,-0.173650
1007,28.000,瞬时请求候选,0x2C1,8,5,1,0,0,0.8000,6,1483,-0.234150
1008,28.000,瞬时请求候选,0x2C1,8,5,3,0,0,0.8000,6,1483,-0.234150
1009,28.000,瞬时请求候选,0x2C1,8,5,4,0,0,0.6000,6,2971,-0.213800
1010,28.000,瞬时请求候选,0x2C1,8,5,6,0,0,0.8000,6,1483,-0.213800
1011,28.000,瞬时请求候选,0x2C1,8,5,7,0,0,0.6000,6,2966,-0.234150
1012,28.000,瞬时请求候选,0x2C1,8,6,1,0,0,0.6000,6,2966,-0.234150
1013,28.000,瞬时请求候选,0x2C1,8,6,3,0,0,0.8000,6,1488,-0.173650
1014,28.000,瞬时请求候选,0x2C1,8,6,4,0,0,0.8000,6,1483,-0.213800
1015,28.000,瞬时请求候选,0x2C1,8,6,7,0,0,0.8000,6,1483,-0.213800
1016,28.000,瞬时请求候选,0x2C1,8,7,0,0,0,0.6000,6,2966,-0.234150
1017,28.000,瞬时请求候选,0x2C1,8,7,1,0,0,0.8000,6,1483,-0.234150
1018,28.000,瞬时请求候选,0x2C1,8,7,2,0,0,0.8000,6,1483,-0.234150
1019,28.000,瞬时请求候选,0x2C1,8,7,4,0,0,0.8000,6,1488,-0.173650
1020,28.000,瞬时请求候选,0x2C1,8,7,6,0,0,0.6000,6,2966,-0.234150
1021,28.000,瞬时请求候选,0x2C1,8,7,7,0,0,0.8000,6,1483,-0.213800
1022,28.000,瞬时请求候选,0x2C2,8,2,5,不一致,1,0.5125,6,701,-0.184900
1023,28.000,瞬时请求候选,0x2C2,8,6,1,1,1,0.5000,6,743,-0.184900
1024,28.000,瞬时请求候选,0x2C2,8,6,4,1,不一致,0.6000,6,615,-0.184900
1025,28.000,瞬时请求候选,0x2C2,8,6,7,1,不一致,0.6000,6,614,-0.184900
1026,28.000,瞬时请求候选,0x2C2,8,7,5,1,1,0.6000,6,616,-0.184900
1027,28.000,瞬时请求候选,0x2C4,8,0,0,1,1,0.5250,6,702,-0.211600
1028,28.000,瞬时请求候选,0x2C4,8,0,2,0,0,0.5275,6,211,-0.111350
1029,28.000,瞬时请求候选,0x2C4,8,0,3,0,0,0.6725,6,140,-0.160700
1030,28.000,瞬时请求候选,0x2C4,8,0,5,0,0,0.8100,6,253,0.189450
1031,28.000,瞬时请求候选,0x2C4,8,0,6,0,0,0.8125,6,212,-0.111600
1032,28.000,瞬时请求候选,0x2C4,8,1,0,0,0,0.7100,6,340,-0.210500
1033,28.000,瞬时请求候选,0x2C4,8,1,1,0,0,0.7875,6,286,-0.211000
1034,28.000,瞬时请求候选,0x2C4,8,1,2,0,0,0.8475,6,162,0.338000
1035,28.000,瞬时请求候选,0x2C4,8,1,3,0,0,0.8075,6,282,-0.162000
1036,28.000,瞬时请求候选,0x2C4,8,1,4,0,0,0.7175,6,281,-0.160700
1037,28.000,瞬时请求候选,0x2C4,8,1,5,0,0,0.7625,6,279,-0.160700
1038,28.000,瞬时请求候选,0x2C4,8,1,6,0,0,0.7575,6,350,-0.210500
1039,28.000,瞬时请求候选,0x2C4,8,1,7,0,0,0.7175,6,213,-0.061800
1040,28.000,瞬时请求候选,0x2C4,8,2,0,0,0,0.7725,6,281,-0.110850
1041,28.000,瞬时请求候选,0x2C4,8,2,1,0,0,0.8575,6,203,-0.060300
1042,28.000,瞬时请求候选,0x2C4,8,2,2,0,0,0.7975,6,268,-0.161050
1043,28.000,瞬时请求候选,0x2C4,8,2,3,0,0,0.8025,6,273,-0.060300
1044,28.000,瞬时请求候选,0x2C4,8,2,4,0,0,0.8475,6,193,-0.012000
1045,28.000,瞬时请求候选,0x2C4,8,2,5,0,0,0.7750,6,171,-0.012000
1046,28.000,瞬时请求候选,0x2C4,8,2,7,0,0,0.7900,6,185,-0.012000
1047,28.000,瞬时请求候选,0x2C4,8,3,0,0,0,0.8875,6,106,0.387950
1048,28.000,瞬时请求候选,0x2C4,8,3,1,0,0,0.5650,6,316,-0.161050
1049,28.000,瞬时请求候选,0x2C4,8,3,2,0,0,0.7775,6,279,-0.161050
1050,28.000,瞬时请求候选,0x2C4,8,3,3,0,0,0.8050,6,212,-0.012100
1051,28.000,瞬时请求候选,0x2C4,8,3,4,0,0,0.7525,6,157,0.039500
1052,28.000,瞬时请求候选,0x2C4,8,3,5,0,0,0.8625,6,140,0.387950
1053,28.000,瞬时请求候选,0x2C4,8,3,6,0,0,0.7525,6,139,0.039000
1054,28.000,瞬时请求候选,0x2C4,8,3,7,0,0,0.5750,6,279,-0.161550
1055,28.000,瞬时请求候选,0x2C4,8,4,0,0,0,0.7075,6,279,-0.011550
1056,28.000,瞬时请求候选,0x2C4,8,4,1,0,0,0.8225,6,253,-0.110850
1057,28.000,瞬时请求候选,0x2C4,8,4,2,0,0,0.8075,6,211,-0.160500
1058,28.000,瞬时请求候选,0x2C4,8,4,3,0,0,0.6850,6,211,0.188000
1059,28.000,瞬时请求候选,0x2C4,8,4,5,0,0,0.8450,6,210,-0.012650
1060,28.000,瞬时请求候选,0x2C4,8,4,6,0,0,0.8275,6,254,0.489150
1061,28.000,瞬时请求候选,0x2C4,8,4,7,0,0,0.7925,6,171,0.489150
1062,28.000,瞬时请求候选,0x2C4,8,5,0,0,0,0.8750,6,171,0.739000
1063,28.000,瞬时请求候选,0x2C4,8,5,1,0,0,0.8875,6,153,0.739000
1064,28.000,瞬时请求候选,0x2C4,8,5,2,0,0,0.7825,6,261,-0.111800
1065,28.000,瞬时请求候选,0x2C4,8,5,3,0,0,0.7475,6,277,0.137500
1066,28.000,瞬时请求候选,0x2C4,8,5,4,0,0,0.7400,6,283,-0.160500
1067,28.000,瞬时请求候选,0x2C4,8,5,5,0,0,0.8075,6,276,-0.061150
1068,28.000,瞬时请求候选,0x2C4,8,5,6,0,0,0.7425,6,193,-0.012150
1069,28.000,瞬时请求候选,0x2C4,8,6,0,不一致,0,0.5450,6,421,-0.211200
1070,28.000,瞬时请求候选,0x2C4,8,6,1,0,0,0.7975,6,259,-0.062100
1071,28.000,瞬时请求候选,0x2C4,8,6,2,0,0,0.7900,6,251,-0.061650
1072,28.000,瞬时请求候选,0x2C4,8,6,3,0,0,0.8975,6,142,0.388000
1073,28.000,瞬时请求候选,0x2C4,8,6,4,0,0,0.8850,6,144,0.237850
1074,28.000,瞬时请求候选,0x2C4,8,6,5,0,0,0.7225,6,298,-0.211000
1075,28.000,瞬时请求候选,0x2C4,8,6,6,0,0,0.8525,6,208,-0.161150
1076,28.000,瞬时请求候选,0x2C4,8,6,7,0,0,0.7350,6,278,0.087500
1077,28.000,瞬时请求候选,0x2C4,8,7,0,0,0,0.7825,6,208,-0.210500
1078,28.000,瞬时请求候选,0x2C4,8,7,1,0,0,0.9025,6,147,0.439550
1079,28.000,瞬时请求候选,0x2C4,8,7,3,0,0,0.8575,6,139,0.439550
1080,28.000,瞬时请求候选,0x2C4,8,7,5,0,0,0.9050,6,138,0.539550
1081,28.000,瞬时请求候选,0x2E1,8,0,1,0,0,0.6672,6,1544,-0.234150
1082,28.000,瞬时请求候选,0x2E1,8,0,2,0,0,0.6668,6,1546,-0.221000
1083,28.000,瞬时请求候选,0x2E1,8,0,3,0,0,0.6664,6,3088,-0.237700
1084,28.000,瞬时请求候选,0x2E1,8,0,4,0,0,0.6668,6,3090,-0.233300
1085,28.000,瞬时请求候选,0x2E1,8,0,5,0,0,0.6664,6,3088,-0.237700
1086,28.000,瞬时请求候选,0x2E1,8,0,6,0,0,0.6672,6,3091,-0.233300
1087,28.000,瞬时请求候选,0x2E1,8,0,7,0,0,0.8336,6,1545,-0.218750
1088,28.000,瞬时请求候选,0x2E1,8,1,0,0,0,0.6668,6,3090,-0.233300
1089,28.000,瞬时请求候选,0x2E1,8,1,1,0,0,0.8328,6,1543,-0.234650
1090,28.000,瞬时请求候选,0x2E1,8,1,2,0,0,0.8336,6,1543,-0.223200
1091,28.000,瞬时请求候选,0x2E1,8,1,4,0,0,0.8336,6,1545,-0.218750
1092,28.000,瞬时请求候选,0x2E1,8,1,6,0,0,0.6664,6,1544,-0.225850
1093,28.000,瞬时请求候选,0x2E1,8,2,0,0,0,0.7540,6,1544,-0.223200
1094,28.000,瞬时请求候选,0x2E1,8,2,1,0,0,0.7300,6,1543,-0.234150
1095,28.000,瞬时请求候选,0x2E1,8,2,2,1,1,0.6160,6,1545,-0.221650
1096,28.000,瞬时请求候选,0x2E1,8,2,3,0,0,0.7860,6,1544,-0.223200
1097,28.000,瞬时请求候选,0x2E1,8,2,4,0,0,0.8336,6,1543,-0.223200
1098,28.000,瞬时请求候选,0x2E1,8,2,5,0,0,0.6672,6,1544,-0.234150
1099,28.000,瞬时请求候选,0x2E1,8,2,7,0,0,0.8336,6,1545,-0.218750
1100,28.000,瞬时请求候选,0x2E1,8,3,0,0,0,0.8336,6,1545,-0.218750
1101,28.000,瞬时请求候选,0x2E1,8,3,1,0,0,0.6664,6,1544,-0.225850
1102,28.000,瞬时请求候选,0x2E1,8,3,2,0,0,0.8328,6,1543,-0.234650
1103,28.000,瞬时请求候选,0x2E1,8,3,3,0,0,0.8336,6,1545,-0.218750
1104,28.000,瞬时请求候选,0x2E1,8,3,4,0,0,0.8912,6,966,-0.207250
1105,28.000,瞬时请求候选,0x2E1,8,3,5,0,0,0.7388,6,2422,-0.237700
1106,28.000,瞬时请求候选,0x2E1,8,3,6,0,0,0.9328,6,622,-0.189750
1107,28.000,瞬时请求候选,0x2E1,8,3,7,1,不一致,0.5008,6,3088,-0.241300
1108,28.000,瞬时请求候选,0x2E1,8,4,0,0,0,0.6664,6,3088,-0.237700
1109,28.000,瞬时请求候选,0x2E1,8,4,1,1,不一致,0.5012,6,3089,-0.237700
1110,28.000,瞬时请求候选,0x2E1,8,4,2,不一致,1,0.5008,6,3090,-0.236900
1111,28.000,瞬时请求候选,0x2E1,8,4,3,1,1,0.8332,6,1545,-0.216550
1112,28.000,瞬时请求候选,0x2E1,8,4,4,1,1,0.6668,6,1546,-0.221000
1113,28.000,瞬时请求候选,0x2E1,8,4,5,0,0,0.8336,6,1543,-0.223200
1114,28.000,瞬时请求候选,0x2E1,8,4,6,0,0,0.8332,6,1546,-0.210150
1115,28.000,瞬时请求候选,0x2E1,8,4,7,0,0,0.8336,6,1545,-0.218750
1116,28.000,瞬时请求候选,0x2E1,8,5,0,0,0,0.7592,6,2203,-0.221650
1117,28.000,瞬时请求候选,0x2E1,8,5,1,0,0,0.7232,6,1543,-0.234150
1118,28.000,瞬时请求候选,0x2E1,8,5,2,0,0,0.5684,6,2175,-0.234750
1119,28.000,瞬时请求候选,0x2E1,8,5,3,1,1,0.6404,6,3092,-0.232700
1120,28.000,瞬时请求候选,0x2E1,8,5,4,0,0,0.5100,6,3090,-0.241300
1121,28.000,瞬时请求候选,0x2E1,8,5,5,0,0,0.6572,6,3177,-0.245150
1122,28.000,瞬时请求候选,0x2E1,8,5,6,1,1,0.6660,6,1544,-0.234750
1123,28.000,瞬时请求候选,0x2E1,8,5,7,0,0,0.6672,6,3091,-0.233300
1124,28.000,瞬时请求候选,0x2E1,8,6,0,0,0,0.8336,6,1545,-0.218750
1125,28.000,瞬时请求候选,0x2E1,8,6,1,0,0,0.8332,6,1546,-0.210150
1126,28.000,瞬时请求候选,0x2E1,8,6,2,0,0,0.6668,6,1546,-0.221000
1127,28.000,瞬时请求候选,0x2E1,8,6,3,0,0,0.6672,6,3091,-0.233300
1128,28.000,瞬时请求候选,0x2E1,8,6,5,0,0,0.6664,6,3091,-0.240700
1129,28.000,瞬时请求候选,0x2E1,8,6,7,0,0,0.8336,6,1546,-0.209450
1130,28.000,瞬时请求候选,0x2E1,8,7,1,0,0,0.8336,6,1546,-0.209450
1131,28.000,瞬时请求候选,0x2E1,8,7,3,0,0,0.6668,6,1545,-0.226050
1132,28.000,瞬时请求候选,0x2E1,8,7,5,0,0,0.8336,6,1546,-0.209450
1133,28.000,瞬时请求候选,0x2E1,8,7,6,0,0,0.8336,6,1546,-0.209450
1134,28.000,瞬时请求候选,0x2E2,8,0,0,0,0,0.5600,6,213,-0.175500
1135,28.000,瞬时请求候选,0x2E2,8,0,1,0,0,0.5700,6,213,-0.175350
1136,28.000,瞬时请求候选,0x2E2,8,0,3,0,0,0.8600,6,104,0.225050
1137,28.000,瞬时请求候选,0x2E2,8,0,4,0,0,0.6900,6,189,-0.075450
1138,28.000,瞬时请求候选,0x2E2,8,0,5,0,0,0.8550,6,105,0.025050
1139,28.000,瞬时请求候选,0x2E2,8,0,6,0,0,0.7150,6,211,-0.075450
1140,28.000,瞬时请求候选,0x2E2,8,0,7,0,0,0.8550,6,105,0.025050
1141,28.000,瞬时请求候选,0x2E2,8,1,0,0,0,0.7150,6,211,-0.075450
1142,28.000,瞬时请求候选,0x2E2,8,1,1,0,0,0.7150,6,105,0.025700
1143,28.000,瞬时请求候选,0x2E2,8,1,2,0,0,0.8600,6,104,0.225050
1144,28.000,瞬时请求候选,0x2E2,8,1,3,0,0,0.7200,6,210,0.024550
1145,28.000,瞬时请求候选,0x2E2,8,1,4,0,0,0.8550,6,105,0.025050
1146,28.000,瞬时请求候选,0x2E2,8,1,5,0,0,0.7200,6,210,0.024550
1147,28.000,瞬时请求候选,0x2E2,8,2,2,0,0,0.7600,6,163,0.124450
1148,28.000,瞬时请求候选,0x2E2,8,2,3,0,0,0.7600,6,163,0.124450
1149,28.000,瞬时请求候选,0x2E2,8,2,5,0,0,0.8600,6,106,0.424550
1150,28.000,瞬时请求候选,0x2E2,8,2,6,0,0,0.8550,6,105,0.025050
1151,28.000,瞬时请求候选,0x2E2,8,3,1,不一致,0,0.5350,6,275,-0.175350
1152,28.000,瞬时请求候选,0x2E2,8,3,2,1,1,0.5350,6,242,-0.175350
1153,28.000,瞬时请求候选,0x2E2,8,3,3,1,1,0.5750,6,213,-0.175350
1154,28.000,瞬时请求候选,0x2E2,8,3,4,1,1,0.8550,6,104,0.225050
1155,28.000,瞬时请求候选,0x2E2,8,3,5,0,0,0.7200,6,203,0.025050
1156,28.000,瞬时请求候选,0x2E2,8,3,6,1,1,0.7200,6,105,0.025700
1157,28.000,瞬时请求候选,0x2E2,8,3,7,0,0,0.8600,6,106,0.424550
1158,28.000,瞬时请求候选,0x2E2,8,4,0,0,0,0.7150,6,211,-0.075450
1159,28.000,瞬时请求候选,0x2E2,8,4,1,1,1,0.5750,6,211,0.024650
1160,28.000,瞬时请求候选,0x2E2,8,4,3,0,0,0.8550,6,105,0.025050
1161,28.000,瞬时请求候选,0x2E2,8,4,5,0,0,0.8550,6,105,0.025050
1162,28.000,瞬时请求候选,0x2E2,8,4,6,0,0,0.7150,6,211,-0.075450
1163,28.000,瞬时请求候选,0x2E2,8,5,0,1,1,0.7150,6,105,0.025700
1164,28.000,瞬时请求候选,0x2E2,8,5,1,1,1,0.7200,6,210,0.024550
1165,28.000,瞬时请求候选,0x2E2,8,5,2,0,0,0.8550,6,105,0.025050
1166,28.000,瞬时请求候选,0x2E2,8,5,3,1,1,0.7150,6,105,0.025700
1167,28.000,瞬时请求候选,0x2E2,8,5,4,1,1,0.6700,6,105,0.222950
1168,28.000,瞬时请求候选,0x2E2,8,5,6,0,0,0.7650,6,177,0.025050
1169,28.000,瞬时请求候选,0x2E2,8,6,0,0,0,0.8100,6,140,0.224100
1170,28.000,瞬时请求候选,0x2E2,8,6,1,0,0,0.8550,6,105,0.025050
1171,28.000,瞬时请求候选,0x2E2,8,6,3,0,0,0.8600,6,106,0.424550
1172,28.000,瞬时请求候选,0x2E2,8,6,4,0,0,0.8550,6,105,0.025050
1173,28.000,瞬时请求候选,0x2E2,8,6,5,0,0,0.8600,6,106,0.424550
1174,28.000,瞬时请求候选,0x2E2,8,7,2,0,0,0.7150,6,211,-0.075450
1175,28.000,瞬时请求候选,0x2E2,8,7,3,0,0,0.8600,6,106,0.424550
1176,28.000,瞬时请求候选,0x2E2,8,7,4,0,0,0.8550,6,105,0.025050
1177,28.000,瞬时请求候选,0x2E2,8,7,6,0,0,0.7200,6,210,-0.075450
1178,28.000,瞬时请求候选,0x2E3,7,0,0,0,0,0.6700,6,245,-0.175650
1179,28.000,瞬时请求候选,0x2E3,7,0,1,1,不一致,0.5050,6,246,-0.176200
1180,28.000,瞬时请求候选,0x2E3,7,0,3,0,0,0.8250,6,125,0.122750
1181,28.000,瞬时请求候选,0x2E3,7,0,4,0,0,0.5650,6,232,0.022250
1182,28.000,瞬时请求候选,0x2E3,7,0,5,0,0,0.6150,6,224,-0.177350
1183,28.000,瞬时请求候选,0x2E3,7,0,6,0,0,0.7900,6,117,0.222150
1184,28.000,瞬时请求候选,0x2E3,7,0,7,0,0,0.6550,6,242,-0.076550
1185,28.000,瞬时请求候选,0x2E3,7,1,0,0,0,0.7950,6,119,0.222150
1186,28.000,瞬时请求候选,0x2E3,7,1,1,不一致,0,0.5300,6,246,-0.077300
1187,28.000,瞬时请求候选,0x2E3,7,1,4,0,0,0.6400,6,249,-0.076550
1188,28.000,瞬时请求候选,0x2E3,7,1,6,0,0,0.7250,6,150,-0.077300
1189,28.000,瞬时请求候选,0x2E3,7,1,7,0,0,0.6750,6,164,-0.077300
1190,28.000,瞬时请求候选,0x2E3,7,2,0,0,0,0.7000,6,163,-0.077300
1191,28.000,瞬时请求候选,0x2E3,7,2,1,0,0,0.6200,6,210,0.122050
1192,28.000,瞬时请求候选,0x2E3,7,2,2,0,0,0.8050,6,125,0.222150
1193,28.000,瞬时请求候选,0x2E3,7,2,3,0,0,0.7050,6,124,0.021500
1194,28.000,瞬时请求候选,0x2E3,7,2,5,0,0,0.7850,6,155,0.024450
1195,28.000,瞬时请求候选,0x2E3,7,2,6,0,0,0.6400,6,249,-0.076550
1196,28.000,瞬时请求候选,0x2E3,7,3,1,0,0,0.6900,6,215,-0.175650
1197,28.000,瞬时请求候选,0x2E3,7,3,2,0,不一致,0.5950,6,241,-0.076850
1198,28.000,瞬时请求候选,0x2E3,7,3,3,0,1,0.5250,6,248,-0.077300
1199,28.000,瞬时请求候选,0x2E3,7,3,4,0,1,0.5250,6,248,-0.077300
1200,28.000,瞬时请求候选,0x2E3,7,3,5,0,0,0.8200,6,128,0.222150
1201,28.000,瞬时请求候选,0x2E3,7,3,6,0,0,0.6750,6,124,0.023950
1202,28.000,瞬时请求候选,0x2E3,7,4,0,0,0,0.8300,6,124,0.222150
1203,28.000,瞬时请求候选,0x2E3,7,4,1,0,0,0.6750,6,124,0.023950
1204,28.000,瞬时请求候选,0x2E3,7,4,3,0,0,0.7400,6,197,-0.076550
1205,28.000,瞬时请求候选,0x2E3,7,4,4,0,0,0.7000,6,224,-0.076550
1206,28.000,瞬时请求候选,0x2E3,7,5,0,0,0,0.6300,6,155,0.022250
1207,28.000,瞬时请求候选,0x2E3,7,5,1,1,1,0.5350,6,157,0.122150
1208,28.000,瞬时请求候选,0x2E3,7,5,2,0,0,0.8100,6,144,0.123750
1209,28.000,瞬时请求候选,0x2E3,7,5,3,0,0,0.6750,6,124,0.023950
1210,28.000,瞬时请求候选,0x2E3,7,5,7,0,0,0.8600,6,107,0.522650
1211,28.000,瞬时请求候选,0x2E3,7,6,1,0,0,0.8500,6,108,0.222150
1212,28.000,瞬时请求候选,0x2E3,7,6,2,0,0,0.8550,6,109,0.522650
1213,28.000,瞬时请求候选,0x2E3,7,6,6,0,0,0.8350,6,123,-0.076850
1214,28.000,瞬时请求候选,0x2F1,8,0,0,0,0,0.5300,6,699,-0.207550
1215,28.000,瞬时请求候选,0x2F1,8,0,1,0,0,0.5275,6,390,-0.207550
1216,28.000,瞬时请求候选,0x2F1,8,0,2,0,0,0.5925,6,156,-0.007800
1217,28.000,瞬时请求候选,0x2F1,8,0,5,0,0,0.8375,6,233,-0.006550
1218,28.000,瞬时请求候选,0x2F1,8,1,0,1,1,0.6250,6,224,-0.057700
1219,28.000,瞬时请求候选,0x2F1,8,1,3,0,0,0.8750,6,161,0.442300
1220,28.000,瞬时请求候选,0x2F1,8,1,4,1,1,0.5475,6,186,0.142700
1221,28.000,瞬时请求候选,0x2F1,8,1,5,0,0,0.8825,6,164,0.341850
1222,28.000,瞬时请求候选,0x2F1,8,1,6,0,0,0.8900,6,156,0.392750
1223,28.000,瞬时请求候选,0x2F1,8,1,7,0,0,0.6900,6,311,-0.058450
1224,28.000,瞬时请求候选,0x2F1,8,2,0,0,0,0.6975,6,316,-0.157550
1225,28.000,瞬时请求候选,0x2F1,8,2,2,0,0,0.7375,6,182,0.241850
1226,28.000,瞬时请求候选,0x2F1,8,2,3,0,0,0.6550,6,235,0.042000
1227,28.000,瞬时请求候选,0x2F1,8,2,4,0,0,0.8900,6,160,0.092150
1228,28.000,瞬时请求候选,0x2F1,8,2,5,0,0,0.6150,6,115,0.441800
1229,28.000,瞬时请求候选,0x2F1,8,3,0,1,不一致,0.5125,6,213,0.192750
1230,28.000,瞬时请求候选,0x2F1,8,3,1,0,0,0.8400,6,159,0.692600
1231,28.000,瞬时请求候选,0x2F1,8,3,3,0,0,0.7475,6,312,-0.156600
1232,28.000,瞬时请求候选,0x2F1,8,3,4,0,0,0.8950,6,154,0.492750
1233,28.000,瞬时请求候选,0x2F1,8,3,6,0,0,0.8200,6,177,0.092550
1234,28.000,瞬时请求候选,0x2F1,8,3,7,0,0,0.6600,6,312,-0.107450
1235,28.000,瞬时请求候选,0x2F1,8,4,0,0,0,0.7600,6,163,-0.108250
1236,28.000,瞬时请求候选,0x2F1,8,4,2,0,0,0.5300,6,234,-0.107150
1237,28.000,瞬时请求候选,0x2F1,8,4,3,0,0,0.8975,6,159,0.292250
1238,28.000,瞬时请求候选,0x2F1,8,4,4,0,0,0.8250,6,158,0.141900
1239,28.000,瞬时请求候选,0x2F1,8,4,6,0,0,0.7375,6,156,0.041900
1240,28.000,瞬时请求候选,0x2F1,8,5,0,0,0,0.8625,6,158,0.393350
1241,28.000,瞬时请求候选,0x2F1,8,5,1,0,0,0.9125,6,129,0.792650
1242,28.000,瞬时请求候选,0x2F1,8,5,3,0,0,0.8775,6,141,0.391950
1243,28.000,瞬时请求候选,0x2F1,8,5,4,0,0,0.8725,6,156,0.442150
1244,28.000,瞬时请求候选,0x2F1,8,5,5,0,0,0.8600,6,173,0.441800
1245,28.000,瞬时请求候选,0x2F1,8,5,6,0,0,0.8500,6,183,0.391950
1246,28.000,瞬时请求候选,0x2F1,8,5,7,0,0,0.7875,6,255,-0.157550
1247,28.000,瞬时请求候选,0x2F1,8,6,0,0,0,0.6700,6,265,-0.008000
1248,28.000,瞬时请求候选,0x2F1,8,6,1,0,0,0.8325,6,147,-0.206700
1249,28.000,瞬时请求候选,0x2F1,8,6,3,0,0,0.8350,6,236,0.192600
1250,28.000,瞬时请求候选,0x2F9,8,3,4,0,0,0.6600,6,249,-0.077650
1251,28.000,瞬时请求候选,0x2F9,8,3,5,0,0,0.6700,6,248,-0.176900
1252,28.000,瞬时请求候选,0x2F9,8,4,0,0,0,0.6650,6,491,-0.175900
1253,28.000,瞬时请求候选,0x2F9,8,4,1,0,0,0.8350,6,244,-0.077100
1254,28.000,瞬时请求候选,0x2F9,8,4,2,0,0,0.8350,6,244,-0.077100
1255,28.000,瞬时请求候选,0x2F9,8,4,3,0,0,0.8350,6,244,-0.077100
1256,28.000,瞬时请求候选,0x2F9,8,4,4,0,0,0.8350,6,244,-0.077100
1257,28.000,瞬时请求候选,0x2F9,8,4,5,0,0,0.6650,6,491,-0.175900
1258,28.000,瞬时请求候选,0x2F9,8,4,6,0,0,0.8350,6,244,-0.077100
1259,28.000,瞬时请求候选,0x2F9,8,4,7,0,0,0.6650,6,491,-0.175900
1260,28.000,瞬时请求候选,0x2F9,8,5,0,0,0,0.8350,6,244,-0.077100
1261,28.000,瞬时请求候选,0x2F9,8,5,1,0,0,0.6650,6,491,-0.175900
1262,28.000,瞬时请求候选,0x2F9,8,5,2,0,0,0.6650,6,491,-0.175900
1263,28.000,瞬时请求候选,0x2F9,8,5,3,0,0,0.6650,6,491,-0.175900
1264,28.000,瞬时请求候选,0x2F9,8,5,4,0,0,0.8350,6,244,-0.077100
1265,28.000,瞬时请求候选,0x2F9,8,5,5,0,0,0.6650,6,491,-0.175900
1266,28.000,瞬时请求候选,0x2F9,8,5,6,0,0,0.6650,6,491,-0.175900
1267,28.000,瞬时请求候选,0x2F9,8,5,7,0,0,0.6650,6,491,-0.175900
1268,28.000,瞬时请求候选,0x2F9,8,6,0,0,0,0.6650,6,491,-0.175900
1269,28.000,瞬时请求候选,0x2F9,8,6,1,0,0,0.6650,6,491,-0.175900
1270,28.000,瞬时请求候选,0x2F9,8,6,2,0,0,0.6650,6,491,-0.175900
1271,28.000,瞬时请求候选,0x2F9,8,6,3,0,0,0.6650,6,491,-0.175900
1272,28.000,瞬时请求候选,0x2F9,8,6,4,0,0,0.8350,6,244,-0.077100
1273,28.000,瞬时请求候选,0x2F9,8,6,5,0,0,0.6650,6,491,-0.175900
1274,28.000,瞬时请求候选,0x2F9,8,6,6,0,0,0.6650,6,491,-0.175900
1275,28.000,瞬时请求候选,0x2F9,8,6,7,0,0,0.8350,6,244,-0.077100
1276,28.000,瞬时请求候选,0x2F9,8,7,0,0,0,0.6650,6,491,-0.175900
1277,28.000,瞬时请求候选,0x2F9,8,7,1,0,0,0.8350,6,244,-0.077100
1278,28.000,瞬时请求候选,0x2F9,8,7,2,0,0,0.8350,6,244,-0.077100
1279,28.000,瞬时请求候选,0x2F9,8,7,3,0,0,0.6650,6,491,-0.175900
1280,28.000,瞬时请求候选,0x2F9,8,7,4,0,0,0.8350,6,244,-0.077100
1281,28.000,瞬时请求候选,0x2F9,8,7,5,0,0,0.8350,6,244,-0.077100
1282,28.000,瞬时请求候选,0x2F9,8,7,6,0,0,0.6650,6,491,-0.175900
1283,28.000,瞬时请求候选,0x2F9,8,7,7,0,0,0.6650,6,491,-0.175900
1284,28.000,瞬时请求候选,0x318,8,7,1,1,1,0.5000,6,700,-0.237600
1285,28.000,瞬时请求候选,0x318,8,7,2,1,1,0.5000,6,387,-0.187250
1286,28.000,瞬时请求候选,0x31E,8,0,0,1,1,0.5000,6,297,-0.024050
1287,28.000,瞬时请求候选,0x31E,8,0,1,1,1,0.5000,6,146,-0.024050
1288,28.000,瞬时请求候选,0x320,8,0,0,0,0,0.6000,6,296,-0.168250
1289,28.000,瞬时请求候选,0x320,8,0,1,0,0,0.6000,6,145,-0.168250
1290,28.000,瞬时请求候选,0x320,8,0,2,0,0,0.8000,6,145,-0.168250
1291,28.000,瞬时请求候选,0x320,8,0,7,0,0,0.8000,6,151,0.031800
1292,28.000,瞬时请求候选,0x320,8,3,3,0,0,0.8000,6,151,0.231900
1293,28.000,瞬时请求候选,0x340,8,0,2,0,0,0.6650,6,125,0.170650
1294,28.000,瞬时请求候选,0x340,8,0,3,0,0,0.6600,6,122,-0.029300
1295,28.000,瞬时请求候选,0x340,8,1,0,0,0,0.9175,6,125,0.270750
1296,28.000,瞬时请求候选,0x340,8,1,2,0,0,0.9175,6,124,-0.030700
1297,28.000,瞬时请求候选,0x340,8,1,6,0,0,0.9175,6,121,0.069450
1298,28.000,瞬时请求候选,0x343,8,2,2,1,1,0.6950,6,293,-0.164050
1299,28.000,瞬时请求候选,0x343,8,2,3,1,1,0.5900,6,349,-0.164050
1300,28.000,瞬时请求候选,0x343,8,2,4,1,不一致,0.5900,6,349,-0.164050
1301,28.000,瞬时请求候选,0x343,8,2,5,0,不一致,0.5900,6,349,-0.164050
1302,28.000,瞬时请求候选,0x343,8,3,4,0,0,0.5800,6,353,-0.213400
1303,28.000,瞬时请求候选,0x343,8,3,5,0,0,0.7200,6,246,0.235700
1304,28.000,瞬时请求候选,0x343,8,3,6,0,1,0.5400,6,372,-0.214700
1305,28.000,瞬时请求候选,0x343,8,3,7,不一致,1,0.6400,6,329,-0.164500
1306,28.000,瞬时请求候选,0x343,8,4,0,不一致,0,0.6900,6,305,-0.164500
1307,28.000,瞬时请求候选,0x359,8,0,0,0,0,0.5800,6,625,-0.205650
1308,28.000,瞬时请求候选,0x359,8,0,1,0,0,0.5425,6,340,-0.106350
1309,28.000,瞬时请求候选,0x359,8,0,2,0,0,0.5425,6,225,-0.104500
1310,28.000,瞬时请求候选,0x359,8,0,3,1,1,0.6525,6,172,0.045400
1311,28.000,瞬时请求候选,0x359,8,0,7,0,0,0.8050,6,284,-0.055600
1312,28.000,瞬时请求候选,0x359,8,1,0,0,0,0.7225,6,284,-0.055600
1313,28.000,瞬时请求候选,0x359,8,1,1,0,0,0.6850,6,340,-0.055600
1314,28.000,瞬时请求候选,0x359,8,1,2,0,0,0.6125,6,512,-0.204650
1315,28.000,瞬时请求候选,0x359,8,1,3,0,0,0.7250,6,284,-0.006000
1316,28.000,瞬时请求候选,0x359,8,1,4,0,0,0.6825,6,284,-0.006000
1317,28.000,瞬时请求候选,0x359,8,1,5,0,0,0.7250,6,284,-0.006000
1318,28.000,瞬时请求候选,0x359,8,1,6,0,0,0.8775,6,116,0.594350
1319,28.000,瞬时请求候选,0x359,8,2,0,0,0,0.8400,6,115,0.594350
1320,28.000,瞬时请求候选,0x359,8,2,4,0,0,0.8425,6,169,0.194300
1321,28.000,瞬时请求候选,0x359,8,2,6,0,0,0.8025,6,169,0.243900
1322,28.000,瞬时请求候选,0x359,8,2,7,0,0,0.8850,6,169,0.194300
1323,28.000,瞬时请求候选,0x359,8,3,0,0,0,0.8025,6,169,0.243900
1324,28.000,瞬时请求候选,0x359,8,3,1,0,0,0.9175,6,116,0.694450
1325,28.000,瞬时请求候选,0x359,8,3,3,0,0,0.9175,6,116,0.694450
1326,28.000,瞬时请求候选,0x359,8,3,4,0,0,0.9250,6,111,0.194300
1327,28.000,瞬时请求候选,0x359,8,3,7,0,0,0.9175,6,116,0.594350
1328,28.000,瞬时请求候选,0x359,8,4,0,0,0,0.6875,6,397,-0.203950
1329,28.000,瞬时请求候选,0x359,8,4,1,0,0,0.8000,6,228,-0.203950
1330,28.000,瞬时请求候选,0x359,8,4,2,0,0,0.7250,6,347,-0.204950
1331,28.000,瞬时请求候选,0x359,8,4,3,0,0,0.7600,6,289,-0.154500
1332,28.000,瞬时请求候选,0x359,8,4,4,0,0,0.8450,6,229,-0.204950
1333,28.000,瞬时请求候选,0x359,8,4,5,0,0,0.7675,6,284,-0.154950
1334,28.000,瞬时请求候选,0x359,8,4,6,0,0,0.6875,6,284,-0.104850
1335,28.000,瞬时请求候选,0x359,8,4,7,0,0,0.7300,6,394,-0.203950
1336,28.000,瞬时请求候选,0x359,8,5,0,0,0,0.8375,6,171,0.193650
1337,28.000,瞬时请求候选,0x359,8,5,1,0,0,0.8500,6,227,0.043900
1338,28.000,瞬时请求候选,0x359,8,5,2,0,0,0.7700,6,282,-0.105000
1339,28.000,瞬时请求候选,0x359,8,5,3,0,0,0.8075,6,169,0.394350
1340,28.000,瞬时请求候选,0x359,8,5,4,0,0,0.8425,6,230,0.094850
1341,28.000,瞬时请求候选,0x359,8,5,5,0,0,0.7700,6,343,-0.204650
1342,28.000,瞬时请求候选,0x359,8,5,6,0,0,0.8475,6,229,0.045050
1343,28.000,瞬时请求候选,0x359,8,5,7,0,0,0.7725,6,285,-0.205650
1344,28.000,瞬时请求候选,0x359,8,6,0,0,0,0.8500,6,228,-0.154650
1345,28.000,瞬时请求候选,0x359,8,6,1,0,0,0.6900,6,400,-0.154650
1346,28.000,瞬时请求候选,0x359,8,6,2,0,0,0.8075,6,284,-0.005650
1347,28.000,瞬时请求候选,0x359,8,6,3,0,0,0.8025,6,230,-0.105650
1348,28.000,瞬时请求候选,0x359,8,6,4,0,0,0.8450,6,172,0.244900
1349,28.000,瞬时请求候选,0x359,8,6,5,0,0,0.7675,6,344,-0.204500
1350,28.000,瞬时请求候选,0x359,8,6,6,0,0,0.8450,6,172,-0.105650
1351,28.000,瞬时请求候选,0x359,8,6,7,0,0,0.8850,6,172,0.194950
1352,28.000,瞬时请求候选,0x359,8,7,0,0,0,0.8075,6,228,-0.005000
1353,28.000,瞬时请求候选,0x359,8,7,1,0,0,0.6875,6,402,-0.154500
1354,28.000,瞬时请求候选,0x359,8,7,2,0,0,0.7275,6,283,-0.054900
1355,28.000,瞬时请求候选,0x359,8,7,3,0,0,0.8075,6,283,-0.105000
1356,28.000,瞬时请求候选,0x359,8,7,4,0,0,0.8825,6,172,0.144900
1357,28.000,瞬时请求候选,0x359,8,7,5,0,0,0.8875,6,170,0.194350
1358,28.000,瞬时请求候选,0x359,8,7,6,0,0,0.9225,6,114,0.594350
1359,28.000,瞬时请求候选,0x359,8,7,7,0,0,0.7650,6,288,-0.154650
1360,28.000,瞬时请求候选,0x360,8,0,0,0,0,0.5600,6,662,-0.105500
1361,28.000,瞬时请求候选,0x360,8,0,1,0,0,0.5600,6,403,-0.154350
1362,28.000,瞬时请求候选,0x360,8,0,2,0,0,0.6425,6,146,0.245050
1363,28.000,瞬时请求候选,0x360,8,0,3,0,0,0.7375,6,133,-0.153400
1364,28.000,瞬时请求候选,0x360,8,6,2,0,0,0.9125,6,132,0.444450
1365,28.000,瞬时请求候选,0x372,8,0,0,0,0,0.5333,6,1041,-0.248450
1366,28.000,瞬时请求候选,0x372,8,1,0,0,0,0.6817,6,550,-0.248450
1367,28.000,瞬时请求候选,0x372,8,1,1,0,0,0.6433,6,573,-0.248450
1368,28.000,瞬时请求候选,0x372,8,1,2,0,0,0.7500,6,467,-0.248450
1369,28.000,瞬时请求候选,0x372,8,1,3,0,0,0.7667,6,449,-0.248450
1370,28.000,瞬时请求候选,0x372,8,1,4,0,0,0.8283,6,369,-0.248450
1371,28.000,瞬时请求候选,0x372,8,1,5,0,0,0.7617,6,247,-0.128100
1372,28.000,瞬时请求候选,0x372,8,1,6,0,0,0.7700,6,365,-0.188450
1373,28.000,瞬时请求候选,0x372,8,1,7,0,0,0.7467,6,297,-0.188450
1374,28.000,瞬时请求候选,0x372,8,2,0,0,0,0.6000,6,600,-0.188450
1375,28.000,瞬时请求候选,0x372,8,2,1,0,0,0.6667,6,448,-0.188450
1376,28.000,瞬时请求候选,0x372,8,2,2,0,0,0.8000,6,297,-0.188450
1377,28.000,瞬时请求候选,0x372,8,2,3,0,0,0.6667,6,448,-0.188450
1378,28.000,瞬时请求候选,0x372,8,2,4,0,0,0.7333,6,449,-0.188450
1379,28.000,瞬时请求候选,0x372,8,2,5,0,0,0.8000,6,297,-0.188450
1380,28.000,瞬时请求候选,0x372,8,2,6,0,0,0.6383,6,461,-0.188450
1381,28.000,瞬时请求候选,0x372,8,2,7,0,0,0.7800,6,444,-0.248450
1382,28.000,瞬时请求候选,0x372,8,3,0,0,0,0.7800,6,443,-0.248450
1383,28.000,瞬时请求候选,0x372,8,3,1,0,0,0.7783,6,442,-0.248450
1384,28.000,瞬时请求候选,0x372,8,3,2,0,0,0.6150,6,656,-0.248450
1385,28.000,瞬时请求候选,0x372,8,3,3,0,0,0.6333,6,592,-0.248450
1386,28.000,瞬时请求候选,0x372,8,3,4,0,0,0.6333,6,516,-0.188450
1387,28.000,瞬时请求候选,0x372,8,3,5,0,0,0.8000,6,295,-0.188450
1388,28.000,瞬时请求候选,0x372,8,3,6,0,0,0.8667,6,292,-0.248450
1389,28.000,瞬时请求候选,0x372,8,3,7,0,0,0.9333,6,151,0.032450
1390,28.000,瞬时请求候选,0x372,8,4,0,0,0,0.8667,6,291,-0.248450
1391,28.000,瞬时请求候选,0x372,8,4,1,0,0,0.7333,6,437,-0.248450
1392,28.000,瞬时请求候选,0x372,8,4,2,0,0,0.8000,6,436,-0.248450
1393,28.000,瞬时请求候选,0x372,8,4,3,0,0,0.9333,6,140,-0.248450
1394,28.000,瞬时请求候选,0x372,8,4,4,0,0,0.9017,6,225,0.062350
1395,28.000,瞬时请求候选,0x372,8,4,6,0,0,0.8967,6,151,0.062350
1396,28.000,瞬时请求候选,0x372,8,4,7,0,0,0.8933,6,241,0.032450
1397,28.000,瞬时请求候选,0x372,8,5,0,0,0,0.6200,6,594,-0.248450
1398,28.000,瞬时请求候选,0x372,8,5,1,0,0,0.9133,6,191,0.391600
1399,28.000,瞬时请求候选,0x372,8,5,2,0,0,0.8667,6,290,-0.248450
1400,28.000,瞬时请求候选,0x372,8,5,3,0,0,0.8667,6,295,-0.128100
1401,28.000,瞬时请求候选,0x372,8,5,4,0,0,0.8000,6,296,-0.128100
1402,28.000,瞬时请求候选,0x372,8,5,5,0,0,0.7333,6,591,-0.248450
1403,28.000,瞬时请求候选,0x372,8,5,6,0,0,0.7333,6,440,-0.248450
1404,28.000,瞬时请求候选,0x372,8,5,7,0,0,0.8667,6,301,0.391700
1405,28.000,瞬时请求候选,0x372,8,6,0,0,0,0.8317,6,371,-0.188450
1406,28.000,瞬时请求候选,0x372,8,6,1,0,0,0.6983,6,662,-0.248450
1407,28.000,瞬时请求候选,0x372,8,6,2,0,0,0.6550,6,677,-0.248450
1408,28.000,瞬时请求候选,0x372,8,6,3,0,0,0.6900,6,660,-0.188300
1409,28.000,瞬时请求候选,0x372,8,6,4,0,0,0.7300,6,531,-0.077700
1410,28.000,瞬时请求候选,0x372,8,6,5,0,0,0.6617,6,611,-0.248450
1411,28.000,瞬时请求候选,0x372,8,6,6,0,0,0.6583,6,745,-0.248450
1412,28.000,瞬时请求候选,0x372,8,6,7,0,0,0.8050,6,425,0.151950
1413,28.000,瞬时请求候选,0x372,8,7,0,0,0,0.8600,6,152,0.032450
1414,28.000,瞬时请求候选,0x372,8,7,1,0,0,0.8717,6,282,0.032450
1415,28.000,瞬时请求候选,0x372,8,7,3,0,0,0.8667,6,292,-0.188450
1416,28.000,瞬时请求候选,0x372,8,7,4,0,0,0.8667,6,304,0.151550
1417,28.000,瞬时请求候选,0x372,8,7,5,0,0,0.9333,6,151,0.032450
1418,28.000,瞬时请求候选,0x372,8,7,6,0,0,0.9333,6,152,0.151550
1419,28.000,瞬时请求候选,0x372,8,7,7,0,0,0.8667,6,290,-0.188450
1420,28.000,瞬时请求候选,0x379,8,0,2,0,0,0.6675,6,121,-0.025400
1421,28.000,瞬时请求候选,0x379,8,0,3,0,0,0.6725,6,122,-0.025400
1422,28.000,瞬时请求候选,0x379,8,1,6,0,0,0.8750,6,175,-0.025000
1423,28.000,瞬时请求候选,0x379,8,1,7,0,0,0.8700,6,187,-0.025950
1424,28.000,瞬时请求候选,0x379,8,2,0,0,0,0.6875,6,281,-0.127150
1425,28.000,瞬时请求候选,0x379,8,2,1,0,0,0.5525,6,297,-0.225000
1426,28.000,瞬时请求候选,0x379,8,2,2,0,0,0.7425,6,209,-0.075550
1427,28.000,瞬时请求候选,0x379,8,2,3,1,不一致,0.5375,6,212,-0.125450
1428,28.000,瞬时请求候选,0x379,8,2,4,0,0,0.8450,6,181,-0.027250
1429,28.000,瞬时请求候选,0x379,8,2,5,0,0,0.8325,6,161,0.023800
1430,28.000,瞬时请求候选,0x379,8,2,6,0,0,0.8550,6,117,0.123300
1431,28.000,瞬时请求候选,0x379,8,3,1,0,0,0.7900,6,188,0.124000
1432,28.000,瞬时请求候选,0x379,8,3,3,1,1,0.5450,6,240,-0.175500
1433,28.000,瞬时请求候选,0x379,8,3,4,0,0,0.7625,6,195,0.072750
1434,28.000,瞬时请求候选,0x379,8,3,6,0,0,0.5350,6,155,-0.027100
1435,28.000,瞬时请求候选,0x379,8,3,7,0,0,0.8725,6,132,-0.026200
1436,28.000,瞬时请求候选,0x379,8,4,0,0,0,0.5775,6,247,-0.225000
1437,28.000,瞬时请求候选,0x379,8,4,1,1,不一致,0.5150,6,246,-0.175500
1438,28.000,瞬时请求候选,0x379,8,4,4,1,1,0.6725,6,122,-0.025400
1439,28.000,瞬时请求候选,0x379,8,4,5,0,0,0.6600,6,123,-0.027750
1440,28.000,瞬时请求候选,0x379,8,4,6,0,0,0.6675,6,121,-0.025400
1441,28.000,瞬时请求候选,0x379,8,4,7,0,0,0.9200,6,120,0.172800
1442,28.000,瞬时请求候选,0x379,8,5,0,0,0,0.6600,6,123,-0.027750
1443,28.000,瞬时请求候选,0x379,8,5,1,0,0,0.6600,6,123,-0.027750
1444,28.000,瞬时请求候选,0x379,8,5,2,1,1,0.5925,6,122,-0.076050
1445,28.000,瞬时请求候选,0x379,8,5,3,1,不一致,0.5100,6,245,-0.127150
1446,28.000,瞬时请求候选,0x379,8,5,4,0,0,0.6600,6,123,-0.027750
1447,28.000,瞬时请求候选,0x379,8,5,5,0,0,0.6325,6,161,-0.076200
1448,28.000,瞬时请求候选,0x379,8,5,7,0,0,0.5800,6,243,-0.125450
1449,28.000,瞬时请求候选,0x379,8,6,0,1,1,0.6075,6,246,-0.127000
1450,28.000,瞬时请求候选,0x379,8,6,2,0,不一致,0.5325,6,245,-0.077750
1451,28.000,瞬时请求候选,0x379,8,6,3,0,0,0.7550,6,123,0.074500
1452,28.000,瞬时请求候选,0x379,8,6,4,0,0,0.8375,6,245,-0.125450
1453,28.000,瞬时请求候选,0x379,8,6,5,0,0,0.6600,6,123,-0.027750
1454,28.000,瞬时请求候选,0x379,8,7,0,0,0,0.7550,6,123,0.074500
1455,28.000,瞬时请求候选,0x379,8,7,1,0,0,0.6050,6,122,-0.076050
1456,28.000,瞬时请求候选,0x379,8,7,2,0,0,0.9200,6,120,0.172800
1457,28.000,瞬时请求候选,0x379,8,7,3,0,0,0.9175,6,125,0.274600
1458,28.000,瞬时请求候选,0x37A,8,1,0,1,1,0.6675,6,369,-0.113850
1459,28.000,瞬时请求候选,0x37A,8,1,2,1,1,0.7325,6,374,-0.113850
1460,28.000,瞬时请求候选,0x37A,8,1,3,1,1,0.7500,6,368,-0.113850
1461,28.000,瞬时请求候选,0x37A,8,1,5,0,0,0.7500,6,368,-0.113850
1462,28.000,瞬时请求候选,0x37A,8,1,6,0,0,0.7500,6,368,-0.113850
1463,28.000,瞬时请求候选,0x37A,8,1,7,0,0,0.7500,6,368,-0.113850
1464,28.000,瞬时请求候选,0x37A,8,2,0,0,0,0.7500,6,368,-0.113850
1465,28.000,瞬时请求候选,0x381,8,0,0,0,0,0.5176,6,1983,-0.229150
1466,28.000,瞬时请求候选,0x381,8,0,2,0,0,0.5527,6,458,-0.192900
1467,28.000,瞬时请求候选,0x381,8,0,3,0,0,0.5914,6,304,-0.166550
1468,28.000,瞬时请求候选,0x381,8,0,4,0,0,0.5931,6,154,0.070350
1469,28.000,瞬时请求候选,0x381,8,0,5,0,0,0.8074,6,767,-0.053250
1470,28.000,瞬时请求候选,0x381,8,0,6,0,0,0.7165,6,1157,-0.229150
1471,28.000,瞬时请求候选,0x381,8,0,7,0,0,0.7795,6,760,-0.157150
1472,28.000,瞬时请求候选,0x381,8,1,0,0,0,0.7795,6,615,-0.112500
1473,28.000,瞬时请求候选,0x381,8,1,1,0,0,0.5742,6,1074,-0.181750
1474,28.000,瞬时请求候选,0x381,8,1,2,0,0,0.9235,6,329,0.016500
1475,28.000,瞬时请求候选,0x381,8,1,3,0,0,0.9235,6,329,0.021500
1476,28.000,瞬时请求候选,0x381,8,1,4,0,0,0.6742,6,765,-0.157150
1477,28.000,瞬时请求候选,0x381,8,1,5,0,0,0.7453,6,771,-0.040100
1478,28.000,瞬时请求候选,0x381,8,1,6,0,0,0.7813,6,770,-0.104300
1479,28.000,瞬时请求候选,0x381,8,1,7,0,0,0.7039,6,913,-0.157150
1480,28.000,瞬时请求候选,0x381,8,2,0,0,0,0.6337,6,765,-0.145500
1481,28.000,瞬时请求候选,0x381,8,2,1,0,0,0.6724,6,766,-0.206150
1482,28.000,瞬时请求候选,0x381,8,2,2,0,0,0.7066,6,919,-0.181750
1483,28.000,瞬时请求候选,0x381,8,2,3,0,0,0.8533,6,615,-0.058600
1484,28.000,瞬时请求候选,0x381,8,2,4,0,0,0.7084,6,766,-0.206150
1485,28.000,瞬时请求候选,0x381,8,2,5,0,0,0.6697,6,1072,-0.206150
1486,28.000,瞬时请求候选,0x381,8,2,6,0,0,0.7075,6,1073,-0.145500
1487,28.000,瞬时请求候选,0x381,8,2,7,0,0,0.7813,6,612,-0.076100
1488,28.000,瞬时请求候选,0x381,8,3,0,0,0,0.6697,6,915,-0.151750
1489,28.000,瞬时请求候选,0x381,8,3,1,0,0,0.6310,6,1228,-0.214100
1490,28.000,瞬时请求候选,0x381,8,3,2,0,0,0.6337,6,1073,-0.229150
1491,28.000,瞬时请求候选,0x381,8,3,3,0,0,0.7786,6,764,-0.151750
1492,28.000,瞬时请求候选,0x381,8,3,4,0,0,0.5608,6,1072,-0.229150
1493,28.000,瞬时请求候选,0x381,8,3,5,0,0,0.7084,6,1071,-0.184300
1494,28.000,瞬时请求候选,0x381,8,3,6,0,0,0.6670,6,918,-0.166350
1495,28.000,瞬时请求候选,0x381,8,3,7,0,0,0.7021,6,918,-0.140500
1496,28.000,瞬时请求候选,0x381,8,4,0,0,0,0.6715,6,921,-0.130450
1497,28.000,瞬时请求候选,0x381,8,4,1,0,0,0.8173,6,617,0.018500
1498,28.000,瞬时请求候选,0x381,8,4,2,0,0,0.8884,6,462,-0.094450
1499,28.000,瞬时请求候选,0x381,8,4,3,0,0,0.7768,6,763,-0.181750
1500,28.000,瞬时请求候选,0x381,8,4,4,0,0,0.7777,6,764,-0.171700
1501,28.000,瞬时请求候选,0x381,8,4,5,0,0,0.8515,6,612,-0.171700
1502,28.000,瞬时请求候选,0x381,8,4,6,0,0,0.9253,6,308,-0.004500
1503,28.000,瞬时请求候选,0x381,8,4,7,0,0,0.8371,6,460,0.010100
1504,28.000,瞬时请求候选,0x381,8,5,0,0,0,0.8686,6,305,-0.032400
1505,28.000,瞬时请求候选,0x381,8,5,1,0,0,0.8533,6,608,-0.166300
1506,28.000,瞬时请求候选,0x381,8,5,2,0,0,0.6679,6,1219,-0.220350
1507,28.000,瞬时请求候选,0x381,8,5,3,0,0,0.8803,6,487,0.034400
1508,28.000,瞬时请求候选,0x381,8,5,4,0,0,0.7552,6,482,-0.102600
1509,28.000,瞬时请求候选,0x381,8,5,5,0,0,0.7876,6,800,-0.220350
1510,28.000,瞬时请求候选,0x381,8,5,6,0,0,0.7408,6,1083,-0.220350
1511,28.000,瞬时请求候选,0x381,8,5,7,0,0,0.8695,6,462,-0.022650
1512,28.000,瞬时请求候选,0x381,8,6,0,0,0,0.7804,6,616,-0.040100
1513,28.000,瞬时请求候选,0x381,8,6,1,0,0,0.7804,6,767,-0.076100
1514,28.000,瞬时请求候选,0x381,8,6,2,0,0,0.8155,6,608,-0.109500
1515,28.000,瞬时请求候选,0x381,8,6,3,0,0,0.7786,6,767,-0.178050
1516,28.000,瞬时请求候选,0x381,8,6,4,0,0,0.7795,6,615,-0.076100
1517,28.000,瞬时请求候选,0x381,8,6,5,0,0,0.8524,6,608,-0.109500
1518,28.000,瞬时请求候选,0x381,8,6,6,0,0,0.8164,6,610,-0.220350
1519,28.000,瞬时请求候选,0x381,8,6,7,0,0,0.8164,6,460,-0.104300
1520,28.000,瞬时请求候选,0x381,8,7,0,0,0,0.7768,6,766,-0.207400
1521,28.000,瞬时请求候选,0x381,8,7,1,0,0,0.7399,6,767,-0.229150
1522,28.000,瞬时请求候选,0x381,8,7,2,0,0,0.7021,6,766,-0.169400
1523,28.000,瞬时请求候选,0x381,8,7,3,0,0,0.7759,6,615,-0.195550
1524,28.000,瞬时请求候选,0x381,8,7,4,0,0,0.8524,6,461,0.018800
1525,28.000,瞬时请求候选,0x381,8,7,5,0,0,0.7759,6,615,-0.195550
1526,28.000,瞬时请求候选,0x381,8,7,6,0,0,0.8128,6,616,-0.169400
1527,28.000,瞬时请求候选,0x381,8,7,7,0,0,0.8884,6,308,0.118250
1528,28.000,瞬时请求候选,0x38A,8,0,0,1,1,0.6642,6,494,-0.197800
1529,28.000,瞬时请求候选,0x38A,8,0,1,0,0,0.6641,6,495,-0.196900
1530,28.000,瞬时请求候选,0x393,8,2,0,1,1,0.5450,6,674,-0.233350
1531,28.000,瞬时请求候选,0x39A,8,0,2,1,1,0.6350,6,500,-0.190850
1532,28.000,瞬时请求候选,0x39A,8,0,3,1,1,0.7350,6,384,-0.141100
1533,28.000,瞬时请求候选,0x39A,8,0,5,1,1,0.7300,6,394,-0.189900
1534,28.000,瞬时请求候选,0x39A,8,4,2,1,1,0.7200,6,411,0.108950
1535,28.000,瞬时请求候选,0x39A,8,4,3,1,1,0.6650,6,470,-0.190350
1536,28.000,瞬时请求候选,0x39A,8,4,4,1,1,0.8225,6,308,0.309150
1537,28.000,瞬时请求候选,0x39A,8,4,5,1,1,0.6075,6,588,-0.191550
1538,28.000,瞬时请求候选,0x39A,8,4,6,1,1,0.6075,6,591,-0.191550
1539,28.000,瞬时请求候选,0x39A,8,4,7,1,1,0.6075,6,602,-0.191550
1540,28.000,瞬时请求候选,0x39A,8,6,2,0,0,0.7350,6,385,-0.190850
1541,28.000,瞬时请求候选,0x3A1,8,3,1,1,1,0.7700,6,635,-0.190700
1542,28.000,瞬时请求候选,0x3A1,8,3,2,0,0,0.8063,6,591,-0.241700
1543,28.000,瞬时请求候选,0x3A1,8,3,3,1,1,0.7013,6,835,-0.192550
1544,28.000,瞬时请求候选,0x3A1,8,3,4,0,0,0.7037,6,902,-0.191700
1545,28.000,瞬时请求候选,0x3A1,8,3,5,0,0,0.5250,6,1379,-0.241550
1546,28.000,瞬时请求候选,0x3A1,8,7,1,0,0,0.7700,6,635,-0.190700
1547,28.000,瞬时请求候选,0x3A1,8,7,2,1,1,0.6863,6,794,-0.241550
1548,28.000,瞬时请求候选,0x3A1,8,7,3,1,1,0.7662,6,709,-0.191700
1549,28.000,瞬时请求候选,0x3A1,8,7,4,1,1,0.8187,6,547,-0.191300
1550,28.000,瞬时请求候选,0x3A1,8,7,5,不一致,不一致,0.5100,6,730,-0.240650
1551,28.000,瞬时请求候选,0x3A1,8,7,6,1,不一致,0.5250,6,390,-0.240650
1552,28.000,瞬时请求候选,0x3A1,8,7,7,不一致,不一致,0.5088,6,1284,-0.241100
1553,28.000,瞬时请求候选,0x3A2,8,0,0,0,0,0.6664,6,1498,-0.232100
1554,28.000,瞬时请求候选,0x3A2,8,0,1,0,0,0.6664,6,1495,-0.233300
1555,28.000,瞬时请求候选,0x3A2,8,0,5,不一致,1,0.6565,6,1498,-0.224800
1556,28.000,瞬时请求候选,0x3A2,8,0,7,1,1,0.6664,6,1498,-0.232100
1557,28.000,瞬时请求候选,0x3A2,8,1,0,1,1,0.6664,6,1498,-0.232100
1558,28.000,瞬时请求候选,0x3A2,8,1,1,0,0,0.6664,6,1495,-0.233300
1559,28.000,瞬时请求候选,0x3A2,8,1,2,1,1,0.6664,6,1498,-0.232100
1560,28.000,瞬时请求候选,0x3A2,8,1,4,0,0,0.6886,6,1384,-0.232100
1561,28.000,瞬时请求候选,0x3A2,8,1,5,0,0,0.6483,6,1496,-0.239000
1562,28.000,瞬时请求候选,0x3A2,8,1,6,0,0,0.9778,6,130,0.195600
1563,28.000,瞬时请求候选,0x3A2,8,1,7,0,0,0.6680,6,1495,-0.223150
1564,28.000,瞬时请求候选,0x3A2,8,2,1,0,0,0.6672,6,1497,-0.223150
1565,28.000,瞬时请求候选,0x3A2,8,2,4,0,0,0.6672,6,1497,-0.223150
1566,28.000,瞬时请求候选,0x3A2,8,2,5,1,1,0.6664,6,1495,-0.233300
1567,28.000,瞬时请求候选,0x3A2,8,2,6,0,0,0.6672,6,1497,-0.223150
1568,28.000,瞬时请求候选,0x3A2,8,2,7,0,0,0.8287,6,795,-0.222600
1569,28.000,瞬时请求候选,0x3A2,8,3,0,0,0,0.8443,6,677,-0.041100
1570,28.000,瞬时请求候选,0x3A2,8,3,1,0,0,0.8287,6,797,-0.222600
1571,28.000,瞬时请求候选,0x3A2,8,3,2,0,0,0.6862,6,1406,-0.223150
1572,28.000,瞬时请求候选,0x3A2,8,3,4,0,0,0.6672,6,1493,-0.223150
1573,28.000,瞬时请求候选,0x3A2,8,3,5,0,0,0.6672,6,1497,-0.223150
1574,28.000,瞬时请求候选,0x3A2,8,3,6,0,0,0.6672,6,1497,-0.223150
1575,28.000,瞬时请求候选,0x3A2,8,3,7,0,0,0.6672,6,1497,-0.223150
1576,28.000,瞬时请求候选,0x3A2,8,4,0,0,0,0.7356,6,1238,-0.232100
1577,28.000,瞬时请求候选,0x3A2,8,4,1,0,0,0.8386,6,754,-0.232100
1578,28.000,瞬时请求候选,0x3A2,8,4,2,0,不一致,0.5173,6,1495,-0.233300
1579,28.000,瞬时请求候选,0x3A2,8,4,3,0,0,0.8295,6,746,-0.018650
1580,28.000,瞬时请求候选,0x3A2,8,4,5,0,0,0.6664,6,1495,-0.233300
1581,28.000,瞬时请求候选,0x3A2,8,5,4,0,0,0.6664,6,1498,-0.232100
1582,28.000,瞬时请求候选,0x3A2,8,5,5,0,0,0.6664,6,1498,-0.232100
1583,28.000,瞬时请求候选,0x3A2,8,5,6,0,0,0.6664,6,1498,-0.232100
1584,28.000,瞬时请求候选,0x3A2,8,5,7,不一致,不一致,0.5379,6,1496,-0.233300
1585,28.000,瞬时请求候选,0x3A2,8,6,0,不一致,1,0.5379,6,1497,-0.232100
1586,28.000,瞬时请求候选,0x3A2,8,6,1,0,0,0.6664,6,1498,-0.232100
1587,28.000,瞬时请求候选,0x3A2,8,6,2,1,1,0.6664,6,1495,-0.233300
1588,28.000,瞬时请求候选,0x3A2,8,6,3,0,0,0.6664,6,1498,-0.232100
1589,28.000,瞬时请求候选,0x3A2,8,6,4,0,0,0.6664,6,1498,-0.232100
1590,28.000,瞬时请求候选,0x3A2,8,6,5,0,0,0.6664,6,1498,-0.232100
1591,28.000,瞬时请求候选,0x3A2,8,6,6,1,1,0.6664,6,1495,-0.233300
1592,28.000,瞬时请求候选,0x3A2,8,6,7,0,0,0.6664,6,1498,-0.232100
1593,28.000,瞬时请求候选,0x3A2,8,7,4,0,0,0.6672,6,1497,-0.223150
1594,28.000,瞬时请求候选,0x3A2,8,7,5,0,0,0.6672,6,1497,-0.223150
1595,28.000,瞬时请求候选,0x3A2,8,7,6,0,0,0.6672,6,1497,-0.223150
1596,28.000,瞬时请求候选,0x3A8,8,0,0,0,0,0.6000,6,296,-0.075950
1597,28.000,瞬时请求候选,0x3A8,8,0,1,0,0,0.6000,6,146,-0.075950
1598,28.000,瞬时请求候选,0x3A8,8,0,2,0,0,0.8000,6,151,0.324200
1599,28.000,瞬时请求候选,0x3A8,8,1,0,0,0,0.8000,6,150,0.524200
1600,28.000,瞬时请求候选,0x3A8,8,1,1,0,0,0.6000,6,145,-0.075950
1601,28.000,瞬时请求候选,0x3A8,8,1,2,0,0,0.8000,6,150,0.524200
1602,28.000,瞬时请求候选,0x3A8,8,1,3,0,0,0.8000,6,150,0.524200
1603,28.000,瞬时请求候选,0x3A8,8,1,4,0,0,0.8000,6,150,0.524200
1604,28.000,瞬时请求候选,0x3A8,8,1,5,0,0,0.6950,6,151,0.324750
1605,28.000,瞬时请求候选,0x3A8,8,1,6,0,0,0.6100,6,151,0.324200
1606,28.000,瞬时请求候选,0x3A8,8,1,7,0,0,0.7900,6,150,0.523500
1607,28.000,瞬时请求候选,0x3A8,8,2,0,0,0,0.8000,6,151,0.324200
1608,28.000,瞬时请求候选,0x3A8,8,2,1,0,0,0.8000,6,151,0.324200
1609,28.000,瞬时请求候选,0x3A8,8,2,3,0,0,0.8000,6,145,-0.075950
1610,28.000,瞬时请求候选,0x3A8,8,2,4,0,0,0.8000,6,145,-0.075950
1611,28.000,瞬时请求候选,0x3A8,8,3,0,0,0,0.7150,6,150,0.522850
1612,28.000,瞬时请求候选,0x3A8,8,3,1,0,0,0.7050,6,151,0.424450
1613,28.000,瞬时请求候选,0x3A8,8,3,2,0,0,0.6250,6,151,0.324750
1614,28.000,瞬时请求候选,0x3A8,8,3,3,0,0,0.6250,6,151,0.324750
1615,28.000,瞬时请求候选,0x3A8,8,3,4,0,0,0.6250,6,151,0.324750
1616,28.000,瞬时请求候选,0x3A8,8,3,5,0,0,0.6250,6,151,0.324750
1617,28.000,瞬时请求候选,0x3A8,8,3,6,0,0,0.6250,6,151,0.324750
1618,28.000,瞬时请求候选,0x3A8,8,5,0,0,0,0.8550,6,102,-0.075950
1619,28.000,瞬时请求候选,0x3A8,8,6,0,0,0,0.8000,6,145,-0.075950
1620,28.000,瞬时请求候选,0x3A8,8,6,1,0,0,0.8000,6,145,-0.075950
1621,28.000,瞬时请求候选,0x3A8,8,6,2,0,0,0.8000,6,145,-0.075950
1622,28.000,瞬时请求候选,0x3A8,8,6,3,0,0,0.8000,6,145,-0.075950
1623,28.000,瞬时请求候选,0x3A8,8,6,4,0,0,0.8000,6,145,-0.075950
1624,28.000,瞬时请求候选,0x3A8,8,6,5,0,0,0.8000,6,147,-0.075950
1625,28.000,瞬时请求候选,0x3A8,8,6,6,0,0,0.8000,6,145,-0.075950
1626,28.000,瞬时请求候选,0x3A8,8,6,7,0,0,0.8000,6,145,-0.075950
1627,28.000,瞬时请求候选,0x3AE,8,6,4,1,不一致,0.5024,6,1960,-0.222450
1628,28.000,瞬时请求候选,0x3AE,8,7,4,1,不一致,0.5024,6,1960,-0.222450
1629,28.000,瞬时请求候选,0x3B2,8,0,0,不一致,不一致,0.5174,6,220,-0.130700
1630,28.000,瞬时请求候选,0x3B2,8,0,1,不一致,1,0.5074,6,110,0.069050
1631,28.000,瞬时请求候选,0x3B2,8,1,2,0,不一致,0.6269,6,107,-0.130250
1632,28.000,瞬时请求候选,0x3B2,8,2,3,0,不一致,0.6272,6,106,-0.130250
1633,28.000,瞬时请求候选,0x3B2,8,3,0,不一致,0,0.6367,6,102,0.019900
1634,28.000,瞬时请求候选,0x3B2,8,3,3,0,0,0.6594,6,102,0.169800
1635,28.000,瞬时请求候选,0x3B2,8,6,0,0,0,0.5924,6,107,0.019900
1636,28.000,瞬时请求候选,0x3B2,8,6,1,0,不一致,0.6446,6,109,0.169950
1637,28.000,瞬时请求候选,0x3B2,8,6,7,0,0,0.7265,6,108,0.170100
1638,28.000,瞬时请求候选,0x3B2,8,7,2,0,0,0.6792,6,108,-0.130700
1639,28.000,瞬时请求候选,0x3B2,8,7,3,0,0,0.6892,6,105,-0.029200
1640,28.000,瞬时请求候选,0x3C0,8,0,0,0,0,0.5450,6,676,-0.157350
1641,28.000,瞬时请求候选,0x3C0,8,0,1,0,0,0.5500,6,405,-0.156700
1642,28.000,瞬时请求候选,0x3C0,8,0,2,0,0,0.6350,6,135,-0.006850
1643,28.000,瞬时请求候选,0x3C0,8,0,3,0,0,0.7275,6,135,0.141950
1644,28.000,瞬时请求候选,0x3C0,8,2,4,0,0,0.9100,6,134,0.293100
1645,28.000,瞬时请求候选,0x3C0,8,7,0,0,0,0.9100,6,135,0.243700
1646,28.000,瞬时请求候选,0x3C8,8,0,0,0,0,0.5714,6,638,-0.196700
1647,28.000,瞬时请求候选,0x3C8,8,0,1,0,0,0.5714,6,424,-0.148200
1648,28.000,瞬时请求候选,0x3DB,8,0,0,0,0,0.6250,6,107,-0.132050
1649,28.000,瞬时请求候选,0x3DB,8,0,1,1,1,0.6250,6,109,-0.133200
1650,28.000,瞬时请求候选,0x3E8,8,0,0,0,0,0.5725,6,637,-0.152600
1651,28.000,瞬时请求候选,0x3E8,8,0,1,0,0,0.5725,6,425,-0.104000
1652,28.000,瞬时请求候选,0x3F9,8,0,0,0,0,0.5575,6,660,-0.170600
1653,28.000,瞬时请求候选,0x3F9,8,0,1,0,0,0.5575,6,330,-0.120600
1654,28.000,瞬时请求候选,0x3F9,8,0,3,0,0,0.8875,6,167,0.279450
1655,28.000,瞬时请求候选,0x3FD,8,0,0,0,0,0.6667,6,301,0.021000
1656,28.000,瞬时请求候选,0x3FD,8,0,1,0,0,0.6667,6,296,-0.027750
1657,28.000,瞬时请求候选,0x3FD,8,2,1,0,0,0.6667,6,301,0.021000
1658,28.000,瞬时请求候选,0x3FD,8,3,2,0,0,0.6667,6,295,-0.027750
1659,28.000,瞬时请求候选,0x3FD,8,3,3,0,0,0.6667,6,295,-0.027750
1660,28.000,瞬时请求候选,0x3FD,8,3,4,0,0,0.6667,6,295,-0.027750
1661,28.000,瞬时请求候选,0x3FD,8,3,5,0,0,0.6667,6,295,-0.027750
1662,28.000,瞬时请求候选,0x3FD,8,4,5,0,0,0.6667,6,295,-0.027750
1663,28.000,瞬时请求候选,0x3FD,8,5,3,0,0,0.6667,6,301,0.021000
1664,28.000,瞬时请求候选,0x3FD,8,6,0,0,0,0.6667,6,295,-0.027750
1665,28.000,瞬时请求候选,0x3FD,8,6,1,0,0,0.6667,6,301,0.021000
1666,28.000,瞬时请求候选,0x3FD,8,6,4,0,0,0.6667,6,301,0.021000
1667,28.000,瞬时请求候选,0x3FD,8,7,4,0,0,0.6667,6,296,-0.027750
1668,28.000,瞬时请求候选,0x401,8,0,0,1,1,0.5000,6,2719,0.032750
1669,28.000,瞬时请求候选,0x401,8,0,1,1,1,0.5000,6,1359,0.032750
1670,28.000,瞬时请求候选,0x401,8,0,2,0,0,0.5556,6,604,0.111550
1671,28.000,瞬时请求候选,0x401,8,0,3,0,0,0.5556,6,302,0.191950
1672,28.000,瞬时请求候选,0x401,8,0,4,0,0,0.5556,6,151,0.351550
1673,28.000,瞬时请求候选,0x401,8,0,5,0,0,0.8889,6,150,0.032750
1674,28.000,瞬时请求候选,0x401,8,1,3,1,1,0.9722,6,150,0.032750
1675,28.000,瞬时请求候选,0x401,8,1,5,1,1,0.9722,6,150,0.032750
1676,28.000,瞬时请求候选,0x401,8,2,0,不一致,1,0.5444,6,1440,0.042550
1677,28.000,瞬时请求候选,0x401,8,2,1,0,0,0.5868,6,1410,0.062150
1678,28.000,瞬时请求候选,0x401,8,2,2,0,不一致,0.5444,6,1395,0.051600
1679,28.000,瞬时请求候选,0x401,8,2,3,1,1,0.5806,6,1091,0.051600
1680,28.000,瞬时请求候选,0x401,8,2,4,1,1,0.6861,6,1155,0.032750
1681,28.000,瞬时请求候选,0x401,8,2,5,0,0,0.9201,6,392,0.032750
1682,28.000,瞬时请求候选,0x401,8,4,0,不一致,不一致,0.5368,6,1434,0.042150
1683,28.000,瞬时请求候选,0x401,8,4,1,0,0,0.6042,6,1379,0.102050
1684,28.000,瞬时请求候选,0x401,8,4,2,不一致,不一致,0.5500,6,1491,0.102050
1685,28.000,瞬时请求候选,0x401,8,4,3,0,0,0.6160,6,1489,0.071900
1686,28.000,瞬时请求候选,0x401,8,4,4,1,1,0.8681,6,677,0.032750
1687,28.000,瞬时请求候选,0x401,8,4,5,0,0,0.9681,6,184,0.051600
1688,28.000,瞬时请求候选,0x401,8,4,7,1,1,0.9722,6,150,0.032750
1689,28.000,瞬时请求候选,0x401,8,5,7,1,1,0.9722,6,150,0.032750
1690,28.000,瞬时请求候选,0x401,8,6,0,0,0,0.5417,6,1408,0.033100
1691,28.000,瞬时请求候选,0x401,8,6,1,0,0,0.6000,6,1347,0.051600
1692,28.000,瞬时请求候选,0x401,8,6,2,0,0,0.5854,6,1308,0.111350
1693,28.000,瞬时请求候选,0x401,8,6,3,不一致,不一致,0.5111,6,1348,0.032750
1694,28.000,瞬时请求候选,0x401,8,6,4,1,1,0.6625,6,1247,0.032750
1695,28.000,瞬时请求候选,0x401,8,6,5,0,0,0.8736,6,674,0.071900
1696,28.000,瞬时请求候选,0x401,8,6,7,1,1,0.9722,6,150,0.032750
1697,28.000,瞬时请求候选,0x401,8,7,7,1,1,0.9722,6,150,0.032750
1698,28.000,瞬时请求候选,0x405,8,0,0,0,0,0.6625,6,197,-0.085800
1699,28.000,瞬时请求候选,0x405,8,0,1,0,0,0.6750,6,197,-0.086850
1700,28.000,瞬时请求候选,0x405,8,1,0,1,1,0.6625,6,198,0.038100
1701,28.000,瞬时请求候选,0x405,8,1,1,1,1,0.6625,6,198,0.038100
1702,28.000,瞬时请求候选,0x405,8,1,4,0,0,0.6625,6,197,-0.085800
1703,28.000,瞬时请求候选,0x405,8,1,5,0,0,0.6625,6,197,-0.085800
1704,28.000,瞬时请求候选,0x405,8,1,6,0,0,0.6750,6,197,-0.086850
1705,28.000,瞬时请求候选,0x405,8,2,0,0,0,0.6625,6,197,-0.085800
1706,28.000,瞬时请求候选,0x405,8,2,1,0,0,0.6750,6,197,-0.086850
1707,28.000,瞬时请求候选,0x405,8,2,2,0,0,0.6625,6,197,-0.085800
1708,28.000,瞬时请求候选,0x405,8,2,4,0,0,0.6750,6,197,-0.086850
1709,28.000,瞬时请求候选,0x405,8,2,5,0,0,0.6750,6,197,-0.086850
1710,28.000,瞬时请求候选,0x405,8,2,6,0,0,0.6625,6,197,-0.085800
1711,28.000,瞬时请求候选,0x405,8,3,0,1,1,0.6625,6,198,0.038100
1712,28.000,瞬时请求候选,0x405,8,3,1,0,0,0.6625,6,197,-0.085800
1713,28.000,瞬时请求候选,0x405,8,3,2,1,1,0.6625,6,198,0.038100
1714,28.000,瞬时请求候选,0x405,8,3,4,1,1,0.6625,6,198,0.038100
1715,28.000,瞬时请求候选,0x405,8,3,5,1,1,0.6625,6,198,0.038100
1716,28.000,瞬时请求候选,0x405,8,4,1,1,1,0.6625,6,198,0.038100
1717,28.000,瞬时请求候选,0x405,8,4,2,1,1,0.6625,6,198,0.038100
1718,28.000,瞬时请求候选,0x405,8,4,4,0,0,0.6750,6,197,-0.086850
1719,28.000,瞬时请求候选,0x405,8,4,5,0,0,0.6750,6,197,-0.086850
1720,28.000,瞬时请求候选,0x405,8,4,6,0,0,0.6625,6,197,-0.085800
1721,28.000,瞬时请求候选,0x405,8,5,0,0,0,0.6625,6,197,-0.085800
1722,28.000,瞬时请求候选,0x405,8,5,2,0,0,0.6625,6,198,0.038100
1723,28.000,瞬时请求候选,0x405,8,5,3,1,1,0.6625,6,197,-0.085800
1724,28.000,瞬时请求候选,0x405,8,5,4,0,0,0.6750,6,197,-0.086850
1725,28.000,瞬时请求候选,0x405,8,5,5,0,0,0.6750,6,197,-0.086850
1726,28.000,瞬时请求候选,0x405,8,5,6,1,1,0.6750,6,197,-0.086850
1727,28.000,瞬时请求候选,0x405,8,6,0,0,0,0.6625,6,197,-0.085800
1728,28.000,瞬时请求候选,0x405,8,6,1,1,1,0.6625,6,197,-0.085800
1729,28.000,瞬时请求候选,0x405,8,6,2,0,0,0.6625,6,197,-0.085800
1730,28.000,瞬时请求候选,0x405,8,6,5,1,1,0.6625,6,198,0.038100
1731,28.000,瞬时请求候选,0x405,8,6,6,0,0,0.6625,6,198,0.038100
1732,28.000,瞬时请求候选,0x405,8,7,1,1,1,0.6625,6,197,-0.085800
1733,28.000,瞬时请求候选,0x405,8,7,2,1,1,0.6750,6,197,-0.086850
1734,28.000,瞬时请求候选,0x405,8,7,3,0,0,0.6625,6,197,-0.085800
1735,28.000,瞬时请求候选,0x405,8,7,4,1,1,0.6625,6,197,-0.085800
1736,28.000,瞬时请求候选,0x405,8,7,5,0,0,0.6750,6,197,-0.086850
1737,28.000,瞬时请求候选,0x405,8,7,6,1,1,0.6750,6,197,-0.086850
1738,28.000,瞬时请求候选,0x414,8,0,0,0,0,0.6625,6,197,-0.085800
1739,28.000,瞬时请求候选,0x414,8,0,1,0,0,0.6750,6,197,-0.086900
1740,28.000,瞬时请求候选,0x414,8,1,5,1,1,0.6625,6,198,0.037150
1741,28.000,瞬时请求候选,0x414,8,2,5,1,1,0.6625,6,198,0.037150
1742,28.000,瞬时请求候选,0x414,8,3,5,1,1,0.6625,6,198,0.037150
1743,28.000,瞬时请求候选,0x414,8,4,5,1,1,0.6625,6,198,0.037150
1744,28.000,瞬时请求候选,0x441,8,0,1,0,0,0.9525,6,131,0.374500
1745,28.000,瞬时请求候选,0x441,8,0,2,不一致,0,0.5437,6,1369,-0.225550
1746,28.000,瞬时请求候选,0x441,8,7,2,不一致,0,0.5075,6,1468,-0.225550
1747,28.000,瞬时请求候选,0x441,8,7,5,1,1,0.5000,6,1299,-0.225150
1748,28.000,瞬时请求候选,0x441,8,7,6,0,0,0.7500,6,739,-0.224700
1749,28.000,瞬时请求候选,0x441,8,7,7,0,0,0.6875,6,928,-0.175700
1750,28.000,瞬时请求候选,0x4E2,8,0,4,0,0,0.8750,6,184,0.093450
1751,28.000,瞬时请求候选,0x4E2,8,0,5,0,0,0.8750,6,184,0.193500
1752,28.000,瞬时请求候选,0x4E2,8,0,6,0,0,0.8750,6,184,0.094450
1753,28.000,瞬时请求候选,0x4E2,8,1,0,0,0,0.6250,6,554,-0.205350
1754,28.000,瞬时请求候选,0x4E2,8,1,1,0,0,0.7150,6,368,-0.106550
1755,28.000,瞬时请求候选,0x4E2,8,1,2,0,0,0.8300,6,256,-0.105000
1756,28.000,瞬时请求候选,0x4E2,8,1,3,1,1,0.6700,6,186,0.094450
1757,28.000,瞬时请求候选,0x4E2,8,1,4,0,0,0.7950,6,297,-0.105950
1758,28.000,瞬时请求候选,0x4E2,8,1,5,0,0,0.8750,6,184,-0.005450
1759,28.000,瞬时请求候选,0x4E2,8,1,6,0,0,0.7500,6,370,-0.205350
1760,28.000,瞬时请求候选,0x4E2,8,1,7,0,0,0.8750,6,184,-0.105550
1761,28.000,瞬时请求候选,0x4E2,8,2,0,0,0,0.8750,6,184,-0.005450
1762,28.000,瞬时请求候选,0x4E2,8,2,1,0,0,0.6250,6,366,-0.204400
1763,28.000,瞬时请求候选,0x4E2,8,2,2,0,0,0.6250,6,370,-0.106050
1764,28.000,瞬时请求候选,0x4E2,8,2,5,0,0,0.8750,6,184,0.094450
1765,28.000,瞬时请求候选,0x4E2,8,2,6,0,0,0.7500,6,185,-0.005500
1766,28.000,瞬时请求候选,0x4E2,8,3,0,0,0,0.6950,6,254,-0.205350
1767,28.000,瞬时请求候选,0x4E2,8,3,6,0,0,0.8500,6,223,-0.104900
1768,28.000,瞬时请求候选,0x4E2,8,4,0,0,0,0.8100,6,221,-0.104900
1769,28.000,瞬时请求候选,0x4E2,8,4,1,0,0,0.8100,6,221,-0.104900
1770,28.000,瞬时请求候选,0x4E2,8,4,2,0,0,0.8900,6,152,0.044550
1771,28.000,瞬时请求候选,0x4E2,8,5,3,0,0,0.8750,6,184,0.094450
1772,28.000,瞬时请求候选,0x4E2,8,5,4,0,0,0.8750,6,185,-0.005500
1773,28.000,瞬时请求候选,0x4E2,8,5,6,0,0,0.8750,6,185,-0.005500
1774,28.000,瞬时请求候选,0x4E2,8,6,7,0,0,0.6250,6,368,-0.205950
1775,28.000,瞬时请求候选,0x4E2,8,7,0,0,0,0.7500,6,368,-0.204400
1776,28.000,瞬时请求候选,0x4E2,8,7,2,0,0,0.6250,6,368,-0.205950
1777,28.000,瞬时请求候选,0x4E2,8,7,3,0,0,0.7500,6,370,-0.205350
1778,28.000,瞬时请求候选,0x4E2,8,7,4,0,0,0.8750,6,184,0.193500
1779,28.000,瞬时请求候选,0x4E2,8,7,5,0,0,0.7500,6,186,-0.104400
1780,28.000,瞬时请求候选,0x4E3,8,0,3,0,0,0.8750,6,184,0.079400
1781,28.000,瞬时请求候选,0x4E3,8,0,5,0,0,0.8750,6,184,0.178500
1782,28.000,瞬时请求候选,0x4E3,8,0,6,0,0,0.8750,6,184,0.079400
1783,28.000,瞬时请求候选,0x4E3,8,0,7,0,0,0.8750,6,184,0.079400
1784,28.000,瞬时请求候选,0x4E3,8,1,0,0,0,0.7500,6,370,-0.220650
1785,28.000,瞬时请求候选,0x4E3,8,1,1,0,0,0.6250,6,184,-0.120800
1786,28.000,瞬时请求候选,0x4E3,8,1,2,0,0,0.6250,6,552,-0.219700
1787,28.000,瞬时请求候选,0x4E3,8,1,3,0,0,0.7500,6,184,-0.220650
1788,28.000,瞬时请求候选,0x4E3,8,1,4,0,0,0.7500,6,184,-0.220650
1789,28.000,瞬时请求候选,0x4E3,8,1,5,0,0,0.7500,6,186,-0.119450
1790,28.000,瞬时请求候选,0x4E3,8,1,6,0,0,0.6250,6,186,-0.120750
1791,28.000,瞬时请求候选,0x4E3,8,1,7,0,0,0.8750,6,184,-0.120750
1792,28.000,瞬时请求候选,0x4E3,8,2,0,0,0,0.7500,6,368,-0.121400
1793,28.000,瞬时请求候选,0x4E3,8,2,1,0,0,0.6250,6,366,-0.219700
1794,28.000,瞬时请求候选,0x4E3,8,2,2,0,0,0.8750,6,184,-0.120750
1795,28.000,瞬时请求候选,0x4E3,8,2,3,0,0,0.8750,6,184,0.079400
1796,28.000,瞬时请求候选,0x4E3,8,2,5,0,0,0.8750,6,184,0.079400
1797,28.000,瞬时请求候选,0x4E3,8,2,6,0,0,0.8750,6,184,0.079400
1798,28.000,瞬时请求候选,0x4E3,8,3,0,0,0,0.7825,6,319,-0.171450
1799,28.000,瞬时请求候选,0x4E3,8,3,4,0,0,0.8200,6,260,-0.119900
1800,28.000,瞬时请求候选,0x4E3,8,3,6,0,0,0.8200,6,260,-0.119900
1801,28.000,瞬时请求候选,0x4E3,8,5,1,0,0,0.8750,6,184,0.079400
1802,28.000,瞬时请求候选,0x4E3,8,5,3,0,0,0.8750,6,184,0.079400
1803,28.000,瞬时请求候选,0x4E3,8,6,7,0,0,0.6250,6,368,-0.221200
1804,28.000,瞬时请求候选,0x4E3,8,7,0,0,0,0.6250,6,184,-0.120800
1805,28.000,瞬时请求候选,0x4E3,8,7,1,0,0,0.7500,6,368,-0.219700
1806,28.000,瞬时请求候选,0x4E3,8,7,2,0,0,0.7500,6,370,-0.220150
1807,28.000,瞬时请求候选,0x4E3,8,7,3,0,0,0.6250,6,368,-0.221200
1808,28.000,瞬时请求候选,0x4E3,8,7,4,0,0,0.8750,6,184,0.178500
1809,28.000,瞬时请求候选,0x4E3,8,7,5,0,0,0.8750,6,184,-0.120750
1810,28.000,瞬时请求候选,0x545,8,0,0,0,0,0.6664,6,1498,-0.230000
1811,28.000,瞬时请求候选,0x545,8,0,1,0,0,0.6664,6,1495,-0.230450
1812,28.000,瞬时请求候选,0x545,8,0,4,0,0,0.7199,6,1240,-0.221100
1813,28.000,瞬时请求候选,0x545,8,0,5,0,0,0.7191,6,1243,-0.221100
1814,28.000,瞬时请求候选,0x545,8,0,6,0,0,0.6722,6,1467,-0.221100
1815,28.000,瞬时请求候选,0x545,8,0,7,0,0,0.7232,6,1227,-0.221100
1816,28.000,瞬时请求候选,0x545,8,1,0,0,0,0.9440,6,274,0.159250
1817,28.000,瞬时请求候选,0x545,8,2,0,0,0,0.6969,6,1062,-0.189800
1818,28.000,瞬时请求候选,0x545,8,2,1,1,不一致,0.5403,6,1490,-0.230000
1819,28.000,瞬时请求候选,0x545,8,2,2,0,0,0.5849,6,1392,-0.236900
1820,28.000,瞬时请求候选,0x545,8,2,3,0,0,0.6854,6,1428,-0.230450
1821,28.000,瞬时请求候选,0x545,8,2,5,0,0,0.6672,6,1497,-0.221100
1822,28.000,瞬时请求候选,0x545,8,3,4,0,0,0.8410,6,682,-0.123550
1823,28.000,瞬时请求候选,0x545,8,3,5,0,0,0.7652,6,1085,-0.198450
1824,28.000,瞬时请求候选,0x545,8,3,6,0,0,0.9209,6,370,-0.124150
1825,28.000,瞬时请求候选,0x545,8,3,7,0,0,0.7315,6,1182,-0.221100
1826,28.000,瞬时请求候选,0x545,8,4,1,0,0,0.6672,6,1497,-0.221100
1827,28.000,瞬时请求候选,0x545,8,4,2,0,0,0.6672,6,1497,-0.221100
1828,28.000,瞬时请求候选,0x545,8,4,3,0,0,0.6672,6,1497,-0.221100
1829,28.000,瞬时请求候选,0x545,8,4,4,0,0,0.6672,6,1497,-0.221100
1830,28.000,瞬时请求候选,0x545,8,4,7,0,0,0.6672,6,1497,-0.221100
1831,28.000,瞬时请求候选,0x545,8,5,0,0,0,0.7883,6,979,-0.198450
1832,28.000,瞬时请求候选,0x545,8,5,1,0,0,0.8830,6,558,-0.064150
1833,28.000,瞬时请求候选,0x545,8,5,2,0,0,0.7677,6,1043,-0.221100
1834,28.000,瞬时请求候选,0x545,8,5,3,0,0,0.7290,6,1205,-0.221100
1835,28.000,瞬时请求候选,0x545,8,5,4,1,1,0.6071,6,1497,-0.230450
1836,28.000,瞬时请求候选,0x545,8,5,5,0,0,0.9407,6,284,0.010900
1837,28.000,瞬时请求候选,0x545,8,5,6,0,0,0.6672,6,1497,-0.221100
1838,28.000,瞬时请求候选,0x545,8,5,7,0,0,0.6672,6,1497,-0.221100
1839,28.000,瞬时请求候选,0x545,8,6,0,0,0,0.6672,6,1497,-0.221100
1840,28.000,瞬时请求候选,0x545,8,6,3,0,0,0.6672,6,1497,-0.221100
1841,28.000,瞬时请求候选,0x545,8,7,0,1,1,0.6532,6,1166,-0.230000
1842,28.000,瞬时请求候选,0x545,8,7,1,1,1,0.6721,6,1144,-0.223000
1843,28.000,瞬时请求候选,0x545,8,7,2,0,0,0.7661,6,829,0.048850
1844,28.000,瞬时请求候选,0x545,8,7,3,1,1,0.7241,6,1117,-0.221100
1845,28.000,瞬时请求候选,0x545,8,7,4,1,不一致,0.5165,6,1365,-0.230000
1846,28.000,瞬时请求候选,0x545,8,7,5,不一致,1,0.5115,6,1125,-0.189350
1847,28.000,瞬时请求候选,0x545,8,7,6,不一致,1,0.5165,6,998,-0.202800
1848,28.000,瞬时请求候选,0x545,8,7,7,不一致,不一致,0.5181,6,755,-0.123750
1849,28.000,瞬时请求候选,0x55A,8,0,1,0,0,0.7500,6,145,-0.087600
1850,28.000,瞬时请求候选,0x677,8,0,0,0,0,0.6000,6,1482,-0.213300
1851,28.000,瞬时请求候选,0x677,8,0,1,0,0,0.6000,6,743,-0.173150
1852,28.000,瞬时请求候选,0x677,8,0,2,0,0,0.8000,6,743,-0.173150
1853,28.000,瞬时请求候选,0x709,8,0,0,不一致,不一致,0.5157,6,229,-0.040600
1854,28.000,瞬时请求候选,0x709,8,1,4,0,0,0.6252,6,114,0.263150
1855,28.000,瞬时请求候选,0x709,8,3,4,0,0,0.8434,5,60,0.548900
1856,28.000,瞬时请求候选,0x712,8,0,0,1,1,0.5000,6,452,0.169900
1857,28.000,瞬时请求候选,0x712,8,0,1,0,0,0.6667,6,151,0.369550
1858,28.000,瞬时请求候选,0x712,8,0,2,0,0,0.6667,6,150,0.169900
1859,28.000,瞬时请求候选,0x712,8,1,1,1,1,0.6667,6,150,0.169900
1860,28.000,瞬时请求候选,0x712,8,1,3,1,1,0.6667,6,150,0.169900
1861,28.000,瞬时请求候选,0x712,8,1,5,1,1,0.6667,6,150,0.169900
1862,28.000,瞬时请求候选,0x712,8,2,0,0,0,0.6458,6,191,0.219900
1863,28.000,瞬时请求候选,0x712,8,2,1,0,0,0.6417,6,173,0.169900
1864,28.000,瞬时请求候选,0x712,8,2,2,0,0,0.6333,6,183,0.268850
1865,28.000,瞬时请求候选,0x712,8,2,3,1,1,0.6167,6,166,0.170550
1866,28.000,瞬时请求候选,0x712,8,2,4,1,1,0.6458,6,163,0.169900
1867,28.000,瞬时请求候选,0x712,8,2,6,1,1,0.6667,6,150,0.169900
1868,28.000,瞬时请求候选,0x712,8,3,0,1,1,0.6667,6,150,0.169900
1869,28.000,瞬时请求候选,0x712,8,3,1,1,1,0.6667,6,150,0.169900
1870,28.000,瞬时请求候选,0x712,8,3,3,1,1,0.6667,6,150,0.169900
1871,28.000,瞬时请求候选,0x712,8,4,0,0,0,0.6542,6,189,0.219850
1872,28.000,瞬时请求候选,0x712,8,4,1,0,0,0.6417,6,204,0.220350
1873,28.000,瞬时请求候选,0x712,8,4,2,0,0,0.7583,6,176,0.169900
1874,28.000,瞬时请求候选,0x712,8,4,3,0,0,0.6750,6,210,0.171150
1875,28.000,瞬时请求候选,0x712,8,4,4,不一致,1,0.5583,6,222,0.169900
1876,28.000,瞬时请求候选,0x712,8,4,5,0,0,0.7917,6,171,0.369550
1877,28.000,瞬时请求候选,0x712,8,4,6,1,1,0.6667,6,150,0.169900
1878,28.000,瞬时请求候选,0x712,8,5,0,1,1,0.6667,6,150,0.169900
1879,28.000,瞬时请求候选,0x712,8,5,1,1,1,0.6667,6,150,0.169900
1880,28.000,瞬时请求候选,0x712,8,5,3,1,1,0.6667,6,150,0.169900
1881,28.000,瞬时请求候选,0x712,8,6,0,0,0,0.6833,6,179,0.219800
1882,28.000,瞬时请求候选,0x712,8,6,1,0,0,0.5917,6,196,0.269050
1883,28.000,瞬时请求候选,0x712,8,6,2,0,1,0.5792,6,261,0.170550
1884,28.000,瞬时请求候选,0x712,8,6,4,0,0,0.6708,6,151,0.369550
1885,28.000,瞬时请求候选,0x712,8,6,5,1,1,0.5000,6,301,0.169900
1886,28.000,瞬时请求候选,0x712,8,6,6,1,1,0.6667,6,150,0.169900
1887,28.000,瞬时请求候选,0x712,8,7,0,1,1,0.6667,6,150,0.169900
1888,28.000,瞬时请求候选,0x712,8,7,1,1,1,0.6667,6,150,0.169900
1889,28.000,瞬时请求候选,0x712,8,7,3,1,1,0.6667,6,150,0.169900
1890,28.000,瞬时请求候选,0x718,7,0,0,0,0,0.6000,6,296,-0.172950
1891,28.000,瞬时请求候选,0x718,7,0,1,0,0,0.6000,6,150,0.027500
1892,28.000,瞬时请求候选,0x718,7,0,2,0,0,0.8000,6,150,0.427300
1893,28.000,瞬时请求候选,0x719,8,0,0,1,1,0.5463,6,1080,-0.207200
1894,28.000,瞬时请求候选,0x719,8,0,1,0,0,0.5475,6,808,-0.231250
1895,28.000,瞬时请求候选,0x719,8,0,2,1,1,0.6375,6,541,-0.158000
1896,28.000,瞬时请求候选,0x719,8,0,3,0,0,0.7263,6,270,-0.107350
1897,28.000,瞬时请求候选,0x719,8,0,4,0,0,0.5450,6,540,-0.131800
1898,28.000,瞬时请求候选,0x719,8,0,5,0,0,0.7863,6,448,-0.208850
1899,28.000,瞬时请求候选,0x719,8,0,6,0,0,0.9100,6,268,-0.158850
1900,28.000,瞬时请求候选,0x719,8,0,7,0,0,0.9100,6,268,-0.158850
1901,28.000,瞬时请求候选,0x719,8,1,0,0,0,0.7300,6,809,-0.233150
1902,28.000,瞬时请求候选,0x719,8,1,1,0,0,0.7275,6,808,-0.208250
1903,28.000,瞬时请求候选,0x719,8,1,3,0,0,0.9100,6,269,-0.008100
1904,28.000,瞬时请求候选,0x719,8,1,4,0,0,0.8187,6,536,-0.231250
1905,28.000,瞬时请求候选,0x719,8,1,5,0,0,0.8187,6,536,-0.231250
1906,28.000,瞬时请求候选,0x719,8,1,6,0,0,0.8187,6,536,-0.231250
1907,28.000,瞬时请求候选,0x719,8,2,0,0,0,0.8475,6,267,-0.108800
1908,28.000,瞬时请求候选,0x719,8,2,1,0,0,0.7362,6,288,-0.133050
1909,28.000,瞬时请求候选,0x719,8,2,2,0,0,0.7288,6,538,-0.208850
1910,28.000,瞬时请求候选,0x719,8,2,3,0,0,0.9088,6,267,-0.108950
1911,28.000,瞬时请求候选,0x719,8,2,4,0,0,0.9100,6,272,0.091650
1912,28.000,瞬时请求候选,0x719,8,2,5,0,0,0.9100,6,268,-0.158850
1913,28.000,瞬时请求候选,0x719,8,2,6,0,0,0.8187,6,537,-0.232400
1914,28.000,瞬时请求候选,0x719,8,3,0,0,0,0.9100,6,269,-0.008100
1915,28.000,瞬时请求候选,0x719,8,3,1,0,0,0.8200,6,541,-0.008100
1916,28.000,瞬时请求候选,0x719,8,3,2,0,0,0.9100,6,269,-0.008100
1917,28.000,瞬时请求候选,0x719,8,3,3,0,0,0.9100,6,269,-0.008100
1918,28.000,瞬时请求候选,0x719,8,3,4,0,0,0.9100,6,269,-0.008100
1919,28.000,瞬时请求候选,0x719,8,3,5,0,0,0.9100,6,269,-0.008100
1920,28.000,瞬时请求候选,0x719,8,3,6,0,0,0.9100,6,269,-0.008100
1921,28.000,瞬时请求候选,0x719,8,3,7,0,0,0.9100,6,269,-0.008100
1922,28.000,瞬时请求候选,0x719,8,4,0,0,0,0.9100,6,269,-0.008100
1923,28.000,瞬时请求候选,0x719,8,4,1,0,0,0.9100,6,269,-0.008100
1924,28.000,瞬时请求候选,0x719,8,4,2,0,0,0.8200,6,541,-0.008100
1925,28.000,瞬时请求候选,0x719,8,4,3,0,0,0.9100,6,269,-0.008100
1926,28.000,瞬时请求候选,0x719,8,4,4,0,0,0.7288,6,808,-0.231250
1927,28.000,瞬时请求候选,0x719,8,4,5,0,0,0.9100,6,269,-0.008100
1928,28.000,瞬时请求候选,0x719,8,4,6,0,0,0.8187,6,536,-0.231250
1929,28.000,瞬时请求候选,0x719,8,4,7,0,0,0.9100,6,269,-0.008100
1930,28.000,瞬时请求候选,0x719,8,5,0,0,0,0.8025,6,586,-0.231250
1931,28.000,瞬时请求候选,0x719,8,5,1,0,0,0.8200,6,538,-0.208850
1932,28.000,瞬时请求候选,0x719,8,5,2,0,0,0.9100,6,272,0.091650
1933,28.000,瞬时请求候选,0x719,8,5,5,0,0,0.8200,6,540,-0.208850
1934,28.000,瞬时请求候选,0x719,8,5,6,0,0,0.9100,6,268,-0.158850
1935,28.000,瞬时请求候选,0x719,8,6,0,0,0,0.8175,6,542,-0.081700
1936,28.000,瞬时请求候选,0x719,8,6,2,0,0,0.8175,6,542,-0.081700
1937,28.000,瞬时请求候选,0x719,8,6,3,0,0,0.9075,6,270,-0.008200
1938,28.000,瞬时请求候选,0x719,8,6,4,0,0,0.9075,6,270,-0.008200
1939,28.000,瞬时请求候选,0x719,8,6,5,0,0,0.8175,6,542,-0.081700
1940,28.000,瞬时请求候选,0x719,8,6,6,0,0,0.9088,6,267,-0.108950
1941,28.000,瞬时请求候选,0x719,8,6,7,0,0,0.9075,6,270,-0.008200
1942,28.000,瞬时请求候选,0x719,8,7,2,0,0,0.9100,6,268,-0.158850
1943,28.000,瞬时请求候选,0x719,8,7,4,0,0,0.9100,6,268,-0.158850
1944,28.000,瞬时请求候选,0x75D,8,0,0,0,0,0.5650,6,313,-0.222200
1945,28.000,瞬时请求候选,0x75D,8,0,1,0,0,0.5700,6,209,-0.221600
1946,28.000,瞬时请求候选,0x75D,8,0,4,0,0,0.7850,6,160,-0.023400
1947,28.000,瞬时请求候选,0x75D,8,0,6,0,0,0.7800,6,157,-0.121000
1948,28.000,瞬时请求候选,0x75D,8,1,0,0,0,0.8150,6,133,0.977600
1949,28.000,瞬时请求候选,0x75D,8,1,1,0,0,0.8500,6,101,0.779900
1950,28.000,瞬时请求候选,0x75D,8,1,2,0,0,0.8300,6,129,0.078900
1951,28.000,瞬时请求候选,0x75D,8,1,3,0,0,0.8700,6,110,0.175150
1952,28.000,瞬时请求候选,0x75D,8,1,4,0,0,0.8300,6,111,0.177150
1953,28.000,瞬时请求候选,0x75D,8,1,7,0,0,0.7350,6,201,-0.121000
1954,28.000,瞬时请求候选,0x75D,8,2,1,0,0,0.8600,6,105,0.377550
1955,28.000,瞬时请求候选,0x75D,8,2,2,0,0,0.8550,6,106,0.176500
1956,28.000,瞬时请求候选,0x75D,8,2,3,0,0,0.8550,6,106,0.176500
1957,28.000,瞬时请求候选,0x75D,8,2,5,0,0,0.8550,6,106,0.176500
1958,28.000,瞬时请求候选,0x75D,8,2,7,0,0,0.5650,6,210,-0.222200
1959,28.000,瞬时请求候选,0x75D,8,3,0,0,0,0.7850,6,159,0.177150
1960,28.000,瞬时请求候选,0x75D,8,3,1,0,0,0.7750,6,167,-0.121000
1961,28.000,瞬时请求候选,0x75D,8,3,2,0,0,0.7850,6,161,0.377550
1962,28.000,瞬时请求候选,0x75D,8,3,4,0,0,0.7700,6,169,0.177150
1963,28.000,瞬时请求候选,0x75D,8,5,4,0,0,0.8650,6,100,0.176500
1964,28.000,瞬时请求候选,0x75D,8,5,6,0,0,0.8550,6,106,0.176500
1965,28.000,瞬时请求候选,0x75D,8,5,7,0,0,0.8550,6,106,0.176500
1966,28.000,瞬时请求候选,0x75D,8,6,2,0,0,0.8550,6,106,0.176500
1967,28.000,瞬时请求候选,0x75D,8,6,3,0,0,0.8600,6,103,0.179250
1968,28.000,瞬时请求候选,0x75D,8,6,4,0,0,0.8550,6,106,0.176500
1969,28.000,瞬时请求候选,0x75D,8,6,5,0,0,0.7100,6,105,0.078850
1970,28.000,瞬时请求候选,0x75D,8,6,7,0,0,0.7200,6,205,-0.123000
1971,28.000,瞬时请求候选,0x75D,8,7,0,0,0,0.8600,6,102,0.176500
1972,28.000,瞬时请求候选,0x75D,8,7,1,0,0,0.8500,6,105,-0.020600
1973,28.000,瞬时请求候选,0x75D,8,7,2,0,0,0.8600,6,103,0.179250
1974,28.000,瞬时请求候选,0x75D,8,7,5,0,0,0.8550,6,105,-0.020600
1975,28.000,瞬时请求候选,0x75D,8,7,6,0,0,0.8550,6,106,0.176500
1976,28.000,瞬时请求候选,0x75D,8,7,7,0,0,0.8550,6,105,-0.020600
1977,28.000,瞬时请求候选,0x77A,8,1,1,1,1,0.6250,6,114,0.284450
1978,28.000,瞬时请求候选,0x77A,8,1,3,不一致,1,0.5125,6,144,0.034800
1979,28.000,瞬时请求候选,0x77A,8,1,5,0,不一致,0.6375,6,108,0.284450
1980,28.000,瞬时请求候选,0x77A,8,2,2,1,1,0.6250,6,114,0.284450
1981,28.000,瞬时请求候选,0x788,8,0,0,0,0,0.6650,6,495,-0.184700
1982,28.000,瞬时请求候选,0x788,8,0,1,0,0,0.6650,6,494,-0.185850
1983,28.000,瞬时请求候选,0x788,8,0,2,0,0,0.6700,6,491,-0.136600
1984,28.000,瞬时请求候选,0x788,8,0,4,0,0,0.6700,6,495,-0.136600
1985,28.000,瞬时请求候选,0x788,8,0,5,0,0,0.6700,6,497,-0.136600
1986,28.000,瞬时请求候选,0x788,8,0,6,0,0,0.6700,6,497,-0.136600
1987,28.000,瞬时请求候选,0x788,8,0,7,0,0,0.6700,6,497,-0.136600
1988,28.000,瞬时请求候选,0x788,8,1,2,0,0,0.6700,6,497,-0.136600
1989,28.000,瞬时请求候选,0x788,8,1,4,0,0,0.6700,6,497,-0.136600
1990,28.000,瞬时请求候选,0x788,8,1,6,1,1,0.6650,6,495,-0.184700
1991,28.000,瞬时请求候选,0x788,8,1,7,0,0,0.6700,6,497,-0.136600
1992,28.000,瞬时请求候选,0x788,8,2,0,不一致,不一致,0.5200,6,496,-0.137200
1993,28.000,瞬时请求候选,0x788,8,2,1,0,0,0.8625,6,210,0.312600
1994,28.000,瞬时请求候选,0x788,8,2,2,0,0,0.8825,6,162,0.262600
1995,28.000,瞬时请求候选,0x788,8,2,3,0,0,0.6775,6,478,-0.185850
1996,28.000,瞬时请求候选,0x788,8,2,5,0,0,0.6700,6,495,-0.136600
1997,28.000,瞬时请求候选,0x788,8,2,6,0,0,0.6650,6,494,-0.185850
1998,28.000,瞬时请求候选,0x788,8,2,7,1,1,0.6650,6,495,-0.184700
1999,28.000,瞬时请求候选,0x788,8,3,0,1,1,0.6650,6,495,-0.184700
2000,28.000,瞬时请求候选,0x788,8,3,1,1,1,0.6650,6,495,-0.184700
2001,28.000,瞬时请求候选,0x788,8,3,2,0,0,0.6650,6,494,-0.185850
2002,28.000,瞬时请求候选,0x788,8,3,5,0,0,0.6700,6,497,-0.136600
2003,28.000,瞬时请求候选,0x788,8,3,6,0,0,0.6700,6,497,-0.136600
2004,28.000,瞬时请求候选,0x788,8,4,0,0,0,0.6650,6,495,-0.184700
2005,28.000,瞬时请求候选,0x788,8,4,1,0,0,0.6650,6,495,-0.184700
2006,28.000,瞬时请求候选,0x788,8,4,2,0,0,0.6650,6,495,-0.184700
2007,28.000,瞬时请求候选,0x788,8,4,3,0,0,0.6650,6,495,-0.184700
2008,28.000,瞬时请求候选,0x788,8,4,4,0,0,0.6650,6,495,-0.184700
2009,28.000,瞬时请求候选,0x788,8,4,5,0,0,0.6650,6,495,-0.184700
2010,28.000,瞬时请求候选,0x788,8,4,6,0,0,0.6650,6,495,-0.184700
2011,28.000,瞬时请求候选,0x788,8,4,7,0,0,0.6650,6,495,-0.184700
2012,28.000,瞬时请求候选,0x788,8,5,0,0,0,0.6650,6,495,-0.184700
2013,28.000,瞬时请求候选,0x788,8,5,5,0,0,0.6650,6,495,-0.184700
2014,28.000,瞬时请求候选,0x788,8,5,7,0,0,0.6650,6,495,-0.184700
2015,28.000,瞬时请求候选,0x788,8,6,3,0,0,0.6650,6,495,-0.184700
2016,28.000,瞬时请求候选,0x788,8,6,6,0,0,0.6650,6,491,-0.184700
2017,28.000,瞬时请求候选,0x788,8,6,7,1,1,0.6650,6,494,-0.185850
2018,28.000,瞬时请求候选,0x788,8,7,0,0,0,0.6650,6,495,-0.184700
2019,28.000,瞬时请求候选,0x788,8,7,1,0,0,0.6650,6,495,-0.184700
2020,28.000,瞬时请求候选,0x788,8,7,4,0,0,0.6650,6,495,-0.184700
2021,28.000,瞬时请求候选,0x78A,8,2,0,0,0,0.5725,6,637,-0.166300
2022,28.000,瞬时请求候选,0x78A,8,2,1,0,0,0.5750,6,424,-0.115850
2023,28.000,瞬时请求候选,0x78A,8,4,0,0,0,0.6450,6,318,-0.066550
2024,28.000,瞬时请求候选,0x78A,8,4,1,0,0,0.7225,6,288,-0.066150
2025,28.000,瞬时请求候选,0x78A,8,4,2,1,1,0.7400,6,252,0.134650
2026,28.000,瞬时请求候选,0x78A,8,4,3,0,0,0.7650,6,348,-0.116200
2027,28.000,瞬时请求候选,0x78A,8,4,4,0,0,0.7325,6,367,-0.116200
2028,28.000,瞬时请求候选,0x78A,8,4,5,1,1,0.6250,6,212,-0.116200
2029,28.000,瞬时请求候选,0x78A,8,4,6,0,0,0.7150,6,213,0.033800
2030,28.000,瞬时请求候选,0x78A,8,4,7,1,1,0.5700,6,426,-0.116150
2031,28.000,瞬时请求候选,0x78A,8,5,0,0,0,0.5675,6,425,-0.066550
2032,28.000,瞬时请求候选,0x78A,8,5,1,0,0,0.7125,6,426,-0.065350
2033,28.000,瞬时请求候选,0x78A,8,5,2,1,1,0.7125,6,212,-0.015750
2034,28.000,瞬时请求候选,0x78A,8,5,3,0,0,0.7125,6,425,-0.166150
2035,28.000,瞬时请求候选,0x78A,8,5,4,0,0,0.7125,6,213,-0.015350
2036,28.000,瞬时请求候选,0x78A,8,5,6,0,0,0.8575,6,213,-0.016050
2037,28.000,瞬时请求候选,0x78A,8,6,0,不一致,不一致,0.5250,6,479,-0.165500
2038,28.000,瞬时请求候选,0x78A,8,6,1,1,不一致,0.5225,6,299,-0.015800
2039,28.000,瞬时请求候选,0x78A,8,6,2,1,1,0.5525,6,424,-0.115650
2040,28.000,瞬时请求候选,0x78A,8,6,3,0,0,0.5750,6,424,-0.166150
2041,28.000,瞬时请求候选,0x78A,8,6,4,0,0,0.5925,6,425,-0.165500
2042,28.000,瞬时请求候选,0x78A,8,6,5,0,0,0.6975,6,212,-0.165500
2043,28.000,瞬时请求候选,0x78A,8,6,6,0,0,0.7175,6,212,-0.115850
2044,28.000,瞬时请求候选,0x78A,8,6,7,0,0,0.7150,6,424,-0.166300
2045,28.000,瞬时请求候选,0x78A,8,7,0,0,0,0.7125,6,213,-0.015350
2046,28.000,瞬时请求候选,0x78A,8,7,1,0,0,0.7175,6,212,-0.115850
2047,28.000,瞬时请求候选,0x78A,8,7,3,0,0,0.7125,6,213,-0.015350
2048,28.000,瞬时请求候选,0x78A,8,7,4,0,0,0.8575,6,213,-0.016050
2049,28.000,瞬时请求候选,0x78A,8,7,6,0,0,0.8575,6,213,-0.016050
2050,28.000,瞬时请求候选,0x798,8,0,0,0,0,0.5725,6,637,-0.173850
2051,28.000,瞬时请求候选,0x798,8,0,1,0,0,0.5750,6,424,-0.123100
2052,28.000,瞬时请求候选,0x798,8,0,3,不一致,不一致,0.5775,6,414,-0.172850
2053,28.000,瞬时请求候选,0x798,8,0,4,不一致,不一致,0.5950,6,533,-0.173850
2054,28.000,瞬时请求候选,0x798,8,0,5,不一致,不一致,0.5775,6,559,-0.173850
2055,28.000,瞬时请求候选,0x798,8,0,6,不一致,不一致,0.5600,6,248,-0.171600
2056,28.000,瞬时请求候选,0x798,8,0,7,不一致,不一致,0.5725,6,563,-0.172850
2057,28.000,瞬时请求候选,0x798,8,1,0,不一致,不一致,0.5750,6,557,-0.172850
2058,28.000,瞬时请求候选,0x798,8,1,1,不一致,不一致,0.5775,6,280,-0.023800
2059,28.000,瞬时请求候选,0x798,8,1,2,0,0,0.5750,6,637,-0.173850
2060,28.000,瞬时请求候选,0x798,8,1,3,0,0,0.8575,6,211,-0.071900
2061,28.000,瞬时请求候选,0x798,8,1,4,0,0,0.7175,6,425,-0.173850
2062,28.000,瞬时请求候选,0x798,8,1,5,0,0,0.6775,6,396,-0.171600
2063,28.000,瞬时请求候选,0x798,8,1,6,0,0,0.7325,6,398,-0.173850
2064,28.000,瞬时请求候选,0x798,8,1,7,1,1,0.6975,6,211,-0.072900
2065,28.000,瞬时请求候选,0x798,8,2,0,0,0,0.8725,6,185,-0.023100
2066,28.000,瞬时请求候选,0x798,8,2,1,0,0,0.7000,6,237,0.025200
2067,28.000,瞬时请求候选,0x798,8,2,2,0,0,0.8575,6,214,0.076200
2068,28.000,瞬时请求候选,0x798,8,2,3,0,0,0.8550,6,204,0.127450
2069,28.000,瞬时请求候选,0x798,8,2,4,0,0,0.7175,6,212,-0.123100
2070,28.000,瞬时请求候选,0x798,8,2,5,0,0,0.7150,6,425,-0.171600
2071,28.000,瞬时请求候选,0x798,8,2,6,0,0,0.5750,6,213,-0.075100
2072,28.000,瞬时请求候选,0x798,8,3,0,0,0,0.6875,6,330,-0.173500
2073,28.000,瞬时请求候选,0x798,8,3,1,不一致,不一致,0.5725,6,362,-0.124000
2074,28.000,瞬时请求候选,0x798,8,3,2,0,0,0.7125,6,361,-0.173850
2075,28.000,瞬时请求候选,0x798,8,3,3,0,0,0.6650,6,407,-0.171600
2076,28.000,瞬时请求候选,0x798,8,3,5,0,0,0.8550,6,212,0.076450
2077,28.000,瞬时请求候选,0x798,8,3,7,0,0,0.8600,6,212,-0.024300
2078,28.000,瞬时请求候选,0x798,8,4,0,0,0,0.8575,6,211,-0.071900
2079,28.000,瞬时请求候选,0x798,8,4,1,0,0,0.7175,6,213,-0.072900
2080,28.000,瞬时请求候选,0x798,8,4,2,0,0,0.6450,6,300,-0.123600
2081,28.000,瞬时请求候选,0x798,8,4,3,0,0,0.5700,6,392,-0.172850
2082,28.000,瞬时请求候选,0x798,8,4,4,1,1,0.5675,6,211,-0.123600
2083,28.000,瞬时请求候选,0x798,8,4,5,0,0,0.7225,6,413,-0.172850
2084,28.000,瞬时请求候选,0x798,8,5,0,0,0,0.7150,6,213,0.025200
2085,28.000,瞬时请求候选,0x798,8,5,1,0,0,0.7150,6,424,-0.171950
2086,28.000,瞬时请求候选,0x798,8,5,2,0,0,0.8575,6,211,-0.071900
2087,28.000,瞬时请求候选,0x798,8,5,3,0,0,0.7175,6,213,-0.072900
2088,28.000,瞬时请求候选,0x798,8,7,0,1,1,0.7550,6,337,-0.171600
2089,28.000,瞬时请求候选,0x798,8,7,1,0,0,0.5575,6,418,-0.171950
2090,28.000,瞬时请求候选,0x798,8,7,2,1,1,0.5625,6,460,-0.171600
2091,28.000,瞬时请求候选,0x798,8,7,3,不一致,0,0.5875,6,340,-0.172850
2092,28.000,瞬时请求候选,0x798,8,7,4,不一致,1,0.5175,6,206,0.075700
2093,28.000,瞬时请求候选,0x798,8,7,5,不一致,1,0.5150,6,376,-0.074950
2094,28.000,瞬时请求候选,0x798,8,7,6,不一致,不一致,0.5275,6,441,-0.072050
2095,28.000,瞬时请求候选,0x798,8,7,7,不一致,不一致,0.5200,6,491,-0.172850
2096,28.000,瞬时请求候选,0x7A8,8,0,0,0,0,0.6650,6,491,-0.241150
2097,28.000,瞬时请求候选,0x7A8,8,0,1,0,0,0.6650,6,492,-0.191750
2098,28.000,瞬时请求候选,0x7A8,8,0,2,0,0,0.6875,6,466,-0.240050
2099,28.000,瞬时请求候选,0x7A8,8,0,4,0,0,0.6700,6,493,-0.240050
2100,28.000,瞬时请求候选,0x7A8,8,0,5,0,0,0.6700,6,493,-0.240050
2101,28.000,瞬时请求候选,0x7A8,8,0,6,0,0,0.6700,6,493,-0.240050
2102,28.000,瞬时请求候选,0x7A8,8,0,7,0,0,0.6700,6,493,-0.240050
2103,28.000,瞬时请求候选,0x7A8,8,1,2,0,0,0.6700,6,493,-0.240050
2104,28.000,瞬时请求候选,0x7A8,8,1,3,0,0,0.6700,6,493,-0.240050
2105,28.000,瞬时请求候选,0x7A8,8,1,6,1,1,0.6650,6,491,-0.241150
2106,28.000,瞬时请求候选,0x7A8,8,1,7,0,0,0.6700,6,493,-0.240050
2107,28.000,瞬时请求候选,0x7A8,8,2,0,不一致,0,0.5350,6,491,-0.241850
2108,28.000,瞬时请求候选,0x7A8,8,2,1,0,0,0.8300,6,247,-0.191300
2109,28.000,瞬时请求候选,0x7A8,8,2,2,0,0,0.8175,6,268,-0.092000
2110,28.000,瞬时请求候选,0x7A8,8,2,3,0,0,0.6750,6,472,-0.191750
2111,28.000,瞬时请求候选,0x7A8,8,2,4,0,0,0.6700,6,493,-0.240050
2112,28.000,瞬时请求候选,0x7A8,8,2,6,0,0,0.6650,6,492,-0.191750
2113,28.000,瞬时请求候选,0x7A8,8,2,7,1,1,0.6650,6,491,-0.241150
2114,28.000,瞬时请求候选,0x7A8,8,3,0,1,1,0.6650,6,491,-0.241150
2115,28.000,瞬时请求候选,0x7A8,8,3,1,1,1,0.6650,6,491,-0.241150
2116,28.000,瞬时请求候选,0x7A8,8,3,2,0,0,0.6650,6,492,-0.191750
2117,28.000,瞬时请求候选,0x7A8,8,3,5,0,0,0.6700,6,493,-0.240050
2118,28.000,瞬时请求候选,0x7A8,8,3,6,0,0,0.6700,6,493,-0.240050
2119,28.000,瞬时请求候选,0x7A8,8,4,0,0,0,0.6650,6,491,-0.241150
2120,28.000,瞬时请求候选,0x7A8,8,4,1,0,0,0.6650,6,491,-0.241150
2121,28.000,瞬时请求候选,0x7A8,8,4,2,0,0,0.6650,6,491,-0.241150
2122,28.000,瞬时请求候选,0x7A8,8,4,3,0,0,0.6650,6,491,-0.241150
2123,28.000,瞬时请求候选,0x7A8,8,4,4,0,0,0.6650,6,491,-0.241150
2124,28.000,瞬时请求候选,0x7A8,8,4,5,0,0,0.6650,6,491,-0.241150
2125,28.000,瞬时请求候选,0x7A8,8,4,6,0,0,0.6650,6,491,-0.241150
2126,28.000,瞬时请求候选,0x7A8,8,4,7,0,0,0.6650,6,491,-0.241150
2127,28.000,瞬时请求候选,0x7A8,8,5,0,1,1,0.6700,6,493,-0.240050
2128,28.000,瞬时请求候选,0x7A8,8,5,1,0,0,0.6650,6,492,-0.191750
2129,28.000,瞬时请求候选,0x7A8,8,5,2,0,0,0.6650,6,492,-0.191750
2130,28.000,瞬时请求候选,0x7A8,8,5,5,0,0,0.6650,6,491,-0.241150
2131,28.000,瞬时请求候选,0x7A8,8,5,7,0,0,0.6650,6,491,-0.241150
2132,28.000,瞬时请求候选,0x7A8,8,6,1,0,0,0.6700,6,493,-0.240050
2133,28.000,瞬时请求候选,0x7A8,8,6,3,0,0,0.6650,6,491,-0.241150
2134,28.000,瞬时请求候选,0x7A8,8,6,6,0,0,0.6650,6,491,-0.241150
2135,28.000,瞬时请求候选,0x7A8,8,6,7,1,1,0.6650,6,492,-0.191750
2136,28.000,瞬时请求候选,0x7A8,8,7,0,0,0,0.6650,6,491,-0.241150
2137,28.000,瞬时请求候选,0x7A8,8,7,1,0,0,0.6650,6,491,-0.241150
2138,28.000,瞬时请求候选,0x7A8,8,7,4,0,0,0.6650,6,491,-0.241150
2139,28.000,瞬时请求候选,0x7AA,8,0,0,0,0,0.5385,6,889,-0.191450
2140,28.000,瞬时请求候选,0x7AA,8,0,1,0,0,0.5385,6,447,-0.111300
2141,28.000,瞬时请求候选,0x7AA,8,0,2,0,0,0.6154,6,301,0.048400
2142,28.000,瞬时请求候选,0x7AA,8,0,3,0,0,0.6154,6,150,0.048400
2143,28.000,瞬时请求候选,0x7AA,8,0,4,0,0,0.8212,6,280,-0.191450
2144,28.000,瞬时请求候选,0x7AA,8,0,5,0,0,0.8115,6,214,0.233650
2145,28.000,瞬时请求候选,0x7AA,8,0,6,0,0,0.7423,6,440,-0.191450
2146,28.000,瞬时请求候选,0x7AA,8,0,7,0,0,0.8423,6,290,-0.191450
2147,28.000,瞬时请求候选,0x7AA,8,1,0,0,0,0.6231,6,540,-0.111300
2148,28.000,瞬时请求候选,0x7AA,8,1,1,0,0,0.6846,6,385,0.117700
2149,28.000,瞬时请求候选,0x7AA,8,1,2,0,0,0.6827,6,483,-0.111300
2150,28.000,瞬时请求候选,0x7AA,8,1,3,0,0,0.6231,6,584,-0.030900
2151,28.000,瞬时请求候选,0x7AA,8,1,4,0,0,0.7712,6,357,-0.031250
2152,28.000,瞬时请求候选,0x7AA,8,1,5,0,0,0.5519,6,649,-0.191450
2153,28.000,瞬时请求候选,0x7AA,8,1,6,0,0,0.5577,6,753,-0.191450
2154,28.000,瞬时请求候选,0x7AA,8,1,7,0,0,0.6308,6,515,-0.031250
2155,28.000,瞬时请求候选,0x7AA,8,2,0,0,0,0.6000,6,408,-0.111300
2156,28.000,瞬时请求候选,0x7AA,8,2,1,1,1,0.5538,6,640,-0.111300
2157,28.000,瞬时请求候选,0x7AA,8,2,2,1,1,0.5269,6,572,-0.191450
2158,28.000,瞬时请求候选,0x7AA,8,2,3,0,0,0.5962,6,378,-0.191450
2159,28.000,瞬时请求候选,0x7AA,8,2,4,0,0,0.8173,6,295,-0.031250
2160,28.000,瞬时请求候选,0x7AA,8,2,5,0,0,0.7288,6,295,-0.111300
2161,28.000,瞬时请求候选,0x7AA,8,2,6,0,0,0.8019,6,295,-0.031250
2162,28.000,瞬时请求候选,0x7AA,8,2,7,0,0,0.5827,6,445,-0.191450
2163,28.000,瞬时请求候选,0x7AA,8,3,0,不一致,0,0.5673,6,462,-0.191450
2164,28.000,瞬时请求候选,0x7AA,8,3,1,0,0,0.7673,6,347,-0.030900
2165,28.000,瞬时请求候选,0x7AA,8,3,2,不一致,不一致,0.5423,6,513,-0.191450
2166,28.000,瞬时请求候选,0x7AA,8,3,3,0,0,0.5692,6,696,-0.191450
2167,28.000,瞬时请求候选,0x7AA,8,3,4,0,0,0.5712,6,553,-0.111300
2168,28.000,瞬时请求候选,0x7AA,8,3,5,1,1,0.5942,6,511,-0.111300
2169,28.000,瞬时请求候选,0x7AA,8,3,6,0,0,0.6423,6,514,-0.191450
2170,28.000,瞬时请求候选,0x7AA,8,3,7,1,1,0.5288,6,518,-0.191450
2171,28.000,瞬时请求候选,0x7AA,8,4,0,0,0,0.7404,6,433,-0.031250
2172,28.000,瞬时请求候选,0x7AA,8,4,1,0,0,0.6635,6,407,-0.031250
2173,28.000,瞬时请求候选,0x7AA,8,4,2,不一致,0,0.5346,6,429,-0.031250
2174,28.000,瞬时请求候选,0x7AA,8,4,3,0,0,0.6846,6,436,-0.031250
2175,28.000,瞬时请求候选,0x7AA,8,4,4,0,0,0.7115,6,330,-0.191300
2176,28.000,瞬时请求候选,0x7AA,8,4,5,0,0,0.8442,6,277,-0.031600
2177,28.000,瞬时请求候选,0x7AA,8,4,6,0,0,0.7865,6,329,-0.071200
2178,28.000,瞬时请求候选,0x7AA,8,4,7,0,0,0.7596,6,271,-0.191450
2179,28.000,瞬时请求候选,0x7AA,8,5,0,0,0,0.6846,6,329,0.048350
2180,28.000,瞬时请求候选,0x7AA,8,5,1,0,0,0.7135,6,289,-0.191450
2181,28.000,瞬时请求候选,0x7AA,8,5,2,0,0,0.8212,6,254,-0.111300
2182,28.000,瞬时请求候选,0x7AA,8,5,3,0,0,0.7519,6,333,-0.111300
2183,28.000,瞬时请求候选,0x7AA,8,5,4,0,0,0.6923,6,290,-0.191450
2184,28.000,瞬时请求候选,0x7AA,8,5,5,0,0,0.9231,6,145,-0.031250
2185,28.000,瞬时请求候选,0x7AA,8,5,6,0,0,0.9231,6,145,-0.031250
2186,28.000,瞬时请求候选,0x7AA,8,5,7,0,0,0.8462,6,145,-0.111300
2187,28.000,瞬时请求候选,0x7AA,8,6,0,0,0,0.6212,6,518,-0.111650
2188,28.000,瞬时请求候选,0x7AA,8,6,1,0,0,0.7135,6,382,-0.191300
2189,28.000,瞬时请求候选,0x7AA,8,6,2,0,0,0.7673,6,439,-0.031250
2190,28.000,瞬时请求候选,0x7AA,8,6,3,0,0,0.7077,6,402,-0.031250
2191,28.000,瞬时请求候选,0x7AA,8,6,4,0,0,0.6558,6,438,-0.191450
2192,28.000,瞬时请求候选,0x7AA,8,6,5,0,0,0.7192,6,397,-0.111300
2193,28.000,瞬时请求候选,0x7AA,8,6,6,0,0,0.8212,6,295,-0.031250
2194,28.000,瞬时请求候选,0x7AA,8,6,7,0,0,0.7673,6,297,-0.111300
2195,28.000,瞬时请求候选,0x7AA,8,7,0,0,0,0.7692,6,291,-0.111300
2196,28.000,瞬时请求候选,0x7AA,8,7,1,0,0,0.8462,6,301,0.048400
2197,28.000,瞬时请求候选,0x7AA,8,7,2,0,0,0.7692,6,451,0.048400
2198,28.000,瞬时请求候选,0x7AA,8,7,3,1,1,0.5385,6,447,-0.111300
2199,28.000,瞬时请求候选,0x7AA,8,7,4,0,0,0.8462,6,301,0.348500
2200,28.000,瞬时请求候选,0x7AA,8,7,5,0,0,0.6923,6,291,-0.111300
2201,28.000,瞬时请求候选,0x7AA,8,7,6,0,0,0.9231,6,145,-0.031250
2202,28.000,瞬时请求候选,0x7B8,8,0,0,0,0,0.5725,6,633,-0.228400
2203,28.000,瞬时请求候选,0x7B8,8,0,1,0,0,0.5750,6,422,-0.180000
2204,28.000,瞬时请求候选,0x7B8,8,0,3,0,0,0.6750,6,270,-0.178050
2205,28.000,瞬时请求候选,0x7B8,8,0,4,0,0,0.7800,6,259,-0.128000
2206,28.000,瞬时请求候选,0x7B8,8,0,5,0,0,0.6075,6,382,-0.229550
2207,28.000,瞬时请求候选,0x7B8,8,0,6,0,0,0.6475,6,419,-0.229550
2208,28.000,瞬时请求候选,0x7B8,8,0,7,0,0,0.6400,6,414,-0.228400
2209,28.000,瞬时请求候选,0x7B8,8,1,0,0,0,0.7150,6,210,-0.179350
2210,28.000,瞬时请求候选,0x7B8,8,1,1,0,0,0.5725,6,421,-0.228950
2211,28.000,瞬时请求候选,0x7B8,8,1,4,0,0,0.5725,6,420,-0.228400
2212,28.000,瞬时请求候选,0x7B8,8,1,5,0,0,0.6700,6,256,-0.029500
2213,28.000,瞬时请求候选,0x7B8,8,1,6,1,1,0.7525,6,246,-0.128000
2214,28.000,瞬时请求候选,0x7B8,8,1,7,不一致,不一致,0.5300,6,324,-0.179350
2215,28.000,瞬时请求候选,0x7B8,8,2,0,0,0,0.5850,6,421,-0.229200
2216,28.000,瞬时请求候选,0x7B8,8,2,1,0,0,0.8450,6,234,-0.129900
2217,28.000,瞬时请求候选,0x7B8,8,2,2,0,0,0.8575,6,212,-0.080950
2218,28.000,瞬时请求候选,0x7B8,8,2,3,0,0,0.7150,6,419,-0.229550
2219,28.000,瞬时请求候选,0x7B8,8,2,4,0,0,0.5725,6,423,-0.128700
2220,28.000,瞬时请求候选,0x7B8,8,2,5,0,0,0.7175,6,211,-0.080050
2221,28.000,瞬时请求候选,0x7B8,8,2,6,0,0,0.7125,6,210,-0.029400
2222,28.000,瞬时请求候选,0x7B8,8,3,0,不一致,1,0.5475,6,423,-0.228950
2223,28.000,瞬时请求候选,0x7B8,8,3,1,不一致,0,0.5525,6,353,-0.228050
2224,28.000,瞬时请求候选,0x7B8,8,3,2,0,0,0.6950,6,261,-0.179350
2225,28.000,瞬时请求候选,0x7B8,8,3,3,0,0,0.8325,6,238,-0.080950
2226,28.000,瞬时请求候选,0x7B8,8,3,4,0,0,0.6000,6,566,-0.229550
2227,28.000,瞬时请求候选,0x7B8,8,3,5,0,0,0.7200,6,403,-0.129050
2228,28.000,瞬时请求候选,0x7B8,8,3,6,0,0,0.7125,6,222,-0.128700
2229,28.000,瞬时请求候选,0x7B8,8,3,7,1,1,0.7100,6,420,-0.179300
2230,28.000,瞬时请求候选,0x7B8,8,4,0,0,0,0.7150,6,421,-0.129050
2231,28.000,瞬时请求候选,0x7B8,8,4,2,不一致,0,0.5975,6,386,-0.129750
2232,28.000,瞬时请求候选,0x7B8,8,4,3,0,0,0.6100,6,565,-0.229550
2233,28.000,瞬时请求候选,0x7B8,8,4,4,0,0,0.6875,6,458,-0.179050
2234,28.000,瞬时请求候选,0x7B8,8,4,5,0,0,0.6875,6,468,-0.179050
2235,28.000,瞬时请求候选,0x7B8,8,4,6,0,0,0.7400,6,233,-0.079000
2236,28.000,瞬时请求候选,0x7B8,8,4,7,0,0,0.7125,6,426,-0.229200
2237,28.000,瞬时请求候选,0x7B8,8,5,0,0,0,0.7150,6,421,-0.129050
2238,28.000,瞬时请求候选,0x7B8,8,5,1,0,0,0.5700,6,631,-0.229550
2239,28.000,瞬时请求候选,0x7B8,8,5,2,0,0,0.7175,6,211,-0.128700
2240,28.000,瞬时请求候选,0x7B8,8,7,0,不一致,0,0.5350,6,333,-0.129900
2241,28.000,瞬时请求候选,0x7B8,8,7,1,1,1,0.6500,6,402,-0.228950
2242,28.000,瞬时请求候选,0x7B8,8,7,2,1,1,0.6300,6,356,-0.129750
2243,28.000,瞬时请求候选,0x7B8,8,7,3,0,0,0.6175,6,325,-0.131300
2244,28.000,瞬时请求候选,0x7B8,8,7,4,不一致,0,0.5275,6,330,-0.180250
2245,28.000,瞬时请求候选,0x7B8,8,7,5,不一致,0,0.5400,6,347,-0.228400
2246,28.000,瞬时请求候选,0x7B8,8,7,6,不一致,1,0.5300,6,334,-0.129750
2247,28.000,瞬时请求候选,0x7B8,8,7,7,不一致,0,0.5225,6,352,-0.130350
2248,28.000,瞬时请求候选,0x7FF,8,0,0,1,1,0.5575,6,656,-0.237400
2249,28.000,瞬时请求候选,0x7FF,8,0,1,0,0,0.5575,6,328,-0.138700
2250,28.000,瞬时请求候选,0x7FF,8,0,3,0,0,0.7775,6,164,0.013150
2251,28.000,瞬时请求候选,0x7FF,8,1,0,1,1,0.6700,6,163,-0.088700
2252,28.000,瞬时请求候选,0x7FF,8,1,1,0,0,0.6650,6,329,-0.086800
2253,28.000,瞬时请求候选,0x7FF,8,1,2,0,0,0.6650,6,327,-0.187650
2254,28.000,瞬时请求候选,0x7FF,8,1,3,0,0,0.7775,6,327,-0.187050
2255,28.000,瞬时请求候选,0x7FF,8,1,4,0,0,0.7775,6,165,0.062650
2256,28.000,瞬时请求候选,0x7FF,8,1,5,1,1,0.5600,6,493,-0.236300
2257,28.000,瞬时请求候选,0x7FF,8,1,6,0,0,0.7775,6,330,0.012800
2258,28.000,瞬时请求候选,0x7FF,8,1,7,0,0,0.6650,6,327,-0.187650
2259,28.000,瞬时请求候选,0x7FF,8,2,0,0,0,0.8875,6,164,0.015100
2260,28.000,瞬时请求候选,0x7FF,8,2,1,0,0,0.5550,6,491,-0.236750
2261,28.000,瞬时请求候选,0x7FF,8,2,2,0,0,0.7775,6,165,0.113450
2262,28.000,瞬时请求候选,0x7FF,8,2,3,0,0,0.6625,6,330,-0.137450
2263,28.000,瞬时请求候选,0x7FF,8,2,4,0,0,0.7775,6,326,-0.236750
2264,28.000,瞬时请求候选,0x7FF,8,2,5,0,0,0.5575,6,329,-0.185400
2265,28.000,瞬时请求候选,0x7FF,8,2,6,0,0,0.7750,6,329,-0.136150
2266,28.000,瞬时请求候选,0x7FF,8,2,7,0,0,0.7775,6,327,-0.186500
2267,28.000,瞬时请求候选,0x7FF,8,3,0,0,0,0.6675,6,492,-0.187250
2268,28.000,瞬时请求候选,0x7FF,8,3,1,0,0,0.8875,6,165,0.213250
2269,28.000,瞬时请求候选,0x7FF,8,3,2,0,0,0.7800,6,329,-0.087050
2270,28.000,瞬时请求候选,0x7FF,8,3,3,0,0,0.7775,6,330,-0.136050
2271,28.000,瞬时请求候选,0x7FF,8,3,5,0,0,0.7775,6,330,-0.136050
2272,28.000,瞬时请求候选,0x7FF,8,3,6,0,0,0.6675,6,491,-0.187050
2273,28.000,瞬时请求候选,0x7FF,8,3,7,0,0,0.8875,6,164,0.015100
2274,28.000,瞬时请求候选,0x7FF,8,4,1,0,0,0.8875,6,165,0.213250
2275,28.000,瞬时请求候选,0x7FF,8,4,2,0,0,0.8900,6,166,0.213300
2276,28.000,瞬时请求候选,0x7FF,8,4,3,0,0,0.7775,6,330,0.012800
2277,28.000,瞬时请求候选,0x7FF,8,4,5,0,0,0.6650,6,164,-0.088450
2278,28.000,瞬时请求候选,0x7FF,8,4,6,0,0,0.5525,6,493,-0.186500
2279,28.000,瞬时请求候选,0x7FF,8,4,7,0,0,0.7775,6,165,0.062650
2280,28.000,瞬时请求候选,0x7FF,8,5,0,0,0,0.8900,6,166,0.213300
2281,28.000,瞬时请求候选,0x7FF,8,5,1,0,0,0.8875,6,165,0.162100
2282,28.000,瞬时请求候选,0x7FF,8,5,2,0,0,0.7775,6,328,-0.137450
2283,28.000,瞬时请求候选,0x7FF,8,5,3,0,0,0.8875,6,165,0.213250
2284,28.000,瞬时请求候选,0x7FF,8,5,4,0,0,0.8900,6,166,0.213300
2285,28.000,瞬时请求候选,0x7FF,8,5,5,0,0,0.7750,6,165,-0.037700
2286,28.000,瞬时请求候选,0x7FF,8,5,6,0,0,0.7775,6,165,0.113450
2287,28.000,瞬时请求候选,0x7FF,8,6,0,0,0,0.6675,6,328,-0.186500
2288,28.000,瞬时请求候选,0x7FF,8,6,1,0,0,0.5550,6,327,-0.136350
2289,28.000,瞬时请求候选,0x7FF,8,6,2,0,0,0.7750,6,165,-0.037700
2290,28.000,瞬时请求候选,0x7FF,8,6,3,0,0,0.7775,6,327,-0.138050
2291,28.000,瞬时请求候选,0x7FF,8,6,4,0,0,0.7750,6,330,-0.037650
2292,28.000,瞬时请求候选,0x7FF,8,6,5,0,0,0.6650,6,329,-0.186050
2293,28.000,瞬时请求候选,0x7FF,8,6,6,0,0,0.8875,6,165,0.213250
2294,28.000,瞬时请求候选,0x7FF,8,6,7,0,0,0.6675,6,329,-0.187100
2295,28.000,瞬时请求候选,0x7FF,8,7,4,0,0,0.8900,6,166,0.213300
2296,28.000,瞬时请求候选,0x7FF,8,7,5,0,0,0.7775,6,327,-0.186500
2297,28.000,瞬时请求候选,0x7FF,8,7,6,0,0,0.8900,6,162,-0.088450
2298,28.000,瞬时请求候选,0x7FF,8,7,7,0,0,0.7800,6,328,-0.187100
2299,27.800,瞬时请求候选,0x2E2,8,6,7,0,0,0.9150,5,61,0.026100
2300,27.800,瞬时请求候选,0x332,6,5,4,不一致,不一致,0.6000,5,61,0.022900
2301,27.600,瞬时请求候选,0x332,6,5,5,不一致,不一致,0.6000,5,62,0.022900
2302,27.400,瞬时请求候选,0x295,8,0,1,0,0,0.6733,5,63,1.922100
2303,27.000,瞬时请求候选,0x3B2,8,7,6,0,0,0.8152,5,65,-0.031600
2304,25.800,瞬时请求候选,0x2E2,8,5,7,0,0,0.9050,5,71,0.024000
2305,25.600,瞬时请求候选,0x2E3,7,5,6,0,0,0.9000,5,72,0.422800
2306,25.400,瞬时请求候选,0x3B2,8,7,5,0,0,0.7053,5,73,0.070700
2307,25.200,瞬时请求候选,0x332,6,0,2,1,1,0.5000,5,74,0.022900
2308,25.000,瞬时请求候选,0x3B2,8,4,3,0,0,0.7891,5,75,-0.129800
2309,24.600,瞬时请求候选,0x2E2,8,5,5,0,0,0.8900,5,77,0.024000
2310,24.600,瞬时请求候选,0x77A,8,1,4,1,1,0.7625,5,77,0.533800
2311,24.400,周期字段（降权）,0x348,8,4,4,0,1,1.0000,1,4,0.664800
2312,24.400,周期字段（降权）,0x52F,8,4,0,0,1,1.0000,1,4,1.665000
2313,24.400,瞬时请求候选,0x3B2,8,3,1,0,0,0.7446,5,78,-0.130700
2314,24.200,瞬时请求候选,0x798,8,3,4,0,0,0.9550,5,79,0.126800
2315,23.800,瞬时请求候选,0x295,8,7,1,1,1,0.5000,5,81,1.617700
2316,23.800,瞬时请求候选,0x2E2,8,4,2,0,0,0.8900,5,81,0.024000
2317,23.600,瞬时请求候选,0x75D,8,5,2,0,0,0.8750,5,82,-0.025400
2318,22.800,瞬时请求候选,0x295,8,0,4,1,1,0.6833,5,86,1.617700
2319,22.400,瞬时请求候选,0x75D,8,1,5,0,0,0.8600,5,88,0.779000
2320,22.400,瞬时请求候选,0x75D,8,3,6,0,0,0.8900,5,88,0.378400
2321,22.000,瞬时请求候选,0x3B2,8,3,4,0,1,0.7169,5,90,0.169700
2322,22.000,瞬时请求候选,0x75D,8,3,5,0,0,0.8850,5,90,0.378400
2323,21.800,瞬时请求候选,0x379,8,2,7,0,0,0.8750,5,91,0.072100
2324,21.600,瞬时请求候选,0x75D,8,6,6,0,0,0.8600,5,92,-0.025400
2325,21.400,瞬时请求候选,0x2E3,7,4,7,0,0,0.8750,5,93,0.422800
2326,20.800,瞬时请求候选,0x3B2,8,5,5,0,1,0.6484,5,96,0.469400
2327,20.000,瞬时请求候选,0x295,8,0,0,0,0,0.6633,5,105,1.617700
2328,20.000,瞬时请求候选,0x295,8,0,2,1,1,0.5100,5,110,1.617700
2329,20.000,瞬时请求候选,0x295,8,0,3,1,1,0.6633,5,111,1.719500
2330,20.000,瞬时请求候选,0x295,8,0,5,0,0,0.6633,5,106,1.669300
2331,20.000,瞬时请求候选,0x295,8,0,6,0,0,0.6733,5,110,1.617700
2332,20.000,瞬时请求候选,0x295,8,1,3,0,0,0.6633,5,105,1.617700
2333,20.000,瞬时请求候选,0x295,8,2,0,1,1,0.6633,5,105,1.617700
2334,20.000,瞬时请求候选,0x295,8,2,1,0,0,0.6733,5,110,1.617700
2335,20.000,瞬时请求候选,0x295,8,2,3,0,0,0.6733,5,110,1.617700
2336,20.000,瞬时请求候选,0x295,8,2,5,1,1,0.6633,5,105,1.617700
2337,20.000,瞬时请求候选,0x295,8,2,7,1,1,0.6633,5,105,1.617700
2338,20.000,瞬时请求候选,0x295,8,3,0,1,1,0.6633,5,105,1.617700
2339,20.000,瞬时请求候选,0x295,8,3,1,1,1,0.6633,5,105,1.617700
2340,20.000,瞬时请求候选,0x295,8,3,2,1,1,0.6633,5,105,1.617700
2341,20.000,瞬时请求候选,0x295,8,3,3,1,1,0.6633,5,105,1.617700
2342,20.000,瞬时请求候选,0x295,8,3,4,1,1,0.6633,5,105,1.617700
2343,20.000,瞬时请求候选,0x295,8,3,5,1,1,0.6633,5,105,1.617700
2344,20.000,瞬时请求候选,0x295,8,3,6,1,1,0.6633,5,105,1.617700
2345,20.000,瞬时请求候选,0x295,8,3,7,1,1,0.6633,5,105,1.617700
2346,20.000,瞬时请求候选,0x295,8,7,0,1,1,0.5000,5,163,1.617700
2347,20.000,瞬时请求候选,0x2C2,8,2,3,不一致,不一致,0.6150,5,560,-0.185100
2348,20.000,瞬时请求候选,0x2C2,8,3,6,1,1,0.7000,5,489,-0.183700
2349,20.000,瞬时请求候选,0x2C2,8,4,0,1,1,0.7000,5,489,-0.183700
2350,20.000,瞬时请求候选,0x2C2,8,7,0,1,1,0.8000,5,257,-0.182700
2351,20.000,瞬时请求候选,0x2C2,8,7,1,1,不一致,0.6000,5,613,-0.183700
2352,20.000,瞬时请求候选,0x2C2,8,7,2,1,1,0.7000,5,484,-0.183700
2353,20.000,瞬时请求候选,0x2C2,8,7,3,1,不一致,0.6000,5,613,-0.183700
2354,20.000,瞬时请求候选,0x2C2,8,7,4,0,1,0.8000,5,261,-0.182700
2355,20.000,瞬时请求候选,0x2E3,7,4,2,0,0,0.8650,5,106,0.222600
2356,20.000,瞬时请求候选,0x2F1,8,2,1,0,0,0.9275,5,100,0.191500
2357,20.000,瞬时请求候选,0x379,8,3,0,0,0,0.9000,5,107,-0.126500
2358,20.000,瞬时请求候选,0x379,8,3,2,0,0,0.8625,5,138,0.372400
2359,20.000,瞬时请求候选,0x379,8,3,5,0,0,0.8850,5,104,-0.026600
2360,20.000,瞬时请求候选,0x379,8,5,6,0,0,0.9250,5,112,0.272100
2361,20.000,瞬时请求候选,0x393,8,3,3,0,0,0.9200,5,121,0.066900
2362,20.000,瞬时请求候选,0x39A,8,6,3,0,0,0.7400,5,412,-0.190400
2363,20.000,瞬时请求候选,0x3A2,8,0,4,0,0,0.8022,5,918,-0.212300
2364,20.000,瞬时请求候选,0x3B2,8,5,6,0,0,0.6201,5,102,-0.129800
2365,20.000,瞬时请求候选,0x3B2,8,7,4,0,0,0.6871,5,103,0.469400
2366,20.000,瞬时请求候选,0x441,8,0,0,1,1,0.6075,5,1230,-0.225100
2367,20.000,瞬时请求候选,0x441,8,7,0,0,0,0.6075,5,1230,-0.225100
2368,20.000,瞬时请求候选,0x441,8,7,1,0,0,0.9175,5,185,-0.024200
2369,20.000,瞬时请求候选,0x4E2,8,3,7,0,0,0.9350,5,105,-0.103900
2370,20.000,瞬时请求候选,0x75D,8,1,6,0,0,0.8350,5,124,-0.025400
2371,13.600,瞬时请求候选,0x727,2,0,2,0,1,0.6000,2,12,0.588500
2372,13.200,瞬时请求候选,0x782,8,1,3,1,0,0.8000,2,14,0.769700
2373,13.000,瞬时请求候选,0x373,8,0,2,0,1,0.8000,2,15,0.218250
2374,10.400,瞬时请求候选,0x23A,8,1,5,1,0,0.7500,2,28,1.076050
2375,9.400,瞬时请求候选,0x23A,8,1,1,1,0,0.7750,2,33,1.075850
2376,-15.800,周期字段（降权）,0x7C8,8,1,0,1,1,0.5500,6,19,0.322100
2377,-17.400,周期字段（降权）,0x782,8,0,0,不一致,不一致,0.6333,6,27,1.021000
2378,-17.600,周期字段（降权）,0x3B2,8,0,3,不一致,1,0.5824,6,28,1.169150
2379,-18.600,周期字段（降权）,0x324,8,1,3,1,不一致,0.5250,6,33,-0.070250
2380,-19.000,周期字段（降权）,0x38B,8,4,4,1,1,0.5000,6,35,0.305250
2381,-19.000,周期字段（降权）,0x52F,8,5,5,1,1,0.5000,6,35,1.162250
2382,-19.200,周期字段（降权）,0x213,2,0,6,1,1,0.5000,6,36,0.862050
2383,-19.200,周期字段（降权）,0x293,8,6,6,1,1,0.5000,6,36,0.812300
2384,-19.200,周期字段（降权）,0x38B,8,2,4,1,1,0.5000,6,36,0.835000
2385,-19.200,周期字段（降权）,0x407,8,1,2,1,1,0.5000,6,36,0.859150
2386,-19.200,周期字段（降权）,0x443,6,1,2,1,1,0.5000,6,36,0.925800
2387,-19.200,周期字段（降权）,0x7F1,7,0,0,1,1,0.5000,6,36,1.664500
2388,-19.200,周期字段（降权）,0x7F1,7,0,1,1,1,0.5000,6,36,1.664500
2389,-19.200,周期字段（降权）,0x7F1,7,3,0,1,1,0.5000,6,36,1.664500
2390,-19.200,周期字段（降权）,0x7F1,7,3,1,1,1,0.5000,6,36,1.664500
2391,-19.200,周期字段（降权）,0x7F1,7,3,2,1,1,0.5000,6,36,1.664500
2392,-19.200,周期字段（降权）,0x7F1,7,3,3,1,1,0.5000,6,36,1.664500
2393,-19.200,周期字段（降权）,0x7F1,7,5,3,1,1,0.5000,6,36,1.664500
2394,-19.400,周期字段（降权）,0x213,2,1,6,1,1,0.5000,6,37,0.377900
2395,-19.400,周期字段（降权）,0x238,8,7,6,1,1,0.5000,6,37,0.128100
2396,-19.400,周期字段（降权）,0x284,8,6,6,1,1,0.5000,6,37,0.177850
2397,-19.400,周期字段（降权）,0x313,8,7,6,1,1,0.5000,6,37,0.277550
2398,-19.400,周期字段（降权）,0x321,8,6,5,1,1,0.5000,6,37,0.226850
2399,-19.400,周期字段（降权）,0x321,8,7,5,1,1,0.5000,6,37,0.226850
2400,-19.400,周期字段（降权）,0x334,8,6,6,1,1,0.5000,6,37,0.477650
2401,-19.400,周期字段（降权）,0x334,8,7,6,1,1,0.5000,6,37,0.477650
2402,-19.400,周期字段（降权）,0x348,8,4,1,1,1,0.5000,6,37,0.663700
2403,-19.400,周期字段（降权）,0x366,8,0,0,1,1,0.5000,6,37,1.677350
2404,-19.400,周期字段（降权）,0x366,8,0,1,1,1,0.5000,6,37,0.678150
2405,-19.400,周期字段（降权）,0x366,8,0,2,1,1,0.5000,6,37,0.678150
2406,-19.400,周期字段（降权）,0x366,8,1,0,1,1,0.5000,6,37,1.677350
2407,-19.400,周期字段（降权）,0x366,8,2,0,1,1,0.5000,6,37,0.678150
2408,-19.400,周期字段（降权）,0x366,8,3,0,1,1,0.5000,6,37,0.678150
2409,-19.400,周期字段（降权）,0x366,8,4,2,1,1,0.5000,6,37,0.678150
2410,-19.400,周期字段（降权）,0x366,8,4,3,1,1,0.5000,6,37,0.678150
2411,-19.400,周期字段（降权）,0x366,8,4,4,1,1,0.5000,6,37,0.678150
2412,-19.400,周期字段（降权）,0x366,8,5,0,1,1,0.5000,6,37,0.678150
2413,-19.400,周期字段（降权）,0x366,8,6,2,1,1,0.5000,6,37,0.678150
2414,-19.400,周期字段（降权）,0x366,8,6,3,1,1,0.5000,6,37,0.678150
2415,-19.400,周期字段（降权）,0x366,8,6,4,1,1,0.5000,6,37,1.677350
2416,-19.400,周期字段（降权）,0x366,8,7,0,1,1,0.5000,6,37,0.678150
2417,-19.400,周期字段（降权）,0x39B,8,6,6,不一致,1,0.5059,6,37,0.516650
2418,-19.400,周期字段（降权）,0x39B,8,7,6,1,1,0.5059,6,37,0.911350
2419,-19.400,周期字段（降权）,0x3C9,8,0,1,1,1,0.5000,6,37,1.507550
2420,-19.400,周期字段（降权）,0x3E9,8,6,6,1,1,0.5059,6,37,0.510650
2421,-19.400,周期字段（降权）,0x3E9,8,7,6,不一致,1,0.5059,6,37,0.906500
2422,-19.400,周期字段（降权）,0x443,6,0,2,1,1,0.5000,6,37,1.425650
2423,-19.400,周期字段（降权）,0x528,4,3,1,1,1,0.5000,6,37,0.663900
2424,-19.400,周期字段（降权）,0x52F,8,7,7,1,1,0.5000,6,37,0.663500
2425,-19.600,周期字段（降权）,0x238,8,6,6,1,1,0.5000,6,38,1.112500
2426,-19.600,周期字段（降权）,0x284,8,7,6,1,1,0.5000,6,38,0.677800
2427,-19.600,周期字段（降权）,0x293,8,7,6,1,1,0.5000,6,38,1.313950
2428,-19.600,周期字段（降权）,0x313,8,6,6,1,1,0.5000,6,38,1.262900
2429,-19.600,周期字段（降权）,0x318,8,2,1,1,1,0.5000,6,38,0.666450
2430,-19.600,周期字段（降权）,0x3CC,8,3,0,1,1,0.5000,6,38,0.727800
2431,-19.600,周期字段（降权）,0x3F2,8,0,1,1,1,0.5000,6,38,1.024050
2432,-19.600,周期字段（降权）,0x407,8,0,2,1,1,0.5000,6,38,1.359400
2433,-19.600,周期字段（降权）,0x727,2,0,1,1,1,0.5000,6,38,1.087350
2434,-19.800,周期字段（降权）,0x52F,8,6,7,1,不一致,0.5250,6,39,0.663250
2435,-21.000,周期字段（降权）,0x40A,8,7,7,不一致,不一致,0.5500,6,45,0.374750
2436,-21.200,周期字段（降权）,0x31A,8,6,7,不一致,0,0.5400,6,46,0.457700
2437,-21.200,周期字段（降权）,0x31A,8,7,7,不一致,1,0.5450,6,46,0.456650
2438,-21.200,周期字段（降权）,0x40A,8,6,7,不一致,0,0.5400,6,46,0.475050
2439,-22.400,周期字段（降权）,0x310,8,0,3,0,不一致,0.6300,5,12,0.435100
2440,-22.400,周期字段（降权）,0x310,8,0,4,1,不一致,0.6300,5,12,0.435100
2441,-22.400,周期字段（降权）,0x53E,8,1,2,0,0,0.8300,5,12,0.875900
2442,-22.400,周期字段（降权）,0x53E,8,5,5,0,0,0.8300,5,12,0.875900
2443,-22.600,周期字段（降权）,0x330,8,0,3,1,不一致,0.5905,5,13,0.183700
2444,-22.600,周期字段（降权）,0x330,8,0,4,0,不一致,0.5905,5,13,0.183700
2445,-22.600,周期字段（降权）,0x3C4,8,3,3,0,0,0.8300,5,13,0.189700
2446,-22.600,周期字段（降权）,0x3C4,8,3,6,0,0,0.8300,5,13,0.189700
2447,-23.400,周期字段（降权）,0x324,8,1,4,1,不一致,0.5250,5,17,1.911700
2448,-23.400,周期字段（降权）,0x709,8,0,2,不一致,0,0.5234,6,57,0.362200
2449,-23.600,周期字段（降权）,0x330,8,5,1,不一致,0,0.5571,6,58,0.183950
2450,-23.600,周期字段（降权）,0x3E9,8,6,7,不一致,1,0.5059,5,18,0.609700
2451,-24.800,周期字段（降权）,0x300,8,0,3,不一致,不一致,0.5500,5,24,1.022900
2452,-24.800,周期字段（降权）,0x300,8,0,4,1,1,0.5500,5,24,1.022900
2453,-25.800,周期字段（降权）,0x37D,8,0,0,1,1,0.5000,6,69,-0.124500
2454,-25.800,周期字段（降权）,0x37D,8,0,2,1,1,0.5000,6,69,-0.124500
2455,-25.800,周期字段（降权）,0x37D,8,0,4,1,1,0.5000,6,69,-0.124500
2456,-25.800,周期字段（降权）,0x37D,8,0,6,1,1,0.5000,6,69,-0.124500
2457,-25.800,周期字段（降权）,0x37D,8,0,7,1,1,0.5000,6,69,-0.124500
2458,-25.800,周期字段（降权）,0x37D,8,1,2,1,1,0.5000,6,69,-0.124500
2459,-25.800,周期字段（降权）,0x37D,8,1,4,1,1,0.5000,6,69,-0.124500
2460,-25.800,周期字段（降权）,0x37D,8,1,7,1,1,0.5000,6,69,-0.124500
2461,-25.800,周期字段（降权）,0x37D,8,2,1,1,1,0.5000,6,69,-0.124500
2462,-25.800,周期字段（降权）,0x37D,8,2,3,1,1,0.5000,6,69,-0.124500
2463,-25.800,周期字段（降权）,0x37D,8,2,4,1,1,0.5000,6,69,-0.124500
2464,-25.800,周期字段（降权）,0x37D,8,2,5,1,1,0.5000,6,69,-0.124500
2465,-25.800,周期字段（降权）,0x37D,8,2,7,1,1,0.5000,6,69,-0.124500
2466,-25.800,周期字段（降权）,0x37D,8,3,0,1,1,0.5000,6,69,-0.124500
2467,-25.800,周期字段（降权）,0x37D,8,3,1,1,1,0.5000,6,69,-0.124500
2468,-25.800,周期字段（降权）,0x37D,8,3,3,1,1,0.5000,6,69,-0.124500
2469,-25.800,周期字段（降权）,0x37D,8,3,4,1,1,0.5000,6,69,-0.124500
2470,-25.800,周期字段（降权）,0x37D,8,3,5,1,1,0.5000,6,69,-0.124500
2471,-25.800,周期字段（降权）,0x37D,8,3,7,1,1,0.5000,6,69,-0.124500
2472,-25.800,周期字段（降权）,0x3A4,8,0,0,1,1,0.5000,6,69,-0.209200
2473,-25.800,周期字段（降权）,0x6C8,8,0,0,1,1,0.5000,6,69,-0.012500
2474,-25.800,周期字段（降权）,0x6C8,8,0,2,1,1,0.5000,6,69,-0.012500
2475,-25.800,周期字段（降权）,0x6C8,8,0,3,1,1,0.5000,6,69,-0.012500
2476,-25.800,周期字段（降权）,0x6C8,8,0,4,1,1,0.5000,6,69,-0.012500
2477,-25.800,周期字段（降权）,0x6C8,8,0,6,1,1,0.5000,6,69,-0.012500
2478,-25.800,周期字段（降权）,0x6C8,8,1,1,1,1,0.5000,6,69,-0.012500
2479,-25.800,周期字段（降权）,0x6C8,8,1,5,1,1,0.5000,6,69,-0.012500
2480,-25.800,周期字段（降权）,0x6C8,8,1,6,1,1,0.5000,6,69,-0.012500
2481,-25.800,周期字段（降权）,0x6C8,8,3,0,1,1,0.5000,6,69,-0.012500
2482,-25.800,周期字段（降权）,0x6C8,8,3,1,1,1,0.5000,6,69,-0.012500
2483,-25.800,周期字段（降权）,0x6C8,8,3,4,1,1,0.5000,6,69,-0.012500
2484,-25.800,周期字段（降权）,0x6C8,8,4,2,1,1,0.5000,6,69,-0.012500
2485,-25.800,周期字段（降权）,0x709,8,0,3,1,不一致,0.5775,5,29,0.571400
2486,-26.000,周期字段（降权）,0x213,2,0,5,1,1,0.5000,6,70,-0.130150
2487,-26.000,周期字段（降权）,0x293,8,6,5,1,1,0.5000,6,70,-0.179000
2488,-26.000,周期字段（降权）,0x407,8,1,1,1,1,0.5000,6,70,-0.140200
2489,-26.000,周期字段（降权）,0x443,6,1,1,1,1,0.5000,6,70,-0.073250
2490,-26.200,周期字段（降权）,0x38B,8,2,3,1,1,0.5000,6,71,-0.106050
2491,-26.200,周期字段（降权）,0x38B,8,4,3,1,1,0.5000,6,71,-0.106050
2492,-26.600,周期字段（降权）,0x39B,8,7,5,1,1,0.5059,6,73,0.095750
2493,-26.600,周期字段（降权）,0x3E9,8,7,5,1,1,0.5059,6,73,0.090250
2494,-26.800,周期字段（降权）,0x318,8,7,0,1,1,0.5000,6,74,0.665200
2495,-26.800,周期字段（降权）,0x334,8,6,5,1,1,0.5000,6,74,0.470050
2496,-26.800,周期字段（降权）,0x334,8,7,5,1,1,0.5000,6,74,0.470050
2497,-26.800,周期字段（降权）,0x348,8,4,0,1,1,0.5000,6,74,0.662450
2498,-26.800,周期字段（降权）,0x3C9,8,0,0,1,1,0.5000,6,74,0.508750
2499,-26.800,周期字段（降权）,0x443,6,0,1,1,1,0.5000,6,74,0.426700
2500,-26.800,周期字段（降权）,0x528,4,3,0,1,1,0.5000,6,74,0.662600
2501,-26.800,周期字段（降权）,0x52F,8,7,6,1,1,0.5000,6,74,0.662200
2502,-26.800,周期字段（降权）,0x6E8,8,0,0,1,1,0.5000,6,74,0.482400
2503,-26.800,周期字段（降权）,0x6E8,8,0,2,1,1,0.5000,6,74,0.482400
2504,-26.800,周期字段（降权）,0x6E8,8,0,3,1,1,0.5000,6,74,0.482400
2505,-26.800,周期字段（降权）,0x6E8,8,0,6,1,1,0.5000,6,74,0.482400
2506,-26.800,周期字段（降权）,0x6E8,8,1,1,1,1,0.5000,6,74,0.482400
2507,-26.800,周期字段（降权）,0x6E8,8,1,5,1,1,0.5000,6,74,0.482400
2508,-26.800,周期字段（降权）,0x6E8,8,1,6,1,1,0.5000,6,74,0.482400
2509,-26.800,周期字段（降权）,0x6E8,8,3,1,1,1,0.5000,6,74,0.482400
2510,-26.800,周期字段（降权）,0x6E8,8,3,4,1,1,0.5000,6,74,0.482400
2511,-26.800,周期字段（降权）,0x6E8,8,4,2,1,1,0.5000,6,74,0.482400
2512,-27.000,周期字段（降权）,0x213,2,1,5,1,1,0.5000,6,75,0.370150
2513,-27.000,周期字段（降权）,0x238,8,6,5,1,1,0.5000,6,75,0.120150
2514,-27.000,周期字段（降权）,0x238,8,7,5,1,1,0.5000,6,75,0.120150
2515,-27.000,周期字段（降权）,0x23A,8,0,0,1,1,0.5000,6,75,0.076600
2516,-27.000,周期字段（降权）,0x284,8,6,5,1,1,0.5000,6,75,0.171000
2517,-27.000,周期字段（降权）,0x284,8,7,5,1,1,0.5000,6,75,0.670150
2518,-27.000,周期字段（降权）,0x293,8,7,5,1,1,0.5000,6,75,0.320950
2519,-27.000,周期字段（降权）,0x313,8,6,5,1,1,0.5000,6,75,0.270000
2520,-27.000,周期字段（降权）,0x313,8,7,5,1,1,0.5000,6,75,0.270000
2521,-27.000,周期字段（降权）,0x318,8,2,0,1,1,0.5000,6,75,0.665200
2522,-27.000,周期字段（降权）,0x321,8,6,4,1,1,0.5000,6,75,0.225850
2523,-27.000,周期字段（降权）,0x321,8,7,4,1,1,0.5000,6,75,0.225850
2524,-27.000,周期字段（降权）,0x332,6,0,0,1,1,0.5000,6,75,0.023050
2525,-27.000,周期字段（降权）,0x332,6,0,3,1,1,0.5000,6,75,0.023050
2526,-27.000,周期字段（降权）,0x332,6,0,7,1,1,0.5000,6,75,0.023050
2527,-27.000,周期字段（降权）,0x332,6,1,1,1,1,0.5000,6,75,0.023050
2528,-27.000,周期字段（降权）,0x332,6,1,4,1,1,0.5000,6,75,0.023050
2529,-27.000,周期字段（降权）,0x332,6,2,1,1,1,0.5000,6,75,0.023050
2530,-27.000,周期字段（降权）,0x332,6,2,2,1,1,0.5000,6,75,0.023050
2531,-27.000,周期字段（降权）,0x332,6,2,5,1,1,0.5000,6,75,0.023050
2532,-27.000,周期字段（降权）,0x332,6,2,6,1,1,0.5000,6,75,0.023050
2533,-27.000,周期字段（降权）,0x332,6,2,7,1,1,0.5000,6,75,0.023050
2534,-27.000,周期字段（降权）,0x332,6,3,2,1,1,0.5000,6,75,0.023050
2535,-27.000,周期字段（降权）,0x332,6,3,3,1,1,0.5000,6,75,0.023050
2536,-27.000,周期字段（降权）,0x332,6,3,7,1,1,0.5000,6,75,0.023050
2537,-27.000,周期字段（降权）,0x332,6,4,0,1,1,0.5000,6,75,0.023050
2538,-27.000,周期字段（降权）,0x332,6,4,5,1,1,0.5000,6,75,0.023050
2539,-27.000,周期字段（降权）,0x332,6,4,7,1,1,0.5000,6,75,0.023050
2540,-27.000,周期字段（降权）,0x332,6,5,2,1,1,0.5000,6,75,0.023050
2541,-27.000,周期字段（降权）,0x34A,8,0,1,1,1,0.5000,6,75,0.616700
2542,-27.000,周期字段（降权）,0x34A,8,7,5,1,1,0.5000,6,75,0.616700
2543,-27.000,周期字段（降权）,0x34A,8,7,6,1,1,0.5000,6,75,0.616700
2544,-27.000,周期字段（降权）,0x39B,8,6,5,不一致,1,0.5059,6,75,0.342300
2545,-27.000,周期字段（降权）,0x3CC,8,2,7,1,1,0.5000,6,75,0.727000
2546,-27.000,周期字段（降权）,0x3E9,8,6,5,不一致,1,0.5059,6,75,0.336600
2547,-27.000,周期字段（降权）,0x3F2,8,0,0,1,1,0.5000,6,75,0.024200
2548,-27.000,周期字段（降权）,0x407,8,0,1,1,1,0.5000,6,75,0.359900
2549,-27.000,周期字段（降权）,0x70B,8,0,0,1,1,0.5000,6,75,0.255350
2550,-27.000,周期字段（降权）,0x724,3,0,0,1,1,0.5000,6,75,0.027750
2551,-27.000,周期字段（降权）,0x727,2,0,0,1,1,0.5000,6,75,0.088750
2552,-27.000,周期字段（降权）,0x752,8,0,0,1,1,0.5000,6,75,0.361700
2553,-30.200,周期字段（降权）,0x2E8,8,7,7,1,1,0.5000,6,91,0.176800
2554,-30.200,周期字段（降权）,0x2EC,3,1,7,1,1,0.5000,6,91,0.151500
2555,-30.200,周期字段（降权）,0x31A,8,6,6,1,1,0.5000,6,91,0.156150
2556,-30.200,周期字段（降权）,0x31A,8,7,6,1,1,0.5000,6,91,-0.042950
2557,-30.200,周期字段（降权）,0x40A,8,6,6,1,1,0.5000,6,91,0.173750
2558,-30.200,周期字段（降权）,0x420,8,7,2,1,1,0.5000,6,91,0.172950
2559,-30.200,周期字段（降权）,0x553,8,7,7,1,1,0.5000,6,91,-0.002850
2560,-30.200,周期字段（降权）,0x7B8,8,6,7,1,1,0.5000,6,91,0.171350
2561,-30.400,周期字段（降权）,0x229,3,1,3,1,1,0.5000,6,92,0.183450
2562,-30.400,周期字段（降权）,0x288,8,7,7,1,1,0.5000,6,92,0.120050
2563,-30.400,周期字段（降权）,0x40A,8,7,6,1,1,0.5000,6,92,-0.025500
2564,-30.400,周期字段（降权）,0x552,8,7,7,1,1,0.5000,6,92,0.001400
2565,-30.400,周期字段（降权）,0x682,8,7,7,1,1,0.5000,6,92,0.137050
2566,-30.400,周期字段（降权）,0x797,4,3,7,1,1,0.5000,6,92,0.040550
2567,-30.600,周期字段（降权）,0x228,8,6,7,1,1,0.5000,6,93,0.264650
2568,-30.600,周期字段（降权）,0x228,8,7,7,1,1,0.5000,6,93,-0.035300
2569,-30.600,周期字段（降权）,0x25B,8,6,7,1,1,0.5000,6,93,0.291500
2570,-30.600,周期字段（降权）,0x25B,8,7,7,1,1,0.5000,6,93,0.091350
2571,-30.600,周期字段（降权）,0x288,8,6,7,1,1,0.5000,6,93,0.220050
2572,-30.600,周期字段（降权）,0x2AA,3,1,7,1,1,0.5000,6,93,0.307900
2573,-30.600,周期字段（降权）,0x2AA,3,2,7,1,1,0.5000,6,93,0.007800
2574,-30.600,周期字段（降权）,0x2E8,8,6,7,1,1,0.5000,6,93,-0.022150
2575,-30.600,周期字段（降权）,0x2EC,3,2,7,1,1,0.5000,6,93,0.252850
2576,-30.600,周期字段（降权）,0x318,8,6,4,1,1,0.5000,6,93,0.062700
2577,-30.600,周期字段（降权）,0x552,8,6,7,1,1,0.5000,6,93,0.301600
2578,-30.600,周期字段（降权）,0x553,8,6,7,1,1,0.5000,6,93,0.297150
2579,-30.600,周期字段（降权）,0x682,8,6,7,1,1,0.5000,6,93,0.336600
2580,-30.600,周期字段（降权）,0x782,8,0,1,1,0,0.6333,4,13,1.170050
2581,-30.600,周期字段（降权）,0x789,4,2,7,1,1,0.5000,6,93,0.295950
2582,-30.600,周期字段（降权）,0x789,4,3,7,1,1,0.5000,6,93,0.294750
2583,-30.600,周期字段（降权）,0x797,4,2,7,1,1,0.5000,6,93,0.340550
2584,-30.600,周期字段（降权）,0x798,8,6,7,1,1,0.5000,6,93,0.326150
2585,-30.800,周期字段（降权）,0x2A8,8,6,7,1,1,0.5000,6,94,0.132050
2586,-30.800,周期字段（降权）,0x2A8,8,7,7,1,1,0.5000,6,94,0.132050
2587,-31.400,周期字段（降权）,0x318,8,7,4,不一致,0,0.5225,6,97,-0.037700
2588,-32.000,周期字段（降权）,0x122,8,0,0,1,1,0.5000,6,738,-0.241050
2589,-32.000,周期字段（降权）,0x122,8,2,1,1,1,0.5000,6,738,-0.241050
2590,-32.000,周期字段（降权）,0x122,8,2,4,1,1,0.5000,6,738,-0.241050
2591,-32.000,周期字段（降权）,0x122,8,3,1,1,1,0.5000,6,738,-0.241050
2592,-32.000,周期字段（降权）,0x122,8,3,4,1,1,0.5000,6,738,-0.241050
2593,-32.000,周期字段（降权）,0x122,8,3,7,1,1,0.5000,6,738,-0.241050
2594,-32.000,周期字段（降权）,0x122,8,4,1,1,1,0.5000,6,738,-0.241050
2595,-32.000,周期字段（降权）,0x122,8,4,4,1,1,0.5000,6,738,-0.241050
2596,-32.000,周期字段（降权）,0x122,8,5,0,1,1,0.5000,6,738,-0.241050
2597,-32.000,周期字段（降权）,0x122,8,5,1,1,1,0.5000,6,738,-0.241050
2598,-32.000,周期字段（降权）,0x122,8,5,2,1,1,0.5000,6,738,-0.241050
2599,-32.000,周期字段（降权）,0x122,8,5,3,1,1,0.5000,6,738,-0.241050
2600,-32.000,周期字段（降权）,0x122,8,5,4,1,1,0.5000,6,738,-0.241050
2601,-32.000,周期字段（降权）,0x122,8,5,5,1,1,0.5000,6,738,-0.241050
2602,-32.000,周期字段（降权）,0x123,8,0,0,1,1,0.5000,6,738,-0.245350
2603,-32.000,周期字段（降权）,0x123,8,2,1,1,1,0.5000,6,738,-0.245350
2604,-32.000,周期字段（降权）,0x123,8,2,4,1,1,0.5000,6,738,-0.245350
2605,-32.000,周期字段（降权）,0x123,8,3,1,1,1,0.5000,6,738,-0.245350
2606,-32.000,周期字段（降权）,0x123,8,3,4,1,1,0.5000,6,738,-0.245350
2607,-32.000,周期字段（降权）,0x123,8,3,7,1,1,0.5000,6,738,-0.245350
2608,-32.000,周期字段（降权）,0x123,8,4,1,1,1,0.5000,6,738,-0.245350
2609,-32.000,周期字段（降权）,0x123,8,4,4,1,1,0.5000,6,738,-0.245350
2610,-32.000,周期字段（降权）,0x123,8,4,6,1,1,0.5000,6,738,-0.245350
2611,-32.000,周期字段（降权）,0x123,8,4,7,1,1,0.5000,6,738,-0.245350
2612,-32.000,周期字段（降权）,0x123,8,5,0,1,1,0.5000,6,738,-0.245350
2613,-32.000,周期字段（降权）,0x123,8,5,1,1,1,0.5000,6,738,-0.245350
2614,-32.000,周期字段（降权）,0x123,8,5,2,1,1,0.5000,6,738,-0.245350
2615,-32.000,周期字段（降权）,0x123,8,5,3,1,1,0.5000,6,738,-0.245350
2616,-32.000,周期字段（降权）,0x123,8,5,4,1,1,0.5000,6,738,-0.245350
2617,-32.000,周期字段（降权）,0x123,8,5,5,1,1,0.5000,6,738,-0.245350
2618,-32.000,周期字段（降权）,0x123,8,7,7,1,1,0.5000,6,738,-0.245350
2619,-32.000,周期字段（降权）,0x129,8,1,0,1,1,0.5000,6,7416,-0.246950
2620,-32.000,周期字段（降权）,0x129,8,1,1,1,1,0.5000,6,3710,-0.236900
2621,-32.000,周期字段（降权）,0x129,8,1,2,1,1,0.5000,6,1855,-0.216950
2622,-32.000,周期字段（降权）,0x129,8,1,3,1,1,0.5000,6,928,-0.216550
2623,-32.000,周期字段（降权）,0x142,8,0,0,1,1,0.5000,6,1482,-0.202250
2624,-32.000,周期字段（降权）,0x142,8,0,3,1,1,0.5000,6,1482,-0.202250
2625,-32.000,周期字段（降权）,0x142,8,0,5,1,1,0.5000,6,1482,-0.202250
2626,-32.000,周期字段（降权）,0x142,8,2,1,1,1,0.5000,6,1482,-0.202250
2627,-32.000,周期字段（降权）,0x142,8,2,6,1,1,0.5000,6,1482,-0.202250
2628,-32.000,周期字段（降权）,0x142,8,3,0,1,1,0.5000,6,1482,-0.202250
2629,-32.000,周期字段（降权）,0x142,8,3,4,1,1,0.5000,6,1482,-0.202250
2630,-32.000,周期字段（降权）,0x142,8,3,6,1,1,0.5000,6,1482,-0.202250
2631,-32.000,周期字段（降权）,0x142,8,4,6,1,1,0.5000,6,1482,-0.202250
2632,-32.000,周期字段（降权）,0x142,8,4,7,1,1,0.5000,6,1482,-0.202250
2633,-32.000,周期字段（降权）,0x142,8,5,0,1,1,0.5000,6,1482,-0.202250
2634,-32.000,周期字段（降权）,0x142,8,5,1,1,1,0.5000,6,1482,-0.202250
2635,-32.000,周期字段（降权）,0x142,8,5,3,1,1,0.5000,6,1482,-0.202250
2636,-32.000,周期字段（降权）,0x142,8,5,4,1,1,0.5000,6,1482,-0.202250
2637,-32.000,周期字段（降权）,0x142,8,6,0,1,1,0.5000,6,1482,-0.202250
2638,-32.000,周期字段（降权）,0x201,8,0,0,1,1,0.5000,6,2966,-0.247600
2639,-32.000,周期字段（降权）,0x201,8,0,1,1,1,0.5000,6,1484,-0.247600
2640,-32.000,周期字段（降权）,0x201,8,1,1,1,1,0.5056,6,1484,-0.247600
2641,-32.000,周期字段（降权）,0x201,8,6,3,1,1,0.5000,6,1484,-0.247600
2642,-32.000,周期字段（降权）,0x201,8,6,5,1,1,0.5000,6,1482,-0.224000
2643,-32.000,周期字段（降权）,0x201,8,7,1,1,1,0.5000,6,1484,-0.247600
2644,-32.000,周期字段（降权）,0x201,8,7,2,1,1,0.5000,6,1484,-0.247600
2645,-32.000,周期字段（降权）,0x201,8,7,3,1,1,0.5000,6,1484,-0.247600
2646,-32.000,周期字段（降权）,0x201,8,7,4,1,1,0.5000,6,1484,-0.247600
2647,-32.000,周期字段（降权）,0x201,8,7,5,1,1,0.5000,6,1484,-0.247600
2648,-32.000,周期字段（降权）,0x20E,3,0,0,1,1,0.5000,6,738,-0.243250
2649,-32.000,周期字段（降权）,0x20E,3,0,1,1,1,0.5000,6,371,-0.143300
2650,-32.000,周期字段（降权）,0x20E,3,0,2,1,1,0.5000,6,186,0.055950
2651,-32.000,周期字段（降权）,0x20E,3,1,0,1,1,0.5000,6,738,-0.243250
2652,-32.000,周期字段（降权）,0x20E,3,1,1,1,1,0.5000,6,371,-0.143300
2653,-32.000,周期字段（降权）,0x20E,3,1,2,1,1,0.5000,6,186,0.055950
2654,-32.000,周期字段（降权）,0x213,2,0,4,1,1,0.5000,6,145,-0.130150
2655,-32.000,周期字段（降权）,0x213,2,1,4,1,1,0.5000,6,145,-0.130150
2656,-32.000,周期字段（降权）,0x219,7,0,0,1,1,0.5000,6,743,-0.184450
2657,-32.000,周期字段（降权）,0x219,7,5,0,1,1,0.5000,6,743,-0.184450
2658,-32.000,周期字段（降权）,0x221,8,0,0,1,1,0.5000,6,1482,-0.207900
2659,-32.000,周期字段（降权）,0x221,8,1,6,1,1,0.5000,6,1482,-0.207900
2660,-32.000,周期字段（降权）,0x221,8,2,4,1,1,0.5000,6,1482,-0.207900
2661,-32.000,周期字段（降权）,0x221,8,2,6,1,1,0.5000,6,1482,-0.207900
2662,-32.000,周期字段（降权）,0x221,8,3,2,1,1,0.5000,6,1482,-0.207900
2663,-32.000,周期字段（降权）,0x221,8,3,4,1,1,0.5000,6,1482,-0.207900
2664,-32.000,周期字段（降权）,0x221,8,3,6,1,1,0.5000,6,1482,-0.207900
2665,-32.000,周期字段（降权）,0x221,8,4,0,1,1,0.5000,6,1482,-0.207900
2666,-32.000,周期字段（降权）,0x221,8,5,1,1,1,0.5000,6,1482,-0.207900
2667,-32.000,周期字段（降权）,0x221,8,5,4,1,1,0.5000,6,1482,-0.207900
2668,-32.000,周期字段（降权）,0x221,8,5,6,1,1,0.5000,6,1482,-0.207900
2669,-32.000,周期字段（降权）,0x221,8,6,0,1,1,0.5000,6,1482,-0.207900
2670,-32.000,周期字段（降权）,0x221,8,6,4,1,1,0.5000,6,1482,-0.207900
2671,-32.000,周期字段（降权）,0x221,8,6,5,1,1,0.5000,6,743,-0.157950
2672,-32.000,周期字段（降权）,0x221,8,6,6,1,1,0.5000,6,372,-0.058150
2673,-32.000,周期字段（降权）,0x221,8,6,7,1,1,0.5000,6,187,0.140850
2674,-32.000,周期字段（降权）,0x221,8,7,0,1,1,0.5000,6,1482,-0.207900
2675,-32.000,周期字段（降权）,0x221,8,7,5,1,1,0.5000,6,743,-0.157950
2676,-32.000,周期字段（降权）,0x221,8,7,6,1,1,0.5000,6,372,-0.058150
2677,-32.000,周期字段（降权）,0x221,8,7,7,1,1,0.5000,6,187,0.140850
2678,-32.000,周期字段（降权）,0x228,8,6,4,1,1,0.5000,6,738,-0.235950
2679,-32.000,周期字段（降权）,0x228,8,6,5,1,1,0.5000,6,371,-0.135950
2680,-32.000,周期字段（降权）,0x228,8,6,6,1,1,0.5000,6,186,0.062800
2681,-32.000,周期字段（降权）,0x228,8,7,4,1,1,0.5000,6,738,-0.235950
2682,-32.000,周期字段（降权）,0x228,8,7,5,1,1,0.5000,6,367,-0.235950
2683,-32.000,周期字段（降权）,0x228,8,7,6,1,1,0.5000,6,184,-0.234650
2684,-32.000,周期字段（降权）,0x229,3,1,0,1,1,0.5000,6,738,-0.216800
2685,-32.000,周期字段（降权）,0x229,3,1,1,1,1,0.5000,6,367,-0.216800
2686,-32.000,周期字段（降权）,0x229,3,1,2,1,1,0.5000,6,183,-0.017150
2687,-32.000,周期字段（降权）,0x234,8,1,0,1,1,0.5000,6,1482,-0.213700
2688,-32.000,周期字段（降权）,0x234,8,1,6,1,1,0.5000,6,1482,-0.213700
2689,-32.000,周期字段（降权）,0x234,8,2,1,1,1,0.5000,6,1482,-0.213700
2690,-32.000,周期字段（降权）,0x234,8,3,4,1,1,0.5000,6,1482,-0.213700
2691,-32.000,周期字段（降权）,0x234,8,3,5,1,1,0.5000,6,1482,-0.213700
2692,-32.000,周期字段（降权）,0x234,8,3,7,1,1,0.5000,6,1482,-0.213700
2693,-32.000,周期字段（降权）,0x234,8,4,1,1,1,0.5000,6,1482,-0.213700
2694,-32.000,周期字段（降权）,0x234,8,4,7,1,1,0.5000,6,1482,-0.213700
2695,-32.000,周期字段（降权）,0x234,8,5,2,1,1,0.5000,6,1482,-0.213700
2696,-32.000,周期字段（降权）,0x234,8,6,2,1,1,0.5000,6,1482,-0.213700
2697,-32.000,周期字段（降权）,0x234,8,6,4,1,1,0.5000,6,1482,-0.213700
2698,-32.000,周期字段（降权）,0x234,8,6,5,1,1,0.5000,6,739,-0.213700
2699,-32.000,周期字段（降权）,0x234,8,6,6,1,1,0.5000,6,367,-0.213700
2700,-32.000,周期字段（降权）,0x234,8,6,7,1,1,0.5000,6,183,-0.014900
2701,-32.000,周期字段（降权）,0x234,8,7,5,不一致,不一致,0.5075,6,742,-0.213700
2702,-32.000,周期字段（降权）,0x238,8,6,4,1,1,0.5000,6,150,0.120150
2703,-32.000,周期字段（降权）,0x238,8,7,4,1,1,0.5000,6,150,0.120150
2704,-32.000,周期字段（降权）,0x23E,8,6,4,1,1,0.5000,6,1855,-0.227850
2705,-32.000,周期字段（降权）,0x23E,8,6,5,1,1,0.5000,6,928,-0.188550
2706,-32.000,周期字段（降权）,0x23E,8,6,6,1,1,0.5000,6,465,-0.147400
2707,-32.000,周期字段（降权）,0x23E,8,6,7,不一致,不一致,0.5110,6,232,-0.067650
2708,-32.000,周期字段（降权）,0x23E,8,7,5,1,1,0.5010,6,930,-0.207700
2709,-32.000,周期字段（降权）,0x249,4,1,0,1,1,0.5000,6,1482,-0.216650
2710,-32.000,周期字段（降权）,0x249,4,1,1,1,1,0.5000,6,739,-0.216650
2711,-32.000,周期字段（降权）,0x249,4,1,2,1,1,0.5000,6,367,-0.216650
2712,-32.000,周期字段（降权）,0x249,4,1,3,1,1,0.5000,6,184,-0.216100
2713,-32.000,周期字段（降权）,0x25B,8,6,4,1,1,0.5000,6,738,-0.209550
2714,-32.000,周期字段（降权）,0x25B,8,6,5,1,1,0.5000,6,371,-0.109350
2715,-32.000,周期字段（降权）,0x25B,8,6,6,1,1,0.5000,6,185,-0.107650
2716,-32.000,周期字段（降权）,0x25B,8,7,4,1,1,0.5000,6,738,-0.209550
2717,-32.000,周期字段（降权）,0x25B,8,7,5,1,1,0.5000,6,371,-0.109350
2718,-32.000,周期字段（降权）,0x25B,8,7,6,1,1,0.5000,6,186,0.089650
2719,-32.000,周期字段（降权）,0x261,8,0,0,1,1,0.5000,6,4635,-0.239200
2720,-32.000,周期字段（降权）,0x261,8,1,0,不一致,不一致,0.5344,6,1546,-0.226000
2721,-32.000,周期字段（降权）,0x261,8,1,3,不一致,不一致,0.5344,6,1546,-0.226000
2722,-32.000,周期字段（降权）,0x261,8,5,3,不一致,1,0.5016,6,1545,-0.226550
2723,-32.000,周期字段（降权）,0x261,8,6,4,1,1,0.5000,6,4635,-0.239200
2724,-32.000,周期字段（降权）,0x261,8,6,5,1,1,0.5000,6,2316,-0.237800
2725,-32.000,周期字段（降权）,0x261,8,6,6,不一致,不一致,0.5024,6,1158,-0.218100
2726,-32.000,周期字段（降权）,0x261,8,6,7,不一致,不一致,0.5036,6,580,-0.166400
2727,-32.000,周期字段（降权）,0x272,8,0,0,1,1,0.5000,6,738,-0.233950
2728,-32.000,周期字段（降权）,0x272,8,0,1,1,1,0.5000,6,738,-0.233950
2729,-32.000,周期字段（降权）,0x272,8,0,2,1,1,0.5000,6,738,-0.233950
2730,-32.000,周期字段（降权）,0x272,8,0,3,1,1,0.5000,6,738,-0.233950
2731,-32.000,周期字段（降权）,0x272,8,1,7,1,1,0.5000,6,738,-0.233950
2732,-32.000,周期字段（降权）,0x272,8,2,3,1,1,0.5000,6,738,-0.233950
2733,-32.000,周期字段（降权）,0x272,8,2,4,1,1,0.5000,6,738,-0.233950
2734,-32.000,周期字段（降权）,0x272,8,2,7,1,1,0.5000,6,738,-0.233950
2735,-32.000,周期字段（降权）,0x272,8,3,6,1,1,0.5000,6,738,-0.233950
2736,-32.000,周期字段（降权）,0x272,8,3,7,1,1,0.5000,6,738,-0.233950
2737,-32.000,周期字段（降权）,0x272,8,4,0,1,1,0.5000,6,738,-0.233950
2738,-32.000,周期字段（降权）,0x272,8,4,1,1,1,0.5000,6,738,-0.233950
2739,-32.000,周期字段（降权）,0x272,8,4,2,1,1,0.5000,6,738,-0.233950
2740,-32.000,周期字段（降权）,0x272,8,5,4,1,1,0.5000,6,738,-0.233950
2741,-32.000,周期字段（降权）,0x272,8,5,5,1,1,0.5000,6,738,-0.233950
2742,-32.000,周期字段（降权）,0x272,8,5,7,1,1,0.5000,6,738,-0.233950
2743,-32.000,周期字段（降权）,0x272,8,6,0,1,1,0.5000,6,738,-0.233950
2744,-32.000,周期字段（降权）,0x272,8,6,1,1,1,0.5000,6,738,-0.233950
2745,-32.000,周期字段（降权）,0x272,8,6,2,1,1,0.5000,6,738,-0.233950
2746,-32.000,周期字段（降权）,0x272,8,7,3,1,1,0.5000,6,738,-0.233950
2747,-32.000,周期字段（降权）,0x284,8,6,4,1,1,0.5000,6,150,0.171000
2748,-32.000,周期字段（降权）,0x284,8,7,4,1,1,0.5000,6,150,0.171000
2749,-32.000,周期字段（降权）,0x288,8,6,4,1,1,0.5000,6,743,-0.180600
2750,-32.000,周期字段（降权）,0x288,8,6,5,1,1,0.5000,6,371,-0.180600
2751,-32.000,周期字段（降权）,0x288,8,6,6,1,1,0.5000,6,186,0.018000
2752,-32.000,周期字段（降权）,0x288,8,7,4,1,1,0.5000,6,743,-0.180600
2753,-32.000,周期字段（降权）,0x288,8,7,5,1,1,0.5000,6,372,-0.080600
2754,-32.000,周期字段（降权）,0x288,8,7,6,1,1,0.5000,6,185,-0.079200
2755,-32.000,周期字段（降权）,0x289,8,3,6,1,1,0.5000,6,738,-0.213000
2756,-32.000,周期字段（降权）,0x289,8,4,2,1,1,0.5000,6,738,-0.213000
2757,-32.000,周期字段（降权）,0x293,8,6,4,1,1,0.5000,6,145,-0.179000
2758,-32.000,周期字段（降权）,0x293,8,7,4,1,1,0.5000,6,145,-0.179000
2759,-32.000,周期字段（降权）,0x2A8,8,6,4,1,1,0.5000,6,743,-0.168550
2760,-32.000,周期字段（降权）,0x2A8,8,6,5,1,1,0.5000,6,372,-0.068550
2761,-32.000,周期字段（降权）,0x2A8,8,6,6,1,1,0.5000,6,187,0.130050
2762,-32.000,周期字段（降权）,0x2A8,8,7,4,1,1,0.5000,6,743,-0.168550
2763,-32.000,周期字段（降权）,0x2A8,8,7,5,1,1,0.5000,6,372,-0.068550
2764,-32.000,周期字段（降权）,0x2A8,8,7,6,1,1,0.5000,6,187,0.130050
2765,-32.000,周期字段（降权）,0x2AA,3,1,4,1,1,0.5000,6,744,-0.192700
2766,-32.000,周期字段（降权）,0x2AA,3,1,5,1,1,0.5000,6,372,-0.092700
2767,-32.000,周期字段（降权）,0x2AA,3,1,6,1,1,0.5000,6,187,0.105850
2768,-32.000,周期字段（降权）,0x2AA,3,2,4,1,1,0.5000,6,744,-0.192700
2769,-32.000,周期字段（降权）,0x2AA,3,2,5,1,1,0.5000,6,372,-0.192700
2770,-32.000,周期字段（降权）,0x2AA,3,2,6,1,1,0.5000,6,186,0.005800
2771,-32.000,周期字段（降权）,0x2B3,8,0,2,0,0,0.5254,6,290,-0.124500
2772,-32.000,周期字段（降权）,0x2B3,8,0,3,0,0,0.5314,6,146,0.084350
2773,-32.000,周期字段（降权）,0x2C2,8,0,0,1,1,0.5000,6,745,-0.184900
2774,-32.000,周期字段（降权）,0x2C2,8,0,2,1,1,0.5000,6,745,-0.184900
2775,-32.000,周期字段（降权）,0x2C2,8,0,4,1,1,0.5000,6,745,-0.184900
2776,-32.000,周期字段（降权）,0x2C2,8,0,5,1,1,0.5000,6,745,-0.184900
2777,-32.000,周期字段（降权）,0x2C2,8,0,6,1,1,0.5000,6,745,-0.184900
2778,-32.000,周期字段（降权）,0x2C2,8,1,0,1,1,0.5000,6,745,-0.184900
2779,-32.000,周期字段（降权）,0x2C2,8,1,1,1,1,0.5000,6,745,-0.184900
2780,-32.000,周期字段（降权）,0x2C2,8,1,3,1,1,0.5000,6,745,-0.184900
2781,-32.000,周期字段（降权）,0x2C2,8,1,4,1,1,0.5000,6,745,-0.184900
2782,-32.000,周期字段（降权）,0x2C2,8,2,0,1,1,0.5000,6,745,-0.184900
2783,-32.000,周期字段（降权）,0x2C2,8,2,6,1,1,0.5000,6,745,-0.184900
2784,-32.000,周期字段（降权）,0x2C2,8,3,0,1,1,0.5000,6,745,-0.184900
2785,-32.000,周期字段（降权）,0x2C2,8,3,2,1,1,0.5000,6,745,-0.184900
2786,-32.000,周期字段（降权）,0x2C2,8,3,3,1,1,0.5000,6,745,-0.184900
2787,-32.000,周期字段（降权）,0x2C2,8,7,6,1,1,0.5000,6,745,-0.184900
2788,-32.000,周期字段（降权）,0x2C3,8,0,0,1,1,0.5000,6,743,-0.185350
2789,-32.000,周期字段（降权）,0x2C3,8,0,2,1,1,0.5000,6,743,-0.185350
2790,-32.000,周期字段（降权）,0x2C3,8,0,4,1,1,0.5000,6,743,-0.185350
2791,-32.000,周期字段（降权）,0x2C3,8,0,6,1,1,0.5000,6,743,-0.185350
2792,-32.000,周期字段（降权）,0x2C3,8,1,0,1,1,0.5000,6,743,-0.185350
2793,-32.000,周期字段（降权）,0x2C3,8,1,1,1,1,0.5000,6,743,-0.185350
2794,-32.000,周期字段（降权）,0x2C3,8,1,3,1,1,0.5000,6,743,-0.185350
2795,-32.000,周期字段（降权）,0x2C3,8,1,4,1,1,0.5000,6,743,-0.185350
2796,-32.000,周期字段（降权）,0x2C3,8,1,6,1,1,0.5000,6,743,-0.185350
2797,-32.000,周期字段（降权）,0x2C3,8,2,0,1,1,0.5000,6,743,-0.185350
2798,-32.000,周期字段（降权）,0x2C3,8,2,3,1,1,0.5000,6,743,-0.185350
2799,-32.000,周期字段（降权）,0x2C3,8,2,5,1,1,0.5000,6,743,-0.185350
2800,-32.000,周期字段（降权）,0x2C3,8,2,6,1,1,0.5000,6,743,-0.185350
2801,-32.000,周期字段（降权）,0x2C3,8,3,0,1,1,0.5000,6,743,-0.185350
2802,-32.000,周期字段（降权）,0x2C3,8,3,2,1,1,0.5000,6,743,-0.185350
2803,-32.000,周期字段（降权）,0x2C3,8,3,3,1,1,0.5000,6,743,-0.185350
2804,-32.000,周期字段（降权）,0x2C3,8,3,4,1,1,0.5000,6,743,-0.185350
2805,-32.000,周期字段（降权）,0x2C3,8,3,5,1,1,0.5000,6,743,-0.185350
2806,-32.000,周期字段（降权）,0x2C3,8,3,6,1,1,0.5000,6,743,-0.185350
2807,-32.000,周期字段（降权）,0x2C3,8,3,7,1,1,0.5000,6,743,-0.185350
2808,-32.000,周期字段（降权）,0x2C3,8,4,0,1,1,0.5000,6,743,-0.185350
2809,-32.000,周期字段（降权）,0x2C3,8,4,1,1,1,0.5000,6,743,-0.185350
2810,-32.000,周期字段（降权）,0x2C3,8,6,1,1,1,0.5000,6,743,-0.185350
2811,-32.000,周期字段（降权）,0x2C3,8,6,4,1,1,0.5000,6,743,-0.185350
2812,-32.000,周期字段（降权）,0x2C3,8,6,7,1,1,0.5000,6,743,-0.185350
2813,-32.000,周期字段（降权）,0x2C3,8,7,1,1,1,0.5000,6,743,-0.185350
2814,-32.000,周期字段（降权）,0x2C3,8,7,2,1,1,0.5000,6,743,-0.185350
2815,-32.000,周期字段（降权）,0x2C3,8,7,3,1,1,0.5000,6,743,-0.185350
2816,-32.000,周期字段（降权）,0x2C3,8,7,5,1,1,0.5000,6,743,-0.185350
2817,-32.000,周期字段（降权）,0x2C3,8,7,6,1,1,0.5000,6,743,-0.185350
2818,-32.000,周期字段（降权）,0x2C4,8,0,1,0,0,0.5250,6,353,-0.161650
2819,-32.000,周期字段（降权）,0x2E1,8,0,0,1,1,0.5000,6,4634,-0.245150
2820,-32.000,周期字段（降权）,0x2E1,8,1,3,1,不一致,0.5008,6,1545,-0.222500
2821,-32.000,周期字段（降权）,0x2E1,8,1,5,不一致,不一致,0.5020,6,1545,-0.225100
2822,-32.000,周期字段（降权）,0x2E1,8,2,6,1,不一致,0.5008,6,1545,-0.222500
2823,-32.000,周期字段（降权）,0x2E2,8,0,2,0,0,0.5600,6,107,0.024550
2824,-32.000,周期字段（降权）,0x2E2,8,7,7,0,0,0.5600,6,106,0.124450
2825,-32.000,周期字段（降权）,0x2E3,7,0,2,1,0,0.5200,6,123,0.024450
2826,-32.000,周期字段（降权）,0x2E8,8,6,4,1,1,0.5000,6,738,-0.222550
2827,-32.000,周期字段（降权）,0x2E8,8,6,5,1,1,0.5000,6,367,-0.222550
2828,-32.000,周期字段（降权）,0x2E8,8,6,6,1,1,0.5000,6,184,-0.221800
2829,-32.000,周期字段（降权）,0x2E8,8,7,4,1,1,0.5000,6,738,-0.222550
2830,-32.000,周期字段（降权）,0x2E8,8,7,5,1,1,0.5000,6,367,-0.222550
2831,-32.000,周期字段（降权）,0x2E8,8,7,6,1,1,0.5000,6,184,-0.221800
2832,-32.000,周期字段（降权）,0x2EC,3,1,4,1,1,0.5000,6,738,-0.247850
2833,-32.000,周期字段（降权）,0x2EC,3,1,5,1,1,0.5000,6,367,-0.247850
2834,-32.000,周期字段（降权）,0x2EC,3,1,6,1,1,0.5000,6,184,-0.246650
2835,-32.000,周期字段（降权）,0x2EC,3,2,4,1,1,0.5000,6,738,-0.247850
2836,-32.000,周期字段（降权）,0x2EC,3,2,5,1,1,0.5000,6,371,-0.147700
2837,-32.000,周期字段（降权）,0x2EC,3,2,6,1,1,0.5000,6,186,0.050650
2838,-32.000,周期字段（降权）,0x2F9,8,3,3,1,1,0.5000,6,743,-0.177650
2839,-32.000,周期字段（降权）,0x312,8,0,0,1,1,0.5000,6,150,0.168750
2840,-32.000,周期字段（降权）,0x312,8,0,6,1,1,0.5000,6,150,0.168750
2841,-32.000,周期字段（降权）,0x312,8,1,1,1,1,0.5000,6,150,0.168750
2842,-32.000,周期字段（降权）,0x312,8,1,2,1,1,0.5000,6,150,0.168750
2843,-32.000,周期字段（降权）,0x312,8,1,5,1,1,0.5000,6,150,0.168750
2844,-32.000,周期字段（降权）,0x312,8,1,6,1,1,0.5000,6,150,0.168750
2845,-32.000,周期字段（降权）,0x312,8,2,0,1,1,0.5000,6,150,0.168750
2846,-32.000,周期字段（降权）,0x312,8,2,5,1,1,0.5000,6,150,0.168750
2847,-32.000,周期字段（降权）,0x312,8,2,7,1,1,0.5000,6,150,0.168750
2848,-32.000,周期字段（降权）,0x312,8,3,4,1,1,0.5000,6,150,0.168750
2849,-32.000,周期字段（降权）,0x312,8,4,0,1,1,0.5000,6,150,0.168750
2850,-32.000,周期字段（降权）,0x312,8,4,1,1,1,0.5000,6,150,0.168750
2851,-32.000,周期字段（降权）,0x312,8,4,2,1,1,0.5000,6,150,0.168750
2852,-32.000,周期字段（降权）,0x312,8,4,3,1,1,0.5000,6,150,0.168750
2853,-32.000,周期字段（降权）,0x312,8,4,6,1,1,0.5000,6,150,0.168750
2854,-32.000,周期字段（降权）,0x312,8,5,2,1,1,0.5000,6,150,0.168750
2855,-32.000,周期字段（降权）,0x312,8,5,5,1,1,0.5000,6,150,0.168750
2856,-32.000,周期字段（降权）,0x312,8,6,0,1,1,0.5000,6,150,0.168750
2857,-32.000,周期字段（降权）,0x312,8,6,2,1,1,0.5000,6,150,0.168750
2858,-32.000,周期字段（降权）,0x312,8,6,4,1,1,0.5000,6,150,0.168750
2859,-32.000,周期字段（降权）,0x312,8,7,2,1,1,0.5000,6,150,0.168750
2860,-32.000,周期字段（降权）,0x312,8,7,4,1,1,0.5000,6,150,0.168750
2861,-32.000,周期字段（降权）,0x313,8,6,4,1,1,0.5000,6,145,-0.230250
2862,-32.000,周期字段（降权）,0x313,8,7,4,1,1,0.5000,6,145,-0.230250
2863,-32.000,周期字段（降权）,0x318,8,6,1,1,1,0.5000,6,738,-0.237600
2864,-32.000,周期字段（降权）,0x318,8,6,2,1,1,0.5000,6,371,-0.137550
2865,-32.000,周期字段（降权）,0x318,8,6,3,1,1,0.5000,6,186,0.060850
2866,-32.000,周期字段（降权）,0x318,8,7,3,1,不一致,0.5150,6,194,-0.136900
2867,-32.000,周期字段（降权）,0x31A,8,6,4,1,1,0.5000,6,366,-0.243150
2868,-32.000,周期字段（降权）,0x31A,8,6,5,1,1,0.5000,6,183,-0.241950
2869,-32.000,周期字段（降权）,0x31A,8,7,4,1,1,0.5000,6,366,-0.243150
2870,-32.000,周期字段（降权）,0x31A,8,7,5,1,1,0.5000,6,183,-0.044600
2871,-32.000,周期字段（降权）,0x334,8,6,4,1,1,0.5000,6,144,-0.028850
2872,-32.000,周期字段（降权）,0x334,8,7,4,1,1,0.5000,6,144,-0.028850
2873,-32.000,周期字段（降权）,0x340,8,0,0,1,1,0.5000,6,738,-0.230150
2874,-32.000,周期字段（降权）,0x340,8,0,1,1,1,0.5000,6,371,-0.130050
2875,-32.000,周期字段（降权）,0x34A,8,0,0,1,1,0.5000,6,150,0.116650
2876,-32.000,周期字段（降权）,0x372,8,0,1,0,0,0.5333,6,593,-0.248450
2877,-32.000,周期字段（降权）,0x372,8,0,2,0,0,0.5333,6,296,-0.248450
2878,-32.000,周期字段（降权）,0x372,8,0,3,0,0,0.5333,6,150,0.032450
2879,-32.000,周期字段（降权）,0x379,8,0,0,1,1,0.5000,6,738,-0.226550
2880,-32.000,周期字段（降权）,0x379,8,0,1,1,1,0.5000,6,367,-0.226550
2881,-32.000,周期字段（降权）,0x37A,8,0,0,1,1,0.5000,6,738,-0.212600
2882,-32.000,周期字段（降权）,0x37A,8,0,1,1,1,0.5000,6,367,-0.212600
2883,-32.000,周期字段（降权）,0x381,8,0,1,0,0,0.5185,6,1068,-0.199450
2884,-32.000,周期字段（降权）,0x392,8,0,0,1,1,0.5000,6,150,0.169500
2885,-32.000,周期字段（降权）,0x392,8,1,2,1,1,0.5000,6,150,0.169500
2886,-32.000,周期字段（降权）,0x392,8,1,3,1,1,0.5000,6,150,0.169500
2887,-32.000,周期字段（降权）,0x392,8,2,0,1,1,0.5000,6,150,0.169500
2888,-32.000,周期字段（降权）,0x392,8,2,3,1,1,0.5000,6,150,0.169500
2889,-32.000,周期字段（降权）,0x392,8,2,5,1,1,0.5000,6,150,0.169500
2890,-32.000,周期字段（降权）,0x392,8,2,7,1,1,0.5000,6,150,0.169500
2891,-32.000,周期字段（降权）,0x392,8,3,0,1,1,0.5000,6,150,0.169500
2892,-32.000,周期字段（降权）,0x392,8,3,1,1,1,0.5000,6,150,0.169500
2893,-32.000,周期字段（降权）,0x392,8,3,2,1,1,0.5000,6,150,0.169500
2894,-32.000,周期字段（降权）,0x392,8,3,5,1,1,0.5000,6,150,0.169500
2895,-32.000,周期字段（降权）,0x392,8,3,6,1,1,0.5000,6,150,0.169500
2896,-32.000,周期字段（降权）,0x392,8,4,4,1,1,0.5000,6,150,0.169500
2897,-32.000,周期字段（降权）,0x392,8,5,0,1,1,0.5000,6,150,0.169500
2898,-32.000,周期字段（降权）,0x392,8,5,1,1,1,0.5000,6,150,0.169500
2899,-32.000,周期字段（降权）,0x392,8,5,2,1,1,0.5000,6,150,0.169500
2900,-32.000,周期字段（降权）,0x392,8,5,5,1,1,0.5000,6,150,0.169500
2901,-32.000,周期字段（降权）,0x392,8,6,1,1,1,0.5000,6,150,0.169500
2902,-32.000,周期字段（降权）,0x393,8,0,0,1,1,0.5000,6,738,-0.233350
2903,-32.000,周期字段（降权）,0x393,8,0,1,1,1,0.5000,6,738,-0.233350
2904,-32.000,周期字段（降权）,0x393,8,0,2,1,1,0.5000,6,738,-0.233350
2905,-32.000,周期字段（降权）,0x393,8,0,3,1,1,0.5000,6,738,-0.233350
2906,-32.000,周期字段（降权）,0x393,8,1,7,1,1,0.5000,6,738,-0.233350
2907,-32.000,周期字段（降权）,0x393,8,2,3,1,1,0.5000,6,738,-0.233350
2908,-32.000,周期字段（降权）,0x393,8,2,4,1,1,0.5000,6,738,-0.233350
2909,-32.000,周期字段（降权）,0x393,8,2,7,1,1,0.5000,6,738,-0.233350
2910,-32.000,周期字段（降权）,0x393,8,3,4,1,1,0.5000,6,738,-0.233350
2911,-32.000,周期字段（降权）,0x393,8,3,6,1,1,0.5000,6,738,-0.233350
2912,-32.000,周期字段（降权）,0x393,8,3,7,1,1,0.5000,6,738,-0.233350
2913,-32.000,周期字段（降权）,0x393,8,4,0,1,1,0.5000,6,738,-0.233350
2914,-32.000,周期字段（降权）,0x393,8,4,1,1,1,0.5000,6,738,-0.233350
2915,-32.000,周期字段（降权）,0x393,8,4,2,1,1,0.5000,6,738,-0.233350
2916,-32.000,周期字段（降权）,0x393,8,5,4,1,1,0.5000,6,738,-0.233350
2917,-32.000,周期字段（降权）,0x393,8,5,5,1,1,0.5000,6,738,-0.233350
2918,-32.000,周期字段（降权）,0x393,8,5,7,1,1,0.5000,6,738,-0.233350
2919,-32.000,周期字段（降权）,0x393,8,6,0,1,1,0.5000,6,738,-0.233350
2920,-32.000,周期字段（降权）,0x393,8,6,1,1,1,0.5000,6,738,-0.233350
2921,-32.000,周期字段（降权）,0x393,8,6,2,1,1,0.5000,6,738,-0.233350
2922,-32.000,周期字段（降权）,0x393,8,7,3,1,1,0.5000,6,738,-0.233350
2923,-32.000,周期字段（降权）,0x39A,8,0,0,1,1,0.5000,6,744,-0.191550
2924,-32.000,周期字段（降权）,0x39A,8,0,7,1,1,0.5000,6,744,-0.191550
2925,-32.000,周期字段（降权）,0x39A,8,1,1,1,1,0.5000,6,744,-0.191550
2926,-32.000,周期字段（降权）,0x39A,8,5,1,1,1,0.5000,6,744,-0.191550
2927,-32.000,周期字段（降权）,0x39A,8,6,0,1,1,0.5000,6,744,-0.191550
2928,-32.000,周期字段（降权）,0x39A,8,6,1,1,1,0.5000,6,744,-0.191550
2929,-32.000,周期字段（降权）,0x39A,8,7,0,1,1,0.5000,6,744,-0.191550
2930,-32.000,周期字段（降权）,0x39A,8,7,1,1,1,0.5000,6,744,-0.191550
2931,-32.000,周期字段（降权）,0x39A,8,7,3,1,1,0.5000,6,744,-0.191550
2932,-32.000,周期字段（降权）,0x39A,8,7,4,1,1,0.5000,6,744,-0.191550
2933,-32.000,周期字段（降权）,0x39B,8,6,4,1,1,0.5059,6,148,-0.142150
2934,-32.000,周期字段（降权）,0x39B,8,7,4,不一致,1,0.5059,6,148,-0.142150
2935,-32.000,周期字段（降权）,0x39D,5,0,0,1,1,0.5000,6,1855,-0.236300
2936,-32.000,周期字段（降权）,0x39D,5,0,1,1,1,0.5000,6,927,-0.235550
2937,-32.000,周期字段（降权）,0x39D,5,0,2,1,1,0.5000,6,463,-0.156550
2938,-32.000,周期字段（降权）,0x39D,5,0,3,不一致,不一致,0.5120,6,231,-0.095400
2939,-32.000,周期字段（降权）,0x39D,5,0,4,不一致,不一致,0.5120,6,231,-0.095400
2940,-32.000,周期字段（降权）,0x39D,5,0,5,不一致,不一致,0.5120,6,231,-0.095400
2941,-32.000,周期字段（降权）,0x39D,5,1,0,1,1,0.5000,6,1855,-0.236300
2942,-32.000,周期字段（降权）,0x39D,5,1,1,1,1,0.5000,6,927,-0.235550
2943,-32.000,周期字段（降权）,0x39D,5,1,2,1,1,0.5000,6,463,-0.156550
2944,-32.000,周期字段（降权）,0x39D,5,1,3,不一致,不一致,0.5120,6,231,-0.095400
2945,-32.000,周期字段（降权）,0x3A1,8,0,0,1,1,0.5000,6,1483,-0.242150
2946,-32.000,周期字段（降权）,0x3A1,8,0,1,1,1,0.5000,6,1483,-0.242150
2947,-32.000,周期字段（降权）,0x3A1,8,0,6,1,1,0.5000,6,1483,-0.242150
2948,-32.000,周期字段（降权）,0x3A1,8,1,0,1,1,0.5000,6,1483,-0.242150
2949,-32.000,周期字段（降权）,0x3A1,8,1,1,1,1,0.5000,6,1483,-0.242150
2950,-32.000,周期字段（降权）,0x3A1,8,1,4,1,1,0.5000,6,1483,-0.242150
2951,-32.000,周期字段（降权）,0x3A1,8,1,6,1,1,0.5000,6,1483,-0.242150
2952,-32.000,周期字段（降权）,0x3A1,8,1,7,1,1,0.5000,6,1483,-0.242150
2953,-32.000,周期字段（降权）,0x3A1,8,2,1,1,1,0.5000,6,1483,-0.242150
2954,-32.000,周期字段（降权）,0x3A1,8,2,2,1,1,0.5000,6,1483,-0.242150
2955,-32.000,周期字段（降权）,0x3A1,8,2,3,1,1,0.5000,6,1483,-0.242150
2956,-32.000,周期字段（降权）,0x3A1,8,2,6,1,1,0.5000,6,1483,-0.242150
2957,-32.000,周期字段（降权）,0x3A1,8,3,0,1,1,0.5000,6,1483,-0.242150
2958,-32.000,周期字段（降权）,0x3A1,8,4,1,1,1,0.5000,6,1481,-0.242150
2959,-32.000,周期字段（降权）,0x3A1,8,4,2,1,1,0.5000,6,1483,-0.242150
2960,-32.000,周期字段（降权）,0x3A1,8,4,3,1,1,0.5000,6,1483,-0.242150
2961,-32.000,周期字段（降权）,0x3A1,8,4,5,1,1,0.5000,6,1483,-0.242150
2962,-32.000,周期字段（降权）,0x3A1,8,5,3,1,1,0.5000,6,1483,-0.242150
2963,-32.000,周期字段（降权）,0x3A1,8,5,5,1,1,0.5000,6,1483,-0.242150
2964,-32.000,周期字段（降权）,0x3A1,8,6,1,1,1,0.5000,6,1483,-0.242150
2965,-32.000,周期字段（降权）,0x3A1,8,6,4,1,1,0.5000,6,1483,-0.242150
2966,-32.000,周期字段（降权）,0x3A1,8,6,5,1,1,0.5000,6,739,-0.242150
2967,-32.000,周期字段（降权）,0x3A1,8,6,6,1,1,0.5000,6,372,-0.141950
2968,-32.000,周期字段（降权）,0x3A1,8,6,7,1,1,0.5000,6,187,0.057150
2969,-32.000,周期字段（降权）,0x3A1,8,7,0,1,1,0.5000,6,1481,-0.242150
2970,-32.000,周期字段（降权）,0x3AA,8,0,0,1,1,0.5000,6,150,0.034050
2971,-32.000,周期字段（降权）,0x3AE,8,6,0,不一致,不一致,0.5062,6,247,-0.097650
2972,-32.000,周期字段（降权）,0x3AE,8,6,5,不一致,不一致,0.5024,6,978,-0.214750
2973,-32.000,周期字段（降权）,0x3AE,8,6,6,不一致,1,0.5033,6,489,-0.135050
2974,-32.000,周期字段（降权）,0x3AE,8,6,7,不一致,0,0.5043,6,244,-0.037100
2975,-32.000,周期字段（降权）,0x3AE,8,7,0,不一致,不一致,0.5062,6,247,-0.097650
2976,-32.000,周期字段（降权）,0x3AE,8,7,1,不一致,不一致,0.5062,6,247,-0.097650
2977,-32.000,周期字段（降权）,0x3AE,8,7,5,不一致,不一致,0.5024,6,978,-0.214750
2978,-32.000,周期字段（降权）,0x3AE,8,7,6,不一致,0,0.5033,6,489,-0.135050
2979,-32.000,周期字段（降权）,0x3AE,8,7,7,不一致,1,0.5062,6,245,-0.124250
2980,-32.000,周期字段（降权）,0x3C2,8,0,0,1,1,0.5000,6,1482,-0.225900
2981,-32.000,周期字段（降权）,0x3C2,8,0,3,1,1,0.5000,6,1482,-0.225900
2982,-32.000,周期字段（降权）,0x3C2,8,0,5,1,1,0.5000,6,1482,-0.225900
2983,-32.000,周期字段（降权）,0x3C2,8,2,0,1,1,0.5000,6,1482,-0.225900
2984,-32.000,周期字段（降权）,0x3C2,8,2,2,1,1,0.5000,6,1482,-0.225900
2985,-32.000,周期字段（降权）,0x3C2,8,2,4,1,1,0.5000,6,1482,-0.225900
2986,-32.000,周期字段（降权）,0x3C2,8,2,6,1,1,0.5000,6,1482,-0.225900
2987,-32.000,周期字段（降权）,0x3C2,8,3,0,1,1,0.5000,6,1482,-0.225900
2988,-32.000,周期字段（降权）,0x3C2,8,3,2,1,1,0.5000,6,1482,-0.225900
2989,-32.000,周期字段（降权）,0x3C2,8,3,4,1,1,0.5000,6,1482,-0.225900
2990,-32.000,周期字段（降权）,0x3C2,8,3,6,1,1,0.5000,6,1482,-0.225900
2991,-32.000,周期字段（降权）,0x3C2,8,6,0,1,1,0.5000,6,1482,-0.225900
2992,-32.000,周期字段（降权）,0x3C2,8,6,2,1,1,0.5000,6,1482,-0.225900
2993,-32.000,周期字段（降权）,0x3C2,8,6,4,1,1,0.5000,6,1482,-0.225900
2994,-32.000,周期字段（降权）,0x3C2,8,6,6,1,1,0.5000,6,1482,-0.225900
2995,-32.000,周期字段（降权）,0x3C2,8,7,1,1,1,0.5000,6,1482,-0.225900
2996,-32.000,周期字段（降权）,0x3C2,8,7,2,1,1,0.5000,6,1482,-0.225900
2997,-32.000,周期字段（降权）,0x3C3,8,0,0,1,1,0.5000,6,738,-0.209350
2998,-32.000,周期字段（降权）,0x3C3,8,0,2,1,1,0.5000,6,738,-0.209350
2999,-32.000,周期字段（降权）,0x3C3,8,0,4,1,1,0.5000,6,738,-0.209350
3000,-32.000,周期字段（降权）,0x3C3,8,0,6,1,1,0.5000,6,738,-0.209350
3001,-32.000,周期字段（降权）,0x3C3,8,1,0,1,1,0.5000,6,738,-0.209350
3002,-32.000,周期字段（降权）,0x3C3,8,1,2,1,1,0.5000,6,738,-0.209350
3003,-32.000,周期字段（降权）,0x3C3,8,1,4,1,1,0.5000,6,738,-0.209350
3004,-32.000,周期字段（降权）,0x3C3,8,1,6,1,1,0.5000,6,738,-0.209350
3005,-32.000,周期字段（降权）,0x3C3,8,2,0,1,1,0.5000,6,738,-0.209350
3006,-32.000,周期字段（降权）,0x3C3,8,2,2,1,1,0.5000,6,738,-0.209350
3007,-32.000,周期字段（降权）,0x3C3,8,2,4,1,1,0.5000,6,738,-0.209350
3008,-32.000,周期字段（降权）,0x3C3,8,2,6,1,1,0.5000,6,738,-0.209350
3009,-32.000,周期字段（降权）,0x3C3,8,3,0,1,1,0.5000,6,738,-0.209350
3010,-32.000,周期字段（降权）,0x3C3,8,5,0,1,1,0.5000,6,738,-0.209350
3011,-32.000,周期字段（降权）,0x3C3,8,5,2,1,1,0.5000,6,738,-0.209350
3012,-32.000,周期字段（降权）,0x3C3,8,5,6,1,1,0.5000,6,738,-0.209350
3013,-32.000,周期字段（降权）,0x3C3,8,5,7,1,1,0.5000,6,738,-0.209350
3014,-32.000,周期字段（降权）,0x3C3,8,6,0,1,1,0.5000,6,738,-0.209350
3015,-32.000,周期字段（降权）,0x3C3,8,6,1,1,1,0.5000,6,738,-0.209350
3016,-32.000,周期字段（降权）,0x3C3,8,6,6,1,1,0.5000,6,738,-0.209350
3017,-32.000,周期字段（降权）,0x3C8,8,0,2,0,0,0.5689,6,211,-0.147800
3018,-32.000,周期字段（降权）,0x3CC,8,2,6,1,1,0.5000,6,150,0.227250
3019,-32.000,周期字段（降权）,0x3E8,8,0,2,0,0,0.5675,6,212,-0.103200
3020,-32.000,周期字段（降权）,0x3E9,8,6,4,1,1,0.5059,6,148,-0.147300
3021,-32.000,周期字段（降权）,0x3E9,8,7,4,不一致,1,0.5059,6,148,-0.147300
3022,-32.000,周期字段（降权）,0x3F9,8,0,2,0,0,0.5550,6,166,0.028850
3023,-32.000,周期字段（降权）,0x407,8,0,0,1,1,0.5000,6,145,-0.140200
3024,-32.000,周期字段（降权）,0x407,8,1,0,1,1,0.5000,6,145,-0.140200
3025,-32.000,周期字段（降权）,0x40A,8,6,4,1,1,0.5000,6,366,-0.225650
3026,-32.000,周期字段（降权）,0x40A,8,6,5,1,1,0.5000,6,183,-0.224700
3027,-32.000,周期字段（降权）,0x40A,8,7,4,1,1,0.5000,6,366,-0.225650
3028,-32.000,周期字段（降权）,0x40A,8,7,5,1,1,0.5000,6,183,-0.224700
3029,-32.000,周期字段（降权）,0x420,8,6,7,1,1,0.5000,6,738,-0.227750
3030,-32.000,周期字段（降权）,0x420,8,7,0,1,1,0.5000,6,367,-0.227750
3031,-32.000,周期字段（降权）,0x420,8,7,1,1,1,0.5000,6,184,-0.226700
3032,-32.000,周期字段（降权）,0x43B,8,0,0,1,1,0.5000,6,296,-0.132850
3033,-32.000,周期字段（降权）,0x43B,8,0,1,1,1,0.5000,6,150,0.116450
3034,-32.000,周期字段（降权）,0x441,8,0,3,1,1,0.5000,6,1482,-0.225550
3035,-32.000,周期字段（降权）,0x441,8,0,6,1,1,0.5000,6,1482,-0.225550
3036,-32.000,周期字段（降权）,0x441,8,1,0,1,1,0.5000,6,1482,-0.225550
3037,-32.000,周期字段（降权）,0x441,8,1,2,1,1,0.5000,6,1482,-0.225550
3038,-32.000,周期字段（降权）,0x441,8,1,7,1,1,0.5000,6,1482,-0.225550
3039,-32.000,周期字段（降权）,0x441,8,2,0,1,1,0.5000,6,1482,-0.225550
3040,-32.000,周期字段（降权）,0x441,8,2,1,1,1,0.5000,6,1482,-0.225550
3041,-32.000,周期字段（降权）,0x441,8,2,2,1,1,0.5000,6,1482,-0.225550
3042,-32.000,周期字段（降权）,0x441,8,2,3,1,1,0.5000,6,1482,-0.225550
3043,-32.000,周期字段（降权）,0x441,8,2,4,1,1,0.5000,6,1482,-0.225550
3044,-32.000,周期字段（降权）,0x441,8,2,5,1,1,0.5000,6,1482,-0.225550
3045,-32.000,周期字段（降权）,0x441,8,3,0,1,1,0.5000,6,1482,-0.225550
3046,-32.000,周期字段（降权）,0x441,8,3,1,1,1,0.5000,6,1482,-0.225550
3047,-32.000,周期字段（降权）,0x441,8,3,6,1,1,0.5000,6,1482,-0.225550
3048,-32.000,周期字段（降权）,0x441,8,3,7,1,1,0.5000,6,1482,-0.225550
3049,-32.000,周期字段（降权）,0x441,8,4,1,1,1,0.5000,6,1482,-0.225550
3050,-32.000,周期字段（降权）,0x441,8,4,3,1,1,0.5000,6,1482,-0.225550
3051,-32.000,周期字段（降权）,0x441,8,4,5,1,1,0.5000,6,1482,-0.225550
3052,-32.000,周期字段（降权）,0x441,8,4,6,1,1,0.5000,6,1482,-0.225550
3053,-32.000,周期字段（降权）,0x441,8,6,0,1,1,0.5000,6,1482,-0.225550
3054,-32.000,周期字段（降权）,0x441,8,6,2,1,1,0.5000,6,1482,-0.225550
3055,-32.000,周期字段（降权）,0x441,8,6,3,1,1,0.5000,6,739,-0.225550
3056,-32.000,周期字段（降权）,0x441,8,6,4,1,1,0.5000,6,372,-0.125050
3057,-32.000,周期字段（降权）,0x441,8,6,5,1,1,0.5000,6,187,0.075750
3058,-32.000,周期字段（降权）,0x441,8,7,3,1,1,0.5000,6,739,-0.225550
3059,-32.000,周期字段（降权）,0x441,8,7,4,1,1,0.5000,6,367,-0.225550
3060,-32.000,周期字段（降权）,0x443,6,0,0,1,1,0.5000,6,144,-0.073250
3061,-32.000,周期字段（降权）,0x443,6,1,0,1,1,0.5000,6,144,-0.073250
3062,-32.000,周期字段（降权）,0x45A,8,0,0,1,1,0.5000,6,1482,-0.224050
3063,-32.000,周期字段（降权）,0x45A,8,0,2,1,1,0.5000,6,1482,-0.224050
3064,-32.000,周期字段（降权）,0x45A,8,0,3,1,1,0.5000,6,1482,-0.224050
3065,-32.000,周期字段（降权）,0x45A,8,0,4,1,1,0.5000,6,1482,-0.224050
3066,-32.000,周期字段（降权）,0x45A,8,0,6,1,1,0.5000,6,1482,-0.224050
3067,-32.000,周期字段（降权）,0x45A,8,1,0,1,1,0.5000,6,1482,-0.224050
3068,-32.000,周期字段（降权）,0x45A,8,1,6,1,1,0.5000,6,1482,-0.224050
3069,-32.000,周期字段（降权）,0x45A,8,1,7,1,1,0.5000,6,1482,-0.224050
3070,-32.000,周期字段（降权）,0x45A,8,2,1,1,1,0.5000,6,1482,-0.224050
3071,-32.000,周期字段（降权）,0x45A,8,2,2,1,1,0.5000,6,1482,-0.224050
3072,-32.000,周期字段（降权）,0x45A,8,2,3,1,1,0.5000,6,1482,-0.224050
3073,-32.000,周期字段（降权）,0x45A,8,2,4,1,1,0.5000,6,1482,-0.224050
3074,-32.000,周期字段（降权）,0x45A,8,2,5,1,1,0.5000,6,1482,-0.224050
3075,-32.000,周期字段（降权）,0x45A,8,3,0,1,1,0.5000,6,1482,-0.224050
3076,-32.000,周期字段（降权）,0x45A,8,3,3,1,1,0.5000,6,1482,-0.224050
3077,-32.000,周期字段（降权）,0x45A,8,3,4,1,1,0.5000,6,1482,-0.224050
3078,-32.000,周期字段（降权）,0x45A,8,3,5,1,1,0.5000,6,1482,-0.224050
3079,-32.000,周期字段（降权）,0x45A,8,4,2,1,1,0.5000,6,1482,-0.224050
3080,-32.000,周期字段（降权）,0x45A,8,4,3,1,1,0.5000,6,1482,-0.224050
3081,-32.000,周期字段（降权）,0x45A,8,4,4,1,1,0.5000,6,1482,-0.224050
3082,-32.000,周期字段（降权）,0x45A,8,4,5,1,1,0.5000,6,1482,-0.224050
3083,-32.000,周期字段（降权）,0x45A,8,5,2,1,1,0.5000,6,1482,-0.224050
3084,-32.000,周期字段（降权）,0x45A,8,5,3,1,1,0.5000,6,1482,-0.224050
3085,-32.000,周期字段（降权）,0x45A,8,5,4,1,1,0.5000,6,1482,-0.224050
3086,-32.000,周期字段（降权）,0x45A,8,5,6,1,1,0.5000,6,1482,-0.224050
3087,-32.000,周期字段（降权）,0x45A,8,6,1,1,1,0.5000,6,1482,-0.224050
3088,-32.000,周期字段（降权）,0x45A,8,6,3,1,1,0.5000,6,1482,-0.224050
3089,-32.000,周期字段（降权）,0x45A,8,7,1,1,1,0.5000,6,1482,-0.224050
3090,-32.000,周期字段（降权）,0x45A,8,7,2,1,1,0.5000,6,1482,-0.224050
3091,-32.000,周期字段（降权）,0x45A,8,7,5,1,1,0.5000,6,1482,-0.224050
3092,-32.000,周期字段（降权）,0x45A,8,7,6,1,1,0.5000,6,1482,-0.224050
3093,-32.000,周期字段（降权）,0x4E2,8,0,0,1,1,0.5000,6,738,-0.205950
3094,-32.000,周期字段（降权）,0x4E2,8,0,1,1,1,0.5000,6,367,-0.205950
3095,-32.000,周期字段（降权）,0x4E2,8,0,2,1,1,0.5000,6,184,-0.204850
3096,-32.000,周期字段（降权）,0x4E2,8,6,3,1,1,0.5000,6,184,-0.204850
3097,-32.000,周期字段（降权）,0x4E2,8,6,5,1,1,0.5000,6,184,-0.204850
3098,-32.000,周期字段（降权）,0x4E3,8,0,0,1,1,0.5000,6,738,-0.221200
3099,-32.000,周期字段（降权）,0x4E3,8,0,1,1,1,0.5000,6,367,-0.221200
3100,-32.000,周期字段（降权）,0x4E3,8,0,2,1,1,0.5000,6,184,-0.220150
3101,-32.000,周期字段（降权）,0x4E3,8,6,3,1,1,0.5000,6,184,-0.220150
3102,-32.000,周期字段（降权）,0x4E3,8,6,5,1,1,0.5000,6,184,-0.220150
3103,-32.000,周期字段（降权）,0x545,8,6,4,不一致,1,0.5016,6,2245,-0.236900
3104,-32.000,周期字段（降权）,0x545,8,6,5,不一致,1,0.5025,6,1122,-0.230450
3105,-32.000,周期字段（降权）,0x545,8,6,6,不一致,不一致,0.5041,6,561,-0.204500
3106,-32.000,周期字段（降权）,0x545,8,6,7,1,不一致,0.5058,6,280,-0.140500
3107,-32.000,周期字段（降权）,0x552,8,6,4,1,1,0.5000,6,742,-0.198950
3108,-32.000,周期字段（降权）,0x552,8,6,5,1,1,0.5000,6,371,-0.098450
3109,-32.000,周期字段（降权）,0x552,8,6,6,1,1,0.5000,6,186,0.099750
3110,-32.000,周期字段（降权）,0x552,8,7,4,1,1,0.5000,6,742,-0.198950
3111,-32.000,周期字段（降权）,0x552,8,7,5,1,1,0.5000,6,371,-0.198950
3112,-32.000,周期字段（降权）,0x552,8,7,6,1,1,0.5000,6,185,-0.000250
3113,-32.000,周期字段（降权）,0x553,8,6,4,1,1,0.5000,6,738,-0.203350
3114,-32.000,周期字段（降权）,0x553,8,6,5,1,1,0.5000,6,371,-0.103350
3115,-32.000,周期字段（降权）,0x553,8,6,6,1,1,0.5000,6,186,0.095400
3116,-32.000,周期字段（降权）,0x553,8,7,4,1,1,0.5000,6,738,-0.203350
3117,-32.000,周期字段（降权）,0x553,8,7,5,1,1,0.5000,6,367,-0.203350
3118,-32.000,周期字段（降权）,0x553,8,7,6,1,1,0.5000,6,183,-0.004600
3119,-32.000,周期字段（降权）,0x55A,8,0,0,1,1,0.5000,6,146,-0.087600
3120,-32.000,周期字段（降权）,0x55A,8,0,2,1,1,0.5000,6,150,0.163600
3121,-32.000,周期字段（降权）,0x682,8,6,4,1,1,0.5000,6,743,-0.163500
3122,-32.000,周期字段（降权）,0x682,8,6,5,1,1,0.5000,6,372,-0.062900
3123,-32.000,周期字段（降权）,0x682,8,6,6,1,1,0.5000,6,187,0.136450
3124,-32.000,周期字段（降权）,0x682,8,7,4,1,1,0.5000,6,743,-0.163500
3125,-32.000,周期字段（降权）,0x682,8,7,5,1,1,0.5000,6,372,-0.062900
3126,-32.000,周期字段（降权）,0x682,8,7,6,1,1,0.5000,6,185,-0.062750
3127,-32.000,周期字段（降权）,0x709,8,0,1,不一致,0,0.5234,6,114,-0.036500
3128,-32.000,周期字段（降权）,0x75D,8,0,2,0,0,0.5800,6,105,0.076550
3129,-32.000,周期字段（降权）,0x77A,8,0,0,1,1,0.5000,6,150,0.034800
3130,-32.000,周期字段（降权）,0x77A,8,0,5,1,1,0.5000,6,150,0.034800
3131,-32.000,周期字段（降权）,0x77A,8,0,7,1,1,0.5000,6,150,0.034800
3132,-32.000,周期字段（降权）,0x77A,8,2,6,1,1,0.5000,6,150,0.034800
3133,-32.000,周期字段（降权）,0x77A,8,2,7,1,1,0.5000,6,150,0.034800
3134,-32.000,周期字段（降权）,0x77A,8,3,0,1,1,0.5000,6,150,0.034800
3135,-32.000,周期字段（降权）,0x77A,8,3,2,1,1,0.5000,6,150,0.034800
3136,-32.000,周期字段（降权）,0x77A,8,3,3,1,1,0.5000,6,150,0.034800
3137,-32.000,周期字段（降权）,0x77A,8,3,4,1,1,0.5000,6,150,0.034800
3138,-32.000,周期字段（降权）,0x77A,8,3,6,1,1,0.5000,6,150,0.034800
3139,-32.000,周期字段（降权）,0x77A,8,4,4,1,1,0.5000,6,150,0.034800
3140,-32.000,周期字段（降权）,0x77A,8,5,0,1,1,0.5000,6,150,0.034800
3141,-32.000,周期字段（降权）,0x77A,8,5,4,1,1,0.5000,6,150,0.034800
3142,-32.000,周期字段（降权）,0x77A,8,5,6,1,1,0.5000,6,150,0.034800
3143,-32.000,周期字段（降权）,0x77A,8,6,0,1,1,0.5000,6,150,0.034800
3144,-32.000,周期字段（降权）,0x77A,8,6,1,1,1,0.5000,6,150,0.034800
3145,-32.000,周期字段（降权）,0x77A,8,6,3,1,1,0.5000,6,150,0.034800
3146,-32.000,周期字段（降权）,0x77A,8,6,4,1,1,0.5000,6,150,0.034800
3147,-32.000,周期字段（降权）,0x77A,8,6,5,1,1,0.5000,6,150,0.034800
3148,-32.000,周期字段（降权）,0x77A,8,6,7,1,1,0.5000,6,150,0.034800
3149,-32.000,周期字段（降权）,0x77A,8,7,2,1,1,0.5000,6,150,0.034800
3150,-32.000,周期字段（降权）,0x77A,8,7,3,1,1,0.5000,6,150,0.034800
3151,-32.000,周期字段（降权）,0x77A,8,7,4,1,1,0.5000,6,150,0.034800
3152,-32.000,周期字段（降权）,0x77A,8,7,5,1,1,0.5000,6,150,0.034800
3153,-32.000,周期字段（降权）,0x789,4,2,4,1,1,0.5000,6,738,-0.204700
3154,-32.000,周期字段（降权）,0x789,4,2,5,1,1,0.5000,6,371,-0.104700
3155,-32.000,周期字段（降权）,0x789,4,2,6,1,1,0.5000,6,186,0.093900
3156,-32.000,周期字段（降权）,0x789,4,3,4,1,1,0.5000,6,738,-0.204700
3157,-32.000,周期字段（降权）,0x789,4,3,5,1,1,0.5000,6,371,-0.104700
3158,-32.000,周期字段（降权）,0x789,4,3,6,1,1,0.5000,6,185,-0.103300
3159,-32.000,周期字段（降权）,0x78A,8,2,2,0,0,0.5700,6,211,0.035950
3160,-32.000,周期字段（降权）,0x78A,8,7,2,0,0,0.5700,6,213,0.035100
3161,-32.000,周期字段（降权）,0x797,4,2,4,1,1,0.5000,6,743,-0.160000
3162,-32.000,周期字段（降权）,0x797,4,2,5,1,1,0.5000,6,372,-0.060000
3163,-32.000,周期字段（降权）,0x797,4,2,6,1,1,0.5000,6,187,0.138600
3164,-32.000,周期字段（降权）,0x797,4,3,4,1,1,0.5000,6,743,-0.160000
3165,-32.000,周期字段（降权）,0x797,4,3,5,1,1,0.5000,6,371,-0.160000
3166,-32.000,周期字段（降权）,0x797,4,3,6,1,1,0.5000,6,185,-0.158700
3167,-32.000,周期字段（降权）,0x798,8,0,2,0,0,0.5700,6,211,0.027250
3168,-32.000,周期字段（降权）,0x798,8,3,6,0,0,0.5700,6,213,0.028100
3169,-32.000,周期字段（降权）,0x798,8,6,4,1,1,0.5000,6,743,-0.173850
3170,-32.000,周期字段（降权）,0x798,8,6,5,1,1,0.5000,6,372,-0.074550
3171,-32.000,周期字段（降权）,0x798,8,6,6,1,1,0.5000,6,187,0.124450
3172,-32.000,周期字段（降权）,0x7B8,8,0,2,0,0,0.5700,6,209,-0.179300
3173,-32.000,周期字段（降权）,0x7B8,8,1,2,0,0,0.5750,6,209,-0.130600
3174,-32.000,周期字段（降权）,0x7B8,8,1,3,0,0,0.5750,6,213,-0.030150
3175,-32.000,周期字段（降权）,0x7B8,8,6,4,1,1,0.5000,6,738,-0.229550
3176,-32.000,周期字段（降权）,0x7B8,8,6,5,1,1,0.5000,6,367,-0.229550
3177,-32.000,周期字段（降权）,0x7B8,8,6,6,1,1,0.5000,6,184,-0.228400
3178,-32.000,周期字段（降权）,0x7FF,8,0,2,0,0,0.5575,6,164,-0.085150
3179,-41.200,周期字段（降权）,0x300,8,0,0,0,1,0.6000,3,26,1.022500
3180,-61.000,周期字段（降权）,0x324,8,1,6,1,0,0.9000,0,5,
