rank,score,category,can_id,dlc,byte,bit_in_byte,closed_value,open_value,stable_purity,action_hits,unrelated_transitions,median_delay_s
1,94.700,稳定状态,0x23A,8,0,4,0,1,1.0000,3,2,0.789400
2,43.400,瞬时请求候选,0x300,8,4,2,1,1,0.7000,6,23,0.755700
3,43.000,瞬时请求候选,0x3BD,8,1,3,0,0,0.8500,6,25,-0.156400
4,43.000,瞬时请求候选,0x3BD,8,1,4,0,0,0.8500,6,25,-0.156400
5,43.000,瞬时请求候选,0x70B,8,0,1,不一致,0,0.6250,6,25,-0.030850
6,43.000,瞬时请求候选,0x70B,8,1,0,0,0,0.6750,6,25,0.468500
7,43.000,瞬时请求候选,0x70B,8,1,1,0,0,0.7750,6,25,0.969200
8,43.000,瞬时请求候选,0x70B,8,1,3,不一致,不一致,0.5750,6,25,0.468500
9,43.000,瞬时请求候选,0x70B,8,1,4,0,0,0.6750,6,25,0.969200
10,43.000,瞬时请求候选,0x70B,8,2,1,0,0,0.8500,6,25,-0.031350
11,43.000,瞬时请求候选,0x70B,8,2,3,0,0,0.6250,6,25,0.468500
12,43.000,瞬时请求候选,0x70B,8,2,7,0,0,0.7250,6,25,-0.030850
13,43.000,瞬时请求候选,0x70B,8,3,3,0,0,0.6750,6,25,0.468500
14,43.000,瞬时请求候选,0x70B,8,4,0,0,0,0.8500,6,25,-0.031350
15,43.000,瞬时请求候选,0x70B,8,5,5,0,0,0.7250,6,25,-0.030850
16,42.800,瞬时请求候选,0x70B,8,4,2,不一致,不一致,0.5750,6,26,-0.031350
17,42.800,瞬时请求候选,0x752,8,4,0,0,0,0.7250,6,26,0.594500
18,42.600,瞬时请求候选,0x310,8,1,0,1,1,0.6400,6,27,1.172350
19,42.400,瞬时请求候选,0x330,8,5,2,0,0,0.6762,6,28,0.164600
20,42.400,瞬时请求候选,0x330,8,5,5,0,0,0.6762,6,28,0.164600
21,42.400,瞬时请求候选,0x3BD,8,0,1,不一致,0,0.6000,6,28,0.842850
22,42.400,瞬时请求候选,0x3BD,8,1,6,0,0,0.7500,6,28,1.842950
23,42.400,瞬时请求候选,0x3BD,8,1,7,0,0,0.7500,6,28,1.842950
24,42.400,瞬时请求候选,0x70B,8,4,6,0,0,0.7000,6,28,1.468150
25,42.400,瞬时请求候选,0x70B,8,5,6,0,0,0.7000,6,28,1.468150
26,42.400,瞬时请求候选,0x70B,8,7,6,0,0,0.7500,6,28,1.968150
27,42.400,瞬时请求候选,0x724,3,0,1,不一致,0,0.6250,6,28,1.742600
28,42.200,瞬时请求候选,0x330,8,1,2,不一致,不一致,0.5571,6,29,1.164550
29,42.200,瞬时请求候选,0x330,8,6,0,不一致,不一致,0.5571,6,29,1.164550
30,42.200,瞬时请求候选,0x330,8,7,4,不一致,不一致,0.5571,6,29,1.164550
31,42.200,瞬时请求候选,0x3BD,8,0,3,0,0,0.7750,6,29,-0.156400
32,42.200,瞬时请求候选,0x3BD,8,1,2,0,0,0.7750,6,29,-0.156400
33,41.600,瞬时请求候选,0x23A,8,0,1,不一致,1,0.5250,6,32,-0.209450
34,41.600,瞬时请求候选,0x3F2,8,1,5,1,不一致,0.6250,6,32,-0.242950
35,41.600,瞬时请求候选,0x752,8,0,1,1,不一致,0.5250,6,32,1.094050
36,41.400,瞬时请求候选,0x3F2,8,2,6,不一致,0,0.6750,6,33,-0.242700
37,41.200,瞬时请求候选,0x321,8,7,5,1,不一致,0.5250,6,34,-0.056650
38,41.200,瞬时请求候选,0x3F2,8,1,6,1,1,0.6750,6,34,-0.242700
39,41.200,瞬时请求候选,0x3F2,8,2,1,不一致,0,0.6250,6,34,0.257200
40,41.200,瞬时请求候选,0x3F2,8,6,6,不一致,不一致,0.5500,6,34,-0.242350
41,41.000,瞬时请求候选,0x3F2,8,1,3,1,1,0.6500,6,35,0.257550
42,41.000,瞬时请求候选,0x3F2,8,4,7,不一致,0,0.6000,6,35,0.256950
43,40.800,瞬时请求候选,0x324,8,0,6,不一致,0,0.6250,6,36,0.345200
44,40.800,瞬时请求候选,0x366,8,2,1,0,0,0.7500,6,36,0.418700
45,40.800,瞬时请求候选,0x366,8,2,2,0,0,0.7500,6,36,0.418700
46,40.800,瞬时请求候选,0x366,8,2,3,0,0,0.7500,6,36,0.418700
47,40.800,瞬时请求候选,0x366,8,2,4,0,0,0.7500,6,36,0.418700
48,40.800,瞬时请求候选,0x366,8,2,5,0,0,0.7500,6,36,0.418700
49,40.800,瞬时请求候选,0x366,8,2,6,0,0,0.7500,6,36,0.418700
50,40.800,瞬时请求候选,0x366,8,2,7,0,0,0.7500,6,36,0.418700
51,40.800,瞬时请求候选,0x366,8,3,1,0,0,0.7500,6,36,0.418700
52,40.800,瞬时请求候选,0x366,8,3,2,0,0,0.7500,6,36,0.418700
53,40.800,瞬时请求候选,0x366,8,3,3,0,0,0.7500,6,36,0.418700
54,40.800,瞬时请求候选,0x366,8,3,4,0,0,0.7500,6,36,0.418700
55,40.800,瞬时请求候选,0x366,8,3,5,0,0,0.7500,6,36,0.418700
56,40.800,瞬时请求候选,0x366,8,3,6,0,0,0.7500,6,36,0.418700
57,40.800,瞬时请求候选,0x366,8,3,7,0,0,0.7500,6,36,0.418700
58,40.800,瞬时请求候选,0x3DB,8,0,2,0,0,0.6250,6,36,0.579850
59,40.800,瞬时请求候选,0x3DB,8,1,6,0,0,0.8750,6,36,0.580750
60,40.800,瞬时请求候选,0x3DB,8,3,1,0,0,0.8750,6,36,0.580750
61,40.800,瞬时请求候选,0x3DB,8,3,2,0,0,0.7500,6,36,0.580950
62,40.800,瞬时请求候选,0x3DB,8,3,4,0,0,0.7500,6,36,0.580950
63,40.800,瞬时请求候选,0x3DB,8,3,7,0,0,0.7500,6,36,0.580950
64,40.800,瞬时请求候选,0x3DB,8,5,5,0,0,0.8750,6,36,0.580750
65,40.800,瞬时请求候选,0x3DB,8,6,0,0,0,0.8750,6,36,0.580750
66,40.800,瞬时请求候选,0x3DB,8,6,1,0,0,0.8750,6,36,0.580750
67,40.600,瞬时请求候选,0x38B,8,4,4,不一致,1,0.5750,6,37,1.047500
68,40.600,瞬时请求候选,0x3DB,8,0,3,0,0,0.6250,6,37,1.080650
69,40.400,瞬时请求候选,0x70B,8,1,2,0,0,0.7500,6,38,0.968050
70,40.400,瞬时请求候选,0x70B,8,3,7,0,0,0.7250,6,38,-0.031950
71,40.400,瞬时请求候选,0x70B,8,4,3,0,0,0.6250,6,38,-0.031350
72,40.200,瞬时请求候选,0x332,6,2,0,不一致,不一致,0.6750,6,39,-0.244150
73,40.200,瞬时请求候选,0x75D,8,4,7,0,0,0.9550,6,39,0.887450
74,40.000,瞬时请求候选,0x70B,8,5,4,0,0,0.6500,6,40,-0.030850
75,40.000,瞬时请求候选,0x726,3,0,1,不一致,0,0.6000,6,40,1.205600
76,40.000,瞬时请求候选,0x788,8,6,4,0,0,0.9850,6,40,0.621550
77,40.000,瞬时请求候选,0x7C8,8,2,1,0,0,0.7250,6,40,0.530650
78,40.000,瞬时请求候选,0x7C8,8,3,6,0,0,0.7000,6,40,0.529300
79,40.000,瞬时请求候选,0x7C8,8,3,7,0,0,0.7000,6,40,0.529300
80,40.000,瞬时请求候选,0x7C8,8,4,1,0,0,0.7250,6,40,0.530650
81,40.000,瞬时请求候选,0x7C8,8,4,5,0,0,0.7250,6,40,0.530650
82,40.000,瞬时请求候选,0x7C8,8,5,1,0,0,0.7000,6,40,0.529300
83,40.000,瞬时请求候选,0x7E8,8,5,1,0,0,0.7000,6,40,0.026450
84,40.000,瞬时请求候选,0x7E8,8,5,2,0,0,0.7000,6,40,0.026450
85,40.000,瞬时请求候选,0x7E8,8,5,5,0,0,0.7000,6,40,0.026450
86,39.800,瞬时请求候选,0x330,8,5,0,0,0,0.6762,6,41,0.164600
87,39.800,瞬时请求候选,0x400,7,1,5,不一致,不一致,0.8725,6,41,0.336200
88,39.800,瞬时请求候选,0x70B,8,1,7,0,0,0.6500,6,41,-0.031950
89,39.800,瞬时请求候选,0x70B,8,4,5,不一致,0,0.6000,6,41,-0.031950
90,39.800,瞬时请求候选,0x7C8,8,0,0,1,1,0.5750,6,41,0.530250
91,39.800,瞬时请求候选,0x7C8,8,4,2,不一致,0,0.5750,6,41,0.530250
92,39.800,瞬时请求候选,0x7E8,8,0,0,1,1,0.5750,6,41,0.026450
93,39.600,瞬时请求候选,0x3DD,8,2,1,0,0,0.6500,6,42,0.588750
94,39.600,瞬时请求候选,0x52F,8,6,2,1,0,0.6000,6,42,0.871900
95,39.600,瞬时请求候选,0x7C8,8,0,1,1,1,0.5750,6,42,0.530050
96,39.600,瞬时请求候选,0x7C8,8,1,1,0,0,0.7000,6,42,1.029400
97,39.600,瞬时请求候选,0x7E8,8,0,1,1,1,0.6000,6,42,0.526250
98,39.600,瞬时请求候选,0x7E8,8,1,1,0,0,0.7250,6,42,0.026250
99,39.400,瞬时请求候选,0x330,8,6,4,不一致,不一致,0.5571,6,43,0.164600
100,39.400,瞬时请求候选,0x70B,8,6,4,不一致,不一致,0.5750,6,43,1.468150
101,39.400,瞬时请求候选,0x70B,8,7,4,不一致,不一致,0.5750,6,43,1.468150
102,39.200,瞬时请求候选,0x319,8,0,1,1,1,0.5000,6,44,0.074450
103,39.200,瞬时请求候选,0x330,8,5,6,0,0,0.5905,6,44,0.164600
104,39.200,瞬时请求候选,0x3F2,8,1,4,不一致,1,0.5500,6,44,-0.242950
105,39.000,瞬时请求候选,0x330,8,0,1,1,不一致,0.5571,6,45,1.414450
106,38.800,瞬时请求候选,0x300,8,0,1,1,1,0.5250,6,46,-0.244050
107,38.800,瞬时请求候选,0x300,8,0,2,0,0,0.6500,6,46,-0.244000
108,38.800,瞬时请求候选,0x300,8,1,0,1,1,0.5250,6,46,0.255500
109,38.800,瞬时请求候选,0x300,8,2,2,1,1,0.5250,6,46,-0.244050
110,38.800,瞬时请求候选,0x300,8,2,3,0,0,0.6750,6,46,-0.244050
111,38.800,瞬时请求候选,0x300,8,2,6,0,0,0.6750,6,46,-0.244050
112,38.800,瞬时请求候选,0x300,8,4,5,不一致,1,0.5500,6,46,-0.244150
113,38.800,瞬时请求候选,0x300,8,4,7,0,0,0.6500,6,46,-0.244000
114,38.800,瞬时请求候选,0x300,8,5,0,0,0,0.6500,6,46,-0.244000
115,38.800,瞬时请求候选,0x300,8,6,1,1,1,0.7000,6,46,-0.244150
116,38.800,瞬时请求候选,0x300,8,7,2,0,0,0.6500,6,46,-0.244000
117,38.800,瞬时请求候选,0x300,8,7,5,0,0,0.6500,6,46,-0.244000
118,38.800,瞬时请求候选,0x300,8,7,6,不一致,1,0.5500,6,46,-0.244150
119,38.800,瞬时请求候选,0x301,8,0,1,不一致,1,0.5500,6,46,0.542800
120,38.800,瞬时请求候选,0x302,8,0,1,不一致,1,0.5500,6,46,0.563700
121,38.800,瞬时请求候选,0x303,8,0,1,不一致,1,0.5500,6,46,0.635600
122,38.800,瞬时请求候选,0x3F2,8,1,7,1,1,0.6500,6,46,-0.242950
123,38.800,瞬时请求候选,0x3F2,8,2,7,1,1,0.6000,6,46,-0.242350
124,38.600,瞬时请求候选,0x300,8,4,0,1,不一致,0.5750,6,47,0.255700
125,38.600,瞬时请求候选,0x300,8,5,1,0,0,0.6750,6,47,0.255700
126,38.600,瞬时请求候选,0x300,8,6,4,0,0,0.6750,6,47,0.255700
127,38.600,瞬时请求候选,0x300,8,6,5,0,0,0.6750,6,47,0.255700
128,38.600,瞬时请求候选,0x300,8,7,1,0,0,0.6750,6,47,0.255700
129,38.600,瞬时请求候选,0x3F2,8,2,3,1,1,0.5500,6,47,-0.242950
130,38.400,瞬时请求候选,0x3DD,8,0,4,1,不一致,0.5750,6,48,0.589850
131,38.400,瞬时请求候选,0x3DD,8,1,6,不一致,不一致,0.5500,6,48,0.589300
132,38.400,瞬时请求候选,0x3DD,8,5,6,0,0,0.6500,6,48,0.589300
133,38.400,瞬时请求候选,0x3DD,8,5,7,0,0,0.6500,6,48,0.588750
134,38.200,瞬时请求候选,0x3C9,8,1,0,0,0,0.6500,6,49,0.222350
135,38.200,瞬时请求候选,0x3C9,8,2,0,0,0,0.6500,6,49,0.222350
136,38.200,瞬时请求候选,0x3C9,8,2,1,0,0,0.6500,6,49,0.222350
137,38.200,瞬时请求候选,0x3C9,8,2,4,0,0,0.6500,6,49,0.222350
138,38.200,瞬时请求候选,0x3C9,8,2,5,0,0,0.6500,6,49,0.222350
139,38.200,瞬时请求候选,0x3C9,8,2,6,0,0,0.6500,6,49,0.222350
140,38.200,瞬时请求候选,0x3C9,8,2,7,0,0,0.6500,6,49,0.222350
141,38.200,瞬时请求候选,0x3C9,8,3,1,0,0,0.6500,6,49,0.222350
142,38.200,瞬时请求候选,0x3C9,8,3,3,0,0,0.6500,6,49,0.222350
143,38.200,瞬时请求候选,0x3C9,8,3,4,0,0,0.6500,6,49,0.222350
144,38.200,瞬时请求候选,0x3C9,8,3,6,0,0,0.6500,6,49,0.222350
145,38.200,瞬时请求候选,0x3C9,8,3,7,0,0,0.6500,6,49,0.222350
146,38.200,瞬时请求候选,0x3C9,8,4,5,0,0,0.6500,6,49,0.222350
147,38.200,瞬时请求候选,0x3C9,8,4,6,0,0,0.6500,6,49,0.222350
148,38.200,瞬时请求候选,0x3DD,8,1,0,不一致,1,0.5500,6,49,0.589300
149,38.200,瞬时请求候选,0x3DD,8,1,4,1,1,0.5750,6,49,0.589850
150,38.200,瞬时请求候选,0x3DD,8,5,3,0,0,0.6750,6,49,0.589300
151,38.000,瞬时请求候选,0x3C9,8,1,7,1,1,0.6500,6,50,0.721750
152,38.000,瞬时请求候选,0x3C9,8,3,2,1,1,0.6500,6,50,0.721750
153,38.000,瞬时请求候选,0x3C9,8,4,0,1,1,0.6500,6,50,0.721750
154,38.000,瞬时请求候选,0x3DB,8,3,0,0,0,0.7125,6,50,0.580950
155,37.800,瞬时请求候选,0x38B,8,4,3,1,不一致,0.6000,6,51,0.673300
156,37.800,瞬时请求候选,0x3C9,8,1,3,0,0,0.7000,6,51,0.224100
157,37.800,瞬时请求候选,0x3C9,8,1,4,0,0,0.7000,6,51,0.224100
158,37.800,瞬时请求候选,0x3C9,8,3,0,0,0,0.7000,6,51,0.224100
159,37.800,瞬时请求候选,0x3C9,8,5,0,0,0,0.7000,6,51,0.224100
160,37.800,瞬时请求候选,0x3F2,8,0,2,不一致,0,0.7000,5,11,0.757900
161,37.400,瞬时请求候选,0x2E2,8,6,6,0,0,0.9250,6,53,0.438900
162,37.400,瞬时请求候选,0x3BD,8,0,0,不一致,0,0.6000,6,53,-0.157050
163,37.200,瞬时请求候选,0x709,8,1,0,0,不一致,0.5831,6,54,0.610850
164,37.000,瞬时请求候选,0x2E2,8,6,7,0,0,0.9200,6,55,0.438900
165,37.000,瞬时请求候选,0x324,8,0,5,不一致,1,0.5250,6,55,-0.156750
166,37.000,瞬时请求候选,0x52F,8,5,0,不一致,1,0.5500,6,55,0.871900
167,36.800,瞬时请求候选,0x324,8,0,7,1,1,0.5500,5,16,-0.155200
168,36.800,瞬时请求候选,0x359,8,2,5,0,0,0.9625,6,56,0.907300
169,36.800,瞬时请求候选,0x3BD,8,1,1,1,1,0.6250,6,56,0.842850
170,36.800,瞬时请求候选,0x400,7,2,5,不一致,不一致,0.8750,5,16,0.436600
171,36.600,瞬时请求候选,0x359,8,2,1,0,0,0.9250,6,57,0.807300
172,36.600,瞬时请求候选,0x359,8,3,2,0,0,0.9250,6,57,0.707300
173,36.600,瞬时请求候选,0x359,8,3,5,0,0,0.9250,6,57,0.707300
174,36.400,瞬时请求候选,0x23A,8,0,2,不一致,1,0.5250,5,18,-0.208400
175,36.400,瞬时请求候选,0x352,8,6,5,1,1,0.7000,6,58,0.102250
176,36.400,瞬时请求候选,0x359,8,0,6,0,0,0.7725,6,58,0.408350
177,36.400,瞬时请求候选,0x3B2,8,0,2,1,0,0.5642,6,58,0.402500
178,36.400,瞬时请求候选,0x3F2,8,3,5,不一致,0,0.5750,6,58,-0.242700
179,36.400,瞬时请求候选,0x709,8,3,6,0,0,0.8345,6,58,0.701700
180,36.200,瞬时请求候选,0x321,8,7,4,不一致,1,0.5250,6,59,-0.057200
181,36.200,瞬时请求候选,0x359,8,0,4,0,0,0.8100,6,59,0.708000
182,36.200,瞬时请求候选,0x359,8,0,5,0,0,0.8475,6,59,0.808300
183,36.200,瞬时请求候选,0x37D,8,6,5,不一致,1,0.6000,6,59,0.587350
184,36.200,瞬时请求候选,0x70B,8,3,0,0,0,0.7250,5,19,0.966900
185,36.200,瞬时请求候选,0x737,7,0,0,不一致,0,0.6000,6,59,0.344500
186,36.200,瞬时请求候选,0x752,8,3,4,0,0,0.8500,5,19,0.095000
187,36.200,瞬时请求候选,0x752,8,3,6,0,0,0.7000,5,19,0.095000
188,36.200,瞬时请求候选,0x7C8,8,3,2,0,0,0.8500,5,19,0.531000
189,36.200,瞬时请求候选,0x7C8,8,6,5,0,0,0.8500,5,19,0.531000
190,36.200,瞬时请求候选,0x7C8,8,6,6,0,0,0.8500,5,19,0.531000
191,36.000,瞬时请求候选,0x7C8,8,6,0,0,0,0.7250,5,20,1.529200
192,36.000,瞬时请求候选,0x7C8,8,6,1,0,0,0.7250,5,20,1.529200
193,36.000,瞬时请求候选,0x7C8,8,6,4,0,0,0.7250,5,20,1.529200
194,35.800,瞬时请求候选,0x324,8,0,3,不一致,0,0.7250,5,21,0.836000
195,35.600,瞬时请求候选,0x301,8,0,3,0,不一致,0.7000,5,22,0.543400
196,35.600,瞬时请求候选,0x302,8,0,3,0,不一致,0.7000,5,22,0.564800
197,35.600,瞬时请求候选,0x303,8,0,3,0,不一致,0.7000,5,22,0.636800
198,35.600,瞬时请求候选,0x7C8,8,1,2,1,1,0.5750,6,62,0.529300
199,35.400,瞬时请求候选,0x295,8,7,3,0,0,0.5829,5,23,0.535800
200,35.400,瞬时请求候选,0x300,8,1,1,0,0,0.8250,5,23,0.755500
201,35.400,瞬时请求候选,0x300,8,4,3,0,不一致,0.6750,5,23,-0.243900
202,35.400,瞬时请求候选,0x300,8,4,4,0,不一致,0.6750,5,23,-0.243900
203,35.400,瞬时请求候选,0x300,8,4,6,0,不一致,0.6750,5,23,-0.243900
204,35.400,瞬时请求候选,0x300,8,5,2,0,0,0.8250,5,23,0.755500
205,35.400,瞬时请求候选,0x300,8,5,4,0,0,0.8250,5,23,0.755500
206,35.400,瞬时请求候选,0x300,8,5,6,0,0,0.8250,5,23,0.755500
207,35.400,瞬时请求候选,0x300,8,5,7,0,0,0.8250,5,23,0.755500
208,35.400,瞬时请求候选,0x300,8,6,2,0,0,0.8250,5,23,0.755500
209,35.400,瞬时请求候选,0x300,8,7,0,0,不一致,0.6750,5,23,-0.243900
210,35.400,瞬时请求候选,0x300,8,7,4,0,0,0.8250,5,23,0.755500
211,35.400,瞬时请求候选,0x300,8,7,7,0,不一致,0.6750,5,23,-0.243900
212,35.400,瞬时请求候选,0x3F2,8,5,5,0,0,0.7000,5,23,0.756900
213,35.400,瞬时请求候选,0x7E8,8,1,2,1,1,0.5750,6,63,0.025700
214,35.400,瞬时请求候选,0x7E8,8,3,6,0,1,0.5750,6,63,0.025700
215,35.400,瞬时请求候选,0x7E8,8,3,7,0,1,0.5750,6,63,0.025700
216,35.200,瞬时请求候选,0x295,8,7,2,0,0,0.7086,5,24,0.738700
217,35.200,瞬时请求候选,0x319,8,0,0,1,不一致,0.5500,6,64,0.073350
218,35.200,瞬时请求候选,0x3F2,8,5,2,0,0,0.6500,5,24,0.756500
219,35.200,瞬时请求候选,0x7C8,8,2,3,不一致,0,0.5750,6,64,0.530650
220,35.200,瞬时请求候选,0x7C8,8,3,4,1,0,0.5500,6,64,0.529300
221,35.200,瞬时请求候选,0x7E8,8,4,2,1,1,0.5500,6,64,0.025700
222,35.200,瞬时请求候选,0x7E8,8,4,5,1,1,0.5500,6,64,0.025700
223,35.200,瞬时请求候选,0x7E8,8,5,0,不一致,1,0.5500,6,64,0.026450
224,35.000,瞬时请求候选,0x332,6,4,5,不一致,1,0.5250,6,65,-0.244300
225,35.000,瞬时请求候选,0x752,8,7,3,0,0,0.8500,5,25,0.095100
226,34.850,周期字段（降权）,0x1FA,3,0,5,0,1,1.0000,3,1,0.545800
227,34.800,瞬时请求候选,0x330,8,3,0,0,0,0.7333,5,26,0.166000
228,34.800,瞬时请求候选,0x332,6,5,5,1,1,0.5000,6,66,-0.244250
229,34.800,瞬时请求候选,0x3DD,8,0,0,不一致,不一致,0.5500,6,66,0.588750
230,34.800,瞬时请求候选,0x52F,8,6,1,不一致,1,0.5750,6,66,0.372600
231,34.800,瞬时请求候选,0x752,8,1,5,0,0,0.8000,5,26,0.094300
232,34.800,瞬时请求候选,0x7E8,8,2,3,0,1,0.5750,6,66,0.026450
233,34.600,瞬时请求候选,0x330,8,2,0,不一致,0,0.5905,5,27,0.166000
234,34.600,瞬时请求候选,0x330,8,4,2,0,0,0.7095,5,27,0.164100
235,34.600,瞬时请求候选,0x332,6,0,5,1,1,0.5250,6,67,-0.244300
236,34.600,瞬时请求候选,0x332,6,4,1,1,1,0.5000,6,67,-0.244300
237,34.600,瞬时请求候选,0x332,6,4,6,1,1,0.5000,6,67,-0.244300
238,34.600,瞬时请求候选,0x752,8,4,1,0,0,0.7000,5,27,0.095000
239,34.400,瞬时请求候选,0x330,8,0,0,不一致,0,0.6714,5,28,0.164100
240,34.400,瞬时请求候选,0x330,8,1,0,1,1,0.7333,5,28,0.164100
241,34.400,瞬时请求候选,0x330,8,6,5,1,1,0.5857,5,28,0.164100
242,34.400,瞬时请求候选,0x330,8,7,2,0,0,0.7905,5,28,1.414400
243,34.400,瞬时请求候选,0x3B2,8,1,5,0,不一致,0.6570,6,68,1.103250
244,34.400,瞬时请求候选,0x70B,8,4,4,0,0,0.8250,5,28,1.967100
245,34.200,瞬时请求候选,0x2C4,8,2,6,0,0,0.9500,6,69,0.202800
246,34.200,瞬时请求候选,0x310,8,4,0,1,1,0.6000,5,29,1.172400
247,34.200,瞬时请求候选,0x330,8,4,1,0,不一致,0.5905,5,29,0.166000
248,34.200,瞬时请求候选,0x330,8,7,0,0,0,0.7048,5,29,1.414500
249,34.200,瞬时请求候选,0x726,3,0,0,1,不一致,0.5250,6,69,0.706200
250,34.000,瞬时请求候选,0x2C4,8,0,4,0,0,0.6650,6,70,0.205450
251,34.000,瞬时请求候选,0x310,8,2,0,0,0,0.7200,5,30,1.172400
252,34.000,瞬时请求候选,0x310,8,2,5,0,0,0.7200,5,30,1.172400
253,34.000,瞬时请求候选,0x310,8,2,6,0,0,0.7200,5,30,1.172400
254,34.000,瞬时请求候选,0x310,8,6,0,0,0,0.7200,5,30,1.172400
255,34.000,瞬时请求候选,0x330,8,1,3,不一致,0,0.6429,5,30,1.414400
256,34.000,瞬时请求候选,0x330,8,1,6,不一致,不一致,0.5905,5,30,1.414400
257,34.000,瞬时请求候选,0x330,8,7,5,不一致,0,0.6429,5,30,1.414400
258,34.000,瞬时请求候选,0x400,7,2,4,1,不一致,0.8800,5,30,0.037500
259,34.000,瞬时请求候选,0x737,7,0,1,不一致,0,0.6000,5,30,0.344200
260,33.800,瞬时请求候选,0x2C4,8,4,4,0,0,0.9000,6,71,0.153950
261,33.800,瞬时请求候选,0x2C4,8,7,6,0,0,0.9550,6,71,0.654300
262,33.800,瞬时请求候选,0x2C4,8,7,7,0,0,0.9025,6,71,0.202800
263,33.800,瞬时请求候选,0x2E3,7,5,5,0,0,0.9000,6,71,0.336700
264,33.800,瞬时请求候选,0x709,8,1,7,0,0,0.6689,6,71,0.674800
265,33.800,瞬时请求候选,0x752,8,3,7,0,0,0.7250,5,31,0.095100
266,33.600,瞬时请求候选,0x2C4,8,7,2,0,0,0.9050,6,72,0.403650
267,33.600,瞬时请求候选,0x324,8,0,1,不一致,1,0.7000,5,32,-0.155200
268,33.600,瞬时请求候选,0x34A,8,2,1,0,0,0.7500,6,72,-0.169300
269,33.600,瞬时请求候选,0x34A,8,3,5,0,0,0.7500,6,72,-0.169300
270,33.600,瞬时请求候选,0x3DD,8,5,5,0,0,0.7750,5,32,0.589600
271,33.600,瞬时请求候选,0x52F,8,5,4,不一致,1,0.5250,6,72,0.371850
272,33.600,瞬时请求候选,0x752,8,6,1,0,0,0.7500,5,32,1.094100
273,33.600,瞬时请求候选,0x752,8,6,6,0,0,0.7750,5,32,1.094100
274,33.400,瞬时请求候选,0x301,8,4,0,不一致,不一致,0.6750,5,33,0.543400
275,33.400,瞬时请求候选,0x301,8,5,1,1,1,0.6750,5,33,0.543400
276,33.400,瞬时请求候选,0x301,8,7,1,0,0,0.6500,5,33,0.543100
277,33.400,瞬时请求候选,0x301,8,7,2,0,0,0.6500,5,33,0.543100
278,33.400,瞬时请求候选,0x324,8,0,2,不一致,不一致,0.5750,5,33,0.837900
279,33.400,瞬时请求候选,0x34A,8,7,4,0,0,0.7500,6,73,0.328350
280,33.400,瞬时请求候选,0x34A,8,7,7,0,0,0.7500,6,73,0.328350
281,33.400,瞬时请求候选,0x352,8,0,1,0,0,0.6667,6,73,0.102250
282,33.400,瞬时请求候选,0x352,8,1,1,0,0,0.6667,6,73,0.102250
283,33.400,瞬时请求候选,0x352,8,1,2,0,0,0.6667,6,73,0.102250
284,33.400,瞬时请求候选,0x352,8,1,3,0,0,0.6667,6,73,0.102250
285,33.400,瞬时请求候选,0x352,8,1,6,0,0,0.6667,6,73,0.102250
286,33.400,瞬时请求候选,0x352,8,2,0,1,1,0.6667,6,73,0.901850
287,33.400,瞬时请求候选,0x352,8,2,3,1,1,0.6667,6,73,0.102250
288,33.400,瞬时请求候选,0x352,8,2,4,1,1,0.6667,6,73,0.102250
289,33.400,瞬时请求候选,0x352,8,2,5,0,0,0.6667,6,73,0.901850
290,33.400,瞬时请求候选,0x352,8,2,6,1,1,0.6667,6,73,0.102250
291,33.400,瞬时请求候选,0x352,8,2,7,1,1,0.6667,6,73,0.102250
292,33.400,瞬时请求候选,0x352,8,3,2,0,0,0.6667,6,73,0.102250
293,33.400,瞬时请求候选,0x352,8,3,6,0,0,0.6667,6,73,0.102250
294,33.400,瞬时请求候选,0x352,8,4,0,0,0,0.6667,6,73,0.102250
295,33.400,瞬时请求候选,0x352,8,4,1,1,1,0.6667,6,73,0.102250
296,33.400,瞬时请求候选,0x352,8,4,3,1,1,0.6667,6,73,0.102250
297,33.400,瞬时请求候选,0x352,8,4,4,1,1,0.6667,6,73,0.102250
298,33.400,瞬时请求候选,0x352,8,4,5,1,1,0.6667,6,73,0.102250
299,33.400,瞬时请求候选,0x352,8,4,6,1,1,0.6667,6,73,0.102250
300,33.400,瞬时请求候选,0x352,8,5,0,1,1,0.6667,6,73,0.102250
301,33.400,瞬时请求候选,0x352,8,5,2,1,1,0.6667,6,73,0.102250
302,33.400,瞬时请求候选,0x352,8,5,3,0,0,0.6667,6,73,0.102250
303,33.400,瞬时请求候选,0x352,8,5,6,0,0,0.6667,6,73,0.102250
304,33.400,瞬时请求候选,0x352,8,6,1,0,0,0.6667,6,73,0.901850
305,33.400,瞬时请求候选,0x352,8,6,2,1,1,0.6667,6,73,0.102250
306,33.400,瞬时请求候选,0x352,8,6,3,1,1,0.6667,6,73,0.102250
307,33.400,瞬时请求候选,0x352,8,7,0,0,0,0.6667,6,73,0.901850
308,33.400,瞬时请求候选,0x352,8,7,1,0,0,0.6667,6,73,0.102250
309,33.400,瞬时请求候选,0x352,8,7,2,1,1,0.6667,6,73,0.102250
310,33.400,瞬时请求候选,0x352,8,7,6,0,0,0.6667,6,73,0.102250
311,33.400,瞬时请求候选,0x3DD,8,0,1,不一致,不一致,0.5750,5,33,1.587000
312,33.400,瞬时请求候选,0x3DD,8,0,7,0,0,0.7250,5,33,1.587000
313,33.400,瞬时请求候选,0x3DD,8,1,7,0,0,0.6500,5,33,0.589600
314,33.400,瞬时请求候选,0x3DD,8,5,1,0,0,0.8000,5,33,0.589000
315,33.400,瞬时请求候选,0x3DD,8,6,0,0,0,0.7750,5,33,0.589000
316,33.400,瞬时请求候选,0x3F2,8,3,1,0,1,0.6250,5,33,-0.243300
317,33.400,瞬时请求候选,0x3F2,8,3,2,0,1,0.6500,5,33,-0.243300
318,33.400,瞬时请求候选,0x3F2,8,3,3,1,不一致,0.6250,5,33,-0.243300
319,33.400,瞬时请求候选,0x52F,8,6,6,1,1,0.5000,6,73,0.371850
320,33.200,瞬时请求候选,0x301,8,7,5,1,1,0.5750,5,34,0.543400
321,33.200,瞬时请求候选,0x301,8,7,7,1,1,0.5750,5,34,0.543400
322,33.200,瞬时请求候选,0x34A,8,1,0,1,1,0.7500,6,74,0.828400
323,33.200,瞬时请求候选,0x34A,8,1,1,1,1,0.7500,6,74,0.828400
324,33.200,瞬时请求候选,0x34A,8,1,2,1,1,0.7500,6,74,0.828400
325,33.200,瞬时请求候选,0x352,8,0,0,0,0,0.6667,6,74,0.102700
326,33.200,瞬时请求候选,0x352,8,2,1,0,0,0.6667,6,74,0.102700
327,33.200,瞬时请求候选,0x352,8,3,0,不一致,1,0.6667,6,74,0.102700
328,33.200,瞬时请求候选,0x352,8,3,3,1,1,0.6667,6,74,0.102700
329,33.200,瞬时请求候选,0x352,8,6,0,0,0,0.6667,6,74,0.102700
330,33.200,瞬时请求候选,0x352,8,6,6,1,1,0.6667,6,74,0.102700
331,33.200,瞬时请求候选,0x3DB,8,1,0,0,0,0.6625,6,74,0.081300
332,33.200,瞬时请求候选,0x3DB,8,3,5,0,0,0.7500,6,74,0.081300
333,33.200,瞬时请求候选,0x3DB,8,4,0,0,0,0.7500,6,74,0.081300
334,33.200,瞬时请求候选,0x3DB,8,4,4,0,0,0.7500,6,74,0.081900
335,33.200,瞬时请求候选,0x3DB,8,6,2,0,0,0.7500,6,74,0.081000
336,33.000,瞬时请求候选,0x2F1,8,2,6,0,0,0.9275,6,75,0.358350
337,33.000,瞬时请求候选,0x352,8,6,4,1,1,0.6333,6,75,0.102700
338,33.000,瞬时请求候选,0x3DB,8,1,5,0,0,0.7500,6,75,0.081300
339,33.000,瞬时请求候选,0x3F2,8,1,1,不一致,不一致,0.6250,5,35,0.756500
340,33.000,瞬时请求候选,0x3F2,8,6,1,0,0,0.7250,5,35,0.756500
341,32.800,瞬时请求候选,0x3DB,8,1,2,0,0,0.7500,6,76,0.579850
342,32.800,瞬时请求候选,0x3F2,8,6,3,0,0,0.6750,5,36,0.756800
343,32.800,瞬时请求候选,0x75D,8,5,2,0,0,0.8900,6,76,0.887450
344,32.800,瞬时请求候选,0x7A8,8,2,4,0,0,0.9925,5,36,0.566900
345,32.600,瞬时请求候选,0x2F1,8,3,5,0,0,0.9500,6,77,0.358350
346,32.600,瞬时请求候选,0x2F1,8,4,7,0,0,0.9000,6,77,0.358350
347,32.600,瞬时请求候选,0x2F1,8,6,6,0,0,0.9500,6,77,0.358350
348,32.600,瞬时请求候选,0x2F1,8,7,2,0,0,0.9500,6,77,0.358350
349,32.600,瞬时请求候选,0x3F2,8,5,0,0,0,0.7000,5,37,0.756500
350,32.400,瞬时请求候选,0x232,8,2,1,不一致,不一致,0.6000,5,38,0.424100
351,32.400,瞬时请求候选,0x2F1,8,4,5,0,0,0.8975,6,78,0.408850
352,32.200,瞬时请求候选,0x2F1,8,0,3,0,0,0.5750,6,79,0.158350
353,32.200,瞬时请求候选,0x2F1,8,0,4,0,0,0.8500,6,79,0.558350
354,32.200,瞬时请求候选,0x2F1,8,6,4,0,0,0.9000,6,79,0.358350
355,32.200,瞬时请求候选,0x3B2,8,7,5,0,0,0.7331,6,79,0.153000
356,32.000,瞬时请求候选,0x2F1,8,6,5,0,0,0.9500,6,80,0.458350
357,32.000,瞬时请求候选,0x372,8,4,5,0,0,0.9650,6,80,-0.234850
358,31.800,瞬时请求候选,0x3B2,8,6,4,0,0,0.6034,6,81,0.103400
359,31.800,瞬时请求候选,0x3DD,8,3,6,0,0,0.7000,5,41,0.589600
360,31.800,瞬时请求候选,0x3DD,8,4,3,0,0,0.7000,5,41,0.588500
361,31.600,瞬时请求候选,0x330,8,4,0,0,不一致,0.5905,5,42,0.164100
362,31.600,瞬时请求候选,0x709,8,2,2,0,0,0.8975,5,42,0.453500
363,31.400,瞬时请求候选,0x3B2,8,2,0,0,不一致,0.6940,6,83,0.404350
364,31.400,瞬时请求候选,0x3B2,8,6,3,0,不一致,0.7172,6,83,0.303150
365,31.400,瞬时请求候选,0x709,8,1,2,0,0,0.7092,6,83,0.298800
366,31.400,瞬时请求候选,0x7C8,8,0,2,0,0,0.7000,5,43,0.531000
367,31.400,瞬时请求候选,0x7C8,8,4,6,0,0,0.7000,5,43,0.531000
368,31.400,瞬时请求候选,0x7E8,8,0,2,0,0,0.7500,5,43,0.028100
369,31.200,瞬时请求候选,0x301,8,4,5,1,1,0.6500,5,44,0.543100
370,31.200,瞬时请求候选,0x302,8,4,0,1,1,0.5250,5,44,0.563900
371,31.200,瞬时请求候选,0x3B2,8,3,2,0,0,0.7066,6,84,0.103400
372,31.200,瞬时请求候选,0x3DD,8,4,1,0,1,0.5750,5,44,0.589000
373,31.200,瞬时请求候选,0x3F2,8,1,0,1,不一致,0.5750,5,44,-0.242600
374,31.200,瞬时请求候选,0x709,8,3,5,0,0,0.6929,6,84,0.287050
375,31.200,瞬时请求候选,0x7C8,8,4,0,不一致,0,0.5750,5,44,1.529200
376,31.000,瞬时请求候选,0x302,8,4,1,不一致,不一致,0.6250,5,45,0.565800
377,31.000,瞬时请求候选,0x709,8,6,7,0,0,0.9212,5,45,0.294800
378,30.800,瞬时请求候选,0x3B2,8,1,1,0,不一致,0.7391,6,86,0.002050
379,30.800,瞬时请求候选,0x709,8,1,6,不一致,不一致,0.5597,6,86,-0.024350
380,30.800,瞬时请求候选,0x301,8,4,3,不一致,不一致,0.6250,5,46,0.543400
381,30.800,瞬时请求候选,0x301,8,5,2,不一致,不一致,0.5500,5,46,0.543100
382,30.800,瞬时请求候选,0x301,8,5,3,不一致,不一致,0.5500,5,46,0.543100
383,30.800,瞬时请求候选,0x302,8,4,5,不一致,1,0.6000,5,46,0.563900
384,30.600,瞬时请求候选,0x295,8,0,7,0,0,0.5962,5,47,0.535800
385,30.600,瞬时请求候选,0x295,8,1,2,0,0,0.8543,5,47,0.535800
386,30.600,瞬时请求候选,0x295,8,1,5,0,0,0.8543,5,47,0.535800
387,30.600,瞬时请求候选,0x3F2,8,6,0,0,0,0.7000,5,47,-0.242100
388,30.600,瞬时请求候选,0x3F2,8,6,2,0,0,0.7000,5,47,-0.242100
389,30.600,瞬时请求候选,0x3F2,8,7,0,0,0,0.7000,5,47,-0.242100
390,30.600,瞬时请求候选,0x3F2,8,7,1,0,0,0.7000,5,47,-0.242100
391,30.600,瞬时请求候选,0x2E3,7,4,7,0,0,0.8750,6,87,0.336700
392,30.400,瞬时请求候选,0x295,8,0,1,0,0,0.6390,5,48,0.839300
393,30.400,瞬时请求候选,0x295,8,1,6,0,0,0.8410,5,48,0.839300
394,30.400,瞬时请求候选,0x295,8,2,2,0,0,0.8543,5,48,0.637400
395,30.400,瞬时请求候选,0x295,8,2,4,0,0,0.8543,5,48,0.637400
396,30.400,瞬时请求候选,0x3B2,8,3,6,0,0,0.6963,6,88,-0.096100
397,30.400,瞬时请求候选,0x3F2,8,6,4,0,0,0.7000,5,48,-0.242100
398,30.200,瞬时请求候选,0x2E2,8,1,6,0,0,0.9200,5,49,0.336400
399,30.200,瞬时请求候选,0x2E2,8,1,7,0,0,0.9200,5,49,0.336400
400,30.200,瞬时请求候选,0x2E2,8,2,0,0,0,0.9200,5,49,0.336400
401,30.200,瞬时请求候选,0x2E2,8,2,1,0,0,0.9200,5,49,0.336400
402,30.200,瞬时请求候选,0x2E2,8,4,2,0,0,0.8650,6,89,0.138750
403,30.200,瞬时请求候选,0x2E3,7,2,4,0,0,0.8800,6,89,1.034900
404,30.200,瞬时请求候选,0x2E3,7,6,0,0,0,0.9300,5,49,0.734300
405,30.200,瞬时请求候选,0x3DD,8,1,3,0,0,0.6500,5,49,1.588300
406,30.000,瞬时请求候选,0x2E2,8,7,0,0,0,0.9350,5,50,1.136900
407,30.000,瞬时请求候选,0x3B2,8,6,5,0,0,0.7216,6,90,0.003900
408,30.000,瞬时请求候选,0x3B2,8,6,6,0,0,0.7324,6,90,0.003900
409,30.000,瞬时请求候选,0x4E3,8,3,2,0,0,0.9375,6,90,0.841600
410,29.800,瞬时请求候选,0x2F1,8,2,2,0,0,0.9300,6,91,0.657250
411,29.800,瞬时请求候选,0x318,8,7,5,不一致,1,0.7625,6,91,0.172600
412,29.800,瞬时请求候选,0x3F2,8,3,0,0,1,0.6000,4,11,0.256950
413,29.600,瞬时请求候选,0x3B2,8,4,2,0,不一致,0.7445,6,92,0.102050
414,29.600,瞬时请求候选,0x3B2,8,7,4,0,0,0.7225,6,92,0.453700
415,29.400,瞬时请求候选,0x3B2,8,7,0,0,不一致,0.6794,6,93,0.103750
416,29.050,周期字段（降权）,0x324,8,1,6,1,0,0.9750,2,3,0.335300
417,28.800,瞬时请求候选,0x2F1,8,5,3,0,0,0.9175,6,96,1.208350
418,28.800,瞬时请求候选,0x400,7,2,3,1,1,0.8550,5,56,-0.163200
419,28.800,瞬时请求候选,0x709,8,3,1,0,0,0.7400,5,56,0.453500
420,28.800,瞬时请求候选,0x709,8,3,4,0,0,0.8425,5,56,0.272000
421,28.600,瞬时请求候选,0x301,8,0,0,不一致,不一致,0.6000,5,57,0.543100
422,28.600,瞬时请求候选,0x302,8,0,0,不一致,不一致,0.6000,5,57,0.563900
423,28.600,瞬时请求候选,0x303,8,0,0,不一致,不一致,0.6000,5,57,0.635800
424,28.600,瞬时请求候选,0x2B4,6,4,5,0,0,0.9175,6,97,0.505750
425,28.600,瞬时请求候选,0x3B2,8,1,7,0,不一致,0.7263,6,97,0.152100
426,28.600,瞬时请求候选,0x3B2,8,3,3,0,0,0.6986,6,97,0.453850
427,28.600,瞬时请求候选,0x709,8,1,1,0,0,0.6618,6,97,0.159500
428,28.600,瞬时请求候选,0x709,8,1,3,0,0,0.7329,6,97,0.158400
429,28.400,瞬时请求候选,0x359,8,2,2,0,0,0.9625,5,58,1.006100
430,28.400,瞬时请求候选,0x359,8,2,3,0,0,0.9625,5,58,1.008500
431,28.400,瞬时请求候选,0x3B2,8,1,0,不一致,0,0.6428,6,98,0.404350
432,28.400,瞬时请求候选,0x75D,8,7,0,0,0,0.8600,6,98,0.289750
433,28.200,瞬时请求候选,0x3B2,8,7,3,0,0,0.6436,6,99,0.154150
434,28.200,瞬时请求候选,0x77A,8,1,4,1,1,0.8250,5,59,-0.228300
435,28.000,瞬时请求候选,0x102,8,4,1,1,1,0.7225,6,262,-0.133900
436,28.000,瞬时请求候选,0x102,8,4,2,0,0,0.7225,6,262,-0.133900
437,28.000,瞬时请求候选,0x129,8,0,0,不一致,0,0.5142,6,3648,-0.236950
438,28.000,瞬时请求候选,0x129,8,0,1,不一致,不一致,0.5158,6,3692,-0.246050
439,28.000,瞬时请求候选,0x129,8,0,2,1,1,0.5570,6,4599,-0.246150
440,28.000,瞬时请求候选,0x129,8,0,3,不一致,0,0.5045,6,2083,-0.226450
441,28.000,瞬时请求候选,0x129,8,0,4,不一致,不一致,0.5128,6,3695,-0.236450
442,28.000,瞬时请求候选,0x129,8,0,5,0,0,0.5317,6,3818,-0.236450
443,28.000,瞬时请求候选,0x129,8,0,6,1,1,0.5615,6,4585,-0.245800
444,28.000,瞬时请求候选,0x129,8,0,7,不一致,1,0.5040,6,3732,-0.246150
445,28.000,瞬时请求候选,0x129,8,2,0,0,0,0.5817,6,3668,-0.236700
446,28.000,瞬时请求候选,0x129,8,2,1,1,1,0.5817,6,3668,-0.236700
447,28.000,瞬时请求候选,0x129,8,4,0,0,0,0.9595,6,514,-0.096000
448,28.000,瞬时请求候选,0x132,6,0,0,0,0,0.5090,6,3701,-0.236300
449,28.000,瞬时请求候选,0x132,6,0,1,1,1,0.5132,6,3700,-0.245400
450,28.000,瞬时请求候选,0x132,6,0,2,1,1,0.5058,6,3675,-0.235800
451,28.000,瞬时请求候选,0x132,6,0,3,不一致,不一致,0.5115,6,3813,-0.240600
452,28.000,瞬时请求候选,0x132,6,0,4,不一致,0,0.5505,6,3373,-0.225550
453,28.000,瞬时请求候选,0x132,6,0,5,不一致,0,0.7750,6,1790,-0.145600
454,28.000,瞬时请求候选,0x132,6,0,6,不一致,1,0.8120,6,1281,-0.105700
455,28.000,瞬时请求候选,0x132,6,2,0,1,1,0.7230,6,2741,-0.236150
456,28.000,瞬时请求候选,0x132,6,2,1,1,1,0.7310,6,2548,-0.236150
457,28.000,瞬时请求候选,0x132,6,2,2,1,1,0.7310,6,2512,-0.236150
458,28.000,瞬时请求候选,0x132,6,2,3,0,0,0.7310,6,2492,-0.236150
459,28.000,瞬时请求候选,0x132,6,4,0,1,1,0.6638,6,3321,-0.240800
460,28.000,瞬时请求候选,0x132,6,4,1,0,0,0.6392,6,3429,-0.235650
461,28.000,瞬时请求候选,0x132,6,4,2,1,1,0.6375,6,3329,-0.236100
462,28.000,瞬时请求候选,0x132,6,4,3,0,0,0.6527,6,3165,-0.236100
463,28.000,瞬时请求候选,0x201,8,0,3,0,0,0.8725,6,694,-0.181800
464,28.000,瞬时请求候选,0x201,8,0,4,0,0,0.7537,6,1458,-0.232700
465,28.000,瞬时请求候选,0x201,8,0,5,0,0,0.7500,6,1478,-0.232700
466,28.000,瞬时请求候选,0x201,8,0,6,0,0,0.7500,6,1478,-0.232700
467,28.000,瞬时请求候选,0x201,8,0,7,1,1,0.7500,6,1483,-0.207550
468,28.000,瞬时请求候选,0x201,8,1,0,0,0,0.7500,6,1478,-0.232700
469,28.000,瞬时请求候选,0x201,8,1,2,0,0,0.7500,6,1483,-0.207550
470,28.000,瞬时请求候选,0x201,8,1,3,0,0,0.7812,6,1310,-0.232700
471,28.000,瞬时请求候选,0x201,8,1,4,0,0,0.9000,6,634,-0.133550
472,28.000,瞬时请求候选,0x201,8,1,6,0,0,0.8187,6,1008,-0.232150
473,28.000,瞬时请求候选,0x201,8,1,7,0,0,0.7500,6,1478,-0.232700
474,28.000,瞬时请求候选,0x201,8,2,0,0,0,0.7500,6,1478,-0.232700
475,28.000,瞬时请求候选,0x201,8,2,3,0,0,0.7500,6,1483,-0.207550
476,28.000,瞬时请求候选,0x201,8,2,4,0,0,0.7500,6,1483,-0.207550
477,28.000,瞬时请求候选,0x201,8,3,0,0,0,0.7500,6,1483,-0.207550
478,28.000,瞬时请求候选,0x201,8,3,7,0,0,0.7500,6,1478,-0.232700
479,28.000,瞬时请求候选,0x201,8,4,1,0,0,0.7500,6,1478,-0.232700
480,28.000,瞬时请求候选,0x201,8,4,5,0,0,0.7500,6,1478,-0.232700
481,28.000,瞬时请求候选,0x201,8,5,0,0,0,0.7500,6,1478,-0.232700
482,28.000,瞬时请求候选,0x201,8,5,1,0,0,0.7500,6,1478,-0.232700
483,28.000,瞬时请求候选,0x201,8,5,3,0,0,0.7500,6,1474,-0.232700
484,28.000,瞬时请求候选,0x201,8,5,4,0,0,0.7500,6,1478,-0.232700
485,28.000,瞬时请求候选,0x201,8,5,5,0,0,0.7500,6,1478,-0.232700
486,28.000,瞬时请求候选,0x201,8,5,6,0,0,0.7500,6,1478,-0.232700
487,28.000,瞬时请求候选,0x201,8,6,0,0,0,0.7500,6,1478,-0.232700
488,28.000,瞬时请求候选,0x201,8,6,4,1,1,0.7500,6,1483,-0.207550
489,28.000,瞬时请求候选,0x201,8,6,7,1,1,0.7500,6,1478,-0.232700
490,28.000,瞬时请求候选,0x201,8,7,0,1,1,0.7500,6,1483,-0.207550
491,28.000,瞬时请求候选,0x201,8,7,6,0,0,0.7500,6,1483,-0.207550
492,28.000,瞬时请求候选,0x201,8,7,7,0,0,0.7500,6,1483,-0.207550
493,28.000,瞬时请求候选,0x219,7,0,1,0,0,0.6650,6,246,-0.069950
494,28.000,瞬时请求候选,0x219,7,0,2,0,0,0.6650,6,250,0.028300
495,28.000,瞬时请求候选,0x219,7,1,2,0,0,0.8300,6,250,0.027750
496,28.000,瞬时请求候选,0x219,7,1,4,0,0,0.8300,6,250,0.027750
497,28.000,瞬时请求候选,0x219,7,1,5,0,0,0.8300,6,250,0.027750
498,28.000,瞬时请求候选,0x219,7,1,6,0,0,0.8300,6,250,0.027750
499,28.000,瞬时请求候选,0x219,7,1,7,1,1,0.6650,6,250,0.028300
500,28.000,瞬时请求候选,0x219,7,2,0,1,1,0.8300,6,250,0.027750
501,28.000,瞬时请求候选,0x219,7,2,1,1,1,0.8300,6,250,0.027750
502,28.000,瞬时请求候选,0x219,7,2,3,1,1,0.8300,6,250,0.027750
503,28.000,瞬时请求候选,0x219,7,2,4,1,1,0.8350,6,252,0.127750
504,28.000,瞬时请求候选,0x219,7,2,7,1,1,0.6650,6,250,0.028300
505,28.000,瞬时请求候选,0x219,7,3,0,1,1,0.8300,6,250,0.027750
506,28.000,瞬时请求候选,0x219,7,3,1,1,1,0.8300,6,250,0.027750
507,28.000,瞬时请求候选,0x219,7,3,2,1,1,0.8300,6,250,0.027750
508,28.000,瞬时请求候选,0x219,7,3,3,1,1,0.8300,6,250,0.027750
509,28.000,瞬时请求候选,0x219,7,3,4,1,1,0.6650,6,250,0.028300
510,28.000,瞬时请求候选,0x219,7,3,5,1,1,0.8300,6,250,0.027750
511,28.000,瞬时请求候选,0x219,7,3,6,1,1,0.8300,6,250,0.027750
512,28.000,瞬时请求候选,0x219,7,3,7,1,1,0.6650,6,250,0.028300
513,28.000,瞬时请求候选,0x219,7,4,0,1,1,0.8300,6,250,0.027750
514,28.000,瞬时请求候选,0x219,7,4,1,1,1,0.8300,6,250,0.027750
515,28.000,瞬时请求候选,0x219,7,4,2,1,1,0.8300,6,250,0.027750
516,28.000,瞬时请求候选,0x219,7,4,3,1,1,0.8300,6,250,0.027750
517,28.000,瞬时请求候选,0x219,7,4,4,1,1,0.6650,6,250,0.028300
518,28.000,瞬时请求候选,0x219,7,4,5,1,1,0.8300,6,250,0.027750
519,28.000,瞬时请求候选,0x219,7,4,6,1,1,0.8300,6,250,0.027750
520,28.000,瞬时请求候选,0x219,7,4,7,1,1,0.6650,6,250,0.028300
521,28.000,瞬时请求候选,0x219,7,5,1,1,1,0.5000,6,498,-0.072250
522,28.000,瞬时请求候选,0x219,7,5,2,0,0,0.8350,6,252,0.127750
523,28.000,瞬时请求候选,0x219,7,5,3,1,1,0.8300,6,250,0.027750
524,28.000,瞬时请求候选,0x219,7,5,4,1,1,0.6650,6,250,0.028300
525,28.000,瞬时请求候选,0x219,7,5,5,1,1,0.8300,6,250,0.027750
526,28.000,瞬时请求候选,0x219,7,5,6,1,1,0.8300,6,250,0.027750
527,28.000,瞬时请求候选,0x219,7,5,7,1,1,0.6650,6,250,0.028300
528,28.000,瞬时请求候选,0x219,7,6,0,1,1,0.6650,6,250,0.028300
529,28.000,瞬时请求候选,0x219,7,6,1,1,1,0.6650,6,250,0.028300
530,28.000,瞬时请求候选,0x219,7,6,2,1,1,0.6650,6,250,0.028300
531,28.000,瞬时请求候选,0x219,7,6,3,1,1,0.6650,6,250,0.028300
532,28.000,瞬时请求候选,0x229,3,0,0,1,1,0.6250,6,279,-0.086150
533,28.000,瞬时请求候选,0x229,3,0,1,0,0,0.6250,6,467,-0.186050
534,28.000,瞬时请求候选,0x229,3,0,2,1,1,0.5625,6,465,-0.086150
535,28.000,瞬时请求候选,0x229,3,0,3,1,1,0.5000,6,372,-0.186250
536,28.000,瞬时请求候选,0x229,3,0,4,0,0,0.6250,6,373,-0.086300
537,28.000,瞬时请求候选,0x229,3,0,5,0,0,0.5625,6,371,-0.185900
538,28.000,瞬时请求候选,0x229,3,0,6,1,1,0.6875,6,279,-0.035850
539,28.000,瞬时请求候选,0x229,3,0,7,0,0,0.6875,6,184,0.014000
540,28.000,瞬时请求候选,0x234,8,0,0,不一致,0,0.6112,6,845,-0.207900
541,28.000,瞬时请求候选,0x234,8,0,1,不一致,0,0.6088,6,903,-0.207900
542,28.000,瞬时请求候选,0x234,8,0,2,0,0,0.7775,6,611,-0.133850
543,28.000,瞬时请求候选,0x234,8,0,5,1,1,0.5000,6,1409,-0.207900
544,28.000,瞬时请求候选,0x234,8,1,5,1,1,0.7850,6,719,-0.207450
545,28.000,瞬时请求候选,0x234,8,2,1,1,1,0.5075,6,1409,-0.207900
546,28.000,瞬时请求候选,0x234,8,3,0,0,0,0.9025,6,255,-0.106950
547,28.000,瞬时请求候选,0x234,8,3,3,0,0,0.5837,6,1281,-0.207450
548,28.000,瞬时请求候选,0x234,8,4,2,0,0,0.9025,6,251,-0.106950
549,28.000,瞬时请求候选,0x234,8,4,5,0,0,0.5825,6,1285,-0.207450
550,28.000,瞬时请求候选,0x234,8,7,0,0,0,0.6987,6,667,-0.183300
551,28.000,瞬时请求候选,0x234,8,7,1,1,1,0.5537,6,994,-0.207450
552,28.000,瞬时请求候选,0x234,8,7,2,1,1,0.9313,6,218,0.191100
553,28.000,瞬时请求候选,0x234,8,7,3,1,1,0.5800,6,1232,-0.207450
554,28.000,瞬时请求候选,0x234,8,7,4,0,0,0.7863,6,743,-0.157900
555,28.000,瞬时请求候选,0x234,8,7,5,不一致,1,0.5112,6,741,-0.207900
556,28.000,瞬时请求候选,0x234,8,7,6,不一致,1,0.5150,6,489,-0.207900
557,28.000,瞬时请求候选,0x234,8,7,7,不一致,不一致,0.5075,6,295,-0.008750
558,28.000,瞬时请求候选,0x23E,8,7,4,不一致,不一致,0.5040,6,1815,-0.220800
559,28.000,瞬时请求候选,0x23E,8,7,5,不一致,1,0.5040,6,930,-0.201050
560,28.000,瞬时请求候选,0x23E,8,7,6,不一致,1,0.5030,6,484,-0.181100
561,28.000,瞬时请求候选,0x23E,8,7,7,不一致,不一致,0.5190,6,247,-0.021150
562,28.000,瞬时请求候选,0x241,7,0,0,0,0,0.6425,6,416,-0.202750
563,28.000,瞬时请求候选,0x241,7,2,6,0,0,0.6425,6,416,-0.202750
564,28.000,瞬时请求候选,0x243,8,0,0,0,0,0.6000,6,2967,-0.232250
565,28.000,瞬时请求候选,0x243,8,0,1,0,0,0.6000,6,1484,-0.212300
566,28.000,瞬时请求候选,0x243,8,0,2,0,0,0.8000,6,1490,-0.172400
567,28.000,瞬时请求候选,0x243,8,1,2,不一致,1,0.5570,6,1488,-0.210750
568,28.000,瞬时请求候选,0x243,8,1,3,1,1,0.8000,6,1489,-0.192450
569,28.000,瞬时请求候选,0x243,8,1,4,1,1,0.8000,6,1489,-0.192450
570,28.000,瞬时请求候选,0x243,8,1,5,0,0,0.6000,6,1484,-0.212300
571,28.000,瞬时请求候选,0x243,8,1,6,0,0,0.6000,6,1484,-0.212300
572,28.000,瞬时请求候选,0x243,8,1,7,1,1,0.8000,6,1489,-0.192450
573,28.000,瞬时请求候选,0x243,8,2,0,1,1,0.6010,6,2963,-0.232250
574,28.000,瞬时请求候选,0x243,8,2,1,0,0,0.6000,6,1484,-0.212300
575,28.000,瞬时请求候选,0x243,8,2,2,0,0,0.6000,6,1484,-0.212300
576,28.000,瞬时请求候选,0x243,8,2,3,0,0,0.7710,6,1824,-0.232250
577,28.000,瞬时请求候选,0x243,8,2,4,0,0,0.6290,6,2633,-0.210750
578,28.000,瞬时请求候选,0x243,8,2,5,1,1,0.8000,6,1484,-0.232250
579,28.000,瞬时请求候选,0x243,8,2,6,1,1,0.6000,6,1484,-0.212300
580,28.000,瞬时请求候选,0x243,8,2,7,0,0,0.6000,6,1484,-0.232250
581,28.000,瞬时请求候选,0x243,8,3,0,0,0,0.6000,6,2973,-0.212300
582,28.000,瞬时请求候选,0x243,8,3,1,0,0,0.8000,6,1490,-0.172400
583,28.000,瞬时请求候选,0x243,8,3,2,0,0,0.6000,6,1484,-0.232250
584,28.000,瞬时请求候选,0x243,8,3,3,0,0,0.6000,6,1484,-0.232250
585,28.000,瞬时请求候选,0x243,8,3,4,0,0,0.6000,6,2973,-0.212300
586,28.000,瞬时请求候选,0x243,8,3,5,0,0,0.8000,6,1490,-0.172400
587,28.000,瞬时请求候选,0x243,8,3,6,0,0,0.7360,6,1488,-0.173000
588,28.000,瞬时请求候选,0x243,8,3,7,0,0,0.6000,6,1489,-0.192450
589,28.000,瞬时请求候选,0x243,8,4,0,1,1,0.6000,6,1483,-0.232250
590,28.000,瞬时请求候选,0x243,8,4,1,0,0,0.8000,6,1478,-0.232250
591,28.000,瞬时请求候选,0x243,8,4,2,0,0,0.6000,6,2968,-0.232250
592,28.000,瞬时请求候选,0x243,8,4,3,0,0,0.8000,6,1490,-0.172400
593,28.000,瞬时请求候选,0x243,8,4,4,1,1,0.6000,6,1483,-0.232250
594,28.000,瞬时请求候选,0x243,8,4,5,1,1,0.8000,6,1483,-0.212300
595,28.000,瞬时请求候选,0x243,8,4,6,0,0,0.6000,6,2968,-0.232250
596,28.000,瞬时请求候选,0x243,8,4,7,0,0,0.6000,6,1484,-0.232250
597,28.000,瞬时请求候选,0x243,8,5,0,0,0,0.6000,6,2770,-0.212300
598,28.000,瞬时请求候选,0x243,8,5,1,1,1,0.6000,6,1483,-0.232250
599,28.000,瞬时请求候选,0x243,8,5,2,0,0,0.6000,6,2973,-0.212300
600,28.000,瞬时请求候选,0x243,8,5,3,0,0,0.6000,6,1489,-0.192450
601,28.000,瞬时请求候选,0x243,8,5,4,1,1,0.6000,6,1484,-0.212300
602,28.000,瞬时请求候选,0x243,8,5,5,0,0,0.6000,6,1489,-0.192450
603,28.000,瞬时请求候选,0x243,8,5,6,0,0,0.6000,6,1489,-0.192450
604,28.000,瞬时请求候选,0x243,8,6,0,0,0,0.7990,6,1484,-0.232250
605,28.000,瞬时请求候选,0x243,8,6,1,0,0,0.6000,6,1489,-0.192450
606,28.000,瞬时请求候选,0x243,8,6,2,1,1,0.6000,6,2967,-0.232250
607,28.000,瞬时请求候选,0x243,8,6,3,0,0,0.8000,6,1478,-0.232250
608,28.000,瞬时请求候选,0x243,8,6,4,0,0,0.6000,6,2967,-0.232250
609,28.000,瞬时请求候选,0x243,8,6,5,1,1,0.6000,6,2967,-0.232250
610,28.000,瞬时请求候选,0x243,8,6,6,1,1,0.6000,6,1484,-0.212300
611,28.000,瞬时请求候选,0x243,8,7,0,0,0,0.8000,6,1484,-0.232250
612,28.000,瞬时请求候选,0x243,8,7,1,0,0,0.8000,6,1490,-0.172400
613,28.000,瞬时请求候选,0x243,8,7,2,0,0,0.6000,6,2968,-0.232250
614,28.000,瞬时请求候选,0x243,8,7,3,0,0,0.6000,6,1484,-0.212300
615,28.000,瞬时请求候选,0x243,8,7,4,0,0,0.8000,6,1478,-0.232250
616,28.000,瞬时请求候选,0x243,8,7,5,1,1,0.6000,6,1484,-0.212300
617,28.000,瞬时请求候选,0x243,8,7,6,0,0,0.6000,6,2968,-0.232250
618,28.000,瞬时请求候选,0x249,4,0,0,0,0,0.5625,6,741,-0.236300
619,28.000,瞬时请求候选,0x249,4,0,1,1,1,0.8125,6,558,-0.135850
620,28.000,瞬时请求候选,0x249,4,0,2,0,0,0.6250,6,373,-0.185300
621,28.000,瞬时请求候选,0x249,4,0,3,1,1,0.6875,6,555,-0.185400
622,28.000,瞬时请求候选,0x249,4,0,4,1,1,0.5000,6,743,-0.186050
623,28.000,瞬时请求候选,0x249,4,0,5,0,0,0.5625,6,740,-0.236300
624,28.000,瞬时请求候选,0x249,4,0,6,1,1,0.5000,6,928,-0.235550
625,28.000,瞬时请求候选,0x249,4,0,7,1,1,0.5000,6,557,-0.186000
626,28.000,瞬时请求候选,0x253,8,0,0,1,1,0.5000,6,291,-0.212450
627,28.000,瞬时请求候选,0x25D,8,6,0,0,0,0.8500,6,177,-0.110900
628,28.000,瞬时请求候选,0x25D,8,6,1,0,0,0.8575,6,167,-0.110900
629,28.000,瞬时请求候选,0x25D,8,6,2,0,0,0.8550,6,165,-0.110900
630,28.000,瞬时请求候选,0x25D,8,6,3,1,1,0.8550,6,165,-0.110900
631,28.000,瞬时请求候选,0x261,8,0,1,0,0,0.6664,6,1546,-0.233250
632,28.000,瞬时请求候选,0x261,8,0,2,0,0,0.6668,6,1544,-0.234450
633,28.000,瞬时请求候选,0x261,8,0,3,0,0,0.8220,6,1134,-0.228250
634,28.000,瞬时请求候选,0x261,8,0,4,不一致,0,0.7220,6,1994,-0.236250
635,28.000,瞬时请求候选,0x261,8,0,5,0,不一致,0.6360,6,2595,-0.229700
636,28.000,瞬时请求候选,0x261,8,0,6,0,不一致,0.5776,6,1545,-0.236800
637,28.000,瞬时请求候选,0x261,8,0,7,0,0,0.8472,6,1443,-0.234100
638,28.000,瞬时请求候选,0x261,8,1,1,不一致,1,0.5148,6,2987,-0.241850
639,28.000,瞬时请求候选,0x261,8,1,2,0,0,0.6664,6,1545,-0.230250
640,28.000,瞬时请求候选,0x261,8,1,4,0,0,0.6668,6,3088,-0.241850
641,28.000,瞬时请求候选,0x261,8,1,5,不一致,1,0.5008,6,3091,-0.242150
642,28.000,瞬时请求候选,0x261,8,1,6,0,0,0.6664,6,1545,-0.230250
643,28.000,瞬时请求候选,0x261,8,1,7,0,0,0.8332,6,1544,-0.234100
644,28.000,瞬时请求候选,0x261,8,2,0,1,不一致,0.5772,6,2682,-0.241800
645,28.000,瞬时请求候选,0x261,8,2,1,1,1,0.7412,6,1564,-0.209250
646,28.000,瞬时请求候选,0x261,8,2,2,1,1,0.6516,6,2738,-0.240950
647,28.000,瞬时请求候选,0x261,8,2,3,1,1,0.5772,6,1878,-0.234450
648,28.000,瞬时请求候选,0x261,8,2,4,0,0,0.7912,6,1677,-0.229700
649,28.000,瞬时请求候选,0x261,8,2,5,不一致,不一致,0.5424,6,3398,-0.241800
650,28.000,瞬时请求候选,0x261,8,2,6,0,0,0.9040,6,895,-0.198250
651,28.000,瞬时请求候选,0x261,8,2,7,0,0,0.7036,6,1545,-0.214300
652,28.000,瞬时请求候选,0x261,8,3,0,0,0,0.8316,6,1586,-0.230250
653,28.000,瞬时请求候选,0x261,8,3,1,0,0,0.6664,6,3091,-0.241800
654,28.000,瞬时请求候选,0x261,8,3,2,0,0,0.8332,6,1544,-0.234100
655,28.000,瞬时请求候选,0x261,8,3,3,0,0,0.6668,6,1544,-0.234450
656,28.000,瞬时请求候选,0x261,8,3,6,0,0,0.6668,6,1544,-0.234450
657,28.000,瞬时请求候选,0x261,8,3,7,0,0,0.8336,6,1542,-0.230250
658,28.000,瞬时请求候选,0x261,8,4,0,0,0,0.7528,6,1544,-0.214300
659,28.000,瞬时请求候选,0x261,8,4,1,0,0,0.7648,6,2142,-0.236800
660,28.000,瞬时请求候选,0x261,8,4,2,0,0,0.9716,6,344,0.082550
661,28.000,瞬时请求候选,0x261,8,4,3,0,0,0.6516,6,1544,-0.229700
662,28.000,瞬时请求候选,0x261,8,4,4,0,0,0.6820,6,2880,-0.236800
663,28.000,瞬时请求候选,0x261,8,4,5,0,0,0.8332,6,1546,-0.205450
664,28.000,瞬时请求候选,0x261,8,4,6,0,0,0.6668,6,1544,-0.221650
665,28.000,瞬时请求候选,0x261,8,4,7,1,1,0.6664,6,1545,-0.230250
666,28.000,瞬时请求候选,0x261,8,5,0,0,0,0.8332,6,1546,-0.205450
667,28.000,瞬时请求候选,0x261,8,5,1,0,0,0.8336,6,1542,-0.230250
668,28.000,瞬时请求候选,0x261,8,5,2,0,0,0.6668,6,3091,-0.232650
669,28.000,瞬时请求候选,0x261,8,5,4,0,0,0.8332,6,1547,-0.205150
670,28.000,瞬时请求候选,0x261,8,6,0,0,0,0.8332,6,1547,-0.232750
671,28.000,瞬时请求候选,0x261,8,6,1,0,0,0.6664,6,1547,-0.216250
672,28.000,瞬时请求候选,0x261,8,6,2,0,0,0.6664,6,1545,-0.230250
673,28.000,瞬时请求候选,0x261,8,6,3,0,0,0.8332,6,1546,-0.205450
674,28.000,瞬时请求候选,0x261,8,7,0,不一致,0,0.5856,6,2811,-0.242150
675,28.000,瞬时请求候选,0x261,8,7,1,不一致,不一致,0.5800,6,2531,-0.242150
676,28.000,瞬时请求候选,0x261,8,7,2,0,0,0.6280,6,2764,-0.242150
677,28.000,瞬时请求候选,0x261,8,7,3,不一致,1,0.6348,6,2252,-0.241800
678,28.000,瞬时请求候选,0x261,8,7,4,1,1,0.6348,6,2415,-0.242150
679,28.000,瞬时请求候选,0x261,8,7,5,1,不一致,0.5052,6,2321,-0.240650
680,28.000,瞬时请求候选,0x261,8,7,6,1,不一致,0.5044,6,1891,-0.220050
681,28.000,瞬时请求候选,0x261,8,7,7,不一致,不一致,0.5040,6,2857,-0.225300
682,28.000,瞬时请求候选,0x263,8,0,0,0,0,0.6000,6,2967,-0.222550
683,28.000,瞬时请求候选,0x263,8,0,1,0,0,0.6000,6,1484,-0.202350
684,28.000,瞬时请求候选,0x263,8,0,2,0,0,0.8000,6,1484,-0.242400
685,28.000,瞬时请求候选,0x263,8,1,4,0,0,0.6000,6,1478,-0.242400
686,28.000,瞬时请求候选,0x263,8,1,6,0,0,0.6000,6,1478,-0.242400
687,28.000,瞬时请求候选,0x263,8,1,7,0,0,0.6000,6,1478,-0.242400
688,28.000,瞬时请求候选,0x263,8,2,0,0,0,0.6000,6,1478,-0.242400
689,28.000,瞬时请求候选,0x263,8,2,1,0,0,0.6000,6,1478,-0.242400
690,28.000,瞬时请求候选,0x263,8,2,2,0,0,0.6000,6,1478,-0.242400
691,28.000,瞬时请求候选,0x263,8,2,3,0,0,0.8000,6,1478,-0.222550
692,28.000,瞬时请求候选,0x263,8,2,4,0,0,0.8000,6,1478,-0.222550
693,28.000,瞬时请求候选,0x263,8,2,5,0,0,0.6000,6,1478,-0.242400
694,28.000,瞬时请求候选,0x263,8,2,6,0,0,0.8000,6,1478,-0.242400
695,28.000,瞬时请求候选,0x263,8,2,7,0,0,0.6000,6,1478,-0.242400
696,28.000,瞬时请求候选,0x263,8,3,0,0,0,0.6000,6,1478,-0.242400
697,28.000,瞬时请求候选,0x263,8,3,3,0,0,0.8000,6,1478,-0.242400
698,28.000,瞬时请求候选,0x263,8,3,4,0,0,0.8000,6,1478,-0.222550
699,28.000,瞬时请求候选,0x263,8,3,5,0,0,0.8000,6,1478,-0.222550
700,28.000,瞬时请求候选,0x263,8,3,7,0,0,0.6000,6,1478,-0.242400
701,28.000,瞬时请求候选,0x263,8,4,2,0,0,0.6000,6,1478,-0.242400
702,28.000,瞬时请求候选,0x263,8,4,3,0,0,0.8000,6,1478,-0.222550
703,28.000,瞬时请求候选,0x263,8,4,4,0,0,0.8000,6,1478,-0.242400
704,28.000,瞬时请求候选,0x263,8,4,5,0,0,0.8000,6,1482,-0.242400
705,28.000,瞬时请求候选,0x263,8,4,6,0,0,0.6000,6,1484,-0.222550
706,28.000,瞬时请求候选,0x263,8,4,7,0,0,0.6000,6,1478,-0.242400
707,28.000,瞬时请求候选,0x263,8,5,0,0,0,0.6000,6,1478,-0.242400
708,28.000,瞬时请求候选,0x263,8,5,1,0,0,0.6000,6,1478,-0.242400
709,28.000,瞬时请求候选,0x263,8,5,2,0,0,0.5985,6,1478,-0.242400
710,28.000,瞬时请求候选,0x263,8,5,4,0,0,0.8020,6,1468,-0.242400
711,28.000,瞬时请求候选,0x263,8,5,6,0,0,0.8000,6,1478,-0.222550
712,28.000,瞬时请求候选,0x263,8,5,7,0,0,0.8000,6,1478,-0.222550
713,28.000,瞬时请求候选,0x263,8,6,0,0,0,0.8000,6,1478,-0.242400
714,28.000,瞬时请求候选,0x263,8,6,2,0,0,0.6000,6,1478,-0.242400
715,28.000,瞬时请求候选,0x263,8,6,4,0,0,0.6000,6,1478,-0.242400
716,28.000,瞬时请求候选,0x263,8,6,6,0,0,0.6000,6,1478,-0.242400
717,28.000,瞬时请求候选,0x263,8,7,0,不一致,不一致,0.5940,6,2289,-0.242400
718,28.000,瞬时请求候选,0x263,8,7,1,1,1,0.6000,6,2967,-0.242400
719,28.000,瞬时请求候选,0x263,8,7,2,1,1,0.6000,6,2967,-0.242400
720,28.000,瞬时请求候选,0x263,8,7,3,1,1,0.6000,6,2967,-0.242400
721,28.000,瞬时请求候选,0x263,8,7,4,0,0,0.6000,6,1478,-0.242400
722,28.000,瞬时请求候选,0x263,8,7,6,0,0,0.8000,6,1489,-0.182350
723,28.000,瞬时请求候选,0x285,8,0,0,1,1,0.5000,6,598,-0.210050
724,28.000,瞬时请求候选,0x285,8,0,1,1,1,0.5000,6,297,-0.210050
725,28.000,瞬时请求候选,0x285,8,0,2,0,0,0.7500,6,296,-0.210050
726,28.000,瞬时请求候选,0x285,8,0,6,0,0,0.7500,6,301,0.137450
727,28.000,瞬时请求候选,0x285,8,1,1,1,1,0.7500,6,302,0.189600
728,28.000,瞬时请求候选,0x285,8,1,2,1,1,0.5000,6,297,-0.210050
729,28.000,瞬时请求候选,0x285,8,1,4,1,1,0.5000,6,598,-0.210050
730,28.000,瞬时请求候选,0x285,8,1,6,1,1,0.7500,6,301,0.137450
731,28.000,瞬时请求候选,0x285,8,1,7,0,0,0.7500,6,302,0.189600
732,28.000,瞬时请求候选,0x285,8,2,0,1,1,0.5000,6,297,-0.210050
733,28.000,瞬时请求候选,0x285,8,2,1,1,1,0.5000,6,301,0.137450
734,28.000,瞬时请求候选,0x285,8,2,2,1,1,0.5000,6,598,-0.210050
735,28.000,瞬时请求候选,0x285,8,2,4,0,0,0.7500,6,296,-0.210050
736,28.000,瞬时请求候选,0x285,8,2,5,0,0,0.7500,6,301,0.137450
737,28.000,瞬时请求候选,0x285,8,2,6,0,0,0.7500,6,301,0.137450
738,28.000,瞬时请求候选,0x285,8,2,7,1,1,0.5000,6,301,0.137450
739,28.000,瞬时请求候选,0x285,8,3,0,1,1,0.5000,6,297,-0.210050
740,28.000,瞬时请求候选,0x285,8,3,1,0,0,0.7500,6,296,-0.210050
741,28.000,瞬时请求候选,0x285,8,3,2,0,0,0.7500,6,296,-0.210050
742,28.000,瞬时请求候选,0x285,8,3,3,0,0,0.7500,6,297,-0.210050
743,28.000,瞬时请求候选,0x285,8,3,6,1,1,0.5000,6,301,0.137450
744,28.000,瞬时请求候选,0x285,8,4,0,1,1,0.7500,6,302,0.189600
745,28.000,瞬时请求候选,0x285,8,4,1,0,0,0.7500,6,296,-0.210050
746,28.000,瞬时请求候选,0x285,8,4,2,1,1,0.5000,6,598,-0.210050
747,28.000,瞬时请求候选,0x285,8,4,3,1,1,0.5000,6,297,-0.210050
748,28.000,瞬时请求候选,0x285,8,4,4,0,0,0.7500,6,297,-0.210050
749,28.000,瞬时请求候选,0x285,8,4,7,1,1,0.5000,6,301,0.137450
750,28.000,瞬时请求候选,0x285,8,6,1,0,0,0.7500,6,302,0.189600
751,28.000,瞬时请求候选,0x285,8,6,2,0,0,0.7500,6,302,0.189600
752,28.000,瞬时请求候选,0x285,8,6,3,1,1,0.5000,6,301,0.137450
753,28.000,瞬时请求候选,0x285,8,6,4,0,0,0.7500,6,302,0.189600
754,28.000,瞬时请求候选,0x285,8,6,6,0,0,0.7500,6,302,0.189600
755,28.000,瞬时请求候选,0x285,8,6,7,0,0,0.7500,6,302,0.189600
756,28.000,瞬时请求候选,0x289,8,3,7,0,0,0.6015,6,481,-0.199450
757,28.000,瞬时请求候选,0x289,8,4,0,0,0,0.6015,6,416,-0.099450
758,28.000,瞬时请求候选,0x289,8,4,1,0,0,0.8070,6,300,0.200650
759,28.000,瞬时请求候选,0x289,8,4,3,0,0,0.6015,6,389,-0.198800
760,28.000,瞬时请求候选,0x289,8,4,4,0,0,0.6015,6,413,-0.198800
761,28.000,瞬时请求候选,0x289,8,4,5,0,0,0.7920,6,257,-0.099450
762,28.000,瞬时请求候选,0x2B3,8,0,0,0,0,0.5315,6,1162,-0.212750
763,28.000,瞬时请求候选,0x2B3,8,0,1,0,0,0.5315,6,580,-0.191550
764,28.000,瞬时请求候选,0x2B3,8,0,4,0,0,0.9399,6,147,0.477800
765,28.000,瞬时请求候选,0x2B3,8,0,5,0,0,0.7837,6,382,-0.081100
766,28.000,瞬时请求候选,0x2B3,8,0,6,0,0,0.9114,6,203,0.216750
767,28.000,瞬时请求候选,0x2B3,8,0,7,0,0,0.8979,6,246,0.057900
768,28.000,瞬时请求候选,0x2B3,8,1,0,0,0,0.5796,6,914,-0.212750
769,28.000,瞬时请求候选,0x2B3,8,1,1,0,0,0.5901,6,626,-0.200900
770,28.000,瞬时请求候选,0x2B3,8,1,2,0,不一致,0.5165,6,578,-0.200900
771,28.000,瞬时请求候选,0x2B3,8,1,3,0,0,0.5931,6,544,-0.151750
772,28.000,瞬时请求候选,0x2B3,8,1,4,0,0,0.6696,6,468,-0.032250
773,28.000,瞬时请求候选,0x2B3,8,1,5,0,0,0.8018,6,435,-0.091700
774,28.000,瞬时请求候选,0x2B3,8,1,6,0,0,0.5556,6,582,-0.200400
775,28.000,瞬时请求候选,0x2B3,8,1,7,0,0,0.7673,6,435,-0.191550
776,28.000,瞬时请求候选,0x2B3,8,2,0,0,0,0.8228,6,440,-0.101650
777,28.000,瞬时请求候选,0x2B3,8,2,1,0,0,0.7117,6,436,-0.151750
778,28.000,瞬时请求候选,0x2B3,8,2,2,0,0,0.5931,6,728,-0.200400
779,28.000,瞬时请求候选,0x2B3,8,2,3,0,0,0.5916,6,437,-0.191550
780,28.000,瞬时请求候选,0x2B3,8,2,4,0,0,0.7658,6,436,-0.031500
781,28.000,瞬时请求候选,0x2B3,8,2,5,0,0,0.7658,6,436,-0.092100
782,28.000,瞬时请求候选,0x2B3,8,2,6,0,0,0.7072,6,289,-0.131700
783,28.000,瞬时请求候选,0x2B3,8,2,7,0,0,0.5330,6,726,-0.200900
784,28.000,瞬时请求候选,0x2B3,8,3,0,0,0,0.7763,6,556,-0.170400
785,28.000,瞬时请求候选,0x2B3,8,3,1,0,0,0.7583,6,502,-0.131650
786,28.000,瞬时请求候选,0x2B3,8,3,2,不一致,不一致,0.5210,6,600,-0.192050
787,28.000,瞬时请求候选,0x2B3,8,3,3,0,0,0.6006,6,851,-0.191400
788,28.000,瞬时请求候选,0x2B3,8,3,4,1,1,0.6983,6,658,-0.200900
789,28.000,瞬时请求候选,0x2B3,8,3,5,0,0,0.6081,6,724,-0.191400
790,28.000,瞬时请求候选,0x2B3,8,3,6,1,1,0.5570,6,582,-0.171500
791,28.000,瞬时请求候选,0x2B3,8,3,7,0,0,0.6486,6,579,-0.212750
792,28.000,瞬时请求候选,0x2B3,8,4,0,不一致,0,0.5917,6,600,-0.182550
793,28.000,瞬时请求候选,0x2B3,8,4,1,不一致,0,0.5645,6,607,-0.192550
794,28.000,瞬时请求候选,0x2B3,8,4,2,不一致,0,0.6022,6,730,-0.201400
795,28.000,瞬时请求候选,0x2B3,8,4,3,1,1,0.5661,6,746,-0.200400
796,28.000,瞬时请求候选,0x2B3,8,4,4,1,1,0.5510,6,673,-0.171000
797,28.000,瞬时请求候选,0x2B3,8,4,5,1,1,0.6171,6,762,-0.212250
798,28.000,瞬时请求候选,0x2B3,8,4,6,0,0,0.6487,6,565,-0.212750
799,28.000,瞬时请求候选,0x2B3,8,4,7,0,0,0.6592,6,729,-0.201400
800,28.000,瞬时请求候选,0x2B3,8,5,0,0,0,0.7627,6,483,-0.031500
801,28.000,瞬时请求候选,0x2B3,8,5,1,0,0,0.6021,6,436,-0.091700
802,28.000,瞬时请求候选,0x2B3,8,5,2,0,0,0.6622,6,582,-0.200400
803,28.000,瞬时请求候选,0x2B3,8,5,3,0,0,0.6036,6,579,-0.201400
804,28.000,瞬时请求候选,0x2B3,8,5,4,0,0,0.9084,6,211,-0.002350
805,28.000,瞬时请求候选,0x2B3,8,5,5,0,0,0.8918,6,256,0.069600
806,28.000,瞬时请求候选,0x2B3,8,5,6,0,0,0.7102,6,291,-0.032250
807,28.000,瞬时请求候选,0x2B3,8,5,7,0,0,0.7658,6,438,-0.162150
808,28.000,瞬时请求候选,0x2B3,8,6,0,0,0,0.6337,6,478,-0.091700
809,28.000,瞬时请求候选,0x2B3,8,6,1,0,0,0.6367,6,545,-0.141600
810,28.000,瞬时请求候选,0x2B3,8,6,2,0,0,0.8724,6,332,-0.071200
811,28.000,瞬时请求候选,0x2B3,8,6,3,0,0,0.7538,6,476,-0.211750
812,28.000,瞬时请求候选,0x2B3,8,6,4,0,0,0.7523,6,475,-0.051600
813,28.000,瞬时请求候选,0x2B3,8,6,5,0,0,0.7161,6,583,-0.171500
814,28.000,瞬时请求候选,0x2B3,8,6,6,0,0,0.8814,6,291,-0.051400
815,28.000,瞬时请求候选,0x2B3,8,6,7,0,0,0.7102,6,581,-0.200400
816,28.000,瞬时请求候选,0x2B3,8,7,0,0,0,0.9175,6,216,0.117350
817,28.000,瞬时请求候选,0x2B3,8,7,1,0,0,0.7448,6,434,-0.152850
818,28.000,瞬时请求候选,0x2B3,8,7,2,0,0,0.6277,6,361,-0.071750
819,28.000,瞬时请求候选,0x2B3,8,7,3,0,0,0.7463,6,362,-0.011300
820,28.000,瞬时请求候选,0x2B3,8,7,4,0,0,0.8019,6,436,-0.131700
821,28.000,瞬时请求候选,0x2B3,8,7,5,0,0,0.7897,6,432,-0.141600
822,28.000,瞬时请求候选,0x2B3,8,7,6,0,0,0.9414,6,147,0.048550
823,28.000,瞬时请求候选,0x2B3,8,7,7,0,0,0.5886,6,578,-0.200400
824,28.000,瞬时请求候选,0x2B4,6,0,0,不一致,1,0.5250,6,375,-0.243800
825,28.000,瞬时请求候选,0x2B4,6,0,1,1,不一致,0.5775,6,352,-0.241850
826,28.000,瞬时请求候选,0x2B4,6,0,2,0,0,0.8000,6,225,0.007650
827,28.000,瞬时请求候选,0x2B4,6,2,0,不一致,1,0.7825,6,259,0.054150
828,28.000,瞬时请求候选,0x2B4,6,2,1,不一致,0,0.7825,6,255,0.054150
829,28.000,瞬时请求候选,0x2B4,6,4,0,1,不一致,0.5825,6,344,-0.243800
830,28.000,瞬时请求候选,0x2B4,6,4,1,不一致,0,0.5875,6,365,-0.143750
831,28.000,瞬时请求候选,0x2B4,6,4,2,不一致,1,0.5375,6,391,-0.241850
832,28.000,瞬时请求候选,0x2B4,6,4,3,不一致,0,0.6925,6,260,-0.192150
833,28.000,瞬时请求候选,0x2B4,6,4,4,0,0,0.9175,6,117,0.456100
834,28.000,瞬时请求候选,0x2C1,8,0,0,0,0,0.6000,6,2973,-0.217400
835,28.000,瞬时请求候选,0x2C1,8,0,1,0,0,0.6000,6,1489,-0.197650
836,28.000,瞬时请求候选,0x2C1,8,0,2,0,0,0.8000,6,1484,-0.237650
837,28.000,瞬时请求候选,0x2C1,8,0,4,0,0,0.8000,6,1478,-0.237650
838,28.000,瞬时请求候选,0x2C1,8,0,5,0,0,0.8000,6,1483,-0.217400
839,28.000,瞬时请求候选,0x2C1,8,0,6,0,0,0.8000,6,1478,-0.237650
840,28.000,瞬时请求候选,0x2C1,8,1,0,1,1,0.6000,6,1484,-0.217400
841,28.000,瞬时请求候选,0x2C1,8,1,1,0,0,0.6000,6,2973,-0.217400
842,28.000,瞬时请求候选,0x2C1,8,1,2,1,1,0.6000,6,2967,-0.237650
843,28.000,瞬时请求候选,0x2C1,8,1,3,0,0,0.6000,6,1484,-0.217400
844,28.000,瞬时请求候选,0x2C1,8,1,4,0,0,0.6000,6,2973,-0.217400
845,28.000,瞬时请求候选,0x2C1,8,1,5,0,0,0.8000,6,1478,-0.237650
846,28.000,瞬时请求候选,0x2C1,8,2,0,0,0,0.6000,6,2973,-0.217400
847,28.000,瞬时请求候选,0x2C1,8,2,1,1,1,0.6000,6,2967,-0.237650
848,28.000,瞬时请求候选,0x2C1,8,2,2,1,1,0.6000,6,1484,-0.237650
849,28.000,瞬时请求候选,0x2C1,8,2,3,0,0,0.6000,6,1483,-0.237650
850,28.000,瞬时请求候选,0x2C1,8,2,4,1,1,0.6000,6,1484,-0.217400
851,28.000,瞬时请求候选,0x2C1,8,2,5,0,0,0.8000,6,1478,-0.237650
852,28.000,瞬时请求候选,0x2C1,8,2,6,0,0,0.8000,6,1478,-0.237650
853,28.000,瞬时请求候选,0x2C1,8,3,0,0,0,0.8000,6,1489,-0.197650
854,28.000,瞬时请求候选,0x2C1,8,3,1,0,0,0.6000,6,2967,-0.237650
855,28.000,瞬时请求候选,0x2C1,8,3,2,0,0,0.6000,6,2973,-0.237650
856,28.000,瞬时请求候选,0x2C1,8,3,3,0,0,0.6000,6,2967,-0.237650
857,28.000,瞬时请求候选,0x2C1,8,4,0,0,0,0.8000,6,1484,-0.237650
858,28.000,瞬时请求候选,0x2C1,8,4,1,0,0,0.8000,6,1483,-0.217400
859,28.000,瞬时请求候选,0x2C1,8,4,2,0,0,0.8000,6,1484,-0.237650
860,28.000,瞬时请求候选,0x2C1,8,4,3,0,0,0.8000,6,1484,-0.237650
861,28.000,瞬时请求候选,0x2C1,8,5,0,0,0,0.8000,6,1484,-0.237650
862,28.000,瞬时请求候选,0x2C1,8,5,1,0,0,0.8000,6,1478,-0.237650
863,28.000,瞬时请求候选,0x2C1,8,5,3,0,0,0.8000,6,1478,-0.237650
864,28.000,瞬时请求候选,0x2C1,8,5,4,0,0,0.6000,6,2973,-0.237650
865,28.000,瞬时请求候选,0x2C1,8,5,6,0,0,0.8000,6,1489,-0.197650
866,28.000,瞬时请求候选,0x2C1,8,5,7,0,0,0.6000,6,2967,-0.237650
867,28.000,瞬时请求候选,0x2C1,8,6,1,0,0,0.6000,6,2967,-0.237650
868,28.000,瞬时请求候选,0x2C1,8,6,3,0,0,0.8000,6,1484,-0.237650
869,28.000,瞬时请求候选,0x2C1,8,6,4,0,0,0.8000,6,1489,-0.197650
870,28.000,瞬时请求候选,0x2C1,8,6,7,0,0,0.8000,6,1489,-0.197650
871,28.000,瞬时请求候选,0x2C1,8,7,0,0,0,0.6000,6,2967,-0.237650
872,28.000,瞬时请求候选,0x2C1,8,7,1,0,0,0.8000,6,1478,-0.237650
873,28.000,瞬时请求候选,0x2C1,8,7,2,0,0,0.8000,6,1478,-0.237650
874,28.000,瞬时请求候选,0x2C1,8,7,4,0,0,0.8000,6,1484,-0.237650
875,28.000,瞬时请求候选,0x2C1,8,7,6,0,0,0.6000,6,2967,-0.237650
876,28.000,瞬时请求候选,0x2C1,8,7,7,0,0,0.8000,6,1489,-0.197650
877,28.000,瞬时请求候选,0x2C3,8,0,4,不一致,不一致,0.6650,6,529,-0.172400
878,28.000,瞬时请求候选,0x2C3,8,1,1,1,1,0.5000,6,736,-0.172400
879,28.000,瞬时请求候选,0x2C3,8,2,3,1,1,0.5000,6,714,-0.172400
880,28.000,瞬时请求候选,0x2C3,8,2,5,1,1,0.5000,6,723,-0.172400
881,28.000,瞬时请求候选,0x2C3,8,3,0,1,不一致,0.6000,6,615,-0.172400
882,28.000,瞬时请求候选,0x2C3,8,3,2,1,1,0.5000,6,721,-0.172400
883,28.000,瞬时请求候选,0x2C3,8,6,1,1,不一致,0.6000,6,632,-0.172400
884,28.000,瞬时请求候选,0x2C4,8,0,0,1,1,0.5225,6,705,-0.245000
885,28.000,瞬时请求候选,0x2C4,8,0,2,0,0,0.5300,6,212,-0.045700
886,28.000,瞬时请求候选,0x2C4,8,0,3,0,0,0.6550,6,140,0.103850
887,28.000,瞬时请求候选,0x2C4,8,0,5,0,0,0.8250,6,245,-0.045700
888,28.000,瞬时请求候选,0x2C4,8,0,6,0,0,0.7925,6,218,-0.046100
889,28.000,瞬时请求候选,0x2C4,8,1,0,0,0,0.6825,6,372,-0.196100
890,28.000,瞬时请求候选,0x2C4,8,1,1,0,0,0.7950,6,270,-0.145000
891,28.000,瞬时请求候选,0x2C4,8,1,2,0,0,0.8450,6,143,0.153900
892,28.000,瞬时请求候选,0x2C4,8,1,3,0,0,0.8050,6,280,-0.095000
893,28.000,瞬时请求候选,0x2C4,8,1,4,0,0,0.7100,6,281,-0.146100
894,28.000,瞬时请求候选,0x2C4,8,1,5,0,0,0.7650,6,283,-0.145000
895,28.000,瞬时请求候选,0x2C4,8,1,6,0,0,0.7600,6,351,-0.244500
896,28.000,瞬时请求候选,0x2C4,8,1,7,0,0,0.7075,6,210,-0.195000
897,28.000,瞬时请求候选,0x2C4,8,2,0,0,0,0.7525,6,280,-0.196100
898,28.000,瞬时请求候选,0x2C4,8,2,1,0,0,0.8975,6,149,0.655050
899,28.000,瞬时请求候选,0x2C4,8,2,2,0,0,0.8050,6,274,-0.195650
900,28.000,瞬时请求候选,0x2C4,8,2,3,0,0,0.8250,6,262,-0.195650
901,28.000,瞬时请求候选,0x2C4,8,2,4,0,0,0.8700,6,177,-0.046000
902,28.000,瞬时请求候选,0x2C4,8,2,5,0,0,0.7925,6,162,0.004400
903,28.000,瞬时请求候选,0x2C4,8,2,7,0,0,0.7975,6,170,0.002800
904,28.000,瞬时请求候选,0x2C4,8,3,1,0,0,0.5575,6,253,-0.146150
905,28.000,瞬时请求候选,0x2C4,8,3,2,0,0,0.7200,6,279,-0.146100
906,28.000,瞬时请求候选,0x2C4,8,3,3,0,0,0.8525,6,192,0.004400
907,28.000,瞬时请求候选,0x2C4,8,3,4,0,0,0.7900,6,149,-0.046800
908,28.000,瞬时请求候选,0x2C4,8,3,5,0,0,0.8350,6,142,0.003400
909,28.000,瞬时请求候选,0x2C4,8,3,6,0,0,0.7800,6,109,0.655050
910,28.000,瞬时请求候选,0x2C4,8,3,7,0,0,0.5700,6,282,-0.147250
911,28.000,瞬时请求候选,0x2C4,8,4,0,0,0,0.6750,6,284,-0.145650
912,28.000,瞬时请求候选,0x2C4,8,4,1,0,0,0.8575,6,212,-0.145650
913,28.000,瞬时请求候选,0x2C4,8,4,2,0,0,0.8050,6,211,-0.095000
914,28.000,瞬时请求候选,0x2C4,8,4,3,0,0,0.6550,6,213,-0.045050
915,28.000,瞬时请求候选,0x2C4,8,4,5,0,0,0.8100,6,212,0.004000
916,28.000,瞬时请求候选,0x2C4,8,4,6,0,0,0.8300,6,250,-0.146100
917,28.000,瞬时请求候选,0x2C4,8,4,7,0,0,0.8000,6,192,-0.196100
918,28.000,瞬时请求候选,0x2C4,8,5,0,0,0,0.8900,6,145,0.153950
919,28.000,瞬时请求候选,0x2C4,8,5,1,0,0,0.8650,6,183,0.104450
920,28.000,瞬时请求候选,0x2C4,8,5,2,0,0,0.7100,6,284,-0.194500
921,28.000,瞬时请求候选,0x2C4,8,5,3,0,0,0.7450,6,194,-0.196100
922,28.000,瞬时请求候选,0x2C4,8,5,4,0,0,0.7325,6,316,-0.145650
923,28.000,瞬时请求候选,0x2C4,8,5,5,0,0,0.7150,6,351,-0.145650
924,28.000,瞬时请求候选,0x2C4,8,5,6,0,0,0.6525,6,291,-0.046600
925,28.000,瞬时请求候选,0x2C4,8,5,7,0,0,0.8775,6,108,0.004400
926,28.000,瞬时请求候选,0x2C4,8,6,0,0,0,0.6200,6,395,-0.195000
927,28.000,瞬时请求候选,0x2C4,8,6,1,0,0,0.8250,6,215,0.103550
928,28.000,瞬时请求候选,0x2C4,8,6,2,0,0,0.7250,6,283,-0.096600
929,28.000,瞬时请求候选,0x2C4,8,6,3,0,0,0.8250,6,208,0.254300
930,28.000,瞬时请求候选,0x2C4,8,6,4,0,0,0.9125,6,138,0.404750
931,28.000,瞬时请求候选,0x2C4,8,6,5,0,0,0.6800,6,333,-0.096650
932,28.000,瞬时请求候选,0x2C4,8,6,6,0,0,0.8150,6,251,-0.095000
933,28.000,瞬时请求候选,0x2C4,8,6,7,0,0,0.6925,6,243,-0.145650
934,28.000,瞬时请求候选,0x2C4,8,7,0,0,0,0.7650,6,212,0.003400
935,28.000,瞬时请求候选,0x2C4,8,7,1,0,0,0.8975,6,159,0.654300
936,28.000,瞬时请求候选,0x2C4,8,7,3,0,0,0.8575,6,142,-0.095650
937,28.000,瞬时请求候选,0x2C4,8,7,5,0,0,0.9075,6,142,0.203600
938,28.000,瞬时请求候选,0x2D2,8,0,0,1,不一致,0.8600,6,111,0.252150
939,28.000,瞬时请求候选,0x2E1,8,0,1,0,0,0.6663,6,1545,-0.233250
940,28.000,瞬时请求候选,0x2E1,8,0,2,0,0,0.6667,6,1544,-0.237700
941,28.000,瞬时请求候选,0x2E1,8,0,3,0,0,0.6663,6,3092,-0.238250
942,28.000,瞬时请求候选,0x2E1,8,0,4,0,0,0.6663,6,3091,-0.241250
943,28.000,瞬时请求候选,0x2E1,8,0,5,0,0,0.6663,6,3092,-0.238250
944,28.000,瞬时请求候选,0x2E1,8,0,6,0,0,0.6663,6,3090,-0.237700
945,28.000,瞬时请求候选,0x2E1,8,0,7,0,0,0.8327,6,1546,-0.234700
946,28.000,瞬时请求候选,0x2E1,8,1,0,0,0,0.6663,6,3091,-0.241250
947,28.000,瞬时请求候选,0x2E1,8,1,1,0,0,0.8335,6,1546,-0.197650
948,28.000,瞬时请求候选,0x2E1,8,1,2,0,0,0.8335,6,1547,-0.196950
949,28.000,瞬时请求候选,0x2E1,8,1,4,0,0,0.8327,6,1546,-0.234700
950,28.000,瞬时请求候选,0x2E1,8,1,6,0,0,0.6671,6,1547,-0.213050
951,28.000,瞬时请求候选,0x2E1,8,2,0,0,0,0.7503,6,1545,-0.233250
952,28.000,瞬时请求候选,0x2E1,8,2,1,0,0,0.7599,6,1546,-0.233250
953,28.000,瞬时请求候选,0x2E1,8,2,3,0,0,0.8247,6,1547,-0.196950
954,28.000,瞬时请求候选,0x2E1,8,2,4,0,0,0.6751,6,1545,-0.233250
955,28.000,瞬时请求候选,0x2E1,8,2,5,0,0,0.6663,6,1545,-0.233250
956,28.000,瞬时请求候选,0x2E1,8,2,7,0,0,0.8327,6,1546,-0.234700
957,28.000,瞬时请求候选,0x2E1,8,3,0,0,0,0.8327,6,1546,-0.234700
958,28.000,瞬时请求候选,0x2E1,8,3,1,0,0,0.6671,6,1547,-0.213050
959,28.000,瞬时请求候选,0x2E1,8,3,2,0,0,0.8335,6,1546,-0.197650
960,28.000,瞬时请求候选,0x2E1,8,3,3,0,0,0.8327,6,1546,-0.234700
961,28.000,瞬时请求候选,0x2E1,8,3,4,0,0,0.9032,6,880,0.141300
962,28.000,瞬时请求候选,0x2E1,8,3,5,0,0,0.7847,6,2035,-0.234700
963,28.000,瞬时请求候选,0x2E1,8,3,6,0,0,0.8463,6,1385,-0.234700
964,28.000,瞬时请求候选,0x2E1,8,3,7,0,0,0.6595,6,3090,-0.238250
965,28.000,瞬时请求候选,0x2E1,8,4,0,0,0,0.8335,6,1546,-0.197650
966,28.000,瞬时请求候选,0x2E1,8,4,3,1,1,0.6671,6,1545,-0.225100
967,28.000,瞬时请求候选,0x2E1,8,4,4,1,1,0.6667,6,1544,-0.237700
968,28.000,瞬时请求候选,0x2E1,8,4,5,0,0,0.8335,6,1547,-0.196950
969,28.000,瞬时请求候选,0x2E1,8,4,6,0,0,0.8331,6,1544,-0.226700
970,28.000,瞬时请求候选,0x2E1,8,4,7,0,0,0.8327,6,1546,-0.234700
971,28.000,瞬时请求候选,0x2E1,8,5,0,0,0,0.9280,6,658,-0.108050
972,28.000,瞬时请求候选,0x2E1,8,5,1,0,0,0.7747,6,1546,-0.233250
973,28.000,瞬时请求候选,0x2E1,8,5,2,0,0,0.5846,6,2362,-0.233250
974,28.000,瞬时请求候选,0x2E1,8,5,3,1,1,0.5690,6,3090,-0.237700
975,28.000,瞬时请求候选,0x2E1,8,5,4,0,0,0.6607,6,3091,-0.232650
976,28.000,瞬时请求候选,0x2E1,8,5,5,0,0,0.5062,6,4580,-0.241250
977,28.000,瞬时请求候选,0x2E1,8,5,6,1,1,0.6671,6,1545,-0.213650
978,28.000,瞬时请求候选,0x2E1,8,5,7,0,0,0.6663,6,3090,-0.237700
979,28.000,瞬时请求候选,0x2E1,8,6,0,0,0,0.8327,6,1546,-0.234700
980,28.000,瞬时请求候选,0x2E1,8,6,1,0,0,0.8331,6,1544,-0.226700
981,28.000,瞬时请求候选,0x2E1,8,6,2,0,0,0.6667,6,1544,-0.237700
982,28.000,瞬时请求候选,0x2E1,8,6,3,0,0,0.6663,6,3090,-0.237700
983,28.000,瞬时请求候选,0x2E1,8,6,5,0,0,0.6667,6,3089,-0.241250
984,28.000,瞬时请求候选,0x2E1,8,6,7,0,0,0.8335,6,1544,-0.222200
985,28.000,瞬时请求候选,0x2E1,8,7,1,0,0,0.8335,6,1544,-0.222200
986,28.000,瞬时请求候选,0x2E1,8,7,3,0,0,0.6671,6,1545,-0.225100
987,28.000,瞬时请求候选,0x2E1,8,7,5,0,0,0.8335,6,1544,-0.222200
988,28.000,瞬时请求候选,0x2E1,8,7,6,0,0,0.8335,6,1544,-0.222200
989,28.000,瞬时请求候选,0x2E2,8,0,0,0,0,0.5600,6,213,-0.061650
990,28.000,瞬时请求候选,0x2E2,8,0,1,0,0,0.5700,6,213,-0.061600
991,28.000,瞬时请求候选,0x2E2,8,0,3,0,0,0.8600,6,104,0.339150
992,28.000,瞬时请求候选,0x2E2,8,0,4,0,0,0.6000,6,203,0.038250
993,28.000,瞬时请求候选,0x2E2,8,0,5,0,0,0.8600,6,103,0.138750
994,28.000,瞬时请求候选,0x2E2,8,0,6,0,0,0.7200,6,209,0.038250
995,28.000,瞬时请求候选,0x2E2,8,0,7,0,0,0.8600,6,103,0.138750
996,28.000,瞬时请求候选,0x2E2,8,1,0,0,0,0.7200,6,209,0.038250
997,28.000,瞬时请求候选,0x2E2,8,1,1,0,0,0.7200,6,105,0.139400
998,28.000,瞬时请求候选,0x2E2,8,1,2,0,0,0.8550,6,104,0.339150
999,28.000,瞬时请求候选,0x2E2,8,1,3,0,0,0.7200,6,210,0.138250
1000,28.000,瞬时请求候选,0x2E2,8,1,4,0,0,0.8550,6,105,0.138750
1001,28.000,瞬时请求候选,0x2E2,8,1,5,0,0,0.7200,6,210,0.138250
1002,28.000,瞬时请求候选,0x2E2,8,2,2,0,0,0.7800,6,155,0.238150
1003,28.000,瞬时请求候选,0x2E2,8,2,3,0,0,0.7800,6,155,0.238150
1004,28.000,瞬时请求候选,0x2E2,8,2,5,0,0,0.8600,6,106,0.538400
1005,28.000,瞬时请求候选,0x2E2,8,2,6,0,0,0.8550,6,105,0.138750
1006,28.000,瞬时请求候选,0x2E2,8,3,0,0,0,0.8650,6,101,0.238150
1007,28.000,瞬时请求候选,0x2E2,8,3,1,0,0,0.6700,6,167,0.138400
1008,28.000,瞬时请求候选,0x2E2,8,3,2,1,1,0.5450,6,208,-0.061600
1009,28.000,瞬时请求候选,0x2E2,8,3,3,0,0,0.7000,6,212,0.038750
1010,28.000,瞬时请求候选,0x2E2,8,3,4,1,1,0.8500,6,106,0.339150
1011,28.000,瞬时请求候选,0x2E2,8,3,5,0,0,0.8650,6,101,0.238150
1012,28.000,瞬时请求候选,0x2E2,8,3,6,1,1,0.7250,6,105,0.139400
1013,28.000,瞬时请求候选,0x2E2,8,4,0,0,0,0.7150,6,211,0.038250
1014,28.000,瞬时请求候选,0x2E2,8,4,1,1,1,0.5750,6,211,0.138250
1015,28.000,瞬时请求候选,0x2E2,8,4,3,0,0,0.7150,6,211,0.038250
1016,28.000,瞬时请求候选,0x2E2,8,4,5,0,0,0.8550,6,105,0.138750
1017,28.000,瞬时请求候选,0x2E2,8,4,6,0,0,0.7150,6,211,0.038250
1018,28.000,瞬时请求候选,0x2E2,8,5,0,1,1,0.7150,6,105,0.139400
1019,28.000,瞬时请求候选,0x2E2,8,5,1,1,1,0.7200,6,210,0.138250
1020,28.000,瞬时请求候选,0x2E2,8,5,2,0,0,0.8550,6,105,0.138750
1021,28.000,瞬时请求候选,0x2E2,8,5,3,1,1,0.7150,6,105,0.139400
1022,28.000,瞬时请求候选,0x2E2,8,5,4,1,1,0.6800,6,105,0.237000
1023,28.000,瞬时请求候选,0x2E2,8,5,6,0,0,0.7550,6,175,0.238250
1024,28.000,瞬时请求候选,0x2E2,8,6,0,0,0,0.8300,6,144,0.237000
1025,28.000,瞬时请求候选,0x2E2,8,6,1,0,0,0.8550,6,105,0.138750
1026,28.000,瞬时请求候选,0x2E2,8,6,3,0,0,0.8600,6,106,0.538400
1027,28.000,瞬时请求候选,0x2E2,8,6,4,0,0,0.8550,6,105,0.138750
1028,28.000,瞬时请求候选,0x2E2,8,6,5,0,0,0.8600,6,106,0.538400
1029,28.000,瞬时请求候选,0x2E2,8,7,2,0,0,0.7150,6,211,0.038250
1030,28.000,瞬时请求候选,0x2E2,8,7,3,0,0,0.8600,6,106,0.538400
1031,28.000,瞬时请求候选,0x2E2,8,7,4,0,0,0.8550,6,105,0.138750
1032,28.000,瞬时请求候选,0x2E2,8,7,6,0,0,0.7200,6,210,0.038250
1033,28.000,瞬时请求候选,0x2E3,7,0,0,0,0,0.6700,6,248,-0.063800
1034,28.000,瞬时请求候选,0x2E3,7,0,1,1,不一致,0.5050,6,246,-0.062800
1035,28.000,瞬时请求候选,0x2E3,7,0,3,0,0,0.8300,6,124,0.335200
1036,28.000,瞬时请求候选,0x2E3,7,0,4,0,0,0.7500,6,160,-0.062800
1037,28.000,瞬时请求候选,0x2E3,7,0,5,0,0,0.6900,6,222,-0.063950
1038,28.000,瞬时请求候选,0x2E3,7,0,6,0,0,0.6000,6,243,-0.062800
1039,28.000,瞬时请求候选,0x2E3,7,0,7,0,0,0.6700,6,238,-0.062800
1040,28.000,瞬时请求候选,0x2E3,7,1,0,0,0,0.6450,6,241,-0.062800
1041,28.000,瞬时请求候选,0x2E3,7,1,1,0,0,0.5450,6,244,-0.063300
1042,28.000,瞬时请求候选,0x2E3,7,1,4,0,0,0.8100,6,125,0.336700
1043,28.000,瞬时请求候选,0x2E3,7,1,6,0,0,0.6800,6,160,0.336050
1044,28.000,瞬时请求候选,0x2E3,7,1,7,0,0,0.6200,6,177,0.036200
1045,28.000,瞬时请求候选,0x2E3,7,2,0,0,0,0.6400,6,176,0.036200
1046,28.000,瞬时请求候选,0x2E3,7,2,1,0,0,0.6950,6,195,0.036550
1047,28.000,瞬时请求候选,0x2E3,7,2,2,0,0,0.8100,6,126,0.336700
1048,28.000,瞬时请求候选,0x2E3,7,2,3,0,0,0.7100,6,125,0.236200
1049,28.000,瞬时请求候选,0x2E3,7,2,5,0,0,0.7950,6,152,0.134900
1050,28.000,瞬时请求候选,0x2E3,7,2,6,0,0,0.6500,6,246,-0.062800
1051,28.000,瞬时请求候选,0x2E3,7,3,0,0,0,0.8550,6,111,0.634850
1052,28.000,瞬时请求候选,0x2E3,7,3,1,0,0,0.5950,6,239,-0.063950
1053,28.000,瞬时请求候选,0x2E3,7,3,2,0,0,0.6650,6,224,-0.062800
1054,28.000,瞬时请求候选,0x2E3,7,3,3,0,0,0.6550,6,233,-0.063800
1055,28.000,瞬时请求候选,0x2E3,7,3,4,不一致,1,0.5100,6,245,-0.063800
1056,28.000,瞬时请求候选,0x2E3,7,3,5,0,0,0.8400,6,123,0.336700
1057,28.000,瞬时请求候选,0x2E3,7,3,6,0,0,0.6550,6,124,0.036550
1058,28.000,瞬时请求候选,0x2E3,7,4,0,0,0,0.8350,6,125,0.336700
1059,28.000,瞬时请求候选,0x2E3,7,4,1,0,0,0.6600,6,122,0.036550
1060,28.000,瞬时请求候选,0x2E3,7,4,3,0,0,0.7150,6,204,-0.062800
1061,28.000,瞬时请求候选,0x2E3,7,4,4,0,0,0.7000,6,226,-0.062800
1062,28.000,瞬时请求候选,0x2E3,7,5,0,0,0,0.6200,6,160,0.036550
1063,28.000,瞬时请求候选,0x2E3,7,5,1,1,1,0.5400,6,161,0.137200
1064,28.000,瞬时请求候选,0x2E3,7,5,2,0,0,0.8150,6,139,0.234800
1065,28.000,瞬时请求候选,0x2E3,7,5,3,0,0,0.6600,6,122,0.036550
1066,28.000,瞬时请求候选,0x2E3,7,5,7,0,0,0.8650,6,104,0.637200
1067,28.000,瞬时请求候选,0x2E3,7,6,1,0,0,0.8550,6,103,0.336700
1068,28.000,瞬时请求候选,0x2E3,7,6,2,0,0,0.8550,6,109,0.336700
1069,28.000,瞬时请求候选,0x2E3,7,6,6,0,0,0.8250,6,125,0.235550
1070,28.000,瞬时请求候选,0x2F1,8,0,0,0,0,0.5250,6,704,-0.191650
1071,28.000,瞬时请求候选,0x2F1,8,0,1,0,0,0.5250,6,393,-0.092150
1072,28.000,瞬时请求候选,0x2F1,8,0,2,0,0,0.5875,6,157,0.057250
1073,28.000,瞬时请求候选,0x2F1,8,0,5,0,0,0.8450,6,236,0.157850
1074,28.000,瞬时请求候选,0x2F1,8,1,0,1,1,0.6125,6,248,-0.091200
1075,28.000,瞬时请求候选,0x2F1,8,1,1,0,0,0.9400,6,102,0.508800
1076,28.000,瞬时请求候选,0x2F1,8,1,2,0,0,0.9300,6,102,0.608400
1077,28.000,瞬时请求候选,0x2F1,8,1,3,0,0,0.8375,6,220,0.208350
1078,28.000,瞬时请求候选,0x2F1,8,1,4,1,1,0.5675,6,171,0.107900
1079,28.000,瞬时请求候选,0x2F1,8,1,5,0,0,0.8825,6,172,0.208350
1080,28.000,瞬时请求候选,0x2F1,8,1,6,0,0,0.8950,6,159,0.307850
1081,28.000,瞬时请求候选,0x2F1,8,1,7,0,0,0.7300,6,332,-0.092100
1082,28.000,瞬时请求候选,0x2F1,8,2,0,0,0,0.7050,6,363,-0.141250
1083,28.000,瞬时请求候选,0x2F1,8,2,1,0,0,0.8150,6,198,0.108750
1084,28.000,瞬时请求候选,0x2F1,8,2,3,0,0,0.5775,6,157,0.058350
1085,28.000,瞬时请求候选,0x2F1,8,2,5,0,0,0.6075,6,119,0.357250
1086,28.000,瞬时请求候选,0x2F1,8,3,0,不一致,0,0.5250,6,220,0.108950
1087,28.000,瞬时请求候选,0x2F1,8,3,1,0,0,0.8025,6,165,0.208350
1088,28.000,瞬时请求候选,0x2F1,8,3,3,0,0,0.7525,6,317,0.057850
1089,28.000,瞬时请求候选,0x2F1,8,3,4,0,0,0.8800,6,173,0.207900
1090,28.000,瞬时请求候选,0x2F1,8,3,6,0,0,0.8225,6,180,0.157850
1091,28.000,瞬时请求候选,0x2F1,8,3,7,0,0,0.5875,6,379,-0.190250
1092,28.000,瞬时请求候选,0x2F1,8,4,0,0,0,0.7325,6,154,0.009850
1093,28.000,瞬时请求候选,0x2F1,8,4,2,不一致,不一致,0.5200,6,236,-0.041650
1094,28.000,瞬时请求候选,0x2F1,8,4,3,0,0,0.8975,6,156,0.057700
1095,28.000,瞬时请求候选,0x2F1,8,4,4,0,0,0.8275,6,155,-0.041700
1096,28.000,瞬时请求候选,0x2F1,8,4,6,0,0,0.7325,6,156,-0.041200
1097,28.000,瞬时请求候选,0x2F1,8,5,0,0,0,0.8825,6,158,0.458350
1098,28.000,瞬时请求候选,0x2F1,8,5,1,0,0,0.9275,6,108,0.458350
1099,28.000,瞬时请求候选,0x2F1,8,5,5,0,0,0.8625,6,178,0.257700
1100,28.000,瞬时请求候选,0x2F1,8,5,6,0,0,0.8625,6,186,0.409250
1101,28.000,瞬时请求候选,0x2F1,8,5,7,0,0,0.8050,6,243,0.057700
1102,28.000,瞬时请求候选,0x2F1,8,6,0,0,0,0.6225,6,303,-0.042750
1103,28.000,瞬时请求候选,0x2F1,8,6,1,0,0,0.8300,6,150,0.358350
1104,28.000,瞬时请求候选,0x2F1,8,6,2,0,0,0.9300,6,104,0.658350
1105,28.000,瞬时请求候选,0x2F1,8,6,3,0,0,0.7975,6,234,-0.042300
1106,28.000,瞬时请求候选,0x2F9,8,3,4,0,0,0.6650,6,246,-0.063000
1107,28.000,瞬时请求候选,0x2F9,8,3,5,0,0,0.6650,6,250,0.035300
1108,28.000,瞬时请求候选,0x2F9,8,4,0,0,0,0.6700,6,494,-0.163000
1109,28.000,瞬时请求候选,0x2F9,8,4,1,0,0,0.8350,6,249,-0.114200
1110,28.000,瞬时请求候选,0x2F9,8,4,2,0,0,0.8350,6,249,-0.114200
1111,28.000,瞬时请求候选,0x2F9,8,4,3,0,0,0.8350,6,249,-0.114200
1112,28.000,瞬时请求候选,0x2F9,8,4,4,0,0,0.8350,6,249,-0.114200
1113,28.000,瞬时请求候选,0x2F9,8,4,5,0,0,0.6700,6,494,-0.163000
1114,28.000,瞬时请求候选,0x2F9,8,4,6,0,0,0.8350,6,249,-0.114200
1115,28.000,瞬时请求候选,0x2F9,8,4,7,0,0,0.6700,6,494,-0.163000
1116,28.000,瞬时请求候选,0x2F9,8,5,0,0,0,0.8350,6,249,-0.114200
1117,28.000,瞬时请求候选,0x2F9,8,5,1,0,0,0.6700,6,494,-0.163000
1118,28.000,瞬时请求候选,0x2F9,8,5,2,0,0,0.6700,6,494,-0.163000
1119,28.000,瞬时请求候选,0x2F9,8,5,3,0,0,0.6700,6,494,-0.163000
1120,28.000,瞬时请求候选,0x2F9,8,5,4,0,0,0.8350,6,249,-0.114200
1121,28.000,瞬时请求候选,0x2F9,8,5,5,0,0,0.6700,6,494,-0.163000
1122,28.000,瞬时请求候选,0x2F9,8,5,6,0,0,0.6700,6,494,-0.163000
1123,28.000,瞬时请求候选,0x2F9,8,5,7,0,0,0.6700,6,494,-0.163000
1124,28.000,瞬时请求候选,0x2F9,8,6,0,0,0,0.6700,6,494,-0.163000
1125,28.000,瞬时请求候选,0x2F9,8,6,1,0,0,0.6700,6,494,-0.163000
1126,28.000,瞬时请求候选,0x2F9,8,6,2,0,0,0.6700,6,494,-0.163000
1127,28.000,瞬时请求候选,0x2F9,8,6,3,0,0,0.6700,6,494,-0.163000
1128,28.000,瞬时请求候选,0x2F9,8,6,4,0,0,0.8350,6,249,-0.114200
1129,28.000,瞬时请求候选,0x2F9,8,6,5,0,0,0.6700,6,494,-0.163000
1130,28.000,瞬时请求候选,0x2F9,8,6,6,0,0,0.6700,6,494,-0.163000
1131,28.000,瞬时请求候选,0x2F9,8,6,7,0,0,0.8350,6,249,-0.114200
1132,28.000,瞬时请求候选,0x2F9,8,7,0,0,0,0.6700,6,494,-0.163000
1133,28.000,瞬时请求候选,0x2F9,8,7,1,0,0,0.8350,6,249,-0.114200
1134,28.000,瞬时请求候选,0x2F9,8,7,2,0,0,0.8350,6,249,-0.114200
1135,28.000,瞬时请求候选,0x2F9,8,7,3,0,0,0.6700,6,494,-0.163000
1136,28.000,瞬时请求候选,0x2F9,8,7,4,0,0,0.8350,6,249,-0.114200
1137,28.000,瞬时请求候选,0x2F9,8,7,5,0,0,0.8350,6,249,-0.114200
1138,28.000,瞬时请求候选,0x2F9,8,7,6,0,0,0.6700,6,494,-0.163000
1139,28.000,瞬时请求候选,0x2F9,8,7,7,0,0,0.6700,6,494,-0.163000
1140,28.000,瞬时请求候选,0x318,8,7,1,1,1,0.5000,6,700,-0.228150
1141,28.000,瞬时请求候选,0x318,8,7,2,1,1,0.5000,6,387,-0.176150
1142,28.000,瞬时请求候选,0x31E,8,0,0,1,1,0.5000,6,284,-0.212750
1143,28.000,瞬时请求候选,0x31E,8,0,1,1,1,0.5000,6,144,-0.112500
1144,28.000,瞬时请求候选,0x320,8,0,0,0,0,0.6000,6,296,-0.035650
1145,28.000,瞬时请求候选,0x320,8,0,1,0,0,0.6000,6,150,0.164400
1146,28.000,瞬时请求候选,0x320,8,0,2,0,0,0.8000,6,145,-0.235650
1147,28.000,瞬时请求候选,0x320,8,0,7,0,0,0.8000,6,140,-0.235650
1148,28.000,瞬时请求候选,0x320,8,3,3,0,0,0.8000,6,145,-0.035650
1149,28.000,瞬时请求候选,0x340,8,0,2,0,0,0.6675,6,123,0.087250
1150,28.000,瞬时请求候选,0x340,8,0,3,0,0,0.6575,6,122,-0.112600
1151,28.000,瞬时请求候选,0x340,8,1,0,0,0,0.9175,6,123,0.187750
1152,28.000,瞬时请求候选,0x340,8,1,2,0,0,0.9125,6,124,0.286600
1153,28.000,瞬时请求候选,0x340,8,1,6,0,0,0.9175,6,124,-0.013600
1154,28.000,瞬时请求候选,0x343,8,2,2,1,1,0.7000,6,305,-0.100900
1155,28.000,瞬时请求候选,0x343,8,2,3,1,1,0.6200,6,351,-0.201850
1156,28.000,瞬时请求候选,0x343,8,2,4,1,1,0.6175,6,353,-0.201850
1157,28.000,瞬时请求候选,0x343,8,2,5,0,0,0.6175,6,353,-0.201850
1158,28.000,瞬时请求候选,0x343,8,3,4,不一致,不一致,0.5425,6,359,-0.150900
1159,28.000,瞬时请求候选,0x343,8,3,5,1,1,0.6700,6,326,-0.202350
1160,28.000,瞬时请求候选,0x343,8,3,6,1,1,0.6650,6,318,-0.001900
1161,28.000,瞬时请求候选,0x343,8,3,7,0,0,0.6500,6,311,-0.102200
1162,28.000,瞬时请求候选,0x359,8,0,0,0,0,0.5750,6,629,-0.192750
1163,28.000,瞬时请求候选,0x359,8,0,1,0,0,0.5350,6,342,-0.191550
1164,28.000,瞬时请求候选,0x359,8,0,2,0,0,0.5375,6,228,0.006750
1165,28.000,瞬时请求候选,0x359,8,0,3,1,1,0.6550,6,175,0.158350
1166,28.000,瞬时请求候选,0x359,8,0,7,0,0,0.8125,6,286,0.008000
1167,28.000,瞬时请求候选,0x359,8,1,0,0,0,0.7375,6,287,-0.042000
1168,28.000,瞬时请求候选,0x359,8,1,1,0,0,0.6975,6,342,-0.092700
1169,28.000,瞬时请求候选,0x359,8,1,2,0,0,0.6175,6,517,-0.191700
1170,28.000,瞬时请求候选,0x359,8,1,3,0,0,0.7375,6,287,-0.042200
1171,28.000,瞬时请求候选,0x359,8,1,4,0,0,0.7000,6,287,-0.042200
1172,28.000,瞬时请求候选,0x359,8,1,5,0,0,0.7375,6,287,-0.042200
1173,28.000,瞬时请求候选,0x359,8,1,6,0,0,0.8875,6,115,0.707300
1174,28.000,瞬时请求候选,0x359,8,2,0,0,0,0.8500,6,115,0.707300
1175,28.000,瞬时请求候选,0x359,8,2,4,0,0,0.8500,6,171,0.307250
1176,28.000,瞬时请求候选,0x359,8,2,6,0,0,0.8125,6,171,0.307250
1177,28.000,瞬时请求候选,0x359,8,2,7,0,0,0.8875,6,170,0.307250
1178,28.000,瞬时请求候选,0x359,8,3,0,0,0,0.8125,6,171,0.307250
1179,28.000,瞬时请求候选,0x359,8,3,1,0,0,0.9250,6,115,0.807300
1180,28.000,瞬时请求候选,0x359,8,3,3,0,0,0.9250,6,115,0.807300
1181,28.000,瞬时请求候选,0x359,8,3,4,0,0,0.9250,6,112,0.307250
1182,28.000,瞬时请求候选,0x359,8,3,7,0,0,0.9250,6,116,0.707300
1183,28.000,瞬时请求候选,0x359,8,4,0,0,0,0.6950,6,397,-0.192050
1184,28.000,瞬时请求候选,0x359,8,4,1,0,0,0.8125,6,223,-0.192200
1185,28.000,瞬时请求候选,0x359,8,4,2,0,0,0.7350,6,345,-0.142200
1186,28.000,瞬时请求候选,0x359,8,4,3,0,0,0.7750,6,284,-0.192750
1187,28.000,瞬时请求候选,0x359,8,4,4,0,0,0.8500,6,226,-0.191000
1188,28.000,瞬时请求候选,0x359,8,4,5,0,0,0.7675,6,286,-0.042000
1189,28.000,瞬时请求候选,0x359,8,4,6,0,0,0.6950,6,288,-0.092200
1190,28.000,瞬时请求候选,0x359,8,4,7,0,0,0.7300,6,396,-0.191000
1191,28.000,瞬时请求候选,0x359,8,5,0,0,0,0.8500,6,169,0.107250
1192,28.000,瞬时请求候选,0x359,8,5,1,0,0,0.8425,6,228,-0.043200
1193,28.000,瞬时请求候选,0x359,8,5,2,0,0,0.7675,6,289,-0.042700
1194,28.000,瞬时请求候选,0x359,8,5,3,0,0,0.8050,6,174,0.507300
1195,28.000,瞬时请求候选,0x359,8,5,4,0,0,0.8475,6,234,0.207850
1196,28.000,瞬时请求候选,0x359,8,5,5,0,0,0.7675,6,345,-0.142200
1197,28.000,瞬时请求候选,0x359,8,5,6,0,0,0.8450,6,231,0.157300
1198,28.000,瞬时请求候选,0x359,8,5,7,0,0,0.7675,6,284,-0.142200
1199,28.000,瞬时请求候选,0x359,8,6,0,0,0,0.8425,6,231,-0.043400
1200,28.000,瞬时请求候选,0x359,8,6,1,0,0,0.6900,6,401,-0.192050
1201,28.000,瞬时请求候选,0x359,8,6,2,0,0,0.8025,6,285,-0.091700
1202,28.000,瞬时请求候选,0x359,8,6,3,0,0,0.8075,6,228,-0.191550
1203,28.000,瞬时请求候选,0x359,8,6,4,0,0,0.8475,6,175,0.057300
1204,28.000,瞬时请求候选,0x359,8,6,5,0,0,0.7675,6,346,-0.142200
1205,28.000,瞬时请求候选,0x359,8,6,6,0,0,0.8450,6,170,-0.191550
1206,28.000,瞬时请求候选,0x359,8,6,7,0,0,0.8850,6,172,0.106050
1207,28.000,瞬时请求候选,0x359,8,7,0,0,0,0.8050,6,233,0.057300
1208,28.000,瞬时请求候选,0x359,8,7,1,0,0,0.6975,6,404,-0.191550
1209,28.000,瞬时请求候选,0x359,8,7,2,0,0,0.7350,6,285,-0.142200
1210,28.000,瞬时请求候选,0x359,8,7,3,0,0,0.8075,6,287,0.008000
1211,28.000,瞬时请求候选,0x359,8,7,4,0,0,0.8850,6,172,0.009000
1212,28.000,瞬时请求候选,0x359,8,7,5,0,0,0.8825,6,169,0.107850
1213,28.000,瞬时请求候选,0x359,8,7,6,0,0,0.9200,6,116,0.707300
1214,28.000,瞬时请求候选,0x359,8,7,7,0,0,0.7700,6,287,-0.191550
1215,28.000,瞬时请求候选,0x360,8,0,0,0,0,0.5450,6,671,-0.241150
1216,28.000,瞬时请求候选,0x360,8,0,1,0,0,0.5500,6,402,-0.190700
1217,28.000,瞬时请求候选,0x360,8,0,2,0,0,0.6350,6,134,-0.090250
1218,28.000,瞬时请求候选,0x360,8,0,3,0,0,0.7275,6,134,0.109250
1219,28.000,瞬时请求候选,0x360,8,6,2,0,0,0.9100,6,134,0.258400
1220,28.000,瞬时请求候选,0x372,8,0,0,0,0,0.5333,6,1042,-0.175750
1221,28.000,瞬时请求候选,0x372,8,1,0,0,0,0.6950,6,435,-0.175750
1222,28.000,瞬时请求候选,0x372,8,1,1,0,0,0.7633,6,448,-0.145750
1223,28.000,瞬时请求候选,0x372,8,1,2,0,0,0.7683,6,432,-0.175750
1224,28.000,瞬时请求候选,0x372,8,1,3,0,0,0.7500,6,470,-0.234850
1225,28.000,瞬时请求候选,0x372,8,1,4,0,0,0.8467,6,331,0.124400
1226,28.000,瞬时请求候选,0x372,8,1,5,0,0,0.7717,6,201,-0.175050
1227,28.000,瞬时请求候选,0x372,8,1,6,0,0,0.7733,6,361,-0.055750
1228,28.000,瞬时请求候选,0x372,8,1,7,0,0,0.7367,6,291,-0.175750
1229,28.000,瞬时请求候选,0x372,8,2,0,0,0,0.6017,6,584,-0.175750
1230,28.000,瞬时请求候选,0x372,8,2,1,0,0,0.6650,6,452,-0.055550
1231,28.000,瞬时请求候选,0x372,8,2,2,0,0,0.7333,6,436,-0.175750
1232,28.000,瞬时请求候选,0x372,8,2,3,0,0,0.7550,6,303,0.064400
1233,28.000,瞬时请求候选,0x372,8,2,4,0,0,0.6667,6,588,-0.175750
1234,28.000,瞬时请求候选,0x372,8,2,5,0,0,0.8000,6,303,0.064400
1235,28.000,瞬时请求候选,0x372,8,2,6,0,0,0.6383,6,433,-0.175950
1236,28.000,瞬时请求候选,0x372,8,2,7,0,0,0.7967,6,447,-0.234350
1237,28.000,瞬时请求候选,0x372,8,3,0,0,0,0.7117,6,469,-0.234350
1238,28.000,瞬时请求候选,0x372,8,3,1,0,0,0.7150,6,329,-0.234650
1239,28.000,瞬时请求候选,0x372,8,3,2,0,0,0.5633,6,536,-0.234350
1240,28.000,瞬时请求候选,0x372,8,3,3,0,0,0.7067,6,437,-0.234850
1241,28.000,瞬时请求候选,0x372,8,3,4,0,0,0.6133,6,558,-0.234850
1242,28.000,瞬时请求候选,0x372,8,3,5,0,0,0.8000,6,291,-0.115750
1243,28.000,瞬时请求候选,0x372,8,3,6,0,0,0.8667,6,295,-0.055550
1244,28.000,瞬时请求候选,0x372,8,3,7,0,0,0.9333,6,140,-0.234850
1245,28.000,瞬时请求候选,0x372,8,4,0,0,0,0.9333,6,150,0.484250
1246,28.000,瞬时请求候选,0x372,8,4,1,0,0,0.7333,6,447,-0.175750
1247,28.000,瞬时请求候选,0x372,8,4,2,0,0,0.8000,6,447,-0.234850
1248,28.000,瞬时请求候选,0x372,8,4,3,0,0,0.9333,6,150,0.484250
1249,28.000,瞬时请求候选,0x372,8,4,4,0,0,0.8533,6,298,-0.055150
1250,28.000,瞬时请求候选,0x372,8,4,6,0,0,0.8967,6,140,-0.175950
1251,28.000,瞬时请求候选,0x372,8,4,7,0,0,0.9083,6,204,-0.115950
1252,28.000,瞬时请求候选,0x372,8,5,0,0,0,0.6217,6,593,-0.234850
1253,28.000,瞬时请求候选,0x372,8,5,1,0,0,0.9117,6,190,-0.234850
1254,28.000,瞬时请求候选,0x372,8,5,2,0,0,0.8667,6,296,-0.234850
1255,28.000,瞬时请求候选,0x372,8,5,3,0,0,0.8667,6,297,-0.234850
1256,28.000,瞬时请求候选,0x372,8,5,4,0,0,0.8000,6,297,-0.175750
1257,28.000,瞬时请求候选,0x372,8,5,5,0,0,0.7333,6,600,-0.234850
1258,28.000,瞬时请求候选,0x372,8,5,6,0,0,0.7333,6,448,-0.234850
1259,28.000,瞬时请求候选,0x372,8,5,7,0,0,0.8667,6,304,0.124250
1260,28.000,瞬时请求候选,0x372,8,6,0,0,0,0.8217,6,392,0.124250
1261,28.000,瞬时请求候选,0x372,8,6,1,0,0,0.6950,6,682,0.004450
1262,28.000,瞬时请求候选,0x372,8,6,2,0,0,0.6650,6,677,-0.234650
1263,28.000,瞬时请求候选,0x372,8,6,3,0,0,0.6517,6,671,-0.085300
1264,28.000,瞬时请求候选,0x372,8,6,4,0,0,0.7400,6,523,-0.175750
1265,28.000,瞬时请求候选,0x372,8,6,5,0,0,0.6550,6,646,-0.234350
1266,28.000,瞬时请求候选,0x372,8,6,6,0,0,0.7383,6,578,-0.234850
1267,28.000,瞬时请求候选,0x372,8,6,7,0,0,0.8583,6,323,-0.234550
1268,28.000,瞬时请求候选,0x372,8,7,0,0,0,0.7917,6,292,-0.176100
1269,28.000,瞬时请求候选,0x372,8,7,1,0,0,0.8717,6,282,-0.234550
1270,28.000,瞬时请求候选,0x372,8,7,3,0,0,0.8667,6,290,-0.115750
1271,28.000,瞬时请求候选,0x372,8,7,4,0,0,0.8667,6,291,-0.115750
1272,28.000,瞬时请求候选,0x372,8,7,5,0,0,0.9333,6,140,-0.234850
1273,28.000,瞬时请求候选,0x372,8,7,6,0,0,0.9333,6,140,-0.115750
1274,28.000,瞬时请求候选,0x372,8,7,7,0,0,0.8667,6,302,0.364700
1275,28.000,瞬时请求候选,0x379,8,0,2,0,0,0.6600,6,122,-0.012350
1276,28.000,瞬时请求候选,0x379,8,0,3,0,0,0.6750,6,123,-0.012350
1277,28.000,瞬时请求候选,0x379,8,1,6,0,0,0.8625,6,200,0.086400
1278,28.000,瞬时请求候选,0x379,8,1,7,0,0,0.8850,6,168,-0.111900
1279,28.000,瞬时请求候选,0x379,8,2,0,0,0,0.6750,6,277,0.035650
1280,28.000,瞬时请求候选,0x379,8,2,1,0,0,0.5800,6,262,-0.013150
1281,28.000,瞬时请求候选,0x379,8,2,2,0,0,0.7425,6,238,-0.212150
1282,28.000,瞬时请求候选,0x379,8,2,3,1,0,0.5375,6,198,-0.012350
1283,28.000,瞬时请求候选,0x379,8,2,4,0,0,0.8275,6,154,-0.012950
1284,28.000,瞬时请求候选,0x379,8,2,5,0,0,0.8350,6,130,-0.112400
1285,28.000,瞬时请求候选,0x379,8,2,6,0,0,0.7950,6,180,-0.112950
1286,28.000,瞬时请求候选,0x379,8,2,7,0,0,0.8025,6,148,0.037050
1287,28.000,瞬时请求候选,0x379,8,3,0,0,0,0.8325,6,132,-0.163200
1288,28.000,瞬时请求候选,0x379,8,3,1,0,0,0.8700,6,118,-0.113200
1289,28.000,瞬时请求候选,0x379,8,3,2,0,0,0.8725,6,119,-0.163200
1290,28.000,瞬时请求候选,0x379,8,3,3,1,不一致,0.5300,6,232,-0.114400
1291,28.000,瞬时请求候选,0x379,8,3,4,0,0,0.7800,6,174,-0.063050
1292,28.000,瞬时请求候选,0x379,8,3,6,0,0,0.5450,6,196,-0.064950
1293,28.000,瞬时请求候选,0x379,8,3,7,0,0,0.8675,6,122,-0.061650
1294,28.000,瞬时请求候选,0x379,8,4,0,0,0,0.5775,6,249,-0.013400
1295,28.000,瞬时请求候选,0x379,8,4,1,1,不一致,0.5150,6,248,-0.163150
1296,28.000,瞬时请求候选,0x379,8,4,4,1,1,0.6750,6,123,-0.012350
1297,28.000,瞬时请求候选,0x379,8,4,5,0,0,0.6650,6,125,0.187700
1298,28.000,瞬时请求候选,0x379,8,4,6,0,0,0.6600,6,122,-0.012350
1299,28.000,瞬时请求候选,0x379,8,4,7,0,0,0.9175,6,121,0.085550
1300,28.000,瞬时请求候选,0x379,8,5,0,0,0,0.6650,6,125,0.187700
1301,28.000,瞬时请求候选,0x379,8,5,1,0,0,0.6650,6,125,0.187700
1302,28.000,瞬时请求候选,0x379,8,5,2,1,1,0.5925,6,124,-0.064400
1303,28.000,瞬时请求候选,0x379,8,5,3,1,不一致,0.5125,6,247,-0.163150
1304,28.000,瞬时请求候选,0x379,8,5,4,0,0,0.6650,6,125,0.187700
1305,28.000,瞬时请求候选,0x379,8,5,5,0,0,0.6350,6,172,-0.013400
1306,28.000,瞬时请求候选,0x379,8,5,6,0,0,0.9325,6,104,0.085550
1307,28.000,瞬时请求候选,0x379,8,5,7,0,0,0.5825,6,246,-0.114950
1308,28.000,瞬时请求候选,0x379,8,6,0,1,1,0.6175,6,248,-0.113050
1309,28.000,瞬时请求候选,0x379,8,6,2,0,0,0.5475,6,246,-0.112900
1310,28.000,瞬时请求候选,0x379,8,6,3,0,0,0.7575,6,122,-0.012350
1311,28.000,瞬时请求候选,0x379,8,6,4,0,0,0.8350,6,246,-0.112650
1312,28.000,瞬时请求候选,0x379,8,6,5,0,0,0.6650,6,125,0.187700
1313,28.000,瞬时请求候选,0x379,8,7,0,0,0,0.7575,6,122,-0.012350
1314,28.000,瞬时请求候选,0x379,8,7,1,0,0,0.6075,6,124,-0.064400
1315,28.000,瞬时请求候选,0x379,8,7,2,0,0,0.9175,6,121,0.085550
1316,28.000,瞬时请求候选,0x379,8,7,3,0,0,0.9175,6,125,0.287400
1317,28.000,瞬时请求候选,0x37A,8,1,0,1,1,0.5988,6,468,-0.199200
1318,28.000,瞬时请求候选,0x37A,8,1,2,1,1,0.6689,6,439,-0.198500
1319,28.000,瞬时请求候选,0x37A,8,1,3,1,1,0.7494,6,371,-0.198500
1320,28.000,瞬时请求候选,0x37A,8,1,5,0,0,0.7494,6,371,-0.198500
1321,28.000,瞬时请求候选,0x37A,8,1,6,0,0,0.7494,6,371,-0.198500
1322,28.000,瞬时请求候选,0x37A,8,1,7,0,0,0.7494,6,371,-0.198500
1323,28.000,瞬时请求候选,0x37A,8,2,0,0,0,0.7494,6,371,-0.198500
1324,28.000,瞬时请求候选,0x381,8,0,0,0,0,0.5176,6,1985,-0.228450
1325,28.000,瞬时请求候选,0x381,8,0,2,0,0,0.5581,6,459,-0.133000
1326,28.000,瞬时请求候选,0x381,8,0,3,0,0,0.5887,6,307,-0.133000
1327,28.000,瞬时请求候选,0x381,8,0,4,0,0,0.5950,6,152,-0.133000
1328,28.000,瞬时请求候选,0x381,8,0,5,0,0,0.7948,6,756,-0.202200
1329,28.000,瞬时请求候选,0x381,8,0,6,0,0,0.7183,6,1148,-0.228450
1330,28.000,瞬时请求候选,0x381,8,0,7,0,0,0.7750,6,764,-0.205350
1331,28.000,瞬时请求候选,0x381,8,1,0,0,0,0.7669,6,608,-0.171100
1332,28.000,瞬时请求候选,0x381,8,1,1,0,0,0.5644,6,1065,-0.228450
1333,28.000,瞬时请求候选,0x381,8,1,2,0,0,0.8938,6,427,-0.192100
1334,28.000,瞬时请求候选,0x381,8,1,3,0,0,0.8947,6,425,-0.165800
1335,28.000,瞬时请求候选,0x381,8,1,4,0,0,0.6949,6,796,-0.169700
1336,28.000,瞬时请求候选,0x381,8,1,5,0,0,0.7417,6,867,-0.219950
1337,28.000,瞬时请求候选,0x381,8,1,6,0,0,0.7678,6,774,-0.180950
1338,28.000,瞬时请求候选,0x381,8,1,7,0,0,0.7408,6,763,-0.183950
1339,28.000,瞬时请求候选,0x381,8,2,0,0,0,0.6256,6,766,-0.171100
1340,28.000,瞬时请求候选,0x381,8,2,1,0,0,0.6625,6,761,-0.198450
1341,28.000,瞬时请求候选,0x381,8,2,2,0,0,0.7021,6,913,-0.181250
1342,28.000,瞬时请求候选,0x381,8,2,3,0,0,0.8497,6,607,-0.165800
1343,28.000,瞬时请求候选,0x381,8,2,4,0,0,0.6994,6,761,-0.198450
1344,28.000,瞬时请求候选,0x381,8,2,5,0,0,0.6643,6,1065,-0.180950
1345,28.000,瞬时请求候选,0x381,8,2,6,0,0,0.6958,6,1066,-0.180950
1346,28.000,瞬时请求候选,0x381,8,2,7,0,0,0.7498,6,641,-0.192650
1347,28.000,瞬时请求候选,0x381,8,3,0,0,0,0.6931,6,1042,-0.219950
1348,28.000,瞬时请求候选,0x381,8,3,1,0,0,0.6292,6,1218,-0.202200
1349,28.000,瞬时请求候选,0x381,8,3,2,0,0,0.6652,6,1067,-0.166150
1350,28.000,瞬时请求候选,0x381,8,3,3,0,0,0.7777,6,764,-0.228450
1351,28.000,瞬时请求候选,0x381,8,3,4,0,0,0.5544,6,1067,-0.228450
1352,28.000,瞬时请求候选,0x381,8,3,5,0,0,0.7003,6,1062,-0.228450
1353,28.000,瞬时请求候选,0x381,8,3,6,0,0,0.6634,6,913,-0.219950
1354,28.000,瞬时请求候选,0x381,8,3,7,0,0,0.7048,6,914,-0.219950
1355,28.000,瞬时请求候选,0x381,8,4,0,0,0,0.6625,6,911,-0.201700
1356,28.000,瞬时请求候选,0x381,8,4,1,0,0,0.8524,6,456,-0.102500
1357,28.000,瞬时请求候选,0x381,8,4,2,0,0,0.8902,6,452,0.125150
1358,28.000,瞬时请求候选,0x381,8,4,3,0,0,0.7786,6,761,-0.219950
1359,28.000,瞬时请求候选,0x381,8,4,4,0,0,0.7786,6,761,-0.219950
1360,28.000,瞬时请求候选,0x381,8,4,5,0,0,0.8524,6,612,-0.097700
1361,28.000,瞬时请求候选,0x381,8,4,6,0,0,0.9262,6,306,-0.057700
1362,28.000,瞬时请求候选,0x381,8,4,7,0,0,0.8497,6,452,-0.180950
1363,28.000,瞬时请求候选,0x381,8,5,0,0,0,0.8893,6,306,-0.111900
1364,28.000,瞬时请求候选,0x381,8,5,1,0,0,0.8875,6,458,-0.205350
1365,28.000,瞬时请求候选,0x381,8,5,2,0,0,0.6670,6,1226,-0.205350
1366,28.000,瞬时请求候选,0x381,8,5,3,0,0,0.8722,6,494,-0.133000
1367,28.000,瞬时请求候选,0x381,8,5,4,0,0,0.7453,6,492,0.038600
1368,28.000,瞬时请求候选,0x381,8,5,5,0,0,0.7930,6,809,-0.146850
1369,28.000,瞬时请求候选,0x381,8,5,6,0,0,0.8002,6,835,-0.188850
1370,28.000,瞬时请求候选,0x381,8,5,7,0,0,0.8542,6,512,-0.219950
1371,28.000,瞬时请求候选,0x381,8,6,0,0,0,0.7858,6,666,-0.202200
1372,28.000,瞬时请求候选,0x381,8,6,1,0,0,0.7894,6,761,-0.171100
1373,28.000,瞬时请求候选,0x381,8,6,2,0,0,0.8146,6,612,-0.193800
1374,28.000,瞬时请求候选,0x381,8,6,3,0,0,0.7759,6,763,-0.164600
1375,28.000,瞬时请求候选,0x381,8,6,4,0,0,0.7705,6,625,-0.195500
1376,28.000,瞬时请求候选,0x381,8,6,5,0,0,0.8506,6,615,-0.163050
1377,28.000,瞬时请求候选,0x381,8,6,6,0,0,0.8137,6,612,-0.146850
1378,28.000,瞬时请求候选,0x381,8,6,7,0,0,0.8155,6,458,0.053050
1379,28.000,瞬时请求候选,0x381,8,7,0,0,0,0.8155,6,608,-0.166150
1380,28.000,瞬时请求候选,0x381,8,7,1,0,0,0.7705,6,610,-0.021750
1381,28.000,瞬时请求候选,0x381,8,7,2,0,0,0.7066,6,765,-0.076000
1382,28.000,瞬时请求候选,0x381,8,7,3,0,0,0.7813,6,611,-0.066500
1383,28.000,瞬时请求候选,0x381,8,7,4,0,0,0.8515,6,456,-0.097700
1384,28.000,瞬时请求候选,0x381,8,7,5,0,0,0.7813,6,611,-0.102500
1385,28.000,瞬时请求候选,0x381,8,7,6,0,0,0.8173,6,609,-0.102500
1386,28.000,瞬时请求候选,0x381,8,7,7,0,0,0.8893,6,304,0.140300
1387,28.000,瞬时请求候选,0x38A,8,0,0,1,1,0.6650,6,496,-0.183950
1388,28.000,瞬时请求候选,0x38A,8,0,1,0,0,0.6700,6,497,-0.135500
1389,28.000,瞬时请求候选,0x393,8,2,0,1,1,0.6825,6,450,-0.119300
1390,28.000,瞬时请求候选,0x393,8,3,3,不一致,1,0.5025,6,698,-0.220300
1391,28.000,瞬时请求候选,0x393,8,3,4,1,1,0.5000,6,724,-0.220300
1392,28.000,瞬时请求候选,0x39A,8,4,2,1,1,0.6075,6,499,-0.177000
1393,28.000,瞬时请求候选,0x39A,8,4,5,1,1,0.5550,6,616,-0.178500
1394,28.000,瞬时请求候选,0x39A,8,5,2,0,0,0.7725,6,354,-0.177900
1395,28.000,瞬时请求候选,0x39A,8,5,3,不一致,0,0.7350,6,412,0.120100
1396,28.000,瞬时请求候选,0x39A,8,5,4,不一致,1,0.5075,6,617,-0.178500
1397,28.000,瞬时请求候选,0x39A,8,6,2,0,0,0.6375,6,488,-0.128500
1398,28.000,瞬时请求候选,0x39A,8,6,3,不一致,0,0.6425,6,487,-0.128500
1399,28.000,瞬时请求候选,0x3A1,8,3,1,1,1,0.7537,6,737,-0.223600
1400,28.000,瞬时请求候选,0x3A1,8,3,2,0,0,0.7375,6,808,-0.199300
1401,28.000,瞬时请求候选,0x3A1,8,3,3,1,1,0.7312,6,817,-0.200450
1402,28.000,瞬时请求候选,0x3A1,8,3,4,0,0,0.7712,6,694,-0.176150
1403,28.000,瞬时请求候选,0x3A1,8,3,5,0,0,0.9225,6,265,0.126150
1404,28.000,瞬时请求候选,0x3A1,8,4,1,1,1,0.5000,6,1445,-0.225200
1405,28.000,瞬时请求候选,0x3A1,8,7,1,0,0,0.7537,6,737,-0.223600
1406,28.000,瞬时请求候选,0x3A1,8,7,2,1,1,0.7750,6,641,-0.075050
1407,28.000,瞬时请求候选,0x3A1,8,7,3,0,0,0.7188,6,808,-0.200450
1408,28.000,瞬时请求候选,0x3A1,8,7,4,1,1,0.7787,6,627,-0.124300
1409,28.000,瞬时请求候选,0x3A1,8,7,5,1,不一致,0.5175,6,744,-0.175100
1410,28.000,瞬时请求候选,0x3A1,8,7,6,1,0,0.5125,6,939,-0.225200
1411,28.000,瞬时请求候选,0x3A1,8,7,7,不一致,不一致,0.5075,6,982,-0.224150
1412,28.000,瞬时请求候选,0x3A2,8,0,0,0,0,0.6664,6,1498,-0.223050
1413,28.000,瞬时请求候选,0x3A2,8,0,1,0,0,0.6664,6,1498,-0.213350
1414,28.000,瞬时请求候选,0x3A2,8,0,4,0,0,0.8348,6,770,0.106250
1415,28.000,瞬时请求候选,0x3A2,8,0,5,不一致,0,0.6061,6,1501,-0.214850
1416,28.000,瞬时请求候选,0x3A2,8,0,6,0,0,0.7127,6,1197,-0.190700
1417,28.000,瞬时请求候选,0x3A2,8,0,7,1,1,0.6664,6,1498,-0.223050
1418,28.000,瞬时请求候选,0x3A2,8,1,0,0,0,0.6672,6,1500,-0.222650
1419,28.000,瞬时请求候选,0x3A2,8,1,1,0,0,0.6664,6,1498,-0.213350
1420,28.000,瞬时请求候选,0x3A2,8,1,2,1,1,0.6664,6,1498,-0.223050
1421,28.000,瞬时请求候选,0x3A2,8,1,4,0,0,0.6978,6,1348,-0.223050
1422,28.000,瞬时请求候选,0x3A2,8,1,5,0,0,0.6507,6,1498,-0.213350
1423,28.000,瞬时请求候选,0x3A2,8,1,6,0,0,0.9793,6,106,0.189100
1424,28.000,瞬时请求候选,0x3A2,8,1,7,0,0,0.6680,6,1498,-0.222650
1425,28.000,瞬时请求候选,0x3A2,8,2,1,0,0,0.6672,6,1500,-0.222650
1426,28.000,瞬时请求候选,0x3A2,8,2,4,0,0,0.6672,6,1500,-0.222650
1427,28.000,瞬时请求候选,0x3A2,8,2,5,1,1,0.6664,6,1498,-0.213350
1428,28.000,瞬时请求候选,0x3A2,8,2,6,0,0,0.6672,6,1500,-0.222650
1429,28.000,瞬时请求候选,0x3A2,8,2,7,0,0,0.8283,6,751,-0.206700
1430,28.000,瞬时请求候选,0x3A2,8,3,0,0,0,0.8018,6,881,-0.206700
1431,28.000,瞬时请求候选,0x3A2,8,3,1,0,0,0.7044,6,1303,-0.214850
1432,28.000,瞬时请求候选,0x3A2,8,3,3,0,0,0.6672,6,1500,-0.222650
1433,28.000,瞬时请求候选,0x3A2,8,3,4,0,0,0.6672,6,1500,-0.222650
1434,28.000,瞬时请求候选,0x3A2,8,3,5,0,0,0.6672,6,1500,-0.222650
1435,28.000,瞬时请求候选,0x3A2,8,3,6,0,0,0.6672,6,1500,-0.222650
1436,28.000,瞬时请求候选,0x3A2,8,3,7,0,0,0.6672,6,1500,-0.222650
1437,28.000,瞬时请求候选,0x3A2,8,4,0,0,0,0.7465,6,1171,-0.212550
1438,28.000,瞬时请求候选,0x3A2,8,4,1,0,0,0.8612,6,661,0.083650
1439,28.000,瞬时请求候选,0x3A2,8,4,2,0,不一致,0.5111,6,1498,-0.229350
1440,28.000,瞬时请求候选,0x3A2,8,4,3,0,0,0.8291,6,772,-0.212550
1441,28.000,瞬时请求候选,0x3A2,8,4,5,0,0,0.6656,6,1498,-0.213350
1442,28.000,瞬时请求候选,0x3A2,8,5,4,0,0,0.6664,6,1498,-0.223050
1443,28.000,瞬时请求候选,0x3A2,8,5,5,0,0,0.6664,6,1498,-0.223050
1444,28.000,瞬时请求候选,0x3A2,8,5,6,0,0,0.6664,6,1498,-0.223050
1445,28.000,瞬时请求候选,0x3A2,8,5,7,0,0,0.6664,6,1498,-0.223050
1446,28.000,瞬时请求候选,0x3A2,8,6,0,1,1,0.6664,6,1498,-0.213350
1447,28.000,瞬时请求候选,0x3A2,8,6,1,0,0,0.6664,6,1498,-0.223050
1448,28.000,瞬时请求候选,0x3A2,8,6,2,1,1,0.6664,6,1498,-0.213350
1449,28.000,瞬时请求候选,0x3A2,8,6,3,0,0,0.6664,6,1498,-0.223050
1450,28.000,瞬时请求候选,0x3A2,8,6,4,0,0,0.6664,6,1498,-0.223050
1451,28.000,瞬时请求候选,0x3A2,8,6,5,0,0,0.6664,6,1498,-0.223050
1452,28.000,瞬时请求候选,0x3A2,8,6,6,1,1,0.6664,6,1498,-0.213350
1453,28.000,瞬时请求候选,0x3A2,8,6,7,1,1,0.6664,6,1498,-0.213350
1454,28.000,瞬时请求候选,0x3A2,8,7,0,0,0,0.6672,6,1500,-0.222650
1455,28.000,瞬时请求候选,0x3A2,8,7,1,0,0,0.6672,6,1500,-0.222650
1456,28.000,瞬时请求候选,0x3A2,8,7,2,0,0,0.6672,6,1500,-0.222650
1457,28.000,瞬时请求候选,0x3A2,8,7,3,0,0,0.6672,6,1500,-0.222650
1458,28.000,瞬时请求候选,0x3A2,8,7,5,0,0,0.6672,6,1500,-0.222650
1459,28.000,瞬时请求候选,0x3A2,8,7,6,0,0,0.6672,6,1500,-0.222650
1460,28.000,瞬时请求候选,0x3A8,8,0,0,0,0,0.6000,6,296,-0.162250
1461,28.000,瞬时请求候选,0x3A8,8,0,1,0,0,0.6000,6,150,0.037900
1462,28.000,瞬时请求候选,0x3A8,8,0,2,0,0,0.8000,6,151,0.037900
1463,28.000,瞬时请求候选,0x3A8,8,1,0,0,0,0.8000,6,152,0.237850
1464,28.000,瞬时请求候选,0x3A8,8,1,1,0,0,0.6000,6,151,0.237850
1465,28.000,瞬时请求候选,0x3A8,8,1,2,0,0,0.8000,6,152,0.237850
1466,28.000,瞬时请求候选,0x3A8,8,1,3,0,0,0.8000,6,152,0.237850
1467,28.000,瞬时请求候选,0x3A8,8,1,4,0,0,0.8000,6,152,0.237850
1468,28.000,瞬时请求候选,0x3A8,8,1,5,0,0,0.6650,6,151,0.138600
1469,28.000,瞬时请求候选,0x3A8,8,1,6,0,0,0.6000,6,151,0.037900
1470,28.000,瞬时请求候选,0x3A8,8,1,7,0,0,0.8000,6,152,0.237850
1471,28.000,瞬时请求候选,0x3A8,8,2,0,0,0,0.8000,6,151,0.037900
1472,28.000,瞬时请求候选,0x3A8,8,2,1,0,0,0.8000,6,151,0.037900
1473,28.000,瞬时请求候选,0x3A8,8,2,3,0,0,0.8000,6,145,-0.162250
1474,28.000,瞬时请求候选,0x3A8,8,2,4,0,0,0.8000,6,145,-0.162250
1475,28.000,瞬时请求候选,0x3A8,8,3,0,0,0,0.6650,6,152,0.037900
1476,28.000,瞬时请求候选,0x3A8,8,3,1,0,0,0.6950,6,151,0.237850
1477,28.000,瞬时请求候选,0x3A8,8,3,2,0,0,0.6350,6,151,0.037900
1478,28.000,瞬时请求候选,0x3A8,8,3,3,0,0,0.6350,6,151,0.037900
1479,28.000,瞬时请求候选,0x3A8,8,3,4,0,0,0.6350,6,151,0.037900
1480,28.000,瞬时请求候选,0x3A8,8,3,5,0,0,0.6350,6,151,0.037900
1481,28.000,瞬时请求候选,0x3A8,8,3,6,0,0,0.6350,6,151,0.037900
1482,28.000,瞬时请求候选,0x3A8,8,5,0,0,0,0.8450,6,114,0.438400
1483,28.000,瞬时请求候选,0x3A8,8,5,1,0,0,0.8700,6,100,0.439400
1484,28.000,瞬时请求候选,0x3A8,8,6,0,0,0,0.8000,6,151,0.437750
1485,28.000,瞬时请求候选,0x3A8,8,6,1,0,0,0.8000,6,151,0.437750
1486,28.000,瞬时请求候选,0x3A8,8,6,2,0,0,0.8000,6,151,0.437750
1487,28.000,瞬时请求候选,0x3A8,8,6,3,0,0,0.8000,6,151,0.437750
1488,28.000,瞬时请求候选,0x3A8,8,6,4,0,0,0.8000,6,151,0.437750
1489,28.000,瞬时请求候选,0x3A8,8,6,5,0,0,0.8000,6,151,0.437750
1490,28.000,瞬时请求候选,0x3A8,8,6,6,0,0,0.8000,6,151,0.437750
1491,28.000,瞬时请求候选,0x3A8,8,6,7,0,0,0.8000,6,151,0.437750
1492,28.000,瞬时请求候选,0x3AE,8,6,4,1,1,0.5005,6,1960,-0.239600
1493,28.000,瞬时请求候选,0x3AE,8,7,4,1,1,0.5005,6,1960,-0.239600
1494,28.000,瞬时请求候选,0x3B2,8,0,0,不一致,不一致,0.5122,6,222,-0.145400
1495,28.000,瞬时请求候选,0x3B2,8,0,1,不一致,不一致,0.5122,6,111,0.103750
1496,28.000,瞬时请求候选,0x3B2,8,1,2,0,0,0.6661,6,103,0.152400
1497,28.000,瞬时请求候选,0x3B2,8,1,6,0,1,0.6632,6,100,0.653000
1498,28.000,瞬时请求候选,0x3B2,8,2,3,0,不一致,0.6415,6,105,-0.047300
1499,28.000,瞬时请求候选,0x3B2,8,4,0,0,0,0.7005,6,102,-0.096100
1500,28.000,瞬时请求候选,0x3B2,8,5,2,0,0,0.6560,6,104,-0.145400
1501,28.000,瞬时请求候选,0x3B2,8,5,6,0,0,0.6543,6,109,-0.096100
1502,28.000,瞬时请求候选,0x3B2,8,6,0,0,0,0.5761,6,104,0.103750
1503,28.000,瞬时请求候选,0x3B2,8,7,1,0,0,0.6878,6,100,-0.096100
1504,28.000,瞬时请求候选,0x3B2,8,7,2,0,0,0.6440,6,112,0.103750
1505,28.000,瞬时请求候选,0x3C0,8,0,0,0,0,0.5500,6,653,-0.243150
1506,28.000,瞬时请求候选,0x3C0,8,0,1,0,0,0.5550,6,409,-0.243850
1507,28.000,瞬时请求候选,0x3C0,8,0,2,0,0,0.6400,6,143,-0.042900
1508,28.000,瞬时请求候选,0x3C0,8,0,3,0,0,0.7325,6,135,0.154750
1509,28.000,瞬时请求候选,0x3C0,8,2,4,0,0,0.9125,6,130,0.356000
1510,28.000,瞬时请求候选,0x3C0,8,7,0,0,0,0.9125,6,131,0.154800
1511,28.000,瞬时请求候选,0x3C8,8,0,0,0,0,0.5700,6,637,-0.189800
1512,28.000,瞬时请求候选,0x3C8,8,0,1,0,0,0.5700,6,425,-0.190000
1513,28.000,瞬时请求候选,0x3DB,8,0,0,0,0,0.6250,6,113,0.081900
1514,28.000,瞬时请求候选,0x3DB,8,0,1,1,1,0.6250,6,113,0.081000
1515,28.000,瞬时请求候选,0x3E8,8,0,0,0,0,0.5700,6,631,-0.242900
1516,28.000,瞬时请求候选,0x3E8,8,0,1,0,0,0.5700,6,422,-0.144800
1517,28.000,瞬时请求候选,0x3F9,8,0,0,0,0,0.5575,6,661,-0.155950
1518,28.000,瞬时请求候选,0x3F9,8,0,1,0,0,0.5575,6,330,-0.106200
1519,28.000,瞬时请求候选,0x3F9,8,0,3,0,0,0.8875,6,167,0.293050
1520,28.000,瞬时请求候选,0x3FD,8,0,0,0,0,0.6680,6,291,-0.058200
1521,28.000,瞬时请求候选,0x3FD,8,0,1,0,0,0.6639,6,291,-0.108400
1522,28.000,瞬时请求候选,0x3FD,8,2,1,0,0,0.6680,6,291,-0.058200
1523,28.000,瞬时请求候选,0x3FD,8,3,2,0,0,0.6680,6,292,-0.108400
1524,28.000,瞬时请求候选,0x3FD,8,3,3,0,0,0.6680,6,292,-0.108400
1525,28.000,瞬时请求候选,0x3FD,8,3,4,0,0,0.6680,6,292,-0.108400
1526,28.000,瞬时请求候选,0x3FD,8,3,5,0,0,0.6680,6,292,-0.108400
1527,28.000,瞬时请求候选,0x3FD,8,4,5,0,0,0.6680,6,292,-0.108400
1528,28.000,瞬时请求候选,0x3FD,8,5,3,0,0,0.6680,6,291,-0.058200
1529,28.000,瞬时请求候选,0x3FD,8,6,0,0,0,0.6680,6,292,-0.108400
1530,28.000,瞬时请求候选,0x3FD,8,6,1,0,0,0.6680,6,291,-0.058200
1531,28.000,瞬时请求候选,0x3FD,8,6,4,0,0,0.6680,6,291,-0.058200
1532,28.000,瞬时请求候选,0x3FD,8,7,4,0,0,0.6639,6,291,-0.108400
1533,28.000,瞬时请求候选,0x401,8,0,0,1,1,0.5000,6,2662,-0.234650
1534,28.000,瞬时请求候选,0x401,8,0,1,1,1,0.5000,6,1331,-0.234650
1535,28.000,瞬时请求候选,0x401,8,0,2,0,0,0.5556,6,595,-0.155450
1536,28.000,瞬时请求候选,0x401,8,0,3,0,0,0.5556,6,298,-0.075650
1537,28.000,瞬时请求候选,0x401,8,0,4,0,0,0.5556,6,152,0.084250
1538,28.000,瞬时请求候选,0x401,8,0,5,0,0,0.8889,6,146,-0.234650
1539,28.000,瞬时请求候选,0x401,8,1,3,1,1,0.9722,6,145,-0.234650
1540,28.000,瞬时请求候选,0x401,8,1,5,1,1,0.9722,6,145,-0.234650
1541,28.000,瞬时请求候选,0x401,8,2,0,不一致,不一致,0.5132,6,1326,-0.215750
1542,28.000,瞬时请求候选,0x401,8,2,1,0,0,0.5958,6,1356,-0.195650
1543,28.000,瞬时请求候选,0x401,8,2,2,1,1,0.5396,6,1199,-0.215350
1544,28.000,瞬时请求候选,0x401,8,2,3,0,0,0.6542,6,1320,-0.155700
1545,28.000,瞬时请求候选,0x401,8,2,4,0,0,0.6243,6,1384,-0.234650
1546,28.000,瞬时请求候选,0x401,8,2,5,1,1,0.6424,6,1292,-0.135900
1547,28.000,瞬时请求候选,0x401,8,4,0,不一致,不一致,0.5437,6,1354,-0.215950
1548,28.000,瞬时请求候选,0x401,8,4,1,0,0,0.6056,6,1261,-0.175250
1549,28.000,瞬时请求候选,0x401,8,4,2,不一致,0,0.5403,6,1456,-0.234650
1550,28.000,瞬时请求候选,0x401,8,4,3,不一致,不一致,0.5403,6,1268,-0.234650
1551,28.000,瞬时请求候选,0x401,8,4,4,0,0,0.6285,6,1233,-0.234650
1552,28.000,瞬时请求候选,0x401,8,4,5,1,1,0.6007,6,1238,-0.215750
1553,28.000,瞬时请求候选,0x401,8,4,7,1,1,0.9722,6,145,-0.234650
1554,28.000,瞬时请求候选,0x401,8,5,7,1,1,0.9722,6,145,-0.234650
1555,28.000,瞬时请求候选,0x401,8,6,0,不一致,不一致,0.5354,6,1456,-0.225200
1556,28.000,瞬时请求候选,0x401,8,6,1,0,不一致,0.6028,6,1298,-0.225050
1557,28.000,瞬时请求候选,0x401,8,6,2,1,1,0.5604,6,1163,-0.225200
1558,28.000,瞬时请求候选,0x401,8,6,3,不一致,不一致,0.5368,6,1201,-0.215750
1559,28.000,瞬时请求候选,0x401,8,6,4,0,0,0.6104,6,1212,-0.215750
1560,28.000,瞬时请求候选,0x401,8,6,5,1,1,0.5965,6,1277,-0.234650
1561,28.000,瞬时请求候选,0x401,8,6,7,1,1,0.9722,6,145,-0.234650
1562,28.000,瞬时请求候选,0x401,8,7,7,1,1,0.9722,6,145,-0.234650
1563,28.000,瞬时请求候选,0x405,8,0,0,0,0,0.6750,6,197,-0.126500
1564,28.000,瞬时请求候选,0x405,8,0,1,0,0,0.6625,6,198,-0.003000
1565,28.000,瞬时请求候选,0x405,8,1,0,1,1,0.6625,6,197,-0.124450
1566,28.000,瞬时请求候选,0x405,8,1,1,1,1,0.6625,6,197,-0.124450
1567,28.000,瞬时请求候选,0x405,8,1,4,0,0,0.6750,6,197,-0.126500
1568,28.000,瞬时请求候选,0x405,8,1,5,0,0,0.6750,6,197,-0.126500
1569,28.000,瞬时请求候选,0x405,8,1,6,0,0,0.6625,6,198,-0.003000
1570,28.000,瞬时请求候选,0x405,8,2,0,0,0,0.6750,6,197,-0.126500
1571,28.000,瞬时请求候选,0x405,8,2,1,0,0,0.6625,6,198,-0.003000
1572,28.000,瞬时请求候选,0x405,8,2,2,0,0,0.6750,6,197,-0.126500
1573,28.000,瞬时请求候选,0x405,8,2,4,0,0,0.6625,6,198,-0.003000
1574,28.000,瞬时请求候选,0x405,8,2,5,0,0,0.6625,6,198,-0.003000
1575,28.000,瞬时请求候选,0x405,8,2,6,0,0,0.6750,6,197,-0.126500
1576,28.000,瞬时请求候选,0x405,8,3,0,1,1,0.6625,6,197,-0.124450
1577,28.000,瞬时请求候选,0x405,8,3,1,0,0,0.6750,6,197,-0.126500
1578,28.000,瞬时请求候选,0x405,8,3,2,1,1,0.6625,6,197,-0.124450
1579,28.000,瞬时请求候选,0x405,8,3,4,1,1,0.6625,6,197,-0.124450
1580,28.000,瞬时请求候选,0x405,8,3,5,1,1,0.6625,6,197,-0.124450
1581,28.000,瞬时请求候选,0x405,8,4,1,1,1,0.6625,6,197,-0.124450
1582,28.000,瞬时请求候选,0x405,8,4,2,1,1,0.6625,6,197,-0.124450
1583,28.000,瞬时请求候选,0x405,8,4,4,0,0,0.6625,6,198,-0.003000
1584,28.000,瞬时请求候选,0x405,8,4,5,0,0,0.6625,6,198,-0.003000
1585,28.000,瞬时请求候选,0x405,8,4,6,0,0,0.6750,6,197,-0.126500
1586,28.000,瞬时请求候选,0x405,8,5,0,0,0,0.6750,6,197,-0.126500
1587,28.000,瞬时请求候选,0x405,8,5,2,0,0,0.6625,6,197,-0.124450
1588,28.000,瞬时请求候选,0x405,8,5,3,1,1,0.6750,6,197,-0.126500
1589,28.000,瞬时请求候选,0x405,8,5,4,0,0,0.6625,6,198,-0.003000
1590,28.000,瞬时请求候选,0x405,8,5,5,0,0,0.6625,6,198,-0.003000
1591,28.000,瞬时请求候选,0x405,8,5,6,1,1,0.6625,6,198,-0.003000
1592,28.000,瞬时请求候选,0x405,8,6,0,0,0,0.6750,6,197,-0.126500
1593,28.000,瞬时请求候选,0x405,8,6,1,1,1,0.6750,6,197,-0.126500
1594,28.000,瞬时请求候选,0x405,8,6,2,0,0,0.6750,6,197,-0.126500
1595,28.000,瞬时请求候选,0x405,8,6,5,1,1,0.6625,6,197,-0.124450
1596,28.000,瞬时请求候选,0x405,8,6,6,0,0,0.6625,6,197,-0.124450
1597,28.000,瞬时请求候选,0x405,8,7,1,1,1,0.6750,6,197,-0.126500
1598,28.000,瞬时请求候选,0x405,8,7,2,1,1,0.6625,6,198,-0.003000
1599,28.000,瞬时请求候选,0x405,8,7,3,0,0,0.6750,6,197,-0.126500
1600,28.000,瞬时请求候选,0x405,8,7,4,1,1,0.6750,6,197,-0.126500
1601,28.000,瞬时请求候选,0x405,8,7,5,0,0,0.6625,6,198,-0.003000
1602,28.000,瞬时请求候选,0x405,8,7,6,1,1,0.6625,6,198,-0.003000
1603,28.000,瞬时请求候选,0x414,8,0,0,0,0,0.6750,6,197,-0.127550
1604,28.000,瞬时请求候选,0x414,8,0,1,0,0,0.6625,6,198,-0.003200
1605,28.000,瞬时请求候选,0x414,8,1,5,1,1,0.6625,6,197,-0.125000
1606,28.000,瞬时请求候选,0x414,8,2,5,1,1,0.6625,6,197,-0.125000
1607,28.000,瞬时请求候选,0x414,8,3,5,1,1,0.6625,6,197,-0.125000
1608,28.000,瞬时请求候选,0x414,8,4,5,1,1,0.6625,6,197,-0.125000
1609,28.000,瞬时请求候选,0x441,8,0,0,1,1,0.5613,6,1190,-0.207500
1610,28.000,瞬时请求候选,0x441,8,0,1,0,0,0.5375,6,1337,-0.208500
1611,28.000,瞬时请求候选,0x441,8,7,0,0,0,0.5613,6,1190,-0.207500
1612,28.000,瞬时请求候选,0x441,8,7,1,0,0,0.5713,6,1160,-0.108900
1613,28.000,瞬时请求候选,0x441,8,7,2,0,0,0.9425,6,299,0.191400
1614,28.000,瞬时请求候选,0x441,8,7,4,1,1,0.5000,6,1111,-0.209050
1615,28.000,瞬时请求候选,0x441,8,7,5,1,1,0.5000,6,928,-0.060750
1616,28.000,瞬时请求候选,0x441,8,7,6,0,0,0.6875,6,929,-0.208050
1617,28.000,瞬时请求候选,0x441,8,7,7,0,0,0.6875,6,924,-0.207500
1618,28.000,瞬时请求候选,0x4E2,8,0,4,0,0,0.8750,6,187,0.008250
1619,28.000,瞬时请求候选,0x4E2,8,0,5,0,0,0.8750,6,187,-0.091700
1620,28.000,瞬时请求候选,0x4E2,8,0,6,0,0,0.8750,6,186,0.207450
1621,28.000,瞬时请求候选,0x4E2,8,1,0,0,0,0.6250,6,557,-0.191100
1622,28.000,瞬时请求候选,0x4E2,8,1,1,0,0,0.6750,6,373,-0.092950
1623,28.000,瞬时请求候选,0x4E2,8,1,2,0,0,0.7950,6,315,-0.191100
1624,28.000,瞬时请求候选,0x4E2,8,1,3,1,1,0.7050,6,186,-0.190550
1625,28.000,瞬时请求候选,0x4E2,8,1,4,0,0,0.8300,6,243,0.108300
1626,28.000,瞬时请求候选,0x4E2,8,1,5,0,0,0.8750,6,185,0.108300
1627,28.000,瞬时请求候选,0x4E2,8,1,6,0,0,0.7500,6,371,0.008300
1628,28.000,瞬时请求候选,0x4E2,8,1,7,0,0,0.8750,6,185,0.008300
1629,28.000,瞬时请求候选,0x4E2,8,2,0,0,0,0.8750,6,185,0.108300
1630,28.000,瞬时请求候选,0x4E2,8,2,1,0,0,0.6250,6,372,-0.092900
1631,28.000,瞬时请求候选,0x4E2,8,2,2,0,0,0.6250,6,372,-0.191100
1632,28.000,瞬时请求候选,0x4E2,8,2,5,0,0,0.8750,6,186,0.207450
1633,28.000,瞬时请求候选,0x4E2,8,2,6,0,0,0.7500,6,186,0.107300
1634,28.000,瞬时请求候选,0x4E2,8,3,0,0,0,0.6950,6,256,-0.091750
1635,28.000,瞬时请求候选,0x4E2,8,3,6,0,0,0.8475,6,218,0.157250
1636,28.000,瞬时请求候选,0x4E2,8,3,7,0,0,0.8950,6,156,0.208300
1637,28.000,瞬时请求候选,0x4E2,8,4,0,0,0,0.7700,6,216,0.157250
1638,28.000,瞬时请求候选,0x4E2,8,4,1,0,0,0.7700,6,216,0.157250
1639,28.000,瞬时请求候选,0x4E2,8,5,3,0,0,0.8750,6,186,0.207450
1640,28.000,瞬时请求候选,0x4E2,8,5,4,0,0,0.8750,6,186,0.107300
1641,28.000,瞬时请求候选,0x4E2,8,5,6,0,0,0.8750,6,186,0.107300
1642,28.000,瞬时请求候选,0x4E2,8,6,7,0,0,0.6250,6,372,-0.091550
1643,28.000,瞬时请求候选,0x4E2,8,7,0,0,0,0.7500,6,372,-0.091700
1644,28.000,瞬时请求候选,0x4E2,8,7,2,0,0,0.6250,6,372,-0.091700
1645,28.000,瞬时请求候选,0x4E2,8,7,3,0,0,0.7500,6,371,0.008300
1646,28.000,瞬时请求候选,0x4E2,8,7,4,0,0,0.8750,6,187,-0.091700
1647,28.000,瞬时请求候选,0x4E2,8,7,5,0,0,0.7500,6,186,0.008300
1648,28.000,瞬时请求候选,0x4E3,8,0,3,0,0,0.8750,6,184,0.190950
1649,28.000,瞬时请求候选,0x4E3,8,0,5,0,0,0.8750,6,186,-0.108050
1650,28.000,瞬时请求候选,0x4E3,8,0,6,0,0,0.8750,6,184,0.190950
1651,28.000,瞬时请求候选,0x4E3,8,0,7,0,0,0.8750,6,184,0.190950
1652,28.000,瞬时请求候选,0x4E3,8,1,0,0,0,0.7500,6,370,-0.008000
1653,28.000,瞬时请求候选,0x4E3,8,1,1,0,0,0.6250,6,185,-0.009050
1654,28.000,瞬时请求候选,0x4E3,8,1,2,0,0,0.6250,6,554,-0.207400
1655,28.000,瞬时请求候选,0x4E3,8,1,3,0,0,0.7500,6,185,0.091950
1656,28.000,瞬时请求候选,0x4E3,8,1,4,0,0,0.7500,6,185,0.091950
1657,28.000,瞬时请求候选,0x4E3,8,1,5,0,0,0.7500,6,185,-0.008000
1658,28.000,瞬时请求候选,0x4E3,8,1,6,0,0,0.6250,6,186,-0.008000
1659,28.000,瞬时请求候选,0x4E3,8,1,7,0,0,0.8750,6,185,-0.008000
1660,28.000,瞬时请求候选,0x4E3,8,2,0,0,0,0.7500,6,370,-0.207400
1661,28.000,瞬时请求候选,0x4E3,8,2,1,0,0,0.6250,6,369,-0.109200
1662,28.000,瞬时请求候选,0x4E3,8,2,2,0,0,0.8750,6,185,-0.008000
1663,28.000,瞬时请求候选,0x4E3,8,2,3,0,0,0.8750,6,184,0.190950
1664,28.000,瞬时请求候选,0x4E3,8,2,5,0,0,0.8750,6,184,0.190950
1665,28.000,瞬时请求候选,0x4E3,8,2,6,0,0,0.8750,6,184,0.190950
1666,28.000,瞬时请求候选,0x4E3,8,3,0,0,0,0.7575,6,348,0.090950
1667,28.000,瞬时请求候选,0x4E3,8,3,4,0,0,0.8100,6,272,0.090950
1668,28.000,瞬时请求候选,0x4E3,8,3,6,0,0,0.8100,6,272,0.090950
1669,28.000,瞬时请求候选,0x4E3,8,5,1,0,0,0.8750,6,184,0.190950
1670,28.000,瞬时请求候选,0x4E3,8,5,3,0,0,0.8750,6,184,0.190950
1671,28.000,瞬时请求候选,0x4E3,8,6,7,0,0,0.6250,6,371,-0.108050
1672,28.000,瞬时请求候选,0x4E3,8,7,0,0,0,0.6250,6,185,-0.009050
1673,28.000,瞬时请求候选,0x4E3,8,7,1,0,0,0.7500,6,370,-0.108050
1674,28.000,瞬时请求候选,0x4E3,8,7,2,0,0,0.7500,6,371,-0.108050
1675,28.000,瞬时请求候选,0x4E3,8,7,3,0,0,0.6250,6,370,-0.107900
1676,28.000,瞬时请求候选,0x4E3,8,7,4,0,0,0.8750,6,186,-0.108050
1677,28.000,瞬时请求候选,0x4E3,8,7,5,0,0,0.8750,6,185,-0.008000
1678,28.000,瞬时请求候选,0x545,8,0,0,0,0,0.6664,6,1498,-0.219150
1679,28.000,瞬时请求候选,0x545,8,0,1,0,0,0.6656,6,1498,-0.208800
1680,28.000,瞬时请求候选,0x545,8,0,4,0,0,0.7374,6,1180,-0.218100
1681,28.000,瞬时请求候选,0x545,8,0,5,0,0,0.7325,6,1202,-0.218100
1682,28.000,瞬时请求候选,0x545,8,0,6,0,0,0.6738,6,1474,-0.218100
1683,28.000,瞬时请求候选,0x545,8,0,7,0,0,0.7333,6,1198,-0.218100
1684,28.000,瞬时请求候选,0x545,8,1,0,0,0,0.9348,6,302,0.169900
1685,28.000,瞬时请求候选,0x545,8,2,0,0,0,0.6449,6,1177,-0.218100
1686,28.000,瞬时请求候选,0x545,8,2,1,不一致,不一致,0.5318,6,1471,-0.219150
1687,28.000,瞬时请求候选,0x545,8,2,2,0,0,0.6243,6,1224,-0.210200
1688,28.000,瞬时请求候选,0x545,8,2,3,0,0,0.8563,6,750,-0.075550
1689,28.000,瞬时请求候选,0x545,8,2,4,0,0,0.7935,6,867,-0.035900
1690,28.000,瞬时请求候选,0x545,8,2,5,0,0,0.6680,6,1480,-0.218100
1691,28.000,瞬时请求候选,0x545,8,3,4,0,0,0.7927,6,923,-0.141450
1692,28.000,瞬时请求候选,0x545,8,3,5,0,0,0.8290,6,819,-0.053100
1693,28.000,瞬时请求候选,0x545,8,3,6,0,0,0.8489,6,721,-0.218100
1694,28.000,瞬时请求候选,0x545,8,3,7,0,0,0.9546,6,218,-0.018700
1695,28.000,瞬时请求候选,0x545,8,4,0,0,0,0.6813,6,1422,-0.218100
1696,28.000,瞬时请求候选,0x545,8,4,1,0,0,0.6680,6,1500,-0.218100
1697,28.000,瞬时请求候选,0x545,8,4,2,0,0,0.6680,6,1500,-0.218100
1698,28.000,瞬时请求候选,0x545,8,4,3,0,0,0.6680,6,1500,-0.218100
1699,28.000,瞬时请求候选,0x545,8,4,4,0,0,0.6680,6,1500,-0.218100
1700,28.000,瞬时请求候选,0x545,8,4,7,0,0,0.6680,6,1500,-0.218100
1701,28.000,瞬时请求候选,0x545,8,5,0,0,0,0.8324,6,705,-0.218100
1702,28.000,瞬时请求候选,0x545,8,5,1,0,0,0.7547,6,1144,-0.210200
1703,28.000,瞬时请求候选,0x545,8,5,2,0,0,0.8216,6,725,-0.117150
1704,28.000,瞬时请求候选,0x545,8,5,3,0,0,0.8365,6,761,-0.178200
1705,28.000,瞬时请求候选,0x545,8,5,4,0,0,0.6664,6,1498,-0.219150
1706,28.000,瞬时请求候选,0x545,8,5,5,0,0,0.6680,6,1500,-0.218100
1707,28.000,瞬时请求候选,0x545,8,5,6,0,0,0.6680,6,1500,-0.218100
1708,28.000,瞬时请求候选,0x545,8,5,7,0,0,0.6680,6,1500,-0.218100
1709,28.000,瞬时请求候选,0x545,8,6,0,0,0,0.6680,6,1500,-0.218100
1710,28.000,瞬时请求候选,0x545,8,6,3,0,0,0.6680,6,1500,-0.218100
1711,28.000,瞬时请求候选,0x545,8,7,0,1,1,0.6507,6,1110,-0.210200
1712,28.000,瞬时请求候选,0x545,8,7,1,1,1,0.7126,6,1001,-0.178200
1713,28.000,瞬时请求候选,0x545,8,7,2,0,0,0.6804,6,1081,-0.224250
1714,28.000,瞬时请求候选,0x545,8,7,3,1,1,0.7126,6,1033,-0.218100
1715,28.000,瞬时请求候选,0x545,8,7,4,不一致,不一致,0.5153,6,1359,-0.224650
1716,28.000,瞬时请求候选,0x545,8,7,5,0,不一致,0.5235,6,1223,-0.209650
1717,28.000,瞬时请求候选,0x545,8,7,6,不一致,1,0.5186,6,1033,-0.200900
1718,28.000,瞬时请求候选,0x545,8,7,7,不一致,不一致,0.5128,6,777,-0.185150
1719,28.000,瞬时请求候选,0x55A,8,0,1,0,0,0.7500,6,145,-0.127350
1720,28.000,瞬时请求候选,0x677,8,0,0,0,0,0.6000,6,1488,-0.177150
1721,28.000,瞬时请求候选,0x677,8,0,1,0,0,0.6000,6,744,-0.136850
1722,28.000,瞬时请求候选,0x677,8,0,2,0,0,0.8000,6,739,-0.217150
1723,28.000,瞬时请求候选,0x709,8,0,0,不一致,0,0.5120,6,228,-0.028300
1724,28.000,瞬时请求候选,0x709,8,1,4,0,0,0.6302,6,108,-0.024350
1725,28.000,瞬时请求候选,0x709,8,3,7,0,0,0.8658,5,60,0.142900
1726,28.000,瞬时请求候选,0x712,8,0,0,1,1,0.5000,6,449,-0.095400
1727,28.000,瞬时请求候选,0x712,8,0,1,0,0,0.6667,6,152,0.103400
1728,28.000,瞬时请求候选,0x712,8,0,2,0,0,0.6667,6,146,-0.095400
1729,28.000,瞬时请求候选,0x712,8,1,1,1,1,0.6667,6,146,-0.095400
1730,28.000,瞬时请求候选,0x712,8,1,3,1,1,0.6667,6,146,-0.095400
1731,28.000,瞬时请求候选,0x712,8,1,5,1,1,0.6667,6,146,-0.095400
1732,28.000,瞬时请求候选,0x712,8,2,0,0,0,0.6625,6,189,0.002800
1733,28.000,瞬时请求候选,0x712,8,2,1,0,0,0.6792,6,206,0.152200
1734,28.000,瞬时请求候选,0x712,8,2,2,不一致,0,0.5833,6,218,-0.095400
1735,28.000,瞬时请求候选,0x712,8,2,3,0,0,0.6292,6,271,-0.095400
1736,28.000,瞬时请求候选,0x712,8,2,4,0,0,0.5917,6,151,0.002550
1737,28.000,瞬时请求候选,0x712,8,2,6,1,1,0.6667,6,146,-0.095400
1738,28.000,瞬时请求候选,0x712,8,3,0,1,1,0.6667,6,146,-0.095400
1739,28.000,瞬时请求候选,0x712,8,3,1,1,1,0.6667,6,146,-0.095400
1740,28.000,瞬时请求候选,0x712,8,3,3,1,1,0.6667,6,146,-0.095400
1741,28.000,瞬时请求候选,0x712,8,4,0,0,0,0.6958,6,186,-0.045850
1742,28.000,瞬时请求候选,0x712,8,4,1,0,0,0.6542,6,183,0.103300
1743,28.000,瞬时请求候选,0x712,8,4,2,0,0,0.7042,6,184,0.002700
1744,28.000,瞬时请求候选,0x712,8,4,3,不一致,不一致,0.5125,6,176,-0.095400
1745,28.000,瞬时请求候选,0x712,8,4,5,0,0,0.7083,6,151,0.052450
1746,28.000,瞬时请求候选,0x712,8,4,6,1,1,0.5417,6,251,-0.095400
1747,28.000,瞬时请求候选,0x712,8,5,0,1,1,0.6667,6,146,-0.095400
1748,28.000,瞬时请求候选,0x712,8,5,1,1,1,0.6667,6,146,-0.095400
1749,28.000,瞬时请求候选,0x712,8,5,3,1,1,0.6667,6,146,-0.095400
1750,28.000,瞬时请求候选,0x712,8,6,0,0,0,0.6500,6,185,-0.095400
1751,28.000,瞬时请求候选,0x712,8,6,1,0,0,0.7375,6,176,0.052350
1752,28.000,瞬时请求候选,0x712,8,6,2,1,1,0.5458,6,209,-0.095400
1753,28.000,瞬时请求候选,0x712,8,6,3,不一致,不一致,0.5375,6,252,-0.095400
1754,28.000,瞬时请求候选,0x712,8,6,4,0,0,0.6792,6,150,-0.095400
1755,28.000,瞬时请求候选,0x712,8,6,5,0,0,0.8167,6,162,0.203000
1756,28.000,瞬时请求候选,0x712,8,6,6,1,1,0.6667,6,152,-0.095400
1757,28.000,瞬时请求候选,0x712,8,7,0,1,1,0.6667,6,146,-0.095400
1758,28.000,瞬时请求候选,0x712,8,7,1,1,1,0.6667,6,146,-0.095400
1759,28.000,瞬时请求候选,0x712,8,7,3,1,1,0.6667,6,146,-0.095400
1760,28.000,瞬时请求候选,0x718,7,0,0,0,0,0.6000,6,295,-0.054900
1761,28.000,瞬时请求候选,0x718,7,0,1,0,0,0.6000,6,150,0.145100
1762,28.000,瞬时请求候选,0x718,7,0,2,0,0,0.8000,6,151,0.145100
1763,28.000,瞬时请求候选,0x719,8,0,0,1,1,0.5463,6,1080,-0.220250
1764,28.000,瞬时请求候选,0x719,8,0,1,0,0,0.5475,6,809,-0.219600
1765,28.000,瞬时请求候选,0x719,8,0,2,1,1,0.6350,6,539,-0.195400
1766,28.000,瞬时请求候选,0x719,8,0,3,0,0,0.7250,6,270,-0.094250
1767,28.000,瞬时请求候选,0x719,8,0,4,0,0,0.5487,6,538,-0.219500
1768,28.000,瞬时请求候选,0x719,8,0,5,0,0,0.8175,6,537,-0.194500
1769,28.000,瞬时请求候选,0x719,8,0,6,0,0,0.9088,6,269,-0.095200
1770,28.000,瞬时请求候选,0x719,8,0,7,0,0,0.9088,6,269,-0.095200
1771,28.000,瞬时请求候选,0x719,8,1,0,0,0,0.7275,6,808,-0.219350
1772,28.000,瞬时请求候选,0x719,8,1,1,0,0,0.7262,6,806,-0.218600
1773,28.000,瞬时请求候选,0x719,8,1,3,0,0,0.9100,6,271,0.006900
1774,28.000,瞬时请求候选,0x719,8,1,4,0,0,0.9100,6,271,0.006900
1775,28.000,瞬时请求候选,0x719,8,1,5,0,0,0.9100,6,271,0.006900
1776,28.000,瞬时请求候选,0x719,8,1,6,0,0,0.9100,6,271,0.006900
1777,28.000,瞬时请求候选,0x719,8,2,0,0,0,0.8688,6,269,-0.070650
1778,28.000,瞬时请求候选,0x719,8,2,1,0,0,0.7762,6,414,-0.144950
1779,28.000,瞬时请求候选,0x719,8,2,2,0,0,0.6787,6,425,-0.168850
1780,28.000,瞬时请求候选,0x719,8,2,3,0,0,0.8463,6,269,-0.070650
1781,28.000,瞬时请求候选,0x719,8,2,4,0,0,0.8262,6,465,-0.194500
1782,28.000,瞬时请求候选,0x719,8,2,6,0,0,0.8175,6,538,-0.120350
1783,28.000,瞬时请求候选,0x719,8,3,0,0,0,0.9100,6,271,0.006900
1784,28.000,瞬时请求候选,0x719,8,3,1,0,0,0.8187,6,539,-0.170450
1785,28.000,瞬时请求候选,0x719,8,3,2,0,0,0.9100,6,271,0.006900
1786,28.000,瞬时请求候选,0x719,8,3,3,0,0,0.9100,6,271,0.006900
1787,28.000,瞬时请求候选,0x719,8,3,4,0,0,0.9100,6,271,0.006900
1788,28.000,瞬时请求候选,0x719,8,3,5,0,0,0.9100,6,271,0.006900
1789,28.000,瞬时请求候选,0x719,8,3,6,0,0,0.9100,6,271,0.006900
1790,28.000,瞬时请求候选,0x719,8,3,7,0,0,0.9100,6,271,0.006900
1791,28.000,瞬时请求候选,0x719,8,4,0,0,0,0.9100,6,271,0.006900
1792,28.000,瞬时请求候选,0x719,8,4,1,0,0,0.9100,6,271,0.006900
1793,28.000,瞬时请求候选,0x719,8,4,2,0,0,0.8187,6,539,-0.170450
1794,28.000,瞬时请求候选,0x719,8,4,3,0,0,0.9100,6,271,0.006900
1795,28.000,瞬时请求候选,0x719,8,4,4,0,0,0.7275,6,808,-0.219350
1796,28.000,瞬时请求候选,0x719,8,4,5,0,0,0.9100,6,271,0.006900
1797,28.000,瞬时请求候选,0x719,8,4,6,0,0,0.8187,6,540,-0.096450
1798,28.000,瞬时请求候选,0x719,8,4,7,0,0,0.9100,6,271,0.006900
1799,28.000,瞬时请求候选,0x719,8,5,0,0,0,0.7688,6,677,-0.170450
1800,28.000,瞬时请求候选,0x719,8,5,1,0,0,0.8662,6,388,-0.096050
1801,28.000,瞬时请求候选,0x719,8,5,2,0,0,0.8525,6,403,-0.194500
1802,28.000,瞬时请求候选,0x719,8,5,3,0,0,0.9262,6,186,0.206750
1803,28.000,瞬时请求候选,0x719,8,5,4,0,0,0.9225,6,201,0.004500
1804,28.000,瞬时请求候选,0x719,8,5,5,0,0,0.8950,6,336,-0.096050
1805,28.000,瞬时请求候选,0x719,8,5,6,0,0,0.9088,6,269,-0.095200
1806,28.000,瞬时请求候选,0x719,8,6,0,0,0,0.8187,6,539,-0.195400
1807,28.000,瞬时请求候选,0x719,8,6,2,0,0,0.8187,6,539,-0.195400
1808,28.000,瞬时请求候选,0x719,8,6,3,0,0,0.9100,6,271,0.054600
1809,28.000,瞬时请求候选,0x719,8,6,4,0,0,0.9100,6,271,0.054600
1810,28.000,瞬时请求候选,0x719,8,6,5,0,0,0.8187,6,539,-0.195400
1811,28.000,瞬时请求候选,0x719,8,6,6,0,0,0.9088,6,269,-0.045250
1812,28.000,瞬时请求候选,0x719,8,6,7,0,0,0.9100,6,271,0.054600
1813,28.000,瞬时请求候选,0x719,8,7,2,0,0,0.9088,6,269,-0.095200
1814,28.000,瞬时请求候选,0x719,8,7,4,0,0,0.9088,6,269,-0.095200
1815,28.000,瞬时请求候选,0x75D,8,0,0,0,0,0.5750,6,318,-0.112300
1816,28.000,瞬时请求候选,0x75D,8,0,1,0,0,0.5650,6,211,-0.109700
1817,28.000,瞬时请求候选,0x75D,8,0,4,0,0,0.7950,6,144,0.190900
1818,28.000,瞬时请求候选,0x75D,8,0,6,0,0,0.7750,6,161,-0.008050
1819,28.000,瞬时请求候选,0x75D,8,1,0,0,0,0.8700,6,101,0.690900
1820,28.000,瞬时请求候选,0x75D,8,1,1,0,0,0.8400,6,115,0.889200
1821,28.000,瞬时请求候选,0x75D,8,1,2,0,0,0.8350,6,114,0.488700
1822,28.000,瞬时请求候选,0x75D,8,1,6,0,0,0.7800,6,143,0.090050
1823,28.000,瞬时请求候选,0x75D,8,1,7,0,0,0.8300,6,141,0.190900
1824,28.000,瞬时请求候选,0x75D,8,2,1,0,0,0.8550,6,108,0.488700
1825,28.000,瞬时请求候选,0x75D,8,2,2,0,0,0.8500,6,106,0.289750
1826,28.000,瞬时请求候选,0x75D,8,2,3,0,0,0.8500,6,106,0.289750
1827,28.000,瞬时请求候选,0x75D,8,2,5,0,0,0.8500,6,106,0.289750
1828,28.000,瞬时请求候选,0x75D,8,2,7,0,0,0.5600,6,213,-0.112300
1829,28.000,瞬时请求候选,0x75D,8,3,0,0,0,0.7750,6,158,0.488700
1830,28.000,瞬时请求候选,0x75D,8,3,1,0,0,0.7850,6,162,0.289750
1831,28.000,瞬时请求候选,0x75D,8,3,2,0,0,0.7850,6,156,0.289750
1832,28.000,瞬时请求候选,0x75D,8,3,4,0,0,0.7800,6,164,0.289750
1833,28.000,瞬时请求候选,0x75D,8,5,4,0,0,0.8500,6,106,0.289750
1834,28.000,瞬时请求候选,0x75D,8,5,6,0,0,0.8500,6,106,0.289750
1835,28.000,瞬时请求候选,0x75D,8,5,7,0,0,0.8500,6,106,0.289750
1836,28.000,瞬时请求候选,0x75D,8,6,2,0,0,0.8500,6,106,0.289750
1837,28.000,瞬时请求候选,0x75D,8,6,3,0,0,0.8650,6,105,0.289600
1838,28.000,瞬时请求候选,0x75D,8,6,4,0,0,0.8500,6,106,0.289750
1839,28.000,瞬时请求候选,0x75D,8,6,5,0,0,0.7050,6,108,0.191600
1840,28.000,瞬时请求候选,0x75D,8,6,7,0,0,0.7250,6,203,-0.009450
1841,28.000,瞬时请求候选,0x75D,8,7,1,0,0,0.8450,6,108,0.091900
1842,28.000,瞬时请求候选,0x75D,8,7,2,0,0,0.8650,6,105,0.289600
1843,28.000,瞬时请求候选,0x75D,8,7,5,0,0,0.8550,6,108,0.091900
1844,28.000,瞬时请求候选,0x75D,8,7,6,0,0,0.8500,6,106,0.289750
1845,28.000,瞬时请求候选,0x75D,8,7,7,0,0,0.8550,6,108,0.091900
1846,28.000,瞬时请求候选,0x77A,8,1,1,1,1,0.6250,6,107,-0.228050
1847,28.000,瞬时请求候选,0x77A,8,1,3,不一致,0,0.5375,6,135,-0.228600
1848,28.000,瞬时请求候选,0x77A,8,1,5,0,0,0.6500,6,103,-0.228050
1849,28.000,瞬时请求候选,0x788,8,0,0,0,0,0.6700,6,497,-0.128800
1850,28.000,瞬时请求候选,0x788,8,0,1,0,0,0.6650,6,496,-0.176300
1851,28.000,瞬时请求候选,0x788,8,0,3,0,0,0.6650,6,495,-0.177700
1852,28.000,瞬时请求候选,0x788,8,0,4,0,0,0.6650,6,495,-0.177700
1853,28.000,瞬时请求候选,0x788,8,0,5,0,0,0.6650,6,495,-0.177700
1854,28.000,瞬时请求候选,0x788,8,0,6,0,0,0.6650,6,495,-0.177700
1855,28.000,瞬时请求候选,0x788,8,0,7,0,0,0.6650,6,495,-0.177700
1856,28.000,瞬时请求候选,0x788,8,1,2,0,0,0.6650,6,495,-0.177700
1857,28.000,瞬时请求候选,0x788,8,1,4,0,0,0.6650,6,495,-0.177700
1858,28.000,瞬时请求候选,0x788,8,1,6,1,1,0.6700,6,497,-0.128800
1859,28.000,瞬时请求候选,0x788,8,1,7,0,0,0.6650,6,495,-0.177700
1860,28.000,瞬时请求候选,0x788,8,2,0,不一致,不一致,0.5375,6,496,-0.177400
1861,28.000,瞬时请求候选,0x788,8,2,1,0,0,0.8425,6,236,-0.079550
1862,28.000,瞬时请求候选,0x788,8,2,3,0,0,0.7250,6,409,-0.127950
1863,28.000,瞬时请求候选,0x788,8,2,5,0,0,0.6650,6,495,-0.177700
1864,28.000,瞬时请求候选,0x788,8,2,6,0,0,0.6650,6,496,-0.176300
1865,28.000,瞬时请求候选,0x788,8,2,7,1,1,0.6700,6,497,-0.128800
1866,28.000,瞬时请求候选,0x788,8,3,0,1,1,0.6700,6,497,-0.128800
1867,28.000,瞬时请求候选,0x788,8,3,1,1,1,0.6700,6,497,-0.128800
1868,28.000,瞬时请求候选,0x788,8,3,2,0,0,0.6650,6,496,-0.176300
1869,28.000,瞬时请求候选,0x788,8,3,5,0,0,0.6650,6,495,-0.177700
1870,28.000,瞬时请求候选,0x788,8,3,6,0,0,0.6650,6,495,-0.177700
1871,28.000,瞬时请求候选,0x788,8,4,0,0,0,0.6700,6,497,-0.128800
1872,28.000,瞬时请求候选,0x788,8,4,1,0,0,0.6700,6,497,-0.128800
1873,28.000,瞬时请求候选,0x788,8,4,2,0,0,0.6700,6,497,-0.128800
1874,28.000,瞬时请求候选,0x788,8,4,3,0,0,0.6700,6,497,-0.128800
1875,28.000,瞬时请求候选,0x788,8,4,4,0,0,0.6700,6,497,-0.128800
1876,28.000,瞬时请求候选,0x788,8,4,5,0,0,0.6700,6,497,-0.128800
1877,28.000,瞬时请求候选,0x788,8,4,6,0,0,0.6700,6,497,-0.128800
1878,28.000,瞬时请求候选,0x788,8,4,7,0,0,0.6700,6,497,-0.128800
1879,28.000,瞬时请求候选,0x788,8,5,0,0,0,0.6700,6,497,-0.128800
1880,28.000,瞬时请求候选,0x788,8,5,5,0,0,0.6700,6,497,-0.128800
1881,28.000,瞬时请求候选,0x788,8,5,7,0,0,0.6700,6,497,-0.128800
1882,28.000,瞬时请求候选,0x788,8,6,3,0,0,0.6700,6,497,-0.128800
1883,28.000,瞬时请求候选,0x788,8,6,5,0,0,0.6850,6,457,-0.127850
1884,28.000,瞬时请求候选,0x788,8,6,6,0,0,0.6700,6,497,-0.128800
1885,28.000,瞬时请求候选,0x788,8,6,7,1,1,0.6650,6,496,-0.176300
1886,28.000,瞬时请求候选,0x788,8,7,0,0,0,0.6700,6,497,-0.128800
1887,28.000,瞬时请求候选,0x788,8,7,1,0,0,0.6700,6,497,-0.128800
1888,28.000,瞬时请求候选,0x788,8,7,4,0,0,0.6700,6,497,-0.128800
1889,28.000,瞬时请求候选,0x78A,8,2,0,0,0,0.5725,6,633,-0.227900
1890,28.000,瞬时请求候选,0x78A,8,2,1,0,0,0.5725,6,421,-0.227850
1891,28.000,瞬时请求候选,0x78A,8,4,0,0,0,0.6400,6,318,-0.128900
1892,28.000,瞬时请求候选,0x78A,8,4,1,0,0,0.6900,6,294,-0.129350
1893,28.000,瞬时请求候选,0x78A,8,4,2,1,1,0.6950,6,325,-0.178800
1894,28.000,瞬时请求候选,0x78A,8,4,3,0,0,0.7700,6,348,-0.128650
1895,28.000,瞬时请求候选,0x78A,8,4,4,0,0,0.7525,6,358,0.020200
1896,28.000,瞬时请求候选,0x78A,8,4,5,1,1,0.6325,6,212,-0.029700
1897,28.000,瞬时请求候选,0x78A,8,4,6,0,0,0.7175,6,211,-0.129200
1898,28.000,瞬时请求候选,0x78A,8,4,7,1,1,0.5725,6,421,-0.227900
1899,28.000,瞬时请求候选,0x78A,8,5,0,0,0,0.5725,6,421,-0.227850
1900,28.000,瞬时请求候选,0x78A,8,5,1,0,0,0.7175,6,421,-0.226300
1901,28.000,瞬时请求候选,0x78A,8,5,2,1,1,0.7125,6,212,-0.029850
1902,28.000,瞬时请求候选,0x78A,8,5,3,0,0,0.7150,6,423,-0.226050
1903,28.000,瞬时请求候选,0x78A,8,5,4,0,0,0.7150,6,210,-0.177200
1904,28.000,瞬时请求候选,0x78A,8,5,6,0,0,0.8575,6,212,-0.080000
1905,28.000,瞬时请求候选,0x78A,8,6,0,不一致,0,0.5325,6,498,-0.228150
1906,28.000,瞬时请求候选,0x78A,8,6,1,不一致,1,0.5300,6,281,-0.226050
1907,28.000,瞬时请求候选,0x78A,8,6,2,不一致,不一致,0.5700,6,422,-0.178800
1908,28.000,瞬时请求候选,0x78A,8,6,3,0,0,0.5700,6,422,-0.177250
1909,28.000,瞬时请求候选,0x78A,8,6,4,0,0,0.5825,6,420,-0.226300
1910,28.000,瞬时请求候选,0x78A,8,6,5,0,0,0.7075,6,211,-0.079800
1911,28.000,瞬时请求候选,0x78A,8,6,6,0,0,0.7175,6,211,-0.079800
1912,28.000,瞬时请求候选,0x78A,8,6,7,0,0,0.7125,6,424,-0.129850
1913,28.000,瞬时请求候选,0x78A,8,7,0,0,0,0.7150,6,210,-0.177200
1914,28.000,瞬时请求候选,0x78A,8,7,1,0,0,0.7175,6,211,-0.079800
1915,28.000,瞬时请求候选,0x78A,8,7,3,0,0,0.7150,6,210,-0.177200
1916,28.000,瞬时请求候选,0x78A,8,7,4,0,0,0.8575,6,212,-0.080000
1917,28.000,瞬时请求候选,0x78A,8,7,6,0,0,0.8575,6,212,-0.080000
1918,28.000,瞬时请求候选,0x798,8,0,0,0,0,0.5725,6,638,-0.165350
1919,28.000,瞬时请求候选,0x798,8,0,1,0,0,0.5725,6,425,-0.116750
1920,28.000,瞬时请求候选,0x798,8,0,3,0,0,0.5975,6,349,-0.117300
1921,28.000,瞬时请求候选,0x798,8,0,4,0,0,0.6125,6,411,-0.165900
1922,28.000,瞬时请求候选,0x798,8,0,6,0,0,0.5625,6,424,-0.165900
1923,28.000,瞬时请求候选,0x798,8,0,7,0,0,0.7100,6,437,-0.067500
1924,28.000,瞬时请求候选,0x798,8,1,0,0,0,0.5725,6,633,-0.165900
1925,28.000,瞬时请求候选,0x798,8,1,1,0,0,0.7075,6,213,0.032650
1926,28.000,瞬时请求候选,0x798,8,1,2,1,1,0.5700,6,425,-0.165900
1927,28.000,瞬时请求候选,0x798,8,1,3,0,0,0.8550,6,213,0.033850
1928,28.000,瞬时请求候选,0x798,8,1,4,0,0,0.7150,6,425,-0.165350
1929,28.000,瞬时请求候选,0x798,8,1,5,0,0,0.7450,6,223,-0.014700
1930,28.000,瞬时请求候选,0x798,8,1,6,1,1,0.6375,6,275,-0.066100
1931,28.000,瞬时请求候选,0x798,8,1,7,0,0,0.5425,6,362,-0.165900
1932,28.000,瞬时请求候选,0x798,8,2,1,0,0,0.5725,6,425,-0.165350
1933,28.000,瞬时请求候选,0x798,8,2,2,0,0,0.8600,6,212,-0.018150
1934,28.000,瞬时请求候选,0x798,8,2,3,0,0,0.8575,6,213,-0.015900
1935,28.000,瞬时请求候选,0x798,8,2,4,0,0,0.7175,6,213,-0.065500
1936,28.000,瞬时请求候选,0x798,8,2,5,0,0,0.7150,6,425,-0.116200
1937,28.000,瞬时请求候选,0x798,8,3,0,0,1,0.5500,6,307,-0.164750
1938,28.000,瞬时请求候选,0x798,8,3,1,0,0,0.5625,6,409,-0.117350
1939,28.000,瞬时请求候选,0x798,8,3,2,0,0,0.7075,6,220,-0.116200
1940,28.000,瞬时请求候选,0x798,8,3,3,0,0,0.7100,6,425,-0.166700
1941,28.000,瞬时请求候选,0x798,8,3,4,0,0,0.8500,6,230,0.032450
1942,28.000,瞬时请求候选,0x798,8,3,5,0,0,0.8525,6,230,-0.164750
1943,28.000,瞬时请求候选,0x798,8,3,6,0,0,0.5800,6,212,-0.066750
1944,28.000,瞬时请求候选,0x798,8,3,7,0,0,0.8575,6,211,-0.066200
1945,28.000,瞬时请求候选,0x798,8,4,0,0,0,0.8550,6,213,0.033850
1946,28.000,瞬时请求候选,0x798,8,4,1,0,0,0.7125,6,212,-0.017350
1947,28.000,瞬时请求候选,0x798,8,4,2,0,0,0.8825,6,189,0.033850
1948,28.000,瞬时请求候选,0x798,8,4,3,0,0,0.8050,6,297,-0.067500
1949,28.000,瞬时请求候选,0x798,8,4,4,0,0,0.7175,6,217,-0.116750
1950,28.000,瞬时请求候选,0x798,8,4,5,0,0,0.5750,6,426,-0.116100
1951,28.000,瞬时请求候选,0x798,8,4,6,0,0,0.8550,6,213,0.181850
1952,28.000,瞬时请求候选,0x798,8,5,0,0,0,0.7175,6,212,-0.116150
1953,28.000,瞬时请求候选,0x798,8,5,1,0,0,0.7150,6,424,-0.166700
1954,28.000,瞬时请求候选,0x798,8,5,2,0,0,0.8550,6,213,0.033850
1955,28.000,瞬时请求候选,0x798,8,5,3,0,0,0.7125,6,212,-0.017350
1956,28.000,瞬时请求候选,0x798,8,7,0,1,1,0.6300,6,317,-0.165350
1957,28.000,瞬时请求候选,0x798,8,7,1,不一致,不一致,0.5850,6,381,-0.066750
1958,28.000,瞬时请求候选,0x798,8,7,2,0,0,0.5475,6,359,-0.067550
1959,28.000,瞬时请求候选,0x798,8,7,3,0,0,0.6675,6,331,-0.066100
1960,28.000,瞬时请求候选,0x798,8,7,4,不一致,1,0.5275,6,487,-0.165550
1961,28.000,瞬时请求候选,0x798,8,7,5,不一致,不一致,0.5350,6,401,-0.066700
1962,28.000,瞬时请求候选,0x798,8,7,6,不一致,不一致,0.5275,6,303,-0.016150
1963,28.000,瞬时请求候选,0x798,8,7,7,不一致,1,0.5150,6,466,-0.165900
1964,28.000,瞬时请求候选,0x7A8,8,0,0,0,0,0.6700,6,493,-0.230400
1965,28.000,瞬时请求候选,0x7A8,8,0,1,0,0,0.6650,6,491,-0.231350
1966,28.000,瞬时请求候选,0x7A8,8,0,3,0,0,0.6675,6,464,-0.181950
1967,28.000,瞬时请求候选,0x7A8,8,0,4,0,0,0.6650,6,492,-0.181950
1968,28.000,瞬时请求候选,0x7A8,8,0,5,0,0,0.6650,6,492,-0.181950
1969,28.000,瞬时请求候选,0x7A8,8,0,6,0,0,0.6650,6,492,-0.181950
1970,28.000,瞬时请求候选,0x7A8,8,0,7,0,0,0.6650,6,492,-0.181950
1971,28.000,瞬时请求候选,0x7A8,8,1,2,0,0,0.6650,6,492,-0.181950
1972,28.000,瞬时请求候选,0x7A8,8,1,3,0,0,0.6650,6,492,-0.181950
1973,28.000,瞬时请求候选,0x7A8,8,1,6,1,1,0.6700,6,493,-0.230400
1974,28.000,瞬时请求候选,0x7A8,8,1,7,0,0,0.6650,6,492,-0.181950
1975,28.000,瞬时请求候选,0x7A8,8,2,0,0,1,0.5400,6,493,-0.132550
1976,28.000,瞬时请求候选,0x7A8,8,2,1,0,0,0.8250,6,261,-0.181500
1977,28.000,瞬时请求候选,0x7A8,8,2,2,0,0,0.8650,6,195,0.018150
1978,28.000,瞬时请求候选,0x7A8,8,2,3,0,0,0.6975,6,449,-0.231350
1979,28.000,瞬时请求候选,0x7A8,8,2,5,0,0,0.6725,6,456,-0.181500
1980,28.000,瞬时请求候选,0x7A8,8,2,6,0,0,0.6650,6,491,-0.231350
1981,28.000,瞬时请求候选,0x7A8,8,2,7,1,1,0.6700,6,493,-0.230400
1982,28.000,瞬时请求候选,0x7A8,8,3,0,1,1,0.6700,6,493,-0.230400
1983,28.000,瞬时请求候选,0x7A8,8,3,1,1,1,0.6700,6,493,-0.230400
1984,28.000,瞬时请求候选,0x7A8,8,3,2,0,0,0.6650,6,491,-0.231350
1985,28.000,瞬时请求候选,0x7A8,8,3,5,0,0,0.6650,6,492,-0.181950
1986,28.000,瞬时请求候选,0x7A8,8,3,6,0,0,0.6650,6,492,-0.181950
1987,28.000,瞬时请求候选,0x7A8,8,4,0,0,0,0.6700,6,493,-0.230400
1988,28.000,瞬时请求候选,0x7A8,8,4,1,0,0,0.6700,6,493,-0.230400
1989,28.000,瞬时请求候选,0x7A8,8,4,2,0,0,0.6700,6,493,-0.230400
1990,28.000,瞬时请求候选,0x7A8,8,4,3,0,0,0.6700,6,493,-0.230400
1991,28.000,瞬时请求候选,0x7A8,8,4,4,0,0,0.6700,6,493,-0.230400
1992,28.000,瞬时请求候选,0x7A8,8,4,5,0,0,0.6700,6,493,-0.230400
1993,28.000,瞬时请求候选,0x7A8,8,4,6,0,0,0.6700,6,493,-0.230400
1994,28.000,瞬时请求候选,0x7A8,8,4,7,0,0,0.6700,6,493,-0.230400
1995,28.000,瞬时请求候选,0x7A8,8,5,0,1,1,0.6650,6,492,-0.181950
1996,28.000,瞬时请求候选,0x7A8,8,5,1,0,0,0.6650,6,491,-0.231350
1997,28.000,瞬时请求候选,0x7A8,8,5,2,0,0,0.6650,6,491,-0.231350
1998,28.000,瞬时请求候选,0x7A8,8,5,5,0,0,0.6700,6,493,-0.230400
1999,28.000,瞬时请求候选,0x7A8,8,5,7,0,0,0.6700,6,493,-0.230400
2000,28.000,瞬时请求候选,0x7A8,8,6,1,0,0,0.6650,6,492,-0.181950
2001,28.000,瞬时请求候选,0x7A8,8,6,3,0,0,0.6700,6,493,-0.230400
2002,28.000,瞬时请求候选,0x7A8,8,6,4,0,0,0.7200,6,360,-0.181000
2003,28.000,瞬时请求候选,0x7A8,8,6,6,0,0,0.6700,6,479,-0.230400
2004,28.000,瞬时请求候选,0x7A8,8,6,7,1,1,0.6650,6,491,-0.231350
2005,28.000,瞬时请求候选,0x7A8,8,7,0,0,0,0.6700,6,493,-0.230400
2006,28.000,瞬时请求候选,0x7A8,8,7,1,0,0,0.6700,6,493,-0.230400
2007,28.000,瞬时请求候选,0x7A8,8,7,4,0,0,0.6700,6,493,-0.230400
2008,28.000,瞬时请求候选,0x7AA,8,0,0,0,0,0.5385,6,889,-0.214050
2009,28.000,瞬时请求候选,0x7AA,8,0,1,0,0,0.5385,6,442,-0.214050
2010,28.000,瞬时请求候选,0x7AA,8,0,2,0,0,0.6154,6,297,-0.214050
2011,28.000,瞬时请求候选,0x7AA,8,0,3,0,0,0.6154,6,146,-0.214050
2012,28.000,瞬时请求候选,0x7AA,8,0,4,0,0,0.8269,6,302,0.315950
2013,28.000,瞬时请求候选,0x7AA,8,0,5,0,0,0.8038,6,235,0.315950
2014,28.000,瞬时请求候选,0x7AA,8,0,6,0,0,0.7500,6,454,0.167050
2015,28.000,瞬时请求候选,0x7AA,8,0,7,0,0,0.8442,6,302,0.167050
2016,28.000,瞬时请求候选,0x7AA,8,1,0,0,0,0.6192,6,512,-0.144150
2017,28.000,瞬时请求候选,0x7AA,8,1,1,0,0,0.7077,6,426,-0.144100
2018,28.000,瞬时请求候选,0x7AA,8,1,2,0,0,0.6365,6,503,-0.144100
2019,28.000,瞬时请求候选,0x7AA,8,1,3,0,0,0.6288,6,553,-0.213900
2020,28.000,瞬时请求候选,0x7AA,8,1,4,0,0,0.7615,6,382,-0.214050
2021,28.000,瞬时请求候选,0x7AA,8,1,5,0,0,0.5538,6,656,-0.214050
2022,28.000,瞬时请求候选,0x7AA,8,1,6,0,0,0.5692,6,755,-0.214050
2023,28.000,瞬时请求候选,0x7AA,8,1,7,0,0,0.6212,6,508,-0.214050
2024,28.000,瞬时请求候选,0x7AA,8,2,0,0,0,0.5865,6,415,-0.214050
2025,28.000,瞬时请求候选,0x7AA,8,2,1,1,1,0.5500,6,627,-0.214050
2026,28.000,瞬时请求候选,0x7AA,8,2,2,不一致,1,0.5346,6,566,-0.214050
2027,28.000,瞬时请求候选,0x7AA,8,2,3,0,0,0.5962,6,384,-0.214050
2028,28.000,瞬时请求候选,0x7AA,8,2,4,0,0,0.8154,6,296,-0.214050
2029,28.000,瞬时请求候选,0x7AA,8,2,5,0,0,0.7288,6,296,-0.214050
2030,28.000,瞬时请求候选,0x7AA,8,2,6,0,0,0.8096,6,296,-0.214050
2031,28.000,瞬时请求候选,0x7AA,8,2,7,0,0,0.5846,6,448,-0.214050
2032,28.000,瞬时请求候选,0x7AA,8,3,0,0,0,0.5654,6,429,-0.213900
2033,28.000,瞬时请求候选,0x7AA,8,3,1,0,0,0.7423,6,333,-0.213750
2034,28.000,瞬时请求候选,0x7AA,8,3,2,1,1,0.5212,6,496,-0.213750
2035,28.000,瞬时请求候选,0x7AA,8,3,3,0,0,0.5750,6,650,-0.144500
2036,28.000,瞬时请求候选,0x7AA,8,3,4,0,0,0.5558,6,574,-0.214050
2037,28.000,瞬时请求候选,0x7AA,8,3,5,1,1,0.5885,6,522,-0.214050
2038,28.000,瞬时请求候选,0x7AA,8,3,6,0,0,0.6404,6,506,-0.214050
2039,28.000,瞬时请求候选,0x7AA,8,3,7,1,1,0.5423,6,509,-0.214050
2040,28.000,瞬时请求候选,0x7AA,8,4,0,0,0,0.7154,6,425,-0.214050
2041,28.000,瞬时请求候选,0x7AA,8,4,1,0,0,0.6750,6,418,-0.214050
2042,28.000,瞬时请求候选,0x7AA,8,4,2,0,0,0.5654,6,470,-0.214050
2043,28.000,瞬时请求候选,0x7AA,8,4,3,0,0,0.6538,6,432,-0.144100
2044,28.000,瞬时请求候选,0x7AA,8,4,4,0,0,0.7423,6,258,-0.144100
2045,28.000,瞬时请求候选,0x7AA,8,4,5,0,0,0.7808,6,344,-0.214050
2046,28.000,瞬时请求候选,0x7AA,8,4,6,0,0,0.7808,6,343,-0.214050
2047,28.000,瞬时请求候选,0x7AA,8,4,7,0,0,0.7731,6,325,-0.214050
2048,28.000,瞬时请求候选,0x7AA,8,5,0,0,0,0.6577,6,349,-0.213650
2049,28.000,瞬时请求候选,0x7AA,8,5,1,0,0,0.7250,6,306,-0.213750
2050,28.000,瞬时请求候选,0x7AA,8,5,2,0,0,0.8615,6,251,0.315750
2051,28.000,瞬时请求候选,0x7AA,8,5,3,0,0,0.6769,6,344,0.167050
2052,28.000,瞬时请求候选,0x7AA,8,5,4,0,0,0.7577,6,288,-0.214050
2053,28.000,瞬时请求候选,0x7AA,8,5,5,0,0,0.9231,6,145,-0.214050
2054,28.000,瞬时请求候选,0x7AA,8,5,6,0,0,0.9231,6,145,-0.214050
2055,28.000,瞬时请求候选,0x7AA,8,5,7,0,0,0.8462,6,145,-0.214050
2056,28.000,瞬时请求候选,0x7AA,8,6,0,0,0,0.6481,6,505,-0.144100
2057,28.000,瞬时请求候选,0x7AA,8,6,1,0,0,0.7288,6,358,-0.144100
2058,28.000,瞬时请求候选,0x7AA,8,6,2,0,0,0.7442,6,456,-0.214050
2059,28.000,瞬时请求候选,0x7AA,8,6,3,0,0,0.7231,6,373,-0.144100
2060,28.000,瞬时请求候选,0x7AA,8,6,4,0,0,0.6635,6,443,-0.144100
2061,28.000,瞬时请求候选,0x7AA,8,6,5,0,0,0.7192,6,388,-0.214050
2062,28.000,瞬时请求候选,0x7AA,8,6,6,0,0,0.8135,6,290,-0.214050
2063,28.000,瞬时请求候选,0x7AA,8,6,7,0,0,0.7692,6,297,-0.214050
2064,28.000,瞬时请求候选,0x7AA,8,7,0,0,0,0.7692,6,302,0.086350
2065,28.000,瞬时请求候选,0x7AA,8,7,1,0,0,0.8462,6,292,-0.214050
2066,28.000,瞬时请求候选,0x7AA,8,7,2,0,0,0.7692,6,443,-0.214050
2067,28.000,瞬时请求候选,0x7AA,8,7,3,1,1,0.5385,6,448,-0.144100
2068,28.000,瞬时请求候选,0x7AA,8,7,4,0,0,0.8462,6,303,0.086350
2069,28.000,瞬时请求候选,0x7AA,8,7,5,0,0,0.6923,6,302,0.086350
2070,28.000,瞬时请求候选,0x7AA,8,7,6,0,0,0.9231,6,145,-0.214050
2071,28.000,瞬时请求候选,0x7B8,8,0,0,0,0,0.5725,6,633,-0.219050
2072,28.000,瞬时请求候选,0x7B8,8,0,1,0,0,0.5725,6,421,-0.219150
2073,28.000,瞬时请求候选,0x7B8,8,0,3,0,0,0.6550,6,339,-0.070200
2074,28.000,瞬时请求候选,0x7B8,8,0,4,0,0,0.8000,6,245,-0.169350
2075,28.000,瞬时请求候选,0x7B8,8,0,5,不一致,不一致,0.5725,6,422,-0.218700
2076,28.000,瞬时请求候选,0x7B8,8,0,6,0,0,0.7000,6,321,-0.119100
2077,28.000,瞬时请求候选,0x7B8,8,0,7,0,0,0.5300,6,381,-0.070800
2078,28.000,瞬时请求候选,0x7B8,8,1,0,0,0,0.7175,6,210,-0.118600
2079,28.000,瞬时请求候选,0x7B8,8,1,1,0,0,0.5725,6,420,-0.218700
2080,28.000,瞬时请求候选,0x7B8,8,1,3,0,0,0.5725,6,213,-0.020150
2081,28.000,瞬时请求候选,0x7B8,8,1,4,0,0,0.5725,6,422,-0.118600
2082,28.000,瞬时请求候选,0x7B8,8,1,5,0,0,0.6350,6,358,-0.068450
2083,28.000,瞬时请求候选,0x7B8,8,1,6,不一致,不一致,0.5625,6,324,-0.219050
2084,28.000,瞬时请求候选,0x7B8,8,1,7,0,0,0.5725,6,423,-0.218150
2085,28.000,瞬时请求候选,0x7B8,8,2,0,0,0,0.5725,6,623,-0.218700
2086,28.000,瞬时请求候选,0x7B8,8,2,1,0,0,0.7150,6,422,-0.169350
2087,28.000,瞬时请求候选,0x7B8,8,2,2,0,0,0.8600,6,209,-0.119350
2088,28.000,瞬时请求候选,0x7B8,8,2,3,0,0,0.7150,6,422,-0.120200
2089,28.000,瞬时请求候选,0x7B8,8,2,4,0,0,0.5750,6,422,-0.218150
2090,28.000,瞬时请求候选,0x7B8,8,2,5,0,0,0.7125,6,210,-0.018900
2091,28.000,瞬时请求候选,0x7B8,8,2,6,0,0,0.7125,6,211,-0.069450
2092,28.000,瞬时请求候选,0x7B8,8,3,0,0,0,0.6700,6,330,-0.218700
2093,28.000,瞬时请求候选,0x7B8,8,3,1,不一致,0,0.5450,6,340,-0.170150
2094,28.000,瞬时请求候选,0x7B8,8,3,2,0,0,0.6700,6,508,-0.219700
2095,28.000,瞬时请求候选,0x7B8,8,3,3,0,0,0.7200,6,403,-0.218150
2096,28.000,瞬时请求候选,0x7B8,8,3,4,0,0,0.5650,6,443,-0.169250
2097,28.000,瞬时请求候选,0x7B8,8,3,5,0,0,0.7350,6,397,-0.218150
2098,28.000,瞬时请求候选,0x7B8,8,3,6,0,0,0.7150,6,223,-0.070000
2099,28.000,瞬时请求候选,0x7B8,8,3,7,1,1,0.7025,6,418,-0.168800
2100,28.000,瞬时请求候选,0x7B8,8,4,0,0,0,0.7125,6,421,-0.169100
2101,28.000,瞬时请求候选,0x7B8,8,4,2,0,0,0.6225,6,321,-0.118600
2102,28.000,瞬时请求候选,0x7B8,8,4,3,不一致,不一致,0.6375,6,529,-0.219700
2103,28.000,瞬时请求候选,0x7B8,8,4,4,0,0,0.7825,6,298,-0.218150
2104,28.000,瞬时请求候选,0x7B8,8,4,5,0,0,0.8600,6,207,0.030700
2105,28.000,瞬时请求候选,0x7B8,8,4,6,0,0,0.7075,6,438,-0.120200
2106,28.000,瞬时请求候选,0x7B8,8,4,7,0,0,0.7150,6,427,-0.218700
2107,28.000,瞬时请求候选,0x7B8,8,5,0,0,0,0.7150,6,421,-0.169100
2108,28.000,瞬时请求候选,0x7B8,8,5,1,0,0,0.5725,6,633,-0.219050
2109,28.000,瞬时请求候选,0x7B8,8,5,2,0,0,0.7175,6,211,-0.070000
2110,28.000,瞬时请求候选,0x7B8,8,7,0,不一致,不一致,0.5650,6,394,-0.218150
2111,28.000,瞬时请求候选,0x7B8,8,7,1,1,1,0.6775,6,297,-0.218150
2112,28.000,瞬时请求候选,0x7B8,8,7,2,不一致,不一致,0.5475,6,302,-0.118600
2113,28.000,瞬时请求候选,0x7B8,8,7,3,0,0,0.6900,6,316,-0.118600
2114,28.000,瞬时请求候选,0x7B8,8,7,4,不一致,1,0.5375,6,369,-0.169350
2115,28.000,瞬时请求候选,0x7B8,8,7,5,不一致,1,0.5325,6,359,-0.219050
2116,28.000,瞬时请求候选,0x7B8,8,7,6,不一致,不一致,0.5350,6,450,-0.070050
2117,28.000,瞬时请求候选,0x7B8,8,7,7,不一致,不一致,0.5175,6,305,-0.219050
2118,28.000,瞬时请求候选,0x7FF,8,0,0,1,1,0.5550,6,655,-0.227350
2119,28.000,瞬时请求候选,0x7FF,8,0,1,0,0,0.5550,6,327,-0.127550
2120,28.000,瞬时请求候选,0x7FF,8,0,3,0,0,0.7775,6,165,0.122350
2121,28.000,瞬时请求候选,0x7FF,8,1,0,1,1,0.6650,6,165,0.023000
2122,28.000,瞬时请求候选,0x7FF,8,1,1,0,0,0.6675,6,329,-0.175900
2123,28.000,瞬时请求候选,0x7FF,8,1,2,0,0,0.6675,6,329,-0.124900
2124,28.000,瞬时请求候选,0x7FF,8,1,3,0,0,0.7800,6,329,-0.076400
2125,28.000,瞬时请求候选,0x7FF,8,1,4,0,0,0.7775,6,163,-0.124650
2126,28.000,瞬时请求候选,0x7FF,8,1,5,1,1,0.5550,6,492,-0.227350
2127,28.000,瞬时请求候选,0x7FF,8,1,6,0,0,0.7775,6,330,-0.125950
2128,28.000,瞬时请求候选,0x7FF,8,1,7,0,0,0.6675,6,329,-0.124900
2129,28.000,瞬时请求候选,0x7FF,8,2,0,0,0,0.8900,6,162,-0.077750
2130,28.000,瞬时请求候选,0x7FF,8,2,1,0,0,0.5550,6,491,-0.226850
2131,28.000,瞬时请求候选,0x7FF,8,2,2,0,0,0.7750,6,165,-0.026350
2132,28.000,瞬时请求候选,0x7FF,8,2,3,0,0,0.6675,6,328,-0.225900
2133,28.000,瞬时请求候选,0x7FF,8,2,4,0,0,0.7800,6,326,-0.176800
2134,28.000,瞬时请求候选,0x7FF,8,2,5,0,0,0.5575,6,327,-0.226800
2135,28.000,瞬时请求候选,0x7FF,8,2,6,0,0,0.7775,6,327,-0.225400
2136,28.000,瞬时请求候选,0x7FF,8,2,7,0,0,0.7775,6,326,-0.176800
2137,28.000,瞬时请求候选,0x7FF,8,3,0,0,0,0.6650,6,493,-0.174700
2138,28.000,瞬时请求候选,0x7FF,8,3,1,0,0,0.8875,6,165,0.172000
2139,28.000,瞬时请求候选,0x7FF,8,3,2,0,0,0.7750,6,328,-0.174650
2140,28.000,瞬时请求候选,0x7FF,8,3,3,0,0,0.7775,6,326,-0.226800
2141,28.000,瞬时请求候选,0x7FF,8,3,5,0,0,0.7775,6,326,-0.226800
2142,28.000,瞬时请求候选,0x7FF,8,3,6,0,0,0.6650,6,492,-0.225900
2143,28.000,瞬时请求候选,0x7FF,8,3,7,0,0,0.8900,6,162,-0.077750
2144,28.000,瞬时请求候选,0x7FF,8,4,1,0,0,0.8875,6,165,0.172000
2145,28.000,瞬时请求候选,0x7FF,8,4,2,0,0,0.8875,6,164,0.025200
2146,28.000,瞬时请求候选,0x7FF,8,4,3,0,0,0.7775,6,330,-0.125950
2147,28.000,瞬时请求候选,0x7FF,8,4,5,0,0,0.6700,6,164,-0.075300
2148,28.000,瞬时请求候选,0x7FF,8,4,6,0,0,0.5550,6,492,-0.227350
2149,28.000,瞬时请求候选,0x7FF,8,4,7,0,0,0.7775,6,163,-0.124650
2150,28.000,瞬时请求候选,0x7FF,8,5,0,0,0,0.8875,6,164,0.025200
2151,28.000,瞬时请求候选,0x7FF,8,5,1,0,0,0.8900,6,163,-0.075300
2152,28.000,瞬时请求候选,0x7FF,8,5,2,0,0,0.7775,6,328,-0.174150
2153,28.000,瞬时请求候选,0x7FF,8,5,3,0,0,0.8875,6,165,0.172000
2154,28.000,瞬时请求候选,0x7FF,8,5,4,0,0,0.8875,6,164,0.025200
2155,28.000,瞬时请求候选,0x7FF,8,5,5,0,0,0.7800,6,163,-0.124550
2156,28.000,瞬时请求候选,0x7FF,8,5,6,0,0,0.7750,6,165,-0.026350
2157,28.000,瞬时请求候选,0x7FF,8,6,0,0,0,0.6650,6,328,-0.174900
2158,28.000,瞬时请求候选,0x7FF,8,6,1,0,0,0.5525,6,328,-0.175900
2159,28.000,瞬时请求候选,0x7FF,8,6,2,0,0,0.7800,6,163,-0.124550
2160,28.000,瞬时请求候选,0x7FF,8,6,3,0,0,0.7775,6,329,-0.176150
2161,28.000,瞬时请求候选,0x7FF,8,6,4,0,0,0.7775,6,328,-0.225400
2162,28.000,瞬时请求候选,0x7FF,8,6,5,0,0,0.6650,6,327,-0.225400
2163,28.000,瞬时请求候选,0x7FF,8,6,6,0,0,0.8875,6,165,0.172000
2164,28.000,瞬时请求候选,0x7FF,8,6,7,0,0,0.6675,6,327,-0.177050
2165,28.000,瞬时请求候选,0x7FF,8,7,4,0,0,0.8875,6,164,0.025200
2166,28.000,瞬时请求候选,0x7FF,8,7,5,0,0,0.7775,6,326,-0.176800
2167,28.000,瞬时请求候选,0x7FF,8,7,6,0,0,0.8900,6,164,0.023000
2168,28.000,瞬时请求候选,0x7FF,8,7,7,0,0,0.7775,6,328,-0.177550
2169,27.800,瞬时请求候选,0x20C,8,5,4,1,1,0.9225,5,61,0.985500
2170,27.800,瞬时请求候选,0x20C,8,5,5,0,0,0.9225,5,61,0.985500
2171,27.800,瞬时请求候选,0x2C4,8,3,0,0,0,0.9475,5,61,1.254000
2172,27.400,瞬时请求候选,0x2E3,7,5,4,0,0,0.9250,5,63,0.335700
2173,27.200,瞬时请求候选,0x441,8,0,2,0,0,0.9900,5,64,0.789700
2174,26.800,瞬时请求候选,0x75D,8,0,7,0,0,0.9150,5,66,1.490400
2175,26.600,瞬时请求候选,0x2E2,8,5,7,0,0,0.8850,5,67,0.737900
2176,26.200,瞬时请求候选,0x77A,8,2,2,不一致,不一致,0.7625,5,69,-0.228300
2177,25.800,瞬时请求候选,0x23A,8,1,1,1,0,0.7750,4,31,0.788900
2178,25.800,瞬时请求候选,0x295,8,0,4,1,1,0.6390,5,71,0.535800
2179,25.800,瞬时请求候选,0x295,8,7,1,1,1,0.5495,5,71,0.535800
2180,25.400,瞬时请求候选,0x3B2,8,3,7,0,0,0.7847,5,73,0.502800
2181,25.000,瞬时请求候选,0x2E2,8,5,5,0,0,0.8850,5,75,0.737900
2182,25.000,瞬时请求候选,0x3B2,8,2,7,0,0,0.8048,5,75,0.404600
2183,24.600,瞬时请求候选,0x2E3,7,1,2,0,0,0.8850,5,77,1.334400
2184,24.600,瞬时请求候选,0x3B2,8,4,6,0,不一致,0.6881,5,77,-0.194200
2185,24.400,周期字段（降权）,0x348,8,4,4,0,1,1.0000,1,4,1.372300
2186,24.400,周期字段（降权）,0x52F,8,4,0,1,0,1.0000,1,4,0.373200
2187,24.400,瞬时请求候选,0x3B2,8,4,4,0,0,0.6829,5,78,0.002100
2188,24.400,瞬时请求候选,0x3B2,8,4,5,0,0,0.7484,5,78,0.302200
2189,24.400,瞬时请求候选,0x3B2,8,5,7,0,0,0.6980,5,78,-0.194200
2190,24.000,瞬时请求候选,0x2B4,6,0,3,1,1,0.9375,5,80,0.456600
2191,23.600,瞬时请求候选,0x3B2,8,2,1,0,不一致,0.7135,5,82,0.002100
2192,23.600,瞬时请求候选,0x75D,8,5,1,0,0,0.8850,5,82,0.886300
2193,23.200,瞬时请求候选,0x3B2,8,5,1,0,0,0.6695,5,84,-0.194200
2194,23.000,瞬时请求候选,0x3B2,8,2,4,0,0,0.6568,5,85,0.404100
2195,23.000,瞬时请求候选,0x3B2,8,3,4,0,不一致,0.7314,5,85,0.302200
2196,23.000,瞬时请求候选,0x709,8,1,5,0,0,0.7169,5,85,0.585300
2197,22.800,瞬时请求候选,0x3B2,8,4,3,0,0,0.7679,5,86,0.002100
2198,22.400,瞬时请求候选,0x3B2,8,1,4,0,不一致,0.7057,5,88,0.103500
2199,22.400,瞬时请求候选,0x4E3,8,3,5,0,0,0.9350,5,88,0.892700
2200,22.400,瞬时请求候选,0x4E3,8,3,7,0,0,0.9350,5,88,0.892700
2201,22.400,瞬时请求候选,0x4E3,8,4,0,0,0,0.9350,5,88,0.892700
2202,22.400,瞬时请求候选,0x4E3,8,4,1,0,0,0.9350,5,88,0.892700
2203,22.400,瞬时请求候选,0x4E3,8,4,2,0,0,0.9350,5,88,0.892700
2204,22.400,瞬时请求候选,0x4E3,8,4,3,0,0,0.9350,5,88,0.892700
2205,22.400,瞬时请求候选,0x75D,8,3,5,0,0,0.8700,5,88,0.089000
2206,22.400,瞬时请求候选,0x75D,8,3,6,0,0,0.8700,5,88,0.089000
2207,22.200,瞬时请求候选,0x23E,8,3,0,0,1,0.8220,3,9,0.818700
2208,22.200,瞬时请求候选,0x3B2,8,5,4,0,0,0.6996,5,89,0.302200
2209,22.000,瞬时请求候选,0x3B2,8,3,1,0,0,0.7809,5,90,1.102200
2210,22.000,瞬时请求候选,0x3B2,8,3,5,0,0,0.7376,5,90,-0.194200
2211,22.000,瞬时请求候选,0x3B2,8,4,7,0,0,0.7330,5,90,1.003300
2212,22.000,瞬时请求候选,0x4E3,8,3,1,0,0,0.9350,5,90,0.892700
2213,22.000,瞬时请求候选,0x4E3,8,3,3,0,0,0.9350,5,90,0.892700
2214,21.800,瞬时请求候选,0x3B2,8,6,2,0,0,0.6287,5,91,-0.096600
2215,21.600,瞬时请求候选,0x3B2,8,2,2,0,不一致,0.7591,5,92,-0.096600
2216,21.600,瞬时请求候选,0x4E2,8,4,2,0,0,0.9250,5,92,0.108000
2217,21.400,瞬时请求候选,0x3B2,8,4,1,0,0,0.6857,5,93,0.404900
2218,21.400,瞬时请求候选,0x75D,8,1,5,0,0,0.8650,5,93,0.886300
2219,21.000,瞬时请求候选,0x295,8,0,0,0,0,0.6952,5,95,0.535800
2220,21.000,瞬时请求候选,0x295,8,0,2,1,不一致,0.5067,5,95,0.535800
2221,21.000,瞬时请求候选,0x295,8,0,6,0,0,0.6524,5,95,0.535800
2222,21.000,瞬时请求候选,0x295,8,1,3,0,0,0.6952,5,95,0.535800
2223,21.000,瞬时请求候选,0x295,8,2,0,1,1,0.6952,5,95,0.535800
2224,21.000,瞬时请求候选,0x295,8,2,1,0,0,0.6524,5,95,0.535800
2225,21.000,瞬时请求候选,0x295,8,2,3,0,0,0.6524,5,95,0.535800
2226,21.000,瞬时请求候选,0x295,8,2,5,1,1,0.6952,5,95,0.535800
2227,21.000,瞬时请求候选,0x295,8,2,7,1,1,0.6952,5,95,0.535800
2228,21.000,瞬时请求候选,0x295,8,3,0,1,1,0.6952,5,95,0.535800
2229,21.000,瞬时请求候选,0x295,8,3,1,1,1,0.6952,5,95,0.535800
2230,21.000,瞬时请求候选,0x295,8,3,2,1,1,0.6952,5,95,0.535800
2231,21.000,瞬时请求候选,0x295,8,3,3,1,1,0.6952,5,95,0.535800
2232,21.000,瞬时请求候选,0x295,8,3,4,1,1,0.6952,5,95,0.535800
2233,21.000,瞬时请求候选,0x295,8,3,5,1,1,0.6952,5,95,0.535800
2234,21.000,瞬时请求候选,0x295,8,3,6,1,1,0.6952,5,95,0.535800
2235,21.000,瞬时请求候选,0x295,8,3,7,1,1,0.6952,5,95,0.535800
2236,21.000,瞬时请求候选,0x709,8,5,6,0,0,0.7486,5,95,0.325600
2237,20.800,瞬时请求候选,0x295,8,0,3,1,1,0.6524,5,96,0.637400
2238,20.800,瞬时请求候选,0x295,8,0,5,0,0,0.6952,5,96,0.586600
2239,20.800,瞬时请求候选,0x3B2,8,1,3,0,不一致,0.6616,5,96,0.103500
2240,20.600,瞬时请求候选,0x2B4,6,4,6,1,1,0.9175,5,97,0.656600
2241,20.600,瞬时请求候选,0x709,8,5,1,0,0,0.6698,5,97,0.272000
2242,20.200,瞬时请求候选,0x75D,8,1,4,0,0,0.8400,5,99,0.488400
2243,20.000,瞬时请求候选,0x129,8,4,1,0,0,0.9805,5,210,-0.096400
2244,20.000,瞬时请求候选,0x129,8,4,2,0,0,0.9805,5,210,-0.096400
2245,20.000,瞬时请求候选,0x129,8,4,3,0,0,0.9805,5,210,-0.096400
2246,20.000,瞬时请求候选,0x129,8,4,4,0,0,0.9805,5,210,-0.096400
2247,20.000,瞬时请求候选,0x129,8,4,5,0,0,0.9805,5,210,-0.096400
2248,20.000,瞬时请求候选,0x129,8,4,6,0,0,0.9805,5,210,-0.096400
2249,20.000,瞬时请求候选,0x129,8,4,7,0,0,0.9805,5,210,-0.096400
2250,20.000,瞬时请求候选,0x129,8,5,0,0,0,0.9805,5,210,-0.096400
2251,20.000,瞬时请求候选,0x129,8,5,1,0,0,0.9805,5,210,-0.096400
2252,20.000,瞬时请求候选,0x129,8,5,2,0,0,0.9805,5,210,-0.096400
2253,20.000,瞬时请求候选,0x129,8,5,3,0,0,0.9805,5,210,-0.096400
2254,20.000,瞬时请求候选,0x129,8,5,4,0,0,0.9805,5,210,-0.096400
2255,20.000,瞬时请求候选,0x129,8,5,5,1,1,0.9805,5,210,-0.096400
2256,20.000,瞬时请求候选,0x234,8,0,3,1,1,0.9300,5,252,0.042100
2257,20.000,瞬时请求候选,0x234,8,3,1,0,0,0.9163,5,204,-0.107200
2258,20.000,瞬时请求候选,0x234,8,3,2,0,0,0.9163,5,202,-0.107200
2259,20.000,瞬时请求候选,0x234,8,4,3,0,0,0.9175,5,200,-0.107200
2260,20.000,瞬时请求候选,0x234,8,4,4,0,0,0.9175,5,198,-0.107200
2261,20.000,瞬时请求候选,0x264,6,0,0,0,0,0.8650,5,109,0.256700
2262,20.000,瞬时请求候选,0x295,8,7,0,1,1,0.5067,5,143,0.535800
2263,20.000,瞬时请求候选,0x2C3,8,0,2,不一致,不一致,0.6200,5,571,-0.172700
2264,20.000,瞬时请求候选,0x2C3,8,1,4,1,0,0.7000,5,503,-0.170900
2265,20.000,瞬时请求候选,0x2C3,8,1,5,0,1,0.8000,5,259,-0.170400
2266,20.000,瞬时请求候选,0x2C3,8,1,6,1,不一致,0.6000,5,567,-0.170900
2267,20.000,瞬时请求候选,0x2C3,8,2,0,1,不一致,0.6000,5,590,-0.170900
2268,20.000,瞬时请求候选,0x2C3,8,2,6,1,不一致,0.6000,5,591,-0.170900
2269,20.000,瞬时请求候选,0x2C3,8,2,7,1,1,0.8000,5,260,-0.170400
2270,20.000,瞬时请求候选,0x2C3,8,3,1,1,1,0.8000,5,257,-0.170400
2271,20.000,瞬时请求候选,0x2C3,8,3,3,1,0,0.7000,5,494,-0.170900
2272,20.000,瞬时请求候选,0x2C3,8,3,4,0,不一致,0.9000,5,159,0.526200
2273,20.000,瞬时请求候选,0x2C3,8,3,6,1,不一致,0.6000,5,619,-0.172700
2274,20.000,瞬时请求候选,0x2E3,7,4,2,0,0,0.8450,5,124,0.734400
2275,20.000,瞬时请求候选,0x39A,8,0,2,1,1,0.7400,5,414,-0.176500
2276,20.000,瞬时请求候选,0x3A1,8,3,6,0,0,0.9500,5,178,0.324600
2277,20.000,瞬时请求候选,0x3A1,8,3,7,1,1,0.9500,5,170,0.323300
2278,20.000,瞬时请求候选,0x3A3,8,1,4,1,1,0.8900,5,169,-0.023900
2279,20.000,瞬时请求候选,0x3A3,8,1,5,0,0,0.8900,5,169,-0.023900
2280,20.000,瞬时请求候选,0x3B2,8,3,0,0,0,0.6291,5,107,0.103300
2281,20.000,瞬时请求候选,0x3B2,8,5,0,0,0,0.6466,5,100,0.302200
2282,20.000,瞬时请求候选,0x3B2,8,6,1,0,0,0.6479,5,114,-0.194200
2283,20.000,瞬时请求候选,0x3B2,8,6,7,0,0,0.7003,5,107,0.103500
2284,20.000,瞬时请求候选,0x709,8,3,2,0,0,0.6852,5,102,0.325600
2285,20.000,瞬时请求候选,0x712,8,4,4,0,0,0.8583,5,114,0.003200
2286,20.000,瞬时请求候选,0x75D,8,1,3,0,0,0.8250,5,123,0.488400
2287,20.000,瞬时请求候选,0x788,8,2,2,0,0,0.9150,5,127,0.119700
2288,20.000,瞬时请求候选,0x798,8,0,5,0,0,0.8850,5,163,0.331800
2289,20.000,瞬时请求候选,0x7A8,8,6,5,0,0,0.9500,5,137,0.767900
2290,19.000,瞬时请求候选,0x3F2,8,2,4,1,0,0.6000,3,25,0.756900
2291,19.000,瞬时请求候选,0x3F2,8,6,7,1,0,0.6000,3,25,0.756900
2292,18.800,瞬时请求候选,0x23A,8,1,5,1,0,0.7500,3,26,-0.210500
2293,12.000,瞬时请求候选,0x2C3,8,1,3,1,0,0.7000,4,480,-0.171500
2294,12.000,瞬时请求候选,0x45A,8,5,2,1,0,0.5700,4,1253,-0.210400
2295,-1.200,瞬时请求候选,0x3B2,8,0,5,1,0,0.8117,0,6,
2296,-15.400,周期字段（降权）,0x213,2,0,7,1,1,0.5000,6,17,0.783600
2297,-16.600,周期字段（降权）,0x300,8,0,0,1,0,0.6000,6,23,0.755750
2298,-16.600,周期字段（降权）,0x300,8,0,3,1,不一致,0.6000,6,23,0.255800
2299,-16.600,周期字段（降权）,0x300,8,0,4,0,1,0.6000,6,23,0.255800
2300,-16.600,周期字段（降权）,0x300,8,6,7,不一致,1,0.6000,6,23,0.755750
2301,-18.800,周期字段（降权）,0x213,2,0,6,1,1,0.5000,6,34,-0.205000
2302,-18.800,周期字段（降权）,0x3F2,8,0,1,1,1,0.5000,6,34,-0.242950
2303,-18.800,周期字段（降权）,0x727,2,0,1,1,1,0.5000,6,34,-0.197500
2304,-19.000,周期字段（降权）,0x321,8,6,5,1,1,0.5000,6,35,0.942150
2305,-19.000,周期字段（降权）,0x324,8,1,3,1,1,0.5250,6,35,0.834100
2306,-19.200,周期字段（降权）,0x3E9,8,7,6,1,1,0.5000,6,36,0.546100
2307,-19.200,周期字段（降权）,0x52F,8,5,5,不一致,1,0.5250,6,36,0.372450
2308,-19.400,周期字段（降权）,0x238,8,6,6,1,1,0.5000,6,37,0.045100
2309,-19.400,周期字段（降权）,0x284,8,7,6,1,1,0.5000,6,37,1.579050
2310,-19.400,周期字段（降权）,0x293,8,6,6,1,1,0.5000,6,37,1.730000
2311,-19.400,周期字段（降权）,0x293,8,7,6,1,1,0.5000,6,37,0.245900
2312,-19.400,周期字段（降权）,0x313,8,6,6,1,1,0.5000,6,37,0.195500
2313,-19.400,周期字段（降权）,0x366,8,0,0,1,1,0.5000,6,37,0.418500
2314,-19.400,周期字段（降权）,0x366,8,1,0,1,1,0.5000,6,37,0.418500
2315,-19.400,周期字段（降权）,0x366,8,6,4,1,1,0.5000,6,37,0.418500
2316,-19.400,周期字段（降权）,0x39B,8,7,6,1,1,0.5000,6,37,0.551400
2317,-19.400,周期字段（降权）,0x3C9,8,0,1,1,1,0.5000,6,37,0.223650
2318,-19.400,周期字段（降权）,0x407,8,0,2,1,1,0.5000,6,37,0.083350
2319,-19.400,周期字段（降权）,0x407,8,1,2,1,1,0.5000,6,37,1.582050
2320,-19.400,周期字段（降权）,0x443,6,0,2,1,1,0.5000,6,37,0.144700
2321,-19.400,周期字段（降权）,0x443,6,1,2,1,1,0.5000,6,37,1.642550
2322,-19.400,周期字段（降权）,0x7F1,7,0,0,1,1,0.5000,6,37,0.377950
2323,-19.400,周期字段（降权）,0x7F1,7,0,1,1,1,0.5000,6,37,0.377950
2324,-19.400,周期字段（降权）,0x7F1,7,3,0,1,1,0.5000,6,37,0.377950
2325,-19.400,周期字段（降权）,0x7F1,7,3,1,1,1,0.5000,6,37,0.377950
2326,-19.400,周期字段（降权）,0x7F1,7,3,2,1,1,0.5000,6,37,0.377950
2327,-19.400,周期字段（降权）,0x7F1,7,3,3,1,1,0.5000,6,37,0.377950
2328,-19.400,周期字段（降权）,0x7F1,7,5,3,1,1,0.5000,6,37,0.377950
2329,-19.600,周期字段（降权）,0x213,2,1,6,1,1,0.5000,6,38,1.280150
2330,-19.600,周期字段（降权）,0x238,8,7,6,1,1,0.5000,6,38,1.029900
2331,-19.600,周期字段（降权）,0x284,8,6,6,1,1,0.5000,6,38,1.080400
2332,-19.600,周期字段（降权）,0x313,8,7,6,1,1,0.5000,6,38,1.180150
2333,-19.600,周期字段（降权）,0x318,8,2,1,1,1,0.5000,6,38,1.374150
2334,-19.600,周期字段（降权）,0x334,8,6,6,1,1,0.5000,6,38,1.379850
2335,-19.600,周期字段（降权）,0x334,8,7,6,1,1,0.5000,6,38,1.379850
2336,-19.600,周期字段（降权）,0x348,8,4,1,1,1,0.5000,6,38,1.370750
2337,-19.600,周期字段（降权）,0x366,8,0,1,1,1,0.5000,6,38,1.418250
2338,-19.600,周期字段（降权）,0x366,8,0,2,1,1,0.5000,6,38,1.418250
2339,-19.600,周期字段（降权）,0x366,8,2,0,1,1,0.5000,6,38,1.418250
2340,-19.600,周期字段（降权）,0x366,8,3,0,1,1,0.5000,6,38,1.418250
2341,-19.600,周期字段（降权）,0x366,8,4,2,1,1,0.5000,6,38,1.418250
2342,-19.600,周期字段（降权）,0x366,8,4,3,1,1,0.5000,6,38,1.418250
2343,-19.600,周期字段（降权）,0x366,8,4,4,1,1,0.5000,6,38,1.418250
2344,-19.600,周期字段（降权）,0x366,8,5,0,1,1,0.5000,6,38,1.418250
2345,-19.600,周期字段（降权）,0x366,8,6,2,1,1,0.5000,6,38,1.418250
2346,-19.600,周期字段（降权）,0x366,8,6,3,1,1,0.5000,6,38,1.418250
2347,-19.600,周期字段（降权）,0x366,8,7,0,1,1,0.5000,6,38,1.418250
2348,-19.600,周期字段（降权）,0x38B,8,2,4,1,1,0.5000,6,38,1.532000
2349,-19.600,周期字段（降权）,0x39B,8,6,6,1,1,0.5000,6,38,0.726400
2350,-19.600,周期字段（降权）,0x3CC,8,3,0,1,1,0.5000,6,38,1.449100
2351,-19.600,周期字段（降权）,0x3E9,8,6,6,1,1,0.5000,6,38,0.720100
2352,-19.600,周期字段（降权）,0x528,4,3,1,1,1,0.5000,6,38,1.371650
2353,-19.600,周期字段（降权）,0x52F,8,6,7,1,1,0.5250,6,38,0.373600
2354,-19.600,周期字段（降权）,0x52F,8,7,7,1,1,0.5000,6,38,1.371200
2355,-21.200,周期字段（降权）,0x31A,8,6,7,不一致,不一致,0.5500,6,46,0.569600
2356,-21.200,周期字段（降权）,0x31A,8,7,7,不一致,1,0.5450,6,46,0.470000
2357,-21.200,周期字段（降权）,0x40A,8,6,7,不一致,不一致,0.5500,6,46,0.588450
2358,-21.200,周期字段（降权）,0x40A,8,7,7,不一致,不一致,0.5500,6,46,0.588450
2359,-22.400,周期字段（降权）,0x310,8,0,0,不一致,不一致,0.6000,5,12,1.172400
2360,-22.400,周期字段（降权）,0x310,8,6,2,不一致,不一致,0.6000,5,12,1.172400
2361,-22.400,周期字段（降权）,0x310,8,6,7,不一致,不一致,0.6000,5,12,1.172400
2362,-23.400,周期字段（降权）,0x3E9,8,7,7,1,1,0.5000,5,17,0.857400
2363,-23.400,周期字段（降权）,0x709,8,0,2,不一致,0,0.5120,6,57,0.378300
2364,-23.600,周期字段（降权）,0x330,8,5,1,1,1,0.5571,6,58,0.164600
2365,-23.600,周期字段（降权）,0x37D,8,6,6,不一致,1,0.6000,6,58,0.587350
2366,-23.600,周期字段（降权）,0x37D,8,6,7,不一致,1,0.6000,6,58,0.587350
2367,-23.600,周期字段（降权）,0x37D,8,7,0,不一致,1,0.6000,6,58,0.587350
2368,-23.600,周期字段（降权）,0x37D,8,7,1,不一致,1,0.6000,6,58,0.587350
2369,-23.600,周期字段（降权）,0x37D,8,7,2,不一致,1,0.6000,6,58,0.587350
2370,-23.600,周期字段（降权）,0x37D,8,7,3,不一致,1,0.6000,6,58,0.587350
2371,-23.600,周期字段（降权）,0x37D,8,7,4,不一致,1,0.6000,6,58,0.587350
2372,-23.600,周期字段（降权）,0x37D,8,7,5,不一致,1,0.6000,6,58,0.587350
2373,-23.600,周期字段（降权）,0x37D,8,7,6,不一致,1,0.6000,6,58,0.587350
2374,-25.600,周期字段（降权）,0x324,8,1,2,1,1,0.5000,6,68,-0.161150
2375,-25.800,周期字段（降权）,0x23A,8,0,0,1,1,0.5000,6,69,-0.210650
2376,-25.800,周期字段（降权）,0x321,8,6,4,1,1,0.5000,6,69,-0.057200
2377,-25.800,周期字段（降权）,0x332,6,0,0,1,1,0.5000,6,69,-0.244300
2378,-25.800,周期字段（降权）,0x332,6,0,2,1,1,0.5000,6,69,-0.244300
2379,-25.800,周期字段（降权）,0x332,6,0,3,1,1,0.5000,6,69,-0.244300
2380,-25.800,周期字段（降权）,0x332,6,0,7,1,1,0.5000,6,69,-0.244300
2381,-25.800,周期字段（降权）,0x332,6,1,1,1,1,0.5000,6,69,-0.244300
2382,-25.800,周期字段（降权）,0x332,6,1,4,1,1,0.5000,6,69,-0.244300
2383,-25.800,周期字段（降权）,0x332,6,2,2,1,1,0.5000,6,69,-0.244300
2384,-25.800,周期字段（降权）,0x332,6,2,5,1,1,0.5000,6,69,-0.244300
2385,-25.800,周期字段（降权）,0x332,6,2,6,1,1,0.5000,6,69,-0.244300
2386,-25.800,周期字段（降权）,0x332,6,2,7,1,1,0.5000,6,69,-0.244300
2387,-25.800,周期字段（降权）,0x332,6,3,2,1,1,0.5000,6,69,-0.244300
2388,-25.800,周期字段（降权）,0x332,6,3,3,1,1,0.5000,6,69,-0.244300
2389,-25.800,周期字段（降权）,0x332,6,3,7,1,1,0.5000,6,69,-0.244300
2390,-25.800,周期字段（降权）,0x332,6,4,0,1,1,0.5000,6,69,-0.244300
2391,-25.800,周期字段（降权）,0x332,6,4,7,1,1,0.5000,6,69,-0.244300
2392,-25.800,周期字段（降权）,0x3F2,8,0,0,1,1,0.5000,6,69,-0.243300
2393,-25.800,周期字段（降权）,0x709,8,0,3,1,不一致,0.5822,5,29,0.896100
2394,-25.800,周期字段（降权）,0x70B,8,0,0,1,1,0.5000,6,69,-0.031950
2395,-25.800,周期字段（降权）,0x727,2,0,0,1,1,0.5000,6,69,-0.198650
2396,-26.000,周期字段（降权）,0x213,2,0,5,1,1,0.5000,6,70,-0.211500
2397,-26.000,周期字段（降权）,0x3B2,8,0,3,不一致,0,0.5814,5,30,0.302200
2398,-26.600,周期字段（降权）,0x3E9,8,7,5,1,1,0.5000,6,73,0.140700
2399,-26.800,周期字段（降权）,0x37D,8,0,0,1,1,0.5000,6,74,0.587350
2400,-26.800,周期字段（降权）,0x37D,8,0,2,1,1,0.5000,6,74,0.587350
2401,-26.800,周期字段（降权）,0x37D,8,0,4,1,1,0.5000,6,74,0.587350
2402,-26.800,周期字段（降权）,0x37D,8,0,6,1,1,0.5000,6,74,0.587350
2403,-26.800,周期字段（降权）,0x37D,8,0,7,1,1,0.5000,6,74,0.587350
2404,-26.800,周期字段（降权）,0x37D,8,1,2,1,1,0.5000,6,74,0.587350
2405,-26.800,周期字段（降权）,0x37D,8,1,4,1,1,0.5000,6,74,0.587350
2406,-26.800,周期字段（降权）,0x37D,8,1,7,1,1,0.5000,6,74,0.587350
2407,-26.800,周期字段（降权）,0x37D,8,2,1,1,1,0.5000,6,74,0.587350
2408,-26.800,周期字段（降权）,0x37D,8,2,3,1,1,0.5000,6,74,0.587350
2409,-26.800,周期字段（降权）,0x37D,8,2,4,1,1,0.5000,6,74,0.587350
2410,-26.800,周期字段（降权）,0x37D,8,2,5,1,1,0.5000,6,74,0.587350
2411,-26.800,周期字段（降权）,0x37D,8,2,7,1,1,0.5000,6,74,0.587350
2412,-26.800,周期字段（降权）,0x37D,8,3,3,1,1,0.5000,6,74,0.587350
2413,-26.800,周期字段（降权）,0x37D,8,3,4,1,1,0.5000,6,74,0.587350
2414,-26.800,周期字段（降权）,0x37D,8,3,5,1,1,0.5000,6,74,0.587350
2415,-26.800,周期字段（降权）,0x37D,8,3,7,1,1,0.5000,6,74,0.587350
2416,-26.800,周期字段（降权）,0x39B,8,7,5,1,1,0.5000,6,74,0.146000
2417,-26.800,周期字段（降权）,0x3A4,8,0,0,1,1,0.5000,6,74,0.557400
2418,-26.800,周期字段（降权）,0x6C8,8,0,0,1,1,0.5000,6,74,0.695500
2419,-26.800,周期字段（降权）,0x6C8,8,0,2,1,1,0.5000,6,74,0.695500
2420,-26.800,周期字段（降权）,0x6C8,8,0,3,1,1,0.5000,6,74,0.695500
2421,-26.800,周期字段（降权）,0x6C8,8,0,4,1,1,0.5000,6,74,0.695500
2422,-26.800,周期字段（降权）,0x6C8,8,0,6,1,1,0.5000,6,74,0.695500
2423,-26.800,周期字段（降权）,0x6C8,8,1,1,1,1,0.5000,6,74,0.695500
2424,-26.800,周期字段（降权）,0x6C8,8,1,5,1,1,0.5000,6,74,0.695500
2425,-26.800,周期字段（降权）,0x6C8,8,1,6,1,1,0.5000,6,74,0.695500
2426,-26.800,周期字段（降权）,0x6C8,8,3,0,1,1,0.5000,6,74,0.695500
2427,-26.800,周期字段（降权）,0x6C8,8,3,1,1,1,0.5000,6,74,0.695500
2428,-26.800,周期字段（降权）,0x6C8,8,3,4,1,1,0.5000,6,74,0.695500
2429,-26.800,周期字段（降权）,0x6C8,8,4,2,1,1,0.5000,6,74,0.695500
2430,-26.800,周期字段（降权）,0x724,3,0,0,1,1,0.5000,6,74,0.743000
2431,-27.000,周期字段（降权）,0x213,2,1,5,1,1,0.5000,6,75,0.288600
2432,-27.000,周期字段（降权）,0x238,8,6,5,1,1,0.5000,6,75,0.037800
2433,-27.000,周期字段（降权）,0x238,8,7,5,1,1,0.5000,6,75,0.037800
2434,-27.000,周期字段（降权）,0x284,8,6,5,1,1,0.5000,6,75,0.087850
2435,-27.000,周期字段（降权）,0x284,8,7,5,1,1,0.5000,6,75,0.587150
2436,-27.000,周期字段（降权）,0x293,8,6,5,1,1,0.5000,6,75,0.737250
2437,-27.000,周期字段（降权）,0x293,8,7,5,1,1,0.5000,6,75,0.237950
2438,-27.000,周期字段（降权）,0x313,8,6,5,1,1,0.5000,6,75,0.189600
2439,-27.000,周期字段（降权）,0x313,8,7,5,1,1,0.5000,6,75,0.189600
2440,-27.000,周期字段（降权）,0x318,8,7,0,1,1,0.5000,6,75,0.373950
2441,-27.000,周期字段（降权）,0x334,8,6,5,1,1,0.5000,6,75,0.387400
2442,-27.000,周期字段（降权）,0x334,8,7,5,1,1,0.5000,6,75,0.387400
2443,-27.000,周期字段（降权）,0x348,8,4,0,1,1,0.5000,6,75,0.372100
2444,-27.000,周期字段（降权）,0x34A,8,0,1,1,1,0.5000,6,75,0.329600
2445,-27.000,周期字段（降权）,0x34A,8,7,5,1,1,0.5000,6,75,0.329600
2446,-27.000,周期字段（降权）,0x34A,8,7,6,1,1,0.5000,6,75,0.329600
2447,-27.000,周期字段（降权）,0x38B,8,2,3,1,1,0.5000,6,75,0.623750
2448,-27.000,周期字段（降权）,0x3C9,8,0,0,1,1,0.5000,6,75,0.221700
2449,-27.000,周期字段（降权）,0x3CC,8,2,7,1,1,0.5000,6,75,0.449950
2450,-27.000,周期字段（降权）,0x407,8,0,1,1,1,0.5000,6,75,0.082600
2451,-27.000,周期字段（降权）,0x407,8,1,1,1,1,0.5000,6,75,0.582850
2452,-27.000,周期字段（降权）,0x443,6,0,1,1,1,0.5000,6,75,0.143550
2453,-27.000,周期字段（降权）,0x443,6,1,1,1,1,0.5000,6,75,0.644400
2454,-27.000,周期字段（降权）,0x528,4,3,0,1,1,0.5000,6,75,0.372300
2455,-27.000,周期字段（降权）,0x52F,8,7,6,1,1,0.5000,6,75,0.371850
2456,-27.000,周期字段（降权）,0x6E8,8,0,0,1,1,0.5000,6,75,0.192300
2457,-27.000,周期字段（降权）,0x6E8,8,0,2,1,1,0.5000,6,75,0.192300
2458,-27.000,周期字段（降权）,0x6E8,8,0,3,1,1,0.5000,6,75,0.192300
2459,-27.000,周期字段（降权）,0x6E8,8,0,6,1,1,0.5000,6,75,0.192300
2460,-27.000,周期字段（降权）,0x6E8,8,1,1,1,1,0.5000,6,75,0.192300
2461,-27.000,周期字段（降权）,0x6E8,8,1,5,1,1,0.5000,6,75,0.192300
2462,-27.000,周期字段（降权）,0x6E8,8,1,6,1,1,0.5000,6,75,0.192300
2463,-27.000,周期字段（降权）,0x6E8,8,3,1,1,1,0.5000,6,75,0.192300
2464,-27.000,周期字段（降权）,0x6E8,8,3,4,1,1,0.5000,6,75,0.192300
2465,-27.000,周期字段（降权）,0x6E8,8,4,2,1,1,0.5000,6,75,0.192300
2466,-27.000,周期字段（降权）,0x752,8,0,0,1,1,0.5000,6,75,0.094250
2467,-27.200,周期字段（降权）,0x318,8,2,0,1,1,0.5000,6,76,0.373950
2468,-27.200,周期字段（降权）,0x39B,8,6,5,1,1,0.5000,6,76,0.540950
2469,-27.200,周期字段（降权）,0x3E9,8,6,5,1,1,0.5000,6,76,0.535600
2470,-30.200,周期字段（降权）,0x228,8,6,7,1,1,0.5000,6,91,-0.025650
2471,-30.200,周期字段（降权）,0x2EC,3,2,7,1,1,0.5000,6,91,-0.037850
2472,-30.400,周期字段（降权）,0x2AA,3,2,7,1,1,0.5000,6,92,0.115750
2473,-30.400,周期字段（降权）,0x318,8,6,4,1,1,0.5000,6,92,0.172600
2474,-30.400,周期字段（降权）,0x31A,8,7,6,1,1,0.5000,6,92,0.069950
2475,-30.400,周期字段（降权）,0x552,8,7,7,1,1,0.5000,6,92,0.115350
2476,-30.400,周期字段（降权）,0x553,8,7,7,1,1,0.5000,6,92,0.109950
2477,-30.400,周期字段（降权）,0x797,4,3,7,1,1,0.5000,6,92,0.249800
2478,-30.600,周期字段（降权）,0x228,8,7,7,1,1,0.5000,6,93,0.274500
2479,-30.600,周期字段（降权）,0x229,3,1,3,1,1,0.5000,6,93,0.313650
2480,-30.600,周期字段（降权）,0x25B,8,6,7,1,1,0.5000,6,93,0.012450
2481,-30.600,周期字段（降权）,0x25B,8,7,7,1,1,0.5000,6,93,0.211850
2482,-30.600,周期字段（降权）,0x288,8,6,7,1,1,0.5000,6,93,0.326700
2483,-30.600,周期字段（降权）,0x288,8,7,7,1,1,0.5000,6,93,0.226700
2484,-30.600,周期字段（降权）,0x2A8,8,6,7,1,1,0.5000,6,93,0.239900
2485,-30.600,周期字段（降权）,0x2A8,8,7,7,1,1,0.5000,6,93,0.239900
2486,-30.600,周期字段（降权）,0x2AA,3,1,7,1,1,0.5000,6,93,0.016050
2487,-30.600,周期字段（降权）,0x2E8,8,6,7,1,1,0.5000,6,93,0.286350
2488,-30.600,周期字段（降权）,0x2E8,8,7,7,1,1,0.5000,6,93,0.086250
2489,-30.600,周期字段（降权）,0x2EC,3,1,7,1,1,0.5000,6,93,0.062150
2490,-30.600,周期字段（降权）,0x31A,8,6,6,1,1,0.5000,6,93,0.069850
2491,-30.600,周期字段（降权）,0x40A,8,6,6,1,1,0.5000,6,93,0.088850
2492,-30.600,周期字段（降权）,0x40A,8,7,6,1,1,0.5000,6,93,0.088850
2493,-30.600,周期字段（降权）,0x420,8,7,2,1,1,0.5000,6,93,0.095350
2494,-30.600,周期字段（降权）,0x552,8,6,7,1,1,0.5000,6,93,0.016000
2495,-30.600,周期字段（降权）,0x553,8,6,7,1,1,0.5000,6,93,0.009900
2496,-30.600,周期字段（降权）,0x682,8,6,7,1,1,0.5000,6,93,0.075000
2497,-30.600,周期字段（降权）,0x682,8,7,7,1,1,0.5000,6,93,0.275500
2498,-30.600,周期字段（降权）,0x789,4,2,7,1,1,0.5000,6,93,0.004500
2499,-30.600,周期字段（降权）,0x789,4,3,7,1,1,0.5000,6,93,0.004450
2500,-30.600,周期字段（降权）,0x797,4,2,7,1,1,0.5000,6,93,0.050250
2501,-30.600,周期字段（降权）,0x798,8,6,7,1,1,0.5000,6,93,0.033850
2502,-30.600,周期字段（降权）,0x7B8,8,6,7,1,1,0.5000,6,93,0.081450
2503,-31.600,周期字段（降权）,0x318,8,7,4,不一致,0,0.5225,6,98,0.273250
2504,-32.000,周期字段（降权）,0x122,8,0,0,1,1,0.5000,6,738,-0.227300
2505,-32.000,周期字段（降权）,0x122,8,2,1,1,1,0.5000,6,738,-0.227300
2506,-32.000,周期字段（降权）,0x122,8,2,4,1,1,0.5000,6,738,-0.227300
2507,-32.000,周期字段（降权）,0x122,8,3,1,1,1,0.5000,6,738,-0.227300
2508,-32.000,周期字段（降权）,0x122,8,3,4,1,1,0.5000,6,738,-0.227300
2509,-32.000,周期字段（降权）,0x122,8,3,7,1,1,0.5000,6,738,-0.227300
2510,-32.000,周期字段（降权）,0x122,8,4,1,1,1,0.5000,6,738,-0.227300
2511,-32.000,周期字段（降权）,0x122,8,4,4,1,1,0.5000,6,738,-0.227300
2512,-32.000,周期字段（降权）,0x122,8,5,0,1,1,0.5000,6,738,-0.227300
2513,-32.000,周期字段（降权）,0x122,8,5,1,1,1,0.5000,6,738,-0.227300
2514,-32.000,周期字段（降权）,0x122,8,5,2,1,1,0.5000,6,738,-0.227300
2515,-32.000,周期字段（降权）,0x122,8,5,3,1,1,0.5000,6,738,-0.227300
2516,-32.000,周期字段（降权）,0x122,8,5,4,1,1,0.5000,6,738,-0.227300
2517,-32.000,周期字段（降权）,0x122,8,5,5,1,1,0.5000,6,738,-0.227300
2518,-32.000,周期字段（降权）,0x123,8,0,0,1,1,0.5000,6,738,-0.232450
2519,-32.000,周期字段（降权）,0x123,8,2,1,1,1,0.5000,6,738,-0.232450
2520,-32.000,周期字段（降权）,0x123,8,2,4,1,1,0.5000,6,738,-0.232450
2521,-32.000,周期字段（降权）,0x123,8,3,1,1,1,0.5000,6,738,-0.232450
2522,-32.000,周期字段（降权）,0x123,8,3,4,1,1,0.5000,6,738,-0.232450
2523,-32.000,周期字段（降权）,0x123,8,3,7,1,1,0.5000,6,738,-0.232450
2524,-32.000,周期字段（降权）,0x123,8,4,1,1,1,0.5000,6,738,-0.232450
2525,-32.000,周期字段（降权）,0x123,8,4,4,1,1,0.5000,6,738,-0.232450
2526,-32.000,周期字段（降权）,0x123,8,4,6,1,1,0.5000,6,738,-0.232450
2527,-32.000,周期字段（降权）,0x123,8,4,7,1,1,0.5000,6,738,-0.232450
2528,-32.000,周期字段（降权）,0x123,8,5,0,1,1,0.5000,6,738,-0.232450
2529,-32.000,周期字段（降权）,0x123,8,5,1,1,1,0.5000,6,738,-0.232450
2530,-32.000,周期字段（降权）,0x123,8,5,2,1,1,0.5000,6,738,-0.232450
2531,-32.000,周期字段（降权）,0x123,8,5,3,1,1,0.5000,6,738,-0.232450
2532,-32.000,周期字段（降权）,0x123,8,5,4,1,1,0.5000,6,738,-0.232450
2533,-32.000,周期字段（降权）,0x123,8,5,5,1,1,0.5000,6,738,-0.232450
2534,-32.000,周期字段（降权）,0x123,8,7,7,1,1,0.5000,6,738,-0.232450
2535,-32.000,周期字段（降权）,0x129,8,1,0,1,1,0.5000,6,7420,-0.246450
2536,-32.000,周期字段（降权）,0x129,8,1,1,1,1,0.5000,6,3708,-0.246450
2537,-32.000,周期字段（降权）,0x129,8,1,2,1,1,0.5000,6,1851,-0.246450
2538,-32.000,周期字段（降权）,0x129,8,1,3,1,1,0.5000,6,926,-0.206900
2539,-32.000,周期字段（降权）,0x142,8,0,0,1,1,0.5000,6,1483,-0.237350
2540,-32.000,周期字段（降权）,0x142,8,0,3,1,1,0.5000,6,1483,-0.237350
2541,-32.000,周期字段（降权）,0x142,8,0,5,1,1,0.5000,6,1483,-0.237350
2542,-32.000,周期字段（降权）,0x142,8,2,1,1,1,0.5000,6,1483,-0.237350
2543,-32.000,周期字段（降权）,0x142,8,2,6,1,1,0.5000,6,1483,-0.237350
2544,-32.000,周期字段（降权）,0x142,8,3,2,1,1,0.5000,6,1483,-0.237350
2545,-32.000,周期字段（降权）,0x142,8,3,4,1,1,0.5000,6,1483,-0.237350
2546,-32.000,周期字段（降权）,0x142,8,3,6,1,1,0.5000,6,1483,-0.237350
2547,-32.000,周期字段（降权）,0x142,8,4,6,1,1,0.5000,6,1483,-0.237350
2548,-32.000,周期字段（降权）,0x142,8,4,7,1,1,0.5000,6,1483,-0.237350
2549,-32.000,周期字段（降权）,0x142,8,5,0,1,1,0.5000,6,1483,-0.237350
2550,-32.000,周期字段（降权）,0x142,8,5,1,1,1,0.5000,6,1483,-0.237350
2551,-32.000,周期字段（降权）,0x142,8,5,3,1,1,0.5000,6,1483,-0.237350
2552,-32.000,周期字段（降权）,0x142,8,5,4,1,1,0.5000,6,1483,-0.237350
2553,-32.000,周期字段（降权）,0x142,8,6,0,1,1,0.5000,6,1483,-0.237350
2554,-32.000,周期字段（降权）,0x201,8,0,0,1,1,0.5000,6,2967,-0.232700
2555,-32.000,周期字段（降权）,0x201,8,0,1,1,1,0.5000,6,1483,-0.232700
2556,-32.000,周期字段（降权）,0x201,8,1,1,1,1,0.5000,6,1483,-0.232700
2557,-32.000,周期字段（降权）,0x201,8,6,3,1,1,0.5000,6,1483,-0.232700
2558,-32.000,周期字段（降权）,0x201,8,6,5,1,1,0.5000,6,1484,-0.207550
2559,-32.000,周期字段（降权）,0x201,8,7,1,1,1,0.5000,6,1483,-0.232700
2560,-32.000,周期字段（降权）,0x201,8,7,2,1,1,0.5000,6,1483,-0.232700
2561,-32.000,周期字段（降权）,0x201,8,7,3,1,1,0.5000,6,1483,-0.232700
2562,-32.000,周期字段（降权）,0x201,8,7,4,1,1,0.5000,6,1483,-0.232700
2563,-32.000,周期字段（降权）,0x201,8,7,5,1,1,0.5000,6,1483,-0.232700
2564,-32.000,周期字段（降权）,0x20E,3,0,0,1,1,0.5000,6,738,-0.220400
2565,-32.000,周期字段（降权）,0x20E,3,0,1,1,1,0.5000,6,367,-0.220400
2566,-32.000,周期字段（降权）,0x20E,3,0,2,1,1,0.5000,6,183,-0.021250
2567,-32.000,周期字段（降权）,0x20E,3,1,0,1,1,0.5000,6,738,-0.220400
2568,-32.000,周期字段（降权）,0x20E,3,1,1,1,1,0.5000,6,367,-0.220400
2569,-32.000,周期字段（降权）,0x20E,3,1,2,1,1,0.5000,6,183,-0.021250
2570,-32.000,周期字段（降权）,0x213,2,0,4,1,1,0.5000,6,145,-0.211500
2571,-32.000,周期字段（降权）,0x213,2,1,4,1,1,0.5000,6,145,-0.211500
2572,-32.000,周期字段（降权）,0x219,7,0,0,1,1,0.5000,6,744,-0.171700
2573,-32.000,周期字段（降权）,0x219,7,5,0,1,1,0.5000,6,744,-0.171700
2574,-32.000,周期字段（降权）,0x221,8,0,0,1,1,0.5000,6,1483,-0.241400
2575,-32.000,周期字段（降权）,0x221,8,1,6,1,1,0.5000,6,1483,-0.241400
2576,-32.000,周期字段（降权）,0x221,8,2,4,1,1,0.5000,6,1483,-0.241400
2577,-32.000,周期字段（降权）,0x221,8,2,6,1,1,0.5000,6,1483,-0.241400
2578,-32.000,周期字段（降权）,0x221,8,3,2,1,1,0.5000,6,1483,-0.241400
2579,-32.000,周期字段（降权）,0x221,8,3,4,1,1,0.5000,6,1483,-0.241400
2580,-32.000,周期字段（降权）,0x221,8,3,6,1,1,0.5000,6,1483,-0.241400
2581,-32.000,周期字段（降权）,0x221,8,4,0,1,1,0.5000,6,1483,-0.241400
2582,-32.000,周期字段（降权）,0x221,8,5,1,1,1,0.5000,6,1483,-0.241400
2583,-32.000,周期字段（降权）,0x221,8,5,4,1,1,0.5000,6,1483,-0.241400
2584,-32.000,周期字段（降权）,0x221,8,5,6,1,1,0.5000,6,1483,-0.241400
2585,-32.000,周期字段（降权）,0x221,8,6,0,1,1,0.5000,6,1483,-0.241400
2586,-32.000,周期字段（降权）,0x221,8,6,4,1,1,0.5000,6,1483,-0.241400
2587,-32.000,周期字段（降权）,0x221,8,6,5,1,1,0.5000,6,739,-0.241400
2588,-32.000,周期字段（降权）,0x221,8,6,6,1,1,0.5000,6,372,-0.141650
2589,-32.000,周期字段（降权）,0x221,8,6,7,1,1,0.5000,6,187,0.057350
2590,-32.000,周期字段（降权）,0x221,8,7,0,1,1,0.5000,6,1483,-0.241400
2591,-32.000,周期字段（降权）,0x221,8,7,5,1,1,0.5000,6,739,-0.241400
2592,-32.000,周期字段（降权）,0x221,8,7,6,1,1,0.5000,6,372,-0.141650
2593,-32.000,周期字段（降权）,0x221,8,7,7,1,1,0.5000,6,187,0.057350
2594,-32.000,周期字段（降权）,0x228,8,6,4,1,1,0.5000,6,738,-0.226100
2595,-32.000,周期字段（降权）,0x228,8,6,5,1,1,0.5000,6,367,-0.226100
2596,-32.000,周期字段（降权）,0x228,8,6,6,1,1,0.5000,6,183,-0.027550
2597,-32.000,周期字段（降权）,0x228,8,7,4,1,1,0.5000,6,738,-0.226100
2598,-32.000,周期字段（降权）,0x228,8,7,5,1,1,0.5000,6,371,-0.126150
2599,-32.000,周期字段（降权）,0x228,8,7,6,1,1,0.5000,6,186,0.072350
2600,-32.000,周期字段（降权）,0x229,3,1,0,1,1,0.5000,6,744,-0.186250
2601,-32.000,周期字段（降权）,0x229,3,1,1,1,1,0.5000,6,372,-0.086150
2602,-32.000,周期字段（降权）,0x229,3,1,2,1,1,0.5000,6,185,-0.085800
2603,-32.000,周期字段（降权）,0x234,8,1,0,1,1,0.5000,6,1483,-0.207900
2604,-32.000,周期字段（降权）,0x234,8,3,4,1,1,0.5000,6,1483,-0.207900
2605,-32.000,周期字段（降权）,0x234,8,3,5,1,1,0.5000,6,1483,-0.207900
2606,-32.000,周期字段（降权）,0x234,8,3,7,1,1,0.5000,6,1483,-0.207900
2607,-32.000,周期字段（降权）,0x234,8,4,1,1,1,0.5000,6,1483,-0.207900
2608,-32.000,周期字段（降权）,0x234,8,4,7,1,1,0.5000,6,1483,-0.207900
2609,-32.000,周期字段（降权）,0x234,8,5,2,1,1,0.5000,6,1483,-0.207900
2610,-32.000,周期字段（降权）,0x234,8,6,2,1,1,0.5000,6,1483,-0.207900
2611,-32.000,周期字段（降权）,0x234,8,6,4,1,1,0.5000,6,1483,-0.207900
2612,-32.000,周期字段（降权）,0x234,8,6,5,1,1,0.5000,6,739,-0.207900
2613,-32.000,周期字段（降权）,0x234,8,6,6,1,1,0.5000,6,367,-0.207900
2614,-32.000,周期字段（降权）,0x234,8,6,7,1,1,0.5000,6,183,-0.008750
2615,-32.000,周期字段（降权）,0x238,8,6,4,1,1,0.5000,6,150,0.037800
2616,-32.000,周期字段（降权）,0x238,8,7,4,1,1,0.5000,6,150,0.037800
2617,-32.000,周期字段（降权）,0x23E,8,6,4,1,1,0.5000,6,1855,-0.220800
2618,-32.000,周期字段（降权）,0x23E,8,6,5,1,1,0.5000,6,927,-0.220400
2619,-32.000,周期字段（降权）,0x23E,8,6,6,1,1,0.5000,6,464,-0.181100
2620,-32.000,周期字段（降权）,0x23E,8,6,7,1,不一致,0.5100,6,232,-0.101100
2621,-32.000,周期字段（降权）,0x249,4,1,0,1,1,0.5000,6,1483,-0.236300
2622,-32.000,周期字段（降权）,0x249,4,1,1,1,1,0.5000,6,744,-0.186000
2623,-32.000,周期字段（降权）,0x249,4,1,2,1,1,0.5000,6,372,-0.085950
2624,-32.000,周期字段（降权）,0x249,4,1,3,1,1,0.5000,6,187,0.113900
2625,-32.000,周期字段（降权）,0x25B,8,6,4,1,1,0.5000,6,744,-0.187850
2626,-32.000,周期字段（降权）,0x25B,8,6,5,1,1,0.5000,6,372,-0.187850
2627,-32.000,周期字段（降权）,0x25B,8,6,6,1,1,0.5000,6,186,-0.187100
2628,-32.000,周期字段（降权）,0x25B,8,7,4,1,1,0.5000,6,744,-0.187850
2629,-32.000,周期字段（降权）,0x25B,8,7,5,1,1,0.5000,6,372,-0.187850
2630,-32.000,周期字段（降权）,0x25B,8,7,6,1,1,0.5000,6,186,0.010750
2631,-32.000,周期字段（降权）,0x261,8,0,0,1,1,0.5000,6,4635,-0.242150
2632,-32.000,周期字段（降权）,0x261,8,1,0,不一致,1,0.5144,6,1545,-0.230250
2633,-32.000,周期字段（降权）,0x261,8,1,3,不一致,1,0.5012,6,1544,-0.230250
2634,-32.000,周期字段（降权）,0x261,8,5,3,不一致,不一致,0.5016,6,1545,-0.224450
2635,-32.000,周期字段（降权）,0x261,8,6,4,1,1,0.5000,6,4635,-0.242150
2636,-32.000,周期字段（降权）,0x261,8,6,5,1,1,0.5000,6,2317,-0.241000
2637,-32.000,周期字段（降权）,0x261,8,6,6,不一致,不一致,0.5016,6,1159,-0.221700
2638,-32.000,周期字段（降权）,0x261,8,6,7,不一致,1,0.5028,6,581,-0.164050
2639,-32.000,周期字段（降权）,0x272,8,0,0,1,1,0.5000,6,738,-0.220200
2640,-32.000,周期字段（降权）,0x272,8,0,1,1,1,0.5000,6,738,-0.220200
2641,-32.000,周期字段（降权）,0x272,8,0,2,1,1,0.5000,6,738,-0.220200
2642,-32.000,周期字段（降权）,0x272,8,0,3,1,1,0.5000,6,738,-0.220200
2643,-32.000,周期字段（降权）,0x272,8,1,7,1,1,0.5000,6,738,-0.220200
2644,-32.000,周期字段（降权）,0x272,8,2,0,1,1,0.5000,6,738,-0.220200
2645,-32.000,周期字段（降权）,0x272,8,2,1,1,1,0.5000,6,738,-0.220200
2646,-32.000,周期字段（降权）,0x272,8,2,2,1,1,0.5000,6,738,-0.220200
2647,-32.000,周期字段（降权）,0x272,8,2,3,1,1,0.5000,6,738,-0.220200
2648,-32.000,周期字段（降权）,0x272,8,2,4,1,1,0.5000,6,738,-0.220200
2649,-32.000,周期字段（降权）,0x272,8,2,7,1,1,0.5000,6,738,-0.220200
2650,-32.000,周期字段（降权）,0x272,8,3,5,1,1,0.5000,6,738,-0.220200
2651,-32.000,周期字段（降权）,0x272,8,3,6,1,1,0.5000,6,738,-0.220200
2652,-32.000,周期字段（降权）,0x272,8,3,7,1,1,0.5000,6,738,-0.220200
2653,-32.000,周期字段（降权）,0x272,8,4,0,1,1,0.5000,6,738,-0.220200
2654,-32.000,周期字段（降权）,0x272,8,4,1,1,1,0.5000,6,738,-0.220200
2655,-32.000,周期字段（降权）,0x272,8,4,2,1,1,0.5000,6,738,-0.220200
2656,-32.000,周期字段（降权）,0x272,8,5,4,1,1,0.5000,6,738,-0.220200
2657,-32.000,周期字段（降权）,0x272,8,5,5,1,1,0.5000,6,738,-0.220200
2658,-32.000,周期字段（降权）,0x272,8,5,7,1,1,0.5000,6,738,-0.220200
2659,-32.000,周期字段（降权）,0x272,8,6,0,1,1,0.5000,6,738,-0.220200
2660,-32.000,周期字段（降权）,0x272,8,6,1,1,1,0.5000,6,738,-0.220200
2661,-32.000,周期字段（降权）,0x272,8,6,2,1,1,0.5000,6,738,-0.220200
2662,-32.000,周期字段（降权）,0x272,8,7,3,1,1,0.5000,6,738,-0.220200
2663,-32.000,周期字段（降权）,0x284,8,6,4,1,1,0.5000,6,150,0.087850
2664,-32.000,周期字段（降权）,0x284,8,7,4,1,1,0.5000,6,150,0.087850
2665,-32.000,周期字段（降权）,0x288,8,6,4,1,1,0.5000,6,744,-0.172800
2666,-32.000,周期字段（降权）,0x288,8,6,5,1,1,0.5000,6,372,-0.072800
2667,-32.000,周期字段（降权）,0x288,8,6,6,1,1,0.5000,6,185,-0.071250
2668,-32.000,周期字段（降权）,0x288,8,7,4,1,1,0.5000,6,744,-0.172800
2669,-32.000,周期字段（降权）,0x288,8,7,5,1,1,0.5000,6,372,-0.172800
2670,-32.000,周期字段（降权）,0x288,8,7,6,1,1,0.5000,6,186,-0.171250
2671,-32.000,周期字段（降权）,0x289,8,3,6,1,1,0.5013,6,742,-0.199450
2672,-32.000,周期字段（降权）,0x289,8,4,2,1,1,0.5013,6,742,-0.199450
2673,-32.000,周期字段（降权）,0x293,8,6,4,1,1,0.5000,6,150,0.237950
2674,-32.000,周期字段（降权）,0x293,8,7,4,1,1,0.5000,6,150,0.237950
2675,-32.000,周期字段（降权）,0x2A8,8,6,4,1,1,0.5000,6,744,-0.160700
2676,-32.000,周期字段（降权）,0x2A8,8,6,5,1,1,0.5000,6,372,-0.160700
2677,-32.000,周期字段（降权）,0x2A8,8,6,6,1,1,0.5000,6,186,0.037800
2678,-32.000,周期字段（降权）,0x2A8,8,7,4,1,1,0.5000,6,744,-0.160700
2679,-32.000,周期字段（降权）,0x2A8,8,7,5,1,1,0.5000,6,372,-0.160700
2680,-32.000,周期字段（降权）,0x2A8,8,7,6,1,1,0.5000,6,186,0.037800
2681,-32.000,周期字段（降权）,0x2AA,3,1,4,1,1,0.5000,6,744,-0.184750
2682,-32.000,周期字段（降权）,0x2AA,3,1,5,1,1,0.5000,6,372,-0.184750
2683,-32.000,周期字段（降权）,0x2AA,3,1,6,1,1,0.5000,6,186,0.014100
2684,-32.000,周期字段（降权）,0x2AA,3,2,4,1,1,0.5000,6,744,-0.184750
2685,-32.000,周期字段（降权）,0x2AA,3,2,5,1,1,0.5000,6,372,-0.084850
2686,-32.000,周期字段（降权）,0x2AA,3,2,6,1,1,0.5000,6,185,-0.083300
2687,-32.000,周期字段（降权）,0x2B3,8,0,2,0,0,0.5270,6,289,-0.091700
2688,-32.000,周期字段（降权）,0x2B3,8,0,3,0,0,0.5270,6,145,0.087200
2689,-32.000,周期字段（降权）,0x2C2,8,0,0,1,1,0.5000,6,744,-0.171400
2690,-32.000,周期字段（降权）,0x2C2,8,0,2,1,1,0.5000,6,744,-0.171400
2691,-32.000,周期字段（降权）,0x2C2,8,0,4,1,1,0.5000,6,744,-0.171400
2692,-32.000,周期字段（降权）,0x2C2,8,0,5,1,1,0.5000,6,744,-0.171400
2693,-32.000,周期字段（降权）,0x2C2,8,0,6,1,1,0.5000,6,744,-0.171400
2694,-32.000,周期字段（降权）,0x2C2,8,1,0,1,1,0.5000,6,744,-0.171400
2695,-32.000,周期字段（降权）,0x2C2,8,1,1,1,1,0.5000,6,744,-0.171400
2696,-32.000,周期字段（降权）,0x2C2,8,1,3,1,1,0.5000,6,744,-0.171400
2697,-32.000,周期字段（降权）,0x2C2,8,1,4,1,1,0.5000,6,744,-0.171400
2698,-32.000,周期字段（降权）,0x2C2,8,2,0,1,1,0.5000,6,744,-0.171400
2699,-32.000,周期字段（降权）,0x2C2,8,2,3,1,1,0.5000,6,744,-0.171400
2700,-32.000,周期字段（降权）,0x2C2,8,2,5,1,1,0.5000,6,744,-0.171400
2701,-32.000,周期字段（降权）,0x2C2,8,2,6,1,1,0.5000,6,744,-0.171400
2702,-32.000,周期字段（降权）,0x2C2,8,3,0,1,1,0.5000,6,744,-0.171400
2703,-32.000,周期字段（降权）,0x2C2,8,3,2,1,1,0.5000,6,744,-0.171400
2704,-32.000,周期字段（降权）,0x2C2,8,3,3,1,1,0.5000,6,744,-0.171400
2705,-32.000,周期字段（降权）,0x2C2,8,3,6,1,1,0.5000,6,744,-0.171400
2706,-32.000,周期字段（降权）,0x2C2,8,4,0,1,1,0.5000,6,744,-0.171400
2707,-32.000,周期字段（降权）,0x2C2,8,6,1,1,1,0.5000,6,744,-0.171400
2708,-32.000,周期字段（降权）,0x2C2,8,6,4,1,1,0.5000,6,744,-0.171400
2709,-32.000,周期字段（降权）,0x2C2,8,6,7,1,1,0.5000,6,744,-0.171400
2710,-32.000,周期字段（降权）,0x2C2,8,7,1,1,1,0.5000,6,744,-0.171400
2711,-32.000,周期字段（降权）,0x2C2,8,7,2,1,1,0.5000,6,744,-0.171400
2712,-32.000,周期字段（降权）,0x2C2,8,7,3,1,1,0.5000,6,744,-0.171400
2713,-32.000,周期字段（降权）,0x2C2,8,7,5,1,1,0.5000,6,744,-0.171400
2714,-32.000,周期字段（降权）,0x2C2,8,7,6,1,1,0.5000,6,744,-0.171400
2715,-32.000,周期字段（降权）,0x2C3,8,0,0,1,1,0.5000,6,746,-0.172400
2716,-32.000,周期字段（降权）,0x2C3,8,0,6,1,1,0.5000,6,746,-0.172400
2717,-32.000,周期字段（降权）,0x2C3,8,1,0,1,1,0.5000,6,746,-0.172400
2718,-32.000,周期字段（降权）,0x2C3,8,4,0,1,1,0.5000,6,746,-0.172400
2719,-32.000,周期字段（降权）,0x2C3,8,6,4,1,1,0.5000,6,746,-0.172400
2720,-32.000,周期字段（降权）,0x2C3,8,6,7,1,1,0.5000,6,746,-0.172400
2721,-32.000,周期字段（降权）,0x2C3,8,7,1,1,1,0.5000,6,746,-0.172400
2722,-32.000,周期字段（降权）,0x2C3,8,7,2,1,1,0.5000,6,746,-0.172400
2723,-32.000,周期字段（降权）,0x2C3,8,7,3,1,1,0.5000,6,746,-0.172400
2724,-32.000,周期字段（降权）,0x2C3,8,7,5,1,1,0.5000,6,746,-0.172400
2725,-32.000,周期字段（降权）,0x2C3,8,7,6,1,1,0.5000,6,746,-0.172400
2726,-32.000,周期字段（降权）,0x2C4,8,0,1,0,0,0.5225,6,351,-0.245000
2727,-32.000,周期字段（降权）,0x2E1,8,0,0,1,1,0.5002,6,4636,-0.241250
2728,-32.000,周期字段（降权）,0x2E1,8,1,3,不一致,1,0.5010,6,1545,-0.238250
2729,-32.000,周期字段（降权）,0x2E1,8,1,5,不一致,不一致,0.5010,6,1546,-0.216650
2730,-32.000,周期字段（降权）,0x2E1,8,2,2,1,1,0.5238,6,1546,-0.216650
2731,-32.000,周期字段（降权）,0x2E1,8,2,6,不一致,1,0.5010,6,1545,-0.238250
2732,-32.000,周期字段（降权）,0x2E1,8,4,1,不一致,不一致,0.5018,6,1545,-0.222200
2733,-32.000,周期字段（降权）,0x2E1,8,4,2,不一致,1,0.5010,6,1545,-0.238250
2734,-32.000,周期字段（降权）,0x2E2,8,0,2,0,0,0.5600,6,107,0.138250
2735,-32.000,周期字段（降权）,0x2E2,8,7,7,0,0,0.5600,6,106,0.238150
2736,-32.000,周期字段（降权）,0x2E3,7,0,2,不一致,不一致,0.5100,6,122,0.036050
2737,-32.000,周期字段（降权）,0x2E8,8,6,4,1,1,0.5000,6,738,-0.214050
2738,-32.000,周期字段（降权）,0x2E8,8,6,5,1,1,0.5000,6,371,-0.114200
2739,-32.000,周期字段（降权）,0x2E8,8,6,6,1,1,0.5000,6,186,0.084450
2740,-32.000,周期字段（降权）,0x2E8,8,7,4,1,1,0.5000,6,738,-0.214050
2741,-32.000,周期字段（降权）,0x2E8,8,7,5,1,1,0.5000,6,371,-0.114200
2742,-32.000,周期字段（降权）,0x2E8,8,7,6,1,1,0.5000,6,186,0.084450
2743,-32.000,周期字段（降权）,0x2EC,3,1,4,1,1,0.5000,6,738,-0.238400
2744,-32.000,周期字段（降权）,0x2EC,3,1,5,1,1,0.5000,6,371,-0.138400
2745,-32.000,周期字段（降权）,0x2EC,3,1,6,1,1,0.5000,6,186,0.060350
2746,-32.000,周期字段（降权）,0x2EC,3,2,4,1,1,0.5000,6,738,-0.238400
2747,-32.000,周期字段（降权）,0x2EC,3,2,5,1,1,0.5000,6,367,-0.238400
2748,-32.000,周期字段（降权）,0x2EC,3,2,6,1,1,0.5000,6,183,-0.039650
2749,-32.000,周期字段（降权）,0x2F9,8,3,3,1,1,0.5000,6,744,-0.164700
2750,-32.000,周期字段（降权）,0x312,8,0,0,1,1,0.5000,6,145,-0.097700
2751,-32.000,周期字段（降权）,0x312,8,0,6,1,1,0.5000,6,145,-0.097700
2752,-32.000,周期字段（降权）,0x312,8,1,1,1,1,0.5000,6,145,-0.097700
2753,-32.000,周期字段（降权）,0x312,8,1,2,1,1,0.5000,6,145,-0.097700
2754,-32.000,周期字段（降权）,0x312,8,1,5,1,1,0.5000,6,145,-0.097700
2755,-32.000,周期字段（降权）,0x312,8,1,6,1,1,0.5000,6,145,-0.097700
2756,-32.000,周期字段（降权）,0x312,8,2,0,1,1,0.5000,6,145,-0.097700
2757,-32.000,周期字段（降权）,0x312,8,2,5,1,1,0.5000,6,145,-0.097700
2758,-32.000,周期字段（降权）,0x312,8,2,7,1,1,0.5000,6,145,-0.097700
2759,-32.000,周期字段（降权）,0x312,8,3,4,1,1,0.5000,6,145,-0.097700
2760,-32.000,周期字段（降权）,0x312,8,4,0,1,1,0.5000,6,145,-0.097700
2761,-32.000,周期字段（降权）,0x312,8,4,1,1,1,0.5000,6,145,-0.097700
2762,-32.000,周期字段（降权）,0x312,8,4,2,1,1,0.5000,6,145,-0.097700
2763,-32.000,周期字段（降权）,0x312,8,4,3,1,1,0.5000,6,145,-0.097700
2764,-32.000,周期字段（降权）,0x312,8,4,6,1,1,0.5000,6,145,-0.097700
2765,-32.000,周期字段（降权）,0x312,8,5,2,1,1,0.5000,6,145,-0.097700
2766,-32.000,周期字段（降权）,0x312,8,5,5,1,1,0.5000,6,145,-0.097700
2767,-32.000,周期字段（降权）,0x312,8,6,0,1,1,0.5000,6,145,-0.097700
2768,-32.000,周期字段（降权）,0x312,8,6,2,1,1,0.5000,6,145,-0.097700
2769,-32.000,周期字段（降权）,0x312,8,6,4,1,1,0.5000,6,145,-0.097700
2770,-32.000,周期字段（降权）,0x312,8,7,2,1,1,0.5000,6,145,-0.097700
2771,-32.000,周期字段（降权）,0x312,8,7,4,1,1,0.5000,6,145,-0.097700
2772,-32.000,周期字段（降权）,0x313,8,6,4,1,1,0.5000,6,150,0.189600
2773,-32.000,周期字段（降权）,0x313,8,7,4,1,1,0.5000,6,150,0.189600
2774,-32.000,周期字段（降权）,0x318,8,6,1,1,1,0.5000,6,738,-0.228150
2775,-32.000,周期字段（降权）,0x318,8,6,2,1,1,0.5000,6,367,-0.228150
2776,-32.000,周期字段（降权）,0x318,8,6,3,1,1,0.5000,6,183,-0.029450
2777,-32.000,周期字段（降权）,0x318,8,7,3,不一致,不一致,0.5125,6,195,-0.027000
2778,-32.000,周期字段（降权）,0x31A,8,6,4,1,1,0.5000,6,371,-0.130550
2779,-32.000,周期字段（降权）,0x31A,8,6,5,1,1,0.5000,6,186,0.068200
2780,-32.000,周期字段（降权）,0x31A,8,7,4,1,1,0.5000,6,371,-0.130550
2781,-32.000,周期字段（降权）,0x31A,8,7,5,1,1,0.5000,6,185,-0.129400
2782,-32.000,周期字段（降权）,0x334,8,6,4,1,1,0.5000,6,145,-0.110100
2783,-32.000,周期字段（降权）,0x334,8,7,4,1,1,0.5000,6,145,-0.110100
2784,-32.000,周期字段（降权）,0x340,8,0,0,1,1,0.5000,6,738,-0.213500
2785,-32.000,周期字段（降权）,0x340,8,0,1,1,1,0.5000,6,367,-0.213500
2786,-32.000,周期字段（降权）,0x34A,8,0,0,1,1,0.5000,6,145,-0.170500
2787,-32.000,周期字段（降权）,0x372,8,0,1,0,0,0.5333,6,593,-0.234850
2788,-32.000,周期字段（降权）,0x372,8,0,2,0,0,0.5333,6,296,-0.234850
2789,-32.000,周期字段（降权）,0x372,8,0,3,0,0,0.5333,6,146,-0.234850
2790,-32.000,周期字段（降权）,0x379,8,0,0,1,1,0.5000,6,738,-0.213350
2791,-32.000,周期字段（降权）,0x379,8,0,1,1,1,0.5000,6,371,-0.112900
2792,-32.000,周期字段（降权）,0x37A,8,0,0,1,不一致,0.5013,6,742,-0.199700
2793,-32.000,周期字段（降权）,0x37A,8,0,1,1,1,0.5013,6,371,-0.099700
2794,-32.000,周期字段（降权）,0x381,8,0,1,0,0,0.5176,6,1070,-0.205350
2795,-32.000,周期字段（降权）,0x392,8,0,0,1,1,0.5000,6,145,-0.097100
2796,-32.000,周期字段（降权）,0x392,8,1,2,1,1,0.5000,6,145,-0.097100
2797,-32.000,周期字段（降权）,0x392,8,1,3,1,1,0.5000,6,145,-0.097100
2798,-32.000,周期字段（降权）,0x392,8,2,0,1,1,0.5000,6,145,-0.097100
2799,-32.000,周期字段（降权）,0x392,8,2,3,1,1,0.5000,6,145,-0.097100
2800,-32.000,周期字段（降权）,0x392,8,2,5,1,1,0.5000,6,145,-0.097100
2801,-32.000,周期字段（降权）,0x392,8,2,7,1,1,0.5000,6,145,-0.097100
2802,-32.000,周期字段（降权）,0x392,8,3,0,1,1,0.5000,6,145,-0.097100
2803,-32.000,周期字段（降权）,0x392,8,3,1,1,1,0.5000,6,145,-0.097100
2804,-32.000,周期字段（降权）,0x392,8,3,2,1,1,0.5000,6,145,-0.097100
2805,-32.000,周期字段（降权）,0x392,8,3,5,1,1,0.5000,6,145,-0.097100
2806,-32.000,周期字段（降权）,0x392,8,3,6,1,1,0.5000,6,145,-0.097100
2807,-32.000,周期字段（降权）,0x392,8,4,4,1,1,0.5000,6,145,-0.097100
2808,-32.000,周期字段（降权）,0x392,8,5,0,1,1,0.5000,6,145,-0.097100
2809,-32.000,周期字段（降权）,0x392,8,5,1,1,1,0.5000,6,145,-0.097100
2810,-32.000,周期字段（降权）,0x392,8,5,2,1,1,0.5000,6,145,-0.097100
2811,-32.000,周期字段（降权）,0x392,8,5,5,1,1,0.5000,6,145,-0.097100
2812,-32.000,周期字段（降权）,0x392,8,6,1,1,1,0.5000,6,145,-0.097100
2813,-32.000,周期字段（降权）,0x393,8,0,0,1,1,0.5000,6,738,-0.220300
2814,-32.000,周期字段（降权）,0x393,8,0,1,1,1,0.5000,6,738,-0.220300
2815,-32.000,周期字段（降权）,0x393,8,0,2,1,1,0.5000,6,738,-0.220300
2816,-32.000,周期字段（降权）,0x393,8,0,3,1,1,0.5000,6,738,-0.220300
2817,-32.000,周期字段（降权）,0x393,8,1,7,1,1,0.5000,6,738,-0.220300
2818,-32.000,周期字段（降权）,0x393,8,2,3,1,1,0.5000,6,738,-0.220300
2819,-32.000,周期字段（降权）,0x393,8,2,4,1,1,0.5000,6,738,-0.220300
2820,-32.000,周期字段（降权）,0x393,8,2,7,1,1,0.5000,6,738,-0.220300
2821,-32.000,周期字段（降权）,0x393,8,3,6,1,1,0.5000,6,738,-0.220300
2822,-32.000,周期字段（降权）,0x393,8,3,7,1,1,0.5000,6,738,-0.220300
2823,-32.000,周期字段（降权）,0x393,8,4,0,1,1,0.5000,6,738,-0.220300
2824,-32.000,周期字段（降权）,0x393,8,4,1,1,1,0.5000,6,738,-0.220300
2825,-32.000,周期字段（降权）,0x393,8,4,2,1,1,0.5000,6,738,-0.220300
2826,-32.000,周期字段（降权）,0x393,8,5,4,1,1,0.5000,6,738,-0.220300
2827,-32.000,周期字段（降权）,0x393,8,5,5,1,1,0.5000,6,738,-0.220300
2828,-32.000,周期字段（降权）,0x393,8,5,7,1,1,0.5000,6,738,-0.220300
2829,-32.000,周期字段（降权）,0x393,8,6,0,1,1,0.5000,6,738,-0.220300
2830,-32.000,周期字段（降权）,0x393,8,6,1,1,1,0.5000,6,738,-0.220300
2831,-32.000,周期字段（降权）,0x393,8,6,2,1,1,0.5000,6,738,-0.220300
2832,-32.000,周期字段（降权）,0x393,8,7,3,1,1,0.5000,6,738,-0.220300
2833,-32.000,周期字段（降权）,0x39A,8,0,0,1,1,0.5000,6,744,-0.178500
2834,-32.000,周期字段（降权）,0x39A,8,0,7,1,1,0.5000,6,744,-0.178500
2835,-32.000,周期字段（降权）,0x39A,8,1,1,1,1,0.5000,6,744,-0.178500
2836,-32.000,周期字段（降权）,0x39A,8,4,6,1,1,0.5000,6,742,-0.178500
2837,-32.000,周期字段（降权）,0x39A,8,4,7,1,1,0.5000,6,742,-0.178500
2838,-32.000,周期字段（降权）,0x39A,8,5,1,1,1,0.5000,6,744,-0.178500
2839,-32.000,周期字段（降权）,0x39A,8,6,0,1,1,0.5000,6,744,-0.178500
2840,-32.000,周期字段（降权）,0x39A,8,6,1,1,1,0.5000,6,744,-0.178500
2841,-32.000,周期字段（降权）,0x39A,8,6,5,1,1,0.5000,6,744,-0.178500
2842,-32.000,周期字段（降权）,0x39A,8,6,6,1,1,0.5000,6,744,-0.178500
2843,-32.000,周期字段（降权）,0x39A,8,6,7,1,1,0.5000,6,744,-0.178500
2844,-32.000,周期字段（降权）,0x39A,8,7,1,1,1,0.5000,6,744,-0.178500
2845,-32.000,周期字段（降权）,0x39A,8,7,3,1,1,0.5000,6,744,-0.178500
2846,-32.000,周期字段（降权）,0x39A,8,7,4,1,1,0.5000,6,744,-0.178500
2847,-32.000,周期字段（降权）,0x39B,8,6,4,1,1,0.5000,6,150,0.144700
2848,-32.000,周期字段（降权）,0x39B,8,7,4,1,1,0.5000,6,150,0.144700
2849,-32.000,周期字段（降权）,0x39D,5,0,0,1,1,0.5000,6,1856,-0.224900
2850,-32.000,周期字段（降权）,0x39D,5,0,1,1,1,0.5000,6,928,-0.224050
2851,-32.000,周期字段（降权）,0x39D,5,0,2,1,1,0.5000,6,464,-0.145100
2852,-32.000,周期字段（降权）,0x39D,5,0,3,不一致,1,0.5080,6,233,-0.085150
2853,-32.000,周期字段（降权）,0x39D,5,0,4,不一致,1,0.5080,6,233,-0.085150
2854,-32.000,周期字段（降权）,0x39D,5,0,5,1,0,0.5080,6,233,-0.085150
2855,-32.000,周期字段（降权）,0x39D,5,1,0,1,1,0.5000,6,1856,-0.224900
2856,-32.000,周期字段（降权）,0x39D,5,1,1,1,1,0.5000,6,928,-0.224050
2857,-32.000,周期字段（降权）,0x39D,5,1,2,1,1,0.5000,6,464,-0.145100
2858,-32.000,周期字段（降权）,0x39D,5,1,3,1,0,0.5080,6,233,-0.085150
2859,-32.000,周期字段（降权）,0x3A1,8,0,0,1,1,0.5000,6,1483,-0.225200
2860,-32.000,周期字段（降权）,0x3A1,8,0,1,1,1,0.5000,6,1483,-0.225200
2861,-32.000,周期字段（降权）,0x3A1,8,0,6,1,1,0.5000,6,1483,-0.225200
2862,-32.000,周期字段（降权）,0x3A1,8,1,1,1,1,0.5000,6,1483,-0.225200
2863,-32.000,周期字段（降权）,0x3A1,8,1,4,1,1,0.5000,6,1483,-0.225200
2864,-32.000,周期字段（降权）,0x3A1,8,1,6,1,1,0.5000,6,1483,-0.225200
2865,-32.000,周期字段（降权）,0x3A1,8,1,7,1,1,0.5000,6,1483,-0.225200
2866,-32.000,周期字段（降权）,0x3A1,8,2,1,1,1,0.5000,6,1483,-0.225200
2867,-32.000,周期字段（降权）,0x3A1,8,2,2,1,1,0.5000,6,1483,-0.225200
2868,-32.000,周期字段（降权）,0x3A1,8,2,3,1,1,0.5000,6,1483,-0.225200
2869,-32.000,周期字段（降权）,0x3A1,8,2,6,1,1,0.5000,6,1483,-0.225200
2870,-32.000,周期字段（降权）,0x3A1,8,3,0,1,1,0.5000,6,1483,-0.225200
2871,-32.000,周期字段（降权）,0x3A1,8,4,3,1,1,0.5000,6,1483,-0.225200
2872,-32.000,周期字段（降权）,0x3A1,8,4,4,1,1,0.5000,6,1483,-0.225200
2873,-32.000,周期字段（降权）,0x3A1,8,4,5,1,1,0.5000,6,1483,-0.225200
2874,-32.000,周期字段（降权）,0x3A1,8,5,2,1,不一致,0.5012,6,1477,-0.225200
2875,-32.000,周期字段（降权）,0x3A1,8,5,3,1,1,0.5000,6,1483,-0.225200
2876,-32.000,周期字段（降权）,0x3A1,8,5,5,1,1,0.5000,6,1483,-0.225200
2877,-32.000,周期字段（降权）,0x3A1,8,6,1,1,1,0.5000,6,1483,-0.225200
2878,-32.000,周期字段（降权）,0x3A1,8,6,4,1,1,0.5000,6,1483,-0.225200
2879,-32.000,周期字段（降权）,0x3A1,8,6,5,1,1,0.5000,6,739,-0.225200
2880,-32.000,周期字段（降权）,0x3A1,8,6,6,1,1,0.5000,6,367,-0.225200
2881,-32.000,周期字段（降权）,0x3A1,8,6,7,1,1,0.5000,6,183,-0.026450
2882,-32.000,周期字段（降权）,0x3AA,8,0,0,1,1,0.5000,6,145,-0.229450
2883,-32.000,周期字段（降权）,0x3AE,8,6,0,不一致,不一致,0.5052,6,245,-0.084400
2884,-32.000,周期字段（降权）,0x3AE,8,6,5,1,1,0.5005,6,981,-0.200950
2885,-32.000,周期字段（降权）,0x3AE,8,6,6,1,不一致,0.5043,6,491,-0.171500
2886,-32.000,周期字段（降权）,0x3AE,8,6,7,1,1,0.5071,6,246,-0.055250
2887,-32.000,周期字段（降权）,0x3AE,8,7,0,不一致,1,0.5052,6,245,-0.084400
2888,-32.000,周期字段（降权）,0x3AE,8,7,1,不一致,不一致,0.5052,6,245,-0.084400
2889,-32.000,周期字段（降权）,0x3AE,8,7,5,1,1,0.5005,6,981,-0.200950
2890,-32.000,周期字段（降权）,0x3AE,8,7,6,不一致,不一致,0.5043,6,491,-0.171500
2891,-32.000,周期字段（降权）,0x3AE,8,7,7,不一致,不一致,0.5061,6,245,-0.105800
2892,-32.000,周期字段（降权）,0x3C2,8,0,0,1,1,0.5000,6,1483,-0.211550
2893,-32.000,周期字段（降权）,0x3C2,8,0,3,1,1,0.5000,6,1483,-0.211550
2894,-32.000,周期字段（降权）,0x3C2,8,0,5,1,1,0.5000,6,1483,-0.211550
2895,-32.000,周期字段（降权）,0x3C2,8,2,0,1,1,0.5000,6,1483,-0.211550
2896,-32.000,周期字段（降权）,0x3C2,8,2,2,1,1,0.5000,6,1483,-0.211550
2897,-32.000,周期字段（降权）,0x3C2,8,2,4,1,1,0.5000,6,1483,-0.211550
2898,-32.000,周期字段（降权）,0x3C2,8,2,6,1,1,0.5000,6,1483,-0.211550
2899,-32.000,周期字段（降权）,0x3C2,8,3,0,1,1,0.5000,6,1483,-0.211550
2900,-32.000,周期字段（降权）,0x3C2,8,3,2,1,1,0.5000,6,1483,-0.211550
2901,-32.000,周期字段（降权）,0x3C2,8,3,4,1,1,0.5000,6,1483,-0.211550
2902,-32.000,周期字段（降权）,0x3C2,8,3,6,1,1,0.5000,6,1483,-0.211550
2903,-32.000,周期字段（降权）,0x3C2,8,6,0,1,1,0.5000,6,1483,-0.211550
2904,-32.000,周期字段（降权）,0x3C2,8,6,2,1,1,0.5000,6,1483,-0.211550
2905,-32.000,周期字段（降权）,0x3C2,8,6,4,1,1,0.5000,6,1483,-0.211550
2906,-32.000,周期字段（降权）,0x3C2,8,6,6,1,1,0.5000,6,1483,-0.211550
2907,-32.000,周期字段（降权）,0x3C2,8,7,0,1,1,0.5000,6,1483,-0.211550
2908,-32.000,周期字段（降权）,0x3C2,8,7,2,1,1,0.5000,6,1483,-0.211550
2909,-32.000,周期字段（降权）,0x3C3,8,0,0,1,1,0.5000,6,744,-0.195150
2910,-32.000,周期字段（降权）,0x3C3,8,0,2,1,1,0.5000,6,744,-0.195150
2911,-32.000,周期字段（降权）,0x3C3,8,0,4,1,1,0.5000,6,744,-0.195150
2912,-32.000,周期字段（降权）,0x3C3,8,0,6,1,1,0.5000,6,744,-0.195150
2913,-32.000,周期字段（降权）,0x3C3,8,1,0,1,1,0.5000,6,744,-0.195150
2914,-32.000,周期字段（降权）,0x3C3,8,1,2,1,1,0.5000,6,744,-0.195150
2915,-32.000,周期字段（降权）,0x3C3,8,1,4,1,1,0.5000,6,744,-0.195150
2916,-32.000,周期字段（降权）,0x3C3,8,1,6,1,1,0.5000,6,744,-0.195150
2917,-32.000,周期字段（降权）,0x3C3,8,2,0,1,1,0.5000,6,744,-0.195150
2918,-32.000,周期字段（降权）,0x3C3,8,2,2,1,1,0.5000,6,744,-0.195150
2919,-32.000,周期字段（降权）,0x3C3,8,2,4,1,1,0.5000,6,744,-0.195150
2920,-32.000,周期字段（降权）,0x3C3,8,2,6,1,1,0.5000,6,744,-0.195150
2921,-32.000,周期字段（降权）,0x3C3,8,3,0,1,1,0.5000,6,744,-0.195150
2922,-32.000,周期字段（降权）,0x3C3,8,5,0,1,1,0.5000,6,744,-0.195150
2923,-32.000,周期字段（降权）,0x3C3,8,5,3,1,1,0.5000,6,744,-0.195150
2924,-32.000,周期字段（降权）,0x3C3,8,5,6,1,1,0.5000,6,744,-0.195150
2925,-32.000,周期字段（降权）,0x3C3,8,5,7,1,1,0.5000,6,744,-0.195150
2926,-32.000,周期字段（降权）,0x3C3,8,6,0,1,1,0.5000,6,744,-0.195150
2927,-32.000,周期字段（降权）,0x3C3,8,6,1,1,1,0.5000,6,744,-0.195150
2928,-32.000,周期字段（降权）,0x3C3,8,6,7,1,1,0.5000,6,744,-0.195150
2929,-32.000,周期字段（降权）,0x3C8,8,0,2,0,0,0.5700,6,214,-0.089800
2930,-32.000,周期字段（降权）,0x3CC,8,2,6,1,1,0.5000,6,145,-0.050000
2931,-32.000,周期字段（降权）,0x3E8,8,0,2,0,0,0.5700,6,213,-0.043550
2932,-32.000,周期字段（降权）,0x3E9,8,6,4,1,1,0.5000,6,149,0.139800
2933,-32.000,周期字段（降权）,0x3E9,8,7,4,1,1,0.5000,6,149,0.139800
2934,-32.000,周期字段（降权）,0x3F9,8,0,2,0,0,0.5550,6,166,0.041750
2935,-32.000,周期字段（降权）,0x407,8,0,0,1,1,0.5000,6,150,0.082600
2936,-32.000,周期字段（降权）,0x407,8,1,0,1,1,0.5000,6,150,0.082600
2937,-32.000,周期字段（降权）,0x40A,8,6,4,1,1,0.5000,6,371,-0.110950
2938,-32.000,周期字段（降权）,0x40A,8,6,5,1,1,0.5000,6,186,0.087650
2939,-32.000,周期字段（降权）,0x40A,8,7,4,1,1,0.5000,6,371,-0.110950
2940,-32.000,周期字段（降权）,0x40A,8,7,5,1,1,0.5000,6,186,0.087650
2941,-32.000,周期字段（降权）,0x420,8,6,7,1,1,0.5000,6,738,-0.205150
2942,-32.000,周期字段（降权）,0x420,8,7,0,1,1,0.5000,6,371,-0.105050
2943,-32.000,周期字段（降权）,0x420,8,7,1,1,1,0.5000,6,186,0.094200
2944,-32.000,周期字段（降权）,0x43B,8,0,0,1,1,0.5000,6,296,-0.170500
2945,-32.000,周期字段（降权）,0x43B,8,0,1,1,1,0.5000,6,146,-0.170500
2946,-32.000,周期字段（降权）,0x441,8,0,6,1,1,0.5000,6,1483,-0.209050
2947,-32.000,周期字段（降权）,0x441,8,1,0,1,1,0.5000,6,1483,-0.209050
2948,-32.000,周期字段（降权）,0x441,8,1,2,1,1,0.5000,6,1483,-0.209050
2949,-32.000,周期字段（降权）,0x441,8,1,7,1,1,0.5000,6,1483,-0.209050
2950,-32.000,周期字段（降权）,0x441,8,2,0,1,1,0.5000,6,1483,-0.209050
2951,-32.000,周期字段（降权）,0x441,8,2,1,1,1,0.5000,6,1483,-0.209050
2952,-32.000,周期字段（降权）,0x441,8,2,2,1,1,0.5000,6,1483,-0.209050
2953,-32.000,周期字段（降权）,0x441,8,2,3,1,1,0.5000,6,1483,-0.209050
2954,-32.000,周期字段（降权）,0x441,8,2,4,1,1,0.5000,6,1483,-0.209050
2955,-32.000,周期字段（降权）,0x441,8,2,5,1,1,0.5000,6,1483,-0.209050
2956,-32.000,周期字段（降权）,0x441,8,3,0,1,1,0.5000,6,1483,-0.209050
2957,-32.000,周期字段（降权）,0x441,8,3,1,1,1,0.5000,6,1483,-0.209050
2958,-32.000,周期字段（降权）,0x441,8,3,6,1,1,0.5000,6,1483,-0.209050
2959,-32.000,周期字段（降权）,0x441,8,3,7,1,1,0.5000,6,1483,-0.209050
2960,-32.000,周期字段（降权）,0x441,8,4,1,1,1,0.5000,6,1483,-0.209050
2961,-32.000,周期字段（降权）,0x441,8,4,3,1,1,0.5000,6,1483,-0.209050
2962,-32.000,周期字段（降权）,0x441,8,4,5,1,1,0.5000,6,1483,-0.209050
2963,-32.000,周期字段（降权）,0x441,8,4,6,1,1,0.5000,6,1483,-0.209050
2964,-32.000,周期字段（降权）,0x441,8,6,0,1,1,0.5000,6,1483,-0.209050
2965,-32.000,周期字段（降权）,0x441,8,6,2,1,1,0.5000,6,1483,-0.209050
2966,-32.000,周期字段（降权）,0x441,8,6,3,1,1,0.5000,6,739,-0.209050
2967,-32.000,周期字段（降权）,0x441,8,6,4,1,1,0.5000,6,367,-0.209050
2968,-32.000,周期字段（降权）,0x441,8,6,5,1,1,0.5000,6,183,-0.010450
2969,-32.000,周期字段（降权）,0x441,8,7,3,1,1,0.5000,6,744,-0.159650
2970,-32.000,周期字段（降权）,0x443,6,0,0,1,1,0.5000,6,150,0.143550
2971,-32.000,周期字段（降权）,0x443,6,1,0,1,1,0.5000,6,150,0.143550
2972,-32.000,周期字段（降权）,0x45A,8,0,0,1,1,0.5000,6,1483,-0.209850
2973,-32.000,周期字段（降权）,0x45A,8,0,2,1,1,0.5000,6,1483,-0.209850
2974,-32.000,周期字段（降权）,0x45A,8,0,3,1,1,0.5000,6,1483,-0.209850
2975,-32.000,周期字段（降权）,0x45A,8,0,4,1,1,0.5000,6,1483,-0.209850
2976,-32.000,周期字段（降权）,0x45A,8,0,6,1,1,0.5000,6,1483,-0.209850
2977,-32.000,周期字段（降权）,0x45A,8,0,7,1,1,0.5000,6,1483,-0.209850
2978,-32.000,周期字段（降权）,0x45A,8,1,0,1,1,0.5000,6,1483,-0.209850
2979,-32.000,周期字段（降权）,0x45A,8,1,6,1,1,0.5000,6,1483,-0.209850
2980,-32.000,周期字段（降权）,0x45A,8,2,1,1,1,0.5000,6,1483,-0.209850
2981,-32.000,周期字段（降权）,0x45A,8,2,2,1,1,0.5000,6,1483,-0.209850
2982,-32.000,周期字段（降权）,0x45A,8,2,3,1,1,0.5000,6,1483,-0.209850
2983,-32.000,周期字段（降权）,0x45A,8,2,4,1,1,0.5000,6,1483,-0.209850
2984,-32.000,周期字段（降权）,0x45A,8,2,5,1,1,0.5000,6,1483,-0.209850
2985,-32.000,周期字段（降权）,0x45A,8,2,7,1,1,0.5000,6,1483,-0.209850
2986,-32.000,周期字段（降权）,0x45A,8,3,0,1,1,0.5000,6,1483,-0.209850
2987,-32.000,周期字段（降权）,0x45A,8,3,3,1,1,0.5000,6,1483,-0.209850
2988,-32.000,周期字段（降权）,0x45A,8,3,4,1,1,0.5000,6,1483,-0.209850
2989,-32.000,周期字段（降权）,0x45A,8,3,5,1,1,0.5000,6,1483,-0.209850
2990,-32.000,周期字段（降权）,0x45A,8,4,2,1,1,0.5000,6,1483,-0.209850
2991,-32.000,周期字段（降权）,0x45A,8,4,3,1,1,0.5000,6,1483,-0.209850
2992,-32.000,周期字段（降权）,0x45A,8,4,4,1,1,0.5000,6,1483,-0.209850
2993,-32.000,周期字段（降权）,0x45A,8,4,5,1,1,0.5000,6,1483,-0.209850
2994,-32.000,周期字段（降权）,0x45A,8,5,3,1,1,0.5000,6,1483,-0.209850
2995,-32.000,周期字段（降权）,0x45A,8,5,4,1,1,0.5000,6,1483,-0.209850
2996,-32.000,周期字段（降权）,0x45A,8,5,6,1,1,0.5000,6,1483,-0.209850
2997,-32.000,周期字段（降权）,0x45A,8,6,2,1,1,0.5000,6,1483,-0.209850
2998,-32.000,周期字段（降权）,0x45A,8,6,3,1,1,0.5000,6,1483,-0.209850
2999,-32.000,周期字段（降权）,0x45A,8,7,1,1,1,0.5000,6,1483,-0.209850
3000,-32.000,周期字段（降权）,0x45A,8,7,2,1,1,0.5000,6,1483,-0.209850
3001,-32.000,周期字段（降权）,0x45A,8,7,5,1,1,0.5000,6,1483,-0.209850
3002,-32.000,周期字段（降权）,0x45A,8,7,6,1,1,0.5000,6,1483,-0.209850
3003,-32.000,周期字段（降权）,0x4E2,8,0,0,1,1,0.5000,6,744,-0.192250
3004,-32.000,周期字段（降权）,0x4E2,8,0,1,1,1,0.5000,6,372,-0.092250
3005,-32.000,周期字段（降权）,0x4E2,8,0,2,1,1,0.5000,6,187,0.106550
3006,-32.000,周期字段（降权）,0x4E2,8,6,3,1,1,0.5000,6,187,0.106550
3007,-32.000,周期字段（降权）,0x4E2,8,6,5,1,1,0.5000,6,187,0.106550
3008,-32.000,周期字段（降权）,0x4E3,8,0,0,1,1,0.5000,6,738,-0.208300
3009,-32.000,周期字段（降权）,0x4E3,8,0,1,1,1,0.5000,6,371,-0.108550
3010,-32.000,周期字段（降权）,0x4E3,8,0,2,1,1,0.5000,6,186,0.090250
3011,-32.000,周期字段（降权）,0x4E3,8,6,3,1,1,0.5000,6,186,0.090250
3012,-32.000,周期字段（降权）,0x4E3,8,6,5,1,1,0.5000,6,186,0.090250
3013,-32.000,周期字段（降权）,0x545,8,6,4,1,1,0.5004,6,2248,-0.225300
3014,-32.000,周期字段（降权）,0x545,8,6,5,不一致,1,0.5021,6,1124,-0.218100
3015,-32.000,周期字段（降权）,0x545,8,6,6,不一致,不一致,0.5037,6,562,-0.192150
3016,-32.000,周期字段（降权）,0x545,8,6,7,1,不一致,0.5045,6,281,-0.128150
3017,-32.000,周期字段（降权）,0x552,8,6,4,1,1,0.5000,6,744,-0.184400
3018,-32.000,周期字段（降权）,0x552,8,6,5,1,1,0.5000,6,372,-0.184400
3019,-32.000,周期字段（降权）,0x552,8,6,6,1,1,0.5000,6,186,0.015050
3020,-32.000,周期字段（降权）,0x552,8,7,4,1,1,0.5000,6,744,-0.184400
3021,-32.000,周期字段（降权）,0x552,8,7,5,1,1,0.5000,6,372,-0.085000
3022,-32.000,周期字段（降权）,0x552,8,7,6,1,1,0.5000,6,185,-0.084150
3023,-32.000,周期字段（降权）,0x553,8,6,4,1,1,0.5000,6,744,-0.190500
3024,-32.000,周期字段（降权）,0x553,8,6,5,1,1,0.5000,6,372,-0.190500
3025,-32.000,周期字段（降权）,0x553,8,6,6,1,1,0.5000,6,186,0.008250
3026,-32.000,周期字段（降权）,0x553,8,7,4,1,1,0.5000,6,744,-0.190500
3027,-32.000,周期字段（降权）,0x553,8,7,5,1,1,0.5000,6,372,-0.090500
3028,-32.000,周期字段（降权）,0x553,8,7,6,1,1,0.5000,6,185,-0.089350
3029,-32.000,周期字段（降权）,0x55A,8,0,0,1,1,0.5000,6,150,0.123000
3030,-32.000,周期字段（降权）,0x55A,8,0,2,1,1,0.5000,6,146,-0.127350
3031,-32.000,周期字段（降权）,0x682,8,6,4,1,1,0.5000,6,738,-0.225050
3032,-32.000,周期字段（降权）,0x682,8,6,5,1,1,0.5000,6,371,-0.125250
3033,-32.000,周期字段（降权）,0x682,8,6,6,1,1,0.5000,6,186,0.074100
3034,-32.000,周期字段（降权）,0x682,8,7,4,1,1,0.5000,6,738,-0.225050
3035,-32.000,周期字段（降权）,0x682,8,7,5,1,1,0.5000,6,371,-0.125250
3036,-32.000,周期字段（降权）,0x682,8,7,6,1,1,0.5000,6,185,-0.123750
3037,-32.000,周期字段（降权）,0x709,8,0,1,不一致,0,0.5120,6,115,0.283400
3038,-32.000,周期字段（降权）,0x75D,8,0,2,0,0,0.5850,6,105,0.190250
3039,-32.000,周期字段（降权）,0x77A,8,0,0,1,1,0.5000,6,145,-0.228600
3040,-32.000,周期字段（降权）,0x77A,8,0,5,1,1,0.5000,6,145,-0.228600
3041,-32.000,周期字段（降权）,0x77A,8,0,7,1,1,0.5000,6,145,-0.228600
3042,-32.000,周期字段（降权）,0x77A,8,2,6,1,1,0.5000,6,145,-0.228600
3043,-32.000,周期字段（降权）,0x77A,8,2,7,1,1,0.5000,6,145,-0.228600
3044,-32.000,周期字段（降权）,0x77A,8,3,0,1,1,0.5000,6,145,-0.228600
3045,-32.000,周期字段（降权）,0x77A,8,3,2,1,1,0.5000,6,145,-0.228600
3046,-32.000,周期字段（降权）,0x77A,8,3,3,1,1,0.5000,6,145,-0.228600
3047,-32.000,周期字段（降权）,0x77A,8,3,4,1,1,0.5000,6,145,-0.228600
3048,-32.000,周期字段（降权）,0x77A,8,3,6,1,1,0.5000,6,145,-0.228600
3049,-32.000,周期字段（降权）,0x77A,8,4,4,1,1,0.5000,6,145,-0.228600
3050,-32.000,周期字段（降权）,0x77A,8,5,0,1,1,0.5000,6,145,-0.228600
3051,-32.000,周期字段（降权）,0x77A,8,5,4,1,1,0.5000,6,145,-0.228600
3052,-32.000,周期字段（降权）,0x77A,8,5,6,1,1,0.5000,6,145,-0.228600
3053,-32.000,周期字段（降权）,0x77A,8,6,0,1,1,0.5000,6,145,-0.228600
3054,-32.000,周期字段（降权）,0x77A,8,6,1,1,1,0.5000,6,145,-0.228600
3055,-32.000,周期字段（降权）,0x77A,8,6,3,1,1,0.5000,6,145,-0.228600
3056,-32.000,周期字段（降权）,0x77A,8,6,4,1,1,0.5000,6,145,-0.228600
3057,-32.000,周期字段（降权）,0x77A,8,6,5,1,1,0.5000,6,145,-0.228600
3058,-32.000,周期字段（降权）,0x77A,8,6,7,1,1,0.5000,6,145,-0.228600
3059,-32.000,周期字段（降权）,0x77A,8,7,2,1,1,0.5000,6,145,-0.228600
3060,-32.000,周期字段（降权）,0x77A,8,7,3,1,1,0.5000,6,145,-0.228600
3061,-32.000,周期字段（降权）,0x77A,8,7,4,1,1,0.5000,6,145,-0.228600
3062,-32.000,周期字段（降权）,0x77A,8,7,5,1,1,0.5000,6,145,-0.228600
3063,-32.000,周期字段（降权）,0x789,4,2,4,1,1,0.5000,6,744,-0.194100
3064,-32.000,周期字段（降权）,0x789,4,2,5,1,1,0.5000,6,372,-0.194100
3065,-32.000,周期字段（降权）,0x789,4,2,6,1,1,0.5000,6,186,0.002800
3066,-32.000,周期字段（降权）,0x789,4,3,4,1,1,0.5000,6,744,-0.194100
3067,-32.000,周期字段（降权）,0x789,4,3,5,1,1,0.5000,6,372,-0.194100
3068,-32.000,周期字段（降权）,0x789,4,3,6,1,1,0.5000,6,186,-0.193400
3069,-32.000,周期字段（降权）,0x78A,8,2,2,0,0,0.5675,6,211,-0.128800
3070,-32.000,周期字段（降权）,0x78A,8,7,2,0,0,0.5750,6,209,-0.129650
3071,-32.000,周期字段（降权）,0x797,4,2,4,1,1,0.5000,6,742,-0.151350
3072,-32.000,周期字段（降权）,0x797,4,2,5,1,1,0.5000,6,372,-0.150250
3073,-32.000,周期字段（降权）,0x797,4,2,6,1,1,0.5000,6,186,0.048550
3074,-32.000,周期字段（降权）,0x797,4,3,4,1,1,0.5000,6,742,-0.151350
3075,-32.000,周期字段（降权）,0x797,4,3,5,1,1,0.5000,6,370,-0.050950
3076,-32.000,周期字段（降权）,0x797,4,3,6,1,1,0.5000,6,186,0.049850
3077,-32.000,周期字段（降权）,0x798,8,0,2,0,0,0.5675,6,212,-0.116100
3078,-32.000,周期字段（降权）,0x798,8,2,6,0,0,0.5725,6,214,0.032500
3079,-32.000,周期字段（降权）,0x798,8,6,4,1,1,0.5000,6,744,-0.166700
3080,-32.000,周期字段（降权）,0x798,8,6,5,1,1,0.5000,6,372,-0.166700
3081,-32.000,周期字段（降权）,0x798,8,6,6,1,1,0.5000,6,186,0.031850
3082,-32.000,周期字段（降权）,0x7B8,8,0,2,0,0,0.5675,6,211,-0.118300
3083,-32.000,周期字段（降权）,0x7B8,8,1,2,0,0,0.5750,6,212,-0.020250
3084,-32.000,周期字段（降权）,0x7B8,8,6,4,1,1,0.5000,6,738,-0.219700
3085,-32.000,周期字段（降权）,0x7B8,8,6,5,1,1,0.5000,6,371,-0.119400
3086,-32.000,周期字段（降权）,0x7B8,8,6,6,1,1,0.5000,6,186,0.079850
3087,-32.000,周期字段（降权）,0x7FF,8,0,2,0,0,0.5575,6,163,-0.076550
3088,-38.600,周期字段（降权）,0x52F,8,5,2,1,0,0.6500,3,13,0.372000
3089,-40.000,周期字段（降权）,0x142,8,3,0,不一致,1,0.6000,5,1089,-0.236300
3090,-40.000,周期字段（降权）,0x142,8,3,1,1,1,0.6000,5,1089,-0.236300
3091,-40.000,周期字段（降权）,0x77A,8,4,2,不一致,不一致,0.6750,5,106,-0.228300
3092,-40.000,周期字段（降权）,0x77A,8,4,3,不一致,不一致,0.6750,5,106,-0.228300
3093,-44.800,周期字段（降权）,0x528,4,3,4,0,1,0.8500,2,4,0.871700
3094,-60.800,周期字段（降权）,0x32A,5,4,3,1,0,0.9000,0,4,
