rank,score,category,can_id,dlc,byte,bit_in_byte,absolute_bit,closed_value,vent_value,stable_purity,action_hits,unrelated_transitions,median_delay_s
1,100.00,稳定状态,0x1FA,3,0,5,5,0,1,1.0000,4,0,0.487650
2,32.00,瞬时请求候选,0x132,6,2,3,19,0,0,1.0000,4,0,0.086750
3,32.00,瞬时请求候选,0x132,6,2,4,20,1,1,1.0000,4,0,0.086750
4,32.00,瞬时请求候选,0x272,8,2,1,17,1,1,1.0000,4,0,0.173900
5,32.00,瞬时请求候选,0x272,8,3,3,27,0,0,1.0000,4,0,0.173200
6,32.00,瞬时请求候选,0x294,8,6,0,48,0,0,1.0000,4,0,0.049350
7,32.00,瞬时请求候选,0x294,8,6,1,49,0,0,1.0000,4,0,0.049350
8,32.00,瞬时请求候选,0x294,8,6,2,50,0,0,1.0000,4,0,0.049350
9,32.00,瞬时请求候选,0x294,8,6,3,51,0,0,1.0000,4,0,0.049350
10,32.00,瞬时请求候选,0x294,8,6,5,53,0,0,1.0000,4,0,0.049350
11,32.00,瞬时请求候选,0x2B4,6,4,5,37,0,0,1.0000,4,0,0.194550
12,32.00,瞬时请求候选,0x2B4,6,4,6,38,0,0,1.0000,4,0,0.194050
13,32.00,瞬时请求候选,0x2B4,6,4,7,39,0,0,1.0000,4,0,0.145150
14,32.00,瞬时请求候选,0x2C2,8,0,3,3,0,0,1.0000,4,0,0.068150
15,32.00,瞬时请求候选,0x2C2,8,1,2,10,0,0,1.0000,4,0,0.222150
16,32.00,瞬时请求候选,0x2C2,8,2,4,20,0,0,1.0000,4,0,0.121400
17,32.00,瞬时请求候选,0x2C2,8,4,3,35,0,0,1.0000,4,0,0.058450
18,32.00,瞬时请求候选,0x2C2,8,4,4,36,0,0,1.0000,4,0,0.419000
19,32.00,瞬时请求候选,0x2C2,8,5,1,41,0,0,1.0000,4,0,0.411900
20,32.00,瞬时请求候选,0x2C2,8,5,2,42,0,0,1.0000,4,0,0.105400
21,32.00,瞬时请求候选,0x2C2,8,5,3,43,0,0,1.0000,4,0,0.406750
22,32.00,瞬时请求候选,0x2C2,8,5,4,44,0,0,1.0000,4,0,0.068150
23,32.00,瞬时请求候选,0x2C2,8,5,5,45,0,0,1.0000,4,0,0.424150
24,32.00,瞬时请求候选,0x2C2,8,6,0,48,0,0,1.0000,4,0,0.122100
25,32.00,瞬时请求候选,0x2C2,8,6,3,51,0,0,1.0000,4,0,0.122100
26,32.00,瞬时请求候选,0x2C2,8,7,0,56,1,1,1.0000,4,0,0.422100
27,32.00,瞬时请求候选,0x2C3,8,0,3,3,0,0,1.0000,4,0,0.068700
28,32.00,瞬时请求候选,0x2C3,8,1,2,10,0,0,1.0000,4,0,0.221200
29,32.00,瞬时请求候选,0x2C3,8,2,4,20,0,0,1.0000,4,0,0.321600
30,32.00,瞬时请求候选,0x2C3,8,4,3,35,0,0,1.0000,4,0,0.058800
31,32.00,瞬时请求候选,0x2C3,8,4,4,36,0,0,1.0000,4,0,0.409300
32,32.00,瞬时请求候选,0x2C3,8,5,1,41,0,0,1.0000,4,0,0.412600
33,32.00,瞬时请求候选,0x2C3,8,5,2,42,0,0,1.0000,4,0,0.105500
34,32.00,瞬时请求候选,0x2C3,8,5,3,43,0,0,1.0000,4,0,0.406300
35,32.00,瞬时请求候选,0x2C3,8,5,4,44,0,0,1.0000,4,0,0.068700
36,32.00,瞬时请求候选,0x2C3,8,5,5,45,0,0,1.0000,4,0,0.414200
37,32.00,瞬时请求候选,0x2C3,8,6,0,48,0,0,1.0000,4,0,0.120200
38,32.00,瞬时请求候选,0x2C3,8,6,3,51,0,0,1.0000,4,0,0.121000
39,32.00,瞬时请求候选,0x2C3,8,7,0,56,1,1,1.0000,4,0,0.321400
40,32.00,瞬时请求候选,0x343,8,4,1,33,1,1,1.0000,4,0,0.143050
41,32.00,瞬时请求候选,0x343,8,5,0,40,0,0,1.0000,4,0,0.192900
42,32.00,瞬时请求候选,0x343,8,5,1,41,0,0,1.0000,4,0,0.192350
43,32.00,瞬时请求候选,0x343,8,5,2,42,0,0,1.0000,4,0,0.340700
44,32.00,瞬时请求候选,0x343,8,5,4,44,0,0,1.0000,4,0,0.190650
45,32.00,瞬时请求候选,0x360,8,5,2,42,0,0,1.0000,4,0,0.751750
46,32.00,瞬时请求候选,0x3A2,8,2,0,16,0,0,1.0000,4,0,0.197750
47,32.00,瞬时请求候选,0x3C0,8,5,2,42,0,0,1.0000,4,0,0.748250
48,32.00,瞬时请求候选,0x545,8,0,5,5,0,0,1.0000,4,0,0.160300
49,32.00,瞬时请求候选,0x545,8,1,1,9,0,0,1.0000,4,0,0.158850
50,32.00,瞬时请求候选,0x545,8,1,2,10,0,0,1.0000,4,0,0.404800
51,32.00,瞬时请求候选,0x545,8,1,3,11,0,0,1.0000,4,0,0.209100
52,32.00,瞬时请求候选,0x545,8,2,7,23,0,0,1.0000,4,0,0.158850
53,32.00,瞬时请求候选,0x788,8,6,5,53,0,0,1.0000,4,0,0.478400
54,32.00,瞬时请求候选,0x7A8,8,0,3,3,0,0,1.0000,4,0,0.419400
55,31.20,瞬时请求候选,0x439,8,0,4,4,0,0,0.9969,4,4,0.111500
56,31.20,瞬时请求候选,0x439,8,0,5,5,0,0,0.9969,4,4,0.111500
57,31.20,瞬时请求候选,0x439,8,0,6,6,0,0,0.9969,4,4,0.111500
58,31.20,瞬时请求候选,0x439,8,1,6,14,0,0,0.9969,4,4,0.111500
59,31.20,瞬时请求候选,0x545,8,2,6,22,0,0,1.0000,4,4,0.209100
60,31.20,瞬时请求候选,0x788,8,0,2,2,0,0,0.9972,4,4,0.276750
61,31.00,瞬时请求候选,0x672,8,0,0,0,1,1,0.9000,4,5,1.125200
62,31.00,瞬时请求候选,0x672,8,5,0,40,1,1,0.9000,4,5,1.125200
63,31.00,瞬时请求候选,0x7BC,8,0,0,0,1,1,0.9000,4,5,3.625700
64,31.00,瞬时请求候选,0x7BC,8,5,0,40,1,1,0.9000,4,5,3.625700
65,30.80,瞬时请求候选,0x32A,5,4,2,34,1,1,0.5000,4,6,3.188850
66,30.40,瞬时请求候选,0x23A,8,4,0,32,0,0,0.9292,4,8,1.279950
67,30.20,瞬时请求候选,0x3B6,8,6,7,55,不一致,不一致,0.6278,4,9,1.769350
68,30.20,瞬时请求候选,0x3FE,8,1,3,11,不一致,不一致,0.6278,4,9,1.771700
69,29.80,瞬时请求候选,0x752,8,0,3,3,不一致,0,0.6228,4,11,1.382250
70,29.60,瞬时请求候选,0x301,8,0,4,4,1,1,0.6391,4,12,3.022800
71,29.60,瞬时请求候选,0x302,8,0,4,4,1,1,0.6391,4,12,3.056550
72,29.60,瞬时请求候选,0x303,8,0,4,4,1,1,0.6391,4,12,3.128400
73,29.60,瞬时请求候选,0x310,8,3,1,25,0,0,0.8417,4,12,0.445600
74,29.60,瞬时请求候选,0x310,8,4,3,35,0,0,0.8417,4,12,1.445600
75,29.60,瞬时请求候选,0x310,8,5,7,47,0,0,0.8417,4,12,1.445600
76,29.60,瞬时请求候选,0x310,8,7,7,63,0,0,0.8417,4,12,1.445600
77,29.60,瞬时请求候选,0x330,8,1,1,9,0,0,0.8800,4,12,3.240400
78,29.60,瞬时请求候选,0x330,8,4,3,35,0,0,0.8800,4,12,0.740450
79,29.60,瞬时请求候选,0x330,8,5,3,43,0,0,0.8800,4,12,0.740450
80,29.60,瞬时请求候选,0x330,8,6,2,50,0,0,0.8800,4,12,3.240400
81,29.60,瞬时请求候选,0x330,8,7,3,59,0,0,0.8800,4,12,3.240400
82,29.60,瞬时请求候选,0x335,8,6,1,49,0,0,0.8593,4,12,2.272900
83,29.60,瞬时请求候选,0x3C4,8,0,3,3,1,1,0.6667,4,12,0.795500
84,29.60,瞬时请求候选,0x3C4,8,2,3,19,0,0,0.9167,4,12,1.795550
85,29.60,瞬时请求候选,0x3C4,8,2,7,23,0,0,0.9167,4,12,1.795550
86,29.60,瞬时请求候选,0x3C4,8,5,2,42,0,0,0.7500,4,12,1.795550
87,29.60,瞬时请求候选,0x3C4,8,6,6,54,0,0,0.8333,4,12,1.795550
88,29.60,瞬时请求候选,0x3C4,8,7,7,63,0,0,0.8333,4,12,0.296000
89,29.60,瞬时请求候选,0x3F2,8,5,6,46,0,0,0.6718,4,12,0.045350
90,29.60,瞬时请求候选,0x53E,8,0,0,0,不一致,1,0.5143,4,12,1.037900
91,29.60,瞬时请求候选,0x53E,8,0,3,3,不一致,1,0.5143,4,12,0.039250
92,29.60,瞬时请求候选,0x53E,8,0,4,4,1,1,0.5143,4,12,0.039250
93,29.60,瞬时请求候选,0x53E,8,2,2,18,0,0,0.6762,4,12,0.039250
94,29.60,瞬时请求候选,0x53E,8,2,3,19,0,0,0.8381,4,12,1.037900
95,29.60,瞬时请求候选,0x53E,8,3,2,26,0,0,0.8381,4,12,1.037900
96,29.60,瞬时请求候选,0x53E,8,4,3,35,0,0,0.8381,4,12,0.039250
97,29.60,瞬时请求候选,0x53E,8,5,0,40,0,0,0.6476,4,12,0.039250
98,29.60,瞬时请求候选,0x53E,8,6,0,48,0,0,0.6762,4,12,1.037900
99,29.60,瞬时请求候选,0x53E,8,6,4,52,0,0,0.8381,4,12,1.037900
100,29.60,瞬时请求候选,0x53E,8,7,2,58,0,0,0.8381,4,12,1.037900
101,29.60,瞬时请求候选,0x709,8,0,5,5,0,0,0.9724,4,12,1.656700
102,29.60,瞬时请求候选,0x709,8,0,6,6,0,0,0.9724,4,12,3.214200
103,29.60,瞬时请求候选,0x709,8,2,5,21,0,0,0.9447,4,12,2.902100
104,29.60,瞬时请求候选,0x709,8,5,0,40,0,0,0.9447,4,12,2.902100
105,29.60,瞬时请求候选,0x709,8,5,7,47,0,0,0.9447,4,12,2.279300
106,29.60,瞬时请求候选,0x709,8,7,5,61,0,0,0.9724,4,12,3.529300
107,29.60,瞬时请求候选,0x709,8,7,7,63,0,0,0.9724,4,12,2.279300
108,29.60,瞬时请求候选,0x70B,8,2,7,23,0,0,0.8220,4,12,1.461950
109,29.60,瞬时请求候选,0x70B,8,3,0,24,0,0,0.8220,4,12,2.462100
110,29.60,瞬时请求候选,0x70B,8,4,6,38,0,0,0.8220,4,12,1.461950
111,29.60,瞬时请求候选,0x70B,8,5,0,40,0,0,0.9110,4,12,3.462250
112,29.60,瞬时请求候选,0x70B,8,5,7,47,0,0,0.8747,4,12,1.962150
113,29.60,瞬时请求候选,0x70B,8,6,0,48,0,0,0.8920,4,12,2.462100
114,29.60,瞬时请求候选,0x70B,8,6,2,50,0,0,0.9110,4,12,1.461950
115,29.60,瞬时请求候选,0x70B,8,7,7,63,0,0,0.9110,4,12,2.462100
116,29.60,瞬时请求候选,0x724,3,2,2,18,0,0,0.7331,4,12,0.221650
117,29.60,瞬时请求候选,0x724,3,2,5,21,0,0,0.7331,4,12,0.221650
118,29.60,瞬时请求候选,0x724,3,2,6,22,0,0,0.7331,4,12,0.221650
119,29.40,瞬时请求候选,0x23A,8,4,3,35,0,0,0.8184,4,13,0.779300
120,29.40,瞬时请求候选,0x2A4,8,5,5,45,不一致,1,0.8502,4,13,0.895700
121,29.40,瞬时请求候选,0x364,4,2,3,19,不一致,1,0.8502,4,13,0.896800
122,29.40,瞬时请求候选,0x3F2,8,4,5,37,1,1,0.5579,4,13,2.543400
123,29.40,瞬时请求候选,0x782,8,0,1,1,不一致,1,0.5333,4,13,2.789750
124,29.20,瞬时请求候选,0x782,8,1,6,14,1,1,0.6500,4,14,3.339650
125,29.00,瞬时请求候选,0x52F,8,5,2,42,不一致,0,0.5551,4,15,2.874050
126,28.80,瞬时请求候选,0x1FB,8,0,0,0,1,1,0.5000,4,16,3.630700
127,28.80,瞬时请求候选,0x1FB,8,0,2,2,1,1,0.5000,4,16,3.630700
128,28.80,瞬时请求候选,0x1FB,8,1,1,9,1,1,0.5000,4,16,3.630700
129,28.80,瞬时请求候选,0x23A,8,3,4,28,0,0,0.8833,4,16,1.277900
130,28.80,瞬时请求候选,0x23A,8,3,7,31,0,0,0.8547,4,16,0.779900
131,28.80,瞬时请求候选,0x310,8,0,0,0,不一致,1,0.5250,4,16,0.445600
132,28.80,瞬时请求候选,0x310,8,6,2,50,1,1,0.5250,4,16,0.445600
133,28.80,瞬时请求候选,0x310,8,6,7,55,1,1,0.5250,4,16,0.445600
134,28.80,瞬时请求候选,0x32A,5,0,1,1,1,1,0.5000,4,16,3.188850
135,28.80,瞬时请求候选,0x32A,5,4,1,33,1,1,0.5000,4,16,3.188850
136,28.80,瞬时请求候选,0x330,8,0,3,3,不一致,1,0.5200,4,16,0.740450
137,28.80,瞬时请求候选,0x330,8,0,4,4,1,1,0.5200,4,16,0.740450
138,28.80,瞬时请求候选,0x330,8,1,4,12,0,0,0.7600,4,16,3.240400
139,28.80,瞬时请求候选,0x330,8,1,5,13,0,0,0.7600,4,16,3.240400
140,28.80,瞬时请求候选,0x330,8,1,7,15,0,0,0.7600,4,16,3.240400
141,28.80,瞬时请求候选,0x330,8,2,2,18,0,0,0.8800,4,16,4.490400
142,28.80,瞬时请求候选,0x330,8,2,6,22,0,0,0.8800,4,16,4.490400
143,28.80,瞬时请求候选,0x3C4,8,0,4,4,1,1,0.7500,4,16,0.795500
144,28.80,瞬时请求候选,0x3C4,8,2,2,18,0,0,0.8333,4,16,0.296000
145,28.80,瞬时请求候选,0x3C4,8,3,3,27,0,0,0.8333,4,16,4.296100
146,28.80,瞬时请求候选,0x3C4,8,3,6,30,0,0,0.8333,4,16,4.296100
147,28.80,瞬时请求候选,0x53E,8,1,1,9,0,0,0.8381,4,16,4.036900
148,28.80,瞬时请求候选,0x53E,8,1,2,10,0,0,0.8095,4,16,0.039250
149,28.80,瞬时请求候选,0x53E,8,1,3,11,0,0,0.8381,4,16,4.036900
150,28.80,瞬时请求候选,0x53E,8,1,6,14,0,0,0.8381,4,16,4.036900
151,28.80,瞬时请求候选,0x53E,8,2,5,21,0,0,0.8381,4,16,4.036900
152,28.80,瞬时请求候选,0x53E,8,2,6,22,0,0,0.8381,4,16,4.036900
153,28.80,瞬时请求候选,0x53E,8,2,7,23,0,0,0.8381,4,16,4.036900
154,28.80,瞬时请求候选,0x53E,8,3,0,24,0,0,0.8381,4,16,4.036900
155,28.80,瞬时请求候选,0x53E,8,3,4,28,0,0,0.8381,4,16,4.036900
156,28.80,瞬时请求候选,0x53E,8,3,5,29,0,0,0.8381,4,16,4.036900
157,28.80,瞬时请求候选,0x53E,8,3,6,30,0,0,0.8381,4,16,4.036900
158,28.80,瞬时请求候选,0x53E,8,4,1,33,0,0,0.8381,4,16,4.036900
159,28.80,瞬时请求候选,0x53E,8,4,2,34,0,0,0.6476,4,16,1.037900
160,28.80,瞬时请求候选,0x53E,8,5,3,43,0,0,0.8381,4,16,4.036900
161,28.80,瞬时请求候选,0x53E,8,5,5,45,0,0,0.8095,4,16,0.039250
162,28.80,瞬时请求候选,0x709,8,0,4,4,不一致,1,0.5351,4,16,1.656700
163,28.60,瞬时请求候选,0x23A,8,4,2,34,0,0,0.7495,4,17,0.779300
164,28.60,瞬时请求候选,0x310,8,0,3,3,不一致,1,0.5250,4,17,3.445800
165,28.60,瞬时请求候选,0x310,8,0,4,4,1,1,0.5250,4,17,3.445800
166,28.60,瞬时请求候选,0x310,8,2,3,19,0,0,0.8417,4,17,0.445600
167,28.60,瞬时请求候选,0x310,8,3,4,28,0,0,0.8417,4,17,0.445600
168,28.60,瞬时请求候选,0x310,8,4,2,34,1,1,0.5000,4,17,1.445600
169,28.60,瞬时请求候选,0x330,8,2,4,20,1,1,0.5200,4,17,4.490400
170,28.60,瞬时请求候选,0x330,8,3,1,25,不一致,0,0.6000,4,17,4.490400
171,28.60,瞬时请求候选,0x330,8,3,2,26,0,0,0.7400,4,17,4.490400
172,28.60,瞬时请求候选,0x330,8,6,1,49,0,0,0.8800,4,17,0.740450
173,28.60,瞬时请求候选,0x330,8,6,3,51,0,0,0.7600,4,17,1.990400
174,28.60,瞬时请求候选,0x330,8,6,6,54,0,0,0.8800,4,17,0.740450
175,28.60,瞬时请求候选,0x330,8,7,6,62,0,0,0.8800,4,17,0.740450
176,28.60,瞬时请求候选,0x330,8,7,7,63,0,0,0.8800,4,17,0.740450
177,28.60,瞬时请求候选,0x3B2,8,0,4,4,不一致,0,0.5276,4,17,2.788500
178,28.60,瞬时请求候选,0x70B,8,0,2,2,0,0,0.6133,4,17,3.462250
179,28.60,瞬时请求候选,0x70B,8,0,7,7,0,0,0.9110,4,17,0.461900
180,28.60,瞬时请求候选,0x70B,8,2,4,20,0,0,0.8030,4,17,2.462100
181,28.60,瞬时请求候选,0x70B,8,6,1,49,0,0,0.7331,4,17,2.462100
182,28.60,瞬时请求候选,0x70B,8,6,6,54,0,0,0.6441,4,17,3.462250
183,28.60,瞬时请求候选,0x724,3,0,2,2,0,0,0.6133,4,17,3.222600
184,28.40,瞬时请求候选,0x213,2,1,7,15,1,1,0.5249,4,18,0.729600
185,28.40,瞬时请求候选,0x238,8,6,7,55,不一致,0,0.5419,4,18,0.480100
186,28.40,瞬时请求候选,0x23A,8,4,1,33,0,0,0.7495,4,18,0.779900
187,28.40,瞬时请求候选,0x334,8,7,7,63,1,1,0.5249,4,18,0.829050
188,28.40,瞬时请求候选,0x3B6,8,6,6,54,0,1,0.5943,4,18,-0.230400
189,28.40,瞬时请求候选,0x3CC,8,3,1,25,不一致,1,0.5249,4,18,0.883500
190,28.40,瞬时请求候选,0x3DD,8,0,2,2,0,不一致,0.5982,4,18,1.536900
191,28.40,瞬时请求候选,0x3DD,8,2,3,19,不一致,不一致,0.5915,4,18,1.039600
192,28.40,瞬时请求候选,0x3FE,8,1,2,10,0,1,0.5943,4,18,-0.228100
193,28.40,瞬时请求候选,0x43A,6,0,2,2,不一致,不一致,0.5915,4,18,1.137200
194,28.40,瞬时请求候选,0x6D4,8,1,4,12,0,0,0.8747,4,18,1.826350
195,28.40,瞬时请求候选,0x6D4,8,1,5,13,0,0,0.8747,4,18,1.826350
196,28.40,瞬时请求候选,0x6D4,8,2,5,21,0,0,0.8747,4,18,1.826350
197,28.40,瞬时请求候选,0x6D4,8,3,2,26,0,0,0.8747,4,18,1.826350
198,28.40,瞬时请求候选,0x6D4,8,4,0,32,0,0,0.8747,4,18,1.826350
199,28.40,瞬时请求候选,0x6D4,8,4,3,35,0,0,0.8679,4,18,1.825750
200,28.40,瞬时请求候选,0x6D4,8,5,5,45,0,0,0.8747,4,18,1.826350
201,28.40,瞬时请求候选,0x6D4,8,6,5,53,0,0,0.8747,4,18,1.826350
202,28.40,瞬时请求候选,0x6D4,8,7,4,60,0,0,0.8747,4,18,1.826350
203,28.20,瞬时请求候选,0x20C,8,1,6,14,1,不一致,0.5440,4,19,1.828400
204,28.20,瞬时请求候选,0x23A,8,3,2,26,不一致,0,0.7073,4,19,0.780600
205,28.20,瞬时请求候选,0x3DD,8,1,5,13,0,0,0.8775,4,19,2.037400
206,28.20,瞬时请求候选,0x3DD,8,2,2,18,0,0,0.6737,4,19,1.542200
207,28.20,瞬时请求候选,0x3E9,8,7,7,63,不一致,1,0.5314,4,19,0.452450
208,28.00,瞬时请求候选,0x23A,8,2,1,17,0,0,0.8335,4,20,1.779350
209,28.00,瞬时请求候选,0x23A,8,3,5,29,0,0,0.6978,4,20,0.280600
210,28.00,瞬时请求候选,0x2E3,7,6,1,49,0,0,0.9767,4,20,0.828900
211,28.00,瞬时请求候选,0x318,8,2,2,18,不一致,0,0.6214,4,20,2.873650
212,28.00,瞬时请求候选,0x321,8,7,6,62,不一致,0,0.5915,4,20,3.421150
213,28.00,瞬时请求候选,0x324,8,1,4,12,1,不一致,0.5705,4,20,0.779350
214,28.00,瞬时请求候选,0x39B,8,6,7,55,不一致,0,0.5521,4,20,0.462100
215,28.00,瞬时请求候选,0x52F,8,5,6,46,不一致,不一致,0.5579,4,20,2.374850
216,28.00,瞬时请求候选,0x6D4,8,0,3,3,不一致,0,0.6220,4,20,1.825750
217,28.00,瞬时请求候选,0x6D4,8,0,4,4,不一致,1,0.6220,4,20,1.825750
218,28.00,瞬时请求候选,0x6D4,8,1,1,9,0,1,0.6354,4,20,1.826350
219,28.00,瞬时请求候选,0x6D4,8,2,0,16,0,0,0.7540,4,20,1.825750
220,28.00,瞬时请求候选,0x6D4,8,2,4,20,0,0,0.8679,4,20,2.825750
221,28.00,瞬时请求候选,0x6D4,8,2,6,22,0,0,0.7540,4,20,1.825750
222,28.00,瞬时请求候选,0x6D4,8,3,3,27,0,0,0.8679,4,20,2.825750
223,28.00,瞬时请求候选,0x6D4,8,3,6,30,0,0,0.8679,4,20,2.825750
224,28.00,瞬时请求候选,0x6D4,8,4,5,37,0,0,0.7540,4,20,1.825750
225,28.00,瞬时请求候选,0x6D4,8,5,2,42,0,0,0.8861,4,20,1.325700
226,28.00,瞬时请求候选,0x6D4,8,6,2,50,0,0,0.7359,4,20,0.825600
227,28.00,瞬时请求候选,0x6D4,8,7,6,62,0,0,0.7359,4,20,0.825600
228,28.00,瞬时请求候选,0x709,8,7,1,57,0,0,0.9562,4,20,3.529300
229,28.00,瞬时请求候选,0x709,8,7,2,58,0,0,0.9562,4,20,3.529300
230,28.00,瞬时请求候选,0x70B,8,1,0,8,0,0,0.7943,4,20,2.462100
231,28.00,瞬时请求候选,0x70B,8,2,1,17,0,0,0.8738,4,20,0.461900
232,27.80,瞬时请求候选,0x23A,8,1,3,11,0,1,0.7753,4,21,0.280600
233,27.80,瞬时请求候选,0x23A,8,5,3,43,0,0,0.6958,4,21,1.277900
234,27.80,瞬时请求候选,0x2A4,8,1,3,11,不一致,0,0.7770,4,21,0.895150
235,27.80,瞬时请求候选,0x39B,8,7,7,63,1,0,0.5744,4,21,1.748400
236,27.80,瞬时请求候选,0x42A,8,3,7,31,不一致,1,0.7675,4,21,2.669350
237,27.80,瞬时请求候选,0x42A,8,4,1,33,不一致,0,0.8363,4,21,2.170050
238,27.80,瞬时请求候选,0x42A,8,5,6,46,不一致,不一致,0.5841,4,21,0.470600
239,27.60,瞬时请求候选,0x213,2,0,7,7,1,0,0.5646,4,22,1.229000
240,27.60,瞬时请求候选,0x238,8,7,7,63,0,1,0.5620,4,22,1.479350
241,27.60,瞬时请求候选,0x23A,8,0,2,2,不一致,不一致,0.5579,4,22,2.278650
242,27.60,瞬时请求候选,0x284,8,6,7,55,1,0,0.6067,4,22,2.528000
243,27.60,瞬时请求候选,0x284,8,7,7,63,1,0,0.5943,4,22,3.028150
244,27.60,瞬时请求候选,0x293,8,6,7,55,0,1,0.5646,4,22,1.179900
245,27.60,瞬时请求候选,0x313,8,6,7,55,1,0,0.5646,4,22,1.128850
246,27.60,瞬时请求候选,0x313,8,7,7,63,1,0,0.6192,4,22,2.128400
247,27.60,瞬时请求候选,0x321,8,6,6,54,0,1,0.6192,4,22,2.422350
248,27.60,瞬时请求候选,0x334,8,6,7,55,1,0,0.6067,4,22,2.828550
249,27.60,瞬时请求候选,0x348,8,4,2,34,0,1,0.6192,4,22,2.874800
250,27.60,瞬时请求候选,0x38B,8,2,5,21,1,0,0.6157,4,22,3.001900
251,27.60,瞬时请求候选,0x38B,8,4,5,37,1,0,0.6071,4,22,2.007950
252,27.60,瞬时请求候选,0x3B6,8,7,6,62,0,1,0.6192,4,22,2.769000
253,27.60,瞬时请求候选,0x3E9,8,6,7,55,1,0,0.5838,4,22,3.224400
254,27.60,瞬时请求候选,0x3FE,8,0,2,2,1,0,0.5646,4,22,1.770100
255,27.60,瞬时请求候选,0x407,8,0,3,3,1,0,0.5919,4,22,1.597000
256,27.60,瞬时请求候选,0x407,8,0,4,4,1,1,0.6698,4,22,2.346300
257,27.60,瞬时请求候选,0x407,8,1,3,11,0,1,0.5943,4,22,3.097100
258,27.60,瞬时请求候选,0x42A,8,4,2,34,不一致,0,0.6891,4,22,2.170050
259,27.60,瞬时请求候选,0x42A,8,4,3,35,不一致,1,0.6891,4,22,2.170050
260,27.60,瞬时请求候选,0x443,6,0,3,3,1,0,0.5919,4,22,1.622650
261,27.60,瞬时请求候选,0x443,6,0,4,4,1,1,0.6698,4,22,2.374000
262,27.60,瞬时请求候选,0x443,6,1,3,11,0,1,0.5943,4,22,3.123400
263,27.60,瞬时请求候选,0x528,4,3,2,26,0,1,0.6192,4,22,2.875200
264,27.60,瞬时请求候选,0x52F,8,6,0,48,0,1,0.6192,4,22,2.875400
265,27.60,瞬时请求候选,0x52F,8,6,3,51,不一致,不一致,0.6038,4,22,0.375050
266,27.60,瞬时请求候选,0x6D4,8,2,3,19,0,0,0.6220,4,22,2.325750
267,27.60,瞬时请求候选,0x6D4,8,3,1,25,0,0,0.6220,4,22,2.325750
268,27.60,瞬时请求候选,0x70B,8,1,4,12,0,0,0.7848,4,22,2.462100
269,27.60,瞬时请求候选,0x726,3,0,2,2,不一致,1,0.5761,4,22,1.699800
270,27.40,瞬时请求候选,0x23A,8,2,3,19,0,0,0.8089,4,23,0.779900
271,27.40,瞬时请求候选,0x293,8,7,7,63,不一致,1,0.5545,4,23,3.679350
272,27.40,瞬时请求候选,0x324,8,0,3,3,不一致,1,0.7885,4,23,1.281350
273,27.40,瞬时请求候选,0x383,8,5,5,45,不一致,不一致,0.6473,4,23,2.509800
274,27.40,瞬时请求候选,0x70B,8,2,2,18,0,0,0.8738,4,23,0.461900
275,27.40,瞬时请求候选,0x70B,8,2,3,19,0,0,0.6651,4,23,1.461950
276,27.40,瞬时请求候选,0x752,8,0,2,2,0,0,0.6038,4,23,0.382850
277,27.40,瞬时请求候选,0x7C8,8,1,4,12,0,0,0.8470,4,23,2.534950
278,27.40,瞬时请求候选,0x7C8,8,1,7,15,0,0,0.8498,4,23,0.534850
279,27.40,瞬时请求候选,0x7C8,8,3,3,27,0,0,0.8498,4,23,0.534850
280,27.40,瞬时请求候选,0x7C8,8,3,5,29,0,0,0.8498,4,23,0.534850
281,27.40,瞬时请求候选,0x7C8,8,4,4,36,0,0,0.8498,4,23,0.534850
282,27.40,瞬时请求候选,0x7C8,8,5,0,40,0,0,0.8470,4,23,2.534950
283,27.40,瞬时请求候选,0x7C8,8,5,2,42,0,0,0.8470,4,23,2.534950
284,27.40,瞬时请求候选,0x7C8,8,5,3,43,0,0,0.8470,4,23,2.534950
285,27.40,瞬时请求候选,0x7C8,8,5,5,45,0,0,0.8470,4,23,2.534950
286,27.40,瞬时请求候选,0x7C8,8,5,6,46,0,0,0.8470,4,23,2.534950
287,27.40,瞬时请求候选,0x7C8,8,7,1,57,0,0,0.8470,4,23,2.534950
288,27.40,瞬时请求候选,0x7C8,8,7,2,58,0,0,0.8470,4,23,2.534950
289,27.40,瞬时请求候选,0x7C8,8,7,3,59,0,0,0.8470,4,23,2.534950
290,27.40,瞬时请求候选,0x7C8,8,7,5,61,0,0,0.8470,4,23,2.534950
291,27.40,瞬时请求候选,0x7C8,8,7,7,63,0,0,0.8470,4,23,2.534950
292,27.40,瞬时请求候选,0x7E8,8,1,0,8,1,1,0.6785,4,23,2.026000
293,27.40,瞬时请求候选,0x7E8,8,1,4,12,0,0,0.8470,4,23,3.025950
294,27.40,瞬时请求候选,0x7E8,8,1,7,15,0,0,0.8498,4,23,1.025850
295,27.40,瞬时请求候选,0x7E8,8,2,5,21,0,0,0.8498,4,23,1.025850
296,27.40,瞬时请求候选,0x7E8,8,3,2,26,0,0,0.8498,4,23,1.025850
297,27.40,瞬时请求候选,0x7E8,8,3,3,27,0,0,0.8498,4,23,1.025850
298,27.40,瞬时请求候选,0x7E8,8,3,4,28,0,0,0.8470,4,23,3.025950
299,27.40,瞬时请求候选,0x7E8,8,4,4,36,0,0,0.8498,4,23,1.025850
300,27.40,瞬时请求候选,0x7E8,8,5,3,43,0,0,0.8470,4,23,3.025950
301,27.40,瞬时请求候选,0x7E8,8,5,6,46,0,0,0.8470,4,23,3.025950
302,27.40,瞬时请求候选,0x7E8,8,7,1,57,0,0,0.8470,4,23,3.025950
303,27.40,瞬时请求候选,0x7E8,8,7,2,58,0,0,0.8470,4,23,3.025950
304,27.40,瞬时请求候选,0x7E8,8,7,3,59,0,0,0.8470,4,23,3.025950
305,27.40,瞬时请求候选,0x7E8,8,7,5,61,0,0,0.8470,4,23,3.025950
306,27.40,瞬时请求候选,0x7E8,8,7,7,63,0,0,0.8470,4,23,3.025950
307,27.20,瞬时请求候选,0x23A,8,2,0,16,0,0,0.7935,4,24,2.279300
308,27.20,瞬时请求候选,0x23A,8,3,0,24,0,0,0.7112,4,24,0.779300
309,27.20,瞬时请求候选,0x330,8,4,6,38,0,0,0.7600,4,24,0.740450
310,27.20,瞬时请求候选,0x335,8,1,5,13,0,0,0.8498,4,24,0.772350
311,27.20,瞬时请求候选,0x335,8,2,3,19,0,0,0.7608,4,24,0.272600
312,27.20,瞬时请求候选,0x335,8,2,6,22,0,0,0.8498,4,24,0.272600
313,27.20,瞬时请求候选,0x335,8,4,7,39,0,0,0.8498,4,24,0.272600
314,27.20,瞬时请求候选,0x335,8,6,2,50,0,0,0.7703,4,24,0.772450
315,27.20,瞬时请求候选,0x335,8,6,4,52,0,0,0.7703,4,24,2.272900
316,27.20,瞬时请求候选,0x335,8,7,2,58,0,0,0.8411,4,24,2.271000
317,27.20,瞬时请求候选,0x335,8,7,6,62,0,0,0.8316,4,24,3.270850
318,27.20,瞬时请求候选,0x38D,8,1,3,11,不一致,不一致,0.6623,4,24,1.094000
319,27.20,瞬时请求候选,0x3C4,8,1,3,11,0,0,0.8333,4,24,3.296150
320,27.20,瞬时请求候选,0x3C4,8,1,6,14,0,0,0.8333,4,24,1.795550
321,27.20,瞬时请求候选,0x3C4,8,3,1,25,0,0,0.6667,4,24,0.296000
322,27.20,瞬时请求候选,0x3C4,8,3,4,28,0,0,0.7500,4,24,1.795550
323,27.20,瞬时请求候选,0x3C4,8,3,5,29,0,0,0.7500,4,24,1.795550
324,27.20,瞬时请求候选,0x3C4,8,4,1,33,0,0,0.8333,4,24,0.296000
325,27.20,瞬时请求候选,0x3C4,8,5,0,40,0,0,0.6667,4,24,2.295800
326,27.20,瞬时请求候选,0x3C4,8,5,1,41,0,0,0.8333,4,24,0.795500
327,27.20,瞬时请求候选,0x3C4,8,5,3,43,0,0,0.8333,4,24,0.296000
328,27.20,瞬时请求候选,0x3C4,8,5,7,47,0,0,0.8333,4,24,0.795500
329,27.20,瞬时请求候选,0x3C4,8,6,7,55,0,0,0.7500,4,24,0.296000
330,27.20,瞬时请求候选,0x3C4,8,7,2,58,0,0,0.8333,4,24,1.795550
331,27.20,瞬时请求候选,0x3C4,8,7,3,59,0,0,0.8333,4,24,0.795500
332,27.20,瞬时请求候选,0x3C4,8,7,5,61,0,0,0.8333,4,24,2.795600
333,27.20,瞬时请求候选,0x53E,8,4,4,36,1,1,0.6762,4,24,1.037900
334,27.20,瞬时请求候选,0x53E,8,4,5,37,1,1,0.6762,4,24,1.037900
335,27.20,瞬时请求候选,0x53E,8,5,2,42,1,1,0.5143,4,24,0.039250
336,27.20,瞬时请求候选,0x53E,8,7,0,56,1,1,0.6762,4,24,0.039250
337,27.20,瞬时请求候选,0x709,8,7,4,60,0,0,0.9447,4,24,1.966650
338,27.20,瞬时请求候选,0x70B,8,1,3,11,0,0,0.7762,4,24,2.462100
339,27.20,瞬时请求候选,0x70B,8,3,5,29,0,0,0.8220,4,24,0.461900
340,27.20,瞬时请求候选,0x70B,8,3,6,30,0,0,0.8220,4,24,0.461900
341,27.20,瞬时请求候选,0x70B,8,4,2,34,0,0,0.5742,4,24,0.461900
342,27.20,瞬时请求候选,0x7C8,8,0,3,3,0,0,0.6038,4,24,0.535650
343,27.20,瞬时请求候选,0x7C8,8,0,4,4,1,1,0.6038,4,24,0.535650
344,27.20,瞬时请求候选,0x7C8,8,1,0,8,不一致,不一致,0.5646,4,24,1.534100
345,27.20,瞬时请求候选,0x7E8,8,0,3,3,0,0,0.6038,4,24,1.026650
346,27.20,瞬时请求候选,0x7E8,8,0,4,4,1,1,0.6038,4,24,1.026650
347,27.20,瞬时请求候选,0x7E8,8,2,0,16,0,0,0.6038,4,24,1.026650
348,27.20,瞬时请求候选,0x7E8,8,3,0,24,0,0,0.7177,4,24,1.025950
349,27.00,瞬时请求候选,0x23A,8,2,4,20,0,0,0.8948,4,25,1.277900
350,27.00,瞬时请求候选,0x301,8,0,3,3,0,0,0.6019,4,25,1.522950
351,27.00,瞬时请求候选,0x301,8,6,1,49,0,不一致,0.5674,4,25,0.521200
352,27.00,瞬时请求候选,0x302,8,0,3,3,0,0,0.6019,4,25,1.557400
353,27.00,瞬时请求候选,0x303,8,0,3,3,0,0,0.6019,4,25,1.628950
354,27.00,瞬时请求候选,0x335,8,0,3,3,0,0,0.5646,4,25,1.271350
355,27.00,瞬时请求候选,0x335,8,1,1,9,0,0,0.6287,4,25,0.770550
356,27.00,瞬时请求候选,0x335,8,1,2,10,0,0,0.7168,4,25,2.271350
357,27.00,瞬时请求候选,0x335,8,1,4,12,0,0,0.7971,4,25,0.770550
358,27.00,瞬时请求候选,0x3C4,8,2,6,22,0,0,0.6667,4,25,-0.204150
359,27.00,瞬时请求候选,0x70B,8,4,0,32,0,0,0.8498,4,25,0.461900
360,27.00,瞬时请求候选,0x7C8,8,2,0,16,0,0,0.7540,4,25,0.536500
361,27.00,瞬时请求候选,0x7C8,8,6,0,48,0,0,0.7540,4,25,2.034900
362,27.00,瞬时请求候选,0x7C8,8,6,1,49,0,0,0.7540,4,25,2.034900
363,27.00,瞬时请求候选,0x7C8,8,6,4,52,0,0,0.7540,4,25,2.034900
364,27.00,瞬时请求候选,0x7E8,8,4,0,32,0,0,0.7540,4,25,2.525850
365,27.00,瞬时请求候选,0x7E8,8,6,1,49,0,0,0.7540,4,25,2.525850
366,27.00,瞬时请求候选,0x7E8,8,6,2,50,0,0,0.7540,4,25,2.525850
367,26.80,瞬时请求候选,0x132,6,2,2,18,1,1,0.9988,4,26,0.076700
368,26.80,瞬时请求候选,0x23A,8,1,7,15,0,不一致,0.7734,4,26,1.279200
369,26.80,瞬时请求候选,0x23A,8,2,6,22,0,0,0.7599,4,26,0.779300
370,26.80,瞬时请求候选,0x301,8,5,0,40,0,0,0.5923,4,26,1.522950
371,26.80,瞬时请求候选,0x303,8,4,0,32,不一致,不一致,0.5397,4,26,0.628250
372,26.80,瞬时请求候选,0x303,8,6,5,53,不一致,不一致,0.5397,4,26,0.628250
373,26.80,瞬时请求候选,0x3F2,8,5,2,42,0,0,0.6105,4,26,0.045350
374,26.80,瞬时请求候选,0x3F2,8,5,3,43,0,0,0.7703,4,26,0.045350
375,26.80,瞬时请求候选,0x709,8,7,3,59,0,0,0.9552,4,26,3.529300
376,26.80,瞬时请求候选,0x752,8,5,1,41,0,0,0.8593,4,26,2.381650
377,26.60,瞬时请求候选,0x23A,8,1,2,10,0,0,0.7272,4,27,0.779200
378,26.60,瞬时请求候选,0x23A,8,2,2,18,0,0,0.8553,4,27,0.779900
379,26.60,瞬时请求候选,0x2A4,8,5,4,44,不一致,1,0.5943,4,27,0.895700
380,26.60,瞬时请求候选,0x300,8,1,3,11,0,0,0.8220,4,27,2.042450
381,26.60,瞬时请求候选,0x300,8,1,4,12,0,0,0.8220,4,27,2.042450
382,26.60,瞬时请求候选,0x300,8,1,5,13,0,0,0.8220,4,27,2.042450
383,26.60,瞬时请求候选,0x300,8,1,6,14,0,0,0.8220,4,27,2.042450
384,26.60,瞬时请求候选,0x300,8,2,1,17,0,0,0.8220,4,27,2.042450
385,26.60,瞬时请求候选,0x300,8,2,7,23,0,0,0.8220,4,27,2.042450
386,26.60,瞬时请求候选,0x300,8,3,3,27,0,0,0.8220,4,27,2.042450
387,26.60,瞬时请求候选,0x300,8,3,5,29,0,0,0.8220,4,27,2.042450
388,26.60,瞬时请求候选,0x300,8,3,7,31,0,0,0.8220,4,27,2.042450
389,26.60,瞬时请求候选,0x300,8,4,1,33,0,0,0.8220,4,27,2.042450
390,26.60,瞬时请求候选,0x300,8,6,0,48,0,0,0.8220,4,27,2.042450
391,26.60,瞬时请求候选,0x300,8,6,6,54,0,0,0.8220,4,27,2.042450
392,26.60,瞬时请求候选,0x302,8,4,3,35,0,不一致,0.5397,4,27,0.058100
393,26.60,瞬时请求候选,0x302,8,7,2,58,不一致,不一致,0.5397,4,27,3.556050
394,26.60,瞬时请求候选,0x302,8,7,3,59,不一致,不一致,0.5397,4,27,3.556050
395,26.60,瞬时请求候选,0x364,4,2,2,18,不一致,1,0.5943,4,27,0.896600
396,26.60,瞬时请求候选,0x38D,8,1,2,10,0,0,0.6822,4,27,1.094500
397,26.60,瞬时请求候选,0x3F2,8,4,6,38,0,0,0.8220,4,27,2.043350
398,26.60,瞬时请求候选,0x3F2,8,5,1,41,0,0,0.7608,4,27,2.043350
399,26.60,瞬时请求候选,0x709,8,2,7,23,0,0,0.8619,4,27,0.391500
400,26.60,瞬时请求候选,0x709,8,3,3,27,0,0,0.9171,4,27,0.391500
401,26.60,瞬时请求候选,0x709,8,5,4,44,0,0,0.8895,4,27,0.391500
402,26.60,瞬时请求候选,0x752,8,1,3,11,0,0,0.8402,4,27,0.881650
403,26.60,瞬时请求候选,0x752,8,5,4,44,0,0,0.7818,4,27,0.382850
404,26.60,瞬时请求候选,0x782,8,0,0,0,1,1,0.5333,4,27,1.189950
405,26.40,瞬时请求候选,0x23A,8,2,7,23,0,0,0.7560,4,28,0.780600
406,26.40,瞬时请求候选,0x300,8,0,0,0,不一致,不一致,0.5397,4,28,0.543000
407,26.40,瞬时请求候选,0x300,8,0,3,3,不一致,不一致,0.5397,4,28,1.543150
408,26.40,瞬时请求候选,0x300,8,0,4,4,不一致,不一致,0.5397,4,28,1.543150
409,26.40,瞬时请求候选,0x300,8,1,1,9,0,0,0.8220,4,28,1.042900
410,26.40,瞬时请求候选,0x300,8,1,2,10,0,0,0.8498,4,28,3.042450
411,26.40,瞬时请求候选,0x300,8,5,2,42,0,0,0.8220,4,28,1.042900
412,26.40,瞬时请求候选,0x300,8,5,4,44,0,0,0.8220,4,28,1.042900
413,26.40,瞬时请求候选,0x300,8,5,5,45,0,0,0.8498,4,28,3.042450
414,26.40,瞬时请求候选,0x300,8,5,6,46,0,0,0.8220,4,28,1.042900
415,26.40,瞬时请求候选,0x300,8,5,7,47,0,0,0.8220,4,28,1.042900
416,26.40,瞬时请求候选,0x300,8,6,2,50,0,0,0.8220,4,28,1.042900
417,26.40,瞬时请求候选,0x300,8,6,7,55,不一致,不一致,0.5397,4,28,0.543000
418,26.40,瞬时请求候选,0x300,8,7,3,59,0,0,0.8498,4,28,3.042450
419,26.40,瞬时请求候选,0x300,8,7,4,60,0,0,0.8220,4,28,1.042900
420,26.40,瞬时请求候选,0x310,8,1,0,8,1,1,0.6833,4,28,0.445600
421,26.40,瞬时请求候选,0x324,8,0,4,4,不一致,不一致,0.6805,4,28,1.271650
422,26.40,瞬时请求候选,0x330,8,2,1,17,0,0,0.7600,4,28,1.990400
423,26.40,瞬时请求候选,0x3C4,8,1,4,12,0,0,0.8333,4,28,2.795600
424,26.40,瞬时请求候选,0x3C4,8,3,2,26,0,0,0.7500,4,28,3.296150
425,26.40,瞬时请求候选,0x3C4,8,7,0,56,0,0,0.7500,4,28,1.795550
426,26.40,瞬时请求候选,0x3F2,8,1,7,15,1,1,0.7426,4,28,0.545250
427,26.40,瞬时请求候选,0x3F2,8,2,4,20,0,不一致,0.5493,4,28,2.543400
428,26.40,瞬时请求候选,0x3F2,8,4,7,39,0,0,0.7426,4,28,0.545250
429,26.40,瞬时请求候选,0x3F2,8,5,4,44,0,0,0.6019,4,28,2.043600
430,26.40,瞬时请求候选,0x3F2,8,6,7,55,0,不一致,0.5493,4,28,2.543400
431,26.40,瞬时请求候选,0x53E,8,0,1,1,不一致,1,0.5143,4,28,0.039250
432,26.40,瞬时请求候选,0x53E,8,0,2,2,0,0,0.6476,4,28,0.039250
433,26.40,瞬时请求候选,0x53E,8,1,0,8,1,1,0.5143,4,28,1.037900
434,26.40,瞬时请求候选,0x53E,8,2,0,16,不一致,1,0.5143,4,28,0.039250
435,26.40,瞬时请求候选,0x53E,8,2,1,17,0,0,0.6762,4,28,0.039250
436,26.40,瞬时请求候选,0x53E,8,2,4,20,0,0,0.6762,4,28,0.039250
437,26.40,瞬时请求候选,0x53E,8,4,0,32,0,0,0.6476,4,28,0.039250
438,26.40,瞬时请求候选,0x53E,8,4,6,38,1,1,0.5143,4,28,1.037900
439,26.40,瞬时请求候选,0x53E,8,4,7,39,0,0,0.6762,4,28,0.039250
440,26.40,瞬时请求候选,0x53E,8,5,6,46,0,0,0.6476,4,28,0.039250
441,26.40,瞬时请求候选,0x53E,8,6,1,49,0,0,0.6476,4,28,0.039250
442,26.40,瞬时请求候选,0x53E,8,6,2,50,0,0,0.6762,4,28,1.037900
443,26.40,瞬时请求候选,0x53E,8,6,3,51,1,1,0.6476,4,28,0.039250
444,26.40,瞬时请求候选,0x53E,8,6,5,53,不一致,1,0.5143,4,28,1.037900
445,26.40,瞬时请求候选,0x53E,8,6,6,54,0,0,0.6762,4,28,1.037900
446,26.40,瞬时请求候选,0x53E,8,6,7,55,不一致,1,0.5143,4,28,1.037900
447,26.40,瞬时请求候选,0x53E,8,7,1,57,0,0,0.6762,4,28,1.037900
448,26.40,瞬时请求候选,0x53E,8,7,3,59,0,0,0.6762,4,28,1.037900
449,26.40,瞬时请求候选,0x53E,8,7,4,60,不一致,1,0.5143,4,28,1.037900
450,26.40,瞬时请求候选,0x53E,8,7,5,61,不一致,1,0.5143,4,28,1.037900
451,26.40,瞬时请求候选,0x53E,8,7,6,62,0,0,0.6762,4,28,1.037900
452,26.40,瞬时请求候选,0x53E,8,7,7,63,0,0,0.6476,4,28,0.039250
453,26.40,瞬时请求候选,0x709,8,2,1,17,0,0,0.9447,4,28,1.342050
454,26.40,瞬时请求候选,0x709,8,2,4,20,0,0,0.9171,4,28,1.186000
455,26.40,瞬时请求候选,0x709,8,6,0,48,0,0,0.9420,4,28,1.966650
456,26.40,瞬时请求候选,0x752,8,5,0,40,0,0,0.8067,4,28,1.382100
457,26.20,瞬时请求候选,0x300,8,2,0,16,0,0,0.8162,4,29,0.543350
458,26.20,瞬时请求候选,0x300,8,2,5,21,0,0,0.8162,4,29,0.543350
459,26.20,瞬时请求候选,0x300,8,3,1,25,0,0,0.8498,4,29,1.043350
460,26.20,瞬时请求候选,0x300,8,3,4,28,0,0,0.8162,4,29,0.543350
461,26.20,瞬时请求候选,0x300,8,4,2,34,1,1,0.6623,4,29,1.043100
462,26.20,瞬时请求候选,0x300,8,4,3,35,0,0,0.6718,4,29,2.042800
463,26.20,瞬时请求候选,0x300,8,4,4,36,0,0,0.6718,4,29,2.042800
464,26.20,瞬时请求候选,0x300,8,4,6,38,0,0,0.6718,4,29,2.042800
465,26.20,瞬时请求候选,0x300,8,6,3,51,0,0,0.8162,4,29,0.543350
466,26.20,瞬时请求候选,0x300,8,7,0,56,0,0,0.6718,4,29,2.042800
467,26.20,瞬时请求候选,0x300,8,7,7,63,0,0,0.6718,4,29,2.042800
468,26.20,瞬时请求候选,0x321,8,7,2,58,不一致,不一致,0.6824,4,29,0.923100
469,26.20,瞬时请求候选,0x330,8,1,2,10,1,1,0.5000,4,29,0.740450
470,26.20,瞬时请求候选,0x330,8,2,0,16,1,1,0.5200,4,29,1.990400
471,26.20,瞬时请求候选,0x330,8,4,7,39,0,0,0.6400,4,29,1.990400
472,26.20,瞬时请求候选,0x330,8,5,7,47,0,0,0.6400,4,29,1.990400
473,26.20,瞬时请求候选,0x330,8,6,0,48,1,1,0.5000,4,29,0.740450
474,26.20,瞬时请求候选,0x330,8,6,5,53,1,1,0.6200,4,29,1.990400
475,26.20,瞬时请求候选,0x330,8,6,7,55,0,0,0.7600,4,29,0.740450
476,26.20,瞬时请求候选,0x330,8,7,4,60,1,1,0.5000,4,29,0.740450
477,26.20,瞬时请求候选,0x3C4,8,2,5,21,0,0,0.7500,4,29,-0.204150
478,26.20,瞬时请求候选,0x3C4,8,6,3,51,0,0,0.7500,4,29,-0.204150
479,26.20,瞬时请求候选,0x3F2,8,5,5,45,0,0,0.6900,4,29,2.043600
480,26.20,瞬时请求候选,0x52F,8,5,1,41,0,0,0.5397,4,29,0.375550
481,26.20,瞬时请求候选,0x70B,8,7,2,58,0,0,0.7331,4,29,1.461950
482,26.00,瞬时请求候选,0x2C2,8,0,1,1,0,0,0.9927,4,30,0.361900
483,26.00,瞬时请求候选,0x3F2,8,2,5,21,0,0,0.5770,4,30,3.043300
484,26.00,瞬时请求候选,0x709,8,6,3,51,0,0,0.9447,4,30,-0.059300
485,26.00,瞬时请求候选,0x70B,8,2,0,16,0,0,0.7943,4,30,1.461950
486,26.00,瞬时请求候选,0x752,8,1,5,13,0,0,0.7913,4,30,1.881650
487,25.80,瞬时请求候选,0x709,8,6,5,53,0,0,0.8895,4,31,-0.059300
488,25.80,瞬时请求候选,0x752,8,7,3,59,0,0,0.8679,4,31,3.381650
489,25.60,瞬时请求候选,0x23A,8,2,5,21,0,0,0.7255,4,32,1.279300
490,25.60,瞬时请求候选,0x709,8,0,3,3,不一致,0,0.5484,4,32,1.062800
491,25.60,瞬时请求候选,0x709,8,6,1,49,0,0,0.8865,4,32,0.251200
492,25.60,瞬时请求候选,0x752,8,2,4,20,0,0,0.7971,4,32,0.881650
493,25.40,瞬时请求候选,0x295,8,7,3,59,0,0,0.6667,4,33,0.479400
494,25.40,瞬时请求候选,0x310,8,1,1,9,0,0,0.6583,4,33,1.445600
495,25.40,瞬时请求候选,0x310,8,4,0,32,1,1,0.5250,4,33,0.445600
496,25.40,瞬时请求候选,0x310,8,4,4,36,0,0,0.6583,4,33,1.445600
497,25.40,瞬时请求候选,0x310,8,5,5,45,1,1,0.5250,4,33,1.445600
498,25.40,瞬时请求候选,0x310,8,5,6,46,1,1,0.5250,4,33,1.445600
499,25.40,瞬时请求候选,0x310,8,7,1,57,0,0,0.6583,4,33,1.445600
500,25.40,瞬时请求候选,0x310,8,7,3,59,1,1,0.5250,4,33,1.445600
501,25.40,瞬时请求候选,0x330,8,0,2,2,0,0,0.6400,4,33,0.740450
502,25.40,瞬时请求候选,0x330,8,1,0,8,1,1,0.7400,4,33,1.990400
503,25.40,瞬时请求候选,0x330,8,4,4,36,1,1,0.5200,4,33,0.740450
504,25.40,瞬时请求候选,0x330,8,4,5,37,1,1,0.5200,4,33,0.740450
505,25.40,瞬时请求候选,0x330,8,5,4,44,1,1,0.5200,4,33,0.740450
506,25.40,瞬时请求候选,0x3B2,8,0,3,3,不一致,0,0.5231,4,33,0.389550
507,25.40,瞬时请求候选,0x70B,8,0,1,1,0,0,0.6133,4,33,1.461950
508,25.40,瞬时请求候选,0x70B,8,1,1,9,0,0,0.7540,4,33,2.462100
509,25.40,瞬时请求候选,0x70B,8,3,2,26,0,0,0.8067,4,33,3.462250
510,25.40,瞬时请求候选,0x70B,8,3,3,27,0,0,0.7177,4,33,2.462100
511,25.40,瞬时请求候选,0x724,3,0,1,1,0,0,0.6133,4,33,1.222350
512,25.40,瞬时请求候选,0x737,7,0,1,1,0,0,0.6133,4,33,0.822150
513,25.20,瞬时请求候选,0x132,6,2,1,17,0,0,0.9983,4,34,0.076900
514,25.20,瞬时请求候选,0x295,8,7,2,58,0,0,0.6667,4,34,0.682150
515,25.20,瞬时请求候选,0x310,8,0,2,2,0,0,0.6583,4,34,1.445600
516,25.20,瞬时请求候选,0x310,8,5,0,40,0,0,0.6583,4,34,1.445600
517,25.20,瞬时请求候选,0x310,8,5,4,44,0,0,0.6583,4,34,1.445600
518,25.20,瞬时请求候选,0x310,8,7,5,61,0,0,0.6583,4,34,1.445600
519,25.20,瞬时请求候选,0x330,8,0,0,0,0,0,0.6200,4,34,1.990400
520,25.20,瞬时请求候选,0x330,8,1,3,11,0,0,0.6200,4,34,3.240400
521,25.20,瞬时请求候选,0x330,8,3,0,24,0,0,0.7600,4,34,1.990400
522,25.20,瞬时请求候选,0x330,8,5,2,42,0,0,0.6200,4,34,0.740450
523,25.20,瞬时请求候选,0x330,8,5,5,45,0,0,0.6200,4,34,0.740450
524,25.20,瞬时请求候选,0x330,8,7,0,56,0,0,0.7600,4,34,3.240400
525,25.20,瞬时请求候选,0x330,8,7,2,58,0,0,0.7400,4,34,3.240400
526,25.20,瞬时请求候选,0x330,8,7,5,61,0,0,0.6200,4,34,3.240400
527,25.20,瞬时请求候选,0x3DD,8,3,6,30,0,0,0.8039,4,34,1.538750
528,25.20,瞬时请求候选,0x709,8,0,7,7,0,0,0.9116,4,34,2.902100
529,25.20,瞬时请求候选,0x709,8,2,3,19,0,0,0.9392,4,34,2.902100
530,25.20,瞬时请求候选,0x709,8,4,2,34,0,0,0.8392,4,34,2.902100
531,25.20,瞬时请求候选,0x70B,8,1,5,13,0,0,0.7177,4,34,0.461900
532,25.20,瞬时请求候选,0x70B,8,1,6,14,0,0,0.7177,4,34,1.461950
533,25.20,瞬时请求候选,0x70B,8,4,7,39,0,0,0.7426,4,34,2.462100
534,25.20,瞬时请求候选,0x70B,8,5,6,46,0,0,0.6536,4,34,1.461950
535,25.20,瞬时请求候选,0x70B,8,7,5,61,0,0,0.7426,4,34,3.462250
536,25.20,瞬时请求候选,0x70B,8,7,6,62,0,0,0.7426,4,34,2.462100
537,25.20,瞬时请求候选,0x737,7,0,2,2,0,0,0.7426,4,34,2.822600
538,25.20,瞬时请求候选,0x752,8,0,1,1,0,不一致,0.5923,4,34,0.382750
539,25.20,瞬时请求候选,0x752,8,4,0,32,0,0,0.7026,4,34,1.881600
540,25.00,瞬时请求候选,0x23A,8,1,0,8,0,不一致,0.6164,4,35,1.780650
541,25.00,瞬时请求候选,0x3DB,8,4,5,37,0,0,0.8942,4,35,3.069600
542,25.00,瞬时请求候选,0x42A,8,5,5,45,不一致,1,0.6810,4,35,0.968550
543,25.00,瞬时请求候选,0x709,8,5,5,45,0,0,0.9392,4,35,0.406550
544,25.00,瞬时请求候选,0x752,8,3,1,25,0,0,0.7790,4,35,0.881650
545,25.00,瞬时请求候选,0x752,8,4,1,33,0,0,0.7331,4,35,2.882250
546,25.00,瞬时请求候选,0x752,8,5,7,47,0,0,0.7885,4,35,1.381550
547,25.00,瞬时请求候选,0x752,8,6,1,49,0,0,0.7636,4,35,0.882200
548,24.80,瞬时请求候选,0x23A,8,1,4,12,0,不一致,0.6740,4,36,1.279200
549,24.80,瞬时请求候选,0x335,8,2,2,18,0,0,0.7703,4,36,0.772750
550,24.80,瞬时请求候选,0x335,8,2,7,23,0,0,0.7703,4,36,0.272600
551,24.80,瞬时请求候选,0x335,8,3,4,28,0,0,0.7703,4,36,0.272600
552,24.80,瞬时请求候选,0x335,8,4,5,37,0,0,0.7426,4,36,1.271350
553,24.80,瞬时请求候选,0x335,8,6,0,48,0,0,0.6813,4,36,0.772450
554,24.80,瞬时请求候选,0x335,8,7,0,56,0,0,0.7521,4,36,2.271000
555,24.80,瞬时请求候选,0x335,8,7,7,63,0,0,0.7521,4,36,2.271000
556,24.80,瞬时请求候选,0x366,8,0,3,3,1,1,0.7426,4,36,-0.248200
557,24.80,瞬时请求候选,0x366,8,0,4,4,0,0,0.7426,4,36,-0.248200
558,24.80,瞬时请求候选,0x366,8,1,2,10,0,0,0.7426,4,36,-0.248200
559,24.80,瞬时请求候选,0x366,8,4,0,32,1,1,0.7426,4,36,-0.248200
560,24.80,瞬时请求候选,0x366,8,4,1,33,0,0,0.7426,4,36,-0.248200
561,24.80,瞬时请求候选,0x366,8,4,5,37,0,0,0.7426,4,36,-0.248200
562,24.80,瞬时请求候选,0x366,8,4,6,38,0,0,0.7426,4,36,-0.248200
563,24.80,瞬时请求候选,0x366,8,5,2,42,0,0,0.7426,4,36,-0.248200
564,24.80,瞬时请求候选,0x366,8,5,3,43,0,0,0.7426,4,36,-0.248200
565,24.80,瞬时请求候选,0x366,8,6,0,48,0,0,0.7426,4,36,-0.248200
566,24.80,瞬时请求候选,0x366,8,6,1,49,0,0,0.7426,4,36,-0.248200
567,24.80,瞬时请求候选,0x366,8,7,2,58,0,0,0.7426,4,36,-0.248200
568,24.80,瞬时请求候选,0x366,8,7,3,59,0,0,0.7426,4,36,-0.248200
569,24.80,瞬时请求候选,0x366,8,7,4,60,0,0,0.7426,4,36,-0.248200
570,24.80,瞬时请求候选,0x366,8,7,5,61,0,0,0.7426,4,36,-0.248200
571,24.80,瞬时请求候选,0x3C4,8,0,1,1,1,1,0.5000,4,36,0.296000
572,24.80,瞬时请求候选,0x3C4,8,5,6,46,0,0,0.6667,4,36,0.296000
573,24.80,瞬时请求候选,0x3C4,8,7,4,60,0,0,0.5833,4,36,0.296000
574,24.80,瞬时请求候选,0x3D5,8,6,0,48,不一致,不一致,0.6324,4,36,0.769100
575,24.80,瞬时请求候选,0x3DD,8,0,1,1,0,0,0.5579,4,36,0.538700
576,24.80,瞬时请求候选,0x43A,6,0,1,1,不一致,0,0.5761,4,36,0.138150
577,24.80,瞬时请求候选,0x43A,6,2,2,18,0,0,0.6872,4,36,1.138650
578,24.80,瞬时请求候选,0x43A,6,2,7,23,0,0,0.6872,4,36,1.138650
579,24.80,瞬时请求候选,0x43A,6,4,0,32,0,0,0.6872,4,36,1.138650
580,24.80,瞬时请求候选,0x43A,6,4,3,35,0,0,0.6872,4,36,1.138650
581,24.60,瞬时请求候选,0x301,8,4,0,32,0,0,0.6296,4,37,1.021850
582,24.60,瞬时请求候选,0x335,8,0,2,2,0,0,0.5828,4,37,0.274400
583,24.60,瞬时请求候选,0x335,8,3,3,27,0,0,0.7971,4,37,-0.226950
584,24.60,瞬时请求候选,0x335,8,3,5,29,0,0,0.7790,4,37,0.272750
585,24.60,瞬时请求候选,0x335,8,4,0,32,0,0,0.7790,4,37,0.272750
586,24.60,瞬时请求候选,0x335,8,4,3,35,0,0,0.7971,4,37,-0.226950
587,24.60,瞬时请求候选,0x38B,8,5,7,47,不一致,0,0.6237,4,37,0.514300
588,24.60,瞬时请求候选,0x3C4,8,2,4,20,0,0,0.5833,4,37,-0.204150
589,24.60,瞬时请求候选,0x3C4,8,4,6,38,0,0,0.5833,4,37,-0.204150
590,24.60,瞬时请求候选,0x3C4,8,6,4,52,1,1,0.5000,4,37,-0.204150
591,24.60,瞬时请求候选,0x3DD,8,1,6,14,0,0,0.6718,4,37,1.039600
592,24.60,瞬时请求候选,0x3DD,8,2,6,22,0,0,0.6687,4,37,0.042750
593,24.60,瞬时请求候选,0x3DD,8,4,1,33,0,0,0.6497,4,37,0.042750
594,24.60,瞬时请求候选,0x3DD,8,5,4,44,0,0,0.7790,4,37,1.040900
595,24.60,瞬时请求候选,0x3DD,8,5,5,45,0,0,0.7703,4,37,1.043150
596,24.60,瞬时请求候选,0x3DD,8,6,3,51,0,0,0.6592,4,37,0.042750
597,24.60,瞬时请求候选,0x3DD,8,6,5,53,0,0,0.6410,4,37,0.042750
598,24.60,瞬时请求候选,0x43A,6,2,5,21,0,0,0.7943,4,37,1.138650
599,24.60,瞬时请求候选,0x43A,6,2,6,22,0,0,0.7943,4,37,1.138650
600,24.60,瞬时请求候选,0x43A,6,4,2,34,0,0,0.7943,4,37,1.138650
601,24.40,瞬时请求候选,0x2E3,7,5,4,44,0,0,0.9612,4,38,0.427550
602,24.40,瞬时请求候选,0x301,8,7,1,57,0,0,0.6813,4,38,1.522950
603,24.40,瞬时请求候选,0x301,8,7,2,58,0,0,0.6813,4,38,1.522950
604,24.40,瞬时请求候选,0x310,8,0,1,1,1,1,0.5000,4,38,1.445600
605,24.40,瞬时请求候选,0x310,8,2,0,16,0,0,0.6583,4,38,0.445600
606,24.40,瞬时请求候选,0x310,8,2,2,18,1,1,0.5000,4,38,1.445600
607,24.40,瞬时请求候选,0x310,8,2,5,21,0,0,0.6583,4,38,0.445600
608,24.40,瞬时请求候选,0x310,8,2,6,22,0,0,0.6583,4,38,0.445600
609,24.40,瞬时请求候选,0x310,8,6,0,48,0,0,0.6583,4,38,0.445600
610,24.40,瞬时请求候选,0x310,8,6,1,49,1,1,0.5000,4,38,1.445600
611,24.40,瞬时请求候选,0x324,8,0,1,1,0,不一致,0.5915,4,38,1.780450
612,24.40,瞬时请求候选,0x330,8,1,6,14,1,1,0.5000,4,38,3.240400
613,24.40,瞬时请求候选,0x330,8,4,1,33,1,1,0.5200,4,38,1.990400
614,24.40,瞬时请求候选,0x3DD,8,4,6,38,0,0,0.7703,4,38,1.538750
615,24.40,瞬时请求候选,0x3DD,8,5,7,47,0,0,0.7636,4,38,0.540800
616,24.40,瞬时请求候选,0x43A,6,1,1,9,0,0,0.7703,4,38,1.637250
617,24.40,瞬时请求候选,0x43A,6,1,2,10,0,0,0.7703,4,38,1.637250
618,24.40,瞬时请求候选,0x43A,6,1,3,11,0,0,0.7703,4,38,1.637250
619,24.40,瞬时请求候选,0x43A,6,1,5,13,0,0,0.7703,4,38,1.637250
620,24.40,瞬时请求候选,0x43A,6,1,6,14,0,0,0.7703,4,38,1.637250
621,24.40,瞬时请求候选,0x43A,6,4,5,37,0,0,0.7790,4,38,1.137200
622,24.40,瞬时请求候选,0x6D4,8,2,2,18,0,0,0.7426,4,38,0.326550
623,24.40,瞬时请求候选,0x6D4,8,2,7,23,0,0,0.6287,4,38,0.326550
624,24.40,瞬时请求候选,0x6D4,8,3,0,24,0,0,0.7426,4,38,0.326550
625,24.40,瞬时请求候选,0x6D4,8,3,4,28,0,0,0.6287,4,38,0.326550
626,24.40,瞬时请求候选,0x6D4,8,3,5,29,0,0,0.6287,4,38,0.326550
627,24.40,瞬时请求候选,0x6D4,8,7,0,56,0,0,0.7608,4,38,-0.174000
628,24.40,瞬时请求候选,0x6D4,8,7,7,63,0,0,0.7608,4,38,-0.174000
629,24.40,瞬时请求候选,0x709,8,2,0,16,0,0,0.8342,4,38,0.406550
630,24.40,瞬时请求候选,0x70B,8,3,4,28,0,0,0.7177,4,38,1.461950
631,24.20,瞬时请求候选,0x301,8,6,2,50,0,0,0.6564,4,39,0.521200
632,24.20,瞬时请求候选,0x301,8,7,5,61,0,不一致,0.5397,4,39,1.023800
633,24.20,瞬时请求候选,0x301,8,7,7,63,0,不一致,0.5397,4,39,1.023800
634,24.20,瞬时请求候选,0x302,8,4,7,39,不一致,0,0.5579,4,39,1.056800
635,24.20,瞬时请求候选,0x302,8,5,6,46,0,0,0.5828,4,39,2.558050
636,24.20,瞬时请求候选,0x302,8,6,0,48,0,0,0.6105,4,39,0.058000
637,24.20,瞬时请求候选,0x302,8,6,5,53,0,0,0.6105,4,39,0.058100
638,24.20,瞬时请求候选,0x302,8,7,1,57,0,0,0.7608,4,39,1.558100
639,24.20,瞬时请求候选,0x302,8,7,5,61,0,0,0.6718,4,39,1.558100
640,24.20,瞬时请求候选,0x302,8,7,7,63,0,0,0.6718,4,39,2.058100
641,24.20,瞬时请求候选,0x303,8,4,5,37,1,1,0.5923,4,39,0.628250
642,24.20,瞬时请求候选,0x303,8,4,6,38,1,不一致,0.5397,4,39,0.628950
643,24.20,瞬时请求候选,0x303,8,7,1,57,0,不一致,0.5397,4,39,0.128900
644,24.20,瞬时请求候选,0x303,8,7,5,61,0,不一致,0.5397,4,39,0.128900
645,24.20,瞬时请求候选,0x303,8,7,7,63,0,不一致,0.5397,4,39,0.128900
646,24.20,瞬时请求候选,0x321,8,7,5,61,不一致,0,0.5579,4,39,1.421000
647,24.20,瞬时请求候选,0x324,8,0,6,6,不一致,0,0.5705,4,39,0.789050
648,24.20,瞬时请求候选,0x330,8,4,2,34,0,0,0.6200,4,39,1.990400
649,24.20,瞬时请求候选,0x38D,8,1,1,9,不一致,0,0.5733,4,39,1.593950
650,24.20,瞬时请求候选,0x3F2,8,1,0,8,0,不一致,0.6287,4,39,0.544100
651,24.20,瞬时请求候选,0x52F,8,5,5,45,不一致,不一致,0.5397,4,39,0.375400
652,24.20,瞬时请求候选,0x709,8,7,0,56,0,0,0.9256,4,39,1.343450
653,24.20,瞬时请求候选,0x70B,8,7,3,59,0,0,0.6536,4,39,1.461950
654,24.00,瞬时请求候选,0x213,2,1,6,14,不一致,1,0.5125,4,40,0.729600
655,24.00,瞬时请求候选,0x232,8,2,1,17,不一致,不一致,0.5551,4,40,1.711450
656,24.00,瞬时请求候选,0x238,8,6,6,54,0,0,0.5419,4,40,0.480100
657,24.00,瞬时请求候选,0x284,8,6,6,54,1,1,0.5125,4,40,0.529250
658,24.00,瞬时请求候选,0x2C3,8,5,0,40,0,0,1.0000,3,0,0.120900
659,24.00,瞬时请求候选,0x2E3,7,6,2,50,0,0,0.9533,4,40,0.828900
660,24.00,瞬时请求候选,0x301,8,5,1,41,1,不一致,0.5493,4,40,2.523850
661,24.00,瞬时请求候选,0x302,8,5,2,42,0,0,0.6192,4,40,2.056700
662,24.00,瞬时请求候选,0x302,8,5,3,43,0,0,0.6192,4,40,2.056700
663,24.00,瞬时请求候选,0x302,8,6,1,49,0,0,0.5579,4,40,0.058000
664,24.00,瞬时请求候选,0x313,8,7,6,62,1,1,0.5397,4,40,0.129000
665,24.00,瞬时请求候选,0x318,8,2,1,17,不一致,0,0.5288,4,40,0.872950
666,24.00,瞬时请求候选,0x321,8,6,5,53,1,1,0.5397,4,40,0.422300
667,24.00,瞬时请求候选,0x324,8,0,0,0,不一致,1,0.6460,4,40,1.779450
668,24.00,瞬时请求候选,0x334,8,6,6,54,1,1,0.5125,4,40,0.829050
669,24.00,瞬时请求候选,0x334,8,7,6,62,不一致,1,0.5125,4,40,0.829050
670,24.00,瞬时请求候选,0x343,8,5,3,43,0,0,1.0000,3,0,0.190100
671,24.00,瞬时请求候选,0x344,8,6,6,54,不一致,0,0.5397,4,40,-0.175250
672,24.00,瞬时请求候选,0x344,8,7,6,62,不一致,1,0.5397,4,40,-0.175250
673,24.00,瞬时请求候选,0x344,8,7,7,63,不一致,0,0.5397,4,40,-0.175250
674,24.00,瞬时请求候选,0x348,8,4,1,33,1,1,0.5397,4,40,0.874500
675,24.00,瞬时请求候选,0x366,8,0,0,0,不一致,0,0.5397,4,40,-0.248200
676,24.00,瞬时请求候选,0x366,8,0,1,1,1,1,0.5397,4,40,0.751800
677,24.00,瞬时请求候选,0x366,8,0,2,2,0,0,0.5397,4,40,0.751800
678,24.00,瞬时请求候选,0x366,8,1,0,8,不一致,1,0.5397,4,40,-0.248200
679,24.00,瞬时请求候选,0x366,8,2,0,16,1,1,0.5397,4,40,0.751800
680,24.00,瞬时请求候选,0x366,8,2,1,17,0,0,0.7426,4,40,0.751800
681,24.00,瞬时请求候选,0x366,8,2,2,18,0,0,0.7426,4,40,0.751800
682,24.00,瞬时请求候选,0x366,8,2,3,19,0,0,0.7426,4,40,0.751800
683,24.00,瞬时请求候选,0x366,8,2,4,20,0,0,0.7426,4,40,0.751800
684,24.00,瞬时请求候选,0x366,8,2,5,21,0,0,0.7426,4,40,0.751800
685,24.00,瞬时请求候选,0x366,8,2,6,22,0,0,0.7426,4,40,0.751800
686,24.00,瞬时请求候选,0x366,8,2,7,23,0,0,0.7426,4,40,0.751800
687,24.00,瞬时请求候选,0x366,8,3,0,24,1,1,0.5397,4,40,0.751800
688,24.00,瞬时请求候选,0x366,8,3,1,25,0,0,0.7426,4,40,0.751800
689,24.00,瞬时请求候选,0x366,8,3,2,26,0,0,0.7426,4,40,0.751800
690,24.00,瞬时请求候选,0x366,8,3,3,27,0,0,0.7426,4,40,0.751800
691,24.00,瞬时请求候选,0x366,8,3,4,28,0,0,0.7426,4,40,0.751800
692,24.00,瞬时请求候选,0x366,8,3,5,29,0,0,0.7426,4,40,0.751800
693,24.00,瞬时请求候选,0x366,8,3,6,30,0,0,0.7426,4,40,0.751800
694,24.00,瞬时请求候选,0x366,8,3,7,31,0,0,0.7426,4,40,0.751800
695,24.00,瞬时请求候选,0x366,8,4,2,34,0,0,0.5397,4,40,0.751800
696,24.00,瞬时请求候选,0x366,8,4,3,35,0,0,0.5397,4,40,0.751800
697,24.00,瞬时请求候选,0x366,8,4,4,36,0,0,0.5397,4,40,0.751800
698,24.00,瞬时请求候选,0x366,8,5,0,40,0,0,0.5397,4,40,0.751800
699,24.00,瞬时请求候选,0x366,8,5,4,44,0,0,0.7971,4,40,-0.248200
700,24.00,瞬时请求候选,0x366,8,5,6,46,0,0,0.7971,4,40,-0.248200
701,24.00,瞬时请求候选,0x366,8,5,7,47,0,0,0.7971,4,40,-0.248200
702,24.00,瞬时请求候选,0x366,8,6,2,50,0,0,0.5397,4,40,0.751800
703,24.00,瞬时请求候选,0x366,8,6,3,51,0,0,0.5397,4,40,0.751800
704,24.00,瞬时请求候选,0x366,8,6,4,52,不一致,1,0.5397,4,40,-0.248200
705,24.00,瞬时请求候选,0x366,8,6,6,54,0,0,0.7971,4,40,-0.248200
706,24.00,瞬时请求候选,0x366,8,7,0,56,0,0,0.5397,4,40,0.751800
707,24.00,瞬时请求候选,0x366,8,7,1,57,0,0,0.7971,4,40,-0.248200
708,24.00,瞬时请求候选,0x38B,8,4,4,36,不一致,1,0.5473,4,40,0.016950
709,24.00,瞬时请求候选,0x3B6,8,6,5,53,不一致,0,0.5397,4,40,-0.230400
710,24.00,瞬时请求候选,0x3B6,8,7,5,61,1,1,0.5397,4,40,0.769450
711,24.00,瞬时请求候选,0x3C4,8,0,2,2,0,0,0.6667,4,40,0.296000
712,24.00,瞬时请求候选,0x3C4,8,1,1,9,0,0,0.5833,4,40,0.296000
713,24.00,瞬时请求候选,0x3C4,8,1,2,10,0,0,0.6667,4,40,1.795550
714,24.00,瞬时请求候选,0x3C4,8,1,5,13,0,0,0.6667,4,40,1.795550
715,24.00,瞬时请求候选,0x3C4,8,2,1,17,0,0,0.6667,4,40,0.296000
716,24.00,瞬时请求候选,0x3C4,8,5,4,44,0,0,0.5833,4,40,0.795500
717,24.00,瞬时请求候选,0x3C4,8,6,0,48,0,0,0.6667,4,40,0.296000
718,24.00,瞬时请求候选,0x3C4,8,6,2,50,0,0,0.7500,4,40,0.296000
719,24.00,瞬时请求候选,0x3C4,8,6,5,53,0,0,0.6667,4,40,0.795500
720,24.00,瞬时请求候选,0x3C4,8,7,1,57,0,0,0.5833,4,40,0.795500
721,24.00,瞬时请求候选,0x3C4,8,7,6,62,0,0,0.5833,4,40,0.296000
722,24.00,瞬时请求候选,0x3CC,8,3,0,24,不一致,1,0.5125,4,40,0.883500
723,24.00,瞬时请求候选,0x3DB,8,0,2,2,0,0,0.5890,4,40,0.569450
724,24.00,瞬时请求候选,0x3DB,8,0,3,3,0,0,0.6139,4,40,0.569450
725,24.00,瞬时请求候选,0x3DB,8,1,5,13,0,0,0.7426,4,40,0.069500
726,24.00,瞬时请求候选,0x3DB,8,2,0,16,0,0,0.7426,4,40,0.069500
727,24.00,瞬时请求候选,0x3DB,8,2,1,17,0,0,0.7426,4,40,0.069500
728,24.00,瞬时请求候选,0x3DB,8,2,2,18,0,0,0.7426,4,40,0.069500
729,24.00,瞬时请求候选,0x3DD,8,1,1,9,0,0,0.7722,4,40,1.042200
730,24.00,瞬时请求候选,0x3F2,8,6,1,49,0,0,0.6718,4,40,0.045350
731,24.00,瞬时请求候选,0x3FE,8,0,1,1,不一致,1,0.5397,4,40,-0.228100
732,24.00,瞬时请求候选,0x3FE,8,1,1,9,不一致,0,0.5397,4,40,-0.228100
733,24.00,瞬时请求候选,0x528,4,3,1,25,1,1,0.5397,4,40,0.875300
734,24.00,瞬时请求候选,0x52F,8,7,7,63,1,1,0.5397,4,40,0.874350
735,24.00,瞬时请求候选,0x6D4,8,0,1,1,不一致,1,0.5397,4,40,-0.174000
736,24.00,瞬时请求候选,0x6D4,8,1,0,8,0,0,0.6287,4,40,0.826100
737,24.00,瞬时请求候选,0x6D4,8,2,1,17,1,0,0.5397,4,40,0.826500
738,24.00,瞬时请求候选,0x6D4,8,4,1,33,0,0,0.7540,4,40,1.325700
739,24.00,瞬时请求候选,0x6D4,8,4,2,34,0,0,0.7359,4,40,1.825750
740,24.00,瞬时请求候选,0x6D4,8,6,3,51,0,0,0.7177,4,40,0.825600
741,24.00,瞬时请求候选,0x6D4,8,7,1,57,0,0,0.7426,4,40,0.826500
742,24.00,瞬时请求候选,0x6D4,8,7,3,59,0,0,0.7426,4,40,0.826500
743,24.00,瞬时请求候选,0x752,8,5,2,42,0,0,0.7331,4,40,1.381650
744,24.00,瞬时请求候选,0x7A8,8,6,5,53,0,0,1.0000,3,0,0.168500
745,24.00,瞬时请求候选,0x7F1,7,0,0,0,不一致,1,0.5234,4,40,-0.123450
746,24.00,瞬时请求候选,0x7F1,7,0,1,1,1,1,0.5234,4,40,-0.123450
747,24.00,瞬时请求候选,0x7F1,7,3,0,24,1,1,0.5234,4,40,-0.123450
748,24.00,瞬时请求候选,0x7F1,7,3,1,25,1,1,0.5234,4,40,-0.123450
749,24.00,瞬时请求候选,0x7F1,7,3,2,26,1,1,0.5234,4,40,-0.123450
750,24.00,瞬时请求候选,0x7F1,7,3,3,27,1,1,0.5234,4,40,-0.123450
751,24.00,瞬时请求候选,0x7F1,7,5,3,43,不一致,1,0.5234,4,40,-0.123450
752,23.80,瞬时请求候选,0x20C,8,1,5,13,不一致,不一致,0.5307,4,41,1.327700
753,23.80,瞬时请求候选,0x23A,8,1,1,9,不一致,1,0.7168,4,41,1.780650
754,23.80,瞬时请求候选,0x301,8,4,1,33,0,0,0.5397,4,41,0.522900
755,23.80,瞬时请求候选,0x301,8,4,4,36,0,0,0.5493,4,41,0.522300
756,23.80,瞬时请求候选,0x324,8,1,3,11,1,不一致,0.5493,4,41,0.779350
757,23.80,瞬时请求候选,0x3C4,8,2,0,16,0,0,0.7500,4,41,-0.204150
758,23.80,瞬时请求候选,0x3C4,8,4,0,32,1,1,0.5000,4,41,-0.204150
759,23.80,瞬时请求候选,0x3C4,8,4,2,34,1,1,0.5000,4,41,-0.204150
760,23.80,瞬时请求候选,0x3C4,8,4,7,39,0,0,0.7500,4,41,-0.204150
761,23.80,瞬时请求候选,0x3C4,8,6,1,49,0,0,0.6667,4,41,-0.204150
762,23.80,瞬时请求候选,0x3DB,8,1,3,11,0,0,0.8713,4,41,0.069500
763,23.80,瞬时请求候选,0x3DB,8,1,4,12,0,0,0.8713,4,41,0.069500
764,23.80,瞬时请求候选,0x3DB,8,2,3,19,0,0,0.8713,4,41,0.069500
765,23.80,瞬时请求候选,0x3DB,8,5,0,40,0,0,0.8713,4,41,0.069500
766,23.80,瞬时请求候选,0x3DB,8,5,1,41,0,0,0.8713,4,41,0.069500
767,23.80,瞬时请求候选,0x3E9,8,7,6,62,0,不一致,0.5266,4,41,0.452450
768,23.80,瞬时请求候选,0x3F2,8,6,3,51,0,0,0.6813,4,41,0.045350
769,23.80,瞬时请求候选,0x709,8,6,7,55,0,0,0.9171,4,41,0.721000
770,23.60,瞬时请求候选,0x2E3,7,6,0,48,0,0,0.9522,4,42,0.628200
771,23.60,瞬时请求候选,0x323,5,0,0,0,0,0,0.9905,3,2,0.795700
772,23.60,瞬时请求候选,0x38B,8,2,4,20,1,不一致,0.5306,4,42,1.011300
773,23.60,瞬时请求候选,0x38D,8,1,0,8,不一致,不一致,0.6164,4,42,0.596000
774,23.60,瞬时请求候选,0x39B,8,6,6,54,不一致,不一致,0.5306,4,42,0.462100
775,23.60,瞬时请求候选,0x39B,8,7,6,62,不一致,1,0.5306,4,42,0.466950
776,23.60,瞬时请求候选,0x3DD,8,0,5,5,0,0,0.6192,4,42,0.540450
777,23.60,瞬时请求候选,0x3DD,8,3,4,28,0,0,0.7454,4,42,1.542200
778,23.60,瞬时请求候选,0x3F2,8,2,0,16,0,0,0.5828,4,42,1.044900
779,23.60,瞬时请求候选,0x3F2,8,2,6,22,0,0,0.6536,4,42,0.544850
780,23.60,瞬时请求候选,0x3F2,8,6,6,54,0,不一致,0.5397,4,42,0.544850
781,23.60,瞬时请求候选,0x42A,8,6,0,48,不一致,0,0.6108,4,42,1.870700
782,23.60,瞬时请求候选,0x4E2,8,3,2,26,0,0,0.9736,4,42,-0.149000
783,23.60,瞬时请求候选,0x4E2,8,3,4,28,0,0,0.9754,4,42,0.251150
784,23.60,瞬时请求候选,0x4E2,8,3,5,29,0,0,0.9754,4,42,0.251150
785,23.60,瞬时请求候选,0x52F,8,6,7,55,不一致,不一致,0.5397,4,42,0.375550
786,23.60,瞬时请求候选,0x6D4,8,0,2,2,0,0,0.6038,4,42,0.825600
787,23.60,瞬时请求候选,0x6D4,8,5,6,46,0,0,0.6038,4,42,0.825600
788,23.60,瞬时请求候选,0x6D4,8,6,0,48,0,0,0.6220,4,42,1.825750
789,23.60,瞬时请求候选,0x6D4,8,6,1,49,0,0,0.7540,4,42,1.325700
790,23.60,瞬时请求候选,0x6D4,8,6,4,52,0,0,0.7540,4,42,1.325700
791,23.40,瞬时请求候选,0x20C,8,2,0,16,不一致,0,0.9257,3,3,2.580400
792,23.40,瞬时请求候选,0x23A,8,0,1,1,1,不一致,0.5397,4,43,1.279200
793,23.40,瞬时请求候选,0x324,8,0,2,2,不一致,0,0.6928,4,43,0.785500
794,23.40,瞬时请求候选,0x3F2,8,3,1,25,0,0,0.5828,4,43,2.043750
795,23.40,瞬时请求候选,0x3F2,8,3,2,26,0,0,0.5674,4,43,2.543400
796,23.40,瞬时请求候选,0x3F2,8,3,3,27,1,1,0.5828,4,43,2.043750
797,23.40,瞬时请求候选,0x42A,8,5,7,47,不一致,不一致,0.5728,4,43,0.969250
798,23.20,瞬时请求候选,0x213,2,0,6,6,不一致,1,0.5397,4,44,1.229000
799,23.20,瞬时请求候选,0x232,8,2,0,16,0,不一致,0.6709,4,44,0.711450
800,23.20,瞬时请求候选,0x284,8,7,6,62,不一致,0,0.5397,4,44,1.029050
801,23.20,瞬时请求候选,0x293,8,6,6,54,不一致,1,0.5397,4,44,1.179900
802,23.20,瞬时请求候选,0x313,8,6,6,54,不一致,1,0.5397,4,44,1.128850
803,23.20,瞬时请求候选,0x366,8,6,5,53,1,1,0.7177,4,44,1.751900
804,23.20,瞬时请求候选,0x366,8,6,7,55,1,1,0.7177,4,44,1.751900
805,23.20,瞬时请求候选,0x3C9,8,0,1,1,不一致,1,0.5397,4,44,1.711750
806,23.20,瞬时请求候选,0x3DB,8,0,4,4,0,0,0.8986,4,44,2.569600
807,23.20,瞬时请求候选,0x3DB,8,0,6,6,0,0,0.8986,4,44,2.569600
808,23.20,瞬时请求候选,0x3DB,8,1,2,10,0,0,0.8986,4,44,2.069500
809,23.20,瞬时请求候选,0x3DB,8,3,3,27,0,0,0.8588,4,44,1.069500
810,23.20,瞬时请求候选,0x3DB,8,3,4,28,0,0,0.8588,4,44,1.569500
811,23.20,瞬时请求候选,0x3DB,8,3,6,30,0,0,0.8588,4,44,1.569500
812,23.20,瞬时请求候选,0x3DB,8,3,7,31,0,0,0.8588,4,44,1.569500
813,23.20,瞬时请求候选,0x3DB,8,5,7,47,0,0,0.8986,4,44,2.069500
814,23.20,瞬时请求候选,0x3E9,8,6,6,54,不一致,0,0.5384,4,44,1.242650
815,23.20,瞬时请求候选,0x3F2,8,0,1,1,不一致,1,0.5397,4,44,1.043950
816,23.20,瞬时请求候选,0x3F2,8,2,1,17,不一致,1,0.5397,4,44,0.544850
817,23.20,瞬时请求候选,0x407,8,1,2,10,不一致,0,0.5397,4,44,1.097400
818,23.20,瞬时请求候选,0x443,6,1,2,10,不一致,0,0.5397,4,44,1.123700
819,23.20,瞬时请求候选,0x4E2,8,3,1,25,0,0,0.9736,4,44,0.251150
820,23.20,瞬时请求候选,0x6D4,8,5,4,44,0,0,0.7177,4,44,1.826050
821,23.20,瞬时请求候选,0x6D4,8,7,5,61,0,0,0.7177,4,44,1.826050
822,23.20,瞬时请求候选,0x727,2,0,1,1,不一致,0,0.5397,4,44,1.296250
823,23.20,瞬时请求候选,0x75D,8,5,0,40,0,0,0.9416,4,44,1.036500
824,23.00,瞬时请求候选,0x232,8,2,2,18,不一致,1,0.6318,4,45,1.211450
825,23.00,瞬时请求候选,0x238,8,7,6,62,不一致,1,0.5373,4,45,1.479350
826,23.00,瞬时请求候选,0x293,8,7,6,62,不一致,0,0.5273,4,45,1.679050
827,23.00,瞬时请求候选,0x319,8,0,2,2,0,0,0.6623,4,45,2.063650
828,23.00,瞬时请求候选,0x330,8,5,6,46,0,0,0.6200,4,45,0.740450
829,23.00,瞬时请求候选,0x382,5,0,0,0,不一致,不一致,0.9560,3,5,0.772400
830,23.00,瞬时请求候选,0x3DB,8,2,5,21,0,0,0.8713,4,45,3.069600
831,23.00,瞬时请求候选,0x3DB,8,3,5,29,0,0,0.8713,4,45,3.069600
832,23.00,瞬时请求候选,0x3DD,8,0,4,4,不一致,0,0.6010,4,45,1.040950
833,23.00,瞬时请求候选,0x407,8,0,2,2,1,1,0.5273,4,45,1.597000
834,23.00,瞬时请求候选,0x443,6,0,2,2,1,1,0.5273,4,45,1.622650
835,23.00,瞬时请求候选,0x70B,8,1,2,10,0,0,0.6592,4,45,1.461950
836,23.00,瞬时请求候选,0x70B,8,3,7,31,0,0,0.7177,4,45,0.461900
837,23.00,瞬时请求候选,0x726,3,0,1,1,0,0,0.5397,4,45,1.199050
838,22.80,瞬时请求候选,0x782,8,2,0,16,不一致,0,0.9250,3,6,1.992300
839,22.80,瞬时请求候选,0x330,8,5,0,40,0,0,0.6200,4,46,0.740450
840,22.80,瞬时请求候选,0x330,8,6,4,52,1,1,0.5000,4,46,0.740450
841,22.80,瞬时请求候选,0x3F2,8,1,1,9,不一致,不一致,0.6441,4,46,0.545250
842,22.80,瞬时请求候选,0x4E3,8,3,1,25,0,0,0.9679,4,46,0.834450
843,22.80,瞬时请求候选,0x4E3,8,3,3,27,0,0,0.9679,4,46,0.834450
844,22.80,瞬时请求候选,0x4E3,8,3,5,29,0,0,0.9679,4,46,0.834450
845,22.80,瞬时请求候选,0x4E3,8,3,7,31,0,0,0.9679,4,46,0.834450
846,22.80,瞬时请求候选,0x4E3,8,4,0,32,0,0,0.9679,4,46,0.834450
847,22.80,瞬时请求候选,0x4E3,8,4,1,33,0,0,0.9679,4,46,0.834450
848,22.80,瞬时请求候选,0x4E3,8,4,2,34,0,0,0.9679,4,46,0.834450
849,22.80,瞬时请求候选,0x4E3,8,4,3,35,0,0,0.9679,4,46,0.834450
850,22.80,瞬时请求候选,0x52F,8,6,2,50,不一致,1,0.5397,4,46,0.375050
851,22.80,瞬时请求候选,0x70B,8,6,3,51,0,0,0.6536,4,46,1.461950
852,22.80,瞬时请求候选,0x7C8,8,1,6,14,0,0,0.6967,4,46,0.534850
853,22.80,瞬时请求候选,0x7E8,8,1,6,14,0,0,0.6967,4,46,1.025850
854,22.80,瞬时请求候选,0x7E8,8,2,1,17,0,0,0.6967,4,46,1.025850
855,22.80,瞬时请求候选,0x7E8,8,4,1,33,0,0,0.6967,4,46,1.025850
856,22.60,瞬时请求候选,0x379,8,6,1,49,0,0,0.9786,4,47,0.076150
857,22.60,瞬时请求候选,0x709,8,2,2,18,0,0,0.8839,4,47,0.406550
858,22.60,瞬时请求候选,0x7E8,8,1,1,9,0,0,0.6995,4,47,1.025850
859,22.40,瞬时请求候选,0x23A,8,4,5,37,0,0,0.8584,3,8,0.279900
860,22.40,瞬时请求候选,0x23A,8,5,5,45,0,0,0.8794,3,8,1.277300
861,22.40,瞬时请求候选,0x23A,8,7,2,58,0,0,0.8584,3,8,0.279900
862,22.40,瞬时请求候选,0x23A,8,7,4,60,0,0,0.8584,3,8,0.279900
863,22.40,瞬时请求候选,0x335,8,1,0,8,0,0,0.6105,4,48,-0.226950
864,22.40,瞬时请求候选,0x335,8,4,4,36,0,0,0.6813,4,48,0.272600
865,22.40,瞬时请求候选,0x335,8,4,6,38,0,0,0.6813,4,48,0.272600
866,22.40,瞬时请求候选,0x38D,8,1,5,13,不一致,0,0.9474,3,8,1.095300
867,22.40,瞬时请求候选,0x38D,8,1,6,14,不一致,1,0.9474,3,8,1.095300
868,22.40,瞬时请求候选,0x70B,8,4,3,35,0,0,0.5493,4,48,0.461900
869,22.40,瞬时请求候选,0x7C8,8,0,0,0,1,1,0.6010,4,48,1.034800
870,22.40,瞬时请求候选,0x7C8,8,0,1,1,1,1,0.5493,4,48,0.534750
871,22.40,瞬时请求候选,0x7C8,8,0,2,2,0,0,0.7177,4,48,0.035550
872,22.40,瞬时请求候选,0x7C8,8,1,3,11,0,0,0.7149,4,48,0.534100
873,22.40,瞬时请求候选,0x7C8,8,3,6,30,0,0,0.7149,4,48,1.533200
874,22.40,瞬时请求候选,0x7C8,8,3,7,31,0,0,0.7149,4,48,1.533200
875,22.40,瞬时请求候选,0x7C8,8,4,0,32,0,0,0.6038,4,48,0.034900
876,22.40,瞬时请求候选,0x7C8,8,4,2,34,0,0,0.6010,4,48,1.034800
877,22.40,瞬时请求候选,0x7C8,8,4,6,38,0,0,0.7177,4,48,0.035550
878,22.40,瞬时请求候选,0x7C8,8,5,1,41,0,0,0.7149,4,48,1.533200
879,22.40,瞬时请求候选,0x7E8,8,0,0,0,1,1,0.6010,4,48,1.525800
880,22.40,瞬时请求候选,0x7E8,8,0,1,1,1,1,0.5493,4,48,1.025900
881,22.40,瞬时请求候选,0x7E8,8,0,2,2,0,0,0.7177,4,48,0.526650
882,22.40,瞬时请求候选,0x7E8,8,1,3,11,0,0,0.7149,4,48,1.025200
883,22.40,瞬时请求候选,0x7E8,8,5,1,41,0,0,0.7149,4,48,2.024300
884,22.40,瞬时请求候选,0x7E8,8,5,2,42,0,0,0.7149,4,48,2.024300
885,22.40,瞬时请求候选,0x7E8,8,5,5,45,0,0,0.7149,4,48,2.024300
886,22.20,瞬时请求候选,0x252,8,2,0,16,不一致,0,0.6355,3,9,3.384000
887,22.20,瞬时请求候选,0x319,8,0,1,1,0,0,0.5579,4,49,1.063250
888,22.20,瞬时请求候选,0x335,8,2,1,17,0,0,0.6287,4,49,-0.226950
889,22.20,瞬时请求候选,0x335,8,4,1,33,0,0,0.6900,4,49,-0.225200
890,22.20,瞬时请求候选,0x335,8,4,2,34,0,0,0.7082,4,49,-0.226950
891,22.20,瞬时请求候选,0x3C4,8,0,0,0,1,1,0.5000,4,49,-0.204150
892,22.20,瞬时请求候选,0x3C4,8,1,0,8,1,1,0.5000,4,49,-0.204150
893,22.20,瞬时请求候选,0x7C8,8,1,1,9,0,0,0.7177,4,49,0.536600
894,22.20,瞬时请求候选,0x7C8,8,2,1,17,0,0,0.7331,4,49,0.534750
895,22.20,瞬时请求候选,0x7C8,8,2,2,18,0,0,0.7359,4,49,0.034900
896,22.20,瞬时请求候选,0x7C8,8,4,1,33,0,0,0.7331,4,49,0.534750
897,22.20,瞬时请求候选,0x7C8,8,4,3,35,0,0,0.7359,4,49,0.034900
898,22.20,瞬时请求候选,0x7C8,8,4,5,37,0,0,0.7331,4,49,0.534750
899,22.20,瞬时请求候选,0x7E8,8,2,7,23,0,0,0.7359,4,49,0.525950
900,22.20,瞬时请求候选,0x7E8,8,4,3,35,0,0,0.7359,4,49,0.525950
901,22.00,瞬时请求候选,0x23A,8,4,4,36,0,0,0.8738,3,10,1.277300
902,22.00,瞬时请求候选,0x324,8,1,5,13,不一致,0,0.5915,3,10,1.265500
903,22.00,瞬时请求候选,0x330,8,0,1,1,不一致,1,0.5200,4,50,0.740450
904,22.00,瞬时请求候选,0x335,8,0,1,1,不一致,0,0.5397,4,50,0.272750
905,22.00,瞬时请求候选,0x335,8,3,0,24,0,0,0.6010,4,50,0.272750
906,22.00,瞬时请求候选,0x3A1,8,5,5,45,0,0,0.9973,3,10,0.953200
907,22.00,瞬时请求候选,0x3DB,8,4,4,36,0,0,0.8484,4,50,0.569450
908,22.00,瞬时请求候选,0x3FE,8,0,4,4,0,0,0.6497,3,10,1.770400
909,22.00,瞬时请求候选,0x400,7,0,3,3,不一致,0,0.9104,3,10,2.195200
910,22.00,瞬时请求候选,0x42A,8,0,4,4,不一致,0,0.8525,3,10,2.368700
911,22.00,瞬时请求候选,0x70B,8,1,7,15,0,0,0.7177,4,50,0.461900
912,22.00,瞬时请求候选,0x70B,8,2,6,22,0,0,0.6287,4,50,0.461900
913,22.00,瞬时请求候选,0x70B,8,3,1,25,0,0,0.6287,4,50,1.461950
914,22.00,瞬时请求候选,0x70B,8,5,2,42,0,0,0.7177,4,50,0.461900
915,22.00,瞬时请求候选,0x72A,8,1,2,10,不一致,不一致,0.7500,3,10,3.045300
916,22.00,瞬时请求候选,0x72A,8,1,6,14,不一致,不一致,0.7500,3,10,3.045300
917,22.00,瞬时请求候选,0x72A,8,2,0,16,不一致,不一致,0.7500,3,10,3.045300
918,22.00,瞬时请求候选,0x72A,8,2,4,20,1,1,0.7500,3,10,3.045300
919,22.00,瞬时请求候选,0x72A,8,4,1,33,不一致,不一致,0.7500,3,10,3.045300
920,22.00,瞬时请求候选,0x72A,8,5,5,45,不一致,不一致,0.7500,3,10,3.045300
921,22.00,瞬时请求候选,0x72A,8,6,5,53,不一致,不一致,0.7500,3,10,3.045300
922,22.00,瞬时请求候选,0x72A,8,7,3,59,不一致,不一致,0.7500,3,10,3.045300
923,22.00,瞬时请求候选,0x72A,8,7,4,60,不一致,不一致,0.7500,3,10,3.045300
924,22.00,瞬时请求候选,0x72A,8,7,5,61,不一致,不一致,0.7500,3,10,3.045300
925,21.80,瞬时请求候选,0x20C,8,1,7,15,不一致,1,0.7361,3,11,2.580400
926,21.80,瞬时请求候选,0x23A,8,6,5,53,0,0,0.8374,3,11,1.277300
927,21.80,瞬时请求候选,0x52F,8,6,4,52,不一致,1,0.5915,3,11,2.871900
928,21.80,瞬时请求候选,0x726,3,0,3,3,不一致,不一致,0.6133,3,11,4.200600
929,21.80,瞬时请求候选,0x72A,8,0,1,1,不一致,不一致,0.6500,3,11,3.046500
930,21.80,瞬时请求候选,0x72A,8,1,4,12,1,1,0.6500,3,11,3.046500
931,21.80,瞬时请求候选,0x72A,8,2,3,19,不一致,不一致,0.6500,3,11,3.046500
932,21.80,瞬时请求候选,0x72A,8,2,7,23,不一致,不一致,0.6500,3,11,3.046500
933,21.80,瞬时请求候选,0x72A,8,3,2,26,不一致,不一致,0.6500,3,11,3.046500
934,21.80,瞬时请求候选,0x72A,8,3,5,29,1,1,0.6500,3,11,3.046500
935,21.80,瞬时请求候选,0x72A,8,3,6,30,不一致,不一致,0.6500,3,11,3.046500
936,21.80,瞬时请求候选,0x72A,8,4,4,36,1,1,0.6500,3,11,3.046500
937,21.80,瞬时请求候选,0x72A,8,4,6,38,不一致,不一致,0.6500,3,11,3.046500
938,21.80,瞬时请求候选,0x72A,8,5,0,40,1,1,0.6500,3,11,3.046500
939,21.80,瞬时请求候选,0x72A,8,5,4,44,1,1,0.6500,3,11,3.046500
940,21.80,瞬时请求候选,0x72A,8,6,4,52,1,1,0.6500,3,11,3.046500
941,21.80,瞬时请求候选,0x782,8,1,1,9,不一致,1,0.7583,3,11,1.492900
942,21.80,瞬时请求候选,0x782,8,1,4,12,不一致,不一致,0.7250,3,11,1.992300
943,21.80,瞬时请求候选,0x2E2,8,1,6,14,0,0,0.9409,4,51,0.629700
944,21.80,瞬时请求候选,0x2E2,8,1,7,15,0,0,0.9409,4,51,0.629700
945,21.80,瞬时请求候选,0x2E2,8,2,0,16,0,0,0.9409,4,51,0.629700
946,21.80,瞬时请求候选,0x2E2,8,2,1,17,0,0,0.9409,4,51,0.629700
947,21.80,瞬时请求候选,0x302,8,0,1,1,0,不一致,0.5397,4,51,0.557100
948,21.80,瞬时请求候选,0x302,8,0,2,2,0,0,0.6900,4,51,0.558200
949,21.80,瞬时请求候选,0x302,8,5,0,40,0,0,0.6718,4,51,1.558100
950,21.80,瞬时请求候选,0x302,8,5,5,45,0,0,0.6718,4,51,1.558100
951,21.80,瞬时请求候选,0x303,8,0,1,1,0,不一致,0.5397,4,51,0.628950
952,21.80,瞬时请求候选,0x303,8,0,2,2,0,0,0.6900,4,51,0.629600
953,21.80,瞬时请求候选,0x330,8,4,0,32,1,1,0.5000,4,51,1.990400
954,21.80,瞬时请求候选,0x70B,8,4,5,37,0,0,0.5646,4,51,0.461900
955,21.80,瞬时请求候选,0x70B,8,6,4,52,0,0,0.5646,4,51,1.461950
956,21.80,瞬时请求候选,0x70B,8,6,5,53,0,0,0.5646,4,51,1.461950
957,21.80,瞬时请求候选,0x70B,8,6,7,55,0,0,0.5646,4,51,1.461950
958,21.80,瞬时请求候选,0x70B,8,7,0,56,0,0,0.5646,4,51,1.461950
959,21.80,瞬时请求候选,0x70B,8,7,1,57,0,0,0.5646,4,51,1.461950
960,21.80,瞬时请求候选,0x70B,8,7,4,60,0,0,0.5646,4,51,1.461950
961,21.60,瞬时请求候选,0x23A,8,5,1,41,0,0,0.8067,3,12,3.280100
962,21.60,瞬时请求候选,0x2A4,8,1,4,12,不一致,不一致,0.8489,3,12,0.893700
963,21.60,瞬时请求候选,0x2C2,8,2,2,18,0,0,0.9766,4,52,0.223350
964,21.60,瞬时请求候选,0x301,8,0,1,1,0,不一致,0.5397,4,52,0.523600
965,21.60,瞬时请求候选,0x301,8,0,2,2,0,0,0.6900,4,52,0.524250
966,21.60,瞬时请求候选,0x301,8,4,3,35,0,0,0.5770,4,52,0.521200
967,21.60,瞬时请求候选,0x302,8,4,0,32,0,0,0.5674,4,52,0.558100
968,21.60,瞬时请求候选,0x302,8,4,5,37,0,不一致,0.5397,4,52,0.058000
969,21.60,瞬时请求候选,0x302,8,5,1,41,0,0,0.6192,4,52,2.056700
970,21.60,瞬时请求候选,0x31A,8,7,7,63,不一致,不一致,0.5246,4,52,0.162300
971,21.60,瞬时请求候选,0x335,8,5,2,42,0,0,0.9205,3,12,3.771300
972,21.60,瞬时请求候选,0x335,8,5,6,46,0,0,0.9205,3,12,3.771300
973,21.60,瞬时请求候选,0x3C4,8,5,5,45,0,0,0.5833,4,52,0.296000
974,21.60,瞬时请求候选,0x3F2,8,1,3,11,1,1,0.7235,4,52,0.045400
975,21.60,瞬时请求候选,0x40A,8,7,7,63,不一致,不一致,0.5299,4,52,0.581050
976,21.60,瞬时请求候选,0x709,8,3,0,24,0,0,0.8523,4,52,2.902100
977,21.60,瞬时请求候选,0x782,8,1,7,15,不一致,1,0.7583,3,12,1.492900
978,21.40,瞬时请求候选,0x23A,8,5,2,42,0,0,0.7112,3,13,3.280100
979,21.40,瞬时请求候选,0x301,8,0,5,5,0,0,0.8593,3,13,3.025500
980,21.40,瞬时请求候选,0x301,8,4,5,37,1,1,0.6010,4,53,0.521200
981,21.40,瞬时请求候选,0x301,8,5,2,42,0,0,0.6287,4,53,0.522900
982,21.40,瞬时请求候选,0x301,8,5,3,43,0,0,0.6287,4,53,0.522900
983,21.40,瞬时请求候选,0x301,8,5,4,44,0,0,0.6813,3,13,1.023700
984,21.40,瞬时请求候选,0x301,8,6,7,55,不一致,1,0.5579,3,13,0.022400
985,21.40,瞬时请求候选,0x301,8,7,0,56,0,0,0.6813,3,13,1.023700
986,21.40,瞬时请求候选,0x301,8,7,6,62,0,0,0.6813,3,13,1.023700
987,21.40,瞬时请求候选,0x302,8,0,5,5,0,0,0.8593,3,13,3.058600
988,21.40,瞬时请求候选,0x302,8,4,1,33,0,0,0.5579,4,53,0.058000
989,21.40,瞬时请求候选,0x302,8,4,2,34,0,0,0.6469,4,53,0.058000
990,21.40,瞬时请求候选,0x303,8,0,5,5,0,0,0.8593,3,13,3.130500
991,21.40,瞬时请求候选,0x335,8,0,4,4,0,1,0.5770,3,13,4.770500
992,21.40,瞬时请求候选,0x335,8,0,5,5,0,0,0.8058,3,13,1.772300
993,21.40,瞬时请求候选,0x3C4,8,3,0,24,0,0,0.5833,4,53,-0.204150
994,21.40,瞬时请求候选,0x3C4,8,4,3,35,0,0,0.6667,4,53,-0.204150
995,21.40,瞬时请求候选,0x3C4,8,4,4,36,1,1,0.5833,4,53,-0.204150
996,21.40,瞬时请求候选,0x3F2,8,1,6,14,1,1,0.9205,3,13,0.046300
997,21.40,瞬时请求候选,0x752,8,4,6,38,0,0,0.9110,3,13,3.382300
998,21.20,瞬时请求候选,0x300,8,4,0,32,不一致,不一致,0.5397,4,54,0.043000
999,21.20,瞬时请求候选,0x31A,8,6,7,55,不一致,不一致,0.5282,4,54,0.762750
1000,21.20,瞬时请求候选,0x38B,8,2,7,23,不一致,不一致,0.8758,3,14,1.161700
1001,21.20,瞬时请求候选,0x38D,8,1,4,12,不一致,0,0.8822,3,14,2.093100
1002,21.20,瞬时请求候选,0x393,8,3,3,27,0,0,0.9707,4,54,0.273750
1003,21.20,瞬时请求候选,0x3C9,8,0,2,2,0,0,0.6908,3,14,1.710900
1004,21.20,瞬时请求候选,0x3DB,8,4,0,32,0,0,0.8359,4,54,1.569500
1005,21.20,瞬时请求候选,0x3DB,8,4,2,34,0,0,0.8359,4,54,1.569500
1006,21.20,瞬时请求候选,0x3DD,8,1,0,8,不一致,不一致,0.5397,4,54,0.040600
1007,21.20,瞬时请求候选,0x3DD,8,1,4,12,1,1,0.5579,4,54,0.040600
1008,21.20,瞬时请求候选,0x3F2,8,0,2,2,0,0,0.6908,3,14,1.043700
1009,21.20,瞬时请求候选,0x3F2,8,2,7,23,1,1,0.5923,4,54,0.044450
1010,21.20,瞬时请求候选,0x3F2,8,6,0,48,0,0,0.6536,4,54,0.045350
1011,21.20,瞬时请求候选,0x3F2,8,6,2,50,0,0,0.6536,4,54,0.045350
1012,21.20,瞬时请求候选,0x3F2,8,6,5,53,0,0,0.6813,3,14,3.043300
1013,21.20,瞬时请求候选,0x3F2,8,7,0,56,0,0,0.6536,4,54,0.045350
1014,21.20,瞬时请求候选,0x3F2,8,7,1,57,0,0,0.6536,4,54,0.045350
1015,21.20,瞬时请求候选,0x40A,8,6,7,55,不一致,不一致,0.5282,4,54,0.781100
1016,21.20,瞬时请求候选,0x727,2,0,2,2,0,0,0.6813,3,14,3.294800
1017,21.00,瞬时请求候选,0x2F1,8,0,7,7,0,0,0.9705,4,55,4.137350
1018,21.00,瞬时请求候选,0x300,8,1,0,8,不一致,不一致,0.5397,4,55,0.043000
1019,21.00,瞬时请求候选,0x300,8,5,1,41,0,0,0.6441,4,55,0.542800
1020,21.00,瞬时请求候选,0x300,8,6,4,52,0,0,0.6441,4,55,0.542800
1021,21.00,瞬时请求候选,0x300,8,6,5,53,0,0,0.6441,4,55,0.542800
1022,21.00,瞬时请求候选,0x300,8,7,1,57,0,0,0.6441,4,55,0.542800
1023,21.00,瞬时请求候选,0x38B,8,4,6,38,不一致,1,0.6458,3,15,2.058400
1024,21.00,瞬时请求候选,0x3C9,8,0,3,3,0,0,0.6623,3,15,1.712600
1025,21.00,瞬时请求候选,0x3DD,8,0,6,6,0,0,0.6164,4,55,0.040600
1026,21.00,瞬时请求候选,0x3DD,8,1,7,15,0,不一致,0.5674,4,55,0.040600
1027,21.00,瞬时请求候选,0x3DD,8,2,1,17,不一致,0,0.5579,4,55,0.040600
1028,21.00,瞬时请求候选,0x3DD,8,4,2,34,0,0,0.9043,3,15,1.038000
1029,21.00,瞬时请求候选,0x3F2,8,0,3,3,0,0,0.6623,3,15,1.044200
1030,21.00,瞬时请求候选,0x3F2,8,1,5,13,1,1,0.5770,4,55,0.044450
1031,21.00,瞬时请求候选,0x3F2,8,6,4,52,0,0,0.6995,4,55,0.045350
1032,21.00,瞬时请求候选,0x42A,8,2,3,19,不一致,1,0.7132,3,15,0.168600
1033,21.00,瞬时请求候选,0x709,8,2,6,22,0,0,0.9447,3,15,0.109800
1034,21.00,瞬时请求候选,0x70B,8,4,4,36,0,0,0.6382,4,55,0.461900
1035,21.00,瞬时请求候选,0x70B,8,5,1,41,1,1,0.5397,4,55,1.461950
1036,21.00,瞬时请求候选,0x70B,8,5,4,44,0,0,0.6382,4,55,2.462100
1037,21.00,瞬时请求候选,0x70B,8,5,5,45,0,0,0.5493,4,55,1.461950
1038,21.00,瞬时请求候选,0x717,7,0,0,0,0,0,0.6812,4,55,0.917550
1039,21.00,瞬时请求候选,0x717,7,0,1,1,0,0,0.6576,4,55,0.628200
1040,21.00,瞬时请求候选,0x717,7,1,1,9,0,0,0.6812,4,55,0.917550
1041,21.00,瞬时请求候选,0x717,7,1,3,11,0,0,0.6812,4,55,0.917550
1042,21.00,瞬时请求候选,0x717,7,1,4,12,0,0,0.6812,4,55,0.917550
1043,21.00,瞬时请求候选,0x717,7,1,5,13,0,0,0.6812,4,55,0.917550
1044,21.00,瞬时请求候选,0x717,7,1,6,14,0,0,0.6812,4,55,0.917550
1045,21.00,瞬时请求候选,0x717,7,1,7,15,0,0,0.6812,4,55,0.917550
1046,21.00,瞬时请求候选,0x717,7,2,0,16,0,0,0.6812,4,55,0.917550
1047,21.00,瞬时请求候选,0x717,7,2,1,17,0,0,0.6812,4,55,0.917550
1048,21.00,瞬时请求候选,0x717,7,2,2,18,0,0,0.6812,4,55,0.917550
1049,21.00,瞬时请求候选,0x717,7,2,3,19,0,0,0.6812,4,55,0.917550
1050,21.00,瞬时请求候选,0x717,7,2,4,20,0,0,0.6812,4,55,0.917550
1051,21.00,瞬时请求候选,0x717,7,2,5,21,0,0,0.6812,4,55,0.917550
1052,21.00,瞬时请求候选,0x717,7,2,6,22,0,0,0.6812,4,55,0.917550
1053,21.00,瞬时请求候选,0x717,7,2,7,23,0,0,0.6812,4,55,0.917550
1054,21.00,瞬时请求候选,0x717,7,3,1,25,0,0,0.6812,4,55,0.917550
1055,21.00,瞬时请求候选,0x717,7,3,4,28,0,0,0.6812,4,55,0.917550
1056,21.00,瞬时请求候选,0x717,7,3,6,30,0,0,0.6812,4,55,0.917550
1057,21.00,瞬时请求候选,0x717,7,5,1,41,1,1,0.6576,4,55,0.628200
1058,21.00,瞬时请求候选,0x717,7,5,2,42,0,0,0.6812,4,55,0.917550
1059,21.00,瞬时请求候选,0x717,7,5,3,43,0,0,0.6812,4,55,0.917550
1060,21.00,瞬时请求候选,0x717,7,5,5,45,0,0,0.6812,4,55,0.917550
1061,21.00,瞬时请求候选,0x717,7,5,6,46,0,0,0.6812,4,55,0.917550
1062,21.00,瞬时请求候选,0x717,7,6,0,48,0,0,0.6812,4,55,0.917550
1063,21.00,瞬时请求候选,0x717,7,6,1,49,0,0,0.6812,4,55,0.917550
1064,21.00,瞬时请求候选,0x717,7,6,2,50,0,0,0.6812,4,55,0.917550
1065,21.00,瞬时请求候选,0x717,7,6,3,51,0,0,0.6812,4,55,0.917550
1066,21.00,瞬时请求候选,0x717,7,6,4,52,0,0,0.6812,4,55,0.917550
1067,21.00,瞬时请求候选,0x717,7,6,5,53,0,0,0.6812,4,55,0.917550
1068,21.00,瞬时请求候选,0x717,7,6,6,54,0,0,0.6812,4,55,0.917550
1069,21.00,瞬时请求候选,0x717,7,6,7,55,0,0,0.6812,4,55,0.917550
1070,21.00,瞬时请求候选,0x727,2,0,3,3,0,0,0.6469,3,15,3.296100
1071,21.00,瞬时请求候选,0x752,8,4,5,37,0,0,0.8956,3,15,3.382300
1072,21.00,瞬时请求候选,0x782,8,1,0,8,不一致,不一致,0.6833,3,15,0.887000
1073,20.80,瞬时请求候选,0x23A,8,3,6,30,0,0,0.7495,3,16,0.281300
1074,20.80,瞬时请求候选,0x752,8,7,6,62,0,0,0.9110,3,16,4.382300
1075,20.80,瞬时请求候选,0x300,8,0,2,2,0,0,0.6718,4,56,0.542800
1076,20.80,瞬时请求候选,0x300,8,2,3,19,0,0,0.6382,4,56,0.043400
1077,20.80,瞬时请求候选,0x300,8,2,6,22,0,0,0.6382,4,56,0.043400
1078,20.80,瞬时请求候选,0x300,8,4,7,39,0,0,0.6718,4,56,0.542800
1079,20.80,瞬时请求候选,0x300,8,5,0,40,0,0,0.6718,4,56,0.542800
1080,20.80,瞬时请求候选,0x300,8,6,1,49,1,1,0.6564,4,56,0.043000
1081,20.80,瞬时请求候选,0x300,8,7,2,58,0,0,0.6718,4,56,0.542800
1082,20.80,瞬时请求候选,0x300,8,7,5,61,0,0,0.6718,4,56,0.542800
1083,20.80,瞬时请求候选,0x3C9,8,1,0,8,0,0,0.6718,4,56,1.211300
1084,20.80,瞬时请求候选,0x3C9,8,1,3,11,0,0,0.6718,4,56,0.713300
1085,20.80,瞬时请求候选,0x3C9,8,1,4,12,0,0,0.6718,4,56,0.713300
1086,20.80,瞬时请求候选,0x3C9,8,1,7,15,1,1,0.6564,4,56,0.712400
1087,20.80,瞬时请求候选,0x3C9,8,2,0,16,0,0,0.6718,4,56,1.211300
1088,20.80,瞬时请求候选,0x3C9,8,2,1,17,0,0,0.6718,4,56,1.211300
1089,20.80,瞬时请求候选,0x3C9,8,2,4,20,0,0,0.6718,4,56,1.211300
1090,20.80,瞬时请求候选,0x3C9,8,2,5,21,0,0,0.6718,4,56,1.211300
1091,20.80,瞬时请求候选,0x3C9,8,2,6,22,0,0,0.6718,4,56,1.211300
1092,20.80,瞬时请求候选,0x3C9,8,2,7,23,0,0,0.6718,4,56,1.211300
1093,20.80,瞬时请求候选,0x3C9,8,3,0,24,0,0,0.6718,4,56,0.713300
1094,20.80,瞬时请求候选,0x3C9,8,3,1,25,0,0,0.6718,4,56,1.211300
1095,20.80,瞬时请求候选,0x3C9,8,3,2,26,1,1,0.6564,4,56,0.712400
1096,20.80,瞬时请求候选,0x3C9,8,3,3,27,0,0,0.6718,4,56,1.211300
1097,20.80,瞬时请求候选,0x3C9,8,3,4,28,0,0,0.6718,4,56,1.211300
1098,20.80,瞬时请求候选,0x3C9,8,3,6,30,0,0,0.6718,4,56,1.211300
1099,20.80,瞬时请求候选,0x3C9,8,3,7,31,0,0,0.6718,4,56,1.211300
1100,20.80,瞬时请求候选,0x3C9,8,4,0,32,1,1,0.6564,4,56,0.712400
1101,20.80,瞬时请求候选,0x3C9,8,4,5,37,0,0,0.6718,4,56,1.211300
1102,20.80,瞬时请求候选,0x3C9,8,4,6,38,0,0,0.6718,4,56,1.211300
1103,20.80,瞬时请求候选,0x3C9,8,5,0,40,0,0,0.6718,4,56,0.713300
1104,20.80,瞬时请求候选,0x3DD,8,1,3,11,0,0,0.6718,4,56,0.040600
1105,20.80,瞬时请求候选,0x3DD,8,5,3,43,0,0,0.6564,4,56,0.041450
1106,20.80,瞬时请求候选,0x3DD,8,5,6,46,0,0,0.6564,4,56,0.042750
1107,20.80,瞬时请求候选,0x70B,8,4,1,33,0,0,0.6105,4,56,0.461900
1108,20.60,瞬时请求候选,0x2E2,8,4,2,34,0,0,0.9405,4,57,2.530250
1109,20.60,瞬时请求候选,0x300,8,0,1,1,不一致,不一致,0.5397,4,57,1.042400
1110,20.60,瞬时请求候选,0x300,8,2,2,18,不一致,不一致,0.5397,4,57,1.042400
1111,20.60,瞬时请求候选,0x300,8,4,5,37,不一致,不一致,0.5397,4,57,1.042750
1112,20.60,瞬时请求候选,0x300,8,7,6,62,不一致,不一致,0.5397,4,57,1.042750
1113,20.60,瞬时请求候选,0x319,8,0,3,3,不一致,0,0.6774,3,17,3.562700
1114,20.60,瞬时请求候选,0x332,6,1,0,8,1,1,0.6995,4,57,1.042850
1115,20.60,瞬时请求候选,0x332,6,1,1,9,0,0,0.6995,4,57,1.042850
1116,20.60,瞬时请求候选,0x3F2,8,1,4,12,0,0,0.6900,4,57,0.045350
1117,20.60,瞬时请求候选,0x42A,8,2,4,20,0,1,0.7171,3,17,0.169900
1118,20.60,瞬时请求候选,0x42A,8,2,5,21,1,0,0.7171,3,17,0.169900
1119,20.40,瞬时请求候选,0x2C3,8,2,2,18,0,0,0.9712,4,58,0.121000
1120,20.40,瞬时请求候选,0x2F1,8,2,7,23,0,0,0.9546,4,58,1.739000
1121,20.40,瞬时请求候选,0x321,8,0,0,0,不一致,不一致,0.5951,3,18,2.425600
1122,20.40,瞬时请求候选,0x321,8,1,3,11,不一致,0,0.7311,3,18,0.425400
1123,20.40,瞬时请求候选,0x37D,8,2,1,17,不一致,不一致,0.8156,3,18,2.037700
1124,20.40,瞬时请求候选,0x37D,8,2,2,18,不一致,不一致,0.8156,3,18,2.037700
1125,20.40,瞬时请求候选,0x37D,8,2,3,19,不一致,不一致,0.8156,3,18,2.037700
1126,20.40,瞬时请求候选,0x3DD,8,0,3,3,0,0,0.8928,3,18,1.035500
1127,20.40,瞬时请求候选,0x3DD,8,6,7,55,0,0,0.7549,3,18,0.043600
1128,20.40,瞬时请求候选,0x3F2,8,2,3,19,1,1,0.6010,4,58,1.043550
1129,20.40,瞬时请求候选,0x43A,6,1,0,8,0,0,0.7943,3,18,2.138100
1130,20.40,瞬时请求候选,0x43A,6,2,0,16,0,0,0.7943,3,18,2.138100
1131,20.40,瞬时请求候选,0x43A,6,2,1,17,0,0,0.7943,3,18,2.138100
1132,20.40,瞬时请求候选,0x43A,6,2,3,19,0,0,0.7943,3,18,2.138100
1133,20.40,瞬时请求候选,0x6D4,8,0,0,0,1,1,0.5923,4,58,-0.174000
1134,20.40,瞬时请求候选,0x6D4,8,4,4,36,0,0,0.6105,4,58,-0.174000
1135,20.40,瞬时请求候选,0x6D4,8,4,6,38,0,0,0.5923,4,58,-0.174000
1136,20.40,瞬时请求候选,0x75D,8,3,0,24,0,0,0.9280,4,58,0.638150
1137,20.20,瞬时请求候选,0x37D,8,3,4,28,不一致,不一致,0.5733,4,59,0.041800
1138,20.20,瞬时请求候选,0x3DD,8,0,7,7,0,0,0.8067,3,19,1.039000
1139,20.20,瞬时请求候选,0x3DD,8,2,7,23,0,0,0.8229,3,19,0.043600
1140,20.20,瞬时请求候选,0x3DD,8,3,2,26,0,0,0.8439,3,19,1.039000
1141,20.20,瞬时请求候选,0x3DD,8,3,3,27,0,0,0.8439,3,19,1.039000
1142,20.20,瞬时请求候选,0x3DD,8,5,0,40,0,0,0.8861,3,19,2.042500
1143,20.20,瞬时请求候选,0x3DD,8,5,1,41,0,0,0.8861,3,19,2.042500
1144,20.20,瞬时请求候选,0x3DD,8,5,2,42,0,0,0.8861,3,19,2.042500
1145,20.20,瞬时请求候选,0x3DD,8,6,0,48,0,0,0.8775,3,19,1.039000
1146,20.20,瞬时请求候选,0x43A,6,0,3,3,0,0,0.9015,3,19,2.138100
1147,20.20,瞬时请求候选,0x43A,6,3,1,25,0,0,0.9015,3,19,2.138100
1148,20.20,瞬时请求候选,0x43A,6,3,2,26,0,0,0.9015,3,19,2.138100
1149,20.20,瞬时请求候选,0x43A,6,3,3,27,0,0,0.9015,3,19,2.138100
1150,20.20,瞬时请求候选,0x43A,6,3,4,28,0,0,0.9015,3,19,2.138100
1151,20.20,瞬时请求候选,0x43A,6,3,5,29,0,0,0.9015,3,19,2.138100
1152,20.20,瞬时请求候选,0x43A,6,3,7,31,0,0,0.9015,3,19,2.138100
1153,20.20,瞬时请求候选,0x43A,6,4,7,39,0,0,0.9015,3,19,2.138100
1154,20.20,瞬时请求候选,0x43A,6,5,1,41,0,0,0.9015,3,19,2.138100
1155,20.20,瞬时请求候选,0x43A,6,5,2,42,0,0,0.9015,3,19,2.138100
1156,20.20,瞬时请求候选,0x43A,6,5,3,43,0,0,0.9015,3,19,2.138100
1157,20.20,瞬时请求候选,0x43A,6,5,4,44,0,0,0.9015,3,19,2.138100
1158,20.20,瞬时请求候选,0x43A,6,5,6,46,0,0,0.9015,3,19,2.138100
1159,20.20,瞬时请求候选,0x43A,6,5,7,47,0,0,0.9015,3,19,2.138100
1160,20.20,瞬时请求候选,0x52F,8,5,0,40,0,0,0.5397,4,59,-0.123400
1161,20.20,瞬时请求候选,0x709,8,3,7,31,0,0,0.8506,4,59,0.406550
1162,20.20,瞬时请求候选,0x752,8,2,3,19,0,0,0.8833,3,19,0.382300
1163,20.20,瞬时请求候选,0x75D,8,3,1,25,0,0,0.9299,4,59,0.336650
1164,20.00,瞬时请求候选,0x2E3,7,5,7,47,0,0,0.9755,3,20,0.630300
1165,20.00,瞬时请求候选,0x321,8,7,0,56,不一致,不一致,0.5951,3,20,2.425600
1166,20.00,瞬时请求候选,0x335,8,0,0,0,1,不一致,0.5397,4,60,-0.226950
1167,20.00,瞬时请求候选,0x383,8,4,3,35,1,1,0.7268,3,20,2.810500
1168,20.00,瞬时请求候选,0x3A2,8,1,6,14,0,0,0.9868,4,60,0.099400
1169,20.00,瞬时请求候选,0x3DD,8,2,0,16,0,0,0.7999,3,20,1.039000
1170,20.00,瞬时请求候选,0x4E3,8,3,2,26,0,0,0.9562,4,60,0.584300
1171,20.00,瞬时请求候选,0x6D4,8,7,2,58,不一致,1,0.5397,4,60,-0.174000
1172,20.00,瞬时请求候选,0x752,8,7,4,60,0,0,0.8861,3,20,4.382300
1173,20.00,瞬时请求候选,0x752,8,7,5,61,0,0,0.9138,3,20,4.381100
1174,19.80,瞬时请求候选,0x752,8,2,6,22,0,0,0.8643,3,21,0.382300
1175,19.80,瞬时请求候选,0x2E3,7,1,3,11,0,0,0.9276,4,61,0.627550
1176,19.80,瞬时请求候选,0x3F1,8,0,3,3,0,0,0.7246,4,61,0.476650
1177,19.80,瞬时请求候选,0x3F1,8,1,2,10,0,0,0.9098,4,61,1.228150
1178,19.60,瞬时请求候选,0x2E3,7,5,6,46,0,0,0.9276,4,62,0.628200
1179,19.60,瞬时请求候选,0x383,8,4,1,33,不一致,1,0.6976,3,22,2.810500
1180,19.60,瞬时请求候选,0x3F1,8,0,2,2,0,0,0.6296,4,62,0.516950
1181,19.60,瞬时请求候选,0x6D4,8,4,7,39,0,0,0.5856,4,62,0.825600
1182,19.60,瞬时请求候选,0x6D4,8,5,7,47,0,0,0.5923,4,62,0.826500
1183,19.60,瞬时请求候选,0x6D4,8,6,7,55,0,0,0.5923,4,62,0.826500
1184,19.40,瞬时请求候选,0x324,8,0,7,7,不一致,不一致,0.5733,3,23,4.282600
1185,19.40,瞬时请求候选,0x359,8,2,2,18,0,0,0.9644,4,63,0.396900
1186,19.40,瞬时请求候选,0x359,8,3,2,26,0,0,0.9272,4,63,0.396900
1187,19.40,瞬时请求候选,0x359,8,3,5,29,0,0,0.9272,4,63,0.396900
1188,19.40,瞬时请求候选,0x37D,8,3,0,24,0,0,0.8411,3,23,0.040400
1189,19.40,瞬时请求候选,0x383,8,4,2,34,不一致,不一致,0.6909,3,23,2.810500
1190,19.40,瞬时请求候选,0x3DD,8,3,5,29,0,0,0.8525,3,23,2.042500
1191,19.40,瞬时请求候选,0x709,8,4,0,32,0,0,0.8839,4,63,-0.028450
1192,19.40,瞬时请求候选,0x737,7,0,0,0,0,0,0.6287,4,63,-0.178000
1193,19.40,瞬时请求候选,0x739,5,0,0,0,不一致,不一致,0.7733,3,23,1.858700
1194,19.40,瞬时请求候选,0x739,5,0,1,1,不一致,不一致,0.7733,3,23,1.858700
1195,19.20,瞬时请求候选,0x2A4,8,2,6,22,1,不一致,0.6488,3,24,1.896500
1196,19.20,瞬时请求候选,0x335,8,5,0,40,0,0,0.8498,3,24,-0.225200
1197,19.20,瞬时请求候选,0x335,8,5,5,45,0,0,0.8593,3,24,-0.225200
1198,19.20,瞬时请求候选,0x335,8,6,3,51,0,0,0.8498,3,24,-0.225200
1199,19.20,瞬时请求候选,0x335,8,6,6,54,0,0,0.8498,3,24,-0.225200
1200,19.20,瞬时请求候选,0x359,8,0,4,4,0,0,0.8076,4,64,0.497500
1201,19.20,瞬时请求候选,0x359,8,0,5,5,0,0,0.8476,4,64,0.597950
1202,19.20,瞬时请求候选,0x359,8,2,1,17,0,0,0.9256,4,64,0.496300
1203,19.20,瞬时请求候选,0x359,8,2,3,19,0,0,0.9600,4,64,0.996550
1204,19.20,瞬时请求候选,0x359,8,2,5,21,0,0,0.9628,4,64,0.597100
1205,19.20,瞬时请求候选,0x400,7,2,0,16,1,1,0.9134,3,24,0.192100
1206,19.20,瞬时请求候选,0x752,8,3,4,28,0,0,0.8125,3,24,3.382200
1207,19.20,瞬时请求候选,0x752,8,5,6,46,0,0,0.7272,3,24,1.382100
1208,19.00,瞬时请求候选,0x2D2,8,2,0,16,1,1,0.9876,3,25,-0.208400
1209,19.00,瞬时请求候选,0x301,8,0,0,0,1,1,0.5579,4,65,0.024200
1210,19.00,瞬时请求候选,0x301,8,6,3,51,0,0,0.7703,3,25,1.023700
1211,19.00,瞬时请求候选,0x302,8,0,0,0,1,1,0.5579,4,65,0.058000
1212,19.00,瞬时请求候选,0x303,8,0,0,0,1,1,0.5579,4,65,0.129600
1213,19.00,瞬时请求候选,0x359,8,0,6,6,0,0,0.7660,4,65,0.498650
1214,19.00,瞬时请求候选,0x37D,8,3,1,25,0,0,0.7130,3,25,1.038500
1215,19.00,瞬时请求候选,0x37D,8,3,2,26,0,0,0.7130,3,25,1.038500
1216,19.00,瞬时请求候选,0x37D,8,3,3,27,0,0,0.7130,3,25,1.038500
1217,19.00,瞬时请求候选,0x3C4,8,4,5,37,1,1,0.5833,4,65,-0.204150
1218,19.00,瞬时请求候选,0x709,8,0,2,2,不一致,不一致,0.5171,4,65,0.406550
1219,19.00,瞬时请求候选,0x752,8,2,2,18,0,0,0.7177,3,25,1.381000
1220,19.00,瞬时请求候选,0x7C8,8,1,5,13,0,0,0.8679,3,25,0.035900
1221,19.00,瞬时请求候选,0x7C8,8,3,0,24,0,0,0.8679,3,25,0.035900
1222,19.00,瞬时请求候选,0x7C8,8,3,2,26,0,0,0.8679,3,25,3.032500
1223,19.00,瞬时请求候选,0x7C8,8,6,5,53,0,0,0.8679,3,25,3.032500
1224,19.00,瞬时请求候选,0x7C8,8,6,6,54,0,0,0.8679,3,25,3.032500
1225,19.00,瞬时请求候选,0x7E8,8,1,5,13,0,0,0.8679,3,25,0.526900
1226,19.00,瞬时请求候选,0x7E8,8,3,1,25,0,0,0.8679,3,25,3.523600
1227,19.00,瞬时请求候选,0x7E8,8,4,6,38,0,0,0.8679,3,25,3.523600
1228,19.00,瞬时请求候选,0x7E8,8,5,4,44,0,0,0.8679,3,25,3.523600
1229,19.00,瞬时请求候选,0x7E8,8,6,7,55,0,0,0.8679,3,25,3.523600
1230,18.80,瞬时请求候选,0x301,8,7,4,60,0,0,0.6105,3,26,0.022100
1231,18.80,瞬时请求候选,0x303,8,4,2,34,1,1,0.6287,3,26,0.128900
1232,18.80,瞬时请求候选,0x303,8,4,4,36,0,0,0.6105,3,26,0.127500
1233,18.80,瞬时请求候选,0x303,8,4,7,39,0,0,0.6105,3,26,0.127500
1234,18.80,瞬时请求候选,0x303,8,5,4,44,0,0,0.6105,3,26,0.127500
1235,18.80,瞬时请求候选,0x303,8,6,4,52,0,0,0.6105,3,26,0.127500
1236,18.80,瞬时请求候选,0x303,8,6,6,54,0,0,0.6105,3,26,0.127500
1237,18.80,瞬时请求候选,0x303,8,7,4,60,0,0,0.6105,3,26,0.127500
1238,18.80,瞬时请求候选,0x303,8,7,6,62,0,0,0.6105,3,26,0.127500
1239,18.80,瞬时请求候选,0x335,8,2,0,16,0,0,0.8402,3,26,0.770400
1240,18.80,瞬时请求候选,0x383,8,5,4,44,不一致,0,0.5938,3,26,0.406100
1241,18.80,瞬时请求候选,0x3DD,8,2,4,20,0,0,0.8402,3,26,2.042500
1242,18.80,瞬时请求候选,0x752,8,6,7,55,0,0,0.8525,3,26,0.383400
1243,18.80,瞬时请求候选,0x752,8,7,1,57,0,0,0.8803,3,26,2.381000
1244,18.80,瞬时请求候选,0x7C8,8,2,6,22,0,0,0.8861,3,26,0.037200
1245,18.80,瞬时请求候选,0x7C8,8,2,7,23,0,0,0.8861,3,26,0.037200
1246,18.80,瞬时请求候选,0x7C8,8,6,2,50,0,0,0.8861,3,26,0.037200
1247,18.80,瞬时请求候选,0x7C8,8,6,3,51,0,0,0.8861,3,26,0.037200
1248,18.80,瞬时请求候选,0x7E8,8,2,2,18,0,0,0.8861,3,26,0.528300
1249,18.80,瞬时请求候选,0x7E8,8,2,6,22,0,0,0.8861,3,26,0.528300
1250,18.80,瞬时请求候选,0x7E8,8,6,0,48,0,0,0.8861,3,26,0.528300
1251,18.80,瞬时请求候选,0x7E8,8,6,3,51,0,0,0.8861,3,26,0.528300
1252,18.80,瞬时请求候选,0x7E8,8,6,4,52,0,0,0.8861,3,26,0.528300
1253,18.80,瞬时请求候选,0x324,8,0,5,5,不一致,不一致,0.5493,4,66,0.284700
1254,18.80,瞬时请求候选,0x37D,8,2,4,20,1,不一致,0.5856,4,66,0.038950
1255,18.80,瞬时请求候选,0x75D,8,1,1,9,0,0,0.9154,4,66,2.038700
1256,18.60,瞬时请求候选,0x23A,8,1,6,14,0,1,0.7370,3,27,3.280100
1257,18.60,瞬时请求候选,0x295,8,0,7,7,0,0,0.6667,4,67,0.479400
1258,18.60,瞬时请求候选,0x295,8,1,2,10,0,0,0.8333,4,67,0.479400
1259,18.60,瞬时请求候选,0x295,8,1,5,13,0,0,0.8333,4,67,0.479400
1260,18.60,瞬时请求候选,0x2A4,8,4,1,33,0,0,0.6947,3,27,1.895900
1261,18.60,瞬时请求候选,0x301,8,1,0,8,0,0,0.6564,3,27,0.022100
1262,18.60,瞬时请求候选,0x301,8,4,6,38,1,1,0.5579,3,27,0.022100
1263,18.60,瞬时请求候选,0x301,8,4,7,39,1,1,0.5579,3,27,0.022100
1264,18.60,瞬时请求候选,0x301,8,5,7,47,0,0,0.5579,3,27,2.025500
1265,18.60,瞬时请求候选,0x301,8,6,5,53,0,0,0.5579,3,27,2.025500
1266,18.60,瞬时请求候选,0x301,8,7,3,59,1,1,0.5674,3,27,0.022100
1267,18.60,瞬时请求候选,0x302,8,1,0,8,0,0,0.7359,3,27,0.058600
1268,18.60,瞬时请求候选,0x303,8,1,0,8,0,0,0.6564,3,27,0.127500
1269,18.60,瞬时请求候选,0x303,8,3,3,27,0,0,0.8679,3,27,1.128900
1270,18.60,瞬时请求候选,0x303,8,5,0,40,1,1,0.5674,3,27,0.127500
1271,18.60,瞬时请求候选,0x303,8,5,2,42,1,1,0.5674,3,27,0.127500
1272,18.60,瞬时请求候选,0x303,8,5,3,43,1,1,0.5674,3,27,0.127500
1273,18.60,瞬时请求候选,0x303,8,5,6,46,1,1,0.5674,3,27,0.127500
1274,18.60,瞬时请求候选,0x303,8,5,7,47,0,0,0.5579,3,27,0.130300
1275,18.60,瞬时请求候选,0x303,8,6,1,49,0,0,0.5579,3,27,0.130300
1276,18.60,瞬时请求候选,0x303,8,6,3,51,0,0,0.5579,3,27,0.130300
1277,18.60,瞬时请求候选,0x303,8,7,2,58,1,1,0.5674,3,27,0.127500
1278,18.60,瞬时请求候选,0x303,8,7,3,59,1,1,0.5674,3,27,0.127500
1279,18.60,瞬时请求候选,0x321,8,1,2,10,1,不一致,0.6278,3,27,0.425400
1280,18.60,瞬时请求候选,0x330,8,5,1,41,1,1,0.5000,4,67,0.740450
1281,18.60,瞬时请求候选,0x3B2,8,0,2,2,0,0,0.5185,4,67,0.389550
1282,18.60,瞬时请求候选,0x709,8,3,6,30,0,0,0.8068,4,67,0.406550
1283,18.40,瞬时请求候选,0x23A,8,3,3,27,不一致,0,0.6404,3,28,1.278500
1284,18.40,瞬时请求候选,0x295,8,0,1,1,0,0,0.6667,4,68,0.783850
1285,18.40,瞬时请求候选,0x295,8,1,6,14,0,0,0.8333,4,68,0.783850
1286,18.40,瞬时请求候选,0x295,8,2,2,18,0,0,0.8333,4,68,0.581600
1287,18.40,瞬时请求候选,0x295,8,2,4,20,0,0,0.8333,4,68,0.581600
1288,18.40,瞬时请求候选,0x301,8,3,4,28,0,0,0.8584,3,28,3.022600
1289,18.40,瞬时请求候选,0x3DD,8,3,1,25,0,0,0.8316,3,28,1.041900
1290,18.40,瞬时请求候选,0x3F2,8,4,4,36,0,0,0.7703,3,28,1.046100
1291,18.40,瞬时请求候选,0x3F2,8,5,0,40,0,0,0.7608,3,28,1.043700
1292,18.40,瞬时请求候选,0x4E2,8,4,3,35,0,0,0.9640,4,68,0.251150
1293,18.20,瞬时请求候选,0x319,8,0,0,0,1,不一致,0.5397,4,69,0.563200
1294,18.20,瞬时请求候选,0x52F,8,6,1,49,不一致,不一致,0.5397,4,69,-0.124850
1295,18.20,瞬时请求候选,0x709,8,1,0,8,不一致,不一致,0.5267,4,69,0.391500
1296,18.00,瞬时请求候选,0x2E2,8,2,4,20,0,0,0.9125,4,70,2.029550
1297,18.00,瞬时请求候选,0x2E3,7,5,5,45,0,0,0.9150,4,70,0.628200
1298,18.00,瞬时请求候选,0x379,8,1,5,13,0,0,0.9560,4,70,2.476400
1299,18.00,瞬时请求候选,0x38B,8,4,7,39,不一致,0,0.7313,3,30,0.962000
1300,18.00,瞬时请求候选,0x3F2,8,3,5,29,0,0,0.5828,4,70,0.045350
1301,18.00,瞬时请求候选,0x709,8,3,4,28,0,0,0.8515,4,70,1.342050
1302,18.00,瞬时请求候选,0x75D,8,4,6,38,0,0,0.9100,4,70,1.736550
1303,18.00,瞬时请求候选,0x798,8,4,3,35,0,0,0.9628,4,70,0.341050
1304,17.80,瞬时请求候选,0x7C8,8,3,4,28,0,0,0.5646,4,71,0.035550
1305,17.80,瞬时请求候选,0x7E8,8,3,6,30,0,0,0.5646,4,71,0.526650
1306,17.80,瞬时请求候选,0x7E8,8,3,7,31,0,0,0.5646,4,71,0.526650
1307,17.80,瞬时请求候选,0x7E8,8,4,2,34,1,1,0.5493,4,71,0.525950
1308,17.80,瞬时请求候选,0x7E8,8,4,5,37,1,1,0.5493,4,71,0.525950
1309,17.60,瞬时请求候选,0x332,6,4,6,38,不一致,不一致,0.5683,4,72,0.044650
1310,17.60,瞬时请求候选,0x3A8,8,5,1,41,0,0,0.9619,3,32,4.929000
1311,17.60,瞬时请求候选,0x7C8,8,1,2,10,1,1,0.5674,4,72,0.036550
1312,17.60,瞬时请求候选,0x7C8,8,2,3,19,0,0,0.5828,4,72,0.034900
1313,17.60,瞬时请求候选,0x7E8,8,1,2,10,1,1,0.5674,4,72,0.527600
1314,17.60,瞬时请求候选,0x7E8,8,2,3,19,0,0,0.5828,4,72,0.525950
1315,17.40,瞬时请求候选,0x3DD,8,3,0,24,0,0,0.8067,3,33,2.035600
1316,17.40,瞬时请求候选,0x752,8,3,7,31,0,0,0.7608,3,33,0.382100
1317,17.40,瞬时请求候选,0x75D,8,3,2,26,0,0,0.9157,4,73,0.836700
1318,17.40,瞬时请求候选,0x7E8,8,5,0,40,0,0,0.5828,4,73,0.527600
1319,17.20,瞬时请求候选,0x261,8,3,0,24,0,0,0.9920,4,74,0.141700
1320,17.20,瞬时请求候选,0x261,8,3,4,28,0,0,0.9920,4,74,0.165700
1321,17.20,瞬时请求候选,0x261,8,3,5,29,0,0,0.9920,4,74,0.165700
1322,17.20,瞬时请求候选,0x2F1,8,2,5,21,0,0,0.9813,3,34,0.485900
1323,17.20,瞬时请求候选,0x332,6,3,0,24,0,0,0.5778,4,74,0.043300
1324,17.20,瞬时请求候选,0x43A,6,0,0,0,0,0,0.5493,4,74,0.138150
1325,17.00,瞬时请求候选,0x23A,8,3,1,25,0,不一致,0.6768,3,35,0.279900
1326,17.00,瞬时请求候选,0x321,8,7,4,60,不一致,0,0.5493,4,75,0.422300
1327,17.00,瞬时请求候选,0x3DD,8,0,0,0,0,0,0.5493,4,75,0.040600
1328,16.80,瞬时请求候选,0x232,8,2,3,19,不一致,1,0.7084,3,36,1.711700
1329,16.80,瞬时请求候选,0x232,8,2,4,20,不一致,1,0.7084,3,36,1.711700
1330,16.80,瞬时请求候选,0x232,8,2,5,21,不一致,0,0.7084,3,36,1.711700
1331,16.80,瞬时请求候选,0x335,8,6,5,53,0,0,0.7703,3,36,-0.225200
1332,16.80,瞬时请求候选,0x335,8,6,7,55,0,0,0.7703,3,36,-0.225200
1333,16.80,瞬时请求候选,0x752,8,6,5,53,0,0,0.7971,3,36,0.383400
1334,16.80,瞬时请求候选,0x2C3,8,0,1,1,0,0,0.9559,4,76,0.361400
1335,16.80,瞬时请求候选,0x332,6,5,0,40,不一致,不一致,0.5493,4,76,0.043300
1336,16.80,瞬时请求候选,0x3A8,8,3,7,31,0,0,0.9001,4,76,1.031050
1337,16.80,瞬时请求候选,0x709,8,3,1,25,0,0,0.7915,4,76,0.096550
1338,16.80,瞬时请求候选,0x77A,8,1,2,10,1,1,0.7851,4,76,0.049500
1339,16.80,瞬时请求候选,0x77A,8,1,3,11,0,0,0.7851,4,76,0.049500
1340,16.80,瞬时请求候选,0x77A,8,2,1,17,0,0,0.7851,4,76,0.049500
1341,16.60,瞬时请求候选,0x3DD,8,3,7,31,0,0,0.7703,3,37,0.043600
1342,16.60,瞬时请求候选,0x43A,6,4,1,33,0,0,0.7857,3,37,1.139300
1343,16.60,瞬时请求候选,0x752,8,6,6,54,0,0,0.8153,3,37,0.383400
1344,16.40,瞬时请求候选,0x400,7,1,7,15,不一致,1,0.8770,3,38,0.192100
1345,16.40,瞬时请求候选,0x52F,8,5,4,44,不一致,1,0.5397,4,78,-0.124850
1346,16.20,瞬时请求候选,0x2C4,8,7,7,63,0,0,0.9028,4,79,0.344750
1347,16.20,瞬时请求候选,0x318,8,7,0,56,不一致,不一致,0.5294,4,79,-0.127350
1348,16.20,瞬时请求候选,0x52F,8,6,6,54,不一致,不一致,0.5397,4,79,-0.124850
1349,16.20,瞬时请求候选,0x726,3,0,0,0,不一致,不一致,0.5397,4,79,0.198350
1350,16.20,瞬时请求候选,0x77A,8,1,7,15,0,0,0.7594,4,79,0.545050
1351,16.00,瞬时请求候选,0x2C4,8,0,4,4,0,0,0.6651,4,80,0.243450
1352,16.00,瞬时请求候选,0x2C4,8,4,4,36,0,0,0.9031,4,80,0.643700
1353,16.00,瞬时请求候选,0x2C4,8,7,6,62,0,0,0.9540,4,80,0.993350
1354,16.00,瞬时请求候选,0x301,8,6,0,48,0,0,0.7177,3,40,0.022100
1355,16.00,瞬时请求候选,0x301,8,6,4,52,0,0,0.7177,3,40,0.022100
1356,16.00,瞬时请求候选,0x301,8,6,6,54,0,0,0.7177,3,40,0.022100
1357,16.00,瞬时请求候选,0x302,8,1,2,10,0,0,0.7790,3,40,0.058600
1358,16.00,瞬时请求候选,0x302,8,3,6,30,0,0,0.7790,3,40,1.057800
1359,16.00,瞬时请求候选,0x303,8,1,2,10,0,0,0.7790,3,40,0.128900
1360,16.00,瞬时请求候选,0x303,8,3,6,30,0,0,0.7790,3,40,1.128900
1361,16.00,瞬时请求候选,0x324,8,1,2,10,不一致,不一致,0.5397,4,80,0.282200
1362,16.00,瞬时请求候选,0x332,6,5,2,42,不一致,不一致,0.5397,4,80,0.043300
1363,16.00,瞬时请求候选,0x332,6,5,4,44,不一致,不一致,0.5397,4,80,0.043300
1364,16.00,瞬时请求候选,0x344,8,6,5,53,0,0,0.5397,4,80,-0.175250
1365,16.00,瞬时请求候选,0x344,8,7,5,61,0,0,0.5397,4,80,-0.175250
1366,16.00,瞬时请求候选,0x348,8,4,0,32,1,1,0.5397,4,80,-0.125800
1367,16.00,瞬时请求候选,0x34A,8,1,0,8,1,1,0.7699,4,80,0.319450
1368,16.00,瞬时请求候选,0x34A,8,1,1,9,1,1,0.7699,4,80,0.319450
1369,16.00,瞬时请求候选,0x34A,8,1,2,10,1,1,0.7699,4,80,0.319450
1370,16.00,瞬时请求候选,0x352,8,2,0,16,1,1,0.6848,4,80,0.188450
1371,16.00,瞬时请求候选,0x352,8,2,5,21,0,0,0.6848,4,80,0.188450
1372,16.00,瞬时请求候选,0x352,8,3,0,24,0,0,0.6848,4,80,0.188450
1373,16.00,瞬时请求候选,0x352,8,3,3,27,0,0,0.6848,4,80,0.188450
1374,16.00,瞬时请求候选,0x352,8,6,0,48,0,0,0.6848,4,80,0.188450
1375,16.00,瞬时请求候选,0x352,8,6,1,49,0,0,0.6848,4,80,0.188450
1376,16.00,瞬时请求候选,0x38B,8,4,3,35,不一致,不一致,0.5306,4,80,0.016950
1377,16.00,瞬时请求候选,0x3A4,8,0,0,0,1,1,0.5397,4,80,-0.102750
1378,16.00,瞬时请求候选,0x3B6,8,6,4,52,0,0,0.5397,4,80,-0.230400
1379,16.00,瞬时请求候选,0x3B6,8,7,4,60,1,1,0.5397,4,80,-0.230400
1380,16.00,瞬时请求候选,0x3FE,8,0,0,0,0,0,0.5397,4,80,-0.228100
1381,16.00,瞬时请求候选,0x3FE,8,1,0,8,0,0,0.5397,4,80,-0.228100
1382,16.00,瞬时请求候选,0x528,4,3,0,24,1,1,0.5397,4,80,-0.124250
1383,16.00,瞬时请求候选,0x52F,8,7,6,62,1,1,0.5397,4,80,-0.124850
1384,16.00,瞬时请求候选,0x75D,8,1,0,8,0,0,0.9514,3,40,1.139000
1385,15.80,瞬时请求候选,0x318,8,2,0,16,0,0,0.5238,4,81,-0.127350
1386,15.80,瞬时请求候选,0x334,8,6,5,53,1,1,0.5000,4,81,-0.170800
1387,15.80,瞬时请求候选,0x334,8,7,5,61,1,1,0.5000,4,81,-0.170800
1388,15.80,瞬时请求候选,0x34A,8,0,1,1,1,1,0.5000,4,81,-0.180600
1389,15.80,瞬时请求候选,0x34A,8,7,4,60,0,0,0.7301,4,81,-0.180600
1390,15.80,瞬时请求候选,0x34A,8,7,5,61,1,1,0.5000,4,81,-0.180600
1391,15.80,瞬时请求候选,0x34A,8,7,6,62,1,1,0.5000,4,81,-0.180600
1392,15.80,瞬时请求候选,0x34A,8,7,7,63,0,0,0.7301,4,81,-0.180600
1393,15.80,瞬时请求候选,0x3B2,8,2,5,21,0,0,0.7137,4,81,-0.059250
1394,15.80,瞬时请求候选,0x3CC,8,2,7,23,1,1,0.5000,4,81,-0.116500
1395,15.80,瞬时请求候选,0x301,8,1,2,10,0,0,0.7790,3,41,0.022400
1396,15.60,瞬时请求候选,0x4E2,8,3,3,27,0,0,0.9754,3,42,-0.197500
1397,15.60,瞬时请求候选,0x3B2,8,7,6,62,0,0,0.8043,4,82,0.786550
1398,15.60,瞬时请求候选,0x709,8,1,7,15,0,0,0.6886,4,82,0.406550
1399,15.40,瞬时请求候选,0x232,8,4,2,34,不一致,不一致,0.6133,3,43,0.711200
1400,15.40,瞬时请求候选,0x232,8,4,3,35,不一致,不一致,0.6133,3,43,0.711200
1401,15.40,瞬时请求候选,0x232,8,4,4,36,不一致,不一致,0.6133,3,43,0.711200
1402,15.40,瞬时请求候选,0x232,8,4,5,37,不一致,不一致,0.6133,3,43,0.711200
1403,15.40,瞬时请求候选,0x37D,8,2,5,21,1,1,0.7784,3,43,0.043200
1404,15.40,瞬时请求候选,0x38B,8,2,3,19,不一致,不一致,0.5306,4,83,0.016950
1405,15.40,瞬时请求候选,0x3B2,8,1,5,13,0,0,0.6826,4,83,0.092150
1406,15.40,瞬时请求候选,0x77A,8,1,1,9,1,1,0.7574,4,83,0.296550
1407,15.20,瞬时请求候选,0x213,2,0,5,5,0,0,0.5397,4,84,0.229450
1408,15.20,瞬时请求候选,0x232,8,4,0,32,不一致,0,0.5742,3,44,0.711200
1409,15.20,瞬时请求候选,0x23A,8,0,0,0,0,0,0.5397,4,84,0.279200
1410,15.20,瞬时请求候选,0x293,8,6,5,53,0,0,0.5397,4,84,0.180200
1411,15.20,瞬时请求候选,0x313,8,6,5,53,0,0,0.5397,4,84,0.129000
1412,15.20,瞬时请求候选,0x313,8,7,5,61,1,1,0.5397,4,84,0.129000
1413,15.20,瞬时请求候选,0x321,8,6,4,52,1,1,0.5397,4,84,0.422300
1414,15.20,瞬时请求候选,0x332,6,0,0,0,1,1,0.5397,4,84,0.043300
1415,15.20,瞬时请求候选,0x332,6,0,5,5,1,1,0.5397,4,84,0.043300
1416,15.20,瞬时请求候选,0x332,6,0,7,7,1,1,0.5397,4,84,0.043300
1417,15.20,瞬时请求候选,0x332,6,1,4,12,1,1,0.5397,4,84,0.043300
1418,15.20,瞬时请求候选,0x332,6,2,4,20,0,0,0.5397,4,84,0.043300
1419,15.20,瞬时请求候选,0x332,6,2,5,21,1,1,0.5397,4,84,0.043300
1420,15.20,瞬时请求候选,0x332,6,2,6,22,1,1,0.5397,4,84,0.043300
1421,15.20,瞬时请求候选,0x332,6,2,7,23,0,0,0.5397,4,84,0.043300
1422,15.20,瞬时请求候选,0x332,6,3,4,28,0,0,0.5397,4,84,0.043300
1423,15.20,瞬时请求候选,0x332,6,3,7,31,0,0,0.5397,4,84,0.043300
1424,15.20,瞬时请求候选,0x332,6,4,2,34,不一致,不一致,0.7476,3,44,0.042900
1425,15.20,瞬时请求候选,0x332,6,4,4,36,0,0,0.5397,4,84,0.043300
1426,15.20,瞬时请求候选,0x332,6,4,7,39,0,0,0.5397,4,84,0.043300
1427,15.20,瞬时请求候选,0x332,6,5,5,45,1,1,0.5397,4,84,0.043300
1428,15.20,瞬时请求候选,0x34A,8,1,4,12,0,0,0.7699,4,84,0.819500
1429,15.20,瞬时请求候选,0x34A,8,1,5,13,0,0,0.7699,4,84,0.819500
1430,15.20,瞬时请求候选,0x34A,8,1,6,14,0,0,0.7699,4,84,0.819500
1431,15.20,瞬时请求候选,0x34A,8,2,0,16,0,0,0.7699,4,84,0.819500
1432,15.20,瞬时请求候选,0x34A,8,3,5,29,0,0,0.7699,4,84,0.819500
1433,15.20,瞬时请求候选,0x352,8,0,0,0,0,0,0.6848,4,84,0.788200
1434,15.20,瞬时请求候选,0x352,8,0,1,1,0,0,0.6303,4,84,0.188450
1435,15.20,瞬时请求候选,0x352,8,1,0,8,0,0,0.6303,4,84,0.188450
1436,15.20,瞬时请求候选,0x352,8,1,2,10,0,0,0.6303,4,84,0.188450
1437,15.20,瞬时请求候选,0x352,8,1,5,13,0,0,0.6303,4,84,0.188450
1438,15.20,瞬时请求候选,0x352,8,1,6,14,0,0,0.6303,4,84,0.188450
1439,15.20,瞬时请求候选,0x352,8,2,1,17,0,0,0.6848,4,84,0.788200
1440,15.20,瞬时请求候选,0x352,8,2,3,19,1,1,0.6303,4,84,0.188450
1441,15.20,瞬时请求候选,0x352,8,2,4,20,1,1,0.6303,4,84,0.188450
1442,15.20,瞬时请求候选,0x352,8,2,6,22,1,1,0.6303,4,84,0.188450
1443,15.20,瞬时请求候选,0x352,8,2,7,23,1,1,0.6303,4,84,0.188450
1444,15.20,瞬时请求候选,0x352,8,3,2,26,0,0,0.6303,4,84,0.188450
1445,15.20,瞬时请求候选,0x352,8,3,5,29,0,0,0.6303,4,84,0.188450
1446,15.20,瞬时请求候选,0x352,8,3,6,30,0,0,0.6303,4,84,0.188450
1447,15.20,瞬时请求候选,0x352,8,4,1,33,1,1,0.6303,4,84,0.188450
1448,15.20,瞬时请求候选,0x352,8,4,4,36,1,1,0.6303,4,84,0.188450
1449,15.20,瞬时请求候选,0x352,8,4,7,39,1,1,0.6303,4,84,0.188450
1450,15.20,瞬时请求候选,0x352,8,5,0,40,1,1,0.6303,4,84,0.188450
1451,15.20,瞬时请求候选,0x352,8,5,2,42,1,1,0.6303,4,84,0.188450
1452,15.20,瞬时请求候选,0x352,8,5,3,43,0,0,0.6303,4,84,0.188450
1453,15.20,瞬时请求候选,0x352,8,5,6,46,0,0,0.6303,4,84,0.188450
1454,15.20,瞬时请求候选,0x352,8,6,2,50,1,1,0.6303,4,84,0.188450
1455,15.20,瞬时请求候选,0x352,8,6,4,52,1,1,0.6303,4,84,0.188450
1456,15.20,瞬时请求候选,0x352,8,6,7,55,1,1,0.6848,4,84,0.788200
1457,15.20,瞬时请求候选,0x352,8,7,0,56,1,1,0.6848,4,84,0.788200
1458,15.20,瞬时请求候选,0x352,8,7,1,57,0,0,0.6303,4,84,0.188450
1459,15.20,瞬时请求候选,0x352,8,7,2,58,1,1,0.6303,4,84,0.188450
1460,15.20,瞬时请求候选,0x352,8,7,6,62,0,0,0.6303,4,84,0.188450
1461,15.20,瞬时请求候选,0x37D,8,0,0,0,1,1,0.5397,4,84,0.038950
1462,15.20,瞬时请求候选,0x37D,8,0,5,5,0,0,0.5397,4,84,0.038950
1463,15.20,瞬时请求候选,0x37D,8,0,6,6,0,0,0.5397,4,84,0.038950
1464,15.20,瞬时请求候选,0x37D,8,0,7,7,0,0,0.5397,4,84,0.038950
1465,15.20,瞬时请求候选,0x37D,8,1,1,9,0,0,0.5397,4,84,0.038950
1466,15.20,瞬时请求候选,0x37D,8,1,2,10,0,0,0.5397,4,84,0.038950
1467,15.20,瞬时请求候选,0x37D,8,1,3,11,0,0,0.5397,4,84,0.038950
1468,15.20,瞬时请求候选,0x37D,8,1,7,15,0,0,0.5397,4,84,0.038950
1469,15.20,瞬时请求候选,0x37D,8,2,7,23,0,0,0.5397,4,84,0.038950
1470,15.20,瞬时请求候选,0x37D,8,3,7,31,0,0,0.5397,4,84,0.038950
1471,15.20,瞬时请求候选,0x39B,8,7,5,61,1,1,0.5048,4,84,-0.028000
1472,15.20,瞬时请求候选,0x3C9,8,0,0,0,0,0,0.5397,4,84,0.711700
1473,15.20,瞬时请求候选,0x3F2,8,0,0,0,0,0,0.5397,4,84,0.044450
1474,15.20,瞬时请求候选,0x407,8,1,1,9,0,0,0.5397,4,84,0.097850
1475,15.20,瞬时请求候选,0x443,6,1,1,9,0,0,0.5397,4,84,0.123150
1476,15.20,瞬时请求候选,0x6C8,8,0,0,0,0,0,0.5397,4,84,0.200800
1477,15.20,瞬时请求候选,0x6C8,8,0,2,2,1,1,0.5397,4,84,0.200800
1478,15.20,瞬时请求候选,0x6C8,8,0,3,3,1,1,0.5397,4,84,0.200800
1479,15.20,瞬时请求候选,0x6C8,8,0,6,6,1,1,0.5397,4,84,0.200800
1480,15.20,瞬时请求候选,0x6C8,8,1,1,9,1,1,0.5397,4,84,0.200800
1481,15.20,瞬时请求候选,0x6C8,8,1,5,13,1,1,0.5397,4,84,0.200800
1482,15.20,瞬时请求候选,0x6C8,8,1,6,14,1,1,0.5397,4,84,0.200800
1483,15.20,瞬时请求候选,0x6C8,8,3,0,24,1,1,0.5397,4,84,0.200800
1484,15.20,瞬时请求候选,0x6C8,8,3,1,25,1,1,0.5397,4,84,0.200800
1485,15.20,瞬时请求候选,0x6C8,8,3,4,28,1,1,0.5397,4,84,0.200800
1486,15.20,瞬时请求候选,0x6C8,8,4,2,34,1,1,0.5397,4,84,0.200800
1487,15.20,瞬时请求候选,0x6E8,8,0,0,0,0,0,0.5397,4,84,0.695350
1488,15.20,瞬时请求候选,0x6E8,8,0,2,2,1,1,0.5397,4,84,0.695350
1489,15.20,瞬时请求候选,0x6E8,8,0,3,3,1,1,0.5397,4,84,0.695350
1490,15.20,瞬时请求候选,0x6E8,8,0,4,4,1,1,0.5397,4,84,0.695350
1491,15.20,瞬时请求候选,0x6E8,8,0,5,5,1,1,0.5397,4,84,0.695350
1492,15.20,瞬时请求候选,0x6E8,8,1,1,9,1,1,0.5397,4,84,0.695350
1493,15.20,瞬时请求候选,0x6E8,8,1,5,13,1,1,0.5397,4,84,0.695350
1494,15.20,瞬时请求候选,0x6E8,8,1,6,14,1,1,0.5397,4,84,0.695350
1495,15.20,瞬时请求候选,0x6E8,8,3,1,25,1,1,0.5397,4,84,0.695350
1496,15.20,瞬时请求候选,0x6E8,8,3,4,28,1,1,0.5397,4,84,0.695350
1497,15.20,瞬时请求候选,0x6E8,8,4,2,34,1,1,0.5397,4,84,0.695350
1498,15.20,瞬时请求候选,0x709,8,1,1,9,0,0,0.7212,4,84,0.078950
1499,15.20,瞬时请求候选,0x70B,8,0,0,0,0,0,0.5397,4,84,0.461900
1500,15.20,瞬时请求候选,0x724,3,0,0,0,0,0,0.5397,4,84,0.221650
1501,15.20,瞬时请求候选,0x727,2,0,0,0,0,0,0.5397,4,84,0.295600
1502,15.20,瞬时请求候选,0x752,8,0,0,0,1,1,0.5397,4,84,0.382200
1503,15.20,瞬时请求候选,0x77A,8,1,4,12,1,1,0.7474,4,84,0.297950
1504,15.00,瞬时请求候选,0x213,2,1,5,13,1,1,0.5000,4,85,0.729600
1505,15.00,瞬时请求候选,0x238,8,6,5,53,1,1,0.5373,4,85,0.480100
1506,15.00,瞬时请求候选,0x238,8,7,5,61,0,0,0.5373,4,85,0.480100
1507,15.00,瞬时请求候选,0x284,8,6,5,53,1,1,0.5000,4,85,0.529250
1508,15.00,瞬时请求候选,0x284,8,7,5,61,0,0,0.5397,4,85,0.030300
1509,15.00,瞬时请求候选,0x293,8,7,5,61,1,1,0.5000,4,85,0.679700
1510,15.00,瞬时请求候选,0x324,8,1,1,9,1,0,0.9158,2,5,4.288200
1511,15.00,瞬时请求候选,0x37D,8,4,1,33,0,0,0.7619,3,45,0.037500
1512,15.00,瞬时请求候选,0x37D,8,4,2,34,0,0,0.7619,3,45,0.037500
1513,15.00,瞬时请求候选,0x37D,8,4,3,35,0,0,0.7619,3,45,0.037500
1514,15.00,瞬时请求候选,0x37D,8,4,4,36,0,0,0.7619,3,45,0.037500
1515,15.00,瞬时请求候选,0x37D,8,4,5,37,0,0,0.7619,3,45,0.037500
1516,15.00,瞬时请求候选,0x37D,8,4,6,38,0,0,0.7619,3,45,0.037500
1517,15.00,瞬时请求候选,0x37D,8,4,7,39,0,0,0.7619,3,45,0.037500
1518,15.00,瞬时请求候选,0x37D,8,5,0,40,0,0,0.7619,3,45,0.037500
1519,15.00,瞬时请求候选,0x37D,8,5,1,41,0,0,0.7619,3,45,0.037500
1520,15.00,瞬时请求候选,0x37D,8,5,2,42,0,0,0.7619,3,45,0.037500
1521,15.00,瞬时请求候选,0x3B2,8,1,0,8,0,0,0.6169,4,85,0.388150
1522,15.00,瞬时请求候选,0x3B2,8,4,4,36,0,不一致,0.6606,4,85,-0.059000
1523,15.00,瞬时请求候选,0x3E9,8,6,5,53,不一致,不一致,0.5219,4,85,0.255150
1524,15.00,瞬时请求候选,0x3E9,8,7,5,61,1,1,0.5219,4,85,0.255150
1525,15.00,瞬时请求候选,0x407,8,0,1,1,1,1,0.5000,4,85,0.597000
1526,15.00,瞬时请求候选,0x443,6,0,1,1,1,1,0.5000,4,85,0.622850
1527,14.80,瞬时请求候选,0x1D6,8,6,5,53,0,0,0.9389,4,86,2.757700
1528,14.80,瞬时请求候选,0x39B,8,6,5,53,不一致,1,0.5259,4,86,0.367850
1529,14.80,瞬时请求候选,0x3B2,8,4,7,39,0,0,0.6551,4,86,0.041750
1530,14.80,瞬时请求候选,0x75D,8,5,1,41,0,0,0.9020,4,86,0.336650
1531,14.80,瞬时请求候选,0x2E3,7,4,5,37,0,0,0.9459,3,46,3.030500
1532,14.60,瞬时请求候选,0x232,8,4,1,33,不一致,不一致,0.5951,3,47,0.711200
1533,14.60,瞬时请求候选,0x332,6,4,5,37,0,不一致,0.7032,3,47,0.045600
1534,14.60,瞬时请求候选,0x75D,8,3,4,28,0,0,0.9467,3,47,0.534400
1535,14.60,瞬时请求候选,0x2E2,8,6,6,54,0,0,0.8988,4,87,0.230600
1536,14.60,瞬时请求候选,0x2F1,8,3,3,27,0,0,0.9178,4,87,0.189150
1537,14.60,瞬时请求候选,0x3B2,8,3,7,31,0,0,0.7582,4,87,0.889300
1538,14.40,瞬时请求候选,0x2F1,8,0,4,4,0,0,0.8381,4,88,0.188050
1539,14.40,瞬时请求候选,0x2F1,8,4,6,38,0,0,0.6367,4,88,0.338450
1540,14.40,瞬时请求候选,0x3B2,8,2,0,16,0,0,0.7051,4,88,0.390250
1541,14.40,瞬时请求候选,0x3B2,8,4,5,37,0,0,0.7331,4,88,0.439000
1542,14.40,瞬时请求候选,0x3B2,8,5,4,44,0,0,0.6486,4,88,0.092150
1543,14.40,瞬时请求候选,0x3B2,8,5,7,47,0,不一致,0.6759,4,88,0.288100
1544,14.40,瞬时请求候选,0x3DB,8,1,0,8,0,0,0.7574,4,88,1.069500
1545,14.40,瞬时请求候选,0x545,8,2,4,20,0,0,0.9894,3,48,0.520500
1546,14.20,瞬时请求候选,0x2F1,8,0,3,3,0,0,0.5792,4,89,0.539200
1547,14.20,瞬时请求候选,0x2F1,8,4,5,37,0,0,0.9494,4,89,0.787750
1548,14.20,瞬时请求候选,0x2F1,8,4,7,39,0,0,0.8954,4,89,0.787750
1549,14.20,瞬时请求候选,0x2F1,8,6,4,52,0,0,0.8954,4,89,0.836800
1550,14.20,瞬时请求候选,0x2F1,8,6,5,53,0,0,0.8954,4,89,0.836800
1551,14.20,瞬时请求候选,0x2F1,8,7,2,58,0,0,0.9494,4,89,0.787750
1552,14.20,瞬时请求候选,0x3DB,8,3,0,24,0,0,0.5890,4,89,1.069500
1553,14.20,瞬时请求候选,0x3DB,8,3,1,25,0,0,0.7301,4,89,1.069500
1554,14.20,瞬时请求候选,0x3DB,8,3,2,26,0,0,0.7301,4,89,1.569500
1555,14.00,瞬时请求候选,0x2F1,8,4,1,33,0,0,0.6349,4,90,0.338450
1556,14.00,瞬时请求候选,0x372,8,4,5,37,0,0,0.9613,4,90,0.552900
1557,14.00,瞬时请求候选,0x3B2,8,6,3,51,0,0,0.7116,4,90,0.389550
1558,14.00,瞬时请求候选,0x3B2,8,6,4,52,0,0,0.5741,4,90,0.642500
1559,14.00,瞬时请求候选,0x3B2,8,7,5,61,0,0,0.7066,4,90,0.789500
1560,13.80,瞬时请求候选,0x3B2,8,2,7,23,0,0,0.6849,4,91,0.288100
1561,13.80,瞬时请求候选,0x3B2,8,4,3,35,0,0,0.7390,4,91,-0.008550
1562,13.80,瞬时请求候选,0x3B2,8,4,6,38,0,0,0.6704,4,91,0.189150
1563,13.80,瞬时请求候选,0x37D,8,2,0,16,不一致,不一致,0.6878,3,51,0.040400
1564,13.60,瞬时请求候选,0x2E3,7,2,4,20,0,0,0.9411,3,52,2.427600
1565,13.60,瞬时请求候选,0x2C4,8,2,6,22,0,0,0.9216,4,92,0.443300
1566,13.40,瞬时请求候选,0x3B2,8,1,4,12,不一致,0,0.7120,4,93,-0.059250
1567,13.40,瞬时请求候选,0x400,7,1,6,14,不一致,1,0.8956,3,53,3.090900
1568,13.20,瞬时请求候选,0x75D,8,1,2,10,0,0,0.8848,4,94,0.336650
1569,12.80,瞬时请求候选,0x332,6,2,2,18,不一致,不一致,0.6350,3,56,0.043700
1570,12.80,瞬时请求候选,0x395,8,2,1,17,1,1,0.9638,3,56,1.861200
1571,12.80,瞬时请求候选,0x3B2,8,3,1,25,0,0,0.7111,4,96,-0.008550
1572,12.60,瞬时请求候选,0x3B2,8,1,7,15,0,0,0.7232,4,97,-0.059250
1573,12.40,瞬时请求候选,0x2C4,8,3,0,24,0,0,0.9259,4,98,0.293700
1574,12.40,瞬时请求候选,0x2C4,8,7,2,58,0,0,0.9387,4,98,0.244150
1575,12.40,瞬时请求候选,0x3B2,8,1,6,14,0,0,0.6283,4,98,0.691100
1576,12.40,瞬时请求候选,0x3B2,8,2,1,17,不一致,0,0.6951,4,98,0.092150
1577,12.20,瞬时请求候选,0x2E3,7,1,2,10,0,0,0.8846,4,99,0.228450
1578,12.20,瞬时请求候选,0x37D,8,5,3,43,0,0,0.6783,3,59,0.040400
1579,12.20,瞬时请求候选,0x3B2,8,1,1,9,不一致,0,0.7006,4,99,-0.008550
1580,12.20,瞬时请求候选,0x3B2,8,3,5,29,0,0,0.7372,4,99,0.691100
1581,12.20,瞬时请求候选,0x3B2,8,3,6,30,0,0,0.7099,4,99,0.241050
1582,12.20,瞬时请求候选,0x3B2,8,4,2,34,0,0,0.6477,4,99,0.389550
1583,12.20,瞬时请求候选,0x3B2,8,5,0,40,0,不一致,0.6190,4,99,0.042000
1584,12.00,瞬时请求候选,0x102,8,4,1,33,0,0,0.6494,4,354,-0.240300
1585,12.00,瞬时请求候选,0x102,8,4,2,34,1,1,0.6494,4,354,-0.240300
1586,12.00,瞬时请求候选,0x108,8,0,0,0,不一致,不一致,0.5261,4,582,-0.244050
1587,12.00,瞬时请求候选,0x108,8,0,1,1,不一致,1,0.5243,4,407,-0.244050
1588,12.00,瞬时请求候选,0x108,8,0,2,2,不一致,1,0.5232,4,299,-0.243400
1589,12.00,瞬时请求候选,0x108,8,0,3,3,不一致,不一致,0.5327,4,155,-0.243400
1590,12.00,瞬时请求候选,0x108,8,0,4,4,不一致,不一致,0.5265,4,129,-0.244050
1591,12.00,瞬时请求候选,0x108,8,0,5,5,不一致,不一致,0.5265,4,129,-0.244050
1592,12.00,瞬时请求候选,0x108,8,1,0,8,1,1,0.5000,4,837,-0.244050
1593,12.00,瞬时请求候选,0x108,8,1,1,9,1,1,0.5000,4,417,-0.244050
1594,12.00,瞬时请求候选,0x108,8,1,2,10,1,1,0.5025,4,206,-0.244050
1595,12.00,瞬时请求候选,0x108,8,1,3,11,不一致,1,0.5025,4,103,-0.244050
1596,12.00,瞬时请求候选,0x108,8,5,0,40,0,0,0.6380,4,373,0.207000
1597,12.00,瞬时请求候选,0x108,8,5,1,41,0,0,0.8192,4,248,0.355700
1598,12.00,瞬时请求候选,0x108,8,5,2,42,0,0,0.8210,4,248,0.355700
1599,12.00,瞬时请求候选,0x108,8,5,3,43,0,0,0.8210,4,248,0.355700
1600,12.00,瞬时请求候选,0x108,8,5,4,44,0,0,0.8210,4,248,0.355700
1601,12.00,瞬时请求候选,0x108,8,5,5,45,0,0,0.8210,4,248,0.355700
1602,12.00,瞬时请求候选,0x108,8,5,6,46,0,0,0.8210,4,248,0.355700
1603,12.00,瞬时请求候选,0x108,8,5,7,47,0,0,0.8210,4,248,0.355700
1604,12.00,瞬时请求候选,0x108,8,6,0,48,0,0,0.8210,4,248,0.355700
1605,12.00,瞬时请求候选,0x108,8,6,1,49,0,0,0.8210,4,248,0.355700
1606,12.00,瞬时请求候选,0x108,8,6,2,50,0,0,0.8210,4,248,0.355700
1607,12.00,瞬时请求候选,0x108,8,6,3,51,0,0,0.8210,4,248,0.355700
1608,12.00,瞬时请求候选,0x108,8,6,4,52,0,0,0.8210,4,248,0.355700
1609,12.00,瞬时请求候选,0x108,8,6,5,53,0,0,0.8210,4,248,0.355700
1610,12.00,瞬时请求候选,0x108,8,6,6,54,0,0,0.8210,4,248,0.355700
1611,12.00,瞬时请求候选,0x108,8,6,7,55,0,0,0.8210,4,248,0.355700
1612,12.00,瞬时请求候选,0x118,8,0,0,0,1,1,0.5000,4,8403,-0.245050
1613,12.00,瞬时请求候选,0x118,8,0,1,1,1,1,0.5000,4,4200,-0.245050
1614,12.00,瞬时请求候选,0x118,8,0,2,2,0,0,0.5008,4,2098,-0.245050
1615,12.00,瞬时请求候选,0x118,8,0,3,3,不一致,1,0.5010,4,1049,-0.204950
1616,12.00,瞬时请求候选,0x118,8,0,4,4,1,1,0.8118,4,1053,-0.124900
1617,12.00,瞬时请求候选,0x118,8,0,5,5,1,1,0.8118,4,1053,-0.124900
1618,12.00,瞬时请求候选,0x118,8,0,6,6,1,1,0.8118,4,1053,-0.124900
1619,12.00,瞬时请求候选,0x118,8,0,7,7,1,1,0.8118,4,1053,-0.124900
1620,12.00,瞬时请求候选,0x118,8,1,0,8,1,1,0.5000,4,8403,-0.245050
1621,12.00,瞬时请求候选,0x118,8,1,1,9,1,1,0.5000,4,4203,-0.234250
1622,12.00,瞬时请求候选,0x118,8,1,2,10,1,1,0.5000,4,2102,-0.214200
1623,12.00,瞬时请求候选,0x118,8,1,3,11,1,1,0.5011,4,1053,-0.174000
1624,12.00,瞬时请求候选,0x122,8,0,0,0,1,1,0.5000,4,837,-0.234650
1625,12.00,瞬时请求候选,0x122,8,2,1,17,1,1,0.5000,4,837,-0.234650
1626,12.00,瞬时请求候选,0x122,8,2,4,20,1,1,0.5000,4,837,-0.234650
1627,12.00,瞬时请求候选,0x122,8,3,1,25,1,1,0.5000,4,837,-0.234650
1628,12.00,瞬时请求候选,0x122,8,3,4,28,1,1,0.5000,4,837,-0.234650
1629,12.00,瞬时请求候选,0x122,8,3,7,31,1,1,0.5000,4,837,-0.234650
1630,12.00,瞬时请求候选,0x122,8,4,1,33,1,1,0.5000,4,837,-0.234650
1631,12.00,瞬时请求候选,0x122,8,4,4,36,1,1,0.5000,4,837,-0.234650
1632,12.00,瞬时请求候选,0x122,8,5,0,40,1,1,0.5000,4,837,-0.234650
1633,12.00,瞬时请求候选,0x122,8,5,1,41,1,1,0.5000,4,837,-0.234650
1634,12.00,瞬时请求候选,0x122,8,5,2,42,1,1,0.5000,4,837,-0.234650
1635,12.00,瞬时请求候选,0x122,8,5,3,43,1,1,0.5000,4,837,-0.234650
1636,12.00,瞬时请求候选,0x122,8,5,4,44,1,1,0.5000,4,837,-0.234650
1637,12.00,瞬时请求候选,0x122,8,5,5,45,1,1,0.5000,4,837,-0.234650
1638,12.00,瞬时请求候选,0x123,8,0,0,0,1,1,0.5000,4,837,-0.239700
1639,12.00,瞬时请求候选,0x123,8,2,1,17,1,1,0.5000,4,837,-0.239700
1640,12.00,瞬时请求候选,0x123,8,2,4,20,1,1,0.5000,4,837,-0.239700
1641,12.00,瞬时请求候选,0x123,8,3,1,25,1,1,0.5000,4,837,-0.239700
1642,12.00,瞬时请求候选,0x123,8,3,4,28,1,1,0.5000,4,837,-0.239700
1643,12.00,瞬时请求候选,0x123,8,3,7,31,1,1,0.5000,4,837,-0.239700
1644,12.00,瞬时请求候选,0x123,8,4,1,33,1,1,0.5000,4,837,-0.239700
1645,12.00,瞬时请求候选,0x123,8,4,4,36,1,1,0.5000,4,837,-0.239700
1646,12.00,瞬时请求候选,0x123,8,4,6,38,1,1,0.5000,4,837,-0.239700
1647,12.00,瞬时请求候选,0x123,8,4,7,39,1,1,0.5000,4,837,-0.239700
1648,12.00,瞬时请求候选,0x123,8,5,0,40,1,1,0.5000,4,837,-0.239700
1649,12.00,瞬时请求候选,0x123,8,5,1,41,1,1,0.5000,4,837,-0.239700
1650,12.00,瞬时请求候选,0x123,8,5,2,42,1,1,0.5000,4,837,-0.239700
1651,12.00,瞬时请求候选,0x123,8,5,3,43,1,1,0.5000,4,837,-0.239700
1652,12.00,瞬时请求候选,0x123,8,5,4,44,1,1,0.5000,4,837,-0.239700
1653,12.00,瞬时请求候选,0x123,8,5,5,45,1,1,0.5000,4,837,-0.239700
1654,12.00,瞬时请求候选,0x123,8,7,7,63,1,1,0.5000,4,837,-0.239700
1655,12.00,瞬时请求候选,0x126,5,3,3,27,1,1,0.5000,4,837,-0.243750
1656,12.00,瞬时请求候选,0x126,5,3,4,28,1,1,0.5000,4,417,-0.243750
1657,12.00,瞬时请求候选,0x126,5,3,5,29,1,1,0.5025,4,206,-0.243750
1658,12.00,瞬时请求候选,0x126,5,3,6,30,不一致,1,0.5025,4,103,-0.243750
1659,12.00,瞬时请求候选,0x126,5,4,3,35,1,1,0.5000,4,837,-0.243750
1660,12.00,瞬时请求候选,0x126,5,4,4,36,1,1,0.5000,4,417,-0.243750
1661,12.00,瞬时请求候选,0x126,5,4,5,37,不一致,0,0.5055,4,211,-0.043750
1662,12.00,瞬时请求候选,0x126,5,4,6,38,不一致,0,0.5079,4,104,-0.043750
1663,12.00,瞬时请求候选,0x126,5,4,7,39,0,0,0.8779,4,103,0.156250
1664,12.00,瞬时请求候选,0x129,8,0,0,0,0,0,0.5312,4,4645,-0.230600
1665,12.00,瞬时请求候选,0x129,8,0,1,1,0,0,0.5628,4,5249,-0.241100
1666,12.00,瞬时请求候选,0x129,8,0,2,2,1,1,0.5468,4,4752,-0.240250
1667,12.00,瞬时请求候选,0x129,8,0,3,3,不一致,1,0.5086,4,3778,-0.226150
1668,12.00,瞬时请求候选,0x129,8,0,4,4,不一致,1,0.5001,4,6301,-0.241100
1669,12.00,瞬时请求候选,0x129,8,0,5,5,0,0,0.6623,4,3772,-0.240500
1670,12.00,瞬时请求候选,0x129,8,0,6,6,1,1,0.5427,4,4832,-0.235950
1671,12.00,瞬时请求候选,0x129,8,0,7,7,不一致,0,0.5045,4,4192,-0.240250
1672,12.00,瞬时请求候选,0x129,8,1,0,8,1,1,0.5000,4,8402,-0.241100
1673,12.00,瞬时请求候选,0x129,8,1,1,9,1,1,0.5000,4,4200,-0.240750
1674,12.00,瞬时请求候选,0x129,8,1,2,10,1,1,0.5006,4,2102,-0.220700
1675,12.00,瞬时请求候选,0x129,8,1,3,11,1,1,0.5010,4,1049,-0.220700
1676,12.00,瞬时请求候选,0x129,8,4,0,32,0,0,0.7246,4,3324,-0.240500
1677,12.00,瞬时请求候选,0x129,8,4,1,33,0,0,0.8617,4,1978,-0.220200
1678,12.00,瞬时请求候选,0x129,8,4,2,34,0,0,0.8617,4,1978,-0.220200
1679,12.00,瞬时请求候选,0x129,8,4,3,35,0,0,0.8617,4,1978,-0.220200
1680,12.00,瞬时请求候选,0x129,8,4,4,36,0,0,0.8617,4,1978,-0.220200
1681,12.00,瞬时请求候选,0x129,8,4,5,37,0,0,0.8617,4,1978,-0.220200
1682,12.00,瞬时请求候选,0x129,8,4,6,38,0,0,0.8617,4,1978,-0.220200
1683,12.00,瞬时请求候选,0x129,8,4,7,39,0,0,0.8617,4,1978,-0.220200
1684,12.00,瞬时请求候选,0x129,8,5,0,40,0,0,0.8617,4,1978,-0.220200
1685,12.00,瞬时请求候选,0x129,8,5,1,41,0,0,0.8617,4,1978,-0.220200
1686,12.00,瞬时请求候选,0x129,8,5,2,42,0,0,0.8617,4,1978,-0.220200
1687,12.00,瞬时请求候选,0x129,8,5,3,43,0,0,0.8617,4,1978,-0.220200
1688,12.00,瞬时请求候选,0x129,8,5,4,44,0,0,0.8617,4,1978,-0.220200
1689,12.00,瞬时请求候选,0x129,8,5,5,45,1,1,0.8617,4,1978,-0.220200
1690,12.00,瞬时请求候选,0x132,6,0,0,0,1,不一致,0.5119,4,4248,-0.243050
1691,12.00,瞬时请求候选,0x132,6,0,1,1,不一致,不一致,0.5141,4,4142,-0.243500
1692,12.00,瞬时请求候选,0x132,6,0,2,2,不一致,不一致,0.5095,4,4213,-0.243150
1693,12.00,瞬时请求候选,0x132,6,0,3,3,不一致,不一致,0.5146,4,4197,-0.233050
1694,12.00,瞬时请求候选,0x132,6,0,4,4,不一致,0,0.5376,4,3776,-0.233550
1695,12.00,瞬时请求候选,0x132,6,0,5,5,不一致,1,0.6904,4,2176,-0.168500
1696,12.00,瞬时请求候选,0x132,6,2,0,16,0,0,0.5664,4,3960,-0.238500
1697,12.00,瞬时请求候选,0x132,6,4,0,32,0,0,0.6986,4,3579,-0.218550
1698,12.00,瞬时请求候选,0x132,6,4,1,33,1,1,0.6451,4,3873,-0.243250
1699,12.00,瞬时请求候选,0x132,6,4,2,34,0,0,0.7603,4,3042,-0.243550
1700,12.00,瞬时请求候选,0x132,6,4,3,35,0,0,0.7964,4,2724,-0.243550
1701,12.00,瞬时请求候选,0x132,6,4,4,36,0,0,0.7964,4,2724,-0.243550
1702,12.00,瞬时请求候选,0x132,6,4,5,37,1,1,0.7964,4,2724,-0.243550
1703,12.00,瞬时请求候选,0x142,8,0,0,0,1,1,0.5000,4,1680,-0.244600
1704,12.00,瞬时请求候选,0x142,8,0,3,3,1,1,0.5000,4,1680,-0.244600
1705,12.00,瞬时请求候选,0x142,8,0,5,5,1,1,0.5000,4,1680,-0.244600
1706,12.00,瞬时请求候选,0x142,8,2,1,17,1,1,0.5000,4,1680,-0.244600
1707,12.00,瞬时请求候选,0x142,8,2,6,22,1,1,0.5000,4,1680,-0.244600
1708,12.00,瞬时请求候选,0x142,8,3,0,24,1,1,0.5000,4,1680,-0.244600
1709,12.00,瞬时请求候选,0x142,8,3,1,25,1,1,0.5000,4,1680,-0.244600
1710,12.00,瞬时请求候选,0x142,8,3,2,26,1,1,0.5000,4,1680,-0.244600
1711,12.00,瞬时请求候选,0x142,8,3,4,28,1,1,0.5000,4,1680,-0.244600
1712,12.00,瞬时请求候选,0x142,8,3,6,30,1,1,0.5000,4,1680,-0.244600
1713,12.00,瞬时请求候选,0x142,8,4,6,38,1,1,0.5000,4,1680,-0.244600
1714,12.00,瞬时请求候选,0x142,8,4,7,39,1,1,0.5000,4,1680,-0.244600
1715,12.00,瞬时请求候选,0x142,8,5,0,40,1,1,0.5000,4,1680,-0.244600
1716,12.00,瞬时请求候选,0x142,8,5,1,41,1,1,0.5000,4,1680,-0.244600
1717,12.00,瞬时请求候选,0x142,8,5,3,43,1,1,0.5000,4,1680,-0.244600
1718,12.00,瞬时请求候选,0x142,8,5,4,44,1,1,0.5000,4,1680,-0.244600
1719,12.00,瞬时请求候选,0x142,8,6,0,48,1,1,0.5000,4,1680,-0.244600
1720,12.00,瞬时请求候选,0x1D6,8,5,6,46,不一致,不一致,0.5346,4,422,-0.242850
1721,12.00,瞬时请求候选,0x1D6,8,5,7,47,不一致,1,0.5083,4,422,-0.142000
1722,12.00,瞬时请求候选,0x1D6,8,6,0,48,不一致,1,0.5473,4,434,-0.143900
1723,12.00,瞬时请求候选,0x1D6,8,6,1,49,不一致,0,0.5363,4,396,-0.192850
1724,12.00,瞬时请求候选,0x1D6,8,6,2,50,0,不一致,0.5450,4,412,-0.191600
1725,12.00,瞬时请求候选,0x1D6,8,6,3,51,1,1,0.5820,4,397,-0.241950
1726,12.00,瞬时请求候选,0x1D6,8,6,4,52,不一致,不一致,0.5280,4,441,-0.093650
1727,12.00,瞬时请求候选,0x1D8,8,6,5,53,1,1,0.5000,4,8403,-0.243750
1728,12.00,瞬时请求候选,0x1D8,8,6,6,54,1,1,0.5000,4,4203,-0.233100
1729,12.00,瞬时请求候选,0x1D8,8,6,7,55,0,0,0.5016,4,2101,-0.233100
1730,12.00,瞬时请求候选,0x1D8,8,7,5,61,1,1,0.5000,4,8403,-0.243750
1731,12.00,瞬时请求候选,0x1D8,8,7,6,62,1,1,0.5000,4,4203,-0.233100
1732,12.00,瞬时请求候选,0x1D8,8,7,7,63,0,0,0.5016,4,2101,-0.233100
1733,12.00,瞬时请求候选,0x1E5,8,6,5,53,1,1,0.5000,4,8404,-0.243150
1734,12.00,瞬时请求候选,0x1E5,8,6,6,54,1,1,0.5000,4,4204,-0.232650
1735,12.00,瞬时请求候选,0x1E5,8,7,5,61,1,1,0.5000,4,8404,-0.243150
1736,12.00,瞬时请求候选,0x1E5,8,7,6,62,1,1,0.5000,4,4204,-0.232650
1737,12.00,瞬时请求候选,0x201,8,0,0,0,1,1,0.5000,4,3360,-0.228050
1738,12.00,瞬时请求候选,0x201,8,0,1,1,1,1,0.5000,4,1680,-0.203250
1739,12.00,瞬时请求候选,0x201,8,0,3,3,1,1,0.5000,4,1680,-0.203250
1740,12.00,瞬时请求候选,0x201,8,0,4,4,0,0,0.8328,4,1144,-0.190100
1741,12.00,瞬时请求候选,0x201,8,0,5,5,0,0,0.8105,4,1323,-0.227400
1742,12.00,瞬时请求候选,0x201,8,0,7,7,0,0,0.7500,4,1680,-0.228050
1743,12.00,瞬时请求候选,0x201,8,1,0,8,0,0,0.7500,4,1680,-0.228050
1744,12.00,瞬时请求候选,0x201,8,1,2,10,0,0,0.7500,4,1676,-0.228050
1745,12.00,瞬时请求候选,0x201,8,1,3,11,1,1,0.5628,4,1679,-0.203800
1746,12.00,瞬时请求候选,0x201,8,1,4,12,0,0,0.9372,4,417,-0.102050
1747,12.00,瞬时请求候选,0x201,8,1,5,13,1,1,0.5628,4,1679,-0.203800
1748,12.00,瞬时请求候选,0x201,8,1,6,14,0,0,0.8128,4,1263,-0.226950
1749,12.00,瞬时请求候选,0x201,8,1,7,15,0,0,0.7500,4,1680,-0.228050
1750,12.00,瞬时请求候选,0x201,8,2,0,16,1,1,0.5000,4,1680,-0.203250
1751,12.00,瞬时请求候选,0x201,8,2,1,17,0,0,0.7500,4,1680,-0.228050
1752,12.00,瞬时请求候选,0x201,8,2,3,19,不一致,不一致,0.5394,4,1679,-0.204350
1753,12.00,瞬时请求候选,0x201,8,2,4,20,不一致,不一致,0.5394,4,1679,-0.204350
1754,12.00,瞬时请求候选,0x201,8,2,5,21,0,0,0.7106,4,1677,-0.228050
1755,12.00,瞬时请求候选,0x201,8,2,7,23,1,1,0.5000,4,1680,-0.203250
1756,12.00,瞬时请求候选,0x201,8,3,6,30,1,1,0.5000,4,1680,-0.203250
1757,12.00,瞬时请求候选,0x201,8,4,0,32,0,0,0.7500,4,1676,-0.228050
1758,12.00,瞬时请求候选,0x201,8,4,1,33,1,1,0.5000,4,1680,-0.203250
1759,12.00,瞬时请求候选,0x201,8,4,2,34,1,1,0.5000,4,1680,-0.203250
1760,12.00,瞬时请求候选,0x201,8,4,4,36,0,0,0.7500,4,1676,-0.228050
1761,12.00,瞬时请求候选,0x201,8,4,5,37,0,0,0.7500,4,1680,-0.228050
1762,12.00,瞬时请求候选,0x201,8,5,0,40,0,0,0.7500,4,1680,-0.228050
1763,12.00,瞬时请求候选,0x201,8,5,1,41,0,0,0.7500,4,1680,-0.228050
1764,12.00,瞬时请求候选,0x201,8,5,5,45,0,0,0.7633,4,1564,-0.228050
1765,12.00,瞬时请求候选,0x201,8,5,6,46,0,0,0.7638,4,1560,-0.228050
1766,12.00,瞬时请求候选,0x201,8,5,7,47,0,0,0.7690,4,1484,-0.228050
1767,12.00,瞬时请求候选,0x201,8,6,3,51,1,1,0.5000,4,1680,-0.203250
1768,12.00,瞬时请求候选,0x201,8,6,4,52,1,1,0.7500,4,1676,-0.228050
1769,12.00,瞬时请求候选,0x201,8,6,5,53,1,1,0.5000,4,3360,-0.228050
1770,12.00,瞬时请求候选,0x201,8,6,6,54,0,0,0.7500,4,1680,-0.228050
1771,12.00,瞬时请求候选,0x201,8,7,0,56,1,1,0.7500,4,1676,-0.228050
1772,12.00,瞬时请求候选,0x201,8,7,1,57,1,1,0.5000,4,1680,-0.228050
1773,12.00,瞬时请求候选,0x201,8,7,2,58,1,1,0.5000,4,1680,-0.203250
1774,12.00,瞬时请求候选,0x201,8,7,3,59,1,1,0.5000,4,1680,-0.203250
1775,12.00,瞬时请求候选,0x201,8,7,4,60,1,1,0.5000,4,1680,-0.203250
1776,12.00,瞬时请求候选,0x201,8,7,5,61,1,1,0.5000,4,1680,-0.203250
1777,12.00,瞬时请求候选,0x201,8,7,6,62,0,0,0.7500,4,1676,-0.228050
1778,12.00,瞬时请求候选,0x201,8,7,7,63,0,0,0.7500,4,1676,-0.228050
1779,12.00,瞬时请求候选,0x20E,3,0,0,0,1,1,0.5000,4,837,-0.205900
1780,12.00,瞬时请求候选,0x20E,3,0,1,1,0,0,0.5079,4,420,-0.106900
1781,12.00,瞬时请求候选,0x20E,3,0,2,2,不一致,1,0.5079,4,210,-0.106900
1782,12.00,瞬时请求候选,0x20E,3,1,0,8,1,1,0.5000,4,837,-0.205900
1783,12.00,瞬时请求候选,0x20E,3,1,1,9,0,0,0.5079,4,420,-0.106900
1784,12.00,瞬时请求候选,0x20E,3,1,2,10,不一致,1,0.5079,4,210,-0.106900
1785,12.00,瞬时请求候选,0x211,6,0,0,0,1,1,0.5000,4,837,-0.239100
1786,12.00,瞬时请求候选,0x211,6,0,1,1,1,1,0.5000,4,417,-0.239100
1787,12.00,瞬时请求候选,0x211,6,0,2,2,1,1,0.5025,4,206,-0.239100
1788,12.00,瞬时请求候选,0x211,6,0,3,3,不一致,1,0.5025,4,103,-0.239100
1789,12.00,瞬时请求候选,0x211,6,0,4,4,1,1,0.8779,4,103,0.161300
1790,12.00,瞬时请求候选,0x211,6,0,5,5,0,0,0.8779,4,103,0.161300
1791,12.00,瞬时请求候选,0x211,6,1,0,8,1,1,0.5000,4,837,-0.239100
1792,12.00,瞬时请求候选,0x211,6,1,1,9,1,1,0.5000,4,417,-0.239100
1793,12.00,瞬时请求候选,0x211,6,1,2,10,不一致,0,0.5055,4,211,-0.038750
1794,12.00,瞬时请求候选,0x211,6,1,3,11,不一致,0,0.5079,4,104,-0.038750
1795,12.00,瞬时请求候选,0x213,2,0,4,4,1,1,0.5000,4,169,0.229450
1796,12.00,瞬时请求候选,0x213,2,1,4,12,1,1,0.5000,4,169,0.229450
1797,12.00,瞬时请求候选,0x219,7,0,0,0,1,1,0.5000,4,842,-0.181900
1798,12.00,瞬时请求候选,0x219,7,0,1,1,0,0,0.6656,4,281,-0.180500
1799,12.00,瞬时请求候选,0x219,7,0,2,2,0,0,0.6656,4,280,-0.181200
1800,12.00,瞬时请求候选,0x219,7,1,2,10,0,0,0.8328,4,280,-0.080500
1801,12.00,瞬时请求候选,0x219,7,1,4,12,0,0,0.8328,4,280,-0.080500
1802,12.00,瞬时请求候选,0x219,7,1,5,13,0,0,0.8328,4,280,-0.080500
1803,12.00,瞬时请求候选,0x219,7,1,6,14,0,0,0.8328,4,280,-0.080500
1804,12.00,瞬时请求候选,0x219,7,1,7,15,0,0,0.6672,4,281,0.017550
1805,12.00,瞬时请求候选,0x219,7,2,0,16,0,0,0.6672,4,281,0.017550
1806,12.00,瞬时请求候选,0x219,7,2,1,17,0,0,0.6672,4,281,0.017550
1807,12.00,瞬时请求候选,0x219,7,2,2,18,1,1,0.5000,4,561,-0.082550
1808,12.00,瞬时请求候选,0x219,7,2,3,19,1,1,0.6656,4,280,-0.181200
1809,12.00,瞬时请求候选,0x219,7,2,4,20,0,0,0.6656,4,280,-0.181200
1810,12.00,瞬时请求候选,0x219,7,2,5,21,0,0,0.6656,4,280,-0.181200
1811,12.00,瞬时请求候选,0x219,7,3,0,24,1,1,0.6672,4,561,-0.180500
1812,12.00,瞬时请求候选,0x219,7,3,1,25,0,0,0.8328,4,280,-0.081850
1813,12.00,瞬时请求候选,0x219,7,3,2,26,1,1,0.8328,4,280,-0.080500
1814,12.00,瞬时请求候选,0x219,7,3,3,27,1,1,0.8328,4,280,-0.080500
1815,12.00,瞬时请求候选,0x219,7,3,5,29,0,0,0.8328,4,280,-0.081850
1816,12.00,瞬时请求候选,0x219,7,3,6,30,1,1,0.8328,4,280,-0.080500
1817,12.00,瞬时请求候选,0x219,7,4,0,32,1,1,0.8328,4,280,-0.080500
1818,12.00,瞬时请求候选,0x219,7,4,1,33,1,1,0.8328,4,280,-0.080500
1819,12.00,瞬时请求候选,0x219,7,4,2,34,1,1,0.8328,4,280,-0.080500
1820,12.00,瞬时请求候选,0x219,7,4,3,35,0,0,0.8328,4,280,-0.081850
1821,12.00,瞬时请求候选,0x219,7,4,4,36,1,1,0.6656,4,280,-0.181200
1822,12.00,瞬时请求候选,0x219,7,4,5,37,0,0,0.8328,4,280,-0.081850
1823,12.00,瞬时请求候选,0x219,7,4,6,38,0,0,0.8328,4,280,-0.081850
1824,12.00,瞬时请求候选,0x219,7,4,7,39,1,1,0.6656,4,280,-0.181200
1825,12.00,瞬时请求候选,0x219,7,5,0,40,0,0,0.6672,4,562,-0.180500
1826,12.00,瞬时请求候选,0x219,7,5,1,41,0,0,0.6656,4,281,-0.180500
1827,12.00,瞬时请求候选,0x219,7,5,3,43,不一致,不一致,0.5052,4,281,-0.032550
1828,12.00,瞬时请求候选,0x219,7,5,4,44,0,0,0.6656,4,561,-0.181200
1829,12.00,瞬时请求候选,0x219,7,5,5,45,1,1,0.8328,4,280,-0.080500
1830,12.00,瞬时请求候选,0x219,7,5,6,46,0,0,0.8328,4,280,-0.081850
1831,12.00,瞬时请求候选,0x219,7,5,7,47,1,1,0.6656,4,280,-0.181200
1832,12.00,瞬时请求候选,0x219,7,6,2,50,1,1,0.6656,4,280,-0.181200
1833,12.00,瞬时请求候选,0x221,8,0,0,0,1,1,0.5000,4,1679,-0.212000
1834,12.00,瞬时请求候选,0x221,8,1,4,12,1,1,0.5000,4,1679,-0.212000
1835,12.00,瞬时请求候选,0x221,8,1,6,14,1,1,0.5000,4,1679,-0.212000
1836,12.00,瞬时请求候选,0x221,8,3,4,28,1,1,0.5000,4,1679,-0.212000
1837,12.00,瞬时请求候选,0x221,8,3,6,30,1,1,0.5000,4,1679,-0.212000
1838,12.00,瞬时请求候选,0x221,8,4,0,32,1,1,0.5000,4,1679,-0.212000
1839,12.00,瞬时请求候选,0x221,8,4,2,34,1,1,0.5000,4,1679,-0.212000
1840,12.00,瞬时请求候选,0x221,8,4,4,36,1,1,0.5000,4,1679,-0.212000
1841,12.00,瞬时请求候选,0x221,8,4,6,38,1,1,0.5000,4,1679,-0.212000
1842,12.00,瞬时请求候选,0x221,8,5,0,40,1,1,0.5000,4,1679,-0.212000
1843,12.00,瞬时请求候选,0x221,8,5,1,41,1,1,0.5000,4,1679,-0.212000
1844,12.00,瞬时请求候选,0x221,8,5,4,44,1,1,0.5000,4,1679,-0.212000
1845,12.00,瞬时请求候选,0x221,8,5,6,46,1,1,0.5000,4,1679,-0.212000
1846,12.00,瞬时请求候选,0x221,8,6,0,48,1,1,0.5000,4,1679,-0.212000
1847,12.00,瞬时请求候选,0x221,8,6,4,52,1,1,0.5000,4,1679,-0.212000
1848,12.00,瞬时请求候选,0x221,8,6,5,53,1,1,0.5000,4,841,-0.162150
1849,12.00,瞬时请求候选,0x221,8,6,6,54,1,1,0.5000,4,421,-0.062250
1850,12.00,瞬时请求候选,0x221,8,6,7,55,1,1,0.5055,4,211,-0.062250
1851,12.00,瞬时请求候选,0x221,8,7,1,57,1,1,0.5000,4,1679,-0.212000
1852,12.00,瞬时请求候选,0x221,8,7,2,58,1,1,0.5000,4,1679,-0.212000
1853,12.00,瞬时请求候选,0x221,8,7,3,59,1,1,0.5000,4,1679,-0.212000
1854,12.00,瞬时请求候选,0x221,8,7,4,60,1,1,0.5000,4,1679,-0.212000
1855,12.00,瞬时请求候选,0x221,8,7,5,61,1,1,0.5000,4,841,-0.162150
1856,12.00,瞬时请求候选,0x221,8,7,6,62,1,1,0.5000,4,1259,-0.212000
1857,12.00,瞬时请求候选,0x221,8,7,7,63,1,1,0.5055,4,1053,-0.162150
1858,12.00,瞬时请求候选,0x228,8,6,4,52,1,1,0.5000,4,837,-0.226200
1859,12.00,瞬时请求候选,0x228,8,6,5,53,0,0,0.5079,4,420,-0.126050
1860,12.00,瞬时请求候选,0x228,8,6,6,54,不一致,0,0.5079,4,210,-0.126050
1861,12.00,瞬时请求候选,0x228,8,6,7,55,不一致,0,0.5079,4,103,-0.126050
1862,12.00,瞬时请求候选,0x228,8,7,4,60,1,1,0.5000,4,837,-0.226200
1863,12.00,瞬时请求候选,0x228,8,7,5,61,1,1,0.5000,4,417,-0.226200
1864,12.00,瞬时请求候选,0x228,8,7,6,62,不一致,0,0.5055,4,211,-0.026200
1865,12.00,瞬时请求候选,0x228,8,7,7,63,不一致,0,0.5079,4,104,-0.026200
1866,12.00,瞬时请求候选,0x229,3,0,0,0,1,1,0.6203,4,314,0.039550
1867,12.00,瞬时请求候选,0x229,3,0,1,1,0,0,0.6257,4,530,0.039700
1868,12.00,瞬时请求候选,0x229,3,0,2,2,1,1,0.5647,4,526,-0.160300
1869,12.00,瞬时请求候选,0x229,3,0,3,3,1,0,0.5055,4,419,-0.160300
1870,12.00,瞬时请求候选,0x229,3,0,4,4,0,0,0.6203,4,420,-0.160300
1871,12.00,瞬时请求候选,0x229,3,0,5,5,0,0,0.5611,4,420,-0.010350
1872,12.00,瞬时请求候选,0x229,3,0,6,6,1,1,0.6893,4,315,0.089650
1873,12.00,瞬时请求候选,0x229,3,0,7,7,0,0,0.6856,4,207,0.239600
1874,12.00,瞬时请求候选,0x229,3,1,0,8,1,1,0.5000,4,841,-0.160300
1875,12.00,瞬时请求候选,0x229,3,1,1,9,1,1,0.5079,4,420,-0.160300
1876,12.00,瞬时请求候选,0x229,3,1,2,10,0,0,0.5079,4,210,0.039550
1877,12.00,瞬时请求候选,0x229,3,1,3,11,不一致,0,0.5079,4,103,0.039550
1878,12.00,瞬时请求候选,0x234,8,0,0,0,0,0,0.6481,4,856,-0.150000
1879,12.00,瞬时请求候选,0x234,8,0,1,1,0,0,0.8589,4,415,-0.049900
1880,12.00,瞬时请求候选,0x234,8,0,2,2,1,1,0.5351,4,1405,-0.247450
1881,12.00,瞬时请求候选,0x234,8,0,3,3,0,0,0.9394,4,213,0.000750
1882,12.00,瞬时请求候选,0x234,8,0,4,4,0,0,0.5602,4,1467,-0.247450
1883,12.00,瞬时请求候选,0x234,8,1,0,8,1,1,0.5005,4,1680,-0.247450
1884,12.00,瞬时请求候选,0x234,8,1,4,12,0,不一致,0.5596,4,1504,-0.247450
1885,12.00,瞬时请求候选,0x234,8,1,5,13,1,1,0.5495,4,1515,-0.247450
1886,12.00,瞬时请求候选,0x234,8,1,7,15,1,1,0.5005,4,1680,-0.247450
1887,12.00,瞬时请求候选,0x234,8,2,0,16,1,1,0.5005,4,1680,-0.247450
1888,12.00,瞬时请求候选,0x234,8,3,0,24,0,0,0.8853,4,386,-0.048600
1889,12.00,瞬时请求候选,0x234,8,3,1,25,0,0,0.9177,4,266,0.401550
1890,12.00,瞬时请求候选,0x234,8,3,2,26,0,0,0.9207,4,256,0.401550
1891,12.00,瞬时请求候选,0x234,8,3,3,27,0,0,0.9207,4,256,0.401550
1892,12.00,瞬时请求候选,0x234,8,3,4,28,0,0,0.5797,4,1424,-0.247450
1893,12.00,瞬时请求候选,0x234,8,3,5,29,1,不一致,0.5005,4,1680,-0.247450
1894,12.00,瞬时请求候选,0x234,8,3,7,31,1,1,0.5005,4,1680,-0.247450
1895,12.00,瞬时请求候选,0x234,8,4,1,33,1,1,0.5005,4,1680,-0.247450
1896,12.00,瞬时请求候选,0x234,8,4,2,34,0,0,0.8837,4,392,-0.048600
1897,12.00,瞬时请求候选,0x234,8,4,3,35,0,0,0.9176,4,268,0.401550
1898,12.00,瞬时请求候选,0x234,8,4,4,36,0,0,0.9207,4,258,0.401550
1899,12.00,瞬时请求候选,0x234,8,4,5,37,0,0,0.9207,4,258,0.401550
1900,12.00,瞬时请求候选,0x234,8,4,6,38,1,1,0.9207,4,258,0.401550
1901,12.00,瞬时请求候选,0x234,8,4,7,39,1,不一致,0.5005,4,1680,-0.247450
1902,12.00,瞬时请求候选,0x234,8,5,2,42,1,不一致,0.5005,4,1680,-0.247450
1903,12.00,瞬时请求候选,0x234,8,6,2,50,1,1,0.5005,4,1680,-0.247450
1904,12.00,瞬时请求候选,0x234,8,6,4,52,1,1,0.5005,4,1680,-0.247450
1905,12.00,瞬时请求候选,0x234,8,6,5,53,1,1,0.5005,4,839,-0.247450
1906,12.00,瞬时请求候选,0x234,8,6,6,54,1,1,0.5052,4,421,-0.148550
1907,12.00,瞬时请求候选,0x234,8,6,7,55,1,1,0.5057,4,210,0.052500
1908,12.00,瞬时请求候选,0x234,8,7,0,56,0,0,0.6417,4,868,-0.150000
1909,12.00,瞬时请求候选,0x234,8,7,1,57,1,1,0.8132,4,523,-0.123650
1910,12.00,瞬时请求候选,0x234,8,7,2,58,1,1,0.8643,4,434,-0.098600
1911,12.00,瞬时请求候选,0x234,8,7,3,59,0,0,0.9209,4,262,-0.048350
1912,12.00,瞬时请求候选,0x234,8,7,4,60,0,0,0.9387,4,184,0.151400
1913,12.00,瞬时请求候选,0x234,8,7,5,61,不一致,不一致,0.5036,4,840,-0.247450
1914,12.00,瞬时请求候选,0x234,8,7,6,62,1,1,0.5097,4,432,-0.147450
1915,12.00,瞬时请求候选,0x234,8,7,7,63,不一致,不一致,0.5030,4,1464,-0.247450
1916,12.00,瞬时请求候选,0x238,8,6,4,52,1,1,0.5023,4,166,-0.020850
1917,12.00,瞬时请求候选,0x238,8,7,4,60,1,1,0.5023,4,166,-0.020850
1918,12.00,瞬时请求候选,0x23E,8,6,4,52,0,0,0.5016,4,2101,-0.237900
1919,12.00,瞬时请求候选,0x23E,8,6,5,53,不一致,0,0.5016,4,1052,-0.197700
1920,12.00,瞬时请求候选,0x23E,8,6,6,54,0,1,0.5038,4,524,-0.197700
1921,12.00,瞬时请求候选,0x23E,8,6,7,55,不一致,不一致,0.5042,4,262,-0.117750
1922,12.00,瞬时请求候选,0x23E,8,7,4,60,1,1,0.5016,4,2083,-0.237900
1923,12.00,瞬时请求候选,0x23E,8,7,5,61,不一致,1,0.5016,4,1052,-0.237900
1924,12.00,瞬时请求候选,0x23E,8,7,6,62,不一致,不一致,0.5058,4,528,-0.237550
1925,12.00,瞬时请求候选,0x23E,8,7,7,63,不一致,不一致,0.5044,4,271,-0.077650
1926,12.00,瞬时请求候选,0x241,7,0,1,1,0,0,0.6686,4,534,-0.223200
1927,12.00,瞬时请求候选,0x241,7,2,6,22,不一致,0,0.7086,4,370,-0.173200
1928,12.00,瞬时请求候选,0x241,7,2,7,23,0,0,0.7486,4,415,-0.173200
1929,12.00,瞬时请求候选,0x241,7,3,0,24,1,1,0.7486,4,415,-0.173200
1930,12.00,瞬时请求候选,0x243,8,0,0,0,0,0,0.6000,4,3358,-0.239400
1931,12.00,瞬时请求候选,0x243,8,0,1,1,0,0,0.6000,4,1680,-0.219700
1932,12.00,瞬时请求候选,0x243,8,0,2,2,0,0,0.8000,4,1684,-0.179600
1933,12.00,瞬时请求候选,0x243,8,1,2,10,1,1,0.5903,4,1682,-0.200750
1934,12.00,瞬时请求候选,0x243,8,1,3,11,1,1,0.6069,4,1682,-0.200050
1935,12.00,瞬时请求候选,0x243,8,1,4,12,不一致,不一致,0.6255,4,1682,-0.218300
1936,12.00,瞬时请求候选,0x243,8,1,5,13,1,1,0.6404,4,1681,-0.199800
1937,12.00,瞬时请求候选,0x243,8,1,6,14,不一致,不一致,0.6000,4,1679,-0.219700
1938,12.00,瞬时请求候选,0x243,8,1,7,15,不一致,不一致,0.6000,4,1679,-0.219700
1939,12.00,瞬时请求候选,0x243,8,2,0,16,1,不一致,0.6338,4,2489,-0.238000
1940,12.00,瞬时请求候选,0x243,8,2,1,17,0,0,0.6994,4,1680,-0.228950
1941,12.00,瞬时请求候选,0x243,8,2,2,18,0,0,0.7047,4,1680,-0.221100
1942,12.00,瞬时请求候选,0x243,8,2,3,19,不一致,0,0.6345,4,2074,-0.229650
1943,12.00,瞬时请求候选,0x243,8,2,4,20,0,0,0.6332,4,2909,-0.229650
1944,12.00,瞬时请求候选,0x243,8,2,5,21,不一致,不一致,0.6170,4,2189,-0.229650
1945,12.00,瞬时请求候选,0x243,8,2,6,22,1,不一致,0.6740,4,2099,-0.229650
1946,12.00,瞬时请求候选,0x243,8,2,7,23,不一致,1,0.6000,4,2852,-0.239400
1947,12.00,瞬时请求候选,0x243,8,3,0,24,0,0,0.6000,4,3362,-0.219700
1948,12.00,瞬时请求候选,0x243,8,3,1,25,0,0,0.8000,4,1684,-0.179600
1949,12.00,瞬时请求候选,0x243,8,3,2,26,0,0,0.6000,4,1680,-0.239400
1950,12.00,瞬时请求候选,0x243,8,3,3,27,0,0,0.6000,4,1680,-0.239400
1951,12.00,瞬时请求候选,0x243,8,3,4,28,0,0,0.6000,4,3362,-0.219700
1952,12.00,瞬时请求候选,0x243,8,3,5,29,0,0,0.8000,4,1684,-0.179600
1953,12.00,瞬时请求候选,0x243,8,3,6,30,0,0,0.7089,4,1682,-0.208900
1954,12.00,瞬时请求候选,0x243,8,3,7,31,0,0,0.7058,4,1682,-0.209600
1955,12.00,瞬时请求候选,0x243,8,4,0,32,0,不一致,0.6187,4,2131,-0.228950
1956,12.00,瞬时请求候选,0x243,8,4,1,33,不一致,0,0.6096,4,3006,-0.219700
1957,12.00,瞬时请求候选,0x243,8,4,2,34,1,不一致,0.6011,4,2405,-0.219700
1958,12.00,瞬时请求候选,0x243,8,4,3,35,1,1,0.6804,4,2294,-0.238000
1959,12.00,瞬时请求候选,0x243,8,4,4,36,0,0,0.7200,4,1682,-0.209350
1960,12.00,瞬时请求候选,0x243,8,4,5,37,1,1,0.6000,4,1678,-0.239400
1961,12.00,瞬时请求候选,0x243,8,4,6,38,0,0,0.6000,4,3360,-0.239400
1962,12.00,瞬时请求候选,0x243,8,4,7,39,0,0,0.6000,4,1680,-0.239400
1963,12.00,瞬时请求候选,0x243,8,5,0,40,0,0,0.7375,4,2234,-0.199400
1964,12.00,瞬时请求候选,0x243,8,5,1,41,0,0,0.7014,4,2452,-0.179600
1965,12.00,瞬时请求候选,0x243,8,5,2,42,0,0,0.5340,4,2289,-0.239400
1966,12.00,瞬时请求候选,0x243,8,5,3,43,1,1,0.5414,4,1681,-0.219700
1967,12.00,瞬时请求候选,0x243,8,5,4,44,不一致,0,0.5466,4,1681,-0.199800
1968,12.00,瞬时请求候选,0x243,8,5,5,45,0,0,0.7908,4,1744,-0.179600
1969,12.00,瞬时请求候选,0x243,8,5,6,46,1,1,0.6000,4,1680,-0.219700
1970,12.00,瞬时请求候选,0x243,8,6,0,48,0,0,0.6866,4,1679,-0.239400
1971,12.00,瞬时请求候选,0x243,8,6,2,50,不一致,不一致,0.5938,4,3357,-0.239400
1972,12.00,瞬时请求候选,0x243,8,6,3,51,0,0,0.8000,4,1676,-0.239400
1973,12.00,瞬时请求候选,0x243,8,6,4,52,0,0,0.6000,4,3358,-0.239400
1974,12.00,瞬时请求候选,0x243,8,6,5,53,0,0,0.8000,4,1676,-0.239400
1975,12.00,瞬时请求候选,0x243,8,6,6,54,1,1,0.6000,4,1680,-0.219700
1976,12.00,瞬时请求候选,0x243,8,7,0,56,0,0,0.8000,4,1680,-0.239400
1977,12.00,瞬时请求候选,0x243,8,7,2,58,0,0,0.8000,4,1676,-0.239400
1978,12.00,瞬时请求候选,0x243,8,7,3,59,0,0,0.6000,4,1680,-0.219700
1979,12.00,瞬时请求候选,0x243,8,7,4,60,0,0,0.6000,4,3360,-0.239400
1980,12.00,瞬时请求候选,0x243,8,7,5,61,0,0,0.8000,4,1676,-0.239400
1981,12.00,瞬时请求候选,0x243,8,7,6,62,1,1,0.6000,4,1680,-0.219700
1982,12.00,瞬时请求候选,0x249,4,0,0,0,0,0,0.5656,4,842,-0.159900
1983,12.00,瞬时请求候选,0x249,4,0,1,1,1,1,0.8101,4,627,-0.159900
1984,12.00,瞬时请求候选,0x249,4,0,2,2,0,0,0.6203,4,420,-0.159900
1985,12.00,瞬时请求候选,0x249,4,0,3,3,1,1,0.6938,4,626,-0.159900
1986,12.00,瞬时请求候选,0x249,4,0,4,4,不一致,1,0.5012,4,841,-0.210250
1987,12.00,瞬时请求候选,0x249,4,0,5,5,0,0,0.5601,4,842,-0.059950
1988,12.00,瞬时请求候选,0x249,4,0,6,6,1,1,0.5000,4,1052,-0.210250
1989,12.00,瞬时请求候选,0x249,4,0,7,7,不一致,0,0.5052,4,630,-0.159900
1990,12.00,瞬时请求候选,0x249,4,1,0,8,1,1,0.5000,4,1679,-0.210250
1991,12.00,瞬时请求候选,0x249,4,1,1,9,1,1,0.5000,4,841,-0.159900
1992,12.00,瞬时请求候选,0x249,4,1,2,10,1,1,0.5000,4,421,-0.059950
1993,12.00,瞬时请求候选,0x249,4,1,3,11,1,1,0.5055,4,211,-0.059950
1994,12.00,瞬时请求候选,0x253,8,0,0,0,1,1,0.5000,4,335,-0.217300
1995,12.00,瞬时请求候选,0x257,8,0,0,0,1,1,0.5000,4,4199,-0.244350
1996,12.00,瞬时请求候选,0x257,8,0,1,1,1,1,0.5016,4,2101,-0.223850
1997,12.00,瞬时请求候选,0x257,8,0,2,2,0,0,0.5016,4,1049,-0.223850
1998,12.00,瞬时请求候选,0x257,8,0,3,3,不一致,0,0.5016,4,525,-0.144350
1999,12.00,瞬时请求候选,0x257,8,0,4,4,1,1,0.6261,4,527,-0.124300
2000,12.00,瞬时请求候选,0x257,8,1,0,8,1,1,0.5000,4,4199,-0.244350
2001,12.00,瞬时请求候选,0x257,8,1,1,9,0,0,0.5016,4,2101,-0.223850
2002,12.00,瞬时请求候选,0x257,8,1,2,10,不一致,1,0.5016,4,1052,-0.184450
2003,12.00,瞬时请求候选,0x257,8,1,3,11,1,0,0.5026,4,528,-0.104150
2004,12.00,瞬时请求候选,0x25B,8,6,4,52,1,1,0.5000,4,841,-0.163500
2005,12.00,瞬时请求候选,0x25B,8,6,5,53,0,0,0.5079,4,420,-0.163500
2006,12.00,瞬时请求候选,0x25B,8,6,6,54,不一致,1,0.5079,4,210,-0.163500
2007,12.00,瞬时请求候选,0x25B,8,6,7,55,不一致,0,0.5079,4,107,0.236300
2008,12.00,瞬时请求候选,0x25B,8,7,4,60,1,1,0.5000,4,841,-0.163500
2009,12.00,瞬时请求候选,0x25B,8,7,5,61,1,1,0.5079,4,420,-0.163500
2010,12.00,瞬时请求候选,0x25B,8,7,6,62,1,1,0.5079,4,210,0.036450
2011,12.00,瞬时请求候选,0x25B,8,7,7,63,1,0,0.5079,4,107,0.436400
2012,12.00,瞬时请求候选,0x25D,8,6,0,48,0,0,0.9033,4,151,0.988450
2013,12.00,瞬时请求候选,0x261,8,0,0,0,不一致,0,0.5004,4,5249,-0.242100
2014,12.00,瞬时请求候选,0x261,8,0,1,1,0,0,0.6666,4,1749,-0.218750
2015,12.00,瞬时请求候选,0x261,8,0,2,2,0,0,0.6667,4,1748,-0.219200
2016,12.00,瞬时请求候选,0x261,8,0,4,4,0,0,0.6665,4,1751,-0.232800
2017,12.00,瞬时请求候选,0x261,8,0,5,5,1,不一致,0.5461,4,1751,-0.210250
2018,12.00,瞬时请求候选,0x261,8,0,7,7,0,0,0.7120,4,1749,-0.233450
2019,12.00,瞬时请求候选,0x261,8,1,0,8,0,0,0.6667,4,1750,-0.233450
2020,12.00,瞬时请求候选,0x261,8,1,1,9,0,0,0.6666,4,3499,-0.242100
2021,12.00,瞬时请求候选,0x261,8,1,2,10,0,0,0.6667,4,1750,-0.233450
2022,12.00,瞬时请求候选,0x261,8,1,3,11,1,0,0.5007,4,1750,-0.226150
2023,12.00,瞬时请求候选,0x261,8,1,4,12,0,0,0.6664,4,3499,-0.227300
2024,12.00,瞬时请求候选,0x261,8,1,5,13,1,不一致,0.5004,4,3498,-0.242100
2025,12.00,瞬时请求候选,0x261,8,1,6,14,0,0,0.6667,4,1750,-0.233450
2026,12.00,瞬时请求候选,0x261,8,1,7,15,0,0,0.8332,4,1749,-0.218200
2027,12.00,瞬时请求候选,0x261,8,2,0,16,0,0,0.5734,4,3551,-0.235300
2028,12.00,瞬时请求候选,0x261,8,2,1,17,1,不一致,0.6011,4,2496,-0.242100
2029,12.00,瞬时请求候选,0x261,8,2,2,18,不一致,不一致,0.5122,4,2209,-0.218200
2030,12.00,瞬时请求候选,0x261,8,2,3,19,1,1,0.6037,4,2793,-0.235300
2031,12.00,瞬时请求候选,0x261,8,2,4,20,0,0,0.7905,4,1722,-0.226650
2032,12.00,瞬时请求候选,0x261,8,2,5,21,0,0,0.7393,4,1750,-0.203350
2033,12.00,瞬时请求候选,0x261,8,2,6,22,0,0,0.7807,4,2260,-0.241500
2034,12.00,瞬时请求候选,0x261,8,2,7,23,0,0,0.6586,4,3499,-0.242100
2035,12.00,瞬时请求候选,0x261,8,3,1,25,0,0,0.8251,4,1750,-0.226750
2036,12.00,瞬时请求候选,0x261,8,3,2,26,0,0,0.8252,4,1823,-0.218200
2037,12.00,瞬时请求候选,0x261,8,3,3,27,0,0,0.6587,4,1822,-0.219200
2038,12.00,瞬时请求候选,0x261,8,3,6,30,0,0,0.6587,4,1822,-0.219200
2039,12.00,瞬时请求候选,0x261,8,3,7,31,0,0,0.8255,4,1823,-0.219350
2040,12.00,瞬时请求候选,0x261,8,4,0,32,0,0,0.7934,4,1750,-0.203350
2041,12.00,瞬时请求候选,0x261,8,4,1,33,0,0,0.6784,4,3388,-0.241500
2042,12.00,瞬时请求候选,0x261,8,4,2,34,0,0,0.8332,4,1750,-0.203350
2043,12.00,瞬时请求候选,0x261,8,4,3,35,0,0,0.6667,4,1751,-0.218700
2044,12.00,瞬时请求候选,0x261,8,4,4,36,0,0,0.6669,4,3500,-0.241500
2045,12.00,瞬时请求候选,0x261,8,4,5,37,0,0,0.6666,4,1749,-0.233400
2046,12.00,瞬时请求候选,0x261,8,4,6,38,0,0,0.8332,4,1750,-0.203350
2047,12.00,瞬时请求候选,0x261,8,4,7,39,1,1,0.6667,4,1750,-0.233450
2048,12.00,瞬时请求候选,0x261,8,5,0,40,0,0,0.8334,4,1751,-0.218000
2049,12.00,瞬时请求候选,0x261,8,5,1,41,0,0,0.8335,4,1749,-0.219350
2050,12.00,瞬时请求候选,0x261,8,5,2,42,0,0,0.6663,4,3500,-0.242100
2051,12.00,瞬时请求候选,0x261,8,5,3,43,不一致,不一致,0.5011,4,1749,-0.234050
2052,12.00,瞬时请求候选,0x261,8,5,4,44,0,0,0.8331,4,1750,-0.226750
2053,12.00,瞬时请求候选,0x261,8,6,0,48,0,0,0.8335,4,1749,-0.216950
2054,12.00,瞬时请求候选,0x261,8,6,1,49,0,0,0.6665,4,1751,-0.232800
2055,12.00,瞬时请求候选,0x261,8,6,2,50,0,0,0.6667,4,1750,-0.233450
2056,12.00,瞬时请求候选,0x261,8,6,3,51,0,0,0.8334,4,1751,-0.218000
2057,12.00,瞬时请求候选,0x261,8,6,4,52,不一致,0,0.5004,4,5249,-0.242100
2058,12.00,瞬时请求候选,0x261,8,6,5,53,不一致,1,0.5004,4,2623,-0.234100
2059,12.00,瞬时请求候选,0x261,8,6,6,54,不一致,不一致,0.5007,4,1312,-0.217500
2060,12.00,瞬时请求候选,0x261,8,6,7,55,不一致,不一致,0.5009,4,657,-0.170200
2061,12.00,瞬时请求候选,0x261,8,7,0,56,不一致,1,0.5877,4,3548,-0.227300
2062,12.00,瞬时请求候选,0x261,8,7,1,57,0,不一致,0.6050,4,3533,-0.235300
2063,12.00,瞬时请求候选,0x261,8,7,2,58,1,1,0.7677,4,1694,-0.201450
2064,12.00,瞬时请求候选,0x261,8,7,3,59,不一致,不一致,0.6277,4,2550,-0.210100
2065,12.00,瞬时请求候选,0x261,8,7,4,60,1,1,0.6297,4,3269,-0.242100
2066,12.00,瞬时请求候选,0x261,8,7,5,61,1,1,0.5057,4,2626,-0.232800
2067,12.00,瞬时请求候选,0x261,8,7,6,62,不一致,0,0.5030,4,1869,-0.234650
2068,12.00,瞬时请求候选,0x261,8,7,7,63,1,不一致,0.5024,4,2558,-0.235300
2069,12.00,瞬时请求候选,0x263,8,0,0,0,0,0,0.6000,4,3361,-0.229750
2070,12.00,瞬时请求候选,0x263,8,0,1,1,0,0,0.6000,4,1681,-0.209550
2071,12.00,瞬时请求候选,0x263,8,0,2,2,0,0,0.8000,4,1683,-0.209400
2072,12.00,瞬时请求候选,0x263,8,0,3,3,0,0,0.6000,4,1678,-0.229250
2073,12.00,瞬时请求候选,0x263,8,0,4,4,0,0,0.8000,4,1678,-0.239750
2074,12.00,瞬时请求候选,0x263,8,0,5,5,0,0,0.8000,4,1676,-0.229750
2075,12.00,瞬时请求候选,0x263,8,0,6,6,0,0,0.8000,4,1676,-0.229750
2076,12.00,瞬时请求候选,0x263,8,0,7,7,0,0,0.8000,4,1676,-0.229750
2077,12.00,瞬时请求候选,0x263,8,1,0,8,0,0,0.8000,4,1678,-0.239750
2078,12.00,瞬时请求候选,0x263,8,1,1,9,0,0,0.6000,4,1678,-0.229250
2079,12.00,瞬时请求候选,0x263,8,1,3,11,0,0,0.6000,4,1678,-0.229250
2080,12.00,瞬时请求候选,0x263,8,1,4,12,0,0,0.8000,4,1678,-0.239750
2081,12.00,瞬时请求候选,0x263,8,1,5,13,0,0,0.6000,4,1678,-0.229250
2082,12.00,瞬时请求候选,0x263,8,1,6,14,0,0,0.6000,4,1678,-0.229250
2083,12.00,瞬时请求候选,0x263,8,2,0,16,0,0,0.6000,4,1678,-0.229250
2084,12.00,瞬时请求候选,0x263,8,2,2,18,0,0,0.6000,4,1678,-0.229250
2085,12.00,瞬时请求候选,0x263,8,2,3,19,0,0,0.6000,4,1678,-0.229250
2086,12.00,瞬时请求候选,0x263,8,2,4,20,0,0,0.8000,4,1676,-0.229750
2087,12.00,瞬时请求候选,0x263,8,2,6,22,0,0,0.6000,4,1678,-0.229250
2088,12.00,瞬时请求候选,0x263,8,3,0,24,0,0,0.6000,4,1678,-0.229250
2089,12.00,瞬时请求候选,0x263,8,3,1,25,0,0,0.6000,4,1678,-0.229250
2090,12.00,瞬时请求候选,0x263,8,3,2,26,0,0,0.6000,4,1678,-0.229250
2091,12.00,瞬时请求候选,0x263,8,4,5,37,0,0,0.7102,4,1678,-0.239750
2092,12.00,瞬时请求候选,0x263,8,4,6,38,0,0,0.6000,4,3359,-0.239750
2093,12.00,瞬时请求候选,0x263,8,4,7,39,0,0,0.6000,4,1678,-0.229250
2094,12.00,瞬时请求候选,0x263,8,5,0,40,0,0,0.6000,4,1678,-0.229250
2095,12.00,瞬时请求候选,0x263,8,5,1,41,0,0,0.6000,4,1678,-0.229250
2096,12.00,瞬时请求候选,0x263,8,5,2,42,不一致,0,0.5981,4,1678,-0.229250
2097,12.00,瞬时请求候选,0x263,8,5,3,43,0,0,0.6000,4,1678,-0.229250
2098,12.00,瞬时请求候选,0x263,8,5,4,44,0,0,0.8000,4,1683,-0.209400
2099,12.00,瞬时请求候选,0x263,8,5,5,45,0,0,0.8000,4,1676,-0.229750
2100,12.00,瞬时请求候选,0x263,8,5,6,46,0,0,0.8000,4,1678,-0.239750
2101,12.00,瞬时请求候选,0x263,8,6,0,48,0,0,0.6000,4,1678,-0.229250
2102,12.00,瞬时请求候选,0x263,8,6,1,49,0,0,0.6000,4,1678,-0.229250
2103,12.00,瞬时请求候选,0x263,8,6,2,50,0,0,0.6000,4,1678,-0.229250
2104,12.00,瞬时请求候选,0x263,8,6,3,51,0,0,0.6000,4,1678,-0.229250
2105,12.00,瞬时请求候选,0x263,8,6,4,52,0,0,0.6000,4,1678,-0.229250
2106,12.00,瞬时请求候选,0x263,8,6,6,54,0,0,0.6000,4,1678,-0.229250
2107,12.00,瞬时请求候选,0x263,8,7,0,56,1,1,0.5829,4,3207,-0.229250
2108,12.00,瞬时请求候选,0x263,8,7,1,57,0,0,0.5829,4,1834,-0.229250
2109,12.00,瞬时请求候选,0x263,8,7,2,58,0,0,0.6000,4,1678,-0.229250
2110,12.00,瞬时请求候选,0x263,8,7,3,59,0,0,0.6000,4,1678,-0.229250
2111,12.00,瞬时请求候选,0x263,8,7,4,60,1,1,0.6000,4,3363,-0.229250
2112,12.00,瞬时请求候选,0x263,8,7,5,61,0,0,0.8000,4,1685,-0.189750
2113,12.00,瞬时请求候选,0x264,6,0,0,0,1,1,0.7686,4,208,0.193800
2114,12.00,瞬时请求候选,0x264,6,0,1,1,0,0,0.7687,4,202,0.193800
2115,12.00,瞬时请求候选,0x272,8,0,0,0,1,1,0.5000,4,837,-0.227550
2116,12.00,瞬时请求候选,0x272,8,0,1,1,1,1,0.5000,4,837,-0.227550
2117,12.00,瞬时请求候选,0x272,8,0,2,2,1,1,0.5000,4,837,-0.227550
2118,12.00,瞬时请求候选,0x272,8,0,3,3,1,1,0.5000,4,837,-0.227550
2119,12.00,瞬时请求候选,0x272,8,1,7,15,1,1,0.5000,4,837,-0.227550
2120,12.00,瞬时请求候选,0x272,8,2,0,16,1,1,0.5000,4,837,-0.227550
2121,12.00,瞬时请求候选,0x272,8,2,2,18,1,1,0.5000,4,837,-0.227550
2122,12.00,瞬时请求候选,0x272,8,2,4,20,1,1,0.5000,4,837,-0.227550
2123,12.00,瞬时请求候选,0x272,8,2,7,23,1,1,0.5000,4,837,-0.227550
2124,12.00,瞬时请求候选,0x272,8,3,4,28,1,1,0.5000,4,837,-0.227550
2125,12.00,瞬时请求候选,0x272,8,3,5,29,1,1,0.5000,4,837,-0.227550
2126,12.00,瞬时请求候选,0x272,8,3,7,31,1,1,0.5000,4,837,-0.227550
2127,12.00,瞬时请求候选,0x272,8,4,0,32,1,1,0.5000,4,837,-0.227550
2128,12.00,瞬时请求候选,0x272,8,4,1,33,1,1,0.5000,4,837,-0.227550
2129,12.00,瞬时请求候选,0x272,8,4,2,34,1,1,0.5000,4,837,-0.227550
2130,12.00,瞬时请求候选,0x272,8,5,3,43,1,1,0.5000,4,837,-0.227550
2131,12.00,瞬时请求候选,0x272,8,5,6,46,1,1,0.5000,4,837,-0.227550
2132,12.00,瞬时请求候选,0x272,8,6,1,49,1,1,0.5000,4,837,-0.227550
2133,12.00,瞬时请求候选,0x272,8,6,2,50,1,1,0.5000,4,837,-0.227550
2134,12.00,瞬时请求候选,0x272,8,7,3,59,1,1,0.5000,4,837,-0.227550
2135,12.00,瞬时请求候选,0x279,8,0,0,0,1,1,0.5000,4,837,-0.241950
2136,12.00,瞬时请求候选,0x279,8,0,1,1,1,1,0.5079,4,420,-0.142200
2137,12.00,瞬时请求候选,0x279,8,0,2,2,0,0,0.5079,4,210,0.057700
2138,12.00,瞬时请求候选,0x279,8,0,3,3,不一致,1,0.5079,4,103,0.057700
2139,12.00,瞬时请求候选,0x279,8,0,4,4,0,0,0.6893,4,102,-0.092200
2140,12.00,瞬时请求候选,0x279,8,1,0,8,1,1,0.5000,4,837,-0.241950
2141,12.00,瞬时请求候选,0x279,8,1,1,9,1,1,0.5000,4,417,-0.241950
2142,12.00,瞬时请求候选,0x279,8,1,2,10,1,1,0.5025,4,206,-0.241950
2143,12.00,瞬时请求候选,0x279,8,1,3,11,不一致,1,0.5025,4,103,-0.241950
2144,12.00,瞬时请求候选,0x284,8,6,4,52,1,1,0.5000,4,170,0.030300
2145,12.00,瞬时请求候选,0x284,8,7,4,60,1,1,0.5000,4,170,0.030300
2146,12.00,瞬时请求候选,0x285,8,0,0,0,1,1,0.5000,4,679,0.079350
2147,12.00,瞬时请求候选,0x285,8,0,1,1,1,1,0.5000,4,340,0.129850
2148,12.00,瞬时请求候选,0x285,8,0,2,2,0,0,0.7500,4,339,0.079350
2149,12.00,瞬时请求候选,0x285,8,0,6,6,0,0,0.7500,4,339,0.079350
2150,12.00,瞬时请求候选,0x285,8,1,1,9,1,1,0.7500,4,340,0.129850
2151,12.00,瞬时请求候选,0x285,8,1,2,10,1,1,0.5000,4,340,0.129850
2152,12.00,瞬时请求候选,0x285,8,1,4,12,1,1,0.5000,4,679,0.079350
2153,12.00,瞬时请求候选,0x285,8,1,6,14,1,1,0.7500,4,339,0.079350
2154,12.00,瞬时请求候选,0x285,8,1,7,15,0,0,0.7500,4,340,0.129850
2155,12.00,瞬时请求候选,0x285,8,2,0,16,1,1,0.5000,4,340,0.129850
2156,12.00,瞬时请求候选,0x285,8,2,1,17,1,1,0.5000,4,339,0.079350
2157,12.00,瞬时请求候选,0x285,8,2,2,18,1,1,0.5000,4,679,0.079350
2158,12.00,瞬时请求候选,0x285,8,2,4,20,0,0,0.7500,4,339,0.079350
2159,12.00,瞬时请求候选,0x285,8,2,5,21,0,0,0.7500,4,339,0.079350
2160,12.00,瞬时请求候选,0x285,8,2,6,22,0,0,0.7500,4,339,0.079350
2161,12.00,瞬时请求候选,0x285,8,2,7,23,1,1,0.5000,4,339,0.079350
2162,12.00,瞬时请求候选,0x285,8,3,0,24,1,1,0.5000,4,340,0.129850
2163,12.00,瞬时请求候选,0x285,8,3,1,25,0,0,0.7500,4,339,0.079350
2164,12.00,瞬时请求候选,0x285,8,3,2,26,0,0,0.7500,4,339,0.079350
2165,12.00,瞬时请求候选,0x285,8,3,3,27,0,0,0.7500,4,340,0.180400
2166,12.00,瞬时请求候选,0x285,8,3,6,30,1,1,0.5000,4,339,0.079350
2167,12.00,瞬时请求候选,0x285,8,4,0,32,1,1,0.7500,4,340,0.129850
2168,12.00,瞬时请求候选,0x285,8,4,1,33,0,0,0.7500,4,339,0.079350
2169,12.00,瞬时请求候选,0x285,8,4,2,34,1,1,0.5000,4,679,0.079350
2170,12.00,瞬时请求候选,0x285,8,4,3,35,1,1,0.5000,4,340,0.129850
2171,12.00,瞬时请求候选,0x285,8,4,4,36,0,0,0.7500,4,340,0.180400
2172,12.00,瞬时请求候选,0x285,8,4,7,39,1,1,0.5000,4,339,0.079350
2173,12.00,瞬时请求候选,0x285,8,6,1,49,0,0,0.7500,4,340,0.129850
2174,12.00,瞬时请求候选,0x285,8,6,2,50,0,0,0.7500,4,340,0.129850
2175,12.00,瞬时请求候选,0x285,8,6,3,51,1,1,0.5000,4,339,0.079350
2176,12.00,瞬时请求候选,0x285,8,6,4,52,0,0,0.7500,4,340,0.129850
2177,12.00,瞬时请求候选,0x285,8,6,6,54,0,0,0.7500,4,340,0.129850
2178,12.00,瞬时请求候选,0x285,8,6,7,55,0,0,0.7500,4,340,0.129850
2179,12.00,瞬时请求候选,0x288,8,6,4,52,1,1,0.5000,4,841,-0.167300
2180,12.00,瞬时请求候选,0x288,8,6,5,53,0,0,0.5079,4,420,-0.167300
2181,12.00,瞬时请求候选,0x288,8,6,6,54,不一致,0,0.5079,4,210,-0.167300
2182,12.00,瞬时请求候选,0x288,8,6,7,55,不一致,0,0.5079,4,103,-0.167300
2183,12.00,瞬时请求候选,0x288,8,7,4,60,1,1,0.5000,4,841,-0.167300
2184,12.00,瞬时请求候选,0x288,8,7,5,61,1,1,0.5000,4,421,-0.067300
2185,12.00,瞬时请求候选,0x288,8,7,6,62,不一致,1,0.5025,4,210,0.132700
2186,12.00,瞬时请求候选,0x288,8,7,7,63,不一致,1,0.5079,4,103,0.132700
2187,12.00,瞬时请求候选,0x289,8,3,6,30,1,1,0.5000,4,837,-0.206500
2188,12.00,瞬时请求候选,0x289,8,3,7,31,0,0,0.6144,4,531,-0.206500
2189,12.00,瞬时请求候选,0x289,8,4,0,32,0,0,0.6000,4,471,-0.106600
2190,12.00,瞬时请求候选,0x289,8,4,1,33,0,0,0.8000,4,335,-0.006550
2191,12.00,瞬时请求候选,0x289,8,4,2,34,1,1,0.5000,4,837,-0.206500
2192,12.00,瞬时请求候选,0x289,8,4,3,35,0,0,0.5777,4,434,-0.206500
2193,12.00,瞬时请求候选,0x289,8,4,4,36,0,0,0.6000,4,468,-0.206500
2194,12.00,瞬时请求候选,0x289,8,4,5,37,0,0,0.8064,4,305,0.093950
2195,12.00,瞬时请求候选,0x293,8,6,4,52,1,1,0.5000,4,169,0.180200
2196,12.00,瞬时请求候选,0x293,8,7,4,60,1,1,0.5000,4,169,0.180200
2197,12.00,瞬时请求候选,0x295,8,0,0,0,0,0,0.6667,4,135,0.479400
2198,12.00,瞬时请求候选,0x295,8,0,2,2,1,1,0.5000,4,135,0.479400
2199,12.00,瞬时请求候选,0x295,8,0,3,3,1,1,0.6667,4,136,0.581600
2200,12.00,瞬时请求候选,0x295,8,0,4,4,1,1,0.6667,4,101,0.479400
2201,12.00,瞬时请求候选,0x295,8,0,5,5,0,0,0.6667,4,136,0.530300
2202,12.00,瞬时请求候选,0x295,8,0,6,6,0,0,0.6667,4,135,0.479400
2203,12.00,瞬时请求候选,0x295,8,1,3,11,0,0,0.6667,4,135,0.479400
2204,12.00,瞬时请求候选,0x295,8,2,0,16,1,1,0.6667,4,135,0.479400
2205,12.00,瞬时请求候选,0x295,8,2,1,17,0,0,0.6667,4,135,0.479400
2206,12.00,瞬时请求候选,0x295,8,2,3,19,0,0,0.6667,4,135,0.479400
2207,12.00,瞬时请求候选,0x295,8,2,5,21,1,1,0.6667,4,135,0.479400
2208,12.00,瞬时请求候选,0x295,8,2,7,23,1,1,0.6667,4,135,0.479400
2209,12.00,瞬时请求候选,0x295,8,3,0,24,1,1,0.6667,4,135,0.479400
2210,12.00,瞬时请求候选,0x295,8,3,1,25,1,1,0.6667,4,135,0.479400
2211,12.00,瞬时请求候选,0x295,8,3,2,26,1,1,0.6667,4,135,0.479400
2212,12.00,瞬时请求候选,0x295,8,3,3,27,1,1,0.6667,4,135,0.479400
2213,12.00,瞬时请求候选,0x295,8,3,4,28,1,1,0.6667,4,135,0.479400
2214,12.00,瞬时请求候选,0x295,8,3,5,29,1,1,0.6667,4,135,0.479400
2215,12.00,瞬时请求候选,0x295,8,3,6,30,1,1,0.6667,4,135,0.479400
2216,12.00,瞬时请求候选,0x295,8,3,7,31,1,1,0.6667,4,135,0.479400
2217,12.00,瞬时请求候选,0x295,8,7,0,56,1,1,0.5000,4,203,0.479400
2218,12.00,瞬时请求候选,0x295,8,7,1,57,1,1,0.5000,4,101,0.479400
2219,12.00,瞬时请求候选,0x2A8,8,6,4,52,1,1,0.5000,4,841,-0.154900
2220,12.00,瞬时请求候选,0x2A8,8,6,5,53,1,1,0.5079,4,420,-0.154900
2221,12.00,瞬时请求候选,0x2A8,8,6,6,54,0,0,0.5079,4,210,0.045350
2222,12.00,瞬时请求候选,0x2A8,8,6,7,55,不一致,1,0.5079,4,103,0.045350
2223,12.00,瞬时请求候选,0x2A8,8,7,4,60,1,1,0.5000,4,841,-0.154900
2224,12.00,瞬时请求候选,0x2A8,8,7,5,61,1,1,0.5079,4,420,-0.154900
2225,12.00,瞬时请求候选,0x2A8,8,7,6,62,1,1,0.5079,4,210,0.045350
2226,12.00,瞬时请求候选,0x2A8,8,7,7,63,1,0,0.5079,4,107,0.444950
2227,12.00,瞬时请求候选,0x2AA,3,1,4,12,1,1,0.5000,4,842,-0.179200
2228,12.00,瞬时请求候选,0x2AA,3,1,5,13,1,1,0.5000,4,421,-0.079300
2229,12.00,瞬时请求候选,0x2AA,3,1,6,14,1,1,0.5055,4,211,-0.079300
2230,12.00,瞬时请求候选,0x2AA,3,1,7,15,1,0,0.5055,4,107,0.320800
2231,12.00,瞬时请求候选,0x2AA,3,2,4,20,1,1,0.5000,4,842,-0.179200
2232,12.00,瞬时请求候选,0x2AA,3,2,5,21,1,1,0.5000,4,421,-0.079300
2233,12.00,瞬时请求候选,0x2AA,3,2,6,22,不一致,1,0.5025,4,210,0.120700
2234,12.00,瞬时请求候选,0x2AA,3,2,7,23,不一致,0,0.5079,4,103,0.120700
2235,12.00,瞬时请求候选,0x2B3,8,0,0,0,0,0,0.5302,4,1318,-0.219750
2236,12.00,瞬时请求候选,0x2B3,8,0,1,1,0,0,0.5293,4,660,-0.160400
2237,12.00,瞬时请求候选,0x2B3,8,0,2,2,0,0,0.5304,4,330,-0.089550
2238,12.00,瞬时请求候选,0x2B3,8,0,3,3,0,0,0.5294,4,165,0.019550
2239,12.00,瞬时请求候选,0x2B3,8,0,4,4,0,0,0.9409,4,165,0.150700
2240,12.00,瞬时请求候选,0x2B3,8,0,5,5,0,0,0.7965,4,422,-0.119550
2241,12.00,瞬时请求候选,0x2B3,8,0,6,6,0,0,0.8204,4,338,-0.059050
2242,12.00,瞬时请求候选,0x2B3,8,0,7,7,0,0,0.8555,4,245,0.281900
2243,12.00,瞬时请求候选,0x2B3,8,1,0,8,0,0,0.5943,4,745,-0.199100
2244,12.00,瞬时请求候选,0x2B3,8,1,1,9,1,1,0.5948,4,740,-0.199100
2245,12.00,瞬时请求候选,0x2B3,8,1,2,10,0,0,0.5947,4,713,-0.219750
2246,12.00,瞬时请求候选,0x2B3,8,1,3,11,0,0,0.6620,4,224,-0.079900
2247,12.00,瞬时请求候选,0x2B3,8,1,4,12,0,0,0.5838,4,988,-0.207400
2248,12.00,瞬时请求候选,0x2B3,8,1,5,13,0,0,0.5402,4,543,-0.149000
2249,12.00,瞬时请求候选,0x2B3,8,1,6,14,不一致,0,0.5289,4,823,-0.160450
2250,12.00,瞬时请求候选,0x2B3,8,1,7,15,0,0,0.5891,4,660,-0.197200
2251,12.00,瞬时请求候选,0x2B3,8,2,0,16,0,0,0.7709,4,489,-0.149500
2252,12.00,瞬时请求候选,0x2B3,8,2,1,17,0,0,0.7545,4,573,-0.078000
2253,12.00,瞬时请求候选,0x2B3,8,2,2,18,0,0,0.5634,4,726,-0.168150
2254,12.00,瞬时请求候选,0x2B3,8,2,3,19,不一致,0,0.5412,4,775,-0.188800
2255,12.00,瞬时请求候选,0x2B3,8,2,4,20,0,0,0.6006,4,545,-0.079800
2256,12.00,瞬时请求候选,0x2B3,8,2,5,21,0,0,0.6678,4,495,-0.130450
2257,12.00,瞬时请求候选,0x2B3,8,2,6,22,0,0,0.7159,4,449,-0.169100
2258,12.00,瞬时请求候选,0x2B3,8,2,7,23,1,1,0.5912,4,752,-0.187850
2259,12.00,瞬时请求候选,0x2B3,8,3,0,24,0,0,0.7218,4,568,-0.178050
2260,12.00,瞬时请求候选,0x2B3,8,3,1,25,0,0,0.7466,4,422,-0.059150
2261,12.00,瞬时请求候选,0x2B3,8,3,2,26,1,1,0.5251,4,494,-0.217850
2262,12.00,瞬时请求候选,0x2B3,8,3,3,27,0,0,0.6417,4,515,-0.207400
2263,12.00,瞬时请求候选,0x2B3,8,3,4,28,1,1,0.6121,4,907,-0.217850
2264,12.00,瞬时请求候选,0x2B3,8,3,5,29,0,0,0.5881,4,825,-0.179550
2265,12.00,瞬时请求候选,0x2B3,8,3,6,30,0,0,0.7065,4,823,-0.187850
2266,12.00,瞬时请求候选,0x2B3,8,3,7,31,0,0,0.5308,4,659,-0.217850
2267,12.00,瞬时请求候选,0x2B3,8,4,0,32,0,0,0.6149,4,680,-0.190400
2268,12.00,瞬时请求候选,0x2B3,8,4,1,33,不一致,1,0.6301,4,717,-0.149000
2269,12.00,瞬时请求候选,0x2B3,8,4,2,34,1,1,0.5345,4,524,-0.119050
2270,12.00,瞬时请求候选,0x2B3,8,4,3,35,1,1,0.6237,4,718,-0.178050
2271,12.00,瞬时请求候选,0x2B3,8,4,4,36,0,0,0.6366,4,772,-0.169750
2272,12.00,瞬时请求候选,0x2B3,8,4,5,37,0,0,0.7054,4,686,-0.178050
2273,12.00,瞬时请求候选,0x2B3,8,4,6,38,0,0,0.7147,4,659,-0.197200
2274,12.00,瞬时请求候选,0x2B3,8,4,7,39,0,0,0.6713,4,591,-0.217850
2275,12.00,瞬时请求候选,0x2B3,8,5,0,40,0,0,0.6887,4,714,-0.217850
2276,12.00,瞬时请求候选,0x2B3,8,5,1,41,0,0,0.6748,4,832,-0.188800
2277,12.00,瞬时请求候选,0x2B3,8,5,2,42,0,0,0.8728,4,356,-0.070500
2278,12.00,瞬时请求候选,0x2B3,8,5,3,43,0,0,0.6418,4,677,-0.188800
2279,12.00,瞬时请求候选,0x2B3,8,5,4,44,0,0,0.7042,4,665,-0.187850
2280,12.00,瞬时请求候选,0x2B3,8,5,5,45,0,0,0.7269,4,606,-0.190400
2281,12.00,瞬时请求候选,0x2B3,8,5,6,46,0,0,0.8419,4,329,-0.130550
2282,12.00,瞬时请求候选,0x2B3,8,5,7,47,0,0,0.7238,4,617,-0.148100
2283,12.00,瞬时请求候选,0x2B3,8,6,0,48,0,0,0.6533,4,411,-0.038800
2284,12.00,瞬时请求候选,0x2B3,8,6,1,49,0,0,0.6579,4,659,-0.187850
2285,12.00,瞬时请求候选,0x2B3,8,6,2,50,0,0,0.6918,4,707,-0.149000
2286,12.00,瞬时请求候选,0x2B3,8,6,3,51,0,0,0.6356,4,656,-0.217850
2287,12.00,瞬时请求候选,0x2B3,8,6,4,52,不一致,不一致,0.5389,4,737,-0.149500
2288,12.00,瞬时请求候选,0x2B3,8,6,5,53,0,0,0.8472,4,416,-0.118200
2289,12.00,瞬时请求候选,0x2B3,8,6,6,54,0,0,0.7049,4,658,-0.217850
2290,12.00,瞬时请求候选,0x2B3,8,6,7,55,0,0,0.5882,4,823,-0.199100
2291,12.00,瞬时请求候选,0x2B3,8,7,0,56,0,0,0.6992,4,688,-0.207400
2292,12.00,瞬时请求候选,0x2B3,8,7,1,57,0,0,0.7577,4,496,-0.148400
2293,12.00,瞬时请求候选,0x2B3,8,7,2,58,0,0,0.6837,4,494,-0.149000
2294,12.00,瞬时请求候选,0x2B3,8,7,3,59,0,0,0.6334,4,609,-0.178050
2295,12.00,瞬时请求候选,0x2B3,8,7,4,60,0,0,0.6596,4,772,-0.179550
2296,12.00,瞬时请求候选,0x2B3,8,7,5,61,0,0,0.7640,4,493,-0.169100
2297,12.00,瞬时请求候选,0x2B3,8,7,6,62,0,0,0.8228,4,494,-0.059050
2298,12.00,瞬时请求候选,0x2B3,8,7,7,63,0,0,0.6475,4,659,-0.197200
2299,12.00,瞬时请求候选,0x2B4,6,0,0,0,不一致,1,0.5123,4,434,-0.104950
2300,12.00,瞬时请求候选,0x2B4,6,0,1,1,不一致,1,0.5692,4,417,-0.154200
2301,12.00,瞬时请求候选,0x2B4,6,0,2,2,不一致,1,0.6375,4,372,-0.104250
2302,12.00,瞬时请求候选,0x2B4,6,0,3,3,不一致,0,0.6419,4,358,-0.104150
2303,12.00,瞬时请求候选,0x2B4,6,2,0,16,不一致,0,0.8448,4,185,-0.154350
2304,12.00,瞬时请求候选,0x2B4,6,4,0,32,不一致,不一致,0.5515,4,427,-0.204850
2305,12.00,瞬时请求候选,0x2B4,6,4,1,33,不一致,0,0.5399,4,402,-0.204850
2306,12.00,瞬时请求候选,0x2B4,6,4,2,34,1,不一致,0.5517,4,405,-0.154250
2307,12.00,瞬时请求候选,0x2B4,6,4,3,35,不一致,1,0.5519,4,370,-0.204250
2308,12.00,瞬时请求候选,0x2B4,6,4,4,36,不一致,0,0.5754,4,329,-0.154850
2309,12.00,瞬时请求候选,0x2B6,3,1,3,11,不一致,0,0.5402,4,356,0.158100
2310,12.00,瞬时请求候选,0x2B6,3,1,4,12,不一致,0,0.5402,4,356,0.158100
2311,12.00,瞬时请求候选,0x2C1,8,0,0,0,0,0,0.6000,4,3360,-0.238300
2312,12.00,瞬时请求候选,0x2C1,8,0,1,1,0,0,0.6000,4,1680,-0.217800
2313,12.00,瞬时请求候选,0x2C1,8,0,2,2,0,0,0.8000,4,1684,-0.177700
2314,12.00,瞬时请求候选,0x2C1,8,0,3,3,0,0,0.8000,4,1680,-0.238300
2315,12.00,瞬时请求候选,0x2C1,8,0,5,5,0,0,0.6000,4,3360,-0.238300
2316,12.00,瞬时请求候选,0x2C1,8,0,6,6,0,0,0.8000,4,1680,-0.238300
2317,12.00,瞬时请求候选,0x2C1,8,1,0,8,1,1,0.6000,4,1680,-0.238300
2318,12.00,瞬时请求候选,0x2C1,8,1,1,9,0,0,0.6000,4,3360,-0.238300
2319,12.00,瞬时请求候选,0x2C1,8,1,2,10,1,1,0.6000,4,3360,-0.238300
2320,12.00,瞬时请求候选,0x2C1,8,1,3,11,0,0,0.6000,4,3360,-0.238300
2321,12.00,瞬时请求候选,0x2C1,8,1,4,12,0,0,0.6000,4,3364,-0.238300
2322,12.00,瞬时请求候选,0x2C1,8,1,5,13,0,0,0.6000,4,1680,-0.217800
2323,12.00,瞬时请求候选,0x2C1,8,2,0,16,1,1,0.6000,4,3360,-0.238300
2324,12.00,瞬时请求候选,0x2C1,8,2,1,17,1,1,0.8000,4,1684,-0.177700
2325,12.00,瞬时请求候选,0x2C1,8,2,2,18,1,1,0.6000,4,3360,-0.238300
2326,12.00,瞬时请求候选,0x2C1,8,2,3,19,1,1,0.6000,4,1680,-0.217800
2327,12.00,瞬时请求候选,0x2C1,8,2,4,20,0,0,0.6000,4,3364,-0.238300
2328,12.00,瞬时请求候选,0x2C1,8,2,5,21,0,0,0.6000,4,1680,-0.217800
2329,12.00,瞬时请求候选,0x2C1,8,2,6,22,0,0,0.8000,4,1680,-0.238300
2330,12.00,瞬时请求候选,0x2C1,8,3,1,25,0,0,0.8000,4,1676,-0.238300
2331,12.00,瞬时请求候选,0x2C1,8,3,3,27,0,0,0.8000,4,1676,-0.238300
2332,12.00,瞬时请求候选,0x2C1,8,3,4,28,0,0,0.8000,4,1676,-0.238300
2333,12.00,瞬时请求候选,0x2C1,8,3,5,29,0,0,0.8000,4,1676,-0.238300
2334,12.00,瞬时请求候选,0x2C1,8,3,6,30,0,0,0.8000,4,1676,-0.238300
2335,12.00,瞬时请求候选,0x2C1,8,3,7,31,0,0,0.8000,4,1676,-0.238300
2336,12.00,瞬时请求候选,0x2C1,8,4,0,32,0,0,0.8000,4,1684,-0.177700
2337,12.00,瞬时请求候选,0x2C1,8,4,1,33,0,0,0.7855,4,1677,-0.238300
2338,12.00,瞬时请求候选,0x2C1,8,4,2,34,0,0,0.5953,4,1722,-0.238300
2339,12.00,瞬时请求候选,0x2C1,8,4,3,35,0,0,0.6000,4,1680,-0.238300
2340,12.00,瞬时请求候选,0x2C1,8,4,4,36,0,0,0.8000,4,1680,-0.238300
2341,12.00,瞬时请求候选,0x2C1,8,4,5,37,0,0,0.8000,4,1680,-0.238300
2342,12.00,瞬时请求候选,0x2C1,8,5,0,40,0,0,0.8000,4,1684,-0.177700
2343,12.00,瞬时请求候选,0x2C1,8,5,1,41,0,0,0.8000,4,1680,-0.238300
2344,12.00,瞬时请求候选,0x2C1,8,5,2,42,0,0,0.8000,4,1680,-0.238300
2345,12.00,瞬时请求候选,0x2C1,8,5,3,43,0,0,0.8000,4,1680,-0.238300
2346,12.00,瞬时请求候选,0x2C1,8,5,4,44,1,1,0.5975,4,3360,-0.238300
2347,12.00,瞬时请求候选,0x2C1,8,5,5,45,0,0,0.8025,4,1630,-0.238300
2348,12.00,瞬时请求候选,0x2C1,8,5,6,46,0,0,0.6025,4,3310,-0.238300
2349,12.00,瞬时请求候选,0x2C1,8,5,7,47,0,0,0.6025,4,3310,-0.238300
2350,12.00,瞬时请求候选,0x2C1,8,6,1,49,0,0,0.6000,4,3360,-0.238300
2351,12.00,瞬时请求候选,0x2C1,8,6,3,51,0,0,0.8000,4,1684,-0.177700
2352,12.00,瞬时请求候选,0x2C1,8,6,4,52,0,0,0.8000,4,1680,-0.217800
2353,12.00,瞬时请求候选,0x2C1,8,6,7,55,0,0,0.8000,4,1680,-0.217800
2354,12.00,瞬时请求候选,0x2C1,8,7,0,56,1,1,0.6000,4,3360,-0.238300
2355,12.00,瞬时请求候选,0x2C1,8,7,1,57,0,0,0.6000,4,1680,-0.238300
2356,12.00,瞬时请求候选,0x2C1,8,7,2,58,0,0,0.6000,4,1680,-0.238300
2357,12.00,瞬时请求候选,0x2C1,8,7,3,59,0,0,0.8000,4,1684,-0.177700
2358,12.00,瞬时请求候选,0x2C1,8,7,7,63,0,0,0.8000,4,1680,-0.217800
2359,12.00,瞬时请求候选,0x2C2,8,0,0,0,1,1,0.5000,4,842,-0.178600
2360,12.00,瞬时请求候选,0x2C2,8,0,2,2,不一致,1,0.5073,4,812,-0.178600
2361,12.00,瞬时请求候选,0x2C2,8,0,4,4,1,1,0.5000,4,842,-0.178600
2362,12.00,瞬时请求候选,0x2C2,8,0,5,5,1,1,0.5000,4,842,-0.178600
2363,12.00,瞬时请求候选,0x2C2,8,0,6,6,1,1,0.5000,4,842,-0.178600
2364,12.00,瞬时请求候选,0x2C2,8,1,0,8,1,1,0.5000,4,842,-0.178600
2365,12.00,瞬时请求候选,0x2C2,8,1,1,9,1,1,0.5000,4,842,-0.178600
2366,12.00,瞬时请求候选,0x2C2,8,1,3,11,不一致,0,0.8000,4,299,0.432300
2367,12.00,瞬时请求候选,0x2C2,8,1,4,12,不一致,0,0.8000,4,299,-0.047600
2368,12.00,瞬时请求候选,0x2C2,8,1,5,13,不一致,1,0.7000,4,543,-0.177850
2369,12.00,瞬时请求候选,0x2C2,8,1,6,14,1,1,0.7000,4,543,-0.177850
2370,12.00,瞬时请求候选,0x2C2,8,2,0,16,不一致,0,0.8000,4,299,0.021550
2371,12.00,瞬时请求候选,0x2C2,8,2,1,17,0,1,0.8000,4,296,-0.028550
2372,12.00,瞬时请求候选,0x2C2,8,2,3,19,不一致,1,0.5234,4,790,-0.178600
2373,12.00,瞬时请求候选,0x2C2,8,2,5,21,1,1,0.5000,4,842,-0.178600
2374,12.00,瞬时请求候选,0x2C2,8,2,6,22,不一致,0,0.8000,4,299,0.020050
2375,12.00,瞬时请求候选,0x2C2,8,2,7,23,1,1,0.7000,4,543,-0.177850
2376,12.00,瞬时请求候选,0x2C2,8,3,0,24,1,1,0.5000,4,842,-0.178600
2377,12.00,瞬时请求候选,0x2C2,8,3,1,25,1,1,0.8000,4,296,-0.028550
2378,12.00,瞬时请求候选,0x2C2,8,3,2,26,1,1,0.5000,4,842,-0.178600
2379,12.00,瞬时请求候选,0x2C2,8,3,3,27,1,1,0.5000,4,842,-0.178600
2380,12.00,瞬时请求候选,0x2C2,8,3,4,28,1,1,0.5000,4,842,-0.178600
2381,12.00,瞬时请求候选,0x2C2,8,3,5,29,1,0,0.7000,4,546,0.303900
2382,12.00,瞬时请求候选,0x2C2,8,3,6,30,1,1,0.7000,4,546,-0.066450
2383,12.00,瞬时请求候选,0x2C2,8,3,7,31,1,0,0.7000,4,546,0.303900
2384,12.00,瞬时请求候选,0x2C2,8,4,0,32,1,1,0.5000,4,842,-0.178600
2385,12.00,瞬时请求候选,0x2C2,8,4,1,33,1,0,0.7000,4,546,0.303900
2386,12.00,瞬时请求候选,0x2C2,8,4,2,34,0,1,0.8000,4,296,-0.152950
2387,12.00,瞬时请求候选,0x2C2,8,6,1,49,1,1,0.5000,4,842,-0.178600
2388,12.00,瞬时请求候选,0x2C2,8,6,2,50,0,1,0.8000,4,296,0.082050
2389,12.00,瞬时请求候选,0x2C2,8,6,4,52,1,1,0.5000,4,842,-0.178600
2390,12.00,瞬时请求候选,0x2C2,8,6,5,53,0,1,0.8000,4,296,-0.128500
2391,12.00,瞬时请求候选,0x2C2,8,6,6,54,0,不一致,0.9000,4,148,0.020850
2392,12.00,瞬时请求候选,0x2C2,8,6,7,55,1,0,0.7000,4,546,-0.027200
2393,12.00,瞬时请求候选,0x2C2,8,7,1,57,1,0,0.7000,4,546,-0.027200
2394,12.00,瞬时请求候选,0x2C2,8,7,2,58,1,1,0.5000,4,842,-0.178600
2395,12.00,瞬时请求候选,0x2C2,8,7,3,59,1,1,0.5000,4,842,-0.178600
2396,12.00,瞬时请求候选,0x2C2,8,7,4,60,0,1,0.8000,4,296,-0.028550
2397,12.00,瞬时请求候选,0x2C2,8,7,5,61,1,1,0.5000,4,842,-0.178600
2398,12.00,瞬时请求候选,0x2C2,8,7,6,62,1,1,0.5000,4,842,-0.178600
2399,12.00,瞬时请求候选,0x2C3,8,0,0,0,1,1,0.5000,4,842,-0.179600
2400,12.00,瞬时请求候选,0x2C3,8,0,2,2,不一致,1,0.5441,4,766,-0.179600
2401,12.00,瞬时请求候选,0x2C3,8,0,4,4,1,1,0.5000,4,842,-0.179600
2402,12.00,瞬时请求候选,0x2C3,8,0,6,6,1,1,0.5000,4,842,-0.179600
2403,12.00,瞬时请求候选,0x2C3,8,1,0,8,1,1,0.5000,4,842,-0.179600
2404,12.00,瞬时请求候选,0x2C3,8,1,1,9,1,1,0.5000,4,842,-0.179600
2405,12.00,瞬时请求候选,0x2C3,8,1,3,11,1,0,0.7000,4,546,0.321700
2406,12.00,瞬时请求候选,0x2C3,8,1,4,12,1,0,0.7000,4,546,-0.072000
2407,12.00,瞬时请求候选,0x2C3,8,1,5,13,0,1,0.8000,4,296,-0.153200
2408,12.00,瞬时请求候选,0x2C3,8,1,6,14,1,0,0.7000,4,546,0.371600
2409,12.00,瞬时请求候选,0x2C3,8,2,0,16,1,0,0.7000,4,546,-0.029800
2410,12.00,瞬时请求候选,0x2C3,8,2,1,17,0,1,0.8000,4,296,-0.029100
2411,12.00,瞬时请求候选,0x2C3,8,2,3,19,不一致,1,0.5288,4,784,-0.179600
2412,12.00,瞬时请求候选,0x2C3,8,2,5,21,1,1,0.5000,4,842,-0.179600
2413,12.00,瞬时请求候选,0x2C3,8,2,6,22,1,0,0.7000,4,546,0.070400
2414,12.00,瞬时请求候选,0x2C3,8,2,7,23,1,1,0.8000,4,296,-0.129100
2415,12.00,瞬时请求候选,0x2C3,8,3,0,24,1,1,0.5000,4,842,-0.179600
2416,12.00,瞬时请求候选,0x2C3,8,3,1,25,1,1,0.8000,4,296,-0.129100
2417,12.00,瞬时请求候选,0x2C3,8,3,2,26,1,1,0.5000,4,842,-0.179600
2418,12.00,瞬时请求候选,0x2C3,8,3,3,27,1,1,0.5000,4,842,-0.179600
2419,12.00,瞬时请求候选,0x2C3,8,3,4,28,1,1,0.5000,4,842,-0.179600
2420,12.00,瞬时请求候选,0x2C3,8,3,5,29,1,0,0.7000,4,546,0.297550
2421,12.00,瞬时请求候选,0x2C3,8,3,6,30,1,1,0.7000,4,546,-0.066900
2422,12.00,瞬时请求候选,0x2C3,8,3,7,31,1,0,0.7000,4,546,0.297550
2423,12.00,瞬时请求候选,0x2C3,8,4,0,32,1,1,0.5000,4,842,-0.179600
2424,12.00,瞬时请求候选,0x2C3,8,4,1,33,1,0,0.7000,4,546,0.297550
2425,12.00,瞬时请求候选,0x2C3,8,4,2,34,0,1,0.8000,4,296,-0.153200
2426,12.00,瞬时请求候选,0x2C3,8,6,1,49,1,1,0.5000,4,842,-0.179600
2427,12.00,瞬时请求候选,0x2C3,8,6,2,50,0,1,0.8000,4,296,0.072000
2428,12.00,瞬时请求候选,0x2C3,8,6,4,52,1,1,0.5000,4,842,-0.179600
2429,12.00,瞬时请求候选,0x2C3,8,6,5,53,0,1,0.8000,4,296,-0.129100
2430,12.00,瞬时请求候选,0x2C3,8,6,6,54,0,不一致,0.9000,4,148,0.320050
2431,12.00,瞬时请求候选,0x2C3,8,6,7,55,1,0,0.7000,4,546,-0.028300
2432,12.00,瞬时请求候选,0x2C3,8,7,1,57,1,0,0.7000,4,546,-0.028300
2433,12.00,瞬时请求候选,0x2C3,8,7,2,58,1,1,0.5000,4,842,-0.179600
2434,12.00,瞬时请求候选,0x2C3,8,7,3,59,1,1,0.5000,4,842,-0.179600
2435,12.00,瞬时请求候选,0x2C3,8,7,4,60,0,1,0.8000,4,296,-0.029100
2436,12.00,瞬时请求候选,0x2C3,8,7,5,61,1,1,0.5000,4,842,-0.179600
2437,12.00,瞬时请求候选,0x2C3,8,7,6,62,1,1,0.5000,4,842,-0.179600
2438,12.00,瞬时请求候选,0x2C4,8,0,0,0,1,1,0.5257,4,797,-0.206700
2439,12.00,瞬时请求候选,0x2C4,8,0,1,1,0,0,0.5239,4,398,-0.157000
2440,12.00,瞬时请求候选,0x2C4,8,0,2,2,0,0,0.5273,4,238,-0.106000
2441,12.00,瞬时请求候选,0x2C4,8,0,3,3,0,0,0.6607,4,159,-0.106000
2442,12.00,瞬时请求候选,0x2C4,8,0,5,5,0,0,0.8079,4,300,0.044150
2443,12.00,瞬时请求候选,0x2C4,8,0,6,6,0,0,0.7713,4,245,-0.204750
2444,12.00,瞬时请求候选,0x2C4,8,1,0,8,0,0,0.7336,4,404,-0.057400
2445,12.00,瞬时请求候选,0x2C4,8,1,1,9,0,0,0.6737,4,282,-0.156700
2446,12.00,瞬时请求候选,0x2C4,8,1,2,10,0,0,0.8130,4,140,0.293350
2447,12.00,瞬时请求候选,0x2C4,8,1,3,11,0,0,0.7727,4,379,-0.204750
2448,12.00,瞬时请求候选,0x2C4,8,1,4,12,0,0,0.7150,4,318,-0.155550
2449,12.00,瞬时请求候选,0x2C4,8,1,5,13,0,0,0.7473,4,399,-0.206700
2450,12.00,瞬时请求候选,0x2C4,8,1,6,14,0,0,0.7874,4,348,-0.107500
2451,12.00,瞬时请求候选,0x2C4,8,1,7,15,0,0,0.6806,4,319,-0.155550
2452,12.00,瞬时请求候选,0x2C4,8,2,0,16,0,0,0.8178,4,277,-0.155550
2453,12.00,瞬时请求候选,0x2C4,8,2,1,17,0,0,0.8215,4,240,-0.057000
2454,12.00,瞬时请求候选,0x2C4,8,2,2,18,0,0,0.7684,4,345,-0.156700
2455,12.00,瞬时请求候选,0x2C4,8,2,3,19,0,0,0.8217,4,273,-0.005550
2456,12.00,瞬时请求候选,0x2C4,8,2,4,20,0,0,0.8259,4,247,-0.206700
2457,12.00,瞬时请求候选,0x2C4,8,2,5,21,0,0,0.7752,4,191,-0.206700
2458,12.00,瞬时请求候选,0x2C4,8,2,7,23,0,0,0.7808,4,192,-0.156700
2459,12.00,瞬时请求候选,0x2C4,8,3,1,25,0,0,0.5614,4,283,-0.056050
2460,12.00,瞬时请求候选,0x2C4,8,3,2,26,0,0,0.8568,4,187,-0.005750
2461,12.00,瞬时请求候选,0x2C4,8,3,3,27,0,0,0.8075,4,256,-0.155200
2462,12.00,瞬时请求候选,0x2C4,8,3,4,28,0,0,0.7578,4,183,-0.105700
2463,12.00,瞬时请求候选,0x2C4,8,3,5,29,0,0,0.8086,4,177,0.293700
2464,12.00,瞬时请求候选,0x2C4,8,3,6,30,0,0,0.7681,4,145,-0.106000
2465,12.00,瞬时请求候选,0x2C4,8,3,7,31,0,0,0.6120,4,319,-0.006350
2466,12.00,瞬时请求候选,0x2C4,8,4,0,32,0,0,0.6915,4,318,0.092200
2467,12.00,瞬时请求候选,0x2C4,8,4,1,33,0,0,0.8447,4,262,-0.107500
2468,12.00,瞬时请求候选,0x2C4,8,4,2,34,0,0,0.8089,4,240,-0.056600
2469,12.00,瞬时请求候选,0x2C4,8,4,3,35,0,0,0.6662,4,239,0.242200
2470,12.00,瞬时请求候选,0x2C4,8,4,5,37,0,0,0.8479,4,239,-0.056050
2471,12.00,瞬时请求候选,0x2C4,8,4,6,38,0,0,0.8381,4,266,0.292300
2472,12.00,瞬时请求候选,0x2C4,8,4,7,39,0,0,0.7821,4,187,0.343650
2473,12.00,瞬时请求候选,0x2C4,8,5,0,40,0,0,0.8771,4,184,0.293700
2474,12.00,瞬时请求候选,0x2C4,8,5,1,41,0,0,0.8662,4,216,0.494900
2475,12.00,瞬时请求候选,0x2C4,8,5,2,42,0,0,0.7510,4,365,-0.155550
2476,12.00,瞬时请求候选,0x2C4,8,5,3,43,0,0,0.6998,4,251,0.293350
2477,12.00,瞬时请求候选,0x2C4,8,5,4,44,0,0,0.6949,4,356,-0.205250
2478,12.00,瞬时请求候选,0x2C4,8,5,5,45,0,0,0.7773,4,348,0.094250
2479,12.00,瞬时请求候选,0x2C4,8,5,6,46,0,0,0.7430,4,272,-0.205250
2480,12.00,瞬时请求候选,0x2C4,8,5,7,47,0,0,0.8811,4,114,-0.205250
2481,12.00,瞬时请求候选,0x2C4,8,6,0,48,0,0,0.6076,4,477,-0.155250
2482,12.00,瞬时请求候选,0x2C4,8,6,1,49,0,0,0.8456,4,239,-0.155200
2483,12.00,瞬时请求候选,0x2C4,8,6,2,50,0,0,0.7943,4,267,-0.155250
2484,12.00,瞬时请求候选,0x2C4,8,6,3,51,0,0,0.9001,4,165,0.092800
2485,12.00,瞬时请求候选,0x2C4,8,6,4,52,0,0,0.7482,4,309,-0.155200
2486,12.00,瞬时请求候选,0x2C4,8,6,5,53,0,0,0.6889,4,404,-0.206700
2487,12.00,瞬时请求候选,0x2C4,8,6,6,54,0,0,0.8153,4,314,-0.107500
2488,12.00,瞬时请求候选,0x2C4,8,6,7,55,0,0,0.7318,4,319,-0.105150
2489,12.00,瞬时请求候选,0x2C4,8,7,0,56,0,0,0.8384,4,239,-0.206700
2490,12.00,瞬时请求候选,0x2C4,8,7,1,57,0,0,0.8422,4,252,0.094250
2491,12.00,瞬时请求候选,0x2C4,8,7,3,59,0,0,0.8567,4,159,0.143800
2492,12.00,瞬时请求候选,0x2C4,8,7,5,61,0,0,0.9061,4,159,0.193700
2493,12.00,瞬时请求候选,0x2D2,8,0,0,0,1,1,0.6857,4,236,0.337150
2494,12.00,瞬时请求候选,0x2E1,8,0,0,0,不一致,1,0.5001,4,5252,-0.241750
2495,12.00,瞬时请求候选,0x2E1,8,0,1,1,0,0,0.6668,4,1750,-0.241150
2496,12.00,瞬时请求候选,0x2E1,8,0,2,2,0,0,0.6668,4,1751,-0.225050
2497,12.00,瞬时请求候选,0x2E1,8,0,3,3,0,0,0.6667,4,3501,-0.241150
2498,12.00,瞬时请求候选,0x2E1,8,0,4,4,不一致,1,0.5003,4,3501,-0.241750
2499,12.00,瞬时请求候选,0x2E1,8,0,5,5,不一致,1,0.5001,4,5252,-0.241750
2500,12.00,瞬时请求候选,0x2E1,8,0,6,6,0,0,0.6668,4,3501,-0.234850
2501,12.00,瞬时请求候选,0x2E1,8,0,7,7,0,0,0.8334,4,1750,-0.226100
2502,12.00,瞬时请求候选,0x2E1,8,1,0,8,不一致,1,0.5003,4,3501,-0.241750
2503,12.00,瞬时请求候选,0x2E1,8,1,2,10,0,0,0.6667,4,1751,-0.224500
2504,12.00,瞬时请求候选,0x2E1,8,1,3,11,不一致,不一致,0.5007,4,1751,-0.216600
2505,12.00,瞬时请求候选,0x2E1,8,1,4,12,0,0,0.8334,4,1750,-0.226100
2506,12.00,瞬时请求候选,0x2E1,8,1,5,13,0,0,0.6665,4,3502,-0.241100
2507,12.00,瞬时请求候选,0x2E1,8,1,6,14,0,0,0.8334,4,1750,-0.225050
2508,12.00,瞬时请求候选,0x2E1,8,1,7,15,0,0,0.8334,4,1751,-0.211350
2509,12.00,瞬时请求候选,0x2E1,8,2,0,16,0,0,0.7511,4,1749,-0.241150
2510,12.00,瞬时请求候选,0x2E1,8,2,1,17,0,0,0.7522,4,1750,-0.225050
2511,12.00,瞬时请求候选,0x2E1,8,2,2,18,0,0,0.5633,4,3503,-0.241100
2512,12.00,瞬时请求候选,0x2E1,8,2,3,19,0,0,0.5590,4,3502,-0.241100
2513,12.00,瞬时请求候选,0x2E1,8,2,4,20,0,0,0.6078,4,1750,-0.226400
2514,12.00,瞬时请求候选,0x2E1,8,2,5,21,0,0,0.6668,4,1750,-0.241150
2515,12.00,瞬时请求候选,0x2E1,8,2,6,22,0,0,0.8334,4,1750,-0.225050
2516,12.00,瞬时请求候选,0x2E1,8,2,7,23,0,0,0.8334,4,1750,-0.226100
2517,12.00,瞬时请求候选,0x2E1,8,3,0,24,0,0,0.6667,4,3501,-0.241150
2518,12.00,瞬时请求候选,0x2E1,8,3,1,25,0,0,0.8334,4,1750,-0.225050
2519,12.00,瞬时请求候选,0x2E1,8,3,3,27,0,0,0.6667,4,3501,-0.241150
2520,12.00,瞬时请求候选,0x2E1,8,3,4,28,0,0,0.8963,4,1119,-0.066450
2521,12.00,瞬时请求候选,0x2E1,8,3,5,29,0,0,0.9456,4,549,-0.114850
2522,12.00,瞬时请求候选,0x2E1,8,3,6,30,0,0,0.8333,4,1751,-0.232650
2523,12.00,瞬时请求候选,0x2E1,8,3,7,31,0,0,0.6667,4,3501,-0.241150
2524,12.00,瞬时请求候选,0x2E1,8,4,0,32,0,0,0.6896,4,2579,-0.224500
2525,12.00,瞬时请求候选,0x2E1,8,4,1,33,不一致,0,0.5737,4,1749,-0.234250
2526,12.00,瞬时请求候选,0x2E1,8,4,2,34,0,0,0.6268,4,2637,-0.232950
2527,12.00,瞬时请求候选,0x2E1,8,4,3,35,1,1,0.5875,4,3502,-0.233650
2528,12.00,瞬时请求候选,0x2E1,8,4,4,36,1,1,0.5682,4,3500,-0.241750
2529,12.00,瞬时请求候选,0x2E1,8,4,5,37,0,0,0.7526,4,2714,-0.241100
2530,12.00,瞬时请求候选,0x2E1,8,4,6,38,0,0,0.7715,4,1750,-0.208250
2531,12.00,瞬时请求候选,0x2E1,8,4,7,39,0,0,0.8000,4,2266,-0.226100
2532,12.00,瞬时请求候选,0x2E1,8,5,0,40,0,0,0.7063,4,2529,-0.233650
2533,12.00,瞬时请求候选,0x2E1,8,5,1,41,0,0,0.6989,4,2937,-0.234250
2534,12.00,瞬时请求候选,0x2E1,8,5,2,42,0,0,0.5754,4,1864,-0.241750
2535,12.00,瞬时请求候选,0x2E1,8,5,3,43,0,0,0.6244,4,1791,-0.224500
2536,12.00,瞬时请求候选,0x2E1,8,5,4,44,0,0,0.6247,4,3416,-0.241100
2537,12.00,瞬时请求候选,0x2E1,8,5,5,45,1,1,0.6026,4,3645,-0.234850
2538,12.00,瞬时请求候选,0x2E1,8,5,6,46,0,0,0.6540,4,1959,-0.225050
2539,12.00,瞬时请求候选,0x2E1,8,5,7,47,0,0,0.6668,4,3501,-0.234850
2540,12.00,瞬时请求候选,0x2E1,8,6,0,48,0,0,0.6668,4,3501,-0.234850
2541,12.00,瞬时请求候选,0x2E1,8,6,1,49,0,0,0.6668,4,1751,-0.225050
2542,12.00,瞬时请求候选,0x2E1,8,6,2,50,0,0,0.8334,4,1750,-0.208250
2543,12.00,瞬时请求候选,0x2E1,8,6,3,51,0,0,0.6668,4,3501,-0.234850
2544,12.00,瞬时请求候选,0x2E1,8,6,5,53,0,0,0.6665,4,3502,-0.225050
2545,12.00,瞬时请求候选,0x2E1,8,6,7,55,0,0,0.8334,4,1751,-0.211350
2546,12.00,瞬时请求候选,0x2E1,8,7,1,57,0,0,0.8334,4,1751,-0.211350
2547,12.00,瞬时请求候选,0x2E1,8,7,3,59,0,0,0.6665,4,1751,-0.210350
2548,12.00,瞬时请求候选,0x2E1,8,7,5,61,0,0,0.8334,4,1751,-0.211350
2549,12.00,瞬时请求候选,0x2E1,8,7,6,62,0,0,0.8334,4,1751,-0.211350
2550,12.00,瞬时请求候选,0x2E2,8,0,0,0,0,0,0.5705,4,240,-0.168150
2551,12.00,瞬时请求候选,0x2E2,8,0,1,1,0,0,0.5700,4,241,0.029800
2552,12.00,瞬时请求候选,0x2E2,8,0,2,2,0,0,0.5669,4,120,0.130700
2553,12.00,瞬时请求候选,0x2E2,8,0,3,3,0,0,0.8565,4,120,0.032000
2554,12.00,瞬时请求候选,0x2E2,8,0,4,4,0,0,0.7495,4,121,-0.068150
2555,12.00,瞬时请求候选,0x2E2,8,0,5,5,0,0,0.6060,4,241,-0.168700
2556,12.00,瞬时请求候选,0x2E2,8,0,6,6,0,0,0.6060,4,241,-0.168700
2557,12.00,瞬时请求候选,0x2E2,8,0,7,7,0,0,0.6060,4,241,-0.168700
2558,12.00,瞬时请求候选,0x2E2,8,1,0,8,0,0,0.6060,4,241,-0.168700
2559,12.00,瞬时请求候选,0x2E2,8,1,1,9,0,0,0.8137,4,121,0.231450
2560,12.00,瞬时请求候选,0x2E2,8,1,2,10,0,0,0.8565,4,120,0.032000
2561,12.00,瞬时请求候选,0x2E2,8,1,3,11,0,0,0.8565,4,120,0.032000
2562,12.00,瞬时请求候选,0x2E2,8,1,4,12,0,0,0.8534,4,121,0.230600
2563,12.00,瞬时请求候选,0x2E2,8,1,5,13,0,0,0.7129,4,240,-0.168700
2564,12.00,瞬时请求候选,0x2E2,8,2,2,18,0,0,0.7974,4,171,-0.068900
2565,12.00,瞬时请求候选,0x2E2,8,2,3,19,0,0,0.7974,4,171,-0.068900
2566,12.00,瞬时请求候选,0x2E2,8,2,5,21,0,0,0.8565,4,120,0.131050
2567,12.00,瞬时请求候选,0x2E2,8,2,6,22,0,0,0.8534,4,121,0.230600
2568,12.00,瞬时请求候选,0x2E2,8,3,0,24,1,1,0.5621,4,120,0.030950
2569,12.00,瞬时请求候选,0x2E2,8,3,1,25,0,0,0.6570,4,242,-0.068150
2570,12.00,瞬时请求候选,0x2E2,8,3,2,26,1,1,0.6324,4,260,-0.168700
2571,12.00,瞬时请求候选,0x2E2,8,3,3,27,1,1,0.6032,4,240,-0.068900
2572,12.00,瞬时请求候选,0x2E2,8,3,4,28,1,1,0.6995,4,237,-0.168150
2573,12.00,瞬时请求候选,0x2E2,8,3,5,29,1,1,0.7020,4,240,-0.168700
2574,12.00,瞬时请求候选,0x2E2,8,3,6,30,0,0,0.7057,4,126,-0.068600
2575,12.00,瞬时请求候选,0x2E2,8,3,7,31,0,0,0.5736,4,121,0.130200
2576,12.00,瞬时请求候选,0x2E2,8,4,0,32,0,0,0.7099,4,241,-0.068900
2577,12.00,瞬时请求候选,0x2E2,8,4,1,33,1,1,0.5663,4,241,-0.069450
2578,12.00,瞬时请求候选,0x2E2,8,4,3,35,0,0,0.7099,4,241,-0.068900
2579,12.00,瞬时请求候选,0x2E2,8,4,5,37,0,0,0.8534,4,121,0.230600
2580,12.00,瞬时请求候选,0x2E2,8,4,6,38,0,0,0.7099,4,241,-0.068900
2581,12.00,瞬时请求候选,0x2E2,8,5,0,40,1,1,0.7099,4,121,0.031950
2582,12.00,瞬时请求候选,0x2E2,8,5,1,41,1,1,0.7129,4,240,-0.168700
2583,12.00,瞬时请求候选,0x2E2,8,5,2,42,0,0,0.8534,4,121,0.230600
2584,12.00,瞬时请求候选,0x2E2,8,5,3,43,1,1,0.7099,4,121,0.031950
2585,12.00,瞬时请求候选,0x2E2,8,5,4,44,1,1,0.6650,4,121,0.231950
2586,12.00,瞬时请求候选,0x2E2,8,5,5,45,0,0,0.8785,4,105,0.230600
2587,12.00,瞬时请求候选,0x2E2,8,5,6,46,0,0,0.7330,4,227,-0.068900
2588,12.00,瞬时请求候选,0x2E2,8,5,7,47,0,0,0.8766,4,107,0.430200
2589,12.00,瞬时请求候选,0x2E2,8,6,0,48,0,0,0.8333,4,134,0.131050
2590,12.00,瞬时请求候选,0x2E2,8,6,1,49,0,0,0.8534,4,121,0.230600
2591,12.00,瞬时请求候选,0x2E2,8,6,3,51,0,0,0.8565,4,120,0.131050
2592,12.00,瞬时请求候选,0x2E2,8,6,4,52,0,0,0.8534,4,121,0.230600
2593,12.00,瞬时请求候选,0x2E2,8,6,5,53,0,0,0.8565,4,120,0.131050
2594,12.00,瞬时请求候选,0x2E2,8,6,7,55,0,0,0.8796,4,101,0.230600
2595,12.00,瞬时请求候选,0x2E2,8,7,2,58,0,0,0.7099,4,241,-0.068900
2596,12.00,瞬时请求候选,0x2E2,8,7,3,59,0,0,0.8565,4,120,0.131050
2597,12.00,瞬时请求候选,0x2E2,8,7,4,60,0,0,0.8534,4,121,0.230600
2598,12.00,瞬时请求候选,0x2E2,8,7,6,62,0,0,0.7135,4,241,-0.068150
2599,12.00,瞬时请求候选,0x2E2,8,7,7,63,0,0,0.5736,4,121,0.130200
2600,12.00,瞬时请求候选,0x2E3,7,0,0,0,0,0,0.6687,4,281,-0.072550
2601,12.00,瞬时请求候选,0x2E3,7,0,1,1,不一致,0,0.5079,4,281,0.027000
2602,12.00,瞬时请求候选,0x2E3,7,0,2,2,不一致,不一致,0.5079,4,141,0.127000
2603,12.00,瞬时请求候选,0x2E3,7,0,3,3,0,0,0.8356,4,140,-0.070950
2604,12.00,瞬时请求候选,0x2E3,7,0,4,4,0,不一致,0.5623,4,288,-0.171550
2605,12.00,瞬时请求候选,0x2E3,7,0,5,5,0,0,0.5772,4,186,0.028250
2606,12.00,瞬时请求候选,0x2E3,7,0,6,6,0,0,0.7104,4,141,0.028550
2607,12.00,瞬时请求候选,0x2E3,7,0,7,7,0,0,0.5883,4,282,-0.171550
2608,12.00,瞬时请求候选,0x2E3,7,1,0,8,0,0,0.7583,4,141,0.028550
2609,12.00,瞬时请求候选,0x2E3,7,1,1,9,0,0,0.5283,4,282,-0.171550
2610,12.00,瞬时请求候选,0x2E3,7,1,4,12,0,0,0.6375,4,283,0.027450
2611,12.00,瞬时请求候选,0x2E3,7,1,6,14,0,0,0.8003,4,135,0.227550
2612,12.00,瞬时请求候选,0x2E3,7,1,7,15,0,0,0.7363,4,167,0.028150
2613,12.00,瞬时请求候选,0x2E3,7,2,0,16,0,0,0.7074,4,167,0.028150
2614,12.00,瞬时请求候选,0x2E3,7,2,1,17,0,0,0.6584,4,257,0.029550
2615,12.00,瞬时请求候选,0x2E3,7,2,2,18,0,0,0.7964,4,142,0.427550
2616,12.00,瞬时请求候选,0x2E3,7,2,3,19,0,0,0.7730,4,142,0.427550
2617,12.00,瞬时请求候选,0x2E3,7,2,5,21,0,0,0.7012,4,249,-0.170500
2618,12.00,瞬时请求候选,0x2E3,7,2,6,22,0,0,0.6375,4,283,0.027450
2619,12.00,瞬时请求候选,0x2E3,7,3,0,24,0,0,0.5751,4,233,-0.170500
2620,12.00,瞬时请求候选,0x2E3,7,3,1,25,0,0,0.7153,4,218,-0.070750
2621,12.00,瞬时请求候选,0x2E3,7,3,2,26,不一致,0,0.6182,4,269,-0.171550
2622,12.00,瞬时请求候选,0x2E3,7,3,3,27,不一致,0,0.5814,4,281,-0.072550
2623,12.00,瞬时请求候选,0x2E3,7,3,4,28,0,0,0.7908,4,170,0.029600
2624,12.00,瞬时请求候选,0x2E3,7,3,5,29,0,0,0.6687,4,281,-0.072550
2625,12.00,瞬时请求候选,0x2E3,7,3,7,31,0,0,0.6668,4,139,-0.170500
2626,12.00,瞬时请求候选,0x2E3,7,4,0,32,0,0,0.8320,4,142,0.427550
2627,12.00,瞬时请求候选,0x2E3,7,4,1,33,0,0,0.6668,4,139,-0.170500
2628,12.00,瞬时请求候选,0x2E3,7,4,2,34,0,0,0.7154,4,241,0.027450
2629,12.00,瞬时请求候选,0x2E3,7,4,3,35,0,0,0.7539,4,207,0.228200
2630,12.00,瞬时请求候选,0x2E3,7,4,4,36,0,0,0.7663,4,197,0.228200
2631,12.00,瞬时请求候选,0x2E3,7,4,6,38,0,0,0.8786,4,102,0.427550
2632,12.00,瞬时请求候选,0x2E3,7,4,7,39,0,0,0.8786,4,102,0.427550
2633,12.00,瞬时请求候选,0x2E3,7,5,0,40,0,0,0.6201,4,179,-0.170500
2634,12.00,瞬时请求候选,0x2E3,7,5,1,41,1,1,0.5498,4,180,-0.070450
2635,12.00,瞬时请求候选,0x2E3,7,5,2,42,0,0,0.8055,4,163,0.228200
2636,12.00,瞬时请求候选,0x2E3,7,5,3,43,0,0,0.6668,4,139,-0.170500
2637,12.00,瞬时请求候选,0x2E3,7,6,3,51,0,0,0.8565,4,120,1.627550
2638,12.00,瞬时请求候选,0x2E3,7,6,6,54,0,0,0.8300,4,138,0.028850
2639,12.00,瞬时请求候选,0x2E8,8,6,4,52,1,1,0.5000,4,837,-0.214300
2640,12.00,瞬时请求候选,0x2E8,8,6,5,53,1,1,0.5079,4,420,-0.114200
2641,12.00,瞬时请求候选,0x2E8,8,6,6,54,0,0,0.5079,4,210,0.085800
2642,12.00,瞬时请求候选,0x2E8,8,6,7,55,不一致,1,0.5079,4,103,0.085800
2643,12.00,瞬时请求候选,0x2E8,8,7,4,60,1,1,0.5000,4,837,-0.214300
2644,12.00,瞬时请求候选,0x2E8,8,7,5,61,1,1,0.5079,4,420,-0.114200
2645,12.00,瞬时请求候选,0x2E8,8,7,6,62,0,0,0.5079,4,210,0.085800
2646,12.00,瞬时请求候选,0x2E8,8,7,7,63,不一致,0,0.5079,4,103,0.085800
2647,12.00,瞬时请求候选,0x2EC,3,1,4,12,1,1,0.5000,4,837,-0.238300
2648,12.00,瞬时请求候选,0x2EC,3,1,5,13,1,1,0.5000,4,417,-0.238300
2649,12.00,瞬时请求候选,0x2EC,3,1,6,14,1,1,0.5055,4,211,-0.038350
2650,12.00,瞬时请求候选,0x2EC,3,1,7,15,1,0,0.5055,4,107,0.361950
2651,12.00,瞬时请求候选,0x2EC,3,2,4,20,1,1,0.5000,4,837,-0.238300
2652,12.00,瞬时请求候选,0x2EC,3,2,5,21,1,1,0.5000,4,417,-0.238300
2653,12.00,瞬时请求候选,0x2EC,3,2,6,22,1,1,0.5025,4,206,-0.238300
2654,12.00,瞬时请求候选,0x2EC,3,2,7,23,不一致,1,0.5025,4,103,-0.238300
2655,12.00,瞬时请求候选,0x2F1,8,0,0,0,0,0,0.5257,4,794,-0.212000
2656,12.00,瞬时请求候选,0x2F1,8,0,1,1,0,0,0.5267,4,440,-0.210900
2657,12.00,瞬时请求候选,0x2F1,8,0,2,2,0,0,0.5837,4,177,0.139150
2658,12.00,瞬时请求候选,0x2F1,8,0,5,5,0,0,0.8433,4,264,-0.110600
2659,12.00,瞬时请求候选,0x2F1,8,1,0,8,0,0,0.7523,4,274,-0.160600
2660,12.00,瞬时请求候选,0x2F1,8,1,1,9,1,1,0.6491,4,217,-0.160600
2661,12.00,瞬时请求候选,0x2F1,8,1,2,10,0,0,0.8671,4,183,0.538000
2662,12.00,瞬时请求候选,0x2F1,8,1,3,11,0,0,0.7933,4,181,-0.110600
2663,12.00,瞬时请求候选,0x2F1,8,1,4,12,不一致,1,0.5468,4,219,-0.062900
2664,12.00,瞬时请求候选,0x2F1,8,1,5,13,0,0,0.8291,4,180,0.387950
2665,12.00,瞬时请求候选,0x2F1,8,1,6,14,0,0,0.8396,4,261,0.037200
2666,12.00,瞬时请求候选,0x2F1,8,1,7,15,0,0,0.6548,4,418,-0.062900
2667,12.00,瞬时请求候选,0x2F1,8,2,0,16,0,0,0.6079,4,450,-0.112000
2668,12.00,瞬时请求候选,0x2F1,8,2,1,17,0,0,0.7506,4,208,0.238050
2669,12.00,瞬时请求候选,0x2F1,8,2,2,18,0,0,0.7392,4,173,0.338450
2670,12.00,瞬时请求候选,0x2F1,8,2,3,19,0,0,0.8417,4,267,0.288150
2671,12.00,瞬时请求候选,0x2F1,8,2,6,22,0,0,0.5738,4,159,0.088000
2672,12.00,瞬时请求候选,0x2F1,8,3,0,24,不一致,0,0.5119,4,213,-0.062000
2673,12.00,瞬时请求候选,0x2F1,8,3,1,25,0,0,0.8062,4,230,0.138000
2674,12.00,瞬时请求候选,0x2F1,8,3,2,26,0,0,0.8399,4,265,-0.110600
2675,12.00,瞬时请求候选,0x2F1,8,3,4,28,0,0,0.8687,4,220,0.587900
2676,12.00,瞬时请求候选,0x2F1,8,3,5,29,0,0,0.8405,4,177,0.239150
2677,12.00,瞬时请求候选,0x2F1,8,3,6,30,0,0,0.9143,4,136,0.387100
2678,12.00,瞬时请求候选,0x2F1,8,3,7,31,0,0,0.6787,4,341,-0.110600
2679,12.00,瞬时请求候选,0x2F1,8,4,0,32,0,0,0.5699,4,199,-0.012000
2680,12.00,瞬时请求候选,0x2F1,8,4,2,34,0,0,0.8387,4,177,0.239150
2681,12.00,瞬时请求候选,0x2F1,8,4,3,35,0,0,0.8972,4,175,0.587900
2682,12.00,瞬时请求候选,0x2F1,8,4,4,36,0,0,0.8531,4,176,0.587900
2683,12.00,瞬时请求候选,0x2F1,8,5,0,40,0,0,0.8650,4,177,0.089400
2684,12.00,瞬时请求候选,0x2F1,8,5,1,41,0,0,0.9196,4,134,0.887750
2685,12.00,瞬时请求候选,0x2F1,8,5,3,43,0,0,0.9168,4,120,0.237900
2686,12.00,瞬时请求候选,0x2F1,8,5,4,44,0,0,0.8905,4,141,0.589150
2687,12.00,瞬时请求候选,0x2F1,8,5,5,45,0,0,0.8392,4,217,-0.162000
2688,12.00,瞬时请求候选,0x2F1,8,5,6,46,0,0,0.8701,4,150,0.237750
2689,12.00,瞬时请求候选,0x2F1,8,5,7,47,0,0,0.7755,4,293,-0.162950
2690,12.00,瞬时请求候选,0x2F1,8,6,0,48,0,0,0.5511,4,413,-0.212000
2691,12.00,瞬时请求候选,0x2F1,8,6,1,49,0,0,0.7457,4,264,-0.210900
2692,12.00,瞬时请求候选,0x2F1,8,6,2,50,0,0,0.8809,4,194,0.239450
2693,12.00,瞬时请求候选,0x2F1,8,6,3,51,0,0,0.7875,4,264,0.088200
2694,12.00,瞬时请求候选,0x2F9,8,3,0,24,0,0,0.8344,4,280,0.025250
2695,12.00,瞬时请求候选,0x2F9,8,3,3,27,1,1,0.5000,4,842,-0.174750
2696,12.00,瞬时请求候选,0x2F9,8,3,4,28,0,0,0.6656,4,281,-0.173300
2697,12.00,瞬时请求候选,0x2F9,8,3,5,29,0,0,0.6656,4,280,-0.174150
2698,12.00,瞬时请求候选,0x2F9,8,4,0,32,0,0,0.6687,4,281,-0.075400
2699,12.00,瞬时请求候选,0x2F9,8,4,1,33,0,0,0.8344,4,280,0.025250
2700,12.00,瞬时请求候选,0x2F9,8,4,2,34,0,0,0.8344,4,280,0.025250
2701,12.00,瞬时请求候选,0x2F9,8,4,3,35,0,0,0.8344,4,280,0.025250
2702,12.00,瞬时请求候选,0x2F9,8,4,4,36,0,0,0.8344,4,280,0.025250
2703,12.00,瞬时请求候选,0x2F9,8,4,5,37,0,0,0.8344,4,281,0.023750
2704,12.00,瞬时请求候选,0x2F9,8,4,7,39,0,0,0.6687,4,281,-0.075400
2705,12.00,瞬时请求候选,0x2F9,8,5,1,41,0,0,0.8344,4,281,0.023750
2706,12.00,瞬时请求候选,0x2F9,8,5,2,42,0,0,0.8344,4,281,0.023750
2707,12.00,瞬时请求候选,0x2F9,8,5,3,43,0,0,0.8344,4,281,0.023750
2708,12.00,瞬时请求候选,0x2F9,8,5,5,45,0,0,0.6687,4,281,-0.075400
2709,12.00,瞬时请求候选,0x2F9,8,5,6,46,0,0,0.8344,4,281,0.023750
2710,12.00,瞬时请求候选,0x2F9,8,5,7,47,0,0,0.6687,4,281,-0.075400
2711,12.00,瞬时请求候选,0x2F9,8,6,0,48,0,0,0.6687,4,281,-0.075400
2712,12.00,瞬时请求候选,0x2F9,8,6,1,49,0,0,0.6687,4,281,-0.075400
2713,12.00,瞬时请求候选,0x2F9,8,6,2,50,0,0,0.6687,4,281,-0.075400
2714,12.00,瞬时请求候选,0x2F9,8,6,3,51,0,0,0.6687,4,281,-0.075400
2715,12.00,瞬时请求候选,0x2F9,8,6,5,53,0,0,0.6687,4,281,-0.075400
2716,12.00,瞬时请求候选,0x2F9,8,6,6,54,0,0,0.6687,4,281,-0.075400
2717,12.00,瞬时请求候选,0x2F9,8,7,0,56,0,0,0.8344,4,281,0.023750
2718,12.00,瞬时请求候选,0x2F9,8,7,1,57,0,0,0.8344,4,280,0.025250
2719,12.00,瞬时请求候选,0x2F9,8,7,3,59,0,0,0.8344,4,281,0.023750
2720,12.00,瞬时请求候选,0x2F9,8,7,4,60,0,0,0.8344,4,280,0.025250
2721,12.00,瞬时请求候选,0x2F9,8,7,5,61,0,0,0.8344,4,280,0.025250
2722,12.00,瞬时请求候选,0x2F9,8,7,6,62,0,0,0.8344,4,281,0.023750
2723,12.00,瞬时请求候选,0x2F9,8,7,7,63,0,0,0.6687,4,281,-0.075400
2724,12.00,瞬时请求候选,0x312,8,0,0,0,1,1,0.5000,4,169,0.188150
2725,12.00,瞬时请求候选,0x312,8,0,4,4,1,1,0.5000,4,169,0.188150
2726,12.00,瞬时请求候选,0x312,8,0,5,5,1,1,0.5000,4,169,0.188150
2727,12.00,瞬时请求候选,0x312,8,1,1,9,1,1,0.5000,4,169,0.188150
2728,12.00,瞬时请求候选,0x312,8,1,2,10,1,1,0.5000,4,169,0.188150
2729,12.00,瞬时请求候选,0x312,8,1,5,13,1,1,0.5000,4,169,0.188150
2730,12.00,瞬时请求候选,0x312,8,1,6,14,1,1,0.5000,4,169,0.188150
2731,12.00,瞬时请求候选,0x312,8,2,0,16,1,1,0.5000,4,169,0.188150
2732,12.00,瞬时请求候选,0x312,8,2,5,21,1,1,0.5000,4,169,0.188150
2733,12.00,瞬时请求候选,0x312,8,2,7,23,1,1,0.5000,4,169,0.188150
2734,12.00,瞬时请求候选,0x312,8,3,4,28,1,1,0.5000,4,169,0.188150
2735,12.00,瞬时请求候选,0x312,8,3,6,30,1,1,0.5000,4,169,0.188150
2736,12.00,瞬时请求候选,0x312,8,4,0,32,1,1,0.5000,4,169,0.188150
2737,12.00,瞬时请求候选,0x312,8,4,1,33,1,1,0.5000,4,169,0.188150
2738,12.00,瞬时请求候选,0x312,8,4,2,34,1,1,0.5000,4,169,0.188150
2739,12.00,瞬时请求候选,0x312,8,4,3,35,1,1,0.5000,4,169,0.188150
2740,12.00,瞬时请求候选,0x312,8,4,5,37,1,1,0.5000,4,169,0.188150
2741,12.00,瞬时请求候选,0x312,8,4,6,38,1,1,0.5000,4,169,0.188150
2742,12.00,瞬时请求候选,0x312,8,5,2,42,1,1,0.5000,4,169,0.188150
2743,12.00,瞬时请求候选,0x312,8,6,0,48,1,1,0.5000,4,169,0.188150
2744,12.00,瞬时请求候选,0x312,8,6,1,49,1,1,0.5000,4,169,0.188150
2745,12.00,瞬时请求候选,0x312,8,6,4,52,1,1,0.5000,4,169,0.188150
2746,12.00,瞬时请求候选,0x312,8,7,2,58,1,1,0.5000,4,169,0.188150
2747,12.00,瞬时请求候选,0x312,8,7,4,60,1,1,0.5000,4,169,0.188150
2748,12.00,瞬时请求候选,0x313,8,6,4,52,1,1,0.5000,4,169,0.129000
2749,12.00,瞬时请求候选,0x313,8,7,4,60,1,1,0.5000,4,169,0.129000
2750,12.00,瞬时请求候选,0x315,8,0,0,0,0,0,0.6000,4,324,-0.232650
2751,12.00,瞬时请求候选,0x315,8,0,1,1,0,0,0.6000,4,162,-0.232150
2752,12.00,瞬时请求候选,0x315,8,0,2,2,0,0,0.8000,4,161,-0.233450
2753,12.00,瞬时请求候选,0x315,8,0,3,3,0,0,0.8000,4,162,-0.231700
2754,12.00,瞬时请求候选,0x315,8,0,4,4,0,0,0.8000,4,161,-0.233450
2755,12.00,瞬时请求候选,0x315,8,0,5,5,0,0,0.8000,4,162,-0.231700
2756,12.00,瞬时请求候选,0x315,8,0,6,6,0,0,0.8000,4,162,-0.231700
2757,12.00,瞬时请求候选,0x315,8,1,1,9,0,0,0.6400,4,161,-0.233450
2758,12.00,瞬时请求候选,0x315,8,1,2,10,1,1,0.6400,4,162,-0.232650
2759,12.00,瞬时请求候选,0x315,8,1,3,11,0,0,0.8000,4,162,-0.231700
2760,12.00,瞬时请求候选,0x315,8,1,4,12,1,1,0.6000,4,323,-0.233450
2761,12.00,瞬时请求候选,0x315,8,1,5,13,0,0,0.8000,4,161,-0.233450
2762,12.00,瞬时请求候选,0x315,8,1,6,14,0,0,0.6000,4,161,-0.233450
2763,12.00,瞬时请求候选,0x315,8,2,0,16,0,0,0.7224,4,211,-0.233450
2764,12.00,瞬时请求候选,0x315,8,2,1,17,不一致,1,0.6177,4,179,-0.232150
2765,12.00,瞬时请求候选,0x315,8,2,3,19,0,0,0.6000,4,323,-0.233450
2766,12.00,瞬时请求候选,0x315,8,2,4,20,1,1,0.6000,4,323,-0.233450
2767,12.00,瞬时请求候选,0x315,8,2,5,21,0,0,0.6000,4,323,-0.233450
2768,12.00,瞬时请求候选,0x315,8,2,6,22,0,0,0.6000,4,161,-0.233450
2769,12.00,瞬时请求候选,0x315,8,2,7,23,0,0,0.8000,4,162,-0.232150
2770,12.00,瞬时请求候选,0x315,8,3,1,25,1,1,0.6836,4,161,-0.232850
2771,12.00,瞬时请求候选,0x315,8,3,2,26,1,1,0.6000,4,324,-0.232650
2772,12.00,瞬时请求候选,0x315,8,3,3,27,0,0,0.6000,4,162,-0.232150
2773,12.00,瞬时请求候选,0x315,8,3,4,28,0,0,0.6000,4,323,-0.233450
2774,12.00,瞬时请求候选,0x315,8,3,6,30,1,1,0.6000,4,162,-0.232650
2775,12.00,瞬时请求候选,0x315,8,3,7,31,0,0,0.8000,4,161,-0.233450
2776,12.00,瞬时请求候选,0x315,8,4,1,33,0,0,0.8000,4,162,-0.232650
2777,12.00,瞬时请求候选,0x315,8,4,3,35,0,0,0.8000,4,162,-0.231700
2778,12.00,瞬时请求候选,0x315,8,4,4,36,1,1,0.6000,4,323,-0.233450
2779,12.00,瞬时请求候选,0x315,8,4,6,38,0,0,0.6000,4,161,-0.233450
2780,12.00,瞬时请求候选,0x315,8,4,7,39,0,0,0.8000,4,162,-0.231700
2781,12.00,瞬时请求候选,0x315,8,5,1,41,不一致,1,0.6800,4,114,-0.232150
2782,12.00,瞬时请求候选,0x315,8,5,4,44,1,1,0.6000,4,162,-0.232150
2783,12.00,瞬时请求候选,0x315,8,5,6,46,1,1,0.6000,4,162,-0.232150
2784,12.00,瞬时请求候选,0x315,8,6,0,48,0,0,0.6895,4,148,-0.232650
2785,12.00,瞬时请求候选,0x315,8,6,1,49,0,0,0.7943,4,162,-0.233450
2786,12.00,瞬时请求候选,0x315,8,6,4,52,0,0,0.5818,4,162,-0.232650
2787,12.00,瞬时请求候选,0x315,8,6,5,53,0,0,0.8400,4,114,-0.231700
2788,12.00,瞬时请求候选,0x315,8,6,6,54,不一致,0,0.6000,4,162,-0.232650
2789,12.00,瞬时请求候选,0x315,8,6,7,55,0,0,0.8000,4,161,-0.233450
2790,12.00,瞬时请求候选,0x315,8,7,0,56,不一致,不一致,0.5927,4,225,-0.233250
2791,12.00,瞬时请求候选,0x315,8,7,2,58,不一致,不一致,0.5927,4,260,-0.232850
2792,12.00,瞬时请求候选,0x315,8,7,3,59,0,0,0.8000,4,161,-0.233450
2793,12.00,瞬时请求候选,0x315,8,7,4,60,0,0,0.6000,4,162,-0.232650
2794,12.00,瞬时请求候选,0x315,8,7,5,61,0,0,0.8000,4,161,-0.233450
2795,12.00,瞬时请求候选,0x315,8,7,6,62,0,0,0.6000,4,162,-0.232650
2796,12.00,瞬时请求候选,0x318,8,6,1,49,1,1,0.5000,4,837,-0.227600
2797,12.00,瞬时请求候选,0x318,8,6,2,50,0,0,0.5079,4,420,-0.127350
2798,12.00,瞬时请求候选,0x318,8,6,3,51,不一致,0,0.5079,4,210,-0.127350
2799,12.00,瞬时请求候选,0x318,8,6,4,52,不一致,0,0.5079,4,103,-0.127350
2800,12.00,瞬时请求候选,0x318,8,7,1,57,1,1,0.5000,4,795,-0.227600
2801,12.00,瞬时请求候选,0x318,8,7,2,58,不一致,1,0.5070,4,438,-0.127350
2802,12.00,瞬时请求候选,0x318,8,7,3,59,不一致,1,0.5082,4,221,0.023950
2803,12.00,瞬时请求候选,0x318,8,7,4,60,不一致,不一致,0.5128,4,110,0.323900
2804,12.00,瞬时请求候选,0x318,8,7,5,61,不一致,不一致,0.7760,4,101,0.274300
2805,12.00,瞬时请求候选,0x31A,8,6,4,52,0,0,0.5079,4,416,-0.237800
2806,12.00,瞬时请求候选,0x31A,8,6,5,53,不一致,1,0.5079,4,210,-0.037650
2807,12.00,瞬时请求候选,0x31A,8,6,6,54,不一致,0,0.5079,4,107,0.362300
2808,12.00,瞬时请求候选,0x31A,8,7,4,60,1,1,0.5079,4,416,-0.237800
2809,12.00,瞬时请求候选,0x31A,8,7,5,61,1,1,0.5079,4,206,-0.237800
2810,12.00,瞬时请求候选,0x31A,8,7,6,62,1,0,0.5079,4,103,-0.237800
2811,12.00,瞬时请求候选,0x31E,8,0,0,0,1,1,0.5000,4,339,0.138700
2812,12.00,瞬时请求候选,0x31E,8,0,1,1,1,1,0.5000,4,169,0.138700
2813,12.00,瞬时请求候选,0x320,8,0,0,0,0,0,0.6000,4,336,-0.148100
2814,12.00,瞬时请求候选,0x320,8,0,1,1,0,0,0.6000,4,166,-0.148100
2815,12.00,瞬时请求候选,0x320,8,0,2,2,0,0,0.8000,4,165,-0.148100
2816,12.00,瞬时请求候选,0x320,8,0,7,7,0,0,0.8000,4,169,0.052000
2817,12.00,瞬时请求候选,0x320,8,3,3,27,0,0,0.8000,4,170,0.251900
2818,12.00,瞬时请求候选,0x332,6,0,2,2,不一致,不一致,0.6866,3,60,0.042900
2819,12.00,瞬时请求候选,0x332,6,0,3,3,不一致,不一致,0.6866,3,60,0.042900
2820,12.00,瞬时请求候选,0x334,8,6,4,52,1,1,0.5000,4,165,-0.170800
2821,12.00,瞬时请求候选,0x334,8,7,4,60,1,1,0.5000,4,165,-0.170800
2822,12.00,瞬时请求候选,0x340,8,0,0,0,1,1,0.5000,4,837,-0.233800
2823,12.00,瞬时请求候选,0x340,8,0,1,1,1,1,0.5079,4,420,-0.134150
2824,12.00,瞬时请求候选,0x340,8,0,2,2,0,0,0.6675,4,141,0.265250
2825,12.00,瞬时请求候选,0x340,8,0,3,3,0,0,0.6656,4,139,0.066400
2826,12.00,瞬时请求候选,0x340,8,1,0,8,0,0,0.9150,4,142,0.366000
2827,12.00,瞬时请求候选,0x340,8,1,2,10,0,0,0.9150,4,138,0.066450
2828,12.00,瞬时请求候选,0x340,8,1,6,14,0,0,0.9150,4,138,0.166600
2829,12.00,瞬时请求候选,0x343,8,2,2,18,1,1,0.7091,4,334,-0.059050
2830,12.00,瞬时请求候选,0x343,8,2,3,19,1,1,0.6716,4,397,-0.206200
2831,12.00,瞬时请求候选,0x343,8,2,4,20,1,1,0.6689,4,401,-0.206200
2832,12.00,瞬时请求候选,0x343,8,2,5,21,0,0,0.6689,4,401,-0.206200
2833,12.00,瞬时请求候选,0x343,8,3,4,28,0,不一致,0.5545,4,416,-0.059150
2834,12.00,瞬时请求候选,0x343,8,3,5,29,不一致,不一致,0.6581,4,368,-0.057450
2835,12.00,瞬时请求候选,0x343,8,3,6,30,0,0,0.7239,4,310,-0.058900
2836,12.00,瞬时请求候选,0x343,8,3,7,31,0,0,0.8884,4,152,-0.058900
2837,12.00,瞬时请求候选,0x343,8,4,0,32,1,1,0.9248,4,109,0.090950
2838,12.00,瞬时请求候选,0x34A,8,0,0,0,1,1,0.5000,4,165,-0.180600
2839,12.00,瞬时请求候选,0x359,8,0,0,0,0,0,0.5772,4,707,-0.201450
2840,12.00,瞬时请求候选,0x359,8,0,1,1,0,0,0.5398,4,384,-0.200650
2841,12.00,瞬时请求候选,0x359,8,0,2,2,0,0,0.5364,4,256,-0.100650
2842,12.00,瞬时请求候选,0x359,8,0,3,3,1,1,0.6516,4,193,-0.002300
2843,12.00,瞬时请求候选,0x359,8,0,7,7,0,0,0.8086,4,323,-0.051700
2844,12.00,瞬时请求候选,0x359,8,1,0,8,0,0,0.7315,4,323,-0.101700
2845,12.00,瞬时请求候选,0x359,8,1,1,9,0,0,0.6924,4,389,-0.101700
2846,12.00,瞬时请求候选,0x359,8,1,2,10,0,0,0.6144,4,580,-0.151550
2847,12.00,瞬时请求候选,0x359,8,1,3,11,0,0,0.7358,4,322,-0.151700
2848,12.00,瞬时请求候选,0x359,8,1,4,12,0,0,0.6958,4,322,-0.151700
2849,12.00,瞬时请求候选,0x359,8,1,5,13,0,0,0.7358,4,322,-0.151700
2850,12.00,瞬时请求候选,0x359,8,1,6,14,0,0,0.8872,4,127,0.396900
2851,12.00,瞬时请求候选,0x359,8,2,0,16,0,0,0.8500,4,127,0.396900
2852,12.00,瞬时请求候选,0x359,8,2,4,20,0,0,0.8467,4,192,0.246500
2853,12.00,瞬时请求候选,0x359,8,2,6,22,0,0,0.8110,4,191,0.196700
2854,12.00,瞬时请求候选,0x359,8,2,7,23,0,0,0.8882,4,191,0.196700
2855,12.00,瞬时请求候选,0x359,8,3,0,24,0,0,0.8110,4,191,0.196700
2856,12.00,瞬时请求候选,0x359,8,3,1,25,0,0,0.9229,4,128,0.496300
2857,12.00,瞬时请求候选,0x359,8,3,3,27,0,0,0.9229,4,128,0.496300
2858,12.00,瞬时请求候选,0x359,8,3,4,28,0,0,0.9238,4,128,0.296850
2859,12.00,瞬时请求候选,0x359,8,3,7,31,0,0,0.9244,4,127,0.396900
2860,12.00,瞬时请求候选,0x359,8,4,0,32,0,0,0.6940,4,450,-0.052850
2861,12.00,瞬时请求候选,0x359,8,4,1,33,0,0,0.8058,4,258,0.097950
2862,12.00,瞬时请求候选,0x359,8,4,2,34,0,0,0.7312,4,388,-0.052850
2863,12.00,瞬时请求候选,0x359,8,4,3,35,0,0,0.7711,4,323,-0.102200
2864,12.00,瞬时请求候选,0x359,8,4,4,36,0,0,0.8492,4,258,-0.052850
2865,12.00,瞬时请求候选,0x359,8,4,5,37,0,0,0.7686,4,321,0.048000
2866,12.00,瞬时请求候选,0x359,8,4,6,38,0,0,0.6958,4,319,-0.151300
2867,12.00,瞬时请求候选,0x359,8,4,7,39,0,0,0.7278,4,450,0.097950
2868,12.00,瞬时请求候选,0x359,8,5,0,40,0,0,0.8482,4,192,0.096550
2869,12.00,瞬时请求候选,0x359,8,5,1,41,0,0,0.8476,4,258,0.048000
2870,12.00,瞬时请求候选,0x359,8,5,2,42,0,0,0.7730,4,318,-0.151300
2871,12.00,瞬时请求候选,0x359,8,5,3,43,0,0,0.8120,4,190,0.198500
2872,12.00,瞬时请求候选,0x359,8,5,4,44,0,0,0.8482,4,254,-0.151300
2873,12.00,瞬时请求候选,0x359,8,5,5,45,0,0,0.7686,4,385,-0.051450
2874,12.00,瞬时请求候选,0x359,8,5,6,46,0,0,0.8510,4,255,-0.052850
2875,12.00,瞬时请求候选,0x359,8,5,7,47,0,0,0.7714,4,324,-0.002400
2876,12.00,瞬时请求候选,0x359,8,6,0,48,0,0,0.8458,4,257,0.048600
2877,12.00,瞬时请求候选,0x359,8,6,1,49,0,0,0.6940,4,450,-0.151300
2878,12.00,瞬时请求候选,0x359,8,6,2,50,0,0,0.8040,4,323,0.148050
2879,12.00,瞬时请求候选,0x359,8,6,3,51,0,0,0.8092,4,257,0.197150
2880,12.00,瞬时请求候选,0x359,8,6,4,52,0,0,0.8510,4,190,-0.151300
2881,12.00,瞬时请求候选,0x359,8,6,5,53,0,0,0.7686,4,385,-0.101450
2882,12.00,瞬时请求候选,0x359,8,6,6,54,0,0,0.8492,4,193,0.197150
2883,12.00,瞬时请求候选,0x359,8,6,7,55,0,0,0.8882,4,193,-0.052850
2884,12.00,瞬时请求候选,0x359,8,7,0,56,0,0,0.8120,4,254,-0.151300
2885,12.00,瞬时请求候选,0x359,8,7,1,57,0,0,0.6940,4,450,-0.151300
2886,12.00,瞬时请求候选,0x359,8,7,2,58,0,0,0.7358,4,320,-0.102200
2887,12.00,瞬时请求候选,0x359,8,7,3,59,0,0,0.8086,4,319,0.097950
2888,12.00,瞬时请求候选,0x359,8,7,4,60,0,0,0.8830,4,192,0.149400
2889,12.00,瞬时请求候选,0x359,8,7,5,61,0,0,0.8830,4,195,0.247350
2890,12.00,瞬时请求候选,0x359,8,7,6,62,0,0,0.9254,4,127,0.396900
2891,12.00,瞬时请求候选,0x359,8,7,7,63,0,0,0.7720,4,321,-0.052850
2892,12.00,瞬时请求候选,0x360,8,0,0,0,0,0,0.5526,4,749,-0.245950
2893,12.00,瞬时请求候选,0x360,8,0,1,1,0,0,0.5526,4,449,-0.149200
2894,12.00,瞬时请求候选,0x360,8,0,2,2,0,0,0.6400,4,158,0.050550
2895,12.00,瞬时请求候选,0x360,8,0,3,3,0,0,0.7296,4,156,-0.149200
2896,12.00,瞬时请求候选,0x360,8,4,5,37,0,0,0.9099,4,152,0.200800
2897,12.00,瞬时请求候选,0x360,8,6,2,50,0,0,0.9099,4,151,-0.196200
2898,12.00,瞬时请求候选,0x372,8,0,0,0,0,0,0.5333,4,1178,-0.227850
2899,12.00,瞬时请求候选,0x372,8,0,1,1,0,0,0.5333,4,671,-0.227850
2900,12.00,瞬时请求候选,0x372,8,0,2,2,0,0,0.5333,4,335,-0.227850
2901,12.00,瞬时请求候选,0x372,8,0,3,3,0,0,0.5333,4,169,0.052600
2902,12.00,瞬时请求候选,0x372,8,1,0,8,0,0,0.7423,4,418,-0.227500
2903,12.00,瞬时请求候选,0x372,8,1,1,9,0,0,0.6189,4,480,-0.227500
2904,12.00,瞬时请求候选,0x372,8,1,2,10,0,0,0.7252,4,502,-0.168250
2905,12.00,瞬时请求候选,0x372,8,1,3,11,0,0,0.6739,4,544,-0.168250
2906,12.00,瞬时请求候选,0x372,8,1,4,12,0,0,0.8270,4,416,-0.168250
2907,12.00,瞬时请求候选,0x372,8,1,5,13,0,0,0.7676,4,246,-0.108200
2908,12.00,瞬时请求候选,0x372,8,1,6,14,0,0,0.6918,4,446,-0.168250
2909,12.00,瞬时请求候选,0x372,8,1,7,15,0,0,0.7492,4,336,-0.168250
2910,12.00,瞬时请求候选,0x372,8,2,0,16,0,0,0.6340,4,604,-0.168250
2911,12.00,瞬时请求候选,0x372,8,2,1,17,0,0,0.6581,4,528,-0.168250
2912,12.00,瞬时请求候选,0x372,8,2,2,18,0,0,0.8000,4,336,-0.168250
2913,12.00,瞬时请求候选,0x372,8,2,3,19,0,0,0.6933,4,506,-0.168250
2914,12.00,瞬时请求候选,0x372,8,2,4,20,0,0,0.7200,4,506,-0.168250
2915,12.00,瞬时请求候选,0x372,8,2,5,21,0,0,0.7467,4,336,-0.168250
2916,12.00,瞬时请求候选,0x372,8,2,6,22,0,0,0.6307,4,519,-0.168250
2917,12.00,瞬时请求候选,0x372,8,2,7,23,0,0,0.7920,4,509,-0.227850
2918,12.00,瞬时请求候选,0x372,8,3,0,24,0,0,0.7674,4,396,0.111450
2919,12.00,瞬时请求候选,0x372,8,3,1,25,0,0,0.6557,4,607,-0.197800
2920,12.00,瞬时请求候选,0x372,8,3,2,26,0,0,0.6419,4,828,-0.227850
2921,12.00,瞬时请求候选,0x372,8,3,3,27,0,0,0.7009,4,495,-0.108200
2922,12.00,瞬时请求候选,0x372,8,3,4,28,0,0,0.7019,4,609,-0.227850
2923,12.00,瞬时请求候选,0x372,8,3,5,29,0,0,0.9318,4,180,0.112100
2924,12.00,瞬时请求候选,0x372,8,3,6,30,0,0,0.9032,4,218,0.231750
2925,12.00,瞬时请求候选,0x372,8,3,7,31,0,0,0.8267,4,283,-0.168250
2926,12.00,瞬时请求候选,0x372,8,4,0,32,0,0,0.9090,4,226,-0.227850
2927,12.00,瞬时请求候选,0x372,8,4,1,33,0,0,0.7661,4,404,-0.227850
2928,12.00,瞬时请求候选,0x372,8,4,2,34,0,0,0.8667,4,327,-0.227850
2929,12.00,瞬时请求候选,0x372,8,4,3,35,0,0,0.8667,4,332,-0.227850
2930,12.00,瞬时请求候选,0x372,8,4,4,36,0,0,0.8756,4,299,0.052600
2931,12.00,瞬时请求候选,0x372,8,4,6,38,0,0,0.8397,4,340,0.111450
2932,12.00,瞬时请求候选,0x372,8,4,7,39,0,0,0.8898,4,281,0.112150
2933,12.00,瞬时请求候选,0x372,8,5,0,40,0,0,0.6182,4,672,-0.227850
2934,12.00,瞬时请求候选,0x372,8,5,1,41,0,0,0.9151,4,220,0.232100
2935,12.00,瞬时请求候选,0x372,8,5,2,42,0,0,0.8667,4,331,-0.227850
2936,12.00,瞬时请求候选,0x372,8,5,3,43,0,0,0.8667,4,335,-0.108200
2937,12.00,瞬时请求候选,0x372,8,5,4,44,0,0,0.8000,4,336,-0.108200
2938,12.00,瞬时请求候选,0x372,8,5,5,45,0,0,0.7333,4,671,-0.227850
2939,12.00,瞬时请求候选,0x372,8,5,6,46,0,0,0.7333,4,501,-0.227850
2940,12.00,瞬时请求候选,0x372,8,5,7,47,0,0,0.8667,4,340,0.411600
2941,12.00,瞬时请求候选,0x372,8,6,0,48,0,0,0.8310,4,426,0.411200
2942,12.00,瞬时请求候选,0x372,8,6,1,49,0,0,0.6979,4,760,-0.227850
2943,12.00,瞬时请求候选,0x372,8,6,2,50,0,0,0.6654,4,761,-0.227850
2944,12.00,瞬时请求候选,0x372,8,6,3,51,0,0,0.6548,4,768,-0.027700
2945,12.00,瞬时请求候选,0x372,8,6,4,52,0,0,0.7288,4,591,-0.167550
2946,12.00,瞬时请求候选,0x372,8,6,5,53,0,0,0.6459,4,802,-0.227850
2947,12.00,瞬时请求候选,0x372,8,6,6,54,0,0,0.7542,4,519,-0.227850
2948,12.00,瞬时请求候选,0x372,8,6,7,55,0,0,0.8729,4,338,0.052800
2949,12.00,瞬时请求候选,0x372,8,7,0,56,0,0,0.7848,4,339,0.052800
2950,12.00,瞬时请求候选,0x372,8,7,1,57,0,0,0.8658,4,357,0.052800
2951,12.00,瞬时请求候选,0x372,8,7,3,59,0,0,0.8933,4,280,-0.168250
2952,12.00,瞬时请求候选,0x372,8,7,4,60,0,0,0.8667,4,340,0.172000
2953,12.00,瞬时请求候选,0x372,8,7,5,61,0,0,0.9333,4,169,0.052600
2954,12.00,瞬时请求候选,0x372,8,7,6,62,0,0,0.9333,4,170,0.172000
2955,12.00,瞬时请求候选,0x372,8,7,7,63,0,0,0.8667,4,332,-0.168250
2956,12.00,瞬时请求候选,0x379,8,0,0,0,1,1,0.5000,4,837,-0.223800
2957,12.00,瞬时请求候选,0x379,8,0,1,1,1,1,0.5000,4,417,-0.223800
2958,12.00,瞬时请求候选,0x379,8,0,2,2,0,0,0.6662,4,136,-0.222350
2959,12.00,瞬时请求候选,0x379,8,0,3,3,0,0,0.6662,4,138,-0.024500
2960,12.00,瞬时请求候选,0x379,8,1,6,14,0,0,0.8748,4,213,-0.222350
2961,12.00,瞬时请求候选,0x379,8,1,7,15,0,0,0.8824,4,192,-0.072900
2962,12.00,瞬时请求候选,0x379,8,2,0,16,0,0,0.7131,4,336,-0.173700
2963,12.00,瞬时请求候选,0x379,8,2,1,17,0,0,0.7133,4,287,-0.123750
2964,12.00,瞬时请求候选,0x379,8,2,2,18,不一致,0,0.5389,4,246,-0.123150
2965,12.00,瞬时请求候选,0x379,8,2,3,19,不一致,1,0.5100,4,263,-0.023850
2966,12.00,瞬时请求候选,0x379,8,2,4,20,0,0,0.8293,4,163,0.126850
2967,12.00,瞬时请求候选,0x379,8,2,5,21,0,0,0.8370,4,175,0.126900
2968,12.00,瞬时请求候选,0x379,8,2,6,22,0,0,0.8501,4,162,0.026900
2969,12.00,瞬时请求候选,0x379,8,2,7,23,0,0,0.7941,4,201,0.076150
2970,12.00,瞬时请求候选,0x379,8,3,0,24,0,0,0.8712,4,136,-0.023050
2971,12.00,瞬时请求候选,0x379,8,3,1,25,0,0,0.8874,4,138,0.026900
2972,12.00,瞬时请求候选,0x379,8,3,2,26,0,0,0.7610,4,186,-0.073750
2973,12.00,瞬时请求候选,0x379,8,3,3,27,0,0,0.5388,4,197,-0.173100
2974,12.00,瞬时请求候选,0x379,8,3,5,29,0,0,0.8847,4,147,0.024850
2975,12.00,瞬时请求候选,0x379,8,3,6,30,0,0,0.5396,4,202,-0.073750
2976,12.00,瞬时请求候选,0x379,8,3,7,31,0,0,0.8751,4,147,0.476650
2977,12.00,瞬时请求候选,0x379,8,4,0,32,1,1,0.5662,4,250,-0.124500
2978,12.00,瞬时请求候选,0x379,8,4,1,33,0,0,0.5826,4,276,-0.223050
2979,12.00,瞬时请求候选,0x379,8,4,2,34,0,0,0.9184,4,137,0.076150
2980,12.00,瞬时请求候选,0x379,8,4,3,35,0,0,0.9184,4,137,0.076150
2981,12.00,瞬时请求候选,0x379,8,4,4,36,1,1,0.5846,4,139,0.076150
2982,12.00,瞬时请求候选,0x379,8,4,5,37,0,0,0.6675,4,138,-0.223050
2983,12.00,瞬时请求候选,0x379,8,4,7,39,0,0,0.7478,4,137,-0.023050
2984,12.00,瞬时请求候选,0x379,8,5,0,40,0,0,0.6571,4,278,-0.123750
2985,12.00,瞬时请求候选,0x379,8,5,1,41,0,0,0.7421,4,140,0.375500
2986,12.00,瞬时请求候选,0x379,8,5,2,42,0,0,0.6131,4,347,-0.223050
2987,12.00,瞬时请求候选,0x379,8,5,3,43,0,0,0.5893,4,278,-0.123750
2988,12.00,瞬时请求候选,0x379,8,5,4,44,0,0,0.7421,4,140,0.375500
2989,12.00,瞬时请求候选,0x379,8,5,5,45,1,1,0.5376,4,267,-0.223050
2990,12.00,瞬时请求候选,0x379,8,5,6,46,0,0,0.8539,4,251,-0.222350
2991,12.00,瞬时请求候选,0x379,8,5,7,47,0,0,0.5859,4,275,-0.223800
2992,12.00,瞬时请求候选,0x379,8,6,0,48,1,1,0.6055,4,278,-0.223050
2993,12.00,瞬时请求候选,0x379,8,6,2,50,0,0,0.5238,4,276,-0.223800
2994,12.00,瞬时请求候选,0x379,8,6,3,51,0,0,0.7484,4,139,0.176150
2995,12.00,瞬时请求候选,0x379,8,6,4,52,0,0,0.8362,4,278,-0.074500
2996,12.00,瞬时请求候选,0x379,8,6,5,53,0,0,0.6675,4,138,-0.223050
2997,12.00,瞬时请求候选,0x379,8,7,0,56,0,0,0.6662,4,138,-0.024500
2998,12.00,瞬时请求候选,0x379,8,7,1,57,0,不一致,0.5126,4,300,-0.222350
2999,12.00,瞬时请求候选,0x379,8,7,2,58,0,0,0.9184,4,137,0.076150
3000,12.00,瞬时请求候选,0x379,8,7,3,59,0,0,0.9178,4,141,0.275450
3001,12.00,瞬时请求候选,0x37A,8,0,0,0,1,1,0.5000,4,837,-0.207950
3002,12.00,瞬时请求候选,0x37A,8,0,1,1,1,1,0.5000,4,417,-0.207950
3003,12.00,瞬时请求候选,0x37A,8,0,3,3,0,0,0.7540,4,416,-0.207950
3004,12.00,瞬时请求候选,0x37A,8,0,4,4,1,1,0.6946,4,359,-0.109450
3005,12.00,瞬时请求候选,0x37A,8,0,5,5,0,不一致,0.5978,4,671,-0.207950
3006,12.00,瞬时请求候选,0x37A,8,0,6,6,1,1,0.8293,4,277,-0.109300
3007,12.00,瞬时请求候选,0x37A,8,0,7,7,1,1,0.7540,4,416,-0.207950
3008,12.00,瞬时请求候选,0x381,8,0,0,0,0,0,0.5192,4,2245,-0.236150
3009,12.00,瞬时请求候选,0x381,8,0,1,1,0,0,0.5192,4,1210,-0.217950
3010,12.00,瞬时请求候选,0x381,8,0,2,2,0,0,0.5558,4,517,-0.208150
3011,12.00,瞬时请求候选,0x381,8,0,3,3,0,0,0.5948,4,346,-0.146850
3012,12.00,瞬时请求候选,0x381,8,0,4,4,0,0,0.5933,4,173,-0.136550
3013,12.00,瞬时请求候选,0x381,8,0,5,5,0,0,0.8669,4,622,-0.119550
3014,12.00,瞬时请求候选,0x381,8,0,6,6,0,0,0.8011,4,754,-0.110550
3015,12.00,瞬时请求候选,0x381,8,0,7,7,0,0,0.8150,4,692,-0.002150
3016,12.00,瞬时请求候选,0x381,8,1,0,8,0,0,0.8135,4,526,-0.189750
3017,12.00,瞬时请求候选,0x381,8,1,1,9,0,0,0.6814,4,864,-0.217950
3018,12.00,瞬时请求候选,0x381,8,1,2,10,0,0,0.7602,4,864,-0.191450
3019,12.00,瞬时请求候选,0x381,8,1,3,11,0,0,0.9029,4,458,-0.181250
3020,12.00,瞬时请求候选,0x381,8,1,4,12,0,0,0.7002,4,889,-0.235250
3021,12.00,瞬时请求候选,0x381,8,1,5,13,0,0,0.6193,4,1065,-0.227500
3022,12.00,瞬时请求候选,0x381,8,1,6,14,0,0,0.7113,4,823,-0.164050
3023,12.00,瞬时请求候选,0x381,8,1,7,15,0,0,0.7970,4,608,-0.218050
3024,12.00,瞬时请求候选,0x381,8,2,0,16,0,0,0.6829,4,605,-0.153600
3025,12.00,瞬时请求候选,0x381,8,2,1,17,0,0,0.6133,4,1110,-0.227500
3026,12.00,瞬时请求候选,0x381,8,2,2,18,0,0,0.7608,4,772,-0.227500
3027,12.00,瞬时请求候选,0x381,8,2,3,19,0,0,0.7106,4,1004,-0.191400
3028,12.00,瞬时请求候选,0x381,8,2,4,20,0,0,0.7163,4,963,-0.217950
3029,12.00,瞬时请求候选,0x381,8,2,5,21,0,0,0.7008,4,1046,-0.218850
3030,12.00,瞬时请求候选,0x381,8,2,6,22,0,0,0.7134,4,1149,-0.235250
3031,12.00,瞬时请求候选,0x381,8,2,7,23,0,0,0.7567,4,581,-0.198400
3032,12.00,瞬时请求候选,0x381,8,3,0,24,0,0,0.7035,4,1032,-0.216800
3033,12.00,瞬时请求候选,0x381,8,3,1,25,0,0,0.6619,4,885,-0.236150
3034,12.00,瞬时请求候选,0x381,8,3,2,26,0,0,0.6281,4,1115,-0.171800
3035,12.00,瞬时请求候选,0x381,8,3,3,27,0,0,0.6617,4,825,-0.182050
3036,12.00,瞬时请求候选,0x381,8,3,4,28,0,0,0.6037,4,1492,-0.216800
3037,12.00,瞬时请求候选,0x381,8,3,5,29,0,0,0.6816,4,1100,-0.164050
3038,12.00,瞬时请求候选,0x381,8,3,6,30,0,0,0.6450,4,920,-0.218050
3039,12.00,瞬时请求候选,0x381,8,3,7,31,0,0,0.6438,4,920,-0.227500
3040,12.00,瞬时请求候选,0x381,8,4,0,32,0,0,0.6267,4,1164,-0.227500
3041,12.00,瞬时请求候选,0x381,8,4,1,33,0,0,0.8251,4,634,-0.200000
3042,12.00,瞬时请求候选,0x381,8,4,2,34,0,0,0.8290,4,628,0.016250
3043,12.00,瞬时请求候选,0x381,8,4,3,35,0,0,0.7244,4,767,-0.181600
3044,12.00,瞬时请求候选,0x381,8,4,4,36,0,0,0.7771,4,867,-0.216800
3045,12.00,瞬时请求候选,0x381,8,4,5,37,0,0,0.8524,4,690,-0.146750
3046,12.00,瞬时请求候选,0x381,8,4,6,38,0,0,0.8859,4,537,-0.091950
3047,12.00,瞬时请求候选,0x381,8,4,7,39,0,0,0.8204,4,566,-0.227500
3048,12.00,瞬时请求候选,0x381,8,5,0,40,0,0,0.8696,4,360,-0.101550
3049,12.00,瞬时请求候选,0x381,8,5,1,41,0,0,0.9063,4,451,0.070200
3050,12.00,瞬时请求候选,0x381,8,5,2,42,0,0,0.6816,4,1473,-0.235250
3051,12.00,瞬时请求候选,0x381,8,5,3,43,0,0,0.7909,4,950,-0.227500
3052,12.00,瞬时请求候选,0x381,8,5,4,44,0,0,0.8074,4,641,-0.055800
3053,12.00,瞬时请求候选,0x381,8,5,5,45,0,0,0.7433,4,1098,-0.182050
3054,12.00,瞬时请求候选,0x381,8,5,6,46,0,0,0.7760,4,957,-0.200000
3055,12.00,瞬时请求候选,0x381,8,5,7,47,0,0,0.7625,4,889,-0.236150
3056,12.00,瞬时请求候选,0x381,8,6,0,48,0,0,0.6982,4,846,-0.199300
3057,12.00,瞬时请求候选,0x381,8,6,1,49,0,0,0.6908,4,1142,-0.227500
3058,12.00,瞬时请求候选,0x381,8,6,2,50,0,0,0.7026,4,783,-0.199600
3059,12.00,瞬时请求候选,0x381,8,6,3,51,0,0,0.8075,4,566,-0.218050
3060,12.00,瞬时请求候选,0x381,8,6,4,52,0,0,0.6901,4,1053,-0.227500
3061,12.00,瞬时请求候选,0x381,8,6,5,53,0,0,0.7222,4,710,-0.198400
3062,12.00,瞬时请求候选,0x381,8,6,6,54,0,0,0.8412,4,690,-0.218050
3063,12.00,瞬时请求候选,0x381,8,6,7,55,0,0,0.8157,4,502,-0.198400
3064,12.00,瞬时请求候选,0x381,8,7,0,56,0,0,0.8143,4,689,-0.109800
3065,12.00,瞬时请求候选,0x381,8,7,1,57,0,0,0.7231,4,842,-0.200050
3066,12.00,瞬时请求候选,0x381,8,7,2,58,0,0,0.6933,4,1054,-0.217300
3067,12.00,瞬时请求候选,0x381,8,7,3,59,0,0,0.7388,4,528,-0.092150
3068,12.00,瞬时请求候选,0x381,8,7,4,60,0,0,0.8143,4,688,-0.171800
3069,12.00,瞬时请求候选,0x381,8,7,5,61,0,0,0.7770,4,688,-0.145950
3070,12.00,瞬时请求候选,0x381,8,7,6,62,0,0,0.7763,4,862,-0.200000
3071,12.00,瞬时请求候选,0x381,8,7,7,63,0,0,0.8883,4,344,0.106750
3072,12.00,瞬时请求候选,0x392,8,0,0,0,1,1,0.5000,4,169,0.189250
3073,12.00,瞬时请求候选,0x392,8,1,2,10,1,1,0.5000,4,169,0.189250
3074,12.00,瞬时请求候选,0x392,8,1,3,11,1,1,0.5000,4,169,0.189250
3075,12.00,瞬时请求候选,0x392,8,2,0,16,1,1,0.5000,4,169,0.189250
3076,12.00,瞬时请求候选,0x392,8,2,3,19,1,1,0.5000,4,169,0.189250
3077,12.00,瞬时请求候选,0x392,8,2,5,21,1,1,0.5000,4,169,0.189250
3078,12.00,瞬时请求候选,0x392,8,2,7,23,1,1,0.5000,4,169,0.189250
3079,12.00,瞬时请求候选,0x392,8,3,0,24,1,1,0.5000,4,169,0.189250
3080,12.00,瞬时请求候选,0x392,8,3,1,25,1,1,0.5000,4,169,0.189250
3081,12.00,瞬时请求候选,0x392,8,3,2,26,1,1,0.5000,4,169,0.189250
3082,12.00,瞬时请求候选,0x392,8,3,5,29,1,1,0.5000,4,169,0.189250
3083,12.00,瞬时请求候选,0x392,8,3,6,30,1,1,0.5000,4,169,0.189250
3084,12.00,瞬时请求候选,0x392,8,4,4,36,1,1,0.5000,4,169,0.189250
3085,12.00,瞬时请求候选,0x392,8,5,0,40,1,1,0.5000,4,169,0.189250
3086,12.00,瞬时请求候选,0x392,8,5,1,41,1,1,0.5000,4,169,0.189250
3087,12.00,瞬时请求候选,0x392,8,5,2,42,1,1,0.5000,4,169,0.189250
3088,12.00,瞬时请求候选,0x392,8,5,5,45,1,1,0.5000,4,169,0.189250
3089,12.00,瞬时请求候选,0x392,8,6,1,49,1,1,0.5000,4,169,0.189250
3090,12.00,瞬时请求候选,0x393,8,0,0,0,1,1,0.5000,4,837,-0.226900
3091,12.00,瞬时请求候选,0x393,8,0,1,1,1,1,0.5000,4,837,-0.226900
3092,12.00,瞬时请求候选,0x393,8,0,2,2,1,1,0.5000,4,837,-0.226900
3093,12.00,瞬时请求候选,0x393,8,0,3,3,1,1,0.5000,4,837,-0.226900
3094,12.00,瞬时请求候选,0x393,8,1,7,15,1,1,0.5000,4,837,-0.226900
3095,12.00,瞬时请求候选,0x393,8,2,0,16,1,1,0.8532,4,239,0.172800
3096,12.00,瞬时请求候选,0x393,8,2,1,17,1,1,0.6468,4,598,-0.226900
3097,12.00,瞬时请求候选,0x393,8,2,2,18,1,1,0.5000,4,837,-0.226900
3098,12.00,瞬时请求候选,0x393,8,2,4,20,1,1,0.5000,4,837,-0.226900
3099,12.00,瞬时请求候选,0x393,8,2,7,23,1,1,0.5000,4,837,-0.226900
3100,12.00,瞬时请求候选,0x393,8,3,4,28,不一致,0,0.5293,4,783,-0.226900
3101,12.00,瞬时请求候选,0x393,8,3,5,29,1,1,0.5000,4,837,-0.226900
3102,12.00,瞬时请求候选,0x393,8,3,7,31,1,1,0.5000,4,837,-0.226900
3103,12.00,瞬时请求候选,0x393,8,4,0,32,1,1,0.5000,4,837,-0.226900
3104,12.00,瞬时请求候选,0x393,8,4,1,33,1,1,0.5000,4,837,-0.226900
3105,12.00,瞬时请求候选,0x393,8,4,2,34,1,1,0.5000,4,837,-0.226900
3106,12.00,瞬时请求候选,0x393,8,5,3,43,1,1,0.5000,4,837,-0.226900
3107,12.00,瞬时请求候选,0x393,8,5,6,46,1,1,0.5000,4,837,-0.226900
3108,12.00,瞬时请求候选,0x393,8,6,1,49,1,1,0.5000,4,837,-0.226900
3109,12.00,瞬时请求候选,0x393,8,6,2,50,1,1,0.5000,4,837,-0.226900
3110,12.00,瞬时请求候选,0x393,8,7,3,59,1,1,0.5000,4,837,-0.226900
3111,12.00,瞬时请求候选,0x395,8,2,0,16,0,0,0.7243,4,329,-0.042650
3112,12.00,瞬时请求候选,0x395,8,6,0,48,1,1,0.6948,4,361,-0.042650
3113,12.00,瞬时请求候选,0x395,8,6,1,49,1,1,0.6948,4,361,-0.042650
3114,12.00,瞬时请求候选,0x395,8,6,2,50,1,1,0.6948,4,361,-0.042650
3115,12.00,瞬时请求候选,0x395,8,6,3,51,0,0,0.6948,4,361,-0.042650
3116,12.00,瞬时请求候选,0x39A,8,0,0,0,1,1,0.5000,4,842,-0.188800
3117,12.00,瞬时请求候选,0x39A,8,0,2,2,1,1,0.6754,4,536,0.112800
3118,12.00,瞬时请求候选,0x39A,8,0,3,3,1,1,0.6717,4,558,-0.188800
3119,12.00,瞬时请求候选,0x39A,8,0,4,4,1,1,0.7010,4,518,-0.188800
3120,12.00,瞬时请求候选,0x39A,8,0,5,5,1,1,0.7961,4,330,1.411250
3121,12.00,瞬时请求候选,0x39A,8,0,6,6,1,1,0.5000,4,842,-0.188800
3122,12.00,瞬时请求候选,0x39A,8,0,7,7,1,1,0.5000,4,842,-0.188800
3123,12.00,瞬时请求候选,0x39A,8,1,1,9,1,1,0.5000,4,842,-0.188800
3124,12.00,瞬时请求候选,0x39A,8,1,2,10,1,1,0.7008,4,473,-0.187400
3125,12.00,瞬时请求候选,0x39A,8,1,3,11,1,1,0.7550,4,440,0.410650
3126,12.00,瞬时请求候选,0x39A,8,1,5,13,1,1,0.5133,4,807,-0.188800
3127,12.00,瞬时请求候选,0x39A,8,1,6,14,1,1,0.5000,4,842,-0.188800
3128,12.00,瞬时请求候选,0x39A,8,1,7,15,1,1,0.5000,4,842,-0.188800
3129,12.00,瞬时请求候选,0x39A,8,2,1,17,1,1,0.5000,4,842,-0.188800
3130,12.00,瞬时请求候选,0x39A,8,2,2,18,1,1,0.7565,4,397,0.212800
3131,12.00,瞬时请求候选,0x39A,8,2,3,19,1,1,0.7772,4,362,-0.188800
3132,12.00,瞬时请求候选,0x39A,8,2,4,20,1,1,0.8411,4,263,0.610750
3133,12.00,瞬时请求候选,0x39A,8,3,0,24,1,1,0.5000,4,842,-0.188800
3134,12.00,瞬时请求候选,0x39A,8,3,1,25,1,1,0.5000,4,842,-0.188800
3135,12.00,瞬时请求候选,0x39A,8,3,3,27,1,1,0.5067,4,819,-0.188800
3136,12.00,瞬时请求候选,0x39A,8,3,5,29,1,1,0.5000,4,842,-0.188800
3137,12.00,瞬时请求候选,0x39A,8,3,6,30,1,1,0.5000,4,842,-0.188800
3138,12.00,瞬时请求候选,0x39A,8,4,1,33,1,1,0.5000,4,842,-0.188800
3139,12.00,瞬时请求候选,0x39A,8,5,2,42,1,1,0.5000,4,842,-0.188800
3140,12.00,瞬时请求候选,0x39A,8,5,3,43,1,1,0.5000,4,842,-0.188800
3141,12.00,瞬时请求候选,0x39A,8,5,4,44,1,1,0.5000,4,842,-0.188800
3142,12.00,瞬时请求候选,0x39A,8,5,5,45,1,1,0.5000,4,842,-0.188800
3143,12.00,瞬时请求候选,0x39A,8,5,6,46,1,1,0.5000,4,842,-0.188800
3144,12.00,瞬时请求候选,0x39A,8,5,7,47,1,1,0.5000,4,842,-0.188800
3145,12.00,瞬时请求候选,0x39A,8,6,0,48,1,1,0.5000,4,842,-0.188800
3146,12.00,瞬时请求候选,0x39A,8,6,2,50,1,1,0.5000,4,842,-0.188800
3147,12.00,瞬时请求候选,0x39A,8,6,3,51,1,1,0.5000,4,842,-0.188800
3148,12.00,瞬时请求候选,0x39A,8,6,4,52,1,1,0.5000,4,842,-0.188800
3149,12.00,瞬时请求候选,0x39A,8,6,5,53,1,1,0.5000,4,842,-0.188800
3150,12.00,瞬时请求候选,0x39A,8,6,6,54,1,1,0.5000,4,842,-0.188800
3151,12.00,瞬时请求候选,0x39A,8,6,7,55,1,1,0.5000,4,842,-0.188800
3152,12.00,瞬时请求候选,0x39A,8,7,0,56,1,1,0.5000,4,842,-0.188800
3153,12.00,瞬时请求候选,0x39A,8,7,1,57,1,1,0.5000,4,842,-0.188800
3154,12.00,瞬时请求候选,0x39A,8,7,4,60,1,1,0.5000,4,842,-0.188800
3155,12.00,瞬时请求候选,0x39B,8,6,4,52,1,1,0.5000,4,170,-0.028000
3156,12.00,瞬时请求候选,0x39B,8,7,4,60,1,1,0.5000,4,170,-0.028000
3157,12.00,瞬时请求候选,0x39D,5,0,0,0,0,0,0.5016,4,2101,-0.209100
3158,12.00,瞬时请求候选,0x39D,5,0,1,1,不一致,1,0.5016,4,1052,-0.170750
3159,12.00,瞬时请求候选,0x39D,5,0,2,2,0,1,0.5026,4,528,-0.090650
3160,12.00,瞬时请求候选,0x39D,5,0,3,3,不一致,不一致,0.5039,4,264,-0.010800
3161,12.00,瞬时请求候选,0x39D,5,0,4,4,0,0,0.5634,4,263,-0.071200
3162,12.00,瞬时请求候选,0x39D,5,0,5,5,1,1,0.5634,4,263,-0.071200
3163,12.00,瞬时请求候选,0x39D,5,1,0,8,1,1,0.5016,4,2101,-0.209100
3164,12.00,瞬时请求候选,0x39D,5,1,1,9,1,1,0.5016,4,1049,-0.209100
3165,12.00,瞬时请求候选,0x39D,5,1,2,10,0,1,0.5048,4,524,-0.209100
3166,12.00,瞬时请求候选,0x39D,5,1,3,11,不一致,不一致,0.5048,4,262,-0.129150
3167,12.00,瞬时请求候选,0x3A1,8,0,0,0,1,1,0.5000,4,1680,-0.244950
3168,12.00,瞬时请求候选,0x3A1,8,0,6,6,1,1,0.5000,4,1680,-0.244950
3169,12.00,瞬时请求候选,0x3A1,8,0,7,7,1,1,0.5000,4,1680,-0.244950
3170,12.00,瞬时请求候选,0x3A1,8,1,2,10,1,1,0.5000,4,1680,-0.244950
3171,12.00,瞬时请求候选,0x3A1,8,1,4,12,1,1,0.5000,4,1680,-0.244950
3172,12.00,瞬时请求候选,0x3A1,8,1,5,13,1,1,0.5000,4,1680,-0.244950
3173,12.00,瞬时请求候选,0x3A1,8,1,7,15,1,1,0.5000,4,1680,-0.244950
3174,12.00,瞬时请求候选,0x3A1,8,2,0,16,1,1,0.5000,4,1680,-0.244950
3175,12.00,瞬时请求候选,0x3A1,8,2,2,18,1,1,0.5000,4,1680,-0.244950
3176,12.00,瞬时请求候选,0x3A1,8,2,3,19,1,1,0.5000,4,1680,-0.244950
3177,12.00,瞬时请求候选,0x3A1,8,2,6,22,1,1,0.5000,4,1680,-0.244950
3178,12.00,瞬时请求候选,0x3A1,8,3,0,24,1,1,0.5000,4,1680,-0.244950
3179,12.00,瞬时请求候选,0x3A1,8,3,1,25,1,1,0.7127,4,984,-0.219350
3180,12.00,瞬时请求候选,0x3A1,8,3,2,26,0,0,0.7643,4,782,-0.169950
3181,12.00,瞬时请求候选,0x3A1,8,3,3,27,1,1,0.7908,4,693,-0.096300
3182,12.00,瞬时请求候选,0x3A1,8,3,4,28,0,0,0.7464,4,853,-0.244950
3183,12.00,瞬时请求候选,0x3A1,8,3,5,29,0,0,0.6320,4,1238,-0.244950
3184,12.00,瞬时请求候选,0x3A1,8,3,6,30,0,0,0.6262,4,1256,-0.244950
3185,12.00,瞬时请求候选,0x3A1,8,3,7,31,1,1,0.8738,4,424,0.553150
3186,12.00,瞬时请求候选,0x3A1,8,4,0,32,1,1,0.8738,4,424,0.054350
3187,12.00,瞬时请求候选,0x3A1,8,4,1,33,0,0,0.8738,4,424,0.353750
3188,12.00,瞬时请求候选,0x3A1,8,4,2,34,1,1,0.5000,4,1680,-0.244950
3189,12.00,瞬时请求候选,0x3A1,8,4,3,35,1,1,0.5000,4,1680,-0.244950
3190,12.00,瞬时请求候选,0x3A1,8,4,4,36,1,1,0.5000,4,1680,-0.244950
3191,12.00,瞬时请求候选,0x3A1,8,4,5,37,1,1,0.5000,4,1680,-0.244950
3192,12.00,瞬时请求候选,0x3A1,8,5,2,42,不一致,1,0.5027,4,1670,-0.244950
3193,12.00,瞬时请求候选,0x3A1,8,5,3,43,不一致,1,0.5027,4,1670,-0.244950
3194,12.00,瞬时请求候选,0x3A1,8,5,4,44,不一致,1,0.5027,4,1670,-0.244950
3195,12.00,瞬时请求候选,0x3A1,8,6,1,49,1,1,0.5000,4,1680,-0.244950
3196,12.00,瞬时请求候选,0x3A1,8,6,4,52,1,1,0.5000,4,1680,-0.244950
3197,12.00,瞬时请求候选,0x3A1,8,6,5,53,1,1,0.5000,4,838,-0.244950
3198,12.00,瞬时请求候选,0x3A1,8,6,6,54,0,0,0.5040,4,421,-0.144950
3199,12.00,瞬时请求候选,0x3A1,8,6,7,55,不一致,1,0.5067,4,211,-0.144950
3200,12.00,瞬时请求候选,0x3A1,8,7,0,56,0,0,0.6262,4,1256,-0.244950
3201,12.00,瞬时请求候选,0x3A1,8,7,1,57,0,0,0.7329,4,904,-0.220550
3202,12.00,瞬时请求候选,0x3A1,8,7,2,58,1,1,0.7420,4,876,-0.169350
3203,12.00,瞬时请求候选,0x3A1,8,7,3,59,1,1,0.8006,4,659,-0.045050
3204,12.00,瞬时请求候选,0x3A1,8,7,4,60,0,0,0.7514,4,825,-0.097500
3205,12.00,瞬时请求候选,0x3A1,8,7,5,61,不一致,1,0.5140,4,839,-0.244950
3206,12.00,瞬时请求候选,0x3A1,8,7,6,62,1,不一致,0.5043,4,1039,-0.145050
3207,12.00,瞬时请求候选,0x3A1,8,7,7,63,不一致,0,0.5066,4,1144,-0.244950
3208,12.00,瞬时请求候选,0x3A2,8,0,0,0,0,0,0.6669,4,1698,-0.197700
3209,12.00,瞬时请求候选,0x3A2,8,0,1,1,0,0,0.6669,4,1697,-0.230400
3210,12.00,瞬时请求候选,0x3A2,8,0,4,4,0,0,0.8907,4,603,0.330050
3211,12.00,瞬时请求候选,0x3A2,8,0,5,5,不一致,0,0.6314,4,1697,-0.230400
3212,12.00,瞬时请求候选,0x3A2,8,0,6,6,0,0,0.9522,4,320,0.016600
3213,12.00,瞬时请求候选,0x3A2,8,0,7,7,不一致,0,0.6380,4,1653,-0.230400
3214,12.00,瞬时请求候选,0x3A2,8,1,0,8,不一致,0,0.6314,4,1697,-0.230400
3215,12.00,瞬时请求候选,0x3A2,8,1,1,9,0,0,0.7057,4,1421,-0.230400
3216,12.00,瞬时请求候选,0x3A2,8,1,2,10,0,0,0.6661,4,1697,-0.230400
3217,12.00,瞬时请求候选,0x3A2,8,1,3,11,0,0,0.6669,4,1697,-0.230400
3218,12.00,瞬时请求候选,0x3A2,8,1,4,12,0,0,0.7151,4,1428,-0.197700
3219,12.00,瞬时请求候选,0x3A2,8,1,5,13,0,0,0.6192,4,1697,-0.230400
3220,12.00,瞬时请求候选,0x3A2,8,1,7,15,0,0,0.6661,4,1697,-0.230400
3221,12.00,瞬时请求候选,0x3A2,8,2,1,17,0,0,0.6661,4,1697,-0.230400
3222,12.00,瞬时请求候选,0x3A2,8,2,4,20,0,0,0.6661,4,1697,-0.230400
3223,12.00,瞬时请求候选,0x3A2,8,2,5,21,1,1,0.6669,4,1697,-0.230400
3224,12.00,瞬时请求候选,0x3A2,8,2,6,22,0,0,0.6661,4,1697,-0.230400
3225,12.00,瞬时请求候选,0x3A2,8,2,7,23,0,0,0.9085,4,408,0.066350
3226,12.00,瞬时请求候选,0x3A2,8,3,0,24,0,0,0.9086,4,406,0.065950
3227,12.00,瞬时请求候选,0x3A2,8,3,1,25,0,0,0.9402,4,364,-0.080350
3228,12.00,瞬时请求候选,0x3A2,8,3,2,26,0,0,0.9402,4,366,-0.080350
3229,12.00,瞬时请求候选,0x3A2,8,3,3,27,0,0,0.7259,4,1331,-0.230400
3230,12.00,瞬时请求候选,0x3A2,8,3,4,28,0,0,0.6661,4,1697,-0.230400
3231,12.00,瞬时请求候选,0x3A2,8,3,6,30,0,0,0.6661,4,1697,-0.230400
3232,12.00,瞬时请求候选,0x3A2,8,3,7,31,0,0,0.6661,4,1697,-0.230400
3233,12.00,瞬时请求候选,0x3A2,8,4,0,32,0,0,0.7512,4,1278,-0.148000
3234,12.00,瞬时请求候选,0x3A2,8,4,1,33,0,0,0.5383,4,1697,-0.230400
3235,12.00,瞬时请求候选,0x3A2,8,4,2,34,0,0,0.5594,4,1697,-0.230400
3236,12.00,瞬时请求候选,0x3A2,8,4,3,35,0,0,0.6903,4,1204,-0.179300
3237,12.00,瞬时请求候选,0x3A2,8,4,4,36,0,0,0.6921,4,1208,-0.212950
3238,12.00,瞬时请求候选,0x3A2,8,4,5,37,0,0,0.6614,4,1697,-0.230400
3239,12.00,瞬时请求候选,0x3A2,8,5,4,44,0,0,0.6669,4,1698,-0.197700
3240,12.00,瞬时请求候选,0x3A2,8,5,5,45,0,0,0.6669,4,1698,-0.197700
3241,12.00,瞬时请求候选,0x3A2,8,5,6,46,0,0,0.6669,4,1698,-0.197700
3242,12.00,瞬时请求候选,0x3A2,8,5,7,47,0,0,0.6651,4,1698,-0.197700
3243,12.00,瞬时请求候选,0x3A2,8,6,0,48,1,1,0.6669,4,1697,-0.230400
3244,12.00,瞬时请求候选,0x3A2,8,6,1,49,1,1,0.6669,4,1697,-0.230400
3245,12.00,瞬时请求候选,0x3A2,8,6,2,50,0,0,0.6669,4,1698,-0.197700
3246,12.00,瞬时请求候选,0x3A2,8,6,3,51,0,0,0.6669,4,1698,-0.197700
3247,12.00,瞬时请求候选,0x3A2,8,6,4,52,0,0,0.6669,4,1698,-0.197700
3248,12.00,瞬时请求候选,0x3A2,8,6,5,53,0,0,0.6669,4,1698,-0.197700
3249,12.00,瞬时请求候选,0x3A2,8,6,6,54,1,1,0.6669,4,1697,-0.230400
3250,12.00,瞬时请求候选,0x3A2,8,6,7,55,0,0,0.6669,4,1698,-0.197700
3251,12.00,瞬时请求候选,0x3A2,8,7,1,57,0,0,0.6661,4,1697,-0.230400
3252,12.00,瞬时请求候选,0x3A2,8,7,4,60,0,0,0.6661,4,1697,-0.230400
3253,12.00,瞬时请求候选,0x3A2,8,7,5,61,0,0,0.6661,4,1697,-0.230400
3254,12.00,瞬时请求候选,0x3A2,8,7,6,62,0,0,0.6661,4,1697,-0.230400
3255,12.00,瞬时请求候选,0x3A8,8,0,0,0,0,0,0.6000,4,335,-0.069400
3256,12.00,瞬时请求候选,0x3A8,8,0,1,1,0,0,0.6000,4,169,0.130600
3257,12.00,瞬时请求候选,0x3A8,8,0,2,2,0,0,0.8000,4,170,0.530600
3258,12.00,瞬时请求候选,0x3A8,8,1,0,8,0,0,0.8000,4,166,-0.069400
3259,12.00,瞬时请求候选,0x3A8,8,1,1,9,0,0,0.6000,4,169,0.130600
3260,12.00,瞬时请求候选,0x3A8,8,1,2,10,0,0,0.8000,4,166,-0.069400
3261,12.00,瞬时请求候选,0x3A8,8,1,3,11,0,0,0.8000,4,166,-0.069400
3262,12.00,瞬时请求候选,0x3A8,8,1,4,12,0,0,0.8000,4,166,-0.069400
3263,12.00,瞬时请求候选,0x3A8,8,1,5,13,0,0,0.7664,4,166,-0.069400
3264,12.00,瞬时请求候选,0x3A8,8,1,6,14,0,0,0.8000,4,166,-0.069400
3265,12.00,瞬时请求候选,0x3A8,8,1,7,15,0,0,0.6000,4,166,-0.069400
3266,12.00,瞬时请求候选,0x3A8,8,2,0,16,0,0,0.8000,4,170,0.530600
3267,12.00,瞬时请求候选,0x3A8,8,2,2,18,0,0,0.8000,4,170,0.530600
3268,12.00,瞬时请求候选,0x3A8,8,2,3,19,0,0,0.8000,4,169,0.130600
3269,12.00,瞬时请求候选,0x3A8,8,2,4,20,0,0,0.8000,4,169,0.130600
3270,12.00,瞬时请求候选,0x3A8,8,3,0,24,1,1,0.6135,4,244,0.131200
3271,12.00,瞬时请求候选,0x3A8,8,3,1,25,0,0,0.6299,4,167,0.031300
3272,12.00,瞬时请求候选,0x3A8,8,3,2,26,0,0,0.6455,4,167,0.031300
3273,12.00,瞬时请求候选,0x3A8,8,3,3,27,不一致,不一致,0.5993,4,168,0.030350
3274,12.00,瞬时请求候选,0x3A8,8,3,4,28,0,0,0.6999,4,166,-0.069400
3275,12.00,瞬时请求候选,0x3A8,8,3,5,29,0,0,0.6999,4,166,-0.069400
3276,12.00,瞬时请求候选,0x3A8,8,3,6,30,0,0,0.6999,4,166,-0.069400
3277,12.00,瞬时请求候选,0x3A8,8,5,0,40,0,0,0.8381,4,133,-0.069400
3278,12.00,瞬时请求候选,0x3A8,8,5,3,43,0,0,0.8000,4,165,-0.069400
3279,12.00,瞬时请求候选,0x3A8,8,6,0,48,0,0,0.8000,4,165,-0.069400
3280,12.00,瞬时请求候选,0x3A8,8,6,1,49,0,0,0.8000,4,165,-0.069400
3281,12.00,瞬时请求候选,0x3A8,8,6,2,50,0,0,0.8000,4,165,-0.069400
3282,12.00,瞬时请求候选,0x3A8,8,6,3,51,0,0,0.8000,4,165,-0.069400
3283,12.00,瞬时请求候选,0x3A8,8,6,4,52,0,0,0.8000,4,165,-0.069400
3284,12.00,瞬时请求候选,0x3A8,8,6,5,53,0,0,0.8000,4,165,-0.069400
3285,12.00,瞬时请求候选,0x3A8,8,6,6,54,0,0,0.8000,4,165,-0.069400
3286,12.00,瞬时请求候选,0x3A8,8,6,7,55,0,0,0.8000,4,165,-0.069400
3287,12.00,瞬时请求候选,0x3A8,8,7,7,63,0,0,0.8000,4,169,0.130600
3288,12.00,瞬时请求候选,0x3AA,8,0,0,0,1,1,0.5000,4,169,0.045700
3289,12.00,瞬时请求候选,0x3AE,8,6,0,48,不一致,1,0.5022,4,818,-0.199300
3290,12.00,瞬时请求候选,0x3AE,8,6,4,52,不一致,1,0.5005,4,2487,-0.230350
3291,12.00,瞬时请求候选,0x3AE,8,6,5,53,0,1,0.5010,4,1245,-0.208150
3292,12.00,瞬时请求候选,0x3AE,8,6,6,54,不一致,0,0.5032,4,624,-0.138200
3293,12.00,瞬时请求候选,0x3AE,8,6,7,55,不一致,1,0.5050,4,312,-0.007750
3294,12.00,瞬时请求候选,0x3AE,8,7,0,56,不一致,1,0.5022,4,818,-0.199300
3295,12.00,瞬时请求候选,0x3AE,8,7,4,60,1,1,0.5005,4,2487,-0.230350
3296,12.00,瞬时请求候选,0x3AE,8,7,5,61,不一致,0,0.5017,4,1242,-0.223700
3297,12.00,瞬时请求候选,0x3AE,8,7,6,62,不一致,0,0.5022,4,621,-0.156200
3298,12.00,瞬时请求候选,0x3AE,8,7,7,63,不一致,1,0.5059,4,313,-0.011850
3299,12.00,瞬时请求候选,0x3B2,8,0,0,0,不一致,不一致,0.5073,4,255,-0.059250
3300,12.00,瞬时请求候选,0x3B2,8,0,1,1,不一致,1,0.5073,4,127,-0.008550
3301,12.00,瞬时请求候选,0x3B2,8,1,2,10,0,0,0.6686,4,107,0.088150
3302,12.00,瞬时请求候选,0x3B2,8,1,3,11,0,0,0.6798,4,126,0.289100
3303,12.00,瞬时请求候选,0x3B2,8,2,2,18,不一致,0,0.7183,4,111,0.336150
3304,12.00,瞬时请求候选,0x3B2,8,2,3,19,0,0,0.6534,4,103,-0.008550
3305,12.00,瞬时请求候选,0x3B2,8,2,4,20,0,0,0.6175,4,105,-0.008550
3306,12.00,瞬时请求候选,0x3B2,8,2,6,22,0,0,0.7156,4,111,1.738350
3307,12.00,瞬时请求候选,0x3B2,8,3,0,24,0,0,0.5842,4,117,0.238400
3308,12.00,瞬时请求候选,0x3B2,8,3,2,26,0,0,0.6862,4,100,0.340000
3309,12.00,瞬时请求候选,0x3B2,8,3,3,27,0,0,0.6548,4,106,0.739350
3310,12.00,瞬时请求候选,0x3B2,8,3,4,28,0,0,0.7275,4,109,0.241050
3311,12.00,瞬时请求候选,0x3B2,8,4,0,32,0,0,0.6825,4,111,0.239300
3312,12.00,瞬时请求候选,0x3B2,8,4,1,33,0,0,0.6475,4,113,0.239300
3313,12.00,瞬时请求候选,0x3B2,8,5,1,41,0,0,0.6684,4,117,-0.008550
3314,12.00,瞬时请求候选,0x3B2,8,5,2,42,0,0,0.6196,4,108,0.241400
3315,12.00,瞬时请求候选,0x3B2,8,5,3,43,0,不一致,0.6422,4,105,-0.059250
3316,12.00,瞬时请求候选,0x3B2,8,5,5,45,不一致,0,0.6210,4,112,-0.008550
3317,12.00,瞬时请求候选,0x3B2,8,5,6,46,0,0,0.6122,4,117,0.388300
3318,12.00,瞬时请求候选,0x3B2,8,6,0,48,0,0,0.5838,4,122,0.636300
3319,12.00,瞬时请求候选,0x3B2,8,6,1,49,0,0,0.6222,4,102,0.042000
3320,12.00,瞬时请求候选,0x3B2,8,6,2,50,0,0,0.6610,4,110,0.092150
3321,12.00,瞬时请求候选,0x3B2,8,6,5,53,0,0,0.7047,4,109,0.989100
3322,12.00,瞬时请求候选,0x3B2,8,6,6,54,0,0,0.7032,4,106,0.389550
3323,12.00,瞬时请求候选,0x3B2,8,6,7,55,0,0,0.6906,4,116,0.389550
3324,12.00,瞬时请求候选,0x3B2,8,7,0,56,0,0,0.6587,4,113,0.789500
3325,12.00,瞬时请求候选,0x3B2,8,7,1,57,0,0,0.7283,4,104,0.389550
3326,12.00,瞬时请求候选,0x3B2,8,7,2,58,0,0,0.6386,4,121,0.538550
3327,12.00,瞬时请求候选,0x3B2,8,7,3,59,0,0,0.6251,4,111,0.989550
3328,12.00,瞬时请求候选,0x3B2,8,7,4,60,0,0,0.6686,4,118,0.639550
3329,12.00,瞬时请求候选,0x3C0,8,0,0,0,0,0,0.5460,4,763,-0.152500
3330,12.00,瞬时请求候选,0x3C0,8,0,1,1,0,0,0.5451,4,459,-0.151000
3331,12.00,瞬时请求候选,0x3C0,8,0,2,2,0,0,0.6371,4,153,0.198250
3332,12.00,瞬时请求候选,0x3C0,8,0,3,3,0,0,0.7282,4,155,0.198200
3333,12.00,瞬时请求候选,0x3C0,8,2,4,20,0,0,0.9089,4,155,0.249000
3334,12.00,瞬时请求候选,0x3C0,8,7,0,56,0,0,0.9089,4,150,-0.101800
3335,12.00,瞬时请求候选,0x3C2,8,0,0,0,1,1,0.5000,4,1680,-0.219200
3336,12.00,瞬时请求候选,0x3C2,8,0,3,3,1,1,0.5000,4,1680,-0.219200
3337,12.00,瞬时请求候选,0x3C2,8,0,5,5,1,1,0.5000,4,1680,-0.219200
3338,12.00,瞬时请求候选,0x3C2,8,2,0,16,1,1,0.5000,4,1680,-0.219200
3339,12.00,瞬时请求候选,0x3C2,8,2,2,18,1,1,0.5000,4,1680,-0.219200
3340,12.00,瞬时请求候选,0x3C2,8,2,4,20,1,1,0.5000,4,1680,-0.219200
3341,12.00,瞬时请求候选,0x3C2,8,2,6,22,1,1,0.5000,4,1680,-0.219200
3342,12.00,瞬时请求候选,0x3C2,8,3,0,24,1,1,0.5000,4,1680,-0.219200
3343,12.00,瞬时请求候选,0x3C2,8,3,2,26,1,1,0.5000,4,1680,-0.219200
3344,12.00,瞬时请求候选,0x3C2,8,3,4,28,1,1,0.5000,4,1680,-0.219200
3345,12.00,瞬时请求候选,0x3C2,8,3,6,30,1,1,0.5000,4,1680,-0.219200
3346,12.00,瞬时请求候选,0x3C2,8,6,0,48,1,1,0.5000,4,1680,-0.219200
3347,12.00,瞬时请求候选,0x3C2,8,6,3,51,1,1,0.5000,4,1680,-0.219200
3348,12.00,瞬时请求候选,0x3C2,8,6,4,52,1,1,0.5000,4,1680,-0.219200
3349,12.00,瞬时请求候选,0x3C2,8,6,6,54,1,1,0.5000,4,1680,-0.219200
3350,12.00,瞬时请求候选,0x3C2,8,7,0,56,1,1,0.5000,4,1680,-0.219200
3351,12.00,瞬时请求候选,0x3C2,8,7,2,58,1,1,0.5000,4,1680,-0.219200
3352,12.00,瞬时请求候选,0x3C2,8,7,6,62,1,1,0.5000,4,1680,-0.219200
3353,12.00,瞬时请求候选,0x3C2,8,7,7,63,1,1,0.5000,4,1680,-0.219200
3354,12.00,瞬时请求候选,0x3C3,8,0,0,0,1,1,0.5000,4,837,-0.201950
3355,12.00,瞬时请求候选,0x3C3,8,0,2,2,1,1,0.5000,4,837,-0.201950
3356,12.00,瞬时请求候选,0x3C3,8,0,4,4,1,1,0.5000,4,837,-0.201950
3357,12.00,瞬时请求候选,0x3C3,8,0,6,6,1,1,0.5000,4,837,-0.201950
3358,12.00,瞬时请求候选,0x3C3,8,1,0,8,1,1,0.5000,4,837,-0.201950
3359,12.00,瞬时请求候选,0x3C3,8,1,2,10,1,1,0.5000,4,837,-0.201950
3360,12.00,瞬时请求候选,0x3C3,8,1,4,12,1,1,0.5000,4,837,-0.201950
3361,12.00,瞬时请求候选,0x3C3,8,1,6,14,1,1,0.5000,4,837,-0.201950
3362,12.00,瞬时请求候选,0x3C3,8,2,0,16,1,1,0.5000,4,837,-0.201950
3363,12.00,瞬时请求候选,0x3C3,8,2,2,18,1,1,0.5000,4,837,-0.201950
3364,12.00,瞬时请求候选,0x3C3,8,2,4,20,1,1,0.5000,4,837,-0.201950
3365,12.00,瞬时请求候选,0x3C3,8,2,6,22,1,1,0.5000,4,837,-0.201950
3366,12.00,瞬时请求候选,0x3C3,8,3,0,24,1,1,0.5000,4,837,-0.201950
3367,12.00,瞬时请求候选,0x3C3,8,5,0,40,1,1,0.5000,4,837,-0.201950
3368,12.00,瞬时请求候选,0x3C3,8,5,2,42,1,1,0.5000,4,837,-0.201950
3369,12.00,瞬时请求候选,0x3C3,8,5,6,46,1,1,0.5000,4,837,-0.201950
3370,12.00,瞬时请求候选,0x3C3,8,5,7,47,1,1,0.5000,4,837,-0.201950
3371,12.00,瞬时请求候选,0x3C3,8,6,0,48,1,1,0.5000,4,837,-0.201950
3372,12.00,瞬时请求候选,0x3C3,8,6,1,49,1,1,0.5000,4,837,-0.201950
3373,12.00,瞬时请求候选,0x3C3,8,6,6,54,1,1,0.5000,4,837,-0.201950
3374,12.00,瞬时请求候选,0x3C8,8,0,0,0,0,0,0.5700,4,722,-0.185000
3375,12.00,瞬时请求候选,0x3C8,8,0,1,1,0,0,0.5736,4,481,-0.184300
3376,12.00,瞬时请求候选,0x3C8,8,0,2,2,0,0,0.5684,4,240,-0.085000
3377,12.00,瞬时请求候选,0x3CC,8,2,6,22,1,1,0.5000,4,165,-0.116500
3378,12.00,瞬时请求候选,0x3DB,8,0,0,0,0,0,0.6412,4,125,0.069500
3379,12.00,瞬时请求候选,0x3DB,8,0,1,1,1,1,0.6287,4,124,0.069500
3380,12.00,瞬时请求候选,0x3DB,8,1,1,9,0,0,0.6287,4,124,0.069500
3381,12.00,瞬时请求候选,0x3E8,8,0,0,0,0,0,0.5700,4,717,-0.243800
3382,12.00,瞬时请求候选,0x3E8,8,0,1,1,0,0,0.5736,4,478,-0.194150
3383,12.00,瞬时请求候选,0x3E8,8,0,2,2,0,0,0.5684,4,240,-0.043900
3384,12.00,瞬时请求候选,0x3E9,8,6,4,52,不一致,1,0.5037,4,170,-0.042950
3385,12.00,瞬时请求候选,0x3E9,8,7,4,60,不一致,1,0.5037,4,170,-0.042950
3386,12.00,瞬时请求候选,0x3F1,8,0,0,0,0,0,0.5470,4,306,-0.141200
3387,12.00,瞬时请求候选,0x3F1,8,0,1,1,0,0,0.5470,4,183,-0.014150
3388,12.00,瞬时请求候选,0x3F9,8,0,0,0,0,0,0.5540,4,746,-0.165800
3389,12.00,瞬时请求候选,0x3F9,8,0,1,1,0,0,0.5540,4,374,-0.165800
3390,12.00,瞬时请求候选,0x3F9,8,0,2,2,0,0,0.5586,4,185,-0.065750
3391,12.00,瞬时请求候选,0x3F9,8,0,3,3,0,0,0.8883,4,188,0.033200
3392,12.00,瞬时请求候选,0x3F9,8,4,4,36,0,0,0.9102,4,138,0.033200
3393,12.00,瞬时请求候选,0x3FD,8,0,0,0,0,0,0.6667,4,332,-0.118550
3394,12.00,瞬时请求候选,0x3FD,8,0,1,1,0,0,0.6667,4,331,-0.170550
3395,12.00,瞬时请求候选,0x3FD,8,2,1,17,0,0,0.6667,4,332,-0.118550
3396,12.00,瞬时请求候选,0x3FD,8,3,2,26,0,0,0.6667,4,331,-0.170550
3397,12.00,瞬时请求候选,0x3FD,8,3,3,27,0,0,0.6667,4,331,-0.170550
3398,12.00,瞬时请求候选,0x3FD,8,3,4,28,0,0,0.6667,4,331,-0.170550
3399,12.00,瞬时请求候选,0x3FD,8,3,5,29,0,0,0.6667,4,331,-0.170550
3400,12.00,瞬时请求候选,0x3FD,8,4,5,37,0,0,0.6667,4,331,-0.170550
3401,12.00,瞬时请求候选,0x3FD,8,5,3,43,0,0,0.6667,4,332,-0.118550
3402,12.00,瞬时请求候选,0x3FD,8,6,0,48,0,0,0.6667,4,331,-0.170550
3403,12.00,瞬时请求候选,0x3FD,8,6,1,49,0,0,0.6667,4,332,-0.118550
3404,12.00,瞬时请求候选,0x3FD,8,6,4,52,0,0,0.6667,4,332,-0.118550
3405,12.00,瞬时请求候选,0x3FD,8,7,4,60,0,0,0.6667,4,331,-0.170550
3406,12.00,瞬时请求候选,0x401,8,0,0,0,1,1,0.5000,4,3055,-0.247400
3407,12.00,瞬时请求候选,0x401,8,0,1,1,1,1,0.5000,4,1529,0.052900
3408,12.00,瞬时请求候选,0x401,8,0,2,2,0,0,0.5556,4,680,0.131850
3409,12.00,瞬时请求候选,0x401,8,0,3,3,0,0,0.5556,4,340,0.211600
3410,12.00,瞬时请求候选,0x401,8,0,4,4,0,0,0.5556,4,170,0.372150
3411,12.00,瞬时请求候选,0x401,8,0,5,5,0,0,0.8889,4,169,0.052900
3412,12.00,瞬时请求候选,0x401,8,1,3,11,1,1,0.9722,4,165,-0.247400
3413,12.00,瞬时请求候选,0x401,8,1,5,13,1,1,0.9722,4,165,-0.247400
3414,12.00,瞬时请求候选,0x401,8,2,0,16,不一致,1,0.5143,4,1560,-0.247350
3415,12.00,瞬时请求候选,0x401,8,2,1,17,0,0,0.6163,4,1540,-0.097200
3416,12.00,瞬时请求候选,0x401,8,2,2,18,不一致,0,0.5568,4,1541,-0.247350
3417,12.00,瞬时请求候选,0x401,8,2,3,19,不一致,不一致,0.6579,4,1491,-0.097300
3418,12.00,瞬时请求候选,0x401,8,2,4,20,不一致,不一致,0.5804,4,1674,-0.247400
3419,12.00,瞬时请求候选,0x401,8,2,5,21,不一致,1,0.7288,4,1047,-0.097200
3420,12.00,瞬时请求候选,0x401,8,2,6,22,不一致,1,0.7288,4,1045,-0.097200
3421,12.00,瞬时请求候选,0x401,8,2,7,23,不一致,0,0.7288,4,1045,-0.097200
3422,12.00,瞬时请求候选,0x401,8,4,0,32,不一致,不一致,0.5253,4,1509,-0.247400
3423,12.00,瞬时请求候选,0x401,8,4,1,33,0,不一致,0.6294,4,1547,0.052900
3424,12.00,瞬时请求候选,0x401,8,4,2,34,不一致,1,0.5474,4,1626,-0.247350
3425,12.00,瞬时请求候选,0x401,8,4,3,35,不一致,0,0.5452,4,1441,0.072300
3426,12.00,瞬时请求候选,0x401,8,4,4,36,不一致,1,0.6204,4,1387,0.052850
3427,12.00,瞬时请求候选,0x401,8,4,5,37,不一致,1,0.7222,4,970,0.052850
3428,12.00,瞬时请求候选,0x401,8,4,6,38,不一致,1,0.7222,4,970,0.052850
3429,12.00,瞬时请求候选,0x401,8,4,7,39,0,0,0.7432,4,907,-0.247350
3430,12.00,瞬时请求候选,0x401,8,5,7,47,1,1,0.9722,4,165,-0.247400
3431,12.00,瞬时请求候选,0x401,8,6,0,48,0,不一致,0.5267,4,1538,-0.087350
3432,12.00,瞬时请求候选,0x401,8,6,1,49,0,0,0.5810,4,1247,0.111800
3433,12.00,瞬时请求候选,0x401,8,6,2,50,0,不一致,0.5453,4,1593,-0.094800
3434,12.00,瞬时请求候选,0x401,8,6,3,51,不一致,不一致,0.5738,4,1617,-0.097350
3435,12.00,瞬时请求候选,0x401,8,6,4,52,不一致,不一致,0.5340,4,1475,0.052850
3436,12.00,瞬时请求候选,0x401,8,6,5,53,不一致,1,0.6769,4,1202,0.052850
3437,12.00,瞬时请求候选,0x401,8,6,6,54,不一致,1,0.6774,4,1194,0.052850
3438,12.00,瞬时请求候选,0x401,8,6,7,55,不一致,0,0.6941,4,1153,-0.247350
3439,12.00,瞬时请求候选,0x401,8,7,7,63,1,1,0.9722,4,165,-0.247400
3440,12.00,瞬时请求候选,0x405,8,0,0,0,0,0,0.6641,4,223,-0.121350
3441,12.00,瞬时请求候选,0x405,8,0,1,1,0,0,0.6679,4,224,-0.000300
3442,12.00,瞬时请求候选,0x405,8,1,0,8,1,1,0.6679,4,223,-0.123000
3443,12.00,瞬时请求候选,0x405,8,1,1,9,1,1,0.6679,4,223,-0.123000
3444,12.00,瞬时请求候选,0x405,8,1,4,12,0,0,0.6641,4,223,-0.121350
3445,12.00,瞬时请求候选,0x405,8,1,5,13,0,0,0.6641,4,223,-0.121350
3446,12.00,瞬时请求候选,0x405,8,1,6,14,0,0,0.6679,4,224,-0.000300
3447,12.00,瞬时请求候选,0x405,8,2,0,16,0,0,0.6641,4,223,-0.121350
3448,12.00,瞬时请求候选,0x405,8,2,1,17,0,0,0.6679,4,224,-0.000300
3449,12.00,瞬时请求候选,0x405,8,2,2,18,0,0,0.6641,4,223,-0.121350
3450,12.00,瞬时请求候选,0x405,8,2,4,20,0,0,0.6679,4,224,-0.000300
3451,12.00,瞬时请求候选,0x405,8,2,5,21,0,0,0.6679,4,224,-0.000300
3452,12.00,瞬时请求候选,0x405,8,2,6,22,0,0,0.6641,4,223,-0.121350
3453,12.00,瞬时请求候选,0x405,8,3,0,24,1,1,0.6679,4,223,-0.123000
3454,12.00,瞬时请求候选,0x405,8,3,1,25,0,0,0.6641,4,223,-0.121350
3455,12.00,瞬时请求候选,0x405,8,3,2,26,1,1,0.6679,4,223,-0.123000
3456,12.00,瞬时请求候选,0x405,8,3,4,28,1,1,0.6679,4,223,-0.123000
3457,12.00,瞬时请求候选,0x405,8,3,5,29,1,1,0.6679,4,223,-0.123000
3458,12.00,瞬时请求候选,0x405,8,4,1,33,1,1,0.6679,4,223,-0.123000
3459,12.00,瞬时请求候选,0x405,8,4,2,34,1,1,0.6679,4,223,-0.123000
3460,12.00,瞬时请求候选,0x405,8,4,4,36,0,0,0.6679,4,224,-0.000300
3461,12.00,瞬时请求候选,0x405,8,4,5,37,0,0,0.6679,4,224,-0.000300
3462,12.00,瞬时请求候选,0x405,8,4,6,38,0,0,0.6641,4,223,-0.121350
3463,12.00,瞬时请求候选,0x405,8,5,0,40,0,0,0.6641,4,223,-0.121350
3464,12.00,瞬时请求候选,0x405,8,5,2,42,0,0,0.6679,4,223,-0.123000
3465,12.00,瞬时请求候选,0x405,8,5,3,43,1,1,0.6641,4,223,-0.121350
3466,12.00,瞬时请求候选,0x405,8,5,4,44,0,0,0.6679,4,224,-0.000300
3467,12.00,瞬时请求候选,0x405,8,5,5,45,0,0,0.6679,4,224,-0.000300
3468,12.00,瞬时请求候选,0x405,8,5,6,46,1,1,0.6679,4,224,-0.000300
3469,12.00,瞬时请求候选,0x405,8,6,0,48,0,0,0.6641,4,223,-0.121350
3470,12.00,瞬时请求候选,0x405,8,6,1,49,1,1,0.6641,4,223,-0.121350
3471,12.00,瞬时请求候选,0x405,8,6,2,50,0,0,0.6641,4,223,-0.121350
3472,12.00,瞬时请求候选,0x405,8,6,5,53,1,1,0.6679,4,223,-0.123000
3473,12.00,瞬时请求候选,0x405,8,6,6,54,0,0,0.6679,4,223,-0.123000
3474,12.00,瞬时请求候选,0x405,8,7,1,57,1,1,0.6641,4,223,-0.121350
3475,12.00,瞬时请求候选,0x405,8,7,2,58,1,1,0.6679,4,224,-0.000300
3476,12.00,瞬时请求候选,0x405,8,7,3,59,0,0,0.6641,4,223,-0.121350
3477,12.00,瞬时请求候选,0x405,8,7,4,60,1,1,0.6641,4,223,-0.121350
3478,12.00,瞬时请求候选,0x405,8,7,5,61,0,0,0.6679,4,224,-0.000300
3479,12.00,瞬时请求候选,0x405,8,7,6,62,1,1,0.6679,4,224,-0.000300
3480,12.00,瞬时请求候选,0x407,8,0,0,0,1,1,0.5000,4,169,0.097850
3481,12.00,瞬时请求候选,0x407,8,1,0,8,1,1,0.5000,4,169,0.097850
3482,12.00,瞬时请求候选,0x40A,8,6,4,52,0,0,0.5079,4,416,-0.218500
3483,12.00,瞬时请求候选,0x40A,8,6,5,53,不一致,1,0.5079,4,210,-0.019450
3484,12.00,瞬时请求候选,0x40A,8,6,6,54,不一致,0,0.5079,4,107,0.380600
3485,12.00,瞬时请求候选,0x40A,8,7,4,60,1,1,0.5079,4,416,-0.218500
3486,12.00,瞬时请求候选,0x40A,8,7,5,61,0,0,0.5079,4,206,-0.218500
3487,12.00,瞬时请求候选,0x40A,8,7,6,62,不一致,0,0.5079,4,103,0.180600
3488,12.00,瞬时请求候选,0x414,8,0,0,0,0,0,0.6641,4,223,-0.123650
3489,12.00,瞬时请求候选,0x414,8,0,1,1,0,0,0.6679,4,224,-0.002150
3490,12.00,瞬时请求候选,0x414,8,1,5,13,1,1,0.6679,4,223,-0.123650
3491,12.00,瞬时请求候选,0x414,8,2,5,21,1,1,0.6679,4,223,-0.123650
3492,12.00,瞬时请求候选,0x414,8,3,5,29,1,1,0.6679,4,223,-0.123650
3493,12.00,瞬时请求候选,0x414,8,4,5,37,1,1,0.6679,4,223,-0.123650
3494,12.00,瞬时请求候选,0x420,8,6,7,55,1,1,0.5000,4,842,-0.191700
3495,12.00,瞬时请求候选,0x420,8,7,0,56,1,1,0.5079,4,421,-0.191700
3496,12.00,瞬时请求候选,0x420,8,7,1,57,1,1,0.5079,4,211,0.008300
3497,12.00,瞬时请求候选,0x420,8,7,2,58,0,1,0.5079,4,107,0.408300
3498,12.00,瞬时请求候选,0x43B,8,0,0,0,1,1,0.5000,4,335,-0.180800
3499,12.00,瞬时请求候选,0x43B,8,0,1,1,1,1,0.5000,4,166,-0.180800
3500,12.00,瞬时请求候选,0x441,8,0,0,0,1,1,0.8441,4,564,-0.054450
3501,12.00,瞬时请求候选,0x441,8,0,1,1,1,1,0.7967,4,724,-0.228200
3502,12.00,瞬时请求候选,0x441,8,0,2,2,1,1,0.7212,4,824,-0.029450
3503,12.00,瞬时请求候选,0x441,8,0,3,3,不一致,不一致,0.7212,4,824,-0.029450
3504,12.00,瞬时请求候选,0x441,8,0,5,5,1,1,0.5000,4,1680,-0.229550
3505,12.00,瞬时请求候选,0x441,8,0,6,6,1,1,0.5000,4,1680,-0.229550
3506,12.00,瞬时请求候选,0x441,8,1,0,8,1,1,0.5000,4,1680,-0.229550
3507,12.00,瞬时请求候选,0x441,8,1,2,10,1,1,0.5000,4,1680,-0.229550
3508,12.00,瞬时请求候选,0x441,8,1,7,15,1,1,0.5000,4,1680,-0.229550
3509,12.00,瞬时请求候选,0x441,8,2,0,16,1,1,0.5000,4,1680,-0.229550
3510,12.00,瞬时请求候选,0x441,8,2,1,17,1,1,0.5000,4,1680,-0.229550
3511,12.00,瞬时请求候选,0x441,8,2,2,18,1,1,0.5000,4,1680,-0.229550
3512,12.00,瞬时请求候选,0x441,8,2,3,19,1,1,0.5000,4,1680,-0.229550
3513,12.00,瞬时请求候选,0x441,8,2,4,20,1,1,0.5000,4,1680,-0.229550
3514,12.00,瞬时请求候选,0x441,8,2,5,21,1,1,0.5000,4,1680,-0.229550
3515,12.00,瞬时请求候选,0x441,8,3,0,24,1,1,0.5000,4,1680,-0.229550
3516,12.00,瞬时请求候选,0x441,8,3,1,25,1,1,0.5000,4,1680,-0.229550
3517,12.00,瞬时请求候选,0x441,8,3,6,30,1,1,0.5000,4,1680,-0.229550
3518,12.00,瞬时请求候选,0x441,8,3,7,31,1,1,0.5000,4,1680,-0.229550
3519,12.00,瞬时请求候选,0x441,8,4,1,33,1,1,0.5000,4,1680,-0.229550
3520,12.00,瞬时请求候选,0x441,8,4,3,35,1,1,0.5000,4,1680,-0.229550
3521,12.00,瞬时请求候选,0x441,8,4,5,37,1,1,0.5000,4,1680,-0.229550
3522,12.00,瞬时请求候选,0x441,8,4,6,38,1,1,0.5000,4,1680,-0.229550
3523,12.00,瞬时请求候选,0x441,8,6,0,48,1,1,0.5000,4,1680,-0.229550
3524,12.00,瞬时请求候选,0x441,8,6,2,50,1,1,0.5000,4,1680,-0.229550
3525,12.00,瞬时请求候选,0x441,8,6,3,51,1,1,0.5000,4,838,-0.229550
3526,12.00,瞬时请求候选,0x441,8,6,4,52,0,0,0.5040,4,421,-0.128800
3527,12.00,瞬时请求候选,0x441,8,6,5,53,不一致,1,0.5067,4,211,-0.128800
3528,12.00,瞬时请求候选,0x441,8,7,0,56,0,0,0.8441,4,564,-0.054450
3529,12.00,瞬时请求候选,0x441,8,7,1,57,0,不一致,0.7764,4,726,0.268600
3530,12.00,瞬时请求候选,0x441,8,7,2,58,不一致,不一致,0.7374,4,1023,-0.228150
3531,12.00,瞬时请求候选,0x441,8,7,3,59,不一致,1,0.5008,4,839,-0.228150
3532,12.00,瞬时请求候选,0x441,8,7,4,60,1,不一致,0.5031,4,1108,-0.229550
3533,12.00,瞬时请求候选,0x441,8,7,5,61,1,1,0.5012,4,757,-0.229550
3534,12.00,瞬时请求候选,0x441,8,7,6,62,0,0,0.6800,4,487,-0.229550
3535,12.00,瞬时请求候选,0x441,8,7,7,63,不一致,0,0.5759,4,1193,-0.081450
3536,12.00,瞬时请求候选,0x443,6,0,0,0,1,1,0.5000,4,169,0.123150
3537,12.00,瞬时请求候选,0x443,6,1,0,8,1,1,0.5000,4,169,0.123150
3538,12.00,瞬时请求候选,0x45A,8,0,0,0,1,1,0.5000,4,1680,-0.218200
3539,12.00,瞬时请求候选,0x45A,8,0,2,2,1,1,0.5000,4,1680,-0.218200
3540,12.00,瞬时请求候选,0x45A,8,0,3,3,1,1,0.5000,4,1680,-0.218200
3541,12.00,瞬时请求候选,0x45A,8,0,4,4,1,1,0.5000,4,1680,-0.218200
3542,12.00,瞬时请求候选,0x45A,8,0,5,5,1,1,0.5000,4,1680,-0.218200
3543,12.00,瞬时请求候选,0x45A,8,1,0,8,1,1,0.5000,4,1680,-0.218200
3544,12.00,瞬时请求候选,0x45A,8,1,3,11,1,1,0.5000,4,1680,-0.218200
3545,12.00,瞬时请求候选,0x45A,8,1,6,14,1,1,0.5000,4,1680,-0.218200
3546,12.00,瞬时请求候选,0x45A,8,2,1,17,1,1,0.5000,4,1680,-0.218200
3547,12.00,瞬时请求候选,0x45A,8,2,4,20,1,1,0.5000,4,1680,-0.218200
3548,12.00,瞬时请求候选,0x45A,8,2,5,21,1,1,0.5000,4,1680,-0.218200
3549,12.00,瞬时请求候选,0x45A,8,3,1,25,1,1,0.5000,4,1680,-0.218200
3550,12.00,瞬时请求候选,0x45A,8,3,4,28,1,1,0.5000,4,1680,-0.218200
3551,12.00,瞬时请求候选,0x45A,8,3,5,29,1,1,0.5000,4,1680,-0.218200
3552,12.00,瞬时请求候选,0x45A,8,4,2,34,1,1,0.5000,4,1680,-0.218200
3553,12.00,瞬时请求候选,0x45A,8,4,3,35,1,1,0.5000,4,1680,-0.218200
3554,12.00,瞬时请求候选,0x45A,8,4,4,36,1,1,0.5000,4,1680,-0.218200
3555,12.00,瞬时请求候选,0x45A,8,4,6,38,1,1,0.5000,4,1680,-0.218200
3556,12.00,瞬时请求候选,0x45A,8,5,1,41,不一致,1,0.5462,4,1446,-0.218200
3557,12.00,瞬时请求候选,0x45A,8,5,2,42,不一致,1,0.5462,4,1446,-0.218200
3558,12.00,瞬时请求候选,0x45A,8,5,4,44,1,1,0.5000,4,1680,-0.218200
3559,12.00,瞬时请求候选,0x45A,8,5,5,45,1,1,0.5000,4,1680,-0.218200
3560,12.00,瞬时请求候选,0x45A,8,7,0,56,1,0,0.5796,4,965,1.432850
3561,12.00,瞬时请求候选,0x4E2,8,0,0,0,1,1,0.5000,4,840,-0.198250
3562,12.00,瞬时请求候选,0x4E2,8,0,1,1,1,1,0.5052,4,420,-0.198250
3563,12.00,瞬时请求候选,0x4E2,8,0,2,2,1,1,0.5070,4,211,0.000400
3564,12.00,瞬时请求候选,0x4E2,8,0,4,4,0,0,0.8718,4,214,0.300450
3565,12.00,瞬时请求候选,0x4E2,8,0,5,5,0,0,0.8769,4,214,0.400500
3566,12.00,瞬时请求候选,0x4E2,8,0,6,6,0,0,0.8743,4,209,0.101500
3567,12.00,瞬时请求候选,0x4E2,8,1,0,8,0,0,0.6282,4,626,-0.198250
3568,12.00,瞬时请求候选,0x4E2,8,1,1,9,0,0,0.7430,4,423,0.101500
3569,12.00,瞬时请求候选,0x4E2,8,1,2,10,0,0,0.8360,4,256,0.399450
3570,12.00,瞬时请求候选,0x4E2,8,1,3,11,1,1,0.5225,4,211,0.001100
3571,12.00,瞬时请求候选,0x4E2,8,1,4,12,0,0,0.6516,4,585,-0.198250
3572,12.00,瞬时请求候选,0x4E2,8,1,5,13,0,0,0.8761,4,206,-0.198250
3573,12.00,瞬时请求候选,0x4E2,8,1,6,14,0,0,0.7540,4,417,-0.198250
3574,12.00,瞬时请求候选,0x4E2,8,1,7,15,0,0,0.8797,4,210,-0.198250
3575,12.00,瞬时请求候选,0x4E2,8,2,0,16,0,0,0.8761,4,206,-0.198250
3576,12.00,瞬时请求候选,0x4E2,8,2,1,17,0,0,0.6309,4,419,-0.198250
3577,12.00,瞬时请求候选,0x4E2,8,2,2,18,0,0,0.6300,4,419,-0.099450
3578,12.00,瞬时请求候选,0x4E2,8,2,5,21,0,0,0.7485,4,210,0.000400
3579,12.00,瞬时请求候选,0x4E2,8,2,6,22,0,0,0.8743,4,209,0.101500
3580,12.00,瞬时请求候选,0x4E2,8,2,7,23,0,0,0.8743,4,207,0.000400
3581,12.00,瞬时请求候选,0x4E2,8,3,0,24,0,0,0.8273,4,291,-0.198250
3582,12.00,瞬时请求候选,0x4E2,8,3,6,30,0,0,0.8497,4,251,-0.049300
3583,12.00,瞬时请求候选,0x4E2,8,3,7,31,0,0,0.8851,4,174,-0.099300
3584,12.00,瞬时请求候选,0x4E2,8,4,0,32,0,0,0.8392,4,252,-0.049300
3585,12.00,瞬时请求候选,0x4E2,8,4,1,33,0,0,0.7354,4,250,-0.099300
3586,12.00,瞬时请求候选,0x4E2,8,4,2,34,0,0,0.8611,4,219,-0.099300
3587,12.00,瞬时请求候选,0x4E2,8,5,3,43,0,0,0.7485,4,210,0.000400
3588,12.00,瞬时请求候选,0x4E2,8,5,4,44,0,0,0.8743,4,207,0.000400
3589,12.00,瞬时请求候选,0x4E2,8,5,5,45,0,0,0.8743,4,207,0.000400
3590,12.00,瞬时请求候选,0x4E2,8,5,6,46,0,0,0.8743,4,207,0.000400
3591,12.00,瞬时请求候选,0x4E2,8,6,3,51,不一致,0,0.5070,4,211,0.000400
3592,12.00,瞬时请求候选,0x4E2,8,6,5,53,不一致,0,0.5070,4,211,0.000400
3593,12.00,瞬时请求候选,0x4E2,8,6,7,55,0,0,0.6309,4,417,-0.198250
3594,12.00,瞬时请求候选,0x4E2,8,7,0,56,0,0,0.7530,4,420,-0.198250
3595,12.00,瞬时请求候选,0x4E2,8,7,2,58,0,0,0.6273,4,421,-0.198250
3596,12.00,瞬时请求候选,0x4E2,8,7,3,59,0,0,0.7540,4,417,-0.198250
3597,12.00,瞬时请求候选,0x4E2,8,7,4,60,0,0,0.8769,4,214,0.400500
3598,12.00,瞬时请求候选,0x4E2,8,7,5,61,0,0,0.7558,4,210,-0.099450
3599,12.00,瞬时请求候选,0x4E3,8,0,0,0,1,1,0.5000,4,837,-0.215500
3600,12.00,瞬时请求候选,0x4E3,8,0,1,1,1,1,0.5000,4,417,-0.215500
3601,12.00,瞬时请求候选,0x4E3,8,0,2,2,1,1,0.5055,4,211,-0.015650
3602,12.00,瞬时请求候选,0x4E3,8,0,4,4,0,0,0.8743,4,206,0.084350
3603,12.00,瞬时请求候选,0x4E3,8,0,5,5,0,0,0.8718,4,214,0.384350
3604,12.00,瞬时请求候选,0x4E3,8,0,6,6,0,0,0.8743,4,206,0.084350
3605,12.00,瞬时请求候选,0x4E3,8,0,7,7,0,0,0.8743,4,206,0.084350
3606,12.00,瞬时请求候选,0x4E3,8,1,0,8,1,1,0.5000,4,623,-0.215500
3607,12.00,瞬时请求候选,0x4E3,8,1,1,9,0,0,0.6337,4,416,-0.115800
3608,12.00,瞬时请求候选,0x4E3,8,1,2,10,0,0,0.6257,4,626,-0.215500
3609,12.00,瞬时请求候选,0x4E3,8,1,3,11,0,0,0.7540,4,207,-0.215500
3610,12.00,瞬时请求候选,0x4E3,8,1,4,12,0,0,0.6257,4,421,-0.215500
3611,12.00,瞬时请求候选,0x4E3,8,1,5,13,0,0,0.6312,4,210,-0.115800
3612,12.00,瞬时请求候选,0x4E3,8,1,6,14,不一致,0,0.5055,4,211,-0.015650
3613,12.00,瞬时请求候选,0x4E3,8,1,7,15,0,0,0.7515,4,210,-0.215500
3614,12.00,瞬时请求候选,0x4E3,8,2,0,16,0,0,0.8743,4,206,0.084350
3615,12.00,瞬时请求候选,0x4E3,8,2,1,17,0,0,0.7540,4,416,-0.215500
3616,12.00,瞬时请求候选,0x4E3,8,2,2,18,0,0,0.7515,4,210,-0.215500
3617,12.00,瞬时请求候选,0x4E3,8,2,3,19,0,0,0.8743,4,206,0.084350
3618,12.00,瞬时请求候选,0x4E3,8,2,5,21,0,0,0.8743,4,206,0.084350
3619,12.00,瞬时请求候选,0x4E3,8,2,6,22,0,0,0.8743,4,206,0.084350
3620,12.00,瞬时请求候选,0x4E3,8,3,0,24,0,0,0.8026,4,312,-0.164400
3621,12.00,瞬时请求候选,0x4E3,8,3,4,28,0,0,0.8421,4,252,0.084350
3622,12.00,瞬时请求候选,0x4E3,8,3,6,30,0,0,0.8421,4,252,0.084350
3623,12.00,瞬时请求候选,0x4E3,8,5,1,41,0,0,0.8743,4,206,0.084350
3624,12.00,瞬时请求候选,0x4E3,8,5,3,43,0,0,0.8743,4,206,0.084350
3625,12.00,瞬时请求候选,0x4E3,8,6,3,51,不一致,0,0.5055,4,211,-0.015650
3626,12.00,瞬时请求候选,0x4E3,8,6,5,53,不一致,0,0.5055,4,211,-0.015650
3627,12.00,瞬时请求候选,0x4E3,8,6,7,55,0,0,0.7540,4,207,-0.215500
3628,12.00,瞬时请求候选,0x4E3,8,7,0,56,0,0,0.7594,4,210,-0.115800
3629,12.00,瞬时请求候选,0x4E3,8,7,1,57,0,0,0.8797,4,206,-0.215500
3630,12.00,瞬时请求候选,0x4E3,8,7,2,58,0,0,0.7460,4,421,-0.115800
3631,12.00,瞬时请求候选,0x4E3,8,7,3,59,0,0,0.7540,4,417,-0.215500
3632,12.00,瞬时请求候选,0x4E3,8,7,4,60,0,0,0.8718,4,214,0.384350
3633,12.00,瞬时请求候选,0x4E3,8,7,5,61,0,0,0.7515,4,210,-0.215500
3634,12.00,瞬时请求候选,0x545,8,0,0,0,0,0,0.6668,4,1698,-0.204550
3635,12.00,瞬时请求候选,0x545,8,0,1,1,0,0,0.6668,4,1697,-0.238950
3636,12.00,瞬时请求候选,0x545,8,0,4,4,0,0,0.8076,4,928,-0.040600
3637,12.00,瞬时请求候选,0x545,8,0,6,6,0,0,0.8076,4,934,-0.088700
3638,12.00,瞬时请求候选,0x545,8,0,7,7,0,0,0.6663,4,1691,-0.238950
3639,12.00,瞬时请求候选,0x545,8,1,0,8,0,0,0.6663,4,1697,-0.238950
3640,12.00,瞬时请求候选,0x545,8,2,0,16,0,0,0.6915,4,1214,-0.187800
3641,12.00,瞬时请求候选,0x545,8,2,1,17,0,0,0.6958,4,1194,-0.189050
3642,12.00,瞬时请求候选,0x545,8,2,2,18,1,1,0.5940,4,1685,-0.206250
3643,12.00,瞬时请求候选,0x545,8,2,3,19,0,0,0.7913,4,995,-0.237850
3644,12.00,瞬时请求候选,0x545,8,2,5,21,0,0,0.6663,4,1693,-0.238950
3645,12.00,瞬时请求候选,0x545,8,3,4,28,0,0,0.8491,4,794,-0.140650
3646,12.00,瞬时请求候选,0x545,8,3,5,29,0,0,0.8061,4,1011,-0.189500
3647,12.00,瞬时请求候选,0x545,8,3,6,30,0,0,0.8122,4,957,-0.189500
3648,12.00,瞬时请求候选,0x545,8,3,7,31,0,0,0.7562,4,1235,-0.237850
3649,12.00,瞬时请求候选,0x545,8,4,0,32,0,0,0.9132,4,448,0.207100
3650,12.00,瞬时请求候选,0x545,8,4,1,33,0,0,0.6663,4,1697,-0.238950
3651,12.00,瞬时请求候选,0x545,8,4,3,35,0,0,0.6663,4,1697,-0.238950
3652,12.00,瞬时请求候选,0x545,8,4,4,36,0,0,0.6663,4,1697,-0.238950
3653,12.00,瞬时请求候选,0x545,8,4,7,39,0,0,0.6663,4,1697,-0.238950
3654,12.00,瞬时请求候选,0x545,8,5,0,40,0,0,0.8485,4,727,-0.137900
3655,12.00,瞬时请求候选,0x545,8,5,1,41,0,0,0.7667,4,1188,-0.238950
3656,12.00,瞬时请求候选,0x545,8,5,2,42,0,0,0.8962,4,549,-0.137900
3657,12.00,瞬时请求候选,0x545,8,5,3,43,0,0,0.9651,4,176,-0.137900
3658,12.00,瞬时请求候选,0x545,8,5,4,44,0,0,0.6385,4,1698,-0.220700
3659,12.00,瞬时请求候选,0x545,8,5,5,45,0,0,0.6946,4,1559,-0.189050
3660,12.00,瞬时请求候选,0x545,8,5,7,47,0,0,0.6663,4,1697,-0.238950
3661,12.00,瞬时请求候选,0x545,8,6,0,48,0,0,0.6663,4,1697,-0.238950
3662,12.00,瞬时请求候选,0x545,8,6,3,51,0,0,0.6663,4,1697,-0.238950
3663,12.00,瞬时请求候选,0x545,8,6,4,52,1,1,0.5009,4,2546,-0.238950
3664,12.00,瞬时请求候选,0x545,8,6,5,53,1,0,0.5014,4,1275,-0.204550
3665,12.00,瞬时请求候选,0x545,8,6,6,54,不一致,不一致,0.5026,4,638,-0.171900
3666,12.00,瞬时请求候选,0x545,8,6,7,55,不一致,0,0.5043,4,319,-0.105600
3667,12.00,瞬时请求候选,0x545,8,7,0,56,1,1,0.6567,4,1301,-0.184400
3668,12.00,瞬时请求候选,0x545,8,7,1,57,1,1,0.6764,4,1281,-0.206250
3669,12.00,瞬时请求候选,0x545,8,7,2,58,0,0,0.7498,4,1120,-0.141050
3670,12.00,瞬时请求候选,0x545,8,7,3,59,1,1,0.5739,4,1556,-0.238950
3671,12.00,瞬时请求候选,0x545,8,7,4,60,不一致,不一致,0.5090,4,1547,-0.237850
3672,12.00,瞬时请求候选,0x545,8,7,5,61,不一致,不一致,0.5164,4,1215,-0.221700
3673,12.00,瞬时请求候选,0x545,8,7,6,62,不一致,1,0.5066,4,1092,-0.237850
3674,12.00,瞬时请求候选,0x545,8,7,7,63,1,1,0.5139,4,784,-0.189150
3675,12.00,瞬时请求候选,0x552,8,6,4,52,1,1,0.5000,4,842,-0.192650
3676,12.00,瞬时请求候选,0x552,8,6,5,53,1,1,0.5000,4,421,-0.092650
3677,12.00,瞬时请求候选,0x552,8,6,6,54,1,1,0.5055,4,211,-0.092650
3678,12.00,瞬时请求候选,0x552,8,6,7,55,1,0,0.5055,4,107,0.307700
3679,12.00,瞬时请求候选,0x552,8,7,4,60,1,1,0.5000,4,842,-0.192650
3680,12.00,瞬时请求候选,0x552,8,7,5,61,0,0,0.5079,4,421,-0.192650
3681,12.00,瞬时请求候选,0x552,8,7,6,62,不一致,0,0.5079,4,210,-0.192650
3682,12.00,瞬时请求候选,0x552,8,7,7,63,不一致,0,0.5079,4,103,-0.192650
3683,12.00,瞬时请求候选,0x553,8,6,4,52,1,1,0.5005,4,841,-0.197000
3684,12.00,瞬时请求候选,0x553,8,6,5,53,不一致,1,0.5005,4,420,-0.097300
3685,12.00,瞬时请求候选,0x553,8,6,6,54,不一致,1,0.5059,4,210,-0.097300
3686,12.00,瞬时请求候选,0x553,8,6,7,55,不一致,0,0.5059,4,107,0.302550
3687,12.00,瞬时请求候选,0x553,8,7,4,60,不一致,1,0.5005,4,841,-0.197000
3688,12.00,瞬时请求候选,0x553,8,7,5,61,0,0,0.5075,4,421,-0.197000
3689,12.00,瞬时请求候选,0x553,8,7,6,62,不一致,0,0.5084,4,210,-0.197000
3690,12.00,瞬时请求候选,0x553,8,7,7,63,不一致,0,0.5084,4,103,-0.197000
3691,12.00,瞬时请求候选,0x55A,8,0,0,0,1,1,0.5000,4,169,0.123750
3692,12.00,瞬时请求候选,0x55A,8,0,1,1,0,0,0.7500,4,169,0.123750
3693,12.00,瞬时请求候选,0x55A,8,0,2,2,1,1,0.5000,4,166,-0.122850
3694,12.00,瞬时请求候选,0x677,8,0,0,0,0,0,0.6000,4,1680,-0.217450
3695,12.00,瞬时请求候选,0x677,8,0,1,1,0,0,0.6000,4,842,-0.177200
3696,12.00,瞬时请求候选,0x677,8,0,2,2,0,0,0.8000,4,842,-0.177200
3697,12.00,瞬时请求候选,0x682,8,6,4,52,1,1,0.5000,4,841,-0.152600
3698,12.00,瞬时请求候选,0x682,8,6,5,53,1,1,0.5000,4,421,-0.052450
3699,12.00,瞬时请求候选,0x682,8,6,6,54,1,1,0.5055,4,211,-0.052450
3700,12.00,瞬时请求候选,0x682,8,6,7,55,1,0,0.5055,4,107,0.346250
3701,12.00,瞬时请求候选,0x682,8,7,4,60,1,1,0.5000,4,841,-0.152600
3702,12.00,瞬时请求候选,0x682,8,7,5,61,1,1,0.5000,4,421,-0.052450
3703,12.00,瞬时请求候选,0x682,8,7,6,62,不一致,1,0.5025,4,210,0.147650
3704,12.00,瞬时请求候选,0x682,8,7,7,63,不一致,0,0.5079,4,103,0.147650
3705,12.00,瞬时请求候选,0x709,8,0,0,0,不一致,不一致,0.5087,4,263,-0.184300
3706,12.00,瞬时请求候选,0x709,8,0,1,1,1,0,0.5170,4,131,0.094550
3707,12.00,瞬时请求候选,0x709,8,1,2,10,0,0,0.6496,4,101,0.376250
3708,12.00,瞬时请求候选,0x709,8,1,3,11,0,0,0.7218,4,114,-0.043700
3709,12.00,瞬时请求候选,0x709,8,1,4,12,0,0,0.6220,4,135,-0.184300
3710,12.00,瞬时请求候选,0x709,8,1,5,13,0,0,0.7113,4,110,0.688700
3711,12.00,瞬时请求候选,0x709,8,1,6,14,不一致,0,0.5391,4,106,0.251200
3712,12.00,瞬时请求候选,0x709,8,3,2,26,0,0,0.7323,4,108,0.251200
3713,12.00,瞬时请求候选,0x709,8,3,5,29,0,0,0.6812,4,101,0.391500
3714,12.00,瞬时请求候选,0x709,8,4,5,37,0,0,0.7772,4,122,3.529300
3715,12.00,瞬时请求候选,0x709,8,4,6,38,0,0,0.7275,4,112,1.966650
3716,12.00,瞬时请求候选,0x709,8,4,7,39,0,0,0.6999,4,100,2.279300
3717,12.00,瞬时请求候选,0x709,8,5,1,41,0,0,0.6723,4,115,0.234800
3718,12.00,瞬时请求候选,0x709,8,5,2,42,0,0,0.7552,4,113,0.406550
3719,12.00,瞬时请求候选,0x709,8,5,3,43,0,0,0.7552,4,100,2.902100
3720,12.00,瞬时请求候选,0x709,8,5,6,46,0,0,0.7552,4,115,0.391500
3721,12.00,瞬时请求候选,0x712,8,0,0,0,1,1,0.5000,4,509,0.192600
3722,12.00,瞬时请求候选,0x712,8,0,1,1,0,0,0.6667,4,170,0.390800
3723,12.00,瞬时请求候选,0x712,8,0,2,2,0,0,0.6667,4,169,0.192600
3724,12.00,瞬时请求候选,0x712,8,1,1,9,1,1,0.6667,4,169,0.192600
3725,12.00,瞬时请求候选,0x712,8,1,3,11,1,1,0.6667,4,169,0.192600
3726,12.00,瞬时请求候选,0x712,8,1,5,13,1,1,0.6667,4,169,0.192600
3727,12.00,瞬时请求候选,0x712,8,2,0,16,0,0,0.6508,4,222,0.336150
3728,12.00,瞬时请求候选,0x712,8,2,1,17,0,0,0.6877,4,219,0.192600
3729,12.00,瞬时请求候选,0x712,8,2,2,18,0,0,0.6345,4,201,0.289350
3730,12.00,瞬时请求候选,0x712,8,2,3,19,0,0,0.7098,4,213,0.296100
3731,12.00,瞬时请求候选,0x712,8,2,4,20,0,0,0.6310,4,261,0.288650
3732,12.00,瞬时请求候选,0x712,8,2,5,21,0,不一致,0.6332,4,302,0.192600
3733,12.00,瞬时请求候选,0x712,8,2,6,22,1,1,0.6462,4,169,0.192600
3734,12.00,瞬时请求候选,0x712,8,2,7,23,1,1,0.6462,4,169,0.192600
3735,12.00,瞬时请求候选,0x712,8,3,0,24,1,1,0.6462,4,169,0.192600
3736,12.00,瞬时请求候选,0x712,8,3,2,26,1,1,0.6667,4,169,0.192600
3737,12.00,瞬时请求候选,0x712,8,3,3,27,1,1,0.6667,4,169,0.192600
3738,12.00,瞬时请求候选,0x712,8,4,0,32,0,0,0.6898,4,215,0.339000
3739,12.00,瞬时请求候选,0x712,8,4,1,33,0,0,0.6812,4,201,0.192600
3740,12.00,瞬时请求候选,0x712,8,4,2,34,0,0,0.6840,4,201,0.288350
3741,12.00,瞬时请求候选,0x712,8,4,3,35,0,0,0.6617,4,247,0.192600
3742,12.00,瞬时请求候选,0x712,8,4,4,36,不一致,不一致,0.7003,4,171,0.241050
3743,12.00,瞬时请求候选,0x712,8,4,5,37,0,0,0.6750,4,171,0.288350
3744,12.00,瞬时请求候选,0x712,8,4,6,38,0,0,0.6763,4,169,0.288350
3745,12.00,瞬时请求候选,0x712,8,4,7,39,0,0,0.6763,4,169,0.288350
3746,12.00,瞬时请求候选,0x712,8,5,0,40,0,0,0.6763,4,169,0.288350
3747,12.00,瞬时请求候选,0x712,8,5,1,41,0,0,0.6570,4,330,0.192600
3748,12.00,瞬时请求候选,0x712,8,5,2,42,1,1,0.6667,4,169,0.192600
3749,12.00,瞬时请求候选,0x712,8,5,3,43,1,1,0.6667,4,169,0.192600
3750,12.00,瞬时请求候选,0x712,8,6,0,48,0,0,0.6951,4,211,0.240850
3751,12.00,瞬时请求候选,0x712,8,6,1,49,0,0,0.6620,4,219,0.240850
3752,12.00,瞬时请求候选,0x712,8,6,2,50,不一致,0,0.6815,4,201,0.288350
3753,12.00,瞬时请求候选,0x712,8,6,3,51,0,0,0.6568,4,189,0.339000
3754,12.00,瞬时请求候选,0x712,8,6,4,52,0,0,0.6840,4,263,0.241050
3755,12.00,瞬时请求候选,0x712,8,6,5,53,0,0,0.5755,4,274,0.192600
3756,12.00,瞬时请求候选,0x712,8,6,6,54,不一致,1,0.5466,4,169,0.192600
3757,12.00,瞬时请求候选,0x712,8,6,7,55,不一致,1,0.5466,4,169,0.192600
3758,12.00,瞬时请求候选,0x712,8,7,0,56,不一致,1,0.5466,4,169,0.192600
3759,12.00,瞬时请求候选,0x712,8,7,1,57,0,0,0.8594,4,116,0.488400
3760,12.00,瞬时请求候选,0x712,8,7,2,58,1,1,0.6667,4,169,0.192600
3761,12.00,瞬时请求候选,0x712,8,7,3,59,1,1,0.6667,4,169,0.192600
3762,12.00,瞬时请求候选,0x718,7,0,0,0,0,0,0.6000,4,340,0.023050
3763,12.00,瞬时请求候选,0x718,7,0,1,1,0,0,0.6000,4,170,0.223200
3764,12.00,瞬时请求候选,0x718,7,0,2,2,0,0,0.8000,4,166,-0.177000
3765,12.00,瞬时请求候选,0x719,8,0,0,0,1,1,0.5456,4,1223,-0.203550
3766,12.00,瞬时请求候选,0x719,8,0,1,1,0,0,0.5456,4,915,-0.229150
3767,12.00,瞬时请求候选,0x719,8,0,2,2,1,1,0.6359,4,610,-0.203600
3768,12.00,瞬时请求候选,0x719,8,0,3,3,0,0,0.7262,4,305,-0.130150
3769,12.00,瞬时请求候选,0x719,8,0,4,4,0,0,0.5468,4,609,-0.176100
3770,12.00,瞬时请求候选,0x719,8,0,5,5,0,0,0.9084,4,306,0.045050
3771,12.00,瞬时请求候选,0x719,8,0,6,6,0,0,0.8173,4,610,-0.225650
3772,12.00,瞬时请求候选,0x719,8,0,7,7,0,0,0.9084,4,306,0.045050
3773,12.00,瞬时请求候选,0x719,8,1,0,8,0,0,0.8181,4,613,-0.054400
3774,12.00,瞬时请求候选,0x719,8,1,1,9,0,0,0.6200,4,688,-0.129400
3775,12.00,瞬时请求候选,0x719,8,1,2,10,0,0,0.8015,4,405,-0.004300
3776,12.00,瞬时请求候选,0x719,8,1,3,11,0,0,0.7741,4,574,-0.178900
3777,12.00,瞬时请求候选,0x719,8,1,4,12,0,0,0.6446,4,916,-0.229150
3778,12.00,瞬时请求候选,0x719,8,1,5,13,0,0,0.8225,4,307,0.045050
3779,12.00,瞬时请求候选,0x719,8,1,6,14,0,0,0.8126,4,611,-0.200750
3780,12.00,瞬时请求候选,0x719,8,1,7,15,0,0,0.9084,4,306,0.045050
3781,12.00,瞬时请求候选,0x719,8,2,0,16,0,0,0.7275,4,916,-0.225600
3782,12.00,瞬时请求候选,0x719,8,2,1,17,0,0,0.8186,4,614,-0.054400
3783,12.00,瞬时请求候选,0x719,8,2,2,18,0,0,0.7275,4,916,-0.225600
3784,12.00,瞬时请求候选,0x719,8,2,3,19,0,0,0.8186,4,612,-0.154050
3785,12.00,瞬时请求候选,0x719,8,2,4,20,0,0,0.8186,4,609,-0.225600
3786,12.00,瞬时请求候选,0x719,8,2,5,21,0,0,0.9097,4,305,-0.105800
3787,12.00,瞬时请求候选,0x719,8,3,1,25,0,0,0.9097,4,305,-0.105800
3788,12.00,瞬时请求候选,0x719,8,3,2,26,0,0,0.8186,4,611,-0.176100
3789,12.00,瞬时请求候选,0x719,8,3,3,27,0,0,0.9097,4,305,-0.105800
3790,12.00,瞬时请求候选,0x719,8,3,4,28,0,0,0.7282,4,916,-0.225600
3791,12.00,瞬时请求候选,0x719,8,3,6,30,0,0,0.8186,4,609,-0.225600
3792,12.00,瞬时请求候选,0x719,8,4,0,32,0,0,0.7757,4,763,-0.229150
3793,12.00,瞬时请求候选,0x719,8,4,1,33,0,0,0.8567,4,489,-0.178900
3794,12.00,瞬时请求候选,0x719,8,4,2,34,0,0,0.7504,4,836,-0.178900
3795,12.00,瞬时请求候选,0x719,8,4,3,35,0,0,0.8381,4,547,-0.178900
3796,12.00,瞬时请求候选,0x719,8,4,4,36,0,0,0.6552,4,919,-0.178900
3797,12.00,瞬时请求候选,0x719,8,4,5,37,0,0,0.8897,4,369,-0.105800
3798,12.00,瞬时请求候选,0x719,8,4,6,38,0,0,0.7270,4,612,-0.178900
3799,12.00,瞬时请求候选,0x719,8,4,7,39,0,0,0.9097,4,305,-0.105800
3800,12.00,瞬时请求候选,0x719,8,5,0,40,0,0,0.7282,4,611,-0.155450
3801,12.00,瞬时请求候选,0x719,8,5,1,41,0,0,0.9104,4,301,0.046250
3802,12.00,瞬时请求候选,0x719,8,5,2,42,0,0,0.7282,4,611,-0.155450
3803,12.00,瞬时请求候选,0x719,8,5,3,43,0,0,0.9089,4,305,-0.056500
3804,12.00,瞬时请求候选,0x719,8,5,7,47,0,0,0.9089,4,305,-0.056500
3805,12.00,瞬时请求候选,0x719,8,6,0,48,0,0,0.9097,4,307,0.046250
3806,12.00,瞬时请求候选,0x719,8,6,2,50,0,0,0.9097,4,307,0.046250
3807,12.00,瞬时请求候选,0x719,8,6,5,53,0,0,0.9089,4,307,0.095200
3808,12.00,瞬时请求候选,0x719,8,7,2,58,0,0,0.9084,4,306,0.045050
3809,12.00,瞬时请求候选,0x719,8,7,4,60,0,0,0.9084,4,306,0.045050
3810,12.00,瞬时请求候选,0x75D,8,0,0,0,0,0,0.5736,4,360,-0.062050
3811,12.00,瞬时请求候选,0x75D,8,0,1,1,0,0,0.5736,4,241,0.138800
3812,12.00,瞬时请求候选,0x75D,8,0,2,2,0,0,0.5700,4,121,0.240750
3813,12.00,瞬时请求候选,0x75D,8,0,4,4,0,0,0.8595,4,118,0.336650
3814,12.00,瞬时请求候选,0x75D,8,0,6,6,0,0,0.8565,4,120,0.336650
3815,12.00,瞬时请求候选,0x75D,8,0,7,7,0,0,0.8565,4,119,0.238100
3816,12.00,瞬时请求候选,0x75D,8,1,3,11,0,0,0.8743,4,104,0.336650
3817,12.00,瞬时请求候选,0x75D,8,1,6,14,0,0,0.8601,4,118,0.336650
3818,12.00,瞬时请求候选,0x75D,8,1,7,15,0,0,0.8565,4,120,0.336650
3819,12.00,瞬时请求候选,0x75D,8,2,2,18,0,0,0.8565,4,120,0.336650
3820,12.00,瞬时请求候选,0x75D,8,2,3,19,0,0,0.8565,4,120,0.336650
3821,12.00,瞬时请求候选,0x75D,8,2,5,21,0,0,0.8565,4,120,0.336650
3822,12.00,瞬时请求候选,0x75D,8,2,7,23,0,0,0.7135,4,121,0.337050
3823,12.00,瞬时请求候选,0x75D,8,3,5,29,0,0,0.8565,4,120,0.336650
3824,12.00,瞬时请求候选,0x75D,8,3,6,30,0,0,0.8565,4,120,0.336650
3825,12.00,瞬时请求候选,0x75D,8,5,2,42,0,0,0.8762,4,106,0.336650
3826,12.00,瞬时请求候选,0x75D,8,5,4,44,0,0,0.8614,4,114,0.336650
3827,12.00,瞬时请求候选,0x75D,8,5,6,46,0,0,0.8565,4,120,0.336650
3828,12.00,瞬时请求候选,0x75D,8,5,7,47,0,0,0.8565,4,120,0.336650
3829,12.00,瞬时请求候选,0x75D,8,6,2,50,0,0,0.8565,4,120,0.336650
3830,12.00,瞬时请求候选,0x75D,8,6,3,51,0,0,0.8565,4,120,0.138100
3831,12.00,瞬时请求候选,0x75D,8,6,4,52,0,0,0.8565,4,120,0.336650
3832,12.00,瞬时请求候选,0x75D,8,6,5,53,0,0,0.7166,4,119,0.136300
3833,12.00,瞬时请求候选,0x75D,8,6,6,54,0,0,0.8718,4,104,0.336650
3834,12.00,瞬时请求候选,0x75D,8,6,7,55,0,0,0.7185,4,234,-0.061750
3835,12.00,瞬时请求候选,0x75D,8,7,0,56,0,0,0.8620,4,114,0.336650
3836,12.00,瞬时请求候选,0x75D,8,7,1,57,0,0,0.8546,4,119,0.436600
3837,12.00,瞬时请求候选,0x75D,8,7,2,58,0,0,0.8565,4,120,0.138100
3838,12.00,瞬时请求候选,0x75D,8,7,5,61,0,0,0.8601,4,119,0.436600
3839,12.00,瞬时请求候选,0x75D,8,7,6,62,0,0,0.8565,4,120,0.336650
3840,12.00,瞬时请求候选,0x75D,8,7,7,63,0,0,0.8601,4,119,0.436600
3841,12.00,瞬时请求候选,0x77A,8,0,0,0,1,1,0.5000,4,169,0.047550
3842,12.00,瞬时请求候选,0x77A,8,0,5,5,1,1,0.5000,4,169,0.047550
3843,12.00,瞬时请求候选,0x77A,8,0,7,7,1,1,0.5000,4,169,0.047550
3844,12.00,瞬时请求候选,0x77A,8,1,5,13,0,不一致,0.5708,4,144,0.047550
3845,12.00,瞬时请求候选,0x77A,8,1,6,14,不一致,不一致,0.5215,4,160,0.047550
3846,12.00,瞬时请求候选,0x77A,8,2,0,16,0,0,0.6933,4,102,0.297950
3847,12.00,瞬时请求候选,0x77A,8,2,2,18,1,1,0.6000,4,135,0.048250
3848,12.00,瞬时请求候选,0x77A,8,2,6,22,1,1,0.5000,4,169,0.047550
3849,12.00,瞬时请求候选,0x77A,8,2,7,23,1,1,0.5000,4,169,0.047550
3850,12.00,瞬时请求候选,0x77A,8,3,0,24,1,1,0.5000,4,169,0.047550
3851,12.00,瞬时请求候选,0x77A,8,3,2,26,1,1,0.5000,4,169,0.047550
3852,12.00,瞬时请求候选,0x77A,8,3,3,27,1,1,0.5000,4,169,0.047550
3853,12.00,瞬时请求候选,0x77A,8,3,4,28,1,1,0.5000,4,169,0.047550
3854,12.00,瞬时请求候选,0x77A,8,3,6,30,1,1,0.5000,4,169,0.047550
3855,12.00,瞬时请求候选,0x77A,8,4,0,32,1,1,0.5000,4,169,0.047550
3856,12.00,瞬时请求候选,0x77A,8,4,2,34,不一致,1,0.6000,4,124,0.047550
3857,12.00,瞬时请求候选,0x77A,8,4,4,36,1,1,0.6000,4,124,0.047550
3858,12.00,瞬时请求候选,0x77A,8,5,0,40,1,1,0.5000,4,169,0.047550
3859,12.00,瞬时请求候选,0x77A,8,5,4,44,1,1,0.5000,4,169,0.047550
3860,12.00,瞬时请求候选,0x77A,8,5,6,46,1,1,0.5000,4,169,0.047550
3861,12.00,瞬时请求候选,0x77A,8,6,0,48,1,1,0.5000,4,169,0.047550
3862,12.00,瞬时请求候选,0x77A,8,6,1,49,1,1,0.5000,4,169,0.047550
3863,12.00,瞬时请求候选,0x77A,8,6,2,50,1,1,0.5000,4,169,0.047550
3864,12.00,瞬时请求候选,0x77A,8,6,7,55,1,1,0.5000,4,169,0.047550
3865,12.00,瞬时请求候选,0x77A,8,7,2,58,1,1,0.5000,4,169,0.047550
3866,12.00,瞬时请求候选,0x77A,8,7,3,59,1,1,0.5000,4,169,0.047550
3867,12.00,瞬时请求候选,0x77A,8,7,4,60,1,1,0.5000,4,169,0.047550
3868,12.00,瞬时请求候选,0x77A,8,7,5,61,1,1,0.5000,4,169,0.047550
3869,12.00,瞬时请求候选,0x788,8,0,0,0,0,0,0.6656,4,562,-0.123500
3870,12.00,瞬时请求候选,0x788,8,0,1,1,0,0,0.6672,4,561,-0.171100
3871,12.00,瞬时请求候选,0x788,8,0,3,3,0,0,0.6700,4,557,-0.171300
3872,12.00,瞬时请求候选,0x788,8,0,4,4,0,0,0.6672,4,561,-0.171300
3873,12.00,瞬时请求候选,0x788,8,0,6,6,0,0,0.6672,4,561,-0.171300
3874,12.00,瞬时请求候选,0x788,8,0,7,7,0,0,0.6672,4,561,-0.171300
3875,12.00,瞬时请求候选,0x788,8,1,2,10,0,0,0.6672,4,561,-0.171300
3876,12.00,瞬时请求候选,0x788,8,1,3,11,0,0,0.6672,4,561,-0.171300
3877,12.00,瞬时请求候选,0x788,8,1,6,14,1,1,0.6656,4,562,-0.123500
3878,12.00,瞬时请求候选,0x788,8,1,7,15,0,0,0.6672,4,561,-0.171300
3879,12.00,瞬时请求候选,0x788,8,2,0,16,不一致,不一致,0.5192,4,561,-0.171500
3880,12.00,瞬时请求候选,0x788,8,2,1,17,0,0,0.8229,4,298,0.227550
3881,12.00,瞬时请求候选,0x788,8,2,2,18,0,0,0.7589,4,403,-0.171100
3882,12.00,瞬时请求候选,0x788,8,2,3,19,0,0,0.7498,4,415,-0.171100
3883,12.00,瞬时请求候选,0x788,8,2,4,20,0,0,0.5846,4,561,-0.171300
3884,12.00,瞬时请求候选,0x788,8,2,6,22,0,0,0.6672,4,561,-0.171100
3885,12.00,瞬时请求候选,0x788,8,2,7,23,1,1,0.6656,4,562,-0.123500
3886,12.00,瞬时请求候选,0x788,8,3,0,24,1,1,0.6656,4,562,-0.123500
3887,12.00,瞬时请求候选,0x788,8,3,1,25,1,1,0.6656,4,562,-0.123500
3888,12.00,瞬时请求候选,0x788,8,3,2,26,0,0,0.6672,4,561,-0.171100
3889,12.00,瞬时请求候选,0x788,8,3,5,29,1,1,0.6656,4,562,-0.123500
3890,12.00,瞬时请求候选,0x788,8,3,6,30,1,1,0.6656,4,562,-0.123500
3891,12.00,瞬时请求候选,0x788,8,3,7,31,0,0,0.6672,4,561,-0.171100
3892,12.00,瞬时请求候选,0x788,8,4,0,32,1,1,0.6672,4,561,-0.171300
3893,12.00,瞬时请求候选,0x788,8,4,1,33,0,0,0.6656,4,562,-0.123500
3894,12.00,瞬时请求候选,0x788,8,4,2,34,1,1,0.6672,4,561,-0.171300
3895,12.00,瞬时请求候选,0x788,8,4,3,35,1,1,0.6672,4,561,-0.171300
3896,12.00,瞬时请求候选,0x788,8,4,4,36,0,0,0.6656,4,562,-0.123500
3897,12.00,瞬时请求候选,0x788,8,4,5,37,0,0,0.6656,4,562,-0.123500
3898,12.00,瞬时请求候选,0x788,8,4,6,38,1,1,0.6672,4,561,-0.171300
3899,12.00,瞬时请求候选,0x788,8,4,7,39,0,0,0.6656,4,562,-0.123500
3900,12.00,瞬时请求候选,0x788,8,5,0,40,1,1,0.6672,4,561,-0.171300
3901,12.00,瞬时请求候选,0x788,8,5,1,41,0,0,0.6672,4,561,-0.171100
3902,12.00,瞬时请求候选,0x788,8,5,5,45,0,0,0.6656,4,562,-0.123500
3903,12.00,瞬时请求候选,0x788,8,5,7,47,0,0,0.6656,4,562,-0.123500
3904,12.00,瞬时请求候选,0x788,8,6,1,49,0,0,0.6672,4,561,-0.171300
3905,12.00,瞬时请求候选,0x788,8,6,3,51,0,0,0.6656,4,562,-0.123500
3906,12.00,瞬时请求候选,0x788,8,6,4,52,0,0,0.6656,4,562,-0.123500
3907,12.00,瞬时请求候选,0x788,8,6,6,54,0,0,0.6656,4,562,-0.121100
3908,12.00,瞬时请求候选,0x788,8,6,7,55,0,0,0.6672,4,561,-0.171300
3909,12.00,瞬时请求候选,0x788,8,7,0,56,0,0,0.6656,4,562,-0.123500
3910,12.00,瞬时请求候选,0x788,8,7,1,57,0,0,0.6656,4,562,-0.123500
3911,12.00,瞬时请求候选,0x788,8,7,4,60,0,0,0.6656,4,562,-0.123500
3912,12.00,瞬时请求候选,0x789,4,2,4,20,1,1,0.5000,4,842,-0.191150
3913,12.00,瞬时请求候选,0x789,4,2,5,21,1,1,0.5000,4,421,-0.091150
3914,12.00,瞬时请求候选,0x789,4,2,6,22,1,1,0.5055,4,211,-0.091150
3915,12.00,瞬时请求候选,0x789,4,2,7,23,1,0,0.5055,4,107,0.308900
3916,12.00,瞬时请求候选,0x789,4,3,4,28,1,1,0.5000,4,842,-0.191150
3917,12.00,瞬时请求候选,0x789,4,3,5,29,1,1,0.5079,4,421,-0.191150
3918,12.00,瞬时请求候选,0x789,4,3,6,30,1,1,0.5079,4,211,0.008850
3919,12.00,瞬时请求候选,0x789,4,3,7,31,0,1,0.5079,4,107,0.408850
3920,12.00,瞬时请求候选,0x78A,8,2,0,16,0,0,0.5718,4,720,-0.155750
3921,12.00,瞬时请求候选,0x78A,8,2,1,17,0,0,0.5715,4,481,-0.105650
3922,12.00,瞬时请求候选,0x78A,8,2,2,18,0,0,0.5736,4,241,0.051250
3923,12.00,瞬时请求候选,0x78A,8,4,0,32,不一致,不一致,0.5107,4,240,-0.004500
3924,12.00,瞬时请求候选,0x78A,8,4,1,33,0,0,0.5610,4,651,-0.155000
3925,12.00,瞬时请求候选,0x78A,8,4,2,34,1,1,0.6901,4,276,-0.004500
3926,12.00,瞬时请求候选,0x78A,8,4,3,35,0,0,0.6095,4,389,-0.155000
3927,12.00,瞬时请求候选,0x78A,8,4,4,36,0,0,0.7564,4,384,-0.106100
3928,12.00,瞬时请求候选,0x78A,8,4,5,37,1,1,0.6132,4,306,-0.155450
3929,12.00,瞬时请求候选,0x78A,8,4,6,38,0,0,0.7150,4,240,0.045900
3930,12.00,瞬时请求候选,0x78A,8,4,7,39,1,1,0.5700,4,480,-0.105050
3931,12.00,瞬时请求候选,0x78A,8,5,0,40,0,0,0.5702,4,481,-0.105650
3932,12.00,瞬时请求候选,0x78A,8,5,1,41,0,0,0.7132,4,481,-0.050600
3933,12.00,瞬时请求候选,0x78A,8,5,2,42,1,1,0.7117,4,240,-0.004500
3934,12.00,瞬时请求候选,0x78A,8,5,3,43,0,0,0.7153,4,480,-0.155450
3935,12.00,瞬时请求候选,0x78A,8,5,4,44,0,0,0.7117,4,241,-0.001550
3936,12.00,瞬时请求候选,0x78A,8,5,6,46,0,0,0.8567,4,240,-0.004150
3937,12.00,瞬时请求候选,0x78A,8,6,0,48,1,1,0.5985,4,366,-0.056000
3938,12.00,瞬时请求候选,0x78A,8,6,1,49,1,1,0.5870,4,421,-0.004100
3939,12.00,瞬时请求候选,0x78A,8,6,2,50,0,0,0.6552,4,484,-0.155450
3940,12.00,瞬时请求候选,0x78A,8,6,3,51,0,0,0.8243,4,277,-0.003900
3941,12.00,瞬时请求候选,0x78A,8,6,4,52,1,1,0.5467,4,481,-0.105650
3942,12.00,瞬时请求候选,0x78A,8,6,5,53,0,0,0.7147,4,240,-0.105650
3943,12.00,瞬时请求候选,0x78A,8,6,6,54,0,0,0.7147,4,240,-0.105650
3944,12.00,瞬时请求候选,0x78A,8,6,7,55,0,0,0.7150,4,480,-0.155750
3945,12.00,瞬时请求候选,0x78A,8,7,0,56,0,0,0.7117,4,241,-0.001550
3946,12.00,瞬时请求候选,0x78A,8,7,1,57,0,0,0.7147,4,240,-0.105650
3947,12.00,瞬时请求候选,0x78A,8,7,2,58,0,0,0.5700,4,241,0.050150
3948,12.00,瞬时请求候选,0x78A,8,7,3,59,0,0,0.7117,4,241,-0.001550
3949,12.00,瞬时请求候选,0x78A,8,7,4,60,0,0,0.8567,4,240,-0.004150
3950,12.00,瞬时请求候选,0x78A,8,7,6,62,0,0,0.8567,4,240,-0.004150
3951,12.00,瞬时请求候选,0x797,4,2,4,20,1,1,0.5000,4,839,-0.199000
3952,12.00,瞬时请求候选,0x797,4,2,5,21,1,1,0.5000,4,419,-0.149800
3953,12.00,瞬时请求候选,0x797,4,2,6,22,1,1,0.5055,4,211,-0.049300
3954,12.00,瞬时请求候选,0x797,4,2,7,23,1,0,0.5055,4,107,0.350900
3955,12.00,瞬时请求候选,0x797,4,3,4,28,1,1,0.5000,4,839,-0.199000
3956,12.00,瞬时请求候选,0x797,4,3,5,29,1,1,0.5079,4,420,-0.147700
3957,12.00,瞬时请求候选,0x797,4,3,6,30,0,0,0.5079,4,210,0.050500
3958,12.00,瞬时请求候选,0x797,4,3,7,31,不一致,1,0.5079,4,103,0.050500
3959,12.00,瞬时请求候选,0x798,8,0,0,0,0,0,0.5733,4,721,-0.159300
3960,12.00,瞬时请求候选,0x798,8,0,1,1,0,0,0.5697,4,481,-0.111200
3961,12.00,瞬时请求候选,0x798,8,0,2,2,0,0,0.5702,4,240,-0.111200
3962,12.00,瞬时请求候选,0x798,8,0,3,3,0,0,0.5752,4,425,-0.159300
3963,12.00,瞬时请求候选,0x798,8,0,4,4,不一致,0,0.6163,4,629,-0.160700
3964,12.00,瞬时请求候选,0x798,8,0,5,5,1,1,0.6586,4,480,-0.109200
3965,12.00,瞬时请求候选,0x798,8,0,6,6,0,0,0.8654,4,224,-0.049500
3966,12.00,瞬时请求候选,0x798,8,0,7,7,0,0,0.5895,4,446,-0.111200
3967,12.00,瞬时请求候选,0x798,8,1,0,8,1,1,0.6059,4,299,-0.060850
3968,12.00,瞬时请求候选,0x798,8,1,1,9,1,1,0.7196,4,240,-0.010150
3969,12.00,瞬时请求候选,0x798,8,1,2,10,0,0,0.7132,4,481,-0.049500
3970,12.00,瞬时请求候选,0x798,8,1,3,11,0,0,0.8586,4,240,0.039900
3971,12.00,瞬时请求候选,0x798,8,1,4,12,0,0,0.7166,4,480,-0.159300
3972,12.00,瞬时请求候选,0x798,8,1,5,13,不一致,不一致,0.5498,4,404,-0.111200
3973,12.00,瞬时请求候选,0x798,8,1,6,14,1,1,0.5475,4,280,0.039200
3974,12.00,瞬时请求候选,0x798,8,1,7,15,0,0,0.5712,4,426,-0.109950
3975,12.00,瞬时请求候选,0x798,8,2,0,16,0,0,0.6968,4,240,-0.008450
3976,12.00,瞬时请求候选,0x798,8,2,1,17,1,1,0.5684,4,240,-0.060850
3977,12.00,瞬时请求候选,0x798,8,2,2,18,0,0,0.7150,4,480,-0.109350
3978,12.00,瞬时请求候选,0x798,8,2,3,19,0,0,0.5736,4,480,-0.159700
3979,12.00,瞬时请求候选,0x798,8,2,4,20,0,0,0.7150,4,480,-0.109350
3980,12.00,瞬时请求候选,0x798,8,2,5,21,0,0,0.8565,4,240,-0.005550
3981,12.00,瞬时请求候选,0x798,8,2,6,22,0,0,0.5733,4,240,-0.009300
3982,12.00,瞬时请求候选,0x798,8,3,0,24,0,0,0.6297,4,477,-0.110200
3983,12.00,瞬时请求候选,0x798,8,3,1,25,0,0,0.5856,4,479,-0.160700
3984,12.00,瞬时请求候选,0x798,8,3,2,26,1,1,0.6568,4,328,-0.061100
3985,12.00,瞬时请求候选,0x798,8,3,3,27,0,0,0.6230,4,632,-0.160700
3986,12.00,瞬时请求候选,0x798,8,3,4,28,不一致,1,0.5207,4,480,-0.109200
3987,12.00,瞬时请求候选,0x798,8,3,5,29,0,0,0.7662,4,392,-0.109350
3988,12.00,瞬时请求候选,0x798,8,3,6,30,1,1,0.6193,4,392,-0.110600
3989,12.00,瞬时请求候选,0x798,8,3,7,31,0,0,0.8586,4,240,0.039900
3990,12.00,瞬时请求候选,0x798,8,4,1,33,0,0,0.7168,4,240,-0.008450
3991,12.00,瞬时请求候选,0x798,8,4,2,34,0,不一致,0.5450,4,494,-0.159300
3992,12.00,瞬时请求候选,0x798,8,4,4,36,1,1,0.5430,4,240,-0.060850
3993,12.00,瞬时请求候选,0x798,8,4,5,37,0,0,0.7153,4,480,-0.159300
3994,12.00,瞬时请求候选,0x798,8,4,6,38,0,0,0.5736,4,480,-0.159700
3995,12.00,瞬时请求候选,0x798,8,4,7,39,0,0,0.7153,4,480,-0.159300
3996,12.00,瞬时请求候选,0x798,8,5,0,40,1,1,0.7117,4,240,-0.010150
3997,12.00,瞬时请求候选,0x798,8,5,1,41,0,0,0.8586,4,240,0.039900
3998,12.00,瞬时请求候选,0x798,8,5,3,43,0,0,0.7168,4,240,-0.008450
3999,12.00,瞬时请求候选,0x798,8,6,4,52,1,1,0.5000,4,841,-0.160700
4000,12.00,瞬时请求候选,0x798,8,6,5,53,1,1,0.5000,4,421,-0.060850
4001,12.00,瞬时请求候选,0x798,8,6,6,54,1,1,0.5055,4,211,-0.060850
4002,12.00,瞬时请求候选,0x798,8,6,7,55,1,0,0.5055,4,107,0.339450
4003,12.00,瞬时请求候选,0x798,8,7,0,56,不一致,1,0.5557,4,495,-0.109950
4004,12.00,瞬时请求候选,0x798,8,7,1,57,1,1,0.6708,4,346,0.040900
4005,12.00,瞬时请求候选,0x798,8,7,2,58,0,0,0.6690,4,495,-0.058550
4006,12.00,瞬时请求候选,0x798,8,7,3,59,0,0,0.6130,4,377,-0.159300
4007,12.00,瞬时请求候选,0x798,8,7,4,60,1,1,0.5250,4,474,-0.160700
4008,12.00,瞬时请求候选,0x798,8,7,5,61,不一致,不一致,0.5206,4,376,-0.110600
4009,12.00,瞬时请求候选,0x798,8,7,6,62,不一致,不一致,0.5203,4,369,-0.159700
4010,12.00,瞬时请求候选,0x798,8,7,7,63,不一致,1,0.5171,4,233,-0.109950
4011,12.00,瞬时请求候选,0x7A8,8,0,0,0,0,0,0.6656,4,558,-0.230500
4012,12.00,瞬时请求候选,0x7A8,8,0,1,1,0,0,0.6672,4,558,-0.230350
4013,12.00,瞬时请求候选,0x7A8,8,0,2,2,0,0,0.6672,4,558,-0.182950
4014,12.00,瞬时请求候选,0x7A8,8,0,4,4,0,0,0.6672,4,558,-0.182950
4015,12.00,瞬时请求候选,0x7A8,8,0,6,6,0,0,0.6672,4,558,-0.182950
4016,12.00,瞬时请求候选,0x7A8,8,0,7,7,0,0,0.6672,4,558,-0.182950
4017,12.00,瞬时请求候选,0x7A8,8,1,2,10,0,0,0.6672,4,558,-0.182950
4018,12.00,瞬时请求候选,0x7A8,8,1,6,14,1,1,0.6656,4,558,-0.230500
4019,12.00,瞬时请求候选,0x7A8,8,1,7,15,0,0,0.6672,4,558,-0.182950
4020,12.00,瞬时请求候选,0x7A8,8,2,0,16,不一致,0,0.5155,4,557,-0.231450
4021,12.00,瞬时请求候选,0x7A8,8,2,1,17,0,0,0.8710,4,211,-0.082150
4022,12.00,瞬时请求候选,0x7A8,8,2,2,18,0,0,0.8574,4,240,-0.031300
4023,12.00,瞬时请求候选,0x7A8,8,2,3,19,0,0,0.7881,4,346,-0.181100
4024,12.00,瞬时请求候选,0x7A8,8,2,4,20,0,0,0.8617,4,232,0.918700
4025,12.00,瞬时请求候选,0x7A8,8,2,6,22,0,0,0.6672,4,558,-0.230350
4026,12.00,瞬时请求候选,0x7A8,8,2,7,23,1,1,0.6656,4,558,-0.230500
4027,12.00,瞬时请求候选,0x7A8,8,3,0,24,1,1,0.6656,4,558,-0.230500
4028,12.00,瞬时请求候选,0x7A8,8,3,1,25,1,1,0.6656,4,558,-0.230500
4029,12.00,瞬时请求候选,0x7A8,8,3,2,26,0,0,0.6672,4,558,-0.230350
4030,12.00,瞬时请求候选,0x7A8,8,3,4,28,0,0,0.6672,4,558,-0.230350
4031,12.00,瞬时请求候选,0x7A8,8,3,5,29,0,0,0.6672,4,558,-0.182950
4032,12.00,瞬时请求候选,0x7A8,8,3,6,30,1,1,0.6656,4,558,-0.230500
4033,12.00,瞬时请求候选,0x7A8,8,4,0,32,1,1,0.6672,4,558,-0.182950
4034,12.00,瞬时请求候选,0x7A8,8,4,1,33,0,0,0.6656,4,558,-0.230500
4035,12.00,瞬时请求候选,0x7A8,8,4,2,34,1,1,0.6672,4,558,-0.182950
4036,12.00,瞬时请求候选,0x7A8,8,4,3,35,1,1,0.6672,4,558,-0.182950
4037,12.00,瞬时请求候选,0x7A8,8,4,4,36,0,0,0.6656,4,558,-0.230500
4038,12.00,瞬时请求候选,0x7A8,8,4,5,37,0,0,0.6656,4,558,-0.230500
4039,12.00,瞬时请求候选,0x7A8,8,4,6,38,1,1,0.6672,4,558,-0.182950
4040,12.00,瞬时请求候选,0x7A8,8,4,7,39,0,0,0.6656,4,558,-0.230500
4041,12.00,瞬时请求候选,0x7A8,8,5,0,40,1,1,0.6672,4,558,-0.182950
4042,12.00,瞬时请求候选,0x7A8,8,5,1,41,0,0,0.6672,4,558,-0.230350
4043,12.00,瞬时请求候选,0x7A8,8,5,2,42,0,0,0.6672,4,558,-0.230350
4044,12.00,瞬时请求候选,0x7A8,8,5,5,45,0,0,0.6656,4,558,-0.230500
4045,12.00,瞬时请求候选,0x7A8,8,5,7,47,0,0,0.6656,4,558,-0.230500
4046,12.00,瞬时请求候选,0x7A8,8,6,1,49,0,0,0.6672,4,558,-0.182950
4047,12.00,瞬时请求候选,0x7A8,8,6,3,51,0,0,0.6656,4,558,-0.230500
4048,12.00,瞬时请求候选,0x7A8,8,6,4,52,0,0,0.6656,4,558,-0.230500
4049,12.00,瞬时请求候选,0x7A8,8,6,6,54,0,0,0.6656,4,558,-0.230500
4050,12.00,瞬时请求候选,0x7A8,8,6,7,55,0,0,0.6672,4,558,-0.182950
4051,12.00,瞬时请求候选,0x7A8,8,7,0,56,0,0,0.6656,4,558,-0.230500
4052,12.00,瞬时请求候选,0x7A8,8,7,1,57,0,0,0.6656,4,558,-0.230500
4053,12.00,瞬时请求候选,0x7A8,8,7,4,60,0,0,0.6656,4,558,-0.230500
4054,12.00,瞬时请求候选,0x7AA,8,0,0,0,0,0,0.5385,4,1005,-0.214700
4055,12.00,瞬时请求候选,0x7AA,8,0,1,1,0,0,0.5385,4,503,-0.174750
4056,12.00,瞬时请求候选,0x7AA,8,0,2,2,0,0,0.6154,4,337,-0.094350
4057,12.00,瞬时请求候选,0x7AA,8,0,3,3,0,0,0.6154,4,169,0.060400
4058,12.00,瞬时请求候选,0x7AA,8,0,4,4,0,0,0.8768,4,268,-0.099600
4059,12.00,瞬时请求候选,0x7AA,8,0,5,5,0,0,0.7190,4,330,-0.214700
4060,12.00,瞬时请求候选,0x7AA,8,0,6,6,0,0,0.7819,4,332,-0.179850
4061,12.00,瞬时请求候选,0x7AA,8,0,7,7,0,0,0.7692,4,332,-0.179850
4062,12.00,瞬时请求候选,0x7AA,8,1,0,8,0,0,0.6883,4,511,-0.135150
4063,12.00,瞬时请求候选,0x7AA,8,1,1,9,0,0,0.6948,4,484,0.168650
4064,12.00,瞬时请求候选,0x7AA,8,1,2,10,0,0,0.6117,4,557,-0.100900
4065,12.00,瞬时请求候选,0x7AA,8,1,3,11,0,0,0.6686,4,391,0.128250
4066,12.00,瞬时请求候选,0x7AA,8,1,4,12,0,0,0.7437,4,484,-0.021750
4067,12.00,瞬时请求候选,0x7AA,8,1,5,13,0,0,0.5959,4,748,-0.180550
4068,12.00,瞬时请求候选,0x7AA,8,1,6,14,0,0,0.5643,4,846,-0.180550
4069,12.00,瞬时请求候选,0x7AA,8,1,7,15,0,0,0.6265,4,553,-0.021450
4070,12.00,瞬时请求候选,0x7AA,8,2,0,16,0,0,0.5907,4,473,-0.100500
4071,12.00,瞬时请求候选,0x7AA,8,2,1,17,1,1,0.5514,4,719,-0.174750
4072,12.00,瞬时请求候选,0x7AA,8,2,2,18,不一致,1,0.5196,4,657,-0.214700
4073,12.00,瞬时请求候选,0x7AA,8,2,3,19,0,0,0.5903,4,435,-0.179850
4074,12.00,瞬时请求候选,0x7AA,8,2,4,20,0,0,0.7690,4,333,-0.174650
4075,12.00,瞬时请求候选,0x7AA,8,2,5,21,0,0,0.7723,4,333,-0.135150
4076,12.00,瞬时请求候选,0x7AA,8,2,6,22,0,0,0.7786,4,333,-0.174650
4077,12.00,瞬时请求候选,0x7AA,8,2,7,23,0,0,0.6177,4,597,-0.214700
4078,12.00,瞬时请求候选,0x7AA,8,3,0,24,0,0,0.5634,4,515,-0.214700
4079,12.00,瞬时请求候选,0x7AA,8,3,1,25,0,0,0.6814,4,482,-0.174750
4080,12.00,瞬时请求候选,0x7AA,8,3,2,26,0,0,0.6007,4,766,-0.214700
4081,12.00,瞬时请求候选,0x7AA,8,3,3,27,0,0,0.6055,4,662,-0.179850
4082,12.00,瞬时请求候选,0x7AA,8,3,4,28,0,0,0.5611,4,658,-0.100900
4083,12.00,瞬时请求候选,0x7AA,8,3,5,29,1,不一致,0.5146,4,616,-0.021750
4084,12.00,瞬时请求候选,0x7AA,8,3,6,30,0,0,0.5579,4,587,-0.214700
4085,12.00,瞬时请求候选,0x7AA,8,3,7,31,1,1,0.5365,4,550,-0.180550
4086,12.00,瞬时请求候选,0x7AA,8,4,0,32,0,0,0.7112,4,494,-0.021750
4087,12.00,瞬时请求候选,0x7AA,8,4,1,33,0,0,0.6511,4,463,-0.135150
4088,12.00,瞬时请求候选,0x7AA,8,4,2,34,0,1,0.5204,4,437,-0.135150
4089,12.00,瞬时请求候选,0x7AA,8,4,3,35,0,0,0.6852,4,484,-0.021450
4090,12.00,瞬时请求候选,0x7AA,8,4,4,36,0,0,0.7167,4,324,-0.100500
4091,12.00,瞬时请求候选,0x7AA,8,4,5,37,0,0,0.7233,4,309,-0.179850
4092,12.00,瞬时请求候选,0x7AA,8,4,6,38,0,0,0.7040,4,435,-0.179850
4093,12.00,瞬时请求候选,0x7AA,8,4,7,39,0,0,0.8395,4,257,-0.061000
4094,12.00,瞬时请求候选,0x7AA,8,5,0,40,0,0,0.6302,4,409,-0.100900
4095,12.00,瞬时请求候选,0x7AA,8,5,1,41,0,0,0.7380,4,322,-0.179850
4096,12.00,瞬时请求候选,0x7AA,8,5,2,42,0,0,0.8079,4,290,-0.100900
4097,12.00,瞬时请求候选,0x7AA,8,5,3,43,0,0,0.6140,4,424,-0.094350
4098,12.00,瞬时请求候选,0x7AA,8,5,4,44,0,0,0.7873,4,291,-0.179850
4099,12.00,瞬时请求候选,0x7AA,8,5,5,45,0,0,0.8664,4,165,-0.099600
4100,12.00,瞬时请求候选,0x7AA,8,5,6,46,0,0,0.9029,4,165,-0.021750
4101,12.00,瞬时请求候选,0x7AA,8,5,7,47,0,0,0.8462,4,165,-0.100500
4102,12.00,瞬时请求候选,0x7AA,8,6,0,48,0,0,0.6234,4,592,-0.100600
4103,12.00,瞬时请求候选,0x7AA,8,6,1,49,0,0,0.7077,4,438,-0.100600
4104,12.00,瞬时请求候选,0x7AA,8,6,2,50,0,0,0.7592,4,497,-0.021450
4105,12.00,瞬时请求候选,0x7AA,8,6,3,51,0,0,0.7139,4,446,-0.021450
4106,12.00,瞬时请求候选,0x7AA,8,6,4,52,0,0,0.6657,4,496,-0.179850
4107,12.00,瞬时请求候选,0x7AA,8,6,5,53,0,0,0.7244,4,435,-0.100500
4108,12.00,瞬时请求候选,0x7AA,8,6,6,54,0,0,0.8169,4,329,-0.021450
4109,12.00,瞬时请求候选,0x7AA,8,6,7,55,0,0,0.7664,4,341,-0.100500
4110,12.00,瞬时请求候选,0x7AA,8,7,0,56,0,0,0.7692,4,332,-0.100500
4111,12.00,瞬时请求候选,0x7AA,8,7,1,57,0,0,0.8462,4,339,0.060400
4112,12.00,瞬时请求候选,0x7AA,8,7,2,58,0,0,0.7692,4,507,-0.094350
4113,12.00,瞬时请求候选,0x7AA,8,7,3,59,1,1,0.5385,4,504,-0.174750
4114,12.00,瞬时请求候选,0x7AA,8,7,4,60,0,0,0.8462,4,338,0.055450
4115,12.00,瞬时请求候选,0x7AA,8,7,5,61,0,0,0.6923,4,332,-0.100500
4116,12.00,瞬时请求候选,0x7AA,8,7,6,62,0,0,0.9231,4,165,-0.021450
4117,12.00,瞬时请求候选,0x7B8,8,0,0,0,0,0,0.5733,4,718,-0.218700
4118,12.00,瞬时请求候选,0x7B8,8,0,1,1,0,0,0.5697,4,478,-0.218100
4119,12.00,瞬时请求候选,0x7B8,8,0,2,2,0,0,0.5702,4,239,-0.120300
4120,12.00,瞬时请求候选,0x7B8,8,0,3,3,0,0,0.5409,4,426,-0.218100
4121,12.00,瞬时请求候选,0x7B8,8,0,4,4,0,0,0.5890,4,351,-0.168100
4122,12.00,瞬时请求候选,0x7B8,8,0,5,5,0,0,0.7552,4,300,-0.070300
4123,12.00,瞬时请求候选,0x7B8,8,0,6,6,0,0,0.6650,4,465,-0.120300
4124,12.00,瞬时请求候选,0x7B8,8,0,7,7,0,0,0.6714,4,392,-0.018750
4125,12.00,瞬时请求候选,0x7B8,8,1,0,8,不一致,1,0.5557,4,310,-0.069550
4126,12.00,瞬时请求候选,0x7B8,8,1,1,9,不一致,1,0.5554,4,477,-0.218100
4127,12.00,瞬时请求候选,0x7B8,8,1,2,10,不一致,0,0.5860,4,389,-0.069550
4128,12.00,瞬时请求候选,0x7B8,8,1,3,11,0,0,0.8437,4,258,-0.118100
4129,12.00,瞬时请求候选,0x7B8,8,1,4,12,1,1,0.5684,4,240,-0.020300
4130,12.00,瞬时请求候选,0x7B8,8,1,5,13,0,0,0.6284,4,493,-0.121650
4131,12.00,瞬时请求候选,0x7B8,8,1,6,14,1,1,0.6183,4,360,-0.169550
4132,12.00,瞬时请求候选,0x7B8,8,1,7,15,1,1,0.6305,4,369,-0.218600
4133,12.00,瞬时请求候选,0x7B8,8,2,0,16,0,0,0.7271,4,275,-0.070850
4134,12.00,瞬时请求候选,0x7B8,8,2,1,17,0,1,0.5639,4,389,-0.069550
4135,12.00,瞬时请求候选,0x7B8,8,2,2,18,0,0,0.6589,4,240,-0.170700
4136,12.00,瞬时请求候选,0x7B8,8,2,3,19,不一致,0,0.5720,4,479,-0.168750
4137,12.00,瞬时请求候选,0x7B8,8,2,4,20,0,0,0.5733,4,239,-0.018750
4138,12.00,瞬时请求候选,0x7B8,8,2,6,22,0,0,0.5736,4,239,-0.170700
4139,12.00,瞬时请求候选,0x7B8,8,3,0,24,0,0,0.5941,4,515,-0.218100
4140,12.00,瞬时请求候选,0x7B8,8,3,1,25,不一致,1,0.5130,4,491,-0.218100
4141,12.00,瞬时请求候选,0x7B8,8,3,2,26,0,不一致,0.5318,4,367,-0.118750
4142,12.00,瞬时请求候选,0x7B8,8,3,3,27,0,0,0.6933,4,358,-0.068750
4143,12.00,瞬时请求候选,0x7B8,8,3,4,28,0,0,0.6299,4,380,-0.120100
4144,12.00,瞬时请求候选,0x7B8,8,3,5,29,0,0,0.8144,4,306,-0.118100
4145,12.00,瞬时请求候选,0x7B8,8,3,6,30,0,0,0.7679,4,358,-0.170700
4146,12.00,瞬时请求候选,0x7B8,8,3,7,31,0,0,0.5635,4,248,-0.170100
4147,12.00,瞬时请求候选,0x7B8,8,4,1,33,0,0,0.7230,4,469,-0.170700
4148,12.00,瞬时请求候选,0x7B8,8,4,2,34,不一致,不一致,0.5323,4,326,-0.120850
4149,12.00,瞬时请求候选,0x7B8,8,4,3,35,0,0,0.7781,4,269,-0.169650
4150,12.00,瞬时请求候选,0x7B8,8,4,4,36,不一致,不一致,0.5691,4,677,-0.218100
4151,12.00,瞬时请求候选,0x7B8,8,4,5,37,不一致,不一致,0.5757,4,691,-0.218700
4152,12.00,瞬时请求候选,0x7B8,8,4,6,38,0,0,0.5672,4,704,-0.218600
4153,12.00,瞬时请求候选,0x7B8,8,4,7,39,0,0,0.8602,4,228,0.029150
4154,12.00,瞬时请求候选,0x7B8,8,5,0,40,0,0,0.8521,4,254,-0.118100
4155,12.00,瞬时请求候选,0x7B8,8,5,1,41,0,0,0.5718,4,718,-0.218600
4156,12.00,瞬时请求候选,0x7B8,8,5,2,42,0,0,0.8565,4,238,-0.118100
4157,12.00,瞬时请求候选,0x7B8,8,5,3,43,0,0,0.8583,4,239,-0.020100
4158,12.00,瞬时请求候选,0x7B8,8,6,4,52,1,1,0.5000,4,837,-0.218700
4159,12.00,瞬时请求候选,0x7B8,8,6,5,53,1,1,0.5000,4,417,-0.218700
4160,12.00,瞬时请求候选,0x7B8,8,6,6,54,1,1,0.5055,4,211,-0.020300
4161,12.00,瞬时请求候选,0x7B8,8,6,7,55,1,0,0.5055,4,107,0.379850
4162,12.00,瞬时请求候选,0x7B8,8,7,0,56,不一致,不一致,0.5470,4,516,-0.218100
4163,12.00,瞬时请求候选,0x7B8,8,7,1,57,0,0,0.5969,4,402,-0.168100
4164,12.00,瞬时请求候选,0x7B8,8,7,2,58,不一致,1,0.5118,4,429,-0.218100
4165,12.00,瞬时请求候选,0x7B8,8,7,3,59,0,0,0.6647,4,369,-0.070300
4166,12.00,瞬时请求候选,0x7B8,8,7,4,60,不一致,不一致,0.5378,4,489,-0.218100
4167,12.00,瞬时请求候选,0x7B8,8,7,5,61,1,1,0.5183,4,453,-0.218700
4168,12.00,瞬时请求候选,0x7B8,8,7,6,62,0,0,0.5163,4,400,-0.218700
4169,12.00,瞬时请求候选,0x7B8,8,7,7,63,不一致,1,0.5247,4,413,-0.068750
4170,12.00,瞬时请求候选,0x7D5,8,0,0,0,0,0,0.6857,4,1837,-0.233600
4171,12.00,瞬时请求候选,0x7D5,8,0,1,1,1,1,0.6571,4,2000,-0.227000
4172,12.00,瞬时请求候选,0x7D5,8,0,2,2,0,0,0.6571,4,1838,-0.227000
4173,12.00,瞬时请求候选,0x7D5,8,0,3,3,1,1,0.6000,4,1675,-0.233600
4174,12.00,瞬时请求候选,0x7D5,8,0,4,4,0,0,0.7143,4,1675,-0.233600
4175,12.00,瞬时请求候选,0x7D5,8,0,5,5,1,1,0.8571,4,162,-0.221900
4176,12.00,瞬时请求候选,0x7D5,8,0,6,6,0,0,0.8571,4,162,-0.221900
4177,12.00,瞬时请求候选,0x7D5,8,1,0,8,0,0,0.9263,4,282,-0.219900
4178,12.00,瞬时请求候选,0x7D5,8,1,1,9,0,0,0.9670,4,172,-0.219150
4179,12.00,瞬时请求候选,0x7D5,8,1,2,10,0,0,0.9701,4,172,-0.218650
4180,12.00,瞬时请求候选,0x7D5,8,1,3,11,0,0,0.9156,4,172,-0.221900
4181,12.00,瞬时请求候选,0x7D5,8,1,4,12,0,0,0.8571,4,162,-0.221900
4182,12.00,瞬时请求候选,0x7D5,8,1,5,13,0,0,0.9429,4,162,-0.221900
4183,12.00,瞬时请求候选,0x7D5,8,1,6,14,0,0,0.9143,4,324,-0.221900
4184,12.00,瞬时请求候选,0x7D5,8,1,7,15,0,0,0.9143,4,162,-0.221900
4185,12.00,瞬时请求候选,0x7D5,8,2,0,16,0,0,0.6523,4,1886,-0.227000
4186,12.00,瞬时请求候选,0x7D5,8,2,1,17,0,0,0.6865,4,1826,-0.227000
4187,12.00,瞬时请求候选,0x7D5,8,2,2,18,0,0,0.6857,4,1838,-0.227000
4188,12.00,瞬时请求候选,0x7D5,8,2,3,19,0,0,0.6857,4,1838,-0.227000
4189,12.00,瞬时请求候选,0x7D5,8,2,4,20,0,0,0.6286,4,1838,-0.227000
4190,12.00,瞬时请求候选,0x7D5,8,2,5,21,1,1,0.5714,4,1675,-0.233600
4191,12.00,瞬时请求候选,0x7D5,8,2,6,22,0,0,0.6000,4,1675,-0.233600
4192,12.00,瞬时请求候选,0x7D5,8,2,7,23,0,0,0.6857,4,1837,-0.233600
4193,12.00,瞬时请求候选,0x7D5,8,3,0,24,0,0,0.9312,4,190,-0.219700
4194,12.00,瞬时请求候选,0x7D5,8,3,1,25,0,0,0.6971,4,1767,-0.233600
4195,12.00,瞬时请求候选,0x7D5,8,3,2,26,0,0,0.6805,4,1861,-0.233600
4196,12.00,瞬时请求候选,0x7D5,8,3,3,27,0,0,0.7040,4,1745,-0.233600
4197,12.00,瞬时请求候选,0x7D5,8,3,4,28,0,0,0.6311,4,1999,-0.233600
4198,12.00,瞬时请求候选,0x7D5,8,3,5,29,0,0,0.6286,4,1837,-0.233600
4199,12.00,瞬时请求候选,0x7D5,8,3,6,30,0,0,0.6571,4,1837,-0.233600
4200,12.00,瞬时请求候选,0x7D5,8,3,7,31,0,0,0.6571,4,1837,-0.233600
4201,12.00,瞬时请求候选,0x7D5,8,4,0,32,0,0,0.9631,4,204,-0.219550
4202,12.00,瞬时请求候选,0x7D5,8,4,1,33,0,0,0.9429,4,162,-0.219550
4203,12.00,瞬时请求候选,0x7D5,8,4,2,34,0,0,0.9429,4,162,-0.219550
4204,12.00,瞬时请求候选,0x7D5,8,4,4,36,0,0,0.9143,4,162,-0.219550
4205,12.00,瞬时请求候选,0x7D5,8,4,5,37,0,0,0.9714,4,162,-0.219550
4206,12.00,瞬时请求候选,0x7D5,8,4,6,38,0,0,0.9429,4,162,-0.219150
4207,12.00,瞬时请求候选,0x7D5,8,4,7,39,0,0,0.9714,4,162,-0.219550
4208,12.00,瞬时请求候选,0x7D5,8,5,0,40,0,0,0.9429,4,324,-0.219550
4209,12.00,瞬时请求候选,0x7D5,8,5,1,41,0,0,0.9429,4,162,-0.219550
4210,12.00,瞬时请求候选,0x7D5,8,5,2,42,0,0,0.9429,4,162,-0.219550
4211,12.00,瞬时请求候选,0x7D5,8,5,3,43,0,0,0.9429,4,324,-0.219550
4212,12.00,瞬时请求候选,0x7D5,8,5,4,44,0,0,0.9714,4,162,-0.219550
4213,12.00,瞬时请求候选,0x7D5,8,5,5,45,0,0,0.9714,4,162,-0.219550
4214,12.00,瞬时请求候选,0x7D5,8,5,6,46,0,0,0.9429,4,162,-0.219150
4215,12.00,瞬时请求候选,0x7D5,8,5,7,47,0,0,0.9714,4,158,-0.218650
4216,12.00,瞬时请求候选,0x7D5,8,6,0,48,0,0,0.9330,4,324,-0.221900
4217,12.00,瞬时请求候选,0x7D5,8,6,2,50,0,0,0.9616,4,162,-0.218700
4218,12.00,瞬时请求候选,0x7D5,8,6,3,51,0,0,0.9616,4,230,-0.221900
4219,12.00,瞬时请求候选,0x7D5,8,6,4,52,0,0,0.9527,4,162,-0.218950
4220,12.00,瞬时请求候选,0x7D5,8,6,5,53,0,0,0.9714,4,162,-0.221900
4221,12.00,瞬时请求候选,0x7D5,8,6,6,54,0,0,0.9712,4,162,-0.218950
4222,12.00,瞬时请求候选,0x7D5,8,7,1,57,0,0,0.9712,4,166,-0.219150
4223,12.00,瞬时请求候选,0x7D5,8,7,3,59,0,0,0.9717,4,158,-0.218650
4224,12.00,瞬时请求候选,0x7D5,8,7,4,60,0,0,0.9429,4,162,-0.218950
4225,12.00,瞬时请求候选,0x7D5,8,7,6,62,0,0,0.9143,4,162,-0.219150
4226,12.00,瞬时请求候选,0x7FF,8,0,0,0,1,1,0.5549,4,744,-0.218350
4227,12.00,瞬时请求候选,0x7FF,8,0,1,1,0,0,0.5558,4,373,-0.173150
4228,12.00,瞬时请求候选,0x7FF,8,0,2,2,0,0,0.5551,4,187,-0.076150
4229,12.00,瞬时请求候选,0x7FF,8,0,3,3,0,0,0.7786,4,187,0.024650
4230,12.00,瞬时请求候选,0x7FF,8,1,0,8,1,1,0.6680,4,186,-0.025350
4231,12.00,瞬时请求候选,0x7FF,8,1,1,9,0,0,0.6663,4,370,-0.218350
4232,12.00,瞬时请求候选,0x7FF,8,1,2,10,0,0,0.6672,4,371,-0.216400
4233,12.00,瞬时请求候选,0x7FF,8,1,3,11,0,0,0.7779,4,372,-0.075850
4234,12.00,瞬时请求候选,0x7FF,8,1,4,12,0,0,0.7770,4,185,-0.123900
4235,12.00,瞬时请求候选,0x7FF,8,1,5,13,1,1,0.5558,4,557,-0.216400
4236,12.00,瞬时请求候选,0x7FF,8,1,6,14,0,0,0.7786,4,370,-0.121850
4237,12.00,瞬时请求候选,0x7FF,8,1,7,15,0,0,0.6672,4,371,-0.216400
4238,12.00,瞬时请求候选,0x7FF,8,2,0,16,0,0,0.8877,4,186,0.073800
4239,12.00,瞬时请求候选,0x7FF,8,2,1,17,0,0,0.5549,4,559,-0.171850
4240,12.00,瞬时请求候选,0x7FF,8,2,2,18,0,0,0.7786,4,186,-0.026900
4241,12.00,瞬时请求候选,0x7FF,8,2,3,19,0,0,0.6648,4,371,-0.126050
4242,12.00,瞬时请求候选,0x7FF,8,2,4,20,0,0,0.7764,4,373,-0.121150
4243,12.00,瞬时请求候选,0x7FF,8,2,5,21,0,0,0.5543,4,371,-0.218150
4244,12.00,瞬时请求候选,0x7FF,8,2,6,22,0,0,0.7770,4,371,-0.173800
4245,12.00,瞬时请求候选,0x7FF,8,2,7,23,0,0,0.7779,4,373,-0.121150
4246,12.00,瞬时请求候选,0x7FF,8,3,0,24,0,0,0.6672,4,558,-0.171400
4247,12.00,瞬时请求候选,0x7FF,8,3,1,25,0,0,0.8893,4,185,-0.027350
4248,12.00,瞬时请求候选,0x7FF,8,3,2,26,0,0,0.7794,4,372,-0.121950
4249,12.00,瞬时请求候选,0x7FF,8,3,3,27,0,0,0.7770,4,371,-0.123900
4250,12.00,瞬时请求候选,0x7FF,8,3,5,29,0,0,0.7770,4,371,-0.123900
4251,12.00,瞬时请求候选,0x7FF,8,3,6,30,0,0,0.6680,4,559,-0.171850
4252,12.00,瞬时请求候选,0x7FF,8,3,7,31,0,0,0.8877,4,186,0.073800
4253,12.00,瞬时请求候选,0x7FF,8,4,1,33,0,0,0.8893,4,185,-0.027350
4254,12.00,瞬时请求候选,0x7FF,8,4,2,34,0,0,0.8893,4,185,0.072600
4255,12.00,瞬时请求候选,0x7FF,8,4,3,35,0,0,0.7786,4,370,-0.121850
4256,12.00,瞬时请求候选,0x7FF,8,4,5,37,0,0,0.6641,4,187,0.025050
4257,12.00,瞬时请求候选,0x7FF,8,4,6,38,0,0,0.5549,4,558,-0.171850
4258,12.00,瞬时请求候选,0x7FF,8,4,7,39,0,0,0.7770,4,185,-0.123900
4259,12.00,瞬时请求候选,0x7FF,8,5,0,40,0,0,0.8893,4,185,0.072600
4260,12.00,瞬时请求候选,0x7FF,8,5,1,41,0,0,0.8877,4,186,-0.026450
4261,12.00,瞬时请求候选,0x7FF,8,5,2,42,0,0,0.7779,4,372,-0.126050
4262,12.00,瞬时请求候选,0x7FF,8,5,3,43,0,0,0.8893,4,185,-0.027350
4263,12.00,瞬时请求候选,0x7FF,8,5,4,44,0,0,0.8893,4,185,0.072600
4264,12.00,瞬时请求候选,0x7FF,8,5,5,45,0,0,0.7755,4,186,-0.025450
4265,12.00,瞬时请求候选,0x7FF,8,5,6,46,0,0,0.7786,4,186,-0.026900
4266,12.00,瞬时请求候选,0x7FF,8,6,0,48,0,0,0.6672,4,373,-0.125600
4267,12.00,瞬时请求候选,0x7FF,8,6,1,49,0,0,0.5565,4,373,-0.171850
4268,12.00,瞬时请求候选,0x7FF,8,6,2,50,0,0,0.7755,4,186,-0.025450
4269,12.00,瞬时请求候选,0x7FF,8,6,3,51,0,0,0.7779,4,372,-0.171850
4270,12.00,瞬时请求候选,0x7FF,8,6,4,52,0,0,0.7770,4,371,-0.173800
4271,12.00,瞬时请求候选,0x7FF,8,6,5,53,0,0,0.6663,4,372,-0.127050
4272,12.00,瞬时请求候选,0x7FF,8,6,6,54,0,0,0.8893,4,185,-0.027350
4273,12.00,瞬时请求候选,0x7FF,8,6,7,55,0,0,0.6656,4,372,-0.123900
4274,12.00,瞬时请求候选,0x7FF,8,7,4,60,0,0,0.8893,4,185,0.072600
4275,12.00,瞬时请求候选,0x7FF,8,7,5,61,0,0,0.7779,4,373,-0.121150
4276,12.00,瞬时请求候选,0x7FF,8,7,6,62,0,0,0.8886,4,187,0.075150
4277,12.00,瞬时请求候选,0x7FF,8,7,7,63,0,0,0.7779,4,372,-0.121950
4278,11.80,瞬时请求候选,0x332,6,4,1,33,0,0,0.6866,3,61,0.042900
4279,11.80,瞬时请求候选,0x332,6,4,3,35,1,1,0.6866,3,61,0.042900
4280,11.60,瞬时请求候选,0x23A,8,1,5,13,0,1,0.7543,2,22,0.779900
4281,11.60,瞬时请求候选,0x25D,8,6,1,49,0,0,0.9650,3,62,2.637700
4282,11.60,瞬时请求候选,0x25D,8,6,2,50,0,0,0.9650,3,62,2.637700
4283,11.60,瞬时请求候选,0x25D,8,6,3,51,1,1,0.9650,3,62,2.637700
4284,11.60,瞬时请求候选,0x75D,8,3,3,27,0,0,0.9221,3,62,0.741900
4285,10.40,瞬时请求候选,0x2F1,8,2,4,20,0,0,0.9583,3,68,2.288400
4286,10.40,瞬时请求候选,0x400,7,1,5,13,1,1,0.8734,3,68,3.290900
4287,9.20,瞬时请求候选,0x2B4,6,2,1,17,不一致,1,0.9552,3,74,0.095100
4288,7.20,瞬时请求候选,0x782,8,0,3,3,1,0,0.8833,1,4,4.200800
4289,7.00,瞬时请求候选,0x23A,8,0,4,4,1,0,0.8785,1,5,1.278500
4290,5.20,瞬时请求候选,0x3F9,8,2,3,19,0,0,0.9414,3,94,0.131600
4291,4.40,瞬时请求候选,0x372,8,7,2,58,0,0,0.9503,3,98,1.172000
4292,4.00,瞬时请求候选,0x201,8,5,2,42,0,0,0.8777,3,818,-0.227600
4293,4.00,瞬时请求候选,0x243,8,6,1,49,0,0,0.8862,3,1031,-0.180300
4294,4.00,瞬时请求候选,0x263,8,4,4,36,0,0,0.8898,3,797,-0.247600
4295,4.00,瞬时请求候选,0x2E1,8,6,4,52,0,0,0.9386,3,811,0.543600
4296,4.00,瞬时请求候选,0x312,8,5,6,46,不一致,1,0.6000,3,120,0.186200
4297,4.00,瞬时请求候选,0x379,8,3,4,28,0,0,0.8944,3,123,0.375500
4298,4.00,瞬时请求候选,0x39A,8,3,2,26,1,1,0.8713,3,246,2.213600
4299,4.00,瞬时请求候选,0x45A,8,7,1,57,不一致,不一致,0.6460,3,892,-0.217800
4300,4.00,瞬时请求候选,0x45A,8,7,2,58,不一致,1,0.7206,3,816,4.080500
4301,4.00,瞬时请求候选,0x45A,8,7,3,59,不一致,不一致,0.8148,3,614,-0.216900
4302,4.00,瞬时请求候选,0x45A,8,7,4,60,不一致,不一致,0.6468,3,1166,-0.218600
4303,4.00,瞬时请求候选,0x45A,8,7,5,61,1,1,0.7000,3,875,-0.216900
4304,4.00,瞬时请求候选,0x45A,8,7,6,62,不一致,不一致,0.7000,3,875,-0.216900
4305,-1.40,瞬时请求候选,0x3D2,8,0,1,1,0,1,0.8530,0,7,
4306,-1.80,瞬时请求候选,0x2C7,8,6,0,48,1,0,0.7861,0,9,
