case,contrast,can_id,field,a_mode,b_mode,a_purity,b_purity,a_unique,b_unique,a_median,b_median,effect_size,a_samples,b_samples,score
hvac,on_vs_off_post,0x1FA,B0,26,2,1.0,1.0,1,1,26.0,2.0,2.18218,2800,1200,96.704
hvac,on_vs_off_post,0x253,B2,52,57,1.0,1.0,1,1,52.0,57.0,2.18296,1122,480,96.704
hvac,on_vs_off_post,0x253,B3,133,63,1.0,1.0,1,1,133.0,63.0,2.18296,1122,480,96.704
hvac,on_vs_off_post,0x253,B5,98,145,1.0,1.0,1,1,98.0,145.0,2.18296,1122,480,96.704
hvac,on_vs_off_post,0x253,B6,0,4,1.0,1.0,1,1,0.0,4.0,2.18296,1122,480,96.704
hvac,on_vs_off_post,0x2A1,B5,1,0,1.0,1.0,1,1,1.0,0.0,2.18218,2800,1200,96.704
hvac,on_vs_off_post,0x2A7,B7,129,132,1.0,1.0,1,1,129.0,132.0,2.18218,2800,1200,96.704
hvac,on_vs_off_post,0x2BF,B5,24,0,1.0,1.0,1,1,24.0,0.0,2.18218,1400,600,96.704
hvac,on_vs_off_post,0x2D3,B4,65,64,1.0,1.0,1,1,65,64.0,2.18244,565,242,96.704
hvac,on_vs_off_post,0x2F3,B3,4,128,1.0,1.0,1,1,4,128.0,2.21597,603,240,96.704
hvac,on_vs_off_post,0x323,B4,4,2,1.0,1.0,1,1,4.0,2.0,2.18218,280,120,96.704
hvac,on_vs_off_post,0x361,B3,4,3,1.0,1.0,1,1,4.0,3.0,2.18218,280,120,96.704
hvac,on_vs_off_post,0x421,B0,176,0,1.0,1.0,1,1,176.0,0.0,2.18218,2800,1200,96.704
hvac,on_vs_off_pre,0x1FA,B0,26,2,1.0,1.0,1,1,26.0,2.0,3.02372,2800,400,96.704
hvac,on_vs_off_pre,0x2A1,B5,1,0,1.0,1.0,1,1,1.0,0.0,3.02372,2800,400,96.704
hvac,on_vs_off_pre,0x2A7,B7,129,132,1.0,1.0,1,1,129.0,132.0,3.02372,2800,400,96.704
hvac,on_vs_off_pre,0x2BF,B5,24,0,1.0,1.0,1,1,24.0,0.0,3.02372,1400,200,96.704
hvac,on_vs_off_pre,0x2D3,B4,65,66,1.0,1.0,1,1,65,66,3.01971,565,81,96.704
hvac,on_vs_off_pre,0x2D3,B7,99,100,1.0,1.0,1,1,99,100,3.01971,565,81,96.704
hvac,on_vs_off_pre,0x2F3,B3,4,0,1.0,1.0,1,1,4,0.0,3.10969,603,80,96.704
hvac,on_vs_off_pre,0x321,B2,169,168,1.0,1.0,1,1,169.0,168.0,3.02372,280,40,96.704
hvac,on_vs_off_pre,0x323,B4,4,2,1.0,1.0,1,1,4.0,2.0,3.02372,280,40,96.704
hvac,on_vs_off_pre,0x361,B3,4,3,1.0,1.0,1,1,4.0,3.0,3.02372,280,40,96.704
hvac,on_vs_off_pre,0x383,B0,171,169,1.0,1.0,1,1,171.0,169.0,3.02372,2800,400,96.704
hvac,on_vs_off_pre,0x421,B0,176,0,1.0,1.0,1,1,176.0,0.0,3.02372,2800,400,96.704
hvac,on_vs_off_pre,0x422,B0,112,240,1.0,1.0,1,1,112.0,240.0,3.02372,2800,400,96.704
hvac,on_vs_off_post,0x323,B3,3,2,0.96071,1.0,3,1,3.0,2.0,2.05481,280,120,92.815
hvac,on_vs_off_pre,0x323,B3,3,2,0.96071,1.0,3,1,3.0,2.0,2.64511,280,40,92.815
hvac,on_vs_off_post,0x323,B0,63,60,0.95357,1.0,3,1,63.0,60.0,2.1637,280,120,92.386
hvac,on_vs_off_pre,0x323,B0,63,60,0.95357,1.0,3,1,63.0,60.0,2.96334,280,40,92.386
hvac,on_vs_off_pre,0x452,B0,223,224,0.925,1.0,2,1,223.0,224.0,2.48526,280,40,91.341
hvac,on_vs_off_post,0x452,B0,223,222,0.925,1.0,2,1,223.0,222.0,1.93616,280,120,90.064
hvac,on_vs_off_pre,0x361,B4,2,1,0.9,1.0,3,1,2.0,1.0,2.20288,280,40,89.172
hvac,on_vs_off_pre,0x32A,B1,125,126,0.85714,1.0,2,1,125.0,126.0,2.28571,56,8,87.27
hvac,on_vs_off_post,0x361,B4,2,1,0.9,1.0,3,1,2.0,1.0,1.86547,280,120,86.481
hvac,on_vs_off_post,0x32A,B1,125,126,0.85714,1.0,2,1,125.0,126.0,1.90476,56,24,85.365
hvac,on_vs_off_pre,0x528,B2,151,150,0.83929,1.0,2,1,151.0,150.0,1.90027,280,40,84.204
hvac,on_vs_off_post,0x528,B2,151,152,0.83929,1.0,2,1,151.0,152.0,1.88954,280,120,83.989
hvac,on_vs_off_post,0x33A,B2,99,83,0.83571,1.0,2,1,99.0,83.0,1.69612,280,120,79.906
hvac,on_vs_off_pre,0x2D3,B5,3,1,0.72389,1.0,2,1,3,1,2.43621,565,81,79.275
hvac,on_vs_off_pre,0x353,B7,5,254,0.70714,1.0,2,1,5.0,254.0,3.02368,280,40,78.27
hvac,on_vs_off_pre,0x2A7,B5,136,140,0.73893,0.745,2,2,136.0,140.0,1.82695,2800,400,76.046
hvac,on_vs_off_post,0x361,B0,54,52,0.67857,1.0,3,1,54.0,52.0,2.02604,280,120,75.886
hvac,on_vs_off_pre,0x361,B0,54,52,0.67857,1.0,3,1,54.0,52.0,2.57009,280,40,75.886
hvac,on_vs_off_post,0x321,B3,138,140,0.68571,0.99167,3,2,138.0,140.0,1.93585,280,120,74.485
hvac,on_vs_off_pre,0x292,B0,69,71,0.62071,1.0,2,1,69.0,71.0,2.30756,2800,400,73.084
hvac,on_vs_off_post,0x348,B3,8,9,0.66071,1.0,2,1,8.0,9.0,1.83344,280,120,72.153
hvac,on_vs_off_post,0x292,B0,69,68,0.62071,0.93,2,2,69.0,68.0,1.77463,2800,1200,67.907
hvac,on_vs_off_post,0x2F3,B0,11,16,0.64179,1.0,6,1,11,16.0,1.78177,603,240,67.904
hvac,on_vs_off_pre,0x282,B5,52,19,0.54377,1.0,3,1,52,19.0,2.27304,2799,400,67.798
hvac,on_vs_off_pre,0x353,B6,1,253,0.70714,1.0,2,1,1.0,253.0,1.44344,280,40,67.139
hvac,on_vs_off_post,0x20C,B5,161,192,0.54519,0.99167,4,2,161,192.0,1.94094,2799,1200,65.693
hvac,on_vs_off_post,0x452,B1,148,152,0.56786,0.94167,2,2,148.0,152.0,1.79679,280,120,65.179
hvac,on_vs_off_pre,0x2D3,B0,226,224,0.48319,0.65432,4,2,226,224,2.23155,565,81,63.153
hvac,on_vs_off_post,0x292,B2,13,253,0.66893,1.0,3,1,13.0,253.0,1.36012,2800,1200,62.51
hvac,on_vs_off_pre,0x348,B3,8,7,0.66071,1.0,2,1,8.0,7.0,1.33786,280,40,62.241
hvac,on_vs_off_post,0x2D3,B5,3,2,0.72389,0.55785,2,2,3,2.0,1.65009,565,242,61.645
hvac,on_vs_off_post,0x241,B5,87,69,0.63737,1.0,3,1,87,69,1.40845,2799,1199,61.583
hvac,on_vs_off_post,0x2D3,B0,226,228,0.48319,0.6281,4,2,226,228.0,1.90033,565,242,61.16
hvac,on_vs_off_post,0x3F5,B2,85,59,0.56221,1.0,25,1,85,59.0,1.85344,2821,1200,60.914
hvac,on_vs_off_pre,0x22A,B2,41,41,0.94286,0.6425,2,2,41.0,41.0,1.3477,2800,400,60.676
hvac,on_vs_off_pre,0x383,B7,90,92,0.41429,1.0,4,1,90.0,92.0,2.23681,2800,400,59.482
hvac,on_vs_off_pre,0x332,B0,24,24,0.5,0.475,4,4,24.0,28.5,1.85436,280,40,58.996
hvac,on_vs_off_pre,0x2B4,B2,211,220,0.42929,0.94,6,3,212.0,220.0,2.84667,2800,400,58.849
hvac,on_vs_off_post,0x252,B2,143,144,0.62536,1.0,2,1,143.0,144.0,1.26052,2800,1200,58.573
hvac,on_vs_off_pre,0x252,B2,143,144,0.62536,1.0,2,1,143.0,144.0,1.25632,2800,400,58.489
hvac,on_vs_off_post,0x273,B4,85,59,0.52288,1.0,27,1,85.0,59.0,1.8456,612,240,58.183
hvac,on_vs_off_pre,0x33A,B3,173,181,0.62143,1.0,2,1,173.0,181.0,1.24764,280,40,58.08
hvac,on_vs_off_pre,0x292,B1,119,131,0.61071,1.0,2,1,119.0,131.0,1.22433,2800,400,56.97
hvac,on_vs_off_post,0x383,B7,90,87,0.41429,0.855,4,2,90.0,87.0,1.89263,2800,1200,56.872
hvac,on_vs_off_pre,0x2F3,B0,11,14,0.64179,1.0,6,1,11,14.0,1.20972,603,80,56.464
hvac,on_vs_off_post,0x20C,B7,12,0,0.35906,1.0,5,1,16,0.0,2.05978,2799,1200,55.706
hvac,on_vs_off_pre,0x20C,B7,12,0,0.35906,1.0,5,1,16,0.0,2.65847,2799,400,55.706
hvac,on_vs_off_post,0x2D3,B6,30,29,0.58761,1.0,2,1,30,29.0,1.19412,565,242,54.98
hvac,on_vs_off_post,0x253,B7,5,21,0.58645,1.0,2,1,5.0,21.0,1.19206,1122,480,54.869
hvac,on_vs_off_post,0x282,B3,7,0,0.35727,1.0,7,1,10,0.0,2.01972,2799,1200,54.845
hvac,on_vs_off_pre,0x282,B3,7,0,0.35727,1.0,7,1,10,0.0,2.55407,2799,400,54.845
hvac,on_vs_off_pre,0x253,B7,5,21,0.58645,1.0,2,1,5.0,21.0,1.17332,1122,160,54.495
hvac,on_vs_off_post,0x2C7,B6,70,67,0.36214,0.72583,4,2,71.0,67.0,1.92324,2800,1200,54.356
hvac,on_vs_off_post,0x282,B0,100,0,0.35656,1.0,11,1,124,0.0,2.06256,2799,1200,53.699
hvac,on_vs_off_pre,0x282,B0,100,0,0.35656,1.0,11,1,124,0.0,2.66596,2799,400,53.699
hvac,on_vs_off_pre,0x2A4,B7,67,59,0.32143,1.0,5,1,67.0,59.0,2.73092,280,40,53.448
hvac,on_vs_off_pre,0x282,B6,19,11,0.42229,1.0,4,1,27,11.0,1.67125,2799,400,53.387
hvac,on_vs_off_post,0x292,B4,210,209,0.56393,1.0,2,1,210.0,209.0,1.15371,2800,1200,52.751
hvac,on_vs_off_pre,0x452,B1,148,144,0.56786,1.0,2,1,148.0,144.0,1.13574,280,40,52.627
hvac,on_vs_off_post,0x292,B3,54,245,0.56393,1.0,3,1,54.0,245.0,1.15166,2800,1200,52.041
hvac,on_vs_off_post,0x282,B5,52,35,0.54377,1.0,3,1,52,35.0,1.21043,2799,1200,52.006
hvac,on_vs_off_pre,0x2A4,B3,239,229,0.31071,0.975,7,2,238.0,229.0,2.65706,280,40,51.735
hvac,on_vs_off_pre,0x282,B1,248,0,0.35798,1.0,26,1,228,0.0,2.38166,2799,400,51.482
hvac,on_vs_off_pre,0x2F3,B2,6,2,0.5141,1.0,6,1,6,2.0,1.33373,603,80,51.282
hvac,on_vs_off_post,0x282,B6,19,11,0.42229,1.0,4,1,27,11.0,1.5638,2799,1200,51.238
hvac,on_vs_off_pre,0x289,B1,16,2,0.35571,1.0,17,1,24.0,2.0,1.90989,2800,400,50.707
hvac,on_vs_off_pre,0x400,B0,0,202,0.76821,0.5975,10,7,0.0,202.0,1.17348,2800,400,50.648
hvac,on_vs_off_post,0x282,B1,248,0,0.35798,1.0,26,1,228,0.0,1.94795,2799,1200,50.441
hvac,on_vs_off_post,0x33A,B3,173,173,0.62143,1.0,2,1,173.0,173.0,0.85779,280,120,50.283
hvac,on_vs_off_post,0x38B,B6,37,37,0.5089,0.74167,3,2,37,37.0,1.24749,281,120,50.108
hvac,on_vs_off_post,0x2F3,B7,0,0,0.61692,1.0,2,1,0,0.0,0.8589,603,240,50.034
hvac,on_vs_off_post,0x292,B1,119,119,0.61071,1.0,2,1,119.0,119.0,0.87432,2800,1200,49.97
hvac,on_vs_off_pre,0x262,B5,112,176,0.53214,1.0,2,1,112.0,176.0,1.06681,280,40,49.106
hvac,on_vs_off_pre,0x262,B6,82,146,0.53214,1.0,2,1,82.0,146.0,1.06681,280,40,49.106
hvac,on_vs_off_pre,0x2F3,B7,0,0,0.61692,1.0,2,1,0,0.0,0.80973,603,80,49.051
hvac,on_vs_off_pre,0x324,B2,6,3,0.23571,1.0,5,1,7.0,3.0,2.19766,280,40,48.305
hvac,on_vs_off_pre,0x2D3,B6,30,30,0.58761,1.0,2,1,30,30,0.85879,565,81,48.274
hvac,on_vs_off_post,0x262,B5,112,112,0.53214,1.0,2,1,112.0,112.0,0.99692,280,120,47.708
hvac,on_vs_off_post,0x262,B6,82,82,0.53214,1.0,2,1,82.0,82.0,0.99692,280,120,47.708
hvac,on_vs_off_post,0x20C,B6,56,8,0.50947,1.0,2,1,56,8.0,1.06362,2799,1200,47.682
hvac,on_vs_off_pre,0x292,B4,210,210,0.56393,1.0,2,1,210.0,210.0,0.89769,2800,400,47.631
hvac,on_vs_off_post,0x312,B5,141,141,0.5,0.5,12,5,141.0,167.0,1.2892,560,240,47.113
hvac,on_vs_off_pre,0x20C,B6,56,8,0.50947,1.0,2,1,56,8.0,1.02498,2799,400,46.909
hvac,on_vs_off_post,0x3C3,B4,0,0,0.5,1.0,2,1,64.0,0.0,1.04828,2800,1200,46.807
hvac,on_vs_off_pre,0x292,B2,13,29,0.66893,1.0,3,1,13.0,29.0,0.57339,2800,400,46.775
hvac,on_vs_off_pre,0x318,B5,52,49,0.21436,0.8625,5,2,53,49.0,2.22456,2799,400,46.623
hvac,on_vs_off_pre,0x61D,B0,25,22,0.21429,0.8125,5,2,26.0,22.0,2.22778,560,80,46.619
hvac,on_vs_off_pre,0x3C3,B4,0,0,0.5,1.0,2,1,64.0,0.0,1.00791,2800,400,45.999
hvac,on_vs_off_post,0x324,B2,6,11,0.23571,0.55,5,3,7.0,11.0,1.91159,280,120,45.783
hvac,on_vs_off_pre,0x312,B5,141,89,0.5,0.5,12,2,141.0,115.0,1.17921,560,80,45.46
hvac,on_vs_off_pre,0x20C,B4,252,0,0.35691,1.0,30,1,114,0.0,1.71582,2799,400,45.334
hvac,on_vs_off_pre,0x38B,B6,37,37,0.5089,0.975,3,2,37,37.0,1.00682,281,40,45.295
hvac,on_vs_off_post,0x289,B1,16,4,0.35571,1.0,17,1,24.0,4.0,1.63887,2800,1200,45.287
hvac,on_vs_off_pre,0x20C,B2,57,72,0.21865,0.715,11,2,57,72.0,2.61542,2799,400,45.202
hvac,on_vs_off_post,0x318,B5,52,58,0.21436,0.50042,5,3,53,58,1.91915,2799,1199,44.653
hvac,on_vs_off_post,0x61D,B0,25,31,0.21429,0.5,5,3,26.0,31.0,1.91921,560,240,44.65
hvac,on_vs_off_pre,0x3F5,B2,85,72,0.56221,1.0,25,1,85,72.0,1.03667,2821,400,44.579
hvac,on_vs_off_pre,0x321,B1,78,162,0.21429,1.0,17,1,54.0,162.0,2.68411,280,40,44.024
hvac,on_vs_off_post,0x282,B4,24,240,0.2283,1.0,25,1,48,240.0,2.11418,2799,1200,43.81
hvac,on_vs_off_pre,0x282,B4,24,240,0.2283,1.0,25,1,48,240.0,2.81134,2799,400,43.81
hvac,on_vs_off_pre,0x20C,B5,161,160,0.54519,0.98,4,2,161,160.0,0.8449,2799,400,43.772
hvac,on_vs_off_pre,0x400,B1,224,224,0.86571,0.5775,3,7,224.0,224.0,0.81336,2800,400,43.724
hvac,on_vs_off_post,0x20C,B4,252,0,0.35691,1.0,30,1,114,0.0,1.59266,2799,1200,42.871
hvac,on_vs_off_post,0x2F3,B1,75,80,0.61194,1.0,7,1,75,80.0,0.59144,603,240,41.954
hvac,on_vs_off_pre,0x273,B4,85,72,0.52288,1.0,27,1,85.0,72.0,0.96599,612,80,40.59
hvac,on_vs_off_pre,0x282,B2,225,0,0.35298,1.0,28,1,146,0.0,1.47962,2799,400,40.568
hvac,on_vs_off_post,0x20C,B2,57,66,0.21865,0.405,11,5,57,65.0,1.76894,2799,1200,39.998
hvac,on_vs_off_post,0x282,B2,225,0,0.35298,1.0,28,1,146,0.0,1.43163,2799,1200,39.608
hvac,on_vs_off_pre,0x2A4,B4,117,61,0.14643,0.65,22,2,137.0,61.0,2.74452,280,40,39.129
hvac,on_vs_off_pre,0x241,B5,87,83,0.63737,1.0,3,1,87,83.0,0.25881,2799,400,38.59
hvac,on_vs_off_post,0x343,B4,159,158,0.57179,0.655,2,2,159.0,158.0,0.45358,2800,1200,38.551
hvac,on_vs_off_pre,0x2C1,B7,0,0,0.41803,0.4,32,4,1,7.0,1.26107,13999,2000,38.389
hvac,on_vs_off_pre,0x708,B0,49,48,0.56071,0.675,2,2,49.0,48.0,0.47235,280,40,38.262
hvac,on_vs_off_pre,0x383,B2,49,67,0.20071,1.0,10,1,55.0,67.0,1.67185,2800,400,38.025
hvac,on_vs_off_pre,0x2A4,B6,125,254,0.36786,1.0,4,1,126.0,254.0,1.0655,280,40,38.006
hvac,on_vs_off_pre,0x2A4,B0,189,159,0.12143,0.5,22,4,187.0,159.0,2.54687,280,40,37.398
hvac,on_vs_off_pre,0x2F3,B1,75,78,0.61194,1.0,7,1,75,78.0,0.35974,603,80,37.319
hvac,on_vs_off_pre,0x321,B0,104,42,0.13571,0.75,47,2,103.0,42.0,2.56448,280,40,36.407
hvac,on_vs_off_post,0x3A1,B3,138,138,0.5,0.5,73,31,138.0,138.0,1.0005,5600,2400,36.048
hvac,on_vs_off_pre,0x3A1,B0,232,43,0.5,0.5,5,2,232.0,137.5,0.59412,5600,800,35.644
hvac,on_vs_off_post,0x23E,B3,192,224,0.53686,0.69133,9,4,192.0,224.0,0.55735,7000,3000,35.441
hvac,on_vs_off_pre,0x2A7,B3,7,0,0.17036,1.0,16,1,6.0,0.0,1.67951,2800,400,35.141
hvac,on_vs_off_post,0x263,B5,0,0,0.40003,0.40007,10,5,20,36,0.96295,13999,5999,34.943
hvac,on_vs_off_post,0x289,B2,136,1,0.3425,1.0,30,1,136.0,1.0,1.21775,2800,1200,34.508
hvac,on_vs_off_pre,0x52F,B4,173,164,0.06071,0.425,17,4,180.0,164.0,2.26906,280,40,34.37
hvac,on_vs_off_post,0x364,B2,140,148,0.18929,0.85,12,3,124.0,148.0,1.5655,280,120,34.349
hvac,on_vs_off_post,0x20C,B3,30,30,0.36049,1.0,21,1,23,30.0,1.08188,2799,1200,33.86
hvac,on_vs_off_post,0x383,B5,144,64,0.30536,0.83583,16,7,144.0,64.0,1.23653,2800,1200,33.518
hvac,on_vs_off_pre,0x292,B3,54,118,0.56393,1.0,3,1,54.0,118.0,0.21815,2800,400,33.37
hvac,on_vs_off_pre,0x3D2,B0,196,96,0.07143,0.675,36,3,172.0,96.0,2.36888,280,40,33.219
hvac,on_vs_off_post,0x2F3,B2,6,4,0.5141,1.0,6,1,6,4.0,0.41686,603,240,32.945
hvac,on_vs_off_post,0x2A7,B3,7,0,0.17036,1.0,16,1,6.0,0.0,1.5692,2800,1200,32.934
hvac,on_vs_off_pre,0x3A1,B3,138,138,0.5,0.5,73,29,138.0,138.0,0.8298,5600,800,32.692
hvac,on_vs_off_post,0x45A,B0,253,160,0.50009,0.5,4,2,253,206.5,0.41643,5599,2400,32.491
hvac,on_vs_off_post,0x383,B4,59,27,0.31607,0.87583,22,6,59.0,27.0,1.18104,2800,1200,32.483
hvac,on_vs_off_post,0x52F,B4,173,195,0.06071,0.14167,17,8,180.0,197.0,1.92902,280,120,32.449
hvac,on_vs_off_post,0x241,B4,19,10,0.16577,1.0,16,1,18,10,1.55635,2799,1199,32.402
hvac,on_vs_off_post,0x45A,B1,7,197,0.50009,0.5,4,2,7,102.0,0.3868,5599,2400,31.898
hvac,on_vs_off_post,0x2A6,B0,90,0,0.0475,1.0,40,1,84.0,0.0,2.13902,2800,1200,31.637
hvac,on_vs_off_pre,0x2A6,B0,90,0,0.0475,1.0,40,1,84.0,0.0,2.88584,2800,400,31.637
hvac,on_vs_off_pre,0x401,B2,85,165,0.0753,0.08819,53,24,85.0,161.0,2.82727,10080,1440,31.448
hvac,on_vs_off_post,0x45A,B2,248,69,0.50009,0.5,4,2,248,158.5,0.35483,5599,2400,31.259
hvac,on_vs_off_post,0x2C1,B7,0,0,0.41803,0.4,32,4,1,7.0,0.89512,13999,6000,31.07
hvac,on_vs_off_pre,0x241,B4,19,11,0.16577,1.0,16,1,18,11.0,1.48567,2799,400,30.989
hvac,on_vs_off_pre,0x3A1,B2,13,64,0.50536,0.5,54,2,13.0,38.5,0.64249,5600,800,30.721
hvac,on_vs_off_pre,0x401,B6,85,160,0.06101,0.11389,55,25,85.0,161.0,2.36973,10080,1440,30.477
hvac,on_vs_off_pre,0x401,B4,89,160,0.06151,0.09514,56,25,86.0,162.0,2.36358,10080,1440,30.47
hvac,on_vs_off_post,0x3A1,B2,13,64,0.50536,0.5,54,2,13.0,38.5,0.59194,5600,2400,29.71
hvac,on_vs_off_pre,0x2A7,B4,6,0,0.08679,1.0,35,1,15.0,0.0,1.76669,2800,400,29.708
hvac,on_vs_off_post,0x45A,B7,0,88,0.50009,0.5,15,2,0,44.0,0.38486,5599,2400,29.026
hvac,on_vs_off_pre,0x132,B2,240,247,0.08357,0.62791,39,4,231.0,247,1.7621,28000,3999,28.904
hvac,on_vs_off_pre,0x712,B7,11,10,0.54464,0.63333,3,3,11.0,10.0,0.10091,1680,240,28.859
hvac,on_vs_off_pre,0x364,B2,140,148,0.18929,0.25,12,5,124.0,140.0,1.3037,280,40,28.76
hvac,on_vs_off_post,0x383,B2,49,49,0.20071,0.94833,10,2,55.0,49.0,1.20822,2800,1200,28.512
hvac,on_vs_off_pre,0x2A4,B2,61,252,0.22857,0.75,8,3,125.0,252.0,1.08269,280,40,27.913
hvac,on_vs_off_post,0x3D2,B0,196,216,0.07143,0.225,36,6,172.0,220.0,1.7367,280,120,27.736
hvac,on_vs_off_pre,0x712,B6,0,0,0.3369,0.35833,140,22,21.0,216.5,1.1372,1680,240,27.677
hvac,on_vs_off_post,0x3A1,B0,232,107,0.5,0.5,5,2,232.0,169.5,0.19059,5600,2400,27.573
hvac,on_vs_off_post,0x241,B1,74,40,0.10504,1.0,32,1,74,40,1.58201,2799,1199,27.363
hvac,on_vs_off_pre,0x241,B2,92,12,0.2776,0.7775,8,4,92,12.0,0.91926,2799,400,27.346
hvac,on_vs_off_pre,0x332,B2,132,137,0.38214,0.5,6,3,135.0,136.5,0.56301,280,40,27.281
hvac,on_vs_off_post,0x45A,B6,99,0,0.26808,0.5,32,7,23,2.0,1.1048,5599,2400,27.114
hvac,on_vs_off_pre,0x352,B6,88,0,0.20476,0.33333,9,4,90.0,82.0,1.1296,420,60,26.961
hvac,on_vs_off_post,0x2A7,B4,6,0,0.08679,1.0,35,1,15.0,0.0,1.62475,2800,1200,26.869
hvac,on_vs_off_pre,0x132,B0,21,106,0.03186,0.04026,106,69,26.0,107,2.10971,28000,3999,26.4
hvac,on_vs_off_pre,0x241,B1,74,44,0.10504,1.0,32,1,74,44.0,1.53022,2799,400,26.328
hvac,on_vs_off_post,0x132,B2,240,247,0.08357,0.51892,39,4,231.0,247.0,1.62661,28000,12000,26.194
hvac,on_vs_off_pre,0x20C,B0,151,0,0.07896,1.0,254,1,152,0.0,1.90267,2799,400,26.155
hvac,on_vs_off_pre,0x232,B4,224,223,0.525,0.45,5,6,224.0,223.0,0.32668,280,40,26.079
hvac,on_vs_off_pre,0x45A,B6,99,0,0.26808,0.5,32,4,23,3.5,1.03335,5599,800,25.919
hvac,on_vs_off_pre,0x289,B2,136,129,0.3425,1.0,30,1,136.0,129.0,0.78548,2800,400,25.862
hvac,on_vs_off_pre,0x332,B4,77,136,0.41071,0.5,7,4,106.5,108.0,0.42502,280,40,25.688
hvac,on_vs_off_pre,0x42F,B0,251,250,0.16786,0.45,14,4,77.5,250.0,1.22119,280,40,25.662
hvac,on_vs_off_post,0x321,B0,104,72,0.13571,0.3,47,22,103.0,72.0,1.50126,280,120,25.423
hvac,on_vs_off_pre,0x3A1,B1,66,144,0.5,0.5,43,2,80.0,105.0,0.33932,5600,800,25.3
hvac,on_vs_off_post,0x3C2,B0,41,0,0.50009,0.5,2,2,41,20.5,0.00018,5599,2400,25.175
hvac,on_vs_off_post,0x3C2,B2,0,85,0.50009,0.5,2,2,0,42.5,0.00018,5599,2400,25.175
hvac,on_vs_off_post,0x3C2,B3,0,85,0.50009,0.5,2,2,0,42.5,0.00018,5599,2400,25.175
hvac,on_vs_off_post,0x3C2,B6,0,89,0.50009,0.5,2,2,0,44.5,0.00018,5599,2400,25.175
hvac,on_vs_off_post,0x3C2,B7,128,69,0.50009,0.5,2,2,128,98.5,0.00018,5599,2400,25.175
hvac,on_vs_off_post,0x45A,B4,3,95,0.50009,0.5,2,2,3,49.0,0.00018,5599,2400,25.175
hvac,on_vs_off_post,0x672,B0,0,1,0.5,0.5,2,2,0.5,0.5,0.0,28,12,25.172
hvac,on_vs_off_post,0x672,B5,0,1,0.5,0.5,2,2,0.5,0.5,0.0,28,12,25.172
hvac,on_vs_off_post,0x7BC,B0,1,0,0.5,0.5,2,2,0.5,0.5,0.0,28,12,25.172
hvac,on_vs_off_post,0x7BC,B5,1,0,0.5,0.5,2,2,0.5,0.5,0.0,28,12,25.172
hvac,on_vs_off_post,0x7F1,B0,1,2,0.5,0.5,2,2,1.5,1.5,0.0,140,60,25.172
hvac,on_vs_off_post,0x7F1,B3,0,15,0.5,0.5,2,2,7.5,7.5,0.0,140,60,25.172
hvac,on_vs_off_post,0x7F1,B5,8,0,0.5,0.5,2,2,4.0,4.0,0.0,140,60,25.172
hvac,on_vs_off_pre,0x221,B0,64,65,0.5,0.5,2,2,64.5,64.5,0.0,5600,800,25.172
hvac,on_vs_off_pre,0x221,B1,65,1,0.5,0.5,2,2,33.0,33.0,0.0,5600,800,25.172
hvac,on_vs_off_pre,0x221,B2,5,85,0.5,0.5,2,2,45.0,45.0,0.0,5600,800,25.172
hvac,on_vs_off_pre,0x221,B3,5,81,0.5,0.5,2,2,43.0,43.0,0.0,5600,800,25.172
hvac,on_vs_off_pre,0x221,B4,0,1,0.5,0.5,2,2,0.5,0.5,0.0,5600,800,25.172
hvac,on_vs_off_pre,0x221,B5,80,2,0.5,0.5,2,2,41.0,41.0,0.0,5600,800,25.172
hvac,on_vs_off_pre,0x312,B4,28,77,0.5,0.5,5,2,53.0,52.5,0.06004,560,80,24.962
hvac,on_vs_off_pre,0x37D,B0,216,1,0.5,0.5,2,3,108.5,107.5,0.00791,280,40,24.783
hvac,on_vs_off_post,0x45A,B3,255,197,0.50009,0.5,3,2,255,226.0,0.00212,5599,2400,24.667
hvac,on_vs_off_post,0x3A1,B1,66,143,0.5,0.5,43,2,80.0,104.5,0.30589,5600,2400,24.632
hvac,on_vs_off_pre,0x332,B3,6,135,0.5,0.5,4,2,70.5,70.5,0.00944,280,40,24.351
hvac,on_vs_off_pre,0x2A7,B0,158,0,0.03286,1.0,216,1,120.0,0.0,1.91617,2800,400,24.141
hvac,on_vs_off_post,0x312,B4,28,81,0.5,0.5,5,2,53.0,54.5,0.01704,560,240,24.103
hvac,on_vs_off_pre,0x2C7,B6,70,71,0.36214,1.0,4,1,71.0,71.0,0.38162,2800,400,23.986
hvac,on_vs_off_post,0x2BF,B0,9,10,0.19429,1.0,15,1,15.0,10.0,1.01689,1400,600,23.495
hvac,on_vs_off_post,0x241,B0,73,39,0.06217,0.48707,64,5,73,39,1.62175,2799,1199,23.419
hvac,on_vs_off_pre,0x20C,B3,30,26,0.36049,1.0,21,1,23,26.0,0.5565,2799,400,23.353
hvac,on_vs_off_pre,0x2BF,B0,9,10,0.19429,1.0,15,1,15.0,10.0,0.97327,1400,200,22.623
hvac,on_vs_off_post,0x241,B2,92,212,0.2776,0.48707,8,4,92,148,0.68001,2799,1199,22.561
hvac,on_vs_off_post,0x20C,B0,151,0,0.07896,1.0,254,1,152,0.0,1.70627,2799,1200,22.227
hvac,on_vs_off_pre,0x782,B2,67,65,0.26263,0.35714,7,5,67,66.0,0.70177,99,14,22.098
hvac,on_vs_off_pre,0x241,B0,73,44,0.06217,0.7775,64,5,73,44.0,1.55159,2799,400,22.016
hvac,on_vs_off_post,0x2A4,B6,125,126,0.36786,0.65833,4,2,126.0,126.0,0.25288,280,120,21.291
hvac,on_vs_off_pre,0x2B4,B4,207,198,0.03571,0.0975,60,24,220.0,198.0,1.62235,2800,400,21.262
hvac,on_vs_off_post,0x2B4,B4,207,194,0.03571,0.0975,60,25,220.0,194.0,1.62264,2800,1200,21.233
hvac,on_vs_off_post,0x321,B1,78,18,0.21429,0.39167,17,11,54.0,18.0,0.91717,280,120,21.099
hvac,on_vs_off_post,0x545,B0,2,1,0.33333,0.33333,15,7,2.0,2.0,0.49184,8484,3636,20.43
hvac,on_vs_off_post,0x37D,B3,109,218,0.44643,0.48333,4,4,164.0,164.0,0.00186,280,120,20.231
hvac,on_vs_off_pre,0x2A7,B2,192,0,0.05143,1.0,70,1,128.0,0.0,1.49336,2800,400,20.123
hvac,on_vs_off_post,0x2A7,B0,158,0,0.03286,1.0,216,1,120.0,0.0,1.71402,2800,1200,20.098
hvac,on_vs_off_post,0x2A4,B7,67,66,0.32143,0.65833,5,3,67.0,66.0,0.35936,280,120,19.881
hvac,on_vs_off_pre,0x2A4,B5,63,95,0.18929,0.25,12,5,175.0,63.0,0.85757,280,40,19.837
hvac,on_vs_off_post,0x3A2,B6,0,255,0.33333,0.33333,6,4,68.0,197.0,0.34917,8484,3636,19.79
hvac,on_vs_off_post,0x2B4,B0,102,100,0.26393,0.22417,16,15,102.0,101.0,0.82734,2800,1200,19.6
hvac,on_vs_off_pre,0x2BF,B4,36,72,0.19643,1.0,14,1,60.0,72.0,0.79967,1400,200,19.461
hvac,on_vs_off_post,0x241,B3,146,9,0.12362,0.8849,34,2,25,9,1.12642,2799,1199,19.113
hvac,on_vs_off_post,0x2A7,B2,192,0,0.05143,1.0,70,1,128.0,0.0,1.44154,2800,1200,19.086
hvac,on_vs_off_pre,0x2A7,B1,8,0,0.07036,1.0,64,1,96.0,0.0,1.35617,2800,400,18.776
hvac,on_vs_off_pre,0x712,B3,11,10,0.37679,0.66667,3,2,10.0,10.0,0.0759,1680,240,18.75
hvac,on_vs_off_post,0x2A7,B1,8,0,0.07036,1.0,64,1,96.0,0.0,1.33933,2800,1200,18.439
hvac,on_vs_off_post,0x42F,B0,251,75,0.16786,0.31667,14,7,77.5,75.0,0.87248,280,120,18.248
hvac,on_vs_off_pre,0x241,B3,146,11,0.12362,0.81,34,2,25,11.0,1.07336,2799,400,18.051
hvac,on_vs_off_pre,0x72A,B0,2,1,0.33929,0.375,3,3,1.0,1.0,0.15253,56,8,17.57
hvac,on_vs_off_post,0x343,B3,14,222,0.34571,0.32583,6,6,78.0,174.0,0.27464,2800,1200,17.348
hvac,on_vs_off_pre,0x2A1,B0,1,0,0.05036,1.0,208,1,111.5,0.0,1.50348,2800,400,17.05
hvac,on_vs_off_pre,0x72A,B1,0,57,0.33929,0.375,3,3,57.0,57.0,0.12623,56,8,17.044
hvac,on_vs_off_post,0x201,B2,1,0,0.29797,0.5001,7,3,1,0,0.3147,11199,4799,16.979
hvac,on_vs_off_post,0x303,B5,0,255,0.38214,0.4,4,4,111.0,111.0,0.02834,280,120,16.904
hvac,on_vs_off_post,0x303,B6,0,255,0.38571,0.4,5,5,133.0,133.0,0.02997,280,120,16.548
hvac,on_vs_off_pre,0x303,B5,0,255,0.38214,0.375,4,4,111.0,111.0,0.00766,280,40,16.061
hvac,on_vs_off_pre,0x72A,B4,96,49,0.33929,0.375,3,3,50.0,50.0,0.07195,56,8,15.958
hvac,on_vs_off_post,0x2A1,B0,1,0,0.05036,1.0,208,1,111.5,0.0,1.4488,2800,1200,15.956
hvac,on_vs_off_pre,0x352,B4,8,96,0.33333,0.66667,4,2,89.0,96.0,0.08808,420,60,15.924
hvac,on_vs_off_pre,0x201,B2,1,3,0.29797,0.5,7,3,1,3.0,0.26,11199,1600,15.885
hvac,on_vs_off_pre,0x72A,B3,87,48,0.33929,0.375,3,3,51.0,51.0,0.06302,56,8,15.78
hvac,on_vs_off_pre,0x2A4,B1,255,247,0.12143,0.625,23,3,187.0,247.0,0.91318,280,40,15.662
hvac,on_vs_off_pre,0x72A,B2,222,48,0.33929,0.375,3,3,71.0,71.0,0.05352,56,8,15.59
hvac,on_vs_off_pre,0x72A,B7,0,65,0.33929,0.375,3,3,56.0,56.0,0.0524,56,8,15.567
hvac,on_vs_off_pre,0x303,B6,0,255,0.38571,0.375,5,5,133.0,133.0,0.01245,280,40,15.555
hvac,on_vs_off_post,0x2BF,B4,36,48,0.19643,1.0,14,1,60.0,48.0,0.59302,1400,600,15.328
hvac,on_vs_off_pre,0x37D,B2,221,109,0.5,0.35,3,4,165.5,164.5,0.01887,280,40,15.139
hvac,on_vs_off_post,0x373,B0,12,11,0.21429,0.43333,14,7,13.0,11.0,0.57759,280,120,15.136
hvac,on_vs_off_pre,0x3C9,B4,1,97,0.33571,0.35,3,3,1.0,1.0,0.03781,280,40,15.061
hvac,on_vs_off_pre,0x3C9,B3,5,222,0.33571,0.35,3,3,5.0,5.0,0.03776,280,40,15.06
hvac,on_vs_off_post,0x201,B1,8,208,0.25047,0.5001,63,5,72,208,0.62883,11199,4799,14.902
hvac,on_vs_off_post,0x2A4,B5,63,95,0.18929,0.85,12,3,175.0,95.0,0.58689,280,120,14.777
hvac,on_vs_off_pre,0x72A,B5,0,89,0.33929,0.375,3,3,49.0,49.0,0.01075,56,8,14.734
hvac,on_vs_off_pre,0x72A,B6,0,84,0.33929,0.375,3,3,48.0,48.0,0.0062,56,8,14.643
hvac,on_vs_off_post,0x72A,B5,0,89,0.33929,0.33333,3,3,49.0,49.0,0.02115,56,24,14.585
hvac,on_vs_off_post,0x72A,B6,0,84,0.33929,0.33333,3,3,48.0,48.0,0.02081,56,24,14.578
hvac,on_vs_off_pre,0x3C9,B1,152,129,0.33571,0.35,3,3,129.0,129.0,0.01011,280,40,14.507
hvac,on_vs_off_post,0x72A,B7,0,65,0.33929,0.33333,3,3,56.0,56.0,0.01529,56,24,14.468
hvac,on_vs_off_post,0x72A,B2,222,48,0.33929,0.33333,3,3,71.0,71.0,0.01517,56,24,14.466
hvac,on_vs_off_post,0x72A,B3,87,48,0.33929,0.33333,3,3,51.0,51.0,0.01408,56,24,14.444
hvac,on_vs_off_post,0x72A,B4,96,49,0.33929,0.33333,3,3,50.0,50.0,0.01299,56,24,14.422
hvac,on_vs_off_pre,0x405,B2,0,69,0.33393,0.3375,3,3,50.0,50.0,0.00751,1120,160,14.348
hvac,on_vs_off_pre,0x405,B4,0,70,0.33393,0.3375,3,3,54.0,54.0,0.00721,1120,160,14.342
hvac,on_vs_off_pre,0x405,B3,0,55,0.33393,0.3375,3,3,53.0,53.0,0.00592,1120,160,14.316
hvac,on_vs_off_pre,0x352,B7,106,107,0.33333,0.33333,3,3,8.0,8.0,0.00695,420,60,14.301
hvac,on_vs_off_pre,0x405,B6,82,53,0.33393,0.3375,3,3,53.0,53.0,0.00501,1120,160,14.298
hvac,on_vs_off_pre,0x405,B1,0,51,0.33393,0.3375,3,3,51.0,51.0,0.00378,1120,160,14.274
hvac,on_vs_off_post,0x72A,B1,0,57,0.33929,0.33333,3,3,57.0,57.0,0.00507,56,24,14.264
hvac,on_vs_off_pre,0x788,B3,7,99,0.33357,0.335,3,3,7.0,7.0,0.00375,2800,400,14.252
hvac,on_vs_off_pre,0x788,B1,64,212,0.33357,0.335,3,3,64.0,64.0,0.00349,2800,400,14.246
hvac,on_vs_off_pre,0x7A8,B3,7,99,0.33333,0.335,3,3,7,7.0,0.00353,2799,400,14.233
hvac,on_vs_off_pre,0x405,B5,76,65,0.33393,0.3375,3,3,65.0,65.0,0.00164,1120,160,14.231
hvac,on_vs_off_pre,0x7A8,B1,64,204,0.33333,0.335,3,3,64,64.0,0.00336,2799,400,14.23
hvac,on_vs_off_post,0x3C9,B1,152,129,0.33571,0.33333,3,3,129.0,129.0,0.00312,280,120,14.225
hvac,on_vs_off_pre,0x405,B7,87,77,0.33393,0.3375,3,3,77.0,77.0,0.0013,1120,160,14.224
hvac,on_vs_off_pre,0x405,B0,16,17,0.33393,0.3375,3,3,17.0,17.0,0.00109,1120,160,14.22
hvac,on_vs_off_pre,0x414,B0,16,17,0.33393,0.3375,3,3,17.0,17.0,0.00109,1120,160,14.22
hvac,on_vs_off_post,0x3C9,B4,1,97,0.33571,0.33333,3,3,1.0,1.0,0.00249,280,120,14.212
hvac,on_vs_off_post,0x3C9,B3,5,222,0.33571,0.33333,3,3,5.0,5.0,0.00244,280,120,14.211
hvac,on_vs_off_pre,0x7A8,B5,7,0,0.33333,0.335,3,3,7,7.0,0.00188,2799,400,14.2
hvac,on_vs_off_post,0x2A4,B3,239,238,0.31071,0.50833,7,3,238.0,238.0,0.13703,280,120,14.19
hvac,on_vs_off_post,0x405,B3,0,55,0.33393,0.33333,3,3,53.0,53.0,0.00126,1120,480,14.188
hvac,on_vs_off_post,0x405,B1,0,51,0.33393,0.33333,3,3,51.0,51.0,0.00123,1120,480,14.187
hvac,on_vs_off_post,0x405,B2,0,69,0.33393,0.33333,3,3,50.0,50.0,0.00122,1120,480,14.187
hvac,on_vs_off_post,0x405,B4,0,70,0.33393,0.33333,3,3,54.0,54.0,0.00123,1120,480,14.187
hvac,on_vs_off_post,0x405,B6,82,53,0.33393,0.33333,3,3,53.0,53.0,0.00126,1120,480,14.187
hvac,on_vs_off_post,0x405,B5,76,65,0.33393,0.33333,3,3,65.0,65.0,0.00113,1120,480,14.185
hvac,on_vs_off_post,0x405,B0,16,17,0.33393,0.33333,3,3,17.0,17.0,0.00109,1120,480,14.184
hvac,on_vs_off_post,0x414,B0,16,17,0.33393,0.33333,3,3,17.0,17.0,0.00109,1120,480,14.184
hvac,on_vs_off_pre,0x38A,B0,0,1,0.33357,0.335,3,3,1.0,1.0,0.00029,2800,400,14.182
hvac,on_vs_off_post,0x405,B7,87,77,0.33393,0.33333,3,3,77.0,77.0,0.0009,1120,480,14.18
hvac,on_vs_off_post,0x3FD,B0,1,0,0.33353,0.33333,3,3,1.0,1.0,0.00073,1682,720,14.177
hvac,on_vs_off_pre,0x3FD,B0,1,0,0.33353,0.33333,3,3,1.0,1.0,0.00073,1682,240,14.177
hvac,on_vs_off_post,0x38A,B0,0,1,0.33357,0.33333,3,3,1.0,1.0,0.00038,2800,1200,14.17
hvac,on_vs_off_post,0x3FD,B6,18,1,0.33353,0.33333,3,3,1.0,1.0,0.00038,1682,720,14.17
hvac,on_vs_off_pre,0x3FD,B6,18,1,0.33353,0.33333,3,3,1.0,1.0,0.00038,1682,240,14.17
hvac,on_vs_off_post,0x788,B3,7,99,0.33357,0.33333,3,3,7.0,7.0,0.00022,2800,1200,14.167
hvac,on_vs_off_post,0x788,B1,64,212,0.33357,0.33333,3,3,64.0,64.0,0.00011,2800,1200,14.165
hvac,on_vs_off_post,0x72A,B0,2,1,0.33929,0.33333,3,3,1.0,1.0,0.0,56,24,14.162
hvac,on_vs_off_pre,0x788,B6,0,128,0.33357,0.335,4,4,128.0,128.0,0.03501,2800,400,14.123
hvac,on_vs_off_post,0x352,B4,8,90,0.33333,0.50556,4,3,89.0,90.0,0.01772,420,180,14.116
hvac,on_vs_off_post,0x3A2,B2,0,32,0.33333,0.33333,4,4,32.0,32.0,0.03306,8484,3636,14.07
hvac,on_vs_off_pre,0x352,B3,9,78,0.33333,0.33333,6,3,9.0,9.0,0.03842,420,60,13.861
hvac,on_vs_off_post,0x788,B6,0,128,0.33357,0.33333,4,4,128.0,128.0,0.01388,2800,1200,13.686
hvac,on_vs_off_pre,0x7A8,B6,0,130,0.33333,0.335,4,4,130,130.0,0.0089,2799,400,13.586
hvac,on_vs_off_pre,0x7A8,B0,2,244,0.33333,0.335,5,3,2,2.0,0.00397,2799,400,13.488
hvac,on_vs_off_pre,0x788,B0,2,244,0.33357,0.3325,5,4,2.0,2.0,0.00458,2800,400,13.134
hvac,on_vs_off_post,0x788,B0,2,1,0.33357,0.33333,5,4,2.0,2.0,0.00104,2800,1200,13.113
hvac,on_vs_off_pre,0x373,B0,12,10,0.21429,0.375,14,7,13.0,12.0,0.46738,280,40,12.932
hvac,on_vs_off_post,0x2A4,B1,255,247,0.12143,0.20833,23,8,187.0,223.0,0.76823,280,120,12.253
hvac,on_vs_off_pre,0x201,B0,1,2,0.24993,0.25,31,6,3,2.5,0.36518,11199,1600,11.387
hvac,on_vs_off_pre,0x2E3,B4,2,0,0.33429,0.335,18,8,2.0,2.0,0.04795,1400,200,11.129
hvac,on_vs_off_post,0x2E3,B4,2,0,0.33429,0.33333,18,9,2.0,2.0,0.03605,1400,600,10.724
hvac,on_vs_off_pre,0x441,B0,34,35,0.31059,0.5,10,6,35,67.5,0.00155,5599,800,10.167
hvac,on_vs_off_post,0x201,B0,1,2,0.24993,0.25005,31,6,3,3,0.29967,11199,4799,10.077
hvac,on_vs_off_post,0x798,B5,0,1,0.28571,0.28667,5,5,1.0,1.0,0.00124,2800,1200,9.974
hvac,on_vs_off_post,0x201,B4,6,166,0.25422,0.5001,72,3,32,166,0.35575,11199,4799,9.376
hvac,on_vs_off_post,0x2C1,B1,23,13,0.20001,0.2,40,5,23,23.0,0.41823,13999,6000,8.879
hvac,on_vs_off_post,0x545,B5,0,16,0.33333,0.33333,22,21,16.0,16.0,0.00338,8484,3636,8.715
hvac,on_vs_off_post,0x243,B6,30,0,0.20001,0.2,34,7,30,65.0,0.38546,13999,6000,8.496
hvac,on_vs_off_post,0x31E,B0,2,1,0.25022,0.25,4,4,2,1.5,0.0004,1119,480,8.416
hvac,on_vs_off_post,0x366,B0,20,11,0.25,0.25,4,4,12.0,12.0,0.0,280,120,8.408
hvac,on_vs_off_post,0x366,B6,191,0,0.25,0.25,4,4,183.5,183.5,0.0,280,120,8.408
hvac,on_vs_off_post,0x3CC,B3,25,26,0.25,0.25,4,4,25.5,25.5,0.0,560,240,8.408
hvac,on_vs_off_post,0x52F,B7,192,64,0.25,0.25,4,4,96.0,96.0,0.0,280,120,8.408
hvac,on_vs_off_pre,0x37A,B0,3,0,0.25,0.25,4,4,1.5,1.5,0.0,2800,400,8.408
hvac,on_vs_off_pre,0x3CC,B3,25,27,0.25,0.25,4,4,25.5,25.5,0.0,560,80,8.408
hvac,on_vs_off_pre,0x201,B1,8,40,0.25047,0.25,63,7,72,44.0,0.30546,11199,1600,8.321
hvac,on_vs_off_post,0x352,B6,88,176,0.20476,0.33333,9,4,90.0,90.0,0.18899,420,180,8.148
hvac,on_vs_off_pre,0x348,B4,161,21,0.00714,0.025,256,40,139.5,40.5,1.23288,280,40,8.005
hvac,on_vs_off_pre,0x379,B6,0,18,0.2508,0.255,6,6,18,18.0,0.00223,2799,400,7.398
hvac,on_vs_off_post,0x379,B6,0,18,0.2508,0.25021,6,6,18,18,0.00231,2799,1199,7.364
hvac,on_vs_off_post,0x2C1,B0,27,2,0.20001,0.2,15,5,27,27.0,0.1992,13999,6000,6.851
hvac,on_vs_off_pre,0x243,B4,65,66,0.23902,0.2,57,6,65,98.0,0.36466,13999,2000,6.817
hvac,on_vs_off_post,0x301,B4,0,255,0.23214,0.24167,8,8,196.0,196.0,0.03336,280,120,6.096
hvac,on_vs_off_post,0x263,B0,3,2,0.20001,0.20003,8,5,4,4,0.09231,13999,5999,5.93
hvac,on_vs_off_pre,0x201,B6,129,184,0.24413,0.25,18,4,182,168.0,0.01358,11199,1600,5.513
hvac,on_vs_off_pre,0x232,B2,223,224,0.17857,0.175,16,12,222.0,221.0,0.24718,280,40,5.342
hvac,on_vs_off_post,0x201,B6,129,185,0.24413,0.25005,18,4,182,185,0.00152,11199,4799,5.272
hvac,on_vs_off_pre,0x301,B4,0,255,0.23214,0.225,8,8,196.0,196.0,0.01028,280,40,5.206
hvac,on_vs_off_pre,0x383,B6,0,64,0.14536,0.375,13,4,96.0,96.0,0.25459,2800,400,5.142
hvac,on_vs_off_post,0x32A,B0,144,64,0.03571,0.08333,34,16,131.0,75.0,0.72532,56,24,4.854
hvac,on_vs_off_post,0x243,B0,3,2,0.20001,0.2,5,5,2,2.0,0.0,13999,6000,4.806
hvac,on_vs_off_post,0x2A4,B4,117,129,0.14643,0.24167,22,10,137.0,129.0,0.32528,280,120,4.802
hvac,on_vs_off_post,0x401,B2,85,81,0.0753,0.12202,53,19,85.0,82,0.64994,10080,4319,4.645
hvac,on_vs_off_post,0x243,B4,65,0,0.23902,0.2,57,15,65,88.0,0.27245,13999,6000,4.578
hvac,on_vs_off_post,0x232,B2,223,222,0.17857,0.19167,16,14,222.0,221.0,0.18091,280,120,4.031
hvac,on_vs_off_post,0x32A,B4,183,104,0.03571,0.08333,42,16,169.5,115.0,0.70368,56,24,3.984
hvac,on_vs_off_pre,0x243,B5,100,101,0.30809,0.2,32,8,100,36.0,0.15238,13999,2000,3.907
hvac,on_vs_off_pre,0x2E1,B4,31,18,0.17932,0.16687,71,7,32,48,0.34208,17499,2499,3.745
hvac,on_vs_off_post,0x261,B0,49,67,0.1667,0.16667,13,11,34,34.0,0.16452,17499,7500,3.634
hvac,on_vs_off_pre,0x2E1,B6,16,0,0.1667,0.33373,6,5,16,9,0.04867,17499,2499,3.52
hvac,on_vs_off_post,0x2E1,B6,16,0,0.1667,0.30387,6,6,16,24.0,0.03937,17499,7500,3.094
hvac,on_vs_off_post,0x2C1,B2,19,6,0.20023,0.2,26,5,19,13.0,0.07317,13999,6000,3.066
hvac,on_vs_off_pre,0x300,B6,0,2,0.16786,0.175,6,6,130.0,54.0,0.02804,280,40,2.937
hvac,on_vs_off_pre,0x300,B4,0,5,0.16786,0.175,6,6,66.0,66.0,0.01966,280,40,2.77
hvac,on_vs_off_pre,0x3F2,B3,50,24,0.16786,0.2,8,8,53.0,50.0,0.05283,280,40,2.628
hvac,on_vs_off_pre,0x2E1,B1,25,33,0.17138,0.16687,94,6,128,108,0.31969,17499,2499,2.561
hvac,on_vs_off_post,0x2E1,B1,25,138,0.17138,0.16667,94,6,128,70.5,0.31953,17499,7500,2.545
hvac,on_vs_off_pre,0x300,B0,17,11,0.16786,0.175,6,6,17.0,15.0,0.0077,280,40,2.531
hvac,on_vs_off_post,0x20C,B1,90,160,0.14076,0.185,21,8,123,128.0,0.20983,2799,1200,2.439
hvac,on_vs_off_pre,0x2E1,B0,41,16,0.1667,0.16687,7,6,41,16,0.01658,17499,2499,2.416
hvac,on_vs_off_post,0x300,B6,0,2,0.16786,0.16667,6,6,130.0,92.0,0.0055,280,120,2.415
hvac,on_vs_off_post,0x300,B0,17,11,0.16786,0.16667,6,6,17.0,15.0,0.00544,280,120,2.414
hvac,on_vs_off_pre,0x243,B2,0,97,0.21523,0.2035,63,6,89,97.0,0.14486,13999,2000,2.362
hvac,on_vs_off_pre,0x2F9,B3,24,8,0.16679,0.1675,6,6,24.0,20.0,0.00085,2800,400,2.329
hvac,on_vs_off_pre,0x219,B5,251,249,0.16679,0.1675,6,6,248.0,249.0,0.00073,2800,400,2.327
hvac,on_vs_off_pre,0x219,B0,3,1,0.16679,0.1675,6,6,3.0,2.5,0.00042,2800,400,2.321
hvac,on_vs_off_post,0x300,B4,0,5,0.16786,0.16667,6,6,66.0,66.0,0.00063,280,120,2.318
hvac,on_vs_off_post,0x219,B5,251,249,0.16679,0.16667,6,6,248.0,248.5,0.00048,2800,1200,2.315
hvac,on_vs_off_post,0x2F9,B3,24,8,0.16679,0.16667,6,6,24.0,20.0,0.00047,2800,1200,2.315
hvac,on_vs_off_post,0x219,B0,3,1,0.16679,0.16667,6,6,3.0,2.5,0.00042,2800,1200,2.314
hvac,on_vs_off_pre,0x20C,B1,90,224,0.14076,0.4675,21,3,123,192.0,0.1663,2799,400,2.115
hvac,on_vs_off_pre,0x261,B1,0,16,0.1667,0.1668,8,6,43,38.5,0.00294,17499,2500,1.936
hvac,on_vs_off_pre,0x782,B1,64,173,0.06061,0.14286,78,13,118,176.5,0.58355,99,14,1.742
hvac,on_vs_off_post,0x261,B1,0,43,0.1667,0.16667,8,7,43,38.5,0.0022,17499,7500,1.726
hvac,on_vs_off_pre,0x32A,B0,144,84,0.03571,0.125,34,8,131.0,87.0,0.54154,56,8,1.69
hvac,on_vs_off_pre,0x243,B3,15,0,0.11715,0.4,25,5,74,12.0,0.24801,13999,2000,1.687
hvac,on_vs_off_pre,0x261,B0,49,0,0.1667,0.1668,13,8,34,45.5,0.03669,17499,2500,1.462
hvac,on_vs_off_post,0x201,B5,0,121,0.24725,0.25005,146,22,31,121,0.09917,11199,4799,1.429
hvac,on_vs_off_pre,0x32A,B4,183,124,0.03571,0.125,42,8,169.5,127.0,0.5194,56,8,0.735
hvac,on_vs_off_post,0x7C8,B0,10,20,0.14286,0.15,7,7,17.0,17.0,0.01019,280,120,0.651
hvac,on_vs_off_post,0x7E8,B0,20,19,0.14286,0.15,7,7,17.0,17.0,0.00797,280,120,0.607
hvac,on_vs_off_post,0x7E8,B1,5,3,0.14286,0.15,7,7,5.0,5.0,0.00561,280,120,0.56
hvac,on_vs_off_post,0x7C8,B1,1,5,0.14286,0.15,7,7,5.0,5.0,0.00543,280,120,0.556
hvac,on_vs_off_pre,0x7B8,B2,20,62,0.14286,0.145,19,7,20.0,20.0,0.09075,2800,400,0.499
hvac,on_vs_off_post,0x78A,B2,4,1,0.14286,0.14333,7,7,3.0,3.0,0.00125,2800,1200,0.472
hvac,on_vs_off_post,0x3C8,B0,2,6,0.14286,0.14333,7,7,3.0,3.0,0.00083,2800,1200,0.464
hvac,on_vs_off_post,0x3E8,B0,2,6,0.14291,0.14345,7,7,3,3,0.00036,2799,1199,0.457
hvac,on_vs_off_post,0x2E2,B3,0,104,0.14286,0.29,16,9,92.0,92.0,0.07394,1400,600,0.276
hvac,on_vs_off_post,0x383,B6,0,32,0.14536,0.13333,13,8,96.0,96.0,0.07375,2800,1200,0.202
hvac,on_vs_off_post,0x7B8,B2,20,0,0.14286,0.14333,19,10,20.0,20.0,0.07006,2800,1200,-0.231
hvac,on_vs_off_post,0x2E2,B0,5,0,0.14286,0.14333,9,11,5.0,5.0,0.00532,1400,600,-0.456
hvac,on_vs_off_post,0x798,B1,0,162,0.14286,0.14333,23,17,162.0,170.0,0.10322,2800,1200,-0.505
hvac,on_vs_off_post,0x2E3,B0,3,6,0.16714,0.16667,23,17,32.0,32.0,0.02835,1400,600,-0.574
hvac,on_vs_off_pre,0x2E2,B3,0,108,0.14286,0.22,16,11,92.0,92.0,0.03116,1400,200,-0.802
hvac,on_vs_off_pre,0x2E1,B5,40,0,0.1667,0.16687,72,20,114,68,0.12985,17499,2499,-0.999
hvac,on_vs_off_post,0x20E,B0,23,19,0.125,0.125,8,8,19.5,19.5,0.0,2800,1200,-1.0
hvac,on_vs_off_post,0x20E,B1,7,3,0.125,0.125,8,8,3.5,3.5,0.0,2800,1200,-1.0
hvac,on_vs_off_post,0x3DB,B0,11,4,0.125,0.125,8,8,6.5,6.5,0.0,560,240,-1.0
hvac,on_vs_off_post,0x420,B7,7,1,0.125,0.125,8,8,3.5,3.5,0.0,2800,1200,-1.0
hvac,on_vs_off_post,0x4E2,B0,85,1,0.125,0.125,8,8,5.0,5.0,0.0,2800,1200,-1.0
hvac,on_vs_off_post,0x4E3,B0,205,1,0.125,0.125,8,8,5.0,5.0,0.0,2800,1200,-1.0
hvac,on_vs_off_pre,0x420,B7,7,3,0.125,0.125,8,8,3.5,3.5,0.0,2800,400,-1.0
hvac,on_vs_off_pre,0x4E3,B0,205,6,0.125,0.125,8,8,5.0,5.0,0.0,2800,400,-1.0
hvac,on_vs_off_pre,0x2E3,B0,3,6,0.16714,0.17,23,16,32.0,32.0,0.00079,1400,200,-1.022
hvac,on_vs_off_post,0x2E1,B5,40,68,0.1667,0.2428,72,39,114,68.0,0.13918,17499,7500,-1.37
hvac,on_vs_off_post,0x78A,B6,144,123,0.14464,0.14333,15,15,101.0,101.0,0.00186,2800,1200,-1.665
hvac,on_vs_off_pre,0x75D,B0,3,82,0.14286,0.145,23,19,5.0,5.0,0.05238,1400,200,-1.665
hvac,on_vs_off_post,0x348,B4,161,19,0.00714,0.00833,256,120,139.5,78.5,0.7831,280,120,-1.706
hvac,on_vs_off_post,0x2A4,B0,189,184,0.12143,0.19167,22,9,187.0,185.0,0.06967,280,120,-1.718
hvac,on_vs_off_pre,0x261,B2,10,57,0.16675,0.1672,243,160,117,141.0,0.3116,17499,2500,-1.767
hvac,on_vs_off_pre,0x318,B7,204,190,0.01786,0.025,89,87,209,194.5,0.62647,2799,400,-1.927
hvac,on_vs_off_pre,0x3DD,B0,8,19,0.11429,0.125,29,15,50.0,100.0,0.13064,280,40,-1.95
hvac,on_vs_off_post,0x132,B4,24,39,0.04829,0.33133,68,10,21.0,39.0,0.4122,28000,12000,-1.967
hvac,on_vs_off_pre,0x3F9,B0,4,8,0.11143,0.1125,9,9,4.0,4.0,0.00484,2800,400,-2.051
hvac,on_vs_off_pre,0x7FF,B1,33,0,0.11111,0.1125,9,9,51,51.0,0.00514,2799,400,-2.064
hvac,on_vs_off_post,0x243,B3,15,0,0.11715,0.226,25,8,74,76.0,0.07348,13999,6000,-2.08
hvac,on_vs_off_post,0x78A,B4,168,165,0.14286,0.14333,17,17,157.0,157.0,0.0006,2800,1200,-2.083
hvac,on_vs_off_post,0x3F9,B0,4,5,0.11143,0.11167,9,9,4.0,4.0,0.00194,2800,1200,-2.109
hvac,on_vs_off_post,0x7FF,B0,4,5,0.11111,0.11176,9,9,5,5,0.00032,2799,1199,-2.16
hvac,on_vs_off_post,0x7FF,B1,33,9,0.11111,0.11176,9,9,51,51,0.00027,2799,1199,-2.161
hvac,on_vs_off_pre,0x7FF,B0,4,8,0.11111,0.1125,9,9,5,5.0,0.0,2799,400,-2.167
hvac,on_vs_off_post,0x75D,B0,3,4,0.14286,0.14333,23,22,5.0,5.0,0.03049,1400,600,-2.305
hvac,on_vs_off_post,0x798,B0,5,56,0.14286,0.14333,40,27,139.0,150.0,0.08138,2800,1200,-2.459
hvac,on_vs_off_pre,0x727,B0,8,1,0.08571,0.10256,12,12,6.0,5,0.09424,280,39,-2.629
hvac,on_vs_off_pre,0x3F2,B0,3,7,0.08571,0.1,12,12,5.0,6.0,0.09159,280,40,-2.682
hvac,on_vs_off_pre,0x132,B4,24,39,0.04829,0.32758,68,9,21.0,39,0.37447,28000,3999,-2.684
hvac,on_vs_off_post,0x401,B4,89,81,0.06151,0.14401,56,23,86.0,82,0.3346,10080,4319,-2.764
hvac,on_vs_off_post,0x401,B6,85,82,0.06101,0.10234,55,23,85.0,81,0.33153,10080,4319,-2.817
hvac,on_vs_off_post,0x289,B3,3,64,0.10357,0.3,33,4,70.0,64.0,0.07127,2800,1200,-3.273
hvac,on_vs_off_pre,0x289,B3,3,64,0.10357,0.3,33,4,70.0,64.0,0.07128,2800,400,-3.273
hvac,on_vs_off_pre,0x3C9,B0,10,2,0.08571,0.1,12,12,5.5,5.0,0.05774,280,40,-3.359
hvac,on_vs_off_pre,0x318,B2,15,55,0.01786,0.025,60,41,30,19.5,0.46708,2799,400,-3.461
hvac,on_vs_off_post,0x261,B2,10,59,0.16675,0.1672,243,191,117,119.0,0.22921,17499,7500,-3.637
hvac,on_vs_off_pre,0x360,B0,10,7,0.09107,0.0925,11,11,5.0,5.0,0.01219,2800,400,-3.698
hvac,on_vs_off_post,0x3DD,B0,8,50,0.11429,0.11667,29,22,50.0,88.0,0.0584,280,120,-3.829
hvac,on_vs_off_pre,0x289,B4,144,134,0.1,0.1,13,13,146.0,146.0,0.0,2800,400,-3.888
hvac,on_vs_off_post,0x3C0,B0,7,0,0.09107,0.09167,11,11,5.0,5.0,0.00188,2800,1200,-3.905
hvac,on_vs_off_pre,0x3C0,B0,7,4,0.09107,0.0925,11,11,5.0,5.0,0.00102,2800,400,-3.922
hvac,on_vs_off_post,0x360,B0,10,3,0.09107,0.09167,11,11,5.0,5.0,0.0006,2800,1200,-3.93
hvac,on_vs_off_post,0x719,B0,13,1,0.09091,0.09129,11,11,19,19,0.00075,5599,2399,-3.937
hvac,on_vs_off_pre,0x719,B0,13,22,0.09091,0.09125,11,11,19,19.0,0.00074,5599,800,-3.937
hvac,on_vs_off_post,0x782,B0,99,14,0.0101,0.02222,99,45,49,36,0.51494,99,45,-4.025
hvac,on_vs_off_pre,0x528,B3,211,71,0.00714,0.025,256,40,139.5,90.5,0.62416,280,40,-4.169
hvac,on_vs_off_post,0x727,B0,8,6,0.08571,0.08333,12,12,6.0,5.5,0.01652,280,120,-4.326
hvac,on_vs_off_pre,0x324,B1,41,7,0.00714,0.025,199,40,119.0,83.0,0.58211,280,40,-4.371
hvac,on_vs_off_pre,0x38B,B2,55,79,0.06406,0.075,16,16,71,79.0,0.113,281,40,-4.386
hvac,on_vs_off_pre,0x726,B0,3,13,0.06786,0.075,15,15,7.0,6.0,0.09142,280,40,-4.402
hvac,on_vs_off_pre,0x379,B0,4,8,0.0836,0.085,12,12,5,6.0,0.01174,2799,400,-4.406
hvac,on_vs_off_pre,0x340,B0,10,2,0.08357,0.085,12,12,5.5,5.0,0.00579,2800,400,-4.527
hvac,on_vs_off_post,0x301,B0,17,24,0.07857,0.08333,13,13,19.0,19.0,0.03195,280,120,-4.534
hvac,on_vs_off_post,0x302,B0,17,24,0.07857,0.08333,13,13,19.0,19.0,0.03195,280,120,-4.534
hvac,on_vs_off_post,0x303,B0,17,24,0.07857,0.08333,13,13,19.0,19.0,0.03195,280,120,-4.534
hvac,on_vs_off_post,0x3F2,B0,3,1,0.08571,0.08333,12,12,5.0,5.5,0.00416,280,120,-4.574
hvac,on_vs_off_post,0x2F1,B1,0,1,0.15821,0.15917,70,57,17.0,17.0,0.02392,2800,1200,-4.585
hvac,on_vs_off_post,0x379,B0,4,8,0.0836,0.0834,12,12,5,5,0.00021,2799,1199,-4.648
hvac,on_vs_off_post,0x340,B0,10,2,0.08357,0.08333,12,12,5.5,5.5,0.0,2800,1200,-4.657
hvac,on_vs_off_post,0x3C9,B0,10,8,0.08571,0.08333,12,12,5.5,5.5,0.0,280,120,-4.657
hvac,on_vs_off_pre,0x3C4,B0,18,17,0.08333,0.08333,12,12,19.0,19.0,0.0,336,48,-4.657
hvac,on_vs_off_pre,0x2B3,B0,6,3,0.05894,0.06006,44,20,13.0,10.0,0.19577,4666,666,-5.071
hvac,on_vs_off_pre,0x301,B0,17,20,0.07857,0.1,13,13,19.0,19.0,0.00146,280,40,-5.144
hvac,on_vs_off_pre,0x302,B0,17,20,0.07857,0.1,13,13,19.0,19.0,0.00146,280,40,-5.144
hvac,on_vs_off_pre,0x303,B0,17,20,0.07857,0.1,13,13,19.0,19.0,0.00146,280,40,-5.144
hvac,on_vs_off_post,0x752,B0,9,1,0.07143,0.075,14,14,6.5,6.0,0.03322,280,120,-5.152
hvac,on_vs_off_pre,0x321,B6,16,80,0.06429,0.075,16,16,112.0,128.0,0.0628,280,40,-5.376
hvac,on_vs_off_pre,0x40A,B7,64,128,0.06286,0.065,16,16,120.0,128.0,0.03477,1400,200,-6.023
hvac,on_vs_off_pre,0x2C4,B0,1,73,0.04786,0.0475,38,30,23.0,22.0,0.18729,2800,400,-6.107
hvac,on_vs_off_pre,0x39B,B6,177,1,0.0636,0.07407,16,16,129.0,113,0.02763,566,81,-6.121
hvac,on_vs_off_pre,0x31A,B6,48,112,0.06286,0.065,16,16,112.0,128.0,0.02734,1400,200,-6.171
hvac,on_vs_off_pre,0x40A,B6,48,112,0.06286,0.065,16,16,112.0,128.0,0.02734,1400,200,-6.171
hvac,on_vs_off_pre,0x2B3,B1,109,70,0.06237,0.06006,150,25,109.0,85.0,0.28624,4666,666,-6.183
hvac,on_vs_off_post,0x726,B0,3,13,0.06786,0.06667,15,15,7.0,7.0,0.00416,280,120,-6.219
hvac,on_vs_off_post,0x39B,B7,12,204,0.0636,0.06612,16,16,124.0,140.0,0.02043,566,242,-6.265
hvac,on_vs_off_pre,0x31A,B7,170,234,0.06286,0.065,16,16,138.0,122.0,0.01978,1400,200,-6.323
hvac,on_vs_off_post,0x3E9,B7,255,191,0.0636,0.06612,16,16,127.0,143.0,0.0148,566,242,-6.377
hvac,on_vs_off_post,0x3E9,B6,160,96,0.0636,0.06612,16,16,128.0,112.0,0.01329,566,242,-6.407
hvac,on_vs_off_post,0x38B,B2,55,87,0.06406,0.06667,16,16,71,71.0,0.01154,281,120,-6.415
hvac,on_vs_off_post,0x39D,B0,231,217,0.06257,0.06267,18,18,223.0,223.0,0.02921,7000,3000,-6.494
hvac,on_vs_off_pre,0x3E9,B6,160,240,0.0636,0.07407,16,16,128.0,128,0.00857,566,81,-6.502
hvac,on_vs_off_post,0x39B,B6,177,113,0.0636,0.06612,16,16,129.0,121.0,0.00765,566,242,-6.52
hvac,on_vs_off_post,0x321,B6,16,48,0.06429,0.06667,16,16,112.0,112.0,0.00418,280,120,-6.549
hvac,on_vs_off_pre,0x39B,B7,12,92,0.0636,0.07407,16,16,124.0,124,0.0048,566,81,-6.577
hvac,on_vs_off_post,0x40A,B7,64,224,0.06286,0.06333,16,16,120.0,112.0,0.00579,1400,600,-6.602
hvac,on_vs_off_pre,0x3E9,B7,255,79,0.0636,0.07407,16,16,127.0,127,0.0017,566,81,-6.639
hvac,on_vs_off_post,0x31A,B7,170,74,0.06286,0.06333,16,16,138.0,130.0,0.00248,1400,600,-6.668
hvac,on_vs_off_post,0x284,B6,112,176,0.0625,0.06639,16,16,120.0,128,0.00315,560,241,-6.676
hvac,on_vs_off_post,0x31A,B6,48,208,0.06286,0.06333,16,16,112.0,112.0,0.00165,1400,600,-6.685
hvac,on_vs_off_post,0x40A,B6,48,208,0.06286,0.06333,16,16,112.0,112.0,0.00165,1400,600,-6.685
hvac,on_vs_off_post,0x284,B7,110,174,0.0625,0.06639,16,16,134.0,142,0.00225,560,241,-6.694
hvac,on_vs_off_post,0x3AE,B7,42,185,0.06252,0.06272,16,16,137.0,137,0.00148,7406,3173,-6.709
hvac,on_vs_off_post,0x39D,B1,95,81,0.06257,0.06267,16,16,87.0,87.0,0.00099,7000,3000,-6.715
hvac,on_vs_off_pre,0x39D,B1,95,83,0.06257,0.063,16,16,87.0,87.0,0.00099,7000,1000,-6.715
hvac,on_vs_off_post,0x318,B6,55,63,0.06252,0.06255,16,16,47,47,0.00098,2799,1199,-6.719
hvac,on_vs_off_post,0x3AE,B6,225,112,0.06252,0.06272,16,16,112.0,128,0.00081,7406,3173,-6.722
hvac,on_vs_off_pre,0x3AE,B7,42,201,0.06252,0.06339,16,16,137.0,137,0.00051,7406,1057,-6.728
hvac,on_vs_off_post,0x441,B6,53,21,0.06251,0.06253,16,16,29,32,0.0005,5599,2399,-6.729
hvac,on_vs_off_pre,0x3AE,B6,225,128,0.06252,0.06339,16,16,112.0,128,0.00039,7406,1057,-6.731
hvac,on_vs_off_post,0x234,B6,148,52,0.06266,0.0625,16,16,128.0,122.0,0.00015,5602,2400,-6.736
hvac,on_vs_off_post,0x2EC,B1,96,144,0.06252,0.0625,16,16,128,120.0,0.00019,2799,1200,-6.736
hvac,on_vs_off_pre,0x2EC,B1,96,224,0.06252,0.0625,16,16,128,120.0,0.00019,2799,400,-6.736
hvac,on_vs_off_pre,0x318,B6,55,39,0.06252,0.0625,16,16,47,48.0,0.00019,2799,400,-6.736
hvac,on_vs_off_post,0x2EC,B2,125,173,0.06252,0.0625,16,16,141,133.0,0.00012,2799,1200,-6.737
hvac,on_vs_off_pre,0x2EC,B2,125,253,0.06252,0.0625,16,16,141,133.0,0.00012,2799,400,-6.737
hvac,on_vs_off_post,0x129,B1,46,38,0.0625,0.0625,16,16,39,39.5,4e-05,27999,12000,-6.739
hvac,on_vs_off_post,0x213,B0,16,80,0.0625,0.0625,16,16,120.0,120.0,0.0,560,240,-6.74
hvac,on_vs_off_post,0x213,B1,37,101,0.0625,0.0625,16,16,125.0,125.0,0.0,560,240,-6.74
hvac,on_vs_off_post,0x221,B6,177,49,0.0625,0.0625,16,16,120.5,120.5,0.0,5600,2400,-6.74
hvac,on_vs_off_post,0x221,B7,175,47,0.0625,0.0625,16,16,126.5,126.5,0.0,5600,2400,-6.74
hvac,on_vs_off_post,0x228,B6,97,161,0.0625,0.0625,16,16,121.0,121.0,0.0,2800,1200,-6.74
hvac,on_vs_off_post,0x228,B7,132,196,0.0625,0.0625,16,16,124.0,124.0,0.0,2800,1200,-6.74
hvac,on_vs_off_post,0x229,B0,67,76,0.0625,0.0625,16,16,74.5,74.5,0.0,2800,1200,-6.74
hvac,on_vs_off_post,0x229,B1,4,8,0.0625,0.0625,16,16,7.5,7.5,0.0,2800,1200,-6.74
hvac,on_vs_off_post,0x238,B6,54,134,0.0625,0.0625,16,16,126.0,126.0,0.0,560,240,-6.74
hvac,on_vs_off_post,0x238,B7,26,106,0.0625,0.0625,16,16,130.0,130.0,0.0,560,240,-6.74
hvac,on_vs_off_post,0x249,B1,3,11,0.0625,0.0625,16,16,7.5,7.5,0.0,5600,2400,-6.74
hvac,on_vs_off_post,0x25B,B6,128,192,0.0625,0.0625,16,16,120.0,120.0,0.0,2800,1200,-6.74
hvac,on_vs_off_post,0x25B,B7,101,165,0.0625,0.0625,16,16,125.0,125.0,0.0,2800,1200,-6.74
hvac,on_vs_off_post,0x288,B6,113,177,0.0625,0.0625,16,16,121.0,121.0,0.0,2800,1200,-6.74
hvac,on_vs_off_post,0x288,B7,244,52,0.0625,0.0625,16,16,124.0,124.0,0.0,2800,1200,-6.74
hvac,on_vs_off_post,0x293,B6,207,15,0.0625,0.0625,16,16,135.0,135.0,0.0,560,240,-6.74
hvac,on_vs_off_post,0x293,B7,127,191,0.0625,0.0625,16,16,135.0,135.0,0.0,560,240,-6.74
hvac,on_vs_off_post,0x2A8,B6,160,224,0.0625,0.0625,16,16,120.0,120.0,0.0,2800,1200,-6.74
hvac,on_vs_off_post,0x2A8,B7,98,162,0.0625,0.0625,16,16,122.0,122.0,0.0,2800,1200,-6.74
hvac,on_vs_off_post,0x2AA,B1,96,160,0.0625,0.0625,16,16,120.0,120.0,0.0,2800,1200,-6.74
hvac,on_vs_off_post,0x2AA,B2,59,123,0.0625,0.0625,16,16,131.0,131.0,0.0,2800,1200,-6.74
hvac,on_vs_off_post,0x2E8,B6,144,208,0.0625,0.0625,16,16,120.0,120.0,0.0,2800,1200,-6.74
hvac,on_vs_off_post,0x2E8,B7,146,210,0.0625,0.0625,16,16,122.0,122.0,0.0,2800,1200,-6.74
hvac,on_vs_off_post,0x313,B6,160,224,0.0625,0.0625,16,16,120.0,120.0,0.0,560,240,-6.74
hvac,on_vs_off_post,0x313,B7,133,197,0.0625,0.0625,16,16,125.0,125.0,0.0,560,240,-6.74
hvac,on_vs_off_post,0x334,B6,81,145,0.0625,0.0625,16,16,121.0,121.0,0.0,560,240,-6.74
hvac,on_vs_off_post,0x334,B7,148,212,0.0625,0.0625,16,16,124.0,124.0,0.0,560,240,-6.74
hvac,on_vs_off_post,0x3A1,B6,208,80,0.0625,0.0625,16,16,121.0,121.0,0.0,5600,2400,-6.74
hvac,on_vs_off_post,0x407,B0,12,16,0.0625,0.0625,16,16,18.5,18.5,0.0,560,240,-6.74
hvac,on_vs_off_post,0x407,B1,1,5,0.0625,0.0625,16,16,7.5,7.5,0.0,560,240,-6.74
hvac,on_vs_off_post,0x443,B0,108,112,0.0625,0.0625,16,16,114.5,114.5,0.0,560,240,-6.74
hvac,on_vs_off_post,0x443,B1,1,5,0.0625,0.0625,16,16,7.5,7.5,0.0,560,240,-6.74
hvac,on_vs_off_post,0x552,B6,96,160,0.0625,0.0625,16,16,120.0,120.0,0.0,2800,1200,-6.74
hvac,on_vs_off_post,0x552,B7,183,247,0.0625,0.0625,16,16,127.0,127.0,0.0,2800,1200,-6.74
hvac,on_vs_off_post,0x553,B6,96,160,0.0625,0.0625,16,16,120.0,120.0,0.0,2800,1200,-6.74
hvac,on_vs_off_post,0x553,B7,184,248,0.0625,0.0625,16,16,128.0,128.0,0.0,2800,1200,-6.74
hvac,on_vs_off_post,0x682,B6,96,176,0.0625,0.0625,16,16,120.0,120.0,0.0,2800,1200,-6.74
hvac,on_vs_off_post,0x682,B7,135,215,0.0625,0.0625,16,16,127.0,127.0,0.0,2800,1200,-6.74
hvac,on_vs_off_post,0x789,B2,96,160,0.0625,0.0625,16,16,120.0,120.0,0.0,2800,1200,-6.74
hvac,on_vs_off_post,0x789,B3,199,7,0.0625,0.0625,16,16,127.0,127.0,0.0,2800,1200,-6.74
hvac,on_vs_off_post,0x797,B2,96,160,0.0625,0.0625,16,16,120.0,120.0,0.0,2800,1200,-6.74
hvac,on_vs_off_post,0x797,B3,24,88,0.0625,0.0625,16,16,128.0,128.0,0.0,2800,1200,-6.74
hvac,on_vs_off_post,0x798,B6,96,160,0.0625,0.0625,16,16,120.0,120.0,0.0,2800,1200,-6.74
hvac,on_vs_off_post,0x7B8,B6,80,144,0.0625,0.0625,16,16,120.0,120.0,0.0,2800,1200,-6.74
hvac,on_vs_off_pre,0x213,B0,16,144,0.0625,0.0625,16,16,120.0,120.0,0.0,560,80,-6.74
hvac,on_vs_off_pre,0x213,B1,37,165,0.0625,0.0625,16,16,125.0,125.0,0.0,560,80,-6.74
hvac,on_vs_off_pre,0x221,B6,177,192,0.0625,0.0625,16,16,120.5,120.5,0.0,5600,800,-6.74
hvac,on_vs_off_pre,0x221,B7,175,206,0.0625,0.0625,16,16,126.5,126.5,0.0,5600,800,-6.74
hvac,on_vs_off_pre,0x228,B6,97,241,0.0625,0.0625,16,16,121.0,121.0,0.0,2800,400,-6.74
hvac,on_vs_off_pre,0x228,B7,132,20,0.0625,0.0625,16,16,124.0,124.0,0.0,2800,400,-6.74
hvac,on_vs_off_pre,0x229,B0,67,73,0.0625,0.0625,16,16,74.5,74.5,0.0,2800,400,-6.74
hvac,on_vs_off_pre,0x229,B1,4,12,0.0625,0.0625,16,16,7.5,7.5,0.0,2800,400,-6.74
hvac,on_vs_off_pre,0x238,B6,54,182,0.0625,0.0625,16,16,126.0,126.0,0.0,560,80,-6.74
hvac,on_vs_off_pre,0x238,B7,26,154,0.0625,0.0625,16,16,130.0,130.0,0.0,560,80,-6.74
hvac,on_vs_off_pre,0x25B,B6,128,0,0.0625,0.0625,16,16,120.0,120.0,0.0,2800,400,-6.74
hvac,on_vs_off_pre,0x25B,B7,101,229,0.0625,0.0625,16,16,125.0,125.0,0.0,2800,400,-6.74
hvac,on_vs_off_pre,0x284,B6,112,240,0.0625,0.0625,16,16,120.0,120.0,0.0,560,80,-6.74
hvac,on_vs_off_pre,0x284,B7,110,238,0.0625,0.0625,16,16,134.0,134.0,0.0,560,80,-6.74
hvac,on_vs_off_pre,0x288,B6,113,241,0.0625,0.0625,16,16,121.0,121.0,0.0,2800,400,-6.74
hvac,on_vs_off_pre,0x288,B7,244,116,0.0625,0.0625,16,16,124.0,124.0,0.0,2800,400,-6.74
hvac,on_vs_off_pre,0x293,B6,207,79,0.0625,0.0625,16,16,135.0,135.0,0.0,560,80,-6.74
hvac,on_vs_off_pre,0x293,B7,127,255,0.0625,0.0625,16,16,135.0,135.0,0.0,560,80,-6.74
hvac,on_vs_off_pre,0x2A8,B6,160,32,0.0625,0.0625,16,16,120.0,120.0,0.0,2800,400,-6.74
hvac,on_vs_off_pre,0x2A8,B7,98,226,0.0625,0.0625,16,16,122.0,122.0,0.0,2800,400,-6.74
hvac,on_vs_off_pre,0x2AA,B1,96,224,0.0625,0.0625,16,16,120.0,120.0,0.0,2800,400,-6.74
hvac,on_vs_off_pre,0x2AA,B2,59,187,0.0625,0.0625,16,16,131.0,131.0,0.0,2800,400,-6.74
hvac,on_vs_off_pre,0x2E8,B6,144,16,0.0625,0.0625,16,16,120.0,120.0,0.0,2800,400,-6.74
hvac,on_vs_off_pre,0x2E8,B7,146,18,0.0625,0.0625,16,16,122.0,122.0,0.0,2800,400,-6.74
hvac,on_vs_off_pre,0x313,B6,160,32,0.0625,0.0625,16,16,120.0,120.0,0.0,560,80,-6.74
hvac,on_vs_off_pre,0x313,B7,133,5,0.0625,0.0625,16,16,125.0,125.0,0.0,560,80,-6.74
hvac,on_vs_off_pre,0x334,B6,81,193,0.0625,0.0625,16,16,121.0,121.0,0.0,560,80,-6.74
hvac,on_vs_off_pre,0x334,B7,148,4,0.0625,0.0625,16,16,124.0,124.0,0.0,560,80,-6.74
hvac,on_vs_off_pre,0x407,B0,12,20,0.0625,0.0625,16,16,18.5,18.5,0.0,560,80,-6.74
hvac,on_vs_off_pre,0x407,B1,1,9,0.0625,0.0625,16,16,7.5,7.5,0.0,560,80,-6.74
hvac,on_vs_off_pre,0x443,B0,108,116,0.0625,0.0625,16,16,114.5,114.5,0.0,560,80,-6.74
hvac,on_vs_off_pre,0x443,B1,1,9,0.0625,0.0625,16,16,7.5,7.5,0.0,560,80,-6.74
hvac,on_vs_off_pre,0x552,B6,96,224,0.0625,0.0625,16,16,120.0,120.0,0.0,2800,400,-6.74
hvac,on_vs_off_pre,0x552,B7,183,55,0.0625,0.0625,16,16,127.0,127.0,0.0,2800,400,-6.74
hvac,on_vs_off_pre,0x553,B6,96,224,0.0625,0.0625,16,16,120.0,120.0,0.0,2800,400,-6.74
hvac,on_vs_off_pre,0x553,B7,184,56,0.0625,0.0625,16,16,128.0,128.0,0.0,2800,400,-6.74
hvac,on_vs_off_pre,0x682,B6,96,240,0.0625,0.0625,16,16,120.0,120.0,0.0,2800,400,-6.74
hvac,on_vs_off_pre,0x682,B7,135,23,0.0625,0.0625,16,16,127.0,127.0,0.0,2800,400,-6.74
hvac,on_vs_off_pre,0x789,B2,96,224,0.0625,0.0625,16,16,120.0,120.0,0.0,2800,400,-6.74
hvac,on_vs_off_pre,0x789,B3,199,71,0.0625,0.0625,16,16,127.0,127.0,0.0,2800,400,-6.74
hvac,on_vs_off_pre,0x797,B2,96,224,0.0625,0.0625,16,16,120.0,120.0,0.0,2800,400,-6.74
hvac,on_vs_off_pre,0x797,B3,24,152,0.0625,0.0625,16,16,128.0,128.0,0.0,2800,400,-6.74
hvac,on_vs_off_pre,0x798,B6,96,224,0.0625,0.0625,16,16,120.0,120.0,0.0,2800,400,-6.74
hvac,on_vs_off_pre,0x7B8,B6,80,224,0.0625,0.0625,16,16,120.0,120.0,0.0,2800,400,-6.74
hvac,on_vs_off_pre,0x39D,B0,231,219,0.06257,0.063,18,16,223.0,223.0,0.00296,7000,1000,-6.853
hvac,on_vs_off_post,0x3F2,B1,153,93,0.09286,0.08333,62,21,125.5,137.0,0.06928,280,120,-6.907
hvac,on_vs_off_pre,0x3F2,B1,153,110,0.09286,0.175,62,13,125.5,110.0,0.02154,280,40,-6.99
hvac,on_vs_off_pre,0x319,B0,41,20,0.05,0.05,21,21,31.0,31.5,0.06224,280,40,-7.039
hvac,on_vs_off_pre,0x2F1,B0,13,1,0.05286,0.055,20,19,9.0,9.0,0.01492,2800,400,-7.597
hvac,on_vs_off_post,0x319,B0,41,33,0.05,0.05,21,21,31.0,31.0,0.03376,280,120,-7.608
hvac,on_vs_off_post,0x2F1,B0,13,8,0.05286,0.05333,20,19,9.0,9.0,0.01384,2800,1200,-7.618
hvac,on_vs_off_post,0x2C4,B0,1,37,0.04786,0.04833,38,29,23.0,23.0,0.07734,2800,1200,-8.24
hvac,on_vs_off_post,0x2B3,B1,109,140,0.06237,0.076,150,37,109.0,85.0,0.18225,4666,2000,-8.322
hvac,on_vs_off_post,0x2B3,B0,6,1,0.05894,0.059,44,20,13.0,12.0,0.02908,4666,2000,-8.405
hvac,on_vs_off_post,0x782,B1,64,53,0.06061,0.06667,78,38,118,120,0.07639,99,45,-9.122
hvac,on_vs_off_pre,0x359,B0,1,134,0.03857,0.04,26,26,16.0,16.0,0.00661,2800,400,-9.464
hvac,on_vs_off_pre,0x38B,B4,9,96,0.0427,0.075,61,24,128,96.0,0.06602,281,40,-9.48
hvac,on_vs_off_post,0x359,B0,1,10,0.03857,0.03917,26,26,16.0,16.0,0.00118,2800,1200,-9.573
hvac,on_vs_off_pre,0x23E,B6,143,207,0.061,0.06206,57,32,133.0,133,0.00139,7000,999,-9.812
hvac,on_vs_off_post,0x23E,B6,143,159,0.061,0.062,57,34,133.0,143.0,0.00278,7000,3000,-9.85
hvac,on_vs_off_pre,0x782,B0,99,48,0.0101,0.07143,99,14,49,54.5,0.1812,99,14,-9.978
hvac,on_vs_off_pre,0x545,B6,48,16,0.04173,0.04208,32,32,121.0,121.0,0.00184,8484,1212,-9.983
hvac,on_vs_off_post,0x23A,B0,15,4,0.02867,0.03333,38,38,19,17.5,0.06613,279,120,-9.988
hvac,on_vs_off_post,0x545,B6,48,0,0.04173,0.0418,32,32,121.0,121.0,0.00041,8484,3636,-10.011
hvac,on_vs_off_post,0x381,B0,24,48,0.03716,0.0372,43,29,24,23,0.02017,7777,3333,-10.238
hvac,on_vs_off_pre,0x324,B0,90,56,0.01786,0.075,173,38,117.0,138.5,0.23527,280,40,-10.293
hvac,on_vs_off_pre,0x709,B0,14,27,0.03122,0.03101,33,33,18,18,0.00457,897,129,-10.662
hvac,on_vs_off_pre,0x23A,B0,15,27,0.02867,0.05,38,38,19,19.5,0.03098,279,40,-10.691
hvac,on_vs_off_post,0x709,B0,14,12,0.03122,0.03125,33,33,18,18.0,0.00015,897,384,-10.738
hvac,on_vs_off_pre,0x129,B0,63,146,0.05429,0.05775,60,59,132,132.0,0.01684,27999,4000,-10.768
hvac,on_vs_off_post,0x38B,B4,9,16,0.0427,0.05833,61,43,128,115.5,0.02801,281,120,-10.839
hvac,on_vs_off_post,0x129,B0,63,146,0.05429,0.05567,60,60,132,124.0,0.00821,27999,12000,-10.966
hvac,on_vs_off_post,0x318,B7,204,211,0.01786,0.01835,89,87,209,213,0.16606,2799,1199,-11.135
hvac,on_vs_off_post,0x401,B0,5,6,0.02778,0.02778,36,36,17.5,18,0.00028,10080,4319,-11.199
hvac,on_vs_off_post,0x441,B7,137,113,0.03894,0.06253,68,44,97,97,0.02197,5599,2399,-11.407
hvac,on_vs_off_pre,0x441,B7,137,146,0.03894,0.0625,68,38,97,85.0,0.00138,5599,800,-11.655
hvac,on_vs_off_post,0x132,B0,21,23,0.03186,0.03592,106,78,26.0,23.0,0.08128,28000,12000,-12.124
hvac,on_vs_off_pre,0x321,B7,135,13,0.01786,0.075,153,24,134.5,109.0,0.10555,280,40,-12.363
hvac,on_vs_off_pre,0x261,B6,154,192,0.02086,0.0212,48,48,128,128.0,0.00199,17499,2500,-12.433
hvac,on_vs_off_post,0x261,B6,154,226,0.02086,0.02093,48,48,128,122.0,0.00056,17499,7500,-12.461
hvac,on_vs_off_post,0x318,B2,15,25,0.01786,0.01668,60,60,30,30,0.0373,2799,1199,-12.641
hvac,on_vs_off_pre,0x234,B7,237,109,0.05373,0.0575,244,98,127.0,127.5,0.07414,5602,800,-12.807
hvac,on_vs_off_post,0x324,B0,90,79,0.01786,0.025,173,98,117.0,132.5,0.10317,280,120,-13.683
hvac,on_vs_off_pre,0x3A1,B7,76,236,0.0575,0.06,256,97,125.0,128.0,0.02182,5600,800,-13.721
hvac,on_vs_off_pre,0x3B2,B0,90,24,0.01157,0.01587,93,93,50.0,46.5,0.04256,864,126,-14.148
hvac,on_vs_off_post,0x23E,B7,4,100,0.03271,0.04267,165,60,129.0,128.0,0.00315,7000,3000,-14.236
hvac,on_vs_off_post,0x3A1,B7,76,140,0.0575,0.0575,256,134,125.0,127.0,0.00924,5600,2400,-14.271
hvac,on_vs_off_post,0x3B2,B0,90,24,0.01157,0.01075,93,93,50.0,51.0,0.02387,864,372,-14.571
hvac,on_vs_off_pre,0x52F,B5,37,204,0.00714,0.025,162,40,128.0,133.0,0.03409,280,40,-14.829
hvac,on_vs_off_pre,0x52F,B6,26,223,0.00714,0.025,231,40,126.5,131.5,0.07595,280,40,-14.87
hvac,on_vs_off_post,0x528,B3,211,69,0.00714,0.00833,256,120,139.5,128.5,0.10813,280,120,-15.206
hvac,on_vs_off_post,0x321,B7,135,173,0.01786,0.025,153,101,134.5,134.5,0.00053,280,120,-15.542
hvac,on_vs_off_post,0x52F,B5,37,50,0.00714,0.00833,162,120,128.0,126.0,0.0263,280,120,-15.982
hvac,on_vs_off_post,0x324,B1,41,206,0.00714,0.00833,199,120,119.0,116.5,0.02449,280,120,-16.387
hvac,on_vs_off_pre,0x798,B7,49,213,0.01714,0.0225,243,131,127.0,125.5,0.00763,2800,400,-16.6
hvac,on_vs_off_post,0x52F,B6,26,95,0.00714,0.01667,231,111,126.5,129.5,0.02067,280,120,-16.671
hvac,on_vs_off_pre,0x545,B7,107,27,0.02428,0.02723,256,236,130.0,125.0,0.01624,8484,1212,-16.82
hvac,on_vs_off_post,0x545,B7,107,91,0.02428,0.02503,256,255,130.0,128.0,0.01991,8484,3636,-16.86
hvac,on_vs_off_pre,0x261,B7,135,47,0.02229,0.0324,256,237,127,130.0,0.0198,17499,2500,-16.874
hvac,on_vs_off_pre,0x7B8,B7,16,160,0.0125,0.0175,253,190,128.0,128.5,0.01682,2800,400,-17.201
hvac,on_vs_off_post,0x261,B7,135,231,0.02229,0.02293,256,255,127,131.0,0.0065,17499,7500,-17.248
hvac,on_vs_off_post,0x798,B7,49,65,0.01714,0.015,243,210,127.0,127.0,0.00861,2800,1200,-17.282
hvac,on_vs_off_post,0x7B8,B7,16,144,0.0125,0.0125,253,245,128.0,127.0,0.00832,2800,1200,-17.721
ac_charge,charging_vs_unplugged_post,0x132,B1,139,138,1.0,1.0,1,1,139,138.0,2.18214,10499,4500,96.704
ac_charge,charging_vs_unplugged_post,0x132,B3,0,255,1.0,1.0,1,1,0,255.0,2.18214,10499,4500,96.704
ac_charge,charging_vs_unplugged_post,0x132,B5,65,64,1.0,1.0,1,1,65,64.0,2.18214,10499,4500,96.704
ac_charge,charging_vs_unplugged_post,0x204,B0,102,1,1.0,1.0,1,1,102.0,1.0,2.18218,1050,450,96.704
ac_charge,charging_vs_unplugged_post,0x204,B1,3,0,1.0,1.0,1,1,3.0,0.0,2.18218,1050,450,96.704
ac_charge,charging_vs_unplugged_post,0x204,B5,160,0,1.0,1.0,1,1,160.0,0.0,2.18218,1050,450,96.704
ac_charge,charging_vs_unplugged_post,0x204,B7,17,16,1.0,1.0,1,1,17.0,16.0,2.18218,1050,450,96.704
ac_charge,charging_vs_unplugged_post,0x20A,B5,17,1,1.0,1.0,1,1,17,1,2.18218,105,45,96.704
ac_charge,charging_vs_unplugged_post,0x20C,B2,70,71,1.0,1.0,1,1,70,71.0,2.18176,1049,450,96.704
ac_charge,charging_vs_unplugged_post,0x212,B0,89,88,1.0,1.0,1,1,89.0,88.0,2.18218,1050,450,96.704
ac_charge,charging_vs_unplugged_post,0x212,B2,32,0,1.0,1.0,1,1,32.0,0.0,2.18218,1050,450,96.704
ac_charge,charging_vs_unplugged_post,0x212,B3,64,0,1.0,1.0,1,1,64.0,0.0,2.18218,1050,450,96.704
ac_charge,charging_vs_unplugged_post,0x212,B5,28,255,1.0,1.0,1,1,28.0,255.0,2.18218,1050,450,96.704
ac_charge,charging_vs_unplugged_post,0x212,B6,48,119,1.0,1.0,1,1,48.0,119.0,2.18218,1050,450,96.704
ac_charge,charging_vs_unplugged_post,0x212,B7,67,98,1.0,1.0,1,1,67.0,98.0,2.18218,1050,450,96.704
ac_charge,charging_vs_unplugged_post,0x21D,B0,47,4,1.0,1.0,1,1,47.0,4.0,2.18218,1050,450,96.704
ac_charge,charging_vs_unplugged_post,0x21D,B1,64,0,1.0,1.0,1,1,64.0,0.0,2.18218,1050,450,96.704
ac_charge,charging_vs_unplugged_post,0x21D,B2,34,53,1.0,1.0,1,1,34.0,53.0,2.18218,1050,450,96.704
ac_charge,charging_vs_unplugged_post,0x21D,B3,32,0,1.0,1.0,1,1,32.0,0.0,2.18218,1050,450,96.704
ac_charge,charging_vs_unplugged_post,0x21D,B4,128,0,1.0,1.0,1,1,128.0,0.0,2.18218,1050,450,96.704
ac_charge,charging_vs_unplugged_post,0x21D,B6,48,0,1.0,1.0,1,1,48.0,0.0,2.18218,1050,450,96.704
ac_charge,charging_vs_unplugged_post,0x228,B3,143,140,1.0,1.0,1,1,143.0,140.0,2.18218,1050,450,96.704
ac_charge,charging_vs_unplugged_post,0x228,B5,12,140,1.0,1.0,1,1,12.0,140.0,2.18218,1050,450,96.704
ac_charge,charging_vs_unplugged_post,0x232,B0,10,74,1.0,1.0,1,1,10.0,74,2.17803,104,45,96.704
ac_charge,charging_vs_unplugged_post,0x232,B1,2,0,1.0,1.0,1,1,2.0,0,2.17803,104,45,96.704
ac_charge,charging_vs_unplugged_post,0x241,B1,60,44,1.0,1.0,1,1,60.0,44.0,2.18218,1050,450,96.704
ac_charge,charging_vs_unplugged_post,0x241,B4,143,11,1.0,1.0,1,1,143.0,11.0,2.18218,1050,450,96.704
ac_charge,charging_vs_unplugged_post,0x241,B5,85,83,1.0,1.0,1,1,85.0,83.0,2.18218,1050,450,96.704
ac_charge,charging_vs_unplugged_post,0x24A,B0,1,3,1.0,1.0,1,1,1,3,2.18218,105,45,96.704
ac_charge,charging_vs_unplugged_post,0x252,B2,203,144,1.0,1.0,1,1,203.0,144.0,2.18218,1050,450,96.704
ac_charge,charging_vs_unplugged_post,0x252,B3,5,6,1.0,1.0,1,1,5.0,6.0,2.18218,1050,450,96.704
ac_charge,charging_vs_unplugged_post,0x252,B4,244,0,1.0,1.0,1,1,244.0,0.0,2.18218,1050,450,96.704
ac_charge,charging_vs_unplugged_post,0x252,B6,25,24,1.0,1.0,1,1,25.0,24.0,2.18218,1050,450,96.704
ac_charge,charging_vs_unplugged_post,0x25D,B0,114,54,1.0,1.0,1,1,114.0,54.0,2.18218,1050,450,96.704
ac_charge,charging_vs_unplugged_post,0x25D,B1,129,65,1.0,1.0,1,1,129.0,65.0,2.18218,1050,450,96.704
ac_charge,charging_vs_unplugged_post,0x25D,B2,41,1,1.0,1.0,1,1,41.0,1.0,2.18218,1050,450,96.704
ac_charge,charging_vs_unplugged_post,0x25D,B3,172,22,1.0,1.0,1,1,172.0,22.0,2.18218,1050,450,96.704
ac_charge,charging_vs_unplugged_post,0x25D,B5,241,240,1.0,1.0,1,1,241.0,240.0,2.18218,1050,450,96.704
ac_charge,charging_vs_unplugged_post,0x264,B2,208,0,1.0,1.0,1,1,208.0,0.0,2.18218,1050,450,96.704
ac_charge,charging_vs_unplugged_post,0x264,B4,64,160,1.0,1.0,1,1,64.0,160.0,2.18218,1050,450,96.704
ac_charge,charging_vs_unplugged_post,0x264,B5,1,0,1.0,1.0,1,1,1.0,0.0,2.18218,1050,450,96.704
ac_charge,charging_vs_unplugged_post,0x273,B4,60,72,1.0,1.0,1,1,60.0,72.0,2.18218,210,90,96.704
ac_charge,charging_vs_unplugged_post,0x288,B3,143,140,1.0,1.0,1,1,143.0,140.0,2.18218,1050,450,96.704
ac_charge,charging_vs_unplugged_post,0x288,B5,12,140,1.0,1.0,1,1,12.0,140.0,2.18218,1050,450,96.704
ac_charge,charging_vs_unplugged_post,0x2A8,B5,128,0,1.0,1.0,1,1,128.0,0.0,2.18218,1050,450,96.704
ac_charge,charging_vs_unplugged_post,0x2AA,B0,103,47,1.0,1.0,1,1,103.0,47,2.18315,1050,449,96.704
ac_charge,charging_vs_unplugged_post,0x2D2,B2,172,164,1.0,1.0,1,1,172.0,164.0,2.18218,1050,450,96.704
ac_charge,charging_vs_unplugged_post,0x2D2,B5,6,0,1.0,1.0,1,1,6.0,0.0,2.18218,1050,450,96.704
ac_charge,charging_vs_unplugged_post,0x2D2,B6,111,161,1.0,1.0,1,1,111.0,161.0,2.18218,1050,450,96.704
ac_charge,charging_vs_unplugged_post,0x2D3,B4,67,66,1.0,1.0,1,1,67,66.0,2.18426,211,90,96.704
ac_charge,charging_vs_unplugged_post,0x2D3,B6,31,30,1.0,1.0,1,1,31,30.0,2.18426,211,90,96.704
ac_charge,charging_vs_unplugged_post,0x2E8,B5,128,0,1.0,1.0,1,1,128.0,0.0,2.18218,1050,450,96.704
ac_charge,charging_vs_unplugged_post,0x2EC,B0,103,47,1.0,1.0,1,1,103.0,47.0,2.18218,1050,450,96.704
ac_charge,charging_vs_unplugged_post,0x32A,B3,0,15,1.0,1.0,1,1,0,15,2.18218,21,9,96.704
ac_charge,charging_vs_unplugged_post,0x333,B1,32,16,1.0,1.0,1,1,32.0,16.0,2.18218,210,90,96.704
ac_charge,charging_vs_unplugged_post,0x348,B3,5,6,1.0,1.0,1,1,5,6,2.18218,105,45,96.704
ac_charge,charging_vs_unplugged_post,0x353,B6,252,253,1.0,1.0,1,1,252,253,2.18218,105,45,96.704
ac_charge,charging_vs_unplugged_post,0x364,B0,60,0,1.0,1.0,1,1,60,0,2.18218,105,45,96.704
ac_charge,charging_vs_unplugged_post,0x364,B1,120,130,1.0,1.0,1,1,120,130,2.18218,105,45,96.704
ac_charge,charging_vs_unplugged_post,0x3F5,B2,60,72,1.0,1.0,1,1,60.0,72.0,2.18218,1050,450,96.704
ac_charge,charging_vs_unplugged_post,0x401,B3,131,130,1.0,1.0,1,1,131,130.0,2.18206,3779,1620,96.704
ac_charge,charging_vs_unplugged_post,0x41D,B0,32,96,1.0,1.0,1,1,32.0,96.0,2.18218,1050,450,96.704
ac_charge,charging_vs_unplugged_post,0x43D,B0,37,0,1.0,1.0,1,1,37.0,0.0,2.18218,1050,450,96.704
ac_charge,charging_vs_unplugged_post,0x43D,B1,64,0,1.0,1.0,1,1,64.0,0.0,2.18218,1050,450,96.704
ac_charge,charging_vs_unplugged_post,0x43D,B5,34,0,1.0,1.0,1,1,34.0,0.0,2.18218,1050,450,96.704
ac_charge,charging_vs_unplugged_post,0x472,B4,16,0,1.0,1.0,1,1,16,0,2.18218,105,45,96.704
ac_charge,charging_vs_unplugged_post,0x49D,B6,32,0,1.0,1.0,1,1,32.0,0.0,2.18218,1050,450,96.704
ac_charge,charging_vs_unplugged_pre,0x132,B1,139,138,1.0,1.0,1,1,139,138.0,2.53727,10499,2500,96.704
ac_charge,charging_vs_unplugged_pre,0x132,B3,0,255,1.0,1.0,1,1,0,255.0,2.53727,10499,2500,96.704
ac_charge,charging_vs_unplugged_pre,0x132,B5,65,64,1.0,1.0,1,1,65,64.0,2.53727,10499,2500,96.704
ac_charge,charging_vs_unplugged_pre,0x204,B0,102,1,1.0,1.0,1,1,102.0,1.0,2.53734,1050,250,96.704
ac_charge,charging_vs_unplugged_pre,0x204,B1,3,0,1.0,1.0,1,1,3.0,0.0,2.53734,1050,250,96.704
ac_charge,charging_vs_unplugged_pre,0x204,B5,160,0,1.0,1.0,1,1,160.0,0.0,2.53734,1050,250,96.704
ac_charge,charging_vs_unplugged_pre,0x204,B7,17,16,1.0,1.0,1,1,17.0,16.0,2.53734,1050,250,96.704
ac_charge,charging_vs_unplugged_pre,0x20A,B5,17,1,1.0,1.0,1,1,17,1,2.53734,105,25,96.704
ac_charge,charging_vs_unplugged_pre,0x212,B0,89,88,1.0,1.0,1,1,89.0,88.0,2.53734,1050,250,96.704
ac_charge,charging_vs_unplugged_pre,0x212,B2,32,0,1.0,1.0,1,1,32.0,0.0,2.53734,1050,250,96.704
ac_charge,charging_vs_unplugged_pre,0x212,B3,64,0,1.0,1.0,1,1,64.0,0.0,2.53734,1050,250,96.704
ac_charge,charging_vs_unplugged_pre,0x212,B5,28,255,1.0,1.0,1,1,28.0,255.0,2.53734,1050,250,96.704
ac_charge,charging_vs_unplugged_pre,0x212,B6,48,119,1.0,1.0,1,1,48.0,119.0,2.53734,1050,250,96.704
ac_charge,charging_vs_unplugged_pre,0x212,B7,67,98,1.0,1.0,1,1,67.0,98.0,2.53734,1050,250,96.704
ac_charge,charging_vs_unplugged_pre,0x21D,B0,47,4,1.0,1.0,1,1,47.0,4.0,2.53734,1050,250,96.704
ac_charge,charging_vs_unplugged_pre,0x21D,B1,64,0,1.0,1.0,1,1,64.0,0.0,2.53734,1050,250,96.704
ac_charge,charging_vs_unplugged_pre,0x21D,B2,34,53,1.0,1.0,1,1,34.0,53.0,2.53734,1050,250,96.704
ac_charge,charging_vs_unplugged_pre,0x21D,B3,32,0,1.0,1.0,1,1,32.0,0.0,2.53734,1050,250,96.704
ac_charge,charging_vs_unplugged_pre,0x21D,B4,128,0,1.0,1.0,1,1,128.0,0.0,2.53734,1050,250,96.704
ac_charge,charging_vs_unplugged_pre,0x21D,B6,48,0,1.0,1.0,1,1,48.0,0.0,2.53734,1050,250,96.704
ac_charge,charging_vs_unplugged_pre,0x228,B3,143,140,1.0,1.0,1,1,143.0,140.0,2.53734,1050,250,96.704
ac_charge,charging_vs_unplugged_pre,0x228,B5,12,140,1.0,1.0,1,1,12.0,140.0,2.53734,1050,250,96.704
ac_charge,charging_vs_unplugged_pre,0x232,B0,10,74,1.0,1.0,1,1,10.0,74,2.5299,104,25,96.704
ac_charge,charging_vs_unplugged_pre,0x232,B1,2,0,1.0,1.0,1,1,2.0,0,2.5299,104,25,96.704
ac_charge,charging_vs_unplugged_pre,0x241,B1,60,44,1.0,1.0,1,1,60.0,44.0,2.53734,1050,250,96.704
ac_charge,charging_vs_unplugged_pre,0x241,B4,143,11,1.0,1.0,1,1,143.0,11.0,2.53734,1050,250,96.704
ac_charge,charging_vs_unplugged_pre,0x241,B5,85,83,1.0,1.0,1,1,85.0,83.0,2.53734,1050,250,96.704
ac_charge,charging_vs_unplugged_pre,0x24A,B0,1,3,1.0,1.0,1,1,1,3,2.53734,105,25,96.704
ac_charge,charging_vs_unplugged_pre,0x252,B2,203,143,1.0,1.0,1,1,203.0,143.0,2.53734,1050,250,96.704
ac_charge,charging_vs_unplugged_pre,0x252,B3,5,6,1.0,1.0,1,1,5.0,6.0,2.53734,1050,250,96.704
ac_charge,charging_vs_unplugged_pre,0x252,B4,244,0,1.0,1.0,1,1,244.0,0.0,2.53734,1050,250,96.704
ac_charge,charging_vs_unplugged_pre,0x252,B6,25,23,1.0,1.0,1,1,25.0,23.0,2.53734,1050,250,96.704
ac_charge,charging_vs_unplugged_pre,0x25D,B0,114,54,1.0,1.0,1,1,114.0,54.0,2.53734,1050,250,96.704
ac_charge,charging_vs_unplugged_pre,0x25D,B1,129,65,1.0,1.0,1,1,129.0,65.0,2.53734,1050,250,96.704
ac_charge,charging_vs_unplugged_pre,0x25D,B2,41,1,1.0,1.0,1,1,41.0,1.0,2.53734,1050,250,96.704
ac_charge,charging_vs_unplugged_pre,0x25D,B3,172,22,1.0,1.0,1,1,172.0,22.0,2.53734,1050,250,96.704
ac_charge,charging_vs_unplugged_pre,0x25D,B5,241,240,1.0,1.0,1,1,241.0,240.0,2.53734,1050,250,96.704
ac_charge,charging_vs_unplugged_pre,0x262,B5,176,240,1.0,1.0,1,1,176,240,2.53734,105,25,96.704
ac_charge,charging_vs_unplugged_pre,0x262,B6,146,210,1.0,1.0,1,1,146,210,2.53734,105,25,96.704
ac_charge,charging_vs_unplugged_pre,0x264,B2,208,0,1.0,1.0,1,1,208.0,0.0,2.53734,1050,250,96.704
ac_charge,charging_vs_unplugged_pre,0x264,B4,64,160,1.0,1.0,1,1,64.0,160.0,2.53734,1050,250,96.704
ac_charge,charging_vs_unplugged_pre,0x264,B5,1,0,1.0,1.0,1,1,1.0,0.0,2.53734,1050,250,96.704
ac_charge,charging_vs_unplugged_pre,0x282,B5,19,3,1.0,1.0,1,1,19,3.0,2.5366,1049,250,96.704
ac_charge,charging_vs_unplugged_pre,0x288,B3,143,140,1.0,1.0,1,1,143.0,140.0,2.53734,1050,250,96.704
ac_charge,charging_vs_unplugged_pre,0x288,B5,12,140,1.0,1.0,1,1,12.0,140.0,2.53734,1050,250,96.704
ac_charge,charging_vs_unplugged_pre,0x2A8,B5,128,0,1.0,1.0,1,1,128.0,0.0,2.53734,1050,250,96.704
ac_charge,charging_vs_unplugged_pre,0x2AA,B0,103,47,1.0,1.0,1,1,103.0,47.0,2.53734,1050,250,96.704
ac_charge,charging_vs_unplugged_pre,0x2C7,B6,70,69,1.0,1.0,1,1,70.0,69.0,2.53734,1050,250,96.704
ac_charge,charging_vs_unplugged_pre,0x2D2,B2,172,163,1.0,1.0,1,1,172.0,163.0,2.53734,1050,250,96.704
ac_charge,charging_vs_unplugged_pre,0x2D2,B5,6,0,1.0,1.0,1,1,6.0,0.0,2.53734,1050,250,96.704
ac_charge,charging_vs_unplugged_pre,0x2D2,B6,111,161,1.0,1.0,1,1,111.0,161.0,2.53734,1050,250,96.704
ac_charge,charging_vs_unplugged_pre,0x2D3,B7,100,101,1.0,1.0,1,1,100,101.0,2.54106,211,50,96.704
ac_charge,charging_vs_unplugged_pre,0x2E8,B5,128,0,1.0,1.0,1,1,128.0,0.0,2.53734,1050,250,96.704
ac_charge,charging_vs_unplugged_pre,0x2EC,B0,103,47,1.0,1.0,1,1,103.0,47.0,2.53734,1050,250,96.704
ac_charge,charging_vs_unplugged_pre,0x2F2,B0,98,18,1.0,1.0,1,1,98.0,18.0,2.53734,1050,250,96.704
ac_charge,charging_vs_unplugged_pre,0x32A,B3,0,15,1.0,1.0,1,1,0,15,2.53734,21,5,96.704
ac_charge,charging_vs_unplugged_pre,0x333,B1,32,16,1.0,1.0,1,1,32.0,16.0,2.53734,210,50,96.704
ac_charge,charging_vs_unplugged_pre,0x348,B3,5,4,1.0,1.0,1,1,5,4,2.53734,105,25,96.704
ac_charge,charging_vs_unplugged_pre,0x364,B0,60,0,1.0,1.0,1,1,60,0,2.53734,105,25,96.704
ac_charge,charging_vs_unplugged_pre,0x364,B1,120,130,1.0,1.0,1,1,120,130,2.53734,105,25,96.704
ac_charge,charging_vs_unplugged_pre,0x383,B0,167,165,1.0,1.0,1,1,167.0,165.0,2.53734,1050,250,96.704
ac_charge,charging_vs_unplugged_pre,0x401,B3,131,130,1.0,1.0,1,1,131,130.0,2.53713,3779,900,96.704
ac_charge,charging_vs_unplugged_pre,0x41D,B0,32,0,1.0,1.0,1,1,32.0,0.0,2.53734,1050,250,96.704
ac_charge,charging_vs_unplugged_pre,0x43D,B0,37,0,1.0,1.0,1,1,37.0,0.0,2.53734,1050,250,96.704
ac_charge,charging_vs_unplugged_pre,0x43D,B1,64,0,1.0,1.0,1,1,64.0,0.0,2.53734,1050,250,96.704
ac_charge,charging_vs_unplugged_pre,0x43D,B5,34,0,1.0,1.0,1,1,34.0,0.0,2.53734,1050,250,96.704
ac_charge,charging_vs_unplugged_pre,0x472,B4,16,0,1.0,1.0,1,1,16,0,2.53734,105,25,96.704
ac_charge,charging_vs_unplugged_pre,0x49D,B6,32,0,1.0,1.0,1,1,32.0,0.0,2.53734,1050,250,96.704
ac_charge,plugged_wait_vs_unplugged_pre,0x212,B1,12,4,1.0,1.0,1,1,12.0,4.0,2.05548,400,250,96.704
ac_charge,plugged_wait_vs_unplugged_pre,0x21D,B0,76,4,1.0,1.0,1,1,76.0,4.0,2.05548,400,250,96.704
ac_charge,plugged_wait_vs_unplugged_pre,0x21D,B2,2,53,1.0,1.0,1,1,2.0,53.0,2.05548,400,250,96.704
ac_charge,plugged_wait_vs_unplugged_pre,0x21D,B3,32,0,1.0,1.0,1,1,32.0,0.0,2.05548,400,250,96.704
ac_charge,plugged_wait_vs_unplugged_pre,0x21D,B6,16,0,1.0,1.0,1,1,16.0,0.0,2.05548,400,250,96.704
ac_charge,plugged_wait_vs_unplugged_pre,0x228,B3,143,140,1.0,1.0,1,1,143.0,140.0,2.05548,400,250,96.704
ac_charge,plugged_wait_vs_unplugged_pre,0x228,B5,12,140,1.0,1.0,1,1,12.0,140.0,2.05548,400,250,96.704
ac_charge,plugged_wait_vs_unplugged_pre,0x25D,B0,118,54,1.0,1.0,1,1,118.0,54.0,2.05548,400,250,96.704
ac_charge,plugged_wait_vs_unplugged_pre,0x25D,B1,129,65,1.0,1.0,1,1,129.0,65.0,2.05548,400,250,96.704
ac_charge,plugged_wait_vs_unplugged_pre,0x25D,B2,25,1,1.0,1.0,1,1,25.0,1.0,2.05548,400,250,96.704
ac_charge,plugged_wait_vs_unplugged_pre,0x25D,B3,172,22,1.0,1.0,1,1,172.0,22.0,2.05548,400,250,96.704
ac_charge,plugged_wait_vs_unplugged_pre,0x288,B3,143,140,1.0,1.0,1,1,143.0,140.0,2.05548,400,250,96.704
ac_charge,plugged_wait_vs_unplugged_pre,0x288,B5,12,140,1.0,1.0,1,1,12.0,140.0,2.05548,400,250,96.704
ac_charge,plugged_wait_vs_unplugged_pre,0x292,B2,189,205,1.0,1.0,1,1,189.0,205.0,2.05548,400,250,96.704
ac_charge,plugged_wait_vs_unplugged_pre,0x2A4,B6,253,125,1.0,1.0,1,1,253.0,125,2.05548,40,25,96.704
ac_charge,plugged_wait_vs_unplugged_pre,0x2A8,B5,128,0,1.0,1.0,1,1,128.0,0.0,2.05548,400,250,96.704
ac_charge,plugged_wait_vs_unplugged_pre,0x2AA,B0,103,47,1.0,1.0,1,1,103.0,47.0,2.05548,400,250,96.704
ac_charge,plugged_wait_vs_unplugged_pre,0x2D3,B0,219,218,1.0,1.0,1,1,219.0,218.0,2.05548,80,50,96.704
ac_charge,plugged_wait_vs_unplugged_pre,0x2E8,B5,128,0,1.0,1.0,1,1,128.0,0.0,2.05548,400,250,96.704
ac_charge,plugged_wait_vs_unplugged_pre,0x2EC,B0,103,47,1.0,1.0,1,1,103.0,47.0,2.05548,400,250,96.704
ac_charge,plugged_wait_vs_unplugged_pre,0x318,B5,39,37,1.0,1.0,1,1,39.0,37.0,2.05548,400,250,96.704
ac_charge,plugged_wait_vs_unplugged_pre,0x324,B2,250,248,1.0,1.0,1,1,250.0,248,2.05548,40,25,96.704
ac_charge,plugged_wait_vs_unplugged_pre,0x383,B2,73,75,1.0,1.0,1,1,73.0,75.0,2.05548,400,250,96.704
ac_charge,plugged_wait_vs_unplugged_pre,0x383,B7,97,98,1.0,1.0,1,1,97.0,98.0,2.05548,400,250,96.704
ac_charge,plugged_wait_vs_unplugged_pre,0x38B,B6,42,37,1.0,1.0,1,1,42.0,37,2.05548,40,25,96.704
ac_charge,plugged_wait_vs_unplugged_pre,0x38D,B0,86,150,1.0,1.0,1,1,86.0,150,2.05548,40,25,96.704
ac_charge,plugged_wait_vs_unplugged_pre,0x43D,B0,1,0,1.0,1.0,1,1,1.0,0.0,2.05548,400,250,96.704
ac_charge,plugged_wait_vs_unplugged_pre,0x43D,B5,32,0,1.0,1.0,1,1,32.0,0.0,2.05548,400,250,96.704
ac_charge,plugged_wait_vs_unplugged_pre,0x528,B2,148,147,1.0,1.0,1,1,148.0,147,2.05548,40,25,96.704
ac_charge,plugged_wait_vs_unplugged_pre,0x61D,B0,12,10,1.0,1.0,1,1,12.0,10.0,2.05548,80,50,96.704
ac_charge,charging_vs_unplugged_pre,0x40A,B0,1,0,1.0,0.992,1,2,1,0,2.52477,525,125,95.361
ac_charge,charging_vs_unplugged_post,0x292,B6,132,0,0.9819,1.0,2,1,132.0,0.0,2.18218,1050,450,94.755
ac_charge,charging_vs_unplugged_pre,0x292,B6,132,0,0.9819,1.0,2,1,132.0,0.0,2.53733,1050,250,94.755
ac_charge,charging_vs_unplugged_pre,0x473,B2,3,15,1.0,0.98077,1,2,3.0,15.0,2.48425,212,52,94.687
ac_charge,charging_vs_unplugged_pre,0x3E2,B3,90,106,1.0,0.952,1,2,90,106,2.46167,525,125,92.961
ac_charge,plugged_wait_vs_unplugged_pre,0x38D,B1,2,0,0.95,1.0,2,1,2.0,0,2.02289,40,25,92.841
ac_charge,charging_vs_unplugged_pre,0x528,B2,148,147,0.94286,1.0,2,1,148,147,2.26884,105,25,92.413
ac_charge,charging_vs_unplugged_post,0x528,B2,148,149,0.94286,1.0,2,1,148,149,1.99037,105,45,92.22
ac_charge,charging_vs_unplugged_pre,0x42F,B1,171,170,0.93333,1.0,2,1,171,170,2.16667,105,25,91.841
ac_charge,plugged_wait_vs_unplugged_pre,0x321,B0,38,39,0.95,1.0,2,1,38.0,39,1.92781,40,25,91.397
ac_charge,charging_vs_unplugged_post,0x324,B3,142,143,1.0,0.91111,1,2,142,143,2.04436,105,45,90.508
ac_charge,charging_vs_unplugged_post,0x252,B5,177,128,0.90571,1.0,2,1,177.0,128.0,2.17369,1050,450,90.184
ac_charge,charging_vs_unplugged_pre,0x252,B5,177,168,0.90571,1.0,2,1,177.0,168.0,2.1308,1050,250,90.184
ac_charge,charging_vs_unplugged_pre,0x20C,B2,70,69,1.0,0.9,1,2,70,69.0,2.42727,1049,250,89.841
ac_charge,plugged_wait_vs_unplugged_pre,0x2A4,B2,188,252,0.925,0.88,2,2,188.0,252,1.746,40,25,82.892
ac_charge,charging_vs_unplugged_post,0x33A,B0,207,208,0.8,1.0,2,1,207,208,1.86411,105,45,81.123
ac_charge,charging_vs_unplugged_post,0x264,B1,26,0,0.74857,1.0,2,1,26.0,0.0,2.18115,1050,450,80.755
ac_charge,charging_vs_unplugged_pre,0x264,B1,26,0,0.74857,1.0,2,1,26.0,0.0,2.53547,1050,250,80.755
ac_charge,plugged_wait_vs_unplugged_pre,0x2A4,B1,191,215,0.775,0.8,3,2,191.0,215,1.94886,40,25,80.102
ac_charge,charging_vs_unplugged_post,0x33A,B3,173,181,0.82857,1.0,2,1,173,181,1.67877,105,45,79.131
ac_charge,plugged_wait_vs_unplugged_pre,0x22B,B7,7,255,1.0,0.83748,1,10,7.0,255,1.79746,822,523,78.743
ac_charge,charging_vs_unplugged_post,0x2A4,B3,229,230,0.79048,1.0,3,1,229,230,1.80128,105,45,78.626
ac_charge,plugged_wait_vs_unplugged_pre,0x22B,B0,0,255,1.0,0.81071,1,14,0.0,255,1.8526,822,523,77.377
ac_charge,charging_vs_unplugged_pre,0x33A,B0,207,206,0.8,1.0,2,1,207,206,1.67307,105,25,77.303
ac_charge,charging_vs_unplugged_post,0x241,B3,14,11,0.69714,0.81778,2,2,14.0,11.0,2.10422,1050,450,77.0
ac_charge,charging_vs_unplugged_post,0x2A7,B5,152,140,0.66857,1.0,2,1,152.0,140.0,2.07712,1050,450,75.955
ac_charge,charging_vs_unplugged_pre,0x2A7,B5,152,136,0.66857,1.0,2,1,152.0,136.0,2.43524,1050,250,75.955
ac_charge,charging_vs_unplugged_pre,0x2A4,B3,229,228,0.79048,1.0,3,1,229,228,1.65574,105,25,75.715
ac_charge,charging_vs_unplugged_pre,0x2D3,B0,220,218,0.65877,1.0,2,1,220,218.0,2.30617,211,50,75.367
ac_charge,plugged_wait_vs_unplugged_pre,0x22B,B5,31,255,0.80292,0.89484,5,6,31.0,255,1.72796,822,523,75.28
ac_charge,charging_vs_unplugged_pre,0x241,B3,14,10,0.69714,0.656,2,2,14.0,10.0,2.4327,1050,250,74.532
ac_charge,charging_vs_unplugged_post,0x708,B0,49,48,0.79808,0.97778,2,2,49.0,48,1.56448,104,45,74.346
ac_charge,charging_vs_unplugged_post,0x2D3,B0,220,222,0.65877,1.0,2,1,220,222.0,1.93575,211,90,74.082
ac_charge,charging_vs_unplugged_post,0x252,B1,23,0,0.63333,1.0,2,1,23.0,0.0,2.18053,1050,450,73.841
ac_charge,charging_vs_unplugged_pre,0x252,B1,23,0,0.63333,1.0,2,1,23.0,0.0,2.53435,1050,250,73.841
ac_charge,charging_vs_unplugged_pre,0x324,B2,253,248,0.62857,1.0,3,1,253,248,2.45045,105,25,72.886
ac_charge,charging_vs_unplugged_post,0x324,B2,253,0,0.62857,0.91111,3,2,253,0,2.0419,105,45,72.339
ac_charge,plugged_wait_vs_unplugged_pre,0x2B4,B2,215,216,0.8975,0.696,3,2,215.0,216.0,1.79478,400,250,72.28
ac_charge,plugged_wait_vs_unplugged_pre,0x2A4,B4,53,55,0.7,0.96,2,2,53.0,55,1.7477,40,25,72.126
ac_charge,charging_vs_unplugged_pre,0x132,B2,180,247,0.63111,0.6592,4,3,180,247.0,2.53673,10499,2500,71.628
ac_charge,charging_vs_unplugged_post,0x2D3,B5,255,0,0.59242,1.0,2,1,255,0.0,2.18424,211,90,71.386
ac_charge,charging_vs_unplugged_pre,0x2D3,B5,255,253,0.59242,1.0,2,1,255,253.0,2.07681,211,50,71.386
ac_charge,charging_vs_unplugged_post,0x132,B2,180,247,0.63111,0.654,4,4,180,247.0,2.18181,10499,4500,71.275
ac_charge,charging_vs_unplugged_post,0x3D2,B0,68,78,1.0,0.6,1,3,68,78,2.15745,105,45,71.172
ac_charge,charging_vs_unplugged_post,0x204,B2,70,0,0.58381,1.0,2,1,70.0,0.0,2.182,1050,450,70.87
ac_charge,charging_vs_unplugged_post,0x204,B3,70,255,0.58381,1.0,2,1,70.0,255.0,2.18215,1050,450,70.87
ac_charge,charging_vs_unplugged_pre,0x204,B2,70,0,0.58381,1.0,2,1,70.0,0.0,2.53702,1050,250,70.87
ac_charge,charging_vs_unplugged_pre,0x204,B3,70,255,0.58381,1.0,2,1,70.0,255.0,2.53729,1050,250,70.87
ac_charge,charging_vs_unplugged_post,0x22A,B2,109,57,0.57333,1.0,2,1,109.0,57.0,2.07846,1050,450,70.241
ac_charge,charging_vs_unplugged_pre,0x22A,B2,109,41,0.57333,1.0,2,1,109.0,41.0,2.43366,1050,250,70.241
ac_charge,charging_vs_unplugged_post,0x264,B3,70,0,0.59238,1.0,4,1,70.0,0.0,2.18195,1050,450,70.168
ac_charge,charging_vs_unplugged_pre,0x264,B3,70,0,0.59238,1.0,4,1,70.0,0.0,2.53692,1050,250,70.168
ac_charge,charging_vs_unplugged_post,0x339,B0,1,0,1.0,0.67111,1,2,1.0,0.0,1.67361,1050,450,69.58
ac_charge,charging_vs_unplugged_post,0x339,B5,2,0,1.0,0.67111,1,2,2.0,0.0,1.67361,1050,450,69.58
ac_charge,charging_vs_unplugged_post,0x339,B7,2,15,1.0,0.67111,1,2,2.0,15.0,1.67361,1050,450,69.58
ac_charge,charging_vs_unplugged_pre,0x318,B5,42,37,0.57197,1.0,3,1,42,37.0,2.44715,1049,250,69.49
ac_charge,charging_vs_unplugged_pre,0x61D,B0,15,10,0.57143,1.0,3,1,15.0,10.0,2.44323,210,50,69.457
ac_charge,charging_vs_unplugged_pre,0x292,B4,209,208,0.56095,1.0,2,1,209.0,208.0,1.99449,1050,250,69.388
ac_charge,charging_vs_unplugged_pre,0x383,B2,71,75,0.5581,1.0,2,1,71.0,75.0,2.30185,1050,250,69.327
ac_charge,charging_vs_unplugged_post,0x318,B5,42,45,0.57197,0.61333,3,2,42,45.0,2.02517,1049,450,68.943
ac_charge,charging_vs_unplugged_post,0x61D,B0,15,18,0.57143,0.65556,3,2,15.0,18.0,2.02239,210,90,68.91
ac_charge,charging_vs_unplugged_post,0x2D2,B0,121,109,0.5781,0.73556,4,2,121.0,109.0,2.16879,1050,450,68.848
ac_charge,charging_vs_unplugged_pre,0x2D2,B0,121,109,0.5781,0.948,4,2,121.0,109.0,2.51765,1050,250,68.848
ac_charge,charging_vs_unplugged_pre,0x383,B7,95,98,0.54476,1.0,2,1,95.0,98.0,2.3171,1050,250,68.527
ac_charge,charging_vs_unplugged_post,0x383,B2,71,67,0.5581,1.0,2,1,71.0,67.0,1.88608,1050,450,67.048
ac_charge,charging_vs_unplugged_post,0x204,B4,160,0,0.53238,1.0,4,1,160.0,0.0,2.18209,1050,450,66.568
ac_charge,charging_vs_unplugged_pre,0x204,B4,160,0,0.53238,1.0,4,1,160.0,0.0,2.53718,1050,250,66.568
ac_charge,charging_vs_unplugged_pre,0x3D2,B0,68,54,1.0,0.52,1,3,68,54,2.52263,105,25,66.372
ac_charge,charging_vs_unplugged_post,0x2A4,B6,125,255,0.50476,1.0,2,1,125,255,2.18212,105,45,66.127
ac_charge,charging_vs_unplugged_post,0x32A,B2,94,255,0.52381,1.0,4,1,94,255,2.18209,21,9,66.053
ac_charge,charging_vs_unplugged_pre,0x32A,B2,94,255,0.52381,1.0,4,1,94,255,2.53718,21,5,66.053
ac_charge,plugged_wait_vs_unplugged_pre,0x3D2,B0,64,54,0.575,0.52,2,3,64.0,54,1.99192,40,25,65.663
ac_charge,charging_vs_unplugged_pre,0x292,B1,119,111,0.64286,1.0,3,1,119.0,111.0,1.56103,1050,250,64.964
ac_charge,charging_vs_unplugged_post,0x383,B7,95,94,0.54476,0.98667,2,2,95.0,94.0,1.84956,1050,450,64.849
ac_charge,charging_vs_unplugged_pre,0x37D,B7,0,0,1.0,0.8,1,2,0,0,1.04,105,25,64.641
ac_charge,charging_vs_unplugged_pre,0x739,B0,44,45,0.7619,0.8,2,2,44,45,1.18111,105,25,64.508
ac_charge,plugged_wait_vs_unplugged_pre,0x382,B1,24,25,1.0,0.64,1,2,24.0,25,1.48571,40,25,63.955
ac_charge,charging_vs_unplugged_pre,0x241,B0,59,43,0.49048,0.548,3,3,59.0,43.0,2.52189,1050,250,63.591
ac_charge,charging_vs_unplugged_pre,0x739,B2,35,36,0.8381,0.72,2,2,35,36,1.25822,105,25,63.536
ac_charge,charging_vs_unplugged_post,0x739,B2,35,29,0.8381,0.62222,2,5,35,29,1.62114,105,45,63.518
ac_charge,charging_vs_unplugged_post,0x241,B0,59,44,0.49048,0.79111,3,4,59.0,44.0,2.17303,1050,450,63.19
ac_charge,charging_vs_unplugged_post,0x739,B0,44,38,0.7619,0.62222,2,5,44,38,1.5961,105,45,63.017
ac_charge,charging_vs_unplugged_pre,0x383,B5,112,96,0.79524,1.0,5,1,112.0,96.0,1.04049,1050,250,62.686
ac_charge,plugged_wait_vs_unplugged_pre,0x20C,B1,160,0,0.5625,0.836,3,3,160.0,0.0,1.73398,400,250,62.592
ac_charge,charging_vs_unplugged_pre,0x23E,B3,192,160,0.51124,0.936,9,5,192,160,2.24803,2625,625,62.55
ac_charge,charging_vs_unplugged_post,0x23E,B3,192,223,0.51124,1.0,9,1,192,223,1.9115,2625,1125,61.711
ac_charge,plugged_wait_vs_unplugged_pre,0x2A4,B0,151,155,0.475,0.6,4,3,151.0,155,1.96906,40,25,61.643
ac_charge,charging_vs_unplugged_post,0x292,B1,119,131,0.64286,1.0,3,1,119.0,131.0,1.37813,1050,450,61.306
ac_charge,charging_vs_unplugged_post,0x383,B5,112,128,0.79524,1.0,5,1,112.0,128.0,0.96384,1050,450,61.153
ac_charge,plugged_wait_vs_unplugged_pre,0x52F,B4,130,123,0.425,0.56,3,2,130.0,123,2.01094,40,25,60.125
ac_charge,charging_vs_unplugged_post,0x321,B3,137,137,1.0,0.73333,1,2,137,137,0.98295,105,45,59.5
ac_charge,charging_vs_unplugged_pre,0x312,B2,199,102,0.5,0.5,4,2,199.0,150.5,1.7636,210,50,59.434
ac_charge,charging_vs_unplugged_post,0x20C,B5,144,144,1.0,0.71111,1,2,144,144.0,1.0265,1049,450,59.038
ac_charge,charging_vs_unplugged_pre,0x383,B4,43,37,0.7619,1.0,6,1,43.0,37.0,0.95781,1050,250,58.632
ac_charge,plugged_wait_vs_unplugged_pre,0x132,B2,248,247,0.878,0.6592,3,3,248.0,247.0,1.21108,4000,2500,57.936
ac_charge,plugged_wait_vs_unplugged_pre,0x2A4,B5,63,239,0.4,0.44,4,3,79.0,239,2.02628,40,25,57.762
ac_charge,plugged_wait_vs_unplugged_pre,0x364,B2,78,120,0.4,0.44,4,3,82.0,120,2.0232,40,25,57.762
ac_charge,charging_vs_unplugged_pre,0x212,B1,28,4,0.50857,1.0,2,1,28.0,4.0,1.53533,1050,250,57.062
ac_charge,charging_vs_unplugged_pre,0x382,B1,24,25,0.85714,0.64,2,2,24,25,1.16661,105,25,56.904
ac_charge,charging_vs_unplugged_pre,0x25D,B6,216,216,0.76571,0.768,5,5,216.0,216.0,0.88342,1050,250,56.418
ac_charge,charging_vs_unplugged_post,0x212,B1,28,4,0.50857,1.0,2,1,28.0,4.0,1.50236,1050,450,56.403
ac_charge,plugged_wait_vs_unplugged_pre,0x739,B0,44,45,0.775,0.8,3,2,44.0,45,0.75849,40,25,56.294
ac_charge,plugged_wait_vs_unplugged_pre,0x23E,B3,169,160,0.69,0.936,3,5,169.0,160,1.05698,1000,625,55.948
ac_charge,plugged_wait_vs_unplugged_pre,0x739,B2,35,36,0.825,0.72,3,2,35.0,36,0.85504,40,25,54.926
ac_charge,charging_vs_unplugged_post,0x401,B5,131,130,0.97221,0.97222,2,2,131,130.0,0.04521,3779,1620,54.409
ac_charge,charging_vs_unplugged_post,0x401,B7,131,130,0.97221,0.97222,2,2,131,130.0,0.04521,3779,1620,54.409
ac_charge,charging_vs_unplugged_pre,0x401,B5,131,130,0.97221,0.97222,2,2,131,130.0,0.04517,3779,900,54.408
ac_charge,charging_vs_unplugged_pre,0x401,B7,131,130,0.97221,0.97222,2,2,131,130.0,0.04517,3779,900,54.408
ac_charge,charging_vs_unplugged_post,0x212,B4,3,130,0.58286,1.0,2,1,3.0,130.0,1.1747,1050,450,54.306
ac_charge,charging_vs_unplugged_post,0x312,B2,199,102,0.5,0.5,4,2,199.0,150.5,1.49679,210,90,54.098
ac_charge,charging_vs_unplugged_pre,0x212,B4,3,130,0.58286,1.0,2,1,3.0,130.0,1.15532,1050,250,53.919
ac_charge,plugged_wait_vs_unplugged_pre,0x241,B3,11,10,0.805,0.656,2,2,11.0,10.0,0.95362,400,250,53.604
ac_charge,charging_vs_unplugged_post,0x383,B4,43,49,0.7619,0.62889,6,2,43.0,49.0,1.10937,1050,450,53.329
ac_charge,charging_vs_unplugged_pre,0x77A,B4,225,216,0.5,0.5,3,3,232.5,216.0,1.44016,210,50,52.965
ac_charge,plugged_wait_vs_unplugged_pre,0x361,B4,0,0,0.675,1.0,2,1,0.0,0,0.8125,40,25,52.591
ac_charge,charging_vs_unplugged_post,0x321,B1,150,162,0.37143,1.0,3,1,154,162,1.75224,105,45,52.502
ac_charge,charging_vs_unplugged_post,0x292,B4,209,210,0.56095,1.0,2,1,209.0,210.0,1.14868,1050,450,52.472
ac_charge,charging_vs_unplugged_pre,0x321,B0,43,39,0.33333,1.0,5,1,42,39,1.909,105,25,52.342
ac_charge,plugged_wait_vs_unplugged_pre,0x41D,B0,0,0,0.66,1.0,2,1,0.0,0.0,0.83587,400,250,52.159
ac_charge,plugged_wait_vs_unplugged_pre,0x2F2,B0,18,18,0.6575,1.0,2,1,18.0,18.0,0.83976,400,250,52.086
ac_charge,charging_vs_unplugged_pre,0x292,B0,70,65,0.28476,1.0,5,1,69.0,65.0,2.16352,1050,250,51.248
ac_charge,charging_vs_unplugged_pre,0x382,B0,66,66,0.94286,0.52,2,2,66,66,1.22431,105,25,50.858
ac_charge,charging_vs_unplugged_post,0x33A,B2,83,99,0.54286,1.0,2,1,83,99,1.1184,105,45,50.781
ac_charge,charging_vs_unplugged_post,0x312,B3,70,4,0.5,0.5,2,2,45.0,12.0,1.26051,210,90,50.382
ac_charge,charging_vs_unplugged_pre,0x312,B3,70,4,0.5,0.5,2,2,45.0,12.0,1.2597,210,50,50.366
ac_charge,charging_vs_unplugged_pre,0x45A,B2,198,248,0.5,0.5,2,2,223.0,158.5,1.24328,2100,500,50.037
ac_charge,plugged_wait_vs_unplugged_pre,0x262,B5,176,240,0.525,1.0,2,1,176.0,240,1.12263,40,25,49.794
ac_charge,plugged_wait_vs_unplugged_pre,0x262,B6,146,210,0.525,1.0,2,1,146.0,210,1.12263,40,25,49.794
ac_charge,plugged_wait_vs_unplugged_pre,0x2D3,B5,254,253,0.525,1.0,2,1,254.0,253.0,1.12263,80,50,49.794
ac_charge,charging_vs_unplugged_pre,0x748,B1,34,34,0.90476,0.52,3,2,34,34,1.19735,105,25,49.772
ac_charge,plugged_wait_vs_unplugged_pre,0x382,B0,66,66,0.975,0.52,2,2,66.0,66,1.1375,40,25,49.122
ac_charge,charging_vs_unplugged_post,0x38B,B6,37,37,0.56604,0.97778,2,2,37.0,37,0.96723,106,45,48.478
ac_charge,plugged_wait_vs_unplugged_pre,0x353,B6,253,252,0.575,0.88,2,2,253.0,252,0.92876,40,25,48.247
ac_charge,charging_vs_unplugged_post,0x3D2,B5,182,183,0.51429,1.0,2,1,182,183,1.07143,105,45,48.127
ac_charge,charging_vs_unplugged_pre,0x38B,B6,37,37,0.56604,1.0,2,1,37.0,37,0.90915,106,25,47.986
ac_charge,charging_vs_unplugged_pre,0x45A,B1,70,7,0.5,0.5,2,2,38.5,102.5,1.13287,2100,500,47.829
ac_charge,plugged_wait_vs_unplugged_pre,0x42F,B0,155,158,0.525,0.6,3,3,155.0,158,1.10283,40,25,47.719
ac_charge,plugged_wait_vs_unplugged_pre,0x422,B0,112,112,0.505,1.0,2,1,112.0,112.0,1.07552,400,250,47.651
ac_charge,charging_vs_unplugged_post,0x708,B2,13,13,0.52885,1.0,2,1,13.0,13,1.00288,104,45,47.63
ac_charge,charging_vs_unplugged_pre,0x33A,B2,83,83,0.54286,1.0,2,1,83,83,0.94726,105,25,47.358
ac_charge,plugged_wait_vs_unplugged_pre,0x241,B0,44,43,0.5225,0.548,3,3,44.0,43.0,1.08741,400,250,47.261
ac_charge,charging_vs_unplugged_pre,0x708,B2,13,13,0.52885,1.0,2,1,13.0,13,0.97075,104,25,46.987
ac_charge,charging_vs_unplugged_pre,0x3D2,B5,182,182,0.51429,1.0,2,1,182,182,0.99478,105,25,46.594
ac_charge,charging_vs_unplugged_pre,0x332,B2,136,136,0.49524,0.52,5,2,146,136,1.14787,105,25,46.433
ac_charge,plugged_wait_vs_unplugged_pre,0x77A,B4,252,216,0.5,0.5,2,3,238.5,216.0,1.0888,80,50,46.401
ac_charge,charging_vs_unplugged_pre,0x2A4,B6,125,125,0.50476,1.0,2,1,125,125,1.0109,105,25,46.345
ac_charge,charging_vs_unplugged_pre,0x3C2,B7,69,69,0.5,0.5,2,3,98.5,69.0,1.08026,2100,500,46.23
ac_charge,plugged_wait_vs_unplugged_pre,0x332,B0,24,24,0.5,0.52,2,2,24.5,24,1.02917,40,25,45.755
ac_charge,charging_vs_unplugged_pre,0x20C,B1,160,0,0.22784,0.836,5,3,160,0.0,1.93095,1049,250,45.697
ac_charge,charging_vs_unplugged_post,0x2D2,B4,90,0,0.20952,1.0,9,1,90.0,0.0,2.18016,1050,450,45.378
ac_charge,charging_vs_unplugged_pre,0x2D2,B4,90,0,0.20952,1.0,9,1,90.0,0.0,2.53367,1050,250,45.378
ac_charge,plugged_wait_vs_unplugged_pre,0x22B,B1,224,255,0.94647,0.85468,4,15,224.0,255,0.12116,822,523,44.717
ac_charge,plugged_wait_vs_unplugged_pre,0x748,B1,34,34,0.9,0.52,2,2,34.0,34,0.88214,40,25,44.015
ac_charge,charging_vs_unplugged_post,0x241,B2,214,12,0.49048,0.79111,3,4,150.0,12.0,1.0361,1050,450,43.912
ac_charge,charging_vs_unplugged_pre,0x312,B6,21,21,0.5,0.5,3,2,18.5,10.5,0.961,210,50,43.845
ac_charge,charging_vs_unplugged_pre,0x2B4,B2,254,216,0.23429,0.696,13,2,252.0,216.0,1.89335,1050,250,43.606
ac_charge,charging_vs_unplugged_pre,0x52F,B4,139,123,0.1619,0.56,7,2,141,123,2.46688,105,25,42.807
ac_charge,charging_vs_unplugged_pre,0x2A4,B4,87,55,0.17143,0.96,11,2,91,55,2.39179,105,25,42.369
ac_charge,charging_vs_unplugged_post,0x292,B0,70,71,0.28476,1.0,5,1,69.0,71.0,1.55383,1050,450,42.325
ac_charge,plugged_wait_vs_unplugged_pre,0x708,B0,48,49,0.675,0.6,2,2,48.0,49,0.55535,40,25,42.279
ac_charge,charging_vs_unplugged_post,0x52F,B4,139,153,0.1619,0.37778,7,4,141,153,2.08775,105,45,42.26
ac_charge,charging_vs_unplugged_post,0x472,B2,176,160,0.41905,1.0,3,1,176,160,1.08967,105,45,42.108
ac_charge,charging_vs_unplugged_post,0x332,B2,136,136,0.49524,0.51111,5,2,146,136,0.9093,105,45,41.662
ac_charge,charging_vs_unplugged_post,0x312,B6,21,21,0.5,0.5,3,2,18.5,10.5,0.84876,210,90,41.6
ac_charge,charging_vs_unplugged_pre,0x332,B0,24,24,0.48571,0.52,7,2,85,24,0.95783,105,25,41.392
ac_charge,charging_vs_unplugged_post,0x400,B1,224,224,0.92571,0.54,8,8,224.0,224.0,0.87262,1050,450,41.353
ac_charge,plugged_wait_vs_unplugged_pre,0x241,B2,12,204,0.5225,0.548,3,3,12.0,204.0,0.7489,400,250,40.49
ac_charge,charging_vs_unplugged_post,0x2A4,B4,87,71,0.17143,0.46667,11,3,91,73,1.91405,105,45,40.443
ac_charge,plugged_wait_vs_unplugged_pre,0x32A,B0,76,132,0.125,0.2,8,5,83.0,136,2.03119,8,5,39.583
ac_charge,plugged_wait_vs_unplugged_pre,0x32A,B4,116,172,0.125,0.2,8,5,123.0,176,2.03119,8,5,39.583
ac_charge,charging_vs_unplugged_pre,0x321,B1,150,150,0.37143,0.96,3,2,154,150,1.09333,105,25,38.777
ac_charge,plugged_wait_vs_unplugged_pre,0x782,B2,65,67,0.46667,0.5,4,3,66,67.0,0.84439,15,10,38.649
ac_charge,charging_vs_unplugged_post,0x332,B0,24,45,0.48571,0.48889,7,3,85,24,0.79516,105,45,37.852
ac_charge,charging_vs_unplugged_post,0x42F,B0,74,251,0.29524,0.33333,9,5,75,251,1.41205,105,45,37.831
ac_charge,plugged_wait_vs_unplugged_pre,0x37D,B7,127,0,0.5,0.8,2,2,63.5,0,0.61664,40,25,37.505
ac_charge,charging_vs_unplugged_post,0x2B4,B2,254,225,0.23429,0.58889,13,3,252.0,225.0,1.58102,1050,450,37.178
ac_charge,charging_vs_unplugged_post,0x321,B0,43,43,0.33333,1.0,5,1,42,43,1.12882,105,45,36.739
ac_charge,charging_vs_unplugged_pre,0x312,B5,73,65,0.5,0.5,4,2,145.0,103.0,0.61803,210,50,36.523
ac_charge,charging_vs_unplugged_pre,0x39A,B2,253,253,0.5,0.5,14,15,253.0,155.5,0.81665,1050,250,36.129
ac_charge,charging_vs_unplugged_pre,0x39A,B1,253,253,0.5,0.5,15,15,160.0,253.0,0.81618,1050,250,36.022
ac_charge,charging_vs_unplugged_pre,0x292,B3,54,245,0.28476,1.0,5,1,181.0,245.0,1.20031,1050,250,35.254
ac_charge,charging_vs_unplugged_post,0x312,B5,73,81,0.5,0.5,4,2,145.0,111.0,0.53879,210,90,34.938
ac_charge,plugged_wait_vs_unplugged_pre,0x782,B0,54,17,0.06667,0.1,15,10,61,21.5,2.00283,15,10,34.226
ac_charge,charging_vs_unplugged_pre,0x132,B4,165,39,0.08001,0.344,25,9,159,39.0,2.5168,10499,2500,34.134
ac_charge,charging_vs_unplugged_post,0x132,B4,165,39,0.08001,0.34556,25,10,159,39.0,2.17068,10499,4500,34.05
ac_charge,charging_vs_unplugged_post,0x782,B2,67,66,0.41026,0.4375,5,4,67,66.0,0.80771,39,16,33.862
ac_charge,charging_vs_unplugged_pre,0x234,B1,192,225,0.5,0.5,2,3,208.5,208.5,0.4259,2100,500,33.143
ac_charge,plugged_wait_vs_unplugged_pre,0x45A,B6,0,5,0.5,0.5,14,2,3.0,2.5,0.56463,800,500,32.793
ac_charge,plugged_wait_vs_unplugged_pre,0x2B4,B4,183,195,0.1225,0.112,17,21,183.0,197.0,1.84336,400,250,32.597
ac_charge,plugged_wait_vs_unplugged_pre,0x383,B4,43,37,0.26,1.0,16,1,79.0,37.0,1.24317,400,250,31.792
ac_charge,charging_vs_unplugged_pre,0x1FB,B0,0,5,0.52381,0.6,2,2,0,5,0.24762,21,5,31.553
ac_charge,charging_vs_unplugged_pre,0x1FB,B1,0,2,0.52381,0.6,2,2,0,2,0.24762,21,5,31.553
ac_charge,charging_vs_unplugged_post,0x234,B1,192,225,0.5,0.5,2,3,208.5,208.5,0.341,2100,900,31.445
ac_charge,charging_vs_unplugged_post,0x77A,B0,225,0,0.5,0.5,2,2,112.5,80.5,0.30485,210,90,31.269
ac_charge,charging_vs_unplugged_post,0x37A,B0,123,3,0.25048,0.16889,11,12,208.0,2.0,1.52805,1050,450,31.16
ac_charge,charging_vs_unplugged_post,0x364,B2,86,248,0.05714,0.31111,29,6,126,244,1.92323,105,45,31.143
ac_charge,charging_vs_unplugged_pre,0x77A,B0,225,161,0.5,0.5,2,2,112.5,80.5,0.29676,210,50,31.107
ac_charge,charging_vs_unplugged_post,0x39A,B7,2,0,0.5,0.33556,2,4,9.5,1.0,0.79309,1050,450,30.157
ac_charge,charging_vs_unplugged_post,0x292,B2,253,45,0.28381,0.58667,4,2,237.0,45.0,0.94119,1050,450,30.015
ac_charge,charging_vs_unplugged_post,0x1FB,B0,0,5,0.52381,0.55556,2,2,0,5,0.15873,21,9,29.775
ac_charge,charging_vs_unplugged_post,0x1FB,B1,0,2,0.52381,0.55556,2,2,0,2,0.15873,21,9,29.775
ac_charge,charging_vs_unplugged_pre,0x2A4,B2,190,252,0.18095,0.88,8,2,127,252,1.30515,105,25,29.767
ac_charge,charging_vs_unplugged_post,0x782,B0,1,84,0.02564,0.0625,39,16,20,91.5,2.10791,39,16,29.462
ac_charge,charging_vs_unplugged_pre,0x201,B6,184,184,0.25006,0.25,4,4,184,140.0,1.04497,4199,1000,29.308
ac_charge,plugged_wait_vs_unplugged_pre,0x348,B4,208,108,0.025,0.04,40,25,227.5,120,2.01819,40,25,28.931
ac_charge,plugged_wait_vs_unplugged_pre,0x528,B3,2,158,0.025,0.04,40,25,21.5,170,2.03569,40,25,28.931
ac_charge,plugged_wait_vs_unplugged_pre,0x383,B5,112,96,0.3125,1.0,12,1,128.0,96.0,0.85398,400,250,27.912
ac_charge,charging_vs_unplugged_post,0x45A,B0,253,160,0.5,0.50056,3,2,206.5,160,0.15205,2100,899,27.666
ac_charge,charging_vs_unplugged_post,0x37D,B5,0,8,0.55238,0.51111,5,2,0,8,0.16024,105,45,27.633
ac_charge,plugged_wait_vs_unplugged_pre,0x401,B2,112,125,0.08611,0.09333,21,22,114.0,128.0,1.68908,1440,900,27.596
ac_charge,charging_vs_unplugged_pre,0x132,B0,165,75,0.04505,0.046,106,62,164,71.0,2.11389,10499,2500,27.313
ac_charge,charging_vs_unplugged_post,0x400,B0,0,219,0.64667,0.17111,13,15,0.0,211.0,1.35224,1050,450,27.21
ac_charge,charging_vs_unplugged_pre,0x45A,B6,0,5,0.5,0.5,5,2,2.0,2.5,0.16048,2100,500,26.971
ac_charge,plugged_wait_vs_unplugged_pre,0x132,B4,40,39,0.355,0.344,9,9,40.0,39.0,0.73967,4000,2500,26.6
ac_charge,charging_vs_unplugged_pre,0x332,B3,6,135,0.50476,0.52,2,2,6,135,0.04952,105,25,26.448
ac_charge,charging_vs_unplugged_pre,0x37D,B0,1,214,0.50476,0.52,2,2,1,214,0.04952,105,25,26.448
ac_charge,charging_vs_unplugged_pre,0x37D,B1,107,254,0.50476,0.52,2,2,107,254,0.04952,105,25,26.448
ac_charge,charging_vs_unplugged_pre,0x3A4,B0,0,1,0.50476,0.52,2,2,0,1,0.04952,105,25,26.448
ac_charge,charging_vs_unplugged_pre,0x6C8,B0,52,1,0.50476,0.52,2,2,52,1,0.04952,105,25,26.448
ac_charge,charging_vs_unplugged_pre,0x6C8,B1,99,0,0.50476,0.52,2,2,99,0,0.04952,105,25,26.448
ac_charge,charging_vs_unplugged_pre,0x6C8,B3,19,0,0.50476,0.52,2,2,19,0,0.04952,105,25,26.448
ac_charge,charging_vs_unplugged_pre,0x6C8,B4,4,0,0.50476,0.52,2,2,4,0,0.04952,105,25,26.448
ac_charge,charging_vs_unplugged_pre,0x6E8,B0,36,1,0.50476,0.52,2,2,36,1,0.04952,105,25,26.448
ac_charge,charging_vs_unplugged_pre,0x6E8,B1,99,0,0.50476,0.52,2,2,99,0,0.04952,105,25,26.448
ac_charge,charging_vs_unplugged_pre,0x6E8,B3,18,0,0.50476,0.52,2,2,18,0,0.04952,105,25,26.448
ac_charge,charging_vs_unplugged_pre,0x6E8,B4,4,0,0.50476,0.52,2,2,4,0,0.04952,105,25,26.448
ac_charge,charging_vs_unplugged_pre,0x241,B2,214,204,0.49048,0.548,3,3,150.0,204.0,0.13741,1050,250,26.339
ac_charge,plugged_wait_vs_unplugged_pre,0x3C2,B7,64,69,0.5,0.5,2,3,66.5,69.0,0.07375,800,500,26.1
ac_charge,charging_vs_unplugged_post,0x332,B3,6,135,0.50476,0.51111,2,2,6,135,0.03175,105,45,26.092
ac_charge,charging_vs_unplugged_post,0x37D,B0,1,214,0.50476,0.51111,2,2,1,214,0.03175,105,45,26.092
ac_charge,charging_vs_unplugged_post,0x37D,B1,107,254,0.50476,0.51111,2,2,107,254,0.03175,105,45,26.092
ac_charge,charging_vs_unplugged_post,0x3A4,B0,0,1,0.50476,0.51111,2,2,0,1,0.03175,105,45,26.092
ac_charge,charging_vs_unplugged_post,0x6C8,B0,52,1,0.50476,0.51111,2,2,52,1,0.03175,105,45,26.092
ac_charge,charging_vs_unplugged_post,0x6C8,B1,99,0,0.50476,0.51111,2,2,99,0,0.03175,105,45,26.092
ac_charge,charging_vs_unplugged_post,0x6C8,B3,19,0,0.50476,0.51111,2,2,19,0,0.03175,105,45,26.092
ac_charge,charging_vs_unplugged_post,0x6C8,B4,4,0,0.50476,0.51111,2,2,4,0,0.03175,105,45,26.092
ac_charge,charging_vs_unplugged_pre,0x373,B0,13,12,0.30476,0.56,14,4,14,12,0.82967,105,25,26.046
ac_charge,charging_vs_unplugged_post,0x32A,B0,74,2,0.09524,0.11111,16,9,80,10,1.49461,21,9,25.832
ac_charge,charging_vs_unplugged_pre,0x3C2,B6,89,0,0.5,0.5,2,3,44.5,42.5,0.04496,2100,500,25.524
ac_charge,charging_vs_unplugged_pre,0x3C3,B0,0,85,0.5,0.50201,2,2,42.5,85,0.00402,1050,249,25.252
ac_charge,charging_vs_unplugged_pre,0x3C3,B1,0,85,0.5,0.50201,2,2,42.5,85,0.00402,1050,249,25.252
ac_charge,charging_vs_unplugged_pre,0x3C3,B2,0,85,0.5,0.50201,2,2,42.5,85,0.00402,1050,249,25.252
ac_charge,charging_vs_unplugged_pre,0x3C3,B3,0,1,0.5,0.50201,2,2,0.5,1,0.00402,1050,249,25.252
ac_charge,charging_vs_unplugged_pre,0x3C3,B5,69,128,0.5,0.50201,2,2,98.5,128,0.00402,1050,249,25.252
ac_charge,charging_vs_unplugged_pre,0x3C3,B6,0,67,0.5,0.50201,2,2,33.5,67,0.00402,1050,249,25.252
ac_charge,plugged_wait_vs_unplugged_pre,0x3C3,B0,0,85,0.5,0.50201,2,2,42.5,85,0.00402,400,249,25.252
ac_charge,plugged_wait_vs_unplugged_pre,0x3C3,B1,0,85,0.5,0.50201,2,2,42.5,85,0.00402,400,249,25.252
ac_charge,plugged_wait_vs_unplugged_pre,0x3C3,B2,0,85,0.5,0.50201,2,2,42.5,85,0.00402,400,249,25.252
ac_charge,plugged_wait_vs_unplugged_pre,0x3C3,B3,0,1,0.5,0.50201,2,2,0.5,1,0.00402,400,249,25.252
ac_charge,plugged_wait_vs_unplugged_pre,0x3C3,B5,69,128,0.5,0.50201,2,2,98.5,128,0.00402,400,249,25.252
ac_charge,plugged_wait_vs_unplugged_pre,0x3C3,B6,0,67,0.5,0.50201,2,2,33.5,67,0.00402,400,249,25.252
ac_charge,charging_vs_unplugged_pre,0x221,B0,64,65,0.5,0.501,2,2,64.5,65,0.002,2100,499,25.212
ac_charge,charging_vs_unplugged_pre,0x221,B1,65,1,0.5,0.501,2,2,33.0,1,0.002,2100,499,25.212
ac_charge,charging_vs_unplugged_pre,0x221,B2,5,85,0.5,0.501,2,2,45.0,85,0.002,2100,499,25.212
ac_charge,charging_vs_unplugged_pre,0x221,B3,5,81,0.5,0.501,2,2,43.0,81,0.002,2100,499,25.212
ac_charge,charging_vs_unplugged_pre,0x221,B4,0,1,0.5,0.501,2,2,0.5,1,0.002,2100,499,25.212
ac_charge,charging_vs_unplugged_pre,0x221,B5,80,2,0.5,0.501,2,2,41.0,2,0.002,2100,499,25.212
ac_charge,plugged_wait_vs_unplugged_pre,0x221,B0,64,65,0.5,0.501,2,2,64.5,65,0.002,800,499,25.212
ac_charge,plugged_wait_vs_unplugged_pre,0x221,B1,65,1,0.5,0.501,2,2,33.0,1,0.002,800,499,25.212
ac_charge,plugged_wait_vs_unplugged_pre,0x221,B2,5,85,0.5,0.501,2,2,45.0,85,0.002,800,499,25.212
ac_charge,plugged_wait_vs_unplugged_pre,0x221,B3,5,81,0.5,0.501,2,2,43.0,81,0.002,800,499,25.212
ac_charge,plugged_wait_vs_unplugged_pre,0x221,B4,0,1,0.5,0.501,2,2,0.5,1,0.002,800,499,25.212
ac_charge,plugged_wait_vs_unplugged_pre,0x221,B5,80,2,0.5,0.501,2,2,41.0,2,0.002,800,499,25.212
ac_charge,charging_vs_unplugged_post,0x393,B0,9,6,0.50048,0.5,2,2,9,7.5,0.00095,1049,450,25.191
ac_charge,charging_vs_unplugged_post,0x393,B1,128,0,0.50048,0.5,2,2,128,64.0,0.00095,1049,450,25.191
ac_charge,charging_vs_unplugged_post,0x393,B4,0,7,0.50048,0.5,2,2,0,3.5,0.00095,1049,450,25.191
ac_charge,charging_vs_unplugged_post,0x393,B5,0,176,0.50048,0.5,2,2,0,88.0,0.00095,1049,450,25.191
ac_charge,charging_vs_unplugged_post,0x393,B6,0,7,0.50048,0.5,2,2,0,3.5,0.00095,1049,450,25.191
ac_charge,charging_vs_unplugged_post,0x393,B7,0,8,0.50048,0.5,2,2,0,4.0,0.00095,1049,450,25.191
ac_charge,charging_vs_unplugged_post,0x441,B1,0,133,0.50024,0.5,2,2,0,66.5,0.00048,2099,900,25.181
ac_charge,charging_vs_unplugged_post,0x441,B2,182,137,0.50024,0.5,2,2,182,159.5,0.00048,2099,900,25.181
ac_charge,charging_vs_unplugged_post,0x441,B3,195,0,0.50024,0.5,2,2,195,97.5,0.00048,2099,900,25.181
ac_charge,charging_vs_unplugged_post,0x441,B4,88,50,0.50024,0.5,2,2,88,69.0,0.00048,2099,900,25.181
ac_charge,charging_vs_unplugged_post,0x201,B3,64,0,0.50012,0.5,2,2,64,32.0,0.00024,4199,1800,25.176
ac_charge,charging_vs_unplugged_post,0x122,B0,0,1,0.5,0.5,2,2,0.5,0.5,0.0,1050,450,25.172
ac_charge,charging_vs_unplugged_post,0x122,B2,24,0,0.5,0.5,2,2,12.0,12.0,0.0,1050,450,25.172
ac_charge,charging_vs_unplugged_post,0x122,B3,146,0,0.5,0.5,2,2,73.0,73.0,0.0,1050,450,25.172
ac_charge,charging_vs_unplugged_post,0x122,B4,18,0,0.5,0.5,2,2,9.0,9.0,0.0,1050,450,25.172
ac_charge,charging_vs_unplugged_post,0x122,B5,0,63,0.5,0.5,2,2,31.5,31.5,0.0,1050,450,25.172
ac_charge,charging_vs_unplugged_post,0x123,B0,1,0,0.5,0.5,2,2,0.5,0.5,0.0,1050,450,25.172
ac_charge,charging_vs_unplugged_post,0x123,B2,0,18,0.5,0.5,2,2,9.0,9.0,0.0,1050,450,25.172
ac_charge,charging_vs_unplugged_post,0x123,B3,0,146,0.5,0.5,2,2,73.0,73.0,0.0,1050,450,25.172
ac_charge,charging_vs_unplugged_post,0x123,B4,0,210,0.5,0.5,2,2,105.0,105.0,0.0,1050,450,25.172
ac_charge,charging_vs_unplugged_post,0x123,B5,63,0,0.5,0.5,2,2,31.5,31.5,0.0,1050,450,25.172
ac_charge,charging_vs_unplugged_post,0x123,B7,0,128,0.5,0.5,2,2,64.0,64.0,0.0,1050,450,25.172
ac_charge,charging_vs_unplugged_post,0x142,B0,1,40,0.5,0.5,2,2,20.5,20.5,0.0,2100,900,25.172
ac_charge,charging_vs_unplugged_post,0x142,B2,64,2,0.5,0.5,2,2,33.0,33.0,0.0,2100,900,25.172
ac_charge,charging_vs_unplugged_post,0x142,B3,10,90,0.5,0.5,2,2,50.0,50.0,0.0,2100,900,25.172
ac_charge,charging_vs_unplugged_post,0x142,B4,192,0,0.5,0.5,2,2,96.0,96.0,0.0,2100,900,25.172
ac_charge,charging_vs_unplugged_post,0x142,B5,27,0,0.5,0.5,2,2,13.5,13.5,0.0,2100,900,25.172
ac_charge,charging_vs_unplugged_post,0x142,B6,0,1,0.5,0.5,2,2,0.5,0.5,0.0,2100,900,25.172
ac_charge,charging_vs_unplugged_post,0x221,B0,64,65,0.5,0.5,2,2,64.5,64.5,0.0,2100,900,25.172
ac_charge,charging_vs_unplugged_post,0x221,B1,65,1,0.5,0.5,2,2,33.0,33.0,0.0,2100,900,25.172
ac_charge,charging_vs_unplugged_post,0x221,B2,5,85,0.5,0.5,2,2,45.0,45.0,0.0,2100,900,25.172
ac_charge,charging_vs_unplugged_post,0x221,B3,5,81,0.5,0.5,2,2,43.0,43.0,0.0,2100,900,25.172
ac_charge,charging_vs_unplugged_post,0x221,B4,0,1,0.5,0.5,2,2,0.5,0.5,0.0,2100,900,25.172
ac_charge,charging_vs_unplugged_post,0x221,B5,80,2,0.5,0.5,2,2,41.0,41.0,0.0,2100,900,25.172
ac_charge,charging_vs_unplugged_post,0x272,B0,9,6,0.5,0.5,2,2,7.5,7.5,0.0,1050,450,25.172
ac_charge,charging_vs_unplugged_post,0x272,B1,128,0,0.5,0.5,2,2,64.0,64.0,0.0,1050,450,25.172
ac_charge,charging_vs_unplugged_post,0x272,B4,0,7,0.5,0.5,2,2,3.5,3.5,0.0,1050,450,25.172
ac_charge,charging_vs_unplugged_post,0x272,B5,0,176,0.5,0.5,2,2,88.0,88.0,0.0,1050,450,25.172
ac_charge,charging_vs_unplugged_post,0x272,B6,0,7,0.5,0.5,2,2,3.5,3.5,0.0,1050,450,25.172
ac_charge,charging_vs_unplugged_post,0x272,B7,0,8,0.5,0.5,2,2,4.0,4.0,0.0,1050,450,25.172
ac_charge,charging_vs_unplugged_post,0x3A1,B0,43,232,0.5,0.5,2,2,137.5,137.5,0.0,2100,900,25.172
ac_charge,charging_vs_unplugged_post,0x3A1,B1,145,66,0.5,0.5,2,2,105.5,105.5,0.0,2100,900,25.172
ac_charge,charging_vs_unplugged_post,0x3A1,B2,64,13,0.5,0.5,2,2,38.5,38.5,0.0,2100,900,25.172
ac_charge,charging_vs_unplugged_post,0x3A1,B4,62,1,0.5,0.5,2,2,31.5,31.5,0.0,2100,900,25.172
ac_charge,charging_vs_unplugged_post,0x3AA,B0,1,0,0.5,0.5,2,2,0.5,0.5,0.0,210,90,25.172
ac_charge,charging_vs_unplugged_post,0x420,B6,0,128,0.5,0.5,2,2,64.0,64.0,0.0,1050,450,25.172
ac_charge,charging_vs_unplugged_post,0x77A,B3,93,0,0.5,0.5,2,2,46.5,46.5,0.0,210,90,25.172
ac_charge,charging_vs_unplugged_post,0x77A,B5,93,12,0.5,0.5,2,2,52.5,52.5,0.0,210,90,25.172
ac_charge,charging_vs_unplugged_post,0x77A,B6,228,95,0.5,0.5,2,2,161.5,161.5,0.0,210,90,25.172
ac_charge,charging_vs_unplugged_post,0x77A,B7,93,97,0.5,0.5,2,2,95.0,95.0,0.0,210,90,25.172
ac_charge,charging_vs_unplugged_pre,0x234,B2,1,3,0.5,0.5,2,2,2.0,2.0,0.0,2100,500,25.172
ac_charge,charging_vs_unplugged_pre,0x234,B5,4,0,0.5,0.5,2,2,2.0,2.0,0.0,2100,500,25.172
ac_charge,charging_vs_unplugged_pre,0x3C2,B0,0,41,0.5,0.5,2,2,20.5,20.5,0.0,2100,500,25.172
ac_charge,charging_vs_unplugged_pre,0x3C2,B2,85,0,0.5,0.5,2,2,42.5,42.5,0.0,2100,500,25.172
ac_charge,charging_vs_unplugged_pre,0x3C2,B3,85,0,0.5,0.5,2,2,42.5,42.5,0.0,2100,500,25.172
ac_charge,charging_vs_unplugged_pre,0x45A,B3,197,255,0.5,0.5,2,2,226.0,226.0,0.0,2100,500,25.172
ac_charge,charging_vs_unplugged_pre,0x45A,B4,63,3,0.5,0.5,2,2,33.0,33.0,0.0,2100,500,25.172
ac_charge,charging_vs_unplugged_pre,0x7F1,B0,2,1,0.5,0.5,2,2,1.5,1.5,0.0,52,12,25.172
ac_charge,charging_vs_unplugged_pre,0x7F1,B3,15,0,0.5,0.5,2,2,7.5,7.5,0.0,52,12,25.172
ac_charge,charging_vs_unplugged_pre,0x7F1,B5,0,8,0.5,0.5,2,2,4.0,4.0,0.0,52,12,25.172
ac_charge,charging_vs_unplugged_post,0x352,B6,88,16,0.21519,0.34328,15,4,89.0,81,1.06062,158,67,25.137
ac_charge,plugged_wait_vs_unplugged_pre,0x72A,B6,0,48,0.375,0.4,3,3,48.0,48,0.41721,8,5,25.007
ac_charge,plugged_wait_vs_unplugged_pre,0x72A,B5,0,49,0.375,0.4,3,3,49.0,49,0.4167,8,5,24.996
ac_charge,charging_vs_unplugged_post,0x332,B1,26,10,0.50476,0.51111,3,2,26,10,0.00038,105,45,24.918
ac_charge,plugged_wait_vs_unplugged_pre,0x312,B4,75,28,0.5,0.5,2,3,51.5,51.0,0.00939,80,50,24.813
ac_charge,charging_vs_unplugged_pre,0x383,B6,0,192,0.13333,0.52,8,3,128.0,192.0,1.21319,1050,250,24.809
ac_charge,charging_vs_unplugged_pre,0x77A,B5,93,12,0.5,0.5,2,3,52.5,52.5,0.00789,210,50,24.783
ac_charge,plugged_wait_vs_unplugged_pre,0x77A,B5,93,12,0.5,0.5,2,3,52.5,52.5,0.00788,80,50,24.782
ac_charge,charging_vs_unplugged_post,0x312,B4,28,76,0.5,0.5,3,2,51.5,52.0,0.00518,210,90,24.728
ac_charge,plugged_wait_vs_unplugged_pre,0x72A,B7,0,56,0.375,0.4,3,3,56.0,56,0.39905,8,5,24.643
ac_charge,plugged_wait_vs_unplugged_pre,0x72A,B2,222,71,0.375,0.4,3,3,71.0,71,0.39825,8,5,24.627
ac_charge,charging_vs_unplugged_pre,0x292,B2,253,205,0.28381,1.0,4,1,237.0,205.0,0.64277,1050,250,24.509
ac_charge,charging_vs_unplugged_pre,0x352,B6,88,77,0.21519,0.35135,15,3,89.0,77,1.02137,158,37,24.506
ac_charge,charging_vs_unplugged_post,0x37D,B2,108,219,0.48571,0.51111,4,2,109,219,0.0586,105,45,24.477
ac_charge,plugged_wait_vs_unplugged_pre,0x72A,B3,87,51,0.375,0.4,3,3,51.0,51,0.39073,8,5,24.477
ac_charge,charging_vs_unplugged_post,0x38B,B5,192,64,0.4434,0.75556,4,2,128.0,64,0.18338,106,45,24.434
ac_charge,plugged_wait_vs_unplugged_pre,0x72A,B4,96,50,0.375,0.4,3,3,50.0,50,0.38246,8,5,24.312
ac_charge,charging_vs_unplugged_pre,0x37D,B2,108,217,0.48571,0.52,4,2,109,217,0.04882,105,25,24.282
ac_charge,charging_vs_unplugged_pre,0x332,B1,26,10,0.50476,0.48,3,3,26,10,0.05929,105,25,24.148
ac_charge,charging_vs_unplugged_pre,0x38B,B5,192,128,0.4434,0.76,4,2,128.0,128,0.15221,106,25,23.81
ac_charge,charging_vs_unplugged_pre,0x2A4,B5,95,239,0.10476,0.44,16,3,143,239,1.32484,105,25,23.795
ac_charge,plugged_wait_vs_unplugged_pre,0x383,B6,224,192,0.245,0.52,7,3,192.0,192.0,0.77554,400,250,23.017
ac_charge,plugged_wait_vs_unplugged_pre,0x72A,B1,0,84,0.375,0.4,3,3,57.0,57,0.3038,8,5,22.738
ac_charge,charging_vs_unplugged_post,0x292,B3,54,118,0.28476,1.0,5,1,181.0,118.0,0.54585,1050,450,22.165
ac_charge,charging_vs_unplugged_post,0x2A4,B2,190,125,0.18095,0.53333,8,2,127,125,0.913,105,45,21.923
ac_charge,plugged_wait_vs_unplugged_pre,0x72A,B0,2,0,0.375,0.4,3,3,1.0,1,0.2414,8,5,21.49
ac_charge,charging_vs_unplugged_pre,0x3A2,B6,255,0,0.33344,0.33377,4,4,197.0,69.0,0.38892,3182,758,21.193
ac_charge,charging_vs_unplugged_post,0x37D,B3,216,220,0.42857,0.44444,4,4,109,218,0.07818,105,45,20.686
ac_charge,charging_vs_unplugged_post,0x383,B6,0,64,0.13333,0.33333,8,5,128.0,32.0,1.01798,1050,450,20.442
ac_charge,charging_vs_unplugged_post,0x201,B0,2,1,0.25006,0.25,5,6,3,2.5,0.62052,4199,1800,19.956
ac_charge,plugged_wait_vs_unplugged_pre,0x324,B1,38,160,0.025,0.04,40,25,114.0,206,1.54471,40,25,19.825
ac_charge,charging_vs_unplugged_pre,0x3A2,B0,1,160,0.33344,0.33377,6,4,160.0,114.0,0.3403,3182,758,19.619
ac_charge,charging_vs_unplugged_pre,0x77A,B2,216,228,0.28571,0.5,6,4,160.5,130.0,0.46625,210,50,19.274
ac_charge,charging_vs_unplugged_post,0x2A4,B5,95,239,0.10476,0.31111,16,6,143,223,1.10613,105,45,19.002
ac_charge,plugged_wait_vs_unplugged_pre,0x303,B5,255,0,0.4,0.4,4,4,111.0,111,0.07365,40,25,18.881
ac_charge,charging_vs_unplugged_post,0x77A,B2,216,228,0.28571,0.43333,6,5,160.5,124.5,0.44803,210,90,18.649
ac_charge,charging_vs_unplugged_pre,0x401,B2,186,125,0.02117,0.09333,137,22,179,128.0,1.62137,3779,900,18.472
ac_charge,charging_vs_unplugged_post,0x263,B7,0,31,0.4,0.40018,3,3,31.0,31,0.00934,5250,2249,18.349
ac_charge,plugged_wait_vs_unplugged_pre,0x303,B6,255,0,0.4,0.4,5,5,133.0,133,0.07355,40,25,18.277
ac_charge,charging_vs_unplugged_post,0x303,B5,255,0,0.38095,0.42222,4,4,111,111,0.07776,105,45,17.821
ac_charge,charging_vs_unplugged_pre,0x42F,B0,74,158,0.29524,0.6,9,3,75,158,0.38255,105,25,17.67
ac_charge,charging_vs_unplugged_post,0x348,B4,107,75,0.00952,0.02222,105,45,159,97,1.60035,105,45,17.527
ac_charge,charging_vs_unplugged_post,0x3A2,B2,32,0,0.33344,0.33382,4,4,32.0,32,0.20261,3182,1363,17.467
ac_charge,charging_vs_unplugged_post,0x303,B6,255,0,0.38095,0.42222,5,5,133,36,0.08867,105,45,17.437
ac_charge,charging_vs_unplugged_pre,0x2B4,B4,202,195,0.0981,0.112,24,21,203.0,197.0,1.13831,1050,250,17.166
ac_charge,charging_vs_unplugged_pre,0x303,B5,255,0,0.38095,0.4,4,4,111,111,0.04413,105,25,17.148
ac_charge,plugged_wait_vs_unplugged_pre,0x3C9,B3,0,222,0.35,0.36,3,3,5.0,5,0.07453,40,25,16.653
ac_charge,plugged_wait_vs_unplugged_pre,0x3C9,B4,0,97,0.35,0.36,3,3,1.0,1,0.07423,40,25,16.647
ac_charge,charging_vs_unplugged_pre,0x303,B6,255,0,0.38095,0.4,5,5,133,133,0.0462,105,25,16.587
ac_charge,charging_vs_unplugged_pre,0x352,B4,8,83,0.33544,0.35135,5,3,89.0,77,0.14219,158,37,16.379
ac_charge,plugged_wait_vs_unplugged_pre,0x3C9,B1,0,129,0.35,0.36,3,3,129.0,129,0.05603,40,25,16.283
ac_charge,charging_vs_unplugged_post,0x332,B4,135,136,0.35238,0.51111,4,4,66,136,0.06271,105,45,15.805
ac_charge,charging_vs_unplugged_post,0x352,B4,8,96,0.33544,0.65672,5,2,89.0,96,0.0932,158,67,15.752
ac_charge,charging_vs_unplugged_pre,0x32A,B0,74,132,0.09524,0.2,16,5,80,136,0.96045,21,5,15.65
ac_charge,charging_vs_unplugged_post,0x3A2,B0,1,160,0.33344,0.33309,6,5,160.0,160,0.13904,3182,1363,15.311
ac_charge,charging_vs_unplugged_pre,0x352,B0,1,0,0.33544,0.35135,3,3,1.0,1,0.04085,158,37,15.106
ac_charge,charging_vs_unplugged_pre,0x3A2,B2,32,0,0.33344,0.33377,4,4,32.0,32.0,0.08199,3182,758,15.054
ac_charge,charging_vs_unplugged_post,0x32A,B4,197,42,0.09524,0.11111,18,9,195,50,0.95498,21,9,14.817
ac_charge,plugged_wait_vs_unplugged_pre,0x405,B2,69,0,0.3375,0.34,3,3,50.0,50.0,0.0199,160,100,14.81
ac_charge,plugged_wait_vs_unplugged_pre,0x405,B4,70,0,0.3375,0.34,3,3,54.0,54.0,0.01975,160,100,14.807
ac_charge,plugged_wait_vs_unplugged_pre,0x405,B3,55,0,0.3375,0.34,3,3,53.0,53.0,0.01878,160,100,14.788
ac_charge,charging_vs_unplugged_post,0x2B4,B0,103,102,0.26857,0.31556,15,12,103.0,102.0,0.43301,1050,450,14.778
ac_charge,charging_vs_unplugged_pre,0x352,B3,0,9,0.33544,0.35135,10,4,9.0,9,0.13843,158,37,14.771
ac_charge,charging_vs_unplugged_post,0x352,B7,1,107,0.33544,0.34328,3,3,8.0,8,0.02407,158,67,14.77
ac_charge,plugged_wait_vs_unplugged_pre,0x405,B6,53,82,0.3375,0.34,3,3,53.0,53.0,0.01783,160,100,14.769
ac_charge,plugged_wait_vs_unplugged_pre,0x405,B1,51,0,0.3375,0.34,3,3,51.0,51.0,0.01632,160,100,14.739
ac_charge,charging_vs_unplugged_pre,0x352,B7,1,8,0.33544,0.35135,3,3,8.0,8,0.02111,158,37,14.711
ac_charge,plugged_wait_vs_unplugged_pre,0x405,B5,65,76,0.3375,0.34,3,3,65.0,65.0,0.01315,160,100,14.675
ac_charge,plugged_wait_vs_unplugged_pre,0x405,B0,17,16,0.3375,0.34,3,3,17.0,17.0,0.01226,160,100,14.657
ac_charge,plugged_wait_vs_unplugged_pre,0x414,B0,17,16,0.3375,0.34,3,3,17.0,17.0,0.01226,160,100,14.657
ac_charge,charging_vs_unplugged_post,0x352,B2,223,8,0.33544,0.34328,3,3,179.0,179,0.01775,158,67,14.644
ac_charge,charging_vs_unplugged_pre,0x352,B2,223,179,0.33544,0.35135,3,3,179.0,179,0.01523,158,37,14.593
ac_charge,plugged_wait_vs_unplugged_pre,0x405,B7,77,87,0.3375,0.34,3,3,77.0,77.0,0.00792,160,100,14.571
ac_charge,charging_vs_unplugged_post,0x352,B0,1,2,0.33544,0.34328,3,3,1.0,1,0.01053,158,67,14.499
ac_charge,plugged_wait_vs_unplugged_pre,0x788,B3,99,7,0.335,0.336,3,3,7.0,7.0,0.00604,400,250,14.383
ac_charge,plugged_wait_vs_unplugged_pre,0x7A8,B3,99,7,0.335,0.336,3,3,7.0,7.0,0.00604,400,250,14.383
ac_charge,plugged_wait_vs_unplugged_pre,0x788,B6,128,0,0.335,0.336,3,3,128.0,128.0,0.00555,400,250,14.373
ac_charge,plugged_wait_vs_unplugged_pre,0x788,B1,212,64,0.335,0.336,3,3,64.0,64.0,0.00464,400,250,14.355
ac_charge,plugged_wait_vs_unplugged_pre,0x7A8,B1,204,64,0.335,0.336,3,3,64.0,64.0,0.00456,400,250,14.353
ac_charge,plugged_wait_vs_unplugged_pre,0x38A,B0,1,0,0.335,0.336,3,3,1.0,1.0,0.00361,400,250,14.334
ac_charge,plugged_wait_vs_unplugged_pre,0x7A8,B5,0,7,0.335,0.336,3,3,7.0,7.0,0.00075,400,250,14.277
ac_charge,charging_vs_unplugged_post,0x7A8,B5,7,161,0.33365,0.33333,3,3,7,7.0,0.00135,1049,450,14.189
ac_charge,charging_vs_unplugged_post,0x7A8,B1,64,0,0.33365,0.33333,3,3,64,64.0,0.001,1049,450,14.182
ac_charge,charging_vs_unplugged_post,0x7A8,B3,7,0,0.33365,0.33333,3,3,7,7.0,0.00075,1049,450,14.177
ac_charge,charging_vs_unplugged_post,0x3C9,B1,129,152,0.33333,0.33333,3,3,129,129,0.0,105,45,14.162
ac_charge,charging_vs_unplugged_post,0x3C9,B3,222,5,0.33333,0.33333,3,3,5,5,0.0,105,45,14.162
ac_charge,charging_vs_unplugged_post,0x3C9,B4,97,1,0.33333,0.33333,3,3,1,1,0.0,105,45,14.162
ac_charge,charging_vs_unplugged_post,0x788,B1,64,0,0.33333,0.33333,3,3,64.0,64.0,0.0,1050,450,14.162
ac_charge,charging_vs_unplugged_post,0x788,B3,7,0,0.33333,0.33333,3,3,7.0,7.0,0.0,1050,450,14.162
ac_charge,charging_vs_unplugged_post,0x352,B3,0,79,0.33544,0.34328,10,3,9.0,9,0.09077,158,67,14.025
ac_charge,charging_vs_unplugged_post,0x7A8,B0,2,1,0.33365,0.33333,4,3,2,2.0,0.00084,1049,450,13.779
ac_charge,charging_vs_unplugged_post,0x788,B0,2,1,0.33333,0.33333,4,4,2.0,2.0,0.00839,1050,450,13.576
ac_charge,plugged_wait_vs_unplugged_pre,0x7A8,B6,130,0,0.335,0.336,4,4,130.0,130.0,0.00165,400,250,13.541
ac_charge,plugged_wait_vs_unplugged_pre,0x7A8,B0,1,2,0.3325,0.336,4,4,2.0,2.0,0.00604,400,250,13.479
ac_charge,charging_vs_unplugged_post,0x3A2,B6,255,0,0.33344,0.33382,4,4,197.0,197,0.00109,3182,1363,13.436
ac_charge,plugged_wait_vs_unplugged_pre,0x788,B0,1,2,0.3325,0.336,4,4,2.0,2.0,0.00378,400,250,13.434
ac_charge,charging_vs_unplugged_pre,0x2A4,B1,48,215,0.11429,0.8,22,2,183,215,0.8115,105,25,13.43
ac_charge,charging_vs_unplugged_post,0x2E1,B6,0,38,0.33343,0.33345,4,4,9.0,9,0.00044,6562,2813,13.423
ac_charge,charging_vs_unplugged_pre,0x2E1,B6,0,38,0.33343,0.33355,4,4,9.0,23.5,0.00019,6562,1562,13.418
ac_charge,charging_vs_unplugged_post,0x2B4,B4,202,198,0.0981,0.10889,24,26,203.0,198.0,0.9638,1050,450,13.366
ac_charge,charging_vs_unplugged_post,0x3BD,B0,1,8,0.2,0.2,5,5,3,3,0.4262,105,45,13.33
ac_charge,charging_vs_unplugged_pre,0x545,B0,1,2,0.33344,0.33377,6,7,2.0,2.0,0.05971,3182,758,13.283
ac_charge,charging_vs_unplugged_post,0x373,B0,13,11,0.30476,0.2,14,11,14,13,0.54478,105,45,13.121
ac_charge,charging_vs_unplugged_post,0x545,B0,1,2,0.33344,0.33382,6,6,2.0,2,0.00421,3182,1363,12.396
ac_charge,charging_vs_unplugged_post,0x252,B0,7,0,0.06667,1.0,24,1,13.0,0.0,0.90712,1050,450,12.368
ac_charge,charging_vs_unplugged_pre,0x379,B4,0,51,0.3327,0.336,6,7,51,51.0,0.00329,1049,250,12.11
ac_charge,plugged_wait_vs_unplugged_pre,0x782,B1,173,53,0.13333,0.2,14,8,173,82.5,0.66209,15,10,11.835
ac_charge,charging_vs_unplugged_pre,0x252,B0,7,0,0.06667,1.0,24,1,13.0,0.0,0.87196,1050,250,11.665
ac_charge,charging_vs_unplugged_pre,0x2E3,B4,2,0,0.33524,0.336,8,8,2,2,0.00175,525,125,11.65
ac_charge,charging_vs_unplugged_post,0x289,B3,64,0,0.3,0.3,4,4,64.0,64.0,0.0,1050,450,11.408
ac_charge,charging_vs_unplugged_post,0x3A2,B1,39,16,0.33344,0.32942,8,8,39.0,39,0.00405,3182,1363,11.346
ac_charge,charging_vs_unplugged_pre,0x401,B6,0,128,0.02779,0.10667,125,24,181,128.0,1.21463,3779,900,10.928
ac_charge,charging_vs_unplugged_pre,0x348,B4,107,108,0.00952,0.04,105,25,159,120,1.2406,105,25,10.758
ac_charge,charging_vs_unplugged_pre,0x2E3,B5,11,0,0.33524,0.336,14,9,6,6,0.0035,525,125,10.65
ac_charge,charging_vs_unplugged_post,0x788,B2,161,0,0.33333,0.33333,12,11,161.0,161.0,5e-05,1050,450,10.467
ac_charge,plugged_wait_vs_unplugged_pre,0x798,B5,0,1,0.2875,0.288,5,5,1.0,1.0,0.00833,400,250,10.223
ac_charge,charging_vs_unplugged_pre,0x401,B4,0,128,0.02779,0.09,133,21,179,128.0,1.17972,3779,900,10.131
ac_charge,charging_vs_unplugged_post,0x2A4,B1,48,95,0.11429,0.2,22,8,183,87,0.67815,105,45,10.118
ac_charge,charging_vs_unplugged_pre,0x330,B1,77,0,0.2619,0.3,6,6,41.0,41.0,0.10323,84,20,10.084
ac_charge,plugged_wait_vs_unplugged_pre,0x318,B2,14,34,0.025,0.04,41,26,33.0,45.0,1.05996,400,250,10.041
ac_charge,charging_vs_unplugged_post,0x798,B5,1,0,0.28571,0.28889,5,5,1.0,1.0,0.00353,1050,450,10.02
ac_charge,charging_vs_unplugged_pre,0x366,B6,0,236,0.25714,0.28,4,4,176,191,0.05361,105,25,9.909
ac_charge,charging_vs_unplugged_post,0x401,B2,186,209,0.02117,0.07099,137,35,179,209.0,1.19171,3779,1620,9.645
ac_charge,charging_vs_unplugged_pre,0x3D2,B4,160,36,0.01905,1.0,85,1,160,36,1.08392,105,25,9.423
ac_charge,charging_vs_unplugged_post,0x330,B1,77,0,0.2619,0.27778,6,6,41.0,41.0,0.06617,84,36,9.343
ac_charge,charging_vs_unplugged_pre,0x52F,B7,64,128,0.25714,0.28,4,4,64,128,0.02229,105,25,9.283
ac_charge,charging_vs_unplugged_pre,0x545,B5,16,0,0.33344,0.33377,20,17,16.0,16.0,0.00432,3182,758,9.18
ac_charge,charging_vs_unplugged_post,0x400,B2,251,147,0.67333,0.07333,49,52,251.0,147.0,0.93257,1050,450,9.176
ac_charge,charging_vs_unplugged_post,0x545,B5,16,0,0.33344,0.33382,20,17,16.0,16,0.00401,3182,1363,9.174
ac_charge,plugged_wait_vs_unplugged_pre,0x3CC,B3,24,26,0.25,0.26,4,4,25.5,26.0,0.03578,80,50,9.124
ac_charge,charging_vs_unplugged_post,0x3CC,B2,67,131,0.25238,0.25556,4,4,99.0,131.0,0.01993,210,90,8.95
ac_charge,charging_vs_unplugged_post,0x3CC,B3,26,27,0.25714,0.26667,4,4,26.0,26.0,0.00565,210,90,8.95
ac_charge,charging_vs_unplugged_pre,0x366,B0,11,13,0.25714,0.28,4,4,11,13,0.00098,105,25,8.857
ac_charge,charging_vs_unplugged_post,0x285,B2,134,0,0.25089,0.25208,4,4,134,101,0.00538,841,361,8.569
ac_charge,charging_vs_unplugged_post,0x285,B1,71,213,0.25089,0.25208,4,4,71,83,0.00473,841,361,8.556
ac_charge,charging_vs_unplugged_pre,0x34A,B0,1,3,0.25238,0.26,4,4,1.5,1.5,0.0,210,50,8.551
ac_charge,charging_vs_unplugged_pre,0x3CC,B2,67,195,0.25238,0.26,4,4,99.0,99.0,0.0,210,50,8.551
ac_charge,charging_vs_unplugged_post,0x285,B4,149,0,0.25089,0.25208,4,4,139,13,0.00429,841,361,8.548
ac_charge,charging_vs_unplugged_post,0x285,B3,72,0,0.25089,0.25208,4,4,71,1,0.00401,841,361,8.542
ac_charge,charging_vs_unplugged_post,0x285,B0,3,2,0.25089,0.25208,4,4,3,3,0.00102,841,361,8.482
ac_charge,charging_vs_unplugged_post,0x201,B7,57,6,0.25006,0.25,4,4,57,58.0,0.00316,4199,1800,8.472
ac_charge,charging_vs_unplugged_pre,0x285,B4,149,13,0.25089,0.25,4,4,139,76.0,0.00127,841,200,8.434
ac_charge,charging_vs_unplugged_pre,0x285,B3,72,1,0.25089,0.25,4,4,71,36.0,0.00121,841,200,8.432
ac_charge,charging_vs_unplugged_pre,0x285,B2,134,101,0.25089,0.25,4,4,134,117.5,0.00079,841,200,8.424
ac_charge,charging_vs_unplugged_pre,0x285,B0,3,65,0.25089,0.25,4,4,3,3.5,0.00069,841,200,8.422
ac_charge,charging_vs_unplugged_pre,0x285,B1,71,3,0.25089,0.25,4,4,71,77.0,0.00034,841,200,8.415
ac_charge,charging_vs_unplugged_post,0x201,B6,184,241,0.25006,0.25,4,4,184,168.0,0.00027,4199,1800,8.414
ac_charge,charging_vs_unplugged_post,0x31E,B0,0,1,0.25,0.25,4,4,1.5,1.5,0.0,420,180,8.408
ac_charge,charging_vs_unplugged_post,0x43B,B0,1,2,0.25,0.25,4,4,1.5,1.5,0.0,420,180,8.408
ac_charge,charging_vs_unplugged_post,0x55A,B0,2,4,0.25,0.25,4,4,3.0,3.0,0.0,420,180,8.408
ac_charge,plugged_wait_vs_unplugged_pre,0x285,B0,2,65,0.25,0.25,4,4,3.5,3.5,0.0,320,200,8.408
ac_charge,plugged_wait_vs_unplugged_pre,0x285,B1,213,3,0.25,0.25,4,4,77.0,77.0,0.0,320,200,8.408
ac_charge,plugged_wait_vs_unplugged_pre,0x285,B2,0,101,0.25,0.25,4,4,117.5,117.5,0.0,320,200,8.408
ac_charge,plugged_wait_vs_unplugged_pre,0x285,B3,0,1,0.25,0.25,4,4,36.0,36.0,0.0,320,200,8.408
ac_charge,plugged_wait_vs_unplugged_pre,0x285,B4,0,13,0.25,0.25,4,4,76.0,76.0,0.0,320,200,8.408
ac_charge,plugged_wait_vs_unplugged_pre,0x132,B0,57,75,0.0365,0.046,76,62,57.0,71.0,1.05094,4000,2500,8.405
ac_charge,charging_vs_unplugged_post,0x379,B6,18,0,0.25262,0.25333,7,9,18,18.0,0.06701,1049,450,7.998
ac_charge,charging_vs_unplugged_pre,0x2C1,B0,2,27,0.2,0.2,5,5,27.0,27.0,0.13486,5250,1250,7.503
ac_charge,plugged_wait_vs_unplugged_pre,0x401,B6,112,128,0.10694,0.10667,23,24,113.0,128.0,0.62784,1440,900,7.343
ac_charge,plugged_wait_vs_unplugged_pre,0x301,B4,255,0,0.25,0.24,8,8,196.0,196,0.0695,40,25,7.29
ac_charge,charging_vs_unplugged_post,0x232,B2,221,219,0.19231,0.2,12,14,222.0,221,0.27268,104,45,7.104
ac_charge,charging_vs_unplugged_pre,0x379,B6,18,34,0.25262,0.252,7,7,18,19.0,0.00507,1049,250,7.097
ac_charge,charging_vs_unplugged_pre,0x318,B2,49,34,0.01907,0.04,60,26,26,45.0,0.96361,1049,250,7.018
ac_charge,plugged_wait_vs_unplugged_pre,0x379,B6,0,34,0.2525,0.252,7,7,18.5,19.0,0.00105,400,250,7.017
ac_charge,charging_vs_unplugged_post,0x2C1,B0,2,88,0.2,0.2,5,5,27.0,27.0,0.09034,5250,2250,6.613
ac_charge,plugged_wait_vs_unplugged_pre,0x401,B4,113,128,0.11944,0.09,23,21,114.0,128.0,0.62345,1440,900,6.449
ac_charge,charging_vs_unplugged_post,0x301,B4,255,0,0.22857,0.24444,8,8,196,196,0.05398,105,45,6.294
ac_charge,charging_vs_unplugged_pre,0x301,B4,255,0,0.22857,0.24,8,8,196,196,0.04795,105,25,6.174
ac_charge,charging_vs_unplugged_pre,0x7B8,B1,215,66,0.14286,0.144,23,18,120.0,66.0,0.42397,1050,250,5.838
ac_charge,charging_vs_unplugged_pre,0x243,B3,0,128,0.4,0.2,6,5,17.0,17.0,0.06219,5250,1250,5.789
ac_charge,charging_vs_unplugged_pre,0x310,B4,51,5,0.1746,0.2,6,6,24,5,0.15033,63,15,5.788
ac_charge,charging_vs_unplugged_post,0x2C1,B1,13,36,0.2,0.2,5,5,23.0,23.0,0.03863,5250,2250,5.579
ac_charge,charging_vs_unplugged_pre,0x2C1,B1,13,23,0.2,0.2,5,5,23.0,23.0,0.02578,5250,1250,5.322
ac_charge,plugged_wait_vs_unplugged_pre,0x263,B0,2,3,0.2,0.2,6,5,4.0,4.0,0.03632,2000,1250,5.272
ac_charge,charging_vs_unplugged_post,0x310,B0,18,10,0.1746,0.18519,6,6,17,13,0.11875,63,27,5.156
ac_charge,charging_vs_unplugged_post,0x263,B0,2,24,0.2,0.20009,6,5,4.0,4,0.02865,5250,2249,5.118
ac_charge,charging_vs_unplugged_pre,0x263,B0,2,3,0.2,0.2,6,5,4.0,4.0,0.02853,5250,1250,5.116
ac_charge,charging_vs_unplugged_pre,0x53E,B0,20,10,0.18033,0.17647,6,6,17,13,0.10459,61,17,4.985
ac_charge,charging_vs_unplugged_post,0x261,B2,54,255,0.16702,0.16927,217,167,54.0,141.0,0.63397,6562,2812,4.841
ac_charge,charging_vs_unplugged_post,0x243,B0,2,0,0.2,0.2,5,5,2.0,2.0,0.0,5250,2250,4.806
ac_charge,charging_vs_unplugged_post,0x2C1,B2,6,126,0.2,0.2,5,5,19.0,19.0,0.0,5250,2250,4.806
ac_charge,charging_vs_unplugged_post,0x320,B0,4,1,0.2,0.2,5,5,3,3,0.0,525,225,4.806
ac_charge,charging_vs_unplugged_post,0x3A8,B0,1,3,0.2,0.2,5,5,2,2,0.0,525,225,4.806
ac_charge,charging_vs_unplugged_post,0x677,B0,1,0,0.2,0.2,5,5,2,2,0.0,2625,1125,4.806
ac_charge,charging_vs_unplugged_post,0x718,B0,1,3,0.2,0.2,5,5,2,2,0.0,525,225,4.806
ac_charge,charging_vs_unplugged_post,0x737,B0,2,1,0.2,0.2,5,5,2,2,0.0,105,45,4.806
ac_charge,charging_vs_unplugged_pre,0x243,B0,2,3,0.2,0.2,5,5,2.0,2.0,0.0,5250,1250,4.806
ac_charge,charging_vs_unplugged_pre,0x2C1,B2,6,19,0.2,0.2,5,5,19.0,19.0,0.0,5250,1250,4.806
ac_charge,plugged_wait_vs_unplugged_pre,0x2C1,B0,2,27,0.2,0.2,5,5,27.0,27.0,0.0,2000,1250,4.806
ac_charge,plugged_wait_vs_unplugged_pre,0x2C1,B1,13,23,0.2,0.2,5,5,23.0,23.0,0.0,2000,1250,4.806
ac_charge,plugged_wait_vs_unplugged_pre,0x2C1,B2,6,19,0.2,0.2,5,5,19.0,19.0,0.0,2000,1250,4.806
ac_charge,charging_vs_unplugged_pre,0x243,B6,0,31,0.2,0.2,6,5,65.0,65.0,0.00906,5250,1250,4.726
ac_charge,charging_vs_unplugged_post,0x310,B4,51,4,0.1746,0.18519,6,6,24,5,0.09094,63,27,4.6
ac_charge,charging_vs_unplugged_pre,0x232,B2,221,224,0.19231,0.2,12,9,222.0,222,0.11187,104,25,4.503
ac_charge,charging_vs_unplugged_post,0x243,B6,0,65,0.2,0.2,6,6,65.0,65.0,0.00491,5250,2250,4.403
ac_charge,charging_vs_unplugged_post,0x300,B0,10,17,0.17143,0.17778,6,6,13,17,0.08971,105,45,4.385
ac_charge,charging_vs_unplugged_pre,0x53E,B6,2,8,0.18033,0.17647,6,6,8,169,0.07401,61,17,4.374
ac_charge,charging_vs_unplugged_post,0x243,B4,0,177,0.2,0.2,7,5,91.0,92.0,0.00218,5250,2250,4.349
ac_charge,charging_vs_unplugged_pre,0x310,B0,18,11,0.1746,0.2,6,6,17,13,0.07775,63,15,4.336
ac_charge,charging_vs_unplugged_pre,0x2A4,B0,254,155,0.04762,0.6,36,3,240,155,0.62495,105,25,4.289
ac_charge,charging_vs_unplugged_post,0x3DB,B0,6,4,0.12857,0.13333,11,10,7.0,7.0,0.29002,210,90,4.242
ac_charge,charging_vs_unplugged_pre,0x243,B4,0,67,0.2,0.2,7,6,91.0,90.0,0.00252,5250,1250,4.133
ac_charge,charging_vs_unplugged_post,0x53E,B0,20,10,0.18033,0.17241,6,6,17,13,0.07075,61,29,4.065
ac_charge,charging_vs_unplugged_post,0x528,B3,157,125,0.00952,0.02222,105,45,203,147,0.92498,105,45,4.019
ac_charge,plugged_wait_vs_unplugged_pre,0x3F2,B3,50,24,0.175,0.2,8,8,56.0,50,0.09989,40,25,3.998
ac_charge,charging_vs_unplugged_pre,0x324,B1,131,160,0.00952,0.04,105,25,153,206,0.90126,105,25,3.971
ac_charge,charging_vs_unplugged_post,0x38B,B4,136,120,0.0566,0.06667,43,26,156.0,96,0.65502,106,45,3.751
ac_charge,charging_vs_unplugged_post,0x243,B2,0,207,0.2,0.2,9,7,85.0,86.0,0.01066,5250,2250,3.713
ac_charge,charging_vs_unplugged_pre,0x243,B5,101,102,0.2,0.2,10,5,34.0,34.0,0.00071,5250,1250,3.696
ac_charge,charging_vs_unplugged_pre,0x379,B3,0,72,0.3327,0.336,171,59,72,72.0,0.00259,1049,250,3.686
ac_charge,charging_vs_unplugged_post,0x243,B5,101,34,0.2,0.2,10,6,34.0,34.0,0.00867,5250,2250,3.674
ac_charge,charging_vs_unplugged_post,0x53E,B6,2,8,0.18033,0.17241,6,6,8,169,0.05006,61,29,3.651
ac_charge,charging_vs_unplugged_pre,0x300,B0,10,17,0.17143,0.2,6,6,13,17,0.05037,105,25,3.598
ac_charge,plugged_wait_vs_unplugged_pre,0x300,B0,11,17,0.175,0.2,6,6,15.0,17,0.02603,40,25,3.326
ac_charge,plugged_wait_vs_unplugged_pre,0x243,B5,34,102,0.21,0.2,19,5,34.0,34.0,0.04874,2000,1250,3.318
ac_charge,charging_vs_unplugged_post,0x300,B4,4,0,0.17143,0.17778,6,6,5,127,0.03454,105,45,3.282
ac_charge,plugged_wait_vs_unplugged_pre,0x2F1,B3,0,1,0.21,0.21285,14,13,72.0,64,0.03386,400,249,3.281
ac_charge,charging_vs_unplugged_pre,0x300,B6,136,0,0.17143,0.2,6,6,54,54,0.03402,105,25,3.271
ac_charge,charging_vs_unplugged_post,0x300,B6,136,0,0.17143,0.17778,6,6,54,130,0.03349,105,45,3.261
ac_charge,plugged_wait_vs_unplugged_pre,0x300,B6,2,0,0.175,0.2,6,6,54.0,54,0.02099,40,25,3.225
ac_charge,plugged_wait_vs_unplugged_pre,0x300,B4,5,0,0.175,0.2,6,6,66.0,5,0.01937,40,25,3.192
ac_charge,charging_vs_unplugged_pre,0x300,B4,4,0,0.17143,0.2,6,6,5,5,0.02784,105,25,3.148
ac_charge,charging_vs_unplugged_pre,0x53E,B4,117,252,0.18033,0.17647,6,6,117,112,0.00584,61,17,3.01
ac_charge,charging_vs_unplugged_pre,0x32A,B4,197,172,0.09524,0.2,18,5,195,176,0.33581,21,5,2.896
ac_charge,charging_vs_unplugged_post,0x782,B1,64,254,0.10256,0.0625,33,16,108,130.0,0.541,39,16,2.834
ac_charge,plugged_wait_vs_unplugged_pre,0x7C8,B0,20,18,0.15,0.16,7,7,17.0,17,0.09651,40,25,2.806
ac_charge,plugged_wait_vs_unplugged_pre,0x7E8,B0,20,18,0.15,0.16,7,7,17.0,17,0.09651,40,25,2.806
ac_charge,plugged_wait_vs_unplugged_pre,0x2E1,B4,72,18,0.1668,0.16709,7,7,72.0,43.0,0.04539,2500,1562,2.792
ac_charge,charging_vs_unplugged_pre,0x3F2,B3,56,24,0.17143,0.2,8,8,56,50,0.04749,105,25,2.736
ac_charge,charging_vs_unplugged_post,0x53E,B4,117,252,0.18033,0.17241,6,6,117,112,0.00395,61,29,2.729
ac_charge,plugged_wait_vs_unplugged_pre,0x261,B0,5,0,0.16687,0.16699,9,8,49,49,0.0564,2499,1563,2.469
ac_charge,plugged_wait_vs_unplugged_pre,0x2F9,B3,8,24,0.1675,0.168,6,6,20.0,24.0,0.00564,400,250,2.468
ac_charge,plugged_wait_vs_unplugged_pre,0x219,B5,249,251,0.1675,0.168,6,6,249.0,248.0,0.00558,400,250,2.467
ac_charge,plugged_wait_vs_unplugged_pre,0x219,B0,1,3,0.1675,0.168,6,6,2.5,3.0,0.00469,400,250,2.449
ac_charge,plugged_wait_vs_unplugged_pre,0x2E1,B0,251,16,0.1668,0.16709,6,6,28.5,28.5,0.00091,2500,1562,2.331
ac_charge,plugged_wait_vs_unplugged_pre,0x2E1,B1,25,33,0.1668,0.16709,6,7,33.0,49.0,0.00674,2500,1562,2.226
ac_charge,charging_vs_unplugged_pre,0x261,B1,0,16,0.16672,0.16699,6,7,43.0,34,0.00437,6562,1563,2.173
ac_charge,plugged_wait_vs_unplugged_pre,0x261,B1,239,16,0.16687,0.16699,6,7,34,34,0.00256,2499,1563,2.146
ac_charge,plugged_wait_vs_unplugged_pre,0x7C8,B1,5,92,0.15,0.16,7,7,5.0,5,0.05805,40,25,2.037
ac_charge,plugged_wait_vs_unplugged_pre,0x7E8,B1,5,92,0.15,0.16,7,7,5.0,5,0.05771,40,25,2.03
ac_charge,charging_vs_unplugged_post,0x3F2,B3,56,50,0.17143,0.17778,8,8,56,50,0.00435,105,45,1.873
ac_charge,charging_vs_unplugged_post,0x401,B4,0,208,0.02779,0.07099,133,36,179,209.0,0.7736,3779,1620,1.732
ac_charge,plugged_wait_vs_unplugged_pre,0x7B8,B1,0,66,0.14286,0.144,18,18,111,66.0,0.1995,399,250,1.729
ac_charge,plugged_wait_vs_unplugged_pre,0x318,B7,193,201,0.025,0.032,68,52,198.0,208.0,0.72813,400,250,1.675
ac_charge,plugged_wait_vs_unplugged_pre,0x232,B2,223,224,0.175,0.2,11,9,222.0,222,0.01381,40,25,1.643
ac_charge,charging_vs_unplugged_pre,0x7C8,B1,1,92,0.14286,0.16,7,7,5,5,0.05684,105,25,1.584
ac_charge,charging_vs_unplugged_pre,0x7C8,B0,10,18,0.14286,0.16,7,7,17,17,0.05638,105,25,1.575
ac_charge,charging_vs_unplugged_pre,0x7E8,B0,10,18,0.14286,0.16,7,7,17,17,0.05638,105,25,1.575
ac_charge,charging_vs_unplugged_pre,0x7E8,B1,1,92,0.14286,0.16,7,7,5,5,0.0564,105,25,1.575
ac_charge,charging_vs_unplugged_pre,0x330,B0,17,11,0.13095,0.15,8,8,16.0,14.0,0.10453,84,20,1.448
ac_charge,charging_vs_unplugged_pre,0x261,B0,49,0,0.16672,0.16699,11,8,50.0,49,0.01927,6562,1563,1.401
ac_charge,charging_vs_unplugged_pre,0x2E2,B3,92,0,0.20571,0.144,12,11,90,82,0.11439,525,125,1.394
ac_charge,charging_vs_unplugged_post,0x2E2,B3,92,100,0.20571,0.14667,12,10,90,92,0.09101,525,225,1.214
ac_charge,charging_vs_unplugged_post,0x7C8,B0,10,11,0.14286,0.15556,7,7,17,17,0.03154,105,45,1.078
ac_charge,charging_vs_unplugged_post,0x7C8,B1,1,47,0.14286,0.15556,7,7,5,5,0.03108,105,45,1.069
ac_charge,charging_vs_unplugged_post,0x401,B6,0,208,0.02779,0.06543,125,38,181,209.0,0.73357,3779,1620,1.039
ac_charge,charging_vs_unplugged_pre,0x7B8,B0,6,96,0.14286,0.144,29,19,130.0,130.0,0.20545,1050,250,1.005
ac_charge,plugged_wait_vs_unplugged_pre,0x78A,B2,6,0,0.145,0.144,7,7,3.0,3.0,0.01375,400,250,0.791
ac_charge,charging_vs_unplugged_post,0x330,B0,17,11,0.13095,0.13889,8,8,16.0,14.0,0.06701,84,36,0.698
ac_charge,plugged_wait_vs_unplugged_pre,0x3C8,B0,5,6,0.145,0.144,7,7,3.0,3.0,0.0085,400,250,0.686
ac_charge,plugged_wait_vs_unplugged_pre,0x3E8,B0,5,6,0.145,0.144,7,7,3.0,3.0,0.0085,400,250,0.686
ac_charge,charging_vs_unplugged_pre,0x78A,B2,2,0,0.14286,0.144,7,7,3.0,3.0,0.01,1050,250,0.647
ac_charge,charging_vs_unplugged_pre,0x752,B0,3,0,0.07619,0.08,15,14,7,6,0.31367,105,25,0.641
ac_charge,charging_vs_unplugged_pre,0x3F2,B2,18,181,0.1619,0.16,11,11,162,164,0.02126,105,25,0.619
ac_charge,charging_vs_unplugged_pre,0x3C8,B0,1,6,0.14286,0.144,7,7,3.0,3.0,0.006,1050,250,0.567
ac_charge,charging_vs_unplugged_pre,0x3E8,B0,1,6,0.14286,0.144,7,7,3.0,3.0,0.006,1050,250,0.567
ac_charge,charging_vs_unplugged_post,0x3C8,B0,1,5,0.14286,0.14444,7,7,3.0,3.0,0.00555,1050,450,0.558
ac_charge,charging_vs_unplugged_post,0x3E8,B0,1,4,0.14286,0.14444,7,7,3.0,3.0,0.00333,1050,450,0.514
ac_charge,charging_vs_unplugged_post,0x78A,B2,2,6,0.14286,0.14444,7,7,3.0,3.0,0.0,1050,450,0.447
ac_charge,charging_vs_unplugged_pre,0x2E3,B0,3,6,0.16762,0.168,16,13,32,32,0.02315,525,125,0.317
ac_charge,plugged_wait_vs_unplugged_pre,0x2E3,B0,3,6,0.165,0.168,16,13,32.0,32,0.02981,200,125,0.293
ac_charge,plugged_wait_vs_unplugged_pre,0x2E2,B3,92,0,0.225,0.144,11,11,84.0,82,0.05148,200,125,0.263
ac_charge,charging_vs_unplugged_post,0x7B8,B2,2,82,0.14286,0.14444,8,8,20.0,20.0,0.00328,1050,450,0.137
ac_charge,charging_vs_unplugged_pre,0x7B8,B2,2,9,0.14286,0.144,8,9,20.0,21.0,0.0099,1050,250,0.098
ac_charge,charging_vs_unplugged_pre,0x364,B2,86,120,0.05714,0.44,29,3,126,120,0.35372,105,25,0.013
ac_charge,plugged_wait_vs_unplugged_pre,0x7B8,B2,0,9,0.14286,0.144,8,9,21,21.0,0.00431,399,250,-0.013
ac_charge,plugged_wait_vs_unplugged_pre,0x726,B0,1,6,0.075,0.08,15,15,6.5,8,0.28124,40,25,-0.177
ac_charge,plugged_wait_vs_unplugged_pre,0x2E2,B0,3,0,0.145,0.144,10,9,5.0,5,0.00771,200,125,-0.193
ac_charge,charging_vs_unplugged_pre,0x724,B0,6,1,0.10476,0.12,10,10,5,4,0.12931,105,25,-0.262
ac_charge,charging_vs_unplugged_pre,0x798,B1,0,215,0.14286,0.144,18,18,116.0,131.5,0.09772,1050,250,-0.307
ac_charge,charging_vs_unplugged_post,0x2E2,B0,0,3,0.14286,0.14667,10,10,5,5,0.01062,525,225,-0.35
ac_charge,charging_vs_unplugged_post,0x2E1,B2,4,0,0.16672,0.3331,18,15,59.0,59,0.00694,6562,2813,-0.437
ac_charge,charging_vs_unplugged_pre,0x420,B7,7,4,0.12571,0.128,8,8,3.0,4.0,0.01941,1050,250,-0.569
ac_charge,charging_vs_unplugged_pre,0x2E1,B2,4,0,0.16672,0.33291,18,16,59.0,31.5,0.00296,6562,1562,-0.604
ac_charge,plugged_wait_vs_unplugged_pre,0x752,B0,2,0,0.075,0.08,14,14,7.0,6,0.24826,40,25,-0.637
ac_charge,plugged_wait_vs_unplugged_pre,0x420,B7,0,4,0.125,0.128,8,8,3.5,4.0,0.01568,400,250,-0.686
ac_charge,plugged_wait_vs_unplugged_pre,0x7B8,B0,6,96,0.14286,0.144,23,19,130,130.0,0.10113,399,250,-0.69
ac_charge,charging_vs_unplugged_pre,0x4E2,B0,85,32,0.12571,0.128,8,9,6.0,6.0,0.01782,1050,250,-0.772
ac_charge,charging_vs_unplugged_pre,0x20E,B0,23,17,0.12571,0.128,8,8,19.5,19.0,0.00698,1050,250,-0.817
ac_charge,charging_vs_unplugged_pre,0x20E,B1,7,1,0.12571,0.128,8,8,3.5,3.0,0.00698,1050,250,-0.817
ac_charge,charging_vs_unplugged_post,0x4E2,B0,85,1,0.12571,0.12667,8,8,6.0,4.0,0.00453,1050,450,-0.866
ac_charge,charging_vs_unplugged_post,0x4E3,B0,205,1,0.12571,0.12667,8,8,6.0,4.0,0.0042,1050,450,-0.873
ac_charge,charging_vs_unplugged_pre,0x4E3,B0,205,32,0.12571,0.128,8,8,6.0,5.0,0.00405,1050,250,-0.876
ac_charge,charging_vs_unplugged_pre,0x3DB,B0,6,3,0.12857,0.14,11,10,7.0,7.5,0.03254,210,50,-0.908
ac_charge,plugged_wait_vs_unplugged_pre,0x75D,B0,128,4,0.145,0.144,7,18,5.0,5,0.01102,200,125,-0.914
ac_charge,charging_vs_unplugged_post,0x420,B7,7,0,0.12571,0.12667,8,8,3.0,3.0,0.00208,1050,450,-0.915
ac_charge,charging_vs_unplugged_pre,0x70B,B0,6,1,0.10476,0.12,10,10,6,5,0.09575,105,25,-0.933
ac_charge,charging_vs_unplugged_post,0x20E,B0,23,19,0.12571,0.12667,8,8,19.5,19.5,0.0,1050,450,-0.957
ac_charge,charging_vs_unplugged_post,0x20E,B1,7,3,0.12571,0.12667,8,8,3.5,3.5,0.0,1050,450,-0.957
ac_charge,plugged_wait_vs_unplugged_pre,0x2E1,B5,68,0,0.3332,0.16709,19,22,68.0,67.0,0.00506,2500,1562,-1.086
ac_charge,charging_vs_unplugged_pre,0x318,B7,184,201,0.01907,0.032,87,52,195,208.0,0.62961,1049,250,-1.089
ac_charge,plugged_wait_vs_unplugged_pre,0x3F2,B0,1,9,0.1,0.12,12,12,5.0,6,0.12808,40,25,-1.095
ac_charge,charging_vs_unplugged_post,0x724,B0,6,1,0.10476,0.11111,10,10,5,4,0.08289,105,45,-1.19
ac_charge,plugged_wait_vs_unplugged_pre,0x78A,B6,0,123,0.145,0.144,14,14,101.0,101.0,0.01191,400,250,-1.224
ac_charge,charging_vs_unplugged_pre,0x75D,B0,5,4,0.14286,0.144,8,18,5,5,0.00236,525,125,-1.269
ac_charge,plugged_wait_vs_unplugged_pre,0x727,B0,7,3,0.1,0.12,12,12,6.0,5,0.11691,40,25,-1.318
ac_charge,charging_vs_unplugged_post,0x78A,B6,123,0,0.14286,0.14444,14,15,102.0,101.0,0.00809,1050,450,-1.47
ac_charge,charging_vs_unplugged_post,0x75D,B0,5,1,0.14286,0.14222,8,22,5,5,0.01093,525,225,-1.55
ac_charge,plugged_wait_vs_unplugged_pre,0x78A,B4,2,165,0.145,0.144,15,15,157.0,157.0,0.00119,400,250,-1.638
ac_charge,plugged_wait_vs_unplugged_pre,0x3F2,B1,93,161,0.15,0.12,15,12,93.5,100,0.05736,40,25,-1.649
ac_charge,charging_vs_unplugged_post,0x78A,B4,165,2,0.14286,0.14444,18,16,157.0,157.0,0.0108,1050,450,-1.879
ac_charge,plugged_wait_vs_unplugged_pre,0x7FF,B1,0,32,0.1125,0.112,9,9,51.0,51.0,0.00385,400,250,-2.036
ac_charge,charging_vs_unplugged_pre,0x3F9,B0,1,7,0.11143,0.112,9,9,4.0,4.0,0.00354,1050,250,-2.077
ac_charge,plugged_wait_vs_unplugged_pre,0x7FF,B0,8,7,0.1125,0.112,9,9,5.0,5.0,0.00154,400,250,-2.082
ac_charge,charging_vs_unplugged_post,0x7FF,B0,1,3,0.11153,0.11111,9,9,5,5.0,0.00369,1049,450,-2.093
ac_charge,charging_vs_unplugged_pre,0x7FF,B1,165,32,0.11153,0.112,9,9,51,51.0,0.00219,1049,250,-2.097
ac_charge,charging_vs_unplugged_pre,0x7FF,B0,1,7,0.11153,0.112,9,9,5,5.0,0.00214,1049,250,-2.098
ac_charge,plugged_wait_vs_unplugged_pre,0x3F9,B0,8,7,0.1125,0.112,9,9,4.0,4.0,0.00019,400,250,-2.109
ac_charge,charging_vs_unplugged_post,0x3F9,B0,1,4,0.11143,0.11136,9,9,4.0,4,0.00197,1050,449,-2.112
ac_charge,charging_vs_unplugged_post,0x7FF,B1,165,51,0.11153,0.11111,9,9,51,51.0,0.00091,1049,450,-2.148
ac_charge,plugged_wait_vs_unplugged_pre,0x3DD,B0,6,213,0.125,0.12,12,14,64.0,50,0.0266,40,25,-2.156
ac_charge,charging_vs_unplugged_pre,0x3C4,B0,10,13,0.09016,0.08824,12,12,18.0,20.0,0.10743,122,34,-2.214
ac_charge,charging_vs_unplugged_post,0x2A4,B0,254,180,0.04762,0.13333,36,12,240,181,0.32121,105,45,-2.394
ac_charge,plugged_wait_vs_unplugged_pre,0x3C9,B0,9,5,0.1,0.12,12,12,6.0,5,0.06242,40,25,-2.408
ac_charge,charging_vs_unplugged_pre,0x249,B0,211,94,0.12571,0.128,14,14,131.0,94.0,0.00143,2100,500,-2.53
ac_charge,charging_vs_unplugged_pre,0x3DD,B0,8,213,0.11429,0.12,14,14,65,50,0.0344,105,25,-2.557
ac_charge,charging_vs_unplugged_post,0x7B8,B1,215,0,0.14286,0.14444,23,19,120.0,120.0,0.00602,1050,450,-2.592
ac_charge,charging_vs_unplugged_post,0x70B,B0,6,128,0.10476,0.11111,10,10,6,5,0.01218,105,45,-2.604
ac_charge,charging_vs_unplugged_post,0x324,B1,131,241,0.00952,0.02222,105,45,153,87,0.59102,105,45,-2.66
ac_charge,charging_vs_unplugged_pre,0x40A,B7,64,159,0.06286,0.064,16,17,128,143,0.20363,525,125,-2.735
ac_charge,plugged_wait_vs_unplugged_pre,0x2F1,B1,17,1,0.1575,0.16466,40,31,17.0,17,0.0276,400,249,-2.828
ac_charge,charging_vs_unplugged_pre,0x3F2,B0,0,9,0.08571,0.12,12,12,5,6,0.0785,105,25,-2.944
ac_charge,charging_vs_unplugged_pre,0x2F1,B1,0,1,0.15905,0.16466,56,31,17.0,17,0.04377,1050,249,-3.014
ac_charge,plugged_wait_vs_unplugged_pre,0x38B,B4,85,176,0.075,0.08,20,19,129.0,144,0.17738,40,25,-3.019
ac_charge,charging_vs_unplugged_post,0x3C9,B0,8,4,0.08571,0.08889,12,12,5,6,0.07115,105,45,-3.091
ac_charge,charging_vs_unplugged_pre,0x719,B0,3,23,0.091,0.092,11,12,21,22.0,0.04521,2099,500,-3.17
ac_charge,plugged_wait_vs_unplugged_pre,0x321,B6,0,192,0.075,0.08,16,16,96.0,112,0.13827,40,25,-3.224
ac_charge,charging_vs_unplugged_pre,0x782,B1,64,53,0.10256,0.2,33,8,108,82.5,0.08473,39,10,-3.365
ac_charge,charging_vs_unplugged_post,0x301,B0,23,33,0.08571,0.08889,13,13,19,18,0.06656,105,45,-3.413
ac_charge,charging_vs_unplugged_post,0x302,B0,23,33,0.08571,0.08889,13,13,19,18,0.06656,105,45,-3.413
ac_charge,charging_vs_unplugged_post,0x303,B0,23,33,0.08571,0.08889,13,13,19,18,0.06656,105,45,-3.413
ac_charge,plugged_wait_vs_unplugged_pre,0x301,B0,24,10,0.1,0.08,13,13,19.0,19,0.08051,40,25,-3.477
ac_charge,plugged_wait_vs_unplugged_pre,0x302,B0,24,10,0.1,0.08,13,13,19.0,19,0.08051,40,25,-3.477
ac_charge,plugged_wait_vs_unplugged_pre,0x303,B0,24,10,0.1,0.08,13,13,19.0,19,0.08051,40,25,-3.477
ac_charge,plugged_wait_vs_unplugged_pre,0x360,B0,2,3,0.0925,0.092,11,11,5.0,5.0,0.01999,400,250,-3.487
ac_charge,charging_vs_unplugged_pre,0x360,B0,1,3,0.09143,0.092,11,11,5.0,5.0,0.01822,1050,250,-3.556
ac_charge,plugged_wait_vs_unplugged_pre,0x3C0,B0,9,10,0.0925,0.092,11,11,5.0,5.0,0.01135,400,250,-3.66
ac_charge,charging_vs_unplugged_pre,0x301,B0,23,10,0.08571,0.08,13,13,19,19,0.07111,105,25,-3.665
ac_charge,charging_vs_unplugged_pre,0x302,B0,23,10,0.08571,0.08,13,13,19,19,0.07111,105,25,-3.665
ac_charge,charging_vs_unplugged_pre,0x303,B0,23,10,0.08571,0.08,13,13,19,19,0.07111,105,25,-3.665
ac_charge,charging_vs_unplugged_pre,0x3C0,B0,8,10,0.09143,0.092,11,11,5.0,5.0,0.01227,1050,250,-3.675
ac_charge,charging_vs_unplugged_pre,0x727,B0,6,3,0.08571,0.12,12,12,6,5,0.0411,105,25,-3.692
ac_charge,charging_vs_unplugged_post,0x7AA,B0,4,9,0.07692,0.07692,18,18,11,11,0.12274,1365,585,-3.763
ac_charge,charging_vs_unplugged_pre,0x2C4,B0,6,22,0.04762,0.048,52,25,35.0,23.0,0.31701,1050,250,-3.873
ac_charge,charging_vs_unplugged_post,0x289,B4,144,157,0.1,0.1,13,13,146.0,146.0,0.0,1050,450,-3.888
ac_charge,charging_vs_unplugged_pre,0x289,B4,144,134,0.1,0.1,13,13,146.0,146.0,0.0,1050,250,-3.888
ac_charge,plugged_wait_vs_unplugged_pre,0x289,B4,144,134,0.1,0.1,13,13,146.0,146.0,0.0,400,250,-3.888
ac_charge,charging_vs_unplugged_post,0x3C0,B0,8,7,0.09143,0.09111,11,11,5.0,5.0,0.0016,1050,450,-3.908
ac_charge,charging_vs_unplugged_post,0x360,B0,1,0,0.09143,0.09111,11,11,5.0,5.0,0.0005,1050,450,-3.93
ac_charge,plugged_wait_vs_unplugged_pre,0x719,B0,21,23,0.09125,0.092,12,12,22.0,22.0,0.00857,800,500,-4.01
ac_charge,plugged_wait_vs_unplugged_pre,0x38B,B2,15,103,0.075,0.08,16,16,59.0,63,0.09798,40,25,-4.03
ac_charge,charging_vs_unplugged_post,0x727,B0,6,2,0.08571,0.08889,12,12,6,6,0.01664,105,45,-4.181
ac_charge,charging_vs_unplugged_post,0x3F2,B0,0,9,0.08571,0.08889,12,12,5,5,0.00828,105,45,-4.348
ac_charge,charging_vs_unplugged_pre,0x528,B3,157,158,0.00952,0.04,105,25,203,170,0.48487,105,25,-4.357
ac_charge,charging_vs_unplugged_pre,0x340,B0,10,4,0.08389,0.084,12,12,5,6.0,0.0079,1049,250,-4.465
ac_charge,charging_vs_unplugged_pre,0x379,B0,4,10,0.08389,0.084,12,12,6,5.0,0.00765,1049,250,-4.47
ac_charge,charging_vs_unplugged_pre,0x3C9,B0,8,5,0.08571,0.12,12,12,5,5,0.00164,105,25,-4.481
ac_charge,charging_vs_unplugged_post,0x2EC,B2,181,173,0.06286,0.06444,16,16,125.0,141.0,0.11106,1050,450,-4.497
ac_charge,plugged_wait_vs_unplugged_pre,0x340,B0,8,4,0.085,0.084,12,12,6.0,6.0,0.00463,400,250,-4.524
ac_charge,charging_vs_unplugged_post,0x2C4,B0,6,4,0.04762,0.04889,52,36,35.0,22.5,0.30258,1050,450,-4.557
ac_charge,plugged_wait_vs_unplugged_pre,0x379,B0,2,10,0.085,0.084,12,12,5.0,5.0,0.00116,400,250,-4.593
ac_charge,charging_vs_unplugged_pre,0x2B3,B1,142,141,0.05886,0.05995,19,20,77.0,85,0.14697,1750,417,-4.596
ac_charge,charging_vs_unplugged_post,0x340,B0,10,9,0.08389,0.08444,12,12,5,5.5,0.00096,1049,450,-4.604
ac_charge,charging_vs_unplugged_post,0x379,B0,4,3,0.08389,0.08444,12,12,6,5.5,0.00069,1049,450,-4.609
ac_charge,charging_vs_unplugged_post,0x2AA,B2,115,123,0.06286,0.06459,16,16,131.0,123,0.10316,1050,449,-4.655
ac_charge,plugged_wait_vs_unplugged_pre,0x2AA,B2,147,219,0.0625,0.064,16,16,123.0,123.0,0.09764,400,250,-4.787
ac_charge,charging_vs_unplugged_post,0x3F2,B1,93,251,0.08571,0.08889,47,16,103,106,0.12442,105,45,-4.845
ac_charge,charging_vs_unplugged_pre,0x2AA,B2,115,219,0.06286,0.064,16,16,131.0,123.0,0.09287,1050,250,-4.861
ac_charge,charging_vs_unplugged_pre,0x2EC,B2,181,29,0.06286,0.064,16,16,125.0,125.0,0.09102,1050,250,-4.898
ac_charge,plugged_wait_vs_unplugged_pre,0x2EC,B2,213,29,0.0625,0.064,16,16,125.0,125.0,0.09132,400,250,-4.913
ac_charge,charging_vs_unplugged_post,0x2B3,B0,1,0,0.05886,0.06,21,20,11.0,11.0,0.13096,1750,750,-5.062
ac_charge,charging_vs_unplugged_pre,0x293,B6,239,15,0.06635,0.08,16,16,143,127.0,0.06655,211,50,-5.178
ac_charge,charging_vs_unplugged_post,0x293,B6,239,255,0.06635,0.06667,16,16,143,127.0,0.06401,211,90,-5.228
ac_charge,charging_vs_unplugged_post,0x238,B6,102,118,0.06667,0.06667,16,16,118.0,134.0,0.06004,210,90,-5.289
ac_charge,charging_vs_unplugged_post,0x3E9,B6,32,112,0.06604,0.06593,16,16,112.0,128,0.058,212,91,-5.373
ac_charge,charging_vs_unplugged_post,0x213,B1,69,85,0.06667,0.06667,16,16,117.0,133.0,0.0549,210,90,-5.392
ac_charge,charging_vs_unplugged_post,0x238,B7,74,90,0.06667,0.06667,16,16,122.0,138.0,0.0549,210,90,-5.392
ac_charge,charging_vs_unplugged_post,0x407,B0,15,16,0.06667,0.06667,16,16,18.0,19.0,0.0549,210,90,-5.392
ac_charge,charging_vs_unplugged_post,0x407,B1,4,5,0.06667,0.06667,16,16,7.0,8.0,0.0549,210,90,-5.392
ac_charge,charging_vs_unplugged_post,0x443,B0,111,112,0.06667,0.06667,16,16,114.0,115.0,0.0549,210,90,-5.392
ac_charge,charging_vs_unplugged_post,0x443,B1,4,5,0.06667,0.06667,16,16,7.0,8.0,0.0549,210,90,-5.392
ac_charge,charging_vs_unplugged_post,0x38B,B2,103,119,0.06604,0.06667,16,16,63.0,63,0.05198,106,45,-5.488
ac_charge,charging_vs_unplugged_pre,0x313,B6,208,224,0.06667,0.08,16,16,128.0,128.0,0.04798,210,50,-5.53
ac_charge,plugged_wait_vs_unplugged_pre,0x293,B6,143,15,0.0625,0.08,16,16,135.0,127.0,0.06015,80,50,-5.537
ac_charge,plugged_wait_vs_unplugged_pre,0x313,B6,96,224,0.0625,0.08,16,16,120.0,128.0,0.06015,80,50,-5.537
ac_charge,plugged_wait_vs_unplugged_pre,0x39B,B6,161,1,0.0625,0.08,16,16,121.0,113.0,0.06015,80,50,-5.537
ac_charge,charging_vs_unplugged_pre,0x39B,B6,49,1,0.06604,0.08,16,16,113.0,113.0,0.04842,212,50,-5.559
ac_charge,charging_vs_unplugged_pre,0x334,B7,180,212,0.06667,0.08,16,16,132.0,132.0,0.04373,210,50,-5.615
ac_charge,charging_vs_unplugged_pre,0x264,B0,40,55,0.02286,0.928,89,3,38.0,55.0,0.33049,1050,250,-5.617
ac_charge,charging_vs_unplugged_post,0x334,B6,113,129,0.06667,0.06667,16,16,121.0,129.0,0.04334,210,90,-5.623
ac_charge,charging_vs_unplugged_post,0x39B,B6,49,129,0.06604,0.06593,16,16,113.0,129,0.04201,212,91,-5.693
ac_charge,plugged_wait_vs_unplugged_pre,0x334,B7,84,212,0.0625,0.08,16,16,124.0,132.0,0.05179,80,50,-5.704
ac_charge,charging_vs_unplugged_pre,0x261,B2,54,53,0.16702,0.16699,217,147,54.0,53,0.09727,6562,1563,-5.735
ac_charge,charging_vs_unplugged_pre,0x284,B6,160,192,0.06667,0.08,16,16,128.0,128.0,0.03725,210,50,-5.745
ac_charge,charging_vs_unplugged_post,0x288,B7,131,48,0.06286,0.06444,16,16,131.0,112.0,0.0482,1050,450,-5.754
ac_charge,charging_vs_unplugged_pre,0x321,B6,176,192,0.06667,0.08,16,16,128,112,0.03608,105,25,-5.768
ac_charge,charging_vs_unplugged_post,0x39B,B7,140,220,0.06604,0.06593,16,16,140.0,124,0.03798,212,91,-5.774
ac_charge,charging_vs_unplugged_pre,0x313,B7,181,197,0.06667,0.08,16,16,133.0,133.0,0.03513,210,50,-5.787
ac_charge,charging_vs_unplugged_post,0x213,B0,48,64,0.06667,0.06667,16,16,112.0,128.0,0.0327,210,90,-5.835
ac_charge,plugged_wait_vs_unplugged_pre,0x284,B6,64,192,0.0625,0.08,16,16,120.0,128.0,0.04333,80,50,-5.873
ac_charge,plugged_wait_vs_unplugged_pre,0x313,B7,69,197,0.0625,0.08,16,16,125.0,133.0,0.04333,80,50,-5.873
ac_charge,charging_vs_unplugged_pre,0x284,B7,158,190,0.06667,0.08,16,16,142.0,142.0,0.0307,210,50,-5.876
ac_charge,charging_vs_unplugged_pre,0x3F2,B1,93,161,0.08571,0.12,47,12,103,100,0.06122,105,25,-5.916
ac_charge,charging_vs_unplugged_pre,0x3E9,B7,127,79,0.06604,0.08,16,16,143.0,127.0,0.0304,212,50,-5.919
ac_charge,charging_vs_unplugged_pre,0x288,B7,131,160,0.06286,0.064,16,16,131.0,128.0,0.03907,1050,250,-5.937
ac_charge,charging_vs_unplugged_pre,0x293,B7,159,191,0.06635,0.08,16,16,143,143.0,0.02713,211,50,-5.966
ac_charge,charging_vs_unplugged_pre,0x39B,B7,140,92,0.06604,0.08,16,16,140.0,124.0,0.02577,212,50,-6.012
ac_charge,plugged_wait_vs_unplugged_pre,0x288,B7,163,160,0.0625,0.064,16,16,123.0,128.0,0.03533,400,250,-6.033
ac_charge,charging_vs_unplugged_post,0x334,B7,180,196,0.06667,0.06667,16,16,132.0,116.0,0.02256,210,90,-6.038
ac_charge,charging_vs_unplugged_post,0x264,B0,40,56,0.02286,0.34,89,10,38.0,57.0,0.32015,1050,450,-6.041
ac_charge,plugged_wait_vs_unplugged_pre,0x284,B7,62,190,0.0625,0.08,16,16,134.0,142.0,0.03477,80,50,-6.044
ac_charge,plugged_wait_vs_unplugged_pre,0x293,B7,63,191,0.0625,0.08,16,16,135.0,143.0,0.03477,80,50,-6.044
ac_charge,charging_vs_unplugged_pre,0x25B,B7,101,5,0.06286,0.064,16,16,133.0,117.0,0.03228,1050,250,-6.073
ac_charge,charging_vs_unplugged_pre,0x2AA,B1,96,0,0.06286,0.064,16,16,128.0,112.0,0.03228,1050,250,-6.073
ac_charge,charging_vs_unplugged_pre,0x2EC,B1,96,0,0.06286,0.064,16,16,128.0,112.0,0.03228,1050,250,-6.073
ac_charge,charging_vs_unplugged_pre,0x552,B6,96,0,0.06286,0.064,16,16,128.0,112.0,0.03228,1050,250,-6.073
ac_charge,charging_vs_unplugged_pre,0x553,B6,96,0,0.06286,0.064,16,16,128.0,112.0,0.03228,1050,250,-6.073
ac_charge,charging_vs_unplugged_pre,0x682,B6,96,0,0.06286,0.064,16,16,128.0,112.0,0.03228,1050,250,-6.073
ac_charge,charging_vs_unplugged_pre,0x789,B2,96,0,0.06286,0.064,16,16,128.0,112.0,0.03228,1050,250,-6.073
ac_charge,charging_vs_unplugged_pre,0x797,B2,96,0,0.06286,0.064,16,16,128.0,112.0,0.03228,1050,250,-6.073
ac_charge,charging_vs_unplugged_pre,0x798,B6,96,0,0.06286,0.064,16,16,128.0,112.0,0.03228,1050,250,-6.073
ac_charge,charging_vs_unplugged_post,0x3E9,B7,127,207,0.06604,0.06593,16,16,143.0,127,0.02196,212,91,-6.094
ac_charge,plugged_wait_vs_unplugged_pre,0x228,B7,67,64,0.0625,0.064,16,16,123.0,128.0,0.03213,400,250,-6.097
ac_charge,plugged_wait_vs_unplugged_pre,0x319,B0,34,39,0.05,0.08,21,21,27.5,32,0.10913,40,25,-6.101
ac_charge,charging_vs_unplugged_post,0x228,B7,19,208,0.06286,0.06444,16,16,115.0,128.0,0.03078,1050,450,-6.102
ac_charge,charging_vs_unplugged_pre,0x7B8,B6,80,0,0.06286,0.064,16,16,128.0,112.0,0.03023,1050,250,-6.113
ac_charge,charging_vs_unplugged_pre,0x334,B6,113,145,0.06667,0.08,16,16,121.0,129.0,0.01748,210,50,-6.14
ac_charge,charging_vs_unplugged_pre,0x31A,B7,170,250,0.06286,0.064,16,16,122,122,0.02798,525,125,-6.158
ac_charge,charging_vs_unplugged_pre,0x228,B7,19,64,0.06286,0.064,16,16,115.0,128.0,0.02797,1050,250,-6.159
ac_charge,charging_vs_unplugged_pre,0x39D,B0,230,224,0.06286,0.0624,16,19,224,224,0.04231,2625,625,-6.16
ac_charge,charging_vs_unplugged_pre,0x789,B3,199,103,0.06286,0.064,16,16,119.0,135.0,0.02724,1050,250,-6.173
ac_charge,charging_vs_unplugged_pre,0x3E9,B6,32,240,0.06604,0.08,16,16,112.0,120.0,0.01629,212,50,-6.201
ac_charge,plugged_wait_vs_unplugged_pre,0x7B8,B6,128,0,0.06266,0.064,16,16,128,112.0,0.02632,399,250,-6.204
ac_charge,plugged_wait_vs_unplugged_pre,0x321,B7,155,92,0.075,0.08,18,17,155.0,140,0.00209,40,25,-6.209
ac_charge,plugged_wait_vs_unplugged_pre,0x3E9,B7,239,79,0.0625,0.08,16,16,135.0,127.0,0.02615,80,50,-6.217
ac_charge,plugged_wait_vs_unplugged_pre,0x25B,B7,133,5,0.0625,0.064,16,16,125.0,117.0,0.02607,400,250,-6.218
ac_charge,plugged_wait_vs_unplugged_pre,0x2AA,B1,128,0,0.0625,0.064,16,16,120.0,112.0,0.02607,400,250,-6.218
ac_charge,plugged_wait_vs_unplugged_pre,0x2E8,B7,242,2,0.0625,0.064,16,16,122.0,114.0,0.02607,400,250,-6.218
ac_charge,plugged_wait_vs_unplugged_pre,0x2EC,B1,128,0,0.0625,0.064,16,16,120.0,112.0,0.02607,400,250,-6.218
ac_charge,plugged_wait_vs_unplugged_pre,0x552,B6,128,0,0.0625,0.064,16,16,120.0,112.0,0.02607,400,250,-6.218
ac_charge,plugged_wait_vs_unplugged_pre,0x553,B6,128,0,0.0625,0.064,16,16,120.0,112.0,0.02607,400,250,-6.218
ac_charge,plugged_wait_vs_unplugged_pre,0x682,B6,128,0,0.0625,0.064,16,16,120.0,112.0,0.02607,400,250,-6.218
ac_charge,plugged_wait_vs_unplugged_pre,0x789,B2,128,0,0.0625,0.064,16,16,120.0,112.0,0.02607,400,250,-6.218
ac_charge,plugged_wait_vs_unplugged_pre,0x789,B3,231,103,0.0625,0.064,16,16,127.0,135.0,0.02607,400,250,-6.218
ac_charge,plugged_wait_vs_unplugged_pre,0x797,B2,128,0,0.0625,0.064,16,16,120.0,112.0,0.02607,400,250,-6.218
ac_charge,plugged_wait_vs_unplugged_pre,0x798,B6,128,0,0.0625,0.064,16,16,120.0,112.0,0.02607,400,250,-6.218
ac_charge,charging_vs_unplugged_pre,0x228,B6,97,17,0.06286,0.064,16,16,129.0,113.0,0.02361,1050,250,-6.246
ac_charge,plugged_wait_vs_unplugged_pre,0x31A,B7,58,250,0.065,0.064,16,16,122.0,122,0.02018,200,125,-6.246
ac_charge,charging_vs_unplugged_pre,0x2E8,B7,210,2,0.06286,0.064,16,16,114.0,114.0,0.02353,1050,250,-6.247
ac_charge,charging_vs_unplugged_pre,0x288,B6,113,17,0.06286,0.064,16,16,129.0,113.0,0.02234,1050,250,-6.271
ac_charge,charging_vs_unplugged_pre,0x238,B6,102,134,0.06667,0.08,16,16,118.0,134.0,0.01082,210,50,-6.273
ac_charge,charging_vs_unplugged_post,0x284,B7,158,174,0.06667,0.06667,16,16,142.0,142.0,0.01027,210,90,-6.284
ac_charge,charging_vs_unplugged_post,0x372,B0,12,1,0.06671,0.06667,15,15,7.0,7,0.00059,1574,675,-6.29
ac_charge,charging_vs_unplugged_pre,0x213,B0,48,80,0.06667,0.08,16,16,112.0,112.0,0.00913,210,50,-6.307
ac_charge,charging_vs_unplugged_post,0x284,B6,160,176,0.06667,0.06667,16,16,128.0,120.0,0.00616,210,90,-6.366
ac_charge,charging_vs_unplugged_pre,0x552,B7,183,87,0.06286,0.064,16,16,127.0,135.0,0.01735,1050,250,-6.371
ac_charge,charging_vs_unplugged_pre,0x553,B7,184,88,0.06286,0.064,16,16,128.0,136.0,0.01735,1050,250,-6.371
ac_charge,charging_vs_unplugged_post,0x293,B7,159,175,0.06635,0.06667,16,16,143,143.0,0.00672,211,90,-6.374
ac_charge,charging_vs_unplugged_pre,0x318,B6,55,43,0.06292,0.064,16,16,49,49.0,0.01662,1049,250,-6.382
ac_charge,charging_vs_unplugged_pre,0x229,B1,4,14,0.06292,0.064,16,16,8,7.0,0.01657,1049,250,-6.383
ac_charge,plugged_wait_vs_unplugged_pre,0x213,B0,208,80,0.0625,0.08,16,16,120.0,112.0,0.01746,80,50,-6.39
ac_charge,plugged_wait_vs_unplugged_pre,0x334,B6,17,145,0.0625,0.08,16,16,121.0,129.0,0.01746,80,50,-6.39
ac_charge,plugged_wait_vs_unplugged_pre,0x39B,B7,252,92,0.0625,0.08,16,16,132.0,124.0,0.01746,80,50,-6.39
ac_charge,plugged_wait_vs_unplugged_pre,0x228,B6,145,17,0.0625,0.064,16,16,121.0,113.0,0.01741,400,250,-6.391
ac_charge,plugged_wait_vs_unplugged_pre,0x288,B6,145,17,0.0625,0.064,16,16,121.0,113.0,0.01741,400,250,-6.391
ac_charge,plugged_wait_vs_unplugged_pre,0x318,B6,59,43,0.0625,0.064,16,16,48.0,49.0,0.01741,400,250,-6.391
ac_charge,plugged_wait_vs_unplugged_pre,0x552,B7,215,87,0.0625,0.064,16,16,127.0,135.0,0.01741,400,250,-6.391
ac_charge,plugged_wait_vs_unplugged_pre,0x553,B7,216,88,0.0625,0.064,16,16,128.0,136.0,0.01741,400,250,-6.391
ac_charge,plugged_wait_vs_unplugged_pre,0x229,B1,6,14,0.0625,0.064,16,16,7.5,7.0,0.01559,400,250,-6.428
ac_charge,charging_vs_unplugged_pre,0x213,B1,69,101,0.06667,0.08,16,16,117.0,117.0,0.00249,210,50,-6.44
ac_charge,charging_vs_unplugged_pre,0x238,B7,74,106,0.06667,0.08,16,16,122.0,122.0,0.00249,210,50,-6.44
ac_charge,charging_vs_unplugged_pre,0x407,B0,15,17,0.06667,0.08,16,16,18.0,18.0,0.00249,210,50,-6.44
ac_charge,charging_vs_unplugged_pre,0x407,B1,4,6,0.06667,0.08,16,16,7.0,7.0,0.00249,210,50,-6.44
ac_charge,charging_vs_unplugged_pre,0x443,B0,111,113,0.06667,0.08,16,16,114.0,114.0,0.00249,210,50,-6.44
ac_charge,charging_vs_unplugged_pre,0x443,B1,4,6,0.06667,0.08,16,16,7.0,7.0,0.00249,210,50,-6.44
ac_charge,charging_vs_unplugged_pre,0x25B,B6,128,32,0.06286,0.064,16,16,128.0,112.0,0.01241,1050,250,-6.47
ac_charge,charging_vs_unplugged_pre,0x682,B7,135,39,0.06286,0.064,16,16,135.0,119.0,0.01241,1050,250,-6.47
ac_charge,plugged_wait_vs_unplugged_pre,0x31A,B6,192,128,0.065,0.064,16,16,120.0,128,0.00771,200,125,-6.495
ac_charge,plugged_wait_vs_unplugged_pre,0x40A,B6,192,128,0.065,0.064,16,16,120.0,128,0.00771,200,125,-6.495
ac_charge,charging_vs_unplugged_pre,0x441,B6,53,5,0.06289,0.064,16,16,32,29.0,0.01066,2099,500,-6.503
ac_charge,charging_vs_unplugged_pre,0x221,B6,177,0,0.06286,0.06413,16,16,128.0,113,0.01054,2100,499,-6.507
ac_charge,charging_vs_unplugged_post,0x31A,B6,48,80,0.06286,0.06667,16,16,128,112,0.01049,525,225,-6.508
ac_charge,charging_vs_unplugged_post,0x40A,B6,48,80,0.06286,0.06667,16,16,128,112,0.01049,525,225,-6.508
ac_charge,charging_vs_unplugged_pre,0x221,B7,175,14,0.06286,0.06413,16,16,142.0,111,0.01039,2100,499,-6.51
ac_charge,charging_vs_unplugged_pre,0x3A1,B6,208,16,0.06286,0.064,16,16,130.0,112.0,0.00992,2100,500,-6.52
ac_charge,charging_vs_unplugged_pre,0x229,B0,67,49,0.06292,0.064,16,16,76,73.0,0.00865,1049,250,-6.541
ac_charge,plugged_wait_vs_unplugged_pre,0x3AE,B7,10,201,0.06339,0.06354,16,16,121,137,0.00698,1057,661,-6.547
ac_charge,charging_vs_unplugged_post,0x40A,B7,64,96,0.06286,0.06667,16,16,128,112,0.00828,525,225,-6.553
ac_charge,charging_vs_unplugged_pre,0x234,B6,128,180,0.06286,0.064,16,16,128.0,128.0,0.00783,2100,500,-6.562
ac_charge,plugged_wait_vs_unplugged_pre,0x213,B1,229,101,0.0625,0.08,16,16,125.0,117.0,0.00874,80,50,-6.565
ac_charge,plugged_wait_vs_unplugged_pre,0x238,B6,6,134,0.0625,0.08,16,16,126.0,134.0,0.00874,80,50,-6.565
ac_charge,plugged_wait_vs_unplugged_pre,0x238,B7,234,106,0.0625,0.08,16,16,130.0,122.0,0.00874,80,50,-6.565
ac_charge,plugged_wait_vs_unplugged_pre,0x25B,B6,160,32,0.0625,0.064,16,16,120.0,112.0,0.00872,400,250,-6.565
ac_charge,plugged_wait_vs_unplugged_pre,0x2A8,B6,192,64,0.0625,0.064,16,16,120.0,128.0,0.00872,400,250,-6.565
ac_charge,plugged_wait_vs_unplugged_pre,0x2E8,B6,176,64,0.0625,0.064,16,16,120.0,128.0,0.00872,400,250,-6.565
ac_charge,plugged_wait_vs_unplugged_pre,0x407,B0,25,17,0.0625,0.08,16,16,18.5,18.0,0.00874,80,50,-6.565
ac_charge,plugged_wait_vs_unplugged_pre,0x407,B1,14,6,0.0625,0.08,16,16,7.5,7.0,0.00874,80,50,-6.565
ac_charge,plugged_wait_vs_unplugged_pre,0x443,B0,121,113,0.0625,0.08,16,16,114.5,114.0,0.00874,80,50,-6.565
ac_charge,plugged_wait_vs_unplugged_pre,0x443,B1,14,6,0.0625,0.08,16,16,7.5,7.0,0.00874,80,50,-6.565
ac_charge,plugged_wait_vs_unplugged_pre,0x682,B7,167,39,0.0625,0.064,16,16,127.0,119.0,0.00872,400,250,-6.565
ac_charge,charging_vs_unplugged_pre,0x2A8,B6,160,64,0.06286,0.064,16,16,128.0,128.0,0.00744,1050,250,-6.569
ac_charge,plugged_wait_vs_unplugged_pre,0x221,B6,241,0,0.0625,0.06413,16,16,120.5,113,0.00847,800,499,-6.57
ac_charge,plugged_wait_vs_unplugged_pre,0x221,B7,239,14,0.0625,0.06413,16,16,126.5,111,0.00831,800,499,-6.573
ac_charge,charging_vs_unplugged_pre,0x3AE,B7,26,201,0.0627,0.06354,16,16,121,137,0.00737,2775,661,-6.58
ac_charge,plugged_wait_vs_unplugged_pre,0x40A,B7,207,159,0.065,0.064,16,17,135.0,143,0.00782,200,125,-6.583
ac_charge,charging_vs_unplugged_post,0x234,B6,128,0,0.06286,0.06333,16,16,128.0,116.0,0.00659,2100,900,-6.586
ac_charge,charging_vs_unplugged_pre,0x2A8,B7,162,194,0.06286,0.064,16,16,130.0,114.0,0.00642,1050,250,-6.59
ac_charge,charging_vs_unplugged_post,0x318,B6,55,61,0.06292,0.06444,16,16,49,49.0,0.00601,1049,450,-6.594
ac_charge,charging_vs_unplugged_pre,0x2E8,B6,144,64,0.06286,0.064,16,16,128.0,128.0,0.0062,1050,250,-6.594
ac_charge,charging_vs_unplugged_post,0x221,B7,175,46,0.06286,0.06333,16,16,142.0,111.0,0.00596,2100,900,-6.599
ac_charge,charging_vs_unplugged_post,0x221,B6,177,32,0.06286,0.06333,16,16,128.0,113.0,0.00592,2100,900,-6.6
ac_charge,charging_vs_unplugged_post,0x249,B1,2,10,0.06286,0.06333,16,16,7.0,8.0,0.00551,2100,900,-6.608
ac_charge,charging_vs_unplugged_post,0x789,B3,199,7,0.06286,0.06444,16,16,119.0,119.0,0.0055,1050,450,-6.608
ac_charge,charging_vs_unplugged_post,0x2AA,B1,96,160,0.06286,0.06459,16,16,128.0,128,0.00499,1050,449,-6.618
ac_charge,charging_vs_unplugged_post,0x31A,B7,170,202,0.06286,0.06667,16,16,122,138,0.00495,525,225,-6.619
ac_charge,plugged_wait_vs_unplugged_pre,0x3AE,B6,193,128,0.06339,0.06354,16,16,128,128,0.00319,1057,661,-6.622
ac_charge,charging_vs_unplugged_post,0x2A8,B6,160,208,0.06286,0.06444,16,16,128.0,128.0,0.00454,1050,450,-6.627
ac_charge,charging_vs_unplugged_post,0x2E8,B7,210,146,0.06286,0.06444,16,16,114.0,130.0,0.0044,1050,450,-6.63
ac_charge,charging_vs_unplugged_post,0x25B,B7,101,149,0.06286,0.06444,16,16,133.0,133.0,0.00427,1050,450,-6.633
ac_charge,charging_vs_unplugged_post,0x2EC,B1,96,144,0.06286,0.06444,16,16,128.0,128.0,0.00427,1050,450,-6.633
ac_charge,charging_vs_unplugged_post,0x797,B2,96,144,0.06286,0.06444,16,16,128.0,128.0,0.00427,1050,450,-6.633
ac_charge,charging_vs_unplugged_post,0x798,B6,96,144,0.06286,0.06444,16,16,128.0,128.0,0.00427,1050,450,-6.633
ac_charge,charging_vs_unplugged_pre,0x797,B3,24,184,0.06286,0.064,16,16,120.0,128.0,0.00413,1050,250,-6.635
ac_charge,charging_vs_unplugged_post,0x441,B6,53,16,0.06289,0.06333,16,16,32,29.0,0.00394,2099,900,-6.637
ac_charge,charging_vs_unplugged_pre,0x3AE,B6,209,128,0.0627,0.06354,16,16,112,128,0.00446,2775,661,-6.638
ac_charge,plugged_wait_vs_unplugged_pre,0x229,B0,221,49,0.0625,0.064,16,16,74.5,73.0,0.00452,400,250,-6.649
ac_charge,charging_vs_unplugged_pre,0x249,B1,2,7,0.06286,0.064,16,16,7.0,8.0,0.00339,2100,500,-6.65
ac_charge,charging_vs_unplugged_post,0x228,B6,97,161,0.06286,0.06444,16,16,129.0,129.0,0.00331,1050,450,-6.652
ac_charge,charging_vs_unplugged_post,0x2E8,B6,144,208,0.06286,0.06444,16,16,128.0,128.0,0.0033,1050,450,-6.652
ac_charge,charging_vs_unplugged_post,0x3AE,B7,26,201,0.0627,0.06303,16,16,121,137.0,0.00376,2775,1190,-6.652
ac_charge,charging_vs_unplugged_post,0x552,B6,96,160,0.06286,0.06444,16,16,128.0,128.0,0.00331,1050,450,-6.652
ac_charge,charging_vs_unplugged_post,0x553,B6,96,160,0.06286,0.06444,16,16,128.0,128.0,0.00331,1050,450,-6.652
ac_charge,charging_vs_unplugged_post,0x682,B6,96,160,0.06286,0.06444,16,16,128.0,128.0,0.00331,1050,450,-6.652
ac_charge,charging_vs_unplugged_post,0x789,B2,96,160,0.06286,0.06444,16,16,128.0,128.0,0.00331,1050,450,-6.652
ac_charge,charging_vs_unplugged_post,0x2A8,B7,162,82,0.06286,0.06444,16,16,130.0,114.0,0.00316,1050,450,-6.655
ac_charge,charging_vs_unplugged_post,0x3A1,B6,208,66,0.06286,0.06333,16,16,130.0,112.0,0.00317,2100,900,-6.655
ac_charge,charging_vs_unplugged_post,0x3AE,B6,209,128,0.0627,0.06303,16,16,112,128.0,0.00364,2775,1190,-6.655
ac_charge,charging_vs_unplugged_post,0x7B8,B6,80,144,0.06286,0.06444,16,16,128.0,128.0,0.00221,1050,450,-6.674
ac_charge,charging_vs_unplugged_post,0x288,B6,113,161,0.06286,0.06444,16,16,129.0,129.0,0.00207,1050,450,-6.677
ac_charge,plugged_wait_vs_unplugged_pre,0x39D,B1,91,88,0.063,0.064,16,16,88.0,88,0.00156,1000,625,-6.678
ac_charge,charging_vs_unplugged_post,0x39D,B0,230,224,0.06286,0.06311,16,16,224,224,0.00187,2625,1125,-6.681
ac_charge,charging_vs_unplugged_post,0x39D,B1,94,88,0.06286,0.06311,16,16,88,88,0.00187,2625,1125,-6.681
ac_charge,charging_vs_unplugged_post,0x797,B3,24,72,0.06286,0.06444,16,16,120.0,120.0,0.00124,1050,450,-6.693
ac_charge,charging_vs_unplugged_post,0x229,B1,4,7,0.06292,0.06444,16,16,8,7.5,0.00093,1049,450,-6.696
ac_charge,charging_vs_unplugged_post,0x682,B7,135,199,0.06286,0.06444,16,16,135.0,135.0,0.0011,1050,450,-6.696
ac_charge,charging_vs_unplugged_post,0x229,B0,67,249,0.06292,0.06444,16,16,76,76.0,0.00084,1049,450,-6.698
ac_charge,charging_vs_unplugged_pre,0x129,B1,43,47,0.06258,0.0628,16,16,40,39.0,0.00132,10499,2500,-6.708
ac_charge,charging_vs_unplugged_pre,0x39D,B1,94,88,0.06286,0.064,16,16,88,88,0.00036,2625,625,-6.711
ac_charge,charging_vs_unplugged_pre,0x31A,B6,48,128,0.06286,0.064,16,16,128,128,0.00025,525,125,-6.713
ac_charge,charging_vs_unplugged_pre,0x40A,B6,48,128,0.06286,0.064,16,16,128,128,0.00025,525,125,-6.713
ac_charge,charging_vs_unplugged_post,0x25B,B6,128,176,0.06286,0.06444,16,16,128.0,128.0,0.00014,1050,450,-6.715
ac_charge,charging_vs_unplugged_post,0x129,B1,43,47,0.06258,0.06267,16,16,40,39.0,0.00086,10499,4500,-6.718
ac_charge,charging_vs_unplugged_post,0x552,B7,183,247,0.06286,0.06444,16,16,127.0,127.0,0.0,1050,450,-6.718
ac_charge,charging_vs_unplugged_post,0x553,B7,184,248,0.06286,0.06444,16,16,128.0,128.0,0.0,1050,450,-6.718
ac_charge,charging_vs_unplugged_pre,0x319,B0,10,39,0.04762,0.08,21,21,31,32,0.08515,105,25,-6.724
ac_charge,plugged_wait_vs_unplugged_pre,0x3E9,B6,144,240,0.0625,0.08,16,16,120.0,120.0,0.0,80,50,-6.74
ac_charge,plugged_wait_vs_unplugged_pre,0x797,B3,56,184,0.0625,0.064,16,16,128.0,128.0,0.0,400,250,-6.74
ac_charge,charging_vs_unplugged_pre,0x23A,B0,18,29,0.02857,0.04,38,25,20,12,0.19691,105,25,-6.824
ac_charge,plugged_wait_vs_unplugged_pre,0x39D,B0,227,224,0.063,0.0624,18,19,224.0,224,0.00777,1000,625,-7.013
ac_charge,plugged_wait_vs_unplugged_pre,0x23A,B0,15,29,0.05,0.04,38,25,17.5,12,0.14373,40,25,-7.202
ac_charge,charging_vs_unplugged_pre,0x782,B0,1,17,0.02564,0.1,39,10,20,21.5,0.1479,39,10,-7.24
ac_charge,charging_vs_unplugged_post,0x319,B0,10,35,0.04762,0.06667,21,21,31,32,0.059,105,45,-7.247
ac_charge,charging_vs_unplugged_pre,0x2F1,B0,43,8,0.05333,0.05622,19,19,9.0,9,0.00677,1050,249,-7.655
ac_charge,plugged_wait_vs_unplugged_pre,0x2F1,B0,0,8,0.055,0.05622,19,19,9.0,9,0.00064,400,249,-7.678
ac_charge,charging_vs_unplugged_post,0x2F1,B0,43,13,0.05333,0.05333,19,19,9.0,9.0,0.00447,1050,450,-7.701
ac_charge,charging_vs_unplugged_post,0x318,B7,184,218,0.01907,0.02222,87,87,195,205.0,0.31513,1049,450,-8.048
ac_charge,charging_vs_unplugged_pre,0x38B,B4,136,176,0.0566,0.08,43,19,156.0,144,0.04901,106,25,-8.053
ac_charge,plugged_wait_vs_unplugged_pre,0x324,B0,13,51,0.05,0.04,35,25,117.5,141,0.08635,40,25,-8.206
ac_charge,plugged_wait_vs_unplugged_pre,0x2C4,B0,138,22,0.05,0.048,25,25,23.0,23.0,0.02301,400,250,-8.455
ac_charge,charging_vs_unplugged_pre,0x321,B7,163,92,0.02857,0.08,72,17,131,140,0.15912,105,25,-8.603
ac_charge,plugged_wait_vs_unplugged_pre,0x23E,B6,79,15,0.062,0.0608,32,32,131.5,127,0.00913,1000,625,-8.693
ac_charge,charging_vs_unplugged_post,0x23E,B6,127,15,0.06133,0.06311,48,16,127,127,0.00262,2625,1125,-8.791
ac_charge,plugged_wait_vs_unplugged_pre,0x23E,B7,141,20,0.044,0.0592,47,47,135.0,129,0.10294,1000,625,-8.963
ac_charge,plugged_wait_vs_unplugged_pre,0x359,B0,16,3,0.04,0.04,26,26,61.0,16.0,0.02731,400,250,-8.965
ac_charge,plugged_wait_vs_unplugged_pre,0x52F,B5,43,53,0.025,0.04,40,25,109.0,118,0.10321,40,25,-9.005
ac_charge,charging_vs_unplugged_pre,0x381,B0,4,23,0.03737,0.03746,29,28,24,23.0,0.03373,2917,694,-9.265
ac_charge,charging_vs_unplugged_post,0x381,B0,4,160,0.03737,0.03763,29,29,24,23,0.03268,2917,1249,-9.337
ac_charge,charging_vs_unplugged_pre,0x359,B0,134,3,0.03905,0.04,26,26,16.0,16.0,0.01042,1050,250,-9.36
ac_charge,charging_vs_unplugged_pre,0x23E,B6,127,15,0.06133,0.0608,48,32,127,127,0.00838,2625,625,-9.368
ac_charge,charging_vs_unplugged_post,0x441,B7,146,114,0.06289,0.06333,50,36,98,85.0,0.0118,2099,900,-9.388
ac_charge,charging_vs_unplugged_post,0x318,B2,49,33,0.01907,0.02222,60,46,26,37.0,0.17401,1049,450,-9.394
ac_charge,charging_vs_unplugged_post,0x3D2,B4,160,118,0.01905,1.0,85,1,160,118,0.14063,105,45,-9.442
ac_charge,charging_vs_unplugged_post,0x359,B0,134,14,0.03905,0.04,26,26,16.0,61.0,0.00464,1050,450,-9.475
ac_charge,charging_vs_unplugged_pre,0x441,B7,146,98,0.06289,0.064,50,39,98,86.0,0.00108,2099,500,-9.705
ac_charge,plugged_wait_vs_unplugged_pre,0x381,B0,19,23,0.0378,0.03746,28,28,23,23.0,0.00297,1111,694,-9.822
ac_charge,plugged_wait_vs_unplugged_pre,0x545,B6,224,128,0.04208,0.04222,32,32,121.0,128.0,0.00806,1212,758,-9.837
ac_charge,plugged_wait_vs_unplugged_pre,0x709,B0,12,21,0.03125,0.0375,33,33,18.5,21.0,0.04376,128,80,-9.864
ac_charge,charging_vs_unplugged_pre,0x545,B6,112,128,0.0418,0.04222,32,32,128.0,128.0,0.00495,3182,758,-9.916
ac_charge,charging_vs_unplugged_post,0x545,B6,112,128,0.0418,0.04255,32,32,128.0,121,0.00051,3182,1363,-10.005
ac_charge,plugged_wait_vs_unplugged_pre,0x52F,B6,132,163,0.025,0.04,40,25,130.5,133,0.0531,40,25,-10.007
ac_charge,charging_vs_unplugged_post,0x321,B7,163,108,0.02857,0.06667,72,27,131,140,0.10374,105,45,-10.026
ac_charge,charging_vs_unplugged_post,0x23A,B0,18,14,0.02857,0.04444,38,38,20,18,0.06437,105,45,-10.03
ac_charge,charging_vs_unplugged_post,0x709,B0,14,7,0.03274,0.03472,33,33,18.0,17.0,0.02845,336,144,-10.081
ac_charge,charging_vs_unplugged_pre,0x709,B0,14,21,0.03274,0.0375,33,33,18.0,21.0,0.02297,336,80,-10.19
ac_charge,charging_vs_unplugged_post,0x3B2,B0,2,50,0.01216,0.01471,93,93,44,60.5,0.23584,329,136,-10.247
ac_charge,plugged_wait_vs_unplugged_pre,0x129,B0,99,146,0.05775,0.0608,53,48,124.0,132.0,0.0051,4000,2500,-10.308
ac_charge,charging_vs_unplugged_pre,0x129,B0,99,146,0.05762,0.0608,60,48,132,132.0,0.0038,10499,2500,-10.541
ac_charge,plugged_wait_vs_unplugged_pre,0x234,B7,141,109,0.06,0.054,73,80,128.0,127.0,0.06092,800,500,-10.652
ac_charge,charging_vs_unplugged_post,0x129,B0,99,146,0.05762,0.05689,60,57,132,132.0,0.0105,10499,4500,-10.689
ac_charge,charging_vs_unplugged_post,0x401,B0,34,2,0.02779,0.02778,36,36,17,17.5,0.00039,3779,1620,-11.197
ac_charge,charging_vs_unplugged_pre,0x324,B0,242,51,0.02857,0.04,88,25,148,141,0.04154,105,25,-11.663
ac_charge,charging_vs_unplugged_post,0x52F,B6,37,153,0.01905,0.02222,100,45,130,141,0.10564,105,45,-11.695
ac_charge,charging_vs_unplugged_post,0x23E,B7,164,83,0.03162,0.06311,83,16,116,115,0.00113,2625,1125,-11.896
ac_charge,charging_vs_unplugged_pre,0x234,B7,45,109,0.05238,0.054,100,80,118.5,127.0,0.00686,2100,500,-12.315
ac_charge,plugged_wait_vs_unplugged_pre,0x261,B6,164,0,0.02121,0.02111,48,48,128,122,0.00467,2499,1563,-12.364
ac_charge,charging_vs_unplugged_pre,0x23E,B7,164,20,0.03162,0.0592,83,47,116,129,0.01776,2625,625,-12.373
ac_charge,charging_vs_unplugged_pre,0x261,B6,26,0,0.02088,0.02111,48,48,122.0,122,0.00341,6562,1563,-12.403
ac_charge,charging_vs_unplugged_post,0x261,B6,26,122,0.02088,0.02098,48,48,122.0,128.0,0.00134,6562,2812,-12.445
ac_charge,plugged_wait_vs_unplugged_pre,0x3B2,B0,86,52,0.01681,0.01299,93,77,45,58,0.1091,119,77,-12.464
ac_charge,charging_vs_unplugged_pre,0x3B2,B0,2,52,0.01216,0.01299,93,77,44,58,0.10583,329,77,-12.579
ac_charge,charging_vs_unplugged_post,0x234,B7,45,173,0.05238,0.05889,100,104,118.5,128.0,0.00953,2100,900,-12.636
ac_charge,charging_vs_unplugged_post,0x324,B0,242,87,0.02857,0.04444,88,42,148,147,0.00998,105,45,-12.712
ac_charge,charging_vs_unplugged_post,0x132,B0,165,158,0.04505,0.03711,106,82,164,157.0,0.02701,10499,4500,-12.958
ac_charge,plugged_wait_vs_unplugged_pre,0x3A1,B7,47,79,0.04875,0.044,101,106,129.0,127.0,0.01866,800,500,-12.999
ac_charge,charging_vs_unplugged_pre,0x52F,B5,104,53,0.00952,0.04,105,25,126,118,0.04985,105,25,-13.057
ac_charge,charging_vs_unplugged_pre,0x52F,B6,37,163,0.01905,0.04,100,25,130,133,0.0064,105,25,-13.238
ac_charge,charging_vs_unplugged_post,0x3A1,B7,12,108,0.03524,0.04889,133,123,127.0,137.0,0.02999,2100,900,-13.933
ac_charge,charging_vs_unplugged_post,0x52F,B5,104,194,0.00952,0.02222,105,45,126,121,0.01754,105,45,-14.13
ac_charge,charging_vs_unplugged_pre,0x3A1,B7,12,79,0.03524,0.044,133,106,127.0,127.0,0.00768,2100,500,-14.174
ac_charge,plugged_wait_vs_unplugged_pre,0x7B8,B7,167,247,0.03008,0.028,176,132,128,130.5,0.06661,399,250,-14.188
ac_charge,plugged_wait_vs_unplugged_pre,0x798,B7,223,129,0.025,0.02,141,141,128.0,127.5,0.04527,400,250,-14.831
ac_charge,charging_vs_unplugged_pre,0x7B8,B7,183,247,0.0181,0.028,225,132,127.5,130.5,0.05861,1050,250,-15.384
ac_charge,charging_vs_unplugged_pre,0x798,B7,181,129,0.0181,0.02,221,141,129.0,127.5,0.04898,1050,250,-15.618
ac_charge,plugged_wait_vs_unplugged_pre,0x545,B7,123,139,0.03218,0.03166,198,210,134.5,136.0,0.00653,1212,758,-16.011
ac_charge,charging_vs_unplugged_pre,0x545,B7,107,139,0.02671,0.03166,254,210,126.0,136.0,0.03226,3182,758,-16.178
ac_charge,charging_vs_unplugged_post,0x798,B7,181,229,0.0181,0.01556,221,175,129.0,127.0,0.02088,1050,450,-16.601
ac_charge,plugged_wait_vs_unplugged_pre,0x261,B7,178,72,0.02561,0.02303,227,220,130,125,0.00281,2499,1563,-16.876
ac_charge,charging_vs_unplugged_pre,0x261,B7,169,72,0.02423,0.02303,256,220,130.0,125,0.0115,6562,1563,-16.891
ac_charge,charging_vs_unplugged_post,0x545,B7,107,75,0.02671,0.02641,254,236,126.0,126,0.0054,3182,1363,-16.897
ac_charge,charging_vs_unplugged_post,0x261,B7,169,151,0.02423,0.02312,256,237,130.0,128.5,0.01069,6562,2812,-17.007
ac_charge,charging_vs_unplugged_post,0x7B8,B7,183,238,0.0181,0.01556,225,182,127.5,128.0,0.00127,1050,450,-17.075
