time_s,request_Nm,actual_Nm,error_Nm,rod_mm,rod_mm_age_s,apply,apply_age_s,internal_state,internal_state_age_s,DI_vehicleSpeed,DI_vehicleSpeed_age_s,DI_accelPedalPos,DI_accelPedalPos_age_s,VCLEFT_brakeSwitchPressed,VCLEFT_brakeSwitchPressed_age_s,DI_elecPower,DI_elecPower_age_s,derived_packPower_kW,derived_packPower_kW_age_s,DI_gear,DI_gear_age_s
0.0641,0.0,0.0,0.0,-0.015625,0.0261,BRAKES_NOT_APPLIED,0.0261,NO_MODE_ACTIVE,0.0261,0.0,0.0003,0.0,0.0008,0.0,0.0324,0.0,0.0005,0.45149,0.0026,P,0.0008
0.1641,0.0,0.0,0.0,-0.015625,0.0073,BRAKES_NOT_APPLIED,0.0073,NO_MODE_ACTIVE,0.0073,0.0,0.0003,0.0,0.0008,0.0,0.0324,0.0,0.0006,0.41683200000000004,0.0026,P,0.0008
0.2642,0.0,0.0,0.0,-0.015625,0.0264,BRAKES_NOT_APPLIED,0.0264,NO_MODE_ACTIVE,0.0264,0.0,0.0004,0.0,0.0009,0.0,0.0323,0.0,0.0006,0.4167360000000001,0.0027,P,0.0009
0.3641,0.0,0.0,0.0,-0.015625,0.0067,BRAKES_NOT_APPLIED,0.0067,NO_MODE_ACTIVE,0.0067,0.0,0.0003,0.0,0.0008,0.0,0.0324,0.0,0.0006,0.4168800000000001,0.0025,P,0.0008
0.4641,0.0,0.0,0.0,-0.015625,0.0263,BRAKES_NOT_APPLIED,0.0263,NO_MODE_ACTIVE,0.0263,0.0,0.0003,0.0,0.0008,0.0,0.0323,0.0,0.0005,0.41668800000000006,0.0026,P,0.0008
0.5641,0.0,0.0,0.0,-0.015625,0.0073,BRAKES_NOT_APPLIED,0.0073,NO_MODE_ACTIVE,0.0073,0.0,0.0003,0.0,0.0008,0.0,0.0324,0.0,0.0006,0.4168080000000001,0.0024,P,0.0008
0.6641,0.0,0.0,0.0,-0.015625,0.0273,BRAKES_NOT_APPLIED,0.0273,NO_MODE_ACTIVE,0.0273,0.0,0.0003,0.0,0.0008,0.0,0.0322,0.0,0.0006,0.41677200000000003,0.0026,P,0.0008
0.7641,0.0,0.0,0.0,-0.015625,0.0073,BRAKES_NOT_APPLIED,0.0073,NO_MODE_ACTIVE,0.0073,0.0,0.0003,0.0,0.0008,0.0,0.0321,0.0,0.0006,0.41661600000000004,0.0026,P,0.0008
0.8641,0.0,0.0,0.0,-0.015625,0.0262,BRAKES_NOT_APPLIED,0.0262,NO_MODE_ACTIVE,0.0262,0.0,0.0003,0.0,0.0008,0.0,0.0321,0.0,0.0006,0.41656800000000005,0.0026,P,0.0008
0.9641,0.0,0.0,0.0,-0.015625,0.0073,BRAKES_NOT_APPLIED,0.0073,NO_MODE_ACTIVE,0.0073,0.0,0.0004,0.0,0.0008,0.0,0.0321,0.0,0.0006,0.416652,0.0026,P,0.0008
1.0641,0.0,0.0,0.0,-0.015625,0.0263,BRAKES_NOT_APPLIED,0.0263,NO_MODE_ACTIVE,0.0263,0.0,0.0003,0.0,0.0008,0.0,0.0322,0.0,0.0006,0.41662800000000005,0.0026,P,0.0008
1.164,0.0,0.0,0.0,-0.015625,0.0071,BRAKES_NOT_APPLIED,0.0071,NO_MODE_ACTIVE,0.0071,0.0,0.0003,0.0,0.0008,0.0,0.032,0.0,0.0005,0.4165800000000001,0.0025,P,0.0008
1.2641,0.0,0.0,0.0,-0.015625,0.0269,BRAKES_NOT_APPLIED,0.0269,NO_MODE_ACTIVE,0.0269,0.0,0.0004,0.0,0.0009,0.0,0.0321,0.0,0.0006,0.381975,0.0026,P,0.0009
1.364,0.0,0.0,0.0,-0.015625,0.0071,BRAKES_NOT_APPLIED,0.0071,NO_MODE_ACTIVE,0.0071,0.0,0.0003,0.0,0.0008,0.0,0.032,0.0,0.0005,0.41661600000000004,0.0024,P,0.0008
1.4641,0.0,0.0,0.0,-0.015625,0.0269,BRAKES_NOT_APPLIED,0.0269,NO_MODE_ACTIVE,0.0269,0.0,0.0004,0.0,0.0008,0.0,0.0321,0.0,0.0006,0.4166040000000001,0.0024,P,0.0008
1.564,0.0,0.0,0.0,-0.015625,0.007,BRAKES_NOT_APPLIED,0.007,NO_MODE_ACTIVE,0.007,0.0,0.0003,0.0,0.0008,0.0,0.032,0.0,0.0005,0.4167600000000001,0.0024,P,0.0008
1.664,0.0,0.0,0.0,-0.015625,0.0261,BRAKES_NOT_APPLIED,0.0261,NO_MODE_ACTIVE,0.0261,0.0,0.0003,0.0,0.0008,0.0,0.032,0.0,0.0006,0.4165800000000001,0.0025,P,0.0008
1.764,0.0,0.0,0.0,-0.015625,0.0071,BRAKES_NOT_APPLIED,0.0071,NO_MODE_ACTIVE,0.0071,0.0,0.0003,0.0,0.0008,0.0,0.032,0.0,0.0006,0.41664000000000007,0.0024,P,0.0008
1.864,0.0,0.0,0.0,-0.015625,0.026,BRAKES_NOT_APPLIED,0.026,NO_MODE_ACTIVE,0.026,0.0,0.0003,0.0,0.0008,0.0,0.032,0.0,0.0005,0.4167360000000001,0.0025,P,0.0008
1.964,0.0,0.0,0.0,-0.015625,0.0065,BRAKES_NOT_APPLIED,0.0065,NO_MODE_ACTIVE,0.0065,0.0,0.0003,0.0,0.0008,0.0,0.032,0.0,0.0005,0.451425,0.0024,P,0.0008
2.0642,0.0,0.0,0.0,-0.015625,0.0263,BRAKES_NOT_APPLIED,0.0263,NO_MODE_ACTIVE,0.0263,0.0,0.0005,0.0,0.001,0.0,0.0322,0.0,0.0008,0.4168080000000001,0.0027,P,0.001
2.164,0.0,0.0,0.0,-0.015625,0.0071,BRAKES_NOT_APPLIED,0.0071,NO_MODE_ACTIVE,0.0071,0.0,0.0003,0.0,0.0008,0.0,0.032,0.0,0.0006,0.416544,0.0024,P,0.0008
2.2641,0.0,0.0,0.0,-0.015625,0.0262,BRAKES_NOT_APPLIED,0.0262,NO_MODE_ACTIVE,0.0262,0.0,0.0004,0.0,0.0009,0.0,0.0321,0.0,0.0007,0.4166760000000001,0.0026,P,0.0009
2.364,0.0,0.0,0.0,-0.015625,0.0071,BRAKES_NOT_APPLIED,0.0071,NO_MODE_ACTIVE,0.0071,0.0,0.0003,0.0,0.0008,0.0,0.032,0.0,0.0006,0.4168080000000001,0.0024,P,0.0008
2.464,0.0,0.0,0.0,-0.015625,0.0261,BRAKES_NOT_APPLIED,0.0261,NO_MODE_ACTIVE,0.0261,0.0,0.0004,0.0,0.0008,0.0,0.0319,0.0,0.0006,0.41670000000000007,0.0022,P,0.0008
2.5639,0.0,0.0,0.0,-0.015625,0.0062,BRAKES_NOT_APPLIED,0.0062,NO_MODE_ACTIVE,0.0062,0.0,0.0002,0.0,0.0007,0.0,0.0319,0.0,0.0005,0.4167360000000001,0.0022,P,0.0007
2.6639,0.0,0.0,0.0,-0.015625,0.0264,BRAKES_NOT_APPLIED,0.0264,NO_MODE_ACTIVE,0.0264,0.0,0.0003,0.0,0.0007,0.0,0.0319,0.0,0.0005,0.38183200000000006,0.0022,P,0.0007
2.7641,0.0,0.0,0.0,-0.015625,0.0067,BRAKES_NOT_APPLIED,0.0067,NO_MODE_ACTIVE,0.0067,0.0,0.0005,0.0,0.001,0.0,0.0321,0.0,0.0007,0.41678400000000004,0.0025,P,0.001
2.8639,0.0,0.0,0.0,-0.015625,0.0248,BRAKES_NOT_APPLIED,0.0248,NO_MODE_ACTIVE,0.0248,0.0,0.0003,0.0,0.0008,0.0,0.0319,0.0,0.0005,0.41661600000000004,0.0024,P,0.0008
2.9639,0.0,0.0,0.0,-0.015625,0.0066,BRAKES_NOT_APPLIED,0.0066,NO_MODE_ACTIVE,0.0066,0.0,0.0003,0.0,0.0008,0.0,0.0319,0.0,0.0005,0.4166640000000001,0.0022,P,0.0008
3.0641,0.0,0.0,0.0,-0.015625,0.0262,BRAKES_NOT_APPLIED,0.0262,NO_MODE_ACTIVE,0.0262,0.0,0.0003,0.0,0.001,0.0,0.0321,0.0,0.0007,0.41661600000000004,0.0026,P,0.001
3.1641,0.0,0.0,0.0,-0.015625,0.0068,BRAKES_NOT_APPLIED,0.0068,NO_MODE_ACTIVE,0.0068,0.0,0.0005,0.0,0.001,0.0,0.0321,0.0,0.0007,0.41668800000000006,0.0024,P,0.001
3.2639,0.0,0.0,0.0,-0.015625,0.0259,BRAKES_NOT_APPLIED,0.0259,NO_MODE_ACTIVE,0.0259,0.0,0.0003,0.0,0.0008,0.0,0.0319,0.0,0.0005,0.41670000000000007,0.0024,P,0.0008
3.3639,0.0,0.0,0.0,-0.015625,0.0069,BRAKES_NOT_APPLIED,0.0069,NO_MODE_ACTIVE,0.0069,0.0,0.0003,0.0,0.0008,0.0,0.0319,0.0,0.0005,0.416712,0.0023,P,0.0008
3.4639,0.0,0.0,0.0,-0.015625,0.0266,BRAKES_NOT_APPLIED,0.0266,NO_MODE_ACTIVE,0.0266,0.0,0.0003,0.0,0.0008,0.0,0.0318,0.0,0.0005,0.4167600000000001,0.0022,P,0.0008
3.5639,0.0,0.0,0.0,-0.015625,0.0061,BRAKES_NOT_APPLIED,0.0061,NO_MODE_ACTIVE,0.0061,0.0,0.0003,0.0,0.0008,0.0,0.0318,0.0,0.0006,0.4167360000000001,0.0022,P,0.0008
3.6639,0.0,0.0,0.0,-0.015625,0.0261,BRAKES_NOT_APPLIED,0.0261,NO_MODE_ACTIVE,0.0261,0.0,0.0003,0.0,0.0008,0.0,0.0318,0.0,0.0006,0.41661600000000004,0.0023,P,0.0008
3.7639,0.0,0.0,0.0,-0.015625,0.0063,BRAKES_NOT_APPLIED,0.0063,NO_MODE_ACTIVE,0.0063,0.0,0.0003,0.0,0.0008,0.0,0.0318,0.0,0.0006,0.416712,0.0022,P,0.0008
3.8639,0.0,0.0,0.0,-0.015625,0.0265,BRAKES_NOT_APPLIED,0.0265,NO_MODE_ACTIVE,0.0265,0.0,0.0003,0.0,0.0008,0.0,0.0318,0.0,0.0006,0.416544,0.0023,P,0.0008
3.9639,0.0,0.0,0.0,-0.015625,0.0068,BRAKES_NOT_APPLIED,0.0068,NO_MODE_ACTIVE,0.0068,0.0,0.0004,0.0,0.0008,0.0,0.0318,0.0,0.0006,0.41664000000000007,0.0022,P,0.0008
4.0638,0.0,0.0,0.0,-0.015625,0.026,BRAKES_NOT_APPLIED,0.026,NO_MODE_ACTIVE,0.026,0.0,0.0003,0.0,0.0007,0.0,0.0317,0.0,0.0005,0.41640000000000005,0.0022,P,0.0007
4.1638,0.0,0.0,0.0,-0.015625,0.0067,BRAKES_NOT_APPLIED,0.0067,NO_MODE_ACTIVE,0.0067,0.0,0.0003,0.0,0.0008,0.0,0.0317,0.0,0.0005,0.381898,0.0021,P,0.0008
4.2639,0.0,0.0,0.0,-0.015625,0.0259,BRAKES_NOT_APPLIED,0.0259,NO_MODE_ACTIVE,0.0259,0.0,0.0004,0.0,0.0009,0.0,0.0318,0.0,0.0006,0.4167360000000001,0.0023,P,0.0009
4.3638,0.0,0.0,0.0,-0.015625,0.0035,BRAKES_NOT_APPLIED,0.0035,NO_MODE_ACTIVE,0.0035,0.0,0.0003,0.0,0.0008,0.0,0.0317,0.0,0.0005,0.45123,0.002,P,0.0008
4.4639,0.0,0.0,0.0,-0.015625,0.0261,BRAKES_NOT_APPLIED,0.0261,NO_MODE_ACTIVE,0.0261,0.0,0.0004,0.0,0.0008,0.0,0.0318,0.0,0.0006,0.41668800000000006,0.0022,P,0.0008
4.5638,0.0,0.0,0.0,-0.015625,0.0062,BRAKES_NOT_APPLIED,0.0062,NO_MODE_ACTIVE,0.0062,0.0,0.0003,0.0,0.0008,0.0,0.0317,0.0,0.0005,0.41664000000000007,0.0021,P,0.0008
4.6638,0.0,0.0,0.0,-0.015625,0.0262,BRAKES_NOT_APPLIED,0.0262,NO_MODE_ACTIVE,0.0262,0.0,0.0003,0.0,0.0008,0.0,0.0317,0.0,0.0005,0.41641200000000006,0.0022,P,0.0008
4.7638,0.0,0.0,0.0,-0.015625,0.0064,BRAKES_NOT_APPLIED,0.0064,NO_MODE_ACTIVE,0.0064,0.0,0.0003,0.0,0.0008,0.0,0.0317,0.0,0.0005,0.38170000000000004,0.002,P,0.0008
4.8638,0.0,0.0,0.0,-0.015625,0.0256,BRAKES_NOT_APPLIED,0.0256,NO_MODE_ACTIVE,0.0256,0.0,0.0003,0.0,0.0008,0.0,0.0317,0.0,0.0005,0.4165200000000001,0.0022,P,0.0008
4.9638,0.0,0.0,0.0,-0.015625,0.0037,BRAKES_NOT_APPLIED,0.0037,NO_MODE_ACTIVE,0.0037,0.0,0.0003,0.0,0.0008,0.0,0.0317,0.0,0.0005,0.4165080000000001,0.002,P,0.0008
5.0638,0.0,0.0,0.0,-0.015625,0.0259,BRAKES_NOT_APPLIED,0.0259,NO_MODE_ACTIVE,0.0259,0.0,0.0003,0.0,0.0008,0.0,0.0317,0.0,0.0005,0.4163760000000001,0.0022,P,0.0008
5.1638,0.0,0.0,0.0,-0.015625,0.0067,BRAKES_NOT_APPLIED,0.0067,NO_MODE_ACTIVE,0.0067,0.0,0.0003,0.0,0.0008,0.0,0.0316,0.0,0.0006,0.41649600000000003,0.002,P,0.0008
5.2638,0.0,0.0,0.0,-0.015625,0.0283,BRAKES_NOT_APPLIED,0.0283,NO_MODE_ACTIVE,0.0283,0.0,0.0003,0.0,0.0008,0.0,0.0314,0.0,0.0006,0.416712,0.0022,P,0.0008
5.3638,0.0,0.0,0.0,-0.015625,0.0063,BRAKES_NOT_APPLIED,0.0063,NO_MODE_ACTIVE,0.0063,0.0,0.0003,0.0,0.0008,0.0,0.0316,0.0,0.0006,0.41662800000000005,0.0021,P,0.0008
5.4639,0.0,0.0,0.0,-0.015625,0.0298,BRAKES_NOT_APPLIED,0.0298,NO_MODE_ACTIVE,0.0298,0.0,0.0002,0.0,0.0007,0.0,0.0317,0.0,0.0005,0.416652,0.0022,P,0.0007
5.5637,0.0,0.0,0.0,-0.015625,0.0062,BRAKES_NOT_APPLIED,0.0062,NO_MODE_ACTIVE,0.0062,0.0,0.0003,0.0,0.0007,0.0,0.0315,0.0,0.0005,0.4166040000000001,0.0019,P,0.0007
5.6637,0.0,0.0,0.0,-0.015625,0.028,BRAKES_NOT_APPLIED,0.028,NO_MODE_ACTIVE,0.028,0.0,0.0003,0.0,0.0008,0.0,0.0315,0.0,0.0005,0.4168080000000001,0.0021,P,0.0008
5.7637,0.0,0.0,0.0,-0.015625,0.0065,BRAKES_NOT_APPLIED,0.0065,NO_MODE_ACTIVE,0.0065,0.0,0.0003,0.0,0.0008,0.0,0.0315,0.0,0.0005,0.45136000000000004,0.0019,P,0.0008
5.8638,0.0,0.0,0.0,-0.015625,0.0281,BRAKES_NOT_APPLIED,0.0281,NO_MODE_ACTIVE,0.0281,0.0,0.0004,0.0,0.0008,0.0,0.0316,0.0,0.0006,0.4166640000000001,0.0022,P,0.0008
5.9637,0.0,0.0,0.0,-0.015625,0.0065,BRAKES_NOT_APPLIED,0.0065,NO_MODE_ACTIVE,0.0065,0.0,0.0003,0.0,0.0008,0.0,0.0315,0.0,0.0005,0.45146400000000003,0.0019,P,0.0008
6.0637,0.0,0.0,0.0,-0.015625,0.0255,BRAKES_NOT_APPLIED,0.0255,NO_MODE_ACTIVE,0.0255,0.0,0.0003,0.0,0.0008,0.0,0.0315,0.0,0.0005,0.45128199999999996,0.0021,P,0.0008
6.1637,0.0,0.0,0.0,-0.015625,0.006,BRAKES_NOT_APPLIED,0.006,NO_MODE_ACTIVE,0.006,0.0,0.0003,0.0,0.0008,0.0,0.0315,0.0,0.0005,0.48609399999999997,0.002,P,0.0008
6.2637,0.0,0.0,0.0,-0.015625,0.026,BRAKES_NOT_APPLIED,0.026,NO_MODE_ACTIVE,0.026,0.0,0.0003,0.0,0.0008,0.0,0.0315,0.0,0.0005,0.451321,0.0021,P,0.0008
6.3639,0.0,0.0,0.0,-0.015625,0.0066,BRAKES_NOT_APPLIED,0.0066,NO_MODE_ACTIVE,0.0066,0.0,0.0005,0.0,0.001,0.0,0.0317,0.0,0.0007,0.451425,0.0022,P,0.001
6.4637,0.0,0.0,0.0,-0.015625,0.0284,BRAKES_NOT_APPLIED,0.0284,NO_MODE_ACTIVE,0.0284,0.0,0.0003,0.0,0.0007,0.0,0.0315,0.0,0.0005,0.45139900000000005,0.0021,P,0.0007
6.5638,0.0,0.0,0.0,-0.015625,0.0036,BRAKES_NOT_APPLIED,0.0036,NO_MODE_ACTIVE,0.0036,0.0,0.0003,0.0,0.0008,0.0,0.0315,0.0,0.0005,0.45146400000000003,0.0021,P,0.0008
6.6637,0.0,0.0,0.0,-0.015625,0.0255,BRAKES_NOT_APPLIED,0.0255,NO_MODE_ACTIVE,0.0255,0.0,0.0003,0.0,0.0008,0.0,0.0314,0.0,0.0006,0.45134700000000005,0.002,P,0.0008
6.7639,0.0,0.0,0.0,-0.015625,0.0034,BRAKES_NOT_APPLIED,0.0034,NO_MODE_ACTIVE,0.0034,0.0,0.0005,0.0,0.001,0.0,0.0316,0.0,0.0007,0.48612200000000005,0.0022,P,0.001
6.8637,0.0,0.0,0.0,-0.015625,0.0257,BRAKES_NOT_APPLIED,0.0257,NO_MODE_ACTIVE,0.0257,0.0,0.0003,0.0,0.0008,0.0,0.0314,0.0,0.0006,0.45139900000000005,0.0021,P,0.0008
6.9639,0.0,0.0,0.0,-0.015625,0.0063,BRAKES_NOT_APPLIED,0.0063,NO_MODE_ACTIVE,0.0063,0.0,0.0003,0.0,0.001,0.0,0.0316,0.0,0.0005,0.451477,0.0022,P,0.001
7.0637,0.0,0.0,0.0,-0.015625,0.0257,BRAKES_NOT_APPLIED,0.0257,NO_MODE_ACTIVE,0.0257,0.0,0.0004,0.0,0.0008,0.0,0.0314,0.0,0.0006,0.48615,0.0021,P,0.0008
7.1637,0.0,0.0,0.0,-0.015625,0.0064,BRAKES_NOT_APPLIED,0.0064,NO_MODE_ACTIVE,0.0064,0.0,0.0003,0.0,0.0008,0.0,0.0314,0.0,0.0006,0.451178,0.002,P,0.0008
7.2636,0.0,0.0,0.0,-0.015625,0.0256,BRAKES_NOT_APPLIED,0.0256,NO_MODE_ACTIVE,0.0256,0.0,0.0003,0.0,0.0008,0.0,0.0313,0.0,0.0005,0.451321,0.002,P,0.0008
7.3636,0.0,0.0,0.0,-0.015625,0.009,BRAKES_NOT_APPLIED,0.009,NO_MODE_ACTIVE,0.009,0.0,0.0003,0.0,0.0008,0.0,0.0313,0.0,0.0005,0.41656800000000005,0.0018,P,0.0008
7.4636,0.0,0.0,0.0,-0.015625,0.0291,BRAKES_NOT_APPLIED,0.0291,NO_MODE_ACTIVE,0.0291,0.0,0.0003,0.0,0.0008,0.0,0.0313,0.0,0.0005,0.45151600000000003,0.002,P,0.0008
7.5636,0.0,0.0,0.0,-0.015625,0.0066,BRAKES_NOT_APPLIED,0.0066,NO_MODE_ACTIVE,0.0066,0.0,0.0003,0.0,0.0008,0.0,0.0313,0.0,0.0005,0.45141200000000004,0.0018,P,0.0008
7.6638,0.0,0.0,0.0,-0.015625,0.0284,BRAKES_NOT_APPLIED,0.0284,NO_MODE_ACTIVE,0.0284,0.0,0.0003,0.0,0.0007,0.0,0.0315,0.0,0.0005,0.45150300000000004,0.0021,P,0.0007
7.7636,0.0,0.0,0.0,-0.015625,0.0063,BRAKES_NOT_APPLIED,0.0063,NO_MODE_ACTIVE,0.0063,0.0,0.0003,0.0,0.0008,0.0,0.0313,0.0,0.0005,0.45124300000000006,0.0019,P,0.0008
7.8636,0.0,0.0,0.0,-0.015625,0.0279,BRAKES_NOT_APPLIED,0.0279,NO_MODE_ACTIVE,0.0279,0.0,0.0003,0.0,0.0008,0.0,0.0313,0.0,0.0005,0.451477,0.002,P,0.0008
7.9636,0.0,0.0,0.0,-0.015625,0.0065,BRAKES_NOT_APPLIED,0.0065,NO_MODE_ACTIVE,0.0065,0.0,0.0003,0.0,0.0008,0.0,0.0312,0.0,0.0005,0.45139900000000005,0.0018,P,0.0008
8.0636,0.0,0.0,0.0,-0.015625,0.026,BRAKES_NOT_APPLIED,0.026,NO_MODE_ACTIVE,0.026,0.0,0.0003,0.0,0.0008,0.0,0.0313,0.0,0.0005,0.45149,0.002,P,0.0008
8.1636,0.0,0.0,0.0,-0.015625,0.0065,BRAKES_NOT_APPLIED,0.0065,NO_MODE_ACTIVE,0.0065,0.0,0.0003,0.0,0.0008,0.0,0.0312,0.0,0.0006,0.45151600000000003,0.0019,P,0.0008
8.2636,0.0,0.0,0.0,-0.015625,0.0262,BRAKES_NOT_APPLIED,0.0262,NO_MODE_ACTIVE,0.0262,0.0,0.0003,0.0,0.0007,0.0,0.0312,0.0,0.0005,0.45141200000000004,0.002,P,0.0007
8.3636,0.0,0.0,0.0,-0.015625,0.0059,BRAKES_NOT_APPLIED,0.0059,NO_MODE_ACTIVE,0.0059,0.0,0.0003,0.0,0.0008,0.0,0.0312,0.0,0.0006,0.451425,0.0018,P,0.0008
8.4636,0.0,0.0,0.0,-0.015625,0.0257,BRAKES_NOT_APPLIED,0.0257,NO_MODE_ACTIVE,0.0257,0.0,0.0003,0.0,0.0007,0.0,0.0312,0.0,0.0005,0.451451,0.0017,P,0.0007
8.5637,0.0,0.0,0.0,-0.015625,0.006,BRAKES_NOT_APPLIED,0.006,NO_MODE_ACTIVE,0.006,0.0,0.0002,0.0,0.0007,0.0,0.0308,0.0,0.0005,0.45134700000000005,0.002,P,0.0007
8.6636,0.0,0.0,0.0,-0.015625,0.0257,BRAKES_NOT_APPLIED,0.0257,NO_MODE_ACTIVE,0.0257,0.0,0.0003,0.0,0.0007,0.0,0.0311,0.0,0.0005,0.48616400000000004,0.0019,P,0.0007
8.7637,0.0,0.0,0.0,-0.015625,0.0066,BRAKES_NOT_APPLIED,0.0066,NO_MODE_ACTIVE,0.0066,0.0,0.0002,0.0,0.001,0.0,0.0313,0.0,0.0007,0.48627600000000004,0.002,P,0.001
8.8636,0.0,0.0,0.0,-0.015625,0.0262,BRAKES_NOT_APPLIED,0.0262,NO_MODE_ACTIVE,0.0262,0.0,0.0002,0.0,0.0007,0.0,0.0312,0.0,0.0005,0.45151600000000003,0.002,P,0.0007
8.9637,0.0,0.0,0.0,-0.015625,0.0051,BRAKES_NOT_APPLIED,0.0051,NO_MODE_ACTIVE,0.0051,0.0,0.0202,0.0,0.0007,0.0,0.0313,0.0,0.0003,0.451607,0.0019,P,0.0007
9.0636,0.0,0.0,0.0,-0.015625,0.025,BRAKES_NOT_APPLIED,0.025,NO_MODE_ACTIVE,0.025,0.0,0.0002,0.0,0.0007,0.0,0.0312,0.0,0.0005,0.451581,0.002,P,0.0007
9.1637,0.0,0.0,0.0,-0.015625,0.0068,BRAKES_NOT_APPLIED,0.0068,NO_MODE_ACTIVE,0.0068,0.0,0.0005,0.0,0.001,0.0,0.0313,0.0,0.0007,0.45165900000000003,0.002,P,0.001
9.2636,0.0,0.0,0.0,-0.015625,0.0263,BRAKES_NOT_APPLIED,0.0263,NO_MODE_ACTIVE,0.0263,0.0,0.0002,0.0,0.0007,0.0,0.0312,0.0,0.0005,0.45149,0.0019,P,0.0007
9.3637,0.0,0.0,0.0,-0.015625,0.0032,BRAKES_NOT_APPLIED,0.0032,NO_MODE_ACTIVE,0.0032,0.0,0.0005,0.0,0.0009,0.0,0.0313,0.0,0.0007,0.48647200000000007,0.0019,P,0.0009
9.4637,0.0,0.0,0.0,-0.015625,0.0257,BRAKES_NOT_APPLIED,0.0257,NO_MODE_ACTIVE,0.0257,0.0,0.0003,0.0,0.0008,0.0,0.0313,0.0,0.0005,0.451321,0.002,P,0.0008
9.5637,0.0,0.0,0.0,-0.015625,0.0063,BRAKES_NOT_APPLIED,0.0063,NO_MODE_ACTIVE,0.0063,0.0,0.0003,0.0,0.001,0.0,0.0312,0.0,0.0005,0.451672,0.0019,P,0.001
9.6637,0.0,0.0,0.0,-0.015625,0.0257,BRAKES_NOT_APPLIED,0.0257,NO_MODE_ACTIVE,0.0257,0.0,0.0003,0.0,0.0008,0.0,0.0312,0.0,0.0005,0.451776,0.002,P,0.0008
9.7637,0.0,0.0,0.0,-0.015625,0.0067,BRAKES_NOT_APPLIED,0.0067,NO_MODE_ACTIVE,0.0067,0.0,0.0003,0.0,0.001,0.0,0.0312,0.0,0.0008,0.45165900000000003,0.002,P,0.001
9.8636,0.0,0.0,0.0,-0.015625,0.0262,BRAKES_NOT_APPLIED,0.0262,NO_MODE_ACTIVE,0.0262,0.0,0.0002,0.0,0.0009,0.0,0.0311,0.0,0.0007,0.45150300000000004,0.0019,P,0.0009
9.9637,0.0,0.0,0.0,-0.015625,0.0068,BRAKES_NOT_APPLIED,0.0068,NO_MODE_ACTIVE,0.0068,0.0,0.0003,0.0,0.001,0.0,0.0312,0.0,0.0008,0.45149,0.002,P,0.001
10.0636,0.0,0.0,0.0,-0.015625,0.0256,BRAKES_NOT_APPLIED,0.0256,NO_MODE_ACTIVE,0.0256,0.0,0.0002,0.0,0.0009,0.0,0.0311,0.0,0.0005,0.451685,0.0019,P,0.0009
10.1636,0.0,0.0,0.0,-0.015625,0.0061,BRAKES_NOT_APPLIED,0.0061,NO_MODE_ACTIVE,0.0061,0.0,0.0003,0.0,0.0008,0.0,0.0311,0.0,0.0005,0.451776,0.0017,P,0.0008
10.2636,0.0,0.0,0.0,-0.015625,0.0261,BRAKES_NOT_APPLIED,0.0261,NO_MODE_ACTIVE,0.0261,0.0,0.0002,0.0,0.001,0.0,0.0311,0.0,0.0007,0.451425,0.0019,P,0.001
10.3636,0.0,0.0,0.0,-0.015625,0.0063,BRAKES_NOT_APPLIED,0.0063,NO_MODE_ACTIVE,0.0063,0.0,0.0002,0.0,0.001,0.0,0.0311,0.0,0.0007,0.45128199999999996,0.0017,P,0.001
10.4637,0.0,0.0,0.0,-0.015625,0.0265,BRAKES_NOT_APPLIED,0.0265,NO_MODE_ACTIVE,0.0265,0.0,0.0003,0.0,0.001,0.0,0.0312,0.0,0.0005,0.451321,0.002,P,0.001
10.5635,0.0,0.0,0.0,-0.015625,0.0063,BRAKES_NOT_APPLIED,0.0063,NO_MODE_ACTIVE,0.0063,0.0,0.0002,0.0,0.0007,0.0,0.0307,0.0,0.0005,0.45150300000000004,0.0017,P,0.0007
10.6636,0.0,0.0,0.0,-0.015625,0.0256,BRAKES_NOT_APPLIED,0.0256,NO_MODE_ACTIVE,0.0256,0.0,0.0005,0.0,0.001,0.0,0.0311,0.0,0.0007,0.48645800000000006,0.0019,P,0.001
10.7636,0.0,0.0,0.0,-0.015625,0.0063,BRAKES_NOT_APPLIED,0.0063,NO_MODE_ACTIVE,0.0063,0.0,0.0003,0.0,0.0007,0.0,0.0311,0.0,0.0005,0.45175,0.0017,P,0.0007
10.8636,0.0,0.0,0.0,-0.015625,0.0262,BRAKES_NOT_APPLIED,0.0262,NO_MODE_ACTIVE,0.0262,0.0,0.0003,0.0,0.001,0.0,0.0311,0.0,0.0005,0.451607,0.0019,P,0.001
10.9635,0.0,0.0,0.0,-0.015625,0.0063,BRAKES_NOT_APPLIED,0.0063,NO_MODE_ACTIVE,0.0063,0.0,0.0002,0.0,0.0007,0.0,0.0309,0.0,0.0005,0.451568,0.0017,P,0.0007
11.0636,0.0,0.0,0.0,-0.015625,0.0255,BRAKES_NOT_APPLIED,0.0255,NO_MODE_ACTIVE,0.0255,0.0,0.0003,0.0,0.001,0.0,0.0311,0.0,0.0005,0.48619200000000007,0.0019,P,0.001
11.1635,0.0,0.0,0.0,-0.015625,0.0088,BRAKES_NOT_APPLIED,0.0088,NO_MODE_ACTIVE,0.0088,0.0,0.0002,0.0,0.0007,0.0,0.0309,0.0,0.0005,0.451685,0.0017,P,0.0007
11.2635,0.0,0.0,0.0,-0.015625,0.0281,BRAKES_NOT_APPLIED,0.0281,NO_MODE_ACTIVE,0.0281,0.0,0.0002,0.0,0.0009,0.0,0.0309,0.0,0.0004,0.4516200000000001,0.0018,P,0.0009
11.3634,0.0,0.0,0.0,-0.015625,0.0091,BRAKES_NOT_APPLIED,0.0091,NO_MODE_ACTIVE,0.0091,0.0,0.0003,0.0,0.0008,0.0,0.0308,0.0,0.0006,0.451529,0.0015,P,0.0008
11.4636,0.0,0.0,0.0,-0.015625,0.026,BRAKES_NOT_APPLIED,0.026,NO_MODE_ACTIVE,0.026,0.0,0.0005,0.0,0.001,0.0,0.031,0.0,0.0008,0.45151600000000003,0.0018,P,0.001
11.5635,0.0,0.0,0.0,-0.015625,0.0088,BRAKES_NOT_APPLIED,0.0088,NO_MODE_ACTIVE,0.0088,0.0,0.0002,0.0,0.0007,0.0,0.0309,0.0,0.0005,0.48627600000000004,0.0017,P,0.0007
11.6635,0.0,0.0,0.0,-0.015625,0.0281,BRAKES_NOT_APPLIED,0.0281,NO_MODE_ACTIVE,0.0281,0.0,0.0005,0.0,0.001,0.0,0.0309,0.0,0.0007,0.45155500000000004,0.0017,P,0.001
11.7634,0.0,0.0,0.0,-0.015625,0.0064,BRAKES_NOT_APPLIED,0.0064,NO_MODE_ACTIVE,0.0064,0.0,0.0004,0.0,0.0009,0.0,0.0308,0.0,0.0006,0.451607,0.0016,P,0.0009
11.8635,0.0,0.0,0.0,-0.015625,0.0276,BRAKES_NOT_APPLIED,0.0276,NO_MODE_ACTIVE,0.0276,0.0,0.0003,0.0,0.001,0.0,0.0307,0.0,0.0007,0.4516200000000001,0.0018,P,0.001
11.9635,0.0,0.0,0.0,-0.015625,0.0065,BRAKES_NOT_APPLIED,0.0065,NO_MODE_ACTIVE,0.0065,0.0,0.0003,0.0,0.0008,0.0,0.0309,0.0,0.0005,0.451685,0.0017,P,0.0008
12.0635,0.0,0.0,0.0,-0.015625,0.0283,BRAKES_NOT_APPLIED,0.0283,NO_MODE_ACTIVE,0.0283,0.0,0.0003,0.0,0.001,0.0,0.0309,0.0,0.0007,0.451594,0.0018,P,0.001
12.1635,0.0,0.0,0.0,-0.015625,0.0065,BRAKES_NOT_APPLIED,0.0065,NO_MODE_ACTIVE,0.0065,0.0,0.0002,0.0,0.0009,0.0,0.0309,0.0,0.0007,0.451568,0.0017,P,0.0009
12.2635,0.0,0.0,0.0,-0.015625,0.0252,BRAKES_NOT_APPLIED,0.0252,NO_MODE_ACTIVE,0.0252,0.0,0.0005,0.0,0.001,0.0,0.0309,0.0,0.0007,0.45165900000000003,0.0018,P,0.001
12.3635,0.0,0.0,0.0,-0.015625,0.0088,BRAKES_NOT_APPLIED,0.0088,NO_MODE_ACTIVE,0.0088,0.0,0.0002,0.0,0.0009,0.0,0.0308,0.0,0.0007,0.48629000000000006,0.0016,P,0.0009
12.4635,0.0,0.0,0.0,-0.015625,0.0288,BRAKES_NOT_APPLIED,0.0288,NO_MODE_ACTIVE,0.0288,0.0,0.0199,0.0,0.0008,0.0,0.0309,0.0,0.0003,0.451386,0.0015,P,0.0008
12.5633,0.0,0.0,0.0,-0.015625,0.0086,BRAKES_NOT_APPLIED,0.0086,NO_MODE_ACTIVE,0.0086,0.0,0.0002,0.0,0.0007,0.0,0.0305,0.0,0.0005,0.4517110000000001,0.0014,P,0.0007
12.6635,0.0,0.0,0.0,-0.015625,0.0255,BRAKES_NOT_APPLIED,0.0255,NO_MODE_ACTIVE,0.0255,0.0,0.0003,0.0,0.001,0.0,0.0308,0.0,0.0008,0.48627600000000004,0.0016,P,0.001
12.7633,0.0,0.0,0.0,-0.015625,0.0087,BRAKES_NOT_APPLIED,0.0087,NO_MODE_ACTIVE,0.0087,0.0,0.0002,0.0,0.0007,0.0,0.0306,0.0,0.0005,0.45165900000000003,0.0014,P,0.0007
12.8634,0.0,0.0,0.0,-0.015625,0.0252,BRAKES_NOT_APPLIED,0.0252,NO_MODE_ACTIVE,0.0252,0.0,0.0002,0.0,0.0009,0.0,0.0307,0.0,0.0007,0.451646,0.0017,P,0.0009
12.9636,0.0,0.0,0.0,-0.015625,0.009,BRAKES_NOT_APPLIED,0.009,NO_MODE_ACTIVE,0.009,0.0,0.0002,0.0,0.001,0.0,0.0309,0.0,0.0007,0.451594,0.0017,P,0.001
13.0634,0.0,0.0,0.0,-0.015625,0.0287,BRAKES_NOT_APPLIED,0.0287,NO_MODE_ACTIVE,0.0287,0.0,0.0002,0.0,0.0009,0.0,0.0307,0.0,0.0007,0.451776,0.0016,P,0.0009
13.1634,0.0,0.0,0.0,-0.015625,0.0091,BRAKES_NOT_APPLIED,0.0091,NO_MODE_ACTIVE,0.0091,0.0,0.0002,0.0,0.0007,0.0,0.0307,0.0,0.0005,0.45190600000000003,0.0015,P,0.0007
13.2634,0.0,0.0,0.0,-0.015625,0.0288,BRAKES_NOT_APPLIED,0.0288,NO_MODE_ACTIVE,0.0288,0.0,0.0002,0.0,0.0009,0.0,0.0307,0.0,0.0007,0.451737,0.0016,P,0.0009
13.3634,0.0,0.0,0.0,-0.015625,0.0087,BRAKES_NOT_APPLIED,0.0087,NO_MODE_ACTIVE,0.0087,0.0,0.0003,0.0,0.0008,0.0,0.0307,0.0,0.0005,0.48641600000000007,0.0015,P,0.0008
13.4633,0.0,0.0,0.0,-0.015625,0.0287,BRAKES_NOT_APPLIED,0.0287,NO_MODE_ACTIVE,0.0287,0.0,0.0003,0.0,0.0008,0.0,0.0306,0.0,0.0005,0.45172400000000007,0.0015,P,0.0008
13.5633,0.0,0.0,0.0,-0.015625,0.0056,BRAKES_NOT_APPLIED,0.0056,NO_MODE_ACTIVE,0.0056,0.0,0.0198,0.0,0.0007,0.0,0.0304,0.0,0.0002,0.45163300000000006,0.0014,P,0.0007
13.6634,0.0,0.0,0.0,-0.015625,0.0288,BRAKES_NOT_APPLIED,0.0288,NO_MODE_ACTIVE,0.0288,0.0,0.0005,0.0,0.001,0.0,0.0307,0.0,0.0007,0.4863740000000001,0.0015,P,0.001
13.7634,0.0,0.0,0.0,-0.015625,0.0063,BRAKES_NOT_APPLIED,0.0063,NO_MODE_ACTIVE,0.0063,0.0,0.0002,0.0,0.001,0.0,0.0307,0.0,0.0007,0.451607,0.0014,P,0.001
13.8634,0.0,0.0,0.0,-0.015625,0.0282,BRAKES_NOT_APPLIED,0.0282,NO_MODE_ACTIVE,0.0282,0.0,0.0005,0.0,0.001,0.0,0.0307,0.0,0.0007,0.48636000000000007,0.0016,P,0.001
13.9634,0.0,0.0,0.0,-0.015625,0.0088,BRAKES_NOT_APPLIED,0.0088,NO_MODE_ACTIVE,0.0088,0.0,0.0003,0.0,0.0007,0.0,0.0306,0.0,0.0005,0.451581,0.0015,P,0.0007
14.0634,0.0,0.0,0.0,-0.015625,0.0251,BRAKES_NOT_APPLIED,0.0251,NO_MODE_ACTIVE,0.0251,0.0,0.0005,0.0,0.001,0.0,0.0306,0.0,0.0008,0.45175,0.0016,P,0.001
14.1634,0.0,0.0,0.0,-0.015625,0.0089,BRAKES_NOT_APPLIED,0.0089,NO_MODE_ACTIVE,0.0089,0.0,0.0005,0.0,0.0009,0.0,0.0306,0.0,0.0007,0.45163300000000006,0.0014,P,0.0009
14.2632,0.0,0.0,0.0,-0.015625,0.0281,BRAKES_NOT_APPLIED,0.0281,NO_MODE_ACTIVE,0.0281,0.0,0.0002,0.0,0.0007,0.0,0.0304,0.0,0.0005,0.451646,0.0014,P,0.0007
14.3632,0.0,0.0,0.0,-0.015625,0.0085,BRAKES_NOT_APPLIED,0.0085,NO_MODE_ACTIVE,0.0085,0.0,0.0199,0.0,0.0007,0.0,0.0304,0.0,0.0002,0.451685,0.0014,P,0.0007
14.4633,0.0,0.0,0.0,-0.015625,0.0288,BRAKES_NOT_APPLIED,0.0288,NO_MODE_ACTIVE,0.0288,0.0,0.0002,0.0,0.0007,0.0,0.0305,0.0,0.0005,0.451438,0.0014,P,0.0007
14.5634,0.0,0.0,0.0,-0.015625,0.0089,BRAKES_NOT_APPLIED,0.0089,NO_MODE_ACTIVE,0.0089,0.0,0.0003,0.0,0.0009,0.0,0.0305,0.0,0.0005,0.451646,0.0014,P,0.0009
14.6633,0.0,0.0,0.0,-0.015625,0.0288,BRAKES_NOT_APPLIED,0.0288,NO_MODE_ACTIVE,0.0288,0.0,0.0005,0.0,0.0009,0.0,0.0305,0.0,0.0007,0.451737,0.0014,P,0.0009
14.7633,0.0,0.0,0.0,-0.015625,0.0088,BRAKES_NOT_APPLIED,0.0088,NO_MODE_ACTIVE,0.0088,0.0,0.0003,0.0,0.0008,0.0,0.0305,0.0,0.0005,0.4517110000000001,0.0015,P,0.0008
14.8633,0.0,0.0,0.0,-0.015625,0.028,BRAKES_NOT_APPLIED,0.028,NO_MODE_ACTIVE,0.028,0.0,0.0005,0.0,0.0009,0.0,0.0305,0.0,0.0007,0.45163300000000006,0.0015,P,0.0009
14.9632,0.0,0.0,0.0,-0.015625,0.0087,BRAKES_NOT_APPLIED,0.0087,NO_MODE_ACTIVE,0.0087,0.0,0.0198,0.0,0.0007,0.0,0.0304,0.0,0.0003,0.45172400000000007,0.0012,P,0.0007
15.0633,0.0,0.0,0.0,-0.015625,0.0288,BRAKES_NOT_APPLIED,0.0288,NO_MODE_ACTIVE,0.0288,0.0,0.0005,0.0,0.001,0.0,0.0305,0.0,0.0007,0.45175,0.0015,P,0.001
15.1632,0.0,0.0,0.0,-0.015625,0.0086,BRAKES_NOT_APPLIED,0.0086,NO_MODE_ACTIVE,0.0086,0.0,0.0198,0.0,0.0007,0.0,0.0296,0.0,0.0002,0.45163300000000006,0.0012,P,0.0007
15.2632,0.0,0.0,0.0,-0.015625,0.0285,BRAKES_NOT_APPLIED,0.0285,NO_MODE_ACTIVE,0.0285,0.0,0.0002,0.0,0.0007,0.0,0.0304,0.0,0.0004,0.451594,0.0014,P,0.0007
15.3632,0.0,0.0,0.0,-0.015625,0.0085,BRAKES_NOT_APPLIED,0.0085,NO_MODE_ACTIVE,0.0085,0.0,0.0002,0.0,0.0007,0.0,0.0303,0.0,0.0004,0.451698,0.0012,P,0.0007
15.4632,0.0,0.0,0.0,-0.015625,0.0287,BRAKES_NOT_APPLIED,0.0287,NO_MODE_ACTIVE,0.0287,0.0,0.0198,0.0,0.0007,0.0,0.0304,0.0,0.0002,0.48641600000000007,0.0012,P,0.0007
15.5633,0.0,0.0,0.0,-0.015625,0.0088,BRAKES_NOT_APPLIED,0.0088,NO_MODE_ACTIVE,0.0088,0.0,0.0005,0.0,0.001,0.0,0.0305,0.0,0.0007,0.48644400000000004,0.0015,P,0.001
15.6631,0.0,0.0,0.0,-0.015625,0.0286,BRAKES_NOT_APPLIED,0.0286,NO_MODE_ACTIVE,0.0286,0.0,0.0003,0.0,0.0008,0.0,0.0302,0.0,0.0006,0.45163300000000006,0.001,P,0.0008
15.7635,0.0,0.0,0.0,-0.015625,0.009,BRAKES_NOT_APPLIED,0.009,NO_MODE_ACTIVE,0.009,0.0,0.0002,0.0,0.0009,0.0,0.0306,0.0,0.0007,0.48641600000000007,0.0017,P,0.0009
15.8631,0.0,0.0,0.0,-0.015625,0.0274,BRAKES_NOT_APPLIED,0.0274,NO_MODE_ACTIVE,0.0274,0.0,0.0003,0.0,0.0008,0.0,0.0302,0.0,0.0006,0.45176299999999997,0.0013,P,0.0008
15.9632,0.0,0.0,0.0,-0.015625,0.0088,BRAKES_NOT_APPLIED,0.0088,NO_MODE_ACTIVE,0.0088,0.0,0.0004,0.0,0.0009,0.0,0.0303,0.0,0.0007,0.45176299999999997,0.0011,P,0.0009
16.0631,0.0,0.0,0.0,-0.015625,0.0248,BRAKES_NOT_APPLIED,0.0248,NO_MODE_ACTIVE,0.0248,0.0,0.0003,0.0,0.0008,0.0,0.0302,0.0,0.0006,0.45197100000000007,0.0013,P,0.0008
16.1633,0.0,0.0,0.0,-0.015625,0.0087,BRAKES_NOT_APPLIED,0.0087,NO_MODE_ACTIVE,0.0087,0.0,0.0005,0.0,0.001,0.0,0.0304,0.0,0.0007,0.45200999999999997,0.0012,P,0.001
16.2633,0.0,0.0,0.0,-0.015625,0.0287,BRAKES_NOT_APPLIED,0.0287,NO_MODE_ACTIVE,0.0287,0.0,0.0003,0.0,0.001,0.0,0.0304,0.0,0.0008,0.45178900000000005,0.0015,P,0.001
16.3631,0.0,0.0,0.0,-0.015625,0.0075,BRAKES_NOT_APPLIED,0.0075,NO_MODE_ACTIVE,0.0075,0.0,0.0003,0.0,0.0007,0.0,0.0302,0.0,0.0005,0.451607,0.0012,P,0.0007
16.4631,0.0,0.0,0.0,-0.015625,0.0285,BRAKES_NOT_APPLIED,0.0285,NO_MODE_ACTIVE,0.0285,0.0,0.0003,0.0,0.0008,0.0,0.0302,0.0,0.0005,0.48630400000000007,0.0012,P,0.0008
16.5631,0.0,0.0,0.0,-0.015625,0.0087,BRAKES_NOT_APPLIED,0.0087,NO_MODE_ACTIVE,0.0087,0.0,0.0192,0.0,0.0007,0.0,0.03,0.0,0.0003,0.451529,0.0012,P,0.0007
16.663,0.0,0.0,0.0,-0.015625,0.0284,BRAKES_NOT_APPLIED,0.0284,NO_MODE_ACTIVE,0.0284,0.0,0.0002,0.0,0.0007,0.0,0.0301,0.0,0.0005,0.45149,0.001,P,0.0007
16.7631,0.0,0.0,0.0,-0.015625,0.0086,BRAKES_NOT_APPLIED,0.0086,NO_MODE_ACTIVE,0.0086,0.0,0.0002,0.0,0.0007,0.0,0.0301,0.0,0.0005,0.451568,0.0012,P,0.0007
16.863,0.0,0.0,0.0,-0.015625,0.0272,BRAKES_NOT_APPLIED,0.0272,NO_MODE_ACTIVE,0.0272,0.0,0.0002,0.0,0.0007,0.0,0.0301,0.0,0.0004,0.451529,0.0012,P,0.0007
16.9631,0.0,0.0,0.0,-0.015625,0.0085,BRAKES_NOT_APPLIED,0.0085,NO_MODE_ACTIVE,0.0085,0.0,0.0002,0.0,0.0007,0.0,0.0292,0.0,0.0005,0.45151600000000003,0.0012,P,0.0007
17.0631,0.0,0.0,0.0,-0.015625,0.0278,BRAKES_NOT_APPLIED,0.0278,NO_MODE_ACTIVE,0.0278,0.0,0.0003,0.0,0.0007,0.0,0.0301,0.0,0.0005,0.451646,0.0012,P,0.0007
17.1634,0.0,0.0,0.0,-0.015625,0.0088,BRAKES_NOT_APPLIED,0.0088,NO_MODE_ACTIVE,0.0088,0.0,0.0003,0.0,0.001,0.0,0.0302,0.0,0.0007,0.45149,0.0015,P,0.001
17.2631,0.0,0.0,0.0,-0.015625,0.0274,BRAKES_NOT_APPLIED,0.0274,NO_MODE_ACTIVE,0.0274,0.0,0.0003,0.0,0.0008,0.0,0.0292,0.0,0.0005,0.451685,0.0013,P,0.0008
17.3631,0.0,0.0,0.0,-0.015625,0.0083,BRAKES_NOT_APPLIED,0.0083,NO_MODE_ACTIVE,0.0083,0.0,0.0002,0.0,0.0009,0.0,0.0294,0.0,0.0007,0.45163300000000006,0.0012,P,0.0009
17.4634,0.0,0.0,0.0,-0.015625,0.0287,BRAKES_NOT_APPLIED,0.0287,NO_MODE_ACTIVE,0.0287,0.0,0.0003,0.0,0.001,0.0,0.0294,0.0,0.0008,0.451646,0.0015,P,0.001
17.5632,0.0,0.0,0.0,-0.015625,0.0086,BRAKES_NOT_APPLIED,0.0086,NO_MODE_ACTIVE,0.0086,0.0,0.0005,0.0,0.001,0.0,0.0302,0.0,0.0007,0.48650000000000004,0.0012,P,0.001
17.663,0.0,0.0,0.0,-0.015625,0.0281,BRAKES_NOT_APPLIED,0.0281,NO_MODE_ACTIVE,0.0281,0.0,0.0003,0.0,0.0007,0.0,0.029,0.0,0.0005,0.48630400000000007,0.001,P,0.0007
17.7632,0.0,0.0,0.0,-0.015625,0.0088,BRAKES_NOT_APPLIED,0.0088,NO_MODE_ACTIVE,0.0088,0.0,0.0003,0.0,0.001,0.0,0.0283,0.0,0.0008,0.451737,0.0012,P,0.001
17.8631,0.0,0.0,0.0,-0.015625,0.0252,BRAKES_NOT_APPLIED,0.0252,NO_MODE_ACTIVE,0.0252,0.0,0.0003,0.0,0.0008,0.0,0.0272,0.0,0.0005,0.4863740000000001,0.0012,P,0.0008
17.9631,0.0,0.0,0.0,-0.015625,0.0087,BRAKES_NOT_APPLIED,0.0087,NO_MODE_ACTIVE,0.0087,0.0,0.0003,0.0,0.0009,0.0,0.0293,0.0,0.0005,0.4517110000000001,0.0007,P,0.0009
18.0631,0.0,0.0,0.0,-0.015625,0.0251,BRAKES_NOT_APPLIED,0.0251,NO_MODE_ACTIVE,0.0251,0.0,0.0004,0.0,0.0009,0.0,0.0275,0.0,0.0007,0.4517110000000001,0.0012,P,0.0009
18.1632,0.0,0.0,0.0,-0.015625,0.0086,BRAKES_NOT_APPLIED,0.0086,NO_MODE_ACTIVE,0.0086,0.0,0.0002,0.0,0.001,0.0,0.0297,0.0,0.0007,0.45149,0.0012,P,0.001
18.2631,0.0,0.0,0.0,-0.015625,0.0271,BRAKES_NOT_APPLIED,0.0271,NO_MODE_ACTIVE,0.0271,0.0,0.0003,0.0,0.001,0.0,0.0296,0.0,0.0008,0.48643000000000003,0.0012,P,0.001
18.363,0.0,0.0,0.0,-0.015625,0.0084,BRAKES_NOT_APPLIED,0.0084,NO_MODE_ACTIVE,0.0084,0.0,0.0003,0.0,0.0007,0.0,0.0269,0.0,0.0005,0.45163300000000006,0.001,P,0.0007
18.4631,0.0,0.0,0.0,-0.015625,0.0275,BRAKES_NOT_APPLIED,0.0275,NO_MODE_ACTIVE,0.0275,0.0,0.0003,0.0,0.0009,0.0,0.0273,0.0,0.0005,0.451438,0.0007,P,0.0009
18.563,0.0,0.0,0.0,-0.015625,0.0084,BRAKES_NOT_APPLIED,0.0084,NO_MODE_ACTIVE,0.0084,0.0,0.0002,0.0,0.0007,0.0,0.0298,0.0,0.0005,0.45165900000000003,0.0009,P,0.0007
18.6629,0.0,0.0,0.0,-0.015625,0.0277,BRAKES_NOT_APPLIED,0.0277,NO_MODE_ACTIVE,0.0277,0.0,0.0002,0.0,0.0007,0.0,0.0291,0.0,0.0005,0.4167480000000001,0.001,P,0.0007
18.763,0.0,0.0,0.0,-0.015625,0.0084,BRAKES_NOT_APPLIED,0.0084,NO_MODE_ACTIVE,0.0084,0.0,0.0004,0.0,0.0008,0.0,0.0294,0.0,0.0006,0.451698,0.0011,P,0.0008
18.863,0.0,0.0,0.0,-0.015625,0.0239,BRAKES_NOT_APPLIED,0.0239,NO_MODE_ACTIVE,0.0239,0.0,0.0002,0.0,0.0009,0.0,0.0299,0.0,0.0004,0.4866260000000001,0.0007,P,0.0009
18.9629,0.0,0.0,0.0,-0.015625,0.0083,BRAKES_NOT_APPLIED,0.0083,NO_MODE_ACTIVE,0.0083,0.0,0.0201,0.0,0.0007,0.0,0.0298,0.0,0.0002,0.45178900000000005,0.0009,P,0.0007
19.0629,0.0,0.0,0.0,-0.015625,0.0277,BRAKES_NOT_APPLIED,0.0277,NO_MODE_ACTIVE,0.0277,0.0,0.0002,0.0,0.0007,0.0,0.0298,0.0,0.0004,0.45163300000000006,0.0009,P,0.0007
19.1632,0.0,0.0,0.0,-0.015625,0.0086,BRAKES_NOT_APPLIED,0.0086,NO_MODE_ACTIVE,0.0086,0.0,0.0002,0.0,0.0011,0.0,0.0301,0.0,0.0007,0.451685,0.0009,P,0.0011
19.2631,0.0,0.0,0.0,-0.015625,0.0271,BRAKES_NOT_APPLIED,0.0271,NO_MODE_ACTIVE,0.0271,0.0,0.0005,0.0,0.001,0.0,0.03,0.0,0.0007,0.4516200000000001,0.0012,P,0.001
19.3632,0.0,0.0,0.0,-0.015625,0.0083,BRAKES_NOT_APPLIED,0.0083,NO_MODE_ACTIVE,0.0083,0.0,0.0002,0.0,0.0011,0.0,0.0302,0.0,0.0007,0.45146400000000003,0.0009,P,0.0011
19.463,0.0,0.0,0.0,-0.015625,0.0281,BRAKES_NOT_APPLIED,0.0281,NO_MODE_ACTIVE,0.0281,0.0,0.02,0.0,0.0009,0.0,0.0297,0.0,0.0002,0.451529,0.0007,P,0.0009
19.5629,0.0,0.0,0.0,-0.015625,0.0083,BRAKES_NOT_APPLIED,0.0083,NO_MODE_ACTIVE,0.0083,0.0,0.0192,0.0,0.0007,0.0,0.0268,0.0,0.0003,0.451451,0.001,P,0.0007
19.663,0.0,0.0,0.0,-0.015625,0.0281,BRAKES_NOT_APPLIED,0.0281,NO_MODE_ACTIVE,0.0281,0.0,0.0002,0.0,0.0009,0.0,0.0292,0.0,0.0005,0.45155500000000004,0.0007,P,0.0009
19.7629,0.0,0.0,0.0,-0.015625,0.0083,BRAKES_NOT_APPLIED,0.0083,NO_MODE_ACTIVE,0.0083,0.0,0.0003,0.0,0.0007,0.0,0.0296,0.0,0.0005,0.451646,0.001,P,0.0007
19.8629,0.0,0.0,0.0,-0.015625,0.0277,BRAKES_NOT_APPLIED,0.0277,NO_MODE_ACTIVE,0.0277,0.0,0.0003,0.0,0.0008,0.0,0.0273,0.0,0.0005,0.451854,0.001,P,0.0008
19.9632,0.0,0.0,0.0,-0.015625,0.0087,BRAKES_NOT_APPLIED,0.0087,NO_MODE_ACTIVE,0.0087,0.0,0.0002,0.0,0.0012,0.0,0.0274,0.0,0.0007,0.4863740000000001,0.001,P,0.0012
20.0629,0.0,0.0,0.0,-0.015625,0.0275,BRAKES_NOT_APPLIED,0.0275,NO_MODE_ACTIVE,0.0275,0.0,0.0002,0.0,0.0009,0.0,0.0279,0.0,0.0004,0.486346,0.0007,P,0.0009
20.1628,0.0,0.0,0.0,3.765625,0.0079,DRIVER_APPLYING_BRAKES,0.0079,LOCAL_BRAKE_REQUEST,0.0079,0.0,0.0201,0.0,0.0007,1.0,0.0296,0.0,0.0003,0.555808,0.0005,P,0.0007
20.2629,0.0,0.0,0.0,5.859375,0.0276,DRIVER_APPLYING_BRAKES,0.0276,LOCAL_BRAKE_REQUEST,0.0276,0.0,0.0201,0.0,0.0008,1.0,0.0287,0.0,0.0003,0.5556,0.001,P,0.0008
20.363,0.0,0.0,0.0,6.96875,0.0082,DRIVER_APPLYING_BRAKES,0.0082,LOCAL_BRAKE_REQUEST,0.0082,0.0,0.0002,0.0,0.0009,1.0,0.0297,0.0,0.0005,0.55584,0.0007,D,0.0009
20.4631,0.0,0.0,0.0,7.296875,0.0271,DRIVER_APPLYING_BRAKES,0.0271,LOCAL_BRAKE_REQUEST,0.0271,0.0,0.0204,0.0,0.001,1.0,0.0291,0.0,0.0003,0.6944600000000001,0.0008,D,0.001
20.5632,0.0,0.0,0.0,7.25,0.0084,DRIVER_APPLYING_BRAKES,0.0084,LOCAL_BRAKE_REQUEST,0.0084,0.0,0.0002,0.0,0.0011,1.0,0.0264,0.0,0.0007,0.6251220000000001,0.0009,D,0.0011
20.6628,0.0,0.0,0.0,6.953125,0.0271,DRIVER_APPLYING_BRAKES,0.0271,LOCAL_BRAKE_REQUEST,0.0271,0.0,0.0198,0.0,0.0006,1.0,0.0288,0.0,0.0002,0.590563,0.0004,D,0.0006
20.7631,0.0,0.0,0.0,6.078125,0.0083,DRIVER_APPLYING_BRAKES,0.0083,LOCAL_BRAKE_REQUEST,0.0083,0.0,0.0201,0.0,0.0009,1.0,0.0299,0.0,0.0002,0.555776,0.0007,D,0.0009
20.8629,0.0,0.0,0.0,5.640625,0.0267,DRIVER_APPLYING_BRAKES,0.0267,LOCAL_BRAKE_REQUEST,0.0267,0.0,0.0003,0.0,0.0007,1.0,0.0263,0.0,0.0005,0.5556,0.001,D,0.0007
20.9632,0.0,0.0,0.0,5.59375,0.0079,DRIVER_APPLYING_BRAKES,0.0079,LOCAL_BRAKE_REQUEST,0.0079,0.0,0.0003,0.0,0.0012,1.0,0.029,0.0,0.0007,0.5557920000000001,0.001,D,0.0012
21.0632,0.0,0.0,0.0,5.609375,0.0279,DRIVER_APPLYING_BRAKES,0.0279,LOCAL_BRAKE_REQUEST,0.0279,0.0,0.0003,0.0,0.0012,1.0,0.0275,0.0,0.0007,0.555824,0.001,D,0.0012
21.1628,0.0,0.0,0.0,5.578125,0.008,DRIVER_APPLYING_BRAKES,0.008,LOCAL_BRAKE_REQUEST,0.008,0.0,0.02,0.0,0.0007,1.0,0.0291,0.0,0.0003,0.5556800000000001,0.0005,D,0.0007
21.2629,0.0,0.0,0.0,5.484375,0.0268,DRIVER_APPLYING_BRAKES,0.0268,LOCAL_BRAKE_REQUEST,0.0268,0.0,0.0003,0.0,0.001,1.0,0.0265,0.0,0.0005,0.5556,0.0008,D,0.001
21.3627,0.0,0.0,0.0,5.265625,0.0079,DRIVER_APPLYING_BRAKES,0.0079,LOCAL_BRAKE_REQUEST,0.0079,0.0,0.0199,0.0,0.0006,1.0,0.0287,0.0,0.0002,0.555744,0.0004,D,0.0006
21.4631,0.0,0.0,0.0,5.21875,0.0274,DRIVER_APPLYING_BRAKES,0.0274,LOCAL_BRAKE_REQUEST,0.0274,0.0,0.0193,0.0,0.0007,1.0,0.0294,0.0,0.0003,0.52113,0.001,D,0.0007
21.5629,0.0,0.0,0.0,4.609375,0.0081,DRIVER_APPLYING_BRAKES,0.0081,LOCAL_BRAKE_REQUEST,0.0081,0.0,0.0201,0.0,0.0009,1.0,0.0257,0.0,0.0003,0.52092,0.0007,D,0.0009
21.6631,0.0,0.0,0.0,3.578125,0.0278,DRIVER_APPLYING_BRAKES,0.0278,LOCAL_BRAKE_REQUEST,0.0278,0.0,0.0002,0.0,0.0011,1.0,0.0291,0.0,0.0007,0.5210250000000001,0.0009,D,0.0011
21.7629,0.0,0.0,0.0,2.515625,0.008,DRIVER_APPLYING_BRAKES,0.008,LOCAL_BRAKE_REQUEST,0.008,0.0,0.0201,0.0,0.0009,1.0,0.0286,0.0,0.0003,0.521115,0.0007,D,0.0009
21.8628,0.0,0.0,0.0,1.90625,0.0279,DRIVER_APPLYING_BRAKES,0.0279,LOCAL_BRAKE_REQUEST,0.0279,0.0,0.0002,0.0,0.0009,1.0,0.0286,0.0,0.0004,0.520965,0.0007,D,0.0009
21.9637,6.0,6.0,0.0,1.171875,0.009,DRIVER_APPLYING_BRAKES,0.009,LOCAL_BRAKE_REQUEST,0.009,0.0,0.0199,0.0,0.001,0.0,0.0303,0.0,0.0002,0.5556,0.0017,D,0.001
22.0642,52.0,36.0,-16.0,0.4375,0.0289,DRIVER_APPLYING_BRAKES,0.0289,LOCAL_BRAKE_REQUEST,0.0289,0.1600000000000037,0.0201,0.0,0.0015,0.0,0.0308,0.0,0.0008,0.55544,0.0023,D,0.0015
22.1639,118.0,138.0,20.0,0.015625,0.009,BRAKES_NOT_APPLIED,0.009,LOCAL_BRAKE_REQUEST,0.009,0.1600000000000037,0.0193,0.0,0.0011,0.0,0.0302,0.0,0.0007,0.5904100000000001,0.0019,D,0.0011
22.2641,194.0,202.0,8.0,0.015625,0.0291,BRAKES_NOT_APPLIED,0.0291,LOCAL_BRAKE_REQUEST,0.0291,0.240000000000002,0.0007,0.0,0.0014,0.0,0.0287,0.0,0.0012,0.625068,0.0022,D,0.0014
22.3639,274.0,286.0,12.0,0.015625,0.009,BRAKES_NOT_APPLIED,0.009,LOCAL_BRAKE_REQUEST,0.009,0.3200000000000003,0.0196,0.0,0.0011,0.0,0.0298,0.5,0.0007,0.8335440000000001,0.0019,D,0.0011
22.464,342.0,360.0,18.0,0.015625,0.0287,BRAKES_NOT_APPLIED,0.0287,LOCAL_BRAKE_REQUEST,0.0287,0.480000000000004,0.0194,0.0,0.0012,0.0,0.0303,0.5,0.0002,0.9374669999999999,0.0019,D,0.0012
22.5643,372.0,392.0,20.0,0.015625,0.0093,BRAKES_NOT_APPLIED,0.0093,LOCAL_BRAKE_REQUEST,0.0093,0.5600000000000023,0.0006,0.0,0.0015,0.0,0.0304,0.5,0.0011,0.937332,0.0023,D,0.0015
22.6642,380.0,390.0,10.0,0.015625,0.0261,BRAKES_NOT_APPLIED,0.0261,LOCAL_BRAKE_REQUEST,0.0261,0.7199999999999989,0.0003,0.0,0.0015,0.0,0.0306,0.5,0.001,1.04169,0.0022,D,0.0015
22.7645,378.0,388.0,10.0,0.015625,0.0097,BRAKES_NOT_APPLIED,0.0097,LOCAL_BRAKE_REQUEST,0.0097,0.9600000000000009,0.0005,0.0,0.0017,0.0,0.0309,0.5,0.0012,1.14576,0.0023,D,0.0017
22.8642,372.0,384.0,12.0,0.015625,0.0289,BRAKES_NOT_APPLIED,0.0289,LOCAL_BRAKE_REQUEST,0.0289,1.1199999999999974,0.0005,0.0,0.0015,0.0,0.0285,0.5,0.001,1.21492,0.0022,D,0.0015
22.9644,364.0,386.0,22.0,0.015625,0.0096,BRAKES_NOT_APPLIED,0.0096,LOCAL_BRAKE_REQUEST,0.0096,1.3599999999999994,0.0002,0.0,0.0015,0.0,0.0284,0.5,0.0007,1.2840110000000002,0.0024,D,0.0015
23.0642,354.0,378.0,24.0,0.015625,0.0292,BRAKES_NOT_APPLIED,0.0292,LOCAL_BRAKE_REQUEST,0.0292,1.5200000000000031,0.0005,0.0,0.0014,0.0,0.0308,0.5,0.0009,1.3192080000000002,0.0022,D,0.0014
23.1644,344.0,368.0,24.0,0.015625,0.0089,BRAKES_NOT_APPLIED,0.0089,LOCAL_BRAKE_REQUEST,0.0089,1.6799999999999997,0.0005,0.0,0.0014,0.0,0.0308,1.0,0.0009,1.318904,0.0024,D,0.0014
23.2642,336.0,362.0,26.0,0.015625,0.0288,BRAKES_NOT_APPLIED,0.0288,LOCAL_BRAKE_REQUEST,0.0288,1.8400000000000034,0.0005,0.0,0.0015,0.0,0.0297,1.0,0.001,1.3188280000000001,0.0022,D,0.0015
23.3644,326.0,358.0,32.0,0.015625,0.0095,BRAKES_NOT_APPLIED,0.0095,LOCAL_BRAKE_REQUEST,0.0095,2.0,0.0002,0.0,0.0016,0.0,0.0311,1.0,0.0009,1.4236020000000003,0.0023,D,0.0016
23.4643,318.0,338.0,20.0,0.015625,0.0285,BRAKES_NOT_APPLIED,0.0285,LOCAL_BRAKE_REQUEST,0.0285,2.0799999999999983,0.0005,0.0,0.0014,0.0,0.0307,1.0,0.001,1.3190180000000002,0.0021,D,0.0014
23.5642,308.0,332.0,24.0,0.015625,0.0094,BRAKES_NOT_APPLIED,0.0094,LOCAL_BRAKE_REQUEST,0.0094,2.240000000000002,0.0002,0.0,0.0013,0.0,0.0302,1.0,0.0007,1.38852,0.0021,D,0.0013
23.6642,298.0,312.0,14.0,0.015625,0.0287,BRAKES_NOT_APPLIED,0.0287,LOCAL_BRAKE_REQUEST,0.0287,2.3999999999999986,0.0004,0.0,0.0016,0.0,0.0309,1.0,0.0011,1.5270200000000003,0.002,D,0.0016
23.7642,290.0,302.0,12.0,0.015625,0.0094,BRAKES_NOT_APPLIED,0.0094,LOCAL_BRAKE_REQUEST,0.0094,2.5600000000000023,0.0002,0.0,0.0014,0.0,0.0306,1.0,0.0009,1.4233970000000002,0.002,D,0.0014
23.8639,282.0,296.0,14.0,0.015625,0.0285,BRAKES_NOT_APPLIED,0.0285,LOCAL_BRAKE_REQUEST,0.0285,2.719999999999999,0.0003,0.0,0.0012,0.0,0.0294,1.0,0.0008,1.5273280000000002,0.0019,D,0.0012
23.9642,274.0,288.0,14.0,0.015625,0.0093,BRAKES_NOT_APPLIED,0.0093,LOCAL_BRAKE_REQUEST,0.0093,2.8800000000000026,0.0002,0.0,0.0014,0.0,0.0307,1.0,0.0009,1.457988,0.0021,D,0.0014
24.0638,266.0,270.0,4.0,0.015625,0.0288,BRAKES_NOT_APPLIED,0.0288,LOCAL_BRAKE_REQUEST,0.0288,2.960000000000001,0.0002,0.0,0.0012,0.0,0.0303,1.0,0.0007,1.5611400000000002,0.0018,D,0.0012
24.164,258.0,274.0,16.0,0.015625,0.0085,BRAKES_NOT_APPLIED,0.0085,LOCAL_BRAKE_REQUEST,0.0085,3.1199999999999974,0.019,0.0,0.0012,0.0,0.0305,1.0,0.0007,1.561185,0.0019,D,0.0012
24.2641,252.0,260.0,8.0,0.015625,0.029,BRAKES_NOT_APPLIED,0.029,LOCAL_BRAKE_REQUEST,0.029,3.280000000000001,0.0004,0.0,0.0014,0.0,0.0306,1.0,0.0009,1.4232330000000002,0.0021,D,0.0014
24.3643,244.0,256.0,12.0,0.015625,0.0088,BRAKES_NOT_APPLIED,0.0088,LOCAL_BRAKE_REQUEST,0.0088,3.4399999999999977,0.0004,0.0,0.0016,0.0,0.0306,1.0,0.0012,1.5271960000000004,0.0021,D,0.0016
24.4644,238.0,252.0,14.0,0.015625,0.0289,BRAKES_NOT_APPLIED,0.0289,LOCAL_BRAKE_REQUEST,0.0289,3.520000000000003,0.0008,0.0,0.0017,0.0,0.0309,1.0,0.0012,1.5275480000000001,0.0022,D,0.0017
24.5644,230.0,234.0,4.0,0.015625,0.0089,BRAKES_NOT_APPLIED,0.0089,LOCAL_BRAKE_REQUEST,0.0089,3.6799999999999997,0.0004,0.0,0.0016,0.0,0.0305,1.0,0.0011,1.4929169999999998,0.0023,D,0.0016
24.6643,226.0,234.0,8.0,0.015625,0.029,BRAKES_NOT_APPLIED,0.029,LOCAL_BRAKE_REQUEST,0.029,3.759999999999998,0.0007,0.0,0.0017,0.0,0.0308,1.0,0.0012,1.423766,0.0023,D,0.0017
24.7644,218.0,232.0,14.0,0.015625,0.0094,BRAKES_NOT_APPLIED,0.0094,LOCAL_BRAKE_REQUEST,0.0094,3.9200000000000017,0.0005,0.0,0.0016,0.0,0.0309,1.0,0.0009,1.4575680000000002,0.0022,D,0.0016
24.8642,212.0,232.0,20.0,0.015625,0.0288,BRAKES_NOT_APPLIED,0.0288,LOCAL_BRAKE_REQUEST,0.0288,4.0,0.0006,0.0,0.0016,0.0,0.0304,1.0,0.0011,1.4226590000000003,0.0021,D,0.0016
24.9643,206.0,218.0,12.0,0.015625,0.0093,BRAKES_NOT_APPLIED,0.0093,LOCAL_BRAKE_REQUEST,0.0093,4.079999999999998,0.0005,0.0,0.0015,0.0,0.0307,1.0,0.001,1.45824,0.0022,D,0.0015
25.0642,202.0,212.0,10.0,0.015625,0.0289,BRAKES_NOT_APPLIED,0.0289,LOCAL_BRAKE_REQUEST,0.0289,4.240000000000002,0.0007,0.0,0.0016,0.0,0.0304,1.0,0.0011,1.3884,0.0022,D,0.0016
25.1643,194.0,192.0,-2.0,0.015625,0.009,BRAKES_NOT_APPLIED,0.009,LOCAL_BRAKE_REQUEST,0.009,4.32,0.0007,0.0,0.0017,0.0,0.0307,1.0,0.0012,1.457484,0.0021,D,0.0017
25.2642,190.0,194.0,4.0,0.015625,0.0289,BRAKES_NOT_APPLIED,0.0289,LOCAL_BRAKE_REQUEST,0.0289,4.399999999999999,0.0005,0.0,0.0015,0.0,0.0298,1.0,0.001,1.3192460000000001,0.0022,D,0.0015
25.3643,184.0,188.0,4.0,0.015625,0.0093,BRAKES_NOT_APPLIED,0.0093,LOCAL_BRAKE_REQUEST,0.0093,4.560000000000002,0.0005,0.0,0.0017,0.0,0.0307,1.0,0.0009,1.4227410000000003,0.0021,D,0.0017
25.4644,180.0,184.0,4.0,0.015625,0.0291,BRAKES_NOT_APPLIED,0.0291,LOCAL_BRAKE_REQUEST,0.0291,4.640000000000001,0.0002,0.0,0.0017,0.0,0.0308,1.0,0.0009,1.3187520000000001,0.0021,D,0.0017
25.5642,174.0,180.0,6.0,0.015625,0.0092,BRAKES_NOT_APPLIED,0.0092,LOCAL_BRAKE_REQUEST,0.0092,4.719999999999999,0.0006,0.0,0.0015,0.0,0.03,1.0,0.0011,1.38856,0.002,D,0.0015
25.6643,170.0,174.0,4.0,0.015625,0.0289,BRAKES_NOT_APPLIED,0.0289,LOCAL_BRAKE_REQUEST,0.0289,4.800000000000004,0.0002,0.0,0.0017,0.0,0.0307,1.0,0.0009,1.353612,0.0021,D,0.0017
25.7642,164.0,176.0,12.0,0.015625,0.0092,BRAKES_NOT_APPLIED,0.0092,LOCAL_BRAKE_REQUEST,0.0092,4.880000000000003,0.0004,0.0,0.0015,0.0,0.0306,1.0,0.001,1.2842700000000002,0.002,D,0.0015
25.8642,160.0,182.0,22.0,0.015625,0.0288,BRAKES_NOT_APPLIED,0.0288,LOCAL_BRAKE_REQUEST,0.0288,4.960000000000001,0.0006,0.0,0.0016,0.0,0.0297,1.0,0.0011,1.249776,0.002,D,0.0016
25.9643,156.0,168.0,12.0,0.015625,0.0094,BRAKES_NOT_APPLIED,0.0094,LOCAL_BRAKE_REQUEST,0.0094,5.039999999999999,0.0005,0.0,0.0016,0.0,0.0307,1.0,0.0009,1.21527,0.0021,D,0.0016
26.0641,152.0,142.0,-10.0,0.015625,0.0287,BRAKES_NOT_APPLIED,0.0287,LOCAL_BRAKE_REQUEST,0.0287,5.119999999999997,0.0005,0.0,0.0015,0.0,0.0305,1.0,0.001,1.3189420000000003,0.0019,D,0.0015
26.1643,148.0,140.0,-8.0,0.015625,0.0092,BRAKES_NOT_APPLIED,0.0092,LOCAL_BRAKE_REQUEST,0.0092,5.200000000000003,0.0005,0.0,0.0016,0.0,0.0304,0.5,0.0009,1.21478,0.0021,D,0.0016
26.2642,144.0,148.0,4.0,0.015625,0.0288,BRAKES_NOT_APPLIED,0.0288,LOCAL_BRAKE_REQUEST,0.0288,5.280000000000001,0.0005,0.0,0.0015,0.0,0.0306,1.0,0.001,1.2847510000000002,0.0022,D,0.0015
26.3644,140.0,136.0,-4.0,0.015625,0.0093,BRAKES_NOT_APPLIED,0.0093,LOCAL_BRAKE_REQUEST,0.0093,5.359999999999999,0.0007,0.0,0.0017,0.0,0.0308,0.5,0.0012,1.21527,0.0022,D,0.0017
26.4643,136.0,130.0,-6.0,0.015625,0.0289,BRAKES_NOT_APPLIED,0.0289,LOCAL_BRAKE_REQUEST,0.0289,5.439999999999998,0.0002,0.0,0.0016,0.0,0.0307,1.0,0.0009,1.250208,0.0021,D,0.0016
26.5643,132.0,140.0,8.0,0.015625,0.0093,BRAKES_NOT_APPLIED,0.0093,LOCAL_BRAKE_REQUEST,0.0093,5.520000000000003,0.0007,0.0,0.0017,0.0,0.0282,1.0,0.0012,1.21555,0.0022,D,0.0017
26.6642,128.0,134.0,6.0,0.015625,0.0288,BRAKES_NOT_APPLIED,0.0288,LOCAL_BRAKE_REQUEST,0.0288,5.600000000000001,0.0005,0.0,0.0015,0.0,0.0306,0.5,0.001,1.1462880000000002,0.0021,D,0.0015
26.7643,124.0,128.0,4.0,0.015625,0.0089,BRAKES_NOT_APPLIED,0.0089,LOCAL_BRAKE_REQUEST,0.0089,5.600000000000001,0.0005,0.0,0.0016,0.0,0.0304,0.5,0.0011,1.1453970000000002,0.002,D,0.0016
26.8642,122.0,116.0,-6.0,0.015625,0.0287,BRAKES_NOT_APPLIED,0.0287,LOCAL_BRAKE_REQUEST,0.0287,5.68,0.0005,0.0,0.0016,0.0,0.0303,0.5,0.0011,1.11104,0.0021,D,0.0016
26.9644,120.0,112.0,-8.0,0.015625,0.0094,BRAKES_NOT_APPLIED,0.0094,LOCAL_BRAKE_REQUEST,0.0094,5.759999999999998,0.0005,0.0,0.0017,0.0,0.0307,0.5,0.001,1.1113920000000002,0.0021,D,0.0017
27.0641,116.0,118.0,2.0,0.015625,0.0287,BRAKES_NOT_APPLIED,0.0287,LOCAL_BRAKE_REQUEST,0.0287,5.759999999999998,0.0005,0.0,0.0014,0.0,0.0304,0.5,0.0009,1.111552,0.0019,D,0.0014
27.1642,114.0,114.0,0.0,0.015625,0.0088,BRAKES_NOT_APPLIED,0.0088,LOCAL_BRAKE_REQUEST,0.0088,5.840000000000003,0.0005,0.0,0.0015,0.0,0.0305,0.5,0.001,1.0761960000000002,0.0019,D,0.0015
27.2642,112.0,116.0,4.0,0.015625,0.0287,BRAKES_NOT_APPLIED,0.0287,LOCAL_BRAKE_REQUEST,0.0287,5.920000000000002,0.0005,0.0,0.0017,0.0,0.0305,0.5,0.001,1.07632,0.0022,D,0.0017
27.3642,108.0,106.0,-2.0,0.015625,0.0092,BRAKES_NOT_APPLIED,0.0092,LOCAL_BRAKE_REQUEST,0.0092,5.920000000000002,0.0005,0.0,0.0017,0.0,0.0305,0.5,0.0012,1.076444,0.0019,D,0.0017
27.4642,108.0,108.0,0.0,0.015625,0.0287,BRAKES_NOT_APPLIED,0.0287,LOCAL_BRAKE_REQUEST,0.0287,6.0,0.0003,1.2000000000000002,0.0017,0.0,0.0305,0.5,0.0007,1.11104,0.0019,D,0.0017
27.5641,138.0,136.0,-2.0,0.015625,0.0091,BRAKES_NOT_APPLIED,0.0091,LOCAL_BRAKE_REQUEST,0.0091,6.079999999999998,0.0004,2.4000000000000004,0.0015,0.0,0.0285,1.0,0.0009,1.214745,0.002,D,0.0015
27.6641,172.0,170.0,-2.0,0.015625,0.0286,BRAKES_NOT_APPLIED,0.0286,LOCAL_BRAKE_REQUEST,0.0286,6.079999999999998,0.0005,2.8000000000000003,0.0015,0.0,0.0304,1.0,0.001,1.493046,0.0019,D,0.0015
27.7642,198.0,204.0,6.0,0.015625,0.0091,BRAKES_NOT_APPLIED,0.0091,LOCAL_BRAKE_REQUEST,0.0091,6.240000000000002,0.0004,3.2,0.0015,0.0,0.0305,1.0,0.0009,1.700986,0.002,D,0.0015
27.8641,230.0,232.0,2.0,0.015625,0.0285,BRAKES_NOT_APPLIED,0.0285,LOCAL_BRAKE_REQUEST,0.0285,6.32,0.0005,4.800000000000001,0.0014,0.0,0.0297,1.5,0.0009,1.8394710000000003,0.0019,D,0.0014
27.9642,286.0,298.0,12.0,0.015625,0.0091,BRAKES_NOT_APPLIED,0.0091,LOCAL_BRAKE_REQUEST,0.0091,6.399999999999999,0.0007,5.6000000000000005,0.0012,0.0,0.0305,1.5,0.0009,2.325034,0.0019,D,0.0012
28.0642,338.0,332.0,-6.0,0.015625,0.0287,BRAKES_NOT_APPLIED,0.0287,LOCAL_BRAKE_REQUEST,0.0287,6.560000000000002,0.0005,6.0,0.0017,0.0,0.0305,2.0,0.0012,2.5670600000000006,0.0019,D,0.0017
28.1642,380.0,366.0,-14.0,0.015625,0.0092,BRAKES_NOT_APPLIED,0.0092,TRANSITION_TO_IDLE,0.0092,6.719999999999999,0.0002,7.2,0.0016,0.0,0.0305,2.5,0.0009,2.982738,0.0019,D,0.0016
28.2642,432.0,444.0,12.0,0.015625,0.0287,BRAKES_NOT_APPLIED,0.0287,TRANSITION_TO_IDLE,0.0287,6.960000000000001,0.0004,8.0,0.0016,0.0,0.0305,3.0,0.0009,3.536442,0.0021,D,0.0016
28.3643,474.0,484.0,10.0,0.015625,0.0092,BRAKES_NOT_APPLIED,0.0092,TRANSITION_TO_IDLE,0.0092,7.200000000000003,0.0008,8.0,0.0017,0.0,0.0298,3.0,0.0012,3.9878549999999997,0.002,D,0.0017
28.4641,492.0,500.0,8.0,0.0,0.0286,BRAKES_NOT_APPLIED,0.0286,TRANSITION_TO_IDLE,0.0286,7.439999999999998,0.0002,8.0,0.0017,0.0,0.0303,3.5,0.0009,3.9512400000000003,0.0019,D,0.0017
28.5642,490.0,488.0,-2.0,0.0,0.0091,BRAKES_NOT_APPLIED,0.0091,TRANSITION_TO_IDLE,0.0091,7.68,0.0003,8.0,0.0012,0.0,0.03,4.0,0.0007,4.1574,0.002,D,0.0012
28.664,484.0,484.0,0.0,0.015625,0.0285,BRAKES_NOT_APPLIED,0.0285,TRANSITION_TO_IDLE,0.0285,7.920000000000002,0.0004,8.0,0.0016,0.0,0.0302,3.5,0.0009,4.398899,0.0018,D,0.0016
28.7644,472.0,472.0,0.0,0.0,0.0095,BRAKES_NOT_APPLIED,0.0095,TRANSITION_TO_IDLE,0.0095,8.240000000000002,0.0005,8.0,0.0015,0.0,0.0306,3.5,0.0008,4.366782,0.0023,D,0.0015
28.864,462.0,462.0,0.0,0.0,0.0292,BRAKES_NOT_APPLIED,0.0292,TRANSITION_TO_IDLE,0.0292,8.480000000000004,0.0005,8.8,0.0014,0.0,0.0296,4.0,0.0009,4.263057000000001,0.0019,D,0.0014
28.9642,514.0,512.0,-2.0,0.0,0.0092,BRAKES_NOT_APPLIED,0.0092,TRANSITION_TO_IDLE,0.0092,8.719999999999999,0.0007,12.0,0.0016,0.0,0.0304,4.5,0.0011,5.0217849999999995,0.0019,D,0.0016
29.0634,616.0,590.0,-26.0,0.015625,0.0278,BRAKES_NOT_APPLIED,0.0278,TRANSITION_TO_IDLE,0.0278,9.04,0.0003,12.0,0.0012,0.0,0.0296,5.5,0.0007,6.268211,0.001,D,0.0012
29.1632,676.0,710.0,34.0,0.0,0.0085,BRAKES_NOT_APPLIED,0.0085,TRANSITION_TO_IDLE,0.0085,9.280000000000001,0.0201,12.0,0.0009,0.0,0.0293,6.0,0.0002,6.750120000000001,0.0007,D,0.0009
29.2632,684.0,692.0,8.0,0.0,0.0285,BRAKES_NOT_APPLIED,0.0285,TRANSITION_TO_IDLE,0.0285,9.68,0.0003,12.0,0.0012,0.0,0.0293,6.5,0.0007,7.231609000000001,0.001,D,0.0012
29.3632,674.0,688.0,14.0,0.0,0.0085,BRAKES_NOT_APPLIED,0.0085,TRANSITION_TO_IDLE,0.0085,10.0,0.0196,12.0,0.0009,0.0,0.0293,7.0,0.0002,7.197007999999999,0.0007,D,0.0009
29.4634,658.0,660.0,2.0,0.0,0.0288,BRAKES_NOT_APPLIED,0.0288,TRANSITION_TO_IDLE,0.0288,10.399999999999999,0.02,12.0,0.0011,0.0,0.0294,6.5,0.0002,7.195968,0.0009,D,0.0011
29.5632,636.0,642.0,6.0,0.0,0.0084,BRAKES_NOT_APPLIED,0.0084,TRANSITION_TO_IDLE,0.0084,10.800000000000004,0.0195,12.0,0.0009,0.0,0.0284,6.5,0.0002,7.266,0.0007,D,0.0009
29.6631,608.0,608.0,0.0,0.0,0.0284,BRAKES_NOT_APPLIED,0.0284,TRANSITION_TO_IDLE,0.0284,11.120000000000005,0.0199,12.0,0.0009,0.0,0.0292,6.5,0.0005,7.087260000000001,0.0007,D,0.0009
29.7634,586.0,600.0,14.0,0.0,0.0087,BRAKES_NOT_APPLIED,0.0087,TRANSITION_TO_IDLE,0.0087,11.439999999999998,0.0202,12.0,0.0012,0.0,0.0295,6.5,0.0006,7.162407000000001,0.001,D,0.0012
29.8634,562.0,564.0,2.0,0.0,0.0286,BRAKES_NOT_APPLIED,0.0286,TRANSITION_TO_IDLE,0.0286,11.759999999999998,0.0202,12.0,0.0012,0.0,0.0292,6.5,0.0005,6.953193000000001,0.001,D,0.0012
29.9631,544.0,550.0,6.0,0.0,0.0081,BRAKES_NOT_APPLIED,0.0081,TRANSITION_TO_IDLE,0.0081,12.079999999999998,0.0199,12.0,0.0009,0.0,0.0292,6.0,0.0002,6.853374,0.0007,D,0.0009
30.0632,518.0,532.0,14.0,0.0,0.0284,BRAKES_NOT_APPLIED,0.0284,TRANSITION_TO_IDLE,0.0284,12.480000000000004,0.0003,12.0,0.0012,0.0,0.0293,6.0,0.0008,6.783560000000001,0.001,D,0.0012
30.1632,494.0,488.0,-6.0,0.0,0.008,BRAKES_NOT_APPLIED,0.008,TRANSITION_TO_IDLE,0.008,12.64,0.0195,12.0,0.0011,0.0,0.0293,6.0,0.0007,6.539967000000002,0.0009,D,0.0011
30.2634,478.0,480.0,2.0,0.0,0.0286,BRAKES_NOT_APPLIED,0.0286,TRANSITION_TO_IDLE,0.0286,12.96,0.0002,12.0,0.0014,0.0,0.0295,6.0,0.0009,6.2975639999999995,0.0012,D,0.0014
30.3634,456.0,456.0,0.0,0.0,0.0086,BRAKES_NOT_APPLIED,0.0086,TRANSITION_TO_IDLE,0.0086,13.280000000000001,0.0002,11.600000000000001,0.0013,0.0,0.0295,5.5,0.0009,6.229439999999999,0.0011,D,0.0013
30.4633,436.0,420.0,-16.0,0.0,0.0287,BRAKES_NOT_APPLIED,0.0287,TRANSITION_TO_IDLE,0.0287,13.439999999999998,0.0196,11.600000000000001,0.0012,0.0,0.0293,5.5,0.0005,6.094000000000001,0.001,D,0.0012
30.5632,416.0,416.0,0.0,0.0,0.0084,BRAKES_NOT_APPLIED,0.0084,TRANSITION_TO_IDLE,0.0084,13.68,0.0197,11.600000000000001,0.0011,0.0,0.0289,5.5,0.0005,6.059900000000001,0.0009,D,0.0011
30.6632,402.0,402.0,0.0,0.0,0.0285,BRAKES_NOT_APPLIED,0.0285,TRANSITION_TO_IDLE,0.0285,13.920000000000002,0.02,11.600000000000001,0.0011,0.0,0.0291,5.0,0.0005,5.852808000000001,0.0009,D,0.0011
30.7634,384.0,376.0,-8.0,0.0,0.0083,BRAKES_NOT_APPLIED,0.0083,TRANSITION_TO_IDLE,0.0083,14.160000000000004,0.0204,11.600000000000001,0.0012,0.0,0.0295,5.0,0.0003,5.713455,0.001,D,0.0012
30.8634,378.0,382.0,4.0,0.0,0.0286,BRAKES_NOT_APPLIED,0.0286,TRANSITION_TO_IDLE,0.0286,14.32,0.0199,11.600000000000001,0.0013,0.0,0.0292,5.0,0.0007,5.506647,0.0011,D,0.0013
30.9632,358.0,352.0,-6.0,0.0,0.0084,BRAKES_NOT_APPLIED,0.0084,TRANSITION_TO_IDLE,0.0084,14.560000000000002,0.0202,11.600000000000001,0.0009,0.0,0.0292,5.0,0.0003,5.4032160000000005,0.0007,D,0.0009
31.0631,346.0,336.0,-10.0,0.0,0.0285,BRAKES_NOT_APPLIED,0.0285,TRANSITION_TO_IDLE,0.0285,14.719999999999999,0.0201,11.600000000000001,0.0009,0.0,0.0291,4.5,0.0002,5.299308000000001,0.0007,D,0.0009
31.1632,338.0,338.0,0.0,0.0,0.0077,BRAKES_NOT_APPLIED,0.0077,TRANSITION_TO_IDLE,0.0077,14.96,0.0002,11.600000000000001,0.0011,0.0,0.0292,4.5,0.0007,5.267864,0.001,D,0.0011
31.2633,332.0,332.0,0.0,0.0,0.0285,BRAKES_NOT_APPLIED,0.0285,TRANSITION_TO_IDLE,0.0285,15.120000000000005,0.0002,11.600000000000001,0.0014,0.0,0.0293,4.5,0.0009,5.230942000000001,0.0012,D,0.0014
31.3632,312.0,312.0,0.0,0.0,0.0084,BRAKES_NOT_APPLIED,0.0084,TRANSITION_TO_IDLE,0.0084,15.36,0.0002,11.600000000000001,0.0011,0.0,0.0292,4.5,0.0007,4.989744,0.0009,D,0.0011
31.4633,306.0,304.0,-2.0,0.0,0.0285,BRAKES_NOT_APPLIED,0.0285,TRANSITION_TO_IDLE,0.0285,15.520000000000003,0.0002,11.600000000000001,0.0014,0.0,0.0292,4.0,0.0011,4.816350000000001,0.0009,D,0.0014
31.5633,290.0,290.0,0.0,0.0,0.0085,BRAKES_NOT_APPLIED,0.0085,TRANSITION_TO_IDLE,0.0085,15.600000000000001,0.0201,11.600000000000001,0.0012,0.0,0.0286,4.0,0.0003,4.782114000000001,0.001,D,0.0012
31.6631,276.0,276.0,0.0,0.0,0.0283,BRAKES_NOT_APPLIED,0.0283,TRANSITION_TO_IDLE,0.0283,15.840000000000003,0.0199,11.600000000000001,0.0011,0.0,0.0289,4.0,0.0005,4.6081840000000005,0.0007,D,0.0011
31.7632,270.0,270.0,0.0,0.0,0.0084,BRAKES_NOT_APPLIED,0.0084,TRANSITION_TO_IDLE,0.0084,16.0,0.0203,11.600000000000001,0.0012,0.0,0.0291,4.0,0.0003,4.469463000000001,0.001,D,0.0012
31.8631,256.0,256.0,0.0,0.0,0.0282,BRAKES_NOT_APPLIED,0.0282,TRANSITION_TO_IDLE,0.0282,16.160000000000004,0.0002,11.600000000000001,0.0011,0.0,0.0288,3.5,0.0007,4.298336,0.0009,D,0.0011
31.9631,256.0,260.0,4.0,0.0,0.0083,BRAKES_NOT_APPLIED,0.0083,TRANSITION_TO_IDLE,0.0083,16.240000000000002,0.0002,11.600000000000001,0.0011,0.0,0.0291,3.5,0.0007,4.227422000000001,0.0009,D,0.0011
32.0632,244.0,244.0,0.0,0.0,0.0284,BRAKES_NOT_APPLIED,0.0284,TRANSITION_TO_IDLE,0.0284,16.4,0.0002,11.200000000000001,0.0011,0.0,0.0292,3.5,0.0007,4.087638,0.0009,D,0.0011
32.1631,236.0,238.0,2.0,0.0,0.0083,BRAKES_NOT_APPLIED,0.0083,TRANSITION_TO_IDLE,0.0083,16.560000000000002,0.0002,11.200000000000001,0.0011,0.0,0.0291,3.5,0.0007,3.98475,0.0009,D,0.0011
32.2631,230.0,234.0,4.0,0.0,0.0282,BRAKES_NOT_APPLIED,0.0282,TRANSITION_TO_IDLE,0.0282,16.64,0.0002,11.200000000000001,0.0011,0.0,0.0291,3.5,0.0007,3.8809120000000004,0.0009,D,0.0011
32.3634,222.0,222.0,0.0,0.0,0.0085,BRAKES_NOT_APPLIED,0.0085,TRANSITION_TO_IDLE,0.0085,16.72,0.0002,11.200000000000001,0.0014,0.0,0.0293,3.0,0.0009,3.8800160000000004,0.0012,D,0.0014
32.4629,214.0,212.0,-2.0,0.0,0.0281,BRAKES_NOT_APPLIED,0.0281,TRANSITION_TO_IDLE,0.0281,16.800000000000004,0.02,11.600000000000001,0.0009,0.0,0.0287,3.5,0.0002,3.81128,0.0007,D,0.0009
32.5631,224.0,224.0,0.0,0.0,0.0083,BRAKES_NOT_APPLIED,0.0083,TRANSITION_TO_IDLE,0.0083,16.880000000000003,0.0197,12.0,0.0012,0.0,0.0288,3.5,0.0003,3.881584,0.0007,D,0.0012
32.6629,222.0,222.0,0.0,0.0,0.0281,BRAKES_NOT_APPLIED,0.0281,TRANSITION_TO_IDLE,0.0281,16.96,0.02,12.0,0.0009,0.0,0.0289,3.5,0.0002,3.9157890000000006,0.0007,D,0.0009
32.7634,222.0,222.0,0.0,0.0,0.0085,BRAKES_NOT_APPLIED,0.0085,TRANSITION_TO_IDLE,0.0085,17.04,0.0203,12.0,0.0014,0.0,0.0293,3.5,0.0002,4.08929,0.0012,D,0.0014
32.863,228.0,228.0,0.0,0.0,0.0281,BRAKES_NOT_APPLIED,0.0281,TRANSITION_TO_IDLE,0.0281,17.200000000000003,0.0198,12.0,0.0009,0.0,0.0285,3.5,0.0003,4.019864000000001,0.0007,D,0.0009
32.9629,228.0,228.0,0.0,0.0,0.008,BRAKES_NOT_APPLIED,0.008,TRANSITION_TO_IDLE,0.008,17.28,0.02,12.0,0.0009,0.0,0.0288,3.5,0.0002,4.019632,0.0005,D,0.0009
33.063,244.0,244.0,0.0,0.0,0.0283,BRAKES_NOT_APPLIED,0.0283,TRANSITION_TO_IDLE,0.0283,17.36,0.0199,13.600000000000001,0.001,0.0,0.0289,3.5,0.0005,4.261212,0.0007,D,0.001
33.1628,286.0,272.0,-14.0,0.0,0.0079,BRAKES_NOT_APPLIED,0.0079,TRANSITION_TO_IDLE,0.0079,17.439999999999998,0.0199,14.0,0.0009,0.0,0.0287,4.5,0.0002,5.124204000000001,0.0004,D,0.0009
33.2633,326.0,326.0,0.0,0.0,0.0286,BRAKES_NOT_APPLIED,0.0286,TRANSITION_TO_IDLE,0.0286,17.6,0.0204,14.0,0.0014,0.0,0.0292,5.0,0.0008,5.644364,0.001,D,0.0014
33.363,336.0,336.0,0.0,0.0,0.0077,BRAKES_NOT_APPLIED,0.0077,TRANSITION_TO_IDLE,0.0077,17.759999999999998,0.0202,14.4,0.0009,0.0,0.0289,5.5,0.0003,6.162538,0.0007,D,0.0009
33.4632,348.0,360.0,12.0,0.0,0.0284,BRAKES_NOT_APPLIED,0.0284,TRANSITION_TO_IDLE,0.0284,17.92,0.0002,14.0,0.0014,0.0,0.029,5.5,0.0012,6.05675,0.0007,D,0.0014
33.5631,336.0,336.0,0.0,0.0,0.0082,BRAKES_NOT_APPLIED,0.0082,TRANSITION_TO_IDLE,0.0082,18.08,0.0202,14.0,0.0011,0.0,0.0286,5.5,0.0002,6.0578,0.0009,D,0.0011
33.663,330.0,330.0,0.0,0.0,0.0281,BRAKES_NOT_APPLIED,0.0281,TRANSITION_TO_IDLE,0.0281,18.240000000000002,0.0201,14.0,0.0011,0.0,0.0289,5.5,0.0004,5.917284,0.0007,D,0.0011
33.763,314.0,314.0,0.0,0.0,0.0081,BRAKES_NOT_APPLIED,0.0081,TRANSITION_TO_IDLE,0.0081,18.4,0.0202,14.0,0.0011,0.0,0.0288,5.0,0.0002,5.815320000000001,0.0007,D,0.0011
33.863,306.0,306.0,0.0,0.0,0.028,BRAKES_NOT_APPLIED,0.028,TRANSITION_TO_IDLE,0.028,18.560000000000002,0.0202,14.0,0.0011,0.0,0.0287,5.0,0.0002,5.676204,0.0007,D,0.0011
33.963,286.0,282.0,-4.0,0.0,0.0081,BRAKES_NOT_APPLIED,0.0081,TRANSITION_TO_IDLE,0.0081,18.72,0.0202,14.0,0.0011,0.0,0.0288,5.0,0.0005,5.503626000000001,0.0007,D,0.0011
34.0628,278.0,278.0,0.0,0.0,0.0278,BRAKES_NOT_APPLIED,0.0278,TRANSITION_TO_IDLE,0.0278,18.880000000000003,0.02,14.0,0.0009,0.0,0.0286,4.5,0.0095,5.332096000000001,0.0004,D,0.0009
34.163,272.0,272.0,0.0,0.0,0.0081,BRAKES_NOT_APPLIED,0.0081,TRANSITION_TO_IDLE,0.0081,18.96,0.02,14.0,0.0011,0.0,0.0288,4.5,0.0005,5.261480000000001,0.0007,D,0.0011
34.2629,260.0,260.0,0.0,-0.015625,0.0281,BRAKES_NOT_APPLIED,0.0281,TRANSITION_TO_IDLE,0.0281,19.120000000000005,0.0201,14.0,0.0011,0.0,0.0287,4.5,0.0007,5.089434000000001,0.0005,D,0.0011
34.363,258.0,258.0,0.0,-0.015625,0.0083,BRAKES_NOT_APPLIED,0.0083,TRANSITION_TO_IDLE,0.0083,19.28,0.0202,14.0,0.0011,0.0,0.0288,4.5,0.0004,5.056126,0.0007,D,0.0011
34.463,256.0,256.0,0.0,-0.015625,0.0281,BRAKES_NOT_APPLIED,0.0281,TRANSITION_TO_IDLE,0.0281,19.36,0.0202,14.0,0.0011,0.0,0.0288,4.5,0.0002,4.98672,0.0007,D,0.0011
34.563,254.0,254.0,0.0,-0.015625,0.0081,BRAKES_NOT_APPLIED,0.0081,TRANSITION_TO_IDLE,0.0081,19.520000000000003,0.0202,14.0,0.0012,0.0,0.0282,4.5,0.0003,4.914904000000001,0.0007,D,0.0012
34.6633,240.0,236.0,-4.0,-0.015625,0.0285,BRAKES_NOT_APPLIED,0.0285,TRANSITION_TO_IDLE,0.0285,19.6,0.0205,14.0,0.0014,0.0,0.0291,4.5,0.0002,4.84666,0.0009,D,0.0014
34.7631,234.0,232.0,-2.0,-0.015625,0.0082,BRAKES_NOT_APPLIED,0.0082,TRANSITION_TO_IDLE,0.0082,19.759999999999998,0.0204,14.0,0.0011,0.0,0.0289,4.0,0.0002,4.813153000000001,0.0007,D,0.0011
34.8628,234.0,234.0,0.0,-0.015625,0.0279,BRAKES_NOT_APPLIED,0.0279,TRANSITION_TO_IDLE,0.0279,19.840000000000003,0.02,14.4,0.0009,0.0,0.0285,4.0,0.0098,4.709816000000001,0.0005,D,0.0009
34.9631,232.0,232.0,0.0,-0.015625,0.0083,BRAKES_NOT_APPLIED,0.0083,TRANSITION_TO_IDLE,0.0083,20.0,0.0204,14.0,0.0012,0.0,0.0286,4.0,0.0003,4.709408000000002,0.0008,D,0.0012
35.0628,230.0,230.0,0.0,-0.015625,0.0281,BRAKES_NOT_APPLIED,0.0281,TRANSITION_TO_IDLE,0.0281,20.08,0.02,14.0,0.0012,0.0,0.0287,4.0,0.0007,4.571424,0.0005,D,0.0012
35.1628,218.0,216.0,-2.0,-0.015625,0.0079,BRAKES_NOT_APPLIED,0.0079,TRANSITION_TO_IDLE,0.0079,20.160000000000004,0.0201,14.0,0.0009,0.0,0.0286,4.0,0.0096,4.572744000000001,0.0005,D,0.0009
35.2629,220.0,222.0,2.0,-0.015625,0.0281,BRAKES_NOT_APPLIED,0.0281,TRANSITION_TO_IDLE,0.0281,20.240000000000002,0.0195,14.0,0.0012,0.0,0.0287,4.0,0.0007,4.398645,0.0005,D,0.0012
35.3629,202.0,200.0,-2.0,-0.015625,0.0078,BRAKES_NOT_APPLIED,0.0078,TRANSITION_TO_IDLE,0.0078,20.32,0.0203,14.0,0.0012,0.0,0.0287,4.0,0.0007,4.32975,0.0005,D,0.0012
35.4629,208.0,208.0,0.0,-0.015625,0.028,BRAKES_NOT_APPLIED,0.028,TRANSITION_TO_IDLE,0.028,20.4,0.0203,14.0,0.0012,0.0,0.0286,3.5,0.0009,4.223518,0.0005,D,0.0012
35.5633,202.0,204.0,2.0,-0.015625,0.0084,BRAKES_NOT_APPLIED,0.0084,TRANSITION_TO_IDLE,0.0084,20.480000000000004,0.0206,14.0,0.0014,0.0,0.0291,3.5,0.0003,4.1574,0.001,D,0.0014
35.6629,196.0,198.0,2.0,-0.015625,0.0281,BRAKES_NOT_APPLIED,0.0281,TRANSITION_TO_IDLE,0.0281,20.64,0.0202,14.0,0.0012,0.0,0.0286,3.5,0.0007,4.019516,0.0005,D,0.0012
35.7629,192.0,192.0,0.0,-0.015625,0.008,BRAKES_NOT_APPLIED,0.008,TRANSITION_TO_IDLE,0.008,20.72,0.0203,14.0,0.0012,0.0,0.0286,3.5,0.0007,3.9849799999999997,0.0005,D,0.0012
35.8629,192.0,194.0,2.0,-0.015625,0.0281,BRAKES_NOT_APPLIED,0.0281,TRANSITION_TO_IDLE,0.0281,20.72,0.0202,14.0,0.0011,0.0,0.0285,3.5,0.0002,3.948846,0.0004,D,0.0011
35.9629,182.0,182.0,0.0,-0.015625,0.008,BRAKES_NOT_APPLIED,0.008,NO_MODE_ACTIVE,0.008,20.800000000000004,0.0204,14.0,0.0011,0.0,0.0286,3.5,0.0006,3.8795680000000003,0.0004,D,0.0011
36.0628,174.0,174.0,0.0,-0.015625,0.0267,BRAKES_NOT_APPLIED,0.0267,NO_MODE_ACTIVE,0.0267,20.880000000000003,0.0202,14.0,0.0011,0.0,0.0285,3.0,0.0006,3.8117199999999998,0.0004,D,0.0011
36.1629,174.0,174.0,0.0,-0.015625,0.0081,BRAKES_NOT_APPLIED,0.0081,NO_MODE_ACTIVE,0.0081,20.96,0.0204,14.0,0.0012,0.0,0.0286,3.0,0.0002,3.7758690000000006,0.0005,D,0.0012
36.2628,172.0,174.0,2.0,-0.015625,0.0279,BRAKES_NOT_APPLIED,0.0279,NO_MODE_ACTIVE,0.0279,21.04,0.0203,14.0,0.0011,0.0,0.0285,3.0,0.0002,3.6374100000000005,0.0005,D,0.0011
36.3632,168.0,168.0,0.0,-0.015625,0.0084,BRAKES_NOT_APPLIED,0.0084,NO_MODE_ACTIVE,0.0084,21.120000000000005,0.0206,14.0,0.0014,0.0,0.0289,3.0,0.0003,3.6039120000000002,0.0007,D,0.0014
36.463,160.0,160.0,0.0,-0.015625,0.0281,BRAKES_NOT_APPLIED,0.0281,NO_MODE_ACTIVE,0.0281,21.120000000000005,0.0204,14.0,0.0012,0.0,0.0287,3.0,0.0003,3.63804,0.0005,D,0.0012
36.5631,164.0,166.0,2.0,-0.015625,0.0083,BRAKES_NOT_APPLIED,0.0083,NO_MODE_ACTIVE,0.0083,21.28,0.0003,14.0,0.0014,0.0,0.0286,3.0,0.0012,3.535728,0.0007,D,0.0014
36.6632,158.0,158.0,0.0,-0.015625,0.0283,BRAKES_NOT_APPLIED,0.0283,NO_MODE_ACTIVE,0.0283,21.28,0.0206,14.0,0.0014,0.0,0.0289,3.0,0.0003,3.4646,0.0007,D,0.0014
36.7632,148.0,144.0,-4.0,-0.015625,0.0082,BRAKES_NOT_APPLIED,0.0082,NO_MODE_ACTIVE,0.0082,21.36,0.0209,14.0,0.0014,0.0,0.0289,3.0,0.0003,3.4652,0.0007,D,0.0014
36.8632,144.0,142.0,-2.0,-0.015625,0.0282,BRAKES_NOT_APPLIED,0.0282,NO_MODE_ACTIVE,0.0282,21.439999999999998,0.0209,14.0,0.0014,0.0,0.0288,3.0,0.0002,3.3956020000000002,0.0007,D,0.0014
36.9632,144.0,144.0,0.0,-0.015625,0.0082,BRAKES_NOT_APPLIED,0.0082,NO_MODE_ACTIVE,0.0082,21.520000000000003,0.0209,14.0,0.0014,0.0,0.0288,3.0,0.0003,3.3604680000000005,0.0007,D,0.0014
37.0629,148.0,148.0,0.0,-0.015625,0.028,BRAKES_NOT_APPLIED,0.028,NO_MODE_ACTIVE,0.028,21.6,0.0203,14.0,0.0011,0.0,0.0286,3.0,0.0002,3.3269760000000006,0.0005,D,0.0011
37.1632,148.0,148.0,0.0,-0.015625,0.0082,BRAKES_NOT_APPLIED,0.0082,NO_MODE_ACTIVE,0.0082,21.68,0.0209,14.4,0.0014,0.0,0.0288,2.5,0.0002,3.291085,0.0007,D,0.0014
37.263,150.0,150.0,0.0,-0.015625,0.0281,BRAKES_NOT_APPLIED,0.0281,NO_MODE_ACTIVE,0.0281,21.68,0.0207,14.0,0.0014,0.0,0.0286,2.5,0.0007,3.2920350000000003,0.0005,D,0.0014
37.363,140.0,140.0,0.0,-0.015625,0.008,BRAKES_NOT_APPLIED,0.008,NO_MODE_ACTIVE,0.008,21.759999999999998,0.0207,14.0,0.0014,0.0,0.0286,2.5,0.0003,3.324288000000001,0.0007,D,0.0014
37.4628,140.0,140.0,0.0,-0.015625,0.0278,BRAKES_NOT_APPLIED,0.0278,NO_MODE_ACTIVE,0.0278,21.840000000000003,0.0202,14.0,0.0012,0.0,0.0284,2.5,0.0007,3.2552200000000004,0.0005,D,0.0012
37.5629,140.0,140.0,0.0,-0.015625,0.0079,BRAKES_NOT_APPLIED,0.0079,NO_MODE_ACTIVE,0.0079,21.840000000000003,0.0206,14.4,0.0012,0.0,0.028,2.5,0.0002,3.222636,0.0005,D,0.0012
37.663,136.0,136.0,0.0,-0.015625,0.028,BRAKES_NOT_APPLIED,0.028,NO_MODE_ACTIVE,0.028,22.0,0.0204,14.0,0.0014,0.0,0.0286,2.5,0.0007,3.1541509999999997,0.0005,D,0.0014
37.7628,128.0,128.0,0.0,-0.015625,0.0078,BRAKES_NOT_APPLIED,0.0078,NO_MODE_ACTIVE,0.0078,22.08,0.0206,14.0,0.0012,0.0,0.0284,2.5,0.0007,3.152877,0.0005,D,0.0012
37.863,132.0,132.0,0.0,-0.015625,0.028,BRAKES_NOT_APPLIED,0.028,NO_MODE_ACTIVE,0.028,22.08,0.0204,14.4,0.0014,0.0,0.0284,2.5,0.0002,3.0506080000000004,0.0007,D,0.0014
37.963,128.0,128.0,0.0,-0.015625,0.008,BRAKES_NOT_APPLIED,0.008,NO_MODE_ACTIVE,0.008,22.160000000000004,0.0208,14.0,0.0014,0.0,0.0286,2.5,0.0002,3.0478800000000006,0.0007,D,0.0014
38.063,122.0,122.0,0.0,-0.015625,0.0278,BRAKES_NOT_APPLIED,0.0278,NO_MODE_ACTIVE,0.0278,22.160000000000004,0.0207,14.0,0.0014,0.0,0.0286,2.5,0.0007,3.014637,0.0005,D,0.0014
38.163,124.0,124.0,0.0,-0.015625,0.008,BRAKES_NOT_APPLIED,0.008,NO_MODE_ACTIVE,0.008,22.160000000000004,0.0208,14.0,0.0014,0.0,0.0286,2.5,0.0002,2.980674,0.0007,D,0.0014
38.2632,128.0,128.0,0.0,-0.015625,0.0282,BRAKES_NOT_APPLIED,0.0282,NO_MODE_ACTIVE,0.0282,22.160000000000004,0.0202,14.4,0.0014,0.0,0.0286,2.5,0.0003,3.0137670000000005,0.0007,D,0.0014
38.3633,126.0,126.0,0.0,-0.015625,0.0084,BRAKES_NOT_APPLIED,0.0084,NO_MODE_ACTIVE,0.0084,22.160000000000004,0.0211,14.4,0.0016,0.0,0.0289,2.5,0.0002,2.9805879999999996,0.0009,D,0.0016
38.4631,120.0,120.0,0.0,-0.015625,0.0281,BRAKES_NOT_APPLIED,0.0281,NO_MODE_ACTIVE,0.0281,22.160000000000004,0.0204,14.4,0.0014,0.0,0.0287,2.5,0.0003,2.9794699999999996,0.0007,D,0.0014
38.563,120.0,118.0,-2.0,-0.015625,0.0081,BRAKES_NOT_APPLIED,0.0081,NO_MODE_ACTIVE,0.0081,22.240000000000002,0.0207,14.4,0.0014,0.0,0.0282,2.5,0.0009,2.946185,0.0005,D,0.0014
38.6633,126.0,126.0,0.0,-0.015625,0.028,BRAKES_NOT_APPLIED,0.028,NO_MODE_ACTIVE,0.028,22.240000000000002,0.021,14.4,0.0016,0.0,0.0289,2.5,0.0002,3.014376000000001,0.0009,D,0.0016
38.7631,132.0,134.0,2.0,-0.015625,0.0082,BRAKES_NOT_APPLIED,0.0082,NO_MODE_ACTIVE,0.0082,22.240000000000002,0.0209,14.4,0.0014,0.0,0.0286,2.5,0.0002,2.980072,0.0007,D,0.0014
38.8625,134.0,134.0,0.0,-0.015625,0.0275,BRAKES_NOT_APPLIED,0.0275,NO_MODE_ACTIVE,0.0275,22.240000000000002,0.0195,14.4,0.001,0.0,0.0279,2.5,0.0003,3.0145500000000003,0.0098,D,0.001
38.9633,130.0,130.0,0.0,-0.015625,0.0083,BRAKES_NOT_APPLIED,0.0083,NO_MODE_ACTIVE,0.0083,22.240000000000002,0.0211,14.4,0.0016,0.0,0.0288,2.5,0.0002,3.014724,0.0009,D,0.0016
39.0625,130.0,130.0,0.0,-0.015625,0.0274,BRAKES_NOT_APPLIED,0.0274,NO_MODE_ACTIVE,0.0274,22.240000000000002,0.0203,14.4,0.001,0.0,0.028,2.5,0.0003,3.08385,0.0098,D,0.001
39.1633,134.0,134.0,0.0,-0.015625,0.0083,BRAKES_NOT_APPLIED,0.0083,NO_MODE_ACTIVE,0.0083,22.32,0.0211,14.4,0.0016,0.0,0.0288,2.5,0.0002,3.11787,0.0009,D,0.0016
39.2632,134.0,134.0,0.0,-0.015625,0.0281,BRAKES_NOT_APPLIED,0.0281,NO_MODE_ACTIVE,0.0281,22.32,0.0206,14.8,0.0016,0.0,0.0287,2.5,0.0002,3.221985,0.0007,D,0.0016
39.3624,138.0,138.0,0.0,-0.015625,0.0074,BRAKES_NOT_APPLIED,0.0074,NO_MODE_ACTIVE,0.0074,22.4,0.0203,14.8,0.0009,0.0,0.0279,2.5,0.0002,3.2908950000000003,0.0097,D,0.0009
39.4629,146.0,146.0,0.0,-0.015625,0.028,BRAKES_NOT_APPLIED,0.028,NO_MODE_ACTIVE,0.028,22.480000000000004,0.0206,14.8,0.0014,0.0,0.0284,3.0,0.0009,3.4291620000000003,0.0005,D,0.0014
39.5626,152.0,152.0,0.0,-0.015625,0.0077,BRAKES_NOT_APPLIED,0.0077,NO_MODE_ACTIVE,0.0077,22.480000000000004,0.0002,14.8,0.0012,0.0,0.0282,3.0,0.0007,3.4634000000000005,0.0099,D,0.0012
39.6629,150.0,150.0,0.0,-0.015625,0.028,BRAKES_NOT_APPLIED,0.028,NO_MODE_ACTIVE,0.028,22.560000000000002,0.0203,14.8,0.0014,0.0,0.0284,3.0,0.0007,3.497529000000001,0.0005,D,0.0014
39.7631,144.0,144.0,0.0,-0.015625,0.0081,BRAKES_NOT_APPLIED,0.0081,NO_MODE_ACTIVE,0.0081,22.64,0.0002,14.8,0.0016,0.0,0.0286,3.0,0.0011,3.4643,0.0007,D,0.0016
39.8625,150.0,150.0,0.0,-0.015625,0.0275,BRAKES_NOT_APPLIED,0.0275,NO_MODE_ACTIVE,0.0275,22.64,0.0197,14.8,0.001,0.0,0.0279,3.0,0.0003,3.4638999999999998,0.0097,D,0.001
39.9624,148.0,148.0,0.0,-0.015625,0.0073,BRAKES_NOT_APPLIED,0.0073,NO_MODE_ACTIVE,0.0073,22.64,0.0203,14.8,0.0009,0.0,0.0279,3.0,0.0002,3.4297560000000002,0.0096,D,0.0009
40.0624,140.0,138.0,-2.0,-0.015625,0.0275,BRAKES_NOT_APPLIED,0.0275,NO_MODE_ACTIVE,0.0275,22.72,0.0202,14.8,0.001,0.0,0.0279,3.0,0.0002,3.4295580000000006,0.0097,D,0.001
40.1625,148.0,148.0,0.0,-0.015625,0.0074,BRAKES_NOT_APPLIED,0.0074,NO_MODE_ACTIVE,0.0074,22.72,0.0204,14.8,0.001,0.0,0.028,3.0,0.0003,3.3932500000000005,0.0097,D,0.001
40.263,140.0,140.0,0.0,-0.015625,0.0281,BRAKES_NOT_APPLIED,0.0281,NO_MODE_ACTIVE,0.0281,22.72,0.0209,15.200000000000001,0.0016,0.0,0.0285,3.0,0.0009,3.3603710000000007,0.0004,D,0.0016
40.3632,150.0,150.0,0.0,-0.015625,0.0081,BRAKES_NOT_APPLIED,0.0081,NO_MODE_ACTIVE,0.0081,22.800000000000004,0.0211,15.600000000000001,0.0017,0.0,0.0286,3.0,0.0003,3.4294590000000005,0.0007,D,0.0017
40.4625,154.0,154.0,0.0,-0.015625,0.0276,BRAKES_NOT_APPLIED,0.0276,NO_MODE_ACTIVE,0.0276,22.880000000000003,0.0002,16.0,0.0012,0.0,0.0279,3.0,0.0009,3.70541,0.0101,D,0.0012
40.5631,168.0,168.0,0.0,-0.015625,0.0081,BRAKES_NOT_APPLIED,0.0081,NO_MODE_ACTIVE,0.0081,22.96,0.0003,15.600000000000001,0.0016,0.0,0.0286,3.5,0.0012,3.878784,0.0007,D,0.0016
40.6632,176.0,176.0,0.0,-0.015625,0.0283,BRAKES_NOT_APPLIED,0.0283,NO_MODE_ACTIVE,0.0283,23.04,0.0211,15.600000000000001,0.0017,0.0,0.0286,3.5,0.0003,4.052880000000001,0.0007,D,0.0017
40.7625,174.0,174.0,0.0,-0.015625,0.0076,BRAKES_NOT_APPLIED,0.0076,NO_MODE_ACTIVE,0.0076,23.120000000000005,0.0205,16.0,0.0009,0.0,0.0279,3.5,0.0002,4.051944000000001,0.0099,D,0.0009
40.8625,176.0,178.0,2.0,-0.015625,0.0274,BRAKES_NOT_APPLIED,0.0274,NO_MODE_ACTIVE,0.0274,23.200000000000003,0.0201,16.0,0.0012,0.0,0.0278,3.5,0.0005,4.017428000000001,0.01,D,0.0012
40.963,172.0,172.0,0.0,-0.015625,0.0081,BRAKES_NOT_APPLIED,0.0081,NO_MODE_ACTIVE,0.0081,23.200000000000003,0.0003,16.0,0.0017,0.0,0.0284,3.5,0.0014,4.016036,0.0005,D,0.0017
41.0625,174.0,176.0,2.0,-0.015625,0.0276,BRAKES_NOT_APPLIED,0.0276,NO_MODE_ACTIVE,0.0276,23.28,0.0199,16.0,0.0012,0.0,0.0279,3.5,0.0002,4.016616000000001,0.0099,D,0.0012
41.1625,170.0,170.0,0.0,-0.015625,0.0076,BRAKES_NOT_APPLIED,0.0076,NO_MODE_ACTIVE,0.0076,23.28,0.0205,17.2,0.0012,0.0,0.0279,3.5,0.0002,3.981185,0.0098,D,0.0012
41.263,202.0,200.0,-2.0,-0.015625,0.0278,BRAKES_NOT_APPLIED,0.0278,NO_MODE_ACTIVE,0.0278,23.36,0.0003,17.6,0.0017,0.0,0.0284,4.0,0.0014,4.742666,0.0005,D,0.0017
41.363,236.0,242.0,6.0,-0.015625,0.0079,BRAKES_NOT_APPLIED,0.0079,NO_MODE_ACTIVE,0.0079,23.440000000000005,0.0002,17.6,0.0016,0.0,0.0284,4.5,0.0014,5.328708,0.0005,D,0.0016
41.4626,242.0,242.0,0.0,-0.015625,0.0277,BRAKES_NOT_APPLIED,0.0277,NO_MODE_ACTIVE,0.0277,23.6,0.0003,17.6,0.0012,0.0,0.028,5.0,0.001,5.502354,0.01,D,0.0012
41.5625,250.0,252.0,2.0,-0.015625,0.0074,BRAKES_NOT_APPLIED,0.0074,NO_MODE_ACTIVE,0.0074,23.68,0.0003,17.6,0.0012,0.0,0.0276,5.0,0.001,5.87877,0.0097,D,0.0012
41.6623,262.0,270.0,8.0,-0.015625,0.0271,BRAKES_NOT_APPLIED,0.0271,NO_MODE_ACTIVE,0.0271,23.840000000000003,0.0196,18.0,0.0009,0.0,0.0277,5.5,0.0002,5.8792800000000005,0.0097,D,0.0009
41.7626,264.0,264.0,0.0,-0.015625,0.0075,BRAKES_NOT_APPLIED,0.0075,NO_MODE_ACTIVE,0.0075,24.0,0.0003,18.400000000000002,0.0012,0.0,0.028,5.5,0.001,5.984070000000001,0.0098,D,0.0012
41.863,286.0,286.0,0.0,-0.015625,0.0279,BRAKES_NOT_APPLIED,0.0279,NO_MODE_ACTIVE,0.0279,24.08,0.0002,19.6,0.0016,0.0,0.0283,6.0,0.0014,6.53373,0.0005,D,0.0016
41.9626,326.0,326.0,0.0,-0.015625,0.0075,BRAKES_NOT_APPLIED,0.0075,NO_MODE_ACTIVE,0.0075,24.159999999999997,0.0205,20.0,0.0012,0.0,0.0279,7.0,0.0002,7.6373180000000005,0.01,D,0.0012
42.063,368.0,368.0,0.0,-0.015625,0.0281,BRAKES_NOT_APPLIED,0.0281,NO_MODE_ACTIVE,0.0281,24.320000000000007,0.0003,20.0,0.0017,0.0,0.0283,7.5,0.0014,8.28768,0.0005,D,0.0017
42.163,374.0,374.0,0.0,-0.015625,0.0079,BRAKES_NOT_APPLIED,0.0079,NO_MODE_ACTIVE,0.0079,24.400000000000006,0.0002,20.0,0.0016,0.0,0.0283,8.0,0.0014,8.702316000000001,0.0005,D,0.0016
42.2626,388.0,392.0,4.0,-0.015625,0.0277,BRAKES_NOT_APPLIED,0.0277,NO_MODE_ACTIVE,0.0277,24.560000000000002,0.0002,20.0,0.0014,0.0,0.0279,8.0,0.0012,8.76808,0.0099,D,0.0014
42.3626,386.0,388.0,2.0,-0.015625,0.0074,BRAKES_NOT_APPLIED,0.0074,NO_MODE_ACTIVE,0.0074,24.64,0.0206,20.400000000000002,0.0012,0.0,0.0279,8.0,0.0002,8.837632000000001,0.01,D,0.0012
42.4626,380.0,380.0,0.0,-0.015625,0.0275,BRAKES_NOT_APPLIED,0.0275,NO_MODE_ACTIVE,0.0275,24.799999999999997,0.0202,20.0,0.0012,0.0,0.0279,8.0,0.0002,8.735078,0.0102,D,0.0012
42.5625,366.0,366.0,0.0,-0.015625,0.0074,BRAKES_NOT_APPLIED,0.0074,NO_MODE_ACTIVE,0.0074,25.040000000000006,0.0002,20.0,0.0011,0.0,0.0278,8.0,0.0009,8.665273000000001,0.01,D,0.0011
42.6631,360.0,362.0,2.0,-0.015625,0.0282,BRAKES_NOT_APPLIED,0.0282,NO_MODE_ACTIVE,0.0282,25.200000000000003,0.0003,20.0,0.0019,0.0,0.0284,8.0,0.0014,8.494134000000003,0.0005,D,0.0019
42.7624,344.0,344.0,0.0,-0.015625,0.0073,BRAKES_NOT_APPLIED,0.0073,NO_MODE_ACTIVE,0.0073,25.36,0.0204,21.200000000000003,0.001,0.0,0.0277,8.0,0.0002,8.459850000000001,0.0099,D,0.001
42.8624,382.0,372.0,-10.0,-0.015625,0.0272,BRAKES_NOT_APPLIED,0.0272,NO_MODE_ACTIVE,0.0272,25.519999999999996,0.02,22.400000000000002,0.0012,0.0,0.0276,8.5,0.0007,9.250288000000001,0.0097,D,0.0012
42.9635,442.0,458.0,16.0,-0.015625,0.0084,BRAKES_NOT_APPLIED,0.0084,NO_MODE_ACTIVE,0.0084,25.760000000000005,0.0208,22.400000000000002,0.0013,0.0,0.0287,9.5,0.0002,10.310716000000003,0.0009,D,0.0013
43.0635,442.0,434.0,-8.0,-0.015625,0.0285,BRAKES_NOT_APPLIED,0.0285,NO_MODE_ACTIVE,0.0285,25.92,0.0206,22.400000000000002,0.0011,0.0,0.0288,10.0,0.0002,11.033280000000001,0.0009,D,0.0011
43.1636,450.0,450.0,0.0,-0.015625,0.0085,BRAKES_NOT_APPLIED,0.0085,NO_MODE_ACTIVE,0.0085,26.159999999999997,0.0209,22.400000000000002,0.0017,0.0,0.0288,10.0,0.0003,11.030719999999999,0.001,D,0.0017
43.2634,436.0,436.0,0.0,-0.015625,0.0285,BRAKES_NOT_APPLIED,0.0285,NO_MODE_ACTIVE,0.0285,26.400000000000006,0.0209,22.400000000000002,0.0012,0.0,0.0286,10.0,0.0003,10.964322,0.001,D,0.0012
43.3636,424.0,424.0,0.0,-0.015625,0.0083,BRAKES_NOT_APPLIED,0.0083,NO_MODE_ACTIVE,0.0083,26.560000000000002,0.0211,22.400000000000002,0.0017,0.0,0.0288,10.0,0.0003,10.653084000000002,0.001,D,0.0017
43.4632,428.0,430.0,2.0,-0.015625,0.0281,BRAKES_NOT_APPLIED,0.0281,NO_MODE_ACTIVE,0.0281,26.799999999999997,0.0003,22.400000000000002,0.0012,0.0,0.0284,9.5,0.0005,10.520975,0.0007,D,0.0012
43.5633,408.0,408.0,0.0,-0.015625,0.0082,BRAKES_NOT_APPLIED,0.0082,NO_MODE_ACTIVE,0.0082,26.960000000000008,0.0208,22.400000000000002,0.0012,0.0,0.0285,9.5,0.0003,10.414168000000002,0.0007,D,0.0012
43.6632,396.0,394.0,-2.0,-0.015625,0.0281,BRAKES_NOT_APPLIED,0.0281,NO_MODE_ACTIVE,0.0281,27.120000000000005,0.0203,22.400000000000002,0.0012,0.0,0.0284,9.5,0.0003,10.244124000000001,0.0007,D,0.0012
43.7634,390.0,390.0,0.0,-0.015625,0.0082,BRAKES_NOT_APPLIED,0.0082,NO_MODE_ACTIVE,0.0082,27.28,0.021,22.400000000000002,0.0014,0.0,0.0286,9.5,0.0002,10.102933,0.0007,D,0.0014
43.8631,382.0,376.0,-6.0,-0.015625,0.0278,BRAKES_NOT_APPLIED,0.0278,NO_MODE_ACTIVE,0.0278,27.439999999999998,0.0206,23.200000000000003,0.0009,0.0,0.0282,9.0,0.0002,9.969633000000002,0.0004,D,0.0009
43.9634,440.0,440.0,0.0,-0.015625,0.0082,BRAKES_NOT_APPLIED,0.0082,NO_MODE_ACTIVE,0.0082,27.599999999999994,0.021,25.6,0.0011,0.0,0.0286,10.5,0.0002,11.270055000000003,0.0009,D,0.0011
44.0633,520.0,520.0,0.0,-0.015625,0.0283,BRAKES_NOT_APPLIED,0.0283,NO_MODE_ACTIVE,0.0283,27.840000000000003,0.0206,25.200000000000003,0.0013,0.0,0.0285,12.0,0.0002,13.154934,0.0007,D,0.0013
44.1631,536.0,536.0,0.0,-0.015625,0.0081,BRAKES_NOT_APPLIED,0.0081,NO_MODE_ACTIVE,0.0081,28.08,0.0207,25.200000000000003,0.0009,0.0,0.0283,13.0,0.0002,13.866424,0.0004,D,0.0009
44.2635,530.0,530.0,0.0,-0.015625,0.0285,BRAKES_NOT_APPLIED,0.0285,NO_MODE_ACTIVE,0.0285,28.400000000000006,0.0206,25.200000000000003,0.0014,0.0,0.0287,13.5,0.0002,13.999986000000003,0.0009,D,0.0014
44.3632,526.0,526.0,0.0,-0.015625,0.0079,BRAKES_NOT_APPLIED,0.0079,NO_MODE_ACTIVE,0.0079,28.64,0.0208,25.200000000000003,0.0011,0.0,0.0284,13.0,0.0002,14.029080000000002,0.0007,D,0.0011
44.4632,520.0,520.0,0.0,-0.015625,0.0282,BRAKES_NOT_APPLIED,0.0282,NO_MODE_ACTIVE,0.0282,28.799999999999997,0.0203,25.200000000000003,0.0012,0.0,0.0284,13.0,0.0002,13.835634000000002,0.0007,D,0.0012
44.5631,516.0,516.0,0.0,-0.015625,0.0079,BRAKES_NOT_APPLIED,0.0079,NO_MODE_ACTIVE,0.0079,29.040000000000006,0.0207,25.200000000000003,0.0009,0.0,0.0282,13.0,0.0003,13.863603000000001,0.0005,D,0.0009
44.6632,514.0,514.0,0.0,-0.015625,0.0282,BRAKES_NOT_APPLIED,0.0282,NO_MODE_ACTIVE,0.0282,29.28,0.0204,25.200000000000003,0.0012,0.0,0.0284,13.0,0.0003,13.868036000000002,0.0007,D,0.0012
44.7634,512.0,512.0,0.0,-0.015625,0.0082,BRAKES_NOT_APPLIED,0.0082,NO_MODE_ACTIVE,0.0082,29.519999999999996,0.0211,25.200000000000003,0.0011,0.0,0.0285,13.0,0.0002,13.972490000000002,0.0009,D,0.0011
44.8632,506.0,508.0,2.0,-0.015625,0.0281,BRAKES_NOT_APPLIED,0.0281,NO_MODE_ACTIVE,0.0281,29.760000000000005,0.0205,24.8,0.0012,0.0,0.0282,13.0,0.0002,13.96843,0.0007,D,0.0012
44.9633,500.0,500.0,0.0,-0.015625,0.0081,BRAKES_NOT_APPLIED,0.0081,NO_MODE_ACTIVE,0.0081,30.08,0.0209,24.8,0.0014,0.0,0.0284,13.0,0.0003,13.898408000000002,0.0007,D,0.0014
45.0634,494.0,494.0,0.0,-0.015625,0.0283,BRAKES_NOT_APPLIED,0.0283,NO_MODE_ACTIVE,0.0283,30.320000000000007,0.0207,24.8,0.0014,0.0,0.0285,13.0,0.0003,13.861991000000002,0.0007,D,0.0014
45.1632,488.0,488.0,0.0,-0.015625,0.008,BRAKES_NOT_APPLIED,0.008,NO_MODE_ACTIVE,0.008,30.560000000000002,0.0203,24.8,0.0014,0.0,0.0283,13.0,0.0002,13.729590000000002,0.0007,D,0.0014
45.2632,480.0,478.0,-2.0,-0.015625,0.0281,BRAKES_NOT_APPLIED,0.0281,NO_MODE_ACTIVE,0.0281,30.72,0.0204,24.8,0.0013,0.0,0.0283,13.0,0.0002,13.558722000000001,0.0007,D,0.0013
45.3637,472.0,472.0,0.0,-0.015625,0.0085,BRAKES_NOT_APPLIED,0.0085,NO_MODE_ACTIVE,0.0085,30.960000000000008,0.0213,24.400000000000002,0.0016,0.0,0.0288,12.5,0.0002,13.561874000000001,0.0012,D,0.0016
45.463,460.0,460.0,0.0,-0.015625,0.0279,BRAKES_NOT_APPLIED,0.0279,NO_MODE_ACTIVE,0.0279,31.120000000000005,0.0002,24.0,0.0011,0.0,0.0281,12.5,0.0006,13.250160000000001,0.0005,D,0.0011
45.563,430.0,430.0,0.0,-0.015625,0.0078,BRAKES_NOT_APPLIED,0.0078,NO_MODE_ACTIVE,0.0078,31.28,0.0205,22.0,0.0009,0.0,0.028,11.5,0.0002,12.428869,0.0004,D,0.0009
45.6632,354.0,354.0,0.0,-0.015625,0.0281,BRAKES_NOT_APPLIED,0.0281,NO_MODE_ACTIVE,0.0281,31.519999999999996,0.0004,20.8,0.0013,0.0,0.0283,10.0,0.0009,10.751520000000003,0.0007,D,0.0013
45.7617,280.0,280.0,0.0,-0.015625,0.0065,BRAKES_NOT_APPLIED,0.0065,NO_MODE_ACTIVE,0.0065,31.680000000000007,0.0194,20.8,0.0009,0.0,0.0268,7.5,0.0002,8.729765,0.0092,D,0.0009
45.8617,238.0,238.0,0.0,-0.015625,0.0263,BRAKES_NOT_APPLIED,0.0263,NO_MODE_ACTIVE,0.0263,31.840000000000003,0.0002,20.8,0.001,0.0,0.0267,6.5,0.0007,7.2144710000000005,0.0091,D,0.001
45.9617,216.0,216.0,0.0,-0.015625,0.0065,BRAKES_NOT_APPLIED,0.0065,NO_MODE_ACTIVE,0.0065,31.92,0.0002,20.8,0.001,0.0,0.0268,5.5,0.0007,6.5282490000000015,0.0092,D,0.001
46.0617,208.0,208.0,0.0,-0.015625,0.0266,BRAKES_NOT_APPLIED,0.0266,NO_MODE_ACTIVE,0.0266,32.0,0.0002,20.8,0.001,0.0,0.0268,5.5,0.0007,6.322284000000001,0.0091,D,0.001
46.1617,204.0,204.0,0.0,-0.015625,0.0065,BRAKES_NOT_APPLIED,0.0065,NO_MODE_ACTIVE,0.0065,32.08,0.0201,20.8,0.001,0.0,0.0268,5.5,0.0002,6.254274000000001,0.0091,D,0.001
46.2616,204.0,204.0,0.0,-0.015625,0.0264,BRAKES_NOT_APPLIED,0.0264,NO_MODE_ACTIVE,0.0264,32.239999999999995,0.0002,21.200000000000003,0.0009,0.0,0.0267,5.5,0.0007,6.218640000000001,0.0091,D,0.0009
46.3617,208.0,208.0,0.0,-0.015625,0.0065,BRAKES_NOT_APPLIED,0.0065,NO_MODE_ACTIVE,0.0065,32.239999999999995,0.0002,21.200000000000003,0.001,0.0,0.0267,5.5,0.0007,6.323199000000001,0.0092,D,0.001
46.4616,210.0,210.0,0.0,-0.015625,0.0264,BRAKES_NOT_APPLIED,0.0264,NO_MODE_ACTIVE,0.0264,32.32000000000001,0.0002,21.200000000000003,0.0009,0.0,0.0266,6.0,0.0007,6.425184,0.009,D,0.0009
46.5619,210.0,210.0,0.0,-0.015625,0.0067,BRAKES_NOT_APPLIED,0.0067,NO_MODE_ACTIVE,0.0067,32.400000000000006,0.0203,21.200000000000003,0.0011,0.0,0.0269,5.5,0.0002,6.495024,0.0094,D,0.0011
46.6619,210.0,210.0,0.0,-0.015625,0.0268,BRAKES_NOT_APPLIED,0.0268,NO_MODE_ACTIVE,0.0268,32.480000000000004,0.0002,20.8,0.0012,0.0,0.0269,6.0,0.0009,6.457858,0.0093,D,0.0012
46.7619,208.0,206.0,-2.0,-0.015625,0.0067,BRAKES_NOT_APPLIED,0.0067,NO_MODE_ACTIVE,0.0067,32.56,0.0002,20.8,0.0012,0.0,0.0269,5.5,0.001,6.39101,0.0093,D,0.0012
46.8619,206.0,206.0,0.0,-0.015625,0.0267,BRAKES_NOT_APPLIED,0.0267,NO_MODE_ACTIVE,0.0267,32.56,0.0002,20.8,0.0012,0.0,0.0269,5.5,0.0009,6.322284000000001,0.0093,D,0.0012
46.9619,204.0,204.0,0.0,-0.015625,0.0067,BRAKES_NOT_APPLIED,0.0067,NO_MODE_ACTIVE,0.0067,32.64,0.0003,20.8,0.0012,0.0,0.0269,5.5,0.001,6.3233820000000005,0.0092,D,0.0012
47.0619,202.0,202.0,0.0,-0.015625,0.0267,BRAKES_NOT_APPLIED,0.0267,NO_MODE_ACTIVE,0.0267,32.72,0.0002,20.8,0.0012,0.0,0.0269,5.5,0.001,6.32265,0.0093,D,0.0012
47.1619,202.0,202.0,0.0,-0.015625,0.0066,BRAKES_NOT_APPLIED,0.0066,NO_MODE_ACTIVE,0.0066,32.8,0.0003,20.8,0.0012,0.0,0.0269,5.5,0.001,6.3233820000000005,0.0093,D,0.0012
47.2619,200.0,200.0,0.0,-0.015625,0.0267,BRAKES_NOT_APPLIED,0.0267,NO_MODE_ACTIVE,0.0267,32.879999999999995,0.0003,20.400000000000002,0.0012,0.0,0.0269,5.5,0.001,6.254455000000001,0.0093,D,0.0012
47.3618,192.0,192.0,0.0,-0.015625,0.0065,BRAKES_NOT_APPLIED,0.0065,NO_MODE_ACTIVE,0.0065,32.96000000000001,0.0202,20.8,0.001,0.0,0.0268,5.5,0.0003,6.114464999999999,0.0092,D,0.001
47.4618,186.0,188.0,2.0,-0.015625,0.0266,BRAKES_NOT_APPLIED,0.0266,NO_MODE_ACTIVE,0.0266,33.040000000000006,0.0002,20.400000000000002,0.0012,0.0,0.0268,5.5,0.0009,5.980091000000001,0.0092,D,0.0012
47.5619,184.0,184.0,0.0,-0.015625,0.0067,BRAKES_NOT_APPLIED,0.0067,NO_MODE_ACTIVE,0.0067,33.040000000000006,0.0002,20.400000000000002,0.0012,0.0,0.0268,5.0,0.0009,5.840640000000001,0.0092,D,0.0012
47.6619,182.0,180.0,-2.0,-0.015625,0.0267,BRAKES_NOT_APPLIED,0.0267,NO_MODE_ACTIVE,0.0267,33.120000000000005,0.0003,20.400000000000002,0.0012,0.0,0.0269,5.0,0.001,5.805408000000001,0.0092,D,0.0012
47.7618,180.0,180.0,0.0,-0.015625,0.0066,BRAKES_NOT_APPLIED,0.0066,NO_MODE_ACTIVE,0.0066,33.2,0.0002,20.400000000000002,0.0012,0.0,0.0267,5.0,0.0009,5.7701839999999995,0.0091,D,0.0012
47.8619,180.0,180.0,0.0,-0.015625,0.0267,BRAKES_NOT_APPLIED,0.0267,NO_MODE_ACTIVE,0.0267,33.2,0.0003,20.400000000000002,0.0012,0.0,0.0269,5.0,0.001,5.736130000000001,0.0093,D,0.0012
47.9616,180.0,180.0,0.0,-0.015625,0.0064,BRAKES_NOT_APPLIED,0.0064,NO_MODE_ACTIVE,0.0064,33.28,0.0005,20.400000000000002,0.001,0.0,0.0265,5.0,0.0007,5.738454000000001,0.0089,D,0.001
48.0618,180.0,180.0,0.0,-0.015625,0.0266,BRAKES_NOT_APPLIED,0.0266,NO_MODE_ACTIVE,0.0266,33.28,0.0002,20.400000000000002,0.0012,0.0,0.0267,5.0,0.0009,5.737458,0.0091,D,0.0012
48.1618,180.0,180.0,0.0,-0.015625,0.0065,BRAKES_NOT_APPLIED,0.0065,NO_MODE_ACTIVE,0.0065,33.28,0.0007,20.400000000000002,0.0012,0.0,0.0265,5.0,0.001,5.737956000000001,0.0091,D,0.0012
48.2618,180.0,180.0,0.0,0.0,0.0265,BRAKES_NOT_APPLIED,0.0265,NO_MODE_ACTIVE,0.0265,33.28,0.0002,20.8,0.0012,0.0,0.0267,5.0,0.001,5.772689000000001,0.0091,D,0.0012
48.3616,180.0,180.0,0.0,0.015625,0.0062,BRAKES_NOT_APPLIED,0.0062,NO_MODE_ACTIVE,0.0062,33.36,0.0005,20.400000000000002,0.001,0.0,0.0265,5.0,0.0007,5.772355,0.009,D,0.001
48.4618,180.0,180.0,0.0,0.015625,0.0265,BRAKES_NOT_APPLIED,0.0265,NO_MODE_ACTIVE,0.0265,33.36,0.0002,20.400000000000002,0.0012,0.0,0.0267,5.0,0.001,5.773023,0.0091,D,0.0012
48.5618,180.0,180.0,0.0,0.015625,0.0065,BRAKES_NOT_APPLIED,0.0065,NO_MODE_ACTIVE,0.0065,33.44,0.0007,20.400000000000002,0.0012,0.0,0.0267,5.0,0.0009,5.773356999999999,0.0091,D,0.0012
48.6618,180.0,180.0,0.0,0.015625,0.0265,BRAKES_NOT_APPLIED,0.0265,NO_MODE_ACTIVE,0.0265,33.44,0.0002,20.400000000000002,0.0012,0.0,0.0267,5.0,0.0009,5.773356999999999,0.0091,D,0.0012
48.7616,180.0,180.0,0.0,0.015625,0.0062,BRAKES_NOT_APPLIED,0.0062,TRANSITION_TO_IDLE,0.0062,33.519999999999996,0.0005,20.400000000000002,0.001,0.0,0.0265,5.0,0.0007,5.739616,0.009,D,0.001
48.8616,180.0,180.0,0.0,0.015625,0.0261,BRAKES_NOT_APPLIED,0.0261,TRANSITION_TO_IDLE,0.0261,33.68000000000001,0.0005,20.400000000000002,0.001,0.0,0.0266,5.0,0.0007,5.73862,0.0089,D,0.001
48.9616,180.0,180.0,0.0,0.015625,0.0062,BRAKES_NOT_APPLIED,0.0062,TRANSITION_TO_IDLE,0.0062,33.760000000000005,0.0005,20.400000000000002,0.0009,0.0,0.0265,5.0,0.0007,5.808768,0.009,D,0.0009
49.0616,180.0,180.0,0.0,0.015625,0.0261,BRAKES_NOT_APPLIED,0.0261,TRANSITION_TO_IDLE,0.0261,33.760000000000005,0.0005,20.400000000000002,0.001,0.0,0.0265,5.0,0.0007,5.809944000000001,0.009,D,0.001
49.1619,180.0,180.0,0.0,0.015625,0.0065,BRAKES_NOT_APPLIED,0.0065,TRANSITION_TO_IDLE,0.0065,33.84,0.0003,20.400000000000002,0.0012,0.0,0.0267,5.0,0.001,5.773524,0.0093,D,0.0012
49.2616,180.0,180.0,0.0,0.0,0.0263,BRAKES_NOT_APPLIED,0.0263,TRANSITION_TO_IDLE,0.0263,33.84,0.0005,20.400000000000002,0.0009,0.0,0.0265,5.0,0.0007,5.843344000000001,0.0089,D,0.0009
49.3619,180.0,180.0,0.0,0.015625,0.0066,BRAKES_NOT_APPLIED,0.0066,TRANSITION_TO_IDLE,0.0066,33.92,0.0003,20.400000000000002,0.0012,0.0,0.0267,5.0,0.001,5.80944,0.0092,D,0.0012
49.4618,178.0,178.0,0.0,0.015625,0.0265,BRAKES_NOT_APPLIED,0.0265,TRANSITION_TO_IDLE,0.0265,34.0,0.0002,20.400000000000002,0.0011,0.0,0.0266,5.0,0.0009,5.807256000000001,0.0091,D,0.0011
49.5619,178.0,178.0,0.0,0.0,0.0066,BRAKES_NOT_APPLIED,0.0066,TRANSITION_TO_IDLE,0.0066,34.0,0.0003,20.400000000000002,0.0012,0.0,0.0267,5.0,0.001,5.8075920000000005,0.0091,D,0.0012
49.6619,178.0,178.0,0.0,0.0,0.0265,BRAKES_NOT_APPLIED,0.0265,TRANSITION_TO_IDLE,0.0265,34.0,0.0003,20.400000000000002,0.0012,0.0,0.0267,5.0,0.001,5.840978000000001,0.0091,D,0.0012
49.7619,178.0,178.0,0.0,0.0,0.0066,BRAKES_NOT_APPLIED,0.0066,TRANSITION_TO_IDLE,0.0066,34.08,0.0002,20.400000000000002,0.0012,0.0,0.0267,5.0,0.001,5.8418230000000015,0.0091,D,0.0012
49.8619,178.0,178.0,0.0,0.0,0.0267,BRAKES_NOT_APPLIED,0.0267,TRANSITION_TO_IDLE,0.0267,34.08,0.0003,20.400000000000002,0.0012,0.0,0.0264,5.0,0.001,5.773858000000001,0.0091,D,0.0012
49.9617,180.0,180.0,0.0,0.015625,0.0064,BRAKES_NOT_APPLIED,0.0064,TRANSITION_TO_IDLE,0.0064,34.16,0.0202,20.400000000000002,0.001,0.0,0.0265,5.0,0.0007,5.841992000000001,0.0089,D,0.001
50.0614,180.0,180.0,0.0,0.0,0.026,BRAKES_NOT_APPLIED,0.026,TRANSITION_TO_IDLE,0.026,34.16,0.0197,20.8,0.0007,0.0,0.0262,5.0,0.0004,5.8769,0.0086,D,0.0007
50.1617,180.0,180.0,0.0,0.0,0.0064,BRAKES_NOT_APPLIED,0.0064,TRANSITION_TO_IDLE,0.0064,34.239999999999995,0.02,20.400000000000002,0.001,0.0,0.0265,5.0,0.0007,5.87622,0.0089,D,0.001
50.2619,180.0,180.0,0.0,0.0,0.0265,BRAKES_NOT_APPLIED,0.0265,TRANSITION_TO_IDLE,0.0265,34.239999999999995,0.0002,20.400000000000002,0.0012,0.0,0.0267,5.0,0.0009,5.87554,0.0091,D,0.0012
50.3615,180.0,180.0,0.0,0.0,0.0061,BRAKES_NOT_APPLIED,0.0061,TRANSITION_TO_IDLE,0.0061,34.239999999999995,0.02,20.400000000000002,0.001,0.0,0.0263,5.0,0.0005,5.911641,0.0089,D,0.001
50.4614,180.0,180.0,0.0,0.0,0.026,BRAKES_NOT_APPLIED,0.026,TRANSITION_TO_IDLE,0.026,34.32000000000001,0.0199,20.8,0.0009,0.0,0.0262,5.0,0.0004,5.980956000000001,0.0086,D,0.0009
50.5615,182.0,182.0,0.0,0.0,0.0062,BRAKES_NOT_APPLIED,0.0062,TRANSITION_TO_IDLE,0.0062,34.400000000000006,0.02,20.400000000000002,0.001,0.0,0.0262,5.0,0.0005,5.9135219999999995,0.0088,D,0.001
50.6615,182.0,182.0,0.0,0.0,0.0261,BRAKES_NOT_APPLIED,0.0261,TRANSITION_TO_IDLE,0.0261,34.400000000000006,0.02,20.8,0.001,0.0,0.0262,5.5,0.0005,5.980783,0.0089,D,0.001
50.7617,186.0,186.0,0.0,0.0,0.0064,BRAKES_NOT_APPLIED,0.0064,TRANSITION_TO_IDLE,0.0064,34.480000000000004,0.0202,20.400000000000002,0.0012,0.0,0.0264,5.5,0.0007,6.0852,0.0091,D,0.0012
50.8615,178.0,180.0,2.0,0.0,0.026,BRAKES_NOT_APPLIED,0.026,TRANSITION_TO_IDLE,0.026,34.56,0.02,18.400000000000002,0.001,0.0,0.0262,5.0,0.0005,5.980091000000001,0.0089,D,0.001
50.9615,154.0,152.0,-2.0,0.0,0.0061,BRAKES_NOT_APPLIED,0.0061,TRANSITION_TO_IDLE,0.0061,34.64,0.02,18.400000000000002,0.001,0.0,0.0262,4.5,0.0005,5.327168,0.0089,D,0.001
51.0615,128.0,128.0,0.0,0.0,0.0261,BRAKES_NOT_APPLIED,0.0261,TRANSITION_TO_IDLE,0.0261,34.64,0.0199,18.400000000000002,0.001,0.0,0.0262,3.5,0.0005,4.531814000000001,0.0089,D,0.001
51.1618,106.0,104.0,-2.0,0.0,0.0064,BRAKES_NOT_APPLIED,0.0064,TRANSITION_TO_IDLE,0.0064,34.64,0.02,18.400000000000002,0.001,0.0,0.0265,3.0,0.0005,3.7380960000000005,0.0091,D,0.001
51.2617,88.0,96.0,8.0,0.0,0.0265,BRAKES_NOT_APPLIED,0.0265,TRANSITION_TO_IDLE,0.0265,34.72,0.0197,18.400000000000002,0.0009,0.0,0.0262,2.5,0.0004,3.3241920000000005,0.0091,D,0.0009
51.362,76.0,76.0,0.0,0.0,0.0066,BRAKES_NOT_APPLIED,0.0066,TRANSITION_TO_IDLE,0.0066,34.72,0.0199,17.6,0.0012,0.0,0.0267,2.0,0.0002,2.805192,0.0094,D,0.0012
51.462,58.0,58.0,0.0,0.0,0.0268,BRAKES_NOT_APPLIED,0.0268,TRANSITION_TO_IDLE,0.0268,34.72,0.02,16.0,0.0012,0.0,0.0263,1.5,0.0007,2.389539,0.0093,D,0.0012
51.5619,32.0,32.0,0.0,0.0,0.0065,BRAKES_NOT_APPLIED,0.0065,TRANSITION_TO_IDLE,0.0065,34.72,0.0203,16.0,0.0011,0.0,0.0265,1.0,0.0002,1.5936700000000001,0.0093,D,0.0011
51.6618,10.0,16.0,6.0,0.0,0.0265,BRAKES_NOT_APPLIED,0.0265,TRANSITION_TO_IDLE,0.0265,34.64,0.0202,15.600000000000001,0.001,0.0,0.0263,0.5,0.0005,1.0056620000000003,0.0092,D,0.001
51.762,-10.0,-10.0,0.0,0.0,0.0066,BRAKES_NOT_APPLIED,0.0066,TRANSITION_TO_IDLE,0.0066,34.64,0.0199,15.600000000000001,0.0011,0.0,0.0267,0.0,0.0002,0.52011,0.0093,D,0.0011
51.8616,-22.0,18.0,40.0,0.0,0.0262,BRAKES_NOT_APPLIED,0.0262,TRANSITION_TO_IDLE,0.0262,34.56,0.0193,15.600000000000001,0.001,0.0,0.0259,0.0,0.0005,0.554832,0.0088,D,0.001
51.962,-30.0,-54.0,-24.0,0.0,0.0066,BRAKES_NOT_APPLIED,0.0066,TRANSITION_TO_IDLE,0.0066,34.480000000000004,0.0002,16.0,0.0014,0.0,0.0267,-1.0,0.0009,-0.6591670000000001,0.0093,D,0.0014
52.0621,-36.0,-36.0,0.0,0.0,0.0266,BRAKES_NOT_APPLIED,0.0266,TRANSITION_TO_IDLE,0.0266,34.400000000000006,0.0202,16.0,0.0012,0.0,0.0268,-1.0,0.0008,-0.4162920000000001,0.0094,D,0.0012
52.1621,-38.0,-38.0,0.0,0.0,0.0067,BRAKES_NOT_APPLIED,0.0067,TRANSITION_TO_IDLE,0.0067,34.400000000000006,0.02,16.0,0.0012,0.0,0.0267,-1.0,0.0003,-0.5897810000000001,0.0094,D,0.0012
52.262,-40.0,-40.0,0.0,0.0,0.0267,BRAKES_NOT_APPLIED,0.0267,TRANSITION_TO_IDLE,0.0267,34.239999999999995,0.0002,16.0,0.0014,0.0,0.0265,-1.0,0.0009,-0.6248340000000001,0.0091,D,0.0014
52.3621,-42.0,-42.0,0.0,0.0,0.0067,BRAKES_NOT_APPLIED,0.0067,TRANSITION_TO_IDLE,0.0067,34.16,0.0003,16.0,0.0015,0.0,0.0267,-1.0,0.001,-0.6249060000000001,0.0094,D,0.0015
52.462,-42.0,-42.0,0.0,0.0,0.0267,BRAKES_NOT_APPLIED,0.0267,TRANSITION_TO_IDLE,0.0267,34.08,0.0002,16.0,0.0014,0.0,0.0264,-1.0,0.0009,-0.659186,0.0092,D,0.0014
52.5621,-40.0,-40.0,0.0,0.0,0.0067,BRAKES_NOT_APPLIED,0.0067,TRANSITION_TO_IDLE,0.0067,34.08,0.0003,16.0,0.0015,0.0,0.0267,-1.0,0.001,-0.5901550000000001,0.0094,D,0.0015
52.6621,-42.0,-42.0,0.0,0.0,0.0268,BRAKES_NOT_APPLIED,0.0268,TRANSITION_TO_IDLE,0.0268,34.0,0.0003,15.600000000000001,0.0015,0.0,0.0265,-1.0,0.001,-0.624798,0.0093,D,0.0015
52.7619,-44.0,-44.0,0.0,0.0,0.0063,BRAKES_NOT_APPLIED,0.0063,TRANSITION_TO_IDLE,0.0063,33.92,0.02,15.600000000000001,0.0012,0.0,0.0265,-1.0,0.0002,-0.6593570000000001,0.009,D,0.0012
52.8619,-44.0,-44.0,0.0,0.0,0.0264,BRAKES_NOT_APPLIED,0.0264,TRANSITION_TO_IDLE,0.0264,33.84,0.0195,15.600000000000001,0.0012,0.0,0.0262,-1.5,0.0003,-0.7287840000000001,0.0092,D,0.0012
52.9621,-46.0,-46.0,0.0,0.0,0.0067,BRAKES_NOT_APPLIED,0.0067,TRANSITION_TO_IDLE,0.0067,33.760000000000005,0.0202,15.600000000000001,0.0014,0.0,0.0267,-1.5,0.0002,-0.7983990000000001,0.0092,D,0.0014
53.0616,-50.0,-50.0,0.0,0.0,0.0262,BRAKES_NOT_APPLIED,0.0262,TRANSITION_TO_IDLE,0.0262,33.68000000000001,0.0192,15.200000000000001,0.0009,0.0,0.026,-1.5,0.0002,-0.8332560000000001,0.0088,D,0.0009
53.1619,-54.0,-54.0,0.0,0.0,0.0065,BRAKES_NOT_APPLIED,0.0065,TRANSITION_TO_IDLE,0.0065,33.60000000000001,0.0196,15.200000000000001,0.0011,0.0,0.0265,-1.5,0.0002,-0.9725520000000001,0.0091,D,0.0011
53.2619,-58.0,-56.0,2.0,0.0,0.0265,BRAKES_NOT_APPLIED,0.0265,TRANSITION_TO_IDLE,0.0265,33.519999999999996,0.0197,14.8,0.0012,0.0,0.0263,-1.5,0.0002,-1.0413000000000001,0.0092,D,0.0012
53.3621,-66.0,-64.0,2.0,0.0,0.0067,BRAKES_NOT_APPLIED,0.0067,TRANSITION_TO_IDLE,0.0067,33.36,0.0204,14.4,0.0014,0.0,0.0267,-2.0,0.0002,-1.2852320000000002,0.0093,D,0.0014
53.4617,-76.0,-76.0,0.0,0.0,0.0263,BRAKES_NOT_APPLIED,0.0263,TRANSITION_TO_IDLE,0.0263,33.28,0.02,14.4,0.001,0.0,0.0261,-2.0,0.0003,-1.5630300000000001,0.0087,D,0.001
53.5617,-84.0,-84.0,0.0,0.0,0.0063,BRAKES_NOT_APPLIED,0.0063,TRANSITION_TO_IDLE,0.0063,33.28,0.02,14.4,0.001,0.0,0.0262,-2.5,0.0003,-1.7719440000000002,0.0089,D,0.001
53.6617,-90.0,-90.0,0.0,0.0,0.0263,BRAKES_NOT_APPLIED,0.0263,TRANSITION_TO_IDLE,0.0263,33.2,0.02,14.4,0.001,0.0,0.0261,-2.5,0.0003,-1.876284,0.0089,D,0.001
53.7621,-94.0,-92.0,2.0,0.0,0.0066,BRAKES_NOT_APPLIED,0.0066,TRANSITION_TO_IDLE,0.0066,33.120000000000005,0.0204,14.4,0.0014,0.0,0.0266,-2.5,0.0002,-2.050132,0.0093,D,0.0014
53.8619,-98.0,-98.0,0.0,0.0,0.0264,BRAKES_NOT_APPLIED,0.0264,TRANSITION_TO_IDLE,0.0264,33.040000000000006,0.0202,14.4,0.0012,0.0,0.0262,-2.5,0.0002,-2.1546860000000003,0.0091,D,0.0012
53.9617,-100.0,-100.0,0.0,0.0,0.0063,BRAKES_NOT_APPLIED,0.0063,TRANSITION_TO_IDLE,0.0063,32.879999999999995,0.02,14.0,0.0012,0.0,0.0262,-2.5,0.0007,-2.1888720000000004,0.0089,D,0.0012
54.0617,-102.0,-104.0,-2.0,0.0,0.0263,BRAKES_NOT_APPLIED,0.0263,TRANSITION_TO_IDLE,0.0263,32.72,0.0002,14.0,0.0012,0.0,0.026,-3.0,0.0007,-2.2245760000000003,0.0089,D,0.0012
54.1616,-102.0,-102.0,0.0,0.0,0.0062,BRAKES_NOT_APPLIED,0.0062,TRANSITION_TO_IDLE,0.0062,32.72,0.02,14.0,0.0009,0.0,0.0261,-3.0,0.0002,-2.2578400000000003,0.0089,D,0.0009
54.2617,-104.0,-102.0,2.0,0.0,0.0263,BRAKES_NOT_APPLIED,0.0263,TRANSITION_TO_IDLE,0.0263,32.56,0.0002,14.4,0.0012,0.0,0.026,-3.0,0.0007,-2.2585550000000003,0.0089,D,0.0012
54.3617,-102.0,-102.0,0.0,-0.015625,0.0062,BRAKES_NOT_APPLIED,0.0062,TRANSITION_TO_IDLE,0.0062,32.480000000000004,0.02,14.4,0.001,0.0,0.0262,-3.0,0.0003,-2.25875,0.0089,D,0.001
54.4617,-102.0,-102.0,0.0,-0.015625,0.0262,BRAKES_NOT_APPLIED,0.0262,TRANSITION_TO_IDLE,0.0262,32.32000000000001,0.0002,14.4,0.0012,0.0,0.026,-3.0,0.0007,-2.224768,0.0088,D,0.0012
54.5615,-102.0,-102.0,0.0,-0.015625,0.006,BRAKES_NOT_APPLIED,0.006,TRANSITION_TO_IDLE,0.006,32.239999999999995,0.0199,14.4,0.0009,0.0,0.026,-2.5,0.0002,-2.1890610000000006,0.0087,D,0.0009
54.6617,-102.0,-102.0,0.0,-0.015625,0.0262,BRAKES_NOT_APPLIED,0.0262,TRANSITION_TO_IDLE,0.0262,32.08,0.0201,14.0,0.0011,0.0,0.026,-3.0,0.0004,-2.1889350000000003,0.0089,D,0.0011
54.7618,-102.0,-102.0,0.0,-0.015625,0.0063,BRAKES_NOT_APPLIED,0.0063,TRANSITION_TO_IDLE,0.0063,31.92,0.0202,14.0,0.0012,0.0,0.026,-2.5,0.0005,-2.1544380000000003,0.0089,D,0.0012
54.8617,-102.0,-102.0,0.0,-0.015625,0.0263,BRAKES_NOT_APPLIED,0.0263,TRANSITION_TO_IDLE,0.0263,31.840000000000003,0.0201,14.4,0.0011,0.0,0.0261,-2.5,0.0004,-2.1545,0.0089,D,0.0011
54.9615,-102.0,-102.0,0.0,-0.015625,0.006,BRAKES_NOT_APPLIED,0.006,TRANSITION_TO_IDLE,0.006,31.760000000000005,0.0199,14.0,0.0009,0.0,0.026,-2.5,0.0002,-2.119506,0.0086,D,0.0009
55.0615,-102.0,-102.0,0.0,-0.015625,0.026,BRAKES_NOT_APPLIED,0.026,TRANSITION_TO_IDLE,0.026,31.680000000000007,0.0199,14.4,0.0009,0.0,0.0258,-2.5,0.0002,-2.1546239999999997,0.0086,D,0.0009
55.1615,-102.0,-102.0,0.0,-0.015625,0.006,BRAKES_NOT_APPLIED,0.006,TRANSITION_TO_IDLE,0.006,31.519999999999996,0.0199,14.0,0.0009,0.0,0.0259,-2.5,0.0002,-2.120238,0.0086,D,0.0009
55.2615,-102.0,-102.0,0.0,-0.015625,0.026,BRAKES_NOT_APPLIED,0.026,TRANSITION_TO_IDLE,0.026,31.439999999999998,0.0199,14.4,0.0009,0.0,0.0258,-2.5,0.0002,-2.1534459999999997,0.0086,D,0.0009
55.3616,-102.0,-102.0,0.0,-0.015625,0.0061,BRAKES_NOT_APPLIED,0.0061,TRANSITION_TO_IDLE,0.0061,31.36,0.02,14.0,0.001,0.0,0.026,-2.5,0.0003,-2.154252,0.0087,D,0.001
55.4616,-102.0,-102.0,0.0,-0.015625,0.0261,BRAKES_NOT_APPLIED,0.0261,TRANSITION_TO_IDLE,0.0261,31.200000000000003,0.02,14.4,0.001,0.0,0.0258,-2.5,0.0003,-2.1198720000000004,0.0087,D,0.001
55.5618,-102.0,-102.0,0.0,-0.015625,0.0063,BRAKES_NOT_APPLIED,0.0063,TRANSITION_TO_IDLE,0.0063,31.120000000000005,0.0202,14.0,0.0012,0.0,0.0262,-2.5,0.0002,-2.0846999999999998,0.0089,D,0.0012
55.6616,-102.0,-102.0,0.0,-0.015625,0.0261,BRAKES_NOT_APPLIED,0.0261,TRANSITION_TO_IDLE,0.0261,30.960000000000008,0.0202,14.0,0.001,0.0,0.0258,-2.5,0.0003,-2.08494,0.0089,D,0.001
55.7616,-100.0,-100.0,0.0,-0.015625,0.006,BRAKES_NOT_APPLIED,0.006,TRANSITION_TO_IDLE,0.006,30.879999999999995,0.0202,14.0,0.0009,0.0,0.026,-2.5,0.0002,-2.0504860000000003,0.0089,D,0.0009
55.8616,-100.0,-100.0,0.0,-0.015625,0.0262,BRAKES_NOT_APPLIED,0.0262,TRANSITION_TO_IDLE,0.0262,30.799999999999997,0.0202,14.0,0.001,0.0,0.026,-2.5,0.0002,-2.08548,0.0088,D,0.001
55.9616,-100.0,-100.0,0.0,-0.015625,0.006,BRAKES_NOT_APPLIED,0.006,TRANSITION_TO_IDLE,0.006,30.64,0.0198,14.4,0.0012,0.0,0.026,-2.5,0.0005,-2.050781,0.0089,D,0.0012
56.0616,-100.0,-100.0,0.0,-0.015625,0.0263,BRAKES_NOT_APPLIED,0.0263,TRANSITION_TO_IDLE,0.0263,30.560000000000002,0.0202,14.4,0.0012,0.0,0.0261,-2.5,0.0005,-2.0155580000000004,0.0087,D,0.0012
56.1616,-100.0,-100.0,0.0,-0.015625,0.006,BRAKES_NOT_APPLIED,0.006,TRANSITION_TO_IDLE,0.006,30.480000000000004,0.0202,14.4,0.0012,0.0,0.026,-2.5,0.0005,-2.0503679999999997,0.0088,D,0.0012
56.2618,-100.0,-100.0,0.0,-0.015625,0.0265,BRAKES_NOT_APPLIED,0.0265,TRANSITION_TO_IDLE,0.0265,30.400000000000006,0.0205,14.4,0.0014,0.0,0.0263,-2.5,0.0004,-2.014978,0.0091,D,0.0014
56.3616,-100.0,-100.0,0.0,-0.015625,0.006,BRAKES_NOT_APPLIED,0.006,NO_MODE_ACTIVE,0.006,30.320000000000007,0.0203,14.4,0.0012,0.0,0.026,-2.5,0.0005,-2.017414,0.0088,D,0.0012
56.4615,-100.0,-100.0,0.0,-0.015625,0.0262,BRAKES_NOT_APPLIED,0.0262,NO_MODE_ACTIVE,0.0262,30.159999999999997,0.0202,14.4,0.0011,0.0,0.0257,-2.5,0.0004,-1.982004,0.0087,D,0.0011
56.5616,-100.0,-100.0,0.0,-0.015625,0.006,BRAKES_NOT_APPLIED,0.006,NO_MODE_ACTIVE,0.006,30.08,0.0203,14.4,0.0012,0.0,0.0259,-2.5,0.0005,-1.9470640000000001,0.0089,D,0.0012
56.6622,-100.0,-100.0,0.0,-0.015625,0.0266,BRAKES_NOT_APPLIED,0.0266,NO_MODE_ACTIVE,0.0266,29.92,0.0002,14.4,0.0019,0.0,0.0264,-2.5,0.0014,-1.91191,0.0093,D,0.0019
56.7616,-98.0,-98.0,0.0,-0.015625,0.0059,BRAKES_NOT_APPLIED,0.0059,NO_MODE_ACTIVE,0.0059,29.840000000000003,0.0203,14.4,0.0012,0.0,0.0259,-2.5,0.0005,-1.91169,0.0088,D,0.0012
56.8618,-98.0,-98.0,0.0,-0.015625,0.0262,BRAKES_NOT_APPLIED,0.0262,NO_MODE_ACTIVE,0.0262,29.760000000000005,0.0205,14.4,0.0014,0.0,0.026,-2.5,0.0005,-1.91103,0.009,D,0.0014
56.9622,-96.0,-96.0,0.0,-0.015625,0.0065,BRAKES_NOT_APPLIED,0.0065,NO_MODE_ACTIVE,0.0065,29.680000000000007,0.0002,14.4,0.0019,0.0,0.0265,-2.5,0.0014,-1.8419090000000002,0.0093,D,0.0019
57.0622,-96.0,-96.0,0.0,-0.015625,0.0269,BRAKES_NOT_APPLIED,0.0269,NO_MODE_ACTIVE,0.0269,29.519999999999996,0.0002,14.4,0.0019,0.0,0.0264,-2.5,0.0014,-1.7719950000000002,0.0094,D,0.0019
57.161,-96.0,-96.0,0.0,-0.015625,0.0053,BRAKES_NOT_APPLIED,0.0053,NO_MODE_ACTIVE,0.0053,29.439999999999998,0.0002,14.4,0.0009,0.0,0.0253,-2.5,0.0007,-1.806948,0.0081,D,0.0009
57.261,-96.0,-96.0,0.0,-0.015625,0.0256,BRAKES_NOT_APPLIED,0.0256,NO_MODE_ACTIVE,0.0256,29.28,0.0002,14.8,0.0009,0.0,0.0252,-2.5,0.0007,-1.807,0.0082,D,0.0009
57.361,-92.0,-92.0,0.0,-0.015625,0.0053,BRAKES_NOT_APPLIED,0.0053,NO_MODE_ACTIVE,0.0053,29.120000000000005,0.0002,14.8,0.0009,0.0,0.0253,-2.5,0.0007,-1.702946,0.0083,D,0.0009
57.4612,-84.0,-84.0,0.0,-0.015625,0.0255,BRAKES_NOT_APPLIED,0.0255,NO_MODE_ACTIVE,0.0255,28.960000000000008,0.0007,15.200000000000001,0.0011,0.0,0.0253,-2.0,0.0009,-1.529088,0.0085,D,0.0011
57.5615,-68.0,-68.0,0.0,-0.015625,0.0058,BRAKES_NOT_APPLIED,0.0058,NO_MODE_ACTIVE,0.0058,28.879999999999995,0.0002,16.400000000000002,0.0014,0.0,0.0258,-1.5,0.0012,-1.1460240000000002,0.0087,D,0.0014
57.6612,-36.0,-34.0,2.0,-0.015625,0.0258,BRAKES_NOT_APPLIED,0.0258,NO_MODE_ACTIVE,0.0258,28.799999999999997,0.0007,17.6,0.0012,0.0,0.0254,-1.0,0.0009,-0.555744,0.0082,D,0.0012
57.7611,10.0,10.0,0.0,-0.015625,0.0054,BRAKES_NOT_APPLIED,0.0054,NO_MODE_ACTIVE,0.0054,28.799999999999997,0.0207,18.8,0.001,0.0,0.0254,0.0,0.0007,0.5208149999999999,0.0082,D,0.001
57.8612,50.0,50.0,0.0,-0.015625,0.0256,BRAKES_NOT_APPLIED,0.0256,NO_MODE_ACTIVE,0.0256,28.72,0.0007,18.8,0.0012,0.0,0.0254,0.0,0.001,0.7638400000000001,0.0085,D,0.0012
57.9611,68.0,70.0,2.0,-0.015625,0.0057,BRAKES_NOT_APPLIED,0.0057,NO_MODE_ACTIVE,0.0057,28.64,0.0206,18.8,0.001,0.0,0.0253,1.5,0.0007,2.046592,0.0081,D,0.001
58.0612,76.0,76.0,0.0,-0.015625,0.0258,BRAKES_NOT_APPLIED,0.0258,NO_MODE_ACTIVE,0.0258,28.64,0.0007,18.8,0.0012,0.0,0.0254,2.0,0.001,2.46157,0.0082,D,0.0012
58.1612,86.0,96.0,10.0,-0.015625,0.0055,BRAKES_NOT_APPLIED,0.0055,NO_MODE_ACTIVE,0.0055,28.64,0.0007,18.8,0.0012,0.0,0.0254,2.0,0.001,2.634768,0.0083,D,0.0012
58.2612,76.0,76.0,0.0,-0.015625,0.0258,BRAKES_NOT_APPLIED,0.0258,NO_MODE_ACTIVE,0.0258,28.64,0.0007,18.400000000000002,0.0012,0.0,0.0254,2.0,0.0009,2.6007,0.0084,D,0.0012
58.3612,88.0,90.0,2.0,-0.015625,0.0055,BRAKES_NOT_APPLIED,0.0055,NO_MODE_ACTIVE,0.0055,28.64,0.0007,18.400000000000002,0.0012,0.0,0.0254,2.0,0.0009,2.5655799999999997,0.0084,D,0.0012
58.4612,78.0,78.0,0.0,-0.015625,0.0258,BRAKES_NOT_APPLIED,0.0258,NO_MODE_ACTIVE,0.0258,28.64,0.0008,18.400000000000002,0.0012,0.0,0.0254,2.0,0.001,2.564618,0.0084,D,0.0012
58.5612,84.0,84.0,0.0,-0.015625,0.0055,BRAKES_NOT_APPLIED,0.0055,NO_MODE_ACTIVE,0.0055,28.64,0.0007,18.8,0.0012,0.0,0.0254,2.0,0.001,2.5650619999999997,0.0084,D,0.0012
58.6612,82.0,82.0,0.0,-0.015625,0.0258,BRAKES_NOT_APPLIED,0.0258,NO_MODE_ACTIVE,0.0258,28.64,0.0007,18.400000000000002,0.0012,0.0,0.0254,2.0,0.001,2.5301070000000005,0.0084,D,0.0012
58.7615,84.0,84.0,0.0,-0.015625,0.0057,BRAKES_NOT_APPLIED,0.0057,NO_MODE_ACTIVE,0.0057,28.64,0.0002,18.8,0.0014,0.0,0.0257,2.0,0.0012,2.6018250000000003,0.0087,D,0.0014
58.8612,80.0,80.0,0.0,-0.015625,0.0256,BRAKES_NOT_APPLIED,0.0256,NO_MODE_ACTIVE,0.0256,28.560000000000002,0.0008,18.8,0.0012,0.0,0.0253,2.0,0.001,2.59995,0.0084,D,0.0012
58.9613,88.0,90.0,2.0,-0.015625,0.0055,BRAKES_NOT_APPLIED,0.0055,NO_MODE_ACTIVE,0.0055,28.64,0.0209,18.8,0.0012,0.0,0.0255,2.0,0.001,2.5654320000000004,0.0084,D,0.0012
59.0612,78.0,78.0,0.0,-0.015625,0.0258,BRAKES_NOT_APPLIED,0.0258,NO_MODE_ACTIVE,0.0258,28.64,0.0008,18.8,0.0012,0.0,0.0253,2.0,0.001,2.564544,0.0084,D,0.0012
59.1612,84.0,84.0,0.0,-0.015625,0.0057,BRAKES_NOT_APPLIED,0.0057,NO_MODE_ACTIVE,0.0057,28.64,0.0008,18.8,0.0012,0.0,0.0253,2.0,0.001,2.5649880000000005,0.0084,D,0.0012
59.2612,84.0,84.0,0.0,-0.015625,0.0258,BRAKES_NOT_APPLIED,0.0258,NO_MODE_ACTIVE,0.0258,28.64,0.0008,18.8,0.0012,0.0,0.0253,2.0,0.001,2.5655799999999997,0.0084,D,0.0012
59.3608,82.0,82.0,0.0,-0.015625,0.0052,BRAKES_NOT_APPLIED,0.0052,NO_MODE_ACTIVE,0.0052,28.64,0.02,19.200000000000003,0.0007,0.0,0.0249,2.0,0.0004,2.669051,0.008,D,0.0007
59.4609,98.0,98.0,0.0,-0.015625,0.0255,BRAKES_NOT_APPLIED,0.0255,NO_MODE_ACTIVE,0.0255,28.64,0.0002,19.200000000000003,0.0009,0.0,0.025,2.0,0.0007,2.77304,0.0081,D,0.0009
59.5612,94.0,94.0,0.0,-0.015625,0.0056,BRAKES_NOT_APPLIED,0.0056,NO_MODE_ACTIVE,0.0056,28.64,0.0002,19.200000000000003,0.0012,0.0,0.0253,2.5,0.001,2.94627,0.0084,D,0.0012
59.6612,104.0,104.0,0.0,-0.015625,0.0257,BRAKES_NOT_APPLIED,0.0257,NO_MODE_ACTIVE,0.0257,28.64,0.0003,19.200000000000003,0.0012,0.0,0.0254,2.5,0.001,3.0501680000000007,0.0084,D,0.0012
59.7612,104.0,104.0,0.0,-0.015625,0.0056,BRAKES_NOT_APPLIED,0.0056,NO_MODE_ACTIVE,0.0056,28.64,0.0003,19.200000000000003,0.0012,0.0,0.0253,2.5,0.001,3.0150720000000004,0.0084,D,0.0012
59.8612,106.0,106.0,0.0,-0.015625,0.0256,BRAKES_NOT_APPLIED,0.0256,NO_MODE_ACTIVE,0.0256,28.64,0.0002,20.0,0.0012,0.0,0.0254,2.5,0.001,3.1879840000000006,0.0084,D,0.0012
59.9609,138.0,140.0,2.0,-0.015625,0.0053,BRAKES_NOT_APPLIED,0.0053,NO_MODE_ACTIVE,0.0053,28.72,0.0002,20.400000000000002,0.0009,0.0,0.025,3.0,0.0007,3.6715220000000004,0.0081,D,0.0009
60.0612,150.0,150.0,0.0,-0.015625,0.0256,BRAKES_NOT_APPLIED,0.0256,NO_MODE_ACTIVE,0.0256,28.72,0.0002,20.400000000000002,0.0012,0.0,0.0252,3.5,0.0009,4.188778,0.0082,D,0.0012
60.1612,158.0,154.0,-4.0,-0.015625,0.0056,BRAKES_NOT_APPLIED,0.0056,NO_MODE_ACTIVE,0.0056,28.799999999999997,0.0002,20.400000000000002,0.0012,0.0,0.0253,4.0,0.0009,4.535875000000001,0.0084,D,0.0012
60.2612,166.0,168.0,2.0,-0.015625,0.0256,BRAKES_NOT_APPLIED,0.0256,NO_MODE_ACTIVE,0.0256,28.799999999999997,0.0002,20.400000000000002,0.0012,0.0,0.0252,4.0,0.0009,4.642162,0.0084,D,0.0012
60.3612,162.0,162.0,0.0,-0.015625,0.0056,BRAKES_NOT_APPLIED,0.0056,NO_MODE_ACTIVE,0.0056,28.879999999999995,0.0002,20.400000000000002,0.0012,0.0,0.0253,4.0,0.0009,4.606721,0.0082,D,0.0012
60.4612,166.0,166.0,0.0,-0.015625,0.0258,BRAKES_NOT_APPLIED,0.0258,NO_MODE_ACTIVE,0.0258,28.879999999999995,0.0002,20.0,0.0012,0.0,0.0252,4.0,0.0009,4.570632000000001,0.0084,D,0.0012
60.5608,160.0,160.0,0.0,-0.015625,0.0052,BRAKES_NOT_APPLIED,0.0052,NO_MODE_ACTIVE,0.0052,28.960000000000008,0.0205,20.0,0.0007,0.0,0.0248,4.0,0.0005,4.571028,0.008,D,0.0007
60.6608,158.0,158.0,0.0,-0.015625,0.0254,BRAKES_NOT_APPLIED,0.0254,NO_MODE_ACTIVE,0.0254,28.960000000000008,0.0199,20.0,0.0007,0.0,0.0248,4.0,0.0005,4.466108999999999,0.0078,D,0.0007
60.7608,156.0,156.0,0.0,-0.015625,0.0052,BRAKES_NOT_APPLIED,0.0052,NO_MODE_ACTIVE,0.0052,29.040000000000006,0.0205,20.0,0.0007,0.0,0.0249,4.0,0.0005,4.431744000000001,0.0078,D,0.0007
60.8608,154.0,156.0,2.0,-0.015625,0.0251,BRAKES_NOT_APPLIED,0.0251,NO_MODE_ACTIVE,0.0251,29.040000000000006,0.0201,20.0,0.0007,0.0,0.0249,3.5,0.0005,4.397375,0.0079,D,0.0007
60.9608,152.0,152.0,0.0,-0.015625,0.0052,BRAKES_NOT_APPLIED,0.0052,NO_MODE_ACTIVE,0.0052,29.120000000000005,0.0005,20.0,0.001,0.0,0.0248,3.5,0.0007,4.363506,0.0078,D,0.001
61.061,152.0,152.0,0.0,-0.015625,0.0256,BRAKES_NOT_APPLIED,0.0256,NO_MODE_ACTIVE,0.0256,29.120000000000005,0.0007,20.0,0.0012,0.0,0.025,3.5,0.0009,4.293252000000001,0.008,D,0.0012
61.1608,150.0,150.0,0.0,-0.015625,0.0052,BRAKES_NOT_APPLIED,0.0052,NO_MODE_ACTIVE,0.0052,29.200000000000003,0.0005,20.0,0.001,0.0,0.0248,3.5,0.0007,4.329125,0.0079,D,0.001
61.261,150.0,150.0,0.0,-0.015625,0.0254,BRAKES_NOT_APPLIED,0.0254,NO_MODE_ACTIVE,0.0254,29.200000000000003,0.0007,20.0,0.0012,0.0,0.0249,3.5,0.0009,4.25703,0.0081,D,0.0012
61.3608,148.0,148.0,0.0,-0.015625,0.0052,BRAKES_NOT_APPLIED,0.0052,NO_MODE_ACTIVE,0.0052,29.28,0.0003,20.0,0.001,0.0,0.0243,3.5,0.0007,4.257768000000001,0.0079,D,0.001
61.4607,148.0,148.0,0.0,-0.015625,0.0252,BRAKES_NOT_APPLIED,0.0252,NO_MODE_ACTIVE,0.0252,29.28,0.0004,20.0,0.0009,0.0,0.0247,3.5,0.0007,4.258014,0.0078,D,0.0009
61.5608,148.0,148.0,0.0,-0.015625,0.0052,BRAKES_NOT_APPLIED,0.0052,NO_MODE_ACTIVE,0.0052,29.36,0.0206,20.0,0.001,0.0,0.0248,3.5,0.0007,4.292260000000001,0.0079,D,0.001
61.6608,148.0,148.0,0.0,-0.015625,0.0254,BRAKES_NOT_APPLIED,0.0254,NO_MODE_ACTIVE,0.0254,29.36,0.0198,20.0,0.001,0.0,0.0248,3.5,0.0007,4.258506000000001,0.0079,D,0.001
61.7607,148.0,148.0,0.0,-0.015625,0.0051,BRAKES_NOT_APPLIED,0.0051,NO_MODE_ACTIVE,0.0051,29.36,0.0202,20.0,0.0009,0.0,0.0247,3.5,0.0004,4.257891000000001,0.0078,D,0.0009
61.8607,146.0,146.0,0.0,-0.015625,0.025,BRAKES_NOT_APPLIED,0.025,NO_MODE_ACTIVE,0.025,29.439999999999998,0.0005,20.0,0.0009,0.0,0.0247,3.5,0.0007,4.222298,0.0078,D,0.0009
61.9609,146.0,146.0,0.0,-0.015625,0.0054,BRAKES_NOT_APPLIED,0.0054,NO_MODE_ACTIVE,0.0054,29.439999999999998,0.0007,20.0,0.0011,0.0,0.0249,3.5,0.0009,4.256907000000001,0.008,D,0.0011
62.0607,146.0,146.0,0.0,-0.015625,0.0251,BRAKES_NOT_APPLIED,0.0251,NO_MODE_ACTIVE,0.0251,29.519999999999996,0.0005,20.0,0.0009,0.0,0.0246,3.5,0.0007,4.22425,0.0078,D,0.0009
62.1609,144.0,144.0,0.0,-0.015625,0.0052,BRAKES_NOT_APPLIED,0.0052,NO_MODE_ACTIVE,0.0052,29.519999999999996,0.0007,20.0,0.0011,0.0,0.0248,3.5,0.0009,4.2230300000000005,0.0079,D,0.0011
62.2607,144.0,144.0,0.0,-0.015625,0.0252,BRAKES_NOT_APPLIED,0.0252,NO_MODE_ACTIVE,0.0252,29.60000000000001,0.0005,20.0,0.0009,0.0,0.0246,3.5,0.0007,4.256784,0.0077,D,0.0009
62.3607,144.0,144.0,0.0,-0.015625,0.005,BRAKES_NOT_APPLIED,0.005,NO_MODE_ACTIVE,0.005,29.60000000000001,0.0005,20.0,0.0009,0.0,0.0246,3.5,0.0007,4.257645,0.0077,D,0.0009
62.4607,144.0,144.0,0.0,-0.015625,0.0252,BRAKES_NOT_APPLIED,0.0252,NO_MODE_ACTIVE,0.0252,29.680000000000007,0.0199,20.0,0.0009,0.0,0.0246,3.5,0.0007,4.187447,0.0079,D,0.0009
62.5607,144.0,144.0,0.0,-0.015625,0.0052,BRAKES_NOT_APPLIED,0.0052,NO_MODE_ACTIVE,0.0052,29.680000000000007,0.0005,20.0,0.001,0.0,0.0246,3.5,0.0007,4.222908,0.0076,D,0.001
62.6607,144.0,144.0,0.0,-0.015625,0.0252,BRAKES_NOT_APPLIED,0.0252,NO_MODE_ACTIVE,0.0252,29.760000000000005,0.0197,20.0,0.0009,0.0,0.0246,3.5,0.0007,4.258383,0.0079,D,0.0009
62.7607,144.0,144.0,0.0,-0.015625,0.005,BRAKES_NOT_APPLIED,0.005,NO_MODE_ACTIVE,0.005,29.760000000000005,0.0201,20.0,0.001,0.0,0.0246,3.5,0.0007,4.291392,0.0079,D,0.001
62.8607,142.0,142.0,0.0,-0.015625,0.0252,BRAKES_NOT_APPLIED,0.0252,NO_MODE_ACTIVE,0.0252,29.760000000000005,0.0199,20.0,0.001,0.0,0.0242,3.5,0.0007,4.222664000000001,0.0079,D,0.001
62.9607,142.0,142.0,0.0,-0.015625,0.005,BRAKES_NOT_APPLIED,0.005,NO_MODE_ACTIVE,0.005,29.840000000000003,0.0205,20.0,0.001,0.0,0.0246,3.5,0.0007,4.15452,0.0079,D,0.001
63.0606,140.0,140.0,0.0,-0.015625,0.0251,BRAKES_NOT_APPLIED,0.0251,NO_MODE_ACTIVE,0.0251,29.92,0.0004,20.0,0.0009,0.0,0.0245,3.5,0.0007,4.152360000000001,0.0074,D,0.0009
63.1606,140.0,140.0,0.0,-0.015625,0.0049,BRAKES_NOT_APPLIED,0.0049,NO_MODE_ACTIVE,0.0049,30.0,0.0004,20.0,0.0009,0.0,0.0245,3.5,0.0007,4.1536800000000005,0.0078,D,0.0009
63.2606,138.0,138.0,0.0,-0.015625,0.0251,BRAKES_NOT_APPLIED,0.0251,NO_MODE_ACTIVE,0.0251,30.08,0.0004,20.0,0.0009,0.0,0.0245,3.5,0.0007,4.1193040000000005,0.0078,D,0.0009
63.3606,138.0,138.0,0.0,-0.015625,0.0049,BRAKES_NOT_APPLIED,0.0049,NO_MODE_ACTIVE,0.0049,30.08,0.0005,20.0,0.0009,0.0,0.0245,3.5,0.0007,4.1193040000000005,0.0078,D,0.0009
63.4606,136.0,136.0,0.0,-0.015625,0.0251,BRAKES_NOT_APPLIED,0.0251,NO_MODE_ACTIVE,0.0251,30.08,0.0005,20.0,0.0009,0.0,0.0245,3.5,0.0007,4.08457,0.0078,D,0.0009
63.5609,136.0,136.0,0.0,-0.015625,0.0052,BRAKES_NOT_APPLIED,0.0052,NO_MODE_ACTIVE,0.0052,30.08,0.0203,20.0,0.0012,0.0,0.0248,3.5,0.0007,4.049487000000001,0.0081,D,0.0012
63.6606,134.0,134.0,0.0,-0.015625,0.0251,BRAKES_NOT_APPLIED,0.0251,NO_MODE_ACTIVE,0.0251,30.08,0.0197,19.6,0.0009,0.0,0.0245,3.5,0.0007,4.050540000000001,0.0078,D,0.0009
63.7607,134.0,134.0,0.0,-0.015625,0.005,BRAKES_NOT_APPLIED,0.005,NO_MODE_ACTIVE,0.005,30.159999999999997,0.0201,19.6,0.001,0.0,0.0245,3.5,0.0007,3.9807250000000005,0.0079,D,0.001
63.8606,134.0,134.0,0.0,-0.015625,0.025,BRAKES_NOT_APPLIED,0.025,NO_MODE_ACTIVE,0.025,30.159999999999997,0.0199,20.0,0.0009,0.0,0.024,3.5,0.0007,4.015572000000001,0.0078,D,0.0009
63.9607,134.0,134.0,0.0,-0.015625,0.005,BRAKES_NOT_APPLIED,0.005,NO_MODE_ACTIVE,0.005,30.159999999999997,0.0202,19.6,0.001,0.0,0.0245,3.5,0.0007,3.945996,0.0078,D,0.001
64.0609,132.0,134.0,2.0,-0.015625,0.0254,BRAKES_NOT_APPLIED,0.0254,NO_MODE_ACTIVE,0.0254,30.159999999999997,0.0003,19.6,0.0012,0.0,0.0247,3.5,0.001,3.9822200000000003,0.008,D,0.0012
64.1607,132.0,132.0,0.0,-0.015625,0.005,BRAKES_NOT_APPLIED,0.005,NO_MODE_ACTIVE,0.005,30.159999999999997,0.0002,19.6,0.001,0.0,0.0245,3.5,0.0007,4.0501890000000005,0.0078,D,0.001
64.2607,132.0,132.0,0.0,-0.015625,0.025,BRAKES_NOT_APPLIED,0.025,NO_MODE_ACTIVE,0.025,30.239999999999995,0.0003,19.6,0.001,0.0,0.0243,3.5,0.0007,3.9812999999999996,0.0078,D,0.001
64.3607,132.0,132.0,0.0,-0.015625,0.005,BRAKES_NOT_APPLIED,0.005,NO_MODE_ACTIVE,0.005,30.239999999999995,0.0003,19.6,0.001,0.0,0.0245,3.5,0.0007,3.981415,0.0078,D,0.001
64.4606,132.0,132.0,0.0,-0.015625,0.025,BRAKES_NOT_APPLIED,0.025,NO_MODE_ACTIVE,0.025,30.239999999999995,0.0199,19.6,0.001,0.0,0.0241,3.5,0.0007,3.9812999999999996,0.0077,D,0.001
64.5606,130.0,130.0,0.0,-0.015625,0.0049,BRAKES_NOT_APPLIED,0.0049,NO_MODE_ACTIVE,0.0049,30.320000000000007,0.0201,19.6,0.001,0.0,0.0244,3.5,0.0005,3.9464520000000003,0.0077,D,0.001
64.6606,130.0,130.0,0.0,-0.015625,0.0249,BRAKES_NOT_APPLIED,0.0249,NO_MODE_ACTIVE,0.0249,30.320000000000007,0.0195,19.6,0.001,0.0,0.0237,3.5,0.0008,3.9467939999999997,0.0077,D,0.001
64.7606,128.0,128.0,0.0,-0.015625,0.0049,BRAKES_NOT_APPLIED,0.0049,NO_MODE_ACTIVE,0.0049,30.320000000000007,0.0199,19.6,0.001,0.0,0.0241,3.5,0.0005,3.8764320000000008,0.0077,D,0.001
64.8606,126.0,126.0,0.0,-0.015625,0.0249,BRAKES_NOT_APPLIED,0.0249,NO_MODE_ACTIVE,0.0249,30.400000000000006,0.0197,19.6,0.001,0.0,0.0244,3.0,0.0008,3.840711,0.0077,D,0.001
64.9605,124.0,124.0,0.0,-0.015625,0.0048,BRAKES_NOT_APPLIED,0.0048,NO_MODE_ACTIVE,0.0048,30.400000000000006,0.0199,19.6,0.0009,0.0,0.024,3.0,0.0004,3.774125,0.0076,D,0.0009
65.0608,120.0,120.0,0.0,-0.015625,0.0253,BRAKES_NOT_APPLIED,0.0253,NO_MODE_ACTIVE,0.0253,30.480000000000004,0.0003,19.6,0.0012,0.0,0.0243,3.0,0.001,3.704982,0.0079,D,0.0012
65.1605,118.0,118.0,0.0,-0.015625,0.0047,BRAKES_NOT_APPLIED,0.0047,NO_MODE_ACTIVE,0.0047,30.480000000000004,0.0198,19.6,0.0009,0.0,0.024,3.0,0.0005,3.6345750000000003,0.0076,D,0.0009
65.2605,118.0,118.0,0.0,-0.015625,0.025,BRAKES_NOT_APPLIED,0.025,NO_MODE_ACTIVE,0.025,30.480000000000004,0.0005,19.6,0.001,0.0,0.024,3.0,0.0007,3.63489,0.0076,D,0.001
65.3605,116.0,116.0,0.0,-0.015625,0.0048,BRAKES_NOT_APPLIED,0.0048,NO_MODE_ACTIVE,0.0048,30.560000000000002,0.0201,19.6,0.001,0.0,0.024,3.0,0.0005,3.600896,0.0076,D,0.001
65.4607,114.0,116.0,2.0,-0.015625,0.0251,BRAKES_NOT_APPLIED,0.0251,NO_MODE_ACTIVE,0.0251,30.560000000000002,0.0007,19.200000000000003,0.0012,0.0,0.0242,3.0,0.0009,3.5668900000000003,0.0078,D,0.0012
65.5607,114.0,114.0,0.0,-0.015625,0.0049,BRAKES_NOT_APPLIED,0.0049,NO_MODE_ACTIVE,0.0049,30.560000000000002,0.0203,19.200000000000003,0.0012,0.0,0.0242,3.0,0.0007,3.5319540000000003,0.0078,D,0.0012
65.6605,112.0,112.0,0.0,-0.015625,0.025,BRAKES_NOT_APPLIED,0.025,NO_MODE_ACTIVE,0.025,30.560000000000002,0.0002,19.200000000000003,0.0009,0.0,0.024,3.0,0.0007,3.4629000000000003,0.0076,D,0.0009
65.7605,110.0,110.0,0.0,-0.015625,0.0047,BRAKES_NOT_APPLIED,0.0047,NO_MODE_ACTIVE,0.0047,30.480000000000004,0.02,19.200000000000003,0.001,0.0,0.024,3.0,0.0007,3.394720000000001,0.0076,D,0.001
65.8605,108.0,108.0,0.0,-0.015625,0.0245,BRAKES_NOT_APPLIED,0.0245,NO_MODE_ACTIVE,0.0245,30.560000000000002,0.0002,19.200000000000003,0.001,0.0,0.0238,2.5,0.0007,3.3584310000000004,0.0076,D,0.001
65.9607,106.0,106.0,0.0,-0.015625,0.005,BRAKES_NOT_APPLIED,0.005,NO_MODE_ACTIVE,0.005,30.560000000000002,0.0202,19.200000000000003,0.0012,0.0,0.0242,2.5,0.0007,3.325440000000001,0.0078,D,0.0012
66.0605,106.0,106.0,0.0,-0.015625,0.0249,BRAKES_NOT_APPLIED,0.0249,NO_MODE_ACTIVE,0.0249,30.560000000000002,0.0198,19.200000000000003,0.0009,0.0,0.0239,2.5,0.0004,3.291085,0.0074,D,0.0009
66.1604,104.0,104.0,0.0,-0.015625,0.0047,BRAKES_NOT_APPLIED,0.0047,NO_MODE_ACTIVE,0.0047,30.64,0.0002,19.200000000000003,0.0009,0.0,0.0238,2.5,0.0007,3.256536,0.0075,D,0.0009
66.2604,100.0,100.0,0.0,-0.015625,0.0248,BRAKES_NOT_APPLIED,0.0248,NO_MODE_ACTIVE,0.0248,30.64,0.0005,18.8,0.0009,0.0,0.0238,2.5,0.0007,3.1864200000000005,0.0075,D,0.0009
66.3604,94.0,94.0,0.0,-0.015625,0.0047,BRAKES_NOT_APPLIED,0.0047,NO_MODE_ACTIVE,0.0047,30.72,0.0198,18.400000000000002,0.0009,0.0,0.0238,2.5,0.0007,3.0475280000000002,0.0074,D,0.0009
66.4604,88.0,88.0,0.0,-0.015625,0.0248,BRAKES_NOT_APPLIED,0.0248,NO_MODE_ACTIVE,0.0248,30.799999999999997,0.0002,18.400000000000002,0.0009,0.0,0.0238,2.5,0.0007,2.9455050000000003,0.0075,D,0.0009
66.5604,82.0,84.0,2.0,-0.015625,0.0048,BRAKES_NOT_APPLIED,0.0048,NO_MODE_ACTIVE,0.0048,30.879999999999995,0.0003,18.400000000000002,0.001,0.0,0.0238,2.0,0.0007,2.737034,0.0075,D,0.001
66.6603,76.0,76.0,0.0,-0.015625,0.0246,BRAKES_NOT_APPLIED,0.0246,NO_MODE_ACTIVE,0.0246,30.879999999999995,0.0196,18.400000000000002,0.0007,0.0,0.0237,2.0,0.0004,2.5649140000000004,0.0074,D,0.0007
66.7603,70.0,70.0,0.0,-0.015625,0.0045,BRAKES_NOT_APPLIED,0.0045,NO_MODE_ACTIVE,0.0045,30.879999999999995,0.0002,18.400000000000002,0.0009,0.0,0.0237,2.0,0.0007,2.42529,0.0074,D,0.0009
66.8604,64.0,64.0,0.0,-0.015625,0.0246,BRAKES_NOT_APPLIED,0.0246,NO_MODE_ACTIVE,0.0246,30.879999999999995,0.0002,18.0,0.001,0.0,0.0237,1.5,0.0007,2.2527049999999997,0.0075,D,0.001
66.9603,58.0,56.0,-2.0,-0.015625,0.0045,BRAKES_NOT_APPLIED,0.0045,NO_MODE_ACTIVE,0.0045,30.799999999999997,0.0002,18.0,0.0009,0.0,0.0237,1.5,0.0007,2.113406,0.0074,D,0.0009
67.0604,54.0,54.0,0.0,-0.015625,0.0248,BRAKES_NOT_APPLIED,0.0248,NO_MODE_ACTIVE,0.0248,30.799999999999997,0.0194,18.0,0.0007,0.0,0.0238,1.5,0.0003,1.9761330000000001,0.0075,D,0.0007
67.1603,50.0,50.0,0.0,-0.015625,0.0047,BRAKES_NOT_APPLIED,0.0047,NO_MODE_ACTIVE,0.0047,30.72,0.0002,18.0,0.0009,0.0,0.0237,1.5,0.0007,1.9070700000000003,0.0074,D,0.0009
67.2604,48.0,48.0,0.0,-0.015625,0.0248,BRAKES_NOT_APPLIED,0.0248,NO_MODE_ACTIVE,0.0248,30.799999999999997,0.0002,18.0,0.001,0.0,0.0238,1.0,0.0007,1.80258,0.0075,D,0.001
67.3603,46.0,48.0,2.0,-0.015625,0.0045,BRAKES_NOT_APPLIED,0.0045,NO_MODE_ACTIVE,0.0045,30.879999999999995,0.0002,18.0,0.0009,0.0,0.0237,1.0,0.0007,1.73345,0.0074,D,0.0009
67.4604,44.0,44.0,0.0,-0.015625,0.0248,BRAKES_NOT_APPLIED,0.0248,NO_MODE_ACTIVE,0.0248,30.879999999999995,0.0002,18.0,0.0009,0.0,0.0237,1.0,0.0007,1.6982910000000002,0.0075,D,0.0009
67.5603,44.0,42.0,-2.0,-0.015625,0.0045,BRAKES_NOT_APPLIED,0.0045,NO_MODE_ACTIVE,0.0045,30.879999999999995,0.0002,18.0,0.0009,0.0,0.0237,1.0,0.0007,1.698879,0.0074,D,0.0009
67.6604,42.0,42.0,0.0,-0.015625,0.0248,BRAKES_NOT_APPLIED,0.0248,NO_MODE_ACTIVE,0.0248,30.799999999999997,0.0002,18.0,0.0009,0.0,0.0237,1.0,0.0007,1.6648320000000003,0.0075,D,0.0009
67.7603,42.0,42.0,0.0,-0.015625,0.0045,BRAKES_NOT_APPLIED,0.0045,NO_MODE_ACTIVE,0.0045,30.799999999999997,0.0199,18.0,0.0009,0.0,0.0236,1.0,0.0007,1.6293490000000002,0.0074,D,0.0009
67.8604,40.0,42.0,2.0,-0.015625,0.0246,BRAKES_NOT_APPLIED,0.0246,NO_MODE_ACTIVE,0.0246,30.799999999999997,0.0002,18.0,0.0009,0.0,0.0237,1.0,0.0007,1.6293960000000003,0.0075,D,0.0009
67.9603,40.0,40.0,0.0,-0.015625,0.0045,BRAKES_NOT_APPLIED,0.0045,NO_MODE_ACTIVE,0.0045,30.799999999999997,0.0199,18.0,0.0009,0.0,0.0232,1.0,0.0007,1.55997,0.0074,D,0.0009
68.0604,38.0,38.0,0.0,-0.015625,0.0247,BRAKES_NOT_APPLIED,0.0247,NO_MODE_ACTIVE,0.0247,30.879999999999995,0.0002,18.0,0.0009,0.0,0.0237,1.0,0.0007,1.5262280000000001,0.0074,D,0.0009
68.1605,38.0,36.0,-2.0,-0.015625,0.0047,BRAKES_NOT_APPLIED,0.0047,NO_MODE_ACTIVE,0.0047,30.879999999999995,0.0002,18.0,0.001,0.0,0.0238,1.0,0.0007,1.525788,0.0076,D,0.001
68.2604,36.0,36.0,0.0,-0.015625,0.0247,BRAKES_NOT_APPLIED,0.0247,NO_MODE_ACTIVE,0.0247,30.799999999999997,0.0002,18.0,0.0009,0.0,0.0237,1.0,0.0007,1.491154,0.0075,D,0.0009
68.3603,36.0,36.0,0.0,-0.015625,0.0046,BRAKES_NOT_APPLIED,0.0046,NO_MODE_ACTIVE,0.0046,30.799999999999997,0.0005,17.6,0.001,0.0,0.0236,1.0,0.0008,1.4563920000000001,0.0073,D,0.001
68.4605,34.0,34.0,0.0,-0.015625,0.0248,BRAKES_NOT_APPLIED,0.0248,NO_MODE_ACTIVE,0.0248,30.799999999999997,0.0003,18.0,0.001,0.0,0.0238,1.0,0.0008,1.4565180000000002,0.0075,D,0.001
68.5606,34.0,34.0,0.0,-0.015625,0.0048,BRAKES_NOT_APPLIED,0.0048,NO_MODE_ACTIVE,0.0048,30.879999999999995,0.0003,17.6,0.0012,0.0,0.0239,1.0,0.001,1.4217570000000002,0.0077,D,0.0012
68.6602,32.0,32.0,0.0,-0.015625,0.0245,BRAKES_NOT_APPLIED,0.0245,NO_MODE_ACTIVE,0.0245,30.879999999999995,0.0195,17.6,0.0007,0.0,0.0235,1.0,0.0004,1.3869200000000002,0.0072,D,0.0007
68.7606,32.0,32.0,0.0,-0.015625,0.0048,BRAKES_NOT_APPLIED,0.0048,NO_MODE_ACTIVE,0.0048,30.879999999999995,0.0002,17.6,0.0012,0.0,0.0239,1.0,0.001,1.3524810000000003,0.0076,D,0.0012
68.8603,30.0,30.0,0.0,-0.015625,0.0242,BRAKES_NOT_APPLIED,0.0242,NO_MODE_ACTIVE,0.0242,30.799999999999997,0.0201,17.6,0.001,0.0,0.0235,0.5,0.0008,1.352286,0.0073,D,0.001
68.9604,30.0,30.0,0.0,-0.015625,0.0046,BRAKES_NOT_APPLIED,0.0046,NO_MODE_ACTIVE,0.0046,30.799999999999997,0.0007,17.6,0.0012,0.0,0.0236,0.5,0.0009,1.3527930000000001,0.0074,D,0.0012
69.0603,30.0,30.0,0.0,-0.015625,0.0246,BRAKES_NOT_APPLIED,0.0246,NO_MODE_ACTIVE,0.0246,30.799999999999997,0.0003,17.6,0.001,0.0,0.0235,0.5,0.0007,1.352637,0.0073,D,0.001
69.1606,30.0,30.0,0.0,-0.015625,0.0048,BRAKES_NOT_APPLIED,0.0048,NO_MODE_ACTIVE,0.0048,30.799999999999997,0.0003,17.6,0.0012,0.0,0.0238,0.5,0.001,1.3177640000000002,0.0076,D,0.0012
69.2603,30.0,30.0,0.0,-0.015625,0.0244,BRAKES_NOT_APPLIED,0.0244,NO_MODE_ACTIVE,0.0244,30.799999999999997,0.0002,17.6,0.0009,0.0,0.0235,0.5,0.0007,1.2833450000000002,0.0072,D,0.0009
69.3602,30.0,30.0,0.0,0.015625,0.0043,BRAKES_NOT_APPLIED,0.0043,NO_MODE_ACTIVE,0.0043,30.799999999999997,0.0005,17.6,0.0009,0.0,0.0234,0.5,0.0007,1.317384,0.0072,D,0.0009
69.4603,30.0,30.0,0.0,0.015625,0.0244,BRAKES_NOT_APPLIED,0.0244,NO_MODE_ACTIVE,0.0244,30.799999999999997,0.0002,17.6,0.001,0.0,0.0235,0.5,0.0007,1.2835670000000001,0.0073,D,0.001
69.5602,30.0,30.0,0.0,0.015625,0.0043,BRAKES_NOT_APPLIED,0.0043,NO_MODE_ACTIVE,0.0043,30.72,0.0205,17.6,0.0007,0.0,0.0234,0.5,0.0005,1.2830489999999999,0.0072,D,0.0007
69.6602,30.0,30.0,0.0,0.015625,0.0245,BRAKES_NOT_APPLIED,0.0245,NO_MODE_ACTIVE,0.0245,30.72,0.0205,17.6,0.0008,0.0,0.0234,0.5,0.0005,1.3179920000000003,0.0072,D,0.0008
69.7602,28.0,30.0,2.0,0.015625,0.0042,BRAKES_NOT_APPLIED,0.0042,TRANSITION_TO_IDLE,0.0042,30.72,0.0002,17.6,0.001,0.0,0.0234,0.5,0.0007,1.3176880000000002,0.007,D,0.001
69.8602,28.0,28.0,0.0,0.0,0.0241,BRAKES_NOT_APPLIED,0.0241,TRANSITION_TO_IDLE,0.0241,30.72,0.0005,17.6,0.001,0.0,0.0234,0.5,0.0007,1.318144,0.0072,D,0.001
69.9602,28.0,28.0,0.0,0.015625,0.0042,BRAKES_NOT_APPLIED,0.0042,TRANSITION_TO_IDLE,0.0042,30.72,0.0205,17.6,0.001,0.0,0.0234,0.5,0.0008,1.283493,0.0072,D,0.001
70.0602,28.0,28.0,0.0,0.015625,0.0243,BRAKES_NOT_APPLIED,0.0243,TRANSITION_TO_IDLE,0.0243,30.799999999999997,0.0206,17.6,0.001,0.0,0.0234,0.5,0.0007,1.317916,0.0072,D,0.001
70.1602,28.0,28.0,0.0,0.015625,0.0042,BRAKES_NOT_APPLIED,0.0042,TRANSITION_TO_IDLE,0.0042,30.799999999999997,0.0205,17.6,0.001,0.0,0.0234,0.5,0.0007,1.248912,0.0072,D,0.001
70.2601,26.0,26.0,0.0,0.015625,0.0244,BRAKES_NOT_APPLIED,0.0244,TRANSITION_TO_IDLE,0.0244,30.799999999999997,0.02,17.6,0.0009,0.0,0.0235,0.5,0.0006,1.248588,0.007,D,0.0009
70.3602,26.0,24.0,-2.0,0.0,0.0043,BRAKES_NOT_APPLIED,0.0043,TRANSITION_TO_IDLE,0.0043,30.72,0.0002,17.6,0.0009,0.0,0.0234,0.5,0.0007,1.21422,0.0072,D,0.0009
70.4602,26.0,26.0,0.0,0.0,0.0243,BRAKES_NOT_APPLIED,0.0243,TRANSITION_TO_IDLE,0.0243,30.64,0.0002,17.6,0.001,0.0,0.0236,0.5,0.0007,1.249452,0.0072,D,0.001
70.5602,26.0,26.0,0.0,0.0,0.0044,BRAKES_NOT_APPLIED,0.0044,TRANSITION_TO_IDLE,0.0044,30.64,0.0002,17.6,0.0009,0.0,0.0233,0.5,0.0007,1.2494880000000002,0.0071,D,0.0009
70.6602,26.0,26.0,0.0,0.015625,0.0245,BRAKES_NOT_APPLIED,0.0245,TRANSITION_TO_IDLE,0.0245,30.64,0.0002,17.6,0.0009,0.0,0.0236,0.5,0.0007,1.21457,0.0072,D,0.0009
70.76,26.0,26.0,0.0,0.0,0.0041,BRAKES_NOT_APPLIED,0.0041,TRANSITION_TO_IDLE,0.0041,30.72,0.0196,17.6,0.0007,0.0,0.0234,0.5,0.0004,1.180276,0.007,D,0.0007
70.8602,24.0,24.0,0.0,0.0,0.0245,BRAKES_NOT_APPLIED,0.0245,TRANSITION_TO_IDLE,0.0245,30.64,0.0002,17.6,0.0009,0.0,0.0234,0.5,0.0007,1.1454630000000001,0.0071,D,0.0009
70.96,22.0,22.0,0.0,0.0,0.0041,BRAKES_NOT_APPLIED,0.0041,TRANSITION_TO_IDLE,0.0041,30.64,0.0197,17.6,0.0007,0.0,0.0234,0.5,0.0002,1.1454300000000002,0.007,D,0.0007
71.06,22.0,22.0,0.0,0.0,0.0243,BRAKES_NOT_APPLIED,0.0243,TRANSITION_TO_IDLE,0.0243,30.64,0.0204,17.6,0.0007,0.0,0.0234,0.5,0.0005,1.1104960000000001,0.007,D,0.0007
71.16,22.0,22.0,0.0,0.0,0.0041,BRAKES_NOT_APPLIED,0.0041,TRANSITION_TO_IDLE,0.0041,30.560000000000002,0.0204,17.6,0.0007,0.0,0.0234,0.5,0.0005,1.0760410000000002,0.0069,D,0.0007
71.2602,20.0,20.0,0.0,0.0,0.0243,BRAKES_NOT_APPLIED,0.0243,TRANSITION_TO_IDLE,0.0243,30.560000000000002,0.0206,17.6,0.0009,0.0,0.0232,0.5,0.0006,1.041,0.007,D,0.0009
71.36,20.0,20.0,0.0,0.0,0.0041,BRAKES_NOT_APPLIED,0.0041,TRANSITION_TO_IDLE,0.0041,30.560000000000002,0.0004,17.6,0.0009,0.0,0.0234,0.5,0.0007,1.0413299999999999,0.007,D,0.0009
71.46,20.0,20.0,0.0,0.0,0.0242,BRAKES_NOT_APPLIED,0.0242,TRANSITION_TO_IDLE,0.0242,30.560000000000002,0.0204,17.6,0.0007,0.0,0.0234,0.5,0.0004,1.04115,0.007,D,0.0007
71.5601,18.0,18.0,0.0,0.0,0.0042,BRAKES_NOT_APPLIED,0.0042,TRANSITION_TO_IDLE,0.0042,30.560000000000002,0.0205,17.6,0.001,0.0,0.0235,0.5,0.0005,1.04103,0.0071,D,0.001
71.66,18.0,18.0,0.0,0.0,0.0243,BRAKES_NOT_APPLIED,0.0243,TRANSITION_TO_IDLE,0.0243,30.560000000000002,0.0002,17.6,0.0009,0.0,0.0234,0.5,0.0007,0.971964,0.007,D,0.0009
71.7601,18.0,16.0,-2.0,0.0,0.0043,BRAKES_NOT_APPLIED,0.0043,TRANSITION_TO_IDLE,0.0043,30.560000000000002,0.0206,16.8,0.001,0.0,0.0235,0.5,0.0005,1.0413299999999999,0.0071,D,0.001
71.8601,6.0,6.0,0.0,0.0,0.0242,BRAKES_NOT_APPLIED,0.0242,TRANSITION_TO_IDLE,0.0242,30.560000000000002,0.0206,13.600000000000001,0.001,0.0,0.0233,0.0,0.0005,0.798238,0.0071,D,0.001
71.9601,-40.0,-26.0,14.0,0.0,0.0042,BRAKES_NOT_APPLIED,0.0042,TRANSITION_TO_IDLE,0.0042,30.560000000000002,0.0206,4.800000000000001,0.0009,0.0,0.0235,0.0,0.0007,0.31245300000000004,0.0071,D,0.0009
72.0601,-160.0,-160.0,0.0,0.0,0.0244,BRAKES_NOT_APPLIED,0.0244,TRANSITION_TO_IDLE,0.0244,30.560000000000002,0.0003,0.0,0.001,0.0,0.0235,-3.0,0.0007,-1.5989140000000004,0.007,D,0.001
72.1601,-316.0,-316.0,0.0,0.0,0.0041,BRAKES_NOT_APPLIED,0.0041,TRANSITION_TO_IDLE,0.0041,30.480000000000004,0.0206,0.0,0.001,0.0,0.0234,-7.5,0.0008,-6.6913920000000005,0.0071,D,0.001
72.2619,-428.0,-428.0,0.0,0.0,0.026,BRAKES_NOT_APPLIED,0.026,TRANSITION_TO_IDLE,0.026,30.239999999999995,0.0009,0.0,0.0014,0.0,0.0252,-10.5,0.0012,-9.564244,0.0089,D,0.0014
72.3618,-496.0,-496.0,0.0,0.0,0.0058,BRAKES_NOT_APPLIED,0.0058,TRANSITION_TO_IDLE,0.0058,30.0,0.0007,0.0,0.0017,0.0,0.0251,-12.0,0.0012,-11.358425,0.0086,D,0.0017
72.4618,-540.0,-540.0,0.0,0.0,0.0259,BRAKES_NOT_APPLIED,0.0259,TRANSITION_TO_IDLE,0.0259,29.680000000000007,0.0008,0.0,0.0015,0.0,0.0251,-12.5,0.0013,-12.167820000000003,0.0088,D,0.0015
72.5613,-568.0,-568.0,0.0,0.0,0.0054,BRAKES_NOT_APPLIED,0.0054,TRANSITION_TO_IDLE,0.0054,29.36,0.0005,0.0,0.0012,0.0,0.0246,-13.5,0.0007,-12.838027000000002,0.0083,D,0.0012
72.6614,-586.0,-614.0,-28.0,0.0,0.0256,BRAKES_NOT_APPLIED,0.0256,TRANSITION_TO_IDLE,0.0256,29.040000000000006,0.0007,0.0,0.0011,0.0,0.0247,-13.5,0.0009,-12.970531000000001,0.0084,D,0.0011
72.7614,-598.0,-598.0,0.0,0.0,0.0054,BRAKES_NOT_APPLIED,0.0054,TRANSITION_TO_IDLE,0.0054,28.72,0.0007,0.0,0.0011,0.0,0.0247,-14.0,0.0009,-13.11825,0.0082,D,0.0011
72.8618,-606.0,-602.0,4.0,0.0,0.0259,BRAKES_NOT_APPLIED,0.0259,TRANSITION_TO_IDLE,0.0259,28.320000000000007,0.001,0.0,0.0015,0.0,0.025,-13.5,0.0013,-13.012188000000002,0.0088,D,0.0015
72.9613,-610.0,-610.0,0.0,0.0,0.0054,BRAKES_NOT_APPLIED,0.0054,TRANSITION_TO_IDLE,0.0054,27.92,0.0002,0.0,0.0012,0.0,0.0246,-13.5,0.0007,-12.910941,0.008,D,0.0012
73.0617,-614.0,-614.0,0.0,0.0,0.0259,BRAKES_NOT_APPLIED,0.0259,TRANSITION_TO_IDLE,0.0259,27.519999999999996,0.0009,0.0,0.0013,0.0,0.0246,-13.5,0.0011,-12.904668,0.0086,D,0.0013
73.1612,-616.0,-616.0,0.0,0.0,0.0053,BRAKES_NOT_APPLIED,0.0053,TRANSITION_TO_IDLE,0.0053,27.120000000000005,0.0004,0.0,0.0011,0.0,0.0245,-13.5,0.0007,-12.76843,0.0082,D,0.0011
73.2612,-618.0,-616.0,2.0,0.0,0.0254,BRAKES_NOT_APPLIED,0.0254,TRANSITION_TO_IDLE,0.0254,26.72,0.0002,0.0,0.0009,0.0,0.0241,-13.0,0.0004,-12.588479999999999,0.0081,D,0.0009
73.3618,-618.0,-622.0,-4.0,0.0,0.0059,BRAKES_NOT_APPLIED,0.0059,TRANSITION_TO_IDLE,0.0059,26.400000000000006,0.0011,0.0,0.0016,0.0,0.0251,-13.0,0.0013,-12.409379999999999,0.0088,D,0.0016
73.4612,-620.0,-620.0,0.0,0.0,0.0252,BRAKES_NOT_APPLIED,0.0252,TRANSITION_TO_IDLE,0.0252,25.92,0.0004,0.0,0.0009,0.0,0.0241,-13.0,0.0007,-12.165384000000001,0.0082,D,0.0009
73.5612,-620.0,-618.0,2.0,0.0,0.0052,BRAKES_NOT_APPLIED,0.0052,TRANSITION_TO_IDLE,0.0052,25.599999999999994,0.0006,0.0,0.0011,0.0,0.0245,-12.5,0.0008,-12.132855000000001,0.0081,D,0.0011
73.6612,-620.0,-620.0,0.0,0.0,0.0254,BRAKES_NOT_APPLIED,0.0254,TRANSITION_TO_IDLE,0.0254,25.200000000000003,0.0004,0.0,0.0011,0.0,0.0241,-12.5,0.0009,-11.919655,0.0082,D,0.0011
73.7612,-620.0,-620.0,0.0,0.0,0.0052,BRAKES_NOT_APPLIED,0.0052,TRANSITION_TO_IDLE,0.0052,24.799999999999997,0.0005,0.0,0.0012,0.0,0.0241,-12.5,0.0007,-11.744208000000002,0.0081,D,0.0012
73.8613,-620.0,-620.0,0.0,0.03125,0.0253,BRAKES_NOT_APPLIED,0.0253,TRANSITION_TO_IDLE,0.0253,24.400000000000006,0.0005,0.0,0.0012,0.0,0.0244,-12.0,0.001,-11.499208,0.0082,D,0.0012
73.9611,-620.0,-622.0,-2.0,0.15625,0.005,BRAKES_NOT_APPLIED,0.005,LOCAL_BRAKE_REQUEST,0.005,24.0,0.0005,0.0,0.0009,0.0,0.024,-12.0,0.0007,-11.395330000000001,0.008,D,0.0009
74.0613,-620.0,-620.0,0.0,0.078125,0.0252,BRAKES_NOT_APPLIED,0.0252,LOCAL_BRAKE_REQUEST,0.0252,23.68,0.0005,0.0,0.0014,0.0,0.0242,-12.0,0.0007,-11.147136,0.0081,D,0.0014
74.1611,-622.0,-620.0,2.0,0.0,0.005,BRAKES_NOT_APPLIED,0.005,LOCAL_BRAKE_REQUEST,0.005,23.36,0.0202,0.0,0.0008,0.0,0.024,-11.5,0.0002,-10.973358000000003,0.008,D,0.0008
74.2612,-618.0,-618.0,0.0,0.0,0.0252,BRAKES_NOT_APPLIED,0.0252,LOCAL_BRAKE_REQUEST,0.0252,22.880000000000003,0.0004,0.0,0.0009,0.0,0.0241,-11.5,0.0007,-10.833570000000002,0.0081,D,0.0009
74.3606,-606.0,-606.0,0.0,0.0,0.0045,BRAKES_NOT_APPLIED,0.0045,LOCAL_BRAKE_REQUEST,0.0045,22.480000000000004,0.0007,0.0,0.0014,0.0,0.0235,-11.0,0.0012,-10.623584000000001,0.0075,D,0.0014
74.4605,-600.0,-602.0,-2.0,0.0,0.0244,BRAKES_NOT_APPLIED,0.0244,LOCAL_BRAKE_REQUEST,0.0244,22.160000000000004,0.0197,0.0,0.0013,0.0,0.0234,-10.5,0.0006,-10.096793000000002,0.0074,D,0.0013
74.5601,-592.0,-586.0,6.0,0.0,0.004,BRAKES_NOT_APPLIED,0.004,LOCAL_BRAKE_REQUEST,0.004,21.759999999999998,0.0191,0.0,0.0009,0.0,0.023,-10.0,0.0007,-9.638196,0.007,D,0.0009
74.6601,-564.0,-572.0,-8.0,0.0,0.024,BRAKES_NOT_APPLIED,0.024,LOCAL_BRAKE_REQUEST,0.024,21.36,0.0002,0.0,0.0009,0.0,0.023,-10.0,0.0007,-9.18922,0.007,D,0.0009
74.7608,-550.0,-550.0,0.0,0.0,0.0047,BRAKES_NOT_APPLIED,0.0047,LOCAL_BRAKE_REQUEST,0.0047,21.04,0.0002,0.0,0.0016,0.0,0.0237,-9.5,0.0009,-8.904855,0.0076,D,0.0016
74.8601,-534.0,-546.0,-12.0,0.0,0.0239,BRAKES_NOT_APPLIED,0.0239,LOCAL_BRAKE_REQUEST,0.0239,20.72,0.0203,0.0,0.0009,0.0,0.0232,-9.0,0.0004,-8.38032,0.007,D,0.0009
74.9609,-528.0,-524.0,4.0,0.0,0.0048,BRAKES_NOT_APPLIED,0.0048,LOCAL_BRAKE_REQUEST,0.0048,20.4,0.0203,0.0,0.0011,0.0,0.0238,-8.5,0.0002,-8.134496,0.0078,D,0.0011
75.0608,-510.0,-510.0,0.0,0.59375,0.0247,DRIVER_APPLYING_BRAKES,0.0247,LOCAL_BRAKE_REQUEST,0.0247,20.0,0.0002,0.0,0.0011,0.0,0.0237,-8.5,0.0007,-7.746246000000001,0.0075,D,0.0011
75.1605,-490.0,-500.0,-10.0,2.671875,0.0044,DRIVER_APPLYING_BRAKES,0.0044,LOCAL_BRAKE_REQUEST,0.0044,19.68,0.0004,0.0,0.0014,1.0,0.0234,-8.0,0.0009,-7.32291,0.0074,D,0.0014
75.2601,-472.0,-468.0,4.0,4.0625,0.024,DRIVER_APPLYING_BRAKES,0.024,LOCAL_BRAKE_REQUEST,0.024,19.36,0.0197,0.0,0.0009,1.0,0.023,-7.5,0.0002,-6.837656000000001,0.0069,D,0.0009
75.3601,-460.0,-460.0,0.0,4.765625,0.004,DRIVER_APPLYING_BRAKES,0.004,LOCAL_BRAKE_REQUEST,0.004,18.800000000000004,0.0204,0.0,0.0009,1.0,0.0229,-7.0,0.0002,-6.239403,0.0069,D,0.0009
75.4601,-424.0,-424.0,0.0,4.875,0.024,DRIVER_APPLYING_BRAKES,0.024,LOCAL_BRAKE_REQUEST,0.024,18.240000000000002,0.0204,0.0,0.0009,1.0,0.023,-6.5,0.0002,-5.5776,0.007,D,0.0009
75.5606,-404.0,-418.0,-14.0,4.9375,0.0045,DRIVER_APPLYING_BRAKES,0.0045,LOCAL_BRAKE_REQUEST,0.0045,17.439999999999998,0.0002,0.0,0.0014,1.0,0.0234,-5.5,0.001,-5.01768,0.0075,D,0.0014
75.6607,-374.0,-374.0,0.0,4.953125,0.0246,DRIVER_APPLYING_BRAKES,0.0246,LOCAL_BRAKE_REQUEST,0.0246,16.800000000000004,0.0002,0.0,0.0015,1.0,0.0236,-5.0,0.0008,-4.459392,0.0075,D,0.0015
75.7601,-350.0,-352.0,-2.0,4.984375,0.004,DRIVER_APPLYING_BRAKES,0.004,LOCAL_BRAKE_REQUEST,0.004,16.160000000000004,0.0002,0.0,0.0011,1.0,0.0229,-4.5,0.0009,-3.9002880000000006,0.0069,D,0.0011
75.8601,-322.0,-322.0,0.0,5.0,0.0239,DRIVER_APPLYING_BRAKES,0.0239,LOCAL_BRAKE_REQUEST,0.0239,15.68,0.0204,0.0,0.0009,1.0,0.0232,-4.0,0.0002,-3.4812,0.007,D,0.0009
75.9604,-300.0,-302.0,-2.0,5.015625,0.0042,DRIVER_APPLYING_BRAKES,0.0042,LOCAL_BRAKE_REQUEST,0.0042,15.120000000000005,0.0199,0.0,0.0012,1.0,0.0232,-3.5,0.0005,-3.0280350000000005,0.0072,D,0.0012
76.0601,-270.0,-292.0,-22.0,5.046875,0.024,DRIVER_APPLYING_BRAKES,0.024,LOCAL_BRAKE_REQUEST,0.024,14.399999999999999,0.0005,0.0,0.0012,1.0,0.0232,-3.5,0.0009,-2.748805,0.007,D,0.0012
76.1601,-252.0,-252.0,0.0,5.078125,0.0039,DRIVER_APPLYING_BRAKES,0.0039,LOCAL_BRAKE_REQUEST,0.0039,14.0,0.0204,0.0,0.001,1.0,0.0229,-3.0,0.0003,-2.2952160000000004,0.007,D,0.001
76.2601,-228.0,-226.0,2.0,5.09375,0.024,DRIVER_APPLYING_BRAKES,0.024,LOCAL_BRAKE_REQUEST,0.024,13.280000000000001,0.0002,0.0,0.0012,1.0,0.0232,-2.5,0.0007,-1.878498,0.0068,D,0.0012
76.3601,-198.0,-200.0,-2.0,5.109375,0.004,DRIVER_APPLYING_BRAKES,0.004,LOCAL_BRAKE_REQUEST,0.004,12.719999999999999,0.0002,0.0,0.0012,1.0,0.0229,-2.0,0.0009,-1.6000640000000004,0.007,D,0.0012
76.4606,-184.0,-184.0,0.0,5.109375,0.0244,DRIVER_APPLYING_BRAKES,0.0244,LOCAL_BRAKE_REQUEST,0.0244,12.32,0.0209,0.0,0.0014,1.0,0.0236,-2.0,0.0005,-1.21695,0.0075,D,0.0014
76.5599,-162.0,-158.0,4.0,5.125,0.0037,DRIVER_APPLYING_BRAKES,0.0037,LOCAL_BRAKE_REQUEST,0.0037,11.759999999999998,0.0202,0.0,0.001,1.0,0.0229,-1.5,0.0005,-0.9737840000000002,0.0066,D,0.001
76.6599,-138.0,-146.0,-8.0,5.125,0.0238,DRIVER_APPLYING_BRAKES,0.0238,LOCAL_BRAKE_REQUEST,0.0238,11.280000000000001,0.0202,0.0,0.0009,1.0,0.0229,-1.5,0.0004,-0.7645660000000002,0.0068,D,0.0009
76.7601,-114.0,-114.0,0.0,5.125,0.0039,DRIVER_APPLYING_BRAKES,0.0039,LOCAL_BRAKE_REQUEST,0.0039,10.719999999999999,0.0202,0.0,0.0012,1.0,0.0232,-1.0,0.0007,-0.52128,0.007,D,0.0012
76.8599,-94.0,-92.0,2.0,5.125,0.0237,DRIVER_APPLYING_BRAKES,0.0237,LOCAL_BRAKE_REQUEST,0.0237,10.160000000000004,0.0002,0.0,0.0009,1.0,0.0226,-1.0,0.0007,-0.243257,0.0066,D,0.0009
76.9599,-76.0,-74.0,2.0,5.125,0.0037,DRIVER_APPLYING_BRAKES,0.0037,LOCAL_BRAKE_REQUEST,0.0037,9.759999999999998,0.0199,0.0,0.001,1.0,0.0226,-0.5,0.0005,-0.069492,0.0068,D,0.001
77.0604,-54.0,-52.0,2.0,5.125,0.0243,DRIVER_APPLYING_BRAKES,0.0243,LOCAL_BRAKE_REQUEST,0.0243,9.120000000000005,0.0003,0.0,0.0015,1.0,0.0231,-0.5,0.001,0.138956,0.0073,D,0.0015
77.1609,-34.0,-34.0,0.0,5.109375,0.0047,DRIVER_APPLYING_BRAKES,0.0047,LOCAL_BRAKE_REQUEST,0.0047,8.64,0.0005,0.0,0.0013,1.0,0.0236,0.0,0.0007,0.277888,0.0076,D,0.0013
77.2606,-14.0,-12.0,2.0,5.109375,0.0245,DRIVER_APPLYING_BRAKES,0.0245,LOCAL_BRAKE_REQUEST,0.0245,8.32,0.0002,0.0,0.0016,1.0,0.0234,0.0,0.0009,0.555616,0.0075,D,0.0016
77.361,-6.0,-12.0,-6.0,5.109375,0.0048,DRIVER_APPLYING_BRAKES,0.0048,LOCAL_BRAKE_REQUEST,0.0048,7.840000000000003,0.0203,0.0,0.0011,1.0,0.024,0.0,0.0002,0.41679600000000006,0.0078,D,0.0011
77.4604,0.0,-6.0,-6.0,5.109375,0.0241,DRIVER_APPLYING_BRAKES,0.0241,LOCAL_BRAKE_REQUEST,0.0241,7.359999999999999,0.0198,0.0,0.0014,1.0,0.0232,0.0,0.0007,0.451386,0.0071,D,0.0014
77.5606,0.0,0.0,0.0,5.109375,0.0044,DRIVER_APPLYING_BRAKES,0.0044,LOCAL_BRAKE_REQUEST,0.0044,6.800000000000004,0.0002,0.0,0.0017,1.0,0.0234,0.0,0.0009,0.48619200000000007,0.0073,D,0.0017
77.6604,0.0,0.0,0.0,5.109375,0.0242,DRIVER_APPLYING_BRAKES,0.0242,LOCAL_BRAKE_REQUEST,0.0242,6.32,0.0007,0.0,0.0014,1.0,0.0232,0.0,0.0012,0.5208149999999999,0.0073,D,0.0014
77.7597,0.0,0.0,0.0,5.140625,0.0035,DRIVER_APPLYING_BRAKES,0.0035,LOCAL_BRAKE_REQUEST,0.0035,5.840000000000003,0.0008,0.0,0.0012,1.0,0.0225,0.0,0.001,0.45128199999999996,0.0064,D,0.0012
77.8597,0.0,0.0,0.0,5.15625,0.0233,DRIVER_APPLYING_BRAKES,0.0233,LOCAL_BRAKE_REQUEST,0.0233,5.439999999999998,0.0008,0.0,0.0012,1.0,0.022,0.0,0.001,0.48610800000000004,0.0066,D,0.0012
77.9594,0.0,0.0,0.0,5.328125,0.0032,DRIVER_APPLYING_BRAKES,0.0032,LOCAL_BRAKE_REQUEST,0.0032,4.960000000000001,0.0002,0.0,0.0009,1.0,0.0222,0.0,0.0004,0.45123,0.0062,D,0.0009
78.0597,0.0,0.0,0.0,5.484375,0.0235,DRIVER_APPLYING_BRAKES,0.0235,LOCAL_BRAKE_REQUEST,0.0235,4.399999999999999,0.0008,0.0,0.0012,1.0,0.0225,0.0,0.001,0.45116500000000004,0.0063,D,0.0012
78.1597,0.0,0.0,0.0,5.84375,0.0035,DRIVER_APPLYING_BRAKES,0.0035,LOCAL_BRAKE_REQUEST,0.0035,3.8400000000000034,0.0008,0.0,0.0012,1.0,0.0225,0.0,0.001,0.45146400000000003,0.0065,D,0.0012
78.2597,0.0,0.0,0.0,6.03125,0.0235,DRIVER_APPLYING_BRAKES,0.0235,LOCAL_BRAKE_REQUEST,0.0235,3.1199999999999974,0.0008,0.0,0.0012,1.0,0.0225,0.0,0.001,0.45124300000000006,0.0065,D,0.0012
78.3601,0.0,0.0,0.0,6.0625,0.0039,DRIVER_APPLYING_BRAKES,0.0039,LOCAL_BRAKE_REQUEST,0.0039,2.5600000000000023,0.0012,0.0,0.0016,1.0,0.0229,0.0,0.0014,0.48615,0.0067,D,0.0016
78.4594,0.0,0.0,0.0,6.046875,0.0231,DRIVER_APPLYING_BRAKES,0.0231,LOCAL_BRAKE_REQUEST,0.0231,1.2800000000000011,0.0002,0.0,0.0009,1.0,0.0222,0.0,0.0005,0.4516200000000001,0.0062,D,0.0009
78.5597,0.0,0.0,0.0,6.03125,0.0035,DRIVER_APPLYING_BRAKES,0.0035,LOCAL_BRAKE_REQUEST,0.0035,0.3200000000000003,0.0008,0.0,0.0012,1.0,0.0222,0.0,0.001,0.45137299999999997,0.0065,D,0.0012
78.6594,0.0,0.0,0.0,5.96875,0.0232,DRIVER_APPLYING_BRAKES,0.0232,LOCAL_BRAKE_REQUEST,0.0232,-0.1599999999999966,0.0002,0.0,0.0009,1.0,0.022,0.0,0.0007,0.555232,0.0062,D,0.0009
78.7594,0.0,0.0,0.0,5.5625,0.003,DRIVER_APPLYING_BRAKES,0.003,LOCAL_BRAKE_REQUEST,0.003,-0.1599999999999966,0.0002,0.0,0.0009,1.0,0.0222,0.0,0.0007,0.48582800000000004,0.0062,P,0.0009
78.8592,0.0,0.0,0.0,5.546875,0.023,DRIVER_APPLYING_BRAKES,0.023,LOCAL_BRAKE_REQUEST,0.023,-0.0799999999999983,0.0003,0.0,0.0007,1.0,0.0219,0.0,0.0005,0.48616400000000004,0.006,P,0.0007
78.9594,0.0,0.0,0.0,5.546875,0.0031,DRIVER_APPLYING_BRAKES,0.0031,LOCAL_BRAKE_REQUEST,0.0031,0.0,0.0206,0.0,0.0009,1.0,0.0222,0.0,0.0002,0.48602400000000007,0.0062,P,0.0009
79.059,0.0,0.0,0.0,5.5,0.0228,DRIVER_APPLYING_BRAKES,0.0228,LOCAL_BRAKE_REQUEST,0.0228,0.0,0.0199,0.0,0.0005,1.0,0.0218,0.0,0.0003,0.48623400000000006,0.0058,P,0.0005
79.159,0.0,0.0,0.0,5.5,0.0028,DRIVER_APPLYING_BRAKES,0.0028,LOCAL_BRAKE_REQUEST,0.0028,0.0,0.0202,0.0,0.0005,1.0,0.0218,0.0,0.0003,0.485982,0.0058,P,0.0005
79.2593,0.0,0.0,0.0,5.5,0.0231,DRIVER_APPLYING_BRAKES,0.0231,LOCAL_BRAKE_REQUEST,0.0231,0.0,0.0003,0.0,0.001,1.0,0.0221,0.0,0.0005,0.45126900000000003,0.0061,P,0.001
79.3596,0.0,0.0,0.0,5.46875,0.0033,DRIVER_APPLYING_BRAKES,0.0033,LOCAL_BRAKE_REQUEST,0.0033,0.0,0.0208,0.0,0.0011,1.0,0.0224,0.0,0.0003,0.48612200000000005,0.0064,P,0.0011
79.4592,0.0,0.0,0.0,5.484375,0.0228,DRIVER_APPLYING_BRAKES,0.0228,LOCAL_BRAKE_REQUEST,0.0228,0.0,0.0201,0.0,0.0007,1.0,0.0219,0.0,0.0002,0.555424,0.006,P,0.0007
79.5594,0.0,0.0,0.0,5.640625,0.0031,DRIVER_APPLYING_BRAKES,0.0031,LOCAL_BRAKE_REQUEST,0.0031,0.0,0.0002,0.0,0.0009,1.0,0.0222,0.0,0.0007,0.5901040000000001,0.0062,P,0.0009
79.6593,0.0,0.0,0.0,5.859375,0.0231,DRIVER_APPLYING_BRAKES,0.0231,LOCAL_BRAKE_REQUEST,0.0231,0.0,0.0002,0.0,0.0008,1.0,0.0221,0.0,0.0005,0.659452,0.006,P,0.0008
79.7592,0.0,0.0,0.0,6.21875,0.003,DRIVER_APPLYING_BRAKES,0.003,LOCAL_BRAKE_REQUEST,0.003,0.0,0.0002,0.0,0.0007,1.0,0.022,0.0,0.0005,0.69418,0.0059,P,0.0007
79.8595,0.0,0.0,0.0,6.453125,0.0232,DRIVER_APPLYING_BRAKES,0.0232,LOCAL_BRAKE_REQUEST,0.0232,0.0,0.0205,0.0,0.001,1.0,0.0221,0.0,0.0002,0.69432,0.0062,P,0.001
79.9594,0.0,0.0,0.0,6.59375,0.0031,DRIVER_APPLYING_BRAKES,0.0031,LOCAL_BRAKE_REQUEST,0.0031,0.0,0.0206,0.0,0.0009,1.0,0.0222,0.0,0.0002,0.48612200000000005,0.0061,P,0.0009
80.0592,0.0,0.0,0.0,6.65625,0.023,DRIVER_APPLYING_BRAKES,0.023,LOCAL_BRAKE_REQUEST,0.023,0.0,0.0002,0.0,0.001,1.0,0.0219,0.0,0.0007,0.451334,0.0059,P,0.001
80.1596,0.0,0.0,0.0,6.6875,0.0034,DRIVER_APPLYING_BRAKES,0.0034,LOCAL_BRAKE_REQUEST,0.0034,0.0,0.0003,0.0,0.0011,1.0,0.0223,0.0,0.0009,0.4860100000000001,0.0063,P,0.0011
80.259,0.0,0.0,0.0,6.703125,0.0228,DRIVER_APPLYING_BRAKES,0.0228,LOCAL_BRAKE_REQUEST,0.0228,0.0,0.0202,0.0,0.0008,1.0,0.0217,0.0,0.0003,0.45136000000000004,0.0057,P,0.0008
80.3597,0.0,0.0,0.0,6.71875,0.0035,DRIVER_APPLYING_BRAKES,0.0035,LOCAL_BRAKE_REQUEST,0.0035,0.0,0.021,0.0,0.0012,1.0,0.0224,0.0,0.0008,0.45126900000000003,0.0064,P,0.0012
80.4594,0.0,0.0,0.0,6.734375,0.0229,DRIVER_APPLYING_BRAKES,0.0229,LOCAL_BRAKE_REQUEST,0.0229,0.0,0.0002,0.0,0.001,1.0,0.0221,0.0,0.0007,0.451321,0.006,P,0.001
80.5594,0.0,0.0,0.0,6.734375,0.0031,DRIVER_APPLYING_BRAKES,0.0031,LOCAL_BRAKE_REQUEST,0.0031,0.0,0.0007,0.0,0.0012,1.0,0.0221,0.0,0.0009,0.45126900000000003,0.0061,P,0.0012
80.6587,0.0,0.0,0.0,6.75,0.0225,DRIVER_APPLYING_BRAKES,0.0225,LOCAL_BRAKE_REQUEST,0.0225,0.0,0.0197,0.0,0.0005,1.0,0.0214,0.0,0.0002,0.48580000000000007,0.0054,P,0.0005
80.7594,0.0,0.0,0.0,6.75,0.0031,DRIVER_APPLYING_BRAKES,0.0031,LOCAL_BRAKE_REQUEST,0.0031,0.0,0.0002,0.0,0.0012,1.0,0.0221,0.0,0.0007,0.4511,0.0061,P,0.0012
80.8592,0.0,0.0,0.0,6.765625,0.0229,DRIVER_APPLYING_BRAKES,0.0229,LOCAL_BRAKE_REQUEST,0.0229,0.0,0.0003,0.0,0.001,1.0,0.0218,0.0,0.0005,0.48596800000000007,0.0059,P,0.001
80.9587,0.0,0.0,0.0,6.78125,0.0024,DRIVER_APPLYING_BRAKES,0.0024,LOCAL_BRAKE_REQUEST,0.0024,0.0,0.0197,0.0,0.0002,1.0,0.0213,0.0,0.0093,0.45125600000000005,0.0054,P,0.0002
81.059,0.0,0.0,0.0,6.78125,0.0227,DRIVER_APPLYING_BRAKES,0.0227,LOCAL_BRAKE_REQUEST,0.0227,0.0,0.0003,0.0,0.0008,1.0,0.0216,0.0,0.0005,0.48602400000000007,0.0057,P,0.0008
81.1591,0.0,0.0,0.0,6.78125,0.0028,DRIVER_APPLYING_BRAKES,0.0028,LOCAL_BRAKE_REQUEST,0.0028,0.0,0.0003,0.0,0.0009,1.0,0.0215,0.0,0.0006,0.45113900000000007,0.0057,P,0.0009
81.2593,0.0,0.0,0.0,6.796875,0.023,DRIVER_APPLYING_BRAKES,0.023,LOCAL_BRAKE_REQUEST,0.023,0.0,0.0002,0.0,0.0009,1.0,0.0219,0.0,0.0007,0.45121700000000003,0.0059,P,0.0009
81.3592,0.0,0.0,0.0,6.796875,0.0029,DRIVER_APPLYING_BRAKES,0.0029,LOCAL_BRAKE_REQUEST,0.0029,0.0,0.0002,0.0,0.0008,1.0,0.0219,0.0,0.0004,0.485982,0.0058,P,0.0008
81.4594,0.0,0.0,0.0,6.796875,0.0231,DRIVER_APPLYING_BRAKES,0.0231,LOCAL_BRAKE_REQUEST,0.0231,0.0,0.0008,0.0,0.0013,1.0,0.022,0.0,0.001,0.451386,0.006,P,0.0013
81.5594,0.0,0.0,0.0,6.796875,0.0031,DRIVER_APPLYING_BRAKES,0.0031,LOCAL_BRAKE_REQUEST,0.0031,0.0,0.0007,0.0,0.0012,1.0,0.022,0.0,0.0009,0.4165080000000001,0.006,P,0.0012
81.659,0.0,0.0,0.0,6.796875,0.0227,DRIVER_APPLYING_BRAKES,0.0227,LOCAL_BRAKE_REQUEST,0.0227,0.0,0.0003,0.0,0.0008,1.0,0.0216,0.0,0.0005,0.45126900000000003,0.0058,P,0.0008
81.759,0.0,0.0,0.0,6.796875,0.0026,DRIVER_APPLYING_BRAKES,0.0026,LOCAL_BRAKE_REQUEST,0.0026,0.0,0.0202,0.0,0.0008,1.0,0.0216,0.0,0.0003,0.451477,0.0056,P,0.0008
81.859,0.0,0.0,0.0,6.796875,0.0224,DRIVER_APPLYING_BRAKES,0.0224,LOCAL_BRAKE_REQUEST,0.0224,0.0,0.0003,0.0,0.0009,1.0,0.0216,0.0,0.0005,0.48602400000000007,0.0056,P,0.0009
81.9589,0.0,0.0,0.0,6.796875,0.0026,DRIVER_APPLYING_BRAKES,0.0026,LOCAL_BRAKE_REQUEST,0.0026,0.0,0.0198,0.0,0.0007,1.0,0.0215,0.0,0.0002,0.45134700000000005,0.0056,P,0.0007
82.0587,0.0,0.0,0.0,6.796875,0.0224,DRIVER_APPLYING_BRAKES,0.0224,LOCAL_BRAKE_REQUEST,0.0224,0.0,0.0196,0.0,0.0005,1.0,0.0213,0.0,0.0002,0.45126900000000003,0.0053,P,0.0005
82.1591,0.0,0.0,0.0,6.796875,0.0028,DRIVER_APPLYING_BRAKES,0.0028,LOCAL_BRAKE_REQUEST,0.0028,0.0,0.0003,0.0,0.0009,1.0,0.0216,0.0,0.0005,0.45128199999999996,0.0057,P,0.0009
82.2591,0.0,0.0,0.0,6.796875,0.0227,DRIVER_APPLYING_BRAKES,0.0227,LOCAL_BRAKE_REQUEST,0.0227,0.0,0.0003,0.0,0.001,1.0,0.0216,0.0,0.0008,0.4860100000000001,0.0058,P,0.001
82.359,0.0,0.0,0.0,6.796875,0.0027,DRIVER_APPLYING_BRAKES,0.0027,LOCAL_BRAKE_REQUEST,0.0027,0.0,0.0202,0.0,0.0008,1.0,0.0216,0.0,0.0002,0.451451,0.0056,P,0.0008
82.4593,0.0,0.0,0.0,6.796875,0.0229,DRIVER_APPLYING_BRAKES,0.0229,LOCAL_BRAKE_REQUEST,0.0229,0.0,0.0007,0.0,0.0012,1.0,0.0218,0.0,0.001,0.4511,0.0059,P,0.0012
82.559,0.0,0.0,0.0,6.796875,0.0026,DRIVER_APPLYING_BRAKES,0.0026,LOCAL_BRAKE_REQUEST,0.0026,0.0,0.0003,0.0,0.0008,1.0,0.0215,0.0,0.0005,0.48580000000000007,0.0057,P,0.0008
82.659,0.0,0.0,0.0,6.796875,0.0226,DRIVER_APPLYING_BRAKES,0.0226,LOCAL_BRAKE_REQUEST,0.0226,0.0,0.0002,0.0,0.0009,1.0,0.0215,0.0,0.0007,0.45123,0.0055,P,0.0009
82.7591,0.0,0.0,0.0,6.796875,0.0026,DRIVER_APPLYING_BRAKES,0.0026,LOCAL_BRAKE_REQUEST,0.0026,0.0,0.0002,0.0,0.0009,1.0,0.0216,0.0,0.0007,0.45129500000000006,0.0056,P,0.0009
82.8591,0.0,0.0,0.0,6.796875,0.0226,DRIVER_APPLYING_BRAKES,0.0226,LOCAL_BRAKE_REQUEST,0.0226,0.0,0.0003,0.0,0.001,1.0,0.0216,0.0,0.0008,0.45121700000000003,0.0058,P,0.001
82.9593,0.0,0.0,0.0,6.796875,0.003,DRIVER_APPLYING_BRAKES,0.003,LOCAL_BRAKE_REQUEST,0.003,0.0,0.0007,0.0,0.0012,1.0,0.0218,0.0,0.001,0.45106100000000005,0.006,P,0.0012
83.0592,0.0,0.0,0.0,6.796875,0.0228,DRIVER_APPLYING_BRAKES,0.0228,LOCAL_BRAKE_REQUEST,0.0228,0.0,0.0002,0.0,0.001,1.0,0.0217,0.0,0.0007,0.4858700000000001,0.0057,P,0.001
83.1594,0.0,0.0,0.0,6.796875,0.003,DRIVER_APPLYING_BRAKES,0.003,LOCAL_BRAKE_REQUEST,0.003,0.0,0.0008,0.0,0.0012,1.0,0.0219,0.0,0.001,0.45121700000000003,0.0061,P,0.0012
83.2592,0.0,0.0,0.0,6.796875,0.0228,DRIVER_APPLYING_BRAKES,0.0228,LOCAL_BRAKE_REQUEST,0.0228,0.0,0.0002,0.0,0.0009,1.0,0.0217,0.0,0.0007,0.451191,0.0057,P,0.0009
83.3592,0.0,0.0,0.0,6.796875,0.0029,DRIVER_APPLYING_BRAKES,0.0029,LOCAL_BRAKE_REQUEST,0.0029,0.0,0.0002,0.0,0.0009,1.0,0.0217,0.0,0.0007,0.48608000000000007,0.0057,P,0.0009
83.4593,0.0,0.0,0.0,6.796875,0.0229,DRIVER_APPLYING_BRAKES,0.0229,LOCAL_BRAKE_REQUEST,0.0229,0.0,0.0007,0.0,0.0012,1.0,0.0218,0.0,0.001,0.4859260000000001,0.006,P,0.0012
83.559,0.0,0.0,0.0,6.796875,0.0026,DRIVER_APPLYING_BRAKES,0.0026,LOCAL_BRAKE_REQUEST,0.0026,0.0,0.0203,0.0,0.0008,1.0,0.0215,0.0,0.0003,0.45112599999999997,0.0057,P,0.0008
83.659,0.0,0.0,0.0,6.796875,0.0225,DRIVER_APPLYING_BRAKES,0.0225,LOCAL_BRAKE_REQUEST,0.0225,0.0,0.0003,0.0,0.001,1.0,0.0215,0.0,0.0008,0.451178,0.0057,P,0.001
83.7589,0.0,0.0,0.0,6.796875,0.0025,DRIVER_APPLYING_BRAKES,0.0025,LOCAL_BRAKE_REQUEST,0.0025,0.0,0.0202,0.0,0.0007,1.0,0.0214,0.0,0.0002,0.45113900000000007,0.0055,P,0.0007
83.859,0.0,0.0,0.0,6.796875,0.022,DRIVER_APPLYING_BRAKES,0.022,LOCAL_BRAKE_REQUEST,0.022,0.0,0.02,0.0,0.0008,1.0,0.0212,0.0,0.0003,0.45129500000000006,0.0057,P,0.0008
83.9592,0.0,0.0,0.0,6.78125,0.0028,DRIVER_APPLYING_BRAKES,0.0028,LOCAL_BRAKE_REQUEST,0.0028,0.0,0.0007,0.0,0.0012,1.0,0.0217,0.0,0.0009,0.48596800000000007,0.0059,P,0.0012
84.0589,0.0,0.0,0.0,6.671875,0.0224,DRIVER_APPLYING_BRAKES,0.0224,LOCAL_BRAKE_REQUEST,0.0224,0.0,0.0002,0.0,0.0009,1.0,0.0214,0.0,0.0007,0.45116500000000004,0.0055,P,0.0009
84.1592,0.0,0.0,0.0,4.109375,0.0028,DRIVER_APPLYING_BRAKES,0.0028,LOCAL_BRAKE_REQUEST,0.0028,0.0,0.0002,0.0,0.001,1.0,0.0216,0.0,0.0007,0.4511,0.0059,P,0.001
84.2592,0.0,0.0,0.0,2.4375,0.0227,DRIVER_APPLYING_BRAKES,0.0227,LOCAL_BRAKE_REQUEST,0.0227,0.0,0.0007,0.0,0.0012,1.0,0.0216,0.0,0.0009,0.45112599999999997,0.0059,P,0.0012
84.3589,0.0,0.0,0.0,0.828125,0.0026,DRIVER_APPLYING_BRAKES,0.0026,LOCAL_BRAKE_REQUEST,0.0026,0.0,0.0202,0.0,0.0007,0.0,0.0213,0.0,0.0003,0.416484,0.0055,P,0.0007
84.459,0.0,0.0,0.0,0.15625,0.0225,BRAKES_NOT_APPLIED,0.0225,LOCAL_BRAKE_REQUEST,0.0225,0.0,0.0003,0.0,0.0008,0.0,0.0211,0.0,0.0005,0.4165080000000001,0.0057,P,0.0008
84.559,0.0,0.0,0.0,0.0,0.0026,BRAKES_NOT_APPLIED,0.0026,LOCAL_BRAKE_REQUEST,0.0026,0.0,0.0203,0.0,0.0008,0.0,0.0214,0.0,0.0003,0.4165800000000001,0.0057,P,0.0008
84.6592,0.0,0.0,0.0,0.0,0.0227,BRAKES_NOT_APPLIED,0.0227,LOCAL_BRAKE_REQUEST,0.0227,0.0,0.0007,0.0,0.0012,0.0,0.0216,0.0,0.001,0.38175500000000007,0.0058,P,0.0012
84.759,0.0,0.0,0.0,0.015625,0.0026,BRAKES_NOT_APPLIED,0.0026,LOCAL_BRAKE_REQUEST,0.0026,0.0,0.0203,0.0,0.001,0.0,0.0214,0.0,0.0005,0.41640000000000005,0.0056,P,0.001
84.8592,0.0,0.0,0.0,0.015625,0.0226,BRAKES_NOT_APPLIED,0.0226,LOCAL_BRAKE_REQUEST,0.0226,0.0,0.0008,0.0,0.0012,0.0,0.0215,0.0,0.001,0.38183200000000006,0.0058,P,0.0012
84.959,0.0,0.0,0.0,0.015625,0.0024,BRAKES_NOT_APPLIED,0.0024,LOCAL_BRAKE_REQUEST,0.0024,0.0,0.0003,0.0,0.0008,0.0,0.0214,0.0,0.0005,0.41649600000000003,0.0055,P,0.0008
85.0589,0.0,0.0,0.0,0.015625,0.0224,BRAKES_NOT_APPLIED,0.0224,LOCAL_BRAKE_REQUEST,0.0224,0.0,0.0003,0.0,0.001,0.0,0.0213,0.0,0.0007,0.381821,0.0055,P,0.001
85.1589,0.0,0.0,0.0,0.015625,0.0025,BRAKES_NOT_APPLIED,0.0025,LOCAL_BRAKE_REQUEST,0.0025,0.0,0.0002,0.0,0.0009,0.0,0.0213,0.0,0.0007,0.41661600000000004,0.0055,P,0.0009
85.2589,0.0,0.0,0.0,0.015625,0.0223,BRAKES_NOT_APPLIED,0.0223,LOCAL_BRAKE_REQUEST,0.0223,0.0,0.0201,0.0,0.0008,0.0,0.0213,0.0,0.0003,0.416484,0.0054,P,0.0008
85.3589,0.0,0.0,0.0,0.015625,0.0023,BRAKES_NOT_APPLIED,0.0023,LOCAL_BRAKE_REQUEST,0.0023,0.0,0.0003,0.0,0.001,0.0,0.0213,0.0,0.0005,0.41656800000000005,0.0055,P,0.001
85.4591,0.0,0.0,0.0,0.015625,0.0219,BRAKES_NOT_APPLIED,0.0219,LOCAL_BRAKE_REQUEST,0.0219,0.0,0.0007,0.0,0.0012,0.0,0.0215,0.0,0.001,0.41656800000000005,0.0057,P,0.0012
85.5589,0.0,0.0,0.0,0.015625,0.0025,BRAKES_NOT_APPLIED,0.0025,LOCAL_BRAKE_REQUEST,0.0025,0.0,0.0003,0.0,0.001,0.0,0.0212,0.0,0.0007,0.41661600000000004,0.0054,P,0.001
85.6591,0.0,0.0,0.0,0.015625,0.0227,BRAKES_NOT_APPLIED,0.0227,LOCAL_BRAKE_REQUEST,0.0227,0.0,0.0007,0.0,0.0012,0.0,0.0214,0.0,0.001,0.41640000000000005,0.0057,P,0.0012
85.7588,0.0,0.0,0.0,0.015625,0.0014,BRAKES_NOT_APPLIED,0.0014,LOCAL_BRAKE_REQUEST,0.0014,0.0,0.02,0.0,0.0007,0.0,0.0211,0.0,0.0002,0.416544,0.0054,P,0.0007
85.859,0.0,0.0,0.0,0.015625,0.0224,BRAKES_NOT_APPLIED,0.0224,LOCAL_BRAKE_REQUEST,0.0224,0.0,0.0002,0.0,0.0009,0.0,0.0213,0.0,0.0007,0.4165920000000001,0.0055,P,0.0009
85.9588,0.0,0.0,0.0,0.015625,0.0016,BRAKES_NOT_APPLIED,0.0016,LOCAL_BRAKE_REQUEST,0.0016,0.0,0.0197,0.0,0.0007,0.0,0.0211,0.0,0.0002,0.41653200000000007,0.0054,P,0.0007
86.0589,0.0,0.0,0.0,0.015625,0.0225,BRAKES_NOT_APPLIED,0.0225,LOCAL_BRAKE_REQUEST,0.0225,0.0,0.0003,0.0,0.001,0.0,0.0212,0.0,0.0005,0.41656800000000005,0.0054,P,0.001
86.1587,0.0,0.0,0.0,0.015625,0.0016,BRAKES_NOT_APPLIED,0.0016,LOCAL_BRAKE_REQUEST,0.0016,0.0,0.0196,0.0,0.0007,0.0,0.021,0.0,0.0002,0.4166040000000001,0.0052,P,0.0007
86.259,0.0,0.0,0.0,0.015625,0.0226,BRAKES_NOT_APPLIED,0.0226,LOCAL_BRAKE_REQUEST,0.0226,0.0,0.0002,0.0,0.0009,0.0,0.0213,0.0,0.0007,0.4166760000000001,0.0056,P,0.0009
86.3587,0.0,0.0,0.0,0.015625,0.0021,BRAKES_NOT_APPLIED,0.0021,LOCAL_BRAKE_REQUEST,0.0021,0.0,0.0198,0.0,0.0007,0.0,0.021,0.0,0.0003,0.41668800000000006,0.0052,P,0.0007
86.4587,0.0,0.0,0.0,0.015625,0.0223,BRAKES_NOT_APPLIED,0.0223,LOCAL_BRAKE_REQUEST,0.0223,0.0,0.0196,0.0,0.0007,0.0,0.021,0.0,0.0002,0.41664000000000007,0.0053,P,0.0007
86.559,0.0,0.0,0.0,0.015625,0.0026,BRAKES_NOT_APPLIED,0.0026,LOCAL_BRAKE_REQUEST,0.0026,0.0,0.0003,0.0,0.001,0.0,0.0213,0.0,0.0007,0.45123,0.0055,P,0.001
86.6588,0.0,0.0,0.0,0.015625,0.0224,BRAKES_NOT_APPLIED,0.0224,LOCAL_BRAKE_REQUEST,0.0224,0.0,0.0002,0.0,0.0009,0.0,0.0211,0.0,0.0007,0.45130800000000004,0.0055,P,0.0009
86.7587,0.0,0.0,0.0,0.015625,0.0021,BRAKES_NOT_APPLIED,0.0021,LOCAL_BRAKE_REQUEST,0.0021,0.0,0.0003,0.0,0.0008,0.0,0.0211,0.0,0.0005,0.41668800000000006,0.0054,P,0.0008
86.859,0.0,0.0,0.0,0.015625,0.0219,BRAKES_NOT_APPLIED,0.0219,LOCAL_BRAKE_REQUEST,0.0219,0.0,0.0007,0.0,0.0012,0.0,0.0212,0.0,0.001,0.416652,0.0056,P,0.0012
86.9591,0.0,0.0,0.0,0.015625,0.0019,BRAKES_NOT_APPLIED,0.0019,LOCAL_BRAKE_REQUEST,0.0019,0.0,0.0008,0.0,0.0012,0.0,0.0191,0.0,0.001,0.4165800000000001,0.0057,P,0.0012
87.0588,0.0,0.0,0.0,0.015625,0.0224,BRAKES_NOT_APPLIED,0.0224,LOCAL_BRAKE_REQUEST,0.0224,0.0,0.0003,0.0,0.001,0.0,0.0193,0.0,0.0005,0.41641200000000006,0.0054,P,0.001
87.1588,0.0,0.0,0.0,0.015625,0.0022,BRAKES_NOT_APPLIED,0.0022,LOCAL_BRAKE_REQUEST,0.0022,0.0,0.0002,0.0,0.001,0.0,0.0205,0.0,0.0005,0.4166760000000001,0.0054,P,0.001
87.259,0.0,0.0,0.0,0.015625,0.0226,BRAKES_NOT_APPLIED,0.0226,LOCAL_BRAKE_REQUEST,0.0226,0.0,0.0007,0.0,0.0012,0.0,0.0195,0.0,0.0009,0.41668800000000006,0.0054,P,0.0012
87.3588,0.0,0.0,0.0,0.015625,0.0021,BRAKES_NOT_APPLIED,0.0021,LOCAL_BRAKE_REQUEST,0.0021,0.0,0.0003,0.0,0.001,0.0,0.0205,0.0,0.0007,0.45137299999999997,0.0054,P,0.001
87.459,0.0,0.0,0.0,0.015625,0.0226,BRAKES_NOT_APPLIED,0.0226,LOCAL_BRAKE_REQUEST,0.0226,0.0,0.0007,0.0,0.0012,0.0,0.0206,0.0,0.001,0.45128199999999996,0.0056,P,0.0012
87.5588,0.0,0.0,0.0,0.015625,0.0022,BRAKES_NOT_APPLIED,0.0022,LOCAL_BRAKE_REQUEST,0.0022,0.0,0.0003,0.0,0.001,0.0,0.0205,0.0,0.0005,0.4164600000000001,0.0054,P,0.001
87.6588,0.0,0.0,0.0,0.015625,0.0223,BRAKES_NOT_APPLIED,0.0223,LOCAL_BRAKE_REQUEST,0.0223,0.0,0.0003,0.0,0.001,0.0,0.0191,0.0,0.0007,0.41662800000000005,0.0054,P,0.001
87.759,0.0,0.0,0.0,0.015625,0.0017,BRAKES_NOT_APPLIED,0.0017,LOCAL_BRAKE_REQUEST,0.0017,0.0,0.0003,0.0,0.001,0.0,0.0188,0.0,0.0008,0.41656800000000005,0.0056,P,0.001
87.8585,0.0,0.0,0.0,0.015625,0.0214,BRAKES_NOT_APPLIED,0.0214,LOCAL_BRAKE_REQUEST,0.0214,0.0,0.0002,0.0,0.0007,0.0,0.0207,0.0,0.0004,0.41640000000000005,0.0051,P,0.0007
87.9587,0.0,0.0,0.0,0.015625,0.0014,BRAKES_NOT_APPLIED,0.0014,LOCAL_BRAKE_REQUEST,0.0014,0.0,0.0002,0.0,0.0007,0.0,0.0204,0.0,0.0005,0.41661600000000004,0.0053,P,0.0007
88.0586,0.0,0.0,0.0,0.015625,0.0222,BRAKES_NOT_APPLIED,0.0222,LOCAL_BRAKE_REQUEST,0.0222,0.0,0.0003,0.0,0.0008,0.0,0.0191,0.0,0.0005,0.41653200000000007,0.0051,P,0.0008
88.1586,0.0,0.0,0.0,0.015625,0.002,BRAKES_NOT_APPLIED,0.002,LOCAL_BRAKE_REQUEST,0.002,0.0,0.0195,0.0,0.0007,0.0,0.0205,0.0,0.0003,0.41661600000000004,0.0051,P,0.0007
88.259,0.0,0.0,0.0,0.015625,0.0226,BRAKES_NOT_APPLIED,0.0226,LOCAL_BRAKE_REQUEST,0.0226,0.0,0.0008,0.0,0.0012,0.0,0.0195,0.0,0.001,0.41647200000000006,0.0055,P,0.0012
88.3589,0.0,0.0,0.0,0.015625,0.0018,BRAKES_NOT_APPLIED,0.0018,LOCAL_BRAKE_REQUEST,0.0018,0.0,0.0007,0.0,0.0012,0.0,0.0208,0.0,0.0009,0.4166760000000001,0.0054,P,0.0012
88.4586,0.0,0.0,0.0,0.015625,0.0222,BRAKES_NOT_APPLIED,0.0222,LOCAL_BRAKE_REQUEST,0.0222,0.0,0.0202,0.0,0.0007,0.0,0.0204,0.0,0.0003,0.41641200000000006,0.0051,P,0.0007
88.5589,0.0,0.0,0.0,0.015625,0.0023,BRAKES_NOT_APPLIED,0.0023,LOCAL_BRAKE_REQUEST,0.0023,0.0,0.0003,0.0,0.001,0.0,0.0205,0.0,0.0008,0.4166760000000001,0.0054,P,0.001
88.6586,0.0,0.0,0.0,0.015625,0.0222,BRAKES_NOT_APPLIED,0.0222,LOCAL_BRAKE_REQUEST,0.0222,0.0,0.0201,0.0,0.0007,0.0,0.0204,0.0,0.0002,0.4166640000000001,0.0051,P,0.0007
88.7586,0.0,0.0,0.0,0.015625,0.0014,BRAKES_NOT_APPLIED,0.0014,LOCAL_BRAKE_REQUEST,0.0014,0.0,0.0003,0.0,0.0008,0.0,0.0202,0.0,0.0005,0.41677200000000003,0.0051,P,0.0008
88.8585,0.0,0.0,0.0,0.015625,0.0213,BRAKES_NOT_APPLIED,0.0213,LOCAL_BRAKE_REQUEST,0.0213,0.0,0.0003,0.0,0.0008,0.0,0.02,0.0,0.0005,0.41662800000000005,0.0049,P,0.0008
88.9585,0.0,0.0,0.0,0.015625,0.0012,BRAKES_NOT_APPLIED,0.0012,LOCAL_BRAKE_REQUEST,0.0012,0.0,0.0002,0.0,0.0007,0.0,0.0201,0.0,0.0005,0.4166760000000001,0.005,P,0.0007
89.0586,0.0,0.0,0.0,0.015625,0.0221,BRAKES_NOT_APPLIED,0.0221,LOCAL_BRAKE_REQUEST,0.0221,0.0,0.0195,0.0,0.0007,0.0,0.0205,0.0,0.0002,0.38201900000000005,0.0051,P,0.0007
89.1587,0.0,0.0,0.0,0.015625,0.0021,BRAKES_NOT_APPLIED,0.0021,LOCAL_BRAKE_REQUEST,0.0021,0.0,0.0206,0.0,0.0008,0.0,0.0203,0.0,0.0003,0.41670000000000007,0.0052,P,0.0008
89.2585,0.0,0.0,0.0,0.015625,0.0221,BRAKES_NOT_APPLIED,0.0221,LOCAL_BRAKE_REQUEST,0.0221,0.0,0.0196,0.0,0.0007,0.0,0.0206,0.0,0.0002,0.41683200000000004,0.005,P,0.0007
89.3586,0.0,0.0,0.0,0.015625,0.002,BRAKES_NOT_APPLIED,0.002,LOCAL_BRAKE_REQUEST,0.002,0.0,0.0002,0.0,0.001,0.0,0.0203,0.0,0.0007,0.41655600000000004,0.005,P,0.001
89.4586,0.0,0.0,0.0,0.015625,0.0221,BRAKES_NOT_APPLIED,0.0221,LOCAL_BRAKE_REQUEST,0.0221,0.0,0.0002,0.0,0.001,0.0,0.0203,0.0,0.0007,0.451334,0.005,P,0.001
89.5586,0.0,0.0,0.0,0.015625,0.0021,BRAKES_NOT_APPLIED,0.0021,LOCAL_BRAKE_REQUEST,0.0021,0.0,0.0003,0.0,0.001,0.0,0.0208,0.0,0.0007,0.4167480000000001,0.005,P,0.001
89.6586,0.0,0.0,0.0,0.015625,0.0221,BRAKES_NOT_APPLIED,0.0221,LOCAL_BRAKE_REQUEST,0.0221,0.0,0.0203,0.0,0.001,0.0,0.0205,0.0,0.0003,0.381975,0.0051,P,0.001
89.7589,0.0,0.0,0.0,0.015625,0.0021,BRAKES_NOT_APPLIED,0.0021,LOCAL_BRAKE_REQUEST,0.0021,0.0,0.0003,0.0,0.0012,0.0,0.0206,0.0,0.0007,0.45129500000000006,0.0053,P,0.0012
89.8586,0.0,0.0,0.0,0.015625,0.0214,BRAKES_NOT_APPLIED,0.0214,LOCAL_BRAKE_REQUEST,0.0214,0.0,0.0003,0.0,0.001,0.0,0.0205,0.0,0.0008,0.4167360000000001,0.005,P,0.001
89.9586,0.0,0.0,0.0,0.015625,0.0019,BRAKES_NOT_APPLIED,0.0019,LOCAL_BRAKE_REQUEST,0.0019,0.0,0.0203,0.0,0.0008,0.0,0.0206,0.0,0.0003,0.4166640000000001,0.005,P,0.0008
90.0585,0.0,0.0,0.0,0.015625,0.022,BRAKES_NOT_APPLIED,0.022,LOCAL_BRAKE_REQUEST,0.022,0.0,0.0002,0.0,0.0009,0.0,0.0202,0.0,0.0007,0.381975,0.0051,P,0.0009
90.1586,0.0,0.0,0.0,0.015625,0.002,BRAKES_NOT_APPLIED,0.002,LOCAL_BRAKE_REQUEST,0.002,0.0,0.0203,0.0,0.001,0.0,0.0206,0.0,0.0003,0.41678400000000004,0.0052,P,0.001
90.2585,0.0,0.0,0.0,0.015625,0.022,BRAKES_NOT_APPLIED,0.022,LOCAL_BRAKE_REQUEST,0.022,0.0,0.0204,0.0,0.0009,0.0,0.0202,0.0,0.0002,0.416652,0.005,P,0.0009
90.3586,0.0,0.0,0.0,0.015625,0.0019,BRAKES_NOT_APPLIED,0.0019,LOCAL_BRAKE_REQUEST,0.0019,0.0,0.0003,0.0,0.001,0.0,0.0193,0.0,0.0008,0.45150300000000004,0.005,P,0.001
90.4585,0.0,0.0,0.0,0.015625,0.022,BRAKES_NOT_APPLIED,0.022,LOCAL_BRAKE_REQUEST,0.022,0.0,0.0002,0.0,0.001,0.0,0.0192,0.0,0.0007,0.4167360000000001,0.005,P,0.001
90.5586,0.0,0.0,0.0,0.015625,0.002,BRAKES_NOT_APPLIED,0.002,LOCAL_BRAKE_REQUEST,0.002,0.0,0.0203,0.0,0.001,0.0,0.0206,0.0,0.0003,0.4166640000000001,0.0051,P,0.001
90.6585,0.0,0.0,0.0,0.015625,0.022,BRAKES_NOT_APPLIED,0.022,LOCAL_BRAKE_REQUEST,0.022,0.0,0.0003,0.0,0.001,0.0,0.0202,0.0,0.0007,0.4167600000000001,0.0051,P,0.001
90.7585,0.0,0.0,0.0,0.015625,0.0019,BRAKES_NOT_APPLIED,0.0019,TRANSITION_TO_IDLE,0.0019,0.0,0.0002,0.0,0.001,0.0,0.0192,0.0,0.0007,0.451646,0.0051,P,0.001
90.8585,0.0,0.0,0.0,0.015625,0.0222,BRAKES_NOT_APPLIED,0.0222,TRANSITION_TO_IDLE,0.0222,0.0,0.0003,0.0,0.001,0.0,0.0202,0.0,0.0008,0.41655600000000004,0.005,P,0.001
90.9586,0.0,0.0,0.0,0.015625,0.0014,BRAKES_NOT_APPLIED,0.0014,TRANSITION_TO_IDLE,0.0014,0.0,0.0003,0.0,0.001,0.0,0.0186,0.0,0.0008,0.416712,0.0052,P,0.001
91.0585,0.0,0.0,0.0,0.015625,0.0222,BRAKES_NOT_APPLIED,0.0222,TRANSITION_TO_IDLE,0.0222,0.0,0.0003,0.0,0.001,0.0,0.0192,0.0,0.0008,0.4165920000000001,0.005,P,0.001
91.1585,0.0,0.0,0.0,0.015625,0.0021,BRAKES_NOT_APPLIED,0.0021,TRANSITION_TO_IDLE,0.0021,0.0,0.0003,0.0,0.001,0.0,0.0201,0.0,0.0007,0.4168800000000001,0.005,P,0.001
91.2586,0.0,0.0,0.0,0.015625,0.0223,BRAKES_NOT_APPLIED,0.0223,TRANSITION_TO_IDLE,0.0223,0.0,0.0003,0.0,0.001,0.0,0.02,0.0,0.0007,0.382008,0.0051,P,0.001
91.3585,0.0,0.0,0.0,0.015625,0.002,BRAKES_NOT_APPLIED,0.002,TRANSITION_TO_IDLE,0.002,0.0,0.0003,0.0,0.001,0.0,0.0199,0.0,0.0007,0.4167480000000001,0.005,P,0.001
91.4587,0.0,0.0,0.0,0.015625,0.0224,BRAKES_NOT_APPLIED,0.0224,TRANSITION_TO_IDLE,0.0224,0.0,0.0008,0.0,0.0012,0.0,0.0194,0.0,0.001,0.41672400000000004,0.0052,P,0.0012
91.5587,0.0,0.0,0.0,0.015625,0.0023,BRAKES_NOT_APPLIED,0.0023,TRANSITION_TO_IDLE,0.0023,0.0,0.0007,0.0,0.0012,0.0,0.0203,0.0,0.001,0.41691600000000006,0.0052,P,0.0012
91.6587,0.0,0.0,0.0,0.015625,0.0224,BRAKES_NOT_APPLIED,0.0224,TRANSITION_TO_IDLE,0.0224,0.0,0.0003,0.0,0.0012,0.0,0.0196,0.0,0.001,0.4168080000000001,0.005,P,0.0012
91.7586,0.0,0.0,0.0,0.015625,0.0019,BRAKES_NOT_APPLIED,0.0019,TRANSITION_TO_IDLE,0.0019,0.0,0.0003,0.0,0.001,0.0,0.0205,0.0,0.0007,0.41679600000000006,0.0051,P,0.001
91.8587,0.0,0.0,0.0,0.015625,0.0221,BRAKES_NOT_APPLIED,0.0221,TRANSITION_TO_IDLE,0.0221,0.0,0.0008,0.0,0.0013,0.0,0.0204,0.0,0.001,0.41684400000000005,0.0051,P,0.0013
91.9587,0.0,0.0,0.0,0.0,0.0021,BRAKES_NOT_APPLIED,0.0021,TRANSITION_TO_IDLE,0.0021,0.0,0.0007,0.0,0.0012,0.0,0.0196,0.0,0.001,0.4167600000000001,0.0052,P,0.0012
92.0587,0.0,0.0,0.0,0.0,0.0221,BRAKES_NOT_APPLIED,0.0221,TRANSITION_TO_IDLE,0.0221,0.0,0.0008,0.0,0.0013,0.0,0.0205,0.0,0.001,0.4167480000000001,0.0051,P,0.0013
92.1587,0.0,0.0,0.0,0.0,0.0022,BRAKES_NOT_APPLIED,0.0022,TRANSITION_TO_IDLE,0.0022,0.0,0.0007,0.0,0.0012,0.0,0.0203,0.0,0.001,0.4167360000000001,0.0051,P,0.0012
92.2587,0.0,0.0,0.0,0.0,0.0223,BRAKES_NOT_APPLIED,0.0223,TRANSITION_TO_IDLE,0.0223,0.0,0.0002,0.0,0.0012,0.0,0.0205,0.0,0.001,0.416544,0.0051,P,0.0012
92.3587,0.0,0.0,0.0,0.0,0.0021,BRAKES_NOT_APPLIED,0.0021,TRANSITION_TO_IDLE,0.0021,0.0,0.0008,0.0,0.0012,0.0,0.0205,0.0,0.001,0.4166760000000001,0.0052,P,0.0012
92.4586,0.0,0.0,0.0,0.0,0.0222,BRAKES_NOT_APPLIED,0.0222,TRANSITION_TO_IDLE,0.0222,0.0,0.0007,0.0,0.0012,0.0,0.0199,0.0,0.0009,0.4167600000000001,0.005,P,0.0012
92.5586,0.0,0.0,0.0,0.015625,0.0021,BRAKES_NOT_APPLIED,0.0021,TRANSITION_TO_IDLE,0.0021,0.0,0.0007,0.0,0.0012,0.0,0.0199,0.0,0.0009,0.4167600000000001,0.005,P,0.0012
92.6587,0.0,0.0,0.0,0.0,0.0223,BRAKES_NOT_APPLIED,0.0223,TRANSITION_TO_IDLE,0.0223,0.0,0.0008,0.0,0.0013,0.0,0.0202,0.0,0.001,0.41670000000000007,0.0051,P,0.0013
92.7586,0.0,0.0,0.0,0.0,0.0007,BRAKES_NOT_APPLIED,0.0007,TRANSITION_TO_IDLE,0.0007,0.0,0.0003,0.0,0.0012,0.0,0.0191,0.0,0.0009,0.41679600000000006,0.0049,P,0.0012
92.8586,0.0,0.0,0.0,0.015625,0.0222,BRAKES_NOT_APPLIED,0.0222,TRANSITION_TO_IDLE,0.0222,0.0,0.0007,0.0,0.0012,0.0,0.0205,0.0,0.001,0.4167360000000001,0.005,P,0.0012
92.9586,0.0,0.0,0.0,0.0,0.0019,BRAKES_NOT_APPLIED,0.0019,TRANSITION_TO_IDLE,0.0019,0.0,0.0007,0.0,0.0012,0.0,0.0201,0.0,0.0009,0.4169280000000001,0.005,P,0.0012
93.0586,0.0,0.0,0.0,0.0,0.0222,BRAKES_NOT_APPLIED,0.0222,TRANSITION_TO_IDLE,0.0222,0.0,0.0007,0.0,0.0012,0.0,0.0201,0.0,0.001,0.38208500000000006,0.0049,P,0.0012
93.1586,0.0,0.0,0.0,0.0,0.0021,BRAKES_NOT_APPLIED,0.0021,TRANSITION_TO_IDLE,0.0021,0.0,0.0007,0.0,0.0012,0.0,0.0201,0.0,0.001,0.4167360000000001,0.0049,P,0.0012
93.2586,0.0,0.0,0.0,0.0,0.0222,BRAKES_NOT_APPLIED,0.0222,TRANSITION_TO_IDLE,0.0222,0.0,0.0007,0.0,0.0012,0.0,0.0201,0.0,0.0009,0.41670000000000007,0.005,P,0.0012
93.3586,0.0,0.0,0.0,-0.015625,0.0019,BRAKES_NOT_APPLIED,0.0019,TRANSITION_TO_IDLE,0.0019,0.0,0.0007,0.0,0.0012,0.0,0.0201,0.0,0.001,0.4167480000000001,0.0051,P,0.0012
93.4586,0.0,0.0,0.0,-0.015625,0.0221,BRAKES_NOT_APPLIED,0.0221,TRANSITION_TO_IDLE,0.0221,0.0,0.0008,0.0,0.0012,0.0,0.0201,0.0,0.001,0.4168200000000001,0.0049,P,0.0012
93.5586,0.0,0.0,0.0,-0.015625,0.002,BRAKES_NOT_APPLIED,0.002,TRANSITION_TO_IDLE,0.002,0.0,0.0007,0.0,0.0012,0.0,0.0201,0.0,0.001,0.41672400000000004,0.0049,P,0.0012
93.6582,0.0,0.0,0.0,-0.015625,0.0218,BRAKES_NOT_APPLIED,0.0218,TRANSITION_TO_IDLE,0.0218,0.0,0.0003,0.0,0.0009,0.0,0.0189,0.0,0.0005,0.451607,0.0045,P,0.0009
93.7587,0.0,0.0,0.0,-0.015625,0.0021,BRAKES_NOT_APPLIED,0.0021,TRANSITION_TO_IDLE,0.0021,0.0,0.0002,0.0,0.0012,0.0,0.0201,0.0,0.0009,0.451451,0.0051,P,0.0012
93.8585,0.0,0.0,0.0,-0.015625,0.0221,BRAKES_NOT_APPLIED,0.0221,TRANSITION_TO_IDLE,0.0221,0.0,0.0007,0.0,0.0012,0.0,0.0199,0.0,0.0009,0.41670000000000007,0.0048,P,0.0012
93.9586,0.0,0.0,0.0,0.1875,0.002,BRAKES_NOT_APPLIED,0.002,LOCAL_BRAKE_REQUEST,0.002,0.0,0.0008,0.0,0.0012,0.0,0.0194,0.0,0.001,0.41679600000000006,0.0051,P,0.0012
94.0585,0.0,0.0,0.0,1.234375,0.0219,DRIVER_APPLYING_BRAKES,0.0219,LOCAL_BRAKE_REQUEST,0.0219,0.0,0.0007,0.0,0.0012,1.0,0.0088,0.0,0.001,0.41683200000000004,0.005,P,0.0012
94.1585,0.0,0.0,0.0,4.15625,0.0019,DRIVER_APPLYING_BRAKES,0.0019,LOCAL_BRAKE_REQUEST,0.0019,0.0,0.0007,0.0,0.0012,1.0,0.019,0.0,0.001,0.451568,0.005,P,0.0012
94.2586,0.0,0.0,0.0,5.5,0.022,DRIVER_APPLYING_BRAKES,0.022,LOCAL_BRAKE_REQUEST,0.022,0.0,0.0002,0.0,0.0011,1.0,0.0201,0.0,0.0009,0.48630400000000007,0.0051,P,0.0011
94.3585,0.0,0.0,0.0,6.5,0.0018,DRIVER_APPLYING_BRAKES,0.0018,LOCAL_BRAKE_REQUEST,0.0018,0.0,0.0007,0.0,0.0012,1.0,0.0183,0.0,0.001,0.48608000000000007,0.005,P,0.0012
94.4585,0.0,0.0,0.0,6.8125,0.0219,DRIVER_APPLYING_BRAKES,0.0219,LOCAL_BRAKE_REQUEST,0.0219,0.0,0.0008,0.0,0.0012,1.0,0.0185,0.0,0.001,0.48619200000000007,0.0048,P,0.0012
94.5586,0.0,0.0,0.0,6.875,0.0019,DRIVER_APPLYING_BRAKES,0.0019,LOCAL_BRAKE_REQUEST,0.0019,0.0,0.0008,0.0,0.0012,1.0,0.0189,0.0,0.001,0.45150300000000004,0.005,D,0.0012
94.6584,0.0,0.0,0.0,6.875,0.0218,DRIVER_APPLYING_BRAKES,0.0218,LOCAL_BRAKE_REQUEST,0.0218,0.0,0.0003,0.0,0.001,1.0,0.019,0.0,0.0007,0.624942,0.0048,D,0.001
94.7582,0.0,0.0,0.0,6.796875,0.001,DRIVER_APPLYING_BRAKES,0.001,LOCAL_BRAKE_REQUEST,0.001,0.0,0.0002,0.0,0.0007,1.0,0.0188,0.0,0.0005,0.590291,0.0046,D,0.0007
94.8585,0.0,0.0,0.0,6.640625,0.0217,DRIVER_APPLYING_BRAKES,0.0217,LOCAL_BRAKE_REQUEST,0.0217,0.0,0.0007,0.0,0.0012,1.0,0.0198,0.0,0.001,0.521055,0.0049,D,0.0012
94.9586,0.0,0.0,0.0,6.140625,0.0019,DRIVER_APPLYING_BRAKES,0.0019,LOCAL_BRAKE_REQUEST,0.0019,0.0,0.0008,0.0,0.0013,1.0,0.0192,0.0,0.001,0.48624800000000007,0.005,D,0.0013
95.0585,0.0,0.0,0.0,5.875,0.0219,DRIVER_APPLYING_BRAKES,0.0219,LOCAL_BRAKE_REQUEST,0.0219,0.0,0.0007,0.0,0.0012,1.0,0.0191,0.0,0.001,0.4862060000000001,0.0049,D,0.0012
95.1585,0.0,0.0,0.0,5.765625,0.0018,DRIVER_APPLYING_BRAKES,0.0018,LOCAL_BRAKE_REQUEST,0.0018,0.0,0.0007,0.0,0.0012,1.0,0.0191,0.0,0.0009,0.48615,0.0049,D,0.0012
95.2583,0.0,0.0,0.0,5.671875,0.0217,DRIVER_APPLYING_BRAKES,0.0217,LOCAL_BRAKE_REQUEST,0.0217,0.0,0.0003,0.0,0.0009,1.0,0.0189,0.0,0.0005,0.48641600000000007,0.0047,D,0.0009
95.3585,0.0,0.0,0.0,5.296875,0.0018,DRIVER_APPLYING_BRAKES,0.0018,LOCAL_BRAKE_REQUEST,0.0018,0.0,0.0007,0.0,0.0012,1.0,0.0191,0.0,0.0009,0.486262,0.0049,D,0.0012
95.4585,0.0,0.0,0.0,4.984375,0.0219,DRIVER_APPLYING_BRAKES,0.0219,LOCAL_BRAKE_REQUEST,0.0219,0.0,0.0007,0.0,0.0012,1.0,0.0191,0.0,0.001,0.4863740000000001,0.0049,D,0.0012
95.5585,0.0,0.0,0.0,4.703125,0.0018,DRIVER_APPLYING_BRAKES,0.0018,LOCAL_BRAKE_REQUEST,0.0018,0.0,0.0007,0.0,0.0012,1.0,0.0191,0.0,0.0009,0.48627600000000004,0.0049,D,0.0012
95.6585,0.0,0.0,0.0,4.53125,0.0219,DRIVER_APPLYING_BRAKES,0.0219,LOCAL_BRAKE_REQUEST,0.0219,0.0,0.0007,0.0,0.0012,1.0,0.0191,0.0,0.001,0.4862200000000001,0.0049,D,0.0012
95.7583,0.0,0.0,0.0,4.328125,0.0417,DRIVER_APPLYING_BRAKES,0.0417,LOCAL_BRAKE_REQUEST,0.0417,0.0,0.0005,0.0,0.001,1.0,0.0194,0.0,0.0007,0.486262,0.0047,D,0.001
95.858,0.0,0.0,0.0,4.15625,0.0211,DRIVER_APPLYING_BRAKES,0.0211,LOCAL_BRAKE_REQUEST,0.0211,0.0,0.0002,0.0,0.0007,1.0,0.0191,0.0,0.0005,0.451581,0.0043,D,0.0007
95.9585,0.0,0.0,0.0,4.125,0.0018,DRIVER_APPLYING_BRAKES,0.0018,LOCAL_BRAKE_REQUEST,0.0018,0.0,0.0007,0.0,0.0012,1.0,0.0191,0.0,0.001,0.45124300000000006,0.0048,D,0.0012
96.058,0.0,0.0,0.0,4.125,0.0213,DRIVER_APPLYING_BRAKES,0.0213,LOCAL_BRAKE_REQUEST,0.0213,0.0,0.0002,0.0,0.0007,1.0,0.0191,0.0,0.0005,0.451477,0.0043,D,0.0007
96.1583,0.0,0.0,0.0,4.140625,0.0015,DRIVER_APPLYING_BRAKES,0.0015,LOCAL_BRAKE_REQUEST,0.0015,0.0,0.0005,0.0,0.001,1.0,0.0194,0.0,0.0007,0.451568,0.0046,D,0.001
96.2582,0.0,0.0,0.0,4.125,0.0215,DRIVER_APPLYING_BRAKES,0.0215,LOCAL_BRAKE_REQUEST,0.0215,0.0,0.0002,0.0,0.0008,1.0,0.0193,0.0,0.0006,0.45134700000000005,0.0045,D,0.0008
96.3581,0.0,0.0,0.0,4.140625,0.0013,DRIVER_APPLYING_BRAKES,0.0013,LOCAL_BRAKE_REQUEST,0.0013,0.0,0.0003,0.0,0.0008,1.0,0.0187,0.0,0.0005,0.45165900000000003,0.0044,D,0.0008
96.4581,0.0,0.0,0.0,4.140625,0.0214,DRIVER_APPLYING_BRAKES,0.0214,LOCAL_BRAKE_REQUEST,0.0214,0.0,0.0003,0.0,0.0008,1.0,0.0192,0.0,0.0005,0.48640200000000006,0.0044,D,0.0008
96.5581,0.0,0.0,0.0,4.046875,0.0013,DRIVER_APPLYING_BRAKES,0.0013,LOCAL_BRAKE_REQUEST,0.0013,0.0,0.0003,0.0,0.0008,1.0,0.0192,0.0,0.0005,0.451334,0.0044,D,0.0008
96.6582,0.0,0.0,0.0,3.453125,0.0215,DRIVER_APPLYING_BRAKES,0.0215,LOCAL_BRAKE_REQUEST,0.0215,0.0,0.0003,0.0,0.001,1.0,0.0195,0.0,0.0005,0.451438,0.0045,D,0.001
96.758,0.0,0.0,0.0,2.515625,0.0012,DRIVER_APPLYING_BRAKES,0.0012,LOCAL_BRAKE_REQUEST,0.0012,0.0,0.0195,0.0,0.0007,1.0,0.0186,0.0,0.0002,0.41686800000000007,0.0043,D,0.0007
96.8581,0.0,0.0,0.0,2.546875,0.0212,DRIVER_APPLYING_BRAKES,0.0212,LOCAL_BRAKE_REQUEST,0.0212,0.0,0.0003,0.0,0.0008,1.0,0.0191,0.0,0.0005,0.48658400000000007,0.0044,D,0.0008
96.9581,0.0,0.0,0.0,2.5625,0.0013,DRIVER_APPLYING_BRAKES,0.0013,LOCAL_BRAKE_REQUEST,0.0013,0.0,0.0003,0.0,0.0008,1.0,0.0187,0.0,0.0005,0.45176299999999997,0.0044,D,0.0008
97.0581,0.0,0.0,0.0,2.609375,0.0214,DRIVER_APPLYING_BRAKES,0.0214,LOCAL_BRAKE_REQUEST,0.0214,0.0,0.0003,0.0,0.0008,1.0,0.0191,0.0,0.0005,0.45154200000000005,0.0045,D,0.0008
97.1581,0.0,0.0,0.0,2.65625,0.0013,DRIVER_APPLYING_BRAKES,0.0013,LOCAL_BRAKE_REQUEST,0.0013,0.0,0.0003,0.0,0.0008,1.0,0.0192,0.0,0.0005,0.45146400000000003,0.0043,D,0.0008
97.2582,0.0,0.0,0.0,2.703125,0.0215,DRIVER_APPLYING_BRAKES,0.0215,LOCAL_BRAKE_REQUEST,0.0215,0.0,0.0003,0.0,0.0008,1.0,0.0197,0.0,0.0006,0.45150300000000004,0.0047,D,0.0008
97.3581,0.0,0.0,0.0,2.546875,0.0013,DRIVER_APPLYING_BRAKES,0.0013,LOCAL_BRAKE_REQUEST,0.0013,0.0,0.0003,0.0,0.0008,1.0,0.0191,0.0,0.0005,0.45149,0.0043,D,0.0008
97.4581,0.0,0.0,0.0,2.09375,0.0214,DRIVER_APPLYING_BRAKES,0.0214,LOCAL_BRAKE_REQUEST,0.0214,0.0,0.0003,0.0,0.0008,1.0,0.0192,0.0,0.0005,0.45136000000000004,0.0043,D,0.0008
97.5593,6.0,8.0,2.0,1.140625,0.0025,DRIVER_APPLYING_BRAKES,0.0025,LOCAL_BRAKE_REQUEST,0.0025,0.0,0.0002,0.0,0.0012,0.0,0.0203,0.0,0.0007,0.45149,0.0057,D,0.0012
97.6596,52.0,28.0,-24.0,0.59375,0.0229,DRIVER_APPLYING_BRAKES,0.0229,LOCAL_BRAKE_REQUEST,0.0229,0.240000000000002,0.0003,0.0,0.0015,0.0,0.0201,0.0,0.0008,0.45129500000000006,0.0059,D,0.0015
97.7592,118.0,172.0,54.0,0.28125,0.0023,DRIVER_APPLYING_BRAKES,0.0023,LOCAL_BRAKE_REQUEST,0.0023,0.3200000000000003,0.0002,0.0,0.0009,0.0,0.0207,0.0,0.0004,0.590308,0.0056,D,0.0009
97.8593,194.0,210.0,16.0,0.28125,0.0226,DRIVER_APPLYING_BRAKES,0.0226,LOCAL_BRAKE_REQUEST,0.0226,0.1600000000000037,0.0002,0.0,0.0012,0.0,0.0206,0.0,0.0007,0.5905800000000001,0.0057,D,0.0012
97.9593,274.0,276.0,2.0,0.234375,0.0019,BRAKES_NOT_APPLIED,0.0019,LOCAL_BRAKE_REQUEST,0.0019,0.3200000000000003,0.0002,0.0,0.0012,0.0,0.0205,0.5,0.0007,0.6944600000000001,0.0056,D,0.0012
98.0593,342.0,368.0,26.0,0.40625,0.0225,DRIVER_APPLYING_BRAKES,0.0225,LOCAL_BRAKE_REQUEST,0.0225,0.480000000000004,0.0203,0.0,0.001,0.0,0.0205,0.5,0.0003,0.8331840000000001,0.0056,D,0.001
98.1595,372.0,390.0,18.0,0.484375,0.0022,DRIVER_APPLYING_BRAKES,0.0022,LOCAL_BRAKE_REQUEST,0.0022,0.5600000000000023,0.0002,0.0,0.0009,0.0,0.0207,0.5,0.0004,0.9370890000000001,0.0059,D,0.0009
98.2595,382.0,388.0,6.0,0.640625,0.0227,DRIVER_APPLYING_BRAKES,0.0227,LOCAL_BRAKE_REQUEST,0.0227,0.7199999999999989,0.0205,0.0,0.001,0.0,0.021,0.5,0.0003,0.90298,0.0059,D,0.001
98.3592,380.0,378.0,-2.0,1.078125,0.0023,DRIVER_APPLYING_BRAKES,0.0023,LOCAL_BRAKE_REQUEST,0.0023,0.8800000000000026,0.0002,0.0,0.0009,0.0,0.0204,0.5,0.0004,0.971964,0.0055,D,0.0009
98.4593,374.0,392.0,18.0,2.375,0.0224,DRIVER_APPLYING_BRAKES,0.0224,LOCAL_BRAKE_REQUEST,0.0224,1.1199999999999974,0.0003,0.0,0.001,1.0,0.0198,0.5,0.0005,1.0413899999999998,0.0057,D,0.001
98.5592,368.0,400.0,32.0,3.6875,0.0023,DRIVER_APPLYING_BRAKES,0.0023,LOCAL_BRAKE_REQUEST,0.0023,1.1199999999999974,0.0002,0.0,0.0009,1.0,0.0204,0.5,0.0004,1.2154449999999999,0.0056,D,0.0009
98.6593,364.0,426.0,62.0,3.921875,0.0225,DRIVER_APPLYING_BRAKES,0.0225,LOCAL_BRAKE_REQUEST,0.0225,1.1199999999999974,0.0002,0.0,0.0012,1.0,0.0204,0.5,0.0005,1.110848,0.0057,D,0.0012
98.7592,344.0,412.0,68.0,3.921875,0.0022,DRIVER_APPLYING_BRAKES,0.0022,LOCAL_BRAKE_REQUEST,0.0022,0.9600000000000009,0.0204,0.0,0.001,1.0,0.0202,0.5,0.0002,1.0070830000000002,0.0056,D,0.001
98.8592,312.0,378.0,66.0,3.90625,0.0207,DRIVER_APPLYING_BRAKES,0.0207,LOCAL_BRAKE_REQUEST,0.0207,0.7199999999999989,0.0002,0.0,0.0009,1.0,0.0202,0.5,0.0007,0.9375480000000002,0.0056,D,0.0009
98.9595,274.0,334.0,60.0,3.90625,0.0026,DRIVER_APPLYING_BRAKES,0.0026,LOCAL_BRAKE_REQUEST,0.0026,0.5600000000000023,0.0003,0.0,0.001,1.0,0.0205,0.5,0.0008,0.7985140000000002,0.0059,D,0.001
99.0595,232.0,280.0,48.0,3.90625,0.0227,DRIVER_APPLYING_BRAKES,0.0227,LOCAL_BRAKE_REQUEST,0.0227,0.480000000000004,0.0003,0.0,0.0015,1.0,0.0205,0.0,0.0008,0.7639280000000002,0.0059,D,0.0015
99.1592,192.0,250.0,58.0,3.90625,0.0022,DRIVER_APPLYING_BRAKES,0.0022,LOCAL_BRAKE_REQUEST,0.0022,0.240000000000002,0.0002,0.0,0.0012,1.0,0.0202,0.0,0.0007,0.65968,0.0056,D,0.0012
99.259,150.0,216.0,66.0,3.90625,0.0222,DRIVER_APPLYING_BRAKES,0.0222,LOCAL_BRAKE_REQUEST,0.0222,0.1600000000000037,0.02,0.0,0.0009,1.0,0.0202,0.0,0.0002,0.5906650000000001,0.0054,D,0.0009
99.3592,106.0,154.0,48.0,3.875,0.0019,DRIVER_APPLYING_BRAKES,0.0019,LOCAL_BRAKE_REQUEST,0.0019,0.0,0.0003,0.0,0.001,1.0,0.0202,0.0,0.0007,0.5555359999999999,0.0056,D,0.001
99.4592,62.0,104.0,42.0,3.703125,0.0224,DRIVER_APPLYING_BRAKES,0.0224,LOCAL_BRAKE_REQUEST,0.0224,-0.1599999999999966,0.0202,0.0,0.0012,1.0,0.0197,0.0,0.0003,0.5206949999999999,0.0056,D,0.0012
99.5592,62.0,64.0,2.0,3.15625,0.0021,DRIVER_APPLYING_BRAKES,0.0021,LOCAL_BRAKE_REQUEST,0.0021,-0.0799999999999983,0.0002,0.0,0.001,1.0,0.0204,0.0,0.0007,0.52089,0.0056,D,0.001
99.6594,110.0,90.0,-20.0,3.09375,0.0226,DRIVER_APPLYING_BRAKES,0.0226,LOCAL_BRAKE_REQUEST,0.0226,0.0,0.0002,0.0,0.0009,1.0,0.0204,0.0,0.0007,0.5208149999999999,0.0058,D,0.0009
99.7592,178.0,152.0,-26.0,2.78125,0.0016,DRIVER_APPLYING_BRAKES,0.0016,LOCAL_BRAKE_REQUEST,0.0016,0.1600000000000037,0.0004,0.0,0.0012,1.0,0.0204,0.0,0.0007,0.5904780000000001,0.0056,D,0.0012
99.8592,256.0,260.0,4.0,1.84375,0.0223,DRIVER_APPLYING_BRAKES,0.0223,LOCAL_BRAKE_REQUEST,0.0223,0.240000000000002,0.0003,0.0,0.0013,0.0,0.0086,0.0,0.0008,0.659661,0.0056,D,0.0013
99.959,332.0,330.0,-2.0,0.4375,0.0016,BRAKES_NOT_APPLIED,0.0016,LOCAL_BRAKE_REQUEST,0.0016,0.3200000000000003,0.0202,0.0,0.0009,0.0,0.02,0.5,0.0002,0.729456,0.0054,D,0.0009
100.0591,372.0,376.0,4.0,0.015625,0.0217,BRAKES_NOT_APPLIED,0.0217,LOCAL_BRAKE_REQUEST,0.0217,0.3999999999999986,0.0002,0.0,0.0012,0.0,0.0199,0.5,0.0007,0.8681,0.0055,D,0.0012
100.1591,388.0,394.0,6.0,0.015625,0.0022,BRAKES_NOT_APPLIED,0.0022,LOCAL_BRAKE_REQUEST,0.0022,0.5600000000000023,0.0002,0.0,0.0009,0.0,0.0196,0.5,0.0007,0.868125,0.0055,D,0.0009
100.2592,388.0,396.0,8.0,0.015625,0.0224,BRAKES_NOT_APPLIED,0.0224,LOCAL_BRAKE_REQUEST,0.0224,0.6400000000000006,0.0204,0.0,0.0005,0.0,0.0202,0.5,0.0003,0.937629,0.0056,D,0.0005
100.3591,384.0,390.0,6.0,0.015625,0.0017,BRAKES_NOT_APPLIED,0.0017,LOCAL_BRAKE_REQUEST,0.0017,0.8800000000000026,0.0002,0.0,0.0009,0.0,0.0196,0.5,0.0007,0.972356,0.0055,D,0.0009
100.4591,376.0,378.0,2.0,0.015625,0.0223,BRAKES_NOT_APPLIED,0.0223,LOCAL_BRAKE_REQUEST,0.0223,1.0399999999999991,0.0002,0.0,0.001,0.0,0.0196,0.5,0.0005,1.0068800000000002,0.0055,D,0.001
100.5591,366.0,366.0,0.0,0.015625,0.002,BRAKES_NOT_APPLIED,0.002,LOCAL_BRAKE_REQUEST,0.002,1.2000000000000028,0.0203,0.0,0.0007,0.0,0.0201,0.5,0.0002,1.111328,0.0055,D,0.0007
100.6591,358.0,366.0,8.0,0.015625,0.0222,BRAKES_NOT_APPLIED,0.0222,LOCAL_BRAKE_REQUEST,0.0222,1.4399999999999977,0.0002,0.0,0.001,0.0,0.0201,0.5,0.0007,1.1802080000000001,0.0055,D,0.001
100.7591,348.0,370.0,22.0,0.015625,0.0022,BRAKES_NOT_APPLIED,0.0022,LOCAL_BRAKE_REQUEST,0.0022,1.6000000000000014,0.0203,0.0,0.0007,0.0,0.02,1.0,0.0003,1.21527,0.0055,D,0.0007
100.8591,340.0,360.0,20.0,0.015625,0.0208,BRAKES_NOT_APPLIED,0.0208,LOCAL_BRAKE_REQUEST,0.0208,1.759999999999998,0.0003,0.0,0.001,0.0,0.0203,0.5,0.0007,1.1808200000000002,0.0055,D,0.001
100.9593,330.0,340.0,10.0,0.015625,0.0022,BRAKES_NOT_APPLIED,0.0022,LOCAL_BRAKE_REQUEST,0.0022,1.9200000000000017,0.0005,0.0,0.0012,0.0,0.02,1.0,0.0009,1.21527,0.0057,D,0.0012
101.0593,320.0,342.0,22.0,0.015625,0.0224,BRAKES_NOT_APPLIED,0.0224,LOCAL_BRAKE_REQUEST,0.0224,2.0799999999999983,0.0002,0.0,0.001,0.0,0.02,0.5,0.0007,1.3534560000000002,0.0057,D,0.001
101.1591,312.0,330.0,18.0,0.015625,0.002,BRAKES_NOT_APPLIED,0.002,LOCAL_BRAKE_REQUEST,0.002,2.1600000000000037,0.0002,0.0,0.001,0.0,0.0201,1.0,0.0007,1.4231100000000003,0.0055,D,0.001
101.2592,304.0,314.0,10.0,0.015625,0.0223,BRAKES_NOT_APPLIED,0.0223,LOCAL_BRAKE_REQUEST,0.0223,2.3200000000000003,0.0002,0.0,0.0009,0.0,0.0201,1.0,0.0005,1.3540020000000001,0.0056,D,0.0009
101.3593,294.0,302.0,8.0,0.015625,0.0019,BRAKES_NOT_APPLIED,0.0019,LOCAL_BRAKE_REQUEST,0.0019,2.3999999999999986,0.0002,0.0,0.0009,0.0,0.02,1.0,0.0007,1.318866,0.0057,D,0.0009
101.459,288.0,302.0,14.0,0.015625,0.0221,BRAKES_NOT_APPLIED,0.0221,LOCAL_BRAKE_REQUEST,0.0221,2.5600000000000023,0.0002,0.0,0.0009,0.0,0.0199,1.0,0.0007,1.283863,0.0054,D,0.0009
101.5591,280.0,290.0,10.0,0.015625,0.0016,BRAKES_NOT_APPLIED,0.0016,LOCAL_BRAKE_REQUEST,0.0016,2.719999999999999,0.0004,0.0,0.0012,0.0,0.02,1.0,0.0007,1.38852,0.0055,D,0.0012
101.659,272.0,290.0,18.0,0.015625,0.0221,BRAKES_NOT_APPLIED,0.0221,LOCAL_BRAKE_REQUEST,0.0221,2.8800000000000026,0.0002,0.0,0.0007,0.0,0.0199,1.0,0.0004,1.38808,0.0054,D,0.0007
101.7592,266.0,276.0,10.0,0.015625,0.0017,BRAKES_NOT_APPLIED,0.0017,LOCAL_BRAKE_REQUEST,0.0017,2.960000000000001,0.0003,0.0,0.0012,0.0,0.0204,1.0,0.0005,1.4233150000000003,0.0056,D,0.0012
101.8593,258.0,266.0,8.0,0.015625,0.0219,BRAKES_NOT_APPLIED,0.0219,LOCAL_BRAKE_REQUEST,0.0219,3.1199999999999974,0.0003,0.0,0.001,0.0,0.0205,1.0,0.0008,1.457862,0.0056,D,0.001
101.9591,252.0,264.0,12.0,0.015625,0.002,BRAKES_NOT_APPLIED,0.002,LOCAL_BRAKE_REQUEST,0.002,3.280000000000001,0.0003,0.0,0.001,0.0,0.0198,1.0,0.0005,1.3540800000000002,0.0054,D,0.001
102.059,244.0,270.0,26.0,0.015625,0.0216,BRAKES_NOT_APPLIED,0.0216,LOCAL_BRAKE_REQUEST,0.0216,3.3599999999999994,0.0002,0.0,0.001,0.0,0.0198,1.0,0.0007,1.4226590000000003,0.0053,D,0.001
102.1591,260.0,258.0,-2.0,0.015625,0.0017,BRAKES_NOT_APPLIED,0.0017,LOCAL_BRAKE_REQUEST,0.0017,3.520000000000003,0.0002,2.8000000000000003,0.001,0.0,0.0203,1.0,0.0005,1.526976,0.0054,D,0.001
102.2593,310.0,320.0,10.0,0.015625,0.0223,BRAKES_NOT_APPLIED,0.0223,LOCAL_BRAKE_REQUEST,0.0223,3.6799999999999997,0.0003,3.6,0.0012,0.0,0.0202,1.0,0.0008,1.7001530000000002,0.0057,D,0.0012
102.3591,368.0,378.0,10.0,0.015625,0.0017,BRAKES_NOT_APPLIED,0.0017,LOCAL_BRAKE_REQUEST,0.0017,3.759999999999998,0.02,5.2,0.001,0.0,0.0203,1.5,0.0002,1.9775010000000002,0.0054,D,0.001
102.4593,426.0,428.0,2.0,0.015625,0.0223,BRAKES_NOT_APPLIED,0.0223,LOCAL_BRAKE_REQUEST,0.0223,4.0,0.0003,5.6000000000000005,0.001,0.0,0.0202,2.0,0.0008,2.3590560000000007,0.0057,D,0.001
102.5591,454.0,458.0,4.0,0.015625,0.0016,BRAKES_NOT_APPLIED,0.0016,LOCAL_BRAKE_REQUEST,0.0016,4.240000000000002,0.0005,5.6000000000000005,0.0012,0.0,0.02,2.5,0.0007,2.532443,0.0054,D,0.0012
102.6592,462.0,468.0,6.0,0.015625,0.0201,BRAKES_NOT_APPLIED,0.0201,LOCAL_BRAKE_REQUEST,0.0201,4.480000000000004,0.0005,5.6000000000000005,0.0012,0.0,0.0199,2.5,0.001,2.7048840000000003,0.0055,D,0.0012
102.7591,460.0,476.0,16.0,0.015625,0.0389,BRAKES_NOT_APPLIED,0.0389,LOCAL_BRAKE_REQUEST,0.0389,4.719999999999999,0.0003,5.6000000000000005,0.0012,0.0,0.0198,2.0,0.0005,2.842776,0.0053,D,0.0012
102.8592,456.0,462.0,6.0,0.015625,0.0222,BRAKES_NOT_APPLIED,0.0222,LOCAL_BRAKE_REQUEST,0.0222,4.960000000000001,0.0005,5.6000000000000005,0.0012,0.0,0.0204,2.0,0.001,2.9124480000000004,0.0055,D,0.0012
102.9591,448.0,448.0,0.0,0.015625,0.0017,BRAKES_NOT_APPLIED,0.0017,LOCAL_BRAKE_REQUEST,0.0017,5.119999999999997,0.0202,5.6000000000000005,0.0012,0.0,0.02,2.5,0.0002,2.877112,0.0054,D,0.0012
103.0592,436.0,450.0,14.0,0.015625,0.0224,BRAKES_NOT_APPLIED,0.0224,LOCAL_BRAKE_REQUEST,0.0224,5.439999999999998,0.0005,5.6000000000000005,0.0012,0.0,0.0204,2.5,0.001,2.9820499999999996,0.0055,D,0.0012
103.1591,426.0,434.0,8.0,0.015625,0.0017,BRAKES_NOT_APPLIED,0.0017,LOCAL_BRAKE_REQUEST,0.0017,5.68,0.0002,5.6000000000000005,0.0012,0.0,0.02,2.5,0.0007,2.9820499999999996,0.0054,D,0.0012
103.259,416.0,440.0,24.0,0.015625,0.0219,BRAKES_NOT_APPLIED,0.0219,LOCAL_BRAKE_REQUEST,0.0219,5.920000000000002,0.0005,5.6000000000000005,0.001,0.0,0.0199,2.5,0.0007,2.878191,0.0053,D,0.001
103.3591,406.0,408.0,2.0,0.015625,0.0392,BRAKES_NOT_APPLIED,0.0392,LOCAL_BRAKE_REQUEST,0.0392,6.079999999999998,0.0002,5.6000000000000005,0.0009,0.0,0.02,2.5,0.0005,3.11994,0.0054,D,0.0009
103.4592,424.0,414.0,-10.0,0.015625,0.0221,BRAKES_NOT_APPLIED,0.0221,LOCAL_BRAKE_REQUEST,0.0221,6.32,0.0005,8.4,0.0012,0.0,0.0201,3.0,0.001,3.2578519999999997,0.0055,D,0.0012
103.559,496.0,484.0,-12.0,0.015625,0.039,BRAKES_NOT_APPLIED,0.039,LOCAL_BRAKE_REQUEST,0.039,6.560000000000002,0.0005,8.8,0.0012,0.0,0.0199,3.0,0.0007,3.7436040000000004,0.0053,D,0.0012
103.6589,540.0,540.0,0.0,0.015625,0.0218,BRAKES_NOT_APPLIED,0.0218,LOCAL_BRAKE_REQUEST,0.0218,6.800000000000004,0.0002,8.4,0.0012,0.0,0.0198,4.0,0.0007,4.4330240000000005,0.0052,D,0.0012
103.7591,554.0,552.0,-2.0,0.015625,0.0386,BRAKES_NOT_APPLIED,0.0386,LOCAL_BRAKE_REQUEST,0.0386,7.039999999999999,0.0002,8.4,0.0012,0.0,0.02,4.0,0.0007,4.395851,0.0054,D,0.0012
103.8589,550.0,540.0,-10.0,0.015625,0.0219,BRAKES_NOT_APPLIED,0.0219,LOCAL_BRAKE_REQUEST,0.0219,7.359999999999999,0.0002,8.4,0.0012,0.0,0.0196,4.0,0.0007,4.536399,0.0052,D,0.0012
103.9591,538.0,540.0,2.0,0.015625,0.0019,BRAKES_NOT_APPLIED,0.0019,LOCAL_BRAKE_REQUEST,0.0019,7.68,0.0003,8.4,0.0012,0.0,0.02,4.0,0.0008,4.536530000000001,0.0054,D,0.0012
104.059,522.0,522.0,0.0,0.015625,0.0221,BRAKES_NOT_APPLIED,0.0221,LOCAL_BRAKE_REQUEST,0.0221,7.920000000000002,0.0003,8.4,0.001,0.0,0.0199,4.0,0.0005,4.7090000000000005,0.0053,D,0.001
104.1592,504.0,508.0,4.0,0.015625,0.0392,BRAKES_NOT_APPLIED,0.0392,LOCAL_BRAKE_REQUEST,0.0392,8.240000000000002,0.0005,8.4,0.0012,0.0,0.0201,4.0,0.0007,4.67532,0.0055,D,0.0012
104.2594,488.0,488.0,0.0,0.015625,0.0225,BRAKES_NOT_APPLIED,0.0225,LOCAL_BRAKE_REQUEST,0.0225,8.480000000000004,0.0003,8.4,0.0014,0.0,0.0201,4.0,0.0007,4.606455,0.0057,D,0.0014
104.3592,476.0,484.0,8.0,0.015625,0.0015,BRAKES_NOT_APPLIED,0.0015,LOCAL_BRAKE_REQUEST,0.0015,8.800000000000004,0.0005,8.4,0.0012,0.0,0.0198,4.0,0.0007,4.639616,0.0055,D,0.0012
104.459,464.0,466.0,2.0,0.015625,0.022,BRAKES_NOT_APPLIED,0.022,LOCAL_BRAKE_REQUEST,0.022,8.96,0.0003,8.4,0.0012,0.0,0.0197,4.0,0.0005,4.606588,0.0053,D,0.0012
104.5591,442.0,442.0,0.0,0.015625,0.0391,BRAKES_NOT_APPLIED,0.0391,LOCAL_BRAKE_REQUEST,0.0391,9.200000000000003,0.0002,8.4,0.0012,0.0,0.02,4.0,0.0005,4.674375,0.0054,D,0.0012
104.659,428.0,430.0,2.0,0.015625,0.022,BRAKES_NOT_APPLIED,0.022,LOCAL_BRAKE_REQUEST,0.022,9.439999999999998,0.0005,8.4,0.0012,0.0,0.0199,4.0,0.0007,4.434176000000001,0.0053,D,0.0012
104.7591,412.0,404.0,-8.0,0.015625,0.0019,BRAKES_NOT_APPLIED,0.0019,LOCAL_BRAKE_REQUEST,0.0019,9.68,0.0002,8.4,0.0012,0.0,0.02,4.0,0.0007,4.467399,0.0054,D,0.0012
104.859,402.0,406.0,4.0,0.015625,0.0219,BRAKES_NOT_APPLIED,0.0219,LOCAL_BRAKE_REQUEST,0.0219,9.920000000000002,0.0003,8.4,0.0012,0.0,0.0197,4.0,0.0005,4.294988,0.0053,D,0.0012
104.9591,394.0,398.0,4.0,0.015625,0.0019,BRAKES_NOT_APPLIED,0.0019,LOCAL_BRAKE_REQUEST,0.0019,10.160000000000004,0.0002,8.4,0.0012,0.0,0.02,3.5,0.0004,4.32875,0.0054,D,0.0012
105.059,376.0,370.0,-6.0,0.015625,0.022,BRAKES_NOT_APPLIED,0.022,LOCAL_BRAKE_REQUEST,0.022,10.32,0.0005,8.4,0.0012,0.0,0.0199,3.5,0.0007,4.1546400000000006,0.0053,D,0.0012
105.1592,364.0,364.0,0.0,0.015625,0.0014,BRAKES_NOT_APPLIED,0.0014,LOCAL_BRAKE_REQUEST,0.0014,10.560000000000002,0.0003,8.4,0.0012,0.0,0.0201,3.5,0.0007,4.15416,0.0055,D,0.0012
105.2589,354.0,350.0,-4.0,0.015625,0.0219,BRAKES_NOT_APPLIED,0.0219,LOCAL_BRAKE_REQUEST,0.0219,10.719999999999999,0.0002,8.4,0.0009,0.0,0.0198,3.5,0.0005,4.15608,0.0052,D,0.0009
105.3592,342.0,342.0,0.0,0.015625,0.0014,BRAKES_NOT_APPLIED,0.0014,LOCAL_BRAKE_REQUEST,0.0014,10.880000000000003,0.0003,8.4,0.0012,0.0,0.0203,3.5,0.0007,4.051944000000001,0.0055,D,0.0012
105.459,338.0,340.0,2.0,0.015625,0.022,BRAKES_NOT_APPLIED,0.022,LOCAL_BRAKE_REQUEST,0.022,11.120000000000005,0.0002,8.4,0.0012,0.0,0.0199,3.5,0.0005,3.984405,0.0053,D,0.0012
105.5589,324.0,322.0,-2.0,0.015625,0.0385,BRAKES_NOT_APPLIED,0.0385,LOCAL_BRAKE_REQUEST,0.0385,11.200000000000003,0.0202,8.4,0.0009,0.0,0.0198,3.5,0.0002,3.9138680000000003,0.0052,D,0.0009
105.659,314.0,308.0,-6.0,0.015625,0.022,BRAKES_NOT_APPLIED,0.022,LOCAL_BRAKE_REQUEST,0.022,11.36,0.0199,8.4,0.0012,0.0,0.0196,3.5,0.0002,3.9493020000000003,0.0053,D,0.0012
105.7593,310.0,310.0,0.0,0.015625,0.0394,BRAKES_NOT_APPLIED,0.0394,LOCAL_BRAKE_REQUEST,0.0394,11.600000000000001,0.0008,8.4,0.0015,0.0,0.0202,3.5,0.001,3.775651,0.0056,D,0.0015
105.8592,302.0,304.0,2.0,0.015625,0.0221,BRAKES_NOT_APPLIED,0.0221,LOCAL_BRAKE_REQUEST,0.0221,11.68,0.0002,8.4,0.0012,0.0,0.0198,3.5,0.0007,3.7416600000000004,0.0055,D,0.0012
105.9588,292.0,292.0,0.0,0.015625,0.0385,BRAKES_NOT_APPLIED,0.0385,LOCAL_BRAKE_REQUEST,0.0385,11.840000000000003,0.0199,8.4,0.001,0.0,0.0194,3.0,0.0002,3.81073,0.0051,D,0.001
106.0583,282.0,276.0,-6.0,0.015625,0.0192,BRAKES_NOT_APPLIED,0.0192,LOCAL_BRAKE_REQUEST,0.0192,12.0,0.0201,8.8,0.0009,0.0,0.019,3.0,0.0002,3.7075500000000003,0.0043,D,0.0009
106.1585,280.0,278.0,-2.0,0.015625,0.0014,BRAKES_NOT_APPLIED,0.0014,TRANSITION_TO_IDLE,0.0014,12.079999999999998,0.0197,9.200000000000001,0.0012,0.0,0.0195,3.0,0.0005,3.7071220000000005,0.0048,D,0.0012
106.2584,300.0,296.0,-4.0,0.015625,0.0194,BRAKES_NOT_APPLIED,0.0194,TRANSITION_TO_IDLE,0.0194,12.240000000000002,0.0198,10.0,0.0012,0.0,0.0191,3.5,0.0005,3.9493020000000003,0.0047,D,0.0012
106.3584,338.0,334.0,-4.0,0.015625,0.0386,BRAKES_NOT_APPLIED,0.0386,TRANSITION_TO_IDLE,0.0386,12.399999999999999,0.0199,10.8,0.001,0.0,0.0192,4.0,0.0003,4.50242,0.0047,D,0.001
106.4585,382.0,392.0,10.0,0.015625,0.0215,BRAKES_NOT_APPLIED,0.0215,TRANSITION_TO_IDLE,0.0215,12.560000000000002,0.0199,11.200000000000001,0.0008,0.0,0.0195,4.5,0.0003,4.812319,0.0048,D,0.0008
106.5588,406.0,392.0,-14.0,0.015625,0.0389,BRAKES_NOT_APPLIED,0.0389,TRANSITION_TO_IDLE,0.0389,12.719999999999999,0.0203,12.0,0.0015,0.0,0.0196,5.0,0.0008,5.400252,0.005,D,0.0015
106.6584,448.0,440.0,-8.0,0.015625,0.0214,BRAKES_NOT_APPLIED,0.0214,TRANSITION_TO_IDLE,0.0214,12.96,0.0196,12.8,0.0012,0.0,0.0194,5.5,0.0005,6.125970000000001,0.0045,D,0.0012
106.7583,478.0,478.0,0.0,0.015625,0.0004,BRAKES_NOT_APPLIED,0.0004,TRANSITION_TO_IDLE,0.0004,13.200000000000003,0.0195,12.8,0.0011,0.0,0.0191,6.0,0.0002,6.642432,0.0045,D,0.0011
106.8584,500.0,502.0,2.0,0.0,0.0213,BRAKES_NOT_APPLIED,0.0213,TRANSITION_TO_IDLE,0.0213,13.439999999999998,0.0193,12.8,0.0012,0.0,0.019,6.0,0.0005,6.641664000000001,0.0046,D,0.0012
106.9583,496.0,494.0,-2.0,0.0,0.0378,BRAKES_NOT_APPLIED,0.0378,TRANSITION_TO_IDLE,0.0378,13.68,0.0195,13.200000000000001,0.001,0.0,0.0191,6.5,0.0003,7.0235970000000005,0.0045,D,0.001
107.0579,490.0,490.0,0.0,0.015625,0.0209,BRAKES_NOT_APPLIED,0.0209,TRANSITION_TO_IDLE,0.0209,13.920000000000002,0.0193,13.200000000000001,0.0007,0.0,0.0187,6.5,0.0093,7.0911550000000005,0.0041,D,0.0007
107.1584,486.0,488.0,2.0,0.0,0.0385,BRAKES_NOT_APPLIED,0.0385,TRANSITION_TO_IDLE,0.0385,14.160000000000004,0.0203,12.8,0.0012,0.0,0.0192,6.5,0.0004,7.018522000000001,0.0046,D,0.0012
107.2584,462.0,458.0,-4.0,0.015625,0.0214,BRAKES_NOT_APPLIED,0.0214,TRANSITION_TO_IDLE,0.0214,14.480000000000004,0.0198,13.200000000000001,0.0012,0.0,0.0191,6.5,0.0005,6.988594000000002,0.0046,D,0.0012
107.3584,452.0,452.0,0.0,0.0,0.0005,BRAKES_NOT_APPLIED,0.0005,TRANSITION_TO_IDLE,0.0005,14.719999999999999,0.0199,13.200000000000001,0.0011,0.0,0.0192,6.0,0.0003,6.814427000000001,0.0046,D,0.0011
107.4582,432.0,430.0,-2.0,0.0,0.0212,BRAKES_NOT_APPLIED,0.0212,TRANSITION_TO_IDLE,0.0212,14.96,0.0194,12.8,0.001,0.0,0.0189,6.0,0.0002,6.641664000000001,0.0044,D,0.001
107.5584,430.0,434.0,4.0,0.0,0.0005,BRAKES_NOT_APPLIED,0.0005,TRANSITION_TO_IDLE,0.0005,15.200000000000003,0.0199,12.8,0.0011,0.0,0.019,6.0,0.0002,6.50574,0.0046,D,0.0011
107.6582,402.0,392.0,-10.0,0.0,0.0212,BRAKES_NOT_APPLIED,0.0212,TRANSITION_TO_IDLE,0.0212,15.439999999999998,0.0002,12.8,0.0014,0.0,0.0189,6.0,0.0009,6.3316170000000005,0.0044,D,0.0014
107.7579,392.0,394.0,2.0,0.0,0.0374,BRAKES_NOT_APPLIED,0.0374,TRANSITION_TO_IDLE,0.0374,15.600000000000001,0.0194,12.8,0.0007,0.0,0.0187,5.5,0.0095,6.091536000000001,0.0041,D,0.0007
107.8582,378.0,378.0,0.0,0.0,0.0209,BRAKES_NOT_APPLIED,0.0209,TRANSITION_TO_IDLE,0.0209,15.759999999999998,0.0191,12.8,0.0009,0.0,0.0188,5.5,0.0002,6.054475,0.0044,D,0.0009
107.9582,368.0,368.0,0.0,0.0,0.0376,BRAKES_NOT_APPLIED,0.0376,TRANSITION_TO_IDLE,0.0376,16.0,0.0198,12.8,0.0009,0.0,0.019,5.5,0.0002,5.951371999999999,0.0044,D,0.0009
108.0582,352.0,350.0,-2.0,0.0,0.0191,BRAKES_NOT_APPLIED,0.0191,TRANSITION_TO_IDLE,0.0191,16.160000000000004,0.02,12.8,0.0009,0.0,0.0189,5.0,0.0002,5.8144800000000005,0.0042,D,0.0009
108.1583,338.0,334.0,-4.0,0.015625,0.0383,BRAKES_NOT_APPLIED,0.0383,TRANSITION_TO_IDLE,0.0383,16.32,0.0205,12.8,0.001,0.0,0.0191,5.0,0.0003,5.641267000000001,0.0045,D,0.001
108.2585,328.0,322.0,-6.0,0.0,0.0196,BRAKES_NOT_APPLIED,0.0196,TRANSITION_TO_IDLE,0.0196,16.480000000000004,0.0203,12.8,0.0014,0.0,0.0192,5.0,0.0007,5.468222000000001,0.0047,D,0.0014
108.3584,322.0,316.0,-6.0,0.0,0.0004,BRAKES_NOT_APPLIED,0.0004,TRANSITION_TO_IDLE,0.0004,16.64,0.0206,12.8,0.0011,0.0,0.0192,5.0,0.0002,5.500764,0.0046,D,0.0011
108.4583,318.0,318.0,0.0,0.0,0.0192,BRAKES_NOT_APPLIED,0.0192,TRANSITION_TO_IDLE,0.0192,16.800000000000004,0.0201,12.8,0.0012,0.0,0.019,5.0,0.0005,5.4334560000000005,0.0045,D,0.0012
108.5584,306.0,306.0,0.0,0.0,0.0385,BRAKES_NOT_APPLIED,0.0385,TRANSITION_TO_IDLE,0.0385,16.96,0.0198,12.8,0.0012,0.0,0.0191,4.5,0.0005,5.295636,0.0046,D,0.0012
108.6583,294.0,294.0,0.0,0.0,0.0194,BRAKES_NOT_APPLIED,0.0194,TRANSITION_TO_IDLE,0.0194,17.200000000000003,0.0201,12.8,0.0012,0.0,0.0189,4.5,0.0005,5.089434000000001,0.0045,D,0.0012
108.7585,282.0,276.0,-6.0,0.0,0.0386,BRAKES_NOT_APPLIED,0.0386,TRANSITION_TO_IDLE,0.0386,17.36,0.0201,12.8,0.0014,0.0,0.0192,4.5,0.0002,5.086935,0.0047,D,0.0014
108.8583,284.0,284.0,0.0,0.0,0.019,BRAKES_NOT_APPLIED,0.019,TRANSITION_TO_IDLE,0.019,17.520000000000003,0.0192,12.8,0.0012,0.0,0.0188,4.5,0.0005,5.054812000000001,0.0045,D,0.0012
108.9582,274.0,278.0,4.0,0.0,0.0376,BRAKES_NOT_APPLIED,0.0376,TRANSITION_TO_IDLE,0.0376,17.6,0.0197,12.8,0.001,0.0,0.0189,4.5,0.0002,4.812041,0.0044,D,0.001
109.0581,262.0,256.0,-6.0,0.0,0.0192,BRAKES_NOT_APPLIED,0.0192,TRANSITION_TO_IDLE,0.0192,17.759999999999998,0.0196,13.200000000000001,0.0009,0.0,0.0187,4.5,0.0098,4.812458,0.0043,D,0.0009
109.1581,260.0,260.0,0.0,0.0,0.038,BRAKES_NOT_APPLIED,0.038,TRANSITION_TO_IDLE,0.038,17.92,0.0197,13.600000000000001,0.001,0.0,0.0188,4.0,0.0002,4.744721,0.0043,D,0.001
109.2582,318.0,314.0,-4.0,0.0,0.0193,BRAKES_NOT_APPLIED,0.0193,TRANSITION_TO_IDLE,0.0193,18.08,0.0197,17.2,0.0012,0.0,0.0188,5.0,0.0005,5.640289000000001,0.0044,D,0.0012
109.3581,430.0,412.0,-18.0,0.0,0.0384,BRAKES_NOT_APPLIED,0.0384,TRANSITION_TO_IDLE,0.0384,18.240000000000002,0.0198,17.6,0.0009,0.0,0.0188,7.0,0.0098,7.570611,0.0043,D,0.0009
109.4576,500.0,530.0,30.0,0.0,0.0186,BRAKES_NOT_APPLIED,0.0186,TRANSITION_TO_IDLE,0.0186,18.4,0.0191,17.6,0.0006,0.0,0.0182,8.0,0.0091,8.772144,0.0038,D,0.0006
109.5582,524.0,558.0,34.0,0.0,0.0386,BRAKES_NOT_APPLIED,0.0386,TRANSITION_TO_IDLE,0.0386,18.72,0.0199,17.6,0.0011,0.0,0.0189,9.0,0.0004,9.462316000000001,0.0044,D,0.0011
109.658,522.0,536.0,14.0,0.0,0.019,BRAKES_NOT_APPLIED,0.019,TRANSITION_TO_IDLE,0.019,18.96,0.0195,17.6,0.0009,0.0,0.0186,9.0,0.0002,9.633312000000002,0.004,D,0.0009
109.7584,506.0,506.0,0.0,0.0,0.0004,BRAKES_NOT_APPLIED,0.0004,TRANSITION_TO_IDLE,0.0004,19.28,0.0201,17.6,0.0013,0.0,0.0191,9.0,0.0006,9.492725,0.0046,D,0.0013
109.8581,500.0,500.0,0.0,0.0,0.0187,BRAKES_NOT_APPLIED,0.0187,TRANSITION_TO_IDLE,0.0187,19.520000000000003,0.0189,17.6,0.0011,0.0,0.0184,8.5,0.0002,9.462590000000002,0.0043,D,0.0011
109.9582,482.0,482.0,0.0,0.0,0.0377,BRAKES_NOT_APPLIED,0.0377,TRANSITION_TO_IDLE,0.0377,19.759999999999998,0.0199,17.6,0.0012,0.0,0.0189,8.5,0.0003,9.325800000000001,0.0044,D,0.0012
110.058,460.0,454.0,-6.0,0.0,0.019,BRAKES_NOT_APPLIED,0.019,TRANSITION_TO_IDLE,0.019,20.08,0.0194,17.6,0.0009,0.0,0.0186,8.5,0.0002,9.14886,0.0041,D,0.0009
110.1581,452.0,454.0,2.0,0.0,0.0384,BRAKES_NOT_APPLIED,0.0384,TRANSITION_TO_IDLE,0.0384,20.32,0.0197,17.2,0.001,0.0,0.0187,8.0,0.0003,8.80362,0.0043,D,0.001
110.2579,434.0,436.0,2.0,0.0,0.0189,BRAKES_NOT_APPLIED,0.0189,TRANSITION_TO_IDLE,0.0189,20.560000000000002,0.0195,17.2,0.0009,0.0,0.0184,8.0,0.0095,8.669791000000002,0.0039,D,0.0009
110.3581,418.0,418.0,0.0,0.0,0.0385,BRAKES_NOT_APPLIED,0.0385,TRANSITION_TO_IDLE,0.0385,20.72,0.0197,17.6,0.001,0.0,0.0187,7.5,0.0099,8.29008,0.0043,D,0.001
110.458,402.0,402.0,0.0,0.0,0.019,BRAKES_NOT_APPLIED,0.019,TRANSITION_TO_IDLE,0.019,20.96,0.0192,17.2,0.001,0.0,0.0185,7.5,0.0003,8.221472,0.0042,D,0.001
110.5581,382.0,376.0,-6.0,0.0,0.0385,BRAKES_NOT_APPLIED,0.0385,TRANSITION_TO_IDLE,0.0385,21.120000000000005,0.0197,17.6,0.0012,0.0,0.0187,7.5,0.0007,7.9828980000000005,0.0043,D,0.0012
110.658,376.0,376.0,0.0,0.0,0.019,BRAKES_NOT_APPLIED,0.019,TRANSITION_TO_IDLE,0.019,21.36,0.0196,17.6,0.0009,0.0,0.0185,7.0,0.0098,7.7768999999999995,0.0042,D,0.0009
110.7581,372.0,372.0,0.0,0.0,0.0385,BRAKES_NOT_APPLIED,0.0385,TRANSITION_TO_IDLE,0.0385,21.520000000000003,0.0197,17.2,0.0012,0.0,0.0187,7.0,0.0002,7.706211000000001,0.0043,D,0.0012
110.8581,356.0,356.0,0.0,-0.015625,0.0189,BRAKES_NOT_APPLIED,0.0189,TRANSITION_TO_IDLE,0.0189,21.68,0.0193,17.2,0.0012,0.0,0.0184,7.0,0.0007,7.566669000000001,0.0043,D,0.0012
110.958,348.0,348.0,0.0,-0.015625,0.0373,BRAKES_NOT_APPLIED,0.0373,TRANSITION_TO_IDLE,0.0373,21.840000000000003,0.0196,17.6,0.0009,0.0,0.0186,6.5,0.0002,7.4651760000000005,0.0042,D,0.0009
111.0581,346.0,346.0,0.0,-0.015625,0.019,BRAKES_NOT_APPLIED,0.019,TRANSITION_TO_IDLE,0.019,22.08,0.0197,17.6,0.0012,0.0,0.0186,6.5,0.0007,7.223876000000001,0.0043,D,0.0012
111.1582,332.0,332.0,0.0,-0.015625,0.0386,BRAKES_NOT_APPLIED,0.0386,TRANSITION_TO_IDLE,0.0386,22.240000000000002,0.0198,17.6,0.0011,0.0,0.0188,6.5,0.0002,7.160337000000001,0.0044,D,0.0011
111.2581,326.0,332.0,6.0,-0.015625,0.019,BRAKES_NOT_APPLIED,0.019,TRANSITION_TO_IDLE,0.019,22.32,0.0194,17.2,0.0011,0.0,0.0186,6.5,0.0002,6.952389,0.0043,D,0.0011
111.358,312.0,314.0,2.0,-0.015625,0.0384,BRAKES_NOT_APPLIED,0.0384,TRANSITION_TO_IDLE,0.0384,22.480000000000004,0.0201,17.2,0.0012,0.0,0.0186,6.0,0.0002,6.778856000000001,0.0042,D,0.0012
111.458,296.0,296.0,0.0,-0.015625,0.0189,BRAKES_NOT_APPLIED,0.0189,TRANSITION_TO_IDLE,0.0189,22.64,0.0198,17.2,0.0011,0.0,0.0185,6.0,0.0002,6.607836,0.0041,D,0.0011
111.558,290.0,290.0,0.0,-0.015625,0.0385,BRAKES_NOT_APPLIED,0.0385,TRANSITION_TO_IDLE,0.0385,22.800000000000004,0.0198,17.2,0.0011,0.0,0.0185,5.5,0.0002,6.4668339999999995,0.0041,D,0.0011
111.658,282.0,284.0,2.0,-0.015625,0.0187,BRAKES_NOT_APPLIED,0.0187,TRANSITION_TO_IDLE,0.0187,22.96,0.0196,17.2,0.0011,0.0,0.0184,5.5,0.0007,6.191789000000002,0.0041,D,0.0011
111.7576,270.0,270.0,0.0,-0.015625,0.0381,BRAKES_NOT_APPLIED,0.0381,TRANSITION_TO_IDLE,0.0381,23.120000000000005,0.0197,17.2,0.0007,0.0,0.0181,5.5,0.0094,6.053075,0.0037,D,0.0007
111.8581,266.0,268.0,2.0,-0.015625,0.0188,BRAKES_NOT_APPLIED,0.0188,TRANSITION_TO_IDLE,0.0188,23.28,0.0193,17.2,0.0012,0.0,0.0186,5.0,0.0007,5.950684,0.0042,D,0.0012
111.9582,248.0,248.0,0.0,-0.015625,0.038,BRAKES_NOT_APPLIED,0.038,TRANSITION_TO_IDLE,0.038,23.440000000000005,0.0197,17.2,0.0012,0.0,0.0187,5.0,0.0002,5.7782,0.0043,D,0.0012
112.0575,250.0,250.0,0.0,-0.015625,0.0184,BRAKES_NOT_APPLIED,0.0184,TRANSITION_TO_IDLE,0.0184,23.6,0.0002,17.2,0.0011,0.0,0.0179,5.0,0.0007,5.675220000000001,0.0036,D,0.0011
112.1582,240.0,242.0,2.0,-0.015625,0.0387,BRAKES_NOT_APPLIED,0.0387,TRANSITION_TO_IDLE,0.0387,23.68,0.0199,17.2,0.0012,0.0,0.0187,5.0,0.0007,5.570761,0.0043,D,0.0012
112.2582,228.0,226.0,-2.0,-0.015625,0.019,BRAKES_NOT_APPLIED,0.019,NO_MODE_ACTIVE,0.019,23.840000000000003,0.0002,17.6,0.0014,0.0,0.0186,5.0,0.0009,5.400720000000001,0.0043,D,0.0014
112.358,232.0,232.0,0.0,-0.015625,0.0385,BRAKES_NOT_APPLIED,0.0385,NO_MODE_ACTIVE,0.0385,24.0,0.0195,17.2,0.0012,0.0,0.0185,4.5,0.0002,5.398692,0.0041,D,0.0012
112.458,226.0,226.0,0.0,-0.015625,0.0188,BRAKES_NOT_APPLIED,0.0188,NO_MODE_ACTIVE,0.0188,24.0,0.0195,17.2,0.0012,0.0,0.0184,4.5,0.0007,5.330864,0.0041,D,0.0012
112.558,222.0,222.0,0.0,-0.015625,0.0385,BRAKES_NOT_APPLIED,0.0385,NO_MODE_ACTIVE,0.0385,24.159999999999997,0.0197,17.6,0.0012,0.0,0.0185,4.5,0.0007,5.226412,0.0041,D,0.0012
112.658,212.0,212.0,0.0,-0.015625,0.0186,BRAKES_NOT_APPLIED,0.0186,NO_MODE_ACTIVE,0.0186,24.239999999999995,0.0195,17.2,0.0012,0.0,0.0184,4.5,0.0007,5.086788,0.0041,D,0.0012
112.758,212.0,212.0,0.0,-0.015625,0.0381,BRAKES_NOT_APPLIED,0.0381,NO_MODE_ACTIVE,0.0381,24.320000000000007,0.0197,17.2,0.0012,0.0,0.0185,4.5,0.0002,5.053790000000001,0.0041,D,0.0012
112.858,204.0,204.0,0.0,-0.015625,0.0187,BRAKES_NOT_APPLIED,0.0187,NO_MODE_ACTIVE,0.0187,24.400000000000006,0.0191,17.2,0.0012,0.0,0.0185,4.0,0.0007,4.982544,0.0041,D,0.0012
112.958,204.0,204.0,0.0,-0.015625,0.0375,BRAKES_NOT_APPLIED,0.0375,NO_MODE_ACTIVE,0.0375,24.480000000000004,0.0201,17.2,0.0012,0.0,0.0185,4.0,0.0002,4.7408850000000005,0.0041,D,0.0012
113.0581,190.0,190.0,0.0,-0.015625,0.0189,BRAKES_NOT_APPLIED,0.0189,NO_MODE_ACTIVE,0.0189,24.560000000000002,0.0198,17.2,0.0012,0.0,0.0184,4.0,0.0003,4.7408850000000005,0.0042,D,0.0012
113.158,184.0,182.0,-2.0,-0.015625,0.0382,BRAKES_NOT_APPLIED,0.0382,NO_MODE_ACTIVE,0.0382,24.64,0.0201,17.2,0.0013,0.0,0.0184,4.0,0.0002,4.569312000000001,0.0041,D,0.0013
113.2575,188.0,188.0,0.0,-0.015625,0.0183,BRAKES_NOT_APPLIED,0.0183,NO_MODE_ACTIVE,0.0183,24.72,0.019,17.2,0.0008,0.0,0.0179,4.0,0.0002,4.569972,0.0036,D,0.0008
113.3576,184.0,184.0,0.0,-0.015625,0.038,BRAKES_NOT_APPLIED,0.038,NO_MODE_ACTIVE,0.038,24.799999999999997,0.0205,17.2,0.0009,0.0,0.018,4.0,0.0003,4.5005999999999995,0.0037,D,0.0009
113.4578,178.0,178.0,0.0,-0.015625,0.0184,BRAKES_NOT_APPLIED,0.0184,NO_MODE_ACTIVE,0.0184,24.879999999999995,0.0199,17.2,0.0011,0.0,0.0182,4.0,0.0005,4.465335000000001,0.0039,D,0.0011
113.558,174.0,174.0,0.0,-0.015625,0.0384,BRAKES_NOT_APPLIED,0.0384,NO_MODE_ACTIVE,0.0384,24.879999999999995,0.0197,17.2,0.0013,0.0,0.0184,3.5,0.0002,4.396994,0.0041,D,0.0013
113.6582,168.0,166.0,-2.0,-0.015625,0.019,BRAKES_NOT_APPLIED,0.019,NO_MODE_ACTIVE,0.019,24.960000000000008,0.0199,17.2,0.0015,0.0,0.0186,3.5,0.0008,4.328,0.0043,D,0.0015
113.7583,174.0,174.0,0.0,-0.015625,0.0387,BRAKES_NOT_APPLIED,0.0387,NO_MODE_ACTIVE,0.0387,25.040000000000006,0.02,17.2,0.0016,0.0,0.0187,3.5,0.001,4.326875,0.0044,D,0.0016
113.8575,172.0,172.0,0.0,-0.015625,0.018,BRAKES_NOT_APPLIED,0.018,NO_MODE_ACTIVE,0.018,25.040000000000006,0.0186,17.2,0.0008,0.0,0.0178,3.5,0.0002,4.29288,0.0036,D,0.0008
113.9573,170.0,170.0,0.0,-0.015625,0.0376,BRAKES_NOT_APPLIED,0.0376,NO_MODE_ACTIVE,0.0376,25.120000000000005,0.0191,17.2,0.0006,0.0,0.0177,3.5,0.0092,4.224616000000001,0.0034,D,0.0006
114.0582,168.0,170.0,2.0,-0.015625,0.019,BRAKES_NOT_APPLIED,0.019,NO_MODE_ACTIVE,0.019,25.200000000000003,0.0197,17.2,0.0015,0.0,0.0186,3.5,0.0009,4.15392,0.0043,D,0.0015
114.1582,156.0,156.0,0.0,-0.015625,0.0387,BRAKES_NOT_APPLIED,0.0387,NO_MODE_ACTIVE,0.0387,25.28,0.0209,17.2,0.0015,0.0,0.0184,3.5,0.0009,4.086812000000001,0.0043,D,0.0015
114.2577,160.0,160.0,0.0,-0.015625,0.0186,BRAKES_NOT_APPLIED,0.0186,NO_MODE_ACTIVE,0.0186,25.36,0.0199,17.2,0.0011,0.0,0.0181,3.5,0.0004,4.051125000000001,0.0038,D,0.0011
114.3577,154.0,154.0,0.0,-0.015625,0.0383,BRAKES_NOT_APPLIED,0.0383,NO_MODE_ACTIVE,0.0383,25.439999999999998,0.0199,17.2,0.001,0.0,0.0181,3.5,0.0002,3.982105,0.0038,D,0.001
114.4577,148.0,148.0,0.0,-0.015625,0.0186,BRAKES_NOT_APPLIED,0.0186,NO_MODE_ACTIVE,0.0186,25.519999999999996,0.0192,17.2,0.0011,0.0,0.0181,3.0,0.0002,3.947706,0.0038,D,0.0011
114.5582,142.0,142.0,0.0,-0.015625,0.0387,BRAKES_NOT_APPLIED,0.0387,NO_MODE_ACTIVE,0.0387,25.599999999999994,0.0204,17.2,0.0016,0.0,0.0186,3.0,0.001,3.8108400000000002,0.0043,D,0.0016
114.6578,138.0,138.0,0.0,-0.015625,0.0188,BRAKES_NOT_APPLIED,0.0188,NO_MODE_ACTIVE,0.0188,25.599999999999994,0.0198,17.2,0.0011,0.0,0.0181,3.0,0.0005,3.7406880000000005,0.0039,D,0.0011
114.7577,140.0,140.0,0.0,-0.015625,0.0385,BRAKES_NOT_APPLIED,0.0385,NO_MODE_ACTIVE,0.0385,25.680000000000007,0.0202,17.2,0.0011,0.0,0.018,3.0,0.0003,3.6702500000000002,0.0038,D,0.0011
114.8577,136.0,136.0,0.0,-0.015625,0.0185,BRAKES_NOT_APPLIED,0.0185,NO_MODE_ACTIVE,0.0185,25.760000000000005,0.0189,17.2,0.0011,0.0,0.018,3.0,0.0005,3.6367800000000003,0.0038,D,0.0011
114.9577,134.0,134.0,0.0,-0.015625,0.0381,BRAKES_NOT_APPLIED,0.0381,NO_MODE_ACTIVE,0.0381,25.840000000000003,0.0202,17.2,0.0011,0.0,0.018,3.0,0.0004,3.567817,0.0038,D,0.0011
115.057,132.0,132.0,0.0,-0.015625,0.0187,BRAKES_NOT_APPLIED,0.0187,NO_MODE_ACTIVE,0.0187,25.92,0.0005,17.2,0.001,0.0,0.0173,3.0,0.0007,3.4987410000000008,0.0031,D,0.001
115.157,134.0,136.0,2.0,-0.015625,0.0378,BRAKES_NOT_APPLIED,0.0378,NO_MODE_ACTIVE,0.0378,25.92,0.0005,17.2,0.001,0.0,0.0173,3.0,0.0007,3.42837,0.0031,D,0.001
115.2569,124.0,124.0,0.0,-0.015625,0.0181,BRAKES_NOT_APPLIED,0.0181,NO_MODE_ACTIVE,0.0181,26.0,0.0002,17.2,0.0007,0.0,0.0172,3.0,0.0004,3.3946220000000005,0.003,D,0.0007
115.357,128.0,128.0,0.0,-0.015625,0.0378,BRAKES_NOT_APPLIED,0.0378,NO_MODE_ACTIVE,0.0378,26.0,0.0005,17.2,0.001,0.0,0.0173,3.0,0.0008,3.3960920000000003,0.0031,D,0.001
115.457,124.0,124.0,0.0,-0.015625,0.0187,BRAKES_NOT_APPLIED,0.0187,NO_MODE_ACTIVE,0.0187,26.08,0.0005,17.6,0.001,0.0,0.0173,3.0,0.0008,3.361244,0.0031,D,0.001
115.5573,126.0,126.0,0.0,-0.015625,0.0381,BRAKES_NOT_APPLIED,0.0381,NO_MODE_ACTIVE,0.0381,26.159999999999997,0.0008,17.6,0.0013,0.0,0.0176,2.5,0.001,3.393446,0.0034,D,0.0013
115.657,120.0,120.0,0.0,-0.015625,0.0188,BRAKES_NOT_APPLIED,0.0188,NO_MODE_ACTIVE,0.0188,26.159999999999997,0.0005,17.6,0.001,0.0,0.0173,3.0,0.0008,3.289755,0.0031,D,0.001
115.757,130.0,130.0,0.0,-0.015625,0.0378,BRAKES_NOT_APPLIED,0.0378,NO_MODE_ACTIVE,0.0378,26.159999999999997,0.0005,17.6,0.001,0.0,0.0173,2.5,0.0007,3.324864000000001,0.0031,D,0.001
115.857,116.0,114.0,-2.0,-0.015625,0.0182,BRAKES_NOT_APPLIED,0.0182,NO_MODE_ACTIVE,0.0182,26.239999999999995,0.0005,17.6,0.001,0.0,0.0172,2.5,0.0007,3.219939,0.0031,D,0.001
115.957,120.0,120.0,0.0,-0.015625,0.0375,BRAKES_NOT_APPLIED,0.0375,NO_MODE_ACTIVE,0.0375,26.320000000000007,0.0005,17.6,0.001,0.0,0.0173,2.5,0.0007,3.257476,0.0031,D,0.001
116.057,116.0,116.0,0.0,-0.015625,0.0188,BRAKES_NOT_APPLIED,0.0188,NO_MODE_ACTIVE,0.0188,26.320000000000007,0.0005,17.6,0.001,0.0,0.0173,2.5,0.0007,3.11715,0.003,D,0.001
116.157,120.0,120.0,0.0,-0.015625,0.0381,BRAKES_NOT_APPLIED,0.0381,NO_MODE_ACTIVE,0.0381,26.320000000000007,0.0005,17.2,0.0009,0.0,0.0173,2.5,0.0007,3.151876,0.003,D,0.0009
116.257,114.0,114.0,0.0,-0.015625,0.0188,BRAKES_NOT_APPLIED,0.0188,NO_MODE_ACTIVE,0.0188,26.400000000000006,0.0005,17.2,0.0009,0.0,0.0173,2.5,0.0007,3.1526039999999997,0.0031,D,0.0009
116.357,114.0,114.0,0.0,-0.015625,0.0377,BRAKES_NOT_APPLIED,0.0377,NO_MODE_ACTIVE,0.0377,26.400000000000006,0.0005,17.6,0.0009,0.0,0.0173,2.5,0.0007,3.048848,0.003,D,0.0009
116.457,106.0,106.0,0.0,-0.015625,0.019,BRAKES_NOT_APPLIED,0.019,NO_MODE_ACTIVE,0.019,26.480000000000004,0.0005,17.6,0.0009,0.0,0.0172,2.5,0.0007,3.0489360000000008,0.003,D,0.0009
116.557,110.0,110.0,0.0,-0.015625,0.0377,BRAKES_NOT_APPLIED,0.0377,NO_MODE_ACTIVE,0.0377,26.480000000000004,0.0005,17.6,0.0009,0.0,0.0172,2.5,0.0007,3.0831380000000004,0.003,D,0.0009
116.657,120.0,120.0,0.0,-0.015625,0.019,BRAKES_NOT_APPLIED,0.019,NO_MODE_ACTIVE,0.019,26.480000000000004,0.0206,18.0,0.0009,0.0,0.0172,2.5,0.0004,3.2556900000000004,0.003,D,0.0009
116.757,148.0,148.0,0.0,-0.015625,0.0382,BRAKES_NOT_APPLIED,0.0382,NO_MODE_ACTIVE,0.0382,26.560000000000002,0.0002,20.400000000000002,0.0009,0.0,0.0172,3.5,0.0007,3.842931,0.003,D,0.0009
116.8568,230.0,240.0,10.0,-0.015625,0.0179,BRAKES_NOT_APPLIED,0.0179,NO_MODE_ACTIVE,0.0179,26.64,0.0002,21.200000000000003,0.0007,0.0,0.017,5.0,0.0005,5.5376,0.0028,D,0.0007
116.9568,276.0,276.0,0.0,-0.015625,0.0374,BRAKES_NOT_APPLIED,0.0374,NO_MODE_ACTIVE,0.0374,26.72,0.0002,21.200000000000003,0.0009,0.0,0.017,6.0,0.0007,7.119566000000001,0.0028,D,0.0009
117.0568,302.0,302.0,0.0,-0.015625,0.0184,BRAKES_NOT_APPLIED,0.0184,NO_MODE_ACTIVE,0.0184,26.879999999999995,0.0002,21.200000000000003,0.0009,0.0,0.017,7.0,0.0007,7.567326000000001,0.0028,D,0.0009
117.1568,298.0,298.0,0.0,-0.015625,0.0379,BRAKES_NOT_APPLIED,0.0379,NO_MODE_ACTIVE,0.0379,27.040000000000006,0.0002,21.200000000000003,0.0009,0.0,0.017,7.0,0.0007,7.635771000000001,0.0028,D,0.0009
117.2568,292.0,292.0,0.0,-0.015625,0.0188,BRAKES_NOT_APPLIED,0.0188,NO_MODE_ACTIVE,0.0188,27.120000000000005,0.0002,20.8,0.0009,0.0,0.017,7.0,0.0007,7.636876,0.0028,D,0.0009
117.3569,286.0,286.0,0.0,-0.015625,0.0381,BRAKES_NOT_APPLIED,0.0381,NO_MODE_ACTIVE,0.0381,27.28,0.0005,20.8,0.0009,0.0,0.0171,7.0,0.0007,7.460424,0.0029,D,0.0009
117.4568,280.0,280.0,0.0,-0.015625,0.0188,BRAKES_NOT_APPLIED,0.0188,NO_MODE_ACTIVE,0.0188,27.439999999999998,0.0002,20.8,0.0009,0.0,0.0167,6.5,0.0007,7.25592,0.0028,D,0.0009
117.5569,276.0,278.0,2.0,-0.015625,0.0381,BRAKES_NOT_APPLIED,0.0381,NO_MODE_ACTIVE,0.0381,27.519999999999996,0.0205,20.8,0.001,0.0,0.0171,6.5,0.0005,7.014868000000001,0.0029,D,0.001
117.6569,256.0,256.0,0.0,-0.015625,0.0199,BRAKES_NOT_APPLIED,0.0199,NO_MODE_ACTIVE,0.0199,27.680000000000007,0.0005,20.8,0.001,0.0,0.0171,6.0,0.0008,6.842484000000001,0.0029,D,0.001
117.7569,256.0,258.0,2.0,-0.015625,0.038,BRAKES_NOT_APPLIED,0.038,NO_MODE_ACTIVE,0.038,27.760000000000005,0.0206,20.8,0.001,0.0,0.0171,6.0,0.0005,6.635328000000001,0.0029,D,0.001
117.8569,240.0,240.0,0.0,-0.015625,0.0178,BRAKES_NOT_APPLIED,0.0178,NO_MODE_ACTIVE,0.0178,27.92,0.0005,20.8,0.001,0.0,0.017,6.0,0.0007,6.497092,0.0029,D,0.001
117.9569,230.0,228.0,-2.0,-0.015625,0.0375,BRAKES_NOT_APPLIED,0.0375,NO_MODE_ACTIVE,0.0375,28.0,0.02,20.8,0.001,0.0,0.017,5.5,0.0005,6.359592,0.0029,D,0.001
118.0571,228.0,228.0,0.0,-0.015625,0.0201,BRAKES_NOT_APPLIED,0.0201,NO_MODE_ACTIVE,0.0201,28.159999999999997,0.0007,20.8,0.0013,0.0,0.0172,5.5,0.0011,6.186419000000001,0.0031,D,0.0013
118.1571,226.0,226.0,0.0,-0.015625,0.0381,BRAKES_NOT_APPLIED,0.0381,NO_MODE_ACTIVE,0.0381,28.239999999999995,0.0007,20.8,0.0013,0.0,0.0172,5.5,0.0011,6.186061000000001,0.0031,D,0.0013
118.2568,224.0,224.0,0.0,-0.015625,0.0198,BRAKES_NOT_APPLIED,0.0198,NO_MODE_ACTIVE,0.0198,28.320000000000007,0.0205,20.8,0.0008,0.0,0.0169,5.5,0.0005,5.913009000000001,0.0028,D,0.0008
118.3569,216.0,216.0,0.0,-0.015625,0.0379,BRAKES_NOT_APPLIED,0.0379,NO_MODE_ACTIVE,0.0379,28.400000000000006,0.0004,20.8,0.0011,0.0,0.017,5.5,0.0008,5.840978000000001,0.0029,D,0.0011
118.4569,212.0,212.0,0.0,-0.015625,0.0199,BRAKES_NOT_APPLIED,0.0199,NO_MODE_ACTIVE,0.0199,28.480000000000004,0.0004,20.8,0.0011,0.0,0.017,5.0,0.0008,5.808768,0.0029,D,0.0011
118.5568,210.0,210.0,0.0,-0.015625,0.038,BRAKES_NOT_APPLIED,0.038,NO_MODE_ACTIVE,0.038,28.560000000000002,0.0005,20.8,0.001,0.0,0.0169,5.0,0.0007,5.706360000000001,0.0028,D,0.001
118.6567,200.0,200.0,0.0,-0.015625,0.0184,BRAKES_NOT_APPLIED,0.0184,NO_MODE_ACTIVE,0.0184,28.72,0.0002,20.8,0.0008,0.0,0.0168,5.0,0.0005,5.567058000000001,0.0027,D,0.0008
118.7567,196.0,196.0,0.0,-0.015625,0.0379,BRAKES_NOT_APPLIED,0.0379,NO_MODE_ACTIVE,0.0379,28.799999999999997,0.02,20.8,0.0009,0.0,0.0168,5.0,0.0005,5.4964710000000006,0.0027,D,0.0009
118.8568,194.0,194.0,0.0,-0.015625,0.0172,BRAKES_NOT_APPLIED,0.0172,NO_MODE_ACTIVE,0.0172,28.879999999999995,0.0005,20.8,0.001,0.0,0.0169,5.0,0.0007,5.394792000000001,0.0028,D,0.001
118.9567,196.0,196.0,0.0,-0.015625,0.0371,BRAKES_NOT_APPLIED,0.0371,NO_MODE_ACTIVE,0.0371,28.960000000000008,0.0002,20.8,0.0008,0.0,0.0168,5.0,0.0006,5.46206,0.0027,D,0.0008
119.0568,196.0,196.0,0.0,-0.015625,0.0197,BRAKES_NOT_APPLIED,0.0197,NO_MODE_ACTIVE,0.0197,29.040000000000006,0.0005,20.8,0.0009,0.0,0.0169,5.0,0.0007,5.497266000000001,0.0028,D,0.0009
119.1568,196.0,196.0,0.0,-0.015625,0.038,BRAKES_NOT_APPLIED,0.038,NO_MODE_ACTIVE,0.038,29.120000000000005,0.0005,20.8,0.0009,0.0,0.0169,5.0,0.0007,5.563999000000001,0.0028,D,0.0009
119.2568,196.0,196.0,0.0,-0.015625,0.0197,BRAKES_NOT_APPLIED,0.0197,NO_MODE_ACTIVE,0.0197,29.28,0.0004,20.8,0.0009,0.0,0.0169,5.0,0.0007,5.46206,0.0028,D,0.0009
119.3568,194.0,194.0,0.0,-0.015625,0.038,BRAKES_NOT_APPLIED,0.038,NO_MODE_ACTIVE,0.038,29.36,0.0004,20.8,0.0009,0.0,0.0169,5.0,0.0007,5.5323199999999995,0.0028,D,0.0009
119.4568,192.0,192.0,0.0,-0.015625,0.0187,BRAKES_NOT_APPLIED,0.0187,NO_MODE_ACTIVE,0.0187,29.439999999999998,0.0005,20.8,0.001,0.0,0.0168,5.0,0.0007,5.427961,0.0028,D,0.001
119.5569,190.0,190.0,0.0,-0.015625,0.0379,BRAKES_NOT_APPLIED,0.0379,NO_MODE_ACTIVE,0.0379,29.519999999999996,0.0005,20.8,0.001,0.0,0.0169,5.0,0.0008,5.429060000000001,0.0029,D,0.001
119.6566,190.0,190.0,0.0,-0.015625,0.0195,BRAKES_NOT_APPLIED,0.0195,NO_MODE_ACTIVE,0.0195,29.60000000000001,0.0002,20.8,0.0007,0.0,0.0166,4.5,0.0005,5.39292,0.0026,D,0.0007
119.7566,188.0,190.0,2.0,-0.015625,0.0378,BRAKES_NOT_APPLIED,0.0378,NO_MODE_ACTIVE,0.0378,29.680000000000007,0.0002,20.8,0.0007,0.0,0.0166,4.5,0.0005,5.428118,0.0026,D,0.0007
119.8568,188.0,188.0,0.0,-0.015625,0.0181,BRAKES_NOT_APPLIED,0.0181,NO_MODE_ACTIVE,0.0181,29.760000000000005,0.0005,20.8,0.0011,0.0,0.0168,4.5,0.0009,5.357575000000001,0.0028,D,0.0011
119.9568,188.0,188.0,0.0,-0.015625,0.0371,BRAKES_NOT_APPLIED,0.0371,NO_MODE_ACTIVE,0.0371,29.840000000000003,0.0005,20.8,0.0011,0.0,0.0168,4.5,0.0007,5.392608,0.0028,D,0.0011
120.0566,186.0,186.0,0.0,-0.015625,0.0185,BRAKES_NOT_APPLIED,0.0185,NO_MODE_ACTIVE,0.0185,29.92,0.0204,20.8,0.0009,0.0,0.0166,4.5,0.0004,5.324858,0.0026,D,0.0009
120.1566,186.0,186.0,0.0,-0.015625,0.0378,BRAKES_NOT_APPLIED,0.0378,NO_MODE_ACTIVE,0.0378,30.0,0.0004,20.8,0.0009,0.0,0.0166,4.5,0.0007,5.392296000000001,0.0026,D,0.0009
120.2568,186.0,186.0,0.0,-0.015625,0.0198,BRAKES_NOT_APPLIED,0.0198,NO_MODE_ACTIVE,0.0198,30.08,0.0005,20.8,0.0011,0.0,0.0168,4.5,0.0009,5.359125,0.0028,D,0.0011
120.3567,184.0,186.0,2.0,-0.015625,0.0378,BRAKES_NOT_APPLIED,0.0378,NO_MODE_ACTIVE,0.0378,30.159999999999997,0.0005,20.8,0.001,0.0,0.0167,4.5,0.0007,5.3941680000000005,0.0027,D,0.001
120.4568,184.0,184.0,0.0,-0.015625,0.0187,BRAKES_NOT_APPLIED,0.0187,NO_MODE_ACTIVE,0.0187,30.239999999999995,0.0006,20.8,0.0011,0.0,0.0168,4.5,0.0008,5.35928,0.0028,D,0.0011
120.5568,184.0,184.0,0.0,-0.015625,0.0379,BRAKES_NOT_APPLIED,0.0379,NO_MODE_ACTIVE,0.0379,30.320000000000007,0.0006,20.8,0.0011,0.0,0.0168,4.5,0.0008,5.3599000000000006,0.0028,D,0.0011
120.6567,182.0,182.0,0.0,-0.015625,0.0196,BRAKES_NOT_APPLIED,0.0196,NO_MODE_ACTIVE,0.0196,30.320000000000007,0.0005,20.400000000000002,0.001,0.0,0.0167,4.5,0.0007,5.35897,0.0027,D,0.001
120.7567,182.0,182.0,0.0,-0.015625,0.0376,BRAKES_NOT_APPLIED,0.0376,NO_MODE_ACTIVE,0.0376,30.400000000000006,0.0005,20.400000000000002,0.001,0.0,0.0164,4.5,0.0007,5.3253200000000005,0.0027,D,0.001
120.8567,182.0,182.0,0.0,-0.015625,0.0181,BRAKES_NOT_APPLIED,0.0181,NO_MODE_ACTIVE,0.0181,30.480000000000004,0.0005,20.400000000000002,0.001,0.0,0.0165,4.5,0.0007,5.3609849999999994,0.0026,D,0.001
120.9567,182.0,182.0,0.0,-0.015625,0.0372,BRAKES_NOT_APPLIED,0.0372,NO_MODE_ACTIVE,0.0372,30.560000000000002,0.0005,20.8,0.0009,0.0,0.0166,4.5,0.0007,5.393232000000001,0.0026,D,0.0009
121.0567,182.0,182.0,0.0,-0.015625,0.0195,BRAKES_NOT_APPLIED,0.0195,NO_MODE_ACTIVE,0.0195,30.72,0.0005,20.400000000000002,0.0009,0.0,0.0166,4.5,0.0007,5.3609849999999994,0.0026,D,0.0009
121.1565,182.0,180.0,-2.0,-0.015625,0.0376,BRAKES_NOT_APPLIED,0.0376,NO_MODE_ACTIVE,0.0376,30.799999999999997,0.0003,20.400000000000002,0.0007,0.0,0.0164,4.5,0.0005,5.392608,0.0024,D,0.0007
121.2567,180.0,180.0,0.0,-0.015625,0.0195,BRAKES_NOT_APPLIED,0.0195,NO_MODE_ACTIVE,0.0195,30.879999999999995,0.0005,20.400000000000002,0.0009,0.0,0.0166,4.5,0.0007,5.324396000000001,0.0026,D,0.0009
121.3566,180.0,180.0,0.0,-0.015625,0.0377,BRAKES_NOT_APPLIED,0.0377,NO_MODE_ACTIVE,0.0377,30.960000000000008,0.0205,20.8,0.0008,0.0,0.0165,4.5,0.0004,5.395104000000001,0.0025,D,0.0008
121.4566,180.0,180.0,0.0,-0.015625,0.0194,BRAKES_NOT_APPLIED,0.0194,NO_MODE_ACTIVE,0.0194,31.040000000000006,0.0204,20.400000000000002,0.0008,0.0,0.0165,4.5,0.0004,5.393856,0.0025,D,0.0008
121.5567,180.0,180.0,0.0,-0.015625,0.0377,BRAKES_NOT_APPLIED,0.0377,NO_MODE_ACTIVE,0.0377,31.120000000000005,0.0002,20.400000000000002,0.0009,0.0,0.0166,4.5,0.0007,5.39292,0.0026,D,0.0009
121.6567,180.0,180.0,0.0,-0.015625,0.0195,BRAKES_NOT_APPLIED,0.0195,NO_MODE_ACTIVE,0.0195,31.200000000000003,0.0003,20.400000000000002,0.0009,0.0,0.0166,5.0,0.0007,5.3568,0.0026,D,0.0009
121.7565,180.0,180.0,0.0,-0.015625,0.0373,BRAKES_NOT_APPLIED,0.0373,NO_MODE_ACTIVE,0.0373,31.200000000000003,0.0203,20.400000000000002,0.0009,0.0,0.0164,4.5,0.0005,5.35928,0.0024,D,0.0009
121.8565,180.0,180.0,0.0,-0.015625,0.0179,BRAKES_NOT_APPLIED,0.0179,NO_MODE_ACTIVE,0.0179,31.28,0.0203,20.400000000000002,0.0009,0.0,0.0163,4.5,0.0004,5.428746000000001,0.0024,D,0.0009
121.9565,180.0,180.0,0.0,-0.015625,0.0366,BRAKES_NOT_APPLIED,0.0366,NO_MODE_ACTIVE,0.0366,31.36,0.0198,20.400000000000002,0.0009,0.0,0.0164,4.5,0.0004,5.394636,0.0024,D,0.0009
122.0565,180.0,180.0,0.0,-0.015625,0.0193,BRAKES_NOT_APPLIED,0.0193,NO_MODE_ACTIVE,0.0193,31.439999999999998,0.0204,20.400000000000002,0.0009,0.0,0.0164,4.5,0.0004,5.39292,0.0024,D,0.0009
122.1565,180.0,180.0,0.0,-0.015625,0.0375,BRAKES_NOT_APPLIED,0.0375,NO_MODE_ACTIVE,0.0375,31.519999999999996,0.0204,20.400000000000002,0.0009,0.0,0.0163,5.0,0.0004,5.425606,0.0024,D,0.0009
122.2566,180.0,180.0,0.0,-0.015625,0.0194,BRAKES_NOT_APPLIED,0.0194,NO_MODE_ACTIVE,0.0194,31.60000000000001,0.0205,20.400000000000002,0.001,0.0,0.0165,5.0,0.0005,5.4639560000000005,0.0025,D,0.001
122.3566,178.0,178.0,0.0,-0.015625,0.0376,BRAKES_NOT_APPLIED,0.0376,NO_MODE_ACTIVE,0.0376,31.680000000000007,0.0202,20.400000000000002,0.001,0.0,0.0164,5.0,0.0005,5.463482000000001,0.0025,D,0.001
122.4566,178.0,180.0,2.0,-0.015625,0.0194,BRAKES_NOT_APPLIED,0.0194,NO_MODE_ACTIVE,0.0194,31.760000000000005,0.0201,20.8,0.001,0.0,0.0164,5.0,0.0005,5.497266000000001,0.0025,D,0.001
122.5566,180.0,178.0,-2.0,-0.015625,0.0373,BRAKES_NOT_APPLIED,0.0373,NO_MODE_ACTIVE,0.0373,31.840000000000003,0.0205,20.400000000000002,0.001,0.0,0.0164,5.0,0.0005,5.463007999999999,0.0025,D,0.001
122.6566,180.0,180.0,0.0,-0.015625,0.0195,BRAKES_NOT_APPLIED,0.0195,NO_MODE_ACTIVE,0.0195,31.92,0.02,20.400000000000002,0.001,0.0,0.0164,5.0,0.0005,5.497107,0.0025,D,0.001
122.7564,178.0,178.0,0.0,-0.015625,0.0374,BRAKES_NOT_APPLIED,0.0374,NO_MODE_ACTIVE,0.0374,32.0,0.0203,20.400000000000002,0.0008,0.0,0.0162,5.0,0.0003,5.4615860000000005,0.0023,D,0.0008
122.8564,178.0,178.0,0.0,-0.015625,0.0191,BRAKES_NOT_APPLIED,0.0191,NO_MODE_ACTIVE,0.0191,32.08,0.0199,20.400000000000002,0.0008,0.0,0.0162,5.0,0.0003,5.497107,0.0023,D,0.0008
122.9564,178.0,178.0,0.0,-0.015625,0.0371,BRAKES_NOT_APPLIED,0.0371,NO_MODE_ACTIVE,0.0371,32.16,0.0199,20.400000000000002,0.0007,0.0,0.0162,5.0,0.0003,5.462376000000001,0.0023,D,0.0007
123.0564,176.0,176.0,0.0,-0.015625,0.0193,BRAKES_NOT_APPLIED,0.0193,NO_MODE_ACTIVE,0.0193,32.239999999999995,0.0203,20.400000000000002,0.0007,0.0,0.0162,5.0,0.0002,5.461428000000001,0.0023,D,0.0007
123.1564,170.0,170.0,0.0,-0.015625,0.0372,BRAKES_NOT_APPLIED,0.0372,NO_MODE_ACTIVE,0.0372,32.32000000000001,0.0203,19.200000000000003,0.0007,0.0,0.0162,4.5,0.0003,5.3253200000000005,0.0023,D,0.0007
123.2564,156.0,158.0,2.0,-0.015625,0.0192,BRAKES_NOT_APPLIED,0.0192,NO_MODE_ACTIVE,0.0192,32.32000000000001,0.02,19.200000000000003,0.0007,0.0,0.0162,4.0,0.0002,4.943653,0.0023,D,0.0007
123.3564,138.0,138.0,0.0,-0.015625,0.0374,BRAKES_NOT_APPLIED,0.0374,NO_MODE_ACTIVE,0.0374,32.400000000000006,0.02,18.400000000000002,0.001,0.0,0.0162,4.0,0.0005,4.4627550000000005,0.0023,D,0.001
123.4564,116.0,112.0,-4.0,-0.015625,0.0192,BRAKES_NOT_APPLIED,0.0192,NO_MODE_ACTIVE,0.0192,32.480000000000004,0.0196,17.6,0.001,0.0,0.0162,3.0,0.0005,3.841932000000001,0.0022,D,0.001
123.5564,90.0,90.0,0.0,-0.015625,0.0372,BRAKES_NOT_APPLIED,0.0372,NO_MODE_ACTIVE,0.0372,32.56,0.02,17.6,0.001,0.0,0.0159,2.5,0.0005,3.11508,0.0022,D,0.001
123.6564,68.0,74.0,6.0,-0.015625,0.0192,BRAKES_NOT_APPLIED,0.0192,NO_MODE_ACTIVE,0.0192,32.56,0.02,17.6,0.001,0.0,0.0161,2.0,0.0005,2.5274060000000005,0.0023,D,0.001
123.7564,50.0,52.0,2.0,-0.015625,0.0373,BRAKES_NOT_APPLIED,0.0373,NO_MODE_ACTIVE,0.0373,32.56,0.02,17.6,0.001,0.0,0.0161,1.5,0.0005,1.9392800000000001,0.0022,D,0.001
123.8564,38.0,34.0,-4.0,-0.015625,0.0178,BRAKES_NOT_APPLIED,0.0178,NO_MODE_ACTIVE,0.0178,32.56,0.0199,17.6,0.001,0.0,0.0161,1.0,0.0005,1.6283619999999999,0.0022,D,0.001
123.9564,32.0,30.0,-2.0,-0.015625,0.037,BRAKES_NOT_APPLIED,0.037,NO_MODE_ACTIVE,0.037,32.56,0.0198,17.6,0.001,0.0,0.0148,1.0,0.0005,1.4206500000000002,0.0023,D,0.001
124.0563,28.0,28.0,0.0,-0.015625,0.019,BRAKES_NOT_APPLIED,0.019,NO_MODE_ACTIVE,0.019,32.56,0.0002,17.6,0.0009,0.0,0.0158,0.5,0.0005,1.3168140000000004,0.0022,D,0.0009
124.1563,24.0,28.0,4.0,-0.015625,0.0377,BRAKES_NOT_APPLIED,0.0377,NO_MODE_ACTIVE,0.0377,32.480000000000004,0.0002,17.6,0.0009,0.0,0.016,0.5,0.0005,1.21282,0.0022,D,0.0009
124.2563,24.0,24.0,0.0,-0.015625,0.0191,BRAKES_NOT_APPLIED,0.0191,NO_MODE_ACTIVE,0.0191,32.480000000000004,0.0002,17.6,0.0009,0.0,0.0161,0.5,0.0005,1.2129949999999998,0.0022,D,0.0009
124.3563,22.0,22.0,0.0,-0.015625,0.0371,BRAKES_NOT_APPLIED,0.0371,NO_MODE_ACTIVE,0.0371,32.480000000000004,0.0199,17.6,0.0009,0.0,0.0158,0.5,0.0005,1.1436150000000003,0.0022,D,0.0009
124.4563,22.0,22.0,0.0,-0.015625,0.0177,BRAKES_NOT_APPLIED,0.0177,NO_MODE_ACTIVE,0.0177,32.480000000000004,0.0002,17.6,0.001,0.0,0.016,0.5,0.0007,1.143714,0.0021,D,0.001
124.5563,20.0,20.0,0.0,-0.015625,0.0374,BRAKES_NOT_APPLIED,0.0374,NO_MODE_ACTIVE,0.0374,32.480000000000004,0.0002,17.6,0.001,0.0,0.016,0.5,0.0007,1.109312,0.0022,D,0.001
124.6563,20.0,18.0,-2.0,-0.015625,0.019,BRAKES_NOT_APPLIED,0.019,NO_MODE_ACTIVE,0.019,32.400000000000006,0.0002,17.6,0.001,0.0,0.016,0.5,0.0007,1.074739,0.0022,D,0.001
124.7565,18.0,18.0,0.0,-0.015625,0.0376,BRAKES_NOT_APPLIED,0.0376,NO_MODE_ACTIVE,0.0376,32.400000000000006,0.0199,17.6,0.0012,0.0,0.0153,0.5,0.0007,1.074584,0.0022,D,0.0012
124.8563,18.0,18.0,0.0,-0.015625,0.019,BRAKES_NOT_APPLIED,0.019,NO_MODE_ACTIVE,0.019,32.400000000000006,0.0003,17.6,0.001,0.0,0.016,0.5,0.0007,1.0396800000000002,0.0022,D,0.001
124.9562,18.0,16.0,-2.0,-0.015625,0.0364,BRAKES_NOT_APPLIED,0.0364,NO_MODE_ACTIVE,0.0364,32.400000000000006,0.0002,17.2,0.0009,0.0,0.0148,0.5,0.0007,1.0398000000000003,0.0021,D,0.0009
125.0562,16.0,16.0,0.0,-0.015625,0.019,BRAKES_NOT_APPLIED,0.019,NO_MODE_ACTIVE,0.019,32.32000000000001,0.0002,17.2,0.0009,0.0,0.0159,0.5,0.0007,0.9702840000000003,0.0021,D,0.0009
125.1562,12.0,12.0,0.0,-0.015625,0.0373,BRAKES_NOT_APPLIED,0.0373,NO_MODE_ACTIVE,0.0373,32.32000000000001,0.0002,16.8,0.0009,0.0,0.0156,0.5,0.0007,0.9360630000000001,0.002,D,0.0009
125.2564,6.0,4.0,-2.0,-0.015625,0.0192,BRAKES_NOT_APPLIED,0.0192,NO_MODE_ACTIVE,0.0192,32.32000000000001,0.0007,16.400000000000002,0.0012,0.0,0.016,0.0,0.001,0.7630920000000001,0.0022,D,0.0012
125.3564,0.0,0.0,0.0,-0.015625,0.0372,BRAKES_NOT_APPLIED,0.0372,NO_MODE_ACTIVE,0.0372,32.239999999999995,0.0007,16.400000000000002,0.0012,0.0,0.0157,0.0,0.001,0.5894240000000001,0.0022,D,0.0012
125.4562,-8.0,0.0,8.0,-0.015625,0.0189,BRAKES_NOT_APPLIED,0.0189,NO_MODE_ACTIVE,0.0189,32.239999999999995,0.0002,16.400000000000002,0.001,0.0,0.0155,0.0,0.0007,0.485184,0.002,D,0.001
125.5562,-14.0,-20.0,-6.0,-0.015625,0.037,BRAKES_NOT_APPLIED,0.037,NO_MODE_ACTIVE,0.037,32.239999999999995,0.0002,16.400000000000002,0.0009,0.0,0.0156,-0.5,0.0007,0.17336500000000002,0.002,D,0.0009
125.6562,-18.0,-12.0,6.0,-0.015625,0.0189,BRAKES_NOT_APPLIED,0.0189,NO_MODE_ACTIVE,0.0189,32.239999999999995,0.0002,16.400000000000002,0.0009,0.0,0.0158,-0.5,0.0007,0.173405,0.002,D,0.0009
125.7562,-22.0,-22.0,0.0,-0.015625,0.0372,BRAKES_NOT_APPLIED,0.0372,NO_MODE_ACTIVE,0.0372,32.16,0.0003,16.400000000000002,0.001,0.0,0.0149,-0.5,0.0007,-0.03467,0.002,D,0.001
125.8563,-24.0,-24.0,0.0,-0.015625,0.0189,BRAKES_NOT_APPLIED,0.0189,NO_MODE_ACTIVE,0.0189,32.16,0.0005,16.0,0.0009,0.0,0.0158,-0.5,0.0007,-0.069366,0.0021,D,0.0009
125.9562,-28.0,-28.0,0.0,-0.015625,0.0368,BRAKES_NOT_APPLIED,0.0368,NO_MODE_ACTIVE,0.0368,32.08,0.0003,15.600000000000001,0.001,0.0,0.0157,-1.0,0.0007,-0.17341499999999999,0.0019,D,0.001
126.0561,-36.0,-36.0,0.0,-0.015625,0.0189,BRAKES_NOT_APPLIED,0.0189,NO_MODE_ACTIVE,0.0189,32.08,0.0002,15.200000000000001,0.0009,0.0,0.0157,-1.0,0.0007,-0.381645,0.0019,D,0.0009
126.1562,-42.0,-42.0,0.0,-0.015625,0.0369,BRAKES_NOT_APPLIED,0.0369,NO_MODE_ACTIVE,0.0369,32.0,0.0003,15.200000000000001,0.001,0.0,0.0158,-1.0,0.0008,-0.5552,0.002,D,0.001
126.2562,-50.0,-50.0,0.0,0.0,0.0188,BRAKES_NOT_APPLIED,0.0188,NO_MODE_ACTIVE,0.0188,31.92,0.0003,15.200000000000001,0.001,0.0,0.0155,-1.5,0.0008,-0.7635980000000002,0.0018,D,0.001
126.3561,-54.0,-52.0,2.0,0.015625,0.0371,BRAKES_NOT_APPLIED,0.0371,NO_MODE_ACTIVE,0.0371,31.92,0.0002,15.600000000000001,0.0009,0.0,0.0157,-1.5,0.0007,-0.9024860000000001,0.0019,D,0.0009
126.4561,-56.0,-58.0,-2.0,0.015625,0.0186,BRAKES_NOT_APPLIED,0.0186,NO_MODE_ACTIVE,0.0186,31.840000000000003,0.0002,15.200000000000001,0.0009,0.0,0.0157,-1.5,0.0007,-0.9716840000000002,0.0019,D,0.0009
126.5561,-58.0,-58.0,0.0,0.015625,0.0371,BRAKES_NOT_APPLIED,0.0371,NO_MODE_ACTIVE,0.0371,31.760000000000005,0.0002,15.200000000000001,0.0009,0.0,0.0154,-1.5,0.0007,-1.0060100000000003,0.0019,D,0.0009
126.6562,-60.0,-60.0,0.0,0.015625,0.0188,BRAKES_NOT_APPLIED,0.0188,NO_MODE_ACTIVE,0.0188,31.680000000000007,0.0003,15.200000000000001,0.001,0.0,0.0158,-1.5,0.0008,-1.04145,0.002,D,0.001
126.7562,-62.0,-62.0,0.0,0.015625,0.037,BRAKES_NOT_APPLIED,0.037,TRANSITION_TO_IDLE,0.037,31.60000000000001,0.0005,15.200000000000001,0.001,0.0,0.0157,-1.5,0.0008,-1.1109760000000002,0.002,D,0.001
126.8562,-64.0,-64.0,0.0,0.015625,0.0186,BRAKES_NOT_APPLIED,0.0186,TRANSITION_TO_IDLE,0.0186,31.519999999999996,0.0005,15.200000000000001,0.001,0.0,0.0158,-1.5,0.0008,-1.11088,0.0018,D,0.001
126.9564,-66.0,-66.0,0.0,0.015625,0.037,BRAKES_NOT_APPLIED,0.037,TRANSITION_TO_IDLE,0.037,31.439999999999998,0.0007,15.200000000000001,0.0012,0.0,0.016,-1.5,0.001,-1.2144650000000001,0.0022,D,0.0012
127.0564,-68.0,-68.0,0.0,0.015625,0.0189,BRAKES_NOT_APPLIED,0.0189,TRANSITION_TO_IDLE,0.0189,31.36,0.0007,15.200000000000001,0.0012,0.0,0.0159,-2.0,0.001,-1.214675,0.0022,D,0.0012
127.1564,-70.0,-70.0,0.0,0.015625,0.0372,BRAKES_NOT_APPLIED,0.0372,TRANSITION_TO_IDLE,0.0372,31.28,0.0008,15.200000000000001,0.0013,0.0,0.0159,-2.0,0.001,-1.250136,0.0022,D,0.0013
127.2564,-70.0,-70.0,0.0,0.015625,0.0192,BRAKES_NOT_APPLIED,0.0192,TRANSITION_TO_IDLE,0.0192,31.200000000000003,0.0008,15.200000000000001,0.0013,0.0,0.0159,-2.0,0.001,-1.354197,0.0022,D,0.0013
127.3563,-72.0,-72.0,0.0,0.015625,0.0375,BRAKES_NOT_APPLIED,0.0375,TRANSITION_TO_IDLE,0.0375,31.200000000000003,0.0007,14.8,0.0012,0.0,0.0156,-2.0,0.0009,-1.3541580000000002,0.0021,D,0.0012
127.4563,-74.0,-72.0,2.0,0.015625,0.019,BRAKES_NOT_APPLIED,0.019,TRANSITION_TO_IDLE,0.019,31.120000000000005,0.0007,14.8,0.0012,0.0,0.0159,-2.0,0.0009,-1.3543920000000003,0.0021,D,0.0012
127.5563,-74.0,-74.0,0.0,0.0,0.0375,BRAKES_NOT_APPLIED,0.0375,TRANSITION_TO_IDLE,0.0375,31.040000000000006,0.0007,15.200000000000001,0.0012,0.0,0.0156,-2.0,0.0009,-1.354197,0.0021,D,0.0012
127.6561,-74.0,-74.0,0.0,0.015625,0.0186,BRAKES_NOT_APPLIED,0.0186,TRANSITION_TO_IDLE,0.0186,30.960000000000008,0.0005,14.8,0.0009,0.0,0.0156,-2.0,0.0007,-1.354119,0.0019,D,0.0009
127.7563,-74.0,-74.0,0.0,0.0,0.0375,BRAKES_NOT_APPLIED,0.0375,TRANSITION_TO_IDLE,0.0375,30.879999999999995,0.0007,15.200000000000001,0.0012,0.0,0.0158,-2.0,0.0009,-1.38852,0.0021,D,0.0012
127.8561,-74.0,-74.0,0.0,0.0,0.0187,BRAKES_NOT_APPLIED,0.0187,TRANSITION_TO_IDLE,0.0187,30.879999999999995,0.0005,15.200000000000001,0.001,0.0,0.0155,-2.0,0.0007,-1.3892,0.0019,D,0.001
127.9563,-74.0,-74.0,0.0,0.0,0.0367,BRAKES_NOT_APPLIED,0.0367,TRANSITION_TO_IDLE,0.0367,30.799999999999997,0.0007,14.8,0.0012,0.0,0.0158,-2.0,0.001,-1.4232740000000002,0.0021,D,0.0012
128.0563,-74.0,-74.0,0.0,0.015625,0.019,BRAKES_NOT_APPLIED,0.019,TRANSITION_TO_IDLE,0.019,30.799999999999997,0.0007,14.8,0.0012,0.0,0.0158,-2.0,0.001,-1.3541580000000002,0.0021,D,0.0012
128.1563,-76.0,-74.0,2.0,0.0,0.0385,BRAKES_NOT_APPLIED,0.0385,TRANSITION_TO_IDLE,0.0385,30.72,0.0007,14.8,0.0012,0.0,0.0158,-2.0,0.001,-1.389,0.0021,D,0.0012
128.2563,-76.0,-76.0,0.0,0.015625,0.019,BRAKES_NOT_APPLIED,0.019,TRANSITION_TO_IDLE,0.019,30.64,0.0007,14.8,0.0012,0.0,0.0158,-2.0,0.001,-1.4228230000000004,0.0021,D,0.0012
128.3563,-78.0,-78.0,0.0,0.0,0.0385,BRAKES_NOT_APPLIED,0.0385,TRANSITION_TO_IDLE,0.0385,30.560000000000002,0.0007,14.8,0.0012,0.0,0.0157,-2.0,0.001,-1.4581140000000001,0.0021,D,0.0012
128.4563,-78.0,-78.0,0.0,0.0,0.019,BRAKES_NOT_APPLIED,0.019,TRANSITION_TO_IDLE,0.019,30.480000000000004,0.0007,14.8,0.0013,0.0,0.0157,-2.0,0.001,-1.4238480000000004,0.0021,D,0.0013
128.5563,-78.0,-78.0,0.0,0.0,0.0372,BRAKES_NOT_APPLIED,0.0372,TRANSITION_TO_IDLE,0.0372,30.400000000000006,0.0007,14.8,0.0012,0.0,0.0157,-2.0,0.001,-1.4587860000000001,0.0021,D,0.0012
128.6561,-80.0,-80.0,0.0,0.0,0.0187,BRAKES_NOT_APPLIED,0.0187,TRANSITION_TO_IDLE,0.0187,30.400000000000006,0.0005,14.8,0.001,0.0,0.0156,-2.0,0.0008,-1.457988,0.0018,D,0.001
128.756,-80.0,-80.0,0.0,0.0,0.0382,BRAKES_NOT_APPLIED,0.0382,TRANSITION_TO_IDLE,0.0382,30.320000000000007,0.0004,14.8,0.001,0.0,0.0154,-2.0,0.0007,-1.5277680000000002,0.0018,D,0.001
128.856,-80.0,-80.0,0.0,0.0,0.0185,BRAKES_NOT_APPLIED,0.0185,TRANSITION_TO_IDLE,0.0185,30.239999999999995,0.0005,14.8,0.001,0.0,0.0153,-2.0,0.0007,-1.492874,0.0017,D,0.001
128.9561,-80.0,-80.0,0.0,0.0,0.0366,BRAKES_NOT_APPLIED,0.0366,TRANSITION_TO_IDLE,0.0366,30.159999999999997,0.0005,14.8,0.001,0.0,0.0155,-2.0,0.0007,-1.4935189999999998,0.0018,D,0.001
129.0561,-80.0,-80.0,0.0,0.0,0.0186,BRAKES_NOT_APPLIED,0.0186,TRANSITION_TO_IDLE,0.0186,30.08,0.0005,14.8,0.001,0.0,0.0155,-2.0,0.0007,-1.493992,0.0018,D,0.001
129.1563,-80.0,-80.0,0.0,0.0,0.0374,BRAKES_NOT_APPLIED,0.0374,TRANSITION_TO_IDLE,0.0374,30.0,0.0007,14.8,0.0012,0.0,0.0157,-2.0,0.0009,-1.4589960000000002,0.0021,D,0.0012
129.2561,-80.0,-80.0,0.0,0.0,0.0186,BRAKES_NOT_APPLIED,0.0186,TRANSITION_TO_IDLE,0.0186,29.92,0.0005,14.8,0.001,0.0,0.0153,-2.0,0.0007,-1.4588280000000002,0.0018,D,0.001
129.3561,-80.0,-80.0,0.0,0.0,0.0375,BRAKES_NOT_APPLIED,0.0375,TRANSITION_TO_IDLE,0.0375,29.840000000000003,0.0005,14.8,0.001,0.0,0.0155,-2.0,0.0007,-1.4234380000000002,0.0019,D,0.001
129.456,-80.0,-80.0,0.0,0.0,0.0187,BRAKES_NOT_APPLIED,0.0187,TRANSITION_TO_IDLE,0.0187,29.760000000000005,0.0005,14.8,0.001,0.0,0.0152,-2.0,0.0008,-1.4245450000000002,0.0017,D,0.001
129.556,-80.0,-80.0,0.0,0.0,0.0383,BRAKES_NOT_APPLIED,0.0383,TRANSITION_TO_IDLE,0.0383,29.680000000000007,0.0005,14.8,0.001,0.0,0.0154,-2.0,0.0008,-1.4586180000000002,0.0018,D,0.001
129.656,-80.0,-80.0,0.0,0.0,0.0187,BRAKES_NOT_APPLIED,0.0187,TRANSITION_TO_IDLE,0.0187,29.60000000000001,0.0005,14.8,0.001,0.0,0.0154,-2.0,0.0008,-1.4240940000000002,0.0017,D,0.001
129.756,-80.0,-80.0,0.0,0.0,0.0371,BRAKES_NOT_APPLIED,0.0371,TRANSITION_TO_IDLE,0.0371,29.60000000000001,0.0005,14.8,0.001,0.0,0.0154,-2.0,0.0008,-1.4588280000000002,0.0017,D,0.001
129.856,-80.0,-80.0,0.0,0.0,0.0182,BRAKES_NOT_APPLIED,0.0182,TRANSITION_TO_IDLE,0.0182,29.519999999999996,0.0005,14.8,0.001,0.0,0.0153,-2.0,0.0008,-1.4244630000000003,0.0017,D,0.001
129.956,-80.0,-80.0,0.0,0.0,0.0368,BRAKES_NOT_APPLIED,0.0368,TRANSITION_TO_IDLE,0.0368,29.439999999999998,0.0005,14.8,0.001,0.0,0.0153,-2.0,0.0008,-1.4247500000000002,0.0017,D,0.001
130.0559,-80.0,-80.0,0.0,0.0,0.0186,BRAKES_NOT_APPLIED,0.0186,TRANSITION_TO_IDLE,0.0186,29.36,0.0002,14.8,0.0009,0.0,0.0152,-2.0,0.0007,-1.4245040000000002,0.0016,D,0.0009
130.1559,-80.0,-80.0,0.0,0.0,0.038,BRAKES_NOT_APPLIED,0.038,TRANSITION_TO_IDLE,0.038,29.28,0.0003,14.8,0.001,0.0,0.0152,-2.0,0.0007,-1.4591640000000001,0.0015,D,0.001
130.2559,-80.0,-80.0,0.0,0.0,0.0184,BRAKES_NOT_APPLIED,0.0184,TRANSITION_TO_IDLE,0.0184,29.200000000000003,0.0005,14.8,0.001,0.0,0.0152,-2.0,0.0007,-1.4594580000000001,0.0015,D,0.001
130.3559,-82.0,-82.0,0.0,0.0,0.0371,BRAKES_NOT_APPLIED,0.0371,TRANSITION_TO_IDLE,0.0371,29.120000000000005,0.0003,14.8,0.001,0.0,0.0152,-2.0,0.0008,-1.4591640000000001,0.0016,D,0.001
130.4558,-82.0,-82.0,0.0,0.0,0.0184,BRAKES_NOT_APPLIED,0.0184,TRANSITION_TO_IDLE,0.0184,29.120000000000005,0.0002,14.8,0.0009,0.0,0.0149,-2.0,0.0007,-1.4587860000000001,0.0014,D,0.0009
130.5559,-84.0,-84.0,0.0,0.0,0.038,BRAKES_NOT_APPLIED,0.038,TRANSITION_TO_IDLE,0.038,29.040000000000006,0.0005,14.4,0.001,0.0,0.0152,-2.0,0.0008,-1.56357,0.0016,D,0.001
130.6559,-84.0,-84.0,0.0,0.0,0.0184,BRAKES_NOT_APPLIED,0.0184,TRANSITION_TO_IDLE,0.0184,28.960000000000008,0.0005,14.4,0.001,0.0,0.0145,-2.0,0.0008,-1.564065,0.0015,D,0.001
130.7559,-92.0,-92.0,0.0,0.0,0.038,BRAKES_NOT_APPLIED,0.038,TRANSITION_TO_IDLE,0.038,28.960000000000008,0.0005,13.200000000000001,0.001,0.0,0.0152,-2.0,0.0008,-1.5986380000000004,0.0015,D,0.001
130.8558,-100.0,-100.0,0.0,0.0,0.0182,BRAKES_NOT_APPLIED,0.0182,TRANSITION_TO_IDLE,0.0182,28.879999999999995,0.0002,12.8,0.0009,0.0,0.0148,-2.5,0.0007,-1.807416,0.0014,D,0.0009
130.9559,-112.0,-112.0,0.0,0.0,0.0365,BRAKES_NOT_APPLIED,0.0365,TRANSITION_TO_IDLE,0.0365,28.799999999999997,0.0005,12.8,0.001,0.0,0.015,-2.5,0.0008,-2.154872,0.0016,D,0.001
131.0559,-124.0,-124.0,0.0,0.0,0.0184,BRAKES_NOT_APPLIED,0.0184,TRANSITION_TO_IDLE,0.0184,28.72,0.0005,12.8,0.001,0.0,0.0152,-3.0,0.0008,-2.3642920000000003,0.0015,D,0.001
131.1559,-126.0,-122.0,4.0,0.0,0.038,BRAKES_NOT_APPLIED,0.038,TRANSITION_TO_IDLE,0.038,28.64,0.0005,12.8,0.001,0.0,0.0152,-3.0,0.0008,-2.538283,0.0016,D,0.001
131.2559,-134.0,-134.0,0.0,0.0,0.0181,BRAKES_NOT_APPLIED,0.0181,TRANSITION_TO_IDLE,0.0181,28.480000000000004,0.0005,12.8,0.0011,0.0,0.0152,-3.0,0.0008,-2.607975,0.0015,D,0.0011
131.3559,-136.0,-138.0,-2.0,0.0,0.0381,BRAKES_NOT_APPLIED,0.0381,TRANSITION_TO_IDLE,0.0381,28.400000000000006,0.0006,12.8,0.0011,0.0,0.0152,-3.0,0.0008,-2.6071500000000003,0.0016,D,0.0011
131.4558,-132.0,-132.0,0.0,0.0,0.0182,BRAKES_NOT_APPLIED,0.0182,TRANSITION_TO_IDLE,0.0182,28.320000000000007,0.0003,12.8,0.001,0.0,0.0151,-3.0,0.0007,-2.5383560000000003,0.0014,D,0.001
131.5559,-128.0,-128.0,0.0,0.0,0.0369,BRAKES_NOT_APPLIED,0.0369,TRANSITION_TO_IDLE,0.0369,28.159999999999997,0.0006,12.8,0.0011,0.0,0.0151,-3.0,0.0008,-2.5040880000000003,0.0016,D,0.0011
131.6561,-124.0,-124.0,0.0,-0.015625,0.0187,BRAKES_NOT_APPLIED,0.0187,TRANSITION_TO_IDLE,0.0187,28.08,0.0007,12.8,0.0012,0.0,0.0151,-3.0,0.001,-2.469309,0.0017,D,0.0012
131.7559,-126.0,-126.0,0.0,-0.015625,0.0381,BRAKES_NOT_APPLIED,0.0381,TRANSITION_TO_IDLE,0.0381,28.0,0.0005,12.8,0.001,0.0,0.0151,-3.0,0.0008,-2.3989920000000002,0.0016,D,0.001
131.8558,-132.0,-132.0,0.0,-0.015625,0.018,BRAKES_NOT_APPLIED,0.018,TRANSITION_TO_IDLE,0.018,27.92,0.0005,11.200000000000001,0.001,0.0,0.0148,-3.0,0.0007,-2.4333400000000003,0.0013,D,0.001
131.9558,-144.0,-144.0,0.0,-0.015625,0.0368,BRAKES_NOT_APPLIED,0.0368,TRANSITION_TO_IDLE,0.0368,27.760000000000005,0.0005,10.4,0.001,0.0,0.015,-3.0,0.0007,-2.678214,0.0015,D,0.001
132.0558,-164.0,-164.0,0.0,-0.015625,0.0184,BRAKES_NOT_APPLIED,0.0184,TRANSITION_TO_IDLE,0.0184,27.680000000000007,0.0005,8.8,0.001,0.0,0.0148,-3.5,0.0008,-3.13092,0.0014,D,0.001
132.1558,-196.0,-196.0,0.0,-0.015625,0.0379,BRAKES_NOT_APPLIED,0.0379,TRANSITION_TO_IDLE,0.0379,27.519999999999996,0.0005,8.0,0.001,0.0,0.015,-4.5,0.0008,-3.82844,0.0015,D,0.001
132.2558,-226.0,-212.0,14.0,-0.015625,0.0184,BRAKES_NOT_APPLIED,0.0184,TRANSITION_TO_IDLE,0.0184,27.439999999999998,0.0005,8.0,0.001,0.0,0.0148,-5.0,0.0008,-4.560110000000001,0.0013,D,0.001
132.3558,-254.0,-254.0,0.0,-0.015625,0.0381,BRAKES_NOT_APPLIED,0.0381,TRANSITION_TO_IDLE,0.0381,27.28,0.0005,7.6000000000000005,0.001,0.0,0.015,-5.5,0.0008,-5.120451,0.0015,D,0.001
132.4558,-270.0,-270.0,0.0,-0.015625,0.0182,BRAKES_NOT_APPLIED,0.0182,TRANSITION_TO_IDLE,0.0182,27.120000000000005,0.0005,7.6000000000000005,0.0011,0.0,0.0147,-6.0,0.0008,-5.291728,0.0013,D,0.0011
132.5557,-282.0,-286.0,-4.0,-0.015625,0.038,BRAKES_NOT_APPLIED,0.038,TRANSITION_TO_IDLE,0.038,26.879999999999995,0.0002,7.6000000000000005,0.0007,0.0,0.0149,-6.0,0.0005,-5.538606000000001,0.0012,D,0.0007
132.6558,-284.0,-284.0,0.0,-0.015625,0.0184,BRAKES_NOT_APPLIED,0.0184,TRANSITION_TO_IDLE,0.0184,26.72,0.0005,7.6000000000000005,0.0011,0.0,0.015,-6.0,0.0008,-5.643594,0.0013,D,0.0011
132.7559,-286.0,-290.0,-4.0,-0.015625,0.0379,BRAKES_NOT_APPLIED,0.0379,TRANSITION_TO_IDLE,0.0379,26.480000000000004,0.0005,7.6000000000000005,0.0011,0.0,0.0151,-6.0,0.0009,-5.608757000000001,0.0016,D,0.0011
132.8558,-278.0,-278.0,0.0,-0.015625,0.0182,BRAKES_NOT_APPLIED,0.0182,TRANSITION_TO_IDLE,0.0182,26.320000000000007,0.0006,7.6000000000000005,0.001,0.0,0.0149,-6.0,0.0008,-5.538129,0.0013,D,0.001
132.9557,-284.0,-284.0,0.0,-0.015625,0.0371,BRAKES_NOT_APPLIED,0.0371,TRANSITION_TO_IDLE,0.0371,26.159999999999997,0.0002,7.6000000000000005,0.0009,0.0,0.0149,-6.0,0.0007,-5.538129,0.0014,D,0.0009
133.0558,-280.0,-280.0,0.0,-0.015625,0.0184,BRAKES_NOT_APPLIED,0.0184,TRANSITION_TO_IDLE,0.0184,26.0,0.0006,7.6000000000000005,0.001,0.0,0.0147,-6.0,0.0008,-5.4344160000000015,0.0013,D,0.001
133.1558,-276.0,-276.0,0.0,-0.015625,0.038,BRAKES_NOT_APPLIED,0.038,TRANSITION_TO_IDLE,0.038,25.840000000000003,0.0006,7.6000000000000005,0.0011,0.0,0.0149,-6.0,0.0008,-5.363666,0.0015,D,0.0011
133.2557,-278.0,-278.0,0.0,-0.015625,0.0181,BRAKES_NOT_APPLIED,0.0181,TRANSITION_TO_IDLE,0.0181,25.680000000000007,0.0005,7.6000000000000005,0.0009,0.0,0.0148,-6.0,0.0007,-5.259632000000001,0.0012,D,0.0009
133.3559,-268.0,-268.0,0.0,-0.015625,0.0374,BRAKES_NOT_APPLIED,0.0374,TRANSITION_TO_IDLE,0.0374,25.439999999999998,0.0007,7.6000000000000005,0.0012,0.0,0.015,-5.5,0.0009,-5.0490450000000004,0.0016,D,0.0012
133.456,-268.0,-268.0,0.0,-0.015625,0.0183,BRAKES_NOT_APPLIED,0.0183,TRANSITION_TO_IDLE,0.0183,25.28,0.0007,7.6000000000000005,0.0012,0.0,0.0149,-5.5,0.001,-4.909902000000001,0.0014,D,0.0012
133.5558,-262.0,-262.0,0.0,-0.015625,0.0373,BRAKES_NOT_APPLIED,0.0373,TRANSITION_TO_IDLE,0.0373,25.040000000000006,0.0005,7.6000000000000005,0.001,0.0,0.0149,-5.5,0.0007,-4.8412310000000005,0.0015,D,0.001
133.656,-260.0,-260.0,0.0,-0.015625,0.0184,BRAKES_NOT_APPLIED,0.0184,NO_MODE_ACTIVE,0.0184,24.879999999999995,0.0007,7.6000000000000005,0.0012,0.0,0.0149,-5.5,0.001,-4.736880000000001,0.0014,D,0.0012
133.7558,-252.0,-252.0,0.0,-0.015625,0.0382,BRAKES_NOT_APPLIED,0.0382,NO_MODE_ACTIVE,0.0382,24.72,0.0005,7.6000000000000005,0.0011,0.0,0.0149,-5.0,0.0009,-4.56142,0.0015,D,0.0011
133.8558,-248.0,-248.0,0.0,-0.015625,0.0181,BRAKES_NOT_APPLIED,0.0181,NO_MODE_ACTIVE,0.0181,24.560000000000002,0.0005,7.6000000000000005,0.001,0.0,0.0143,-5.0,0.0008,-4.492812000000001,0.0015,D,0.001
133.9557,-240.0,-240.0,0.0,-0.015625,0.0365,BRAKES_NOT_APPLIED,0.0365,NO_MODE_ACTIVE,0.0365,24.400000000000006,0.0005,7.6000000000000005,0.001,0.0,0.0145,-5.0,0.0008,-4.387824,0.0013,D,0.001
134.0558,-236.0,-234.0,2.0,-0.015625,0.0184,BRAKES_NOT_APPLIED,0.0184,NO_MODE_ACTIVE,0.0184,24.159999999999997,0.0005,7.6000000000000005,0.001,0.0,0.0146,-5.0,0.0007,-4.281753000000001,0.0015,D,0.001
134.1557,-234.0,-234.0,0.0,-0.015625,0.0378,BRAKES_NOT_APPLIED,0.0378,NO_MODE_ACTIVE,0.0378,24.08,0.0005,7.6000000000000005,0.001,0.0,0.0148,-4.5,0.0008,-4.107934,0.0013,D,0.001
134.2558,-230.0,-230.0,0.0,-0.015625,0.0184,BRAKES_NOT_APPLIED,0.0184,NO_MODE_ACTIVE,0.0184,23.840000000000003,0.0005,7.6000000000000005,0.001,0.0,0.0146,-4.5,0.0007,-4.004185,0.0014,D,0.001
134.3556,-224.0,-224.0,0.0,-0.015625,0.038,BRAKES_NOT_APPLIED,0.038,NO_MODE_ACTIVE,0.038,23.68,0.0003,7.6000000000000005,0.0007,0.0,0.0147,-4.5,0.0005,-3.8982720000000004,0.0012,D,0.0007
134.4555,-224.0,-224.0,0.0,-0.015625,0.018,BRAKES_NOT_APPLIED,0.018,NO_MODE_ACTIVE,0.018,23.6,0.0002,7.6000000000000005,0.0007,0.0,0.0143,-4.5,0.0004,-3.7588320000000004,0.0011,D,0.0007
134.5557,-212.0,-212.0,0.0,-0.015625,0.0378,BRAKES_NOT_APPLIED,0.0378,NO_MODE_ACTIVE,0.0378,23.440000000000005,0.0006,7.6000000000000005,0.0011,0.0,0.0147,-4.0,0.0008,-3.689966000000001,0.0013,D,0.0011
134.6556,-210.0,-210.0,0.0,-0.015625,0.0182,BRAKES_NOT_APPLIED,0.0182,NO_MODE_ACTIVE,0.0182,23.28,0.0003,7.6000000000000005,0.001,0.0,0.0144,-4.0,0.0007,-3.5514360000000007,0.0012,D,0.001
134.7555,-212.0,-212.0,0.0,-0.015625,0.0376,BRAKES_NOT_APPLIED,0.0376,NO_MODE_ACTIVE,0.0376,23.120000000000005,0.0002,7.6000000000000005,0.0009,0.0,0.0145,-4.0,0.0006,-3.4796,0.0011,D,0.0009
134.8556,-200.0,-198.0,2.0,-0.015625,0.0179,BRAKES_NOT_APPLIED,0.0179,NO_MODE_ACTIVE,0.0179,22.96,0.0003,7.6000000000000005,0.001,0.0,0.0146,-4.0,0.0005,-3.3399360000000007,0.0012,D,0.001
134.9556,-198.0,-198.0,0.0,-0.015625,0.037,BRAKES_NOT_APPLIED,0.037,NO_MODE_ACTIVE,0.037,22.880000000000003,0.0005,7.6000000000000005,0.001,0.0,0.0146,-4.0,0.0007,-3.2719519999999997,0.0012,D,0.001
135.0556,-192.0,-192.0,0.0,-0.015625,0.0181,BRAKES_NOT_APPLIED,0.0181,NO_MODE_ACTIVE,0.0181,22.72,0.0002,7.6000000000000005,0.001,0.0,0.0146,-3.5,0.0005,-3.200588,0.0012,D,0.001
135.1554,-192.0,-192.0,0.0,-0.015625,0.0377,BRAKES_NOT_APPLIED,0.0377,NO_MODE_ACTIVE,0.0377,22.560000000000002,0.0002,7.6000000000000005,0.0007,0.0,0.0144,-3.5,0.0005,-3.13155,0.001,D,0.0007
135.2563,-194.0,-194.0,0.0,-0.015625,0.0186,BRAKES_NOT_APPLIED,0.0186,NO_MODE_ACTIVE,0.0186,22.480000000000004,0.0002,7.6000000000000005,0.0012,0.0,0.0151,-3.5,0.0007,-2.958,0.0019,D,0.0012
135.3563,-186.0,-188.0,-2.0,-0.015625,0.0386,BRAKES_NOT_APPLIED,0.0386,NO_MODE_ACTIVE,0.0386,22.32,0.0005,7.6000000000000005,0.0012,0.0,0.0153,-3.5,0.0009,-2.819286,0.0019,D,0.0012
135.4563,-176.0,-176.0,0.0,-0.015625,0.0187,BRAKES_NOT_APPLIED,0.0187,NO_MODE_ACTIVE,0.0187,22.240000000000002,0.0002,7.6000000000000005,0.0012,0.0,0.015,-3.5,0.0007,-2.7138540000000004,0.0019,D,0.0012
135.5563,-174.0,-174.0,0.0,-0.015625,0.0386,BRAKES_NOT_APPLIED,0.0386,NO_MODE_ACTIVE,0.0386,22.08,0.0002,7.6000000000000005,0.0012,0.0,0.0153,-3.0,0.0007,-2.6433560000000003,0.0019,D,0.0012
135.6563,-168.0,-168.0,0.0,-0.015625,0.0187,BRAKES_NOT_APPLIED,0.0187,NO_MODE_ACTIVE,0.0187,21.92,0.0005,7.6000000000000005,0.0012,0.0,0.0153,-3.0,0.001,-2.5043759999999997,0.0018,D,0.0012
135.7564,-166.0,-166.0,0.0,-0.015625,0.0377,BRAKES_NOT_APPLIED,0.0377,NO_MODE_ACTIVE,0.0377,21.840000000000003,0.0003,7.6000000000000005,0.0012,0.0,0.0154,-3.0,0.0007,-2.399475,0.0019,D,0.0012
135.8564,-160.0,-162.0,-2.0,-0.015625,0.0184,BRAKES_NOT_APPLIED,0.0184,NO_MODE_ACTIVE,0.0184,21.68,0.0003,7.6000000000000005,0.0012,0.0,0.0154,-3.0,0.0008,-2.329791,0.0019,D,0.0012
135.9563,-154.0,-154.0,0.0,-0.015625,0.0372,BRAKES_NOT_APPLIED,0.0372,NO_MODE_ACTIVE,0.0372,21.6,0.0002,7.6000000000000005,0.0012,0.0,0.0152,-3.0,0.0007,-2.226112,0.0018,D,0.0012
136.0563,-150.0,-150.0,0.0,-0.015625,0.0188,BRAKES_NOT_APPLIED,0.0188,NO_MODE_ACTIVE,0.0188,21.439999999999998,0.0005,7.6000000000000005,0.0012,0.0,0.0153,-2.5,0.001,-2.0857799999999997,0.0018,D,0.0012
136.1563,-142.0,-142.0,0.0,-0.015625,0.0383,BRAKES_NOT_APPLIED,0.0383,NO_MODE_ACTIVE,0.0383,21.36,0.0005,7.6000000000000005,0.0012,0.0,0.0152,-2.5,0.001,-2.016776,0.0018,D,0.0012
136.2563,-140.0,-140.0,0.0,-0.015625,0.0188,BRAKES_NOT_APPLIED,0.0188,NO_MODE_ACTIVE,0.0188,21.200000000000003,0.0003,7.6000000000000005,0.0012,0.0,0.0152,-2.5,0.0007,-1.9477360000000001,0.0018,D,0.0012
136.3563,-132.0,-132.0,0.0,-0.015625,0.0383,BRAKES_NOT_APPLIED,0.0383,NO_MODE_ACTIVE,0.0383,21.120000000000005,0.0005,7.6000000000000005,0.0012,0.0,0.0152,-2.5,0.001,-1.8428100000000003,0.0018,D,0.0012
136.4563,-134.0,-134.0,0.0,-0.015625,0.0187,BRAKES_NOT_APPLIED,0.0187,NO_MODE_ACTIVE,0.0187,20.96,0.0003,7.6000000000000005,0.0012,0.0,0.0149,-2.5,0.0007,-1.7725560000000002,0.0018,D,0.0012
136.5563,-126.0,-126.0,0.0,-0.015625,0.0382,BRAKES_NOT_APPLIED,0.0382,NO_MODE_ACTIVE,0.0382,20.880000000000003,0.0003,7.6000000000000005,0.0012,0.0,0.0152,-2.0,0.0007,-1.70373,0.0018,D,0.0012
136.6562,-124.0,-124.0,0.0,-0.015625,0.0187,BRAKES_NOT_APPLIED,0.0187,NO_MODE_ACTIVE,0.0187,20.800000000000004,0.0205,7.6000000000000005,0.001,0.0,0.0152,-2.0,0.0002,-1.56393,0.0017,D,0.001
136.7562,-118.0,-118.0,0.0,-0.015625,0.0384,BRAKES_NOT_APPLIED,0.0384,NO_MODE_ACTIVE,0.0384,20.72,0.0005,7.6000000000000005,0.0012,0.0,0.0151,-2.0,0.0009,-1.5304960000000003,0.0017,D,0.0012
136.8562,-118.0,-118.0,0.0,-0.015625,0.0184,BRAKES_NOT_APPLIED,0.0184,NO_MODE_ACTIVE,0.0184,20.64,0.0002,7.6000000000000005,0.0012,0.0,0.0143,-2.0,0.0007,-1.46034,0.0017,D,0.0012
136.9562,-110.0,-110.0,0.0,-0.015625,0.0371,BRAKES_NOT_APPLIED,0.0371,NO_MODE_ACTIVE,0.0371,20.480000000000004,0.0005,7.6000000000000005,0.0012,0.0,0.0151,-2.0,0.0009,-1.3911600000000002,0.0017,D,0.0012
137.0562,-106.0,-106.0,0.0,-0.015625,0.0187,BRAKES_NOT_APPLIED,0.0187,NO_MODE_ACTIVE,0.0187,20.4,0.0205,7.6000000000000005,0.001,0.0,0.0144,-2.0,0.0005,-1.3216020000000002,0.0017,D,0.001
137.1562,-108.0,-108.0,0.0,-0.015625,0.0384,BRAKES_NOT_APPLIED,0.0384,NO_MODE_ACTIVE,0.0384,20.32,0.0002,7.6000000000000005,0.0012,0.0,0.0151,-2.0,0.0007,-1.2870080000000004,0.0018,D,0.0012
137.2562,-100.0,-100.0,0.0,-0.015625,0.0187,BRAKES_NOT_APPLIED,0.0187,NO_MODE_ACTIVE,0.0187,20.240000000000002,0.0002,7.6000000000000005,0.0012,0.0,0.0143,-1.5,0.0007,-1.217265,0.0018,D,0.0012
137.3561,-94.0,-94.0,0.0,-0.015625,0.0382,BRAKES_NOT_APPLIED,0.0382,NO_MODE_ACTIVE,0.0382,20.160000000000004,0.0004,7.6000000000000005,0.0011,0.0,0.0149,-1.5,0.0009,-1.147575,0.0017,D,0.0011
137.4562,-94.0,-94.0,0.0,-0.015625,0.0186,BRAKES_NOT_APPLIED,0.0186,NO_MODE_ACTIVE,0.0186,20.08,0.0002,7.6000000000000005,0.0012,0.0,0.0147,-1.5,0.0007,-1.0776839999999999,0.0018,D,0.0012
137.5561,-92.0,-92.0,0.0,-0.015625,0.0373,BRAKES_NOT_APPLIED,0.0373,NO_MODE_ACTIVE,0.0373,20.0,0.0005,7.6000000000000005,0.0012,0.0,0.0149,-1.5,0.0009,-1.0080980000000002,0.0017,D,0.0012
137.6562,-92.0,-92.0,0.0,-0.015625,0.0186,BRAKES_NOT_APPLIED,0.0186,NO_MODE_ACTIVE,0.0186,19.92,0.0002,7.6000000000000005,0.0012,0.0,0.015,-1.5,0.0007,-1.0082430000000002,0.0018,D,0.0012
137.7561,-88.0,-88.0,0.0,-0.015625,0.0382,BRAKES_NOT_APPLIED,0.0382,NO_MODE_ACTIVE,0.0382,19.92,0.0004,7.6000000000000005,0.0011,0.0,0.0149,-1.5,0.0009,-0.9731120000000002,0.0017,D,0.0011
137.8562,-84.0,-84.0,0.0,-0.015625,0.0184,BRAKES_NOT_APPLIED,0.0184,NO_MODE_ACTIVE,0.0184,19.840000000000003,0.0002,7.6000000000000005,0.0012,0.0,0.0149,-1.5,0.0007,-0.903552,0.0018,D,0.0012
137.956,-80.0,-78.0,2.0,-0.015625,0.0375,BRAKES_NOT_APPLIED,0.0375,NO_MODE_ACTIVE,0.0375,19.759999999999998,0.0198,7.6000000000000005,0.001,0.0,0.0148,-1.5,0.0005,-0.8684000000000001,0.0016,D,0.001
138.0557,-82.0,-82.0,0.0,-0.015625,0.0181,BRAKES_NOT_APPLIED,0.0181,NO_MODE_ACTIVE,0.0181,19.68,0.0195,7.6000000000000005,0.0007,0.0,0.0143,-1.5,0.0002,-0.764544,0.0013,D,0.0007
138.156,-80.0,-80.0,0.0,-0.015625,0.0379,BRAKES_NOT_APPLIED,0.0379,NO_MODE_ACTIVE,0.0379,19.6,0.0195,7.6000000000000005,0.001,0.0,0.0148,-1.5,0.0005,-0.7647200000000002,0.0016,D,0.001
138.256,-70.0,-70.0,0.0,-0.015625,0.0183,BRAKES_NOT_APPLIED,0.0183,NO_MODE_ACTIVE,0.0183,19.520000000000003,0.0199,7.6000000000000005,0.001,0.0,0.0149,-1.0,0.0005,-0.7297290000000001,0.0016,D,0.001
138.3561,-74.0,-74.0,0.0,-0.015625,0.0382,BRAKES_NOT_APPLIED,0.0382,NO_MODE_ACTIVE,0.0382,19.520000000000003,0.0002,7.6000000000000005,0.0012,0.0,0.0149,-1.0,0.0007,-0.69498,0.0017,D,0.0012
138.456,-66.0,-66.0,0.0,-0.015625,0.0183,BRAKES_NOT_APPLIED,0.0183,NO_MODE_ACTIVE,0.0183,19.439999999999998,0.02,7.6000000000000005,0.001,0.0,0.0147,-1.0,0.0003,-0.695,0.0016,D,0.001
138.5564,-68.0,-68.0,0.0,-0.015625,0.0385,BRAKES_NOT_APPLIED,0.0385,NO_MODE_ACTIVE,0.0385,19.36,0.0201,7.6000000000000005,0.0015,0.0,0.0152,-1.0,0.0008,-0.62559,0.002,D,0.0015
138.656,-70.0,-70.0,0.0,-0.015625,0.0184,BRAKES_NOT_APPLIED,0.0184,NO_MODE_ACTIVE,0.0184,19.36,0.02,7.2,0.001,0.0,0.0145,-1.0,0.0003,-0.5907160000000001,0.0016,D,0.001
138.7561,-70.0,-70.0,0.0,-0.015625,0.038,BRAKES_NOT_APPLIED,0.038,NO_MODE_ACTIVE,0.038,19.28,0.0199,7.2,0.0012,0.0,0.0149,-1.0,0.0005,-0.625518,0.0017,D,0.0012
138.8562,-74.0,-74.0,0.0,-0.015625,0.0184,BRAKES_NOT_APPLIED,0.0184,NO_MODE_ACTIVE,0.0184,19.200000000000003,0.0201,6.800000000000001,0.0013,0.0,0.0149,-1.0,0.0007,-0.69476,0.0018,D,0.0013
138.956,-80.0,-80.0,0.0,-0.015625,0.0379,BRAKES_NOT_APPLIED,0.0379,NO_MODE_ACTIVE,0.0379,19.120000000000005,0.0004,6.4,0.0011,0.0,0.0147,-1.5,0.0009,-0.7644780000000001,0.0015,D,0.0011
139.056,-86.0,-86.0,0.0,-0.015625,0.0184,BRAKES_NOT_APPLIED,0.0184,NO_MODE_ACTIVE,0.0184,19.120000000000005,0.0201,6.4,0.001,0.0,0.0145,-1.5,0.0005,-0.8687,0.0016,D,0.001
139.1561,-98.0,-98.0,0.0,-0.015625,0.0382,BRAKES_NOT_APPLIED,0.0382,NO_MODE_ACTIVE,0.0382,19.04,0.0197,6.0,0.0012,0.0,0.0148,-1.5,0.0005,-1.0080400000000003,0.0016,D,0.0012
139.2561,-108.0,-108.0,0.0,-0.015625,0.0185,BRAKES_NOT_APPLIED,0.0185,NO_MODE_ACTIVE,0.0185,18.880000000000003,0.0002,5.6000000000000005,0.0012,0.0,0.0149,-1.5,0.0007,-1.1473110000000002,0.0016,D,0.0012
139.356,-116.0,-112.0,4.0,-0.015625,0.038,BRAKES_NOT_APPLIED,0.038,NO_MODE_ACTIVE,0.038,18.800000000000004,0.0005,4.800000000000001,0.0012,0.0,0.0147,-2.0,0.0009,-1.3202720000000001,0.0015,D,0.0012
139.456,-136.0,-136.0,0.0,-0.015625,0.0183,BRAKES_NOT_APPLIED,0.0183,NO_MODE_ACTIVE,0.0183,18.72,0.02,4.0,0.001,0.0,0.0146,-2.0,0.0002,-1.5639750000000001,0.0015,D,0.001
139.5563,-160.0,-158.0,2.0,-0.015625,0.0385,BRAKES_NOT_APPLIED,0.0385,NO_MODE_ACTIVE,0.0385,18.64,0.0008,4.0,0.0015,0.0,0.015,-2.5,0.0012,-1.9128450000000001,0.0018,D,0.0015
139.6559,-182.0,-182.0,0.0,-0.015625,0.0183,BRAKES_NOT_APPLIED,0.0183,NO_MODE_ACTIVE,0.0183,18.560000000000002,0.0204,4.0,0.0009,0.0,0.0146,-2.5,0.0004,-2.260505,0.0014,D,0.0009
139.756,-194.0,-194.0,0.0,-0.015625,0.0383,BRAKES_NOT_APPLIED,0.0383,NO_MODE_ACTIVE,0.0383,18.4,0.0196,3.6,0.0009,0.0,0.0147,-3.0,0.0005,-2.4354400000000003,0.0015,D,0.0009
139.856,-206.0,-210.0,-4.0,-0.015625,0.0184,BRAKES_NOT_APPLIED,0.0184,NO_MODE_ACTIVE,0.0184,18.240000000000002,0.0002,2.8000000000000003,0.0012,0.0,0.014,-3.0,0.0009,-2.5747560000000003,0.0015,D,0.0012
139.956,-218.0,-218.0,0.0,-0.015625,0.0374,BRAKES_NOT_APPLIED,0.0374,NO_MODE_ACTIVE,0.0374,18.160000000000004,0.0002,2.4000000000000004,0.0011,0.0,0.0147,-3.5,0.0007,-2.7832000000000003,0.0015,D,0.0011
140.056,-236.0,-236.0,0.0,-0.015625,0.0184,BRAKES_NOT_APPLIED,0.0184,NO_MODE_ACTIVE,0.0184,18.0,0.02,2.4000000000000004,0.0011,0.0,0.0146,-3.5,0.0005,-2.9572350000000003,0.0015,D,0.0011
140.156,-250.0,-250.0,0.0,-0.015625,0.0383,BRAKES_NOT_APPLIED,0.0383,NO_MODE_ACTIVE,0.0383,17.840000000000003,0.0002,2.0,0.0012,0.0,0.0147,-3.5,0.0007,-3.167346,0.0015,D,0.0012
140.256,-266.0,-266.0,0.0,-0.015625,0.0182,BRAKES_NOT_APPLIED,0.0182,NO_MODE_ACTIVE,0.0182,17.68,0.0002,1.6,0.0012,0.0,0.0147,-4.0,0.0007,-3.411870000000001,0.0015,D,0.0012
140.356,-280.0,-280.0,0.0,-0.015625,0.0382,BRAKES_NOT_APPLIED,0.0382,NO_MODE_ACTIVE,0.0382,17.439999999999998,0.0002,1.2000000000000002,0.0012,0.0,0.0146,-4.0,0.0007,-3.4793000000000003,0.0015,D,0.0012
140.4559,-294.0,-294.0,0.0,-0.015625,0.0181,BRAKES_NOT_APPLIED,0.0181,NO_MODE_ACTIVE,0.0181,17.36,0.0198,0.4,0.001,0.0,0.0144,-4.0,0.0005,-3.584503,0.0014,D,0.001
140.556,-316.0,-316.0,0.0,-0.015625,0.0383,BRAKES_NOT_APPLIED,0.0383,NO_MODE_ACTIVE,0.0383,17.120000000000005,0.0201,0.0,0.0012,0.0,0.0144,-4.5,0.0005,-3.83031,0.0015,D,0.0012
140.6559,-328.0,-328.0,0.0,-0.015625,0.0183,BRAKES_NOT_APPLIED,0.0183,NO_MODE_ACTIVE,0.0183,16.96,0.0204,0.0,0.0009,0.0,0.0143,-4.5,0.0004,-3.970848,0.0014,D,0.0009
140.756,-338.0,-338.0,0.0,-0.015625,0.038,BRAKES_NOT_APPLIED,0.038,NO_MODE_ACTIVE,0.038,16.64,0.0002,0.0,0.0011,0.0,0.0146,-4.5,0.0007,-4.074759,0.0015,D,0.0011
140.856,-340.0,-342.0,-2.0,-0.015625,0.0179,BRAKES_NOT_APPLIED,0.0179,NO_MODE_ACTIVE,0.0179,16.480000000000004,0.02,0.0,0.0011,0.0,0.0145,-4.5,0.0004,-4.074876000000001,0.0015,D,0.0011
140.9558,-338.0,-338.0,0.0,-0.015625,0.0379,BRAKES_NOT_APPLIED,0.0379,NO_MODE_ACTIVE,0.0379,16.240000000000002,0.0198,0.0,0.0009,0.0,0.0144,-4.5,0.0005,-4.00453,0.0013,D,0.0009
141.0559,-330.0,-330.0,0.0,-0.015625,0.0183,BRAKES_NOT_APPLIED,0.0183,NO_MODE_ACTIVE,0.0183,16.0,0.0005,0.0,0.0012,0.0,0.0145,-4.5,0.0009,-3.933982,0.0014,D,0.0012
141.1558,-326.0,-324.0,2.0,-0.015625,0.0379,BRAKES_NOT_APPLIED,0.0379,NO_MODE_ACTIVE,0.0379,15.759999999999998,0.0002,0.0,0.0011,0.0,0.0144,-4.5,0.0008,-3.7269170000000003,0.0013,D,0.0011
141.2559,-318.0,-318.0,0.0,-0.015625,0.0183,BRAKES_NOT_APPLIED,0.0183,NO_MODE_ACTIVE,0.0183,15.520000000000003,0.0002,0.0,0.0012,0.0,0.0145,-4.0,0.0007,-3.550722000000001,0.0014,D,0.0012
141.3558,-310.0,-310.0,0.0,-0.015625,0.0378,BRAKES_NOT_APPLIED,0.0378,NO_MODE_ACTIVE,0.0378,15.36,0.0002,0.0,0.0011,0.0,0.0144,-4.0,0.0008,-3.4094200000000003,0.0013,D,0.0011
141.4559,-304.0,-306.0,-2.0,-0.015625,0.0183,BRAKES_NOT_APPLIED,0.0183,NO_MODE_ACTIVE,0.0183,15.120000000000005,0.0005,0.0,0.0012,0.0,0.0145,-4.0,0.0009,-3.2712939999999997,0.0014,D,0.0012
141.5559,-296.0,-296.0,0.0,-0.015625,0.0377,BRAKES_NOT_APPLIED,0.0377,NO_MODE_ACTIVE,0.0377,14.880000000000003,0.0004,0.0,0.0012,0.0,0.0145,-3.5,0.0009,-3.13254,0.0014,D,0.0012
141.6559,-284.0,-284.0,0.0,-0.015625,0.0181,BRAKES_NOT_APPLIED,0.0181,NO_MODE_ACTIVE,0.0181,14.719999999999999,0.0202,0.0,0.0012,0.0,0.0145,-3.5,0.0004,-3.06196,0.0014,D,0.0012
141.7553,-278.0,-278.0,0.0,-0.015625,0.0371,BRAKES_NOT_APPLIED,0.0371,NO_MODE_ACTIVE,0.0371,14.560000000000002,0.0191,0.0,0.0006,0.0,0.0139,-3.5,0.0091,-2.78296,0.0008,D,0.0006
141.8558,-270.0,-270.0,0.0,-0.015625,0.0181,BRAKES_NOT_APPLIED,0.0181,NO_MODE_ACTIVE,0.0181,14.399999999999999,0.02,0.0,0.0011,0.0,0.0143,-3.5,0.0006,-2.748805,0.0013,D,0.0011
141.9557,-262.0,-262.0,0.0,-0.015625,0.0371,BRAKES_NOT_APPLIED,0.0371,NO_MODE_ACTIVE,0.0371,14.160000000000004,0.0195,0.0,0.0009,0.0,0.0142,-3.0,0.0005,-2.6085749999999996,0.0012,D,0.0009
142.0557,-252.0,-254.0,-2.0,-0.015625,0.0179,BRAKES_NOT_APPLIED,0.0179,NO_MODE_ACTIVE,0.0179,14.0,0.0197,0.0,0.0009,0.0,0.0143,-3.0,0.0002,-2.470374,0.0012,D,0.0009
142.1557,-252.0,-252.0,0.0,-0.015625,0.0377,BRAKES_NOT_APPLIED,0.0377,NO_MODE_ACTIVE,0.0377,13.840000000000003,0.0194,0.0,0.0009,0.0,0.0142,-3.0,0.0005,-2.330595,0.0012,D,0.0009
142.2557,-240.0,-240.0,0.0,-0.015625,0.018,BRAKES_NOT_APPLIED,0.018,NO_MODE_ACTIVE,0.018,13.68,0.0199,0.0,0.0009,0.0,0.0142,-2.5,0.0005,-2.226496,0.0012,D,0.0009
142.3558,-232.0,-234.0,-2.0,-0.015625,0.038,BRAKES_NOT_APPLIED,0.038,NO_MODE_ACTIVE,0.038,13.520000000000003,0.0196,0.0,0.001,0.0,0.0143,-2.5,0.0006,-2.156298,0.0013,D,0.001
142.4557,-228.0,-228.0,0.0,-0.015625,0.0178,BRAKES_NOT_APPLIED,0.0178,NO_MODE_ACTIVE,0.0178,13.36,0.02,0.0,0.0009,0.0,0.0143,-2.5,0.0002,-2.0182840000000004,0.0012,D,0.0009
142.5554,-214.0,-214.0,0.0,-0.015625,0.0376,BRAKES_NOT_APPLIED,0.0376,NO_MODE_ACTIVE,0.0376,13.200000000000003,0.0194,0.0,0.0007,0.0,0.0139,-2.5,0.0094,-2.0178200000000004,0.0005,D,0.0007
142.6555,-214.0,-212.0,2.0,-0.015625,0.0178,BRAKES_NOT_APPLIED,0.0178,NO_MODE_ACTIVE,0.0178,13.04,0.0195,0.0,0.001,0.0,0.014,-2.5,0.0005,-1.8437110000000003,0.0008,D,0.001
142.7558,-208.0,-208.0,0.0,-0.015625,0.038,BRAKES_NOT_APPLIED,0.038,NO_MODE_ACTIVE,0.038,12.880000000000003,0.02,0.0,0.001,0.0,0.0143,-2.0,0.0004,-1.7737290000000003,0.0013,D,0.001
142.8553,-204.0,-202.0,2.0,-0.015625,0.0173,BRAKES_NOT_APPLIED,0.0173,NO_MODE_ACTIVE,0.0173,12.800000000000004,0.0198,0.0,0.0011,0.0,0.0138,-2.0,0.0002,-1.6691520000000002,0.0006,D,0.0011
142.9553,-200.0,-200.0,0.0,-0.015625,0.0366,BRAKES_NOT_APPLIED,0.0366,NO_MODE_ACTIVE,0.0366,12.64,0.0184,0.0,0.0011,0.0,0.0138,-2.0,0.0004,-1.5993740000000003,0.0007,D,0.0011
143.0558,-188.0,-186.0,2.0,-0.015625,0.018,BRAKES_NOT_APPLIED,0.018,NO_MODE_ACTIVE,0.018,12.399999999999999,0.0002,0.0,0.0012,0.0,0.0143,-2.0,0.0008,-1.4951960000000002,0.0011,D,0.0012
143.1557,-188.0,-188.0,0.0,-0.015625,0.0376,BRAKES_NOT_APPLIED,0.0376,NO_MODE_ACTIVE,0.0376,12.32,0.0002,0.0,0.0012,0.0,0.0141,-2.0,0.0007,-1.3908800000000001,0.001,D,0.0012
143.2557,-178.0,-180.0,-2.0,-0.015625,0.0179,BRAKES_NOT_APPLIED,0.0179,NO_MODE_ACTIVE,0.0179,12.160000000000004,0.0196,0.0,0.0011,0.0,0.0142,-2.0,0.0005,-1.3208420000000003,0.001,D,0.0011
143.3557,-174.0,-174.0,0.0,-0.015625,0.0376,BRAKES_NOT_APPLIED,0.0376,NO_MODE_ACTIVE,0.0376,12.0,0.0002,0.0,0.0011,0.0,0.0132,-1.5,0.0007,-1.251036,0.0009,D,0.0011
143.4559,-168.0,-170.0,-2.0,-0.015625,0.0182,BRAKES_NOT_APPLIED,0.0182,NO_MODE_ACTIVE,0.0182,11.920000000000002,0.0003,0.0,0.0013,0.0,0.0141,-1.5,0.0009,-1.21625,0.0011,D,0.0013
143.5559,-164.0,-164.0,0.0,-0.015625,0.036,BRAKES_NOT_APPLIED,0.036,NO_MODE_ACTIVE,0.036,11.840000000000003,0.0205,0.0,0.0013,0.0,0.0143,-1.5,0.0006,-1.1123200000000002,0.0011,D,0.0013
143.656,-158.0,-158.0,0.0,-0.015625,0.0183,BRAKES_NOT_APPLIED,0.0183,NO_MODE_ACTIVE,0.0183,11.68,0.0205,0.0,0.0014,0.0,0.0144,-1.5,0.0003,-1.0771570000000001,0.0012,D,0.0014
143.756,-156.0,-156.0,0.0,-0.015625,0.0379,BRAKES_NOT_APPLIED,0.0379,NO_MODE_ACTIVE,0.0379,11.520000000000003,0.0003,0.0,0.0014,0.0,0.0144,-1.5,0.001,-0.9731120000000002,0.0012,D,0.0014
143.8557,-148.0,-148.0,0.0,-0.015625,0.0177,BRAKES_NOT_APPLIED,0.0177,NO_MODE_ACTIVE,0.0177,11.439999999999998,0.0203,0.0,0.0011,0.0,0.0139,-1.5,0.0002,-0.9383850000000001,0.0009,D,0.0011
143.9555,-142.0,-144.0,-2.0,-0.015625,0.0376,BRAKES_NOT_APPLIED,0.0376,NO_MODE_ACTIVE,0.0376,11.36,0.0196,0.0,0.0009,0.0,0.0139,-1.5,0.0002,-0.8687999999999999,0.0007,D,0.0009
144.056,-144.0,-144.0,0.0,-0.015625,0.0181,BRAKES_NOT_APPLIED,0.0181,NO_MODE_ACTIVE,0.0181,11.280000000000001,0.0203,0.0,0.0014,0.0,0.0144,-1.5,0.0002,-0.8344080000000001,0.0012,D,0.0014
144.1555,-136.0,-134.0,2.0,-0.015625,0.0376,BRAKES_NOT_APPLIED,0.0376,NO_MODE_ACTIVE,0.0376,11.200000000000003,0.0194,0.0,0.0009,0.0,0.0139,-1.5,0.0002,-0.7646100000000001,0.0007,D,0.0009
144.2558,-130.0,-132.0,-2.0,-0.015625,0.0179,BRAKES_NOT_APPLIED,0.0179,NO_MODE_ACTIVE,0.0179,11.04,0.0204,0.0,0.0012,0.0,0.0142,-1.0,0.0005,-0.729771,0.001,D,0.0012
144.3553,-128.0,-130.0,-2.0,-0.015625,0.0373,BRAKES_NOT_APPLIED,0.0373,NO_MODE_ACTIVE,0.0373,10.96,0.0197,0.0,0.0007,0.0,0.0137,-1.0,0.0092,-0.6603450000000001,0.0005,D,0.0007
144.4558,-126.0,-126.0,0.0,-0.015625,0.018,BRAKES_NOT_APPLIED,0.018,NO_MODE_ACTIVE,0.018,10.800000000000004,0.0201,0.0,0.0012,0.0,0.0142,-1.0,0.0002,-0.625302,0.001,D,0.0012
144.5553,-120.0,-122.0,-2.0,-0.015625,0.0374,BRAKES_NOT_APPLIED,0.0374,NO_MODE_ACTIVE,0.0374,10.719999999999999,0.0005,0.0,0.0012,0.0,0.0137,-1.0,0.0009,-0.5909370000000002,0.0007,D,0.0012
144.6556,-114.0,-116.0,-2.0,-0.015625,0.0176,BRAKES_NOT_APPLIED,0.0176,NO_MODE_ACTIVE,0.0176,10.64,0.0199,0.0,0.001,0.0,0.0141,-1.0,0.0003,-0.52137,0.0008,D,0.001
144.7553,-106.0,-106.0,0.0,-0.015625,0.0373,BRAKES_NOT_APPLIED,0.0373,NO_MODE_ACTIVE,0.0373,10.560000000000002,0.0197,0.0,0.0009,0.0,0.0136,-1.0,0.0005,-0.52125,0.0007,D,0.0009
144.8552,-108.0,-108.0,0.0,-0.015625,0.0172,BRAKES_NOT_APPLIED,0.0172,NO_MODE_ACTIVE,0.0172,10.480000000000004,0.0007,0.0,0.0011,0.0,0.0135,-1.0,0.0009,-0.48658400000000007,0.0005,D,0.0011
144.9553,-102.0,-104.0,-2.0,-0.015625,0.0375,BRAKES_NOT_APPLIED,0.0375,NO_MODE_ACTIVE,0.0375,10.399999999999999,0.02,0.0,0.0009,0.0,0.0136,-1.0,0.0007,-0.4168080000000001,0.0005,D,0.0009
145.0557,-100.0,-100.0,0.0,-0.015625,0.0176,BRAKES_NOT_APPLIED,0.0176,NO_MODE_ACTIVE,0.0176,10.32,0.0204,0.0,0.001,0.0,0.014,-1.0,0.0002,-0.38210700000000003,0.0008,D,0.001
145.1553,-92.0,-90.0,2.0,-0.015625,0.0374,BRAKES_NOT_APPLIED,0.0374,NO_MODE_ACTIVE,0.0374,10.240000000000002,0.0007,0.0,0.0013,0.0,0.0136,-1.0,0.0009,-0.34737,0.0005,D,0.0013
145.2555,-94.0,-94.0,0.0,-0.015625,0.0175,BRAKES_NOT_APPLIED,0.0175,NO_MODE_ACTIVE,0.0175,10.160000000000004,0.0202,0.0,0.0011,0.0,0.0138,-1.0,0.0007,-0.31263300000000005,0.0009,D,0.0011
145.3553,-92.0,-92.0,0.0,-0.015625,0.0374,BRAKES_NOT_APPLIED,0.0374,NO_MODE_ACTIVE,0.0374,10.079999999999998,0.0191,0.0,0.0009,0.0,0.0136,-0.5,0.0003,-0.277912,0.0005,D,0.0009
145.4555,-88.0,-86.0,2.0,-0.015625,0.0175,BRAKES_NOT_APPLIED,0.0175,NO_MODE_ACTIVE,0.0175,10.0,0.0002,0.0,0.0011,0.0,0.0137,-0.5,0.0007,-0.277864,0.0009,D,0.0011
145.5553,-86.0,-86.0,0.0,-0.015625,0.0374,BRAKES_NOT_APPLIED,0.0374,NO_MODE_ACTIVE,0.0374,9.920000000000002,0.0193,0.0,0.001,0.0,0.0136,-0.5,0.0007,-0.24314500000000003,0.0005,D,0.001
145.6552,-80.0,-82.0,-2.0,-0.015625,0.0173,BRAKES_NOT_APPLIED,0.0173,NO_MODE_ACTIVE,0.0173,9.840000000000003,0.0002,0.0,0.0012,0.0,0.0135,-0.5,0.0009,-0.20841000000000004,0.0004,D,0.0012
145.7552,-78.0,-78.0,0.0,-0.015625,0.0373,BRAKES_NOT_APPLIED,0.0373,NO_MODE_ACTIVE,0.0373,9.759999999999998,0.0199,0.0,0.0009,0.0,0.0135,-0.5,0.0002,-0.173655,0.0004,D,0.0009
145.8552,-74.0,-72.0,2.0,-0.015625,0.0172,BRAKES_NOT_APPLIED,0.0172,NO_MODE_ACTIVE,0.0172,9.68,0.0007,0.0,0.0012,0.0,0.0135,-0.5,0.0009,-0.10417500000000002,0.0005,D,0.0012
145.9555,-74.0,-74.0,0.0,-0.015625,0.0374,BRAKES_NOT_APPLIED,0.0374,NO_MODE_ACTIVE,0.0374,9.68,0.001,0.0,0.0015,0.0,0.0138,-0.5,0.0012,-0.138956,0.0007,D,0.0015
146.0555,-68.0,-68.0,0.0,-0.015625,0.0171,BRAKES_NOT_APPLIED,0.0171,NO_MODE_ACTIVE,0.0171,9.600000000000001,0.0003,0.0,0.0012,0.0,0.0138,-0.5,0.0009,-0.10420800000000001,0.0007,D,0.0012
146.1555,-68.0,-68.0,0.0,-0.015625,0.0376,BRAKES_NOT_APPLIED,0.0376,NO_MODE_ACTIVE,0.0376,9.520000000000003,0.0003,0.0,0.0012,0.0,0.0137,-0.5,0.0009,-0.06946200000000001,0.0007,D,0.0012
146.2555,-62.0,-62.0,0.0,-0.015625,0.0176,BRAKES_NOT_APPLIED,0.0176,NO_MODE_ACTIVE,0.0176,9.439999999999998,0.0202,0.0,0.0012,0.0,0.0137,-0.5,0.0005,-0.06950800000000001,0.0007,D,0.0012
146.3552,-62.0,-64.0,-2.0,-0.015625,0.0373,BRAKES_NOT_APPLIED,0.0373,NO_MODE_ACTIVE,0.0373,9.439999999999998,0.0194,0.0,0.0009,0.0,0.0134,-0.5,0.0007,-0.034732,0.0005,D,0.0009
146.4555,-58.0,-56.0,2.0,-0.015625,0.0176,BRAKES_NOT_APPLIED,0.0176,NO_MODE_ACTIVE,0.0176,9.36,0.0003,0.0,0.0012,0.0,0.0138,-0.5,0.001,0.0,0.0007,D,0.0012
146.5554,-56.0,-54.0,2.0,-0.015625,0.0374,BRAKES_NOT_APPLIED,0.0374,NO_MODE_ACTIVE,0.0374,9.280000000000001,0.0002,0.0,0.0011,0.0,0.0136,-0.5,0.0009,0.06943600000000001,0.0007,D,0.0011
146.6552,-54.0,-54.0,0.0,-0.015625,0.0173,BRAKES_NOT_APPLIED,0.0173,NO_MODE_ACTIVE,0.0173,9.200000000000003,0.0197,0.0,0.0009,0.0,0.0134,-0.5,0.0007,0.06949400000000001,0.0005,D,0.0009
146.7557,-52.0,-52.0,0.0,-0.015625,0.0377,BRAKES_NOT_APPLIED,0.0377,NO_MODE_ACTIVE,0.0377,9.200000000000003,0.0003,0.0,0.0014,0.0,0.0139,-0.5,0.0012,0.03477,0.001,D,0.0014
146.8554,-50.0,-50.0,0.0,-0.015625,0.0174,BRAKES_NOT_APPLIED,0.0174,NO_MODE_ACTIVE,0.0174,9.120000000000005,0.0002,0.0,0.0011,0.0,0.0136,-0.5,0.0009,0.06949400000000001,0.0007,D,0.0011
146.9557,-48.0,-48.0,0.0,-0.015625,0.0377,BRAKES_NOT_APPLIED,0.0377,NO_MODE_ACTIVE,0.0377,9.04,0.0003,0.0,0.0014,0.0,0.0139,-0.5,0.0012,0.10419900000000001,0.001,D,0.0014
147.0554,-44.0,-44.0,0.0,-0.015625,0.0174,BRAKES_NOT_APPLIED,0.0174,NO_MODE_ACTIVE,0.0174,9.04,0.0002,0.0,0.0011,0.0,0.0136,-0.5,0.0009,0.10423500000000001,0.0007,D,0.0011
147.1554,-42.0,-42.0,0.0,-0.015625,0.0374,BRAKES_NOT_APPLIED,0.0374,NO_MODE_ACTIVE,0.0374,8.96,0.0002,0.0,0.0011,0.0,0.0131,-0.5,0.0009,0.13898,0.0007,D,0.0011
147.2554,-42.0,-42.0,0.0,-0.015625,0.0174,BRAKES_NOT_APPLIED,0.0174,NO_MODE_ACTIVE,0.0174,8.96,0.0002,0.0,0.0011,0.0,0.0136,-0.5,0.0009,0.13896400000000003,0.0007,D,0.0011
147.3549,-40.0,-40.0,0.0,0.0,0.0369,BRAKES_NOT_APPLIED,0.0369,NO_MODE_ACTIVE,0.0369,8.880000000000003,0.0004,0.0,0.001,0.0,0.0131,-0.5,0.0007,0.138984,0.0101,D,0.001
147.4554,-36.0,-38.0,-2.0,0.015625,0.0174,BRAKES_NOT_APPLIED,0.0174,NO_MODE_ACTIVE,0.0174,8.880000000000003,0.0003,0.0,0.0012,0.0,0.0136,-0.5,0.0009,0.20836200000000002,0.0007,D,0.0012
147.5554,-36.0,-36.0,0.0,0.015625,0.0375,BRAKES_NOT_APPLIED,0.0375,NO_MODE_ACTIVE,0.0375,8.800000000000004,0.0003,0.0,0.0012,0.0,0.0136,-0.5,0.0009,0.20843400000000004,0.0007,D,0.0012
147.6554,-32.0,-32.0,0.0,0.015625,0.0173,BRAKES_NOT_APPLIED,0.0173,NO_MODE_ACTIVE,0.0173,8.719999999999999,0.0002,0.0,0.0012,0.0,0.0136,0.0,0.0009,0.20842200000000002,0.0007,D,0.0012
147.7552,-32.0,-32.0,0.0,0.015625,0.0372,BRAKES_NOT_APPLIED,0.0372,NO_MODE_ACTIVE,0.0372,8.719999999999999,0.0009,0.0,0.0014,0.0,0.0134,0.0,0.0011,0.243075,0.0004,D,0.0014
147.8555,-30.0,-30.0,0.0,0.015625,0.0174,BRAKES_NOT_APPLIED,0.0174,TRANSITION_TO_IDLE,0.0174,8.64,0.0012,0.0,0.0017,0.0,0.0136,0.0,0.0014,0.24311000000000005,0.0007,D,0.0017
147.9553,-30.0,-30.0,0.0,0.015625,0.0371,BRAKES_NOT_APPLIED,0.0371,TRANSITION_TO_IDLE,0.0371,8.64,0.0002,0.0,0.0011,0.0,0.0134,0.0,0.0009,0.24332700000000002,0.0004,D,0.0011
148.0561,-26.0,-26.0,0.0,0.015625,0.0178,BRAKES_NOT_APPLIED,0.0178,TRANSITION_TO_IDLE,0.0178,8.64,0.0204,0.0,0.0012,0.0,0.0142,0.0,0.0002,0.27789600000000003,0.0014,D,0.0012
148.1559,-26.0,-26.0,0.0,0.03125,0.0378,BRAKES_NOT_APPLIED,0.0378,TRANSITION_TO_IDLE,0.0378,8.560000000000002,0.0003,0.0,0.001,0.0,0.014,0.0,0.0005,0.277856,0.0012,D,0.001
148.2558,-24.0,-24.0,0.0,0.03125,0.0177,BRAKES_NOT_APPLIED,0.0177,TRANSITION_TO_IDLE,0.0177,8.560000000000002,0.0002,0.0,0.0011,0.0,0.0139,0.0,0.0004,0.277832,0.0009,D,0.0011
148.3558,-20.0,-20.0,0.0,0.15625,0.0375,BRAKES_NOT_APPLIED,0.0375,TRANSITION_TO_IDLE,0.0375,8.480000000000004,0.0199,0.0,0.0011,0.0,0.0139,0.0,0.0002,0.312732,0.0009,D,0.0011
148.4558,-22.0,-22.0,0.0,0.484375,0.0177,DRIVER_APPLYING_BRAKES,0.0177,LOCAL_BRAKE_REQUEST,0.0177,8.480000000000004,0.0201,0.0,0.0011,0.0,0.0139,0.0,0.0002,0.27788000000000007,0.0009,D,0.0011
148.5561,-20.0,-20.0,0.0,0.71875,0.038,DRIVER_APPLYING_BRAKES,0.038,LOCAL_BRAKE_REQUEST,0.038,8.399999999999999,0.0003,0.0,0.0014,0.0,0.0142,0.0,0.0007,0.31261500000000003,0.0012,D,0.0014
148.6558,-18.0,-18.0,0.0,0.640625,0.0177,DRIVER_APPLYING_BRAKES,0.0177,LOCAL_BRAKE_REQUEST,0.0177,8.399999999999999,0.0002,0.0,0.0011,0.0,0.0139,0.0,0.0005,0.31263300000000005,0.0009,D,0.0011
148.7558,-16.0,-16.0,0.0,0.53125,0.0377,DRIVER_APPLYING_BRAKES,0.0377,LOCAL_BRAKE_REQUEST,0.0377,8.399999999999999,0.0199,0.0,0.0014,0.0,0.0139,0.0,0.0007,0.34728000000000003,0.0009,D,0.0014
148.8558,-16.0,-16.0,0.0,0.5,0.0176,DRIVER_APPLYING_BRAKES,0.0176,LOCAL_BRAKE_REQUEST,0.0176,8.32,0.0002,0.0,0.0014,0.0,0.0139,0.0,0.0007,0.382052,0.0009,D,0.0014
148.9558,-16.0,-16.0,0.0,0.65625,0.0375,DRIVER_APPLYING_BRAKES,0.0375,LOCAL_BRAKE_REQUEST,0.0375,8.32,0.0198,0.0,0.0014,0.0,0.0139,0.0,0.0007,0.34735000000000005,0.001,D,0.0014
149.0558,-16.0,-16.0,0.0,1.65625,0.0176,DRIVER_APPLYING_BRAKES,0.0176,LOCAL_BRAKE_REQUEST,0.0176,8.32,0.0194,0.0,0.0014,1.0,0.0138,0.0,0.0007,0.38209600000000005,0.001,D,0.0014
149.1555,-12.0,-12.0,0.0,3.453125,0.0374,DRIVER_APPLYING_BRAKES,0.0374,LOCAL_BRAKE_REQUEST,0.0374,8.240000000000002,0.0196,0.0,0.0011,1.0,0.0135,0.0,0.0004,0.451594,0.0007,D,0.0011
149.2556,0.0,0.0,0.0,5.34375,0.0175,DRIVER_APPLYING_BRAKES,0.0175,LOCAL_BRAKE_REQUEST,0.0175,8.0,0.0199,0.0,0.0014,1.0,0.0137,0.0,0.0007,0.48629000000000006,0.0009,D,0.0014
149.3554,14.0,6.0,-8.0,5.578125,0.0373,DRIVER_APPLYING_BRAKES,0.0373,LOCAL_BRAKE_REQUEST,0.0373,7.520000000000003,0.0195,0.0,0.0011,1.0,0.0134,0.0,0.0005,0.520995,0.0007,D,0.0011
149.4558,18.0,22.0,4.0,5.53125,0.0176,DRIVER_APPLYING_BRAKES,0.0176,LOCAL_BRAKE_REQUEST,0.0176,6.800000000000004,0.0002,0.0,0.0014,1.0,0.0138,0.0,0.0007,0.729519,0.001,D,0.0014
149.5557,8.0,10.0,2.0,5.53125,0.0375,DRIVER_APPLYING_BRAKES,0.0375,LOCAL_BRAKE_REQUEST,0.0375,6.160000000000004,0.0002,0.0,0.0014,1.0,0.0137,0.0,0.0007,0.555808,0.0009,D,0.0014
149.6553,2.0,4.0,2.0,5.515625,0.0172,DRIVER_APPLYING_BRAKES,0.0172,LOCAL_BRAKE_REQUEST,0.0172,5.439999999999998,0.0002,0.0,0.0012,1.0,0.0133,0.0,0.0009,0.521115,0.0005,D,0.0012
149.7555,0.0,0.0,0.0,5.515625,0.0374,DRIVER_APPLYING_BRAKES,0.0374,LOCAL_BRAKE_REQUEST,0.0374,4.880000000000003,0.0004,0.0,0.0014,1.0,0.0135,0.0,0.0011,0.520875,0.0007,D,0.0014
149.8553,0.0,0.0,0.0,5.515625,0.017,DRIVER_APPLYING_BRAKES,0.017,LOCAL_BRAKE_REQUEST,0.017,4.32,0.0002,0.0,0.0012,1.0,0.0133,0.0,0.0009,0.520905,0.0005,D,0.0012
149.9542,0.0,0.0,0.0,5.515625,0.0359,DRIVER_APPLYING_BRAKES,0.0359,LOCAL_BRAKE_REQUEST,0.0359,3.6799999999999997,0.0004,0.0,0.0009,1.0,0.0122,0.0,0.0006,0.45154200000000005,0.0094,D,0.0009
150.0542,0.0,0.0,0.0,5.515625,0.0161,DRIVER_APPLYING_BRAKES,0.0161,LOCAL_BRAKE_REQUEST,0.0161,3.1199999999999974,0.0004,0.0,0.0009,1.0,0.0122,0.0,0.0006,0.45141200000000004,0.0094,D,0.0009
150.1542,0.0,0.0,0.0,5.515625,0.0361,DRIVER_APPLYING_BRAKES,0.0361,LOCAL_BRAKE_REQUEST,0.0361,2.6400000000000006,0.0002,0.0,0.0007,1.0,0.0122,0.0,0.0005,0.451607,0.0094,D,0.0007
150.2542,0.0,0.0,0.0,5.515625,0.0161,DRIVER_APPLYING_BRAKES,0.0161,LOCAL_BRAKE_REQUEST,0.0161,1.759999999999998,0.0004,0.0,0.0008,1.0,0.0122,0.0,0.0006,0.451594,0.0094,D,0.0008
150.3541,0.0,0.0,0.0,5.515625,0.0359,DRIVER_APPLYING_BRAKES,0.0359,LOCAL_BRAKE_REQUEST,0.0359,0.9600000000000009,0.0003,0.0,0.0008,1.0,0.012,0.0,0.0005,0.451698,0.0093,D,0.0008
150.4542,0.0,0.0,0.0,5.5,0.0161,DRIVER_APPLYING_BRAKES,0.0161,LOCAL_BRAKE_REQUEST,0.0161,0.3999999999999986,0.0004,0.0,0.0009,1.0,0.0117,0.0,0.0006,0.451607,0.0094,D,0.0009
150.5541,0.0,0.0,0.0,5.5,0.0359,DRIVER_APPLYING_BRAKES,0.0359,LOCAL_BRAKE_REQUEST,0.0359,0.0,0.0003,0.0,0.0008,1.0,0.012,0.0,0.0005,0.451737,0.0093,D,0.0008
150.6541,0.0,0.0,0.0,5.390625,0.016,DRIVER_APPLYING_BRAKES,0.016,LOCAL_BRAKE_REQUEST,0.016,-0.1599999999999966,0.0003,0.0,0.0008,1.0,0.012,0.0,0.0005,0.52125,0.0093,D,0.0008
150.7541,0.0,0.0,0.0,5.25,0.0359,DRIVER_APPLYING_BRAKES,0.0359,LOCAL_BRAKE_REQUEST,0.0359,-0.0799999999999983,0.0004,0.0,0.0008,1.0,0.012,0.0,0.0006,0.451776,0.0093,P,0.0008
150.8541,0.0,0.0,0.0,5.28125,0.0152,DRIVER_APPLYING_BRAKES,0.0152,LOCAL_BRAKE_REQUEST,0.0152,0.0799999999999983,0.0004,0.0,0.0008,1.0,0.012,0.0,0.0006,0.45189300000000004,0.0091,P,0.0008
150.9541,0.0,0.0,0.0,5.265625,0.0358,DRIVER_APPLYING_BRAKES,0.0358,LOCAL_BRAKE_REQUEST,0.0358,0.0,0.0004,0.0,0.0009,1.0,0.012,0.0,0.0006,0.486514,0.0093,P,0.0009
151.0541,0.0,0.0,0.0,5.25,0.0159,DRIVER_APPLYING_BRAKES,0.0159,LOCAL_BRAKE_REQUEST,0.0159,0.0,0.0004,0.0,0.0009,1.0,0.012,0.0,0.0006,0.48633200000000004,0.0091,P,0.0009
151.154,0.0,0.0,0.0,5.25,0.0358,DRIVER_APPLYING_BRAKES,0.0358,LOCAL_BRAKE_REQUEST,0.0358,0.0,0.0003,0.0,0.0008,1.0,0.0119,0.0,0.0005,0.486262,0.009,P,0.0008
151.254,0.0,0.0,0.0,5.234375,0.0158,DRIVER_APPLYING_BRAKES,0.0158,LOCAL_BRAKE_REQUEST,0.0158,0.0,0.0003,0.0,0.0008,1.0,0.0119,0.0,0.0005,0.486262,0.009,P,0.0008
151.354,0.0,0.0,0.0,5.234375,0.0358,DRIVER_APPLYING_BRAKES,0.0358,LOCAL_BRAKE_REQUEST,0.0358,0.0,0.0003,0.0,0.0008,1.0,0.0119,0.0,0.0005,0.48623400000000006,0.009,P,0.0008
151.454,0.0,0.0,0.0,5.296875,0.0158,DRIVER_APPLYING_BRAKES,0.0158,LOCAL_BRAKE_REQUEST,0.0158,0.0,0.0003,0.0,0.0008,1.0,0.0119,0.0,0.0006,0.521085,0.0091,P,0.0008
151.554,0.0,0.0,0.0,5.421875,0.0358,DRIVER_APPLYING_BRAKES,0.0358,LOCAL_BRAKE_REQUEST,0.0358,0.0,0.0003,0.0,0.0008,1.0,0.0119,0.0,0.0006,0.5557600000000001,0.009,P,0.0008
151.654,0.0,0.0,0.0,5.8125,0.0158,DRIVER_APPLYING_BRAKES,0.0158,LOCAL_BRAKE_REQUEST,0.0158,0.0,0.0003,0.0,0.0008,1.0,0.0119,0.0,0.0006,0.659794,0.009,P,0.0008
151.754,0.0,0.0,0.0,6.109375,0.0358,DRIVER_APPLYING_BRAKES,0.0358,LOCAL_BRAKE_REQUEST,0.0358,0.0,0.0003,0.0,0.0008,1.0,0.0118,0.0,0.0006,0.6598700000000001,0.009,P,0.0008
151.854,0.0,0.0,0.0,6.40625,0.0156,DRIVER_APPLYING_BRAKES,0.0156,LOCAL_BRAKE_REQUEST,0.0156,0.0,0.0003,0.0,0.0008,1.0,0.0119,0.0,0.0006,0.69476,0.0091,P,0.0008
151.954,0.0,0.0,0.0,6.5625,0.0358,DRIVER_APPLYING_BRAKES,0.0358,LOCAL_BRAKE_REQUEST,0.0358,0.0,0.0003,0.0,0.0008,1.0,0.0112,0.0,0.0006,0.48615,0.0091,P,0.0008
152.054,0.0,0.0,0.0,6.640625,0.0158,DRIVER_APPLYING_BRAKES,0.0158,LOCAL_BRAKE_REQUEST,0.0158,0.0,0.0004,0.0,0.0008,1.0,0.0118,0.0,0.0006,0.45175,0.0091,P,0.0008
152.154,0.0,0.0,0.0,6.65625,0.0358,DRIVER_APPLYING_BRAKES,0.0358,LOCAL_BRAKE_REQUEST,0.0358,0.0,0.0003,0.0,0.0008,1.0,0.0118,0.0,0.0006,0.45141200000000004,0.0091,P,0.0008
152.254,0.0,0.0,0.0,6.671875,0.0158,DRIVER_APPLYING_BRAKES,0.0158,LOCAL_BRAKE_REQUEST,0.0158,0.0,0.0004,0.0,0.0008,1.0,0.0118,0.0,0.0006,0.451477,0.0091,P,0.0008
152.354,0.0,0.0,0.0,6.65625,0.0358,DRIVER_APPLYING_BRAKES,0.0358,LOCAL_BRAKE_REQUEST,0.0358,0.0,0.0004,0.0,0.0009,1.0,0.0118,0.0,0.0006,0.48623400000000006,0.0091,P,0.0009
152.4539,0.0,0.0,0.0,6.5625,0.0157,DRIVER_APPLYING_BRAKES,0.0157,LOCAL_BRAKE_REQUEST,0.0157,0.0,0.0003,0.0,0.0008,1.0,0.0117,0.0,0.0005,0.451477,0.009,P,0.0008
152.554,0.0,0.0,0.0,6.0,0.0358,DRIVER_APPLYING_BRAKES,0.0358,LOCAL_BRAKE_REQUEST,0.0358,0.0,0.0004,0.0,0.0009,1.0,0.0118,0.0,0.0006,0.45163300000000006,0.0091,P,0.0009
152.654,0.0,0.0,0.0,2.984375,0.0158,DRIVER_APPLYING_BRAKES,0.0158,LOCAL_BRAKE_REQUEST,0.0158,0.0,0.0003,0.0,0.0008,1.0,0.0118,0.0,0.0006,0.451451,0.0091,P,0.0008
152.7539,0.0,0.0,0.0,2.15625,0.0357,DRIVER_APPLYING_BRAKES,0.0357,LOCAL_BRAKE_REQUEST,0.0357,0.0,0.0003,0.0,0.0008,1.0,0.0117,0.0,0.0005,0.451386,0.009,P,0.0008
152.8539,0.0,0.0,0.0,0.890625,0.0157,DRIVER_APPLYING_BRAKES,0.0157,LOCAL_BRAKE_REQUEST,0.0157,0.0,0.0003,0.0,0.0008,0.0,0.0117,0.0,0.0005,0.38199700000000003,0.0089,P,0.0008
152.9539,0.0,0.0,0.0,0.34375,0.0357,BRAKES_NOT_APPLIED,0.0357,LOCAL_BRAKE_REQUEST,0.0357,0.0,0.0003,0.0,0.0008,0.0,0.0117,0.0,0.0006,0.41668800000000006,0.009,P,0.0008
153.0539,0.0,0.0,0.0,0.0,0.0157,BRAKES_NOT_APPLIED,0.0157,LOCAL_BRAKE_REQUEST,0.0157,0.0,0.0003,0.0,0.0008,0.0,0.0117,0.0,0.0006,0.41670000000000007,0.009,P,0.0008
153.1539,0.0,0.0,0.0,0.0,0.0357,BRAKES_NOT_APPLIED,0.0357,LOCAL_BRAKE_REQUEST,0.0357,0.0,0.0003,0.0,0.0008,0.0,0.0116,0.0,0.0006,0.41679600000000006,0.009,P,0.0008
153.2539,0.0,0.0,0.0,0.015625,0.0156,BRAKES_NOT_APPLIED,0.0156,LOCAL_BRAKE_REQUEST,0.0156,0.0,0.0003,0.0,0.0008,0.0,0.0116,0.0,0.0006,0.41690400000000005,0.009,P,0.0008
153.3539,0.0,0.0,0.0,0.015625,0.0356,BRAKES_NOT_APPLIED,0.0356,LOCAL_BRAKE_REQUEST,0.0356,0.0,0.0002,0.0,0.0007,0.0,0.0116,0.0,0.0005,0.4168920000000001,0.009,P,0.0007
153.4541,0.0,0.0,0.0,0.015625,0.0159,BRAKES_NOT_APPLIED,0.0159,LOCAL_BRAKE_REQUEST,0.0159,0.0,0.0005,0.0,0.001,0.0,0.0118,0.0,0.0008,0.382008,0.0092,P,0.001
153.5539,0.0,0.0,0.0,0.015625,0.0357,BRAKES_NOT_APPLIED,0.0357,LOCAL_BRAKE_REQUEST,0.0357,0.0,0.0003,0.0,0.0008,0.0,0.0116,0.0,0.0006,0.41683200000000004,0.0091,P,0.0008
153.6539,0.0,0.0,0.0,0.015625,0.0157,BRAKES_NOT_APPLIED,0.0157,LOCAL_BRAKE_REQUEST,0.0157,0.0,0.0003,0.0,0.0008,0.0,0.0116,0.0,0.0006,0.4167360000000001,0.009,P,0.0008
153.7539,0.0,0.0,0.0,0.015625,0.0355,BRAKES_NOT_APPLIED,0.0355,LOCAL_BRAKE_REQUEST,0.0355,0.0,0.0004,0.0,0.0008,0.0,0.0111,0.0,0.0006,0.382008,0.009,P,0.0008
153.8539,0.0,0.0,0.0,0.015625,0.0156,BRAKES_NOT_APPLIED,0.0156,LOCAL_BRAKE_REQUEST,0.0156,0.0,0.0004,0.0,0.0008,0.0,0.0116,0.0,0.0006,0.41691600000000006,0.009,P,0.0008
153.9539,0.0,0.0,0.0,0.015625,0.0356,BRAKES_NOT_APPLIED,0.0356,LOCAL_BRAKE_REQUEST,0.0356,0.0,0.0004,0.0,0.0008,0.0,0.0116,0.0,0.0006,0.41672400000000004,0.009,P,0.0008
154.0539,0.0,0.0,0.0,0.015625,0.0156,BRAKES_NOT_APPLIED,0.0156,LOCAL_BRAKE_REQUEST,0.0156,0.0,0.0004,0.0,0.0009,0.0,0.0116,0.0,0.0006,0.416712,0.009,P,0.0009
154.1539,0.0,0.0,0.0,0.015625,0.0357,BRAKES_NOT_APPLIED,0.0357,LOCAL_BRAKE_REQUEST,0.0357,0.0,0.0004,0.0,0.0008,0.0,0.0116,0.0,0.0006,0.41683200000000004,0.0089,P,0.0008
154.2538,0.0,0.0,0.0,0.015625,0.0155,BRAKES_NOT_APPLIED,0.0155,LOCAL_BRAKE_REQUEST,0.0155,0.0,0.0003,0.0,0.0007,0.0,0.0115,0.0,0.0005,0.41686800000000007,0.0089,P,0.0007
154.354,0.0,0.0,0.0,0.015625,0.0358,BRAKES_NOT_APPLIED,0.0358,LOCAL_BRAKE_REQUEST,0.0358,0.0,0.0003,0.0,0.0007,0.0,0.0117,0.0,0.0005,0.41686800000000007,0.009,P,0.0007
154.4538,0.0,0.0,0.0,0.015625,0.0155,BRAKES_NOT_APPLIED,0.0155,LOCAL_BRAKE_REQUEST,0.0155,0.0,0.0003,0.0,0.0008,0.0,0.0115,0.0,0.0005,0.382063,0.0089,P,0.0008
154.5538,0.0,0.0,0.0,0.015625,0.0355,BRAKES_NOT_APPLIED,0.0355,LOCAL_BRAKE_REQUEST,0.0355,0.0,0.0003,0.0,0.0008,0.0,0.0115,0.0,0.0005,0.4167360000000001,0.0088,P,0.0008
154.6538,0.0,0.0,0.0,0.015625,0.0155,BRAKES_NOT_APPLIED,0.0155,LOCAL_BRAKE_REQUEST,0.0155,0.0,0.0003,0.0,0.0008,0.0,0.0115,0.0,0.0005,0.382129,0.0089,P,0.0008
154.7538,0.0,0.0,0.0,0.015625,0.0355,BRAKES_NOT_APPLIED,0.0355,LOCAL_BRAKE_REQUEST,0.0355,0.0,0.0003,0.0,0.0008,0.0,0.0115,0.0,0.0005,0.4167360000000001,0.0089,P,0.0008
154.8538,0.0,0.0,0.0,0.015625,0.0155,BRAKES_NOT_APPLIED,0.0155,LOCAL_BRAKE_REQUEST,0.0155,0.0,0.0003,0.0,0.0008,0.0,0.0114,0.0,0.0006,0.41677200000000003,0.0089,P,0.0008
154.9538,0.0,0.0,0.0,0.015625,0.0355,BRAKES_NOT_APPLIED,0.0355,LOCAL_BRAKE_REQUEST,0.0355,0.0,0.0003,0.0,0.0008,0.0,0.0114,0.0,0.0006,0.41700000000000004,0.0088,P,0.0008
155.0538,0.0,0.0,0.0,0.015625,0.0155,BRAKES_NOT_APPLIED,0.0155,LOCAL_BRAKE_REQUEST,0.0155,0.0,0.0003,0.0,0.0007,0.0,0.0114,0.0,0.0005,0.3821510000000001,0.0089,P,0.0007
155.1538,0.0,0.0,0.0,0.015625,0.0355,BRAKES_NOT_APPLIED,0.0355,LOCAL_BRAKE_REQUEST,0.0355,0.0,0.0003,0.0,0.0008,0.0,0.0114,0.0,0.0006,0.451672,0.0089,P,0.0008
155.2538,0.0,0.0,0.0,0.015625,0.0155,BRAKES_NOT_APPLIED,0.0155,LOCAL_BRAKE_REQUEST,0.0155,0.0,0.0004,0.0,0.0008,0.0,0.0114,0.0,0.0006,0.4165800000000001,0.0089,P,0.0008
155.3538,0.0,0.0,0.0,0.015625,0.0355,BRAKES_NOT_APPLIED,0.0355,LOCAL_BRAKE_REQUEST,0.0355,0.0,0.0002,0.0,0.0007,0.0,0.0114,0.0,0.0004,0.4168200000000001,0.0088,P,0.0007
155.4538,0.0,0.0,0.0,0.015625,0.0155,BRAKES_NOT_APPLIED,0.0155,LOCAL_BRAKE_REQUEST,0.0155,0.0,0.0004,0.0,0.0008,0.0,0.0114,0.0,0.0006,0.38217300000000004,0.0089,P,0.0008
155.5538,0.0,0.0,0.0,0.015625,0.0355,BRAKES_NOT_APPLIED,0.0355,LOCAL_BRAKE_REQUEST,0.0355,0.0,0.0004,0.0,0.0008,0.0,0.0114,0.0,0.0006,0.4168920000000001,0.0088,P,0.0008
155.6537,0.0,0.0,0.0,0.015625,0.0154,BRAKES_NOT_APPLIED,0.0154,LOCAL_BRAKE_REQUEST,0.0154,0.0,0.0003,0.0,0.0008,0.0,0.0113,0.0,0.0005,0.41691600000000006,0.0088,P,0.0008
155.7537,0.0,0.0,0.0,0.015625,0.0354,BRAKES_NOT_APPLIED,0.0354,LOCAL_BRAKE_REQUEST,0.0354,0.0,0.0003,0.0,0.0008,0.0,0.0113,0.0,0.0005,0.41685600000000006,0.0087,P,0.0008
155.8537,0.0,0.0,0.0,0.015625,0.0154,BRAKES_NOT_APPLIED,0.0154,LOCAL_BRAKE_REQUEST,0.0154,0.0,0.0003,0.0,0.0008,0.0,0.0113,0.0,0.0005,0.4167360000000001,0.0086,P,0.0008
155.9539,0.0,0.0,0.0,0.015625,0.0356,BRAKES_NOT_APPLIED,0.0356,LOCAL_BRAKE_REQUEST,0.0356,0.0,0.0005,0.0,0.001,0.0,0.0115,0.0,0.0007,0.4168800000000001,0.0089,P,0.001
156.0539,0.0,0.0,0.0,0.015625,0.0153,BRAKES_NOT_APPLIED,0.0153,LOCAL_BRAKE_REQUEST,0.0153,0.0,0.0002,0.0,0.001,0.0,0.0115,0.0,0.0007,0.41677200000000003,0.0088,P,0.001
156.1537,0.0,0.0,0.0,0.015625,0.0352,BRAKES_NOT_APPLIED,0.0352,LOCAL_BRAKE_REQUEST,0.0352,0.0,0.0003,0.0,0.0008,0.0,0.0113,0.0,0.0005,0.4168080000000001,0.0087,P,0.0008
156.2537,0.0,0.0,0.0,0.015625,0.0153,BRAKES_NOT_APPLIED,0.0153,LOCAL_BRAKE_REQUEST,0.0153,0.0,0.0003,0.0,0.0008,0.0,0.0113,0.0,0.0005,0.4168080000000001,0.0087,P,0.0008
156.3538,0.0,0.0,0.0,0.015625,0.0355,BRAKES_NOT_APPLIED,0.0355,LOCAL_BRAKE_REQUEST,0.0355,0.0,0.0003,0.0,0.0007,0.0,0.0113,0.0,0.0005,0.3820740000000001,0.0088,P,0.0007
156.4537,0.0,0.0,0.0,0.015625,0.0153,BRAKES_NOT_APPLIED,0.0153,LOCAL_BRAKE_REQUEST,0.0153,0.0,0.0003,0.0,0.0008,0.0,0.0112,0.0,0.0005,0.416652,0.0086,P,0.0008
156.5537,0.0,0.0,0.0,0.015625,0.0354,BRAKES_NOT_APPLIED,0.0354,LOCAL_BRAKE_REQUEST,0.0354,0.0,0.0003,0.0,0.0007,0.0,0.0112,0.0,0.0005,0.416712,0.0087,P,0.0007
156.6537,0.0,0.0,0.0,0.015625,0.0153,BRAKES_NOT_APPLIED,0.0153,LOCAL_BRAKE_REQUEST,0.0153,0.0,0.0003,0.0,0.0007,0.0,0.0112,0.0,0.0005,0.4168920000000001,0.0086,P,0.0007
156.7537,0.0,0.0,0.0,0.015625,0.0354,BRAKES_NOT_APPLIED,0.0354,LOCAL_BRAKE_REQUEST,0.0354,0.0,0.0002,0.0,0.0007,0.0,0.0112,0.0,0.0005,0.4168200000000001,0.0086,P,0.0007
156.8539,0.0,0.0,0.0,0.015625,0.0155,BRAKES_NOT_APPLIED,0.0155,LOCAL_BRAKE_REQUEST,0.0155,0.0,0.0003,0.0,0.001,0.0,0.0114,0.0,0.0005,0.4168920000000001,0.0088,P,0.001
156.9537,0.0,0.0,0.0,0.015625,0.0354,BRAKES_NOT_APPLIED,0.0354,LOCAL_BRAKE_REQUEST,0.0354,0.0,0.0002,0.0,0.0007,0.0,0.0112,0.0,0.0005,0.41685600000000006,0.0087,P,0.0007
157.0538,0.0,0.0,0.0,0.015625,0.0154,BRAKES_NOT_APPLIED,0.0154,LOCAL_BRAKE_REQUEST,0.0154,0.0,0.0005,0.0,0.0009,0.0,0.0108,0.0,0.0007,0.41694000000000003,0.0088,P,0.0009
157.1537,0.0,0.0,0.0,0.015625,0.0354,BRAKES_NOT_APPLIED,0.0354,LOCAL_BRAKE_REQUEST,0.0354,0.0,0.0002,0.0,0.0007,0.0,0.0112,0.0,0.0005,0.4167480000000001,0.0087,P,0.0007
157.2538,0.0,0.0,0.0,0.015625,0.0154,BRAKES_NOT_APPLIED,0.0154,LOCAL_BRAKE_REQUEST,0.0154,0.0,0.0002,0.0,0.001,0.0,0.0113,0.0,0.0007,0.41694000000000003,0.0088,P,0.001
157.3539,0.0,0.0,0.0,0.015625,0.0356,BRAKES_NOT_APPLIED,0.0356,LOCAL_BRAKE_REQUEST,0.0356,0.0,0.0002,0.0,0.001,0.0,0.0114,0.0,0.0007,0.41678400000000004,0.0089,P,0.001
157.4537,0.0,0.0,0.0,0.015625,0.0148,BRAKES_NOT_APPLIED,0.0148,LOCAL_BRAKE_REQUEST,0.0148,0.0,0.0002,0.0,0.0007,0.0,0.0112,0.0,0.0004,0.38199700000000003,0.0087,P,0.0007
157.5538,0.0,0.0,0.0,0.015625,0.0355,BRAKES_NOT_APPLIED,0.0355,LOCAL_BRAKE_REQUEST,0.0355,0.0,0.0003,0.0,0.0008,0.0,0.0113,0.0,0.0005,0.41677200000000003,0.0088,P,0.0008
157.6538,0.0,0.0,0.0,0.015625,0.0154,BRAKES_NOT_APPLIED,0.0154,LOCAL_BRAKE_REQUEST,0.0154,0.0,0.0003,0.0,0.0008,0.0,0.0113,0.0,0.0005,0.41679600000000006,0.0088,P,0.0008
157.7538,0.0,0.0,0.0,0.015625,0.0354,BRAKES_NOT_APPLIED,0.0354,LOCAL_BRAKE_REQUEST,0.0354,0.0,0.0003,0.0,0.0008,0.0,0.0112,0.0,0.0005,0.41690400000000005,0.0088,P,0.0008
157.8539,0.0,0.0,0.0,0.015625,0.0154,BRAKES_NOT_APPLIED,0.0154,LOCAL_BRAKE_REQUEST,0.0154,0.0,0.0002,0.0,0.001,0.0,0.0114,0.0,0.0007,0.4168800000000001,0.0089,P,0.001
157.9538,0.0,0.0,0.0,0.015625,0.0354,BRAKES_NOT_APPLIED,0.0354,LOCAL_BRAKE_REQUEST,0.0354,0.0,0.0005,0.0,0.001,0.0,0.0112,0.0,0.0008,0.4166040000000001,0.0088,P,0.001
158.0537,0.0,0.0,0.0,0.015625,0.0148,BRAKES_NOT_APPLIED,0.0148,LOCAL_BRAKE_REQUEST,0.0148,0.0,0.0003,0.0,0.0008,0.0,0.0111,0.0,0.0005,0.41668800000000006,0.0087,P,0.0008
158.1537,0.0,0.0,0.0,0.015625,0.0353,BRAKES_NOT_APPLIED,0.0353,LOCAL_BRAKE_REQUEST,0.0353,0.0,0.0004,0.0,0.0009,0.0,0.0111,0.0,0.0007,0.4166640000000001,0.0087,P,0.0009
158.2537,0.0,0.0,0.0,0.015625,0.0152,BRAKES_NOT_APPLIED,0.0152,LOCAL_BRAKE_REQUEST,0.0152,0.0,0.0004,0.0,0.0009,0.0,0.0111,0.0,0.0007,0.41678400000000004,0.0087,P,0.0009
158.3538,0.0,0.0,0.0,0.015625,0.0354,BRAKES_NOT_APPLIED,0.0354,LOCAL_BRAKE_REQUEST,0.0354,0.0,0.0002,0.0,0.0009,0.0,0.0112,0.0,0.0007,0.41661600000000004,0.0089,P,0.0009
158.4537,0.0,0.0,0.0,0.015625,0.0152,BRAKES_NOT_APPLIED,0.0152,LOCAL_BRAKE_REQUEST,0.0152,0.0,0.0002,0.0,0.0007,0.0,0.0111,0.0,0.0005,0.41668800000000006,0.0087,P,0.0007
158.5538,0.0,0.0,0.0,0.015625,0.0354,BRAKES_NOT_APPLIED,0.0354,LOCAL_BRAKE_REQUEST,0.0354,0.0,0.0005,0.0,0.001,0.0,0.0112,0.0,0.0008,0.38186500000000007,0.0089,P,0.001
158.6537,0.0,0.0,0.0,0.015625,0.0152,BRAKES_NOT_APPLIED,0.0152,LOCAL_BRAKE_REQUEST,0.0152,0.0,0.0005,0.0,0.0009,0.0,0.0111,0.0,0.0007,0.4166760000000001,0.0087,P,0.0009
158.7537,0.0,0.0,0.0,0.015625,0.0354,BRAKES_NOT_APPLIED,0.0354,LOCAL_BRAKE_REQUEST,0.0354,0.0,0.0002,0.0,0.0009,0.0,0.0111,0.0,0.0004,0.41662800000000005,0.0086,P,0.0009
158.8535,0.0,0.0,0.0,0.015625,0.015,BRAKES_NOT_APPLIED,0.015,LOCAL_BRAKE_REQUEST,0.015,0.0,0.02,0.0,0.0007,0.0,0.0109,0.0,0.0002,0.41653200000000007,0.0085,P,0.0007
158.9538,0.0,0.0,0.0,0.015625,0.0354,BRAKES_NOT_APPLIED,0.0354,LOCAL_BRAKE_REQUEST,0.0354,0.0,0.0002,0.0,0.001,0.0,0.0112,0.0,0.0007,0.41656800000000005,0.0087,P,0.001
159.0538,0.0,0.0,0.0,0.015625,0.0152,BRAKES_NOT_APPLIED,0.0152,LOCAL_BRAKE_REQUEST,0.0152,0.0,0.0005,0.0,0.001,0.0,0.0112,0.0,0.0008,0.41664000000000007,0.0088,P,0.001
159.1538,0.0,0.0,0.0,0.015625,0.0354,BRAKES_NOT_APPLIED,0.0354,LOCAL_BRAKE_REQUEST,0.0354,0.0,0.0003,0.0,0.001,0.0,0.0111,0.0,0.0007,0.38188700000000003,0.0087,P,0.001
159.2538,0.0,0.0,0.0,0.015625,0.0154,BRAKES_NOT_APPLIED,0.0154,TRANSITION_TO_IDLE,0.0154,0.0,0.0003,0.0,0.001,0.0,0.0112,0.0,0.0008,0.4164600000000001,0.0088,P,0.001
159.3536,0.0,0.0,0.0,0.0,0.0353,BRAKES_NOT_APPLIED,0.0353,TRANSITION_TO_IDLE,0.0353,0.0,0.0002,0.0,0.0007,0.0,0.0109,0.0,0.0004,0.38186500000000007,0.0085,P,0.0007
159.4538,0.0,0.0,0.0,0.015625,0.0157,BRAKES_NOT_APPLIED,0.0157,TRANSITION_TO_IDLE,0.0157,0.0,0.0003,0.0,0.001,0.0,0.0111,0.0,0.0007,0.416544,0.0088,P,0.001
159.5536,0.0,0.0,0.0,0.0,0.0353,BRAKES_NOT_APPLIED,0.0353,TRANSITION_TO_IDLE,0.0353,0.0,0.0002,0.0,0.0007,0.0,0.0109,0.0,0.0005,0.4166640000000001,0.0085,P,0.0007
159.6536,0.0,0.0,0.0,0.015625,0.0154,BRAKES_NOT_APPLIED,0.0154,TRANSITION_TO_IDLE,0.0154,0.0,0.0003,0.0,0.0007,0.0,0.0109,0.0,0.0005,0.41691600000000006,0.0086,P,0.0007
159.7539,0.0,0.0,0.0,0.015625,0.0354,BRAKES_NOT_APPLIED,0.0354,TRANSITION_TO_IDLE,0.0354,0.0,0.0003,0.0,0.001,0.0,0.0112,0.0,0.0008,0.41653200000000007,0.0088,P,0.001
159.8536,0.0,0.0,0.0,0.0,0.0151,BRAKES_NOT_APPLIED,0.0151,TRANSITION_TO_IDLE,0.0151,0.0,0.0002,0.0,0.001,0.0,0.0109,0.0,0.0005,0.41668800000000006,0.0085,P,0.001
159.9536,0.0,0.0,0.0,0.0,0.0352,BRAKES_NOT_APPLIED,0.0352,TRANSITION_TO_IDLE,0.0352,0.0,0.0002,0.0,0.0009,0.0,0.0109,0.0,0.0007,0.4165800000000001,0.0085,P,0.0009
160.0536,0.0,0.0,0.0,0.0,0.0153,BRAKES_NOT_APPLIED,0.0153,TRANSITION_TO_IDLE,0.0153,0.0,0.0003,0.0,0.0007,0.0,0.0109,0.0,0.0005,0.41661600000000004,0.0085,P,0.0007
160.1536,0.0,0.0,0.0,0.0,0.0353,BRAKES_NOT_APPLIED,0.0353,TRANSITION_TO_IDLE,0.0353,0.0,0.0005,0.0,0.001,0.0,0.0109,0.0,0.0007,0.4164600000000001,0.0085,P,0.001
160.2536,0.0,0.0,0.0,0.0,0.0153,BRAKES_NOT_APPLIED,0.0153,TRANSITION_TO_IDLE,0.0153,0.0,0.0005,0.0,0.001,0.0,0.0109,0.0,0.0007,0.41649600000000003,0.0085,P,0.001
160.3536,0.0,0.0,0.0,0.0,0.0351,BRAKES_NOT_APPLIED,0.0351,TRANSITION_TO_IDLE,0.0351,0.0,0.0003,0.0,0.0007,0.0,0.0104,0.0,0.0005,0.41672400000000004,0.0085,P,0.0007
160.4536,0.0,0.0,0.0,0.0,0.0151,BRAKES_NOT_APPLIED,0.0151,TRANSITION_TO_IDLE,0.0151,0.0,0.0005,0.0,0.001,0.0,0.0109,0.0,0.0008,0.41684400000000005,0.0085,P,0.001
160.5535,0.0,0.0,0.0,0.0,0.0352,BRAKES_NOT_APPLIED,0.0352,TRANSITION_TO_IDLE,0.0352,0.0,0.0004,0.0,0.0009,0.0,0.0108,0.0,0.0007,0.41634000000000004,0.0084,P,0.0009
160.6535,0.0,0.0,0.0,0.0,0.0152,BRAKES_NOT_APPLIED,0.0152,TRANSITION_TO_IDLE,0.0152,0.0,0.0004,0.0,0.0009,0.0,0.0108,0.0,0.0007,0.38194200000000006,0.0084,P,0.0009
160.7538,0.0,0.0,0.0,0.0,0.0355,BRAKES_NOT_APPLIED,0.0355,TRANSITION_TO_IDLE,0.0355,0.0,0.0002,0.0,0.0012,0.0,0.011,0.0,0.0007,0.38188700000000003,0.0088,P,0.0012
160.8535,0.0,0.0,0.0,0.0,0.015,BRAKES_NOT_APPLIED,0.015,TRANSITION_TO_IDLE,0.015,0.0,0.0002,0.0,0.0009,0.0,0.0107,0.0,0.0007,0.4164600000000001,0.0084,P,0.0009
160.9535,0.0,0.0,0.0,0.0,0.0349,BRAKES_NOT_APPLIED,0.0349,TRANSITION_TO_IDLE,0.0349,0.0,0.0002,0.0,0.0009,0.0,0.0107,0.0,0.0007,0.4164600000000001,0.0084,P,0.0009
161.0535,0.0,0.0,0.0,0.0,0.015,BRAKES_NOT_APPLIED,0.015,TRANSITION_TO_IDLE,0.015,0.0,0.0204,0.0,0.0007,0.0,0.0107,0.0,0.0002,0.41661600000000004,0.0084,P,0.0007
161.1535,0.0,0.0,0.0,0.0,0.0352,BRAKES_NOT_APPLIED,0.0352,TRANSITION_TO_IDLE,0.0352,0.0,0.0004,0.0,0.0009,0.0,0.0107,0.0,0.0007,0.38195300000000004,0.0083,P,0.0009
161.2538,0.0,0.0,0.0,0.0,0.0155,BRAKES_NOT_APPLIED,0.0155,TRANSITION_TO_IDLE,0.0155,0.0,0.0003,0.0,0.0012,0.0,0.011,0.0,0.0008,0.4167360000000001,0.0087,P,0.0012
161.3537,0.0,0.0,0.0,0.0,0.0354,BRAKES_NOT_APPLIED,0.0354,TRANSITION_TO_IDLE,0.0354,0.0,0.0002,0.0,0.0012,0.0,0.0109,0.0,0.0007,0.41656800000000005,0.0086,P,0.0012
161.4535,0.0,0.0,0.0,0.0,0.0152,BRAKES_NOT_APPLIED,0.0152,TRANSITION_TO_IDLE,0.0152,0.0,0.0005,0.0,0.001,0.0,0.0107,0.0,0.0007,0.416712,0.0084,P,0.001
161.5535,0.0,0.0,0.0,0.0,0.0349,BRAKES_NOT_APPLIED,0.0349,TRANSITION_TO_IDLE,0.0349,0.0,0.0002,0.0,0.001,0.0,0.0107,0.0,0.0007,0.41662800000000005,0.0084,P,0.001
161.6535,0.0,0.0,0.0,0.0,0.0149,BRAKES_NOT_APPLIED,0.0149,TRANSITION_TO_IDLE,0.0149,0.0,0.0005,0.0,0.001,0.0,0.0107,0.0,0.0007,0.4165920000000001,0.0084,P,0.001
161.7534,0.0,0.0,0.0,0.0,0.035,BRAKES_NOT_APPLIED,0.035,TRANSITION_TO_IDLE,0.035,0.0,0.0204,0.0,0.0007,0.0,0.0106,0.0,0.0003,0.4166760000000001,0.0082,P,0.0007
161.8535,0.0,0.0,0.0,0.0,0.0152,BRAKES_NOT_APPLIED,0.0152,TRANSITION_TO_IDLE,0.0152,0.0,0.0005,0.0,0.001,0.0,0.0107,0.0,0.0008,0.41656800000000005,0.0083,P,0.001
161.9535,0.0,0.0,0.0,0.0,0.0351,BRAKES_NOT_APPLIED,0.0351,TRANSITION_TO_IDLE,0.0351,0.0,0.0003,0.0,0.001,0.0,0.0107,0.0,0.0008,0.4166040000000001,0.0083,P,0.001
162.0534,0.0,0.0,0.0,0.0,0.0151,BRAKES_NOT_APPLIED,0.0151,TRANSITION_TO_IDLE,0.0151,0.0,0.0004,0.0,0.0009,0.0,0.0106,0.0,0.0007,0.38188700000000003,0.0082,P,0.0009
162.1535,0.0,0.0,0.0,0.0,0.0349,BRAKES_NOT_APPLIED,0.0349,TRANSITION_TO_IDLE,0.0349,0.0,0.0005,0.0,0.001,0.0,0.0106,0.0,0.0008,0.4165800000000001,0.0083,P,0.001
162.2534,0.0,0.0,0.0,0.0,0.0148,BRAKES_NOT_APPLIED,0.0148,TRANSITION_TO_IDLE,0.0148,0.0,0.0002,0.0,0.0009,0.0,0.0106,0.0,0.0007,0.41655600000000004,0.0082,P,0.0009
162.3534,0.0,0.0,0.0,0.0,0.035,BRAKES_NOT_APPLIED,0.035,TRANSITION_TO_IDLE,0.035,0.0,0.0004,0.0,0.0009,0.0,0.0105,0.0,0.0007,0.416544,0.0082,P,0.0009
162.4534,0.0,0.0,0.0,0.0,0.015,BRAKES_NOT_APPLIED,0.015,TRANSITION_TO_IDLE,0.015,0.0,0.0005,0.0,0.0009,0.0,0.0105,0.0,0.0007,0.38187600000000005,0.0082,P,0.0009
162.5534,0.0,0.0,0.0,0.0,0.035,BRAKES_NOT_APPLIED,0.035,TRANSITION_TO_IDLE,0.035,0.0,0.0004,0.0,0.0009,0.0,0.0105,0.0,0.0007,0.41647200000000006,0.0084,P,0.0009
162.6535,0.0,0.0,0.0,0.0,0.0151,BRAKES_NOT_APPLIED,0.0151,TRANSITION_TO_IDLE,0.0151,0.0,0.0003,0.0,0.001,0.0,0.0106,0.0,0.0005,0.41655600000000004,0.0083,P,0.001
162.7534,0.0,0.0,0.0,0.0,0.0348,BRAKES_NOT_APPLIED,0.0348,TRANSITION_TO_IDLE,0.0348,0.0,0.0004,0.0,0.0009,0.0,0.0105,0.0,0.0007,0.41664000000000007,0.0082,P,0.0009
162.8534,0.0,0.0,0.0,0.0,0.0148,BRAKES_NOT_APPLIED,0.0148,TRANSITION_TO_IDLE,0.0148,0.0,0.0005,0.0,0.001,0.0,0.0105,0.0,0.0007,0.38190900000000005,0.0082,P,0.001
162.9535,0.0,0.0,0.0,0.0,0.0351,BRAKES_NOT_APPLIED,0.0351,TRANSITION_TO_IDLE,0.0351,0.0,0.0005,0.0,0.001,0.0,0.0106,0.0,0.0008,0.41656800000000005,0.0083,P,0.001
163.0534,0.0,0.0,0.0,0.0,0.015,BRAKES_NOT_APPLIED,0.015,TRANSITION_TO_IDLE,0.015,0.0,0.0005,0.0,0.001,0.0,0.0105,0.0,0.0007,0.41661600000000004,0.0082,P,0.001
163.1535,0.0,0.0,0.0,0.0,0.0351,BRAKES_NOT_APPLIED,0.0351,TRANSITION_TO_IDLE,0.0351,0.0,0.0002,0.0,0.001,0.0,0.0106,0.0,0.0007,0.4165800000000001,0.0083,P,0.001
163.2534,0.0,0.0,0.0,0.0,0.015,BRAKES_NOT_APPLIED,0.015,TRANSITION_TO_IDLE,0.015,0.0,0.0002,0.0,0.0009,0.0,0.0105,0.0,0.0005,0.41661600000000004,0.0084,P,0.0009
163.3532,0.0,0.0,0.0,0.0,0.0345,BRAKES_NOT_APPLIED,0.0345,TRANSITION_TO_IDLE,0.0345,0.0,0.0203,0.0,0.0007,0.0,0.0103,0.0,0.0002,0.45121700000000003,0.0082,P,0.0007
163.4534,0.0,0.0,0.0,0.0,0.0148,BRAKES_NOT_APPLIED,0.0148,TRANSITION_TO_IDLE,0.0148,0.0,0.0005,0.0,0.0009,0.0,0.0105,0.0,0.0007,0.41691600000000006,0.0083,P,0.0009
163.5533,0.0,0.0,0.0,0.0,0.0348,BRAKES_NOT_APPLIED,0.0348,TRANSITION_TO_IDLE,0.0348,0.0,0.0204,0.0,0.0008,0.0,0.0104,0.0,0.0003,0.4167600000000001,0.0082,P,0.0008
163.6534,0.0,0.0,0.0,0.0,0.015,BRAKES_NOT_APPLIED,0.015,TRANSITION_TO_IDLE,0.015,0.0,0.0002,0.0,0.0009,0.0,0.0095,0.0,0.0007,0.381898,0.0084,P,0.0009
163.7533,0.0,0.0,0.0,0.0,0.0348,BRAKES_NOT_APPLIED,0.0348,TRANSITION_TO_IDLE,0.0348,0.0,0.0003,0.0,0.0007,0.0,0.0103,0.0,0.0005,0.41668800000000006,0.0083,P,0.0007
163.8532,0.0,0.0,0.0,0.0,0.0146,BRAKES_NOT_APPLIED,0.0146,TRANSITION_TO_IDLE,0.0146,0.0,0.0002,0.0,0.0007,0.0,0.0102,0.0,0.0005,0.41672400000000004,0.0082,P,0.0007
163.9533,0.0,0.0,0.0,0.0,0.0346,BRAKES_NOT_APPLIED,0.0346,TRANSITION_TO_IDLE,0.0346,0.0,0.0002,0.0,0.0007,0.0,0.0103,0.0,0.0005,0.416652,0.0083,P,0.0007
164.0532,0.0,0.0,0.0,0.0,0.0145,BRAKES_NOT_APPLIED,0.0145,TRANSITION_TO_IDLE,0.0145,0.0,0.0002,0.0,0.0007,0.0,0.0102,0.0,0.0004,0.38194200000000006,0.0082,P,0.0007
164.1533,0.0,0.0,0.0,0.0,0.0348,BRAKES_NOT_APPLIED,0.0348,TRANSITION_TO_IDLE,0.0348,0.0,0.0002,0.0,0.0007,0.0,0.0103,0.0,0.0005,0.3819640000000001,0.0083,P,0.0007
164.2533,0.0,0.0,0.0,-0.015625,0.0148,BRAKES_NOT_APPLIED,0.0148,TRANSITION_TO_IDLE,0.0148,0.0,0.0003,0.0,0.0008,0.0,0.0103,0.0,0.0005,0.4167360000000001,0.0083,P,0.0008
164.3533,0.0,0.0,0.0,-0.015625,0.0348,BRAKES_NOT_APPLIED,0.0348,TRANSITION_TO_IDLE,0.0348,0.0,0.0002,0.0,0.0009,0.0,0.0103,0.0,0.0005,0.41656800000000005,0.0082,P,0.0009
164.4536,0.0,0.0,0.0,-0.015625,0.0151,BRAKES_NOT_APPLIED,0.0151,TRANSITION_TO_IDLE,0.0151,0.0,0.0003,0.0,0.0012,0.0,0.0106,0.0,0.0008,0.4165080000000001,0.0085,P,0.0012
164.5533,0.0,0.0,0.0,-0.015625,0.0345,BRAKES_NOT_APPLIED,0.0345,TRANSITION_TO_IDLE,0.0345,0.0,0.0002,0.0,0.001,0.0,0.0103,0.0,0.0007,0.4165800000000001,0.0083,P,0.001
164.6533,0.0,0.0,0.0,-0.015625,0.0146,BRAKES_NOT_APPLIED,0.0146,TRANSITION_TO_IDLE,0.0146,0.0,0.0003,0.0,0.0008,0.0,0.0103,0.0,0.0005,0.41670000000000007,0.0083,P,0.0008
164.7533,0.0,0.0,0.0,-0.015625,0.0348,BRAKES_NOT_APPLIED,0.0348,TRANSITION_TO_IDLE,0.0348,0.0,0.0002,0.0,0.0009,0.0,0.0103,0.0,0.0007,0.416652,0.0083,P,0.0009
164.8533,0.0,0.0,0.0,-0.015625,0.0148,BRAKES_NOT_APPLIED,0.0148,TRANSITION_TO_IDLE,0.0148,0.0,0.0003,0.0,0.001,0.0,0.0103,0.0,0.0005,0.41661600000000004,0.0083,P,0.001
164.9533,0.0,0.0,0.0,-0.015625,0.0347,BRAKES_NOT_APPLIED,0.0347,TRANSITION_TO_IDLE,0.0347,0.0,0.0002,0.0,0.0009,0.0,0.0103,0.0,0.0007,0.416652,0.0083,P,0.0009
165.0532,0.0,0.0,0.0,-0.015625,0.0147,BRAKES_NOT_APPLIED,0.0147,TRANSITION_TO_IDLE,0.0147,0.0,0.0002,0.0,0.0009,0.0,0.0102,0.0,0.0004,0.4166040000000001,0.0082,P,0.0009
165.1531,0.0,0.0,0.0,-0.015625,0.0343,BRAKES_NOT_APPLIED,0.0343,TRANSITION_TO_IDLE,0.0343,0.0,0.0203,0.0,0.0007,0.0,0.0086,0.0,0.0002,0.41656800000000005,0.0081,P,0.0007
165.2532,0.0,0.0,0.0,-0.015625,0.0144,BRAKES_NOT_APPLIED,0.0144,TRANSITION_TO_IDLE,0.0144,0.0,0.0002,0.0,0.0009,0.0,0.0087,0.0,0.0005,0.381788,0.0082,P,0.0009
165.3534,0.0,0.0,0.0,-0.015625,0.0348,BRAKES_NOT_APPLIED,0.0348,TRANSITION_TO_IDLE,0.0348,0.0,0.0003,0.0,0.001,0.0,0.0096,0.0,0.0008,0.41653200000000007,0.0084,P,0.001
165.4532,0.0,0.0,0.0,-0.015625,0.0146,BRAKES_NOT_APPLIED,0.0146,TRANSITION_TO_IDLE,0.0146,0.0,0.0005,0.0,0.001,0.0,0.0094,0.0,0.0007,0.41664000000000007,0.0081,P,0.001
165.5531,0.0,0.0,0.0,-0.015625,0.0345,BRAKES_NOT_APPLIED,0.0345,TRANSITION_TO_IDLE,0.0345,0.0,0.0002,0.0,0.0007,0.0,0.0086,0.0,0.0004,0.4166760000000001,0.0081,P,0.0007
165.6532,0.0,0.0,0.0,-0.015625,0.0149,BRAKES_NOT_APPLIED,0.0149,NO_MODE_ACTIVE,0.0149,0.0,0.0002,0.0,0.001,0.0,0.0089,0.0,0.0007,0.38187600000000005,0.0081,P,0.001
165.7531,0.0,0.0,0.0,-0.015625,0.0343,BRAKES_NOT_APPLIED,0.0343,NO_MODE_ACTIVE,0.0343,0.0,0.0203,0.0,0.0007,0.0,0.009,0.0,0.0002,0.41636400000000007,0.008,P,0.0007
165.8532,0.0,0.0,0.0,-0.015625,0.0144,BRAKES_NOT_APPLIED,0.0144,NO_MODE_ACTIVE,0.0144,0.0,0.0005,0.0,0.001,0.0,0.0091,0.0,0.0007,0.381744,0.0081,P,0.001
165.9532,0.0,0.0,0.0,-0.015625,0.0346,BRAKES_NOT_APPLIED,0.0346,NO_MODE_ACTIVE,0.0346,0.0,0.0003,0.0,0.0008,0.0,0.0087,0.0,0.0005,0.41661600000000004,0.0081,P,0.0008
166.0532,0.0,0.0,0.0,-0.015625,0.0146,BRAKES_NOT_APPLIED,0.0146,NO_MODE_ACTIVE,0.0146,0.0,0.0005,0.0,0.001,0.0,0.0089,0.0,0.0007,0.4165200000000001,0.0081,P,0.001
166.1534,0.0,0.0,0.0,-0.015625,0.0346,BRAKES_NOT_APPLIED,0.0346,NO_MODE_ACTIVE,0.0346,0.0,0.0002,0.0,0.001,0.0,0.0084,0.0,0.0007,0.416652,0.0082,P,0.001
166.2534,0.0,0.0,0.0,-0.015625,0.0151,BRAKES_NOT_APPLIED,0.0151,NO_MODE_ACTIVE,0.0151,0.0,0.0003,0.0,0.0012,0.0,0.0091,0.0,0.0007,0.41649600000000003,0.0083,P,0.0012
166.3532,0.0,0.0,0.0,-0.015625,0.0343,BRAKES_NOT_APPLIED,0.0343,NO_MODE_ACTIVE,0.0343,0.0,0.0003,0.0,0.001,0.0,0.0086,0.0,0.0005,0.4165920000000001,0.0081,P,0.001
166.4532,0.0,0.0,0.0,-0.015625,0.0149,BRAKES_NOT_APPLIED,0.0149,NO_MODE_ACTIVE,0.0149,0.0,0.0005,0.0,0.001,0.0,0.0089,0.0,0.0008,0.41655600000000004,0.0081,P,0.001
166.5534,0.0,0.0,0.0,-0.015625,0.0347,BRAKES_NOT_APPLIED,0.0347,NO_MODE_ACTIVE,0.0347,0.0,0.0003,0.0,0.0012,0.0,0.0088,0.0,0.0008,0.41661600000000004,0.0083,P,0.0012
166.6531,0.0,0.0,0.0,-0.015625,0.0148,BRAKES_NOT_APPLIED,0.0148,NO_MODE_ACTIVE,0.0148,0.0,0.0005,0.0,0.0009,0.0,0.0087,0.0,0.0007,0.3817990000000001,0.008,P,0.0009
166.7534,0.0,0.0,0.0,-0.015625,0.0347,BRAKES_NOT_APPLIED,0.0347,NO_MODE_ACTIVE,0.0347,0.0,0.0003,0.0,0.0012,0.0,0.0088,0.0,0.0008,0.4166640000000001,0.0081,P,0.0012
166.8531,0.0,0.0,0.0,-0.015625,0.0148,BRAKES_NOT_APPLIED,0.0148,NO_MODE_ACTIVE,0.0148,0.0,0.0005,0.0,0.001,0.0,0.0085,0.0,0.0007,0.38193099999999996,0.0079,P,0.001
166.9531,0.0,0.0,0.0,-0.015625,0.0342,BRAKES_NOT_APPLIED,0.0342,NO_MODE_ACTIVE,0.0342,0.0,0.0002,0.0,0.001,0.0,0.0085,0.0,0.0005,0.4165200000000001,0.0078,P,0.001
167.0531,0.0,0.0,0.0,-0.015625,0.0142,BRAKES_NOT_APPLIED,0.0142,NO_MODE_ACTIVE,0.0142,0.0,0.0005,0.0,0.001,0.0,0.009,0.0,0.0007,0.41670000000000007,0.008,P,0.001
167.1531,0.0,0.0,0.0,-0.015625,0.0344,BRAKES_NOT_APPLIED,0.0344,NO_MODE_ACTIVE,0.0344,0.0,0.0002,0.0,0.0009,0.0,0.009,0.0,0.0005,0.41649600000000003,0.008,P,0.0009
167.2531,0.0,0.0,0.0,-0.015625,0.0144,BRAKES_NOT_APPLIED,0.0144,NO_MODE_ACTIVE,0.0144,0.0,0.0003,0.0,0.001,0.0,0.009,0.0,0.0007,0.416652,0.008,P,0.001
167.3531,0.0,0.0,0.0,-0.015625,0.0344,BRAKES_NOT_APPLIED,0.0344,NO_MODE_ACTIVE,0.0344,0.0,0.0003,0.0,0.001,0.0,0.009,0.0,0.0005,0.38181000000000004,0.008,P,0.001
167.4531,0.0,0.0,0.0,-0.015625,0.0147,BRAKES_NOT_APPLIED,0.0147,NO_MODE_ACTIVE,0.0147,0.0,0.0005,0.0,0.001,0.0,0.009,0.0,0.0007,0.4166760000000001,0.008,P,0.001
167.5533,0.0,0.0,0.0,-0.015625,0.0341,BRAKES_NOT_APPLIED,0.0341,NO_MODE_ACTIVE,0.0341,0.0,0.0002,0.0,0.0012,0.0,0.0092,0.0,0.0007,0.4167480000000001,0.0082,P,0.0012
167.6531,0.0,0.0,0.0,-0.015625,0.0142,BRAKES_NOT_APPLIED,0.0142,NO_MODE_ACTIVE,0.0142,0.0,0.0005,0.0,0.001,0.0,0.01,0.0,0.0007,0.4166040000000001,0.008,P,0.001
167.7533,0.0,0.0,0.0,-0.015625,0.0346,BRAKES_NOT_APPLIED,0.0346,NO_MODE_ACTIVE,0.0346,0.0,0.0002,0.0,0.0012,0.0,0.0102,0.0,0.0007,0.41647200000000006,0.0081,P,0.0012
167.8531,0.0,0.0,0.0,-0.015625,0.0142,BRAKES_NOT_APPLIED,0.0142,NO_MODE_ACTIVE,0.0142,0.0,0.0005,0.0,0.001,0.0,0.0088,0.0,0.0008,0.38186500000000007,0.008,P,0.001
167.953,0.0,0.0,0.0,-0.015625,0.0343,BRAKES_NOT_APPLIED,0.0343,NO_MODE_ACTIVE,0.0343,0.0,0.0002,0.0,0.0009,0.0,0.0089,0.0,0.0004,0.416712,0.0078,P,0.0009
168.053,0.0,0.0,0.0,-0.015625,0.0143,BRAKES_NOT_APPLIED,0.0143,NO_MODE_ACTIVE,0.0143,0.0,0.0004,0.0,0.0009,0.0,0.0089,0.0,0.0007,0.4165800000000001,0.0079,P,0.0009
168.153,0.0,0.0,0.0,-0.015625,0.0338,BRAKES_NOT_APPLIED,0.0338,NO_MODE_ACTIVE,0.0338,0.0,0.0002,0.0,0.0009,0.0,0.0087,0.0,0.0007,0.3820740000000001,0.0079,P,0.0009
168.2531,0.0,0.0,0.0,-0.015625,0.0146,BRAKES_NOT_APPLIED,0.0146,NO_MODE_ACTIVE,0.0146,0.0,0.0005,0.0,0.001,0.0,0.0088,0.0,0.0008,0.41656800000000005,0.008,P,0.001
168.353,0.0,0.0,0.0,-0.015625,0.0342,BRAKES_NOT_APPLIED,0.0342,NO_MODE_ACTIVE,0.0342,0.0,0.0005,0.0,0.001,0.0,0.009,0.0,0.0007,0.41668800000000006,0.0079,P,0.001
168.453,0.0,0.0,0.0,-0.015625,0.0146,BRAKES_NOT_APPLIED,0.0146,NO_MODE_ACTIVE,0.0146,0.0,0.0005,0.0,0.001,0.0,0.009,0.0,0.0007,0.41664000000000007,0.0079,P,0.001
168.553,0.0,0.0,0.0,-0.015625,0.0342,BRAKES_NOT_APPLIED,0.0342,NO_MODE_ACTIVE,0.0342,0.0,0.0005,0.0,0.001,0.0,0.009,0.0,0.0007,0.41664000000000007,0.0079,P,0.001
168.653,0.0,0.0,0.0,-0.015625,0.0146,BRAKES_NOT_APPLIED,0.0146,NO_MODE_ACTIVE,0.0146,0.0,0.0005,0.0,0.001,0.0,0.0097,0.0,0.0007,0.4166040000000001,0.0079,P,0.001
168.753,0.0,0.0,0.0,-0.015625,0.0337,BRAKES_NOT_APPLIED,0.0337,NO_MODE_ACTIVE,0.0337,0.0,0.0003,0.0,0.001,0.0,0.0097,0.0,0.0007,0.4165800000000001,0.0079,P,0.001
168.853,0.0,0.0,0.0,-0.015625,0.0146,BRAKES_NOT_APPLIED,0.0146,NO_MODE_ACTIVE,0.0146,0.0,0.0005,0.0,0.001,0.0,0.009,0.0,0.0007,0.41649600000000003,0.0078,P,0.001
168.953,0.0,0.0,0.0,-0.015625,0.0344,BRAKES_NOT_APPLIED,0.0344,NO_MODE_ACTIVE,0.0344,0.0,0.0005,0.0,0.001,0.0,0.009,0.0,0.0007,0.4166040000000001,0.0079,P,0.001
169.053,0.0,0.0,0.0,-0.015625,0.0146,BRAKES_NOT_APPLIED,0.0146,NO_MODE_ACTIVE,0.0146,0.0,0.0005,0.0,0.001,0.0,0.009,0.0,0.0007,0.381898,0.0079,P,0.001
169.153,0.0,0.0,0.0,-0.015625,0.0344,BRAKES_NOT_APPLIED,0.0344,NO_MODE_ACTIVE,0.0344,0.0,0.0005,0.0,0.001,0.0,0.009,0.0,0.0007,0.41661600000000004,0.0079,P,0.001
169.2529,0.0,0.0,0.0,-0.015625,0.0144,BRAKES_NOT_APPLIED,0.0144,NO_MODE_ACTIVE,0.0144,0.0,0.0003,0.0,0.0008,0.0,0.0089,0.0,0.0005,0.38190900000000005,0.0078,P,0.0008
169.3529,0.0,0.0,0.0,-0.015625,0.0336,BRAKES_NOT_APPLIED,0.0336,NO_MODE_ACTIVE,0.0336,0.0,0.0204,0.0,0.0009,0.0,0.0089,0.0,0.0002,0.38183200000000006,0.0078,P,0.0009
169.4529,0.0,0.0,0.0,-0.015625,0.0144,BRAKES_NOT_APPLIED,0.0144,NO_MODE_ACTIVE,0.0144,0.0,0.0004,0.0,0.0009,0.0,0.0089,0.0,0.0007,0.41678400000000004,0.0078,P,0.0009
169.5529,0.0,0.0,0.0,-0.015625,0.034,BRAKES_NOT_APPLIED,0.034,NO_MODE_ACTIVE,0.034,0.0,0.0004,0.0,0.0009,0.0,0.0089,0.0,0.0007,0.382008,0.0078,P,0.0009
169.6529,0.0,0.0,0.0,-0.015625,0.0143,BRAKES_NOT_APPLIED,0.0143,NO_MODE_ACTIVE,0.0143,0.0,0.0004,0.0,0.0009,0.0,0.0089,0.0,0.0007,0.4166760000000001,0.0078,P,0.0009
169.7529,0.0,0.0,0.0,-0.015625,0.034,BRAKES_NOT_APPLIED,0.034,NO_MODE_ACTIVE,0.034,0.0,0.0002,0.0,0.0009,0.0,0.0089,0.0,0.0007,0.41686800000000007,0.0078,P,0.0009
169.853,0.0,0.0,0.0,-0.015625,0.0144,BRAKES_NOT_APPLIED,0.0144,NO_MODE_ACTIVE,0.0144,0.0,0.0005,0.0,0.001,0.0,0.009,0.0,0.0007,0.38194200000000006,0.0078,P,0.001
169.9529,0.0,0.0,0.0,-0.015625,0.0343,BRAKES_NOT_APPLIED,0.0343,NO_MODE_ACTIVE,0.0343,0.0,0.0004,0.0,0.0009,0.0,0.009,0.0,0.0007,0.4165800000000001,0.0078,P,0.0009
