time_s,can_id,raw_hex,asc_dlc,voltage_raw_u16,voltage_v,smooth_raw_s15,smooth_onyx_a,smooth_raw_s16,smooth_json_a,unfiltered_raw_s16,unfiltered_model3can_a
173.735800,0x132,62 8e d6 07 d1 4f,6,36450,364.5,2006,-200.60000000000002,2006,200.60000000000002,20433,-199.6500000000001
173.745900,0x132,6f 8e df 07 e5 4f,6,36463,364.63,2015,-201.5,2015,201.5,20453,-200.6500000000001
173.755800,0x132,68 8e d7 07 cc 4f,6,36456,364.56,2007,-200.70000000000002,2007,200.70000000000002,20428,-199.4000000000001
173.766000,0x132,6b 8e e3 07 f5 4f,6,36459,364.59000000000003,2019,-201.9,2019,201.9,20469,-201.45000000000005
173.775800,0x132,60 8e d6 07 d0 4f,6,36448,364.48,2006,-200.60000000000002,2006,200.60000000000002,20432,-199.60000000000002
173.785800,0x132,6a 8e de 07 e1 4f,6,36458,364.58,2014,-201.4,2014,201.4,20449,-200.45000000000005
173.796100,0x132,71 8e d9 07 d0 4f,6,36465,364.65000000000003,2009,-200.9,2009,200.9,20432,-199.60000000000002
173.805800,0x132,76 8e e2 07 ec 4f,6,36470,364.7,2018,-201.8,2018,201.8,20460,-201.0
173.815800,0x132,6e 8e d5 07 d3 4f,6,36462,364.62,2005,-200.5,2005,200.5,20435,-199.75
173.825800,0x132,6e 8e dd 07 e5 4f,6,36462,364.62,2013,-201.3,2013,201.3,20453,-200.6500000000001
173.835800,0x132,6c 8e d6 07 c7 4f,6,36460,364.6,2006,-200.60000000000002,2006,200.60000000000002,20423,-199.1500000000001
173.845900,0x132,76 8e e3 07 f3 4f,6,36470,364.7,2019,-201.9,2019,201.9,20467,-201.35000000000002
173.856000,0x132,67 8e d7 07 dc 4f,6,36455,364.55,2007,-200.70000000000002,2007,200.70000000000002,20444,-200.20000000000005
173.865900,0x132,60 8e de 07 e9 4f,6,36448,364.48,2014,-201.4,2014,201.4,20457,-200.85000000000002
173.875800,0x132,68 8e d6 07 c9 4f,6,36456,364.56,2006,-200.60000000000002,2006,200.60000000000002,20425,-199.25
173.885800,0x132,6e 8e e2 07 f1 4f,6,36462,364.62,2018,-201.8,2018,201.8,20465,-201.25
173.896100,0x132,6e 8e d7 07 dd 4f,6,36462,364.62,2007,-200.70000000000002,2007,200.70000000000002,20445,-200.25
173.905800,0x132,6f 8e de 07 eb 4f,6,36463,364.63,2014,-201.4,2014,201.4,20459,-200.95000000000005
173.915900,0x132,70 8e d4 07 c6 4f,6,36464,364.64,2004,-200.4,2004,200.4,20422,-199.10000000000002
173.925800,0x132,6d 8e e0 07 e7 4f,6,36461,364.61,2016,-201.60000000000002,2016,201.60000000000002,20455,-200.75
173.935800,0x132,6d 8e d7 07 d7 4f,6,36461,364.61,2007,-200.70000000000002,2007,200.70000000000002,20439,-199.95000000000005
173.946000,0x132,69 8e dd 07 ec 4f,6,36457,364.57,2013,-201.3,2013,201.3,20460,-201.0
173.955800,0x132,72 8e d3 07 c4 4f,6,36466,364.66,2003,-200.3,2003,200.3,20420,-199.0
173.965900,0x132,6e 8e e0 07 e6 4f,6,36462,364.62,2016,-201.60000000000002,2016,201.60000000000002,20454,-200.70000000000005
173.975800,0x132,66 8e d7 07 d8 4f,6,36454,364.54,2007,-200.70000000000002,2007,200.70000000000002,20440,-200.0
173.985800,0x132,64 8e df 07 f0 4f,6,36452,364.52,2015,-201.5,2015,201.5,20464,-201.20000000000005
173.996200,0x132,6e 8e d2 07 c9 4f,6,36462,364.62,2002,-200.20000000000002,2002,200.20000000000002,20425,-199.25
174.005800,0x132,6b 8e de 07 e4 4f,6,36459,364.59000000000003,2014,-201.4,2014,201.4,20452,-200.60000000000002
174.015900,0x132,66 8e d6 07 d0 4f,6,36454,364.54,2006,-200.60000000000002,2006,200.60000000000002,20432,-199.60000000000002
174.025800,0x132,6f 8e dd 07 f0 4f,6,36463,364.63,2013,-201.3,2013,201.3,20464,-201.20000000000005
174.035800,0x132,6d 8e d2 07 ce 4f,6,36461,364.61,2002,-200.20000000000002,2002,200.20000000000002,20430,-199.5
174.045900,0x132,76 8e dd 07 e6 4f,6,36470,364.7,2013,-201.3,2013,201.3,20454,-200.70000000000005
174.055800,0x132,6c 8e d6 07 c9 4f,6,36460,364.6,2006,-200.60000000000002,2006,200.60000000000002,20425,-199.25
174.065800,0x132,73 8e df 07 f4 4f,6,36467,364.67,2015,-201.5,2015,201.5,20468,-201.4000000000001
174.075800,0x132,6a 8e d3 07 d5 4f,6,36458,364.58,2003,-200.3,2003,200.3,20437,-199.85000000000002
174.085800,0x132,73 8e dc 07 e9 4f,6,36467,364.67,2012,-201.20000000000002,2012,201.20000000000002,20457,-200.85000000000002
174.096100,0x132,71 8e d4 07 cc 4f,6,36465,364.65000000000003,2004,-200.4,2004,200.4,20428,-199.4000000000001
174.105800,0x132,6f 8e df 07 f1 4f,6,36463,364.63,2015,-201.5,2015,201.5,20465,-201.25
174.115800,0x132,6a 8e d3 07 d5 4f,6,36458,364.58,2003,-200.3,2003,200.3,20437,-199.85000000000002
174.125800,0x132,73 8e db 07 e7 4f,6,36467,364.67,2011,-201.10000000000002,2011,201.10000000000002,20455,-200.75
174.135800,0x132,67 8e d2 07 c8 4f,6,36455,364.55,2002,-200.20000000000002,2002,200.20000000000002,20424,-199.20000000000005
174.145800,0x132,7e 8e e0 07 ef 4f,6,36478,364.78000000000003,2016,-201.60000000000002,2016,201.60000000000002,20463,-201.1500000000001
174.155800,0x132,6a 8e d5 07 d8 4f,6,36458,364.58,2005,-200.5,2005,200.5,20440,-200.0
174.165900,0x132,76 8e dc 07 ec 4f,6,36470,364.7,2012,-201.20000000000002,2012,201.20000000000002,20460,-201.0
174.175800,0x132,6e 8e d1 07 cb 4f,6,36462,364.62,2001,-200.10000000000002,2001,200.10000000000002,20427,-199.35000000000002
174.185900,0x132,6c 8e de 07 e7 4f,6,36460,364.6,2014,-201.4,2014,201.4,20455,-200.75
174.196100,0x132,63 8e d6 07 d6 4f,6,36451,364.51,2006,-200.60000000000002,2006,200.60000000000002,20438,-199.9000000000001
174.205800,0x132,70 8e dd 07 f0 4f,6,36464,364.64,2013,-201.3,2013,201.3,20464,-201.20000000000005
174.215900,0x132,65 8e d0 07 c9 4f,6,36453,364.53000000000003,2000,-200.0,2000,200.0,20425,-199.25
174.225800,0x132,70 8e dc 07 e6 4f,6,36464,364.64,2012,-201.20000000000002,2012,201.20000000000002,20454,-200.70000000000005
174.235800,0x132,73 8e d4 07 d2 4f,6,36467,364.67,2004,-200.4,2004,200.4,20434,-199.70000000000005
174.246000,0x132,75 8e de 07 f5 4f,6,36469,364.69,2014,-201.4,2014,201.4,20469,-201.45000000000005
174.255800,0x132,66 8e d1 07 d6 4f,6,36454,364.54,2001,-200.10000000000002,2001,200.10000000000002,20438,-199.9000000000001
174.266000,0x132,6c 8e db 07 e6 4f,6,36460,364.6,2011,-201.10000000000002,2011,201.10000000000002,20454,-200.70000000000005
174.275800,0x132,60 8e d3 07 d0 4f,6,36448,364.48,2003,-200.3,2003,200.3,20432,-199.60000000000002
174.285800,0x132,69 8e df 07 f4 4f,6,36457,364.57,2015,-201.5,2015,201.5,20468,-201.4000000000001
174.296100,0x132,5f 8e d3 07 dc 4f,6,36447,364.47,2003,-200.3,2003,200.3,20444,-200.20000000000005
174.305800,0x132,76 8e da 07 ee 4f,6,36470,364.7,2010,-201.0,2010,201.0,20462,-201.10000000000002
174.315800,0x132,6e 8e d1 07 c9 4f,6,36462,364.62,2001,-200.10000000000002,2001,200.10000000000002,20425,-199.25
174.325800,0x132,7e 8e df 07 f3 4f,6,36478,364.78000000000003,2015,-201.5,2015,201.5,20467,-201.35000000000002
174.335800,0x132,6d 8e d3 07 dd 4f,6,36461,364.61,2003,-200.3,2003,200.3,20445,-200.25
174.345800,0x132,6c 8e dc 07 f8 4f,6,36460,364.6,2012,-201.20000000000002,2012,201.20000000000002,20472,-201.60000000000002
174.355800,0x132,67 8e d0 07 d3 4f,6,36455,364.55,2000,-200.0,2000,200.0,20435,-199.75
174.365900,0x132,69 8e dc 07 ea 4f,6,36457,364.57,2012,-201.20000000000002,2012,201.20000000000002,20458,-200.9000000000001
174.375800,0x132,70 8e d5 07 da 4f,6,36464,364.64,2005,-200.5,2005,200.5,20442,-200.10000000000002
174.385900,0x132,6f 8e de 07 fa 4f,6,36463,364.63,2014,-201.4,2014,201.4,20474,-201.70000000000005
174.396100,0x132,70 8e d1 07 d6 4f,6,36464,364.64,2001,-200.10000000000002,2001,200.10000000000002,20438,-199.9000000000001
174.405800,0x132,6e 8e db 07 eb 4f,6,36462,364.62,2011,-201.10000000000002,2011,201.10000000000002,20459,-200.95000000000005
174.415800,0x132,66 8e d3 07 d1 4f,6,36454,364.54,2003,-200.3,2003,200.3,20433,-199.6500000000001
174.425800,0x132,74 8e de 07 08 50,6,36468,364.68,2014,-201.4,2014,201.4,20488,-202.4000000000001
174.435800,0x132,76 8e d1 07 f6 4f,6,36470,364.7,2001,-200.10000000000002,2001,200.10000000000002,20470,-201.5
174.446000,0x132,7b 8e da 07 ee 4f,6,36475,364.75,2010,-201.0,2010,201.0,20462,-201.10000000000002
174.455800,0x132,69 8e d2 07 d0 4f,6,36457,364.57,2002,-200.20000000000002,2002,200.20000000000002,20432,-199.60000000000002
174.465800,0x132,6f 8e de 07 f3 4f,6,36463,364.63,2014,-201.4,2014,201.4,20467,-201.35000000000002
174.475800,0x132,70 8e d1 07 df 4f,6,36464,364.64,2001,-200.10000000000002,2001,200.10000000000002,20447,-200.35000000000002
174.485800,0x132,6c 8e de 07 13 50,6,36460,364.6,2014,-201.4,2014,201.4,20499,-202.95000000000005
174.496100,0x132,71 8e d2 07 ee 4f,6,36465,364.65000000000003,2002,-200.20000000000002,2002,200.20000000000002,20462,-201.10000000000002
174.505800,0x132,69 8e dd 07 fe 4f,6,36457,364.57,2013,-201.3,2013,201.3,20478,-201.9000000000001
174.515900,0x132,6f 8e d4 07 e7 4f,6,36463,364.63,2004,-200.4,2004,200.4,20455,-200.75
174.525800,0x132,6e 8e de 07 0d 50,6,36462,364.62,2014,-201.4,2014,201.4,20493,-202.6500000000001
174.535800,0x132,6e 8e d1 07 ee 4f,6,36462,364.62,2001,-200.10000000000002,2001,200.10000000000002,20462,-201.10000000000002
174.545800,0x132,81 8e db 07 00 50,6,36481,364.81,2011,-201.10000000000002,2011,201.10000000000002,20480,-202.0
174.555900,0x132,68 8e d1 07 d3 4f,6,36456,364.56,2001,-200.10000000000002,2001,200.10000000000002,20435,-199.75
174.565900,0x132,70 8e dd 07 f8 4f,6,36464,364.64,2013,-201.3,2013,201.3,20472,-201.60000000000002
174.575800,0x132,66 8e d4 07 f6 4f,6,36454,364.54,2004,-200.4,2004,200.4,20470,-201.5
174.585800,0x132,67 8e dc 07 0b 50,6,36455,364.55,2012,-201.20000000000002,2012,201.20000000000002,20491,-202.54999999999995
174.596100,0x132,5e 8e ce 07 d2 4f,6,36446,364.46,1998,-199.8,1998,199.8,20434,-199.70000000000005
174.605800,0x132,72 8e dd 07 fa 4f,6,36466,364.66,2013,-201.3,2013,201.3,20474,-201.70000000000005
174.615900,0x132,69 8e d0 07 dd 4f,6,36457,364.57,2000,-200.0,2000,200.0,20445,-200.25
174.625800,0x132,76 8e d9 07 0d 50,6,36470,364.7,2009,-200.9,2009,200.9,20493,-202.6500000000001
174.635800,0x132,67 8e d3 07 ec 4f,6,36455,364.55,2003,-200.3,2003,200.3,20460,-201.0
174.645900,0x132,67 8e d6 07 fb 4f,6,36455,364.55,2006,-200.60000000000002,2006,200.60000000000002,20475,-201.75
174.655800,0x132,70 8e d1 07 d7 4f,6,36464,364.64,2001,-200.10000000000002,2001,200.10000000000002,20439,-199.95000000000005
174.666000,0x132,7a 8e dd 07 fb 4f,6,36474,364.74,2013,-201.3,2013,201.3,20475,-201.75
174.675800,0x132,69 8e cd 07 f0 4f,6,36457,364.57,1997,-199.70000000000002,1997,199.70000000000002,20464,-201.20000000000005
174.685800,0x132,78 8e d9 07 f5 4f,6,36472,364.72,2009,-200.9,2009,200.9,20469,-201.45000000000005
174.696100,0x132,5a 8e d4 07 e1 4f,6,36442,364.42,2004,-200.4,2004,200.4,20449,-200.45000000000005
174.705800,0x132,6c 8e df 07 fd 4f,6,36460,364.6,2015,-201.5,2015,201.5,20477,-201.85000000000002
174.715800,0x132,74 8e d2 07 db 4f,6,36468,364.68,2002,-200.20000000000002,2002,200.20000000000002,20443,-200.1500000000001
174.725800,0x132,6e 8e d5 07 03 50,6,36462,364.62,2005,-200.5,2005,200.5,20483,-202.1500000000001
174.735800,0x132,6b 8e ce 07 ea 4f,6,36459,364.59000000000003,1998,-199.8,1998,199.8,20458,-200.9000000000001
174.745800,0x132,74 8e db 07 ee 4f,6,36468,364.68,2011,-201.10000000000002,2011,201.10000000000002,20462,-201.10000000000002
174.755900,0x132,6a 8e d3 07 d7 4f,6,36458,364.58,2003,-200.3,2003,200.3,20439,-199.95000000000005
174.766000,0x132,62 8e db 07 00 50,6,36450,364.5,2011,-201.10000000000002,2011,201.10000000000002,20480,-202.0
174.775800,0x132,66 8e d3 07 e7 4f,6,36454,364.54,2003,-200.3,2003,200.3,20455,-200.75
174.785800,0x132,69 8e da 07 f1 4f,6,36457,364.57,2010,-201.0,2010,201.0,20465,-201.25
174.796200,0x132,69 8e d1 07 d8 4f,6,36457,364.57,2001,-200.10000000000002,2001,200.10000000000002,20440,-200.0
174.805800,0x132,61 8e de 07 f8 4f,6,36449,364.49,2014,-201.4,2014,201.4,20472,-201.60000000000002
174.815800,0x132,6a 8e d2 07 e1 4f,6,36458,364.58,2002,-200.20000000000002,2002,200.20000000000002,20449,-200.45000000000005
174.825800,0x132,6a 8e dc 07 fe 4f,6,36458,364.58,2012,-201.20000000000002,2012,201.20000000000002,20478,-201.9000000000001
174.835800,0x132,6d 8e d0 07 d7 4f,6,36461,364.61,2000,-200.0,2000,200.0,20439,-199.95000000000005
174.845900,0x132,77 8e dc 07 ef 4f,6,36471,364.71,2012,-201.20000000000002,2012,201.20000000000002,20463,-201.1500000000001
174.856000,0x132,58 8e cc 07 dc 4f,6,36440,364.40000000000003,1996,-199.60000000000002,1996,199.60000000000002,20444,-200.20000000000005
174.865800,0x132,72 8e de 07 03 50,6,36466,364.66,2014,-201.4,2014,201.4,20483,-202.1500000000001
174.875800,0x132,73 8e d3 07 e9 4f,6,36467,364.67,2003,-200.3,2003,200.3,20457,-200.85000000000002
174.885800,0x132,6b 8e db 07 f5 4f,6,36459,364.59000000000003,2011,-201.10000000000002,2011,201.10000000000002,20469,-201.45000000000005
174.896200,0x132,64 8e d0 07 d7 4f,6,36452,364.52,2000,-200.0,2000,200.0,20439,-199.95000000000005
174.905800,0x132,6d 8e dd 07 f8 4f,6,36461,364.61,2013,-201.3,2013,201.3,20472,-201.60000000000002
174.916000,0x132,63 8e d1 07 e2 4f,6,36451,364.51,2001,-200.10000000000002,2001,200.10000000000002,20450,-200.5
174.925800,0x132,6e 8e db 07 ff 4f,6,36462,364.62,2011,-201.10000000000002,2011,201.10000000000002,20479,-201.95000000000005
174.935800,0x132,70 8e ca 07 dd 4f,6,36464,364.64,1994,-199.4,1994,199.4,20445,-200.25
174.945800,0x132,71 8e d7 07 ef 4f,6,36465,364.65000000000003,2007,-200.70000000000002,2007,200.70000000000002,20463,-201.1500000000001
174.955900,0x132,72 8e cd 07 d5 4f,6,36466,364.66,1997,-199.70000000000002,1997,199.70000000000002,20437,-199.85000000000002
174.966000,0x132,73 8e d7 07 f1 4f,6,36467,364.67,2007,-200.70000000000002,2007,200.70000000000002,20465,-201.25
174.975800,0x132,6a 8e cd 07 e1 4f,6,36458,364.58,1997,-199.70000000000002,1997,199.70000000000002,20449,-200.45000000000005
174.985800,0x132,71 8e dc 07 00 50,6,36465,364.65000000000003,2012,-201.20000000000002,2012,201.20000000000002,20480,-202.0
174.996200,0x132,69 8e cf 07 db 4f,6,36457,364.57,1999,-199.9,1999,199.9,20443,-200.1500000000001
175.005800,0x132,6b 8e d6 07 e9 4f,6,36459,364.59000000000003,2006,-200.60000000000002,2006,200.60000000000002,20457,-200.85000000000002
175.015800,0x132,69 8e d2 07 df 4f,6,36457,364.57,2002,-200.20000000000002,2002,200.20000000000002,20447,-200.35000000000002
175.025800,0x132,6f 8e de 07 ff 4f,6,36463,364.63,2014,-201.4,2014,201.4,20479,-201.95000000000005
175.035800,0x132,69 8e cb 07 e1 4f,6,36457,364.57,1995,-199.5,1995,199.5,20449,-200.45000000000005
175.046000,0x132,70 8e d5 07 ef 4f,6,36464,364.64,2005,-200.5,2005,200.5,20463,-201.1500000000001
175.056100,0x132,75 8e c9 07 d7 4f,6,36469,364.69,1993,-199.3,1993,199.3,20439,-199.95000000000005
175.065900,0x132,71 8e d4 07 e9 4f,6,36465,364.65000000000003,2004,-200.4,2004,200.4,20457,-200.85000000000002
175.075800,0x132,6b 8e cf 07 d8 4f,6,36459,364.59000000000003,1999,-199.9,1999,199.9,20440,-200.0
175.085800,0x132,72 8e de 07 03 50,6,36466,364.66,2014,-201.4,2014,201.4,20483,-202.1500000000001
175.096200,0x132,6c 8e c8 07 d7 4f,6,36460,364.6,1992,-199.20000000000002,1992,199.20000000000002,20439,-199.95000000000005
175.105800,0x132,6e 8e d6 07 e5 4f,6,36462,364.62,2006,-200.60000000000002,2006,200.60000000000002,20453,-200.6500000000001
175.115800,0x132,67 8e ca 07 c4 4f,6,36455,364.55,1994,-199.4,1994,199.4,20420,-199.0
175.125800,0x132,64 8e d7 07 e6 4f,6,36452,364.52,2007,-200.70000000000002,2007,200.70000000000002,20454,-200.70000000000005
175.135800,0x132,70 8e cc 07 dc 4f,6,36464,364.64,1996,-199.60000000000002,1996,199.60000000000002,20444,-200.20000000000005
175.145800,0x132,80 8e d6 07 ee 4f,6,36480,364.8,2006,-200.60000000000002,2006,200.60000000000002,20462,-201.10000000000002
175.155800,0x132,63 8e c7 07 db 4f,6,36451,364.51,1991,-199.10000000000002,1991,199.10000000000002,20443,-200.1500000000001
175.166000,0x132,72 8e da 07 e2 4f,6,36466,364.66,2010,-201.0,2010,201.0,20450,-200.5
175.175800,0x132,69 8e d3 07 e1 4f,6,36457,364.57,2003,-200.3,2003,200.3,20449,-200.45000000000005
175.186000,0x132,72 8e d8 07 eb 4f,6,36466,364.66,2008,-200.8,2008,200.8,20459,-200.95000000000005
175.196200,0x132,6c 8e ca 07 d7 4f,6,36460,364.6,1994,-199.4,1994,199.4,20439,-199.95000000000005
175.205800,0x132,67 8e d8 07 e7 4f,6,36455,364.55,2008,-200.8,2008,200.8,20455,-200.75
175.215800,0x132,70 8e cb 07 cb 4f,6,36464,364.64,1995,-199.5,1995,199.5,20427,-199.35000000000002
175.225800,0x132,74 8e d9 07 db 4f,6,36468,364.68,2009,-200.9,2009,200.9,20443,-200.1500000000001
175.235800,0x132,70 8e cf 07 cd 4f,6,36464,364.64,1999,-199.9,1999,199.9,20429,-199.45000000000005
175.246000,0x132,6c 8e db 07 ee 4f,6,36460,364.6,2011,-201.10000000000002,2011,201.10000000000002,20462,-201.10000000000002
175.255800,0x132,67 8e cc 07 d3 4f,6,36455,364.55,1996,-199.60000000000002,1996,199.60000000000002,20435,-199.75
175.265900,0x132,69 8e d5 07 fa 4f,6,36457,364.57,2005,-200.5,2005,200.5,20474,-201.70000000000005
175.275800,0x132,6b 8e cd 07 c7 4f,6,36459,364.59000000000003,1997,-199.70000000000002,1997,199.70000000000002,20423,-199.1500000000001
175.285800,0x132,70 8e d9 07 e1 4f,6,36464,364.64,2009,-200.9,2009,200.9,20449,-200.45000000000005
175.296200,0x132,6f 8e ce 07 cd 4f,6,36463,364.63,1998,-199.8,1998,199.8,20429,-199.45000000000005
175.305800,0x132,6a 8e db 07 ea 4f,6,36458,364.58,2011,-201.10000000000002,2011,201.10000000000002,20458,-200.9000000000001
175.315800,0x132,75 8e cd 07 d0 4f,6,36469,364.69,1997,-199.70000000000002,1997,199.70000000000002,20432,-199.60000000000002
175.325800,0x132,62 8e d6 07 db 4f,6,36450,364.5,2006,-200.60000000000002,2006,200.60000000000002,20443,-200.1500000000001
175.335800,0x132,6a 8e cd 07 be 4f,6,36458,364.58,1997,-199.70000000000002,1997,199.70000000000002,20414,-198.70000000000005
175.345800,0x132,77 8e da 07 dc 4f,6,36471,364.71,2010,-201.0,2010,201.0,20444,-200.20000000000005
175.355800,0x132,6a 8e d2 07 c8 4f,6,36458,364.58,2002,-200.20000000000002,2002,200.20000000000002,20424,-199.20000000000005
175.366100,0x132,69 8e d8 07 ff 4f,6,36457,364.57,2008,-200.8,2008,200.8,20479,-201.95000000000005
175.375800,0x132,6e 8e cd 07 c4 4f,6,36462,364.62,1997,-199.70000000000002,1997,199.70000000000002,20420,-199.0
175.386000,0x132,7b 8e d7 07 d6 4f,6,36475,364.75,2007,-200.70000000000002,2007,200.70000000000002,20438,-199.9000000000001
175.396200,0x132,74 8e cc 07 c1 4f,6,36468,364.68,1996,-199.60000000000002,1996,199.60000000000002,20417,-198.85000000000002
175.405800,0x132,7f 8e d9 07 d5 4f,6,36479,364.79,2009,-200.9,2009,200.9,20437,-199.85000000000002
175.415800,0x132,6b 8e cc 07 c3 4f,6,36459,364.59000000000003,1996,-199.60000000000002,1996,199.60000000000002,20419,-198.95000000000005
175.425800,0x132,75 8e d7 07 df 4f,6,36469,364.69,2007,-200.70000000000002,2007,200.70000000000002,20447,-200.35000000000002
175.435800,0x132,70 8e cb 07 c4 4f,6,36464,364.64,1995,-199.5,1995,199.5,20420,-199.0
175.445900,0x132,6e 8e d6 07 d6 4f,6,36462,364.62,2006,-200.60000000000002,2006,200.60000000000002,20438,-199.9000000000001
175.455900,0x132,6c 8e c9 07 da 4f,6,36460,364.6,1993,-199.3,1993,199.3,20442,-200.10000000000002
175.466000,0x132,71 8e d5 07 d8 4f,6,36465,364.65000000000003,2005,-200.5,2005,200.5,20440,-200.0
175.475800,0x132,75 8e ce 07 c8 4f,6,36469,364.69,1998,-199.8,1998,199.8,20424,-199.20000000000005
175.485800,0x132,75 8e d7 07 e0 4f,6,36469,364.69,2007,-200.70000000000002,2007,200.70000000000002,20448,-200.4000000000001
175.496200,0x132,6a 8e ca 07 c3 4f,6,36458,364.58,1994,-199.4,1994,199.4,20419,-198.95000000000005
175.505800,0x132,6b 8e d5 07 cc 4f,6,36459,364.59000000000003,2005,-200.5,2005,200.5,20428,-199.4000000000001
175.516000,0x132,77 8e ca 07 b7 4f,6,36471,364.71,1994,-199.4,1994,199.4,20407,-198.35000000000002
175.525800,0x132,6b 8e d6 07 d2 4f,6,36459,364.59000000000003,2006,-200.60000000000002,2006,200.60000000000002,20434,-199.70000000000005
175.535800,0x132,67 8e cc 07 c7 4f,6,36455,364.55,1996,-199.60000000000002,1996,199.60000000000002,20423,-199.1500000000001
175.545800,0x132,6b 8e d6 07 d6 4f,6,36459,364.59000000000003,2006,-200.60000000000002,2006,200.60000000000002,20438,-199.9000000000001
175.555900,0x132,78 8e ca 07 bd 4f,6,36472,364.72,1994,-199.4,1994,199.4,20413,-198.6500000000001
175.566000,0x132,72 8e d6 07 d3 4f,6,36466,364.66,2006,-200.60000000000002,2006,200.60000000000002,20435,-199.75
175.575800,0x132,6b 8e cc 07 b4 4f,6,36459,364.59000000000003,1996,-199.60000000000002,1996,199.60000000000002,20404,-198.20000000000005
175.585800,0x132,63 8e d8 07 d3 4f,6,36451,364.51,2008,-200.8,2008,200.8,20435,-199.75
175.596200,0x132,6f 8e cd 07 c4 4f,6,36463,364.63,1997,-199.70000000000002,1997,199.70000000000002,20420,-199.0
175.605800,0x132,7b 8e d6 07 db 4f,6,36475,364.75,2006,-200.60000000000002,2006,200.60000000000002,20443,-200.1500000000001
175.615900,0x132,6f 8e c7 07 bb 4f,6,36463,364.63,1991,-199.10000000000002,1991,199.10000000000002,20411,-198.55000000000007
175.625800,0x132,75 8e d4 07 cb 4f,6,36469,364.69,2004,-200.4,2004,200.4,20427,-199.35000000000002
175.635800,0x132,67 8e c9 07 b3 4f,6,36455,364.55,1993,-199.3,1993,199.3,20403,-198.1500000000001
175.646000,0x132,68 8e d8 07 d0 4f,6,36456,364.56,2008,-200.8,2008,200.8,20432,-199.60000000000002
175.655900,0x132,6c 8e d1 07 e4 4f,6,36460,364.6,2001,-200.10000000000002,2001,200.10000000000002,20452,-200.60000000000002
175.665900,0x132,71 8e d8 07 fe 4f,6,36465,364.65000000000003,2008,-200.8,2008,200.8,20478,-201.9000000000001
175.675800,0x132,74 8e c9 07 b7 4f,6,36468,364.68,1993,-199.3,1993,199.3,20407,-198.35000000000002
175.685800,0x132,65 8e d4 07 c9 4f,6,36453,364.53000000000003,2004,-200.4,2004,200.4,20425,-199.25
175.696200,0x132,6f 8e c8 07 af 4f,6,36463,364.63,1992,-199.20000000000002,1992,199.20000000000002,20399,-197.95000000000005
175.705800,0x132,78 8e d6 07 cc 4f,6,36472,364.72,2006,-200.60000000000002,2006,200.60000000000002,20428,-199.4000000000001
175.715800,0x132,78 8e cb 07 bb 4f,6,36472,364.72,1995,-199.5,1995,199.5,20411,-198.55000000000007
175.725800,0x132,77 8e d4 07 d2 4f,6,36471,364.71,2004,-200.4,2004,200.4,20434,-199.70000000000005
175.735800,0x132,75 8e c7 07 b9 4f,6,36469,364.69,1991,-199.10000000000002,1991,199.10000000000002,20409,-198.45000000000005
175.745900,0x132,69 8e d3 07 c7 4f,6,36457,364.57,2003,-200.3,2003,200.3,20423,-199.1500000000001
175.755800,0x132,6c 8e cf 07 da 4f,6,36460,364.6,1999,-199.9,1999,199.9,20442,-200.10000000000002
175.766100,0x132,6b 8e d8 07 f6 4f,6,36459,364.59000000000003,2008,-200.8,2008,200.8,20470,-201.5
175.775800,0x132,69 8e cc 07 bc 4f,6,36457,364.57,1996,-199.60000000000002,1996,199.60000000000002,20412,-198.60000000000002
175.785800,0x132,6b 8e d6 07 d7 4f,6,36459,364.59000000000003,2006,-200.60000000000002,2006,200.60000000000002,20439,-199.95000000000005
175.796200,0x132,6e 8e c8 07 bd 4f,6,36462,364.62,1992,-199.20000000000002,1992,199.20000000000002,20413,-198.6500000000001
175.805800,0x132,73 8e d3 07 c9 4f,6,36467,364.67,2003,-200.3,2003,200.3,20425,-199.25
175.815800,0x132,5f 8e c5 07 a9 4f,6,36447,364.47,1989,-198.9,1989,198.9,20393,-197.6500000000001
175.825800,0x132,71 8e d4 07 bf 4f,6,36465,364.65000000000003,2004,-200.4,2004,200.4,20415,-198.75
175.835800,0x132,73 8e ca 07 b7 4f,6,36467,364.67,1994,-199.4,1994,199.4,20407,-198.35000000000002
175.846000,0x132,78 8e d6 07 d3 4f,6,36472,364.72,2006,-200.60000000000002,2006,200.60000000000002,20435,-199.75
175.856000,0x132,75 8e cc 07 df 4f,6,36469,364.69,1996,-199.60000000000002,1996,199.60000000000002,20447,-200.35000000000002
175.865900,0x132,74 8e d3 07 f4 4f,6,36468,364.68,2003,-200.3,2003,200.3,20468,-201.4000000000001
175.875800,0x132,69 8e c7 07 ad 4f,6,36457,364.57,1991,-199.10000000000002,1991,199.10000000000002,20397,-197.85000000000002
175.885800,0x132,76 8e d3 07 c3 4f,6,36470,364.7,2003,-200.3,2003,200.3,20419,-198.95000000000005
175.896100,0x132,75 8e c9 07 ae 4f,6,36469,364.69,1993,-199.3,1993,199.3,20398,-197.9000000000001
175.905800,0x132,70 8e d4 07 c8 4f,6,36464,364.64,2004,-200.4,2004,200.4,20424,-199.20000000000005
175.915800,0x132,5d 8e c7 07 b3 4f,6,36445,364.45,1991,-199.10000000000002,1991,199.10000000000002,20403,-198.1500000000001
175.925800,0x132,73 8e d1 07 ce 4f,6,36467,364.67,2001,-200.10000000000002,2001,200.10000000000002,20430,-199.5
175.935800,0x132,77 8e c6 07 af 4f,6,36471,364.71,1990,-199.0,1990,199.0,20399,-197.95000000000005
175.945900,0x132,7b 8e d2 07 bf 4f,6,36475,364.75,2002,-200.20000000000002,2002,200.20000000000002,20415,-198.75
175.955900,0x132,70 8e ca 07 d6 4f,6,36464,364.64,1994,-199.4,1994,199.4,20438,-199.9000000000001
175.966100,0x132,82 8e d7 07 f1 4f,6,36482,364.82,2007,-200.70000000000002,2007,200.70000000000002,20465,-201.25
175.975800,0x132,72 8e ca 07 b3 4f,6,36466,364.66,1994,-199.4,1994,199.4,20403,-198.1500000000001
175.985800,0x132,70 8e d3 07 c9 4f,6,36464,364.64,2003,-200.3,2003,200.3,20425,-199.25
175.996200,0x132,6a 8e c6 07 b6 4f,6,36458,364.58,1990,-199.0,1990,199.0,20406,-198.30000000000007
176.005800,0x132,6e 8e d0 07 bb 4f,6,36462,364.62,2000,-200.0,2000,200.0,20411,-198.55000000000007
176.015800,0x132,76 8e c5 07 a7 4f,6,36470,364.7,1989,-198.9,1989,198.9,20391,-197.55000000000007
176.025800,0x132,6a 8e d0 07 b6 4f,6,36458,364.58,2000,-200.0,2000,200.0,20406,-198.30000000000007
176.035800,0x132,75 8e c8 07 ae 4f,6,36469,364.69,1992,-199.20000000000002,1992,199.20000000000002,20398,-197.9000000000001
176.046000,0x132,70 8e d4 07 cc 4f,6,36464,364.64,2004,-200.4,2004,200.4,20428,-199.4000000000001
176.055900,0x132,68 8e c5 07 dc 4f,6,36456,364.56,1989,-198.9,1989,198.9,20444,-200.20000000000005
176.065800,0x132,72 8e d4 07 ee 4f,6,36466,364.66,2004,-200.4,2004,200.4,20462,-201.10000000000002
176.075800,0x132,61 8e c5 07 a9 4f,6,36449,364.49,1989,-198.9,1989,198.9,20393,-197.6500000000001
176.085800,0x132,62 8e d1 07 b6 4f,6,36450,364.5,2001,-200.10000000000002,2001,200.10000000000002,20406,-198.30000000000007
176.096200,0x132,68 8e c5 07 a7 4f,6,36456,364.56,1989,-198.9,1989,198.9,20391,-197.55000000000007
176.105800,0x132,72 8e d2 07 bb 4f,6,36466,364.66,2002,-200.20000000000002,2002,200.20000000000002,20411,-198.55000000000007
176.115800,0x132,6d 8e c6 07 ac 4f,6,36461,364.61,1990,-199.0,1990,199.0,20396,-197.80000000000007
176.125800,0x132,70 8e cf 07 c2 4f,6,36464,364.64,1999,-199.9,1999,199.9,20418,-198.9000000000001
176.135800,0x132,5b 8e c5 07 af 4f,6,36443,364.43,1989,-198.9,1989,198.9,20399,-197.95000000000005
176.145900,0x132,63 8e cf 07 bd 4f,6,36451,364.51,1999,-199.9,1999,199.9,20413,-198.6500000000001
176.155900,0x132,65 8e c5 07 cc 4f,6,36453,364.53000000000003,1989,-198.9,1989,198.9,20428,-199.4000000000001
176.165900,0x132,69 8e d1 07 e0 4f,6,36457,364.57,2001,-200.10000000000002,2001,200.10000000000002,20448,-200.4000000000001
176.175800,0x132,70 8e c7 07 a5 4f,6,36464,364.64,1991,-199.10000000000002,1991,199.10000000000002,20389,-197.45000000000005
176.186000,0x132,72 8e d3 07 c6 4f,6,36466,364.66,2003,-200.3,2003,200.3,20422,-199.10000000000002
176.196100,0x132,5e 8e c5 07 b1 4f,6,36446,364.46,1989,-198.9,1989,198.9,20401,-198.05000000000007
176.205800,0x132,72 8e cf 07 be 4f,6,36466,364.66,1999,-199.9,1999,199.9,20414,-198.70000000000005
176.215800,0x132,6f 8e c2 07 a8 4f,6,36463,364.63,1986,-198.60000000000002,1986,198.60000000000002,20392,-197.60000000000002
176.225800,0x132,64 8e cd 07 b1 4f,6,36452,364.52,1997,-199.70000000000002,1997,199.70000000000002,20401,-198.05000000000007
176.235800,0x132,6f 8e c4 07 a0 4f,6,36463,364.63,1988,-198.8,1988,198.8,20384,-197.20000000000005
176.246100,0x132,6e 8e d1 07 b7 4f,6,36462,364.62,2001,-200.10000000000002,2001,200.10000000000002,20407,-198.35000000000002
176.255900,0x132,69 8e c5 07 d2 4f,6,36457,364.57,1989,-198.9,1989,198.9,20434,-199.70000000000005
176.265900,0x132,70 8e d6 07 ec 4f,6,36464,364.64,2006,-200.60000000000002,2006,200.60000000000002,20460,-201.0
176.275800,0x132,62 8e c5 07 b1 4f,6,36450,364.5,1989,-198.9,1989,198.9,20401,-198.05000000000007
176.285800,0x132,72 8e cd 07 b8 4f,6,36466,364.66,1997,-199.70000000000002,1997,199.70000000000002,20408,-198.4000000000001
176.296200,0x132,73 8e c2 07 a3 4f,6,36467,364.67,1986,-198.60000000000002,1986,198.60000000000002,20387,-197.35000000000002
176.306100,0x132,75 8e cf 07 b8 4f,6,36469,364.69,1999,-199.9,1999,199.9,20408,-198.4000000000001
176.315800,0x132,71 8e c3 07 9d 4f,6,36465,364.65000000000003,1987,-198.70000000000002,1987,198.70000000000002,20381,-197.05000000000007
176.325800,0x132,6d 8e cf 07 bb 4f,6,36461,364.61,1999,-199.9,1999,199.9,20411,-198.55000000000007
176.335800,0x132,77 8e c5 07 ac 4f,6,36471,364.71,1989,-198.9,1989,198.9,20396,-197.80000000000007
176.346000,0x132,76 8e d0 07 c6 4f,6,36470,364.7,2000,-200.0,2000,200.0,20422,-199.10000000000002
176.355900,0x132,67 8e c5 07 c9 4f,6,36455,364.55,1989,-198.9,1989,198.9,20425,-199.25
176.366100,0x132,81 8e ce 07 df 4f,6,36481,364.81,1998,-199.8,1998,199.8,20447,-200.35000000000002
176.375800,0x132,60 8e c1 07 9d 4f,6,36448,364.48,1985,-198.5,1985,198.5,20381,-197.05000000000007
176.385900,0x132,71 8e ce 07 b4 4f,6,36465,364.65000000000003,1998,-199.8,1998,199.8,20404,-198.20000000000005
176.396200,0x132,6b 8e c4 07 a3 4f,6,36459,364.59000000000003,1988,-198.8,1988,198.8,20387,-197.35000000000002
176.405800,0x132,6d 8e d0 07 b6 4f,6,36461,364.61,2000,-200.0,2000,200.0,20406,-198.30000000000007
176.415800,0x132,65 8e c3 07 ac 4f,6,36453,364.53000000000003,1987,-198.70000000000002,1987,198.70000000000002,20396,-197.80000000000007
176.425800,0x132,7e 8e cd 07 bd 4f,6,36478,364.78000000000003,1997,-199.70000000000002,1997,199.70000000000002,20413,-198.6500000000001
176.435800,0x132,74 8e c2 07 aa 4f,6,36468,364.68,1986,-198.60000000000002,1986,198.60000000000002,20394,-197.70000000000005
176.445900,0x132,74 8e cd 07 b7 4f,6,36468,364.68,1997,-199.70000000000002,1997,199.70000000000002,20407,-198.35000000000002
176.455900,0x132,6a 8e c4 07 c2 4f,6,36458,364.58,1988,-198.8,1988,198.8,20418,-198.9000000000001
176.466000,0x132,80 8e cd 07 b3 4f,6,36480,364.8,1997,-199.70000000000002,1997,199.70000000000002,20403,-198.1500000000001
176.475900,0x132,71 8e c3 07 a4 4f,6,36465,364.65000000000003,1987,-198.70000000000002,1987,198.70000000000002,20388,-197.4000000000001
176.485900,0x132,70 8e cf 07 b7 4f,6,36464,364.64,1999,-199.9,1999,199.9,20407,-198.35000000000002
176.496200,0x132,73 8e c5 07 ae 4f,6,36467,364.67,1989,-198.9,1989,198.9,20398,-197.9000000000001
176.505800,0x132,76 8e ce 07 c2 4f,6,36470,364.7,1998,-199.8,1998,199.8,20418,-198.9000000000001
176.516100,0x132,6d 8e c0 07 a8 4f,6,36461,364.61,1984,-198.4,1984,198.4,20392,-197.60000000000002
176.525800,0x132,70 8e ca 07 b6 4f,6,36464,364.64,1994,-199.4,1994,199.4,20406,-198.30000000000007
176.535800,0x132,6e 8e c1 07 9d 4f,6,36462,364.62,1985,-198.5,1985,198.5,20381,-197.05000000000007
176.545800,0x132,76 8e cd 07 ad 4f,6,36470,364.7,1997,-199.70000000000002,1997,199.70000000000002,20397,-197.85000000000002
176.555900,0x132,6b 8e c4 07 bc 4f,6,36459,364.59000000000003,1988,-198.8,1988,198.8,20412,-198.60000000000002
176.566000,0x132,70 8e ce 07 b8 4f,6,36464,364.64,1998,-199.8,1998,199.8,20408,-198.4000000000001
176.575800,0x132,6b 8e c4 07 ad 4f,6,36459,364.59000000000003,1988,-198.8,1988,198.8,20397,-197.85000000000002
176.585900,0x132,76 8e cc 07 bd 4f,6,36470,364.7,1996,-199.60000000000002,1996,199.60000000000002,20413,-198.6500000000001
176.596200,0x132,6c 8e c0 07 a9 4f,6,36460,364.6,1984,-198.4,1984,198.4,20393,-197.6500000000001
176.605800,0x132,78 8e cb 07 b4 4f,6,36472,364.72,1995,-199.5,1995,199.5,20404,-198.20000000000005
176.615900,0x132,67 8e be 07 9a 4f,6,36455,364.55,1982,-198.20000000000002,1982,198.20000000000002,20378,-196.9000000000001
176.625800,0x132,78 8e ca 07 aa 4f,6,36472,364.72,1994,-199.4,1994,199.4,20394,-197.70000000000005
176.635800,0x132,6b 8e c2 07 a4 4f,6,36459,364.59000000000003,1986,-198.60000000000002,1986,198.60000000000002,20388,-197.4000000000001
176.646000,0x132,6e 8e ce 07 b8 4f,6,36462,364.62,1998,-199.8,1998,199.8,20408,-198.4000000000001
176.655900,0x132,6f 8e c2 07 c1 4f,6,36463,364.63,1986,-198.60000000000002,1986,198.60000000000002,20417,-198.85000000000002
176.665800,0x132,69 8e d0 07 dd 4f,6,36457,364.57,2000,-200.0,2000,200.0,20445,-200.25
176.675800,0x132,6d 8e c2 07 a9 4f,6,36461,364.61,1986,-198.60000000000002,1986,198.60000000000002,20393,-197.6500000000001
176.685900,0x132,66 8e ca 07 b8 4f,6,36454,364.54,1994,-199.4,1994,199.4,20408,-198.4000000000001
176.696300,0x132,6a 8e bf 07 a0 4f,6,36458,364.58,1983,-198.3,1983,198.3,20384,-197.20000000000005
176.705900,0x132,6a 8e ca 07 a9 4f,6,36458,364.58,1994,-199.4,1994,199.4,20393,-197.6500000000001
176.715800,0x132,6f 8e be 07 98 4f,6,36463,364.63,1982,-198.20000000000002,1982,198.20000000000002,20376,-196.80000000000007
176.725800,0x132,83 8e cb 07 b2 4f,6,36483,364.83,1995,-199.5,1995,199.5,20402,-198.10000000000002
176.735800,0x132,6f 8e c2 07 a8 4f,6,36463,364.63,1986,-198.60000000000002,1986,198.60000000000002,20392,-197.60000000000002
176.745800,0x132,6b 8e cd 07 b9 4f,6,36459,364.59000000000003,1997,-199.70000000000002,1997,199.70000000000002,20409,-198.45000000000005
176.755900,0x132,6c 8e c2 07 bd 4f,6,36460,364.6,1986,-198.60000000000002,1986,198.60000000000002,20413,-198.6500000000001
176.766000,0x132,6a 8e cf 07 bc 4f,6,36458,364.58,1999,-199.9,1999,199.9,20412,-198.60000000000002
176.775800,0x132,67 8e be 07 a2 4f,6,36455,364.55,1982,-198.20000000000002,1982,198.20000000000002,20386,-197.30000000000007
176.785900,0x132,70 8e c8 07 b2 4f,6,36464,364.64,1992,-199.20000000000002,1992,199.20000000000002,20402,-198.10000000000002
176.796300,0x132,6c 8e bf 07 a3 4f,6,36460,364.6,1983,-198.3,1983,198.3,20387,-197.35000000000002
176.805900,0x132,79 8e ca 07 a8 4f,6,36473,364.73,1994,-199.4,1994,199.4,20392,-197.60000000000002
176.815800,0x132,6f 8e be 07 99 4f,6,36463,364.63,1982,-198.20000000000002,1982,198.20000000000002,20377,-196.85000000000002
176.825800,0x132,76 8e ca 07 b3 4f,6,36470,364.7,1994,-199.4,1994,199.4,20403,-198.1500000000001
176.835800,0x132,65 8e bf 07 a8 4f,6,36453,364.53000000000003,1983,-198.3,1983,198.3,20392,-197.60000000000002
176.845900,0x132,7e 8e cb 07 bc 4f,6,36478,364.78000000000003,1995,-199.5,1995,199.5,20412,-198.60000000000002
176.856000,0x132,74 8e c4 07 b1 4f,6,36468,364.68,1988,-198.8,1988,198.8,20401,-198.05000000000007
176.866000,0x132,79 8e cc 07 bc 4f,6,36473,364.73,1996,-199.60000000000002,1996,199.60000000000002,20412,-198.60000000000002
176.875800,0x132,70 8e bd 07 a2 4f,6,36464,364.64,1981,-198.10000000000002,1981,198.10000000000002,20386,-197.30000000000007
176.885900,0x132,76 8e c8 07 ad 4f,6,36470,364.7,1992,-199.20000000000002,1992,199.20000000000002,20397,-197.85000000000002
176.896300,0x132,70 8e be 07 9e 4f,6,36464,364.64,1982,-198.20000000000002,1982,198.20000000000002,20382,-197.10000000000002
176.905900,0x132,6c 8e ca 07 ac 4f,6,36460,364.6,1994,-199.4,1994,199.4,20396,-197.80000000000007
176.915800,0x132,71 8e be 07 9f 4f,6,36465,364.65000000000003,1982,-198.20000000000002,1982,198.20000000000002,20383,-197.1500000000001
176.925800,0x132,78 8e ca 07 b7 4f,6,36472,364.72,1994,-199.4,1994,199.4,20407,-198.35000000000002
176.935800,0x132,67 8e bf 07 aa 4f,6,36455,364.55,1983,-198.3,1983,198.3,20394,-197.70000000000005
176.946100,0x132,76 8e c9 07 ba 4f,6,36470,364.7,1993,-199.3,1993,199.3,20410,-198.5
176.955900,0x132,75 8e c1 07 a7 4f,6,36469,364.69,1985,-198.5,1985,198.5,20391,-197.55000000000007
176.965900,0x132,78 8e c9 07 bc 4f,6,36472,364.72,1993,-199.3,1993,199.3,20412,-198.60000000000002
176.975800,0x132,69 8e bd 07 a3 4f,6,36457,364.57,1981,-198.10000000000002,1981,198.10000000000002,20387,-197.35000000000002
176.985900,0x132,74 8e c7 07 ae 4f,6,36468,364.68,1991,-199.10000000000002,1991,199.10000000000002,20398,-197.9000000000001
176.996300,0x132,68 8e be 07 a2 4f,6,36456,364.56,1982,-198.20000000000002,1982,198.20000000000002,20386,-197.30000000000007
177.005900,0x132,75 8e c9 07 ad 4f,6,36469,364.69,1993,-199.3,1993,199.3,20397,-197.85000000000002
177.015800,0x132,60 8e bd 07 a3 4f,6,36448,364.48,1981,-198.10000000000002,1981,198.10000000000002,20387,-197.35000000000002
177.025800,0x132,76 8e c9 07 bd 4f,6,36470,364.7,1993,-199.3,1993,199.3,20413,-198.6500000000001
177.035900,0x132,6e 8e bd 07 aa 4f,6,36462,364.62,1981,-198.10000000000002,1981,198.10000000000002,20394,-197.70000000000005
177.045900,0x132,78 8e c9 07 bc 4f,6,36472,364.72,1993,-199.3,1993,199.3,20412,-198.60000000000002
177.055900,0x132,67 8e bf 07 a0 4f,6,36455,364.55,1983,-198.3,1983,198.3,20384,-197.20000000000005
177.065900,0x132,6e 8e c9 07 b8 4f,6,36462,364.62,1993,-199.3,1993,199.3,20408,-198.4000000000001
177.075800,0x132,6d 8e bb 07 9f 4f,6,36461,364.61,1979,-197.9,1979,197.9,20383,-197.1500000000001
177.085900,0x132,6f 8e c6 07 af 4f,6,36463,364.63,1990,-199.0,1990,199.0,20399,-197.95000000000005
177.096000,0x132,69 8e be 07 a3 4f,6,36457,364.57,1982,-198.20000000000002,1982,198.20000000000002,20387,-197.35000000000002
177.105900,0x132,73 8e c9 07 b2 4f,6,36467,364.67,1993,-199.3,1993,199.3,20402,-198.10000000000002
177.115800,0x132,6d 8e be 07 a7 4f,6,36461,364.61,1982,-198.20000000000002,1982,198.20000000000002,20391,-197.55000000000007
177.125800,0x132,82 8e c9 07 b7 4f,6,36482,364.82,1993,-199.3,1993,199.3,20407,-198.35000000000002
177.135800,0x132,74 8e be 07 ae 4f,6,36468,364.68,1982,-198.20000000000002,1982,198.20000000000002,20398,-197.9000000000001
177.145900,0x132,7b 8e c8 07 be 4f,6,36475,364.75,1992,-199.20000000000002,1992,199.20000000000002,20414,-198.70000000000005
177.155900,0x132,6b 8e be 07 a0 4f,6,36459,364.59000000000003,1982,-198.20000000000002,1982,198.20000000000002,20384,-197.20000000000005
177.165900,0x132,71 8e cc 07 b8 4f,6,36465,364.65000000000003,1996,-199.60000000000002,1996,199.60000000000002,20408,-198.4000000000001
177.175800,0x132,73 8e bd 07 a8 4f,6,36467,364.67,1981,-198.10000000000002,1981,198.10000000000002,20392,-197.60000000000002
177.186100,0x132,6f 8e c6 07 ae 4f,6,36463,364.63,1990,-199.0,1990,199.0,20398,-197.9000000000001
177.196000,0x132,78 8e bc 07 a0 4f,6,36472,364.72,1980,-198.0,1980,198.0,20384,-197.20000000000005
177.205900,0x132,6d 8e c7 07 ac 4f,6,36461,364.61,1991,-199.10000000000002,1991,199.10000000000002,20396,-197.80000000000007
177.215800,0x132,7c 8e bc 07 a3 4f,6,36476,364.76,1980,-198.0,1980,198.0,20387,-197.35000000000002
177.225800,0x132,6b 8e c8 07 b4 4f,6,36459,364.59000000000003,1992,-199.20000000000002,1992,199.20000000000002,20404,-198.20000000000005
177.235800,0x132,79 8e be 07 b1 4f,6,36473,364.73,1982,-198.20000000000002,1982,198.20000000000002,20401,-198.05000000000007
177.246000,0x132,7c 8e c7 07 bc 4f,6,36476,364.76,1991,-199.10000000000002,1991,199.10000000000002,20412,-198.60000000000002
177.255900,0x132,64 8e bc 07 a4 4f,6,36452,364.52,1980,-198.0,1980,198.0,20388,-197.4000000000001
177.265900,0x132,81 8e c7 07 b1 4f,6,36481,364.81,1991,-199.10000000000002,1991,199.10000000000002,20401,-198.05000000000007
177.275800,0x132,78 8e ba 07 a9 4f,6,36472,364.72,1978,-197.8,1978,197.8,20393,-197.6500000000001
177.285900,0x132,79 8e c4 07 b2 4f,6,36473,364.73,1988,-198.8,1988,198.8,20402,-198.10000000000002
177.296000,0x132,6e 8e ba 07 a0 4f,6,36462,364.62,1978,-197.8,1978,197.8,20384,-197.20000000000005
177.305900,0x132,73 8e c6 07 af 4f,6,36467,364.67,1990,-199.0,1990,199.0,20399,-197.95000000000005
177.315800,0x132,73 8e bb 07 a2 4f,6,36467,364.67,1979,-197.9,1979,197.9,20386,-197.30000000000007
177.325900,0x132,7d 8e c7 07 b2 4f,6,36477,364.77,1991,-199.10000000000002,1991,199.10000000000002,20402,-198.10000000000002
177.335900,0x132,7d 8e bd 07 a9 4f,6,36477,364.77,1981,-198.10000000000002,1981,198.10000000000002,20393,-197.6500000000001
177.345900,0x132,7b 8e c7 07 b8 4f,6,36475,364.75,1991,-199.10000000000002,1991,199.10000000000002,20408,-198.4000000000001
177.355900,0x132,7c 8e bf 07 b6 4f,6,36476,364.76,1983,-198.3,1983,198.3,20406,-198.30000000000007
177.365900,0x132,7a 8e c8 07 b4 4f,6,36474,364.74,1992,-199.20000000000002,1992,199.20000000000002,20404,-198.20000000000005
177.375800,0x132,7f 8e ba 07 af 4f,6,36479,364.79,1978,-197.8,1978,197.8,20399,-197.95000000000005
177.385900,0x132,74 8e c4 07 be 4f,6,36468,364.68,1988,-198.8,1988,198.8,20414,-198.70000000000005
177.396000,0x132,72 8e ba 07 a8 4f,6,36466,364.66,1978,-197.8,1978,197.8,20392,-197.60000000000002
177.405900,0x132,7e 8e c3 07 af 4f,6,36478,364.78000000000003,1987,-198.70000000000002,1987,198.70000000000002,20399,-197.95000000000005
177.415900,0x132,7c 8e b7 07 a0 4f,6,36476,364.76,1975,-197.5,1975,197.5,20384,-197.20000000000005
177.425900,0x132,77 8e c3 07 ad 4f,6,36471,364.71,1987,-198.70000000000002,1987,198.70000000000002,20397,-197.85000000000002
177.435900,0x132,74 8e ba 07 a2 4f,6,36468,364.68,1978,-197.8,1978,197.8,20386,-197.30000000000007
177.446100,0x132,6f 8e c6 07 b1 4f,6,36463,364.63,1990,-199.0,1990,199.0,20401,-198.05000000000007
177.455900,0x132,75 8e be 07 9e 4f,6,36469,364.69,1982,-198.20000000000002,1982,198.20000000000002,20382,-197.10000000000002
177.466100,0x132,77 8e c9 07 ba 4f,6,36471,364.71,1993,-199.3,1993,199.3,20410,-198.5
177.476000,0x132,74 8e bc 07 b3 4f,6,36468,364.68,1980,-198.0,1980,198.0,20403,-198.1500000000001
177.485900,0x132,68 8e c5 07 be 4f,6,36456,364.56,1989,-198.9,1989,198.9,20414,-198.70000000000005
177.496000,0x132,79 8e ba 07 b4 4f,6,36473,364.73,1978,-197.8,1978,197.8,20404,-198.20000000000005
177.505900,0x132,7f 8e c4 07 b9 4f,6,36479,364.79,1988,-198.8,1988,198.8,20409,-198.45000000000005
177.516100,0x132,77 8e b7 07 ad 4f,6,36471,364.71,1975,-197.5,1975,197.5,20397,-197.85000000000002
177.525800,0x132,7a 8e c2 07 b1 4f,6,36474,364.74,1986,-198.60000000000002,1986,198.60000000000002,20401,-198.05000000000007
177.535900,0x132,76 8e b9 07 a5 4f,6,36470,364.7,1977,-197.70000000000002,1977,197.70000000000002,20389,-197.45000000000005
177.545900,0x132,6c 8e c3 07 ad 4f,6,36460,364.6,1987,-198.70000000000002,1987,198.70000000000002,20397,-197.85000000000002
177.556000,0x132,74 8e bc 07 8f 4f,6,36468,364.68,1980,-198.0,1980,198.0,20367,-196.35000000000002
177.566100,0x132,70 8e c9 07 a8 4f,6,36464,364.64,1993,-199.3,1993,199.3,20392,-197.60000000000002
177.575900,0x132,6b 8e bb 07 ac 4f,6,36459,364.59000000000003,1979,-197.9,1979,197.9,20396,-197.80000000000007
177.586000,0x132,77 8e c5 07 b9 4f,6,36471,364.71,1989,-198.9,1989,198.9,20409,-198.45000000000005
177.596100,0x132,71 8e bc 07 b4 4f,6,36465,364.65000000000003,1980,-198.0,1980,198.0,20404,-198.20000000000005
177.605900,0x132,67 8e c5 07 be 4f,6,36455,364.55,1989,-198.9,1989,198.9,20414,-198.70000000000005
177.615900,0x132,71 8e ba 07 b8 4f,6,36465,364.65000000000003,1978,-197.8,1978,197.8,20408,-198.4000000000001
177.625900,0x132,75 8e c3 07 c1 4f,6,36469,364.69,1987,-198.70000000000002,1987,198.70000000000002,20417,-198.85000000000002
177.635900,0x132,6b 8e b9 07 b4 4f,6,36459,364.59000000000003,1977,-197.70000000000002,1977,197.70000000000002,20404,-198.20000000000005
177.646000,0x132,6b 8e c2 07 ba 4f,6,36459,364.59000000000003,1986,-198.60000000000002,1986,198.60000000000002,20410,-198.5
177.655900,0x132,70 8e ba 07 90 4f,6,36464,364.64,1978,-197.8,1978,197.8,20368,-196.4000000000001
177.665900,0x132,7e 8e c5 07 a4 4f,6,36478,364.78000000000003,1989,-198.9,1989,198.9,20388,-197.4000000000001
177.675900,0x132,6d 8e b8 07 aa 4f,6,36461,364.61,1976,-197.60000000000002,1976,197.60000000000002,20394,-197.70000000000005
177.686000,0x132,6c 8e c2 07 ae 4f,6,36460,364.6,1986,-198.60000000000002,1986,198.60000000000002,20398,-197.9000000000001
177.696100,0x132,6a 8e bb 07 ac 4f,6,36458,364.58,1979,-197.9,1979,197.9,20396,-197.80000000000007
177.705900,0x132,71 8e c5 07 aa 4f,6,36465,364.65000000000003,1989,-198.9,1989,198.9,20394,-197.70000000000005
177.715900,0x132,6f 8e c0 07 b2 4f,6,36463,364.63,1984,-198.4,1984,198.4,20402,-198.10000000000002
177.725900,0x132,74 8e c5 07 be 4f,6,36468,364.68,1989,-198.9,1989,198.9,20414,-198.70000000000005
177.735900,0x132,7e 8e bb 07 ba 4f,6,36478,364.78000000000003,1979,-197.9,1979,197.9,20410,-198.5
177.745900,0x132,75 8e cb 07 c7 4f,6,36469,364.69,1995,-199.5,1995,199.5,20423,-199.1500000000001
177.755900,0x132,78 8e ba 07 99 4f,6,36472,364.72,1978,-197.8,1978,197.8,20377,-196.85000000000002
177.765900,0x132,71 8e c5 07 a2 4f,6,36465,364.65000000000003,1989,-198.9,1989,198.9,20386,-197.30000000000007
177.775900,0x132,7b 8e b9 07 8f 4f,6,36475,364.75,1977,-197.70000000000002,1977,197.70000000000002,20367,-196.35000000000002
177.786000,0x132,7f 8e c5 07 9f 4f,6,36479,364.79,1989,-198.9,1989,198.9,20383,-197.1500000000001
177.796100,0x132,70 8e ba 07 8f 4f,6,36464,364.64,1978,-197.8,1978,197.8,20367,-196.35000000000002
177.805900,0x132,7c 8e c6 07 9e 4f,6,36476,364.76,1990,-199.0,1990,199.0,20382,-197.10000000000002
177.815900,0x132,72 8e b9 07 8b 4f,6,36466,364.66,1977,-197.70000000000002,1977,197.70000000000002,20363,-196.1500000000001
177.825900,0x132,79 8e c0 07 a3 4f,6,36473,364.73,1984,-198.4,1984,198.4,20387,-197.35000000000002
177.835900,0x132,7b 8e bd 07 b4 4f,6,36475,364.75,1981,-198.10000000000002,1981,198.10000000000002,20404,-198.20000000000005
177.846000,0x132,7e 8e c7 07 be 4f,6,36478,364.78000000000003,1991,-199.10000000000002,1991,199.10000000000002,20414,-198.70000000000005
177.856000,0x132,71 8e bc 07 99 4f,6,36465,364.65000000000003,1980,-198.0,1980,198.0,20377,-196.85000000000002
177.865900,0x132,87 8e c4 07 b4 4f,6,36487,364.87,1988,-198.8,1988,198.8,20404,-198.20000000000005
177.875900,0x132,7e 8e bb 07 9b 4f,6,36478,364.78000000000003,1979,-197.9,1979,197.9,20379,-196.95000000000005
177.886000,0x132,7b 8e c5 07 a9 4f,6,36475,364.75,1989,-198.9,1989,198.9,20393,-197.6500000000001
177.896100,0x132,70 8e b9 07 9a 4f,6,36464,364.64,1977,-197.70000000000002,1977,197.70000000000002,20378,-196.9000000000001
177.905900,0x132,7a 8e c4 07 a5 4f,6,36474,364.74,1988,-198.8,1988,198.8,20389,-197.45000000000005
177.915900,0x132,79 8e b8 07 91 4f,6,36473,364.73,1976,-197.60000000000002,1976,197.60000000000002,20369,-196.45000000000005
177.925900,0x132,7f 8e c3 07 9b 4f,6,36479,364.79,1987,-198.70000000000002,1987,198.70000000000002,20379,-196.95000000000005
177.935900,0x132,79 8e b9 07 89 4f,6,36473,364.73,1977,-197.70000000000002,1977,197.70000000000002,20361,-196.05000000000007
177.945900,0x132,77 8e c5 07 a0 4f,6,36471,364.71,1989,-198.9,1989,198.9,20384,-197.20000000000005
177.956000,0x132,75 8e b9 07 8c 4f,6,36469,364.69,1977,-197.70000000000002,1977,197.70000000000002,20364,-196.20000000000005
177.965900,0x132,72 8e c6 07 a5 4f,6,36466,364.66,1990,-199.0,1990,199.0,20389,-197.45000000000005
177.975900,0x132,79 8e bb 07 91 4f,6,36473,364.73,1979,-197.9,1979,197.9,20369,-196.45000000000005
177.986000,0x132,69 8e c7 07 ad 4f,6,36457,364.57,1991,-199.10000000000002,1991,199.10000000000002,20397,-197.85000000000002
177.996100,0x132,76 8e bb 07 9e 4f,6,36470,364.7,1979,-197.9,1979,197.9,20382,-197.10000000000002
178.005900,0x132,78 8e c7 07 ac 4f,6,36472,364.72,1991,-199.10000000000002,1991,199.10000000000002,20396,-197.80000000000007
178.015900,0x132,74 8e b9 07 98 4f,6,36468,364.68,1977,-197.70000000000002,1977,197.70000000000002,20376,-196.80000000000007
178.025900,0x132,82 8e c5 07 a8 4f,6,36482,364.82,1989,-198.9,1989,198.9,20392,-197.60000000000002
178.035900,0x132,81 8e b8 07 95 4f,6,36481,364.81,1976,-197.60000000000002,1976,197.60000000000002,20373,-196.6500000000001
178.046000,0x132,81 8e c3 07 a5 4f,6,36481,364.81,1987,-198.70000000000002,1987,198.70000000000002,20389,-197.45000000000005
178.056000,0x132,70 8e ba 07 93 4f,6,36464,364.64,1978,-197.8,1978,197.8,20371,-196.55000000000007
178.065900,0x132,7d 8e c6 07 bd 4f,6,36477,364.77,1990,-199.0,1990,199.0,20413,-198.6500000000001
178.075900,0x132,74 8e bc 07 aa 4f,6,36468,364.68,1980,-198.0,1980,198.0,20394,-197.70000000000005
178.086000,0x132,77 8e c7 07 be 4f,6,36471,364.71,1991,-199.10000000000002,1991,199.10000000000002,20414,-198.70000000000005
178.096100,0x132,6c 8e bc 07 a8 4f,6,36460,364.6,1980,-198.0,1980,198.0,20392,-197.60000000000002
178.105900,0x132,73 8e cb 07 c9 4f,6,36467,364.67,1995,-199.5,1995,199.5,20425,-199.25
178.115900,0x132,7d 8e bc 07 aa 4f,6,36477,364.77,1980,-198.0,1980,198.0,20394,-197.70000000000005
178.125900,0x132,7a 8e c7 07 c3 4f,6,36474,364.74,1991,-199.10000000000002,1991,199.10000000000002,20419,-198.95000000000005
178.135900,0x132,73 8e bd 07 b2 4f,6,36467,364.67,1981,-198.10000000000002,1981,198.10000000000002,20402,-198.10000000000002
178.145900,0x132,75 8e c7 07 c8 4f,6,36469,364.69,1991,-199.10000000000002,1991,199.10000000000002,20424,-199.20000000000005
178.155900,0x132,75 8e b9 07 9b 4f,6,36469,364.69,1977,-197.70000000000002,1977,197.70000000000002,20379,-196.95000000000005
178.165900,0x132,76 8e c3 07 a8 4f,6,36470,364.7,1987,-198.70000000000002,1987,198.70000000000002,20392,-197.60000000000002
178.175900,0x132,74 8e b8 07 a5 4f,6,36468,364.68,1976,-197.60000000000002,1976,197.60000000000002,20389,-197.45000000000005
178.185900,0x132,7e 8e c4 07 bc 4f,6,36478,364.78000000000003,1988,-198.8,1988,198.8,20412,-198.60000000000002
178.196100,0x132,66 8e b9 07 a3 4f,6,36454,364.54,1977,-197.70000000000002,1977,197.70000000000002,20387,-197.35000000000002
178.206000,0x132,6a 8e c5 07 b7 4f,6,36458,364.58,1989,-198.9,1989,198.9,20407,-198.35000000000002
178.215900,0x132,6e 8e b8 07 9a 4f,6,36462,364.62,1976,-197.60000000000002,1976,197.60000000000002,20378,-196.9000000000001
178.225900,0x132,7e 8e c6 07 b7 4f,6,36478,364.78000000000003,1990,-199.0,1990,199.0,20407,-198.35000000000002
178.235900,0x132,79 8e bc 07 a0 4f,6,36473,364.73,1980,-198.0,1980,198.0,20384,-197.20000000000005
178.245900,0x132,7f 8e c8 07 b9 4f,6,36479,364.79,1992,-199.20000000000002,1992,199.20000000000002,20409,-198.45000000000005
178.255900,0x132,7e 8e bd 07 8f 4f,6,36478,364.78000000000003,1981,-198.10000000000002,1981,198.10000000000002,20367,-196.35000000000002
178.265900,0x132,7e 8e c6 07 a2 4f,6,36478,364.78000000000003,1990,-199.0,1990,199.0,20386,-197.30000000000007
178.275900,0x132,75 8e bd 07 b1 4f,6,36469,364.69,1981,-198.10000000000002,1981,198.10000000000002,20401,-198.05000000000007
178.286100,0x132,80 8e c7 07 c2 4f,6,36480,364.8,1991,-199.10000000000002,1991,199.10000000000002,20418,-198.9000000000001
178.296100,0x132,76 8e bd 07 ad 4f,6,36470,364.7,1981,-198.10000000000002,1981,198.10000000000002,20397,-197.85000000000002
178.306000,0x132,7e 8e c7 07 c2 4f,6,36478,364.78000000000003,1991,-199.10000000000002,1991,199.10000000000002,20418,-198.9000000000001
178.315900,0x132,6b 8e ba 07 a4 4f,6,36459,364.59000000000003,1978,-197.8,1978,197.8,20388,-197.4000000000001
178.325900,0x132,74 8e c4 07 ba 4f,6,36468,364.68,1988,-198.8,1988,198.8,20410,-198.5
178.335900,0x132,83 8e b9 07 a2 4f,6,36483,364.83,1977,-197.70000000000002,1977,197.70000000000002,20386,-197.30000000000007
178.345900,0x132,7d 8e c5 07 b7 4f,6,36477,364.77,1989,-198.9,1989,198.9,20407,-198.35000000000002
178.355900,0x132,78 8e b9 07 96 4f,6,36472,364.72,1977,-197.70000000000002,1977,197.70000000000002,20374,-196.70000000000005
178.365900,0x132,7b 8e c3 07 af 4f,6,36475,364.75,1987,-198.70000000000002,1987,198.70000000000002,20399,-197.95000000000005
178.375900,0x132,72 8e ba 07 9a 4f,6,36466,364.66,1978,-197.8,1978,197.8,20378,-196.9000000000001
178.386000,0x132,73 8e c6 07 b2 4f,6,36467,364.67,1990,-199.0,1990,199.0,20402,-198.10000000000002
178.396100,0x132,7d 8e bc 07 9e 4f,6,36477,364.77,1980,-198.0,1980,198.0,20382,-197.10000000000002
178.406000,0x132,6e 8e c7 07 b6 4f,6,36462,364.62,1991,-199.10000000000002,1991,199.10000000000002,20406,-198.30000000000007
178.415900,0x132,88 8e bc 07 a2 4f,6,36488,364.88,1980,-198.0,1980,198.0,20386,-197.30000000000007
178.425900,0x132,75 8e c8 07 ba 4f,6,36469,364.69,1992,-199.20000000000002,1992,199.20000000000002,20410,-198.5
178.435900,0x132,74 8e bd 07 a7 4f,6,36468,364.68,1981,-198.10000000000002,1981,198.10000000000002,20391,-197.55000000000007
178.445900,0x132,7d 8e c8 07 be 4f,6,36477,364.77,1992,-199.20000000000002,1992,199.20000000000002,20414,-198.70000000000005
178.455900,0x132,6b 8e bc 07 a9 4f,6,36459,364.59000000000003,1980,-198.0,1980,198.0,20393,-197.6500000000001
178.465900,0x132,72 8e c3 07 b2 4f,6,36466,364.66,1987,-198.70000000000002,1987,198.70000000000002,20402,-198.10000000000002
178.476000,0x132,81 8e b9 07 a2 4f,6,36481,364.81,1977,-197.70000000000002,1977,197.70000000000002,20386,-197.30000000000007
178.486000,0x132,80 8e c6 07 b2 4f,6,36480,364.8,1990,-199.0,1990,199.0,20402,-198.10000000000002
178.496100,0x132,79 8e b9 07 9e 4f,6,36473,364.73,1977,-197.70000000000002,1977,197.70000000000002,20382,-197.10000000000002
178.506000,0x132,7a 8e c5 07 b1 4f,6,36474,364.74,1989,-198.9,1989,198.9,20401,-198.05000000000007
178.516100,0x132,7b 8e b9 07 99 4f,6,36475,364.75,1977,-197.70000000000002,1977,197.70000000000002,20377,-196.85000000000002
178.525900,0x132,7b 8e c5 07 ad 4f,6,36475,364.75,1989,-198.9,1989,198.9,20397,-197.85000000000002
178.535900,0x132,74 8e b9 07 98 4f,6,36468,364.68,1977,-197.70000000000002,1977,197.70000000000002,20376,-196.80000000000007
178.545900,0x132,75 8e c5 07 a9 4f,6,36469,364.69,1989,-198.9,1989,198.9,20393,-197.6500000000001
178.556000,0x132,6d 8e b9 07 98 4f,6,36461,364.61,1977,-197.70000000000002,1977,197.70000000000002,20376,-196.80000000000007
178.565900,0x132,79 8e c7 07 a4 4f,6,36473,364.73,1991,-199.10000000000002,1991,199.10000000000002,20388,-197.4000000000001
178.575900,0x132,76 8e bc 07 99 4f,6,36470,364.7,1980,-198.0,1980,198.0,20377,-196.85000000000002
178.586000,0x132,7c 8e c8 07 b6 4f,6,36476,364.76,1992,-199.20000000000002,1992,199.20000000000002,20406,-198.30000000000007
178.596100,0x132,76 8e bd 07 a3 4f,6,36470,364.7,1981,-198.10000000000002,1981,198.10000000000002,20387,-197.35000000000002
178.606000,0x132,7b 8e c8 07 b9 4f,6,36475,364.75,1992,-199.20000000000002,1992,199.20000000000002,20409,-198.45000000000005
178.615900,0x132,75 8e bb 07 a2 4f,6,36469,364.69,1979,-197.9,1979,197.9,20386,-197.30000000000007
178.625900,0x132,7d 8e c7 07 b9 4f,6,36477,364.77,1991,-199.10000000000002,1991,199.10000000000002,20409,-198.45000000000005
178.635900,0x132,73 8e bc 07 a5 4f,6,36467,364.67,1980,-198.0,1980,198.0,20389,-197.45000000000005
178.645900,0x132,7d 8e c6 07 b2 4f,6,36477,364.77,1990,-199.0,1990,199.0,20402,-198.10000000000002
178.655900,0x132,78 8e b6 07 a4 4f,6,36472,364.72,1974,-197.4,1974,197.4,20388,-197.4000000000001
178.665900,0x132,72 8e c5 07 af 4f,6,36466,364.66,1989,-198.9,1989,198.9,20399,-197.95000000000005
178.675900,0x132,77 8e b8 07 96 4f,6,36471,364.71,1976,-197.60000000000002,1976,197.60000000000002,20374,-196.70000000000005
178.686000,0x132,69 8e c5 07 b4 4f,6,36457,364.57,1989,-198.9,1989,198.9,20404,-198.20000000000005
178.696100,0x132,6e 8e b9 07 96 4f,6,36462,364.62,1977,-197.70000000000002,1977,197.70000000000002,20374,-196.70000000000005
178.706000,0x132,80 8e c6 07 aa 4f,6,36480,364.8,1990,-199.0,1990,199.0,20394,-197.70000000000005
178.715900,0x132,79 8e b8 07 91 4f,6,36473,364.73,1976,-197.60000000000002,1976,197.60000000000002,20369,-196.45000000000005
178.725900,0x132,6c 8e c6 07 a5 4f,6,36460,364.6,1990,-199.0,1990,199.0,20389,-197.45000000000005
178.735900,0x132,7b 8e bb 07 93 4f,6,36475,364.75,1979,-197.9,1979,197.9,20371,-196.55000000000007
178.745900,0x132,7a 8e c8 07 ac 4f,6,36474,364.74,1992,-199.20000000000002,1992,199.20000000000002,20396,-197.80000000000007
178.756000,0x132,71 8e bc 07 9a 4f,6,36465,364.65000000000003,1980,-198.0,1980,198.0,20378,-196.9000000000001
178.765900,0x132,78 8e c8 07 b2 4f,6,36472,364.72,1992,-199.20000000000002,1992,199.20000000000002,20402,-198.10000000000002
178.775900,0x132,74 8e bc 07 99 4f,6,36468,364.68,1980,-198.0,1980,198.0,20377,-196.85000000000002
178.786000,0x132,79 8e c8 07 b6 4f,6,36473,364.73,1992,-199.20000000000002,1992,199.20000000000002,20406,-198.30000000000007
178.796100,0x132,7b 8e bc 07 9e 4f,6,36475,364.75,1980,-198.0,1980,198.0,20382,-197.10000000000002
178.806000,0x132,7e 8e c6 07 ad 4f,6,36478,364.78000000000003,1990,-199.0,1990,199.0,20397,-197.85000000000002
178.815900,0x132,81 8e b9 07 9b 4f,6,36481,364.81,1977,-197.70000000000002,1977,197.70000000000002,20379,-196.95000000000005
178.825900,0x132,84 8e c4 07 b3 4f,6,36484,364.84000000000003,1988,-198.8,1988,198.8,20403,-198.1500000000001
178.835900,0x132,7a 8e b8 07 98 4f,6,36474,364.74,1976,-197.60000000000002,1976,197.60000000000002,20376,-196.80000000000007
178.845900,0x132,74 8e c5 07 ad 4f,6,36468,364.68,1989,-198.9,1989,198.9,20397,-197.85000000000002
178.856000,0x132,6b 8e ba 07 91 4f,6,36459,364.59000000000003,1978,-197.8,1978,197.8,20369,-196.45000000000005
178.865900,0x132,7b 8e c4 07 ad 4f,6,36475,364.75,1988,-198.8,1988,198.8,20397,-197.85000000000002
178.875900,0x132,7f 8e b8 07 91 4f,6,36479,364.79,1976,-197.60000000000002,1976,197.60000000000002,20369,-196.45000000000005
178.886100,0x132,6f 8e c4 07 a3 4f,6,36463,364.63,1988,-198.8,1988,198.8,20387,-197.35000000000002
178.896300,0x132,73 8e b9 07 8e 4f,6,36467,364.67,1977,-197.70000000000002,1977,197.70000000000002,20366,-196.30000000000007
178.906000,0x132,83 8e c4 07 a2 4f,6,36483,364.83,1988,-198.8,1988,198.8,20386,-197.30000000000007
178.915900,0x132,79 8e b9 07 87 4f,6,36473,364.73,1977,-197.70000000000002,1977,197.70000000000002,20359,-195.95000000000005
178.925900,0x132,7e 8e c4 07 a5 4f,6,36478,364.78000000000003,1988,-198.8,1988,198.8,20389,-197.45000000000005
178.935900,0x132,6e 8e ba 07 8f 4f,6,36462,364.62,1978,-197.8,1978,197.8,20367,-196.35000000000002
178.946100,0x132,7e 8e c6 07 a7 4f,6,36478,364.78000000000003,1990,-199.0,1990,199.0,20391,-197.55000000000007
178.956000,0x132,79 8e bb 07 99 4f,6,36473,364.73,1979,-197.9,1979,197.9,20377,-196.85000000000002
178.965900,0x132,7a 8e c6 07 b1 4f,6,36474,364.74,1990,-199.0,1990,199.0,20401,-198.05000000000007
178.975900,0x132,74 8e ba 07 98 4f,6,36468,364.68,1978,-197.8,1978,197.8,20376,-196.80000000000007
178.986100,0x132,7c 8e c4 07 b2 4f,6,36476,364.76,1988,-198.8,1988,198.8,20402,-198.10000000000002
178.996200,0x132,7d 8e b9 07 9b 4f,6,36477,364.77,1977,-197.70000000000002,1977,197.70000000000002,20379,-196.95000000000005
179.005900,0x132,70 8e c4 07 ac 4f,6,36464,364.64,1988,-198.8,1988,198.8,20396,-197.80000000000007
179.015900,0x132,79 8e b8 07 94 4f,6,36473,364.73,1976,-197.60000000000002,1976,197.60000000000002,20372,-196.60000000000002
179.025900,0x132,76 8e c0 07 a7 4f,6,36470,364.7,1984,-198.4,1984,198.4,20391,-197.55000000000007
179.035900,0x132,7c 8e b7 07 8f 4f,6,36476,364.76,1975,-197.5,1975,197.5,20367,-196.35000000000002
179.046100,0x132,74 8e c2 07 a7 4f,6,36468,364.68,1986,-198.60000000000002,1986,198.60000000000002,20391,-197.55000000000007
179.055900,0x132,74 8e b8 07 8e 4f,6,36468,364.68,1976,-197.60000000000002,1976,197.60000000000002,20366,-196.30000000000007
179.065900,0x132,73 8e c3 07 a0 4f,6,36467,364.67,1987,-198.70000000000002,1987,198.70000000000002,20384,-197.20000000000005
179.075900,0x132,7a 8e b8 07 8e 4f,6,36474,364.74,1976,-197.60000000000002,1976,197.60000000000002,20366,-196.30000000000007
179.086100,0x132,7d 8e c4 07 a0 4f,6,36477,364.77,1988,-198.8,1988,198.8,20384,-197.20000000000005
179.096100,0x132,73 8e b8 07 8c 4f,6,36467,364.67,1976,-197.60000000000002,1976,197.60000000000002,20364,-196.20000000000005
179.106000,0x132,78 8e c6 07 9f 4f,6,36472,364.72,1990,-199.0,1990,199.0,20383,-197.1500000000001
179.115900,0x132,6d 8e b9 07 87 4f,6,36461,364.61,1977,-197.70000000000002,1977,197.70000000000002,20359,-195.95000000000005
179.125900,0x132,6f 8e c3 07 9f 4f,6,36463,364.63,1987,-198.70000000000002,1987,198.70000000000002,20383,-197.1500000000001
179.135900,0x132,7c 8e bb 07 90 4f,6,36476,364.76,1979,-197.9,1979,197.9,20368,-196.4000000000001
179.146100,0x132,78 8e c5 07 a8 4f,6,36472,364.72,1989,-198.9,1989,198.9,20392,-197.60000000000002
179.156000,0x132,69 8e ba 07 93 4f,6,36457,364.57,1978,-197.8,1978,197.8,20371,-196.55000000000007
179.166000,0x132,71 8e c5 07 a8 4f,6,36465,364.65000000000003,1989,-198.9,1989,198.9,20392,-197.60000000000002
179.175900,0x132,7f 8e b9 07 95 4f,6,36479,364.79,1977,-197.70000000000002,1977,197.70000000000002,20373,-196.6500000000001
179.186000,0x132,85 8e c7 07 ac 4f,6,36485,364.85,1991,-199.10000000000002,1991,199.10000000000002,20396,-197.80000000000007
179.196200,0x132,83 8e ba 07 96 4f,6,36483,364.83,1978,-197.8,1978,197.8,20374,-196.70000000000005
179.205900,0x132,80 8e c5 07 a8 4f,6,36480,364.8,1989,-198.9,1989,198.9,20392,-197.60000000000002
179.215900,0x132,7c 8e b7 07 93 4f,6,36476,364.76,1975,-197.5,1975,197.5,20371,-196.55000000000007
179.225900,0x132,78 8e c2 07 a4 4f,6,36472,364.72,1986,-198.60000000000002,1986,198.60000000000002,20388,-197.4000000000001
179.235900,0x132,88 8e b7 07 94 4f,6,36488,364.88,1975,-197.5,1975,197.5,20372,-196.60000000000002
179.246100,0x132,80 8e c1 07 a3 4f,6,36480,364.8,1985,-198.5,1985,198.5,20387,-197.35000000000002
179.256000,0x132,86 8e b7 07 89 4f,6,36486,364.86,1975,-197.5,1975,197.5,20361,-196.05000000000007
179.265900,0x132,6d 8e c2 07 a4 4f,6,36461,364.61,1986,-198.60000000000002,1986,198.60000000000002,20388,-197.4000000000001
179.276100,0x132,7a 8e b7 07 90 4f,6,36474,364.74,1975,-197.5,1975,197.5,20368,-196.4000000000001
179.286100,0x132,6a 8e c3 07 a0 4f,6,36458,364.58,1987,-198.70000000000002,1987,198.70000000000002,20384,-197.20000000000005
179.296100,0x132,7e 8e b7 07 8b 4f,6,36478,364.78000000000003,1975,-197.5,1975,197.5,20363,-196.1500000000001
179.305900,0x132,7e 8e c4 07 9d 4f,6,36478,364.78000000000003,1988,-198.8,1988,198.8,20381,-197.05000000000007
179.315900,0x132,75 8e b9 07 85 4f,6,36469,364.69,1977,-197.70000000000002,1977,197.70000000000002,20357,-195.85000000000002
179.325900,0x132,80 8e c1 07 9a 4f,6,36480,364.8,1985,-198.5,1985,198.5,20378,-196.9000000000001
179.335900,0x132,76 8e bb 07 a7 4f,6,36470,364.7,1979,-197.9,1979,197.9,20391,-197.55000000000007
179.346100,0x132,79 8e c3 07 9e 4f,6,36473,364.73,1987,-198.70000000000002,1987,198.70000000000002,20382,-197.10000000000002
179.356000,0x132,7c 8e b9 07 8e 4f,6,36476,364.76,1977,-197.70000000000002,1977,197.70000000000002,20366,-196.30000000000007
179.365900,0x132,75 8e c6 07 a5 4f,6,36469,364.69,1990,-199.0,1990,199.0,20389,-197.45000000000005
179.375900,0x132,7a 8e b9 07 96 4f,6,36474,364.74,1977,-197.70000000000002,1977,197.70000000000002,20374,-196.70000000000005
179.386100,0x132,80 8e c4 07 a2 4f,6,36480,364.8,1988,-198.8,1988,198.8,20386,-197.30000000000007
179.396200,0x132,78 8e b9 07 94 4f,6,36472,364.72,1977,-197.70000000000002,1977,197.70000000000002,20372,-196.60000000000002
179.405900,0x132,72 8e c4 07 a9 4f,6,36466,364.66,1988,-198.8,1988,198.8,20393,-197.6500000000001
179.415900,0x132,84 8e b9 07 98 4f,6,36484,364.84000000000003,1977,-197.70000000000002,1977,197.70000000000002,20376,-196.80000000000007
179.425900,0x132,81 8e c2 07 ad 4f,6,36481,364.81,1986,-198.60000000000002,1986,198.60000000000002,20397,-197.85000000000002
179.435900,0x132,75 8e b9 07 93 4f,6,36469,364.69,1977,-197.70000000000002,1977,197.70000000000002,20371,-196.55000000000007
179.445900,0x132,77 8e c2 07 a3 4f,6,36471,364.71,1986,-198.60000000000002,1986,198.60000000000002,20387,-197.35000000000002
179.456000,0x132,81 8e b6 07 90 4f,6,36481,364.81,1974,-197.4,1974,197.4,20368,-196.4000000000001
179.465900,0x132,70 8e c2 07 9f 4f,6,36464,364.64,1986,-198.60000000000002,1986,198.60000000000002,20383,-197.1500000000001
179.475900,0x132,7e 8e b5 07 8b 4f,6,36478,364.78000000000003,1973,-197.3,1973,197.3,20363,-196.1500000000001
179.486100,0x132,7b 8e c1 07 9d 4f,6,36475,364.75,1985,-198.5,1985,198.5,20381,-197.05000000000007
179.496100,0x132,74 8e b5 07 8b 4f,6,36468,364.68,1973,-197.3,1973,197.3,20363,-196.1500000000001
179.505900,0x132,75 8e c4 07 a0 4f,6,36469,364.69,1988,-198.8,1988,198.8,20384,-197.20000000000005
179.516100,0x132,7c 8e b4 07 86 4f,6,36476,364.76,1972,-197.20000000000002,1972,197.20000000000002,20358,-195.9000000000001
179.525900,0x132,7c 8e bf 07 98 4f,6,36476,364.76,1983,-198.3,1983,198.3,20376,-196.80000000000007
179.535900,0x132,77 8e b9 07 ac 4f,6,36471,364.71,1977,-197.70000000000002,1977,197.70000000000002,20396,-197.80000000000007
179.546200,0x132,85 8e c5 07 96 4f,6,36485,364.85,1989,-198.9,1989,198.9,20374,-196.70000000000005
179.556100,0x132,86 8e b6 07 87 4f,6,36486,364.86,1974,-197.4,1974,197.4,20359,-195.95000000000005
179.566000,0x132,81 8e c3 07 a0 4f,6,36481,364.81,1987,-198.70000000000002,1987,198.70000000000002,20384,-197.20000000000005
179.575900,0x132,6f 8e b3 07 86 4f,6,36463,364.63,1971,-197.10000000000002,1971,197.10000000000002,20358,-195.9000000000001
179.586100,0x132,83 8e c2 07 a3 4f,6,36483,364.83,1986,-198.60000000000002,1986,198.60000000000002,20387,-197.35000000000002
179.596200,0x132,82 8e b8 07 90 4f,6,36482,364.82,1976,-197.60000000000002,1976,197.60000000000002,20368,-196.4000000000001
179.605900,0x132,70 8e c3 07 a4 4f,6,36464,364.64,1987,-198.70000000000002,1987,198.70000000000002,20388,-197.4000000000001
179.616100,0x132,8a 8e b6 07 90 4f,6,36490,364.90000000000003,1974,-197.4,1974,197.4,20368,-196.4000000000001
179.625900,0x132,7e 8e c2 07 a5 4f,6,36478,364.78000000000003,1986,-198.60000000000002,1986,198.60000000000002,20389,-197.45000000000005
179.635900,0x132,7b 8e b8 07 99 4f,6,36475,364.75,1976,-197.60000000000002,1976,197.60000000000002,20377,-196.85000000000002
179.645900,0x132,81 8e c1 07 a7 4f,6,36481,364.81,1985,-198.5,1985,198.5,20391,-197.55000000000007
179.656000,0x132,78 8e b7 07 91 4f,6,36472,364.72,1975,-197.5,1975,197.5,20369,-196.45000000000005
179.665900,0x132,84 8e c2 07 a3 4f,6,36484,364.84000000000003,1986,-198.60000000000002,1986,198.60000000000002,20387,-197.35000000000002
179.675900,0x132,75 8e b5 07 93 4f,6,36469,364.69,1973,-197.3,1973,197.3,20371,-196.55000000000007
179.686100,0x132,73 8e c0 07 a5 4f,6,36467,364.67,1984,-198.4,1984,198.4,20389,-197.45000000000005
179.696200,0x132,78 8e b3 07 93 4f,6,36472,364.72,1971,-197.10000000000002,1971,197.10000000000002,20371,-196.55000000000007
179.705900,0x132,86 8e c0 07 a0 4f,6,36486,364.86,1984,-198.4,1984,198.4,20384,-197.20000000000005
179.715900,0x132,77 8e b3 07 89 4f,6,36471,364.71,1971,-197.10000000000002,1971,197.10000000000002,20361,-196.05000000000007
179.725900,0x132,6f 8e bc 07 9b 4f,6,36463,364.63,1980,-198.0,1980,198.0,20379,-196.95000000000005
179.735900,0x132,75 8e b3 07 89 4f,6,36469,364.69,1971,-197.10000000000002,1971,197.10000000000002,20361,-196.05000000000007
179.746200,0x132,77 8e bf 07 9b 4f,6,36471,364.71,1983,-198.3,1983,198.3,20379,-196.95000000000005
179.756000,0x132,6b 8e b4 07 85 4f,6,36459,364.59000000000003,1972,-197.20000000000002,1972,197.20000000000002,20357,-195.85000000000002
179.765900,0x132,78 8e bf 07 9a 4f,6,36472,364.72,1983,-198.3,1983,198.3,20378,-196.9000000000001
179.775900,0x132,7d 8e b2 07 86 4f,6,36477,364.77,1970,-197.0,1970,197.0,20358,-195.9000000000001
179.786100,0x132,76 8e c1 07 b6 4f,6,36470,364.7,1985,-198.5,1985,198.5,20406,-198.30000000000007
179.796200,0x132,80 8e b6 07 8e 4f,6,36480,364.8,1974,-197.4,1974,197.4,20366,-196.30000000000007
179.806000,0x132,7f 8e c2 07 9b 4f,6,36479,364.79,1986,-198.60000000000002,1986,198.60000000000002,20379,-196.95000000000005
179.815900,0x132,7a 8e b7 07 b3 4f,6,36474,364.74,1975,-197.5,1975,197.5,20403,-198.1500000000001
179.825900,0x132,75 8e be 07 a2 4f,6,36469,364.69,1982,-198.20000000000002,1982,198.20000000000002,20386,-197.30000000000007
179.835900,0x132,68 8e b8 07 b7 4f,6,36456,364.56,1976,-197.60000000000002,1976,197.60000000000002,20407,-198.35000000000002
179.845900,0x132,7d 8e bd 07 a0 4f,6,36477,364.77,1981,-198.10000000000002,1981,198.10000000000002,20384,-197.20000000000005
179.856100,0x132,74 8e b6 07 8c 4f,6,36468,364.68,1974,-197.4,1974,197.4,20364,-196.20000000000005
179.865900,0x132,76 8e c3 07 a7 4f,6,36470,364.7,1987,-198.70000000000002,1987,198.70000000000002,20391,-197.55000000000007
179.875900,0x132,7e 8e b8 07 95 4f,6,36478,364.78000000000003,1976,-197.60000000000002,1976,197.60000000000002,20373,-196.6500000000001
179.886100,0x132,7a 8e c1 07 a7 4f,6,36474,364.74,1985,-198.5,1985,198.5,20391,-197.55000000000007
179.896200,0x132,82 8e b7 07 9b 4f,6,36482,364.82,1975,-197.5,1975,197.5,20379,-196.95000000000005
179.906000,0x132,82 8e c5 07 aa 4f,6,36482,364.82,1989,-198.9,1989,198.9,20394,-197.70000000000005
179.915900,0x132,79 8e b6 07 98 4f,6,36473,364.73,1974,-197.4,1974,197.4,20376,-196.80000000000007
179.925900,0x132,82 8e c2 07 a8 4f,6,36482,364.82,1986,-198.60000000000002,1986,198.60000000000002,20392,-197.60000000000002
179.935900,0x132,78 8e b6 07 c7 4f,6,36472,364.72,1974,-197.4,1974,197.4,20423,-199.1500000000001
179.946100,0x132,7f 8e bd 07 a5 4f,6,36479,364.79,1981,-198.10000000000002,1981,198.10000000000002,20389,-197.45000000000005
179.956100,0x132,75 8e b4 07 94 4f,6,36469,364.69,1972,-197.20000000000002,1972,197.20000000000002,20372,-196.60000000000002
179.965900,0x132,79 8e bf 07 a7 4f,6,36473,364.73,1983,-198.3,1983,198.3,20391,-197.55000000000007
179.976000,0x132,78 8e b3 07 95 4f,6,36472,364.72,1971,-197.10000000000002,1971,197.10000000000002,20373,-196.6500000000001
179.986100,0x132,78 8e c1 07 9e 4f,6,36472,364.72,1985,-198.5,1985,198.5,20382,-197.10000000000002
179.996200,0x132,88 8e b4 07 8f 4f,6,36488,364.88,1972,-197.20000000000002,1972,197.20000000000002,20367,-196.35000000000002
180.006000,0x132,6f 8e be 07 9e 4f,6,36463,364.63,1982,-198.20000000000002,1982,198.20000000000002,20382,-197.10000000000002
180.015900,0x132,68 8e b2 07 89 4f,6,36456,364.56,1970,-197.0,1970,197.0,20361,-196.05000000000007
180.025900,0x132,82 8e bb 07 9a 4f,6,36482,364.82,1979,-197.9,1979,197.9,20378,-196.9000000000001
180.035900,0x132,74 8e b5 07 c3 4f,6,36468,364.68,1973,-197.3,1973,197.3,20419,-198.95000000000005
180.046000,0x132,7a 8e bd 07 bd 4f,6,36474,364.74,1981,-198.10000000000002,1981,198.10000000000002,20413,-198.6500000000001
180.056100,0x132,79 8e b4 07 8c 4f,6,36473,364.73,1972,-197.20000000000002,1972,197.20000000000002,20364,-196.20000000000005
180.065900,0x132,7d 8e bd 07 99 4f,6,36477,364.77,1981,-198.10000000000002,1981,198.10000000000002,20377,-196.85000000000002
180.076000,0x132,7b 8e b2 07 8a 4f,6,36475,364.75,1970,-197.0,1970,197.0,20362,-196.10000000000002
180.085900,0x132,72 8e bf 07 96 4f,6,36466,364.66,1983,-198.3,1983,198.3,20374,-196.70000000000005
180.096200,0x132,75 8e b4 07 8e 4f,6,36469,364.69,1972,-197.20000000000002,1972,197.20000000000002,20366,-196.30000000000007
180.106000,0x132,7a 8e c1 07 9e 4f,6,36474,364.74,1985,-198.5,1985,198.5,20382,-197.10000000000002
180.115900,0x132,74 8e b7 07 90 4f,6,36468,364.68,1975,-197.5,1975,197.5,20368,-196.4000000000001
180.125900,0x132,75 8e bd 07 a0 4f,6,36469,364.69,1981,-198.10000000000002,1981,198.10000000000002,20384,-197.20000000000005
180.135900,0x132,7e 8e b8 07 b9 4f,6,36478,364.78000000000003,1976,-197.60000000000002,1976,197.60000000000002,20409,-198.45000000000005
180.145900,0x132,7d 8e bd 07 a3 4f,6,36477,364.77,1981,-198.10000000000002,1981,198.10000000000002,20387,-197.35000000000002
180.156100,0x132,74 8e b5 07 90 4f,6,36468,364.68,1973,-197.3,1973,197.3,20368,-196.4000000000001
180.166000,0x132,7c 8e c0 07 a2 4f,6,36476,364.76,1984,-198.4,1984,198.4,20386,-197.30000000000007
180.176000,0x132,76 8e b5 07 95 4f,6,36470,364.7,1973,-197.3,1973,197.3,20373,-196.6500000000001
180.186100,0x132,81 8e c2 07 a8 4f,6,36481,364.81,1986,-198.60000000000002,1986,198.60000000000002,20392,-197.60000000000002
180.196200,0x132,7f 8e b5 07 9a 4f,6,36479,364.79,1973,-197.3,1973,197.3,20378,-196.9000000000001
180.206000,0x132,6e 8e be 07 aa 4f,6,36462,364.62,1982,-198.20000000000002,1982,198.20000000000002,20394,-197.70000000000005
180.215900,0x132,81 8e b6 07 9d 4f,6,36481,364.81,1974,-197.4,1974,197.4,20381,-197.05000000000007
180.225900,0x132,83 8e bf 07 a9 4f,6,36483,364.83,1983,-198.3,1983,198.3,20393,-197.6500000000001
180.235900,0x132,7a 8e b9 07 c9 4f,6,36474,364.74,1977,-197.70000000000002,1977,197.70000000000002,20425,-199.25
180.246000,0x132,7c 8e bb 07 ad 4f,6,36476,364.76,1979,-197.9,1979,197.9,20397,-197.85000000000002
180.256100,0x132,8c 8e b4 07 9b 4f,6,36492,364.92,1972,-197.20000000000002,1972,197.20000000000002,20379,-196.95000000000005
180.266000,0x132,84 8e be 07 a8 4f,6,36484,364.84000000000003,1982,-198.20000000000002,1982,198.20000000000002,20392,-197.60000000000002
180.276000,0x132,74 8e b3 07 96 4f,6,36468,364.68,1971,-197.10000000000002,1971,197.10000000000002,20374,-196.70000000000005
180.285900,0x132,6b 8e be 07 a9 4f,6,36459,364.59000000000003,1982,-198.20000000000002,1982,198.20000000000002,20393,-197.6500000000001
180.296200,0x132,86 8e b3 07 9b 4f,6,36486,364.86,1971,-197.10000000000002,1971,197.10000000000002,20379,-196.95000000000005
180.306000,0x132,72 8e bf 07 a4 4f,6,36466,364.66,1983,-198.3,1983,198.3,20388,-197.4000000000001
180.315900,0x132,7f 8e b2 07 99 4f,6,36479,364.79,1970,-197.0,1970,197.0,20377,-196.85000000000002
180.325900,0x132,7b 8e bb 07 a3 4f,6,36475,364.75,1979,-197.9,1979,197.9,20387,-197.35000000000002
180.335900,0x132,81 8e b1 07 c7 4f,6,36481,364.81,1969,-196.9,1969,196.9,20423,-199.1500000000001
180.346200,0x132,82 8e ba 07 c7 4f,6,36482,364.82,1978,-197.8,1978,197.8,20423,-199.1500000000001
180.356100,0x132,8b 8e b1 07 93 4f,6,36491,364.91,1969,-196.9,1969,196.9,20371,-196.55000000000007
180.366000,0x132,85 8e bc 07 a4 4f,6,36485,364.85,1980,-198.0,1980,198.0,20388,-197.4000000000001
180.376000,0x132,79 8e b3 07 91 4f,6,36473,364.73,1971,-197.10000000000002,1971,197.10000000000002,20369,-196.45000000000005
180.385900,0x132,81 8e bb 07 9e 4f,6,36481,364.81,1979,-197.9,1979,197.9,20382,-197.10000000000002
180.396200,0x132,82 8e b4 07 91 4f,6,36482,364.82,1972,-197.20000000000002,1972,197.20000000000002,20369,-196.45000000000005
180.406000,0x132,74 8e bd 07 9f 4f,6,36468,364.68,1981,-198.10000000000002,1981,198.10000000000002,20383,-197.1500000000001
180.415900,0x132,85 8e b5 07 94 4f,6,36485,364.85,1973,-197.3,1973,197.3,20372,-196.60000000000002
180.425900,0x132,7c 8e bb 07 9d 4f,6,36476,364.76,1979,-197.9,1979,197.9,20381,-197.05000000000007
180.435900,0x132,90 8e b5 07 bc 4f,6,36496,364.96,1973,-197.3,1973,197.3,20412,-198.60000000000002
180.446100,0x132,79 8e bd 07 c1 4f,6,36473,364.73,1981,-198.10000000000002,1981,198.10000000000002,20417,-198.85000000000002
180.456100,0x132,86 8e b4 07 96 4f,6,36486,364.86,1972,-197.20000000000002,1972,197.20000000000002,20374,-196.70000000000005
180.465900,0x132,7f 8e be 07 9b 4f,6,36479,364.79,1982,-198.20000000000002,1982,198.20000000000002,20379,-196.95000000000005
180.476000,0x132,7f 8e b4 07 94 4f,6,36479,364.79,1972,-197.20000000000002,1972,197.20000000000002,20372,-196.60000000000002
180.485900,0x132,7a 8e bf 07 a2 4f,6,36474,364.74,1983,-198.3,1983,198.3,20386,-197.30000000000007
180.496200,0x132,7d 8e b5 07 95 4f,6,36477,364.77,1973,-197.3,1973,197.3,20373,-196.6500000000001
180.506000,0x132,7a 8e bf 07 a4 4f,6,36474,364.74,1983,-198.3,1983,198.3,20388,-197.4000000000001
180.516100,0x132,84 8e b4 07 95 4f,6,36484,364.84000000000003,1972,-197.20000000000002,1972,197.20000000000002,20373,-196.6500000000001
180.525900,0x132,89 8e be 07 bd 4f,6,36489,364.89,1982,-198.20000000000002,1982,198.20000000000002,20413,-198.6500000000001
180.535900,0x132,79 8e b3 07 c2 4f,6,36473,364.73,1971,-197.10000000000002,1971,197.10000000000002,20418,-198.9000000000001
180.545900,0x132,6e 8e bd 07 bd 4f,6,36462,364.62,1981,-198.10000000000002,1981,198.10000000000002,20413,-198.6500000000001
180.556100,0x132,78 8e b5 07 9e 4f,6,36472,364.72,1973,-197.3,1973,197.3,20382,-197.10000000000002
180.566100,0x132,74 8e be 07 a5 4f,6,36468,364.68,1982,-198.20000000000002,1982,198.20000000000002,20389,-197.45000000000005
180.576000,0x132,75 8e b5 07 9d 4f,6,36469,364.69,1973,-197.3,1973,197.3,20381,-197.05000000000007
180.585900,0x132,84 8e c0 07 ac 4f,6,36484,364.84000000000003,1984,-198.4,1984,198.4,20396,-197.80000000000007
180.596200,0x132,81 8e b4 07 9e 4f,6,36481,364.81,1972,-197.20000000000002,1972,197.20000000000002,20382,-197.10000000000002
180.606000,0x132,81 8e bd 07 af 4f,6,36481,364.81,1981,-198.10000000000002,1981,198.10000000000002,20399,-197.95000000000005
180.615900,0x132,76 8e b5 07 c7 4f,6,36470,364.7,1973,-197.3,1973,197.3,20423,-199.1500000000001
180.625900,0x132,82 8e c0 07 cb 4f,6,36482,364.82,1984,-198.4,1984,198.4,20427,-199.35000000000002
180.635900,0x132,81 8e b5 07 c7 4f,6,36481,364.81,1973,-197.3,1973,197.3,20423,-199.1500000000001
180.645900,0x132,88 8e be 07 c2 4f,6,36488,364.88,1982,-198.20000000000002,1982,198.20000000000002,20418,-198.9000000000001
180.656000,0x132,7e 8e b2 07 a7 4f,6,36478,364.78000000000003,1970,-197.0,1970,197.0,20391,-197.55000000000007
180.666000,0x132,78 8e bd 07 ae 4f,6,36472,364.72,1981,-198.10000000000002,1981,198.10000000000002,20398,-197.9000000000001
180.676000,0x132,7a 8e b7 07 d0 4f,6,36474,364.74,1975,-197.5,1975,197.5,20432,-199.60000000000002
180.685900,0x132,77 8e bf 07 cc 4f,6,36471,364.71,1983,-198.3,1983,198.3,20428,-199.4000000000001
180.696200,0x132,7f 8e b4 07 d2 4f,6,36479,364.79,1972,-197.20000000000002,1972,197.20000000000002,20434,-199.70000000000005
180.706000,0x132,72 8e bb 07 ac 4f,6,36466,364.66,1979,-197.9,1979,197.9,20396,-197.80000000000007
180.715900,0x132,7d 8e b3 07 ce 4f,6,36477,364.77,1971,-197.10000000000002,1971,197.10000000000002,20430,-199.5
180.725900,0x132,85 8e b9 07 a8 4f,6,36485,364.85,1977,-197.70000000000002,1977,197.70000000000002,20392,-197.60000000000002
180.735900,0x132,7e 8e b4 07 cc 4f,6,36478,364.78000000000003,1972,-197.20000000000002,1972,197.20000000000002,20428,-199.4000000000001
180.745900,0x132,77 8e c0 07 cb 4f,6,36471,364.71,1984,-198.4,1984,198.4,20427,-199.35000000000002
180.756000,0x132,75 8e b0 07 9e 4f,6,36469,364.69,1968,-196.8,1968,196.8,20382,-197.10000000000002
180.766000,0x132,7d 8e ba 07 aa 4f,6,36477,364.77,1978,-197.8,1978,197.8,20394,-197.70000000000005
180.776000,0x132,80 8e b2 07 a0 4f,6,36480,364.8,1970,-197.0,1970,197.0,20384,-197.20000000000005
180.785900,0x132,80 8e be 07 c4 4f,6,36480,364.8,1982,-198.20000000000002,1982,198.20000000000002,20420,-199.0
180.796200,0x132,74 8e b1 07 a0 4f,6,36468,364.68,1969,-196.9,1969,196.9,20384,-197.20000000000005
180.806000,0x132,7d 8e bd 07 a8 4f,6,36477,364.77,1981,-198.10000000000002,1981,198.10000000000002,20392,-197.60000000000002
180.815900,0x132,89 8e af 07 c6 4f,6,36489,364.89,1967,-196.70000000000002,1967,196.70000000000002,20422,-199.10000000000002
180.825900,0x132,74 8e bc 07 a7 4f,6,36468,364.68,1980,-198.0,1980,198.0,20391,-197.55000000000007
180.835900,0x132,82 8e b1 07 c2 4f,6,36482,364.82,1969,-196.9,1969,196.9,20418,-198.9000000000001
180.846100,0x132,71 8e be 07 c3 4f,6,36465,364.65000000000003,1982,-198.20000000000002,1982,198.20000000000002,20419,-198.95000000000005
180.856000,0x132,78 8e b2 07 c3 4f,6,36472,364.72,1970,-197.0,1970,197.0,20419,-198.95000000000005
180.865900,0x132,82 8e b7 07 a4 4f,6,36482,364.82,1975,-197.5,1975,197.5,20388,-197.4000000000001
180.876000,0x132,78 8e ae 07 bf 4f,6,36472,364.72,1966,-196.60000000000002,1966,196.60000000000002,20415,-198.75
180.885900,0x132,86 8e bb 07 9f 4f,6,36486,364.86,1979,-197.9,1979,197.9,20383,-197.1500000000001
180.896100,0x132,65 8e b6 07 bf 4f,6,36453,364.53000000000003,1974,-197.4,1974,197.4,20415,-198.75
180.906000,0x132,85 8e bd 07 a2 4f,6,36485,364.85,1981,-198.10000000000002,1981,198.10000000000002,20386,-197.30000000000007
180.915900,0x132,75 8e b2 07 96 4f,6,36469,364.69,1970,-197.0,1970,197.0,20374,-196.70000000000005
180.926000,0x132,7d 8e bb 07 a0 4f,6,36477,364.77,1979,-197.9,1979,197.9,20384,-197.20000000000005
180.935900,0x132,82 8e b3 07 9a 4f,6,36482,364.82,1971,-197.10000000000002,1971,197.10000000000002,20378,-196.9000000000001
180.946000,0x132,79 8e bc 07 a7 4f,6,36473,364.73,1980,-198.0,1980,198.0,20391,-197.55000000000007
180.956000,0x132,7d 8e b1 07 99 4f,6,36477,364.77,1969,-196.9,1969,196.9,20377,-196.85000000000002
180.966000,0x132,7c 8e bc 07 b6 4f,6,36476,364.76,1980,-198.0,1980,198.0,20406,-198.30000000000007
180.976000,0x132,83 8e b5 07 9f 4f,6,36483,364.83,1973,-197.3,1973,197.3,20383,-197.1500000000001
180.985900,0x132,83 8e bc 07 a3 4f,6,36483,364.83,1980,-198.0,1980,198.0,20387,-197.35000000000002
180.996200,0x132,82 8e b3 07 9e 4f,6,36482,364.82,1971,-197.10000000000002,1971,197.10000000000002,20382,-197.10000000000002
181.006000,0x132,78 8e bc 07 a3 4f,6,36472,364.72,1980,-198.0,1980,198.0,20387,-197.35000000000002
181.015900,0x132,79 8e b3 07 9d 4f,6,36473,364.73,1971,-197.10000000000002,1971,197.10000000000002,20381,-197.05000000000007
181.025900,0x132,7d 8e bc 07 a8 4f,6,36477,364.77,1980,-198.0,1980,198.0,20392,-197.60000000000002
181.035900,0x132,7f 8e b2 07 c1 4f,6,36479,364.79,1970,-197.0,1970,197.0,20417,-198.85000000000002
181.045900,0x132,7e 8e bd 07 aa 4f,6,36478,364.78000000000003,1981,-198.10000000000002,1981,198.10000000000002,20394,-197.70000000000005
181.056000,0x132,70 8e b5 07 be 4f,6,36464,364.64,1973,-197.3,1973,197.3,20414,-198.70000000000005
181.066000,0x132,75 8e b8 07 b7 4f,6,36469,364.69,1976,-197.60000000000002,1976,197.60000000000002,20407,-198.35000000000002
181.076000,0x132,84 8e b5 07 a5 4f,6,36484,364.84000000000003,1973,-197.3,1973,197.3,20389,-197.45000000000005
181.085900,0x132,7e 8e bd 07 ac 4f,6,36478,364.78000000000003,1981,-198.10000000000002,1981,198.10000000000002,20396,-197.80000000000007
181.096200,0x132,76 8e b5 07 a5 4f,6,36470,364.7,1973,-197.3,1973,197.3,20389,-197.45000000000005
181.106000,0x132,7e 8e bd 07 aa 4f,6,36478,364.78000000000003,1981,-198.10000000000002,1981,198.10000000000002,20394,-197.70000000000005
181.115900,0x132,82 8e b2 07 bc 4f,6,36482,364.82,1970,-197.0,1970,197.0,20412,-198.60000000000002
181.125900,0x132,87 8e bd 07 ad 4f,6,36487,364.87,1981,-198.10000000000002,1981,198.10000000000002,20397,-197.85000000000002
181.135900,0x132,82 8e b2 07 be 4f,6,36482,364.82,1970,-197.0,1970,197.0,20414,-198.70000000000005
181.145900,0x132,84 8e b9 07 bc 4f,6,36484,364.84000000000003,1977,-197.70000000000002,1977,197.70000000000002,20412,-198.60000000000002
181.156000,0x132,72 8e b8 07 bf 4f,6,36466,364.66,1976,-197.60000000000002,1976,197.60000000000002,20415,-198.75
181.166200,0x132,85 8e bc 07 ba 4f,6,36485,364.85,1980,-198.0,1980,198.0,20410,-198.5
181.176000,0x132,77 8e b6 07 af 4f,6,36471,364.71,1974,-197.4,1974,197.4,20399,-197.95000000000005
181.186100,0x132,8e 8e bc 07 be 4f,6,36494,364.94,1980,-198.0,1980,198.0,20414,-198.70000000000005
181.196300,0x132,83 8e b5 07 c4 4f,6,36483,364.83,1973,-197.3,1973,197.3,20420,-199.0
181.206000,0x132,77 8e bc 07 bd 4f,6,36471,364.71,1980,-198.0,1980,198.0,20413,-198.6500000000001
181.215900,0x132,73 8e b5 07 c1 4f,6,36467,364.67,1973,-197.3,1973,197.3,20417,-198.85000000000002
181.225900,0x132,76 8e bd 07 bd 4f,6,36470,364.7,1981,-198.10000000000002,1981,198.10000000000002,20413,-198.6500000000001
181.235900,0x132,79 8e b6 07 c3 4f,6,36473,364.73,1974,-197.4,1974,197.4,20419,-198.95000000000005
181.246000,0x132,75 8e ba 07 be 4f,6,36469,364.69,1978,-197.8,1978,197.8,20414,-198.70000000000005
181.256100,0x132,7f 8e b3 07 c2 4f,6,36479,364.79,1971,-197.10000000000002,1971,197.10000000000002,20418,-198.9000000000001
181.266000,0x132,7b 8e b7 07 bc 4f,6,36475,364.75,1975,-197.5,1975,197.5,20412,-198.60000000000002
181.276000,0x132,7f 8e b5 07 c1 4f,6,36479,364.79,1973,-197.3,1973,197.3,20417,-198.85000000000002
181.285900,0x132,80 8e c0 07 b7 4f,6,36480,364.8,1984,-198.4,1984,198.4,20407,-198.35000000000002
181.296200,0x132,7c 8e b4 07 c1 4f,6,36476,364.76,1972,-197.20000000000002,1972,197.20000000000002,20417,-198.85000000000002
181.306100,0x132,6f 8e bb 07 bc 4f,6,36463,364.63,1979,-197.9,1979,197.9,20412,-198.60000000000002
181.315900,0x132,77 8e b4 07 b1 4f,6,36471,364.71,1972,-197.20000000000002,1972,197.20000000000002,20401,-198.05000000000007
181.325900,0x132,73 8e bc 07 c1 4f,6,36467,364.67,1980,-198.0,1980,198.0,20417,-198.85000000000002
181.335900,0x132,7c 8e b7 07 c9 4f,6,36476,364.76,1975,-197.5,1975,197.5,20425,-199.25
181.345900,0x132,83 8e bc 07 be 4f,6,36483,364.83,1980,-198.0,1980,198.0,20414,-198.70000000000005
181.356000,0x132,72 8e b7 07 c3 4f,6,36466,364.66,1975,-197.5,1975,197.5,20419,-198.95000000000005
181.366200,0x132,77 8e ba 07 bf 4f,6,36471,364.71,1978,-197.8,1978,197.8,20415,-198.75
181.376100,0x132,74 8e b5 07 c4 4f,6,36468,364.68,1973,-197.3,1973,197.3,20420,-199.0
181.385900,0x132,85 8e be 07 b9 4f,6,36485,364.85,1982,-198.20000000000002,1982,198.20000000000002,20409,-198.45000000000005
181.396300,0x132,82 8e b5 07 c8 4f,6,36482,364.82,1973,-197.3,1973,197.3,20424,-199.20000000000005
181.406100,0x132,85 8e bb 07 b1 4f,6,36485,364.85,1979,-197.9,1979,197.9,20401,-198.05000000000007
181.415900,0x132,8f 8e b3 07 be 4f,6,36495,364.95,1971,-197.10000000000002,1971,197.10000000000002,20414,-198.70000000000005
181.425900,0x132,7b 8e bb 07 be 4f,6,36475,364.75,1979,-197.9,1979,197.9,20414,-198.70000000000005
181.435900,0x132,74 8e b4 07 c1 4f,6,36468,364.68,1972,-197.20000000000002,1972,197.20000000000002,20417,-198.85000000000002
181.446000,0x132,83 8e bb 07 bd 4f,6,36483,364.83,1979,-197.9,1979,197.9,20413,-198.6500000000001
181.456100,0x132,82 8e b5 07 bf 4f,6,36482,364.82,1973,-197.3,1973,197.3,20415,-198.75
181.466200,0x132,78 8e ba 07 ba 4f,6,36472,364.72,1978,-197.8,1978,197.8,20410,-198.5
181.476100,0x132,84 8e b4 07 ba 4f,6,36484,364.84000000000003,1972,-197.20000000000002,1972,197.20000000000002,20410,-198.5
181.485900,0x132,7e 8e ba 07 b8 4f,6,36478,364.78000000000003,1978,-197.8,1978,197.8,20408,-198.4000000000001
181.496300,0x132,78 8e b5 07 c7 4f,6,36472,364.72,1973,-197.3,1973,197.3,20423,-199.1500000000001
181.506100,0x132,80 8e bb 07 bc 4f,6,36480,364.8,1979,-197.9,1979,197.9,20412,-198.60000000000002
181.516200,0x132,7e 8e b3 07 c1 4f,6,36478,364.78000000000003,1971,-197.10000000000002,1971,197.10000000000002,20417,-198.85000000000002
181.525900,0x132,78 8e b9 07 b9 4f,6,36472,364.72,1977,-197.70000000000002,1977,197.70000000000002,20409,-198.45000000000005
181.535900,0x132,6b 8e b4 07 c2 4f,6,36459,364.59000000000003,1972,-197.20000000000002,1972,197.20000000000002,20418,-198.9000000000001
181.545900,0x132,7e 8e ba 07 b4 4f,6,36478,364.78000000000003,1978,-197.8,1978,197.8,20404,-198.20000000000005
181.556000,0x132,8b 8e b5 07 bd 4f,6,36491,364.91,1973,-197.3,1973,197.3,20413,-198.6500000000001
181.566200,0x132,7d 8e bd 07 b7 4f,6,36477,364.77,1981,-198.10000000000002,1981,198.10000000000002,20407,-198.35000000000002
181.576100,0x132,76 8e b3 07 bd 4f,6,36470,364.7,1971,-197.10000000000002,1971,197.10000000000002,20413,-198.6500000000001
181.586100,0x132,84 8e b8 07 b3 4f,6,36484,364.84000000000003,1976,-197.60000000000002,1976,197.60000000000002,20403,-198.1500000000001
181.596300,0x132,84 8e b3 07 be 4f,6,36484,364.84000000000003,1971,-197.10000000000002,1971,197.10000000000002,20414,-198.70000000000005
181.606100,0x132,82 8e ba 07 b2 4f,6,36482,364.82,1978,-197.8,1978,197.8,20402,-198.10000000000002
181.615900,0x132,7c 8e b3 07 be 4f,6,36476,364.76,1971,-197.10000000000002,1971,197.10000000000002,20414,-198.70000000000005
181.625900,0x132,85 8e b9 07 b1 4f,6,36485,364.85,1977,-197.70000000000002,1977,197.70000000000002,20401,-198.05000000000007
181.635900,0x132,7d 8e b2 07 bc 4f,6,36477,364.77,1970,-197.0,1970,197.0,20412,-198.60000000000002
181.646000,0x132,7d 8e b9 07 b3 4f,6,36477,364.77,1977,-197.70000000000002,1977,197.70000000000002,20403,-198.1500000000001
181.656000,0x132,80 8e ae 07 c1 4f,6,36480,364.8,1966,-196.60000000000002,1966,196.60000000000002,20417,-198.85000000000002
181.666000,0x132,8f 8e ba 07 b6 4f,6,36495,364.95,1978,-197.8,1978,197.8,20406,-198.30000000000007
181.676100,0x132,88 8e b4 07 bc 4f,6,36488,364.88,1972,-197.20000000000002,1972,197.20000000000002,20412,-198.60000000000002
181.685900,0x132,87 8e b9 07 b1 4f,6,36487,364.87,1977,-197.70000000000002,1977,197.70000000000002,20401,-198.05000000000007
181.696200,0x132,82 8e b2 07 b6 4f,6,36482,364.82,1970,-197.0,1970,197.0,20406,-198.30000000000007
181.706100,0x132,8c 8e b9 07 b1 4f,6,36492,364.92,1977,-197.70000000000002,1977,197.70000000000002,20401,-198.05000000000007
181.715900,0x132,86 8e b1 07 b7 4f,6,36486,364.86,1969,-196.9,1969,196.9,20407,-198.35000000000002
181.725900,0x132,8c 8e b8 07 ad 4f,6,36492,364.92,1976,-197.60000000000002,1976,197.60000000000002,20397,-197.85000000000002
181.735900,0x132,7f 8e b2 07 b3 4f,6,36479,364.79,1970,-197.0,1970,197.0,20403,-198.1500000000001
181.746000,0x132,7d 8e b8 07 a8 4f,6,36477,364.77,1976,-197.60000000000002,1976,197.60000000000002,20392,-197.60000000000002
181.756000,0x132,85 8e b3 07 b8 4f,6,36485,364.85,1971,-197.10000000000002,1971,197.10000000000002,20408,-198.4000000000001
181.766200,0x132,95 8e b6 07 aa 4f,6,36501,365.01,1974,-197.4,1974,197.4,20394,-197.70000000000005
181.776100,0x132,7d 8e b1 07 b4 4f,6,36477,364.77,1969,-196.9,1969,196.9,20404,-198.20000000000005
181.785900,0x132,82 8e b9 07 ac 4f,6,36482,364.82,1977,-197.70000000000002,1977,197.70000000000002,20396,-197.80000000000007
181.796300,0x132,79 8e b2 07 b6 4f,6,36473,364.73,1970,-197.0,1970,197.0,20406,-198.30000000000007
181.806100,0x132,81 8e b7 07 a5 4f,6,36481,364.81,1975,-197.5,1975,197.5,20389,-197.45000000000005
181.815900,0x132,8d 8e b1 07 b6 4f,6,36493,364.93,1969,-196.9,1969,196.9,20406,-198.30000000000007
181.825900,0x132,80 8e b8 07 a7 4f,6,36480,364.8,1976,-197.60000000000002,1976,197.60000000000002,20391,-197.55000000000007
181.836000,0x132,80 8e b1 07 b4 4f,6,36480,364.8,1969,-196.9,1969,196.9,20404,-198.20000000000005
181.846000,0x132,88 8e b7 07 a8 4f,6,36488,364.88,1975,-197.5,1975,197.5,20392,-197.60000000000002
181.856000,0x132,88 8e b2 07 b2 4f,6,36488,364.88,1970,-197.0,1970,197.0,20402,-198.10000000000002
181.866200,0x132,7e 8e b7 07 a5 4f,6,36478,364.78000000000003,1975,-197.5,1975,197.5,20389,-197.45000000000005
181.876100,0x132,8d 8e b2 07 b6 4f,6,36493,364.93,1970,-197.0,1970,197.0,20406,-198.30000000000007
181.885900,0x132,74 8e b9 07 ae 4f,6,36468,364.68,1977,-197.70000000000002,1977,197.70000000000002,20398,-197.9000000000001
181.896200,0x132,7d 8e b2 07 b1 4f,6,36477,364.77,1970,-197.0,1970,197.0,20401,-198.05000000000007
181.906100,0x132,8e 8e b8 07 a9 4f,6,36494,364.94,1976,-197.60000000000002,1976,197.60000000000002,20393,-197.6500000000001
181.916100,0x132,74 8e b2 07 af 4f,6,36468,364.68,1970,-197.0,1970,197.0,20399,-197.95000000000005
181.925900,0x132,82 8e b8 07 a8 4f,6,36482,364.82,1976,-197.60000000000002,1976,197.60000000000002,20392,-197.60000000000002
181.936000,0x132,76 8e b2 07 b3 4f,6,36470,364.7,1970,-197.0,1970,197.0,20403,-198.1500000000001
181.946000,0x132,82 8e b8 07 a9 4f,6,36482,364.82,1976,-197.60000000000002,1976,197.60000000000002,20393,-197.6500000000001
181.956000,0x132,7e 8e aa 07 af 4f,6,36478,364.78000000000003,1962,-196.20000000000002,1962,196.20000000000002,20399,-197.95000000000005
181.966000,0x132,7c 8e b4 07 b7 4f,6,36476,364.76,1972,-197.20000000000002,1972,197.20000000000002,20407,-198.35000000000002
181.976100,0x132,89 8e b3 07 b6 4f,6,36489,364.89,1971,-197.10000000000002,1971,197.10000000000002,20406,-198.30000000000007
181.986000,0x132,7d 8e b7 07 a5 4f,6,36477,364.77,1975,-197.5,1975,197.5,20389,-197.45000000000005
181.996300,0x132,7d 8e b2 07 af 4f,6,36477,364.77,1970,-197.0,1970,197.0,20399,-197.95000000000005
182.006100,0x132,7b 8e b8 07 a4 4f,6,36475,364.75,1976,-197.60000000000002,1976,197.60000000000002,20388,-197.4000000000001
182.015900,0x132,79 8e b2 07 b2 4f,6,36473,364.73,1970,-197.0,1970,197.0,20402,-198.10000000000002
182.025900,0x132,8a 8e b8 07 a3 4f,6,36490,364.90000000000003,1976,-197.60000000000002,1976,197.60000000000002,20387,-197.35000000000002
182.036000,0x132,77 8e b3 07 b1 4f,6,36471,364.71,1971,-197.10000000000002,1971,197.10000000000002,20401,-198.05000000000007
182.046100,0x132,80 8e b9 07 a5 4f,6,36480,364.8,1977,-197.70000000000002,1977,197.70000000000002,20389,-197.45000000000005
182.056000,0x132,84 8e b4 07 ba 4f,6,36484,364.84000000000003,1972,-197.20000000000002,1972,197.20000000000002,20410,-198.5
182.066000,0x132,83 8e b9 07 a4 4f,6,36483,364.83,1977,-197.70000000000002,1977,197.70000000000002,20388,-197.4000000000001
182.076100,0x132,83 8e b5 07 b4 4f,6,36483,364.83,1973,-197.3,1973,197.3,20404,-198.20000000000005
182.086000,0x132,85 8e b9 07 a7 4f,6,36485,364.85,1977,-197.70000000000002,1977,197.70000000000002,20391,-197.55000000000007
182.096300,0x132,9b 8e b3 07 b1 4f,6,36507,365.07,1971,-197.10000000000002,1971,197.10000000000002,20401,-198.05000000000007
182.106100,0x132,82 8e b8 07 a3 4f,6,36482,364.82,1976,-197.60000000000002,1976,197.60000000000002,20387,-197.35000000000002
182.115900,0x132,8b 8e b2 07 ad 4f,6,36491,364.91,1970,-197.0,1970,197.0,20397,-197.85000000000002
182.125900,0x132,85 8e b8 07 a3 4f,6,36485,364.85,1976,-197.60000000000002,1976,197.60000000000002,20387,-197.35000000000002
182.135900,0x132,7a 8e b2 07 ae 4f,6,36474,364.74,1970,-197.0,1970,197.0,20398,-197.9000000000001
182.146000,0x132,7f 8e b8 07 9d 4f,6,36479,364.79,1976,-197.60000000000002,1976,197.60000000000002,20381,-197.05000000000007
182.156000,0x132,83 8e b1 07 ac 4f,6,36483,364.83,1969,-196.9,1969,196.9,20396,-197.80000000000007
182.166000,0x132,80 8e b8 07 a3 4f,6,36480,364.8,1976,-197.60000000000002,1976,197.60000000000002,20387,-197.35000000000002
182.176100,0x132,7e 8e b4 07 b3 4f,6,36478,364.78000000000003,1972,-197.20000000000002,1972,197.20000000000002,20403,-198.1500000000001
182.185900,0x132,7e 8e b8 07 9b 4f,6,36478,364.78000000000003,1976,-197.60000000000002,1976,197.60000000000002,20379,-196.95000000000005
182.196300,0x132,75 8e b4 07 af 4f,6,36469,364.69,1972,-197.20000000000002,1972,197.20000000000002,20399,-197.95000000000005
182.206100,0x132,90 8e b9 07 a3 4f,6,36496,364.96,1977,-197.70000000000002,1977,197.70000000000002,20387,-197.35000000000002
182.216000,0x132,72 8e b3 07 ac 4f,6,36466,364.66,1971,-197.10000000000002,1971,197.10000000000002,20396,-197.80000000000007
182.225900,0x132,84 8e b9 07 9e 4f,6,36484,364.84000000000003,1977,-197.70000000000002,1977,197.70000000000002,20382,-197.10000000000002
182.235900,0x132,84 8e b4 07 ad 4f,6,36484,364.84000000000003,1972,-197.20000000000002,1972,197.20000000000002,20397,-197.85000000000002
182.246100,0x132,7d 8e b8 07 9a 4f,6,36477,364.77,1976,-197.60000000000002,1976,197.60000000000002,20378,-196.9000000000001
182.256000,0x132,74 8e b7 07 c1 4f,6,36468,364.68,1975,-197.5,1975,197.5,20417,-198.85000000000002
182.266300,0x132,83 8e bb 07 c2 4f,6,36483,364.83,1979,-197.9,1979,197.9,20418,-198.9000000000001
182.276100,0x132,7e 8e b5 07 a9 4f,6,36478,364.78000000000003,1973,-197.3,1973,197.3,20393,-197.6500000000001
182.285900,0x132,81 8e b9 07 9e 4f,6,36481,364.81,1977,-197.70000000000002,1977,197.70000000000002,20382,-197.10000000000002
182.296300,0x132,81 8e b3 07 a8 4f,6,36481,364.81,1971,-197.10000000000002,1971,197.10000000000002,20392,-197.60000000000002
182.306100,0x132,69 8e b8 07 99 4f,6,36457,364.57,1976,-197.60000000000002,1976,197.60000000000002,20377,-196.85000000000002
182.316000,0x132,82 8e b2 07 a7 4f,6,36482,364.82,1970,-197.0,1970,197.0,20391,-197.55000000000007
182.326000,0x132,8c 8e b8 07 99 4f,6,36492,364.92,1976,-197.60000000000002,1976,197.60000000000002,20377,-196.85000000000002
182.336000,0x132,82 8e b4 07 aa 4f,6,36482,364.82,1972,-197.20000000000002,1972,197.20000000000002,20394,-197.70000000000005
182.346100,0x132,79 8e b7 07 98 4f,6,36473,364.73,1975,-197.5,1975,197.5,20376,-196.80000000000007
182.356000,0x132,7e 8e ab 07 a2 4f,6,36478,364.78000000000003,1963,-196.3,1963,196.3,20386,-197.30000000000007
182.366000,0x132,7f 8e b9 07 ba 4f,6,36479,364.79,1977,-197.70000000000002,1977,197.70000000000002,20410,-198.5
182.376100,0x132,7c 8e b4 07 a8 4f,6,36476,364.76,1972,-197.20000000000002,1972,197.20000000000002,20392,-197.60000000000002
182.385900,0x132,8b 8e b8 07 94 4f,6,36491,364.91,1976,-197.60000000000002,1976,197.60000000000002,20372,-196.60000000000002
182.396300,0x132,81 8e b3 07 a0 4f,6,36481,364.81,1971,-197.10000000000002,1971,197.10000000000002,20384,-197.20000000000005
182.406100,0x132,77 8e b7 07 8e 4f,6,36471,364.71,1975,-197.5,1975,197.5,20366,-196.30000000000007
182.416000,0x132,7b 8e b3 07 9d 4f,6,36475,364.75,1971,-197.10000000000002,1971,197.10000000000002,20381,-197.05000000000007
182.426000,0x132,88 8e b7 07 90 4f,6,36488,364.88,1975,-197.5,1975,197.5,20368,-196.4000000000001
182.436000,0x132,7c 8e b3 07 9d 4f,6,36476,364.76,1971,-197.10000000000002,1971,197.10000000000002,20381,-197.05000000000007
182.446000,0x132,81 8e b8 07 8c 4f,6,36481,364.81,1976,-197.60000000000002,1976,197.60000000000002,20364,-196.20000000000005
182.456000,0x132,81 8e b1 07 b4 4f,6,36481,364.81,1969,-196.9,1969,196.9,20404,-198.20000000000005
182.466000,0x132,8a 8e b8 07 b6 4f,6,36490,364.90000000000003,1976,-197.60000000000002,1976,197.60000000000002,20406,-198.30000000000007
182.476000,0x132,85 8e b4 07 9b 4f,6,36485,364.85,1972,-197.20000000000002,1972,197.20000000000002,20379,-196.95000000000005
182.486000,0x132,8a 8e b7 07 8a 4f,6,36490,364.90000000000003,1975,-197.5,1975,197.5,20362,-196.10000000000002
182.496300,0x132,82 8e b1 07 9a 4f,6,36482,364.82,1969,-196.9,1969,196.9,20378,-196.9000000000001
182.506100,0x132,78 8e b6 07 85 4f,6,36472,364.72,1974,-197.4,1974,197.4,20357,-195.85000000000002
182.516200,0x132,7f 8e b1 07 98 4f,6,36479,364.79,1969,-196.9,1969,196.9,20376,-196.80000000000007
182.526000,0x132,80 8e b4 07 81 4f,6,36480,364.8,1972,-197.20000000000002,1972,197.20000000000002,20353,-195.6500000000001
182.536000,0x132,80 8e b1 07 93 4f,6,36480,364.8,1969,-196.9,1969,196.9,20371,-196.55000000000007
182.546000,0x132,78 8e b6 07 87 4f,6,36472,364.72,1974,-197.4,1974,197.4,20359,-195.95000000000005
182.556100,0x132,89 8e ac 07 96 4f,6,36489,364.89,1964,-196.4,1964,196.4,20374,-196.70000000000005
182.566100,0x132,83 8e b6 07 86 4f,6,36483,364.83,1974,-197.4,1974,197.4,20358,-195.9000000000001
182.576300,0x132,7f 8e b1 07 95 4f,6,36479,364.79,1969,-196.9,1969,196.9,20373,-196.6500000000001
182.586000,0x132,86 8e b5 07 84 4f,6,36486,364.86,1973,-197.3,1973,197.3,20356,-195.80000000000007
182.596300,0x132,7c 8e b1 07 94 4f,6,36476,364.76,1969,-196.9,1969,196.9,20372,-196.60000000000002
182.606100,0x132,82 8e b4 07 7a 4f,6,36482,364.82,1972,-197.20000000000002,1972,197.20000000000002,20346,-195.30000000000007
182.616000,0x132,7c 8e af 07 90 4f,6,36476,364.76,1967,-196.70000000000002,1967,196.70000000000002,20368,-196.4000000000001
182.626000,0x132,80 8e b4 07 80 4f,6,36480,364.8,1972,-197.20000000000002,1972,197.20000000000002,20352,-195.60000000000002
182.636000,0x132,75 8e b0 07 94 4f,6,36469,364.69,1968,-196.8,1968,196.8,20372,-196.60000000000002
182.646200,0x132,80 8e b4 07 7a 4f,6,36480,364.8,1972,-197.20000000000002,1972,197.20000000000002,20346,-195.30000000000007
182.656000,0x132,85 8e b1 07 af 4f,6,36485,364.85,1969,-196.9,1969,196.9,20399,-197.95000000000005
182.666000,0x132,84 8e b9 07 a8 4f,6,36484,364.84000000000003,1977,-197.70000000000002,1977,197.70000000000002,20392,-197.60000000000002
182.676000,0x132,7d 8e b0 07 93 4f,6,36477,364.77,1968,-196.8,1968,196.8,20371,-196.55000000000007
182.686000,0x132,7a 8e b3 07 7d 4f,6,36474,364.74,1971,-197.10000000000002,1971,197.10000000000002,20349,-195.45000000000005
182.696300,0x132,7e 8e b0 07 99 4f,6,36478,364.78000000000003,1968,-196.8,1968,196.8,20377,-196.85000000000002
182.706200,0x132,76 8e b3 07 81 4f,6,36470,364.7,1971,-197.10000000000002,1971,197.10000000000002,20353,-195.6500000000001
182.716000,0x132,82 8e ae 07 8e 4f,6,36482,364.82,1966,-196.60000000000002,1966,196.60000000000002,20366,-196.30000000000007
182.726000,0x132,7b 8e b3 07 82 4f,6,36475,364.75,1971,-197.10000000000002,1971,197.10000000000002,20354,-195.70000000000005
182.736000,0x132,7e 8e af 07 94 4f,6,36478,364.78000000000003,1967,-196.70000000000002,1967,196.70000000000002,20372,-196.60000000000002
182.746000,0x132,82 8e b4 07 81 4f,6,36482,364.82,1972,-197.20000000000002,1972,197.20000000000002,20353,-195.6500000000001
182.756000,0x132,80 8e ab 07 9a 4f,6,36480,364.8,1963,-196.3,1963,196.3,20378,-196.9000000000001
182.766300,0x132,83 8e b5 07 a9 4f,6,36483,364.83,1973,-197.3,1973,197.3,20393,-197.6500000000001
182.776000,0x132,87 8e b0 07 98 4f,6,36487,364.87,1968,-196.8,1968,196.8,20376,-196.80000000000007
182.786000,0x132,82 8e b3 07 81 4f,6,36482,364.82,1971,-197.10000000000002,1971,197.10000000000002,20353,-195.6500000000001
182.796300,0x132,76 8e af 07 9b 4f,6,36470,364.7,1967,-196.70000000000002,1967,196.70000000000002,20379,-196.95000000000005
182.806200,0x132,7e 8e b3 07 81 4f,6,36478,364.78000000000003,1971,-197.10000000000002,1971,197.10000000000002,20353,-195.6500000000001
182.816000,0x132,80 8e b0 07 98 4f,6,36480,364.8,1968,-196.8,1968,196.8,20376,-196.80000000000007
182.826000,0x132,87 8e b4 07 89 4f,6,36487,364.87,1972,-197.20000000000002,1972,197.20000000000002,20361,-196.05000000000007
182.836000,0x132,78 8e b1 07 9b 4f,6,36472,364.72,1969,-196.9,1969,196.9,20379,-196.95000000000005
182.846000,0x132,86 8e b5 07 85 4f,6,36486,364.86,1973,-197.3,1973,197.3,20357,-195.85000000000002
182.856100,0x132,7d 8e b4 07 b7 4f,6,36477,364.77,1972,-197.20000000000002,1972,197.20000000000002,20407,-198.35000000000002
182.866200,0x132,83 8e af 07 80 4f,6,36483,364.83,1967,-196.70000000000002,1967,196.70000000000002,20352,-195.60000000000002
182.876000,0x132,80 8e b0 07 9f 4f,6,36480,364.8,1968,-196.8,1968,196.8,20383,-197.1500000000001
182.886000,0x132,8a 8e b6 07 86 4f,6,36490,364.90000000000003,1974,-197.4,1974,197.4,20358,-195.9000000000001
182.896300,0x132,88 8e b1 07 9e 4f,6,36488,364.88,1969,-196.9,1969,196.9,20382,-197.10000000000002
182.906200,0x132,79 8e b6 07 8b 4f,6,36473,364.73,1974,-197.4,1974,197.4,20363,-196.1500000000001
182.916000,0x132,79 8e b1 07 9d 4f,6,36473,364.73,1969,-196.9,1969,196.9,20381,-197.05000000000007
182.926000,0x132,83 8e b5 07 85 4f,6,36483,364.83,1973,-197.3,1973,197.3,20357,-195.85000000000002
182.936000,0x132,8e 8e b1 07 9b 4f,6,36494,364.94,1969,-196.9,1969,196.9,20379,-196.95000000000005
182.946100,0x132,91 8e b5 07 85 4f,6,36497,364.97,1973,-197.3,1973,197.3,20357,-195.85000000000002
182.956000,0x132,77 8e b3 07 bf 4f,6,36471,364.71,1971,-197.10000000000002,1971,197.10000000000002,20415,-198.75
182.966000,0x132,7c 8e b5 07 84 4f,6,36476,364.76,1973,-197.3,1973,197.3,20356,-195.80000000000007
182.976000,0x132,7e 8e b2 07 98 4f,6,36478,364.78000000000003,1970,-197.0,1970,197.0,20376,-196.80000000000007
182.986000,0x132,79 8e b6 07 85 4f,6,36473,364.73,1974,-197.4,1974,197.4,20357,-195.85000000000002
182.996300,0x132,84 8e b2 07 94 4f,6,36484,364.84000000000003,1970,-197.0,1970,197.0,20372,-196.60000000000002
183.006200,0x132,76 8e b5 07 7d 4f,6,36470,364.7,1973,-197.3,1973,197.3,20349,-195.45000000000005
183.016000,0x132,83 8e b2 07 94 4f,6,36483,364.83,1970,-197.0,1970,197.0,20372,-196.60000000000002
183.026000,0x132,80 8e b4 07 7f 4f,6,36480,364.8,1972,-197.20000000000002,1972,197.20000000000002,20351,-195.55000000000007
183.036000,0x132,80 8e b1 07 94 4f,6,36480,364.8,1969,-196.9,1969,196.9,20372,-196.60000000000002
183.046000,0x132,8d 8e b4 07 7b 4f,6,36493,364.93,1972,-197.20000000000002,1972,197.20000000000002,20347,-195.35000000000002
183.056000,0x132,89 8e b0 07 b4 4f,6,36489,364.89,1968,-196.8,1968,196.8,20404,-198.20000000000005
183.066000,0x132,8f 8e b8 07 ad 4f,6,36495,364.95,1976,-197.60000000000002,1976,197.60000000000002,20397,-197.85000000000002
183.076000,0x132,7e 8e b0 07 8e 4f,6,36478,364.78000000000003,1968,-196.8,1968,196.8,20366,-196.30000000000007
183.086000,0x132,81 8e b3 07 7c 4f,6,36481,364.81,1971,-197.10000000000002,1971,197.10000000000002,20348,-195.4000000000001
183.096300,0x132,83 8e af 07 86 4f,6,36483,364.83,1967,-196.70000000000002,1967,196.70000000000002,20358,-195.9000000000001
183.106200,0x132,8d 8e b4 07 78 4f,6,36493,364.93,1972,-197.20000000000002,1972,197.20000000000002,20344,-195.20000000000005
183.116000,0x132,7c 8e af 07 8a 4f,6,36476,364.76,1967,-196.70000000000002,1967,196.70000000000002,20362,-196.10000000000002
183.126000,0x132,74 8e b3 07 77 4f,6,36468,364.68,1971,-197.10000000000002,1971,197.10000000000002,20343,-195.1500000000001
183.136000,0x132,7c 8e ae 07 8b 4f,6,36476,364.76,1966,-196.60000000000002,1966,196.60000000000002,20363,-196.1500000000001
183.146000,0x132,89 8e b2 07 76 4f,6,36489,364.89,1970,-197.0,1970,197.0,20342,-195.10000000000002
183.156000,0x132,83 8e aa 07 8a 4f,6,36483,364.83,1962,-196.20000000000002,1962,196.20000000000002,20362,-196.10000000000002
183.166100,0x132,8b 8e b5 07 a2 4f,6,36491,364.91,1973,-197.3,1973,197.3,20386,-197.30000000000007
183.176000,0x132,72 8e af 07 8e 4f,6,36466,364.66,1967,-196.70000000000002,1967,196.70000000000002,20366,-196.30000000000007
183.186000,0x132,7b 8e b4 07 78 4f,6,36475,364.75,1972,-197.20000000000002,1972,197.20000000000002,20344,-195.20000000000005
183.196400,0x132,85 8e af 07 8e 4f,6,36485,364.85,1967,-196.70000000000002,1967,196.70000000000002,20366,-196.30000000000007
183.206200,0x132,87 8e b1 07 75 4f,6,36487,364.87,1969,-196.9,1969,196.9,20341,-195.05000000000007
183.216000,0x132,80 8e ad 07 8b 4f,6,36480,364.8,1965,-196.5,1965,196.5,20363,-196.1500000000001
183.226000,0x132,8e 8e b1 07 7a 4f,6,36494,364.94,1969,-196.9,1969,196.9,20346,-195.30000000000007
183.236200,0x132,89 8e ae 07 8f 4f,6,36489,364.89,1966,-196.60000000000002,1966,196.60000000000002,20367,-196.35000000000002
183.246100,0x132,86 8e b1 07 76 4f,6,36486,364.86,1969,-196.9,1969,196.9,20342,-195.10000000000002
183.256000,0x132,85 8e a6 07 95 4f,6,36485,364.85,1958,-195.8,1958,195.8,20373,-196.6500000000001
183.266100,0x132,7f 8e b6 07 ac 4f,6,36479,364.79,1974,-197.4,1974,197.4,20396,-197.80000000000007
183.276000,0x132,83 8e af 07 90 4f,6,36483,364.83,1967,-196.70000000000002,1967,196.70000000000002,20368,-196.4000000000001
183.286000,0x132,7e 8e b2 07 85 4f,6,36478,364.78000000000003,1970,-197.0,1970,197.0,20357,-195.85000000000002
183.296300,0x132,75 8e b0 07 96 4f,6,36469,364.69,1968,-196.8,1968,196.8,20374,-196.70000000000005
183.306200,0x132,7c 8e b3 07 7f 4f,6,36476,364.76,1971,-197.10000000000002,1971,197.10000000000002,20351,-195.55000000000007
183.316000,0x132,7f 8e ae 07 94 4f,6,36479,364.79,1966,-196.60000000000002,1966,196.60000000000002,20372,-196.60000000000002
183.326000,0x132,89 8e b2 07 7d 4f,6,36489,364.89,1970,-197.0,1970,197.0,20349,-195.45000000000005
183.336000,0x132,7b 8e b0 07 98 4f,6,36475,364.75,1968,-196.8,1968,196.8,20376,-196.80000000000007
183.346000,0x132,89 8e b3 07 7f 4f,6,36489,364.89,1971,-197.10000000000002,1971,197.10000000000002,20351,-195.55000000000007
183.356000,0x132,7e 8e ae 07 b7 4f,6,36478,364.78000000000003,1966,-196.60000000000002,1966,196.60000000000002,20407,-198.35000000000002
183.366000,0x132,87 8e b9 07 aa 4f,6,36487,364.87,1977,-197.70000000000002,1977,197.70000000000002,20394,-197.70000000000005
183.376000,0x132,83 8e b2 07 96 4f,6,36483,364.83,1970,-197.0,1970,197.0,20374,-196.70000000000005
183.386000,0x132,86 8e b5 07 7f 4f,6,36486,364.86,1973,-197.3,1973,197.3,20351,-195.55000000000007
183.396400,0x132,89 8e b0 07 8e 4f,6,36489,364.89,1968,-196.8,1968,196.8,20366,-196.30000000000007
183.406200,0x132,7f 8e b4 07 78 4f,6,36479,364.79,1972,-197.20000000000002,1972,197.20000000000002,20344,-195.20000000000005
183.416000,0x132,80 8e b0 07 90 4f,6,36480,364.8,1968,-196.8,1968,196.8,20368,-196.4000000000001
183.426000,0x132,84 8e b3 07 75 4f,6,36484,364.84000000000003,1971,-197.10000000000002,1971,197.10000000000002,20341,-195.05000000000007
183.436000,0x132,88 8e b0 07 8c 4f,6,36488,364.88,1968,-196.8,1968,196.8,20364,-196.20000000000005
183.446000,0x132,86 8e b3 07 76 4f,6,36486,364.86,1971,-197.10000000000002,1971,197.10000000000002,20342,-195.10000000000002
183.456000,0x132,75 8e ae 07 ac 4f,6,36469,364.69,1966,-196.60000000000002,1966,196.60000000000002,20396,-197.80000000000007
183.466200,0x132,83 8e b3 07 75 4f,6,36483,364.83,1971,-197.10000000000002,1971,197.10000000000002,20341,-195.05000000000007
183.476000,0x132,89 8e af 07 84 4f,6,36489,364.89,1967,-196.70000000000002,1967,196.70000000000002,20356,-195.80000000000007
183.486000,0x132,7c 8e b1 07 73 4f,6,36476,364.76,1969,-196.9,1969,196.9,20339,-194.95000000000005
183.496300,0x132,77 8e af 07 87 4f,6,36471,364.71,1967,-196.70000000000002,1967,196.70000000000002,20359,-195.95000000000005
183.506000,0x132,86 8e b0 07 70 4f,6,36486,364.86,1968,-196.8,1968,196.8,20336,-194.80000000000007
183.516200,0x132,81 8e ad 07 82 4f,6,36481,364.81,1965,-196.5,1965,196.5,20354,-195.70000000000005
183.526000,0x132,84 8e b0 07 73 4f,6,36484,364.84000000000003,1968,-196.8,1968,196.8,20339,-194.95000000000005
183.536000,0x132,80 8e ae 07 8e 4f,6,36480,364.8,1966,-196.60000000000002,1966,196.60000000000002,20366,-196.30000000000007
183.546000,0x132,8d 8e b1 07 75 4f,6,36493,364.93,1969,-196.9,1969,196.9,20341,-195.05000000000007
183.556200,0x132,96 8e aa 07 a2 4f,6,36502,365.02,1962,-196.20000000000002,1962,196.20000000000002,20386,-197.30000000000007
183.566000,0x132,89 8e b2 07 7b 4f,6,36489,364.89,1970,-197.0,1970,197.0,20347,-195.35000000000002
183.576000,0x132,8f 8e af 07 8c 4f,6,36495,364.95,1967,-196.70000000000002,1967,196.70000000000002,20364,-196.20000000000005
183.586000,0x132,8c 8e b1 07 7b 4f,6,36492,364.92,1969,-196.9,1969,196.9,20347,-195.35000000000002
183.596400,0x132,87 8e ae 07 95 4f,6,36487,364.87,1966,-196.60000000000002,1966,196.60000000000002,20373,-196.6500000000001
183.606000,0x132,82 8e b1 07 7a 4f,6,36482,364.82,1969,-196.9,1969,196.9,20346,-195.30000000000007
183.616000,0x132,87 8e af 07 95 4f,6,36487,364.87,1967,-196.70000000000002,1967,196.70000000000002,20373,-196.6500000000001
183.626000,0x132,7e 8e b2 07 7c 4f,6,36478,364.78000000000003,1970,-197.0,1970,197.0,20348,-195.4000000000001
183.636000,0x132,82 8e af 07 91 4f,6,36482,364.82,1967,-196.70000000000002,1967,196.70000000000002,20369,-196.45000000000005
183.646000,0x132,81 8e b2 07 7b 4f,6,36481,364.81,1970,-197.0,1970,197.0,20347,-195.35000000000002
183.656000,0x132,86 8e ad 07 af 4f,6,36486,364.86,1965,-196.5,1965,196.5,20399,-197.95000000000005
183.666000,0x132,83 8e b2 07 77 4f,6,36483,364.83,1970,-197.0,1970,197.0,20343,-195.1500000000001
183.676000,0x132,86 8e b0 07 93 4f,6,36486,364.86,1968,-196.8,1968,196.8,20371,-196.55000000000007
183.686000,0x132,89 8e b2 07 7d 4f,6,36489,364.89,1970,-197.0,1970,197.0,20349,-195.45000000000005
183.696300,0x132,8a 8e b0 07 91 4f,6,36490,364.90000000000003,1968,-196.8,1968,196.8,20369,-196.45000000000005
183.706000,0x132,7e 8e b3 07 7a 4f,6,36478,364.78000000000003,1971,-197.10000000000002,1971,197.10000000000002,20346,-195.30000000000007
183.716000,0x132,8c 8e af 07 8a 4f,6,36492,364.92,1967,-196.70000000000002,1967,196.70000000000002,20362,-196.10000000000002
183.726000,0x132,78 8e b1 07 75 4f,6,36472,364.72,1969,-196.9,1969,196.9,20341,-195.05000000000007
183.736000,0x132,86 8e af 07 89 4f,6,36486,364.86,1967,-196.70000000000002,1967,196.70000000000002,20361,-196.05000000000007
183.746000,0x132,87 8e b2 07 73 4f,6,36487,364.87,1970,-197.0,1970,197.0,20339,-194.95000000000005
183.756000,0x132,7e 8e ae 07 a3 4f,6,36478,364.78000000000003,1966,-196.60000000000002,1966,196.60000000000002,20387,-197.35000000000002
183.766200,0x132,7a 8e b2 07 6b 4f,6,36474,364.74,1970,-197.0,1970,197.0,20331,-194.55000000000007
183.776000,0x132,82 8e ae 07 82 4f,6,36482,364.82,1966,-196.60000000000002,1966,196.60000000000002,20354,-195.70000000000005
183.786000,0x132,7f 8e af 07 6d 4f,6,36479,364.79,1967,-196.70000000000002,1967,196.70000000000002,20333,-194.6500000000001
183.796400,0x132,81 8e ae 07 87 4f,6,36481,364.81,1966,-196.60000000000002,1966,196.60000000000002,20359,-195.95000000000005
183.806000,0x132,7c 8e ae 07 6b 4f,6,36476,364.76,1966,-196.60000000000002,1966,196.60000000000002,20331,-194.55000000000007
183.816000,0x132,82 8e ac 07 85 4f,6,36482,364.82,1964,-196.4,1964,196.4,20357,-195.85000000000002
183.826000,0x132,75 8e af 07 70 4f,6,36469,364.69,1967,-196.70000000000002,1967,196.70000000000002,20336,-194.80000000000007
183.836000,0x132,7b 8e ac 07 89 4f,6,36475,364.75,1964,-196.4,1964,196.4,20361,-196.05000000000007
183.846000,0x132,84 8e af 07 73 4f,6,36484,364.84000000000003,1967,-196.70000000000002,1967,196.70000000000002,20339,-194.95000000000005
183.856100,0x132,84 8e ae 07 a3 4f,6,36484,364.84000000000003,1966,-196.60000000000002,1966,196.60000000000002,20387,-197.35000000000002
183.866000,0x132,80 8e ae 07 73 4f,6,36480,364.8,1966,-196.60000000000002,1966,196.60000000000002,20339,-194.95000000000005
183.876000,0x132,81 8e ae 07 91 4f,6,36481,364.81,1966,-196.60000000000002,1966,196.60000000000002,20369,-196.45000000000005
183.886000,0x132,86 8e af 07 7b 4f,6,36486,364.86,1967,-196.70000000000002,1967,196.70000000000002,20347,-195.35000000000002
183.896200,0x132,78 8e ad 07 91 4f,6,36472,364.72,1965,-196.5,1965,196.5,20369,-196.45000000000005
183.906000,0x132,7e 8e af 07 7f 4f,6,36478,364.78000000000003,1967,-196.70000000000002,1967,196.70000000000002,20351,-195.55000000000007
183.916000,0x132,82 8e ad 07 91 4f,6,36482,364.82,1965,-196.5,1965,196.5,20369,-196.45000000000005
183.926000,0x132,84 8e b1 07 7d 4f,6,36484,364.84000000000003,1969,-196.9,1969,196.9,20349,-195.45000000000005
183.936000,0x132,91 8e af 07 90 4f,6,36497,364.97,1967,-196.70000000000002,1967,196.70000000000002,20368,-196.4000000000001
183.946100,0x132,8f 8e b1 07 7a 4f,6,36495,364.95,1969,-196.9,1969,196.9,20346,-195.30000000000007
183.956000,0x132,8d 8e b2 07 a7 4f,6,36493,364.93,1970,-197.0,1970,197.0,20391,-197.55000000000007
183.966000,0x132,81 8e b3 07 77 4f,6,36481,364.81,1971,-197.10000000000002,1971,197.10000000000002,20343,-195.1500000000001
183.976000,0x132,7d 8e af 07 8f 4f,6,36477,364.77,1967,-196.70000000000002,1967,196.70000000000002,20367,-196.35000000000002
183.986000,0x132,85 8e b1 07 72 4f,6,36485,364.85,1969,-196.9,1969,196.9,20338,-194.9000000000001
183.996300,0x132,94 8e ae 07 8a 4f,6,36500,365.0,1966,-196.60000000000002,1966,196.60000000000002,20362,-196.10000000000002
184.006000,0x132,8f 8e af 07 6d 4f,6,36495,364.95,1967,-196.70000000000002,1967,196.70000000000002,20333,-194.6500000000001
184.016000,0x132,84 8e ad 07 87 4f,6,36484,364.84000000000003,1965,-196.5,1965,196.5,20359,-195.95000000000005
184.026000,0x132,8c 8e ae 07 6d 4f,6,36492,364.92,1966,-196.60000000000002,1966,196.60000000000002,20333,-194.6500000000001
184.036000,0x132,84 8e ae 07 84 4f,6,36484,364.84000000000003,1966,-196.60000000000002,1966,196.60000000000002,20356,-195.80000000000007
184.046000,0x132,8e 8e af 07 6d 4f,6,36494,364.94,1967,-196.70000000000002,1967,196.70000000000002,20333,-194.6500000000001
184.056100,0x132,80 8e ac 07 96 4f,6,36480,364.8,1964,-196.4,1964,196.4,20374,-196.70000000000005
184.066100,0x132,89 8e b2 07 8b 4f,6,36489,364.89,1970,-197.0,1970,197.0,20363,-196.1500000000001
184.076000,0x132,80 8e ae 07 8a 4f,6,36480,364.8,1966,-196.60000000000002,1966,196.60000000000002,20362,-196.10000000000002
184.086000,0x132,6e 8e ad 07 6f 4f,6,36462,364.62,1965,-196.5,1965,196.5,20335,-194.75
184.096300,0x132,82 8e ac 07 90 4f,6,36482,364.82,1964,-196.4,1964,196.4,20368,-196.4000000000001
184.106000,0x132,80 8e af 07 7b 4f,6,36480,364.8,1967,-196.70000000000002,1967,196.70000000000002,20347,-195.35000000000002
184.116000,0x132,80 8e ac 07 8c 4f,6,36480,364.8,1964,-196.4,1964,196.4,20364,-196.20000000000005
184.126000,0x132,8d 8e ae 07 75 4f,6,36493,364.93,1966,-196.60000000000002,1966,196.60000000000002,20341,-195.05000000000007
184.136000,0x132,78 8e ad 07 93 4f,6,36472,364.72,1965,-196.5,1965,196.5,20371,-196.55000000000007
184.146100,0x132,74 8e af 07 7d 4f,6,36468,364.68,1967,-196.70000000000002,1967,196.70000000000002,20349,-195.45000000000005
184.156000,0x132,7e 8e ae 07 a3 4f,6,36478,364.78000000000003,1966,-196.60000000000002,1966,196.60000000000002,20387,-197.35000000000002
184.166200,0x132,82 8e b2 07 81 4f,6,36482,364.82,1970,-197.0,1970,197.0,20353,-195.6500000000001
184.176000,0x132,84 8e b0 07 93 4f,6,36484,364.84000000000003,1968,-196.8,1968,196.8,20371,-196.55000000000007
184.186000,0x132,75 8e b1 07 7a 4f,6,36469,364.69,1969,-196.9,1969,196.9,20346,-195.30000000000007
184.196400,0x132,86 8e af 07 94 4f,6,36486,364.86,1967,-196.70000000000002,1967,196.70000000000002,20372,-196.60000000000002
184.206000,0x132,89 8e b0 07 76 4f,6,36489,364.89,1968,-196.8,1968,196.8,20342,-195.10000000000002
184.216000,0x132,8b 8e ae 07 8b 4f,6,36491,364.91,1966,-196.60000000000002,1966,196.60000000000002,20363,-196.1500000000001
184.226000,0x132,7c 8e b0 07 76 4f,6,36476,364.76,1968,-196.8,1968,196.8,20342,-195.10000000000002
184.236000,0x132,76 8e ae 07 8b 4f,6,36470,364.7,1966,-196.60000000000002,1966,196.60000000000002,20363,-196.1500000000001
184.246000,0x132,86 8e af 07 71 4f,6,36486,364.86,1967,-196.70000000000002,1967,196.70000000000002,20337,-194.85000000000002
184.256000,0x132,7e 8e af 07 9a 4f,6,36478,364.78000000000003,1967,-196.70000000000002,1967,196.70000000000002,20378,-196.9000000000001
184.266100,0x132,87 8e b4 07 8c 4f,6,36487,364.87,1972,-197.20000000000002,1972,197.20000000000002,20364,-196.20000000000005
184.276000,0x132,83 8e ad 07 89 4f,6,36483,364.83,1965,-196.5,1965,196.5,20361,-196.05000000000007
184.286000,0x132,88 8e ae 07 71 4f,6,36488,364.88,1966,-196.60000000000002,1966,196.60000000000002,20337,-194.85000000000002
184.296400,0x132,88 8e ac 07 87 4f,6,36488,364.88,1964,-196.4,1964,196.4,20359,-195.95000000000005
184.306000,0x132,80 8e ad 07 73 4f,6,36480,364.8,1965,-196.5,1965,196.5,20339,-194.95000000000005
184.316000,0x132,82 8e ab 07 8b 4f,6,36482,364.82,1963,-196.3,1963,196.3,20363,-196.1500000000001
184.326000,0x132,7e 8e ad 07 7a 4f,6,36478,364.78000000000003,1965,-196.5,1965,196.5,20346,-195.30000000000007
184.336000,0x132,84 8e ad 07 93 4f,6,36484,364.84000000000003,1965,-196.5,1965,196.5,20371,-196.55000000000007
184.346100,0x132,85 8e ae 07 77 4f,6,36485,364.85,1966,-196.60000000000002,1966,196.60000000000002,20343,-195.1500000000001
184.356000,0x132,86 8e ab 07 99 4f,6,36486,364.86,1963,-196.3,1963,196.3,20377,-196.85000000000002
184.366000,0x132,9e 8e b0 07 8c 4f,6,36510,365.1,1968,-196.8,1968,196.8,20364,-196.20000000000005
184.376000,0x132,85 8e b2 07 9f 4f,6,36485,364.85,1970,-197.0,1970,197.0,20383,-197.1500000000001
184.386000,0x132,82 8e b3 07 8f 4f,6,36482,364.82,1971,-197.10000000000002,1971,197.10000000000002,20367,-196.35000000000002
184.396400,0x132,8b 8e ad 07 9e 4f,6,36491,364.91,1965,-196.5,1965,196.5,20382,-197.10000000000002
184.406000,0x132,81 8e b2 07 8b 4f,6,36481,364.81,1970,-197.0,1970,197.0,20363,-196.1500000000001
184.416000,0x132,88 8e ac 07 9e 4f,6,36488,364.88,1964,-196.4,1964,196.4,20382,-197.10000000000002
184.426000,0x132,82 8e b2 07 8a 4f,6,36482,364.82,1970,-197.0,1970,197.0,20362,-196.10000000000002
184.436000,0x132,85 8e af 07 9d 4f,6,36485,364.85,1967,-196.70000000000002,1967,196.70000000000002,20381,-197.05000000000007
184.446100,0x132,81 8e b3 07 86 4f,6,36481,364.81,1971,-197.10000000000002,1971,197.10000000000002,20358,-195.9000000000001
184.456000,0x132,89 8e b2 07 b8 4f,6,36489,364.89,1970,-197.0,1970,197.0,20408,-198.4000000000001
184.466100,0x132,8b 8e b0 07 70 4f,6,36491,364.91,1968,-196.8,1968,196.8,20336,-194.80000000000007
184.476000,0x132,88 8e ad 07 8c 4f,6,36488,364.88,1965,-196.5,1965,196.5,20364,-196.20000000000005
184.486000,0x132,88 8e b1 07 7c 4f,6,36488,364.88,1969,-196.9,1969,196.9,20348,-195.4000000000001
184.496400,0x132,96 8e ac 07 8f 4f,6,36502,365.02,1964,-196.4,1964,196.4,20367,-196.35000000000002
184.506000,0x132,7d 8e b0 07 7b 4f,6,36477,364.77,1968,-196.8,1968,196.8,20347,-195.35000000000002
184.516200,0x132,76 8e ab 07 89 4f,6,36470,364.7,1963,-196.3,1963,196.3,20361,-196.05000000000007
184.526000,0x132,85 8e ae 07 7b 4f,6,36485,364.85,1966,-196.60000000000002,1966,196.60000000000002,20347,-195.35000000000002
184.536000,0x132,8c 8e aa 07 8e 4f,6,36492,364.92,1962,-196.20000000000002,1962,196.20000000000002,20366,-196.30000000000007
184.546000,0x132,82 8e b0 07 7f 4f,6,36482,364.82,1968,-196.8,1968,196.8,20351,-195.55000000000007
184.556200,0x132,93 8e a7 07 93 4f,6,36499,364.99,1959,-195.9,1959,195.9,20371,-196.55000000000007
184.566200,0x132,7f 8e aa 07 80 4f,6,36479,364.79,1962,-196.20000000000002,1962,196.20000000000002,20352,-195.60000000000002
184.576000,0x132,76 8e ac 07 9a 4f,6,36470,364.7,1964,-196.4,1964,196.4,20378,-196.9000000000001
184.586000,0x132,80 8e b0 07 8a 4f,6,36480,364.8,1968,-196.8,1968,196.8,20362,-196.10000000000002
184.596400,0x132,84 8e ad 07 98 4f,6,36484,364.84000000000003,1965,-196.5,1965,196.5,20376,-196.80000000000007
184.606000,0x132,89 8e b1 07 8a 4f,6,36489,364.89,1969,-196.9,1969,196.9,20362,-196.10000000000002
184.616000,0x132,7e 8e ad 07 95 4f,6,36478,364.78000000000003,1965,-196.5,1965,196.5,20373,-196.6500000000001
184.626000,0x132,79 8e b2 07 8a 4f,6,36473,364.73,1970,-197.0,1970,197.0,20362,-196.10000000000002
184.636000,0x132,8f 8e ad 07 98 4f,6,36495,364.95,1965,-196.5,1965,196.5,20376,-196.80000000000007
184.646000,0x132,8e 8e b1 07 84 4f,6,36494,364.94,1969,-196.9,1969,196.9,20356,-195.80000000000007
184.656000,0x132,7c 8e a9 07 93 4f,6,36476,364.76,1961,-196.10000000000002,1961,196.10000000000002,20371,-196.55000000000007
184.666100,0x132,83 8e b0 07 b2 4f,6,36483,364.83,1968,-196.8,1968,196.8,20402,-198.10000000000002
184.676000,0x132,84 8e ad 07 8a 4f,6,36484,364.84000000000003,1965,-196.5,1965,196.5,20362,-196.10000000000002
184.686000,0x132,8f 8e b0 07 78 4f,6,36495,364.95,1968,-196.8,1968,196.8,20344,-195.20000000000005
184.696400,0x132,8d 8e ab 07 89 4f,6,36493,364.93,1963,-196.3,1963,196.3,20361,-196.05000000000007
184.706000,0x132,84 8e af 07 77 4f,6,36484,364.84000000000003,1967,-196.70000000000002,1967,196.70000000000002,20343,-195.1500000000001
184.716000,0x132,7d 8e a9 07 84 4f,6,36477,364.77,1961,-196.10000000000002,1961,196.10000000000002,20356,-195.80000000000007
184.726000,0x132,8f 8e ae 07 7b 4f,6,36495,364.95,1966,-196.60000000000002,1966,196.60000000000002,20347,-195.35000000000002
184.736000,0x132,7e 8e aa 07 8a 4f,6,36478,364.78000000000003,1962,-196.20000000000002,1962,196.20000000000002,20362,-196.10000000000002
184.746000,0x132,89 8e af 07 7b 4f,6,36489,364.89,1967,-196.70000000000002,1967,196.70000000000002,20347,-195.35000000000002
184.756000,0x132,8b 8e aa 07 a9 4f,6,36491,364.91,1962,-196.20000000000002,1962,196.20000000000002,20393,-197.6500000000001
184.766200,0x132,87 8e ae 07 85 4f,6,36487,364.87,1966,-196.60000000000002,1966,196.60000000000002,20357,-195.85000000000002
184.776000,0x132,79 8e ad 07 98 4f,6,36473,364.73,1965,-196.5,1965,196.5,20376,-196.80000000000007
184.786000,0x132,7d 8e b0 07 86 4f,6,36477,364.77,1968,-196.8,1968,196.8,20358,-195.9000000000001
184.796400,0x132,96 8e ad 07 9a 4f,6,36502,365.02,1965,-196.5,1965,196.5,20378,-196.9000000000001
184.806000,0x132,94 8e b1 07 84 4f,6,36500,365.0,1969,-196.9,1969,196.9,20356,-195.80000000000007
184.816000,0x132,8e 8e ac 07 96 4f,6,36494,364.94,1964,-196.4,1964,196.4,20374,-196.70000000000005
184.826000,0x132,8f 8e b2 07 82 4f,6,36495,364.95,1970,-197.0,1970,197.0,20354,-195.70000000000005
184.836000,0x132,8b 8e ad 07 8c 4f,6,36491,364.91,1965,-196.5,1965,196.5,20364,-196.20000000000005
184.846000,0x132,9b 8e b1 07 78 4f,6,36507,365.07,1969,-196.9,1969,196.9,20344,-195.20000000000005
184.856200,0x132,86 8e ad 07 ad 4f,6,36486,364.86,1965,-196.5,1965,196.5,20397,-197.85000000000002
184.866300,0x132,84 8e af 07 73 4f,6,36484,364.84000000000003,1967,-196.70000000000002,1967,196.70000000000002,20339,-194.95000000000005
184.876000,0x132,8d 8e ac 07 87 4f,6,36493,364.93,1964,-196.4,1964,196.4,20359,-195.95000000000005
184.886000,0x132,89 8e ae 07 71 4f,6,36489,364.89,1966,-196.60000000000002,1966,196.60000000000002,20337,-194.85000000000002
184.896400,0x132,83 8e ab 07 86 4f,6,36483,364.83,1963,-196.3,1963,196.3,20358,-195.9000000000001
184.906000,0x132,82 8e ae 07 78 4f,6,36482,364.82,1966,-196.60000000000002,1966,196.60000000000002,20344,-195.20000000000005
184.916000,0x132,84 8e aa 07 8a 4f,6,36484,364.84000000000003,1962,-196.20000000000002,1962,196.20000000000002,20362,-196.10000000000002
184.926000,0x132,86 8e ae 07 75 4f,6,36486,364.86,1966,-196.60000000000002,1966,196.60000000000002,20341,-195.05000000000007
184.936000,0x132,89 8e aa 07 90 4f,6,36489,364.89,1962,-196.20000000000002,1962,196.20000000000002,20368,-196.4000000000001
184.946100,0x132,87 8e af 07 81 4f,6,36487,364.87,1967,-196.70000000000002,1967,196.70000000000002,20353,-195.6500000000001
184.956100,0x132,84 8e ab 07 b1 4f,6,36484,364.84000000000003,1963,-196.3,1963,196.3,20401,-198.05000000000007
184.966100,0x132,83 8e af 07 84 4f,6,36483,364.83,1967,-196.70000000000002,1967,196.70000000000002,20356,-195.80000000000007
184.976000,0x132,87 8e ae 07 95 4f,6,36487,364.87,1966,-196.60000000000002,1966,196.60000000000002,20373,-196.6500000000001
184.986000,0x132,8e 8e b0 07 7d 4f,6,36494,364.94,1968,-196.8,1968,196.8,20349,-195.45000000000005
184.996400,0x132,88 8e ac 07 91 4f,6,36488,364.88,1964,-196.4,1964,196.4,20369,-196.45000000000005
185.006000,0x132,82 8e b0 07 75 4f,6,36482,364.82,1968,-196.8,1968,196.8,20341,-195.05000000000007
185.016000,0x132,87 8e ad 07 8b 4f,6,36487,364.87,1965,-196.5,1965,196.5,20363,-196.1500000000001
185.026000,0x132,92 8e b0 07 73 4f,6,36498,364.98,1968,-196.8,1968,196.8,20339,-194.95000000000005
185.036000,0x132,8d 8e ac 07 86 4f,6,36493,364.93,1964,-196.4,1964,196.4,20358,-195.9000000000001
185.046100,0x132,81 8e af 07 6f 4f,6,36481,364.81,1967,-196.70000000000002,1967,196.70000000000002,20335,-194.75
185.056000,0x132,89 8e ab 07 a8 4f,6,36489,364.89,1963,-196.3,1963,196.3,20392,-197.60000000000002
185.066100,0x132,88 8e ac 07 6d 4f,6,36488,364.88,1964,-196.4,1964,196.4,20333,-194.6500000000001
185.076000,0x132,8c 8e a9 07 81 4f,6,36492,364.92,1961,-196.10000000000002,1961,196.10000000000002,20353,-195.6500000000001
185.086000,0x132,81 8e ad 07 75 4f,6,36481,364.81,1965,-196.5,1965,196.5,20341,-195.05000000000007
185.096400,0x132,85 8e a9 07 89 4f,6,36485,364.85,1961,-196.10000000000002,1961,196.10000000000002,20361,-196.05000000000007
185.106000,0x132,82 8e ad 07 7a 4f,6,36482,364.82,1965,-196.5,1965,196.5,20346,-195.30000000000007
185.116000,0x132,91 8e a9 07 86 4f,6,36497,364.97,1961,-196.10000000000002,1961,196.10000000000002,20358,-195.9000000000001
185.126000,0x132,95 8e af 07 7f 4f,6,36501,365.01,1967,-196.70000000000002,1967,196.70000000000002,20351,-195.55000000000007
185.136000,0x132,8a 8e ac 07 8c 4f,6,36490,364.90000000000003,1964,-196.4,1964,196.4,20364,-196.20000000000005
185.146000,0x132,84 8e af 07 77 4f,6,36484,364.84000000000003,1967,-196.70000000000002,1967,196.70000000000002,20343,-195.1500000000001
185.156000,0x132,8b 8e ad 07 b6 4f,6,36491,364.91,1965,-196.5,1965,196.5,20406,-198.30000000000007
185.166100,0x132,86 8e ae 07 7a 4f,6,36486,364.86,1966,-196.60000000000002,1966,196.60000000000002,20346,-195.30000000000007
185.176000,0x132,91 8e ad 07 8b 4f,6,36497,364.97,1965,-196.5,1965,196.5,20363,-196.1500000000001
185.186000,0x132,8e 8e b0 07 6f 4f,6,36494,364.94,1968,-196.8,1968,196.8,20335,-194.75
185.196400,0x132,89 8e ab 07 84 4f,6,36489,364.89,1963,-196.3,1963,196.3,20356,-195.80000000000007
185.206000,0x132,8b 8e ae 07 69 4f,6,36491,364.91,1966,-196.60000000000002,1966,196.60000000000002,20329,-194.45000000000005
185.216000,0x132,8e 8e a9 07 7f 4f,6,36494,364.94,1961,-196.10000000000002,1961,196.10000000000002,20351,-195.55000000000007
185.226000,0x132,95 8e ad 07 6b 4f,6,36501,365.01,1965,-196.5,1965,196.5,20331,-194.55000000000007
185.236000,0x132,8e 8e aa 07 80 4f,6,36494,364.94,1962,-196.20000000000002,1962,196.20000000000002,20352,-195.60000000000002
185.246000,0x132,86 8e ac 07 72 4f,6,36486,364.86,1964,-196.4,1964,196.4,20338,-194.9000000000001
185.256000,0x132,87 8e a6 07 86 4f,6,36487,364.87,1958,-195.8,1958,195.8,20358,-195.9000000000001
185.266200,0x132,91 8e af 07 a4 4f,6,36497,364.97,1967,-196.70000000000002,1967,196.70000000000002,20388,-197.4000000000001
185.276000,0x132,8b 8e a9 07 89 4f,6,36491,364.91,1961,-196.10000000000002,1961,196.10000000000002,20361,-196.05000000000007
185.286000,0x132,88 8e ae 07 80 4f,6,36488,364.88,1966,-196.60000000000002,1966,196.60000000000002,20352,-195.60000000000002
185.296400,0x132,9e 8e ac 07 90 4f,6,36510,365.1,1964,-196.4,1964,196.4,20368,-196.4000000000001
185.306000,0x132,86 8e af 07 7c 4f,6,36486,364.86,1967,-196.70000000000002,1967,196.70000000000002,20348,-195.4000000000001
185.316000,0x132,85 8e ab 07 8e 4f,6,36485,364.85,1963,-196.3,1963,196.3,20366,-196.30000000000007
185.326000,0x132,7d 8e af 07 77 4f,6,36477,364.77,1967,-196.70000000000002,1967,196.70000000000002,20343,-195.1500000000001
185.336000,0x132,89 8e ac 07 87 4f,6,36489,364.89,1964,-196.4,1964,196.4,20359,-195.95000000000005
185.346000,0x132,80 8e b0 07 71 4f,6,36480,364.8,1968,-196.8,1968,196.8,20337,-194.85000000000002
185.356100,0x132,90 8e ab 07 a9 4f,6,36496,364.96,1963,-196.3,1963,196.3,20393,-197.6500000000001
185.366100,0x132,90 8e b1 07 9f 4f,6,36496,364.96,1969,-196.9,1969,196.9,20383,-197.1500000000001
185.376000,0x132,8c 8e aa 07 7f 4f,6,36492,364.92,1962,-196.20000000000002,1962,196.20000000000002,20351,-195.55000000000007
185.386000,0x132,87 8e ad 07 6d 4f,6,36487,364.87,1965,-196.5,1965,196.5,20333,-194.6500000000001
185.396400,0x132,89 8e a9 07 80 4f,6,36489,364.89,1961,-196.10000000000002,1961,196.10000000000002,20352,-195.60000000000002
185.406000,0x132,8d 8e aa 07 6c 4f,6,36493,364.93,1962,-196.20000000000002,1962,196.20000000000002,20332,-194.60000000000002
185.416000,0x132,80 8e a8 07 86 4f,6,36480,364.8,1960,-196.0,1960,196.0,20358,-195.9000000000001
185.426000,0x132,83 8e ac 07 76 4f,6,36483,364.83,1964,-196.4,1964,196.4,20342,-195.10000000000002
185.436000,0x132,87 8e aa 07 8e 4f,6,36487,364.87,1962,-196.20000000000002,1962,196.20000000000002,20366,-196.30000000000007
185.446200,0x132,8d 8e ae 07 78 4f,6,36493,364.93,1966,-196.60000000000002,1966,196.60000000000002,20344,-195.20000000000005
185.456100,0x132,93 8e aa 07 aa 4f,6,36499,364.99,1962,-196.20000000000002,1962,196.20000000000002,20394,-197.70000000000005
185.466300,0x132,9b 8e ad 07 77 4f,6,36507,365.07,1965,-196.5,1965,196.5,20343,-195.1500000000001
185.476000,0x132,8e 8e ac 07 8b 4f,6,36494,364.94,1964,-196.4,1964,196.4,20363,-196.1500000000001
185.486000,0x132,91 8e af 07 72 4f,6,36497,364.97,1967,-196.70000000000002,1967,196.70000000000002,20338,-194.9000000000001
185.496500,0x132,8b 8e ab 07 81 4f,6,36491,364.91,1963,-196.3,1963,196.3,20353,-195.6500000000001
185.506000,0x132,8e 8e ad 07 6b 4f,6,36494,364.94,1965,-196.5,1965,196.5,20331,-194.55000000000007
185.516200,0x132,85 8e a9 07 7b 4f,6,36485,364.85,1961,-196.10000000000002,1961,196.10000000000002,20347,-195.35000000000002
185.526000,0x132,8a 8e ab 07 63 4f,6,36490,364.90000000000003,1963,-196.3,1963,196.3,20323,-194.1500000000001
185.536000,0x132,90 8e a9 07 7d 4f,6,36496,364.96,1961,-196.10000000000002,1961,196.10000000000002,20349,-195.45000000000005
185.546200,0x132,8e 8e ac 07 6c 4f,6,36494,364.94,1964,-196.4,1964,196.4,20332,-194.60000000000002
185.556100,0x132,91 8e a9 07 a0 4f,6,36497,364.97,1961,-196.10000000000002,1961,196.10000000000002,20384,-197.20000000000005
185.566200,0x132,87 8e ac 07 71 4f,6,36487,364.87,1964,-196.4,1964,196.4,20337,-194.85000000000002
185.576100,0x132,84 8e aa 07 8b 4f,6,36484,364.84000000000003,1962,-196.20000000000002,1962,196.20000000000002,20363,-196.1500000000001
185.586000,0x132,99 8e ad 07 71 4f,6,36505,365.05,1965,-196.5,1965,196.5,20337,-194.85000000000002
185.596500,0x132,91 8e aa 07 90 4f,6,36497,364.97,1962,-196.20000000000002,1962,196.20000000000002,20368,-196.4000000000001
185.606000,0x132,7f 8e af 07 75 4f,6,36479,364.79,1967,-196.70000000000002,1967,196.70000000000002,20341,-195.05000000000007
185.616000,0x132,85 8e aa 07 86 4f,6,36485,364.85,1962,-196.20000000000002,1962,196.20000000000002,20358,-195.9000000000001
185.626000,0x132,99 8e ae 07 6f 4f,6,36505,365.05,1966,-196.60000000000002,1966,196.60000000000002,20335,-194.75
185.636000,0x132,81 8e ab 07 81 4f,6,36481,364.81,1963,-196.3,1963,196.3,20353,-195.6500000000001
185.646100,0x132,87 8e ae 07 65 4f,6,36487,364.87,1966,-196.60000000000002,1966,196.60000000000002,20325,-194.25
185.656100,0x132,87 8e ab 07 9d 4f,6,36487,364.87,1963,-196.3,1963,196.3,20381,-197.05000000000007
185.666000,0x132,81 8e ad 07 68 4f,6,36481,364.81,1965,-196.5,1965,196.5,20328,-194.4000000000001
185.676100,0x132,89 8e a9 07 7b 4f,6,36489,364.89,1961,-196.10000000000002,1961,196.10000000000002,20347,-195.35000000000002
185.686000,0x132,8f 8e ab 07 66 4f,6,36495,364.95,1963,-196.3,1963,196.3,20326,-194.30000000000007
185.696400,0x132,8a 8e a7 07 84 4f,6,36490,364.90000000000003,1959,-195.9,1959,195.9,20356,-195.80000000000007
185.706000,0x132,8c 8e ab 07 6d 4f,6,36492,364.92,1963,-196.3,1963,196.3,20333,-194.6500000000001
185.716000,0x132,8e 8e a8 07 84 4f,6,36494,364.94,1960,-196.0,1960,196.0,20356,-195.80000000000007
185.726000,0x132,88 8e ab 07 70 4f,6,36488,364.88,1963,-196.3,1963,196.3,20336,-194.80000000000007
185.736000,0x132,8d 8e a9 07 8c 4f,6,36493,364.93,1961,-196.10000000000002,1961,196.10000000000002,20364,-196.20000000000005
185.746200,0x132,89 8e ae 07 77 4f,6,36489,364.89,1966,-196.60000000000002,1966,196.60000000000002,20343,-195.1500000000001
185.756100,0x132,8a 8e a9 07 a4 4f,6,36490,364.90000000000003,1961,-196.10000000000002,1961,196.10000000000002,20388,-197.4000000000001
185.766100,0x132,95 8e b0 07 9d 4f,6,36501,365.01,1968,-196.8,1968,196.8,20381,-197.05000000000007
185.776100,0x132,7e 8e ac 07 80 4f,6,36478,364.78000000000003,1964,-196.4,1964,196.4,20352,-195.60000000000002
185.786000,0x132,7e 8e ac 07 66 4f,6,36478,364.78000000000003,1964,-196.4,1964,196.4,20326,-194.30000000000007
185.796400,0x132,8b 8e a8 07 7c 4f,6,36491,364.91,1960,-196.0,1960,196.0,20348,-195.4000000000001
185.806000,0x132,92 8e aa 07 63 4f,6,36498,364.98,1962,-196.20000000000002,1962,196.20000000000002,20323,-194.1500000000001
185.816000,0x132,8d 8e a6 07 76 4f,6,36493,364.93,1958,-195.8,1958,195.8,20342,-195.10000000000002
185.826000,0x132,82 8e a9 07 6b 4f,6,36482,364.82,1961,-196.10000000000002,1961,196.10000000000002,20331,-194.55000000000007
185.836000,0x132,88 8e a8 07 7f 4f,6,36488,364.88,1960,-196.0,1960,196.0,20351,-195.55000000000007
185.846200,0x132,85 8e ab 07 70 4f,6,36485,364.85,1963,-196.3,1963,196.3,20336,-194.80000000000007
185.856100,0x132,8d 8e a8 07 9f 4f,6,36493,364.93,1960,-196.0,1960,196.0,20383,-197.1500000000001
185.866100,0x132,78 8e ac 07 75 4f,6,36472,364.72,1964,-196.4,1964,196.4,20341,-195.05000000000007
185.876100,0x132,8d 8e aa 07 8a 4f,6,36493,364.93,1962,-196.20000000000002,1962,196.20000000000002,20362,-196.10000000000002
185.886000,0x132,86 8e ad 07 71 4f,6,36486,364.86,1965,-196.5,1965,196.5,20337,-194.85000000000002
185.896300,0x132,89 8e aa 07 89 4f,6,36489,364.89,1962,-196.20000000000002,1962,196.20000000000002,20361,-196.05000000000007
185.906000,0x132,87 8e ad 07 6e 4f,6,36487,364.87,1965,-196.5,1965,196.5,20334,-194.70000000000005
185.916000,0x132,99 8e aa 07 7b 4f,6,36505,365.05,1962,-196.20000000000002,1962,196.20000000000002,20347,-195.35000000000002
185.926100,0x132,89 8e ab 07 63 4f,6,36489,364.89,1963,-196.3,1963,196.3,20323,-194.1500000000001
185.936000,0x132,93 8e a8 07 77 4f,6,36499,364.99,1960,-196.0,1960,196.0,20343,-195.1500000000001
185.946100,0x132,82 8e aa 07 69 4f,6,36482,364.82,1962,-196.20000000000002,1962,196.20000000000002,20329,-194.45000000000005
185.956100,0x132,8e 8e a6 07 98 4f,6,36494,364.94,1958,-195.8,1958,195.8,20376,-196.80000000000007
185.966000,0x132,8a 8e ad 07 93 4f,6,36490,364.90000000000003,1965,-196.5,1965,196.5,20371,-196.55000000000007
185.976100,0x132,8f 8e a9 07 81 4f,6,36495,364.95,1961,-196.10000000000002,1961,196.10000000000002,20353,-195.6500000000001
185.986000,0x132,8b 8e aa 07 69 4f,6,36491,364.91,1962,-196.20000000000002,1962,196.20000000000002,20329,-194.45000000000005
185.996300,0x132,9c 8e a8 07 89 4f,6,36508,365.08,1960,-196.0,1960,196.0,20361,-196.05000000000007
186.006000,0x132,8e 8e ac 07 70 4f,6,36494,364.94,1964,-196.4,1964,196.4,20336,-194.80000000000007
186.016000,0x132,93 8e aa 07 86 4f,6,36499,364.99,1962,-196.20000000000002,1962,196.20000000000002,20358,-195.9000000000001
186.026000,0x132,90 8e ab 07 6d 4f,6,36496,364.96,1963,-196.3,1963,196.3,20333,-194.6500000000001
186.036000,0x132,85 8e aa 07 80 4f,6,36485,364.85,1962,-196.20000000000002,1962,196.20000000000002,20352,-195.60000000000002
186.046100,0x132,8e 8e ac 07 68 4f,6,36494,364.94,1964,-196.4,1964,196.4,20328,-194.4000000000001
186.056100,0x132,84 8e a9 07 98 4f,6,36484,364.84000000000003,1961,-196.10000000000002,1961,196.10000000000002,20376,-196.80000000000007
186.066100,0x132,7c 8e ae 07 89 4f,6,36476,364.76,1966,-196.60000000000002,1966,196.60000000000002,20361,-196.05000000000007
186.076100,0x132,7e 8e a9 07 7b 4f,6,36478,364.78000000000003,1961,-196.10000000000002,1961,196.10000000000002,20347,-195.35000000000002
186.086000,0x132,8b 8e a9 07 65 4f,6,36491,364.91,1961,-196.10000000000002,1961,196.10000000000002,20325,-194.25
186.096300,0x132,7e 8e a8 07 7f 4f,6,36478,364.78000000000003,1960,-196.0,1960,196.0,20351,-195.55000000000007
186.106000,0x132,8f 8e aa 07 6b 4f,6,36495,364.95,1962,-196.20000000000002,1962,196.20000000000002,20331,-194.55000000000007
186.116000,0x132,89 8e a7 07 84 4f,6,36489,364.89,1959,-195.9,1959,195.9,20356,-195.80000000000007
186.126000,0x132,82 8e ab 07 73 4f,6,36482,364.82,1963,-196.3,1963,196.3,20339,-194.95000000000005
186.136000,0x132,81 8e aa 07 8a 4f,6,36481,364.81,1962,-196.20000000000002,1962,196.20000000000002,20362,-196.10000000000002
186.146200,0x132,7e 8e ac 07 6d 4f,6,36478,364.78000000000003,1964,-196.4,1964,196.4,20333,-194.6500000000001
186.156100,0x132,97 8e aa 07 a3 4f,6,36503,365.03000000000003,1962,-196.20000000000002,1962,196.20000000000002,20387,-197.35000000000002
186.166100,0x132,8b 8e ad 07 6b 4f,6,36491,364.91,1965,-196.5,1965,196.5,20331,-194.55000000000007
186.176100,0x132,87 8e aa 07 7f 4f,6,36487,364.87,1962,-196.20000000000002,1962,196.20000000000002,20351,-195.55000000000007
186.186000,0x132,92 8e aa 07 65 4f,6,36498,364.98,1962,-196.20000000000002,1962,196.20000000000002,20325,-194.25
186.196500,0x132,8a 8e a8 07 7a 4f,6,36490,364.90000000000003,1960,-196.0,1960,196.0,20346,-195.30000000000007
186.206000,0x132,86 8e a9 07 60 4f,6,36486,364.86,1961,-196.10000000000002,1961,196.10000000000002,20320,-194.0
186.216000,0x132,86 8e a7 07 7f 4f,6,36486,364.86,1959,-195.9,1959,195.9,20351,-195.55000000000007
186.226000,0x132,96 8e a9 07 6b 4f,6,36502,365.02,1961,-196.10000000000002,1961,196.10000000000002,20331,-194.55000000000007
186.236000,0x132,8a 8e a7 07 80 4f,6,36490,364.90000000000003,1959,-195.9,1959,195.9,20352,-195.60000000000002
186.246100,0x132,91 8e aa 07 73 4f,6,36497,364.97,1962,-196.20000000000002,1962,196.20000000000002,20339,-194.95000000000005
186.256100,0x132,8f 8e a9 07 9a 4f,6,36495,364.95,1961,-196.10000000000002,1961,196.10000000000002,20378,-196.9000000000001
186.266100,0x132,8d 8e b0 07 96 4f,6,36493,364.93,1968,-196.8,1968,196.8,20374,-196.70000000000005
186.276100,0x132,8c 8e aa 07 87 4f,6,36492,364.92,1962,-196.20000000000002,1962,196.20000000000002,20359,-195.95000000000005
186.286000,0x132,82 8e ac 07 68 4f,6,36482,364.82,1964,-196.4,1964,196.4,20328,-194.4000000000001
186.296300,0x132,87 8e aa 07 84 4f,6,36487,364.87,1962,-196.20000000000002,1962,196.20000000000002,20356,-195.80000000000007
186.306000,0x132,8c 8e ab 07 63 4f,6,36492,364.92,1963,-196.3,1963,196.3,20323,-194.1500000000001
186.316000,0x132,91 8e a7 07 7c 4f,6,36497,364.97,1959,-195.9,1959,195.9,20348,-195.4000000000001
186.326000,0x132,90 8e a8 07 63 4f,6,36496,364.96,1960,-196.0,1960,196.0,20323,-194.1500000000001
186.336000,0x132,87 8e a7 07 7c 4f,6,36487,364.87,1959,-195.9,1959,195.9,20348,-195.4000000000001
186.346500,0x132,81 8e a9 07 6d 4f,6,36481,364.81,1961,-196.10000000000002,1961,196.10000000000002,20333,-194.6500000000001
186.356100,0x132,91 8e a5 07 91 4f,6,36497,364.97,1957,-195.70000000000002,1957,195.70000000000002,20369,-196.45000000000005
186.366100,0x132,7c 8e ac 07 8c 4f,6,36476,364.76,1964,-196.4,1964,196.4,20364,-196.20000000000005
186.376100,0x132,8c 8e a8 07 89 4f,6,36492,364.92,1960,-196.0,1960,196.0,20361,-196.05000000000007
186.386000,0x132,95 8e ac 07 76 4f,6,36501,365.01,1964,-196.4,1964,196.4,20342,-195.10000000000002
186.396400,0x132,88 8e aa 07 84 4f,6,36488,364.88,1962,-196.20000000000002,1962,196.20000000000002,20356,-195.80000000000007
186.406000,0x132,8f 8e aa 07 6b 4f,6,36495,364.95,1962,-196.20000000000002,1962,196.20000000000002,20331,-194.55000000000007
186.416000,0x132,8f 8e a8 07 7a 4f,6,36495,364.95,1960,-196.0,1960,196.0,20346,-195.30000000000007
186.426000,0x132,94 8e a8 07 5e 4f,6,36500,365.0,1960,-196.0,1960,196.0,20318,-193.9000000000001
186.436000,0x132,92 8e a8 07 7d 4f,6,36498,364.98,1960,-196.0,1960,196.0,20349,-195.45000000000005
186.446100,0x132,8a 8e a8 07 62 4f,6,36490,364.90000000000003,1960,-196.0,1960,196.0,20322,-194.10000000000002
186.456100,0x132,8f 8e a7 07 89 4f,6,36495,364.95,1959,-195.9,1959,195.9,20361,-196.05000000000007
186.466300,0x132,87 8e aa 07 6b 4f,6,36487,364.87,1962,-196.20000000000002,1962,196.20000000000002,20331,-194.55000000000007
186.476100,0x132,8c 8e a7 07 85 4f,6,36492,364.92,1959,-195.9,1959,195.9,20357,-195.85000000000002
186.486000,0x132,84 8e a8 07 70 4f,6,36484,364.84000000000003,1960,-196.0,1960,196.0,20336,-194.80000000000007
186.496500,0x132,96 8e a8 07 86 4f,6,36502,365.02,1960,-196.0,1960,196.0,20358,-195.9000000000001
186.506000,0x132,97 8e aa 07 72 4f,6,36503,365.03000000000003,1962,-196.20000000000002,1962,196.20000000000002,20338,-194.9000000000001
186.516300,0x132,86 8e a9 07 80 4f,6,36486,364.86,1961,-196.10000000000002,1961,196.10000000000002,20352,-195.60000000000002
186.526000,0x132,83 8e aa 07 66 4f,6,36483,364.83,1962,-196.20000000000002,1962,196.20000000000002,20326,-194.30000000000007
186.536000,0x132,85 8e a8 07 7b 4f,6,36485,364.85,1960,-196.0,1960,196.0,20347,-195.35000000000002
186.546100,0x132,86 8e a9 07 65 4f,6,36486,364.86,1961,-196.10000000000002,1961,196.10000000000002,20325,-194.25
186.556100,0x132,91 8e a7 07 8b 4f,6,36497,364.97,1959,-195.9,1959,195.9,20363,-196.1500000000001
186.566300,0x132,91 8e ab 07 61 4f,6,36497,364.97,1963,-196.3,1963,196.3,20321,-194.05000000000007
186.576100,0x132,80 8e a5 07 7d 4f,6,36480,364.8,1957,-195.70000000000002,1957,195.70000000000002,20349,-195.45000000000005
186.586000,0x132,96 8e a7 07 69 4f,6,36502,365.02,1959,-195.9,1959,195.9,20329,-194.45000000000005
186.596400,0x132,87 8e a6 07 85 4f,6,36487,364.87,1958,-195.8,1958,195.8,20357,-195.85000000000002
186.606100,0x132,7d 8e a9 07 6e 4f,6,36477,364.77,1961,-196.10000000000002,1961,196.10000000000002,20334,-194.70000000000005
186.616000,0x132,8f 8e a8 07 87 4f,6,36495,364.95,1960,-196.0,1960,196.0,20359,-195.95000000000005
186.626000,0x132,97 8e a9 07 6d 4f,6,36503,365.03000000000003,1961,-196.10000000000002,1961,196.10000000000002,20333,-194.6500000000001
186.636100,0x132,8f 8e a8 07 7d 4f,6,36495,364.95,1960,-196.0,1960,196.0,20349,-195.45000000000005
186.646100,0x132,90 8e a9 07 62 4f,6,36496,364.96,1961,-196.10000000000002,1961,196.10000000000002,20322,-194.10000000000002
186.656100,0x132,82 8e a9 07 8c 4f,6,36482,364.82,1961,-196.10000000000002,1961,196.10000000000002,20364,-196.20000000000005
186.666100,0x132,81 8e ac 07 61 4f,6,36481,364.81,1964,-196.4,1964,196.4,20321,-194.05000000000007
186.676100,0x132,88 8e a6 07 7f 4f,6,36488,364.88,1958,-195.8,1958,195.8,20351,-195.55000000000007
186.686000,0x132,8a 8e a6 07 65 4f,6,36490,364.90000000000003,1958,-195.8,1958,195.8,20325,-194.25
186.696400,0x132,8d 8e a6 07 82 4f,6,36493,364.93,1958,-195.8,1958,195.8,20354,-195.70000000000005
186.706000,0x132,88 8e a8 07 6b 4f,6,36488,364.88,1960,-196.0,1960,196.0,20331,-194.55000000000007
186.716000,0x132,80 8e a6 07 84 4f,6,36480,364.8,1958,-195.8,1958,195.8,20356,-195.80000000000007
186.726000,0x132,83 8e a9 07 6e 4f,6,36483,364.83,1961,-196.10000000000002,1961,196.10000000000002,20334,-194.70000000000005
186.736100,0x132,8f 8e a9 07 8c 4f,6,36495,364.95,1961,-196.10000000000002,1961,196.10000000000002,20364,-196.20000000000005
186.746100,0x132,93 8e a9 07 6d 4f,6,36499,364.99,1961,-196.10000000000002,1961,196.10000000000002,20333,-194.6500000000001
186.756100,0x132,8a 8e aa 07 89 4f,6,36490,364.90000000000003,1962,-196.20000000000002,1962,196.20000000000002,20361,-196.05000000000007
186.766100,0x132,91 8e ac 07 7c 4f,6,36497,364.97,1964,-196.4,1964,196.4,20348,-195.4000000000001
186.776200,0x132,92 8e a6 07 7c 4f,6,36498,364.98,1958,-195.8,1958,195.8,20348,-195.4000000000001
186.786000,0x132,93 8e a7 07 63 4f,6,36499,364.99,1959,-195.9,1959,195.9,20323,-194.1500000000001
186.796400,0x132,96 8e a7 07 80 4f,6,36502,365.02,1959,-195.9,1959,195.9,20352,-195.60000000000002
186.806000,0x132,8f 8e a6 07 69 4f,6,36495,364.95,1958,-195.8,1958,195.8,20329,-194.45000000000005
186.816000,0x132,9a 8e a5 07 85 4f,6,36506,365.06,1957,-195.70000000000002,1957,195.70000000000002,20357,-195.85000000000002
186.826000,0x132,92 8e a8 07 72 4f,6,36498,364.98,1960,-196.0,1960,196.0,20338,-194.9000000000001
186.836100,0x132,92 8e a8 07 89 4f,6,36498,364.98,1960,-196.0,1960,196.0,20361,-196.05000000000007
186.846100,0x132,91 8e aa 07 6d 4f,6,36497,364.97,1962,-196.20000000000002,1962,196.20000000000002,20333,-194.6500000000001
186.856300,0x132,94 8e a9 07 96 4f,6,36500,365.0,1961,-196.10000000000002,1961,196.10000000000002,20374,-196.70000000000005
186.866300,0x132,94 8e ac 07 61 4f,6,36500,365.0,1964,-196.4,1964,196.4,20321,-194.05000000000007
186.876200,0x132,8b 8e a7 07 7b 4f,6,36491,364.91,1959,-195.9,1959,195.9,20347,-195.35000000000002
186.886000,0x132,9c 8e a7 07 62 4f,6,36508,365.08,1959,-195.9,1959,195.9,20322,-194.10000000000002
186.896400,0x132,87 8e a5 07 7c 4f,6,36487,364.87,1957,-195.70000000000002,1957,195.70000000000002,20348,-195.4000000000001
186.906000,0x132,8b 8e a6 07 68 4f,6,36491,364.91,1958,-195.8,1958,195.8,20328,-194.4000000000001
186.916000,0x132,8a 8e a5 07 85 4f,6,36490,364.90000000000003,1957,-195.70000000000002,1957,195.70000000000002,20357,-195.85000000000002
186.926200,0x132,8b 8e a7 07 6e 4f,6,36491,364.91,1959,-195.9,1959,195.9,20334,-194.70000000000005
186.936100,0x132,8e 8e a8 07 8f 4f,6,36494,364.94,1960,-196.0,1960,196.0,20367,-196.35000000000002
186.946200,0x132,8d 8e a9 07 71 4f,6,36493,364.93,1961,-196.10000000000002,1961,196.10000000000002,20337,-194.85000000000002
186.956100,0x132,89 8e a7 07 8f 4f,6,36489,364.89,1959,-195.9,1959,195.9,20367,-196.35000000000002
186.966100,0x132,80 8e af 07 7f 4f,6,36480,364.8,1967,-196.70000000000002,1967,196.70000000000002,20351,-195.55000000000007
186.976200,0x132,80 8e a7 07 81 4f,6,36480,364.8,1959,-195.9,1959,195.9,20353,-195.6500000000001
186.986000,0x132,91 8e a8 07 61 4f,6,36497,364.97,1960,-196.0,1960,196.0,20321,-194.05000000000007
186.996300,0x132,83 8e a6 07 80 4f,6,36483,364.83,1958,-195.8,1958,195.8,20352,-195.60000000000002
187.006000,0x132,8e 8e a6 07 66 4f,6,36494,364.94,1958,-195.8,1958,195.8,20326,-194.30000000000007
187.016100,0x132,88 8e a5 07 82 4f,6,36488,364.88,1957,-195.70000000000002,1957,195.70000000000002,20354,-195.70000000000005
187.026000,0x132,88 8e a7 07 73 4f,6,36488,364.88,1959,-195.9,1959,195.9,20339,-194.95000000000005
187.036100,0x132,8e 8e a7 07 87 4f,6,36494,364.94,1959,-195.9,1959,195.9,20359,-195.95000000000005
187.046100,0x132,8b 8e a7 07 6d 4f,6,36491,364.91,1959,-195.9,1959,195.9,20333,-194.6500000000001
187.056100,0x132,97 8e a7 07 91 4f,6,36503,365.03000000000003,1959,-195.9,1959,195.9,20369,-196.45000000000005
187.066100,0x132,8d 8e ae 07 82 4f,6,36493,364.93,1966,-196.60000000000002,1966,196.60000000000002,20354,-195.70000000000005
187.076200,0x132,89 8e a7 07 7c 4f,6,36489,364.89,1959,-195.9,1959,195.9,20348,-195.4000000000001
187.086000,0x132,8a 8e a6 07 62 4f,6,36490,364.90000000000003,1958,-195.8,1958,195.8,20322,-194.10000000000002
187.096400,0x132,93 8e a6 07 81 4f,6,36499,364.99,1958,-195.8,1958,195.8,20353,-195.6500000000001
187.106100,0x132,92 8e a5 07 68 4f,6,36498,364.98,1957,-195.70000000000002,1957,195.70000000000002,20328,-194.4000000000001
187.116000,0x132,96 8e a4 07 81 4f,6,36502,365.02,1956,-195.60000000000002,1956,195.60000000000002,20353,-195.6500000000001
187.126000,0x132,8b 8e a5 07 73 4f,6,36491,364.91,1957,-195.70000000000002,1957,195.70000000000002,20339,-194.95000000000005
187.136100,0x132,8d 8e a7 07 8c 4f,6,36493,364.93,1959,-195.9,1959,195.9,20364,-196.20000000000005
187.146100,0x132,7e 8e a8 07 70 4f,6,36478,364.78000000000003,1960,-196.0,1960,196.0,20336,-194.80000000000007
187.156100,0x132,90 8e a7 07 8c 4f,6,36496,364.96,1959,-195.9,1959,195.9,20364,-196.20000000000005
187.166300,0x132,8e 8e ab 07 6b 4f,6,36494,364.94,1963,-196.3,1963,196.3,20331,-194.55000000000007
187.176200,0x132,8d 8e a6 07 7d 4f,6,36493,364.93,1958,-195.8,1958,195.8,20349,-195.45000000000005
187.186100,0x132,8a 8e a5 07 63 4f,6,36490,364.90000000000003,1957,-195.70000000000002,1957,195.70000000000002,20323,-194.1500000000001
187.196400,0x132,96 8e a6 07 86 4f,6,36502,365.02,1958,-195.8,1958,195.8,20358,-195.9000000000001
187.206100,0x132,8e 8e a5 07 68 4f,6,36494,364.94,1957,-195.70000000000002,1957,195.70000000000002,20328,-194.4000000000001
187.216000,0x132,99 8e a4 07 7c 4f,6,36505,365.05,1956,-195.60000000000002,1956,195.60000000000002,20348,-195.4000000000001
187.226000,0x132,91 8e a5 07 6d 4f,6,36497,364.97,1957,-195.70000000000002,1957,195.70000000000002,20333,-194.6500000000001
187.236100,0x132,87 8e a6 07 8c 4f,6,36487,364.87,1958,-195.8,1958,195.8,20364,-196.20000000000005
187.246100,0x132,87 8e a8 07 7b 4f,6,36487,364.87,1960,-196.0,1960,196.0,20347,-195.35000000000002
187.256100,0x132,7c 8e a7 07 8e 4f,6,36476,364.76,1959,-195.9,1959,195.9,20366,-196.30000000000007
187.266100,0x132,83 8e ab 07 71 4f,6,36483,364.83,1963,-196.3,1963,196.3,20337,-194.85000000000002
187.276200,0x132,98 8e a7 07 85 4f,6,36504,365.04,1959,-195.9,1959,195.9,20357,-195.85000000000002
187.286000,0x132,90 8e a6 07 67 4f,6,36496,364.96,1958,-195.8,1958,195.8,20327,-194.35000000000002
187.296400,0x132,96 8e a7 07 81 4f,6,36502,365.02,1959,-195.9,1959,195.9,20353,-195.6500000000001
187.306100,0x132,7a 8e a6 07 69 4f,6,36474,364.74,1958,-195.8,1958,195.8,20329,-194.45000000000005
187.316000,0x132,85 8e a4 07 82 4f,6,36485,364.85,1956,-195.60000000000002,1956,195.60000000000002,20354,-195.70000000000005
187.326000,0x132,89 8e a4 07 6c 4f,6,36489,364.89,1956,-195.60000000000002,1956,195.60000000000002,20332,-194.60000000000002
187.336100,0x132,84 8e a5 07 8c 4f,6,36484,364.84000000000003,1957,-195.70000000000002,1957,195.70000000000002,20364,-196.20000000000005
187.346100,0x132,84 8e a7 07 76 4f,6,36484,364.84000000000003,1959,-195.9,1959,195.9,20342,-195.10000000000002
187.356100,0x132,8f 8e aa 07 87 4f,6,36495,364.95,1962,-196.20000000000002,1962,196.20000000000002,20359,-195.95000000000005
187.366300,0x132,87 8e ab 07 70 4f,6,36487,364.87,1963,-196.3,1963,196.3,20336,-194.80000000000007
187.376200,0x132,90 8e a8 07 89 4f,6,36496,364.96,1960,-196.0,1960,196.0,20361,-196.05000000000007
187.386000,0x132,8b 8e a5 07 66 4f,6,36491,364.91,1957,-195.70000000000002,1957,195.70000000000002,20326,-194.30000000000007
187.396400,0x132,89 8e a4 07 7d 4f,6,36489,364.89,1956,-195.60000000000002,1956,195.60000000000002,20349,-195.45000000000005
187.406100,0x132,8c 8e a4 07 63 4f,6,36492,364.92,1956,-195.60000000000002,1956,195.60000000000002,20323,-194.1500000000001
187.416000,0x132,8e 8e a6 07 82 4f,6,36494,364.94,1958,-195.8,1958,195.8,20354,-195.70000000000005
187.426000,0x132,97 8e a7 07 6d 4f,6,36503,365.03000000000003,1959,-195.9,1959,195.9,20333,-194.6500000000001
187.436100,0x132,8d 8e a3 07 8f 4f,6,36493,364.93,1955,-195.5,1955,195.5,20367,-196.35000000000002
187.446200,0x132,85 8e ad 07 72 4f,6,36485,364.85,1965,-196.5,1965,196.5,20338,-194.9000000000001
187.456100,0x132,89 8e a8 07 84 4f,6,36489,364.89,1960,-196.0,1960,196.0,20356,-195.80000000000007
187.466100,0x132,91 8e a6 07 72 4f,6,36497,364.97,1958,-195.8,1958,195.8,20338,-194.9000000000001
187.476200,0x132,8d 8e a4 07 85 4f,6,36493,364.93,1956,-195.60000000000002,1956,195.60000000000002,20357,-195.85000000000002
187.486100,0x132,85 8e a4 07 68 4f,6,36485,364.85,1956,-195.60000000000002,1956,195.60000000000002,20328,-194.4000000000001
187.496500,0x132,8c 8e a5 07 73 4f,6,36492,364.92,1957,-195.70000000000002,1957,195.70000000000002,20339,-194.95000000000005
187.506100,0x132,89 8e a5 07 6c 4f,6,36489,364.89,1957,-195.70000000000002,1957,195.70000000000002,20332,-194.60000000000002
187.516300,0x132,83 8e a1 07 7b 4f,6,36483,364.83,1953,-195.3,1953,195.3,20347,-195.35000000000002
187.526100,0x132,88 8e a4 07 6d 4f,6,36488,364.88,1956,-195.60000000000002,1956,195.60000000000002,20333,-194.6500000000001
187.536100,0x132,91 8e a2 07 82 4f,6,36497,364.97,1954,-195.4,1954,195.4,20354,-195.70000000000005
187.546100,0x132,91 8e a5 07 70 4f,6,36497,364.97,1957,-195.70000000000002,1957,195.70000000000002,20336,-194.80000000000007
187.556300,0x132,8a 8e a8 07 86 4f,6,36490,364.90000000000003,1960,-196.0,1960,196.0,20358,-195.9000000000001
187.566200,0x132,91 8e af 07 6e 4f,6,36497,364.97,1967,-196.70000000000002,1967,196.70000000000002,20334,-194.70000000000005
187.576200,0x132,92 8e a4 07 7b 4f,6,36498,364.98,1956,-195.60000000000002,1956,195.60000000000002,20347,-195.35000000000002
187.586100,0x132,90 8e a5 07 69 4f,6,36496,364.96,1957,-195.70000000000002,1957,195.70000000000002,20329,-194.45000000000005
187.596500,0x132,8e 8e a2 07 7a 4f,6,36494,364.94,1954,-195.4,1954,195.4,20346,-195.30000000000007
187.606100,0x132,90 8e a3 07 61 4f,6,36496,364.96,1955,-195.5,1955,195.5,20321,-194.05000000000007
187.616100,0x132,82 8e a1 07 7a 4f,6,36482,364.82,1953,-195.3,1953,195.3,20346,-195.30000000000007
187.626100,0x132,94 8e a4 07 70 4f,6,36500,365.0,1956,-195.60000000000002,1956,195.60000000000002,20336,-194.80000000000007
187.636100,0x132,93 8e a4 07 89 4f,6,36499,364.99,1956,-195.60000000000002,1956,195.60000000000002,20361,-196.05000000000007
187.646200,0x132,88 8e a5 07 72 4f,6,36488,364.88,1957,-195.70000000000002,1957,195.70000000000002,20338,-194.9000000000001
187.656100,0x132,94 8e a4 07 82 4f,6,36500,365.0,1956,-195.60000000000002,1956,195.60000000000002,20354,-195.70000000000005
187.666100,0x132,7e 8e aa 07 63 4f,6,36478,364.78000000000003,1962,-196.20000000000002,1962,196.20000000000002,20323,-194.1500000000001
187.676200,0x132,96 8e a3 07 78 4f,6,36502,365.02,1955,-195.5,1955,195.5,20344,-195.20000000000005
187.686100,0x132,8c 8e a4 07 63 4f,6,36492,364.92,1956,-195.60000000000002,1956,195.60000000000002,20323,-194.1500000000001
187.696400,0x132,90 8e a1 07 75 4f,6,36496,364.96,1953,-195.3,1953,195.3,20341,-195.05000000000007
187.706100,0x132,88 8e a2 07 63 4f,6,36488,364.88,1954,-195.4,1954,195.4,20323,-194.1500000000001
187.716100,0x132,9a 8e a2 07 7d 4f,6,36506,365.06,1954,-195.4,1954,195.4,20349,-195.45000000000005
187.726100,0x132,88 8e a4 07 6c 4f,6,36488,364.88,1956,-195.60000000000002,1956,195.60000000000002,20332,-194.60000000000002
187.736100,0x132,8e 8e a9 07 8f 4f,6,36494,364.94,1961,-196.10000000000002,1961,196.10000000000002,20367,-196.35000000000002
187.746200,0x132,8b 8e a6 07 72 4f,6,36491,364.91,1958,-195.8,1958,195.8,20338,-194.9000000000001
187.756100,0x132,95 8e a5 07 87 4f,6,36501,365.01,1957,-195.70000000000002,1957,195.70000000000002,20359,-195.95000000000005
187.766100,0x132,8b 8e ad 07 6b 4f,6,36491,364.91,1965,-196.5,1965,196.5,20331,-194.55000000000007
187.776200,0x132,90 8e a8 07 84 4f,6,36496,364.96,1960,-196.0,1960,196.0,20356,-195.80000000000007
187.786100,0x132,8e 8e a9 07 71 4f,6,36494,364.94,1961,-196.10000000000002,1961,196.10000000000002,20337,-194.85000000000002
187.796400,0x132,91 8e a1 07 77 4f,6,36497,364.97,1953,-195.3,1953,195.3,20343,-195.1500000000001
187.806100,0x132,81 8e a3 07 68 4f,6,36481,364.81,1955,-195.5,1955,195.5,20328,-194.4000000000001
187.816100,0x132,96 8e a6 07 90 4f,6,36502,365.02,1958,-195.8,1958,195.8,20368,-196.4000000000001
187.826100,0x132,81 8e a9 07 78 4f,6,36481,364.81,1961,-196.10000000000002,1961,196.10000000000002,20344,-195.20000000000005
187.836100,0x132,95 8e a9 07 8b 4f,6,36501,365.01,1961,-196.10000000000002,1961,196.10000000000002,20363,-196.1500000000001
187.846200,0x132,85 8e a5 07 6d 4f,6,36485,364.85,1957,-195.70000000000002,1957,195.70000000000002,20333,-194.6500000000001
187.856100,0x132,93 8e a6 07 84 4f,6,36499,364.99,1958,-195.8,1958,195.8,20356,-195.80000000000007
187.866100,0x132,90 8e a4 07 66 4f,6,36496,364.96,1956,-195.60000000000002,1956,195.60000000000002,20326,-194.30000000000007
187.876200,0x132,93 8e a3 07 85 4f,6,36499,364.99,1955,-195.5,1955,195.5,20357,-195.85000000000002
187.886100,0x132,91 8e a3 07 6e 4f,6,36497,364.97,1955,-195.5,1955,195.5,20334,-194.70000000000005
187.896500,0x132,94 8e a8 07 93 4f,6,36500,365.0,1960,-196.0,1960,196.0,20371,-196.55000000000007
187.906100,0x132,91 8e a5 07 75 4f,6,36497,364.97,1957,-195.70000000000002,1957,195.70000000000002,20341,-195.05000000000007
187.916100,0x132,93 8e a7 07 8f 4f,6,36499,364.99,1959,-195.9,1959,195.9,20367,-196.35000000000002
187.926300,0x132,91 8e a4 07 6c 4f,6,36497,364.97,1956,-195.60000000000002,1956,195.60000000000002,20332,-194.60000000000002
187.936100,0x132,8d 8e a5 07 89 4f,6,36493,364.93,1957,-195.70000000000002,1957,195.70000000000002,20361,-196.05000000000007
187.946500,0x132,8b 8e a4 07 69 4f,6,36491,364.91,1956,-195.60000000000002,1956,195.60000000000002,20329,-194.45000000000005
187.956100,0x132,8e 8e a5 07 86 4f,6,36494,364.94,1957,-195.70000000000002,1957,195.70000000000002,20358,-195.9000000000001
187.966100,0x132,93 8e a8 07 6b 4f,6,36499,364.99,1960,-196.0,1960,196.0,20331,-194.55000000000007
187.976200,0x132,8c 8e a5 07 8b 4f,6,36492,364.92,1957,-195.70000000000002,1957,195.70000000000002,20363,-196.1500000000001
187.986100,0x132,91 8e a3 07 75 4f,6,36497,364.97,1955,-195.5,1955,195.5,20341,-195.05000000000007
187.996300,0x132,8c 8e a6 07 90 4f,6,36492,364.92,1958,-195.8,1958,195.8,20368,-196.4000000000001
188.006100,0x132,87 8e a6 07 75 4f,6,36487,364.87,1958,-195.8,1958,195.8,20341,-195.05000000000007
188.016100,0x132,8a 8e a6 07 8c 4f,6,36490,364.90000000000003,1958,-195.8,1958,195.8,20364,-196.20000000000005
188.026100,0x132,86 8e a4 07 6b 4f,6,36486,364.86,1956,-195.60000000000002,1956,195.60000000000002,20331,-194.55000000000007
188.036100,0x132,8b 8e a6 07 86 4f,6,36491,364.91,1958,-195.8,1958,195.8,20358,-195.9000000000001
188.046200,0x132,95 8e a4 07 69 4f,6,36501,365.01,1956,-195.60000000000002,1956,195.60000000000002,20329,-194.45000000000005
188.056300,0x132,91 8e a4 07 8f 4f,6,36497,364.97,1956,-195.60000000000002,1956,195.60000000000002,20367,-196.35000000000002
188.066100,0x132,8f 8e a4 07 77 4f,6,36495,364.95,1956,-195.60000000000002,1956,195.60000000000002,20343,-195.1500000000001
188.076300,0x132,97 8e a5 07 98 4f,6,36503,365.03000000000003,1957,-195.70000000000002,1957,195.70000000000002,20376,-196.80000000000007
188.086100,0x132,8c 8e a4 07 76 4f,6,36492,364.92,1956,-195.60000000000002,1956,195.60000000000002,20342,-195.10000000000002
188.096300,0x132,90 8e a8 07 90 4f,6,36496,364.96,1960,-196.0,1960,196.0,20368,-196.4000000000001
188.106100,0x132,86 8e a6 07 71 4f,6,36486,364.86,1958,-195.8,1958,195.8,20337,-194.85000000000002
188.116100,0x132,90 8e a5 07 87 4f,6,36496,364.96,1957,-195.70000000000002,1957,195.70000000000002,20359,-195.95000000000005
188.126100,0x132,8d 8e a4 07 6d 4f,6,36493,364.93,1956,-195.60000000000002,1956,195.60000000000002,20333,-194.6500000000001
188.136100,0x132,89 8e a2 07 84 4f,6,36489,364.89,1954,-195.4,1954,195.4,20356,-195.80000000000007
188.146200,0x132,88 8e a2 07 71 4f,6,36488,364.88,1954,-195.4,1954,195.4,20337,-194.85000000000002
188.156100,0x132,82 8e a3 07 8e 4f,6,36482,364.82,1955,-195.5,1955,195.5,20366,-196.30000000000007
188.166200,0x132,90 8e a4 07 78 4f,6,36496,364.96,1956,-195.60000000000002,1956,195.60000000000002,20344,-195.20000000000005
188.176300,0x132,97 8e a6 07 96 4f,6,36503,365.03000000000003,1958,-195.8,1958,195.8,20374,-196.70000000000005
188.186100,0x132,81 8e a6 07 76 4f,6,36481,364.81,1958,-195.8,1958,195.8,20342,-195.10000000000002
188.196500,0x132,92 8e a5 07 8a 4f,6,36498,364.98,1957,-195.70000000000002,1957,195.70000000000002,20362,-196.10000000000002
188.206100,0x132,90 8e a4 07 6e 4f,6,36496,364.96,1956,-195.60000000000002,1956,195.60000000000002,20334,-194.70000000000005
188.216100,0x132,9e 8e a3 07 87 4f,6,36510,365.1,1955,-195.5,1955,195.5,20359,-195.95000000000005
188.226100,0x132,90 8e a2 07 6d 4f,6,36496,364.96,1954,-195.4,1954,195.4,20333,-194.6500000000001
188.236100,0x132,89 8e a3 07 8a 4f,6,36489,364.89,1955,-195.5,1955,195.5,20362,-196.10000000000002
188.246200,0x132,87 8e a3 07 7b 4f,6,36487,364.87,1955,-195.5,1955,195.5,20347,-195.35000000000002
188.256300,0x132,94 8e a5 07 94 4f,6,36500,365.0,1957,-195.70000000000002,1957,195.70000000000002,20372,-196.60000000000002
188.266200,0x132,86 8e a5 07 7a 4f,6,36486,364.86,1957,-195.70000000000002,1957,195.70000000000002,20346,-195.30000000000007
188.276300,0x132,90 8e a5 07 86 4f,6,36496,364.96,1957,-195.70000000000002,1957,195.70000000000002,20358,-195.9000000000001
188.286100,0x132,89 8e a4 07 6c 4f,6,36489,364.89,1956,-195.60000000000002,1956,195.60000000000002,20332,-194.60000000000002
188.296400,0x132,99 8e a4 07 87 4f,6,36505,365.05,1956,-195.60000000000002,1956,195.60000000000002,20359,-195.95000000000005
188.306100,0x132,82 8e a2 07 72 4f,6,36482,364.82,1954,-195.4,1954,195.4,20338,-194.9000000000001
188.316100,0x132,87 8e a3 07 87 4f,6,36487,364.87,1955,-195.5,1955,195.5,20359,-195.95000000000005
188.326100,0x132,8c 8e a3 07 7a 4f,6,36492,364.92,1955,-195.5,1955,195.5,20346,-195.30000000000007
188.336100,0x132,93 8e a5 07 99 4f,6,36499,364.99,1957,-195.70000000000002,1957,195.70000000000002,20377,-196.85000000000002
188.346200,0x132,8b 8e a5 07 7b 4f,6,36491,364.91,1957,-195.70000000000002,1957,195.70000000000002,20347,-195.35000000000002
188.356100,0x132,93 8e a3 07 7b 4f,6,36499,364.99,1955,-195.5,1955,195.5,20347,-195.35000000000002
188.366200,0x132,80 8e a2 07 6e 4f,6,36480,364.8,1954,-195.4,1954,195.4,20334,-194.70000000000005
188.376300,0x132,92 8e a4 07 85 4f,6,36498,364.98,1956,-195.60000000000002,1956,195.60000000000002,20357,-195.85000000000002
188.386100,0x132,86 8e a2 07 6e 4f,6,36486,364.86,1954,-195.4,1954,195.4,20334,-194.70000000000005
188.396300,0x132,87 8e a3 07 8e 4f,6,36487,364.87,1955,-195.5,1955,195.5,20366,-196.30000000000007
188.406100,0x132,92 8e a2 07 73 4f,6,36498,364.98,1954,-195.4,1954,195.4,20339,-194.95000000000005
188.416100,0x132,86 8e a4 07 95 4f,6,36486,364.86,1956,-195.60000000000002,1956,195.60000000000002,20373,-196.6500000000001
188.426100,0x132,95 8e a3 07 76 4f,6,36501,365.01,1955,-195.5,1955,195.5,20342,-195.10000000000002
188.436100,0x132,93 8e a6 07 94 4f,6,36499,364.99,1958,-195.8,1958,195.8,20372,-196.60000000000002
188.446200,0x132,82 8e a5 07 72 4f,6,36482,364.82,1957,-195.70000000000002,1957,195.70000000000002,20338,-194.9000000000001
188.456100,0x132,97 8e a2 07 70 4f,6,36503,365.03000000000003,1954,-195.4,1954,195.4,20336,-194.80000000000007
188.466200,0x132,8e 8e a0 07 73 4f,6,36494,364.94,1952,-195.20000000000002,1952,195.20000000000002,20339,-194.95000000000005
188.476300,0x132,8f 8e a3 07 8e 4f,6,36495,364.95,1955,-195.5,1955,195.5,20366,-196.30000000000007
188.486100,0x132,89 8e a2 07 75 4f,6,36489,364.89,1954,-195.4,1954,195.4,20341,-195.05000000000007
188.496300,0x132,95 8e a4 07 90 4f,6,36501,365.01,1956,-195.60000000000002,1956,195.60000000000002,20368,-196.4000000000001
188.506100,0x132,8c 8e a3 07 7b 4f,6,36492,364.92,1955,-195.5,1955,195.5,20347,-195.35000000000002
188.516300,0x132,8f 8e a5 07 8f 4f,6,36495,364.95,1957,-195.70000000000002,1957,195.70000000000002,20367,-196.35000000000002
188.526100,0x132,7f 8e a3 07 72 4f,6,36479,364.79,1955,-195.5,1955,195.5,20338,-194.9000000000001
188.536100,0x132,86 8e a4 07 8a 4f,6,36486,364.86,1956,-195.60000000000002,1956,195.60000000000002,20362,-196.10000000000002
188.546300,0x132,90 8e a1 07 72 4f,6,36496,364.96,1953,-195.3,1953,195.3,20338,-194.9000000000001
188.556300,0x132,93 8e a4 07 8f 4f,6,36499,364.99,1956,-195.60000000000002,1956,195.60000000000002,20367,-196.35000000000002
188.566200,0x132,8f 8e a1 07 73 4f,6,36495,364.95,1953,-195.3,1953,195.3,20339,-194.95000000000005
188.576100,0x132,99 8e a4 07 90 4f,6,36505,365.05,1956,-195.60000000000002,1956,195.60000000000002,20368,-196.4000000000001
188.586100,0x132,91 8e a3 07 7d 4f,6,36497,364.97,1955,-195.5,1955,195.5,20349,-195.45000000000005
188.596400,0x132,8f 8e a5 07 94 4f,6,36495,364.95,1957,-195.70000000000002,1957,195.70000000000002,20372,-196.60000000000002
188.606100,0x132,87 8e a3 07 70 4f,6,36487,364.87,1955,-195.5,1955,195.5,20336,-194.80000000000007
188.616100,0x132,8e 8e a4 07 8a 4f,6,36494,364.94,1956,-195.60000000000002,1956,195.60000000000002,20362,-196.10000000000002
188.626100,0x132,88 8e a1 07 6b 4f,6,36488,364.88,1953,-195.3,1953,195.3,20331,-194.55000000000007
188.636100,0x132,85 8e a2 07 8e 4f,6,36485,364.85,1954,-195.4,1954,195.4,20366,-196.30000000000007
188.646100,0x132,90 8e a1 07 78 4f,6,36496,364.96,1953,-195.3,1953,195.3,20344,-195.20000000000005
188.656100,0x132,81 8e a2 07 78 4f,6,36481,364.81,1954,-195.4,1954,195.4,20344,-195.20000000000005
188.666100,0x132,87 8e a4 07 7d 4f,6,36487,364.87,1956,-195.60000000000002,1956,195.60000000000002,20349,-195.45000000000005
188.676100,0x132,90 8e a6 07 98 4f,6,36496,364.96,1958,-195.8,1958,195.8,20376,-196.80000000000007
188.686100,0x132,99 8e a3 07 73 4f,6,36505,365.05,1955,-195.5,1955,195.5,20339,-194.95000000000005
188.696400,0x132,86 8e a4 07 8a 4f,6,36486,364.86,1956,-195.60000000000002,1956,195.60000000000002,20362,-196.10000000000002
188.706100,0x132,95 8e a1 07 71 4f,6,36501,365.01,1953,-195.3,1953,195.3,20337,-194.85000000000002
188.716100,0x132,7d 8e a2 07 87 4f,6,36477,364.77,1954,-195.4,1954,195.4,20359,-195.95000000000005
188.726100,0x132,92 8e a1 07 77 4f,6,36498,364.98,1953,-195.3,1953,195.3,20343,-195.1500000000001
188.736100,0x132,8b 8e a4 07 93 4f,6,36491,364.91,1956,-195.60000000000002,1956,195.60000000000002,20371,-196.55000000000007
188.746300,0x132,89 8e a2 07 7f 4f,6,36489,364.89,1954,-195.4,1954,195.4,20351,-195.55000000000007
188.756100,0x132,84 8e a4 07 90 4f,6,36484,364.84000000000003,1956,-195.60000000000002,1956,195.60000000000002,20368,-196.4000000000001
188.766200,0x132,7e 8e a4 07 75 4f,6,36478,364.78000000000003,1956,-195.60000000000002,1956,195.60000000000002,20341,-195.05000000000007
188.776100,0x132,82 8e a3 07 8a 4f,6,36482,364.82,1955,-195.5,1955,195.5,20362,-196.10000000000002
188.786100,0x132,87 8e a1 07 75 4f,6,36487,364.87,1953,-195.3,1953,195.3,20341,-195.05000000000007
188.796400,0x132,95 8e a3 07 8f 4f,6,36501,365.01,1955,-195.5,1955,195.5,20367,-196.35000000000002
188.806100,0x132,85 8e a2 07 7f 4f,6,36485,364.85,1954,-195.4,1954,195.4,20351,-195.55000000000007
188.816100,0x132,92 8e a3 07 8f 4f,6,36498,364.98,1955,-195.5,1955,195.5,20367,-196.35000000000002
188.826100,0x132,92 8e a2 07 7a 4f,6,36498,364.98,1954,-195.4,1954,195.4,20346,-195.30000000000007
188.836100,0x132,95 8e a5 07 94 4f,6,36501,365.01,1957,-195.70000000000002,1957,195.70000000000002,20372,-196.60000000000002
188.846300,0x132,97 8e a2 07 70 4f,6,36503,365.03000000000003,1954,-195.4,1954,195.4,20336,-194.80000000000007
188.856300,0x132,93 8e a1 07 70 4f,6,36499,364.99,1953,-195.3,1953,195.3,20336,-194.80000000000007
188.866100,0x132,98 8e a1 07 6d 4f,6,36504,365.04,1953,-195.3,1953,195.3,20333,-194.6500000000001
188.876100,0x132,84 8e a3 07 90 4f,6,36484,364.84000000000003,1955,-195.5,1955,195.5,20368,-196.4000000000001
188.886100,0x132,7b 8e a1 07 7c 4f,6,36475,364.75,1953,-195.3,1953,195.3,20348,-195.4000000000001
188.896400,0x132,90 8e a4 07 9a 4f,6,36496,364.96,1956,-195.60000000000002,1956,195.60000000000002,20378,-196.9000000000001
188.906100,0x132,90 8e a3 07 78 4f,6,36496,364.96,1955,-195.5,1955,195.5,20344,-195.20000000000005
188.916100,0x132,89 8e a5 07 91 4f,6,36489,364.89,1957,-195.70000000000002,1957,195.70000000000002,20369,-196.45000000000005
188.926100,0x132,94 8e a1 07 72 4f,6,36500,365.0,1953,-195.3,1953,195.3,20338,-194.9000000000001
188.936100,0x132,8f 8e a3 07 8a 4f,6,36495,364.95,1955,-195.5,1955,195.5,20362,-196.10000000000002
188.946500,0x132,86 8e a1 07 72 4f,6,36486,364.86,1953,-195.3,1953,195.3,20338,-194.9000000000001
188.956100,0x132,83 8e a1 07 77 4f,6,36483,364.83,1953,-195.3,1953,195.3,20343,-195.1500000000001
188.966100,0x132,95 8e a1 07 7f 4f,6,36501,365.01,1953,-195.3,1953,195.3,20351,-195.55000000000007
188.976100,0x132,87 8e a5 07 9d 4f,6,36487,364.87,1957,-195.70000000000002,1957,195.70000000000002,20381,-197.05000000000007
188.986100,0x132,90 8e a4 07 7a 4f,6,36496,364.96,1956,-195.60000000000002,1956,195.60000000000002,20346,-195.30000000000007
188.996300,0x132,8f 8e a5 07 90 4f,6,36495,364.95,1957,-195.70000000000002,1957,195.70000000000002,20368,-196.4000000000001
189.006100,0x132,7e 8e a1 07 6e 4f,6,36478,364.78000000000003,1953,-195.3,1953,195.3,20334,-194.70000000000005
189.016100,0x132,8f 8e a2 07 91 4f,6,36495,364.95,1954,-195.4,1954,195.4,20369,-196.45000000000005
189.026100,0x132,8b 8e a1 07 7b 4f,6,36491,364.91,1953,-195.3,1953,195.3,20347,-195.35000000000002
189.036100,0x132,92 8e a3 07 9b 4f,6,36498,364.98,1955,-195.5,1955,195.5,20379,-196.95000000000005
189.046200,0x132,87 8e a2 07 7f 4f,6,36487,364.87,1954,-195.4,1954,195.4,20351,-195.55000000000007
189.056100,0x132,9f 8e a5 07 96 4f,6,36511,365.11,1957,-195.70000000000002,1957,195.70000000000002,20374,-196.70000000000005
189.066200,0x132,8a 8e a3 07 78 4f,6,36490,364.90000000000003,1955,-195.5,1955,195.5,20344,-195.20000000000005
189.076100,0x132,81 8e a5 07 90 4f,6,36481,364.81,1957,-195.70000000000002,1957,195.70000000000002,20368,-196.4000000000001
189.086100,0x132,8c 8e a1 07 71 4f,6,36492,364.92,1953,-195.3,1953,195.3,20337,-194.85000000000002
189.096400,0x132,92 8e a3 07 90 4f,6,36498,364.98,1955,-195.5,1955,195.5,20368,-196.4000000000001
189.106100,0x132,92 8e a2 07 7b 4f,6,36498,364.98,1954,-195.4,1954,195.4,20347,-195.35000000000002
189.116100,0x132,84 8e a3 07 96 4f,6,36484,364.84000000000003,1955,-195.5,1955,195.5,20374,-196.70000000000005
189.126100,0x132,95 8e a2 07 7f 4f,6,36501,365.01,1954,-195.4,1954,195.4,20351,-195.55000000000007
189.136100,0x132,8d 8e a5 07 95 4f,6,36493,364.93,1957,-195.70000000000002,1957,195.70000000000002,20373,-196.6500000000001
189.146400,0x132,93 8e a2 07 76 4f,6,36499,364.99,1954,-195.4,1954,195.4,20342,-195.10000000000002
189.156100,0x132,8e 8e a3 07 93 4f,6,36494,364.94,1955,-195.5,1955,195.5,20371,-196.55000000000007
189.166100,0x132,88 8e 9e 07 56 4f,6,36488,364.88,1950,-195.0,1950,195.0,20310,-193.5
189.176100,0x132,88 8e a3 07 98 4f,6,36488,364.88,1955,-195.5,1955,195.5,20376,-196.80000000000007
189.186100,0x132,8b 8e a1 07 80 4f,6,36491,364.91,1953,-195.3,1953,195.3,20352,-195.60000000000002
189.196500,0x132,81 8e a4 07 9b 4f,6,36481,364.81,1956,-195.60000000000002,1956,195.60000000000002,20379,-196.95000000000005
189.206100,0x132,86 8e a3 07 77 4f,6,36486,364.86,1955,-195.5,1955,195.5,20343,-195.1500000000001
189.216100,0x132,95 8e a4 07 94 4f,6,36501,365.01,1956,-195.60000000000002,1956,195.60000000000002,20372,-196.60000000000002
189.226100,0x132,93 8e a1 07 78 4f,6,36499,364.99,1953,-195.3,1953,195.3,20344,-195.20000000000005
189.236100,0x132,92 8e a3 07 8c 4f,6,36498,364.98,1955,-195.5,1955,195.5,20364,-196.20000000000005
189.246300,0x132,8c 8e a0 07 75 4f,6,36492,364.92,1952,-195.20000000000002,1952,195.20000000000002,20341,-195.05000000000007
189.256100,0x132,89 8e 9f 07 71 4f,6,36489,364.89,1951,-195.10000000000002,1951,195.10000000000002,20337,-194.85000000000002
189.266100,0x132,8f 8e a2 07 7f 4f,6,36495,364.95,1954,-195.4,1954,195.4,20351,-195.55000000000007
189.276100,0x132,86 8e a4 07 9f 4f,6,36486,364.86,1956,-195.60000000000002,1956,195.60000000000002,20383,-197.1500000000001
189.286100,0x132,7d 8e a2 07 80 4f,6,36477,364.77,1954,-195.4,1954,195.4,20352,-195.60000000000002
189.296400,0x132,89 8e a4 07 90 4f,6,36489,364.89,1956,-195.60000000000002,1956,195.60000000000002,20368,-196.4000000000001
189.306100,0x132,90 8e a2 07 73 4f,6,36496,364.96,1954,-195.4,1954,195.4,20339,-194.95000000000005
189.316100,0x132,88 8e a2 07 93 4f,6,36488,364.88,1954,-195.4,1954,195.4,20371,-196.55000000000007
189.326100,0x132,87 8e a1 07 7b 4f,6,36487,364.87,1953,-195.3,1953,195.3,20347,-195.35000000000002
189.336100,0x132,93 8e a3 07 9b 4f,6,36499,364.99,1955,-195.5,1955,195.5,20379,-196.95000000000005
189.346300,0x132,9f 8e a2 07 7d 4f,6,36511,365.11,1954,-195.4,1954,195.4,20349,-195.45000000000005
189.356100,0x132,84 8e a2 07 7b 4f,6,36484,364.84000000000003,1954,-195.4,1954,195.4,20347,-195.35000000000002
189.366100,0x132,84 8e a2 07 77 4f,6,36484,364.84000000000003,1954,-195.4,1954,195.4,20343,-195.1500000000001
189.376100,0x132,7e 8e a2 07 91 4f,6,36478,364.78000000000003,1954,-195.4,1954,195.4,20369,-196.45000000000005
189.386100,0x132,94 8e 9f 07 6e 4f,6,36500,365.0,1951,-195.10000000000002,1951,195.10000000000002,20334,-194.70000000000005
189.396500,0x132,98 8e a2 07 96 4f,6,36504,365.04,1954,-195.4,1954,195.4,20374,-196.70000000000005
189.406100,0x132,8a 8e a0 07 7d 4f,6,36490,364.90000000000003,1952,-195.20000000000002,1952,195.20000000000002,20349,-195.45000000000005
189.416100,0x132,8a 8e a3 07 9e 4f,6,36490,364.90000000000003,1955,-195.5,1955,195.5,20382,-197.10000000000002
189.426100,0x132,8a 8e a1 07 7c 4f,6,36490,364.90000000000003,1953,-195.3,1953,195.3,20348,-195.4000000000001
189.436100,0x132,8b 8e a4 07 8e 4f,6,36491,364.91,1956,-195.60000000000002,1956,195.60000000000002,20366,-196.30000000000007
189.446200,0x132,92 8e a0 07 77 4f,6,36498,364.98,1952,-195.20000000000002,1952,195.20000000000002,20343,-195.1500000000001
189.456100,0x132,93 8e a0 07 70 4f,6,36499,364.99,1952,-195.20000000000002,1952,195.20000000000002,20336,-194.80000000000007
189.466100,0x132,8b 8e a5 07 7c 4f,6,36491,364.91,1957,-195.70000000000002,1957,195.70000000000002,20348,-195.4000000000001
189.476100,0x132,94 8e a2 07 9b 4f,6,36500,365.0,1954,-195.4,1954,195.4,20379,-196.95000000000005
189.486100,0x132,82 8e a1 07 81 4f,6,36482,364.82,1953,-195.3,1953,195.3,20353,-195.6500000000001
189.496400,0x132,82 8e a5 07 a0 4f,6,36482,364.82,1957,-195.70000000000002,1957,195.70000000000002,20384,-197.20000000000005
189.506100,0x132,96 8e a2 07 78 4f,6,36502,365.02,1954,-195.4,1954,195.4,20344,-195.20000000000005
189.516300,0x132,90 8e a2 07 8f 4f,6,36496,364.96,1954,-195.4,1954,195.4,20367,-196.35000000000002
189.526100,0x132,95 8e a0 07 78 4f,6,36501,365.01,1952,-195.20000000000002,1952,195.20000000000002,20344,-195.20000000000005
189.536100,0x132,92 8e a1 07 99 4f,6,36498,364.98,1953,-195.3,1953,195.3,20377,-196.85000000000002
189.546300,0x132,88 8e 9f 07 7f 4f,6,36488,364.88,1951,-195.10000000000002,1951,195.10000000000002,20351,-195.55000000000007
189.556300,0x132,8a 8e a0 07 78 4f,6,36490,364.90000000000003,1952,-195.20000000000002,1952,195.20000000000002,20344,-195.20000000000005
189.566300,0x132,9d 8e a4 07 7f 4f,6,36509,365.09000000000003,1956,-195.60000000000002,1956,195.60000000000002,20351,-195.55000000000007
189.576100,0x132,8d 8e a4 07 90 4f,6,36493,364.93,1956,-195.60000000000002,1956,195.60000000000002,20368,-196.4000000000001
189.586100,0x132,7b 8e a0 07 76 4f,6,36475,364.75,1952,-195.20000000000002,1952,195.20000000000002,20342,-195.10000000000002
189.596400,0x132,90 8e a1 07 93 4f,6,36496,364.96,1953,-195.3,1953,195.3,20371,-196.55000000000007
189.606100,0x132,8b 8e 9e 07 73 4f,6,36491,364.91,1950,-195.0,1950,195.0,20339,-194.95000000000005
189.616100,0x132,8b 8e a1 07 9e 4f,6,36491,364.91,1953,-195.3,1953,195.3,20382,-197.10000000000002
189.626100,0x132,83 8e a1 07 85 4f,6,36483,364.83,1953,-195.3,1953,195.3,20357,-195.85000000000002
189.636100,0x132,9a 8e a4 07 9f 4f,6,36506,365.06,1956,-195.60000000000002,1956,195.60000000000002,20383,-197.1500000000001
189.646100,0x132,92 8e a0 07 77 4f,6,36498,364.98,1952,-195.20000000000002,1952,195.20000000000002,20343,-195.1500000000001
189.656200,0x132,83 8e a2 07 96 4f,6,36483,364.83,1954,-195.4,1954,195.4,20374,-196.70000000000005
189.666100,0x132,9b 8e a2 07 75 4f,6,36507,365.07,1954,-195.4,1954,195.4,20341,-195.05000000000007
189.676100,0x132,8c 8e a1 07 95 4f,6,36492,364.92,1953,-195.3,1953,195.3,20373,-196.6500000000001
189.686100,0x132,88 8e 9f 07 7d 4f,6,36488,364.88,1951,-195.10000000000002,1951,195.10000000000002,20349,-195.45000000000005
189.696400,0x132,92 8e a3 07 a3 4f,6,36498,364.98,1955,-195.5,1955,195.5,20387,-197.35000000000002
189.706100,0x132,9a 8e a1 07 7d 4f,6,36506,365.06,1953,-195.3,1953,195.3,20349,-195.45000000000005
189.716100,0x132,88 8e a3 07 95 4f,6,36488,364.88,1955,-195.5,1955,195.5,20373,-196.6500000000001
189.726100,0x132,81 8e 9f 07 75 4f,6,36481,364.81,1951,-195.10000000000002,1951,195.10000000000002,20341,-195.05000000000007
189.736100,0x132,98 8e a2 07 94 4f,6,36504,365.04,1954,-195.4,1954,195.4,20372,-196.60000000000002
189.746300,0x132,87 8e 9e 07 7d 4f,6,36487,364.87,1950,-195.0,1950,195.0,20349,-195.45000000000005
189.756100,0x132,86 8e a1 07 9f 4f,6,36486,364.86,1953,-195.3,1953,195.3,20383,-197.1500000000001
189.766200,0x132,9b 8e a5 07 87 4f,6,36507,365.07,1957,-195.70000000000002,1957,195.70000000000002,20359,-195.95000000000005
189.776100,0x132,8b 8e a5 07 9a 4f,6,36491,364.91,1957,-195.70000000000002,1957,195.70000000000002,20378,-196.9000000000001
189.786100,0x132,81 8e a1 07 78 4f,6,36481,364.81,1953,-195.3,1953,195.3,20344,-195.20000000000005
189.796500,0x132,8d 8e a2 07 93 4f,6,36493,364.93,1954,-195.4,1954,195.4,20371,-196.55000000000007
189.806100,0x132,86 8e 9e 07 77 4f,6,36486,364.86,1950,-195.0,1950,195.0,20343,-195.1500000000001
189.816100,0x132,93 8e a0 07 96 4f,6,36499,364.99,1952,-195.20000000000002,1952,195.20000000000002,20374,-196.70000000000005
189.826100,0x132,90 8e 9f 07 80 4f,6,36496,364.96,1951,-195.10000000000002,1951,195.10000000000002,20352,-195.60000000000002
189.836100,0x132,86 8e a4 07 9f 4f,6,36486,364.86,1956,-195.60000000000002,1956,195.60000000000002,20383,-197.1500000000001
189.846300,0x132,90 8e a2 07 81 4f,6,36496,364.96,1954,-195.4,1954,195.4,20353,-195.6500000000001
189.856400,0x132,94 8e a7 07 9b 4f,6,36500,365.0,1959,-195.9,1959,195.9,20379,-196.95000000000005
189.866200,0x132,84 8e a2 07 76 4f,6,36484,364.84000000000003,1954,-195.4,1954,195.4,20342,-195.10000000000002
189.876100,0x132,7d 8e a1 07 91 4f,6,36477,364.77,1953,-195.3,1953,195.3,20369,-196.45000000000005
189.886100,0x132,91 8e 9e 07 7f 4f,6,36497,364.97,1950,-195.0,1950,195.0,20351,-195.55000000000007
189.896500,0x132,8d 8e a3 07 9f 4f,6,36493,364.93,1955,-195.5,1955,195.5,20383,-197.1500000000001
189.906300,0x132,8a 8e a1 07 85 4f,6,36490,364.90000000000003,1953,-195.3,1953,195.3,20357,-195.85000000000002
189.916100,0x132,93 8e a3 07 a0 4f,6,36499,364.99,1955,-195.5,1955,195.5,20384,-197.20000000000005
189.926100,0x132,91 8e 9f 07 76 4f,6,36497,364.97,1951,-195.10000000000002,1951,195.10000000000002,20342,-195.10000000000002
189.936100,0x132,8d 8e a2 07 96 4f,6,36493,364.93,1954,-195.4,1954,195.4,20374,-196.70000000000005
189.946200,0x132,82 8e 9e 07 7c 4f,6,36482,364.82,1950,-195.0,1950,195.0,20348,-195.4000000000001
189.956200,0x132,92 8e a6 07 9e 4f,6,36498,364.98,1958,-195.8,1958,195.8,20382,-197.10000000000002
189.966200,0x132,8c 8e 9e 07 86 4f,6,36492,364.92,1950,-195.0,1950,195.0,20358,-195.9000000000001
189.976100,0x132,91 8e a3 07 a0 4f,6,36497,364.97,1955,-195.5,1955,195.5,20384,-197.20000000000005
189.986100,0x132,90 8e a0 07 7c 4f,6,36496,364.96,1952,-195.20000000000002,1952,195.20000000000002,20348,-195.4000000000001
189.996300,0x132,95 8e a2 07 91 4f,6,36501,365.01,1954,-195.4,1954,195.4,20369,-196.45000000000005
190.006100,0x132,82 8e 9e 07 76 4f,6,36482,364.82,1950,-195.0,1950,195.0,20342,-195.10000000000002
190.016100,0x132,98 8e a1 07 96 4f,6,36504,365.04,1953,-195.3,1953,195.3,20374,-196.70000000000005
190.026100,0x132,8c 8e 9f 07 82 4f,6,36492,364.92,1951,-195.10000000000002,1951,195.10000000000002,20354,-195.70000000000005
190.036100,0x132,91 8e a3 07 a7 4f,6,36497,364.97,1955,-195.5,1955,195.5,20391,-197.55000000000007
190.046300,0x132,7d 8e a0 07 80 4f,6,36477,364.77,1952,-195.20000000000002,1952,195.20000000000002,20352,-195.60000000000002
190.056200,0x132,8c 8e a7 07 98 4f,6,36492,364.92,1959,-195.9,1959,195.9,20376,-196.80000000000007
190.066200,0x132,84 8e a2 07 78 4f,6,36484,364.84000000000003,1954,-195.4,1954,195.4,20344,-195.20000000000005
190.076100,0x132,8f 8e a1 07 94 4f,6,36495,364.95,1953,-195.3,1953,195.3,20372,-196.60000000000002
190.086100,0x132,85 8e 9e 07 81 4f,6,36485,364.85,1950,-195.0,1950,195.0,20353,-195.6500000000001
190.096400,0x132,8f 8e a2 07 a7 4f,6,36495,364.95,1954,-195.4,1954,195.4,20391,-197.55000000000007
190.106100,0x132,89 8e a1 07 84 4f,6,36489,364.89,1953,-195.3,1953,195.3,20356,-195.80000000000007
190.116100,0x132,8d 8e a2 07 99 4f,6,36493,364.93,1954,-195.4,1954,195.4,20377,-196.85000000000002
190.126100,0x132,99 8e 9f 07 7f 4f,6,36505,365.05,1951,-195.10000000000002,1951,195.10000000000002,20351,-195.55000000000007
190.136100,0x132,93 8e a1 07 95 4f,6,36499,364.99,1953,-195.3,1953,195.3,20373,-196.6500000000001
190.146300,0x132,77 8e 9e 07 7c 4f,6,36471,364.71,1950,-195.0,1950,195.0,20348,-195.4000000000001
190.156200,0x132,87 8e a4 07 9d 4f,6,36487,364.87,1956,-195.60000000000002,1956,195.60000000000002,20381,-197.05000000000007
190.166200,0x132,98 8e a0 07 86 4f,6,36504,365.04,1952,-195.20000000000002,1952,195.20000000000002,20358,-195.9000000000001
190.176100,0x132,7a 8e a4 07 a2 4f,6,36474,364.74,1956,-195.60000000000002,1956,195.60000000000002,20386,-197.30000000000007
190.186100,0x132,8e 8e 9f 07 7b 4f,6,36494,364.94,1951,-195.10000000000002,1951,195.10000000000002,20347,-195.35000000000002
190.196400,0x132,7c 8e a0 07 91 4f,6,36476,364.76,1952,-195.20000000000002,1952,195.20000000000002,20369,-196.45000000000005
190.206100,0x132,8b 8e 9d 07 7b 4f,6,36491,364.91,1949,-194.9,1949,194.9,20347,-195.35000000000002
190.216100,0x132,94 8e a1 07 9b 4f,6,36500,365.0,1953,-195.3,1953,195.3,20379,-196.95000000000005
190.226100,0x132,8d 8e 9f 07 89 4f,6,36493,364.93,1951,-195.10000000000002,1951,195.10000000000002,20361,-196.05000000000007
190.236300,0x132,8f 8e a3 07 a2 4f,6,36495,364.95,1955,-195.5,1955,195.5,20386,-197.30000000000007
190.246200,0x132,91 8e a0 07 82 4f,6,36497,364.97,1952,-195.20000000000002,1952,195.20000000000002,20354,-195.70000000000005
190.256200,0x132,95 8e a1 07 73 4f,6,36501,365.01,1953,-195.3,1953,195.3,20339,-194.95000000000005
190.266300,0x132,93 8e 9c 07 7a 4f,6,36499,364.99,1948,-194.8,1948,194.8,20346,-195.30000000000007
190.276100,0x132,8d 8e a0 07 9b 4f,6,36493,364.93,1952,-195.20000000000002,1952,195.20000000000002,20379,-196.95000000000005
190.286100,0x132,83 8e 9f 07 89 4f,6,36483,364.83,1951,-195.10000000000002,1951,195.10000000000002,20361,-196.05000000000007
190.296400,0x132,97 8e a3 07 a7 4f,6,36503,365.03000000000003,1955,-195.5,1955,195.5,20391,-197.55000000000007
190.306100,0x132,93 8e 9f 07 85 4f,6,36499,364.99,1951,-195.10000000000002,1951,195.10000000000002,20357,-195.85000000000002
190.316100,0x132,84 8e a2 07 96 4f,6,36484,364.84000000000003,1954,-195.4,1954,195.4,20374,-196.70000000000005
190.326100,0x132,8d 8e 9d 07 78 4f,6,36493,364.93,1949,-194.9,1949,194.9,20344,-195.20000000000005
190.336100,0x132,9c 8e a1 07 9a 4f,6,36508,365.08,1953,-195.3,1953,195.3,20378,-196.9000000000001
190.346400,0x132,81 8e 9d 07 7d 4f,6,36481,364.81,1949,-194.9,1949,194.9,20349,-195.45000000000005
190.356200,0x132,97 8e a2 07 a5 4f,6,36503,365.03000000000003,1954,-195.4,1954,195.4,20389,-197.45000000000005
190.366200,0x132,82 8e 9d 07 68 4f,6,36482,364.82,1949,-194.9,1949,194.9,20328,-194.4000000000001
190.376100,0x132,98 8e a3 07 98 4f,6,36504,365.04,1955,-195.5,1955,195.5,20376,-196.80000000000007
190.386100,0x132,88 8e 9e 07 7b 4f,6,36488,364.88,1950,-195.0,1950,195.0,20347,-195.35000000000002
190.396400,0x132,8c 8e a1 07 96 4f,6,36492,364.92,1953,-195.3,1953,195.3,20374,-196.70000000000005
190.406100,0x132,8c 8e 9e 07 7b 4f,6,36492,364.92,1950,-195.0,1950,195.0,20347,-195.35000000000002
190.416100,0x132,8f 8e a1 07 a2 4f,6,36495,364.95,1953,-195.3,1953,195.3,20386,-197.30000000000007
190.426100,0x132,90 8e 9f 07 85 4f,6,36496,364.96,1951,-195.10000000000002,1951,195.10000000000002,20357,-195.85000000000002
190.436100,0x132,91 8e a3 07 9f 4f,6,36497,364.97,1955,-195.5,1955,195.5,20383,-197.1500000000001
190.446300,0x132,90 8e 9e 07 7a 4f,6,36496,364.96,1950,-195.0,1950,195.0,20346,-195.30000000000007
190.456200,0x132,97 8e 9e 07 6e 4f,6,36503,365.03000000000003,1950,-195.0,1950,195.0,20334,-194.70000000000005
190.466200,0x132,85 8e 9f 07 7d 4f,6,36485,364.85,1951,-195.10000000000002,1951,195.10000000000002,20349,-195.45000000000005
190.476100,0x132,84 8e a0 07 9d 4f,6,36484,364.84000000000003,1952,-195.20000000000002,1952,195.20000000000002,20381,-197.05000000000007
190.486100,0x132,8a 8e 9f 07 86 4f,6,36490,364.90000000000003,1951,-195.10000000000002,1951,195.10000000000002,20358,-195.9000000000001
190.496500,0x132,93 8e a3 07 a2 4f,6,36499,364.99,1955,-195.5,1955,195.5,20386,-197.30000000000007
190.506100,0x132,8b 8e 9f 07 78 4f,6,36491,364.91,1951,-195.10000000000002,1951,195.10000000000002,20344,-195.20000000000005
190.516400,0x132,92 8e a0 07 94 4f,6,36498,364.98,1952,-195.20000000000002,1952,195.20000000000002,20372,-196.60000000000002
190.526100,0x132,91 8e 9d 07 7d 4f,6,36497,364.97,1949,-194.9,1949,194.9,20349,-195.45000000000005
190.536100,0x132,9e 8e a1 07 a2 4f,6,36510,365.1,1953,-195.3,1953,195.3,20386,-197.30000000000007
190.546300,0x132,91 8e a0 07 8a 4f,6,36497,364.97,1952,-195.20000000000002,1952,195.20000000000002,20362,-196.10000000000002
190.556400,0x132,8e 8e a5 07 9e 4f,6,36494,364.94,1957,-195.70000000000002,1957,195.70000000000002,20382,-197.10000000000002
190.566300,0x132,83 8e 9d 07 62 4f,6,36483,364.83,1949,-194.9,1949,194.9,20322,-194.10000000000002
190.576100,0x132,87 8e a0 07 98 4f,6,36487,364.87,1952,-195.20000000000002,1952,195.20000000000002,20376,-196.80000000000007
190.586100,0x132,86 8e 9d 07 7f 4f,6,36486,364.86,1949,-194.9,1949,194.9,20351,-195.55000000000007
190.596400,0x132,8d 8e a0 07 9f 4f,6,36493,364.93,1952,-195.20000000000002,1952,195.20000000000002,20383,-197.1500000000001
190.606100,0x132,81 8e 9e 07 87 4f,6,36481,364.81,1950,-195.0,1950,195.0,20359,-195.95000000000005
190.616100,0x132,94 8e a2 07 a3 4f,6,36500,365.0,1954,-195.4,1954,195.4,20387,-197.35000000000002
190.626100,0x132,86 8e 9f 07 80 4f,6,36486,364.86,1951,-195.10000000000002,1951,195.10000000000002,20352,-195.60000000000002
190.636100,0x132,8b 8e a1 07 9a 4f,6,36491,364.91,1953,-195.3,1953,195.3,20378,-196.9000000000001
190.646200,0x132,8a 8e 9d 07 7c 4f,6,36490,364.90000000000003,1949,-194.9,1949,194.9,20348,-195.4000000000001
190.656200,0x132,9f 8e a2 07 9f 4f,6,36511,365.11,1954,-195.4,1954,195.4,20383,-197.1500000000001
190.666200,0x132,7c 8e 9f 07 5d 4f,6,36476,364.76,1951,-195.10000000000002,1951,195.10000000000002,20317,-193.85000000000002
190.676100,0x132,83 8e a2 07 a2 4f,6,36483,364.83,1954,-195.4,1954,195.4,20386,-197.30000000000007
190.686100,0x132,8f 8e a3 07 80 4f,6,36495,364.95,1955,-195.5,1955,195.5,20352,-195.60000000000002
190.696400,0x132,8e 8e a2 07 6e 4f,6,36494,364.94,1954,-195.4,1954,195.4,20334,-194.70000000000005
190.706100,0x132,86 8e 9e 07 58 4f,6,36486,364.86,1950,-195.0,1950,195.0,20312,-193.60000000000002
190.716100,0x132,93 8e 9c 07 72 4f,6,36499,364.99,1948,-194.8,1948,194.8,20338,-194.9000000000001
190.726100,0x132,7e 8e 9d 07 61 4f,6,36478,364.78000000000003,1949,-194.9,1949,194.9,20321,-194.05000000000007
190.736100,0x132,91 8e 9e 07 7b 4f,6,36497,364.97,1950,-195.0,1950,195.0,20347,-195.35000000000002
190.746300,0x132,92 8e 9f 07 63 4f,6,36498,364.98,1951,-195.10000000000002,1951,195.10000000000002,20323,-194.1500000000001
190.756200,0x132,89 8e 9e 07 77 4f,6,36489,364.89,1950,-195.0,1950,195.0,20343,-195.1500000000001
190.766300,0x132,92 8e 9c 07 58 4f,6,36498,364.98,1948,-194.8,1948,194.8,20312,-193.60000000000002
190.776100,0x132,8b 8e 9c 07 70 4f,6,36491,364.91,1948,-194.8,1948,194.8,20336,-194.80000000000007
190.786100,0x132,8b 8e 9d 07 60 4f,6,36491,364.91,1949,-194.9,1949,194.9,20320,-194.0
190.796400,0x132,92 8e 9f 07 81 4f,6,36498,364.98,1951,-195.10000000000002,1951,195.10000000000002,20353,-195.6500000000001
190.806100,0x132,88 8e a0 07 63 4f,6,36488,364.88,1952,-195.20000000000002,1952,195.20000000000002,20323,-194.1500000000001
190.816100,0x132,85 8e 9f 07 75 4f,6,36485,364.85,1951,-195.10000000000002,1951,195.10000000000002,20341,-195.05000000000007
190.826100,0x132,8e 8e 9c 07 51 4f,6,36494,364.94,1948,-194.8,1948,194.8,20305,-193.25
190.836100,0x132,8d 8e 9d 07 6e 4f,6,36493,364.93,1949,-194.9,1949,194.9,20334,-194.70000000000005
190.846400,0x132,81 8e 9d 07 60 4f,6,36481,364.81,1949,-194.9,1949,194.9,20320,-194.0
190.856400,0x132,97 8e 9b 07 71 4f,6,36503,365.03000000000003,1947,-194.70000000000002,1947,194.70000000000002,20337,-194.85000000000002
190.866300,0x132,8a 8e a1 07 5b 4f,6,36490,364.90000000000003,1953,-195.3,1953,195.3,20315,-193.75
190.876100,0x132,93 8e 9e 07 72 4f,6,36499,364.99,1950,-195.0,1950,195.0,20338,-194.9000000000001
190.886100,0x132,8e 8e 9e 07 59 4f,6,36494,364.94,1950,-195.0,1950,195.0,20313,-193.6500000000001
190.896500,0x132,93 8e 9d 07 71 4f,6,36499,364.99,1949,-194.9,1949,194.9,20337,-194.85000000000002
190.906100,0x132,8a 8e 9d 07 60 4f,6,36490,364.90000000000003,1949,-194.9,1949,194.9,20320,-194.0
190.916100,0x132,86 8e 9d 07 78 4f,6,36486,364.86,1949,-194.9,1949,194.9,20344,-195.20000000000005
190.926100,0x132,8d 8e 9e 07 62 4f,6,36493,364.93,1950,-195.0,1950,195.0,20322,-194.10000000000002
190.936100,0x132,8b 8e 9f 07 77 4f,6,36491,364.91,1951,-195.10000000000002,1951,195.10000000000002,20343,-195.1500000000001
190.946200,0x132,87 8e 9f 07 59 4f,6,36487,364.87,1951,-195.10000000000002,1951,195.10000000000002,20313,-193.6500000000001
190.956200,0x132,91 8e 9a 07 67 4f,6,36497,364.97,1946,-194.60000000000002,1946,194.60000000000002,20327,-194.35000000000002
190.966200,0x132,84 8e 9d 07 84 4f,6,36484,364.84000000000003,1949,-194.9,1949,194.9,20356,-195.80000000000007
190.976100,0x132,8d 8e 9e 07 80 4f,6,36493,364.93,1950,-195.0,1950,195.0,20352,-195.60000000000002
190.986100,0x132,91 8e 9f 07 62 4f,6,36497,364.97,1951,-195.10000000000002,1951,195.10000000000002,20322,-194.10000000000002
190.996400,0x132,97 8e 9f 07 73 4f,6,36503,365.03000000000003,1951,-195.10000000000002,1951,195.10000000000002,20339,-194.95000000000005
191.006100,0x132,88 8e 9e 07 57 4f,6,36488,364.88,1950,-195.0,1950,195.0,20311,-193.55000000000007
191.016100,0x132,87 8e 9d 07 73 4f,6,36487,364.87,1949,-194.9,1949,194.9,20339,-194.95000000000005
191.026100,0x132,99 8e 9c 07 60 4f,6,36505,365.05,1948,-194.8,1948,194.8,20320,-194.0
191.036100,0x132,90 8e 9f 07 80 4f,6,36496,364.96,1951,-195.10000000000002,1951,195.10000000000002,20352,-195.60000000000002
191.046300,0x132,82 8e a0 07 61 4f,6,36482,364.82,1952,-195.20000000000002,1952,195.20000000000002,20321,-194.05000000000007
191.056200,0x132,81 8e 9e 07 72 4f,6,36481,364.81,1950,-195.0,1950,195.0,20338,-194.9000000000001
191.066200,0x132,96 8e a2 07 5b 4f,6,36502,365.02,1954,-195.4,1954,195.4,20315,-193.75
191.076100,0x132,7c 8e 9c 07 77 4f,6,36476,364.76,1948,-194.8,1948,194.8,20343,-195.1500000000001
191.086100,0x132,89 8e 9c 07 5e 4f,6,36489,364.89,1948,-194.8,1948,194.8,20318,-193.9000000000001
191.096500,0x132,89 8e 9f 07 7d 4f,6,36489,364.89,1951,-195.10000000000002,1951,195.10000000000002,20349,-195.45000000000005
191.106100,0x132,7c 8e a0 07 61 4f,6,36476,364.76,1952,-195.20000000000002,1952,195.20000000000002,20321,-194.05000000000007
191.116100,0x132,89 8e 9f 07 75 4f,6,36489,364.89,1951,-195.10000000000002,1951,195.10000000000002,20341,-195.05000000000007
191.126100,0x132,89 8e 9d 07 58 4f,6,36489,364.89,1949,-194.9,1949,194.9,20312,-193.60000000000002
191.136100,0x132,8a 8e 9d 07 77 4f,6,36490,364.90000000000003,1949,-194.9,1949,194.9,20343,-195.1500000000001
191.146300,0x132,91 8e 9d 07 61 4f,6,36497,364.97,1949,-194.9,1949,194.9,20321,-194.05000000000007
191.156200,0x132,9a 8e 9d 07 75 4f,6,36506,365.06,1949,-194.9,1949,194.9,20341,-195.05000000000007
191.166200,0x132,94 8e a3 07 63 4f,6,36500,365.0,1955,-195.5,1955,195.5,20323,-194.1500000000001
191.176100,0x132,8e 8e 9f 07 73 4f,6,36494,364.94,1951,-195.10000000000002,1951,195.10000000000002,20339,-194.95000000000005
191.186100,0x132,9b 8e 9d 07 58 4f,6,36507,365.07,1949,-194.9,1949,194.9,20312,-193.60000000000002
191.196500,0x132,9e 8e 9d 07 77 4f,6,36510,365.1,1949,-194.9,1949,194.9,20343,-195.1500000000001
191.206100,0x132,8d 8e 9d 07 61 4f,6,36493,364.93,1949,-194.9,1949,194.9,20321,-194.05000000000007
191.216100,0x132,84 8e 9e 07 7d 4f,6,36484,364.84000000000003,1950,-195.0,1950,195.0,20349,-195.45000000000005
191.226100,0x132,85 8e 9e 07 5d 4f,6,36485,364.85,1950,-195.0,1950,195.0,20317,-193.85000000000002
191.236100,0x132,98 8e 9e 07 75 4f,6,36504,365.04,1950,-195.0,1950,195.0,20341,-195.05000000000007
191.246200,0x132,90 8e 9c 07 59 4f,6,36496,364.96,1948,-194.8,1948,194.8,20313,-193.6500000000001
191.256400,0x132,88 8e a0 07 78 4f,6,36488,364.88,1952,-195.20000000000002,1952,195.20000000000002,20344,-195.20000000000005
191.266200,0x132,91 8e a2 07 66 4f,6,36497,364.97,1954,-195.4,1954,195.4,20326,-194.30000000000007
191.276100,0x132,8a 8e 9f 07 7c 4f,6,36490,364.90000000000003,1951,-195.10000000000002,1951,195.10000000000002,20348,-195.4000000000001
191.286100,0x132,7b 8e 9e 07 5c 4f,6,36475,364.75,1950,-195.0,1950,195.0,20316,-193.80000000000007
191.296400,0x132,99 8e 9d 07 73 4f,6,36505,365.05,1949,-194.9,1949,194.9,20339,-194.95000000000005
191.306100,0x132,80 8e 9d 07 5c 4f,6,36480,364.8,1949,-194.9,1949,194.9,20316,-193.80000000000007
191.316100,0x132,87 8e 9c 07 77 4f,6,36487,364.87,1948,-194.8,1948,194.8,20343,-195.1500000000001
191.326200,0x132,7d 8e 9c 07 5e 4f,6,36477,364.77,1948,-194.8,1948,194.8,20318,-193.9000000000001
191.336200,0x132,91 8e 9f 07 7f 4f,6,36497,364.97,1951,-195.10000000000002,1951,195.10000000000002,20351,-195.55000000000007
191.346200,0x132,83 8e 9e 07 5c 4f,6,36483,364.83,1950,-195.0,1950,195.0,20316,-193.80000000000007
191.356200,0x132,82 8e 9c 07 69 4f,6,36482,364.82,1948,-194.8,1948,194.8,20329,-194.45000000000005
191.366200,0x132,86 8e a1 07 5b 4f,6,36486,364.86,1953,-195.3,1953,195.3,20315,-193.75
191.376100,0x132,88 8e 9d 07 7d 4f,6,36488,364.88,1949,-194.9,1949,194.9,20349,-195.45000000000005
191.386100,0x132,88 8e 9d 07 65 4f,6,36488,364.88,1949,-194.9,1949,194.9,20325,-194.25
191.396500,0x132,93 8e a0 07 7b 4f,6,36499,364.99,1952,-195.20000000000002,1952,195.20000000000002,20347,-195.35000000000002
191.406100,0x132,86 8e 9f 07 58 4f,6,36486,364.86,1951,-195.10000000000002,1951,195.10000000000002,20312,-193.60000000000002
191.416100,0x132,85 8e 9d 07 75 4f,6,36485,364.85,1949,-194.9,1949,194.9,20341,-195.05000000000007
191.426100,0x132,84 8e 9c 07 5e 4f,6,36484,364.84000000000003,1948,-194.8,1948,194.8,20318,-193.9000000000001
191.436200,0x132,8c 8e 9d 07 7f 4f,6,36492,364.92,1949,-194.9,1949,194.9,20351,-195.55000000000007
191.446200,0x132,7f 8e 9d 07 66 4f,6,36479,364.79,1949,-194.9,1949,194.9,20326,-194.30000000000007
191.456200,0x132,8b 8e 9e 07 77 4f,6,36491,364.91,1950,-195.0,1950,195.0,20343,-195.1500000000001
191.466300,0x132,7e 8e a4 07 5e 4f,6,36478,364.78000000000003,1956,-195.60000000000002,1956,195.60000000000002,20318,-193.9000000000001
191.476100,0x132,89 8e 9c 07 75 4f,6,36489,364.89,1948,-194.8,1948,194.8,20341,-195.05000000000007
191.486100,0x132,7b 8e 9b 07 60 4f,6,36475,364.75,1947,-194.70000000000002,1947,194.70000000000002,20320,-194.0
191.496500,0x132,82 8e 9d 07 7f 4f,6,36482,364.82,1949,-194.9,1949,194.9,20351,-195.55000000000007
191.506100,0x132,90 8e 9e 07 62 4f,6,36496,364.96,1950,-195.0,1950,195.0,20322,-194.10000000000002
191.516400,0x132,96 8e 9d 07 77 4f,6,36502,365.02,1949,-194.9,1949,194.9,20343,-195.1500000000001
191.526100,0x132,84 8e 9c 07 57 4f,6,36484,364.84000000000003,1948,-194.8,1948,194.8,20311,-193.55000000000007
191.536200,0x132,81 8e 9b 07 76 4f,6,36481,364.81,1947,-194.70000000000002,1947,194.70000000000002,20342,-195.10000000000002
191.546200,0x132,7b 8e 9c 07 62 4f,6,36475,364.75,1948,-194.8,1948,194.8,20322,-194.10000000000002
191.556300,0x132,8a 8e 9f 07 70 4f,6,36490,364.90000000000003,1951,-195.10000000000002,1951,195.10000000000002,20336,-194.80000000000007
191.566400,0x132,8f 8e a4 07 5e 4f,6,36495,364.95,1956,-195.60000000000002,1956,195.60000000000002,20318,-193.9000000000001
191.576100,0x132,90 8e 9d 07 7a 4f,6,36496,364.96,1949,-194.9,1949,194.9,20346,-195.30000000000007
191.586300,0x132,84 8e 9b 07 5b 4f,6,36484,364.84000000000003,1947,-194.70000000000002,1947,194.70000000000002,20315,-193.75
191.596400,0x132,93 8e 9c 07 78 4f,6,36499,364.99,1948,-194.8,1948,194.8,20344,-195.20000000000005
191.606200,0x132,97 8e 9c 07 68 4f,6,36503,365.03000000000003,1948,-194.8,1948,194.8,20328,-194.4000000000001
191.616100,0x132,8f 8e 9e 07 82 4f,6,36495,364.95,1950,-195.0,1950,195.0,20354,-195.70000000000005
191.626100,0x132,89 8e 9c 07 5b 4f,6,36489,364.89,1948,-194.8,1948,194.8,20315,-193.75
191.636200,0x132,8f 8e 9c 07 75 4f,6,36495,364.95,1948,-194.8,1948,194.8,20341,-195.05000000000007
191.646200,0x132,81 8e 9b 07 5c 4f,6,36481,364.81,1947,-194.70000000000002,1947,194.70000000000002,20316,-193.80000000000007
191.656200,0x132,95 8e 9d 07 69 4f,6,36501,365.01,1949,-194.9,1949,194.9,20329,-194.45000000000005
191.666200,0x132,83 8e a1 07 5d 4f,6,36483,364.83,1953,-195.3,1953,195.3,20317,-193.85000000000002
191.676100,0x132,8e 8e 9f 07 7d 4f,6,36494,364.94,1951,-195.10000000000002,1951,195.10000000000002,20349,-195.45000000000005
191.686100,0x132,92 8e 9d 07 5d 4f,6,36498,364.98,1949,-194.9,1949,194.9,20317,-193.85000000000002
191.696400,0x132,8c 8e 9c 07 72 4f,6,36492,364.92,1948,-194.8,1948,194.8,20338,-194.9000000000001
191.706200,0x132,83 8e 9b 07 60 4f,6,36483,364.83,1947,-194.70000000000002,1947,194.70000000000002,20320,-194.0
191.716200,0x132,97 8e 9c 07 7d 4f,6,36503,365.03000000000003,1948,-194.8,1948,194.8,20349,-195.45000000000005
191.726100,0x132,82 8e 9d 07 65 4f,6,36482,364.82,1949,-194.9,1949,194.9,20325,-194.25
191.736200,0x132,87 8e 9e 07 78 4f,6,36487,364.87,1950,-195.0,1950,195.0,20344,-195.20000000000005
191.746400,0x132,93 8e 9c 07 59 4f,6,36499,364.99,1948,-194.8,1948,194.8,20313,-193.6500000000001
191.756200,0x132,8e 8e 9d 07 65 4f,6,36494,364.94,1949,-194.9,1949,194.9,20325,-194.25
191.766200,0x132,84 8e 9b 07 65 4f,6,36484,364.84000000000003,1947,-194.70000000000002,1947,194.70000000000002,20325,-194.25
191.776100,0x132,88 8e 9d 07 84 4f,6,36488,364.88,1949,-194.9,1949,194.9,20356,-195.80000000000007
191.786100,0x132,86 8e 9d 07 65 4f,6,36486,364.86,1949,-194.9,1949,194.9,20325,-194.25
191.796400,0x132,88 8e 9e 07 7a 4f,6,36488,364.88,1950,-195.0,1950,195.0,20346,-195.30000000000007
191.806200,0x132,93 8e 9b 07 5b 4f,6,36499,364.99,1947,-194.70000000000002,1947,194.70000000000002,20315,-193.75
191.816100,0x132,91 8e 9a 07 73 4f,6,36497,364.97,1946,-194.60000000000002,1946,194.60000000000002,20339,-194.95000000000005
191.826100,0x132,7d 8e 9b 07 66 4f,6,36477,364.77,1947,-194.70000000000002,1947,194.70000000000002,20326,-194.30000000000007
191.836200,0x132,85 8e 9d 07 7d 4f,6,36485,364.85,1949,-194.9,1949,194.9,20349,-195.45000000000005
191.846300,0x132,80 8e 9c 07 5d 4f,6,36480,364.8,1948,-194.8,1948,194.8,20317,-193.85000000000002
191.856500,0x132,7b 8e a1 07 62 4f,6,36475,364.75,1953,-195.3,1953,195.3,20322,-194.10000000000002
191.866200,0x132,84 8e a1 07 59 4f,6,36484,364.84000000000003,1953,-195.3,1953,195.3,20313,-193.6500000000001
191.876200,0x132,8f 8e 9c 07 7c 4f,6,36495,364.95,1948,-194.8,1948,194.8,20348,-195.4000000000001
191.886200,0x132,94 8e 9d 07 63 4f,6,36500,365.0,1949,-194.9,1949,194.9,20323,-194.1500000000001
191.896400,0x132,91 8e 9e 07 7f 4f,6,36497,364.97,1950,-195.0,1950,195.0,20351,-195.55000000000007
191.906200,0x132,9d 8e 9c 07 59 4f,6,36509,365.09000000000003,1948,-194.8,1948,194.8,20313,-193.6500000000001
191.916200,0x132,90 8e 9a 07 71 4f,6,36496,364.96,1946,-194.60000000000002,1946,194.60000000000002,20337,-194.85000000000002
191.926100,0x132,8b 8e 9b 07 63 4f,6,36491,364.91,1947,-194.70000000000002,1947,194.70000000000002,20323,-194.1500000000001
191.936200,0x132,91 8e 9e 07 82 4f,6,36497,364.97,1950,-195.0,1950,195.0,20354,-195.70000000000005
191.946400,0x132,88 8e 9c 07 63 4f,6,36488,364.88,1948,-194.8,1948,194.8,20323,-194.1500000000001
191.956200,0x132,98 8e 9e 07 78 4f,6,36504,365.04,1950,-195.0,1950,195.0,20344,-195.20000000000005
191.966200,0x132,8b 8e a1 07 4d 4f,6,36491,364.91,1953,-195.3,1953,195.3,20301,-193.05000000000007
191.976100,0x132,9b 8e 9b 07 7a 4f,6,36507,365.07,1947,-194.70000000000002,1947,194.70000000000002,20346,-195.30000000000007
191.986200,0x132,99 8e 9a 07 62 4f,6,36505,365.05,1946,-194.60000000000002,1946,194.60000000000002,20322,-194.10000000000002
191.996400,0x132,8d 8e 9d 07 82 4f,6,36493,364.93,1949,-194.9,1949,194.9,20354,-195.70000000000005
192.006200,0x132,89 8e 9e 07 61 4f,6,36489,364.89,1950,-195.0,1950,195.0,20321,-194.05000000000007
192.016200,0x132,8f 8e 9b 07 73 4f,6,36495,364.95,1947,-194.70000000000002,1947,194.70000000000002,20339,-194.95000000000005
192.026100,0x132,8b 8e 9a 07 59 4f,6,36491,364.91,1946,-194.60000000000002,1946,194.60000000000002,20313,-193.6500000000001
192.036200,0x132,91 8e 9a 07 7a 4f,6,36497,364.97,1946,-194.60000000000002,1946,194.60000000000002,20346,-195.30000000000007
192.046300,0x132,88 8e 9b 07 62 4f,6,36488,364.88,1947,-194.70000000000002,1947,194.70000000000002,20322,-194.10000000000002
192.056200,0x132,8b 8e a1 07 80 4f,6,36491,364.91,1953,-195.3,1953,195.3,20352,-195.60000000000002
192.066200,0x132,8e 8e a2 07 4e 4f,6,36494,364.94,1954,-195.4,1954,195.4,20302,-193.10000000000002
192.076200,0x132,90 8e 9c 07 76 4f,6,36496,364.96,1948,-194.8,1948,194.8,20342,-195.10000000000002
192.086200,0x132,92 8e 9a 07 60 4f,6,36498,364.98,1946,-194.60000000000002,1946,194.60000000000002,20320,-194.0
192.096400,0x132,94 8e 9d 07 81 4f,6,36500,365.0,1949,-194.9,1949,194.9,20353,-195.6500000000001
192.106200,0x132,8c 8e 9c 07 62 4f,6,36492,364.92,1948,-194.8,1948,194.8,20322,-194.10000000000002
192.116200,0x132,90 8e 9b 07 71 4f,6,36496,364.96,1947,-194.70000000000002,1947,194.70000000000002,20337,-194.85000000000002
192.126200,0x132,86 8e 9a 07 59 4f,6,36486,364.86,1946,-194.60000000000002,1946,194.60000000000002,20313,-193.6500000000001
192.136200,0x132,89 8e 9a 07 77 4f,6,36489,364.89,1946,-194.60000000000002,1946,194.60000000000002,20343,-195.1500000000001
192.146300,0x132,8b 8e 9a 07 65 4f,6,36491,364.91,1946,-194.60000000000002,1946,194.60000000000002,20325,-194.25
192.156200,0x132,86 8e a0 07 6e 4f,6,36486,364.86,1952,-195.20000000000002,1952,195.20000000000002,20334,-194.70000000000005
192.166400,0x132,8d 8e 9b 07 5e 4f,6,36493,364.93,1947,-194.70000000000002,1947,194.70000000000002,20318,-193.9000000000001
192.176200,0x132,85 8e 9c 07 75 4f,6,36485,364.85,1948,-194.8,1948,194.8,20341,-195.05000000000007
192.186200,0x132,8e 8e 99 07 5b 4f,6,36494,364.94,1945,-194.5,1945,194.5,20315,-193.75
192.196600,0x132,8e 8e 9b 07 80 4f,6,36494,364.94,1947,-194.70000000000002,1947,194.70000000000002,20352,-195.60000000000002
192.206200,0x132,8e 8e 9b 07 69 4f,6,36494,364.94,1947,-194.70000000000002,1947,194.70000000000002,20329,-194.45000000000005
192.216200,0x132,8b 8e 9c 07 7a 4f,6,36491,364.91,1948,-194.8,1948,194.8,20346,-195.30000000000007
192.226200,0x132,8e 8e 99 07 58 4f,6,36494,364.94,1945,-194.5,1945,194.5,20312,-193.60000000000002
192.236200,0x132,87 8e 9a 07 73 4f,6,36487,364.87,1946,-194.60000000000002,1946,194.60000000000002,20339,-194.95000000000005
192.246200,0x132,8b 8e 99 07 66 4f,6,36491,364.91,1945,-194.5,1945,194.5,20326,-194.30000000000007
192.256200,0x132,90 8e 9d 07 6b 4f,6,36496,364.96,1949,-194.9,1949,194.9,20331,-194.55000000000007
192.266200,0x132,97 8e a1 07 68 4f,6,36503,365.03000000000003,1953,-195.3,1953,195.3,20328,-194.4000000000001
192.276200,0x132,90 8e 9b 07 72 4f,6,36496,364.96,1947,-194.70000000000002,1947,194.70000000000002,20338,-194.9000000000001
192.286200,0x132,88 8e 9a 07 58 4f,6,36488,364.88,1946,-194.60000000000002,1946,194.60000000000002,20312,-193.60000000000002
192.296400,0x132,94 8e 99 07 7b 4f,6,36500,365.0,1945,-194.5,1945,194.5,20347,-195.35000000000002
192.306200,0x132,95 8e 9b 07 63 4f,6,36501,365.01,1947,-194.70000000000002,1947,194.70000000000002,20323,-194.1500000000001
192.316200,0x132,87 8e 9c 07 7d 4f,6,36487,364.87,1948,-194.8,1948,194.8,20349,-195.45000000000005
192.326200,0x132,83 8e 9a 07 5b 4f,6,36483,364.83,1946,-194.60000000000002,1946,194.60000000000002,20315,-193.75
192.336200,0x132,92 8e 9b 07 73 4f,6,36498,364.98,1947,-194.70000000000002,1947,194.70000000000002,20339,-194.95000000000005
192.346300,0x132,86 8e 9a 07 60 4f,6,36486,364.86,1946,-194.60000000000002,1946,194.60000000000002,20320,-194.0
192.356200,0x132,88 8e 9b 07 68 4f,6,36488,364.88,1947,-194.70000000000002,1947,194.70000000000002,20328,-194.4000000000001
192.366200,0x132,93 8e 9a 07 65 4f,6,36499,364.99,1946,-194.60000000000002,1946,194.60000000000002,20325,-194.25
192.376200,0x132,8d 8e 9b 07 76 4f,6,36493,364.93,1947,-194.70000000000002,1947,194.70000000000002,20342,-195.10000000000002
192.386200,0x132,85 8e 9a 07 59 4f,6,36485,364.85,1946,-194.60000000000002,1946,194.60000000000002,20313,-193.6500000000001
192.396400,0x132,90 8e 9a 07 77 4f,6,36496,364.96,1946,-194.60000000000002,1946,194.60000000000002,20343,-195.1500000000001
192.406200,0x132,89 8e 9b 07 65 4f,6,36489,364.89,1947,-194.70000000000002,1947,194.70000000000002,20325,-194.25
192.416200,0x132,9b 8e 9c 07 80 4f,6,36507,365.07,1948,-194.8,1948,194.8,20352,-195.60000000000002
192.426200,0x132,8d 8e 9a 07 5b 4f,6,36493,364.93,1946,-194.60000000000002,1946,194.60000000000002,20315,-193.75
192.436200,0x132,89 8e 9b 07 76 4f,6,36489,364.89,1947,-194.70000000000002,1947,194.70000000000002,20342,-195.10000000000002
192.446200,0x132,87 8e 99 07 5c 4f,6,36487,364.87,1945,-194.5,1945,194.5,20316,-193.80000000000007
192.456200,0x132,83 8e 9d 07 62 4f,6,36483,364.83,1949,-194.9,1949,194.9,20322,-194.10000000000002
192.466200,0x132,8e 8e 99 07 68 4f,6,36494,364.94,1945,-194.5,1945,194.5,20328,-194.4000000000001
192.476200,0x132,82 8e 9b 07 78 4f,6,36482,364.82,1947,-194.70000000000002,1947,194.70000000000002,20344,-195.20000000000005
192.486200,0x132,86 8e 9a 07 5c 4f,6,36486,364.86,1946,-194.60000000000002,1946,194.60000000000002,20316,-193.80000000000007
192.496400,0x132,91 8e 9a 07 76 4f,6,36497,364.97,1946,-194.60000000000002,1946,194.60000000000002,20342,-195.10000000000002
192.506200,0x132,8b 8e 9a 07 65 4f,6,36491,364.91,1946,-194.60000000000002,1946,194.60000000000002,20325,-194.25
192.516400,0x132,8f 8e 9c 07 82 4f,6,36495,364.95,1948,-194.8,1948,194.8,20354,-195.70000000000005
192.526200,0x132,8c 8e 9b 07 60 4f,6,36492,364.92,1947,-194.70000000000002,1947,194.70000000000002,20320,-194.0
192.536200,0x132,93 8e 9b 07 76 4f,6,36499,364.99,1947,-194.70000000000002,1947,194.70000000000002,20342,-195.10000000000002
192.546300,0x132,8e 8e 99 07 5e 4f,6,36494,364.94,1945,-194.5,1945,194.5,20318,-193.9000000000001
192.556300,0x132,91 8e 9c 07 61 4f,6,36497,364.97,1948,-194.8,1948,194.8,20321,-194.05000000000007
192.566300,0x132,97 8e a0 07 68 4f,6,36503,365.03000000000003,1952,-195.20000000000002,1952,195.20000000000002,20328,-194.4000000000001
192.576200,0x132,8e 8e 9d 07 7b 4f,6,36494,364.94,1949,-194.9,1949,194.9,20347,-195.35000000000002
192.586200,0x132,7f 8e 99 07 56 4f,6,36479,364.79,1945,-194.5,1945,194.5,20310,-193.5
192.596400,0x132,94 8e 9a 07 78 4f,6,36500,365.0,1946,-194.60000000000002,1946,194.60000000000002,20344,-195.20000000000005
192.606200,0x132,8c 8e 9a 07 66 4f,6,36492,364.92,1946,-194.60000000000002,1946,194.60000000000002,20326,-194.30000000000007
192.616200,0x132,84 8e 9b 07 81 4f,6,36484,364.84000000000003,1947,-194.70000000000002,1947,194.70000000000002,20353,-195.6500000000001
192.626200,0x132,89 8e 9b 07 5b 4f,6,36489,364.89,1947,-194.70000000000002,1947,194.70000000000002,20315,-193.75
192.636200,0x132,90 8e 9b 07 76 4f,6,36496,364.96,1947,-194.70000000000002,1947,194.70000000000002,20342,-195.10000000000002
192.646300,0x132,8b 8e 98 07 5b 4f,6,36491,364.91,1944,-194.4,1944,194.4,20315,-193.75
192.656500,0x132,92 8e 9b 07 7c 4f,6,36498,364.98,1947,-194.70000000000002,1947,194.70000000000002,20348,-195.4000000000001
192.666200,0x132,8e 8e 9d 07 4e 4f,6,36494,364.94,1949,-194.9,1949,194.9,20302,-193.10000000000002
192.676200,0x132,88 8e 9c 07 78 4f,6,36488,364.88,1948,-194.8,1948,194.8,20344,-195.20000000000005
192.686200,0x132,8c 8e 98 07 57 4f,6,36492,364.92,1944,-194.4,1944,194.4,20311,-193.55000000000007
192.696600,0x132,97 8e 9a 07 76 4f,6,36503,365.03000000000003,1946,-194.60000000000002,1946,194.60000000000002,20342,-195.10000000000002
192.706200,0x132,86 8e 98 07 63 4f,6,36486,364.86,1944,-194.4,1944,194.4,20323,-194.1500000000001
192.716200,0x132,97 8e 9a 07 7d 4f,6,36503,365.03000000000003,1946,-194.60000000000002,1946,194.60000000000002,20349,-195.45000000000005
192.726200,0x132,8a 8e 9a 07 61 4f,6,36490,364.90000000000003,1946,-194.60000000000002,1946,194.60000000000002,20321,-194.05000000000007
192.736200,0x132,91 8e 9a 07 77 4f,6,36497,364.97,1946,-194.60000000000002,1946,194.60000000000002,20343,-195.1500000000001
192.746400,0x132,8a 8e 97 07 59 4f,6,36490,364.90000000000003,1943,-194.3,1943,194.3,20313,-193.6500000000001
192.756300,0x132,9b 8e 9b 07 63 4f,6,36507,365.07,1947,-194.70000000000002,1947,194.70000000000002,20323,-194.1500000000001
192.766400,0x132,88 8e 98 07 65 4f,6,36488,364.88,1944,-194.4,1944,194.4,20325,-194.25
192.776200,0x132,93 8e 9b 07 7a 4f,6,36499,364.99,1947,-194.70000000000002,1947,194.70000000000002,20346,-195.30000000000007
192.786200,0x132,8f 8e 97 07 54 4f,6,36495,364.95,1943,-194.3,1943,194.3,20308,-193.4000000000001
192.796400,0x132,97 8e 99 07 78 4f,6,36503,365.03000000000003,1945,-194.5,1945,194.5,20344,-195.20000000000005
192.806200,0x132,93 8e 98 07 5e 4f,6,36499,364.99,1944,-194.4,1944,194.4,20318,-193.9000000000001
192.816200,0x132,91 8e 99 07 7d 4f,6,36497,364.97,1945,-194.5,1945,194.5,20349,-195.45000000000005
192.826200,0x132,88 8e 98 07 5d 4f,6,36488,364.88,1944,-194.4,1944,194.4,20317,-193.85000000000002
192.836200,0x132,99 8e 9b 07 76 4f,6,36505,365.05,1947,-194.70000000000002,1947,194.70000000000002,20342,-195.10000000000002
192.846300,0x132,97 8e 97 07 5c 4f,6,36503,365.03000000000003,1943,-194.3,1943,194.3,20316,-193.80000000000007
192.856300,0x132,8d 8e 9a 07 78 4f,6,36493,364.93,1946,-194.60000000000002,1946,194.60000000000002,20344,-195.20000000000005
192.866300,0x132,86 8e 9d 07 63 4f,6,36486,364.86,1949,-194.9,1949,194.9,20323,-194.1500000000001
192.876200,0x132,8d 8e 9a 07 76 4f,6,36493,364.93,1946,-194.60000000000002,1946,194.60000000000002,20342,-195.10000000000002
192.886200,0x132,8e 8e 97 07 5b 4f,6,36494,364.94,1943,-194.3,1943,194.3,20315,-193.75
192.896600,0x132,9a 8e 98 07 75 4f,6,36506,365.06,1944,-194.4,1944,194.4,20341,-195.05000000000007
192.906200,0x132,87 8e 98 07 65 4f,6,36487,364.87,1944,-194.4,1944,194.4,20325,-194.25
192.916200,0x132,9c 8e 9a 07 7c 4f,6,36508,365.08,1946,-194.60000000000002,1946,194.60000000000002,20348,-195.4000000000001
192.926200,0x132,9c 8e 98 07 60 4f,6,36508,365.08,1944,-194.4,1944,194.4,20320,-194.0
192.936200,0x132,89 8e 99 07 72 4f,6,36489,364.89,1945,-194.5,1945,194.5,20338,-194.9000000000001
192.946300,0x132,8a 8e 97 07 5c 4f,6,36490,364.90000000000003,1943,-194.3,1943,194.3,20316,-193.80000000000007
192.956300,0x132,96 8e 99 07 5e 4f,6,36502,365.02,1945,-194.5,1945,194.5,20318,-193.9000000000001
192.966200,0x132,a0 8e 9c 07 52 4f,6,36512,365.12,1948,-194.8,1948,194.8,20306,-193.30000000000007
192.976200,0x132,98 8e 99 07 71 4f,6,36504,365.04,1945,-194.5,1945,194.5,20337,-194.85000000000002
192.986200,0x132,99 8e 96 07 52 4f,6,36505,365.05,1942,-194.20000000000002,1942,194.20000000000002,20306,-193.30000000000007
192.996600,0x132,8e 8e 98 07 75 4f,6,36494,364.94,1944,-194.4,1944,194.4,20341,-195.05000000000007
193.006200,0x132,8d 8e 97 07 66 4f,6,36493,364.93,1943,-194.3,1943,194.3,20326,-194.30000000000007
193.016200,0x132,8b 8e 99 07 7c 4f,6,36491,364.91,1945,-194.5,1945,194.5,20348,-195.4000000000001
193.026200,0x132,7c 8e 98 07 58 4f,6,36476,364.76,1944,-194.4,1944,194.4,20312,-193.60000000000002
193.036200,0x132,9d 8e 98 07 72 4f,6,36509,365.09000000000003,1944,-194.4,1944,194.4,20338,-194.9000000000001
193.046300,0x132,9b 8e 96 07 58 4f,6,36507,365.07,1942,-194.20000000000002,1942,194.20000000000002,20312,-193.60000000000002
193.056300,0x132,91 8e 9c 07 7f 4f,6,36497,364.97,1948,-194.8,1948,194.8,20351,-195.55000000000007
193.066200,0x132,90 8e 9b 07 51 4f,6,36496,364.96,1947,-194.70000000000002,1947,194.70000000000002,20305,-193.25
193.076200,0x132,a1 8e 9b 07 76 4f,6,36513,365.13,1947,-194.70000000000002,1947,194.70000000000002,20342,-195.10000000000002
193.086200,0x132,91 8e 97 07 58 4f,6,36497,364.97,1943,-194.3,1943,194.3,20312,-193.60000000000002
193.096500,0x132,83 8e 98 07 7b 4f,6,36483,364.83,1944,-194.4,1944,194.4,20347,-195.35000000000002
193.106200,0x132,8c 8e 98 07 61 4f,6,36492,364.92,1944,-194.4,1944,194.4,20321,-194.05000000000007
193.116200,0x132,8e 8e 99 07 7a 4f,6,36494,364.94,1945,-194.5,1945,194.5,20346,-195.30000000000007
193.126200,0x132,87 8e 98 07 56 4f,6,36487,364.87,1944,-194.4,1944,194.4,20310,-193.5
193.136200,0x132,8a 8e 98 07 76 4f,6,36490,364.90000000000003,1944,-194.4,1944,194.4,20342,-195.10000000000002
193.146500,0x132,94 8e 96 07 60 4f,6,36500,365.0,1942,-194.20000000000002,1942,194.20000000000002,20320,-194.0
193.156300,0x132,8c 8e 98 07 81 4f,6,36492,364.92,1944,-194.4,1944,194.4,20353,-195.6500000000001
193.166300,0x132,8b 8e 9c 07 4f 4f,6,36491,364.91,1948,-194.8,1948,194.8,20303,-193.1500000000001
193.176200,0x132,8d 8e 98 07 73 4f,6,36493,364.93,1944,-194.4,1944,194.4,20339,-194.95000000000005
193.186200,0x132,91 8e 96 07 59 4f,6,36497,364.97,1942,-194.20000000000002,1942,194.20000000000002,20313,-193.6500000000001
193.196400,0x132,91 8e 98 07 7f 4f,6,36497,364.97,1944,-194.4,1944,194.4,20351,-195.55000000000007
193.206200,0x132,90 8e 98 07 65 4f,6,36496,364.96,1944,-194.4,1944,194.4,20325,-194.25
193.216200,0x132,8d 8e 9a 07 78 4f,6,36493,364.93,1946,-194.60000000000002,1946,194.60000000000002,20344,-195.20000000000005
193.226200,0x132,80 8e 97 07 57 4f,6,36480,364.8,1943,-194.3,1943,194.3,20311,-193.55000000000007
193.236300,0x132,8b 8e 98 07 75 4f,6,36491,364.91,1944,-194.4,1944,194.4,20341,-195.05000000000007
193.246400,0x132,95 8e 96 07 62 4f,6,36501,365.01,1942,-194.20000000000002,1942,194.20000000000002,20322,-194.10000000000002
193.256300,0x132,95 8e 9a 07 84 4f,6,36501,365.01,1946,-194.60000000000002,1946,194.60000000000002,20356,-195.80000000000007
193.266200,0x132,8d 8e 9d 07 4d 4f,6,36493,364.93,1949,-194.9,1949,194.9,20301,-193.05000000000007
193.276200,0x132,91 8e 98 07 72 4f,6,36497,364.97,1944,-194.4,1944,194.4,20338,-194.9000000000001
193.286200,0x132,85 8e 96 07 5c 4f,6,36485,364.85,1942,-194.20000000000002,1942,194.20000000000002,20316,-193.80000000000007
193.296500,0x132,a3 8e 99 07 80 4f,6,36515,365.15000000000003,1945,-194.5,1945,194.5,20352,-195.60000000000002
193.306300,0x132,86 8e 99 07 65 4f,6,36486,364.86,1945,-194.5,1945,194.5,20325,-194.25
193.316200,0x132,a0 8e 99 07 71 4f,6,36512,365.12,1945,-194.5,1945,194.5,20337,-194.85000000000002
193.326200,0x132,99 8e 96 07 5b 4f,6,36505,365.05,1942,-194.20000000000002,1942,194.20000000000002,20315,-193.75
193.336300,0x132,92 8e 98 07 7b 4f,6,36498,364.98,1944,-194.4,1944,194.4,20347,-195.35000000000002
193.346300,0x132,99 8e 97 07 65 4f,6,36505,365.05,1943,-194.3,1943,194.3,20325,-194.25
193.356300,0x132,86 8e 9b 07 7a 4f,6,36486,364.86,1947,-194.70000000000002,1947,194.70000000000002,20346,-195.30000000000007
193.366200,0x132,82 8e 9c 07 49 4f,6,36482,364.82,1948,-194.8,1948,194.8,20297,-192.85000000000002
193.376200,0x132,96 8e 98 07 75 4f,6,36502,365.02,1944,-194.4,1944,194.4,20341,-195.05000000000007
193.386200,0x132,83 8e 96 07 65 4f,6,36483,364.83,1942,-194.20000000000002,1942,194.20000000000002,20325,-194.25
193.396400,0x132,98 8e 9a 07 84 4f,6,36504,365.04,1946,-194.60000000000002,1946,194.60000000000002,20356,-195.80000000000007
193.406300,0x132,90 8e 99 07 60 4f,6,36496,364.96,1945,-194.5,1945,194.5,20320,-194.0
193.416200,0x132,8c 8e 98 07 70 4f,6,36492,364.92,1944,-194.4,1944,194.4,20336,-194.80000000000007
193.426200,0x132,8f 8e 95 07 5c 4f,6,36495,364.95,1941,-194.10000000000002,1941,194.10000000000002,20316,-193.80000000000007
193.436300,0x132,97 8e 99 07 7f 4f,6,36503,365.03000000000003,1945,-194.5,1945,194.5,20351,-195.55000000000007
193.446400,0x132,98 8e 97 07 63 4f,6,36504,365.04,1943,-194.3,1943,194.3,20323,-194.1500000000001
193.456300,0x132,94 8e 99 07 75 4f,6,36500,365.0,1945,-194.5,1945,194.5,20341,-195.05000000000007
193.466200,0x132,8d 8e 9a 07 43 4f,6,36493,364.93,1946,-194.60000000000002,1946,194.60000000000002,20291,-192.55000000000007
193.476200,0x132,98 8e 97 07 78 4f,6,36504,365.04,1943,-194.3,1943,194.3,20344,-195.20000000000005
193.486200,0x132,88 8e 97 07 65 4f,6,36488,364.88,1943,-194.3,1943,194.3,20325,-194.25
193.496500,0x132,a5 8e 9b 07 7d 4f,6,36517,365.17,1947,-194.70000000000002,1947,194.70000000000002,20349,-195.45000000000005
193.506300,0x132,9c 8e 97 07 5b 4f,6,36508,365.08,1943,-194.3,1943,194.3,20315,-193.75
193.516400,0x132,98 8e 96 07 75 4f,6,36504,365.04,1942,-194.20000000000002,1942,194.20000000000002,20341,-195.05000000000007
193.526200,0x132,92 8e 95 07 61 4f,6,36498,364.98,1941,-194.10000000000002,1941,194.10000000000002,20321,-194.05000000000007
193.536300,0x132,93 8e 99 07 84 4f,6,36499,364.99,1945,-194.5,1945,194.5,20356,-195.80000000000007
193.546500,0x132,8d 8e 98 07 62 4f,6,36493,364.93,1944,-194.4,1944,194.4,20322,-194.10000000000002
193.556500,0x132,9c 8e 9c 07 76 4f,6,36508,365.08,1948,-194.8,1948,194.8,20342,-195.10000000000002
193.566300,0x132,8e 8e 9b 07 60 4f,6,36494,364.94,1947,-194.70000000000002,1947,194.70000000000002,20320,-194.0
193.576200,0x132,95 8e 99 07 7d 4f,6,36501,365.01,1945,-194.5,1945,194.5,20349,-195.45000000000005
193.586200,0x132,8c 8e 98 07 66 4f,6,36492,364.92,1944,-194.4,1944,194.4,20326,-194.30000000000007
193.596600,0x132,7f 8e 99 07 75 4f,6,36479,364.79,1945,-194.5,1945,194.5,20341,-195.05000000000007
193.606300,0x132,99 8e 96 07 58 4f,6,36505,365.05,1942,-194.20000000000002,1942,194.20000000000002,20312,-193.60000000000002
193.616200,0x132,8d 8e 96 07 7a 4f,6,36493,364.93,1942,-194.20000000000002,1942,194.20000000000002,20346,-195.30000000000007
193.626200,0x132,8b 8e 95 07 60 4f,6,36491,364.91,1941,-194.10000000000002,1941,194.10000000000002,20320,-194.0
193.636300,0x132,94 8e 99 07 7b 4f,6,36500,365.0,1945,-194.5,1945,194.5,20347,-195.35000000000002
193.646200,0x132,94 8e 96 07 53 4f,6,36500,365.0,1942,-194.20000000000002,1942,194.20000000000002,20307,-193.35000000000002
193.656300,0x132,8f 8e 9a 07 77 4f,6,36495,364.95,1946,-194.60000000000002,1946,194.60000000000002,20343,-195.1500000000001
193.666200,0x132,8d 8e 97 07 43 4f,6,36493,364.93,1943,-194.3,1943,194.3,20291,-192.55000000000007
193.676200,0x132,8b 8e 98 07 80 4f,6,36491,364.91,1944,-194.4,1944,194.4,20352,-195.60000000000002
193.686200,0x132,8c 8e 97 07 5e 4f,6,36492,364.92,1943,-194.3,1943,194.3,20318,-193.9000000000001
193.696400,0x132,90 8e 97 07 77 4f,6,36496,364.96,1943,-194.3,1943,194.3,20343,-195.1500000000001
193.706300,0x132,91 8e 95 07 5c 4f,6,36497,364.97,1941,-194.10000000000002,1941,194.10000000000002,20316,-193.80000000000007
193.716200,0x132,8b 8e 96 07 80 4f,6,36491,364.91,1942,-194.20000000000002,1942,194.20000000000002,20352,-195.60000000000002
193.726200,0x132,91 8e 95 07 65 4f,6,36497,364.97,1941,-194.10000000000002,1941,194.10000000000002,20325,-194.25
193.736300,0x132,86 8e 98 07 78 4f,6,36486,364.86,1944,-194.4,1944,194.4,20344,-195.20000000000005
193.746200,0x132,8a 8e 95 07 59 4f,6,36490,364.90000000000003,1941,-194.10000000000002,1941,194.10000000000002,20313,-193.6500000000001
193.756300,0x132,8d 8e 99 07 7b 4f,6,36493,364.93,1945,-194.5,1945,194.5,20347,-195.35000000000002
193.766300,0x132,93 8e 9a 07 62 4f,6,36499,364.99,1946,-194.60000000000002,1946,194.60000000000002,20322,-194.10000000000002
193.776200,0x132,8e 8e 99 07 78 4f,6,36494,364.94,1945,-194.5,1945,194.5,20344,-195.20000000000005
193.786200,0x132,7e 8e 95 07 57 4f,6,36478,364.78000000000003,1941,-194.10000000000002,1941,194.10000000000002,20311,-193.55000000000007
193.796400,0x132,90 8e 97 07 7b 4f,6,36496,364.96,1943,-194.3,1943,194.3,20347,-195.35000000000002
193.806300,0x132,88 8e 95 07 65 4f,6,36488,364.88,1941,-194.10000000000002,1941,194.10000000000002,20325,-194.25
193.816200,0x132,92 8e 98 07 7b 4f,6,36498,364.98,1944,-194.4,1944,194.4,20347,-195.35000000000002
193.826200,0x132,86 8e 95 07 5c 4f,6,36486,364.86,1941,-194.10000000000002,1941,194.10000000000002,20316,-193.80000000000007
193.836300,0x132,84 8e 97 07 76 4f,6,36484,364.84000000000003,1943,-194.3,1943,194.3,20342,-195.10000000000002
193.846300,0x132,8b 8e 95 07 62 4f,6,36491,364.91,1941,-194.10000000000002,1941,194.10000000000002,20322,-194.10000000000002
193.856300,0x132,91 8e 99 07 86 4f,6,36497,364.97,1945,-194.5,1945,194.5,20358,-195.9000000000001
193.866300,0x132,92 8e 9c 07 63 4f,6,36498,364.98,1948,-194.8,1948,194.8,20323,-194.1500000000001
193.876200,0x132,97 8e 98 07 76 4f,6,36503,365.03000000000003,1944,-194.4,1944,194.4,20342,-195.10000000000002
193.886200,0x132,9f 8e 95 07 5e 4f,6,36511,365.11,1941,-194.10000000000002,1941,194.10000000000002,20318,-193.9000000000001
193.896500,0x132,97 8e 98 07 89 4f,6,36503,365.03000000000003,1944,-194.4,1944,194.4,20361,-196.05000000000007
193.906300,0x132,7f 8e 97 07 63 4f,6,36479,364.79,1943,-194.3,1943,194.3,20323,-194.1500000000001
193.916200,0x132,8f 8e 98 07 78 4f,6,36495,364.95,1944,-194.4,1944,194.4,20344,-195.20000000000005
193.926200,0x132,92 8e 95 07 5e 4f,6,36498,364.98,1941,-194.10000000000002,1941,194.10000000000002,20318,-193.9000000000001
193.936300,0x132,8f 8e 98 07 7d 4f,6,36495,364.95,1944,-194.4,1944,194.4,20349,-195.45000000000005
193.946400,0x132,80 8e 96 07 65 4f,6,36480,364.8,1942,-194.20000000000002,1942,194.20000000000002,20325,-194.25
193.956300,0x132,87 8e 98 07 62 4f,6,36487,364.87,1944,-194.4,1944,194.4,20322,-194.10000000000002
193.966200,0x132,8f 8e 9a 07 59 4f,6,36495,364.95,1946,-194.60000000000002,1946,194.60000000000002,20313,-193.6500000000001
193.976200,0x132,8f 8e 95 07 77 4f,6,36495,364.95,1941,-194.10000000000002,1941,194.10000000000002,20343,-195.1500000000001
193.986200,0x132,93 8e 95 07 62 4f,6,36499,364.99,1941,-194.10000000000002,1941,194.10000000000002,20322,-194.10000000000002
193.996500,0x132,8e 8e 9a 07 82 4f,6,36494,364.94,1946,-194.60000000000002,1946,194.60000000000002,20354,-195.70000000000005
194.006300,0x132,98 8e 97 07 5d 4f,6,36504,365.04,1943,-194.3,1943,194.3,20317,-193.85000000000002
194.016200,0x132,8e 8e 97 07 72 4f,6,36494,364.94,1943,-194.3,1943,194.3,20338,-194.9000000000001
194.026200,0x132,90 8e 94 07 61 4f,6,36496,364.96,1940,-194.0,1940,194.0,20321,-194.05000000000007
194.036300,0x132,95 8e 99 07 81 4f,6,36501,365.01,1945,-194.5,1945,194.5,20353,-195.6500000000001
194.046200,0x132,8a 8e 96 07 60 4f,6,36490,364.90000000000003,1942,-194.20000000000002,1942,194.20000000000002,20320,-194.0
194.056300,0x132,8f 8e 97 07 76 4f,6,36495,364.95,1943,-194.3,1943,194.3,20342,-195.10000000000002
194.066400,0x132,8f 8e 94 07 60 4f,6,36495,364.95,1940,-194.0,1940,194.0,20320,-194.0
194.076200,0x132,8a 8e 98 07 89 4f,6,36490,364.90000000000003,1944,-194.4,1944,194.4,20361,-196.05000000000007
194.086200,0x132,92 8e 98 07 6b 4f,6,36498,364.98,1944,-194.4,1944,194.4,20331,-194.55000000000007
194.096400,0x132,92 8e 99 07 78 4f,6,36498,364.98,1945,-194.5,1945,194.5,20344,-195.20000000000005
194.106300,0x132,99 8e 95 07 5c 4f,6,36505,365.05,1941,-194.10000000000002,1941,194.10000000000002,20316,-193.80000000000007
194.116200,0x132,80 8e 97 07 80 4f,6,36480,364.8,1943,-194.3,1943,194.3,20352,-195.60000000000002
194.126200,0x132,84 8e 96 07 67 4f,6,36484,364.84000000000003,1942,-194.20000000000002,1942,194.20000000000002,20327,-194.35000000000002
194.136300,0x132,91 8e 99 07 7b 4f,6,36497,364.97,1945,-194.5,1945,194.5,20347,-195.35000000000002
194.146400,0x132,86 8e 95 07 5d 4f,6,36486,364.86,1941,-194.10000000000002,1941,194.10000000000002,20317,-193.85000000000002
194.156300,0x132,88 8e 97 07 80 4f,6,36488,364.88,1943,-194.3,1943,194.3,20352,-195.60000000000002
194.166500,0x132,97 8e 99 07 67 4f,6,36503,365.03000000000003,1945,-194.5,1945,194.5,20327,-194.35000000000002
194.176200,0x132,93 8e 9a 07 80 4f,6,36499,364.99,1946,-194.60000000000002,1946,194.60000000000002,20352,-195.60000000000002
194.186200,0x132,88 8e 96 07 59 4f,6,36488,364.88,1942,-194.20000000000002,1942,194.20000000000002,20313,-193.6500000000001
194.196400,0x132,95 8e 97 07 77 4f,6,36501,365.01,1943,-194.3,1943,194.3,20343,-195.1500000000001
194.206300,0x132,91 8e 94 07 65 4f,6,36497,364.97,1940,-194.0,1940,194.0,20325,-194.25
194.216200,0x132,89 8e 98 07 7f 4f,6,36489,364.89,1944,-194.4,1944,194.4,20351,-195.55000000000007
194.226200,0x132,9c 8e 95 07 57 4f,6,36508,365.08,1941,-194.10000000000002,1941,194.10000000000002,20311,-193.55000000000007
194.236300,0x132,95 8e 96 07 76 4f,6,36501,365.01,1942,-194.20000000000002,1942,194.20000000000002,20342,-195.10000000000002
194.246200,0x132,85 8e 94 07 61 4f,6,36485,364.85,1940,-194.0,1940,194.0,20321,-194.05000000000007
194.256300,0x132,87 8e 99 07 87 4f,6,36487,364.87,1945,-194.5,1945,194.5,20359,-195.95000000000005
194.266200,0x132,92 8e 99 07 63 4f,6,36498,364.98,1945,-194.5,1945,194.5,20323,-194.1500000000001
194.276200,0x132,90 8e 97 07 7a 4f,6,36496,364.96,1943,-194.3,1943,194.3,20346,-195.30000000000007
194.286200,0x132,92 8e 94 07 61 4f,6,36498,364.98,1940,-194.0,1940,194.0,20321,-194.05000000000007
194.296600,0x132,8b 8e 97 07 84 4f,6,36491,364.91,1943,-194.3,1943,194.3,20356,-195.80000000000007
194.306300,0x132,87 8e 96 07 66 4f,6,36487,364.87,1942,-194.20000000000002,1942,194.20000000000002,20326,-194.30000000000007
194.316200,0x132,8f 8e 97 07 78 4f,6,36495,364.95,1943,-194.3,1943,194.3,20344,-195.20000000000005
194.326200,0x132,94 8e 94 07 5c 4f,6,36500,365.0,1940,-194.0,1940,194.0,20316,-193.80000000000007
194.336300,0x132,8f 8e 97 07 86 4f,6,36495,364.95,1943,-194.3,1943,194.3,20358,-195.9000000000001
194.346200,0x132,98 8e 96 07 67 4f,6,36504,365.04,1942,-194.20000000000002,1942,194.20000000000002,20327,-194.35000000000002
194.356300,0x132,85 8e 99 07 7d 4f,6,36485,364.85,1945,-194.5,1945,194.5,20349,-195.45000000000005
194.366300,0x132,90 8e 94 07 59 4f,6,36496,364.96,1940,-194.0,1940,194.0,20313,-193.6500000000001
194.376200,0x132,98 8e 97 07 7f 4f,6,36504,365.04,1943,-194.3,1943,194.3,20351,-195.55000000000007
194.386300,0x132,86 8e 96 07 65 4f,6,36486,364.86,1942,-194.20000000000002,1942,194.20000000000002,20325,-194.25
194.396400,0x132,96 8e 98 07 7c 4f,6,36502,365.02,1944,-194.4,1944,194.4,20348,-195.4000000000001
194.406300,0x132,96 8e 95 07 5b 4f,6,36502,365.02,1941,-194.10000000000002,1941,194.10000000000002,20315,-193.75
194.416200,0x132,9a 8e 96 07 75 4f,6,36506,365.06,1942,-194.20000000000002,1942,194.20000000000002,20341,-195.05000000000007
194.426200,0x132,95 8e 94 07 66 4f,6,36501,365.01,1940,-194.0,1940,194.0,20326,-194.30000000000007
194.436300,0x132,9c 8e 98 07 7d 4f,6,36508,365.08,1944,-194.4,1944,194.4,20349,-195.45000000000005
194.446300,0x132,8e 8e 95 07 5b 4f,6,36494,364.94,1941,-194.10000000000002,1941,194.10000000000002,20315,-193.75
194.456300,0x132,94 8e 96 07 75 4f,6,36500,365.0,1942,-194.20000000000002,1942,194.20000000000002,20341,-195.05000000000007
194.466300,0x132,8c 8e 94 07 67 4f,6,36492,364.92,1940,-194.0,1940,194.0,20327,-194.35000000000002
194.476200,0x132,8b 8e 99 07 84 4f,6,36491,364.91,1945,-194.5,1945,194.5,20356,-195.80000000000007
194.486200,0x132,9c 8e 96 07 5c 4f,6,36508,365.08,1942,-194.20000000000002,1942,194.20000000000002,20316,-193.80000000000007
194.496500,0x132,85 8e 97 07 78 4f,6,36485,364.85,1943,-194.3,1943,194.3,20344,-195.20000000000005
194.506300,0x132,90 8e 94 07 63 4f,6,36496,364.96,1940,-194.0,1940,194.0,20323,-194.1500000000001
194.516400,0x132,82 8e 97 07 84 4f,6,36482,364.82,1943,-194.3,1943,194.3,20356,-195.80000000000007
194.526300,0x132,88 8e 95 07 62 4f,6,36488,364.88,1941,-194.10000000000002,1941,194.10000000000002,20322,-194.10000000000002
194.536300,0x132,91 8e 97 07 77 4f,6,36497,364.97,1943,-194.3,1943,194.3,20343,-195.1500000000001
194.546200,0x132,90 8e 94 07 61 4f,6,36496,364.96,1940,-194.0,1940,194.0,20321,-194.05000000000007
194.556300,0x132,8d 8e 97 07 87 4f,6,36493,364.93,1943,-194.3,1943,194.3,20359,-195.95000000000005
194.566300,0x132,7f 8e 9d 07 67 4f,6,36479,364.79,1949,-194.9,1949,194.9,20327,-194.35000000000002
194.576200,0x132,88 8e 97 07 76 4f,6,36488,364.88,1943,-194.3,1943,194.3,20342,-195.10000000000002
194.586300,0x132,8f 8e 94 07 5c 4f,6,36495,364.95,1940,-194.0,1940,194.0,20316,-193.80000000000007
194.596400,0x132,90 8e 97 07 81 4f,6,36496,364.96,1943,-194.3,1943,194.3,20353,-195.6500000000001
194.606300,0x132,7f 8e 96 07 69 4f,6,36479,364.79,1942,-194.20000000000002,1942,194.20000000000002,20329,-194.45000000000005
194.616200,0x132,92 8e 98 07 78 4f,6,36498,364.98,1944,-194.4,1944,194.4,20344,-195.20000000000005
194.626200,0x132,82 8e 94 07 5d 4f,6,36482,364.82,1940,-194.0,1940,194.0,20317,-193.85000000000002
194.636300,0x132,93 8e 97 07 80 4f,6,36499,364.99,1943,-194.3,1943,194.3,20352,-195.60000000000002
194.646200,0x132,7e 8e 96 07 68 4f,6,36478,364.78000000000003,1942,-194.20000000000002,1942,194.20000000000002,20328,-194.4000000000001
194.656400,0x132,98 8e 99 07 7a 4f,6,36504,365.04,1945,-194.5,1945,194.5,20346,-195.30000000000007
194.666400,0x132,85 8e 99 07 5b 4f,6,36485,364.85,1945,-194.5,1945,194.5,20315,-193.75
194.676200,0x132,8a 8e 97 07 81 4f,6,36490,364.90000000000003,1943,-194.3,1943,194.3,20353,-195.6500000000001
194.686200,0x132,8f 8e 96 07 66 4f,6,36495,364.95,1942,-194.20000000000002,1942,194.20000000000002,20326,-194.30000000000007
194.696400,0x132,8b 8e 99 07 7f 4f,6,36491,364.91,1945,-194.5,1945,194.5,20351,-195.55000000000007
194.706300,0x132,8b 8e 94 07 5d 4f,6,36491,364.91,1940,-194.0,1940,194.0,20317,-193.85000000000002
194.716400,0x132,81 8e 95 07 7b 4f,6,36481,364.81,1941,-194.10000000000002,1941,194.10000000000002,20347,-195.35000000000002
194.726200,0x132,88 8e 95 07 68 4f,6,36488,364.88,1941,-194.10000000000002,1941,194.10000000000002,20328,-194.4000000000001
194.736300,0x132,9c 8e 98 07 7f 4f,6,36508,365.08,1944,-194.4,1944,194.4,20351,-195.55000000000007
194.746300,0x132,8f 8e 95 07 5d 4f,6,36495,364.95,1941,-194.10000000000002,1941,194.10000000000002,20317,-193.85000000000002
194.756400,0x132,94 8e 97 07 80 4f,6,36500,365.0,1943,-194.3,1943,194.3,20352,-195.60000000000002
194.766400,0x132,89 8e 94 07 66 4f,6,36489,364.89,1940,-194.0,1940,194.0,20326,-194.30000000000007
194.776200,0x132,95 8e 98 07 82 4f,6,36501,365.01,1944,-194.4,1944,194.4,20354,-195.70000000000005
194.786200,0x132,8c 8e 95 07 5d 4f,6,36492,364.92,1941,-194.10000000000002,1941,194.10000000000002,20317,-193.85000000000002
194.796400,0x132,9a 8e 97 07 7c 4f,6,36506,365.06,1943,-194.3,1943,194.3,20348,-195.4000000000001
194.806300,0x132,8f 8e 94 07 61 4f,6,36495,364.95,1940,-194.0,1940,194.0,20321,-194.05000000000007
194.816200,0x132,90 8e 97 07 82 4f,6,36496,364.96,1943,-194.3,1943,194.3,20354,-195.70000000000005
194.826200,0x132,8f 8e 95 07 5d 4f,6,36495,364.95,1941,-194.10000000000002,1941,194.10000000000002,20317,-193.85000000000002
194.836300,0x132,89 8e 97 07 7a 4f,6,36489,364.89,1943,-194.3,1943,194.3,20346,-195.30000000000007
194.846200,0x132,92 8e 94 07 63 4f,6,36498,364.98,1940,-194.0,1940,194.0,20323,-194.1500000000001
194.856400,0x132,8e 8e 97 07 7f 4f,6,36494,364.94,1943,-194.3,1943,194.3,20351,-195.55000000000007
194.866300,0x132,87 8e 95 07 60 4f,6,36487,364.87,1941,-194.10000000000002,1941,194.10000000000002,20320,-194.0
194.876200,0x132,9a 8e 96 07 78 4f,6,36506,365.06,1942,-194.20000000000002,1942,194.20000000000002,20344,-195.20000000000005
194.886200,0x132,98 8e 94 07 66 4f,6,36504,365.04,1940,-194.0,1940,194.0,20326,-194.30000000000007
194.896500,0x132,9d 8e 97 07 84 4f,6,36509,365.09000000000003,1943,-194.3,1943,194.3,20356,-195.80000000000007
194.906300,0x132,8d 8e 96 07 5d 4f,6,36493,364.93,1942,-194.20000000000002,1942,194.20000000000002,20317,-193.85000000000002
194.916200,0x132,97 8e 95 07 75 4f,6,36503,365.03000000000003,1941,-194.10000000000002,1941,194.10000000000002,20341,-195.05000000000007
194.926200,0x132,9b 8e 93 07 60 4f,6,36507,365.07,1939,-193.9,1939,193.9,20320,-194.0
194.936400,0x132,8e 8e 97 07 82 4f,6,36494,364.94,1943,-194.3,1943,194.3,20354,-195.70000000000005
194.946400,0x132,a1 8e 95 07 61 4f,6,36513,365.13,1941,-194.10000000000002,1941,194.10000000000002,20321,-194.05000000000007
194.956400,0x132,9b 8e 96 07 76 4f,6,36507,365.07,1942,-194.20000000000002,1942,194.20000000000002,20342,-195.10000000000002
194.966500,0x132,92 8e 92 07 5d 4f,6,36498,364.98,1938,-193.8,1938,193.8,20317,-193.85000000000002
194.976200,0x132,94 8e 97 07 84 4f,6,36500,365.0,1943,-194.3,1943,194.3,20356,-195.80000000000007
194.986200,0x132,8d 8e 96 07 67 4f,6,36493,364.93,1942,-194.20000000000002,1942,194.20000000000002,20327,-194.35000000000002
194.996600,0x132,94 8e 96 07 72 4f,6,36500,365.0,1942,-194.20000000000002,1942,194.20000000000002,20338,-194.9000000000001
195.006400,0x132,86 8e 93 07 5e 4f,6,36486,364.86,1939,-193.9,1939,193.9,20318,-193.9000000000001
195.016200,0x132,9f 8e 95 07 80 4f,6,36511,365.11,1941,-194.10000000000002,1941,194.10000000000002,20352,-195.60000000000002
195.026200,0x132,83 8e 94 07 62 4f,6,36483,364.83,1940,-194.0,1940,194.0,20322,-194.10000000000002
195.036400,0x132,81 8e 97 07 7b 4f,6,36481,364.81,1943,-194.3,1943,194.3,20347,-195.35000000000002
195.046200,0x132,80 8e 92 07 5d 4f,6,36480,364.8,1938,-193.8,1938,193.8,20317,-193.85000000000002
195.056400,0x132,99 8e 96 07 85 4f,6,36505,365.05,1942,-194.20000000000002,1942,194.20000000000002,20357,-195.85000000000002
195.066300,0x132,92 8e 95 07 68 4f,6,36498,364.98,1941,-194.10000000000002,1941,194.10000000000002,20328,-194.4000000000001
195.076200,0x132,9d 8e 97 07 7a 4f,6,36509,365.09000000000003,1943,-194.3,1943,194.3,20346,-195.30000000000007
195.086200,0x132,90 8e 92 07 5b 4f,6,36496,364.96,1938,-193.8,1938,193.8,20315,-193.75
195.096400,0x132,96 8e 97 07 87 4f,6,36502,365.02,1943,-194.3,1943,194.3,20359,-195.95000000000005
195.106400,0x132,8a 8e 96 07 62 4f,6,36490,364.90000000000003,1942,-194.20000000000002,1942,194.20000000000002,20322,-194.10000000000002
195.116200,0x132,90 8e 96 07 72 4f,6,36496,364.96,1942,-194.20000000000002,1942,194.20000000000002,20338,-194.9000000000001
195.126200,0x132,88 8e 92 07 5d 4f,6,36488,364.88,1938,-193.8,1938,193.8,20317,-193.85000000000002
195.136400,0x132,99 8e 96 07 84 4f,6,36505,365.05,1942,-194.20000000000002,1942,194.20000000000002,20356,-195.80000000000007
195.146400,0x132,90 8e 95 07 6b 4f,6,36496,364.96,1941,-194.10000000000002,1941,194.10000000000002,20331,-194.55000000000007
195.156400,0x132,8b 8e 97 07 7a 4f,6,36491,364.91,1943,-194.3,1943,194.3,20346,-195.30000000000007
195.166300,0x132,91 8e 91 07 5c 4f,6,36497,364.97,1937,-193.70000000000002,1937,193.70000000000002,20316,-193.80000000000007
195.176200,0x132,90 8e 96 07 80 4f,6,36496,364.96,1942,-194.20000000000002,1942,194.20000000000002,20352,-195.60000000000002
195.186400,0x132,91 8e 96 07 68 4f,6,36497,364.97,1942,-194.20000000000002,1942,194.20000000000002,20328,-194.4000000000001
195.196500,0x132,86 8e 97 07 82 4f,6,36486,364.86,1943,-194.3,1943,194.3,20354,-195.70000000000005
195.206400,0x132,8e 8e 94 07 61 4f,6,36494,364.94,1940,-194.0,1940,194.0,20321,-194.05000000000007
195.216200,0x132,90 8e 95 07 7d 4f,6,36496,364.96,1941,-194.10000000000002,1941,194.10000000000002,20349,-195.45000000000005
195.226200,0x132,8a 8e 94 07 67 4f,6,36490,364.90000000000003,1940,-194.0,1940,194.0,20327,-194.35000000000002
195.236400,0x132,9d 8e 98 07 7c 4f,6,36509,365.09000000000003,1944,-194.4,1944,194.4,20348,-195.4000000000001
195.246200,0x132,83 8e 92 07 5d 4f,6,36483,364.83,1938,-193.8,1938,193.8,20317,-193.85000000000002
195.256400,0x132,92 8e 95 07 7f 4f,6,36498,364.98,1941,-194.10000000000002,1941,194.10000000000002,20351,-195.55000000000007
195.266200,0x132,96 8e 95 07 6b 4f,6,36502,365.02,1941,-194.10000000000002,1941,194.10000000000002,20331,-194.55000000000007
195.276200,0x132,8a 8e 98 07 7b 4f,6,36490,364.90000000000003,1944,-194.4,1944,194.4,20347,-195.35000000000002
195.286200,0x132,86 8e 93 07 5d 4f,6,36486,364.86,1939,-193.9,1939,193.9,20317,-193.85000000000002
195.296400,0x132,88 8e 96 07 7c 4f,6,36488,364.88,1942,-194.20000000000002,1942,194.20000000000002,20348,-195.4000000000001
195.306400,0x132,96 8e 95 07 67 4f,6,36502,365.02,1941,-194.10000000000002,1941,194.10000000000002,20327,-194.35000000000002
195.316200,0x132,87 8e 97 07 7f 4f,6,36487,364.87,1943,-194.3,1943,194.3,20351,-195.55000000000007
195.326200,0x132,8a 8e 92 07 59 4f,6,36490,364.90000000000003,1938,-193.8,1938,193.8,20313,-193.6500000000001
195.336400,0x132,8e 8e 96 07 81 4f,6,36494,364.94,1942,-194.20000000000002,1942,194.20000000000002,20353,-195.6500000000001
195.346300,0x132,94 8e 95 07 69 4f,6,36500,365.0,1941,-194.10000000000002,1941,194.10000000000002,20329,-194.45000000000005
195.356400,0x132,88 8e 98 07 7d 4f,6,36488,364.88,1944,-194.4,1944,194.4,20349,-195.45000000000005
195.366300,0x132,89 8e 94 07 5e 4f,6,36489,364.89,1940,-194.0,1940,194.0,20318,-193.9000000000001
195.376200,0x132,85 8e 95 07 7f 4f,6,36485,364.85,1941,-194.10000000000002,1941,194.10000000000002,20351,-195.55000000000007
195.386400,0x132,8f 8e 95 07 6c 4f,6,36495,364.95,1941,-194.10000000000002,1941,194.10000000000002,20332,-194.60000000000002
195.396400,0x132,8b 8e 98 07 7c 4f,6,36491,364.91,1944,-194.4,1944,194.4,20348,-195.4000000000001
195.406400,0x132,95 8e 93 07 59 4f,6,36501,365.01,1939,-193.9,1939,193.9,20313,-193.6500000000001
195.416200,0x132,a1 8e 95 07 81 4f,6,36513,365.13,1941,-194.10000000000002,1941,194.10000000000002,20353,-195.6500000000001
195.426200,0x132,88 8e 94 07 67 4f,6,36488,364.88,1940,-194.0,1940,194.0,20327,-194.35000000000002
195.436400,0x132,9e 8e 97 07 7c 4f,6,36510,365.1,1943,-194.3,1943,194.3,20348,-195.4000000000001
195.446400,0x132,95 8e 92 07 5b 4f,6,36501,365.01,1938,-193.8,1938,193.8,20315,-193.75
195.456400,0x132,9a 8e 95 07 7d 4f,6,36506,365.06,1941,-194.10000000000002,1941,194.10000000000002,20349,-195.45000000000005
195.466300,0x132,8b 8e 94 07 68 4f,6,36491,364.91,1940,-194.0,1940,194.0,20328,-194.4000000000001
195.476200,0x132,92 8e 97 07 7f 4f,6,36498,364.98,1943,-194.3,1943,194.3,20351,-195.55000000000007
195.486200,0x132,86 8e 94 07 5d 4f,6,36486,364.86,1940,-194.0,1940,194.0,20317,-193.85000000000002
195.496600,0x132,90 8e 94 07 7c 4f,6,36496,364.96,1940,-194.0,1940,194.0,20348,-195.4000000000001
195.506400,0x132,91 8e 94 07 68 4f,6,36497,364.97,1940,-194.0,1940,194.0,20328,-194.4000000000001
195.516400,0x132,86 8e 96 07 7c 4f,6,36486,364.86,1942,-194.20000000000002,1942,194.20000000000002,20348,-195.4000000000001
195.526200,0x132,91 8e 92 07 5b 4f,6,36497,364.97,1938,-193.8,1938,193.8,20315,-193.75
195.536400,0x132,97 8e 95 07 7d 4f,6,36503,365.03000000000003,1941,-194.10000000000002,1941,194.10000000000002,20349,-195.45000000000005
195.546300,0x132,8b 8e 93 07 67 4f,6,36491,364.91,1939,-193.9,1939,193.9,20327,-194.35000000000002
195.556300,0x132,83 8e 97 07 80 4f,6,36483,364.83,1943,-194.3,1943,194.3,20352,-195.60000000000002
195.566500,0x132,96 8e 93 07 5d 4f,6,36502,365.02,1939,-193.9,1939,193.9,20317,-193.85000000000002
195.576200,0x132,8e 8e 95 07 81 4f,6,36494,364.94,1941,-194.10000000000002,1941,194.10000000000002,20353,-195.6500000000001
195.586400,0x132,a1 8e 93 07 66 4f,6,36513,365.13,1939,-193.9,1939,193.9,20326,-194.30000000000007
195.596400,0x132,a0 8e 97 07 7f 4f,6,36512,365.12,1943,-194.3,1943,194.3,20351,-195.55000000000007
195.606400,0x132,86 8e 92 07 5b 4f,6,36486,364.86,1938,-193.8,1938,193.8,20315,-193.75
195.616200,0x132,89 8e 93 07 7a 4f,6,36489,364.89,1939,-193.9,1939,193.9,20346,-195.30000000000007
195.626200,0x132,82 8e 93 07 64 4f,6,36482,364.82,1939,-193.9,1939,193.9,20324,-194.20000000000005
195.636400,0x132,91 8e 97 07 7d 4f,6,36497,364.97,1943,-194.3,1943,194.3,20349,-195.45000000000005
195.646300,0x132,90 8e 93 07 5d 4f,6,36496,364.96,1939,-193.9,1939,193.9,20317,-193.85000000000002
195.656400,0x132,99 8e 95 07 86 4f,6,36505,365.05,1941,-194.10000000000002,1941,194.10000000000002,20358,-195.9000000000001
195.666300,0x132,93 8e 91 07 6b 4f,6,36499,364.99,1937,-193.70000000000002,1937,193.70000000000002,20331,-194.55000000000007
195.676200,0x132,8b 8e 96 07 7a 4f,6,36491,364.91,1942,-194.20000000000002,1942,194.20000000000002,20346,-195.30000000000007
195.686200,0x132,9d 8e 92 07 60 4f,6,36509,365.09000000000003,1938,-193.8,1938,193.8,20320,-194.0
195.696500,0x132,98 8e 95 07 82 4f,6,36504,365.04,1941,-194.10000000000002,1941,194.10000000000002,20354,-195.70000000000005
195.706400,0x132,9b 8e 94 07 6d 4f,6,36507,365.07,1940,-194.0,1940,194.0,20333,-194.6500000000001
195.716200,0x132,87 8e 95 07 7a 4f,6,36487,364.87,1941,-194.10000000000002,1941,194.10000000000002,20346,-195.30000000000007
195.726200,0x132,8d 8e 91 07 5b 4f,6,36493,364.93,1937,-193.70000000000002,1937,193.70000000000002,20315,-193.75
195.736400,0x132,94 8e 95 07 80 4f,6,36500,365.0,1941,-194.10000000000002,1941,194.10000000000002,20352,-195.60000000000002
195.746400,0x132,85 8e 94 07 66 4f,6,36485,364.85,1940,-194.0,1940,194.0,20326,-194.30000000000007
195.756400,0x132,85 8e 96 07 7b 4f,6,36485,364.85,1942,-194.20000000000002,1942,194.20000000000002,20347,-195.35000000000002
195.766300,0x132,94 8e 91 07 5d 4f,6,36500,365.0,1937,-193.70000000000002,1937,193.70000000000002,20317,-193.85000000000002
195.776200,0x132,85 8e 95 07 81 4f,6,36485,364.85,1941,-194.10000000000002,1941,194.10000000000002,20353,-195.6500000000001
195.786200,0x132,8d 8e 95 07 68 4f,6,36493,364.93,1941,-194.10000000000002,1941,194.10000000000002,20328,-194.4000000000001
195.796400,0x132,99 8e 96 07 76 4f,6,36505,365.05,1942,-194.20000000000002,1942,194.20000000000002,20342,-195.10000000000002
195.806400,0x132,8f 8e 91 07 61 4f,6,36495,364.95,1937,-193.70000000000002,1937,193.70000000000002,20321,-194.05000000000007
195.816200,0x132,97 8e 94 07 7c 4f,6,36503,365.03000000000003,1940,-194.0,1940,194.0,20348,-195.4000000000001
195.826200,0x132,8f 8e 93 07 63 4f,6,36495,364.95,1939,-193.9,1939,193.9,20323,-194.1500000000001
195.836400,0x132,8b 8e 95 07 77 4f,6,36491,364.91,1941,-194.10000000000002,1941,194.10000000000002,20343,-195.1500000000001
195.846500,0x132,97 8e 92 07 60 4f,6,36503,365.03000000000003,1938,-193.8,1938,193.8,20320,-194.0
195.856500,0x132,9e 8e 95 07 84 4f,6,36510,365.1,1941,-194.10000000000002,1941,194.10000000000002,20356,-195.80000000000007
195.866300,0x132,8f 8e 94 07 66 4f,6,36495,364.95,1940,-194.0,1940,194.0,20326,-194.30000000000007
195.876200,0x132,91 8e 95 07 75 4f,6,36497,364.97,1941,-194.10000000000002,1941,194.10000000000002,20341,-195.05000000000007
195.886200,0x132,8e 8e 92 07 60 4f,6,36494,364.94,1938,-193.8,1938,193.8,20320,-194.0
195.896600,0x132,99 8e 97 07 85 4f,6,36505,365.05,1943,-194.3,1943,194.3,20357,-195.85000000000002
195.906400,0x132,91 8e 94 07 62 4f,6,36497,364.97,1940,-194.0,1940,194.0,20322,-194.10000000000002
195.916200,0x132,97 8e 94 07 75 4f,6,36503,365.03000000000003,1940,-194.0,1940,194.0,20341,-195.05000000000007
195.926200,0x132,95 8e 92 07 62 4f,6,36501,365.01,1938,-193.8,1938,193.8,20322,-194.10000000000002
195.936400,0x132,88 8e 96 07 82 4f,6,36488,364.88,1942,-194.20000000000002,1942,194.20000000000002,20354,-195.70000000000005
195.946300,0x132,8f 8e 94 07 61 4f,6,36495,364.95,1940,-194.0,1940,194.0,20321,-194.05000000000007
195.956400,0x132,8e 8e 94 07 7a 4f,6,36494,364.94,1940,-194.0,1940,194.0,20346,-195.30000000000007
195.966300,0x132,88 8e 91 07 63 4f,6,36488,364.88,1937,-193.70000000000002,1937,193.70000000000002,20323,-194.1500000000001
195.976200,0x132,8c 8e 96 07 86 4f,6,36492,364.92,1942,-194.20000000000002,1942,194.20000000000002,20358,-195.9000000000001
195.986200,0x132,9d 8e 94 07 61 4f,6,36509,365.09000000000003,1940,-194.0,1940,194.0,20321,-194.05000000000007
195.996600,0x132,8f 8e 95 07 78 4f,6,36495,364.95,1941,-194.10000000000002,1941,194.10000000000002,20344,-195.20000000000005
196.006400,0x132,90 8e 93 07 64 4f,6,36496,364.96,1939,-193.9,1939,193.9,20324,-194.20000000000005
196.016200,0x132,93 8e 97 07 87 4f,6,36499,364.99,1943,-194.3,1943,194.3,20359,-195.95000000000005
196.026200,0x132,8d 8e 93 07 5d 4f,6,36493,364.93,1939,-193.9,1939,193.9,20317,-193.85000000000002
196.036400,0x132,96 8e 94 07 77 4f,6,36502,365.02,1940,-194.0,1940,194.0,20343,-195.1500000000001
196.046400,0x132,93 8e 92 07 62 4f,6,36499,364.99,1938,-193.8,1938,193.8,20322,-194.10000000000002
196.056400,0x132,93 8e 95 07 61 4f,6,36499,364.99,1941,-194.10000000000002,1941,194.10000000000002,20321,-194.05000000000007
196.066400,0x132,8f 8e 92 07 59 4f,6,36495,364.95,1938,-193.8,1938,193.8,20313,-193.6500000000001
196.076200,0x132,8e 8e 94 07 7b 4f,6,36494,364.94,1940,-194.0,1940,194.0,20347,-195.35000000000002
196.086200,0x132,8c 8e 93 07 6b 4f,6,36492,364.92,1939,-193.9,1939,193.9,20331,-194.55000000000007
196.096400,0x132,96 8e 97 07 81 4f,6,36502,365.02,1943,-194.3,1943,194.3,20353,-195.6500000000001
196.106400,0x132,92 8e 93 07 5c 4f,6,36498,364.98,1939,-193.9,1939,193.9,20316,-193.80000000000007
196.116200,0x132,89 8e 94 07 7a 4f,6,36489,364.89,1940,-194.0,1940,194.0,20346,-195.30000000000007
196.126200,0x132,96 8e 92 07 66 4f,6,36502,365.02,1938,-193.8,1938,193.8,20326,-194.30000000000007
196.136400,0x132,9f 8e 96 07 7f 4f,6,36511,365.11,1942,-194.20000000000002,1942,194.20000000000002,20351,-195.55000000000007
196.146400,0x132,91 8e 92 07 61 4f,6,36497,364.97,1938,-193.8,1938,193.8,20321,-194.05000000000007
196.156500,0x132,a3 8e 94 07 7b 4f,6,36515,365.15000000000003,1940,-194.0,1940,194.0,20347,-195.35000000000002
196.166500,0x132,86 8e 92 07 64 4f,6,36486,364.86,1938,-193.8,1938,193.8,20324,-194.20000000000005
196.176400,0x132,91 8e 96 07 7b 4f,6,36497,364.97,1942,-194.20000000000002,1942,194.20000000000002,20347,-195.35000000000002
196.186300,0x132,99 8e 92 07 62 4f,6,36505,365.05,1938,-193.8,1938,193.8,20322,-194.10000000000002
196.196600,0x132,93 8e 94 07 7a 4f,6,36499,364.99,1940,-194.0,1940,194.0,20346,-195.30000000000007
196.206400,0x132,9f 8e 92 07 68 4f,6,36511,365.11,1938,-193.8,1938,193.8,20328,-194.4000000000001
196.216200,0x132,8a 8e 95 07 73 4f,6,36490,364.90000000000003,1941,-194.10000000000002,1941,194.10000000000002,20339,-194.95000000000005
196.226200,0x132,8c 8e 8f 07 59 4f,6,36492,364.92,1935,-193.5,1935,193.5,20313,-193.6500000000001
196.236400,0x132,88 8e 94 07 84 4f,6,36488,364.88,1940,-194.0,1940,194.0,20356,-195.80000000000007
196.246400,0x132,8a 8e 92 07 66 4f,6,36490,364.90000000000003,1938,-193.8,1938,193.8,20326,-194.30000000000007
196.256500,0x132,90 8e 95 07 7b 4f,6,36496,364.96,1941,-194.10000000000002,1941,194.10000000000002,20347,-195.35000000000002
196.266400,0x132,92 8e 91 07 5d 4f,6,36498,364.98,1937,-193.70000000000002,1937,193.70000000000002,20317,-193.85000000000002
196.276200,0x132,93 8e 94 07 82 4f,6,36499,364.99,1940,-194.0,1940,194.0,20354,-195.70000000000005
196.286200,0x132,98 8e 92 07 63 4f,6,36504,365.04,1938,-193.8,1938,193.8,20323,-194.1500000000001
196.296400,0x132,90 8e 94 07 77 4f,6,36496,364.96,1940,-194.0,1940,194.0,20343,-195.1500000000001
196.306400,0x132,94 8e 91 07 61 4f,6,36500,365.0,1937,-193.70000000000002,1937,193.70000000000002,20321,-194.05000000000007
196.316200,0x132,8c 8e 94 07 85 4f,6,36492,364.92,1940,-194.0,1940,194.0,20357,-195.85000000000002
196.326200,0x132,85 8e 92 07 5e 4f,6,36485,364.85,1938,-193.8,1938,193.8,20318,-193.9000000000001
196.336400,0x132,81 8e 93 07 76 4f,6,36481,364.81,1939,-193.9,1939,193.9,20342,-195.10000000000002
196.346500,0x132,93 8e 90 07 64 4f,6,36499,364.99,1936,-193.60000000000002,1936,193.60000000000002,20324,-194.20000000000005
196.356500,0x132,91 8e 95 07 85 4f,6,36497,364.97,1941,-194.10000000000002,1941,194.10000000000002,20357,-195.85000000000002
196.366400,0x132,8e 8e 95 07 5c 4f,6,36494,364.94,1941,-194.10000000000002,1941,194.10000000000002,20316,-193.80000000000007
196.376200,0x132,98 8e 94 07 7b 4f,6,36504,365.04,1940,-194.0,1940,194.0,20347,-195.35000000000002
196.386300,0x132,94 8e 91 07 63 4f,6,36500,365.0,1937,-193.70000000000002,1937,193.70000000000002,20323,-194.1500000000001
196.396400,0x132,90 8e 96 07 80 4f,6,36496,364.96,1942,-194.20000000000002,1942,194.20000000000002,20352,-195.60000000000002
196.406400,0x132,8d 8e 92 07 5e 4f,6,36493,364.93,1938,-193.8,1938,193.8,20318,-193.9000000000001
196.416200,0x132,95 8e 94 07 7c 4f,6,36501,365.01,1940,-194.0,1940,194.0,20348,-195.4000000000001
196.426200,0x132,9b 8e 91 07 64 4f,6,36507,365.07,1937,-193.70000000000002,1937,193.70000000000002,20324,-194.20000000000005
196.436400,0x132,99 8e 96 07 7d 4f,6,36505,365.05,1942,-194.20000000000002,1942,194.20000000000002,20349,-195.45000000000005
196.446400,0x132,95 8e 92 07 5c 4f,6,36501,365.01,1938,-193.8,1938,193.8,20316,-193.80000000000007
196.456500,0x132,97 8e 93 07 7a 4f,6,36503,365.03000000000003,1939,-193.9,1939,193.9,20346,-195.30000000000007
196.466300,0x132,95 8e 90 07 66 4f,6,36501,365.01,1936,-193.60000000000002,1936,193.60000000000002,20326,-194.30000000000007
196.476200,0x132,98 8e 95 07 7c 4f,6,36504,365.04,1941,-194.10000000000002,1941,194.10000000000002,20348,-195.4000000000001
196.486200,0x132,8e 8e 91 07 5c 4f,6,36494,364.94,1937,-193.70000000000002,1937,193.70000000000002,20316,-193.80000000000007
196.496500,0x132,99 8e 94 07 84 4f,6,36505,365.05,1940,-194.0,1940,194.0,20356,-195.80000000000007
196.506500,0x132,97 8e 93 07 69 4f,6,36503,365.03000000000003,1939,-193.9,1939,193.9,20329,-194.45000000000005
196.516500,0x132,8c 8e 94 07 77 4f,6,36492,364.92,1940,-194.0,1940,194.0,20343,-195.1500000000001
196.526200,0x132,8b 8e 8f 07 5d 4f,6,36491,364.91,1935,-193.5,1935,193.5,20317,-193.85000000000002
196.536500,0x132,93 8e 93 07 80 4f,6,36499,364.99,1939,-193.9,1939,193.9,20352,-195.60000000000002
196.546300,0x132,93 8e 92 07 66 4f,6,36499,364.99,1938,-193.8,1938,193.8,20326,-194.30000000000007
196.556500,0x132,97 8e 94 07 7c 4f,6,36503,365.03000000000003,1940,-194.0,1940,194.0,20348,-195.4000000000001
196.566400,0x132,93 8e 91 07 62 4f,6,36499,364.99,1937,-193.70000000000002,1937,193.70000000000002,20322,-194.10000000000002
196.576200,0x132,87 8e 94 07 86 4f,6,36487,364.87,1940,-194.0,1940,194.0,20358,-195.9000000000001
196.586400,0x132,8a 8e 92 07 61 4f,6,36490,364.90000000000003,1938,-193.8,1938,193.8,20321,-194.05000000000007
196.596400,0x132,8b 8e 93 07 77 4f,6,36491,364.91,1939,-193.9,1939,193.9,20343,-195.1500000000001
196.606500,0x132,89 8e 91 07 60 4f,6,36489,364.89,1937,-193.70000000000002,1937,193.70000000000002,20320,-194.0
196.616200,0x132,8b 8e 94 07 86 4f,6,36491,364.91,1940,-194.0,1940,194.0,20358,-195.9000000000001
196.626200,0x132,8c 8e 91 07 5d 4f,6,36492,364.92,1937,-193.70000000000002,1937,193.70000000000002,20317,-193.85000000000002
196.636500,0x132,93 8e 93 07 7b 4f,6,36499,364.99,1939,-193.9,1939,193.9,20347,-195.35000000000002
196.646300,0x132,90 8e 90 07 62 4f,6,36496,364.96,1936,-193.60000000000002,1936,193.60000000000002,20322,-194.10000000000002
196.656500,0x132,88 8e 92 07 5b 4f,6,36488,364.88,1938,-193.8,1938,193.8,20315,-193.75
196.666300,0x132,9b 8e 94 07 59 4f,6,36507,365.07,1940,-194.0,1940,194.0,20313,-193.6500000000001
196.676200,0x132,95 8e 93 07 7c 4f,6,36501,365.01,1939,-193.9,1939,193.9,20348,-195.4000000000001
196.686200,0x132,88 8e 91 07 69 4f,6,36488,364.88,1937,-193.70000000000002,1937,193.70000000000002,20329,-194.45000000000005
196.696500,0x132,92 8e 96 07 7f 4f,6,36498,364.98,1942,-194.20000000000002,1942,194.20000000000002,20351,-195.55000000000007
196.706500,0x132,89 8e 91 07 59 4f,6,36489,364.89,1937,-193.70000000000002,1937,193.70000000000002,20313,-193.6500000000001
196.716200,0x132,9d 8e 92 07 7a 4f,6,36509,365.09000000000003,1938,-193.8,1938,193.8,20346,-195.30000000000007
196.726200,0x132,95 8e 92 07 68 4f,6,36501,365.01,1938,-193.8,1938,193.8,20328,-194.4000000000001
196.736500,0x132,89 8e 95 07 78 4f,6,36489,364.89,1941,-194.10000000000002,1941,194.10000000000002,20344,-195.20000000000005
196.746400,0x132,90 8e 90 07 5c 4f,6,36496,364.96,1936,-193.60000000000002,1936,193.60000000000002,20316,-193.80000000000007
196.756500,0x132,8f 8e 96 07 82 4f,6,36495,364.95,1942,-194.20000000000002,1942,194.20000000000002,20354,-195.70000000000005
196.766500,0x132,95 8e 95 07 62 4f,6,36501,365.01,1941,-194.10000000000002,1941,194.10000000000002,20322,-194.10000000000002
196.776200,0x132,8e 8e 94 07 76 4f,6,36494,364.94,1940,-194.0,1940,194.0,20342,-195.10000000000002
196.786300,0x132,91 8e 8f 07 5c 4f,6,36497,364.97,1935,-193.5,1935,193.5,20316,-193.80000000000007
196.796500,0x132,99 8e 94 07 85 4f,6,36505,365.05,1940,-194.0,1940,194.0,20357,-195.85000000000002
196.806500,0x132,98 8e 92 07 61 4f,6,36504,365.04,1938,-193.8,1938,193.8,20321,-194.05000000000007
196.816200,0x132,9e 8e 92 07 78 4f,6,36510,365.1,1938,-193.8,1938,193.8,20344,-195.20000000000005
196.826200,0x132,88 8e 8e 07 5e 4f,6,36488,364.88,1934,-193.4,1934,193.4,20318,-193.9000000000001
196.836200,0x132,95 8e 95 07 82 4f,6,36501,365.01,1941,-194.10000000000002,1941,194.10000000000002,20354,-195.70000000000005
196.846300,0x132,a0 8e 90 07 5e 4f,6,36512,365.12,1936,-193.60000000000002,1936,193.60000000000002,20318,-193.9000000000001
196.856500,0x132,96 8e 94 07 7c 4f,6,36502,365.02,1940,-194.0,1940,194.0,20348,-195.4000000000001
196.866500,0x132,a1 8e 8e 07 64 4f,6,36513,365.13,1934,-193.4,1934,193.4,20324,-194.20000000000005
196.876200,0x132,8a 8e 94 07 7d 4f,6,36490,364.90000000000003,1940,-194.0,1940,194.0,20349,-195.45000000000005
196.886200,0x132,92 8e 8f 07 59 4f,6,36498,364.98,1935,-193.5,1935,193.5,20313,-193.6500000000001
196.896600,0x132,90 8e 93 07 7f 4f,6,36496,364.96,1939,-193.9,1939,193.9,20351,-195.55000000000007
196.906500,0x132,8f 8e 91 07 68 4f,6,36495,364.95,1937,-193.70000000000002,1937,193.70000000000002,20328,-194.4000000000001
196.916200,0x132,93 8e 93 07 77 4f,6,36499,364.99,1939,-193.9,1939,193.9,20343,-195.1500000000001
196.926200,0x132,8c 8e 90 07 60 4f,6,36492,364.92,1936,-193.60000000000002,1936,193.60000000000002,20320,-194.0
196.936500,0x132,8b 8e 93 07 7f 4f,6,36491,364.91,1939,-193.9,1939,193.9,20351,-195.55000000000007
196.946500,0x132,94 8e 90 07 63 4f,6,36500,365.0,1936,-193.60000000000002,1936,193.60000000000002,20323,-194.1500000000001
196.956500,0x132,88 8e 96 07 7a 4f,6,36488,364.88,1942,-194.20000000000002,1942,194.20000000000002,20346,-195.30000000000007
196.966300,0x132,90 8e 90 07 33 4f,6,36496,364.96,1936,-193.60000000000002,1936,193.60000000000002,20275,-191.75
196.976300,0x132,8e 8e 93 07 80 4f,6,36494,364.94,1939,-193.9,1939,193.9,20352,-195.60000000000002
196.986300,0x132,8f 8e 91 07 61 4f,6,36495,364.95,1937,-193.70000000000002,1937,193.70000000000002,20321,-194.05000000000007
196.996700,0x132,94 8e 93 07 7c 4f,6,36500,365.0,1939,-193.9,1939,193.9,20348,-195.4000000000001
197.006200,0x132,94 8e 8f 07 62 4f,6,36500,365.0,1935,-193.5,1935,193.5,20322,-194.10000000000002
197.016300,0x132,92 8e 93 07 7f 4f,6,36498,364.98,1939,-193.9,1939,193.9,20351,-195.55000000000007
197.026300,0x132,7e 8e 8f 07 5b 4f,6,36478,364.78000000000003,1935,-193.5,1935,193.5,20315,-193.75
197.036300,0x132,84 8e 92 07 7a 4f,6,36484,364.84000000000003,1938,-193.8,1938,193.8,20346,-195.30000000000007
197.046300,0x132,90 8e 90 07 64 4f,6,36496,364.96,1936,-193.60000000000002,1936,193.60000000000002,20324,-194.20000000000005
197.056500,0x132,82 8e 97 07 7d 4f,6,36482,364.82,1943,-194.3,1943,194.3,20349,-195.45000000000005
197.066300,0x132,7d 8e 8f 07 5c 4f,6,36477,364.77,1935,-193.5,1935,193.5,20316,-193.80000000000007
197.076300,0x132,8f 8e 92 07 80 4f,6,36495,364.95,1938,-193.8,1938,193.8,20352,-195.60000000000002
197.086300,0x132,89 8e 90 07 63 4f,6,36489,364.89,1936,-193.60000000000002,1936,193.60000000000002,20323,-194.1500000000001
197.096500,0x132,86 8e 93 07 7a 4f,6,36486,364.86,1939,-193.9,1939,193.9,20346,-195.30000000000007
197.106200,0x132,83 8e 90 07 5b 4f,6,36483,364.83,1936,-193.60000000000002,1936,193.60000000000002,20315,-193.75
197.116300,0x132,89 8e 92 07 81 4f,6,36489,364.89,1938,-193.8,1938,193.8,20353,-195.6500000000001
197.126200,0x132,84 8e 91 07 66 4f,6,36484,364.84000000000003,1937,-193.70000000000002,1937,193.70000000000002,20326,-194.30000000000007
197.136300,0x132,87 8e 93 07 7b 4f,6,36487,364.87,1939,-193.9,1939,193.9,20347,-195.35000000000002
197.146300,0x132,85 8e 8e 07 5c 4f,6,36485,364.85,1934,-193.4,1934,193.4,20316,-193.80000000000007
197.156500,0x132,8e 8e 94 07 84 4f,6,36494,364.94,1940,-194.0,1940,194.0,20356,-195.80000000000007
197.166500,0x132,8c 8e 92 07 5e 4f,6,36492,364.92,1938,-193.8,1938,193.8,20318,-193.9000000000001
197.176300,0x132,89 8e 8f 07 7c 4f,6,36489,364.89,1935,-193.5,1935,193.5,20348,-195.4000000000001
197.186300,0x132,82 8e 8d 07 35 4f,6,36482,364.82,1933,-193.3,1933,193.3,20277,-191.85000000000002
197.196500,0x132,8b 8e 90 07 5c 4f,6,36491,364.91,1936,-193.60000000000002,1936,193.60000000000002,20316,-193.80000000000007
197.206300,0x132,86 8e 92 07 3a 4f,6,36486,364.86,1938,-193.8,1938,193.8,20282,-192.10000000000002
197.216200,0x132,79 8e 8f 07 4f 4f,6,36473,364.73,1935,-193.5,1935,193.5,20303,-193.1500000000001
197.226300,0x132,7d 8e 90 07 3b 4f,6,36477,364.77,1936,-193.60000000000002,1936,193.60000000000002,20283,-192.1500000000001
197.236200,0x132,8d 8e 91 07 5b 4f,6,36493,364.93,1937,-193.70000000000002,1937,193.70000000000002,20315,-193.75
197.246300,0x132,8c 8e 90 07 33 4f,6,36492,364.92,1936,-193.60000000000002,1936,193.60000000000002,20275,-191.75
197.256500,0x132,82 8e 8d 07 54 4f,6,36482,364.82,1933,-193.3,1933,193.3,20308,-193.4000000000001
197.266400,0x132,7f 8e 95 07 3f 4f,6,36479,364.79,1941,-194.10000000000002,1941,194.10000000000002,20287,-192.35000000000002
197.276300,0x132,80 8e 91 07 58 4f,6,36480,364.8,1937,-193.70000000000002,1937,193.70000000000002,20312,-193.60000000000002
197.286300,0x132,86 8e 8f 07 36 4f,6,36486,364.86,1935,-193.5,1935,193.5,20278,-191.9000000000001
197.296500,0x132,88 8e 90 07 57 4f,6,36488,364.88,1936,-193.60000000000002,1936,193.60000000000002,20311,-193.55000000000007
197.306300,0x132,81 8e 93 07 3d 4f,6,36481,364.81,1939,-193.9,1939,193.9,20285,-192.25
197.316300,0x132,88 8e 8f 07 4d 4f,6,36488,364.88,1935,-193.5,1935,193.5,20301,-193.05000000000007
197.326300,0x132,80 8e 8f 07 3b 4f,6,36480,364.8,1935,-193.5,1935,193.5,20283,-192.1500000000001
197.336300,0x132,7b 8e 91 07 5b 4f,6,36475,364.75,1937,-193.70000000000002,1937,193.70000000000002,20315,-193.75
197.346400,0x132,6f 8e 91 07 3b 4f,6,36463,364.63,1937,-193.70000000000002,1937,193.70000000000002,20283,-192.1500000000001
197.356500,0x132,77 8e 92 07 49 4f,6,36471,364.71,1938,-193.8,1938,193.8,20297,-192.85000000000002
197.366300,0x132,80 8e 96 07 3d 4f,6,36480,364.8,1942,-194.20000000000002,1942,194.20000000000002,20285,-192.25
197.376300,0x132,7e 8e 91 07 57 4f,6,36478,364.78000000000003,1937,-193.70000000000002,1937,193.70000000000002,20311,-193.55000000000007
197.386300,0x132,81 8e 92 07 38 4f,6,36481,364.81,1938,-193.8,1938,193.8,20280,-192.0
197.396500,0x132,95 8e 90 07 54 4f,6,36501,365.01,1936,-193.60000000000002,1936,193.60000000000002,20308,-193.4000000000001
197.406300,0x132,8b 8e 90 07 3d 4f,6,36491,364.91,1936,-193.60000000000002,1936,193.60000000000002,20285,-192.25
197.416300,0x132,89 8e 90 07 52 4f,6,36489,364.89,1936,-193.60000000000002,1936,193.60000000000002,20306,-193.30000000000007
197.426300,0x132,80 8e 91 07 35 4f,6,36480,364.8,1937,-193.70000000000002,1937,193.70000000000002,20277,-191.85000000000002
197.436300,0x132,85 8e 90 07 5c 4f,6,36485,364.85,1936,-193.60000000000002,1936,193.60000000000002,20316,-193.80000000000007
197.446600,0x132,7f 8e 92 07 40 4f,6,36479,364.79,1938,-193.8,1938,193.8,20288,-192.4000000000001
197.456500,0x132,7f 8e 95 07 4f 4f,6,36479,364.79,1941,-194.10000000000002,1941,194.10000000000002,20303,-193.1500000000001
197.466400,0x132,8d 8e 93 07 34 4f,6,36493,364.93,1939,-193.9,1939,193.9,20276,-191.80000000000007
197.476300,0x132,8a 8e 90 07 5f 4f,6,36490,364.90000000000003,1936,-193.60000000000002,1936,193.60000000000002,20319,-193.95000000000005
197.486300,0x132,80 8e 92 07 38 4f,6,36480,364.8,1938,-193.8,1938,193.8,20280,-192.0
197.496600,0x132,96 8e 90 07 4f 4f,6,36502,365.02,1936,-193.60000000000002,1936,193.60000000000002,20303,-193.1500000000001
197.506300,0x132,89 8e 90 07 3d 4f,6,36489,364.89,1936,-193.60000000000002,1936,193.60000000000002,20285,-192.25
197.516500,0x132,84 8e 8f 07 54 4f,6,36484,364.84000000000003,1935,-193.5,1935,193.5,20308,-193.4000000000001
197.526400,0x132,7d 8e 91 07 39 4f,6,36477,364.77,1937,-193.70000000000002,1937,193.70000000000002,20281,-192.05000000000007
197.536300,0x132,7d 8e 8f 07 51 4f,6,36477,364.77,1935,-193.5,1935,193.5,20305,-193.25
197.546300,0x132,87 8e 91 07 3b 4f,6,36487,364.87,1937,-193.70000000000002,1937,193.70000000000002,20283,-192.1500000000001
197.556300,0x132,80 8e 97 07 51 4f,6,36480,364.8,1943,-194.3,1943,194.3,20305,-193.25
197.566400,0x132,88 8e 92 07 33 4f,6,36488,364.88,1938,-193.8,1938,193.8,20275,-191.75
197.576300,0x132,85 8e 90 07 57 4f,6,36485,364.85,1936,-193.60000000000002,1936,193.60000000000002,20311,-193.55000000000007
197.586500,0x132,75 8e 92 07 3d 4f,6,36469,364.69,1938,-193.8,1938,193.8,20285,-192.25
197.596500,0x132,97 8e 90 07 4e 4f,6,36503,365.03000000000003,1936,-193.60000000000002,1936,193.60000000000002,20302,-193.10000000000002
197.606300,0x132,83 8e 8f 07 33 4f,6,36483,364.83,1935,-193.5,1935,193.5,20275,-191.75
197.616300,0x132,8e 8e 8f 07 57 4f,6,36494,364.94,1935,-193.5,1935,193.5,20311,-193.55000000000007
197.626300,0x132,87 8e 91 07 39 4f,6,36487,364.87,1937,-193.70000000000002,1937,193.70000000000002,20281,-192.05000000000007
197.636300,0x132,82 8e 8f 07 54 4f,6,36482,364.82,1935,-193.5,1935,193.5,20308,-193.4000000000001
197.646300,0x132,83 8e 90 07 3b 4f,6,36483,364.83,1936,-193.60000000000002,1936,193.60000000000002,20283,-192.1500000000001
197.656500,0x132,81 8e 96 07 57 4f,6,36481,364.81,1942,-194.20000000000002,1942,194.20000000000002,20311,-193.55000000000007
197.666300,0x132,7d 8e 93 07 33 4f,6,36477,364.77,1939,-193.9,1939,193.9,20275,-191.75
197.676300,0x132,7c 8e 8e 07 56 4f,6,36476,364.76,1934,-193.4,1934,193.4,20310,-193.5
197.686300,0x132,7a 8e 91 07 43 4f,6,36474,364.74,1937,-193.70000000000002,1937,193.70000000000002,20291,-192.55000000000007
197.696500,0x132,8b 8e 90 07 4d 4f,6,36491,364.91,1936,-193.60000000000002,1936,193.60000000000002,20301,-193.05000000000007
197.706300,0x132,84 8e 8f 07 31 4f,6,36484,364.84000000000003,1935,-193.5,1935,193.5,20273,-191.6500000000001
197.716300,0x132,8f 8e 8d 07 54 4f,6,36495,364.95,1933,-193.3,1933,193.3,20308,-193.4000000000001
197.726300,0x132,87 8e 90 07 3a 4f,6,36487,364.87,1936,-193.60000000000002,1936,193.60000000000002,20282,-192.10000000000002
197.736300,0x132,8e 8e 8e 07 4f 4f,6,36494,364.94,1934,-193.4,1934,193.4,20303,-193.1500000000001
197.746300,0x132,74 8e 8e 07 3a 4f,6,36468,364.68,1934,-193.4,1934,193.4,20282,-192.10000000000002
197.756600,0x132,89 8e 8c 07 57 4f,6,36489,364.89,1932,-193.20000000000002,1932,193.20000000000002,20311,-193.55000000000007
197.766500,0x132,92 8e 94 07 31 4f,6,36498,364.98,1940,-194.0,1940,194.0,20273,-191.6500000000001
197.776300,0x132,87 8e 8e 07 53 4f,6,36487,364.87,1934,-193.4,1934,193.4,20307,-193.35000000000002
197.786400,0x132,93 8e 91 07 40 4f,6,36499,364.99,1937,-193.70000000000002,1937,193.70000000000002,20288,-192.4000000000001
197.796500,0x132,87 8e 90 07 56 4f,6,36487,364.87,1936,-193.60000000000002,1936,193.60000000000002,20310,-193.5
197.806300,0x132,89 8e 8f 07 33 4f,6,36489,364.89,1935,-193.5,1935,193.5,20275,-191.75
197.816300,0x132,92 8e 8d 07 54 4f,6,36498,364.98,1933,-193.3,1933,193.3,20308,-193.4000000000001
197.826300,0x132,81 8e 90 07 3a 4f,6,36481,364.81,1936,-193.60000000000002,1936,193.60000000000002,20282,-192.10000000000002
197.836300,0x132,84 8e 8f 07 4d 4f,6,36484,364.84000000000003,1935,-193.5,1935,193.5,20301,-193.05000000000007
197.846300,0x132,89 8e 8f 07 38 4f,6,36489,364.89,1935,-193.5,1935,193.5,20280,-192.0
197.856400,0x132,88 8e 96 07 5c 4f,6,36488,364.88,1942,-194.20000000000002,1942,194.20000000000002,20316,-193.80000000000007
197.866300,0x132,74 8e 94 07 31 4f,6,36468,364.68,1940,-194.0,1940,194.0,20273,-191.6500000000001
197.876300,0x132,89 8e 8e 07 4e 4f,6,36489,364.89,1934,-193.4,1934,193.4,20302,-193.10000000000002
197.886300,0x132,89 8e 91 07 3d 4f,6,36489,364.89,1937,-193.70000000000002,1937,193.70000000000002,20285,-192.25
197.896600,0x132,86 8e 91 07 4c 4f,6,36486,364.86,1937,-193.70000000000002,1937,193.70000000000002,20300,-193.0
197.906300,0x132,83 8e 8f 07 34 4f,6,36483,364.83,1935,-193.5,1935,193.5,20276,-191.80000000000007
197.916300,0x132,8d 8e 8e 07 57 4f,6,36493,364.93,1934,-193.4,1934,193.4,20311,-193.55000000000007
197.926300,0x132,7e 8e 90 07 3e 4f,6,36478,364.78000000000003,1936,-193.60000000000002,1936,193.60000000000002,20286,-192.30000000000007
197.936300,0x132,8b 8e 90 07 4f 4f,6,36491,364.91,1936,-193.60000000000002,1936,193.60000000000002,20303,-193.1500000000001
197.946400,0x132,85 8e 8f 07 33 4f,6,36485,364.85,1935,-193.5,1935,193.5,20275,-191.75
197.956600,0x132,86 8e 8e 07 59 4f,6,36486,364.86,1934,-193.4,1934,193.4,20313,-193.6500000000001
197.966300,0x132,85 8e 98 07 34 4f,6,36485,364.85,1944,-194.4,1944,194.4,20276,-191.80000000000007
197.976300,0x132,82 8e 8f 07 4e 4f,6,36482,364.82,1935,-193.5,1935,193.5,20302,-193.10000000000002
197.986400,0x132,86 8e 90 07 3f 4f,6,36486,364.86,1936,-193.60000000000002,1936,193.60000000000002,20287,-192.35000000000002
197.996600,0x132,96 8e 92 07 59 4f,6,36502,365.02,1938,-193.8,1938,193.8,20313,-193.6500000000001
198.006300,0x132,83 8e 90 07 34 4f,6,36483,364.83,1936,-193.60000000000002,1936,193.60000000000002,20276,-191.80000000000007
198.016300,0x132,81 8e 8d 07 56 4f,6,36481,364.81,1933,-193.3,1933,193.3,20310,-193.5
198.026300,0x132,7d 8e 90 07 3e 4f,6,36477,364.77,1936,-193.60000000000002,1936,193.60000000000002,20286,-192.30000000000007
198.036300,0x132,82 8e 90 07 52 4f,6,36482,364.82,1936,-193.60000000000002,1936,193.60000000000002,20306,-193.30000000000007
198.046300,0x132,7a 8e 8f 07 39 4f,6,36474,364.74,1935,-193.5,1935,193.5,20281,-192.05000000000007
198.056600,0x132,87 8e 8b 07 58 4f,6,36487,364.87,1931,-193.10000000000002,1931,193.10000000000002,20312,-193.60000000000002
198.066300,0x132,80 8e 96 07 36 4f,6,36480,364.8,1942,-194.20000000000002,1942,194.20000000000002,20278,-191.9000000000001
198.076300,0x132,8f 8e 90 07 52 4f,6,36495,364.95,1936,-193.60000000000002,1936,193.60000000000002,20306,-193.30000000000007
198.086300,0x132,7d 8e 90 07 3f 4f,6,36477,364.77,1936,-193.60000000000002,1936,193.60000000000002,20287,-192.35000000000002
198.096500,0x132,89 8e 91 07 56 4f,6,36489,364.89,1937,-193.70000000000002,1937,193.70000000000002,20310,-193.5
198.106300,0x132,7d 8e 8f 07 2f 4f,6,36477,364.77,1935,-193.5,1935,193.5,20271,-191.55000000000007
198.116300,0x132,92 8e 8d 07 51 4f,6,36498,364.98,1933,-193.3,1933,193.3,20305,-193.25
198.126300,0x132,7c 8e 90 07 39 4f,6,36476,364.76,1936,-193.60000000000002,1936,193.60000000000002,20281,-192.05000000000007
198.136300,0x132,97 8e 90 07 52 4f,6,36503,365.03000000000003,1936,-193.60000000000002,1936,193.60000000000002,20306,-193.30000000000007
198.146300,0x132,80 8e 8e 07 39 4f,6,36480,364.8,1934,-193.4,1934,193.4,20281,-192.05000000000007
198.156600,0x132,82 8e 93 07 59 4f,6,36482,364.82,1939,-193.9,1939,193.9,20313,-193.6500000000001
198.166600,0x132,86 8e 91 07 35 4f,6,36486,364.86,1937,-193.70000000000002,1937,193.70000000000002,20277,-191.85000000000002
198.176300,0x132,8c 8e 8d 07 4f 4f,6,36492,364.92,1933,-193.3,1933,193.3,20303,-193.1500000000001
198.186400,0x132,8c 8e 8f 07 3e 4f,6,36492,364.92,1935,-193.5,1935,193.5,20286,-192.30000000000007
198.196500,0x132,81 8e 90 07 56 4f,6,36481,364.81,1936,-193.60000000000002,1936,193.60000000000002,20310,-193.5
198.206300,0x132,89 8e 90 07 34 4f,6,36489,364.89,1936,-193.60000000000002,1936,193.60000000000002,20276,-191.80000000000007
198.216300,0x132,8b 8e 8d 07 52 4f,6,36491,364.91,1933,-193.3,1933,193.3,20306,-193.30000000000007
198.226300,0x132,85 8e 8f 07 39 4f,6,36485,364.85,1935,-193.5,1935,193.5,20281,-192.05000000000007
198.236300,0x132,93 8e 8f 07 52 4f,6,36499,364.99,1935,-193.5,1935,193.5,20306,-193.30000000000007
198.246300,0x132,8c 8e 8e 07 31 4f,6,36492,364.92,1934,-193.4,1934,193.4,20273,-191.6500000000001
198.256300,0x132,91 8e 92 07 59 4f,6,36497,364.97,1938,-193.8,1938,193.8,20313,-193.6500000000001
198.266300,0x132,81 8e 91 07 35 4f,6,36481,364.81,1937,-193.70000000000002,1937,193.70000000000002,20277,-191.85000000000002
198.276300,0x132,82 8e 8e 07 4d 4f,6,36482,364.82,1934,-193.4,1934,193.4,20301,-193.05000000000007
198.286300,0x132,7c 8e 8f 07 3e 4f,6,36476,364.76,1935,-193.5,1935,193.5,20286,-192.30000000000007
198.296500,0x132,92 8e 90 07 53 4f,6,36498,364.98,1936,-193.60000000000002,1936,193.60000000000002,20307,-193.35000000000002
198.306300,0x132,8b 8e 8e 07 2f 4f,6,36491,364.91,1934,-193.4,1934,193.4,20271,-191.55000000000007
198.316300,0x132,80 8e 8b 07 4e 4f,6,36480,364.8,1931,-193.10000000000002,1931,193.10000000000002,20302,-193.10000000000002
198.326300,0x132,82 8e 8f 07 3f 4f,6,36482,364.82,1935,-193.5,1935,193.5,20287,-192.35000000000002
198.336300,0x132,9d 8e 8f 07 4f 4f,6,36509,365.09000000000003,1935,-193.5,1935,193.5,20303,-193.1500000000001
198.346300,0x132,85 8e 8e 07 35 4f,6,36485,364.85,1934,-193.4,1934,193.4,20277,-191.85000000000002
198.356300,0x132,91 8e 92 07 54 4f,6,36497,364.97,1938,-193.8,1938,193.8,20308,-193.4000000000001
198.366300,0x132,86 8e 8f 07 35 4f,6,36486,364.86,1935,-193.5,1935,193.5,20277,-191.85000000000002
198.376300,0x132,8a 8e 8d 07 4c 4f,6,36490,364.90000000000003,1933,-193.3,1933,193.3,20300,-193.0
198.386400,0x132,8b 8e 8e 07 3d 4f,6,36491,364.91,1934,-193.4,1934,193.4,20285,-192.25
198.396500,0x132,7e 8e 8f 07 53 4f,6,36478,364.78000000000003,1935,-193.5,1935,193.5,20307,-193.35000000000002
198.406300,0x132,87 8e 8e 07 33 4f,6,36487,364.87,1934,-193.4,1934,193.4,20275,-191.75
198.416300,0x132,81 8e 8c 07 51 4f,6,36481,364.81,1932,-193.20000000000002,1932,193.20000000000002,20305,-193.25
198.426300,0x132,82 8e 8e 07 3a 4f,6,36482,364.82,1934,-193.4,1934,193.4,20282,-192.10000000000002
198.436300,0x132,87 8e 8e 07 4d 4f,6,36487,364.87,1934,-193.4,1934,193.4,20301,-193.05000000000007
198.446400,0x132,8e 8e 8f 07 38 4f,6,36494,364.94,1935,-193.5,1935,193.5,20280,-192.0
198.456300,0x132,7a 8e 8a 07 5b 4f,6,36474,364.74,1930,-193.0,1930,193.0,20315,-193.75
198.466300,0x132,84 8e 98 07 43 4f,6,36484,364.84000000000003,1944,-194.4,1944,194.4,20291,-192.55000000000007
198.476300,0x132,86 8e 8e 07 4d 4f,6,36486,364.86,1934,-193.4,1934,193.4,20301,-193.05000000000007
198.486300,0x132,8f 8e 8e 07 3a 4f,6,36495,364.95,1934,-193.4,1934,193.4,20282,-192.10000000000002
198.496500,0x132,8b 8e 8f 07 52 4f,6,36491,364.91,1935,-193.5,1935,193.5,20306,-193.30000000000007
198.506300,0x132,7d 8e 8f 07 30 4f,6,36477,364.77,1935,-193.5,1935,193.5,20272,-191.60000000000002
198.516500,0x132,8e 8e 8c 07 53 4f,6,36494,364.94,1932,-193.20000000000002,1932,193.20000000000002,20307,-193.35000000000002
198.526300,0x132,7f 8e 8e 07 35 4f,6,36479,364.79,1934,-193.4,1934,193.4,20277,-191.85000000000002
198.536300,0x132,7c 8e 8d 07 4d 4f,6,36476,364.76,1933,-193.3,1933,193.3,20301,-193.05000000000007
198.546300,0x132,80 8e 8e 07 36 4f,6,36480,364.8,1934,-193.4,1934,193.4,20278,-191.9000000000001
198.556400,0x132,89 8e 8e 07 53 4f,6,36489,364.89,1934,-193.4,1934,193.4,20307,-193.35000000000002
198.566500,0x132,73 8e 97 07 45 4f,6,36467,364.67,1943,-194.3,1943,194.3,20293,-192.6500000000001
198.576300,0x132,84 8e 8d 07 4f 4f,6,36484,364.84000000000003,1933,-193.3,1933,193.3,20303,-193.1500000000001
198.586300,0x132,88 8e 8f 07 36 4f,6,36488,364.88,1935,-193.5,1935,193.5,20278,-191.9000000000001
198.596500,0x132,8f 8e 8f 07 4e 4f,6,36495,364.95,1935,-193.5,1935,193.5,20302,-193.10000000000002
198.606300,0x132,83 8e 8f 07 31 4f,6,36483,364.83,1935,-193.5,1935,193.5,20273,-191.6500000000001
198.616300,0x132,8a 8e 8e 07 56 4f,6,36490,364.90000000000003,1934,-193.4,1934,193.4,20310,-193.5
198.626300,0x132,80 8e 90 07 38 4f,6,36480,364.8,1936,-193.60000000000002,1936,193.60000000000002,20280,-192.0
198.636300,0x132,86 8e 8d 07 4a 4f,6,36486,364.86,1933,-193.3,1933,193.3,20298,-192.9000000000001
198.646300,0x132,80 8e 8d 07 38 4f,6,36480,364.8,1933,-193.3,1933,193.3,20280,-192.0
198.656400,0x132,80 8e 8a 07 54 4f,6,36480,364.8,1930,-193.0,1930,193.0,20308,-193.4000000000001
198.666300,0x132,7c 8e 95 07 43 4f,6,36476,364.76,1941,-194.10000000000002,1941,194.10000000000002,20291,-192.55000000000007
198.676300,0x132,81 8e 8e 07 56 4f,6,36481,364.81,1934,-193.4,1934,193.4,20310,-193.5
198.686300,0x132,87 8e 8e 07 38 4f,6,36487,364.87,1934,-193.4,1934,193.4,20280,-192.0
198.696500,0x132,8b 8e 8f 07 49 4f,6,36491,364.91,1935,-193.5,1935,193.5,20297,-192.85000000000002
198.706300,0x132,8b 8e 8e 07 35 4f,6,36491,364.91,1934,-193.4,1934,193.4,20277,-191.85000000000002
198.716300,0x132,83 8e 8e 07 53 4f,6,36483,364.83,1934,-193.4,1934,193.4,20307,-193.35000000000002
198.726300,0x132,7f 8e 8e 07 33 4f,6,36479,364.79,1934,-193.4,1934,193.4,20275,-191.75
198.736300,0x132,7c 8e 8d 07 51 4f,6,36476,364.76,1933,-193.3,1933,193.3,20305,-193.25
198.746400,0x132,8b 8e 8f 07 3e 4f,6,36491,364.91,1935,-193.5,1935,193.5,20286,-192.30000000000007
198.756400,0x132,8b 8e 92 07 52 4f,6,36491,364.91,1938,-193.8,1938,193.8,20306,-193.30000000000007
198.766400,0x132,7c 8e 8f 07 33 4f,6,36476,364.76,1935,-193.5,1935,193.5,20275,-191.75
198.776300,0x132,7d 8e 8e 07 54 4f,6,36477,364.77,1934,-193.4,1934,193.4,20308,-193.4000000000001
198.786400,0x132,93 8e 8f 07 3b 4f,6,36499,364.99,1935,-193.5,1935,193.5,20283,-192.1500000000001
198.796500,0x132,88 8e 8d 07 4a 4f,6,36488,364.88,1933,-193.3,1933,193.3,20298,-192.9000000000001
198.806300,0x132,7c 8e 8e 07 39 4f,6,36476,364.76,1934,-193.4,1934,193.4,20281,-192.05000000000007
198.816300,0x132,9b 8e 8d 07 4c 4f,6,36507,365.07,1933,-193.3,1933,193.3,20300,-193.0
198.826300,0x132,88 8e 8d 07 2e 4f,6,36488,364.88,1933,-193.3,1933,193.3,20270,-191.5
198.836300,0x132,8b 8e 8d 07 57 4f,6,36491,364.91,1933,-193.3,1933,193.3,20311,-193.55000000000007
198.846500,0x132,7c 8e 8f 07 3a 4f,6,36476,364.76,1935,-193.5,1935,193.5,20282,-192.10000000000002
198.856400,0x132,8a 8e 8b 07 4f 4f,6,36490,364.90000000000003,1931,-193.10000000000002,1931,193.10000000000002,20303,-193.1500000000001
198.866300,0x132,87 8e 94 07 3d 4f,6,36487,364.87,1940,-194.0,1940,194.0,20285,-192.25
198.876300,0x132,87 8e 8f 07 5c 4f,6,36487,364.87,1935,-193.5,1935,193.5,20316,-193.80000000000007
198.886300,0x132,89 8e 8f 07 33 4f,6,36489,364.89,1935,-193.5,1935,193.5,20275,-191.75
198.896700,0x132,7b 8e 8d 07 4a 4f,6,36475,364.75,1933,-193.3,1933,193.3,20298,-192.9000000000001
198.906300,0x132,90 8e 8f 07 39 4f,6,36496,364.96,1935,-193.5,1935,193.5,20281,-192.05000000000007
198.916300,0x132,7e 8e 8e 07 4a 4f,6,36478,364.78000000000003,1934,-193.4,1934,193.4,20298,-192.9000000000001
198.926300,0x132,89 8e 8c 07 2f 4f,6,36489,364.89,1932,-193.20000000000002,1932,193.20000000000002,20271,-191.55000000000007
198.936300,0x132,8c 8e 8d 07 59 4f,6,36492,364.92,1933,-193.3,1933,193.3,20313,-193.6500000000001
198.946300,0x132,75 8e 8f 07 35 4f,6,36469,364.69,1935,-193.5,1935,193.5,20277,-191.85000000000002
198.956400,0x132,8b 8e 90 07 49 4f,6,36491,364.91,1936,-193.60000000000002,1936,193.60000000000002,20297,-192.85000000000002
198.966300,0x132,80 8e 8f 07 39 4f,6,36480,364.8,1935,-193.5,1935,193.5,20281,-192.05000000000007
198.976300,0x132,85 8e 8d 07 51 4f,6,36485,364.85,1933,-193.3,1933,193.3,20305,-193.25
198.986400,0x132,7a 8e 8d 07 35 4f,6,36474,364.74,1933,-193.3,1933,193.3,20277,-191.85000000000002
198.996600,0x132,96 8e 8c 07 4e 4f,6,36502,365.02,1932,-193.20000000000002,1932,193.20000000000002,20302,-193.10000000000002
199.006300,0x132,85 8e 8f 07 38 4f,6,36485,364.85,1935,-193.5,1935,193.5,20280,-192.0
199.016300,0x132,8f 8e 8d 07 49 4f,6,36495,364.95,1933,-193.3,1933,193.3,20297,-192.85000000000002
199.026300,0x132,8d 8e 8b 07 2f 4f,6,36493,364.93,1931,-193.10000000000002,1931,193.10000000000002,20271,-191.55000000000007
199.036300,0x132,84 8e 8d 07 4f 4f,6,36484,364.84000000000003,1933,-193.3,1933,193.3,20303,-193.1500000000001
199.046500,0x132,7d 8e 8f 07 36 4f,6,36477,364.77,1935,-193.5,1935,193.5,20278,-191.9000000000001
199.056400,0x132,84 8e 92 07 4d 4f,6,36484,364.84000000000003,1938,-193.8,1938,193.8,20301,-193.05000000000007
199.066300,0x132,87 8e 8f 07 3a 4f,6,36487,364.87,1935,-193.5,1935,193.5,20282,-192.10000000000002
199.076300,0x132,7d 8e 8d 07 4c 4f,6,36477,364.77,1933,-193.3,1933,193.3,20300,-193.0
199.086300,0x132,79 8e 8d 07 35 4f,6,36473,364.73,1933,-193.3,1933,193.3,20277,-191.85000000000002
199.096500,0x132,8b 8e 8e 07 54 4f,6,36491,364.91,1934,-193.4,1934,193.4,20308,-193.4000000000001
199.106300,0x132,87 8e 8e 07 2e 4f,6,36487,364.87,1934,-193.4,1934,193.4,20270,-191.5
199.116300,0x132,8c 8e 8b 07 48 4f,6,36492,364.92,1931,-193.10000000000002,1931,193.10000000000002,20296,-192.80000000000007
199.126300,0x132,8b 8e 8d 07 38 4f,6,36491,364.91,1933,-193.3,1933,193.3,20280,-192.0
199.136300,0x132,88 8e 8d 07 4e 4f,6,36488,364.88,1933,-193.3,1933,193.3,20302,-193.10000000000002
199.146400,0x132,88 8e 8c 07 2c 4f,6,36488,364.88,1932,-193.20000000000002,1932,193.20000000000002,20268,-191.4000000000001
199.156400,0x132,96 8e 8c 07 53 4f,6,36502,365.02,1932,-193.20000000000002,1932,193.20000000000002,20307,-193.35000000000002
199.166400,0x132,85 8e 97 07 4a 4f,6,36485,364.85,1943,-194.3,1943,194.3,20298,-192.9000000000001
199.176300,0x132,86 8e 8c 07 44 4f,6,36486,364.86,1932,-193.20000000000002,1932,193.20000000000002,20292,-192.60000000000002
199.186500,0x132,7f 8e 8c 07 39 4f,6,36479,364.79,1932,-193.20000000000002,1932,193.20000000000002,20281,-192.05000000000007
199.196700,0x132,84 8e 8d 07 4c 4f,6,36484,364.84000000000003,1933,-193.3,1933,193.3,20300,-193.0
199.206300,0x132,90 8e 8d 07 2e 4f,6,36496,364.96,1933,-193.3,1933,193.3,20270,-191.5
199.216300,0x132,82 8e 8c 07 51 4f,6,36482,364.82,1932,-193.20000000000002,1932,193.20000000000002,20305,-193.25
199.226300,0x132,91 8e 8d 07 3a 4f,6,36497,364.97,1933,-193.3,1933,193.3,20282,-192.10000000000002
199.236300,0x132,94 8e 8d 07 4a 4f,6,36500,365.0,1933,-193.3,1933,193.3,20298,-192.9000000000001
199.246400,0x132,94 8e 8c 07 34 4f,6,36500,365.0,1932,-193.20000000000002,1932,193.20000000000002,20276,-191.80000000000007
199.256400,0x132,94 8e 88 07 58 4f,6,36500,365.0,1928,-192.8,1928,192.8,20312,-193.60000000000002
199.266400,0x132,8b 8e 93 07 43 4f,6,36491,364.91,1939,-193.9,1939,193.9,20291,-192.55000000000007
199.276300,0x132,88 8e 8d 07 4f 4f,6,36488,364.88,1933,-193.3,1933,193.3,20303,-193.1500000000001
199.286300,0x132,93 8e 8e 07 3e 4f,6,36499,364.99,1934,-193.4,1934,193.4,20286,-192.30000000000007
199.296500,0x132,86 8e 8e 07 53 4f,6,36486,364.86,1934,-193.4,1934,193.4,20307,-193.35000000000002
199.306300,0x132,85 8e 8c 07 33 4f,6,36485,364.85,1932,-193.20000000000002,1932,193.20000000000002,20275,-191.75
199.316300,0x132,80 8e 8b 07 53 4f,6,36480,364.8,1931,-193.10000000000002,1931,193.10000000000002,20307,-193.35000000000002
199.326300,0x132,83 8e 8e 07 30 4f,6,36483,364.83,1934,-193.4,1934,193.4,20272,-191.60000000000002
199.336300,0x132,7d 8e 8a 07 48 4f,6,36477,364.77,1930,-193.0,1930,193.0,20296,-192.80000000000007
199.346500,0x132,7d 8e 8d 07 39 4f,6,36477,364.77,1933,-193.3,1933,193.3,20281,-192.05000000000007
199.356400,0x132,87 8e 89 07 4d 4f,6,36487,364.87,1929,-192.9,1929,192.9,20301,-193.05000000000007
199.366300,0x132,92 8e 95 07 3b 4f,6,36498,364.98,1941,-194.10000000000002,1941,194.10000000000002,20283,-192.1500000000001
199.376300,0x132,8e 8e 8d 07 54 4f,6,36494,364.94,1933,-193.3,1933,193.3,20308,-193.4000000000001
199.386500,0x132,8c 8e 8e 07 33 4f,6,36492,364.92,1934,-193.4,1934,193.4,20275,-191.75
199.396500,0x132,8c 8e 8c 07 45 4f,6,36492,364.92,1932,-193.20000000000002,1932,193.20000000000002,20293,-192.6500000000001
199.406300,0x132,7e 8e 8d 07 38 4f,6,36478,364.78000000000003,1933,-193.3,1933,193.3,20280,-192.0
199.416300,0x132,9b 8e 8e 07 51 4f,6,36507,365.07,1934,-193.4,1934,193.4,20305,-193.25
199.426300,0x132,8b 8e 8d 07 30 4f,6,36491,364.91,1933,-193.3,1933,193.3,20272,-191.60000000000002
199.436300,0x132,90 8e 8c 07 52 4f,6,36496,364.96,1932,-193.20000000000002,1932,193.20000000000002,20306,-193.30000000000007
199.446400,0x132,7f 8e 8e 07 34 4f,6,36479,364.79,1934,-193.4,1934,193.4,20276,-191.80000000000007
199.456400,0x132,8b 8e 88 07 4c 4f,6,36491,364.91,1928,-192.8,1928,192.8,20300,-193.0
199.466600,0x132,93 8e 8f 07 36 4f,6,36499,364.99,1935,-193.5,1935,193.5,20278,-191.9000000000001
199.476300,0x132,78 8e 8e 07 52 4f,6,36472,364.72,1934,-193.4,1934,193.4,20306,-193.30000000000007
199.486300,0x132,8f 8e 8e 07 2c 4f,6,36495,364.95,1934,-193.4,1934,193.4,20268,-191.4000000000001
199.496500,0x132,85 8e 8d 07 51 4f,6,36485,364.85,1933,-193.3,1933,193.3,20305,-193.25
199.506300,0x132,92 8e 8f 07 35 4f,6,36498,364.98,1935,-193.5,1935,193.5,20277,-191.85000000000002
199.516500,0x132,8a 8e 8b 07 3e 4f,6,36490,364.90000000000003,1931,-193.10000000000002,1931,193.10000000000002,20286,-192.30000000000007
199.526300,0x132,7c 8e 8c 07 38 4f,6,36476,364.76,1932,-193.20000000000002,1932,193.20000000000002,20280,-192.0
199.536300,0x132,8f 8e 8d 07 54 4f,6,36495,364.95,1933,-193.3,1933,193.3,20308,-193.4000000000001
199.546300,0x132,7e 8e 8d 07 30 4f,6,36478,364.78000000000003,1933,-193.3,1933,193.3,20272,-191.60000000000002
199.556500,0x132,8d 8e 86 07 4f 4f,6,36493,364.93,1926,-192.60000000000002,1926,192.60000000000002,20303,-193.1500000000001
199.566500,0x132,7f 8e 95 07 43 4f,6,36479,364.79,1941,-194.10000000000002,1941,194.10000000000002,20291,-192.55000000000007
199.576300,0x132,87 8e 8d 07 49 4f,6,36487,364.87,1933,-193.3,1933,193.3,20297,-192.85000000000002
199.586400,0x132,79 8e 8c 07 2f 4f,6,36473,364.73,1932,-193.20000000000002,1932,193.20000000000002,20271,-191.55000000000007
199.596500,0x132,94 8e 8d 07 56 4f,6,36500,365.0,1933,-193.3,1933,193.3,20310,-193.5
199.606300,0x132,81 8e 8d 07 2e 4f,6,36481,364.81,1933,-193.3,1933,193.3,20270,-191.5
199.616300,0x132,88 8e 8b 07 4c 4f,6,36488,364.88,1931,-193.10000000000002,1931,193.10000000000002,20300,-193.0
199.626300,0x132,7a 8e 8c 07 38 4f,6,36474,364.74,1932,-193.20000000000002,1932,193.20000000000002,20280,-192.0
199.636300,0x132,8e 8e 8d 07 4d 4f,6,36494,364.94,1933,-193.3,1933,193.3,20301,-193.05000000000007
199.646300,0x132,81 8e 8a 07 30 4f,6,36481,364.81,1930,-193.0,1930,193.0,20272,-191.60000000000002
199.656400,0x132,93 8e 86 07 52 4f,6,36499,364.99,1926,-192.60000000000002,1926,192.60000000000002,20306,-193.30000000000007
199.666500,0x132,8a 8e 94 07 29 4f,6,36490,364.90000000000003,1940,-194.0,1940,194.0,20265,-191.25
199.676300,0x132,81 8e 8a 07 4a 4f,6,36481,364.81,1930,-193.0,1930,193.0,20298,-192.9000000000001
199.686300,0x132,91 8e 8d 07 3a 4f,6,36497,364.97,1933,-193.3,1933,193.3,20282,-192.10000000000002
199.696500,0x132,8a 8e 8c 07 49 4f,6,36490,364.90000000000003,1932,-193.20000000000002,1932,193.20000000000002,20297,-192.85000000000002
199.706300,0x132,88 8e 8d 07 34 4f,6,36488,364.88,1933,-193.3,1933,193.3,20276,-191.80000000000007
199.716300,0x132,8b 8e 8b 07 4e 4f,6,36491,364.91,1931,-193.10000000000002,1931,193.10000000000002,20302,-193.10000000000002
199.726300,0x132,89 8e 8b 07 2c 4f,6,36489,364.89,1931,-193.10000000000002,1931,193.10000000000002,20268,-191.4000000000001
199.736300,0x132,8c 8e 8b 07 48 4f,6,36492,364.92,1931,-193.10000000000002,1931,193.10000000000002,20296,-192.80000000000007
199.746400,0x132,89 8e 8b 07 38 4f,6,36489,364.89,1931,-193.10000000000002,1931,193.10000000000002,20280,-192.0
199.756400,0x132,7f 8e 88 07 4c 4f,6,36479,364.79,1928,-192.8,1928,192.8,20300,-193.0
199.766400,0x132,8c 8e 94 07 3e 4f,6,36492,364.92,1940,-194.0,1940,194.0,20286,-192.30000000000007
199.776300,0x132,83 8e 8d 07 53 4f,6,36483,364.83,1933,-193.3,1933,193.3,20307,-193.35000000000002
199.786500,0x132,7e 8e 8d 07 2c 4f,6,36478,364.78000000000003,1933,-193.3,1933,193.3,20268,-191.4000000000001
199.796500,0x132,84 8e 8b 07 4a 4f,6,36484,364.84000000000003,1931,-193.10000000000002,1931,193.10000000000002,20298,-192.9000000000001
199.806300,0x132,7e 8e 8d 07 38 4f,6,36478,364.78000000000003,1933,-193.3,1933,193.3,20280,-192.0
199.816300,0x132,7d 8e 8b 07 44 4f,6,36477,364.77,1931,-193.10000000000002,1931,193.10000000000002,20292,-192.60000000000002
199.826300,0x132,7d 8e 8a 07 2b 4f,6,36477,364.77,1930,-193.0,1930,193.0,20267,-191.35000000000002
199.836300,0x132,88 8e 8b 07 51 4f,6,36488,364.88,1931,-193.10000000000002,1931,193.10000000000002,20305,-193.25
199.846300,0x132,81 8e 8d 07 2c 4f,6,36481,364.81,1933,-193.3,1933,193.3,20268,-191.4000000000001
199.856500,0x132,8f 8e 87 07 48 4f,6,36495,364.95,1927,-192.70000000000002,1927,192.70000000000002,20296,-192.80000000000007
199.866400,0x132,87 8e 90 07 38 4f,6,36487,364.87,1936,-193.60000000000002,1936,193.60000000000002,20280,-192.0
199.876300,0x132,8c 8e 8c 07 49 4f,6,36492,364.92,1932,-193.20000000000002,1932,193.20000000000002,20297,-192.85000000000002
199.886300,0x132,8d 8e 8b 07 2c 4f,6,36493,364.93,1931,-193.10000000000002,1931,193.10000000000002,20268,-191.4000000000001
199.896700,0x132,7a 8e 8b 07 51 4f,6,36474,364.74,1931,-193.10000000000002,1931,193.10000000000002,20305,-193.25
199.906300,0x132,95 8e 8d 07 2e 4f,6,36501,365.01,1933,-193.3,1933,193.3,20270,-191.5
199.916300,0x132,8c 8e 89 07 42 4f,6,36492,364.92,1929,-192.9,1929,192.9,20290,-192.5
199.926300,0x132,78 8e 8b 07 39 4f,6,36472,364.72,1931,-193.10000000000002,1931,193.10000000000002,20281,-192.05000000000007
199.936300,0x132,86 8e 8d 07 49 4f,6,36486,364.86,1933,-193.3,1933,193.3,20297,-192.85000000000002
199.946500,0x132,8e 8e 8a 07 2c 4f,6,36494,364.94,1930,-193.0,1930,193.0,20268,-191.4000000000001
199.956400,0x132,93 8e 88 07 51 4f,6,36499,364.99,1928,-192.8,1928,192.8,20305,-193.25
199.966500,0x132,7c 8e 93 07 47 4f,6,36476,364.76,1939,-193.9,1939,193.9,20295,-192.75
199.976300,0x132,86 8e 8a 07 3f 4f,6,36486,364.86,1930,-193.0,1930,193.0,20287,-192.35000000000002
199.986500,0x132,8d 8e 8b 07 33 4f,6,36493,364.93,1931,-193.10000000000002,1931,193.10000000000002,20275,-191.75
199.996500,0x132,8c 8e 8c 07 4a 4f,6,36492,364.92,1932,-193.20000000000002,1932,193.20000000000002,20298,-192.9000000000001
200.006300,0x132,8b 8e 8a 07 2a 4f,6,36491,364.91,1930,-193.0,1930,193.0,20266,-191.30000000000007
200.016300,0x132,8a 8e 8a 07 51 4f,6,36490,364.90000000000003,1930,-193.0,1930,193.0,20305,-193.25
200.026300,0x132,8b 8e 8c 07 31 4f,6,36491,364.91,1932,-193.20000000000002,1932,193.20000000000002,20273,-191.6500000000001
200.036300,0x132,78 8e 8a 07 43 4f,6,36472,364.72,1930,-193.0,1930,193.0,20291,-192.55000000000007
200.046300,0x132,8a 8e 8b 07 36 4f,6,36490,364.90000000000003,1931,-193.10000000000002,1931,193.10000000000002,20278,-191.9000000000001
200.056400,0x132,8f 8e 88 07 44 4f,6,36495,364.95,1928,-192.8,1928,192.8,20292,-192.60000000000002
200.066400,0x132,8b 8e 90 07 35 4f,6,36491,364.91,1936,-193.60000000000002,1936,193.60000000000002,20277,-191.85000000000002
200.076300,0x132,8c 8e 8b 07 4f 4f,6,36492,364.92,1931,-193.10000000000002,1931,193.10000000000002,20303,-193.1500000000001
200.086300,0x132,73 8e 8c 07 2f 4f,6,36467,364.67,1932,-193.20000000000002,1932,193.20000000000002,20271,-191.55000000000007
200.096500,0x132,9b 8e 8a 07 47 4f,6,36507,365.07,1930,-193.0,1930,193.0,20295,-192.75
200.106300,0x132,95 8e 8c 07 39 4f,6,36501,365.01,1932,-193.20000000000002,1932,193.20000000000002,20281,-192.05000000000007
200.116300,0x132,85 8e 8c 07 49 4f,6,36485,364.85,1932,-193.20000000000002,1932,193.20000000000002,20297,-192.85000000000002
200.126300,0x132,8d 8e 8b 07 2b 4f,6,36493,364.93,1931,-193.10000000000002,1931,193.10000000000002,20267,-191.35000000000002
200.136300,0x132,7e 8e 8b 07 4c 4f,6,36478,364.78000000000003,1931,-193.10000000000002,1931,193.10000000000002,20300,-193.0
200.146300,0x132,93 8e 8d 07 2c 4f,6,36499,364.99,1933,-193.3,1933,193.3,20268,-191.4000000000001
200.156500,0x132,8d 8e 87 07 44 4f,6,36493,364.93,1927,-192.70000000000002,1927,192.70000000000002,20292,-192.60000000000002
200.166500,0x132,8d 8e 93 07 40 4f,6,36493,364.93,1939,-193.9,1939,193.9,20288,-192.4000000000001
200.176300,0x132,95 8e 8b 07 45 4f,6,36501,365.01,1931,-193.10000000000002,1931,193.10000000000002,20293,-192.6500000000001
200.186500,0x132,8e 8e 8b 07 2f 4f,6,36494,364.94,1931,-193.10000000000002,1931,193.10000000000002,20271,-191.55000000000007
200.196500,0x132,84 8e 8d 07 53 4f,6,36484,364.84000000000003,1933,-193.3,1933,193.3,20307,-193.35000000000002
200.206300,0x132,8d 8e 8c 07 2f 4f,6,36493,364.93,1932,-193.20000000000002,1932,193.20000000000002,20271,-191.55000000000007
200.216300,0x132,82 8e 89 07 47 4f,6,36482,364.82,1929,-192.9,1929,192.9,20295,-192.75
200.226300,0x132,79 8e 8c 07 36 4f,6,36473,364.73,1932,-193.20000000000002,1932,193.20000000000002,20278,-191.9000000000001
200.236300,0x132,81 8e 8c 07 45 4f,6,36481,364.81,1932,-193.20000000000002,1932,193.20000000000002,20293,-192.6500000000001
200.246300,0x132,7a 8e 8b 07 30 4f,6,36474,364.74,1931,-193.10000000000002,1931,193.10000000000002,20272,-191.60000000000002
200.256500,0x132,92 8e 88 07 4f 4f,6,36498,364.98,1928,-192.8,1928,192.8,20303,-193.1500000000001
200.266500,0x132,86 8e 90 07 2e 4f,6,36486,364.86,1936,-193.60000000000002,1936,193.60000000000002,20270,-191.5
200.276300,0x132,8c 8e 8b 07 4a 4f,6,36492,364.92,1931,-193.10000000000002,1931,193.10000000000002,20298,-192.9000000000001
200.286300,0x132,8e 8e 8c 07 34 4f,6,36494,364.94,1932,-193.20000000000002,1932,193.20000000000002,20276,-191.80000000000007
200.296500,0x132,98 8e 8b 07 49 4f,6,36504,365.04,1931,-193.10000000000002,1931,193.10000000000002,20297,-192.85000000000002
200.306300,0x132,92 8e 8b 07 2f 4f,6,36498,364.98,1931,-193.10000000000002,1931,193.10000000000002,20271,-191.55000000000007
200.316300,0x132,8f 8e 8b 07 51 4f,6,36495,364.95,1931,-193.10000000000002,1931,193.10000000000002,20305,-193.25
200.326400,0x132,90 8e 8c 07 30 4f,6,36496,364.96,1932,-193.20000000000002,1932,193.20000000000002,20272,-191.60000000000002
200.336300,0x132,7e 8e 89 07 4a 4f,6,36478,364.78000000000003,1929,-192.9,1929,192.9,20298,-192.9000000000001
200.346400,0x132,90 8e 8d 07 39 4f,6,36496,364.96,1933,-193.3,1933,193.3,20281,-192.05000000000007
200.356500,0x132,7f 8e 8a 07 42 4f,6,36479,364.79,1930,-193.0,1930,193.0,20290,-192.5
200.366500,0x132,8e 8e 8a 07 2e 4f,6,36494,364.94,1930,-193.0,1930,193.0,20270,-191.5
200.376300,0x132,8b 8e 8b 07 4d 4f,6,36491,364.91,1931,-193.10000000000002,1931,193.10000000000002,20301,-193.05000000000007
200.386500,0x132,8d 8e 8d 07 2e 4f,6,36493,364.93,1933,-193.3,1933,193.3,20270,-191.5
200.396500,0x132,8a 8e 8a 07 4c 4f,6,36490,364.90000000000003,1930,-193.0,1930,193.0,20300,-193.0
200.406300,0x132,7c 8e 8c 07 2f 4f,6,36476,364.76,1932,-193.20000000000002,1932,193.20000000000002,20271,-191.55000000000007
200.416300,0x132,87 8e 89 07 3d 4f,6,36487,364.87,1929,-192.9,1929,192.9,20285,-192.25
200.426300,0x132,8d 8e 89 07 27 4f,6,36493,364.93,1929,-192.9,1929,192.9,20263,-191.1500000000001
200.436300,0x132,88 8e 8c 07 53 4f,6,36488,364.88,1932,-193.20000000000002,1932,193.20000000000002,20307,-193.35000000000002
200.446300,0x132,85 8e 8b 07 2a 4f,6,36485,364.85,1931,-193.10000000000002,1931,193.10000000000002,20266,-191.30000000000007
200.456500,0x132,92 8e 86 07 45 4f,6,36498,364.98,1926,-192.60000000000002,1926,192.60000000000002,20293,-192.6500000000001
200.466400,0x132,84 8e 8c 07 34 4f,6,36484,364.84000000000003,1932,-193.20000000000002,1932,193.20000000000002,20276,-191.80000000000007
200.476300,0x132,9a 8e 88 07 3e 4f,6,36506,365.06,1928,-192.8,1928,192.8,20286,-192.30000000000007
200.486300,0x132,80 8e 89 07 2e 4f,6,36480,364.8,1929,-192.9,1929,192.9,20270,-191.5
200.496700,0x132,88 8e 8c 07 4f 4f,6,36488,364.88,1932,-193.20000000000002,1932,193.20000000000002,20303,-193.1500000000001
200.506300,0x132,83 8e 8a 07 27 4f,6,36483,364.83,1930,-193.0,1930,193.0,20263,-191.1500000000001
200.516600,0x132,79 8e 89 07 48 4f,6,36473,364.73,1929,-192.9,1929,192.9,20296,-192.80000000000007
200.526300,0x132,81 8e 8b 07 2a 4f,6,36481,364.81,1931,-193.10000000000002,1931,193.10000000000002,20266,-191.30000000000007
200.536300,0x132,88 8e 8a 07 47 4f,6,36488,364.88,1930,-193.0,1930,193.0,20295,-192.75
200.546300,0x132,8d 8e 8b 07 35 4f,6,36493,364.93,1931,-193.10000000000002,1931,193.10000000000002,20277,-191.85000000000002
200.556400,0x132,86 8e 8a 07 45 4f,6,36486,364.86,1930,-193.0,1930,193.0,20293,-192.6500000000001
200.566400,0x132,8c 8e 8a 07 27 4f,6,36492,364.92,1930,-193.0,1930,193.0,20263,-191.1500000000001
200.576300,0x132,8c 8e 8a 07 4c 4f,6,36492,364.92,1930,-193.0,1930,193.0,20300,-193.0
200.586500,0x132,83 8e 8c 07 30 4f,6,36483,364.83,1932,-193.20000000000002,1932,193.20000000000002,20272,-191.60000000000002
200.596500,0x132,8d 8e 89 07 47 4f,6,36493,364.93,1929,-192.9,1929,192.9,20295,-192.75
200.606300,0x132,90 8e 8b 07 33 4f,6,36496,364.96,1931,-193.10000000000002,1931,193.10000000000002,20275,-191.75
200.616300,0x132,86 8e 89 07 43 4f,6,36486,364.86,1929,-192.9,1929,192.9,20291,-192.55000000000007
200.626300,0x132,89 8e 8a 07 2b 4f,6,36489,364.89,1930,-193.0,1930,193.0,20267,-191.35000000000002
200.636300,0x132,84 8e 8b 07 4c 4f,6,36484,364.84000000000003,1931,-193.10000000000002,1931,193.10000000000002,20300,-193.0
200.646300,0x132,79 8e 8b 07 2a 4f,6,36473,364.73,1931,-193.10000000000002,1931,193.10000000000002,20266,-191.30000000000007
200.656500,0x132,87 8e 89 07 47 4f,6,36487,364.87,1929,-192.9,1929,192.9,20295,-192.75
200.666400,0x132,82 8e 8d 07 2f 4f,6,36482,364.82,1933,-193.3,1933,193.3,20271,-191.55000000000007
200.676300,0x132,87 8e 8b 07 43 4f,6,36487,364.87,1931,-193.10000000000002,1931,193.10000000000002,20291,-192.55000000000007
200.686400,0x132,89 8e 8a 07 30 4f,6,36489,364.89,1930,-193.0,1930,193.0,20272,-191.60000000000002
200.696500,0x132,8d 8e 8b 07 4e 4f,6,36493,364.93,1931,-193.10000000000002,1931,193.10000000000002,20302,-193.10000000000002
200.706300,0x132,83 8e 8a 07 2b 4f,6,36483,364.83,1930,-193.0,1930,193.0,20267,-191.35000000000002
200.716300,0x132,90 8e 88 07 4d 4f,6,36496,364.96,1928,-192.8,1928,192.8,20301,-193.05000000000007
200.726300,0x132,84 8e 8c 07 31 4f,6,36484,364.84000000000003,1932,-193.20000000000002,1932,193.20000000000002,20273,-191.6500000000001
200.736400,0x132,88 8e 8a 07 45 4f,6,36488,364.88,1930,-193.0,1930,193.0,20293,-192.6500000000001
200.746300,0x132,7c 8e 8a 07 33 4f,6,36476,364.76,1930,-193.0,1930,193.0,20275,-191.75
200.756500,0x132,89 8e 8c 07 4e 4f,6,36489,364.89,1932,-193.20000000000002,1932,193.20000000000002,20302,-193.10000000000002
200.766600,0x132,87 8e 90 07 25 4f,6,36487,364.87,1936,-193.60000000000002,1936,193.60000000000002,20261,-191.05000000000007
200.776300,0x132,88 8e 89 07 44 4f,6,36488,364.88,1929,-192.9,1929,192.9,20292,-192.60000000000002
200.786600,0x132,85 8e 8b 07 2c 4f,6,36485,364.85,1931,-193.10000000000002,1931,193.10000000000002,20268,-191.4000000000001
200.796700,0x132,95 8e 89 07 3f 4f,6,36501,365.01,1929,-192.9,1929,192.9,20287,-192.35000000000002
200.806300,0x132,82 8e 8a 07 33 4f,6,36482,364.82,1930,-193.0,1930,193.0,20275,-191.75
200.816300,0x132,8c 8e 8a 07 47 4f,6,36492,364.92,1930,-193.0,1930,193.0,20295,-192.75
200.826600,0x132,7c 8e 88 07 25 4f,6,36476,364.76,1928,-192.8,1928,192.8,20261,-191.05000000000007
200.836300,0x132,8b 8e 8a 07 51 4f,6,36491,364.91,1930,-193.0,1930,193.0,20305,-193.25
200.846400,0x132,76 8e 8b 07 2a 4f,6,36470,364.7,1931,-193.10000000000002,1931,193.10000000000002,20266,-191.30000000000007
200.856500,0x132,87 8e 89 07 43 4f,6,36487,364.87,1929,-192.9,1929,192.9,20291,-192.55000000000007
200.866500,0x132,87 8e 8a 07 35 4f,6,36487,364.87,1930,-193.0,1930,193.0,20277,-191.85000000000002
200.876300,0x132,88 8e 8a 07 43 4f,6,36488,364.88,1930,-193.0,1930,193.0,20291,-192.55000000000007
200.886400,0x132,8c 8e 8a 07 2f 4f,6,36492,364.92,1930,-193.0,1930,193.0,20271,-191.55000000000007
200.896800,0x132,8a 8e 8b 07 4d 4f,6,36490,364.90000000000003,1931,-193.10000000000002,1931,193.10000000000002,20301,-193.05000000000007
200.906300,0x132,83 8e 8b 07 29 4f,6,36483,364.83,1931,-193.10000000000002,1931,193.10000000000002,20265,-191.25
200.916300,0x132,88 8e 88 07 47 4f,6,36488,364.88,1928,-192.8,1928,192.8,20295,-192.75
200.926400,0x132,82 8e 8a 07 31 4f,6,36482,364.82,1930,-193.0,1930,193.0,20273,-191.6500000000001
200.936300,0x132,84 8e 8a 07 3f 4f,6,36484,364.84000000000003,1930,-193.0,1930,193.0,20287,-192.35000000000002
200.946500,0x132,8c 8e 89 07 2f 4f,6,36492,364.92,1929,-192.9,1929,192.9,20271,-191.55000000000007
200.956500,0x132,88 8e 8b 07 4c 4f,6,36488,364.88,1931,-193.10000000000002,1931,193.10000000000002,20300,-193.0
200.966400,0x132,8f 8e 8a 07 29 4f,6,36495,364.95,1930,-193.0,1930,193.0,20265,-191.25
200.976300,0x132,86 8e 89 07 4e 4f,6,36486,364.86,1929,-192.9,1929,192.9,20302,-193.10000000000002
200.986300,0x132,8a 8e 8b 07 2a 4f,6,36490,364.90000000000003,1931,-193.10000000000002,1931,193.10000000000002,20266,-191.30000000000007
200.996600,0x132,90 8e 88 07 3e 4f,6,36496,364.96,1928,-192.8,1928,192.8,20286,-192.30000000000007
201.006300,0x132,89 8e 8a 07 35 4f,6,36489,364.89,1930,-193.0,1930,193.0,20277,-191.85000000000002
201.016300,0x132,8c 8e 8a 07 40 4f,6,36492,364.92,1930,-193.0,1930,193.0,20288,-192.4000000000001
201.026400,0x132,7c 8e 88 07 2a 4f,6,36476,364.76,1928,-192.8,1928,192.8,20266,-191.30000000000007
201.036300,0x132,7d 8e 8a 07 49 4f,6,36477,364.77,1930,-193.0,1930,193.0,20297,-192.85000000000002
201.046400,0x132,84 8e 8b 07 26 4f,6,36484,364.84000000000003,1931,-193.10000000000002,1931,193.10000000000002,20262,-191.10000000000002
201.056500,0x132,87 8e 88 07 43 4f,6,36487,364.87,1928,-192.8,1928,192.8,20291,-192.55000000000007
201.066600,0x132,8c 8e 8a 07 31 4f,6,36492,364.92,1930,-193.0,1930,193.0,20273,-191.6500000000001
201.076300,0x132,98 8e 89 07 3e 4f,6,36504,365.04,1929,-192.9,1929,192.9,20286,-192.30000000000007
201.086400,0x132,83 8e 89 07 2a 4f,6,36483,364.83,1929,-192.9,1929,192.9,20266,-191.30000000000007
201.096600,0x132,95 8e 8b 07 4e 4f,6,36501,365.01,1931,-193.10000000000002,1931,193.10000000000002,20302,-193.10000000000002
201.106300,0x132,7f 8e 8a 07 24 4f,6,36479,364.79,1930,-193.0,1930,193.0,20260,-191.0
201.116300,0x132,87 8e 87 07 45 4f,6,36487,364.87,1927,-192.70000000000002,1927,192.70000000000002,20293,-192.6500000000001
201.126400,0x132,90 8e 8a 07 2f 4f,6,36496,364.96,1930,-193.0,1930,193.0,20271,-191.55000000000007
201.136300,0x132,95 8e 89 07 3f 4f,6,36501,365.01,1929,-192.9,1929,192.9,20287,-192.35000000000002
201.146500,0x132,80 8e 8a 07 34 4f,6,36480,364.8,1930,-193.0,1930,193.0,20276,-191.80000000000007
201.156600,0x132,8b 8e 8a 07 45 4f,6,36491,364.91,1930,-193.0,1930,193.0,20293,-192.6500000000001
201.166600,0x132,8d 8e 8d 07 24 4f,6,36493,364.93,1933,-193.3,1933,193.3,20260,-191.0
201.176300,0x132,7d 8e 89 07 48 4f,6,36477,364.77,1929,-192.9,1929,192.9,20296,-192.80000000000007
201.186600,0x132,8b 8e 8a 07 25 4f,6,36491,364.91,1930,-193.0,1930,193.0,20261,-191.05000000000007
201.196700,0x132,88 8e 88 07 43 4f,6,36488,364.88,1928,-192.8,1928,192.8,20291,-192.55000000000007
201.206300,0x132,91 8e 8a 07 2f 4f,6,36497,364.97,1930,-193.0,1930,193.0,20271,-191.55000000000007
201.216300,0x132,94 8e 88 07 3d 4f,6,36500,365.0,1928,-192.8,1928,192.8,20285,-192.25
201.226500,0x132,84 8e 89 07 2a 4f,6,36484,364.84000000000003,1929,-192.9,1929,192.9,20266,-191.30000000000007
201.236300,0x132,8c 8e 8a 07 4d 4f,6,36492,364.92,1930,-193.0,1930,193.0,20301,-193.05000000000007
201.246300,0x132,89 8e 8a 07 26 4f,6,36489,364.89,1930,-193.0,1930,193.0,20262,-191.10000000000002
201.256500,0x132,87 8e 87 07 42 4f,6,36487,364.87,1927,-192.70000000000002,1927,192.70000000000002,20290,-192.5
201.266600,0x132,90 8e 8d 07 2e 4f,6,36496,364.96,1933,-193.3,1933,193.3,20270,-191.5
201.276300,0x132,80 8e 89 07 45 4f,6,36480,364.8,1929,-192.9,1929,192.9,20293,-192.6500000000001
201.286400,0x132,88 8e 88 07 2c 4f,6,36488,364.88,1928,-192.8,1928,192.8,20268,-191.4000000000001
201.296600,0x132,8f 8e 8a 07 43 4f,6,36495,364.95,1930,-193.0,1930,193.0,20291,-192.55000000000007
201.306300,0x132,7c 8e 89 07 21 4f,6,36476,364.76,1929,-192.9,1929,192.9,20257,-190.85000000000002
201.316300,0x132,80 8e 88 07 4a 4f,6,36480,364.8,1928,-192.8,1928,192.8,20298,-192.9000000000001
201.326400,0x132,84 8e 8a 07 27 4f,6,36484,364.84000000000003,1930,-193.0,1930,193.0,20263,-191.1500000000001
201.336300,0x132,98 8e 87 07 45 4f,6,36504,365.04,1927,-192.70000000000002,1927,192.70000000000002,20293,-192.6500000000001
201.346500,0x132,8d 8e 8a 07 34 4f,6,36493,364.93,1930,-193.0,1930,193.0,20276,-191.80000000000007
201.356500,0x132,84 8e 89 07 3f 4f,6,36484,364.84000000000003,1929,-192.9,1929,192.9,20287,-192.35000000000002
201.366600,0x132,8c 8e 87 07 29 4f,6,36492,364.92,1927,-192.70000000000002,1927,192.70000000000002,20265,-191.25
201.376300,0x132,7f 8e 89 07 49 4f,6,36479,364.79,1929,-192.9,1929,192.9,20297,-192.85000000000002
201.386400,0x132,86 8e 89 07 1f 4f,6,36486,364.86,1929,-192.9,1929,192.9,20255,-190.75
201.396700,0x132,8d 8e 88 07 43 4f,6,36493,364.93,1928,-192.8,1928,192.8,20291,-192.55000000000007
201.406400,0x132,92 8e 8a 07 2c 4f,6,36498,364.98,1930,-193.0,1930,193.0,20268,-191.4000000000001
201.416300,0x132,83 8e 88 07 3d 4f,6,36483,364.83,1928,-192.8,1928,192.8,20285,-192.25
201.426400,0x132,84 8e 89 07 2c 4f,6,36484,364.84000000000003,1929,-192.9,1929,192.9,20268,-191.4000000000001
201.436300,0x132,81 8e 89 07 42 4f,6,36481,364.81,1929,-192.9,1929,192.9,20290,-192.5
201.446500,0x132,7e 8e 89 07 21 4f,6,36478,364.78000000000003,1929,-192.9,1929,192.9,20257,-190.85000000000002
201.456500,0x132,81 8e 88 07 45 4f,6,36481,364.81,1928,-192.8,1928,192.8,20293,-192.6500000000001
201.466600,0x132,7e 8e 89 07 24 4f,6,36478,364.78000000000003,1929,-192.9,1929,192.9,20260,-191.0
201.476300,0x132,7a 8e 89 07 40 4f,6,36474,364.74,1929,-192.9,1929,192.9,20288,-192.4000000000001
201.486400,0x132,81 8e 8a 07 2b 4f,6,36481,364.81,1930,-193.0,1930,193.0,20267,-191.35000000000002
201.496800,0x132,90 8e 88 07 3b 4f,6,36496,364.96,1928,-192.8,1928,192.8,20283,-192.1500000000001
201.506300,0x132,86 8e 88 07 24 4f,6,36486,364.86,1928,-192.8,1928,192.8,20260,-191.0
201.516600,0x132,82 8e 88 07 45 4f,6,36482,364.82,1928,-192.8,1928,192.8,20293,-192.6500000000001
201.526400,0x132,8b 8e 89 07 25 4f,6,36491,364.91,1929,-192.9,1929,192.9,20261,-191.05000000000007
201.536300,0x132,86 8e 88 07 49 4f,6,36486,364.86,1928,-192.8,1928,192.8,20297,-192.85000000000002
201.546400,0x132,85 8e 8b 07 2a 4f,6,36485,364.85,1931,-193.10000000000002,1931,193.10000000000002,20266,-191.30000000000007
201.556600,0x132,87 8e 88 07 3f 4f,6,36487,364.87,1928,-192.8,1928,192.8,20287,-192.35000000000002
201.566600,0x132,7c 8e 88 07 2c 4f,6,36476,364.76,1928,-192.8,1928,192.8,20268,-191.4000000000001
201.576300,0x132,8f 8e 89 07 44 4f,6,36495,364.95,1929,-192.9,1929,192.9,20292,-192.60000000000002
201.586500,0x132,8d 8e 88 07 26 4f,6,36493,364.93,1928,-192.8,1928,192.8,20262,-191.10000000000002
201.596500,0x132,88 8e 89 07 4c 4f,6,36488,364.88,1929,-192.9,1929,192.9,20300,-193.0
201.606300,0x132,92 8e 8a 07 24 4f,6,36498,364.98,1930,-193.0,1930,193.0,20260,-191.0
201.616400,0x132,7d 8e 87 07 40 4f,6,36477,364.77,1927,-192.70000000000002,1927,192.70000000000002,20288,-192.4000000000001
201.626400,0x132,82 8e 8a 07 2e 4f,6,36482,364.82,1930,-193.0,1930,193.0,20270,-191.5
201.636300,0x132,8a 8e 88 07 3f 4f,6,36490,364.90000000000003,1928,-192.8,1928,192.8,20287,-192.35000000000002
201.646400,0x132,7d 8e 89 07 2b 4f,6,36477,364.77,1929,-192.9,1929,192.9,20267,-191.35000000000002
201.656600,0x132,80 8e 8a 07 49 4f,6,36480,364.8,1930,-193.0,1930,193.0,20297,-192.85000000000002
201.666600,0x132,7c 8e 87 07 21 4f,6,36476,364.76,1927,-192.70000000000002,1927,192.70000000000002,20257,-190.85000000000002
201.676300,0x132,88 8e 88 07 49 4f,6,36488,364.88,1928,-192.8,1928,192.8,20297,-192.85000000000002
201.686400,0x132,83 8e 8b 07 25 4f,6,36483,364.83,1931,-193.10000000000002,1931,193.10000000000002,20261,-191.05000000000007
201.696500,0x132,90 8e 87 07 42 4f,6,36496,364.96,1927,-192.70000000000002,1927,192.70000000000002,20290,-192.5
201.706300,0x132,8e 8e 8a 07 2f 4f,6,36494,364.94,1930,-193.0,1930,193.0,20271,-191.55000000000007
201.716300,0x132,85 8e 87 07 3a 4f,6,36485,364.85,1927,-192.70000000000002,1927,192.70000000000002,20282,-192.10000000000002
201.726400,0x132,8d 8e 88 07 27 4f,6,36493,364.93,1928,-192.8,1928,192.8,20263,-191.1500000000001
201.736300,0x132,89 8e 89 07 45 4f,6,36489,364.89,1929,-192.9,1929,192.9,20293,-192.6500000000001
201.746400,0x132,7e 8e 89 07 24 4f,6,36478,364.78000000000003,1929,-192.9,1929,192.9,20260,-191.0
201.756600,0x132,77 8e 87 07 44 4f,6,36471,364.71,1927,-192.70000000000002,1927,192.70000000000002,20292,-192.60000000000002
201.766400,0x132,86 8e 8b 07 2a 4f,6,36486,364.86,1931,-193.10000000000002,1931,193.10000000000002,20266,-191.30000000000007
201.776400,0x132,96 8e 87 07 39 4f,6,36502,365.02,1927,-192.70000000000002,1927,192.70000000000002,20281,-192.05000000000007
201.786400,0x132,8d 8e 89 07 2f 4f,6,36493,364.93,1929,-192.9,1929,192.9,20271,-191.55000000000007
201.796600,0x132,94 8e 89 07 3b 4f,6,36500,365.0,1929,-192.9,1929,192.9,20283,-192.1500000000001
201.806300,0x132,92 8e 87 07 21 4f,6,36498,364.98,1927,-192.70000000000002,1927,192.70000000000002,20257,-190.85000000000002
201.816400,0x132,80 8e 88 07 47 4f,6,36480,364.8,1928,-192.8,1928,192.8,20295,-192.75
201.826400,0x132,90 8e 88 07 20 4f,6,36496,364.96,1928,-192.8,1928,192.8,20256,-190.80000000000007
201.836300,0x132,75 8e 87 07 44 4f,6,36469,364.69,1927,-192.70000000000002,1927,192.70000000000002,20292,-192.60000000000002
201.846400,0x132,89 8e 89 07 2c 4f,6,36489,364.89,1929,-192.9,1929,192.9,20268,-191.4000000000001
201.856600,0x132,85 8e 86 07 38 4f,6,36485,364.85,1926,-192.60000000000002,1926,192.60000000000002,20280,-192.0
201.866500,0x132,8c 8e 88 07 29 4f,6,36492,364.92,1928,-192.8,1928,192.8,20265,-191.25
201.876300,0x132,89 8e 88 07 40 4f,6,36489,364.89,1928,-192.8,1928,192.8,20288,-192.4000000000001
201.886400,0x132,86 8e 88 07 27 4f,6,36486,364.86,1928,-192.8,1928,192.8,20263,-191.1500000000001
201.896700,0x132,93 8e 88 07 47 4f,6,36499,364.99,1928,-192.8,1928,192.8,20295,-192.75
201.906400,0x132,88 8e 89 07 20 4f,6,36488,364.88,1929,-192.9,1929,192.9,20256,-190.80000000000007
201.916400,0x132,83 8e 85 07 3f 4f,6,36483,364.83,1925,-192.5,1925,192.5,20287,-192.35000000000002
201.926400,0x132,8e 8e 89 07 2e 4f,6,36494,364.94,1929,-192.9,1929,192.9,20270,-191.5
201.936400,0x132,8f 8e 87 07 31 4f,6,36495,364.95,1927,-192.70000000000002,1927,192.70000000000002,20273,-191.6500000000001
201.946400,0x132,92 8e 88 07 2a 4f,6,36498,364.98,1928,-192.8,1928,192.8,20266,-191.30000000000007
201.956600,0x132,88 8e 88 07 44 4f,6,36488,364.88,1928,-192.8,1928,192.8,20292,-192.60000000000002
201.966400,0x132,87 8e 88 07 20 4f,6,36487,364.87,1928,-192.8,1928,192.8,20256,-190.80000000000007
201.976400,0x132,97 8e 86 07 42 4f,6,36503,365.03000000000003,1926,-192.60000000000002,1926,192.60000000000002,20290,-192.5
201.986400,0x132,81 8e 8a 07 26 4f,6,36481,364.81,1930,-193.0,1930,193.0,20262,-191.10000000000002
201.996700,0x132,78 8e 85 07 3e 4f,6,36472,364.72,1925,-192.5,1925,192.5,20286,-192.30000000000007
202.006400,0x132,8c 8e 88 07 2a 4f,6,36492,364.92,1928,-192.8,1928,192.8,20266,-191.30000000000007
202.016400,0x132,8c 8e 87 07 39 4f,6,36492,364.92,1927,-192.70000000000002,1927,192.70000000000002,20281,-192.05000000000007
202.026400,0x132,8b 8e 86 07 27 4f,6,36491,364.91,1926,-192.60000000000002,1926,192.60000000000002,20263,-191.1500000000001
202.036400,0x132,96 8e 87 07 43 4f,6,36502,365.02,1927,-192.70000000000002,1927,192.70000000000002,20291,-192.55000000000007
202.046400,0x132,84 8e 88 07 1d 4f,6,36484,364.84000000000003,1928,-192.8,1928,192.8,20253,-190.6500000000001
202.056500,0x132,87 8e 88 07 42 4f,6,36487,364.87,1928,-192.8,1928,192.8,20290,-192.5
202.066600,0x132,88 8e 89 07 1f 4f,6,36488,364.88,1929,-192.9,1929,192.9,20255,-190.75
202.076400,0x132,83 8e 87 07 3e 4f,6,36483,364.83,1927,-192.70000000000002,1927,192.70000000000002,20286,-192.30000000000007
202.086400,0x132,7b 8e 89 07 2e 4f,6,36475,364.75,1929,-192.9,1929,192.9,20270,-191.5
202.096600,0x132,7c 8e 88 07 40 4f,6,36476,364.76,1928,-192.8,1928,192.8,20288,-192.4000000000001
202.106400,0x132,92 8e 88 07 29 4f,6,36498,364.98,1928,-192.8,1928,192.8,20265,-191.25
202.116400,0x132,7c 8e 87 07 45 4f,6,36476,364.76,1927,-192.70000000000002,1927,192.70000000000002,20293,-192.6500000000001
202.126500,0x132,8f 8e 87 07 20 4f,6,36495,364.95,1927,-192.70000000000002,1927,192.70000000000002,20256,-190.80000000000007
202.136400,0x132,81 8e 88 07 48 4f,6,36481,364.81,1928,-192.8,1928,192.8,20296,-192.80000000000007
202.146500,0x132,7f 8e 8a 07 27 4f,6,36479,364.79,1930,-193.0,1930,193.0,20263,-191.1500000000001
202.156600,0x132,85 8e 88 07 3f 4f,6,36485,364.85,1928,-192.8,1928,192.8,20287,-192.35000000000002
202.166600,0x132,80 8e 89 07 2c 4f,6,36480,364.8,1929,-192.9,1929,192.9,20268,-191.4000000000001
202.176400,0x132,7a 8e 88 07 40 4f,6,36474,364.74,1928,-192.8,1928,192.8,20288,-192.4000000000001
202.186400,0x132,80 8e 88 07 27 4f,6,36480,364.8,1928,-192.8,1928,192.8,20263,-191.1500000000001
202.196600,0x132,92 8e 89 07 4a 4f,6,36498,364.98,1929,-192.9,1929,192.9,20298,-192.9000000000001
202.206400,0x132,88 8e 88 07 20 4f,6,36488,364.88,1928,-192.8,1928,192.8,20256,-190.80000000000007
202.216400,0x132,89 8e 86 07 40 4f,6,36489,364.89,1926,-192.60000000000002,1926,192.60000000000002,20288,-192.4000000000001
202.226400,0x132,87 8e 89 07 24 4f,6,36487,364.87,1929,-192.9,1929,192.9,20260,-191.0
202.236400,0x132,86 8e 86 07 3d 4f,6,36486,364.86,1926,-192.60000000000002,1926,192.60000000000002,20285,-192.25
202.246400,0x132,96 8e 89 07 2c 4f,6,36502,365.02,1929,-192.9,1929,192.9,20268,-191.4000000000001
202.256600,0x132,84 8e 87 07 3b 4f,6,36484,364.84000000000003,1927,-192.70000000000002,1927,192.70000000000002,20283,-192.1500000000001
202.266500,0x132,81 8e 87 07 27 4f,6,36481,364.81,1927,-192.70000000000002,1927,192.70000000000002,20263,-191.1500000000001
202.276400,0x132,83 8e 88 07 48 4f,6,36483,364.83,1928,-192.8,1928,192.8,20296,-192.80000000000007
202.286500,0x132,8c 8e 88 07 1d 4f,6,36492,364.92,1928,-192.8,1928,192.8,20253,-190.6500000000001
202.296600,0x132,91 8e 87 07 48 4f,6,36497,364.97,1927,-192.70000000000002,1927,192.70000000000002,20296,-192.80000000000007
202.306400,0x132,80 8e 89 07 26 4f,6,36480,364.8,1929,-192.9,1929,192.9,20262,-191.10000000000002
202.316400,0x132,78 8e 85 07 36 4f,6,36472,364.72,1925,-192.5,1925,192.5,20278,-191.9000000000001
202.326400,0x132,85 8e 88 07 2b 4f,6,36485,364.85,1928,-192.8,1928,192.8,20267,-191.35000000000002
202.336400,0x132,7f 8e 87 07 3e 4f,6,36479,364.79,1927,-192.70000000000002,1927,192.70000000000002,20286,-192.30000000000007
202.346500,0x132,84 8e 88 07 24 4f,6,36484,364.84000000000003,1928,-192.8,1928,192.8,20260,-191.0
202.356600,0x132,88 8e 88 07 43 4f,6,36488,364.88,1928,-192.8,1928,192.8,20291,-192.55000000000007
202.366400,0x132,95 8e 88 07 1b 4f,6,36501,365.01,1928,-192.8,1928,192.8,20251,-190.55000000000007
202.376400,0x132,85 8e 87 07 47 4f,6,36485,364.85,1927,-192.70000000000002,1927,192.70000000000002,20295,-192.75
202.386400,0x132,7f 8e 89 07 22 4f,6,36479,364.79,1929,-192.9,1929,192.9,20258,-190.9000000000001
202.396600,0x132,97 8e 86 07 3d 4f,6,36503,365.03000000000003,1926,-192.60000000000002,1926,192.60000000000002,20285,-192.25
202.406400,0x132,7f 8e 88 07 26 4f,6,36479,364.79,1928,-192.8,1928,192.8,20262,-191.10000000000002
202.416400,0x132,81 8e 86 07 3a 4f,6,36481,364.81,1926,-192.60000000000002,1926,192.60000000000002,20282,-192.10000000000002
202.426400,0x132,8a 8e 86 07 20 4f,6,36490,364.90000000000003,1926,-192.60000000000002,1926,192.60000000000002,20256,-190.80000000000007
202.436400,0x132,96 8e 88 07 48 4f,6,36502,365.02,1928,-192.8,1928,192.8,20296,-192.80000000000007
202.446400,0x132,91 8e 88 07 1c 4f,6,36497,364.97,1928,-192.8,1928,192.8,20252,-190.60000000000002
202.456600,0x132,8e 8e 86 07 45 4f,6,36494,364.94,1926,-192.60000000000002,1926,192.60000000000002,20293,-192.6500000000001
202.466400,0x132,7c 8e 88 07 21 4f,6,36476,364.76,1928,-192.8,1928,192.8,20257,-190.85000000000002
202.476500,0x132,88 8e 85 07 3a 4f,6,36488,364.88,1925,-192.5,1925,192.5,20282,-192.10000000000002
202.486500,0x132,7b 8e 88 07 27 4f,6,36475,364.75,1928,-192.8,1928,192.8,20263,-191.1500000000001
202.496800,0x132,8a 8e 87 07 35 4f,6,36490,364.90000000000003,1927,-192.70000000000002,1927,192.70000000000002,20277,-191.85000000000002
202.506400,0x132,8f 8e 88 07 25 4f,6,36495,364.95,1928,-192.8,1928,192.8,20261,-191.05000000000007
202.516600,0x132,8f 8e 87 07 3f 4f,6,36495,364.95,1927,-192.70000000000002,1927,192.70000000000002,20287,-192.35000000000002
202.526500,0x132,85 8e 86 07 1c 4f,6,36485,364.85,1926,-192.60000000000002,1926,192.60000000000002,20252,-190.60000000000002
202.536400,0x132,8c 8e 85 07 3d 4f,6,36492,364.92,1925,-192.5,1925,192.5,20285,-192.25
202.546400,0x132,80 8e 88 07 21 4f,6,36480,364.8,1928,-192.8,1928,192.8,20257,-190.85000000000002
202.556400,0x132,83 8e 86 07 40 4f,6,36483,364.83,1926,-192.60000000000002,1926,192.60000000000002,20288,-192.4000000000001
202.566500,0x132,83 8e 89 07 2a 4f,6,36483,364.83,1929,-192.9,1929,192.9,20266,-191.30000000000007
202.576400,0x132,8b 8e 85 07 35 4f,6,36491,364.91,1925,-192.5,1925,192.5,20277,-191.85000000000002
202.586600,0x132,7c 8e 86 07 22 4f,6,36476,364.76,1926,-192.60000000000002,1926,192.60000000000002,20258,-190.9000000000001
202.596600,0x132,89 8e 87 07 3f 4f,6,36489,364.89,1927,-192.70000000000002,1927,192.70000000000002,20287,-192.35000000000002
202.606400,0x132,8c 8e 87 07 20 4f,6,36492,364.92,1927,-192.70000000000002,1927,192.70000000000002,20256,-190.80000000000007
202.616400,0x132,82 8e 85 07 42 4f,6,36482,364.82,1925,-192.5,1925,192.5,20290,-192.5
202.626500,0x132,7d 8e 88 07 18 4f,6,36477,364.77,1928,-192.8,1928,192.8,20248,-190.4000000000001
202.636400,0x132,77 8e 85 07 3e 4f,6,36471,364.71,1925,-192.5,1925,192.5,20286,-192.30000000000007
202.646400,0x132,87 8e 89 07 26 4f,6,36487,364.87,1929,-192.9,1929,192.9,20262,-191.10000000000002
202.656600,0x132,86 8e 86 07 35 4f,6,36486,364.86,1926,-192.60000000000002,1926,192.60000000000002,20277,-191.85000000000002
202.666400,0x132,8b 8e 88 07 2a 4f,6,36491,364.91,1928,-192.8,1928,192.8,20266,-191.30000000000007
202.676400,0x132,88 8e 86 07 3e 4f,6,36488,364.88,1926,-192.60000000000002,1926,192.60000000000002,20286,-192.30000000000007
202.686500,0x132,80 8e 87 07 21 4f,6,36480,364.8,1927,-192.70000000000002,1927,192.70000000000002,20257,-190.85000000000002
202.696600,0x132,87 8e 87 07 3f 4f,6,36487,364.87,1927,-192.70000000000002,1927,192.70000000000002,20287,-192.35000000000002
202.706400,0x132,81 8e 87 07 1b 4f,6,36481,364.81,1927,-192.70000000000002,1927,192.70000000000002,20251,-190.55000000000007
202.716400,0x132,94 8e 83 07 39 4f,6,36500,365.0,1923,-192.3,1923,192.3,20281,-192.05000000000007
202.726500,0x132,7f 8e 87 07 22 4f,6,36479,364.79,1927,-192.70000000000002,1927,192.70000000000002,20258,-190.9000000000001
202.736400,0x132,80 8e 85 07 35 4f,6,36480,364.8,1925,-192.5,1925,192.5,20277,-191.85000000000002
202.746500,0x132,7e 8e 88 07 25 4f,6,36478,364.78000000000003,1928,-192.8,1928,192.8,20261,-191.05000000000007
202.756600,0x132,8f 8e 86 07 3a 4f,6,36495,364.95,1926,-192.60000000000002,1926,192.60000000000002,20282,-192.10000000000002
202.766500,0x132,8e 8e 87 07 25 4f,6,36494,364.94,1927,-192.70000000000002,1927,192.70000000000002,20261,-191.05000000000007
202.776400,0x132,86 8e 87 07 42 4f,6,36486,364.86,1927,-192.70000000000002,1927,192.70000000000002,20290,-192.5
202.786500,0x132,83 8e 87 07 1b 4f,6,36483,364.83,1927,-192.70000000000002,1927,192.70000000000002,20251,-190.55000000000007
202.796600,0x132,84 8e 86 07 42 4f,6,36484,364.84000000000003,1926,-192.60000000000002,1926,192.60000000000002,20290,-192.5
202.806500,0x132,89 8e 89 07 20 4f,6,36489,364.89,1929,-192.9,1929,192.9,20256,-190.80000000000007
202.816400,0x132,86 8e 85 07 36 4f,6,36486,364.86,1925,-192.5,1925,192.5,20278,-191.9000000000001
202.826500,0x132,90 8e 87 07 27 4f,6,36496,364.96,1927,-192.70000000000002,1927,192.70000000000002,20263,-191.1500000000001
202.836400,0x132,9b 8e 85 07 33 4f,6,36507,365.07,1925,-192.5,1925,192.5,20275,-191.75
202.846400,0x132,86 8e 86 07 26 4f,6,36486,364.86,1926,-192.60000000000002,1926,192.60000000000002,20262,-191.10000000000002
202.856600,0x132,89 8e 86 07 3d 4f,6,36489,364.89,1926,-192.60000000000002,1926,192.60000000000002,20285,-192.25
202.866400,0x132,87 8e 86 07 1c 4f,6,36487,364.87,1926,-192.60000000000002,1926,192.60000000000002,20252,-190.60000000000002
202.876400,0x132,81 8e 85 07 3f 4f,6,36481,364.81,1925,-192.5,1925,192.5,20287,-192.35000000000002
202.886500,0x132,8d 8e 88 07 1c 4f,6,36493,364.93,1928,-192.8,1928,192.8,20252,-190.60000000000002
202.896700,0x132,86 8e 85 07 3d 4f,6,36486,364.86,1925,-192.5,1925,192.5,20285,-192.25
202.906400,0x132,82 8e 88 07 25 4f,6,36482,364.82,1928,-192.8,1928,192.8,20261,-191.05000000000007
202.916400,0x132,83 8e 84 07 33 4f,6,36483,364.83,1924,-192.4,1924,192.4,20275,-191.75
202.926500,0x132,86 8e 87 07 26 4f,6,36486,364.86,1927,-192.70000000000002,1927,192.70000000000002,20262,-191.10000000000002
202.936400,0x132,86 8e 86 07 39 4f,6,36486,364.86,1926,-192.60000000000002,1926,192.60000000000002,20281,-192.05000000000007
202.946400,0x132,88 8e 86 07 1f 4f,6,36488,364.88,1926,-192.60000000000002,1926,192.60000000000002,20255,-190.75
202.956600,0x132,8b 8e 85 07 3f 4f,6,36491,364.91,1925,-192.5,1925,192.5,20287,-192.35000000000002
202.966400,0x132,83 8e 87 07 1f 4f,6,36483,364.83,1927,-192.70000000000002,1927,192.70000000000002,20255,-190.75
202.976400,0x132,7f 8e 85 07 3f 4f,6,36479,364.79,1925,-192.5,1925,192.5,20287,-192.35000000000002
202.986500,0x132,86 8e 88 07 1f 4f,6,36486,364.86,1928,-192.8,1928,192.8,20255,-190.75
202.996600,0x132,83 8e 85 07 38 4f,6,36483,364.83,1925,-192.5,1925,192.5,20280,-192.0
203.006400,0x132,85 8e 87 07 25 4f,6,36485,364.85,1927,-192.70000000000002,1927,192.70000000000002,20261,-191.05000000000007
203.016400,0x132,8a 8e 84 07 33 4f,6,36490,364.90000000000003,1924,-192.4,1924,192.4,20275,-191.75
203.026500,0x132,7d 8e 85 07 22 4f,6,36477,364.77,1925,-192.5,1925,192.5,20258,-190.9000000000001
203.036400,0x132,85 8e 86 07 38 4f,6,36485,364.85,1926,-192.60000000000002,1926,192.60000000000002,20280,-192.0
203.046400,0x132,86 8e 87 07 1d 4f,6,36486,364.86,1927,-192.70000000000002,1927,192.70000000000002,20253,-190.6500000000001
203.056700,0x132,8d 8e 86 07 40 4f,6,36493,364.93,1926,-192.60000000000002,1926,192.60000000000002,20288,-192.4000000000001
203.066600,0x132,8b 8e 87 07 1b 4f,6,36491,364.91,1927,-192.70000000000002,1927,192.70000000000002,20251,-190.55000000000007
203.076400,0x132,8f 8e 84 07 3b 4f,6,36495,364.95,1924,-192.4,1924,192.4,20283,-192.1500000000001
203.086500,0x132,7d 8e 88 07 24 4f,6,36477,364.77,1928,-192.8,1928,192.8,20260,-191.0
203.096600,0x132,79 8e 85 07 34 4f,6,36473,364.73,1925,-192.5,1925,192.5,20276,-191.80000000000007
203.106400,0x132,7f 8e 87 07 29 4f,6,36479,364.79,1927,-192.70000000000002,1927,192.70000000000002,20265,-191.25
203.116400,0x132,88 8e 84 07 38 4f,6,36488,364.88,1924,-192.4,1924,192.4,20280,-192.0
203.126500,0x132,89 8e 85 07 1d 4f,6,36489,364.89,1925,-192.5,1925,192.5,20253,-190.6500000000001
203.136500,0x132,93 8e 86 07 3e 4f,6,36499,364.99,1926,-192.60000000000002,1926,192.60000000000002,20286,-192.30000000000007
203.146400,0x132,86 8e 86 07 1d 4f,6,36486,364.86,1926,-192.60000000000002,1926,192.60000000000002,20253,-190.6500000000001
203.156700,0x132,81 8e 85 07 3d 4f,6,36481,364.81,1925,-192.5,1925,192.5,20285,-192.25
203.166600,0x132,86 8e 87 07 1d 4f,6,36486,364.86,1927,-192.70000000000002,1927,192.70000000000002,20253,-190.6500000000001
203.176400,0x132,83 8e 84 07 3a 4f,6,36483,364.83,1924,-192.4,1924,192.4,20282,-192.10000000000002
203.186500,0x132,8c 8e 87 07 1d 4f,6,36492,364.92,1927,-192.70000000000002,1927,192.70000000000002,20253,-190.6500000000001
203.196700,0x132,82 8e 84 07 34 4f,6,36482,364.82,1924,-192.4,1924,192.4,20276,-191.80000000000007
203.206400,0x132,88 8e 86 07 21 4f,6,36488,364.88,1926,-192.60000000000002,1926,192.60000000000002,20257,-190.85000000000002
203.216400,0x132,91 8e 84 07 36 4f,6,36497,364.97,1924,-192.4,1924,192.4,20278,-191.9000000000001
203.226500,0x132,84 8e 84 07 18 4f,6,36484,364.84000000000003,1924,-192.4,1924,192.4,20248,-190.4000000000001
203.236400,0x132,8a 8e 85 07 3e 4f,6,36490,364.90000000000003,1925,-192.5,1925,192.5,20286,-192.30000000000007
203.246400,0x132,8b 8e 86 07 1a 4f,6,36491,364.91,1926,-192.60000000000002,1926,192.60000000000002,20250,-190.5
203.256400,0x132,89 8e 84 07 35 4f,6,36489,364.89,1924,-192.4,1924,192.4,20277,-191.85000000000002
203.266600,0x132,82 8e 87 07 1b 4f,6,36482,364.82,1927,-192.70000000000002,1927,192.70000000000002,20251,-190.55000000000007
203.276400,0x132,8e 8e 84 07 34 4f,6,36494,364.94,1924,-192.4,1924,192.4,20276,-191.80000000000007
203.286500,0x132,94 8e 86 07 25 4f,6,36500,365.0,1926,-192.60000000000002,1926,192.60000000000002,20261,-191.05000000000007
203.296600,0x132,8b 8e 85 07 35 4f,6,36491,364.91,1925,-192.5,1925,192.5,20277,-191.85000000000002
203.306400,0x132,83 8e 86 07 1f 4f,6,36483,364.83,1926,-192.60000000000002,1926,192.60000000000002,20255,-190.75
203.316400,0x132,7e 8e 83 07 38 4f,6,36478,364.78000000000003,1923,-192.3,1923,192.3,20280,-192.0
203.326600,0x132,8c 8e 85 07 17 4f,6,36492,364.92,1925,-192.5,1925,192.5,20247,-190.35000000000002
203.336400,0x132,8a 8e 85 07 42 4f,6,36490,364.90000000000003,1925,-192.5,1925,192.5,20290,-192.5
203.346400,0x132,86 8e 87 07 1b 4f,6,36486,364.86,1927,-192.70000000000002,1927,192.70000000000002,20251,-190.55000000000007
203.356700,0x132,7b 8e 84 07 30 4f,6,36475,364.75,1924,-192.4,1924,192.4,20272,-191.60000000000002
203.366500,0x132,81 8e 87 07 1f 4f,6,36481,364.81,1927,-192.70000000000002,1927,192.70000000000002,20255,-190.75
203.376400,0x132,7e 8e 83 07 35 4f,6,36478,364.78000000000003,1923,-192.3,1923,192.3,20277,-191.85000000000002
203.386500,0x132,86 8e 86 07 1f 4f,6,36486,364.86,1926,-192.60000000000002,1926,192.60000000000002,20255,-190.75
203.396600,0x132,8a 8e 85 07 34 4f,6,36490,364.90000000000003,1925,-192.5,1925,192.5,20276,-191.80000000000007
203.406400,0x132,86 8e 85 07 1f 4f,6,36486,364.86,1925,-192.5,1925,192.5,20255,-190.75
203.416400,0x132,88 8e 84 07 3d 4f,6,36488,364.88,1924,-192.4,1924,192.4,20285,-192.25
203.426500,0x132,92 8e 85 07 18 4f,6,36498,364.98,1925,-192.5,1925,192.5,20248,-190.4000000000001
203.436400,0x132,7d 8e 84 07 36 4f,6,36477,364.77,1924,-192.4,1924,192.4,20278,-191.9000000000001
203.446400,0x132,72 8e 87 07 1b 4f,6,36466,364.66,1927,-192.70000000000002,1927,192.70000000000002,20251,-190.55000000000007
203.456700,0x132,83 8e 83 07 39 4f,6,36483,364.83,1923,-192.3,1923,192.3,20281,-192.05000000000007
203.466500,0x132,7c 8e 88 07 24 4f,6,36476,364.76,1928,-192.8,1928,192.8,20260,-191.0
203.476400,0x132,96 8e 85 07 34 4f,6,36502,365.02,1925,-192.5,1925,192.5,20276,-191.80000000000007
203.486500,0x132,8e 8e 86 07 22 4f,6,36494,364.94,1926,-192.60000000000002,1926,192.60000000000002,20258,-190.9000000000001
203.496800,0x132,95 8e 85 07 38 4f,6,36501,365.01,1925,-192.5,1925,192.5,20280,-192.0
203.506400,0x132,7f 8e 85 07 1b 4f,6,36479,364.79,1925,-192.5,1925,192.5,20251,-190.55000000000007
203.516600,0x132,7f 8e 84 07 39 4f,6,36479,364.79,1924,-192.4,1924,192.4,20281,-192.05000000000007
203.526500,0x132,82 8e 86 07 16 4f,6,36482,364.82,1926,-192.60000000000002,1926,192.60000000000002,20246,-190.30000000000007
203.536400,0x132,94 8e 85 07 3b 4f,6,36500,365.0,1925,-192.5,1925,192.5,20283,-192.1500000000001
203.546400,0x132,74 8e 87 07 1c 4f,6,36468,364.68,1927,-192.70000000000002,1927,192.70000000000002,20252,-190.60000000000002
203.556600,0x132,98 8e 83 07 36 4f,6,36504,365.04,1923,-192.3,1923,192.3,20278,-191.9000000000001
203.566600,0x132,81 8e 87 07 22 4f,6,36481,364.81,1927,-192.70000000000002,1927,192.70000000000002,20258,-190.9000000000001
203.576400,0x132,7b 8e 84 07 2e 4f,6,36475,364.75,1924,-192.4,1924,192.4,20270,-191.5
203.586400,0x132,7c 8e 86 07 24 4f,6,36476,364.76,1926,-192.60000000000002,1926,192.60000000000002,20260,-191.0
203.596600,0x132,7e 8e 85 07 39 4f,6,36478,364.78000000000003,1925,-192.5,1925,192.5,20281,-192.05000000000007
203.606400,0x132,8c 8e 86 07 1d 4f,6,36492,364.92,1926,-192.60000000000002,1926,192.60000000000002,20253,-190.6500000000001
203.616400,0x132,83 8e 84 07 38 4f,6,36483,364.83,1924,-192.4,1924,192.4,20280,-192.0
203.626500,0x132,82 8e 85 07 1a 4f,6,36482,364.82,1925,-192.5,1925,192.5,20250,-190.5
203.636400,0x132,8a 8e 84 07 3d 4f,6,36490,364.90000000000003,1924,-192.4,1924,192.4,20285,-192.25
203.646400,0x132,83 8e 87 07 1d 4f,6,36483,364.83,1927,-192.70000000000002,1927,192.70000000000002,20253,-190.6500000000001
203.656400,0x132,93 8e 83 07 33 4f,6,36499,364.99,1923,-192.3,1923,192.3,20275,-191.75
203.666500,0x132,8c 8e 86 07 22 4f,6,36492,364.92,1926,-192.60000000000002,1926,192.60000000000002,20258,-190.9000000000001
203.676400,0x132,87 8e 83 07 30 4f,6,36487,364.87,1923,-192.3,1923,192.3,20272,-191.60000000000002
203.686600,0x132,7d 8e 85 07 20 4f,6,36477,364.77,1925,-192.5,1925,192.5,20256,-190.80000000000007
203.696600,0x132,83 8e 86 07 38 4f,6,36483,364.83,1926,-192.60000000000002,1926,192.60000000000002,20280,-192.0
203.706400,0x132,7a 8e 87 07 1c 4f,6,36474,364.74,1927,-192.70000000000002,1927,192.70000000000002,20252,-190.60000000000002
203.716400,0x132,7f 8e 83 07 38 4f,6,36479,364.79,1923,-192.3,1923,192.3,20280,-192.0
203.726500,0x132,8b 8e 85 07 1b 4f,6,36491,364.91,1925,-192.5,1925,192.5,20251,-190.55000000000007
203.736400,0x132,88 8e 84 07 40 4f,6,36488,364.88,1924,-192.4,1924,192.4,20288,-192.4000000000001
203.746400,0x132,84 8e 86 07 1b 4f,6,36484,364.84000000000003,1926,-192.60000000000002,1926,192.60000000000002,20251,-190.55000000000007
203.756400,0x132,93 8e 83 07 34 4f,6,36499,364.99,1923,-192.3,1923,192.3,20276,-191.80000000000007
203.766600,0x132,94 8e 87 07 1b 4f,6,36500,365.0,1927,-192.70000000000002,1927,192.70000000000002,20251,-190.55000000000007
203.776400,0x132,90 8e 84 07 33 4f,6,36496,364.96,1924,-192.4,1924,192.4,20275,-191.75
203.786500,0x132,8f 8e 86 07 1f 4f,6,36495,364.95,1926,-192.60000000000002,1926,192.60000000000002,20255,-190.75
203.796800,0x132,95 8e 85 07 34 4f,6,36501,365.01,1925,-192.5,1925,192.5,20276,-191.80000000000007
203.806400,0x132,8a 8e 85 07 18 4f,6,36490,364.90000000000003,1925,-192.5,1925,192.5,20248,-190.4000000000001
203.816400,0x132,95 8e 84 07 35 4f,6,36501,365.01,1924,-192.4,1924,192.4,20277,-191.85000000000002
203.826500,0x132,75 8e 85 07 12 4f,6,36469,364.69,1925,-192.5,1925,192.5,20242,-190.10000000000002
203.836400,0x132,75 8e 84 07 38 4f,6,36469,364.69,1924,-192.4,1924,192.4,20280,-192.0
203.846400,0x132,87 8e 86 07 1a 4f,6,36487,364.87,1926,-192.60000000000002,1926,192.60000000000002,20250,-190.5
203.856700,0x132,88 8e 82 07 36 4f,6,36488,364.88,1922,-192.20000000000002,1922,192.20000000000002,20278,-191.9000000000001
203.866500,0x132,82 8e 86 07 21 4f,6,36482,364.82,1926,-192.60000000000002,1926,192.60000000000002,20257,-190.85000000000002
203.876400,0x132,8f 8e 83 07 2f 4f,6,36495,364.95,1923,-192.3,1923,192.3,20271,-191.55000000000007
203.886600,0x132,88 8e 87 07 25 4f,6,36488,364.88,1927,-192.70000000000002,1927,192.70000000000002,20261,-191.05000000000007
203.896700,0x132,8c 8e 83 07 2f 4f,6,36492,364.92,1923,-192.3,1923,192.3,20271,-191.55000000000007
203.906400,0x132,8e 8e 85 07 21 4f,6,36494,364.94,1925,-192.5,1925,192.5,20257,-190.85000000000002
203.916400,0x132,8d 8e 82 07 33 4f,6,36493,364.93,1922,-192.20000000000002,1922,192.20000000000002,20275,-191.75
203.926600,0x132,86 8e 84 07 17 4f,6,36486,364.86,1924,-192.4,1924,192.4,20247,-190.35000000000002
203.936400,0x132,84 8e 83 07 36 4f,6,36484,364.84000000000003,1923,-192.3,1923,192.3,20278,-191.9000000000001
203.946600,0x132,81 8e 86 07 16 4f,6,36481,364.81,1926,-192.60000000000002,1926,192.60000000000002,20246,-190.30000000000007
203.956400,0x132,86 8e 82 07 36 4f,6,36486,364.86,1922,-192.20000000000002,1922,192.20000000000002,20278,-191.9000000000001
203.966500,0x132,89 8e 85 07 1b 4f,6,36489,364.89,1925,-192.5,1925,192.5,20251,-190.55000000000007
203.976400,0x132,90 8e 82 07 2e 4f,6,36496,364.96,1922,-192.20000000000002,1922,192.20000000000002,20270,-191.5
203.986500,0x132,8c 8e 86 07 21 4f,6,36492,364.92,1926,-192.60000000000002,1926,192.60000000000002,20257,-190.85000000000002
203.996800,0x132,95 8e 83 07 2c 4f,6,36501,365.01,1923,-192.3,1923,192.3,20268,-191.4000000000001
204.006400,0x132,7c 8e 85 07 1c 4f,6,36476,364.76,1925,-192.5,1925,192.5,20252,-190.60000000000002
204.016400,0x132,88 8e 83 07 2e 4f,6,36488,364.88,1923,-192.3,1923,192.3,20270,-191.5
204.026600,0x132,82 8e 83 07 18 4f,6,36482,364.82,1923,-192.3,1923,192.3,20248,-190.4000000000001
204.036400,0x132,8f 8e 83 07 3e 4f,6,36495,364.95,1923,-192.3,1923,192.3,20286,-192.30000000000007
204.046400,0x132,82 8e 85 07 18 4f,6,36482,364.82,1925,-192.5,1925,192.5,20248,-190.4000000000001
204.056400,0x132,8d 8e 82 07 35 4f,6,36493,364.93,1922,-192.20000000000002,1922,192.20000000000002,20277,-191.85000000000002
204.066500,0x132,87 8e 85 07 1a 4f,6,36487,364.87,1925,-192.5,1925,192.5,20250,-190.5
204.076400,0x132,8a 8e 81 07 34 4f,6,36490,364.90000000000003,1921,-192.10000000000002,1921,192.10000000000002,20276,-191.80000000000007
204.086600,0x132,8f 8e 87 07 20 4f,6,36495,364.95,1927,-192.70000000000002,1927,192.70000000000002,20256,-190.80000000000007
204.096700,0x132,7f 8e 83 07 2f 4f,6,36479,364.79,1923,-192.3,1923,192.3,20271,-191.55000000000007
204.106400,0x132,77 8e 84 07 20 4f,6,36471,364.71,1924,-192.4,1924,192.4,20256,-190.80000000000007
204.116400,0x132,80 8e 82 07 2e 4f,6,36480,364.8,1922,-192.20000000000002,1922,192.20000000000002,20270,-191.5
204.126600,0x132,83 8e 83 07 16 4f,6,36483,364.83,1923,-192.3,1923,192.3,20246,-190.30000000000007
204.136400,0x132,8c 8e 84 07 39 4f,6,36492,364.92,1924,-192.4,1924,192.4,20281,-192.05000000000007
204.146400,0x132,86 8e 86 07 1b 4f,6,36486,364.86,1926,-192.60000000000002,1926,192.60000000000002,20251,-190.55000000000007
204.156400,0x132,93 8e 84 07 3d 4f,6,36499,364.99,1924,-192.4,1924,192.4,20285,-192.25
204.166700,0x132,8c 8e 86 07 16 4f,6,36492,364.92,1926,-192.60000000000002,1926,192.60000000000002,20246,-190.30000000000007
204.176400,0x132,8a 8e 82 07 36 4f,6,36490,364.90000000000003,1922,-192.20000000000002,1922,192.20000000000002,20278,-191.9000000000001
204.186600,0x132,7e 8e 86 07 18 4f,6,36478,364.78000000000003,1926,-192.60000000000002,1926,192.60000000000002,20248,-190.4000000000001
204.196600,0x132,7e 8e 83 07 2c 4f,6,36478,364.78000000000003,1923,-192.3,1923,192.3,20268,-191.4000000000001
204.206400,0x132,92 8e 85 07 20 4f,6,36498,364.98,1925,-192.5,1925,192.5,20256,-190.80000000000007
204.216400,0x132,7e 8e 82 07 2a 4f,6,36478,364.78000000000003,1922,-192.20000000000002,1922,192.20000000000002,20266,-191.30000000000007
204.226600,0x132,8a 8e 85 07 22 4f,6,36490,364.90000000000003,1925,-192.5,1925,192.5,20258,-190.9000000000001
204.236400,0x132,82 8e 84 07 3a 4f,6,36482,364.82,1924,-192.4,1924,192.4,20282,-192.10000000000002
204.246400,0x132,94 8e 85 07 18 4f,6,36500,365.0,1925,-192.5,1925,192.5,20248,-190.4000000000001
204.256500,0x132,94 8e 85 07 42 4f,6,36500,365.0,1925,-192.5,1925,192.5,20290,-192.5
204.266700,0x132,82 8e 85 07 15 4f,6,36482,364.82,1925,-192.5,1925,192.5,20245,-190.25
204.276400,0x132,8f 8e 83 07 39 4f,6,36495,364.95,1923,-192.3,1923,192.3,20281,-192.05000000000007
204.286600,0x132,73 8e 86 07 1b 4f,6,36467,364.67,1926,-192.60000000000002,1926,192.60000000000002,20251,-190.55000000000007
204.296600,0x132,84 8e 82 07 33 4f,6,36484,364.84000000000003,1922,-192.20000000000002,1922,192.20000000000002,20275,-191.75
204.306400,0x132,82 8e 87 07 22 4f,6,36482,364.82,1927,-192.70000000000002,1927,192.70000000000002,20258,-190.9000000000001
204.316400,0x132,84 8e 82 07 2c 4f,6,36484,364.84000000000003,1922,-192.20000000000002,1922,192.20000000000002,20268,-191.4000000000001
204.326600,0x132,82 8e 85 07 1d 4f,6,36482,364.82,1925,-192.5,1925,192.5,20253,-190.6500000000001
204.336400,0x132,83 8e 83 07 30 4f,6,36483,364.83,1923,-192.3,1923,192.3,20272,-191.60000000000002
204.346400,0x132,90 8e 84 07 17 4f,6,36496,364.96,1924,-192.4,1924,192.4,20247,-190.35000000000002
204.356500,0x132,8d 8e 84 07 33 4f,6,36493,364.93,1924,-192.4,1924,192.4,20275,-191.75
204.366600,0x132,8b 8e 84 07 16 4f,6,36491,364.91,1924,-192.4,1924,192.4,20246,-190.30000000000007
204.376400,0x132,9d 8e 82 07 39 4f,6,36509,365.09000000000003,1922,-192.20000000000002,1922,192.20000000000002,20281,-192.05000000000007
204.386600,0x132,84 8e 85 07 15 4f,6,36484,364.84000000000003,1925,-192.5,1925,192.5,20245,-190.25
204.396600,0x132,8c 8e 83 07 3a 4f,6,36492,364.92,1923,-192.3,1923,192.3,20282,-192.10000000000002
204.406400,0x132,8b 8e 87 07 1b 4f,6,36491,364.91,1927,-192.70000000000002,1927,192.70000000000002,20251,-190.55000000000007
204.416400,0x132,8b 8e 82 07 31 4f,6,36491,364.91,1922,-192.20000000000002,1922,192.20000000000002,20273,-191.6500000000001
204.426600,0x132,82 8e 85 07 1f 4f,6,36482,364.82,1925,-192.5,1925,192.5,20255,-190.75
204.436400,0x132,89 8e 82 07 30 4f,6,36489,364.89,1922,-192.20000000000002,1922,192.20000000000002,20272,-191.60000000000002
204.446400,0x132,84 8e 86 07 21 4f,6,36484,364.84000000000003,1926,-192.60000000000002,1926,192.60000000000002,20257,-190.85000000000002
204.456600,0x132,7f 8e 83 07 35 4f,6,36479,364.79,1923,-192.3,1923,192.3,20277,-191.85000000000002
204.466600,0x132,8b 8e 85 07 1c 4f,6,36491,364.91,1925,-192.5,1925,192.5,20252,-190.60000000000002
204.476400,0x132,79 8e 83 07 33 4f,6,36473,364.73,1923,-192.3,1923,192.3,20275,-191.75
204.486600,0x132,89 8e 85 07 16 4f,6,36489,364.89,1925,-192.5,1925,192.5,20246,-190.30000000000007
204.496600,0x132,8f 8e 83 07 3e 4f,6,36495,364.95,1923,-192.3,1923,192.3,20286,-192.30000000000007
204.506400,0x132,84 8e 86 07 15 4f,6,36484,364.84000000000003,1926,-192.60000000000002,1926,192.60000000000002,20245,-190.25
204.516600,0x132,84 8e 81 07 34 4f,6,36484,364.84000000000003,1921,-192.10000000000002,1921,192.10000000000002,20276,-191.80000000000007
204.526400,0x132,82 8e 86 07 17 4f,6,36482,364.82,1926,-192.60000000000002,1926,192.60000000000002,20247,-190.35000000000002
204.536400,0x132,8c 8e 82 07 36 4f,6,36492,364.92,1922,-192.20000000000002,1922,192.20000000000002,20278,-191.9000000000001
204.546400,0x132,87 8e 86 07 20 4f,6,36487,364.87,1926,-192.60000000000002,1926,192.60000000000002,20256,-190.80000000000007
204.556700,0x132,87 8e 82 07 2f 4f,6,36487,364.87,1922,-192.20000000000002,1922,192.20000000000002,20271,-191.55000000000007
204.566500,0x132,92 8e 86 07 1d 4f,6,36498,364.98,1926,-192.60000000000002,1926,192.60000000000002,20253,-190.6500000000001
204.576400,0x132,85 8e 83 07 31 4f,6,36485,364.85,1923,-192.3,1923,192.3,20273,-191.6500000000001
204.586500,0x132,81 8e 84 07 15 4f,6,36481,364.81,1924,-192.4,1924,192.4,20245,-190.25
204.596600,0x132,77 8e 83 07 35 4f,6,36471,364.71,1923,-192.3,1923,192.3,20277,-191.85000000000002
204.606400,0x132,82 8e 85 07 17 4f,6,36482,364.82,1925,-192.5,1925,192.5,20247,-190.35000000000002
204.616400,0x132,89 8e 82 07 33 4f,6,36489,364.89,1922,-192.20000000000002,1922,192.20000000000002,20275,-191.75
204.626600,0x132,87 8e 85 07 12 4f,6,36487,364.87,1925,-192.5,1925,192.5,20242,-190.10000000000002
204.636400,0x132,7c 8e 81 07 35 4f,6,36476,364.76,1921,-192.10000000000002,1921,192.10000000000002,20277,-191.85000000000002
204.646400,0x132,85 8e 84 07 16 4f,6,36485,364.85,1924,-192.4,1924,192.4,20246,-190.30000000000007
204.656500,0x132,87 8e 81 07 35 4f,6,36487,364.87,1921,-192.10000000000002,1921,192.10000000000002,20277,-191.85000000000002
204.666600,0x132,81 8e 86 07 1b 4f,6,36481,364.81,1926,-192.60000000000002,1926,192.60000000000002,20251,-190.55000000000007
204.676400,0x132,7a 8e 80 07 2b 4f,6,36474,364.74,1920,-192.0,1920,192.0,20267,-191.35000000000002
204.686600,0x132,7b 8e 85 07 1d 4f,6,36475,364.75,1925,-192.5,1925,192.5,20253,-190.6500000000001
204.696600,0x132,80 8e 82 07 2e 4f,6,36480,364.8,1922,-192.20000000000002,1922,192.20000000000002,20270,-191.5
204.706400,0x132,8d 8e 84 07 18 4f,6,36493,364.93,1924,-192.4,1924,192.4,20248,-190.4000000000001
204.716400,0x132,91 8e 82 07 30 4f,6,36497,364.97,1922,-192.20000000000002,1922,192.20000000000002,20272,-191.60000000000002
204.726600,0x132,82 8e 83 07 15 4f,6,36482,364.82,1923,-192.3,1923,192.3,20245,-190.25
204.736400,0x132,7c 8e 83 07 38 4f,6,36476,364.76,1923,-192.3,1923,192.3,20280,-192.0
204.746400,0x132,83 8e 85 07 12 4f,6,36483,364.83,1925,-192.5,1925,192.5,20242,-190.10000000000002
204.756500,0x132,80 8e 81 07 38 4f,6,36480,364.8,1921,-192.10000000000002,1921,192.10000000000002,20280,-192.0
204.766500,0x132,70 8e 85 07 11 4f,6,36464,364.64,1925,-192.5,1925,192.5,20241,-190.05000000000007
204.776400,0x132,82 8e 80 07 35 4f,6,36482,364.82,1920,-192.0,1920,192.0,20277,-191.85000000000002
204.786600,0x132,7c 8e 85 07 1b 4f,6,36476,364.76,1925,-192.5,1925,192.5,20251,-190.55000000000007
204.796600,0x132,7d 8e 80 07 2e 4f,6,36477,364.77,1920,-192.0,1920,192.0,20270,-191.5
204.806400,0x132,88 8e 86 07 1f 4f,6,36488,364.88,1926,-192.60000000000002,1926,192.60000000000002,20255,-190.75
204.816400,0x132,81 8e 82 07 2b 4f,6,36481,364.81,1922,-192.20000000000002,1922,192.20000000000002,20267,-191.35000000000002
204.826600,0x132,7b 8e 84 07 1a 4f,6,36475,364.75,1924,-192.4,1924,192.4,20250,-190.5
204.836400,0x132,83 8e 82 07 30 4f,6,36483,364.83,1922,-192.20000000000002,1922,192.20000000000002,20272,-191.60000000000002
204.846400,0x132,81 8e 84 07 15 4f,6,36481,364.81,1924,-192.4,1924,192.4,20245,-190.25
204.856500,0x132,7c 8e 82 07 31 4f,6,36476,364.76,1922,-192.20000000000002,1922,192.20000000000002,20273,-191.6500000000001
204.866700,0x132,81 8e 86 07 18 4f,6,36481,364.81,1926,-192.60000000000002,1926,192.60000000000002,20248,-190.4000000000001
204.876400,0x132,80 8e 82 07 39 4f,6,36480,364.8,1922,-192.20000000000002,1922,192.20000000000002,20281,-192.05000000000007
204.886400,0x132,8c 8e 85 07 15 4f,6,36492,364.92,1925,-192.5,1925,192.5,20245,-190.25
204.896800,0x132,8f 8e 81 07 34 4f,6,36495,364.95,1921,-192.10000000000002,1921,192.10000000000002,20276,-191.80000000000007
204.906400,0x132,8d 8e 87 07 1d 4f,6,36493,364.93,1927,-192.70000000000002,1927,192.70000000000002,20253,-190.6500000000001
204.916400,0x132,73 8e 80 07 2a 4f,6,36467,364.67,1920,-192.0,1920,192.0,20266,-191.30000000000007
204.926600,0x132,7d 8e 84 07 21 4f,6,36477,364.77,1924,-192.4,1924,192.4,20257,-190.85000000000002
204.936400,0x132,84 8e 83 07 4f 4f,6,36484,364.84000000000003,1923,-192.3,1923,192.3,20303,-193.1500000000001
204.946400,0x132,92 8e 8a 07 4d 4f,6,36498,364.98,1930,-193.0,1930,193.0,20301,-193.05000000000007
204.956500,0x132,6f 8e 81 07 51 4f,6,36463,364.63,1921,-192.10000000000002,1921,192.10000000000002,20305,-193.25
204.966600,0x132,91 8e 85 07 47 4f,6,36497,364.97,1925,-192.5,1925,192.5,20295,-192.75
204.976400,0x132,89 8e 81 07 59 4f,6,36489,364.89,1921,-192.10000000000002,1921,192.10000000000002,20313,-193.6500000000001
204.986600,0x132,87 8e 87 07 44 4f,6,36487,364.87,1927,-192.70000000000002,1927,192.70000000000002,20292,-192.60000000000002
204.996600,0x132,88 8e 80 07 56 4f,6,36488,364.88,1920,-192.0,1920,192.0,20310,-193.5
205.006400,0x132,80 8e 88 07 48 4f,6,36480,364.8,1928,-192.8,1928,192.8,20296,-192.80000000000007
205.016400,0x132,78 8e 7e 07 4d 4f,6,36472,364.72,1918,-191.8,1918,191.8,20301,-193.05000000000007
205.026600,0x132,89 8e 88 07 4d 4f,6,36489,364.89,1928,-192.8,1928,192.8,20301,-193.05000000000007
205.036400,0x132,80 8e 7f 07 4a 4f,6,36480,364.8,1919,-191.9,1919,191.9,20298,-192.9000000000001
205.046400,0x132,7d 8e 89 07 51 4f,6,36477,364.77,1929,-192.9,1929,192.9,20305,-193.25
205.056500,0x132,7b 8e 81 07 4a 4f,6,36475,364.75,1921,-192.10000000000002,1921,192.10000000000002,20298,-192.9000000000001
205.066600,0x132,87 8e 8b 07 52 4f,6,36487,364.87,1931,-193.10000000000002,1931,193.10000000000002,20306,-193.30000000000007
205.076400,0x132,82 8e 81 07 51 4f,6,36482,364.82,1921,-192.10000000000002,1921,192.10000000000002,20305,-193.25
205.086600,0x132,88 8e 87 07 4c 4f,6,36488,364.88,1927,-192.70000000000002,1927,192.70000000000002,20300,-193.0
205.096700,0x132,96 8e 81 07 56 4f,6,36502,365.02,1921,-192.10000000000002,1921,192.10000000000002,20310,-193.5
205.106400,0x132,8e 8e 87 07 45 4f,6,36494,364.94,1927,-192.70000000000002,1927,192.70000000000002,20293,-192.6500000000001
205.116600,0x132,79 8e 7f 07 53 4f,6,36473,364.73,1919,-191.9,1919,191.9,20307,-193.35000000000002
205.126600,0x132,8c 8e 87 07 44 4f,6,36492,364.92,1927,-192.70000000000002,1927,192.70000000000002,20292,-192.60000000000002
205.136400,0x132,84 8e 80 07 58 4f,6,36484,364.84000000000003,1920,-192.0,1920,192.0,20312,-193.60000000000002
205.146400,0x132,9a 8e 88 07 4c 4f,6,36506,365.06,1928,-192.8,1928,192.8,20300,-193.0
205.156500,0x132,87 8e 7f 07 53 4f,6,36487,364.87,1919,-191.9,1919,191.9,20307,-193.35000000000002
205.166600,0x132,6f 8e 85 07 4f 4f,6,36463,364.63,1925,-192.5,1925,192.5,20303,-193.1500000000001
205.176400,0x132,7d 8e 7f 07 52 4f,6,36477,364.77,1919,-191.9,1919,191.9,20306,-193.30000000000007
205.186600,0x132,78 8e 87 07 53 4f,6,36472,364.72,1927,-192.70000000000002,1927,192.70000000000002,20307,-193.35000000000002
205.196600,0x132,7f 8e 7f 07 4d 4f,6,36479,364.79,1919,-191.9,1919,191.9,20301,-193.05000000000007
205.206400,0x132,8e 8e 88 07 51 4f,6,36494,364.94,1928,-192.8,1928,192.8,20305,-193.25
205.216400,0x132,8f 8e 80 07 4e 4f,6,36495,364.95,1920,-192.0,1920,192.0,20302,-193.10000000000002
205.226600,0x132,7e 8e 85 07 4c 4f,6,36478,364.78000000000003,1925,-192.5,1925,192.5,20300,-193.0
205.236400,0x132,85 8e 7f 07 56 4f,6,36485,364.85,1919,-191.9,1919,191.9,20310,-193.5
205.246400,0x132,84 8e 86 07 48 4f,6,36484,364.84000000000003,1926,-192.60000000000002,1926,192.60000000000002,20296,-192.80000000000007
205.256500,0x132,88 8e 7e 07 5b 4f,6,36488,364.88,1918,-191.8,1918,191.8,20315,-193.75
205.266600,0x132,8d 8e 89 07 49 4f,6,36493,364.93,1929,-192.9,1929,192.9,20297,-192.85000000000002
205.276400,0x132,8f 8e 7f 07 56 4f,6,36495,364.95,1919,-191.9,1919,191.9,20310,-193.5
205.286400,0x132,8e 8e 88 07 49 4f,6,36494,364.94,1928,-192.8,1928,192.8,20297,-192.85000000000002
205.296600,0x132,7c 8e 7e 07 4f 4f,6,36476,364.76,1918,-191.8,1918,191.8,20303,-193.1500000000001
205.306400,0x132,8c 8e 88 07 4d 4f,6,36492,364.92,1928,-192.8,1928,192.8,20301,-193.05000000000007
205.316400,0x132,88 8e 7d 07 49 4f,6,36488,364.88,1917,-191.70000000000002,1917,191.70000000000002,20297,-192.85000000000002
205.326700,0x132,8a 8e 87 07 53 4f,6,36490,364.90000000000003,1927,-192.70000000000002,1927,192.70000000000002,20307,-193.35000000000002
205.336400,0x132,8c 8e 7e 07 4c 4f,6,36492,364.92,1918,-191.8,1918,191.8,20300,-193.0
205.346400,0x132,84 8e 87 07 52 4f,6,36484,364.84000000000003,1927,-192.70000000000002,1927,192.70000000000002,20306,-193.30000000000007
205.356500,0x132,87 8e 7e 07 4f 4f,6,36487,364.87,1918,-191.8,1918,191.8,20303,-193.1500000000001
205.366600,0x132,81 8e 88 07 4d 4f,6,36481,364.81,1928,-192.8,1928,192.8,20301,-193.05000000000007
205.376400,0x132,8b 8e 80 07 54 4f,6,36491,364.91,1920,-192.0,1920,192.0,20308,-193.4000000000001
205.386600,0x132,99 8e 85 07 49 4f,6,36505,365.05,1925,-192.5,1925,192.5,20297,-192.85000000000002
205.396700,0x132,8b 8e 80 07 57 4f,6,36491,364.91,1920,-192.0,1920,192.0,20311,-193.55000000000007
205.406400,0x132,8c 8e 86 07 47 4f,6,36492,364.92,1926,-192.60000000000002,1926,192.60000000000002,20295,-192.75
205.416400,0x132,77 8e 7e 07 56 4f,6,36471,364.71,1918,-191.8,1918,191.8,20310,-193.5
205.426700,0x132,8a 8e 86 07 45 4f,6,36490,364.90000000000003,1926,-192.60000000000002,1926,192.60000000000002,20293,-192.6500000000001
205.436400,0x132,88 8e 7e 07 52 4f,6,36488,364.88,1918,-191.8,1918,191.8,20306,-193.30000000000007
205.446400,0x132,81 8e 87 07 4f 4f,6,36481,364.81,1927,-192.70000000000002,1927,192.70000000000002,20303,-193.1500000000001
205.456500,0x132,94 8e 7e 07 52 4f,6,36500,365.0,1918,-191.8,1918,191.8,20306,-193.30000000000007
205.466600,0x132,87 8e 84 07 52 4f,6,36487,364.87,1924,-192.4,1924,192.4,20306,-193.30000000000007
205.476400,0x132,80 8e 7e 07 52 4f,6,36480,364.8,1918,-191.8,1918,191.8,20306,-193.30000000000007
205.486400,0x132,84 8e 86 07 52 4f,6,36484,364.84000000000003,1926,-192.60000000000002,1926,192.60000000000002,20306,-193.30000000000007
205.496600,0x132,87 8e 7e 07 4a 4f,6,36487,364.87,1918,-191.8,1918,191.8,20298,-192.9000000000001
205.506400,0x132,79 8e 85 07 53 4f,6,36473,364.73,1925,-192.5,1925,192.5,20307,-193.35000000000002
205.516700,0x132,7b 8e 7e 07 53 4f,6,36475,364.75,1918,-191.8,1918,191.8,20307,-193.35000000000002
205.526700,0x132,80 8e 84 07 49 4f,6,36480,364.8,1924,-192.4,1924,192.4,20297,-192.85000000000002
205.536400,0x132,7b 8e 7f 07 5b 4f,6,36475,364.75,1919,-191.9,1919,191.9,20315,-193.75
205.546400,0x132,7a 8e 86 07 49 4f,6,36474,364.74,1926,-192.60000000000002,1926,192.60000000000002,20297,-192.85000000000002
205.556700,0x132,84 8e 7f 07 59 4f,6,36484,364.84000000000003,1919,-191.9,1919,191.9,20313,-193.6500000000001
205.566600,0x132,8c 8e 85 07 47 4f,6,36492,364.92,1925,-192.5,1925,192.5,20295,-192.75
205.576400,0x132,86 8e 7e 07 56 4f,6,36486,364.86,1918,-191.8,1918,191.8,20310,-193.5
205.586600,0x132,7f 8e 87 07 4c 4f,6,36479,364.79,1927,-192.70000000000002,1927,192.70000000000002,20300,-193.0
205.596700,0x132,82 8e 7d 07 52 4f,6,36482,364.82,1917,-191.70000000000002,1917,191.70000000000002,20306,-193.30000000000007
205.606400,0x132,86 8e 86 07 4f 4f,6,36486,364.86,1926,-192.60000000000002,1926,192.60000000000002,20303,-193.1500000000001
205.616400,0x132,8e 8e 7d 07 53 4f,6,36494,364.94,1917,-191.70000000000002,1917,191.70000000000002,20307,-193.35000000000002
205.626700,0x132,76 8e 86 07 54 4f,6,36470,364.7,1926,-192.60000000000002,1926,192.60000000000002,20308,-193.4000000000001
205.636400,0x132,7e 8e 7e 07 4d 4f,6,36478,364.78000000000003,1918,-191.8,1918,191.8,20301,-193.05000000000007
205.646400,0x132,79 8e 86 07 52 4f,6,36473,364.73,1926,-192.60000000000002,1926,192.60000000000002,20306,-193.30000000000007
205.656500,0x132,7d 8e 81 07 4f 4f,6,36477,364.77,1921,-192.10000000000002,1921,192.10000000000002,20303,-193.1500000000001
205.666600,0x132,85 8e 82 07 4f 4f,6,36485,364.85,1922,-192.20000000000002,1922,192.20000000000002,20303,-193.1500000000001
205.676400,0x132,8d 8e 7f 07 54 4f,6,36493,364.93,1919,-191.9,1919,191.9,20308,-193.4000000000001
205.686400,0x132,8d 8e 85 07 4a 4f,6,36493,364.93,1925,-192.5,1925,192.5,20298,-192.9000000000001
205.696700,0x132,8a 8e 7f 07 5c 4f,6,36490,364.90000000000003,1919,-191.9,1919,191.9,20316,-193.80000000000007
205.706400,0x132,85 8e 85 07 4c 4f,6,36485,364.85,1925,-192.5,1925,192.5,20300,-193.0
205.716400,0x132,7f 8e 7d 07 54 4f,6,36479,364.79,1917,-191.70000000000002,1917,191.70000000000002,20308,-193.4000000000001
205.726500,0x132,7e 8e 85 07 45 4f,6,36478,364.78000000000003,1925,-192.5,1925,192.5,20293,-192.6500000000001
205.736400,0x132,7f 8e 7e 07 5e 4f,6,36479,364.79,1918,-191.8,1918,191.8,20318,-193.9000000000001
205.746500,0x132,83 8e 87 07 49 4f,6,36483,364.83,1927,-192.70000000000002,1927,192.70000000000002,20297,-192.85000000000002
205.756500,0x132,86 8e 7b 07 54 4f,6,36486,364.86,1915,-191.5,1915,191.5,20308,-193.4000000000001
205.766600,0x132,86 8e 84 07 52 4f,6,36486,364.86,1924,-192.4,1924,192.4,20306,-193.30000000000007
205.776400,0x132,7e 8e 7d 07 52 4f,6,36478,364.78000000000003,1917,-191.70000000000002,1917,191.70000000000002,20306,-193.30000000000007
205.786400,0x132,89 8e 87 07 54 4f,6,36489,364.89,1927,-192.70000000000002,1927,192.70000000000002,20308,-193.4000000000001
205.796700,0x132,8b 8e 7d 07 4d 4f,6,36491,364.91,1917,-191.70000000000002,1917,191.70000000000002,20301,-193.05000000000007
205.806400,0x132,86 8e 86 07 54 4f,6,36486,364.86,1926,-192.60000000000002,1926,192.60000000000002,20308,-193.4000000000001
205.816400,0x132,85 8e 7d 07 4d 4f,6,36485,364.85,1917,-191.70000000000002,1917,191.70000000000002,20301,-193.05000000000007
205.826400,0x132,85 8e 85 07 53 4f,6,36485,364.85,1925,-192.5,1925,192.5,20307,-193.35000000000002
205.836400,0x132,7f 8e 7f 07 56 4f,6,36479,364.79,1919,-191.9,1919,191.9,20310,-193.5
205.846500,0x132,8d 8e 85 07 4d 4f,6,36493,364.93,1925,-192.5,1925,192.5,20301,-193.05000000000007
205.856500,0x132,7d 8e 82 07 51 4f,6,36477,364.77,1922,-192.20000000000002,1922,192.20000000000002,20305,-193.25
205.866600,0x132,81 8e 88 07 4a 4f,6,36481,364.81,1928,-192.8,1928,192.8,20298,-192.9000000000001
205.876400,0x132,85 8e 7f 07 59 4f,6,36485,364.85,1919,-191.9,1919,191.9,20313,-193.6500000000001
205.886400,0x132,94 8e 86 07 49 4f,6,36500,365.0,1926,-192.60000000000002,1926,192.60000000000002,20297,-192.85000000000002
205.896700,0x132,97 8e 7e 07 57 4f,6,36503,365.03000000000003,1918,-191.8,1918,191.8,20311,-193.55000000000007
205.906400,0x132,89 8e 86 07 4a 4f,6,36489,364.89,1926,-192.60000000000002,1926,192.60000000000002,20298,-192.9000000000001
205.916400,0x132,80 8e 7c 07 54 4f,6,36480,364.8,1916,-191.60000000000002,1916,191.60000000000002,20308,-193.4000000000001
205.926400,0x132,83 8e 87 07 4f 4f,6,36483,364.83,1927,-192.70000000000002,1927,192.70000000000002,20303,-193.1500000000001
205.936400,0x132,79 8e 7d 07 53 4f,6,36473,364.73,1917,-191.70000000000002,1917,191.70000000000002,20307,-193.35000000000002
205.946700,0x132,7d 8e 87 07 56 4f,6,36477,364.77,1927,-192.70000000000002,1927,192.70000000000002,20310,-193.5
205.956500,0x132,7c 8e 7d 07 4f 4f,6,36476,364.76,1917,-191.70000000000002,1917,191.70000000000002,20303,-193.1500000000001
205.966700,0x132,87 8e 8a 07 56 4f,6,36487,364.87,1930,-193.0,1930,193.0,20310,-193.5
205.976400,0x132,8d 8e 7e 07 4d 4f,6,36493,364.93,1918,-191.8,1918,191.8,20301,-193.05000000000007
205.986400,0x132,75 8e 85 07 4f 4f,6,36469,364.69,1925,-192.5,1925,192.5,20303,-193.1500000000001
205.996700,0x132,7e 8e 7d 07 4d 4f,6,36478,364.78000000000003,1917,-191.70000000000002,1917,191.70000000000002,20301,-193.05000000000007
206.006400,0x132,7a 8e 85 07 53 4f,6,36474,364.74,1925,-192.5,1925,192.5,20307,-193.35000000000002
206.016400,0x132,82 8e 7e 07 51 4f,6,36482,364.82,1918,-191.8,1918,191.8,20305,-193.25
206.026400,0x132,7e 8e 83 07 4c 4f,6,36478,364.78000000000003,1923,-192.3,1923,192.3,20300,-193.0
206.036400,0x132,90 8e 7e 07 57 4f,6,36496,364.96,1918,-191.8,1918,191.8,20311,-193.55000000000007
206.046500,0x132,83 8e 85 07 4d 4f,6,36483,364.83,1925,-192.5,1925,192.5,20301,-193.05000000000007
206.056500,0x132,8a 8e 7e 07 5c 4f,6,36490,364.90000000000003,1918,-191.8,1918,191.8,20316,-193.80000000000007
206.066700,0x132,86 8e 83 07 4c 4f,6,36486,364.86,1923,-192.3,1923,192.3,20300,-193.0
206.076400,0x132,86 8e 7d 07 58 4f,6,36486,364.86,1917,-191.70000000000002,1917,191.70000000000002,20312,-193.60000000000002
206.086500,0x132,8c 8e 85 07 4c 4f,6,36492,364.92,1925,-192.5,1925,192.5,20300,-193.0
206.096700,0x132,81 8e 7b 07 57 4f,6,36481,364.81,1915,-191.5,1915,191.5,20311,-193.55000000000007
206.106400,0x132,7d 8e 87 07 4e 4f,6,36477,364.77,1927,-192.70000000000002,1927,192.70000000000002,20302,-193.10000000000002
206.116400,0x132,85 8e 7b 07 51 4f,6,36485,364.85,1915,-191.5,1915,191.5,20305,-193.25
206.126400,0x132,7f 8e 86 07 57 4f,6,36479,364.79,1926,-192.60000000000002,1926,192.60000000000002,20311,-193.55000000000007
206.136400,0x132,7b 8e 7b 07 4f 4f,6,36475,364.75,1915,-191.5,1915,191.5,20303,-193.1500000000001
206.146500,0x132,8a 8e 85 07 57 4f,6,36490,364.90000000000003,1925,-192.5,1925,192.5,20311,-193.55000000000007
206.156500,0x132,81 8e 7b 07 35 4f,6,36481,364.81,1915,-191.5,1915,191.5,20277,-191.85000000000002
206.166700,0x132,8a 8e 84 07 53 4f,6,36490,364.90000000000003,1924,-192.4,1924,192.4,20307,-193.35000000000002
206.176500,0x132,7b 8e 7d 07 4f 4f,6,36475,364.75,1917,-191.70000000000002,1917,191.70000000000002,20303,-193.1500000000001
206.186400,0x132,88 8e 84 07 4f 4f,6,36488,364.88,1924,-192.4,1924,192.4,20303,-193.1500000000001
206.196700,0x132,85 8e 7d 07 4d 4f,6,36485,364.85,1917,-191.70000000000002,1917,191.70000000000002,20301,-193.05000000000007
206.206400,0x132,80 8e 83 07 49 4f,6,36480,364.8,1923,-192.3,1923,192.3,20297,-192.85000000000002
206.216400,0x132,88 8e 7c 07 57 4f,6,36488,364.88,1916,-191.60000000000002,1916,191.60000000000002,20311,-193.55000000000007
206.226400,0x132,7e 8e 83 07 4a 4f,6,36478,364.78000000000003,1923,-192.3,1923,192.3,20298,-192.9000000000001
206.236400,0x132,8e 8e 7d 07 58 4f,6,36494,364.94,1917,-191.70000000000002,1917,191.70000000000002,20312,-193.60000000000002
206.246500,0x132,7c 8e 84 07 48 4f,6,36476,364.76,1924,-192.4,1924,192.4,20296,-192.80000000000007
206.256500,0x132,86 8e 7b 07 3a 4f,6,36486,364.86,1915,-191.5,1915,191.5,20282,-192.10000000000002
206.266600,0x132,81 8e 84 07 4a 4f,6,36481,364.81,1924,-192.4,1924,192.4,20298,-192.9000000000001
206.276400,0x132,80 8e 7c 07 51 4f,6,36480,364.8,1916,-191.60000000000002,1916,191.60000000000002,20305,-193.25
206.286400,0x132,7c 8e 85 07 4f 4f,6,36476,364.76,1925,-192.5,1925,192.5,20303,-193.1500000000001
206.296700,0x132,73 8e 7c 07 53 4f,6,36467,364.67,1916,-191.60000000000002,1916,191.60000000000002,20307,-193.35000000000002
206.306400,0x132,8b 8e 85 07 4f 4f,6,36491,364.91,1925,-192.5,1925,192.5,20303,-193.1500000000001
206.316500,0x132,82 8e 7b 07 4e 4f,6,36482,364.82,1915,-191.5,1915,191.5,20302,-193.10000000000002
206.326400,0x132,84 8e 85 07 53 4f,6,36484,364.84000000000003,1925,-192.5,1925,192.5,20307,-193.35000000000002
206.336400,0x132,74 8e 7b 07 4c 4f,6,36468,364.68,1915,-191.5,1915,191.5,20300,-193.0
206.346500,0x132,88 8e 85 07 57 4f,6,36488,364.88,1925,-192.5,1925,192.5,20311,-193.55000000000007
206.356500,0x132,79 8e 7d 07 4f 4f,6,36473,364.73,1917,-191.70000000000002,1917,191.70000000000002,20303,-193.1500000000001
206.366700,0x132,74 8e 84 07 51 4f,6,36468,364.68,1924,-192.4,1924,192.4,20305,-193.25
206.376400,0x132,8a 8e 7d 07 51 4f,6,36490,364.90000000000003,1917,-191.70000000000002,1917,191.70000000000002,20305,-193.25
206.386400,0x132,89 8e 83 07 53 4f,6,36489,364.89,1923,-192.3,1923,192.3,20307,-193.35000000000002
206.396700,0x132,86 8e 7c 07 54 4f,6,36486,364.86,1916,-191.60000000000002,1916,191.60000000000002,20308,-193.4000000000001
206.406500,0x132,87 8e 85 07 4f 4f,6,36487,364.87,1925,-192.5,1925,192.5,20303,-193.1500000000001
206.416400,0x132,86 8e 7c 07 58 4f,6,36486,364.86,1916,-191.60000000000002,1916,191.60000000000002,20312,-193.60000000000002
206.426500,0x132,7e 8e 82 07 47 4f,6,36478,364.78000000000003,1922,-192.20000000000002,1922,192.20000000000002,20295,-192.75
206.436400,0x132,7c 8e 7d 07 58 4f,6,36476,364.76,1917,-191.70000000000002,1917,191.70000000000002,20312,-193.60000000000002
206.446500,0x132,8c 8e 85 07 4e 4f,6,36492,364.92,1925,-192.5,1925,192.5,20302,-193.10000000000002
206.456500,0x132,6f 8e 7c 07 5b 4f,6,36463,364.63,1916,-191.60000000000002,1916,191.60000000000002,20315,-193.75
206.466700,0x132,7d 8e 85 07 49 4f,6,36477,364.77,1925,-192.5,1925,192.5,20297,-192.85000000000002
206.476400,0x132,7d 8e 7c 07 56 4f,6,36477,364.77,1916,-191.60000000000002,1916,191.60000000000002,20310,-193.5
206.486500,0x132,7c 8e 85 07 4c 4f,6,36476,364.76,1925,-192.5,1925,192.5,20300,-193.0
206.496700,0x132,86 8e 7d 07 58 4f,6,36486,364.86,1917,-191.70000000000002,1917,191.70000000000002,20312,-193.60000000000002
206.506500,0x132,8d 8e 85 07 52 4f,6,36493,364.93,1925,-192.5,1925,192.5,20306,-193.30000000000007
206.516700,0x132,87 8e 7a 07 4f 4f,6,36487,364.87,1914,-191.4,1914,191.4,20303,-193.1500000000001
206.526400,0x132,87 8e 84 07 51 4f,6,36487,364.87,1924,-192.4,1924,192.4,20305,-193.25
206.536500,0x132,82 8e 7c 07 4e 4f,6,36482,364.82,1916,-191.60000000000002,1916,191.60000000000002,20302,-193.10000000000002
206.546500,0x132,80 8e 85 07 58 4f,6,36480,364.8,1925,-192.5,1925,192.5,20312,-193.60000000000002
206.556600,0x132,7e 8e 7d 07 52 4f,6,36478,364.78000000000003,1917,-191.70000000000002,1917,191.70000000000002,20306,-193.30000000000007
206.566500,0x132,8c 8e 85 07 54 4f,6,36492,364.92,1925,-192.5,1925,192.5,20308,-193.4000000000001
206.576500,0x132,87 8e 7c 07 4d 4f,6,36487,364.87,1916,-191.60000000000002,1916,191.60000000000002,20301,-193.05000000000007
206.586400,0x132,8b 8e 84 07 56 4f,6,36491,364.91,1924,-192.4,1924,192.4,20310,-193.5
206.596700,0x132,8c 8e 7d 07 51 4f,6,36492,364.92,1917,-191.70000000000002,1917,191.70000000000002,20305,-193.25
206.606500,0x132,84 8e 83 07 4e 4f,6,36484,364.84000000000003,1923,-192.3,1923,192.3,20302,-193.10000000000002
206.616500,0x132,8e 8e 7c 07 51 4f,6,36494,364.94,1916,-191.60000000000002,1916,191.60000000000002,20305,-193.25
206.626500,0x132,82 8e 82 07 4d 4f,6,36482,364.82,1922,-192.20000000000002,1922,192.20000000000002,20301,-193.05000000000007
206.636500,0x132,89 8e 7c 07 57 4f,6,36489,364.89,1916,-191.60000000000002,1916,191.60000000000002,20311,-193.55000000000007
206.646500,0x132,76 8e 84 07 4f 4f,6,36470,364.7,1924,-192.4,1924,192.4,20303,-193.1500000000001
206.656500,0x132,81 8e 7b 07 58 4f,6,36481,364.81,1915,-191.5,1915,191.5,20312,-193.60000000000002
206.666700,0x132,7b 8e 84 07 4c 4f,6,36475,364.75,1924,-192.4,1924,192.4,20300,-193.0
206.676500,0x132,8e 8e 7c 07 57 4f,6,36494,364.94,1916,-191.60000000000002,1916,191.60000000000002,20311,-193.55000000000007
206.686500,0x132,81 8e 84 07 49 4f,6,36481,364.81,1924,-192.4,1924,192.4,20297,-192.85000000000002
206.696700,0x132,83 8e 7b 07 57 4f,6,36483,364.83,1915,-191.5,1915,191.5,20311,-193.55000000000007
206.706500,0x132,79 8e 85 07 4f 4f,6,36473,364.73,1925,-192.5,1925,192.5,20303,-193.1500000000001
206.716500,0x132,82 8e 79 07 54 4f,6,36482,364.82,1913,-191.3,1913,191.3,20308,-193.4000000000001
206.726500,0x132,80 8e 84 07 4f 4f,6,36480,364.8,1924,-192.4,1924,192.4,20303,-193.1500000000001
206.736600,0x132,8b 8e 7b 07 51 4f,6,36491,364.91,1915,-191.5,1915,191.5,20305,-193.25
206.746500,0x132,88 8e 85 07 52 4f,6,36488,364.88,1925,-192.5,1925,192.5,20306,-193.30000000000007
206.756500,0x132,8d 8e 7f 07 51 4f,6,36493,364.93,1919,-191.9,1919,191.9,20305,-193.25
206.766500,0x132,77 8e 83 07 54 4f,6,36471,364.71,1923,-192.3,1923,192.3,20308,-193.4000000000001
206.776500,0x132,86 8e 7a 07 48 4f,6,36486,364.86,1914,-191.4,1914,191.4,20296,-192.80000000000007
206.786500,0x132,89 8e 83 07 54 4f,6,36489,364.89,1923,-192.3,1923,192.3,20308,-193.4000000000001
206.796700,0x132,88 8e 7b 07 4f 4f,6,36488,364.88,1915,-191.5,1915,191.5,20303,-193.1500000000001
206.806500,0x132,88 8e 84 07 52 4f,6,36488,364.88,1924,-192.4,1924,192.4,20306,-193.30000000000007
206.816500,0x132,8d 8e 7b 07 4a 4f,6,36493,364.93,1915,-191.5,1915,191.5,20298,-192.9000000000001
206.826500,0x132,91 8e 81 07 4a 4f,6,36497,364.97,1921,-192.10000000000002,1921,192.10000000000002,20298,-192.9000000000001
206.836500,0x132,88 8e 7c 07 52 4f,6,36488,364.88,1916,-191.60000000000002,1916,191.60000000000002,20306,-193.30000000000007
206.846500,0x132,97 8e 83 07 4d 4f,6,36503,365.03000000000003,1923,-192.3,1923,192.3,20301,-193.05000000000007
206.856500,0x132,78 8e 7c 07 4f 4f,6,36472,364.72,1916,-191.60000000000002,1916,191.60000000000002,20303,-193.1500000000001
206.866700,0x132,80 8e 82 07 45 4f,6,36480,364.8,1922,-192.20000000000002,1922,192.20000000000002,20293,-192.6500000000001
206.876500,0x132,88 8e 7c 07 58 4f,6,36488,364.88,1916,-191.60000000000002,1916,191.60000000000002,20312,-193.60000000000002
206.886500,0x132,7e 8e 83 07 4f 4f,6,36478,364.78000000000003,1923,-192.3,1923,192.3,20303,-193.1500000000001
206.896700,0x132,8d 8e 7b 07 54 4f,6,36493,364.93,1915,-191.5,1915,191.5,20308,-193.4000000000001
206.906500,0x132,79 8e 83 07 4e 4f,6,36473,364.73,1923,-192.3,1923,192.3,20302,-193.10000000000002
206.916500,0x132,78 8e 79 07 57 4f,6,36472,364.72,1913,-191.3,1913,191.3,20311,-193.55000000000007
206.926500,0x132,7d 8e 83 07 49 4f,6,36477,364.77,1923,-192.3,1923,192.3,20297,-192.85000000000002
206.936500,0x132,8d 8e 7a 07 56 4f,6,36493,364.93,1914,-191.4,1914,191.4,20310,-193.5
206.946600,0x132,84 8e 84 07 4d 4f,6,36484,364.84000000000003,1924,-192.4,1924,192.4,20301,-193.05000000000007
206.956500,0x132,74 8e 7a 07 53 4f,6,36468,364.68,1914,-191.4,1914,191.4,20307,-193.35000000000002
206.966500,0x132,7f 8e 82 07 4f 4f,6,36479,364.79,1922,-192.20000000000002,1922,192.20000000000002,20303,-193.1500000000001
206.976500,0x132,87 8e 7a 07 54 4f,6,36487,364.87,1914,-191.4,1914,191.4,20308,-193.4000000000001
206.986500,0x132,83 8e 85 07 53 4f,6,36483,364.83,1925,-192.5,1925,192.5,20307,-193.35000000000002
206.996800,0x132,7d 8e 7a 07 4e 4f,6,36477,364.77,1914,-191.4,1914,191.4,20302,-193.10000000000002
207.006500,0x132,86 8e 84 07 56 4f,6,36486,364.86,1924,-192.4,1924,192.4,20310,-193.5
207.016500,0x132,82 8e 7a 07 47 4f,6,36482,364.82,1914,-191.4,1914,191.4,20295,-192.75
207.026500,0x132,7a 8e 82 07 51 4f,6,36474,364.74,1922,-192.20000000000002,1922,192.20000000000002,20305,-193.25
207.036500,0x132,7d 8e 7a 07 48 4f,6,36477,364.77,1914,-191.4,1914,191.4,20296,-192.80000000000007
207.046500,0x132,88 8e 84 07 56 4f,6,36488,364.88,1924,-192.4,1924,192.4,20310,-193.5
207.056500,0x132,85 8e 7b 07 4e 4f,6,36485,364.85,1915,-191.5,1915,191.5,20302,-193.10000000000002
207.066700,0x132,89 8e 84 07 54 4f,6,36489,364.89,1924,-192.4,1924,192.4,20308,-193.4000000000001
207.076500,0x132,7c 8e 7b 07 4d 4f,6,36476,364.76,1915,-191.5,1915,191.5,20301,-193.05000000000007
207.086500,0x132,90 8e 81 07 4c 4f,6,36496,364.96,1921,-192.10000000000002,1921,192.10000000000002,20300,-193.0
207.096800,0x132,92 8e 7c 07 52 4f,6,36498,364.98,1916,-191.60000000000002,1916,191.60000000000002,20306,-193.30000000000007
207.106500,0x132,7e 8e 83 07 53 4f,6,36478,364.78000000000003,1923,-192.3,1923,192.3,20307,-193.35000000000002
207.116500,0x132,76 8e 7a 07 52 4f,6,36470,364.7,1914,-191.4,1914,191.4,20306,-193.30000000000007
207.126500,0x132,8d 8e 81 07 4c 4f,6,36493,364.93,1921,-192.10000000000002,1921,192.10000000000002,20300,-193.0
207.136500,0x132,86 8e 7c 07 56 4f,6,36486,364.86,1916,-191.60000000000002,1916,191.60000000000002,20310,-193.5
207.146500,0x132,85 8e 82 07 4d 4f,6,36485,364.85,1922,-192.20000000000002,1922,192.20000000000002,20301,-193.05000000000007
207.156600,0x132,79 8e 7b 07 58 4f,6,36473,364.73,1915,-191.5,1915,191.5,20312,-193.60000000000002
207.166500,0x132,85 8e 83 07 45 4f,6,36485,364.85,1923,-192.3,1923,192.3,20293,-192.6500000000001
207.176500,0x132,80 8e 7b 07 56 4f,6,36480,364.8,1915,-191.5,1915,191.5,20310,-193.5
207.186500,0x132,81 8e 83 07 49 4f,6,36481,364.81,1923,-192.3,1923,192.3,20297,-192.85000000000002
207.196800,0x132,88 8e 7c 07 5c 4f,6,36488,364.88,1916,-191.60000000000002,1916,191.60000000000002,20316,-193.80000000000007
207.206500,0x132,8b 8e 84 07 4f 4f,6,36491,364.91,1924,-192.4,1924,192.4,20303,-193.1500000000001
207.216500,0x132,7f 8e 79 07 4f 4f,6,36479,364.79,1913,-191.3,1913,191.3,20303,-193.1500000000001
207.226500,0x132,7c 8e 83 07 49 4f,6,36476,364.76,1923,-192.3,1923,192.3,20297,-192.85000000000002
207.236500,0x132,7e 8e 79 07 51 4f,6,36478,364.78000000000003,1913,-191.3,1913,191.3,20305,-193.25
207.246500,0x132,85 8e 84 07 4f 4f,6,36485,364.85,1924,-192.4,1924,192.4,20303,-193.1500000000001
207.256500,0x132,83 8e 7a 07 4f 4f,6,36483,364.83,1914,-191.4,1914,191.4,20303,-193.1500000000001
207.266600,0x132,88 8e 84 07 52 4f,6,36488,364.88,1924,-192.4,1924,192.4,20306,-193.30000000000007
207.276500,0x132,86 8e 79 07 4c 4f,6,36486,364.86,1913,-191.3,1913,191.3,20300,-193.0
207.286500,0x132,8a 8e 84 07 52 4f,6,36490,364.90000000000003,1924,-192.4,1924,192.4,20306,-193.30000000000007
207.296800,0x132,81 8e 79 07 48 4f,6,36481,364.81,1913,-191.3,1913,191.3,20296,-192.80000000000007
207.306500,0x132,85 8e 83 07 52 4f,6,36485,364.85,1923,-192.3,1923,192.3,20306,-193.30000000000007
207.316500,0x132,80 8e 78 07 4a 4f,6,36480,364.8,1912,-191.20000000000002,1912,191.20000000000002,20298,-192.9000000000001
207.326500,0x132,85 8e 83 07 59 4f,6,36485,364.85,1923,-192.3,1923,192.3,20313,-193.6500000000001
207.336500,0x132,83 8e 7a 07 4a 4f,6,36483,364.83,1914,-191.4,1914,191.4,20298,-192.9000000000001
207.346500,0x132,84 8e 82 07 54 4f,6,36484,364.84000000000003,1922,-192.20000000000002,1922,192.20000000000002,20308,-193.4000000000001
207.356600,0x132,80 8e 79 07 4f 4f,6,36480,364.8,1913,-191.3,1913,191.3,20303,-193.1500000000001
207.366600,0x132,7d 8e 81 07 4d 4f,6,36477,364.77,1921,-192.10000000000002,1921,192.10000000000002,20301,-193.05000000000007
207.376500,0x132,7b 8e 7b 07 4a 4f,6,36475,364.75,1915,-191.5,1915,191.5,20298,-192.9000000000001
207.386500,0x132,8a 8e 82 07 4d 4f,6,36490,364.90000000000003,1922,-192.20000000000002,1922,192.20000000000002,20301,-193.05000000000007
207.396800,0x132,92 8e 79 07 4e 4f,6,36498,364.98,1913,-191.3,1913,191.3,20302,-193.10000000000002
207.406500,0x132,8c 8e 82 07 4c 4f,6,36492,364.92,1922,-192.20000000000002,1922,192.20000000000002,20300,-193.0
207.416500,0x132,88 8e 7a 07 53 4f,6,36488,364.88,1914,-191.4,1914,191.4,20307,-193.35000000000002
207.426500,0x132,81 8e 80 07 4c 4f,6,36481,364.81,1920,-192.0,1920,192.0,20300,-193.0
207.436500,0x132,86 8e 79 07 53 4f,6,36486,364.86,1913,-191.3,1913,191.3,20307,-193.35000000000002
207.446500,0x132,90 8e 82 07 49 4f,6,36496,364.96,1922,-192.20000000000002,1922,192.20000000000002,20297,-192.85000000000002
207.456600,0x132,79 8e 7a 07 52 4f,6,36473,364.73,1914,-191.4,1914,191.4,20306,-193.30000000000007
207.466700,0x132,7f 8e 81 07 49 4f,6,36479,364.79,1921,-192.10000000000002,1921,192.10000000000002,20297,-192.85000000000002
207.476500,0x132,76 8e 7a 07 57 4f,6,36470,364.7,1914,-191.4,1914,191.4,20311,-193.55000000000007
207.486500,0x132,94 8e 82 07 4c 4f,6,36500,365.0,1922,-192.20000000000002,1922,192.20000000000002,20300,-193.0
207.496800,0x132,7e 8e 7a 07 54 4f,6,36478,364.78000000000003,1914,-191.4,1914,191.4,20308,-193.4000000000001
207.506500,0x132,73 8e 81 07 47 4f,6,36467,364.67,1921,-192.10000000000002,1921,192.10000000000002,20295,-192.75
207.516700,0x132,7e 8e 78 07 51 4f,6,36478,364.78000000000003,1912,-191.20000000000002,1912,191.20000000000002,20305,-193.25
207.526600,0x132,8b 8e 82 07 49 4f,6,36491,364.91,1922,-192.20000000000002,1922,192.20000000000002,20297,-192.85000000000002
207.536500,0x132,83 8e 79 07 56 4f,6,36483,364.83,1913,-191.3,1913,191.3,20310,-193.5
207.546500,0x132,81 8e 83 07 4a 4f,6,36481,364.81,1923,-192.3,1923,192.3,20298,-192.9000000000001
207.556700,0x132,7b 8e 78 07 51 4f,6,36475,364.75,1912,-191.20000000000002,1912,191.20000000000002,20305,-193.25
207.566600,0x132,7e 8e 83 07 4d 4f,6,36478,364.78000000000003,1923,-192.3,1923,192.3,20301,-193.05000000000007
207.576500,0x132,82 8e 78 07 4f 4f,6,36482,364.82,1912,-191.20000000000002,1912,191.20000000000002,20303,-193.1500000000001
207.586500,0x132,7b 8e 84 07 53 4f,6,36475,364.75,1924,-192.4,1924,192.4,20307,-193.35000000000002
207.596800,0x132,87 8e 79 07 4d 4f,6,36487,364.87,1913,-191.3,1913,191.3,20301,-193.05000000000007
207.606500,0x132,8f 8e 83 07 4f 4f,6,36495,364.95,1923,-192.3,1923,192.3,20303,-193.1500000000001
207.616500,0x132,89 8e 77 07 47 4f,6,36489,364.89,1911,-191.10000000000002,1911,191.10000000000002,20295,-192.75
207.626500,0x132,85 8e 83 07 54 4f,6,36485,364.85,1923,-192.3,1923,192.3,20308,-193.4000000000001
207.636500,0x132,85 8e 78 07 4d 4f,6,36485,364.85,1912,-191.20000000000002,1912,191.20000000000002,20301,-193.05000000000007
207.646500,0x132,86 8e 81 07 53 4f,6,36486,364.86,1921,-192.10000000000002,1921,192.10000000000002,20307,-193.35000000000002
207.656500,0x132,7f 8e 77 07 43 4f,6,36479,364.79,1911,-191.10000000000002,1911,191.10000000000002,20291,-192.55000000000007
207.666600,0x132,7f 8e 82 07 51 4f,6,36479,364.79,1922,-192.20000000000002,1922,192.20000000000002,20305,-193.25
207.676500,0x132,8b 8e 79 07 44 4f,6,36491,364.91,1913,-191.3,1913,191.3,20292,-192.60000000000002
207.686500,0x132,84 8e 81 07 4f 4f,6,36484,364.84000000000003,1921,-192.10000000000002,1921,192.10000000000002,20303,-193.1500000000001
207.696700,0x132,7c 8e 78 07 47 4f,6,36476,364.76,1912,-191.20000000000002,1912,191.20000000000002,20295,-192.75
207.706500,0x132,8f 8e 82 07 52 4f,6,36495,364.95,1922,-192.20000000000002,1922,192.20000000000002,20306,-193.30000000000007
207.716500,0x132,6f 8e 78 07 43 4f,6,36463,364.63,1912,-191.20000000000002,1912,191.20000000000002,20291,-192.55000000000007
207.726500,0x132,8c 8e 82 07 51 4f,6,36492,364.92,1922,-192.20000000000002,1922,192.20000000000002,20305,-193.25
207.736500,0x132,7a 8e 78 07 4d 4f,6,36474,364.74,1912,-191.20000000000002,1912,191.20000000000002,20301,-193.05000000000007
207.746500,0x132,81 8e 81 07 4e 4f,6,36481,364.81,1921,-192.10000000000002,1921,192.10000000000002,20302,-193.10000000000002
207.756500,0x132,7c 8e 7a 07 4e 4f,6,36476,364.76,1914,-191.4,1914,191.4,20302,-193.10000000000002
207.766600,0x132,7b 8e 82 07 4c 4f,6,36475,364.75,1922,-192.20000000000002,1922,192.20000000000002,20300,-193.0
207.776500,0x132,7c 8e 79 07 4e 4f,6,36476,364.76,1913,-191.3,1913,191.3,20302,-193.10000000000002
207.786500,0x132,95 8e 81 07 4d 4f,6,36501,365.01,1921,-192.10000000000002,1921,192.10000000000002,20301,-193.05000000000007
207.796800,0x132,85 8e 7a 07 4f 4f,6,36485,364.85,1914,-191.4,1914,191.4,20303,-193.1500000000001
207.806500,0x132,8b 8e 82 07 4a 4f,6,36491,364.91,1922,-192.20000000000002,1922,192.20000000000002,20298,-192.9000000000001
207.816500,0x132,84 8e 78 07 4e 4f,6,36484,364.84000000000003,1912,-191.20000000000002,1912,191.20000000000002,20302,-193.10000000000002
207.826500,0x132,92 8e 81 07 49 4f,6,36498,364.98,1921,-192.10000000000002,1921,192.10000000000002,20297,-192.85000000000002
207.836500,0x132,7c 8e 79 07 51 4f,6,36476,364.76,1913,-191.3,1913,191.3,20305,-193.25
207.846500,0x132,93 8e 81 07 48 4f,6,36499,364.99,1921,-192.10000000000002,1921,192.10000000000002,20296,-192.80000000000007
207.856600,0x132,89 8e 79 07 4f 4f,6,36489,364.89,1913,-191.3,1913,191.3,20303,-193.1500000000001
207.866600,0x132,86 8e 82 07 4f 4f,6,36486,364.86,1922,-192.20000000000002,1922,192.20000000000002,20303,-193.1500000000001
207.876500,0x132,88 8e 79 07 54 4f,6,36488,364.88,1913,-191.3,1913,191.3,20308,-193.4000000000001
207.886500,0x132,87 8e 83 07 4d 4f,6,36487,364.87,1923,-192.3,1923,192.3,20301,-193.05000000000007
207.896800,0x132,8b 8e 79 07 51 4f,6,36491,364.91,1913,-191.3,1913,191.3,20305,-193.25
207.906500,0x132,80 8e 82 07 4c 4f,6,36480,364.8,1922,-192.20000000000002,1922,192.20000000000002,20300,-193.0
207.916500,0x132,87 8e 78 07 51 4f,6,36487,364.87,1912,-191.20000000000002,1912,191.20000000000002,20305,-193.25
207.926500,0x132,91 8e 82 07 49 4f,6,36497,364.97,1922,-192.20000000000002,1922,192.20000000000002,20297,-192.85000000000002
207.936500,0x132,82 8e 78 07 4f 4f,6,36482,364.82,1912,-191.20000000000002,1912,191.20000000000002,20303,-193.1500000000001
207.946500,0x132,a3 8e 82 07 47 4f,6,36515,365.15000000000003,1922,-192.20000000000002,1922,192.20000000000002,20295,-192.75
207.956500,0x132,80 8e 75 07 4f 4f,6,36480,364.8,1909,-190.9,1909,190.9,20303,-193.1500000000001
207.966600,0x132,9d 8e 81 07 45 4f,6,36509,365.09000000000003,1921,-192.10000000000002,1921,192.10000000000002,20293,-192.6500000000001
207.976500,0x132,8c 8e 77 07 49 4f,6,36492,364.92,1911,-191.10000000000002,1911,191.10000000000002,20297,-192.85000000000002
207.986500,0x132,8c 8e 82 07 48 4f,6,36492,364.92,1922,-192.20000000000002,1922,192.20000000000002,20296,-192.80000000000007
207.996800,0x132,8f 8e 76 07 49 4f,6,36495,364.95,1910,-191.0,1910,191.0,20297,-192.85000000000002
208.006500,0x132,8d 8e 82 07 4a 4f,6,36493,364.93,1922,-192.20000000000002,1922,192.20000000000002,20298,-192.9000000000001
208.016500,0x132,7c 8e 76 07 45 4f,6,36476,364.76,1910,-191.0,1910,191.0,20293,-192.6500000000001
208.026500,0x132,98 8e 80 07 49 4f,6,36504,365.04,1920,-192.0,1920,192.0,20297,-192.85000000000002
208.036500,0x132,8f 8e 77 07 4c 4f,6,36495,364.95,1911,-191.10000000000002,1911,191.10000000000002,20300,-193.0
208.046500,0x132,86 8e 82 07 4f 4f,6,36486,364.86,1922,-192.20000000000002,1922,192.20000000000002,20303,-193.1500000000001
208.056500,0x132,94 8e 76 07 49 4f,6,36500,365.0,1910,-191.0,1910,191.0,20297,-192.85000000000002
208.066600,0x132,86 8e 81 07 4d 4f,6,36486,364.86,1921,-192.10000000000002,1921,192.10000000000002,20301,-193.05000000000007
208.076500,0x132,8e 8e 77 07 48 4f,6,36494,364.94,1911,-191.10000000000002,1911,191.10000000000002,20296,-192.80000000000007
208.086500,0x132,9b 8e 82 07 4e 4f,6,36507,365.07,1922,-192.20000000000002,1922,192.20000000000002,20302,-193.10000000000002
208.096800,0x132,8e 8e 77 07 44 4f,6,36494,364.94,1911,-191.10000000000002,1911,191.10000000000002,20292,-192.60000000000002
208.106500,0x132,87 8e 81 07 4d 4f,6,36487,364.87,1921,-192.10000000000002,1921,192.10000000000002,20301,-193.05000000000007
208.116500,0x132,87 8e 76 07 44 4f,6,36487,364.87,1910,-191.0,1910,191.0,20292,-192.60000000000002
208.126500,0x132,95 8e 81 07 4f 4f,6,36501,365.01,1921,-192.10000000000002,1921,192.10000000000002,20303,-193.1500000000001
208.136500,0x132,92 8e 77 07 42 4f,6,36498,364.98,1911,-191.10000000000002,1911,191.10000000000002,20290,-192.5
208.146500,0x132,99 8e 81 07 4d 4f,6,36505,365.05,1921,-192.10000000000002,1921,192.10000000000002,20301,-193.05000000000007
208.156600,0x132,8a 8e 76 07 42 4f,6,36490,364.90000000000003,1910,-191.0,1910,191.0,20290,-192.5
208.166600,0x132,92 8e 81 07 4f 4f,6,36498,364.98,1921,-192.10000000000002,1921,192.10000000000002,20303,-193.1500000000001
208.176500,0x132,88 8e 78 07 44 4f,6,36488,364.88,1912,-191.20000000000002,1912,191.20000000000002,20292,-192.60000000000002
208.186500,0x132,83 8e 81 07 4c 4f,6,36483,364.83,1921,-192.10000000000002,1921,192.10000000000002,20300,-193.0
208.196800,0x132,91 8e 77 07 47 4f,6,36497,364.97,1911,-191.10000000000002,1911,191.10000000000002,20295,-192.75
208.206500,0x132,8a 8e 81 07 4d 4f,6,36490,364.90000000000003,1921,-192.10000000000002,1921,192.10000000000002,20301,-193.05000000000007
208.216500,0x132,8d 8e 78 07 47 4f,6,36493,364.93,1912,-191.20000000000002,1912,191.20000000000002,20295,-192.75
208.226500,0x132,7f 8e 7f 07 4a 4f,6,36479,364.79,1919,-191.9,1919,191.9,20298,-192.9000000000001
208.236500,0x132,8c 8e 79 07 45 4f,6,36492,364.92,1913,-191.3,1913,191.3,20293,-192.6500000000001
208.246500,0x132,8d 8e 80 07 49 4f,6,36493,364.93,1920,-192.0,1920,192.0,20297,-192.85000000000002
208.256500,0x132,95 8e 77 07 47 4f,6,36501,365.01,1911,-191.10000000000002,1911,191.10000000000002,20295,-192.75
208.266600,0x132,9d 8e 7f 07 47 4f,6,36509,365.09000000000003,1919,-191.9,1919,191.9,20295,-192.75
208.276500,0x132,8d 8e 77 07 44 4f,6,36493,364.93,1911,-191.10000000000002,1911,191.10000000000002,20292,-192.60000000000002
208.286500,0x132,8e 8e 80 07 4f 4f,6,36494,364.94,1920,-192.0,1920,192.0,20303,-193.1500000000001
208.296800,0x132,90 8e 78 07 48 4f,6,36496,364.96,1912,-191.20000000000002,1912,191.20000000000002,20296,-192.80000000000007
208.306500,0x132,9e 8e 80 07 43 4f,6,36510,365.1,1920,-192.0,1920,192.0,20291,-192.55000000000007
208.316500,0x132,8e 8e 76 07 43 4f,6,36494,364.94,1910,-191.0,1910,191.0,20291,-192.55000000000007
208.326500,0x132,8b 8e 7f 07 47 4f,6,36491,364.91,1919,-191.9,1919,191.9,20295,-192.75
208.336500,0x132,83 8e 77 07 48 4f,6,36483,364.83,1911,-191.10000000000002,1911,191.10000000000002,20296,-192.80000000000007
208.346500,0x132,80 8e 80 07 48 4f,6,36480,364.8,1920,-192.0,1920,192.0,20296,-192.80000000000007
208.356500,0x132,90 8e 77 07 4a 4f,6,36496,364.96,1911,-191.10000000000002,1911,191.10000000000002,20298,-192.9000000000001
208.366600,0x132,78 8e 7f 07 45 4f,6,36472,364.72,1919,-191.9,1919,191.9,20293,-192.6500000000001
208.376500,0x132,8a 8e 77 07 45 4f,6,36490,364.90000000000003,1911,-191.10000000000002,1911,191.10000000000002,20293,-192.6500000000001
208.386500,0x132,8a 8e 80 07 43 4f,6,36490,364.90000000000003,1920,-192.0,1920,192.0,20291,-192.55000000000007
208.396900,0x132,8b 8e 78 07 4d 4f,6,36491,364.91,1912,-191.20000000000002,1912,191.20000000000002,20301,-193.05000000000007
208.406500,0x132,8f 8e 7f 07 40 4f,6,36495,364.95,1919,-191.9,1919,191.9,20288,-192.4000000000001
208.416500,0x132,95 8e 76 07 44 4f,6,36501,365.01,1910,-191.0,1910,191.0,20292,-192.60000000000002
208.426500,0x132,87 8e 7e 07 45 4f,6,36487,364.87,1918,-191.8,1918,191.8,20293,-192.6500000000001
208.436500,0x132,92 8e 77 07 49 4f,6,36498,364.98,1911,-191.10000000000002,1911,191.10000000000002,20297,-192.85000000000002
208.446500,0x132,88 8e 7f 07 49 4f,6,36488,364.88,1919,-191.9,1919,191.9,20297,-192.85000000000002
208.456500,0x132,85 8e 76 07 49 4f,6,36485,364.85,1910,-191.0,1910,191.0,20297,-192.85000000000002
208.466500,0x132,8b 8e 80 07 45 4f,6,36491,364.91,1920,-192.0,1920,192.0,20293,-192.6500000000001
208.476500,0x132,8a 8e 77 07 47 4f,6,36490,364.90000000000003,1911,-191.10000000000002,1911,191.10000000000002,20295,-192.75
208.486500,0x132,9b 8e 7f 07 45 4f,6,36507,365.07,1919,-191.9,1919,191.9,20293,-192.6500000000001
208.496900,0x132,89 8e 77 07 4c 4f,6,36489,364.89,1911,-191.10000000000002,1911,191.10000000000002,20300,-193.0
208.506500,0x132,90 8e 80 07 3e 4f,6,36496,364.96,1920,-192.0,1920,192.0,20286,-192.30000000000007
208.516800,0x132,93 8e 75 07 49 4f,6,36499,364.99,1909,-190.9,1909,190.9,20297,-192.85000000000002
208.526500,0x132,95 8e 7f 07 3a 4f,6,36501,365.01,1919,-191.9,1919,191.9,20282,-192.10000000000002
208.536500,0x132,94 8e 76 07 4f 4f,6,36500,365.0,1910,-191.0,1910,191.0,20303,-193.1500000000001
208.546500,0x132,93 8e 80 07 40 4f,6,36499,364.99,1920,-192.0,1920,192.0,20288,-192.4000000000001
208.556600,0x132,84 8e 75 07 47 4f,6,36484,364.84000000000003,1909,-190.9,1909,190.9,20295,-192.75
208.566700,0x132,89 8e 7f 07 42 4f,6,36489,364.89,1919,-191.9,1919,191.9,20290,-192.5
208.576500,0x132,93 8e 76 07 4d 4f,6,36499,364.99,1910,-191.0,1910,191.0,20301,-193.05000000000007
208.586500,0x132,83 8e 80 07 45 4f,6,36483,364.83,1920,-192.0,1920,192.0,20293,-192.6500000000001
208.596900,0x132,96 8e 76 07 47 4f,6,36502,365.02,1910,-191.0,1910,191.0,20295,-192.75
208.606500,0x132,89 8e 7f 07 3d 4f,6,36489,364.89,1919,-191.9,1919,191.9,20285,-192.25
208.616500,0x132,7b 8e 75 07 47 4f,6,36475,364.75,1909,-190.9,1909,190.9,20295,-192.75
208.626500,0x132,85 8e 7f 07 3b 4f,6,36485,364.85,1919,-191.9,1919,191.9,20283,-192.1500000000001
208.636500,0x132,8b 8e 75 07 49 4f,6,36491,364.91,1909,-190.9,1909,190.9,20297,-192.85000000000002
208.646500,0x132,7f 8e 80 07 3d 4f,6,36479,364.79,1920,-192.0,1920,192.0,20285,-192.25
208.656500,0x132,90 8e 75 07 45 4f,6,36496,364.96,1909,-190.9,1909,190.9,20293,-192.6500000000001
208.666500,0x132,92 8e 80 07 40 4f,6,36498,364.98,1920,-192.0,1920,192.0,20288,-192.4000000000001
208.676500,0x132,93 8e 75 07 43 4f,6,36499,364.99,1909,-190.9,1909,190.9,20291,-192.55000000000007
208.686500,0x132,89 8e 80 07 40 4f,6,36489,364.89,1920,-192.0,1920,192.0,20288,-192.4000000000001
208.696900,0x132,9a 8e 75 07 45 4f,6,36506,365.06,1909,-190.9,1909,190.9,20293,-192.6500000000001
208.706500,0x132,92 8e 80 07 3d 4f,6,36498,364.98,1920,-192.0,1920,192.0,20285,-192.25
208.716500,0x132,85 8e 73 07 3f 4f,6,36485,364.85,1907,-190.70000000000002,1907,190.70000000000002,20287,-192.35000000000002
208.726500,0x132,91 8e 7f 07 40 4f,6,36497,364.97,1919,-191.9,1919,191.9,20288,-192.4000000000001
208.736500,0x132,81 8e 74 07 44 4f,6,36481,364.81,1908,-190.8,1908,190.8,20292,-192.60000000000002
208.746500,0x132,8c 8e 80 07 43 4f,6,36492,364.92,1920,-192.0,1920,192.0,20291,-192.55000000000007
208.756500,0x132,8e 8e 73 07 43 4f,6,36494,364.94,1907,-190.70000000000002,1907,190.70000000000002,20291,-192.55000000000007
208.766600,0x132,98 8e 80 07 3e 4f,6,36504,365.04,1920,-192.0,1920,192.0,20286,-192.30000000000007
208.776500,0x132,86 8e 75 07 43 4f,6,36486,364.86,1909,-190.9,1909,190.9,20291,-192.55000000000007
208.786500,0x132,8e 8e 80 07 42 4f,6,36494,364.94,1920,-192.0,1920,192.0,20290,-192.5
208.796900,0x132,91 8e 74 07 40 4f,6,36497,364.97,1908,-190.8,1908,190.8,20288,-192.4000000000001
208.806500,0x132,8b 8e 80 07 3a 4f,6,36491,364.91,1920,-192.0,1920,192.0,20282,-192.10000000000002
208.816500,0x132,91 8e 74 07 3f 4f,6,36497,364.97,1908,-190.8,1908,190.8,20287,-192.35000000000002
208.826500,0x132,8d 8e 7e 07 3f 4f,6,36493,364.93,1918,-191.8,1918,191.8,20287,-192.35000000000002
208.836500,0x132,85 8e 74 07 42 4f,6,36485,364.85,1908,-190.8,1908,190.8,20290,-192.5
208.846500,0x132,94 8e 80 07 44 4f,6,36500,365.0,1920,-192.0,1920,192.0,20292,-192.60000000000002
208.856600,0x132,88 8e 75 07 42 4f,6,36488,364.88,1909,-190.9,1909,190.9,20290,-192.5
208.866700,0x132,80 8e 80 07 3f 4f,6,36480,364.8,1920,-192.0,1920,192.0,20287,-192.35000000000002
208.876500,0x132,88 8e 73 07 3d 4f,6,36488,364.88,1907,-190.70000000000002,1907,190.70000000000002,20285,-192.25
208.886500,0x132,87 8e 80 07 45 4f,6,36487,364.87,1920,-192.0,1920,192.0,20293,-192.6500000000001
208.896700,0x132,81 8e 74 07 3d 4f,6,36481,364.81,1908,-190.8,1908,190.8,20285,-192.25
208.906500,0x132,7d 8e 7f 07 3b 4f,6,36477,364.77,1919,-191.9,1919,191.9,20283,-192.1500000000001
208.916500,0x132,8e 8e 73 07 39 4f,6,36494,364.94,1907,-190.70000000000002,1907,190.70000000000002,20281,-192.05000000000007
208.926500,0x132,98 8e 7f 07 3b 4f,6,36504,365.04,1919,-191.9,1919,191.9,20283,-192.1500000000001
208.936500,0x132,87 8e 74 07 39 4f,6,36487,364.87,1908,-190.8,1908,190.8,20281,-192.05000000000007
208.946500,0x132,83 8e 7e 07 39 4f,6,36483,364.83,1918,-191.8,1918,191.8,20281,-192.05000000000007
208.956500,0x132,87 8e 73 07 3a 4f,6,36487,364.87,1907,-190.70000000000002,1907,190.70000000000002,20282,-192.10000000000002
208.966700,0x132,82 8e 80 07 39 4f,6,36482,364.82,1920,-192.0,1920,192.0,20281,-192.05000000000007
208.976500,0x132,8a 8e 74 07 3e 4f,6,36490,364.90000000000003,1908,-190.8,1908,190.8,20286,-192.30000000000007
208.986500,0x132,8b 8e 7f 07 3d 4f,6,36491,364.91,1919,-191.9,1919,191.9,20285,-192.25
208.996900,0x132,92 8e 73 07 3a 4f,6,36498,364.98,1907,-190.70000000000002,1907,190.70000000000002,20282,-192.10000000000002
209.006500,0x132,8b 8e 80 07 45 4f,6,36491,364.91,1920,-192.0,1920,192.0,20293,-192.6500000000001
209.016500,0x132,a0 8e 73 07 3a 4f,6,36512,365.12,1907,-190.70000000000002,1907,190.70000000000002,20282,-192.10000000000002
209.026500,0x132,8b 8e 7e 07 3e 4f,6,36491,364.91,1918,-191.8,1918,191.8,20286,-192.30000000000007
209.036500,0x132,88 8e 73 07 3a 4f,6,36488,364.88,1907,-190.70000000000002,1907,190.70000000000002,20282,-192.10000000000002
209.046500,0x132,90 8e 80 07 44 4f,6,36496,364.96,1920,-192.0,1920,192.0,20292,-192.60000000000002
209.056600,0x132,8a 8e 74 07 39 4f,6,36490,364.90000000000003,1908,-190.8,1908,190.8,20281,-192.05000000000007
209.066700,0x132,93 8e 7f 07 40 4f,6,36499,364.99,1919,-191.9,1919,191.9,20288,-192.4000000000001
209.076500,0x132,88 8e 72 07 38 4f,6,36488,364.88,1906,-190.60000000000002,1906,190.60000000000002,20280,-192.0
209.086500,0x132,91 8e 7f 07 3f 4f,6,36497,364.97,1919,-191.9,1919,191.9,20287,-192.35000000000002
209.096900,0x132,88 8e 74 07 3e 4f,6,36488,364.88,1908,-190.8,1908,190.8,20286,-192.30000000000007
209.106500,0x132,8f 8e 81 07 43 4f,6,36495,364.95,1921,-192.10000000000002,1921,192.10000000000002,20291,-192.55000000000007
209.116500,0x132,92 8e 74 07 3a 4f,6,36498,364.98,1908,-190.8,1908,190.8,20282,-192.10000000000002
209.126500,0x132,97 8e 81 07 40 4f,6,36503,365.03000000000003,1921,-192.10000000000002,1921,192.10000000000002,20288,-192.4000000000001
209.136500,0x132,8a 8e 74 07 3b 4f,6,36490,364.90000000000003,1908,-190.8,1908,190.8,20283,-192.1500000000001
209.146700,0x132,84 8e 80 07 44 4f,6,36484,364.84000000000003,1920,-192.0,1920,192.0,20292,-192.60000000000002
209.156500,0x132,76 8e 74 07 3b 4f,6,36470,364.7,1908,-190.8,1908,190.8,20283,-192.1500000000001
209.166700,0x132,8e 8e 80 07 3d 4f,6,36494,364.94,1920,-192.0,1920,192.0,20285,-192.25
209.176500,0x132,91 8e 74 07 3d 4f,6,36497,364.97,1908,-190.8,1908,190.8,20285,-192.25
209.186500,0x132,85 8e 7f 07 3e 4f,6,36485,364.85,1919,-191.9,1919,191.9,20286,-192.30000000000007
209.196900,0x132,95 8e 73 07 39 4f,6,36501,365.01,1907,-190.70000000000002,1907,190.70000000000002,20281,-192.05000000000007
209.206500,0x132,8e 8e 81 07 44 4f,6,36494,364.94,1921,-192.10000000000002,1921,192.10000000000002,20292,-192.60000000000002
209.216500,0x132,8a 8e 74 07 39 4f,6,36490,364.90000000000003,1908,-190.8,1908,190.8,20281,-192.05000000000007
209.226500,0x132,99 8e 80 07 3e 4f,6,36505,365.05,1920,-192.0,1920,192.0,20286,-192.30000000000007
209.236500,0x132,89 8e 74 07 38 4f,6,36489,364.89,1908,-190.8,1908,190.8,20280,-192.0
209.246500,0x132,8c 8e 7f 07 3f 4f,6,36492,364.92,1919,-191.9,1919,191.9,20287,-192.35000000000002
209.256600,0x132,84 8e 73 07 35 4f,6,36484,364.84000000000003,1907,-190.70000000000002,1907,190.70000000000002,20277,-191.85000000000002
209.266700,0x132,80 8e 81 07 42 4f,6,36480,364.8,1921,-192.10000000000002,1921,192.10000000000002,20290,-192.5
209.276500,0x132,80 8e 74 07 38 4f,6,36480,364.8,1908,-190.8,1908,190.8,20280,-192.0
209.286500,0x132,8c 8e 80 07 42 4f,6,36492,364.92,1920,-192.0,1920,192.0,20290,-192.5
209.296900,0x132,93 8e 73 07 39 4f,6,36499,364.99,1907,-190.70000000000002,1907,190.70000000000002,20281,-192.05000000000007
209.306500,0x132,99 8e 80 07 3e 4f,6,36505,365.05,1920,-192.0,1920,192.0,20286,-192.30000000000007
209.316500,0x132,8c 8e 74 07 3b 4f,6,36492,364.92,1908,-190.8,1908,190.8,20283,-192.1500000000001
209.326700,0x132,94 8e 80 07 35 4f,6,36500,365.0,1920,-192.0,1920,192.0,20277,-191.85000000000002
209.336600,0x132,85 8e 73 07 38 4f,6,36485,364.85,1907,-190.70000000000002,1907,190.70000000000002,20280,-192.0
209.346500,0x132,8e 8e 7e 07 3d 4f,6,36494,364.94,1918,-191.8,1918,191.8,20285,-192.25
209.356600,0x132,8e 8e 72 07 34 4f,6,36494,364.94,1906,-190.60000000000002,1906,190.60000000000002,20276,-191.80000000000007
209.366700,0x132,92 8e 7f 07 3a 4f,6,36498,364.98,1919,-191.9,1919,191.9,20282,-192.10000000000002
209.376500,0x132,90 8e 73 07 36 4f,6,36496,364.96,1907,-190.70000000000002,1907,190.70000000000002,20278,-191.9000000000001
209.386700,0x132,8b 8e 7f 07 38 4f,6,36491,364.91,1919,-191.9,1919,191.9,20280,-192.0
209.396900,0x132,8b 8e 73 07 35 4f,6,36491,364.91,1907,-190.70000000000002,1907,190.70000000000002,20277,-191.85000000000002
209.406500,0x132,91 8e 80 07 3b 4f,6,36497,364.97,1920,-192.0,1920,192.0,20283,-192.1500000000001
209.416500,0x132,97 8e 73 07 33 4f,6,36503,365.03000000000003,1907,-190.70000000000002,1907,190.70000000000002,20275,-191.75
209.426500,0x132,87 8e 80 07 3d 4f,6,36487,364.87,1920,-192.0,1920,192.0,20285,-192.25
209.436500,0x132,84 8e 74 07 39 4f,6,36484,364.84000000000003,1908,-190.8,1908,190.8,20281,-192.05000000000007
209.446500,0x132,84 8e 7f 07 38 4f,6,36484,364.84000000000003,1919,-191.9,1919,191.9,20280,-192.0
209.456600,0x132,91 8e 73 07 36 4f,6,36497,364.97,1907,-190.70000000000002,1907,190.70000000000002,20278,-191.9000000000001
209.466600,0x132,91 8e 7f 07 38 4f,6,36497,364.97,1919,-191.9,1919,191.9,20280,-192.0
209.476500,0x132,8e 8e 74 07 39 4f,6,36494,364.94,1908,-190.8,1908,190.8,20281,-192.05000000000007
209.486500,0x132,88 8e 80 07 3f 4f,6,36488,364.88,1920,-192.0,1920,192.0,20287,-192.35000000000002
209.496900,0x132,92 8e 73 07 33 4f,6,36498,364.98,1907,-190.70000000000002,1907,190.70000000000002,20275,-191.75
209.506500,0x132,8b 8e 7f 07 3d 4f,6,36491,364.91,1919,-191.9,1919,191.9,20285,-192.25
209.516700,0x132,98 8e 74 07 35 4f,6,36504,365.04,1908,-190.8,1908,190.8,20277,-191.85000000000002
209.526500,0x132,90 8e 81 07 35 4f,6,36496,364.96,1921,-192.10000000000002,1921,192.10000000000002,20277,-191.85000000000002
209.536600,0x132,95 8e 74 07 36 4f,6,36501,365.01,1908,-190.8,1908,190.8,20278,-191.9000000000001
209.546500,0x132,8e 8e 80 07 36 4f,6,36494,364.94,1920,-192.0,1920,192.0,20278,-191.9000000000001
209.556800,0x132,8c 8e 73 07 33 4f,6,36492,364.92,1907,-190.70000000000002,1907,190.70000000000002,20275,-191.75
209.566600,0x132,8c 8e 81 07 3b 4f,6,36492,364.92,1921,-192.10000000000002,1921,192.10000000000002,20283,-192.1500000000001
209.576500,0x132,7d 8e 74 07 33 4f,6,36477,364.77,1908,-190.8,1908,190.8,20275,-191.75
209.586600,0x132,8a 8e 7f 07 38 4f,6,36490,364.90000000000003,1919,-191.9,1919,191.9,20280,-192.0
209.596900,0x132,88 8e 73 07 34 4f,6,36488,364.88,1907,-190.70000000000002,1907,190.70000000000002,20276,-191.80000000000007
209.606500,0x132,98 8e 80 07 3a 4f,6,36504,365.04,1920,-192.0,1920,192.0,20282,-192.10000000000002
209.616500,0x132,89 8e 74 07 30 4f,6,36489,364.89,1908,-190.8,1908,190.8,20272,-191.60000000000002
209.626500,0x132,93 8e 81 07 3a 4f,6,36499,364.99,1921,-192.10000000000002,1921,192.10000000000002,20282,-192.10000000000002
209.636500,0x132,8f 8e 74 07 35 4f,6,36495,364.95,1908,-190.8,1908,190.8,20277,-191.85000000000002
209.646500,0x132,91 8e 80 07 3b 4f,6,36497,364.97,1920,-192.0,1920,192.0,20283,-192.1500000000001
209.656600,0x132,8a 8e 74 07 35 4f,6,36490,364.90000000000003,1908,-190.8,1908,190.8,20277,-191.85000000000002
209.666500,0x132,94 8e 7f 07 3d 4f,6,36500,365.0,1919,-191.9,1919,191.9,20285,-192.25
209.676500,0x132,87 8e 74 07 31 4f,6,36487,364.87,1908,-190.8,1908,190.8,20273,-191.6500000000001
209.686500,0x132,90 8e 7f 07 36 4f,6,36496,364.96,1919,-191.9,1919,191.9,20278,-191.9000000000001
209.696900,0x132,93 8e 73 07 34 4f,6,36499,364.99,1907,-190.70000000000002,1907,190.70000000000002,20276,-191.80000000000007
209.706500,0x132,93 8e 80 07 39 4f,6,36499,364.99,1920,-192.0,1920,192.0,20281,-192.05000000000007
209.716500,0x132,8c 8e 73 07 31 4f,6,36492,364.92,1907,-190.70000000000002,1907,190.70000000000002,20273,-191.6500000000001
209.726500,0x132,92 8e 7e 07 36 4f,6,36498,364.98,1918,-191.8,1918,191.8,20278,-191.9000000000001
209.736500,0x132,84 8e 73 07 2f 4f,6,36484,364.84000000000003,1907,-190.70000000000002,1907,190.70000000000002,20271,-191.55000000000007
209.746500,0x132,97 8e 7f 07 3a 4f,6,36503,365.03000000000003,1919,-191.9,1919,191.9,20282,-192.10000000000002
209.756600,0x132,8c 8e 73 07 34 4f,6,36492,364.92,1907,-190.70000000000002,1907,190.70000000000002,20276,-191.80000000000007
209.766700,0x132,83 8e 80 07 39 4f,6,36483,364.83,1920,-192.0,1920,192.0,20281,-192.05000000000007
209.776500,0x132,81 8e 73 07 2e 4f,6,36481,364.81,1907,-190.70000000000002,1907,190.70000000000002,20270,-191.5
209.786500,0x132,8b 8e 7f 07 36 4f,6,36491,364.91,1919,-191.9,1919,191.9,20278,-191.9000000000001
209.797000,0x132,8e 8e 73 07 2f 4f,6,36494,364.94,1907,-190.70000000000002,1907,190.70000000000002,20271,-191.55000000000007
209.806500,0x132,93 8e 80 07 38 4f,6,36499,364.99,1920,-192.0,1920,192.0,20280,-192.0
209.816500,0x132,9a 8e 73 07 2f 4f,6,36506,365.06,1907,-190.70000000000002,1907,190.70000000000002,20271,-191.55000000000007
209.826500,0x132,87 8e 80 07 36 4f,6,36487,364.87,1920,-192.0,1920,192.0,20278,-191.9000000000001
209.836600,0x132,91 8e 73 07 2e 4f,6,36497,364.97,1907,-190.70000000000002,1907,190.70000000000002,20270,-191.5
209.846500,0x132,a6 8e 80 07 39 4f,6,36518,365.18,1920,-192.0,1920,192.0,20281,-192.05000000000007
209.856600,0x132,97 8e 74 07 30 4f,6,36503,365.03000000000003,1908,-190.8,1908,190.8,20272,-191.60000000000002
209.866700,0x132,96 8e 80 07 39 4f,6,36502,365.02,1920,-192.0,1920,192.0,20281,-192.05000000000007
209.876500,0x132,8e 8e 73 07 2e 4f,6,36494,364.94,1907,-190.70000000000002,1907,190.70000000000002,20270,-191.5
209.886500,0x132,89 8e 80 07 38 4f,6,36489,364.89,1920,-192.0,1920,192.0,20280,-192.0
209.897000,0x132,8e 8e 74 07 2c 4f,6,36494,364.94,1908,-190.8,1908,190.8,20268,-191.4000000000001
209.906500,0x132,8d 8e 80 07 35 4f,6,36493,364.93,1920,-192.0,1920,192.0,20277,-191.85000000000002
209.916500,0x132,84 8e 73 07 2f 4f,6,36484,364.84000000000003,1907,-190.70000000000002,1907,190.70000000000002,20271,-191.55000000000007
209.926500,0x132,97 8e 81 07 38 4f,6,36503,365.03000000000003,1921,-192.10000000000002,1921,192.10000000000002,20280,-192.0
209.936500,0x132,81 8e 74 07 2e 4f,6,36481,364.81,1908,-190.8,1908,190.8,20270,-191.5
209.946500,0x132,8e 8e 80 07 36 4f,6,36494,364.94,1920,-192.0,1920,192.0,20278,-191.9000000000001
209.956600,0x132,9c 8e 74 07 31 4f,6,36508,365.08,1908,-190.8,1908,190.8,20273,-191.6500000000001
209.966700,0x132,89 8e 81 07 39 4f,6,36489,364.89,1921,-192.10000000000002,1921,192.10000000000002,20281,-192.05000000000007
209.976500,0x132,88 8e 73 07 2b 4f,6,36488,364.88,1907,-190.70000000000002,1907,190.70000000000002,20267,-191.35000000000002
209.986500,0x132,86 8e 80 07 35 4f,6,36486,364.86,1920,-192.0,1920,192.0,20277,-191.85000000000002
209.997000,0x132,8a 8e 73 07 2f 4f,6,36490,364.90000000000003,1907,-190.70000000000002,1907,190.70000000000002,20271,-191.55000000000007
210.006500,0x132,96 8e 80 07 34 4f,6,36502,365.02,1920,-192.0,1920,192.0,20276,-191.80000000000007
210.016500,0x132,93 8e 73 07 2e 4f,6,36499,364.99,1907,-190.70000000000002,1907,190.70000000000002,20270,-191.5
210.026500,0x132,82 8e 80 07 35 4f,6,36482,364.82,1920,-192.0,1920,192.0,20277,-191.85000000000002
210.036500,0x132,80 8e 73 07 2c 4f,6,36480,364.8,1907,-190.70000000000002,1907,190.70000000000002,20268,-191.4000000000001
210.046600,0x132,8a 8e 80 07 33 4f,6,36490,364.90000000000003,1920,-192.0,1920,192.0,20275,-191.75
210.056600,0x132,8c 8e 72 07 2b 4f,6,36492,364.92,1906,-190.60000000000002,1906,190.60000000000002,20267,-191.35000000000002
210.066600,0x132,94 8e 80 07 34 4f,6,36500,365.0,1920,-192.0,1920,192.0,20276,-191.80000000000007
210.076500,0x132,87 8e 74 07 2f 4f,6,36487,364.87,1908,-190.8,1908,190.8,20271,-191.55000000000007
210.086500,0x132,93 8e 7f 07 2b 4f,6,36499,364.99,1919,-191.9,1919,191.9,20267,-191.35000000000002
210.096700,0x132,84 8e 72 07 2c 4f,6,36484,364.84000000000003,1906,-190.60000000000002,1906,190.60000000000002,20268,-191.4000000000001
210.106500,0x132,8e 8e 80 07 35 4f,6,36494,364.94,1920,-192.0,1920,192.0,20277,-191.85000000000002
210.116500,0x132,84 8e 73 07 2f 4f,6,36484,364.84000000000003,1907,-190.70000000000002,1907,190.70000000000002,20271,-191.55000000000007
210.126500,0x132,8c 8e 80 07 33 4f,6,36492,364.92,1920,-192.0,1920,192.0,20275,-191.75
210.136600,0x132,90 8e 73 07 2f 4f,6,36496,364.96,1907,-190.70000000000002,1907,190.70000000000002,20271,-191.55000000000007
210.146500,0x132,8c 8e 81 07 33 4f,6,36492,364.92,1921,-192.10000000000002,1921,192.10000000000002,20275,-191.75
210.156600,0x132,83 8e 73 07 2c 4f,6,36483,364.83,1907,-190.70000000000002,1907,190.70000000000002,20268,-191.4000000000001
210.166700,0x132,9f 8e 7f 07 30 4f,6,36511,365.11,1919,-191.9,1919,191.9,20272,-191.60000000000002
210.176500,0x132,86 8e 73 07 2b 4f,6,36486,364.86,1907,-190.70000000000002,1907,190.70000000000002,20267,-191.35000000000002
210.186500,0x132,8d 8e 81 07 36 4f,6,36493,364.93,1921,-192.10000000000002,1921,192.10000000000002,20278,-191.9000000000001
210.196700,0x132,86 8e 73 07 29 4f,6,36486,364.86,1907,-190.70000000000002,1907,190.70000000000002,20265,-191.25
210.206500,0x132,87 8e 7e 07 2c 4f,6,36487,364.87,1918,-191.8,1918,191.8,20268,-191.4000000000001
210.216500,0x132,93 8e 73 07 2b 4f,6,36499,364.99,1907,-190.70000000000002,1907,190.70000000000002,20267,-191.35000000000002
210.226500,0x132,90 8e 7f 07 2b 4f,6,36496,364.96,1919,-191.9,1919,191.9,20267,-191.35000000000002
210.236700,0x132,8e 8e 73 07 27 4f,6,36494,364.94,1907,-190.70000000000002,1907,190.70000000000002,20263,-191.1500000000001
210.246500,0x132,8e 8e 80 07 35 4f,6,36494,364.94,1920,-192.0,1920,192.0,20277,-191.85000000000002
210.256600,0x132,90 8e 73 07 2c 4f,6,36496,364.96,1907,-190.70000000000002,1907,190.70000000000002,20268,-191.4000000000001
210.266700,0x132,91 8e 80 07 2e 4f,6,36497,364.97,1920,-192.0,1920,192.0,20270,-191.5
210.276500,0x132,8c 8e 73 07 26 4f,6,36492,364.92,1907,-190.70000000000002,1907,190.70000000000002,20262,-191.10000000000002
210.286500,0x132,8c 8e 7f 07 35 4f,6,36492,364.92,1919,-191.9,1919,191.9,20277,-191.85000000000002
210.296700,0x132,8d 8e 72 07 2a 4f,6,36493,364.93,1906,-190.60000000000002,1906,190.60000000000002,20266,-191.30000000000007
210.306500,0x132,9a 8e 7f 07 30 4f,6,36506,365.06,1919,-191.9,1919,191.9,20272,-191.60000000000002
210.316500,0x132,95 8e 71 07 27 4f,6,36501,365.01,1905,-190.5,1905,190.5,20263,-191.1500000000001
210.326500,0x132,a0 8e 80 07 31 4f,6,36512,365.12,1920,-192.0,1920,192.0,20273,-191.6500000000001
210.336700,0x132,8f 8e 73 07 29 4f,6,36495,364.95,1907,-190.70000000000002,1907,190.70000000000002,20265,-191.25
210.346600,0x132,94 8e 81 07 33 4f,6,36500,365.0,1921,-192.10000000000002,1921,192.10000000000002,20275,-191.75
210.356600,0x132,91 8e 72 07 25 4f,6,36497,364.97,1906,-190.60000000000002,1906,190.60000000000002,20261,-191.05000000000007
210.366800,0x132,8d 8e 80 07 31 4f,6,36493,364.93,1920,-192.0,1920,192.0,20273,-191.6500000000001
210.376500,0x132,8b 8e 73 07 26 4f,6,36491,364.91,1907,-190.70000000000002,1907,190.70000000000002,20262,-191.10000000000002
210.386500,0x132,86 8e 80 07 30 4f,6,36486,364.86,1920,-192.0,1920,192.0,20272,-191.60000000000002
210.396700,0x132,94 8e 73 07 2b 4f,6,36500,365.0,1907,-190.70000000000002,1907,190.70000000000002,20267,-191.35000000000002
210.406500,0x132,96 8e 80 07 2f 4f,6,36502,365.02,1920,-192.0,1920,192.0,20271,-191.55000000000007
210.416500,0x132,86 8e 73 07 2a 4f,6,36486,364.86,1907,-190.70000000000002,1907,190.70000000000002,20266,-191.30000000000007
210.426500,0x132,91 8e 7f 07 2b 4f,6,36497,364.97,1919,-191.9,1919,191.9,20267,-191.35000000000002
210.436500,0x132,8d 8e 72 07 2b 4f,6,36493,364.93,1906,-190.60000000000002,1906,190.60000000000002,20267,-191.35000000000002
210.446500,0x132,9b 8e 81 07 33 4f,6,36507,365.07,1921,-192.10000000000002,1921,192.10000000000002,20275,-191.75
210.456600,0x132,86 8e 74 07 2e 4f,6,36486,364.86,1908,-190.8,1908,190.8,20270,-191.5
210.466800,0x132,90 8e 80 07 31 4f,6,36496,364.96,1920,-192.0,1920,192.0,20273,-191.6500000000001
210.476500,0x132,87 8e 74 07 29 4f,6,36487,364.87,1908,-190.8,1908,190.8,20265,-191.25
210.486600,0x132,90 8e 7f 07 2f 4f,6,36496,364.96,1919,-191.9,1919,191.9,20271,-191.55000000000007
210.496700,0x132,87 8e 74 07 2a 4f,6,36487,364.87,1908,-190.8,1908,190.8,20266,-191.30000000000007
210.506500,0x132,97 8e 80 07 2e 4f,6,36503,365.03000000000003,1920,-192.0,1920,192.0,20270,-191.5
210.516800,0x132,8f 8e 73 07 24 4f,6,36495,364.95,1907,-190.70000000000002,1907,190.70000000000002,20260,-191.0
210.526600,0x132,8b 8e 80 07 2f 4f,6,36491,364.91,1920,-192.0,1920,192.0,20271,-191.55000000000007
210.536600,0x132,93 8e 73 07 25 4f,6,36499,364.99,1907,-190.70000000000002,1907,190.70000000000002,20261,-191.05000000000007
210.546500,0x132,7d 8e 81 07 30 4f,6,36477,364.77,1921,-192.10000000000002,1921,192.10000000000002,20272,-191.60000000000002
210.556800,0x132,96 8e 74 07 27 4f,6,36502,365.02,1908,-190.8,1908,190.8,20263,-191.1500000000001
210.566700,0x132,93 8e 81 07 2c 4f,6,36499,364.99,1921,-192.10000000000002,1921,192.10000000000002,20268,-191.4000000000001
210.576500,0x132,97 8e 74 07 25 4f,6,36503,365.03000000000003,1908,-190.8,1908,190.8,20261,-191.05000000000007
210.586800,0x132,88 8e 80 07 2f 4f,6,36488,364.88,1920,-192.0,1920,192.0,20271,-191.55000000000007
210.596800,0x132,94 8e 72 07 20 4f,6,36500,365.0,1906,-190.60000000000002,1906,190.60000000000002,20256,-190.80000000000007
210.606500,0x132,92 8e 80 07 30 4f,6,36498,364.98,1920,-192.0,1920,192.0,20272,-191.60000000000002
210.616500,0x132,8f 8e 73 07 24 4f,6,36495,364.95,1907,-190.70000000000002,1907,190.70000000000002,20260,-191.0
210.626500,0x132,8f 8e 81 07 33 4f,6,36495,364.95,1921,-192.10000000000002,1921,192.10000000000002,20275,-191.75
210.636700,0x132,85 8e 74 07 25 4f,6,36485,364.85,1908,-190.8,1908,190.8,20261,-191.05000000000007
210.646500,0x132,8b 8e 81 07 30 4f,6,36491,364.91,1921,-192.10000000000002,1921,192.10000000000002,20272,-191.60000000000002
210.656600,0x132,97 8e 74 07 22 4f,6,36503,365.03000000000003,1908,-190.8,1908,190.8,20258,-190.9000000000001
210.666700,0x132,94 8e 82 07 31 4f,6,36500,365.0,1922,-192.20000000000002,1922,192.20000000000002,20273,-191.6500000000001
210.676500,0x132,89 8e 74 07 25 4f,6,36489,364.89,1908,-190.8,1908,190.8,20261,-191.05000000000007
210.686500,0x132,9b 8e 81 07 33 4f,6,36507,365.07,1921,-192.10000000000002,1921,192.10000000000002,20275,-191.75
210.696900,0x132,8e 8e 73 07 21 4f,6,36494,364.94,1907,-190.70000000000002,1907,190.70000000000002,20257,-190.85000000000002
210.706500,0x132,95 8e 80 07 31 4f,6,36501,365.01,1920,-192.0,1920,192.0,20273,-191.6500000000001
210.716500,0x132,a0 8e 73 07 21 4f,6,36512,365.12,1907,-190.70000000000002,1907,190.70000000000002,20257,-190.85000000000002
210.726600,0x132,8d 8e 80 07 2f 4f,6,36493,364.93,1920,-192.0,1920,192.0,20271,-191.55000000000007
210.736700,0x132,91 8e 74 07 24 4f,6,36497,364.97,1908,-190.8,1908,190.8,20260,-191.0
210.746600,0x132,9c 8e 80 07 2e 4f,6,36508,365.08,1920,-192.0,1920,192.0,20270,-191.5
210.756600,0x132,91 8e 73 07 21 4f,6,36497,364.97,1907,-190.70000000000002,1907,190.70000000000002,20257,-190.85000000000002
210.766900,0x132,8f 8e 81 07 2e 4f,6,36495,364.95,1921,-192.10000000000002,1921,192.10000000000002,20270,-191.5
210.776500,0x132,8e 8e 72 07 20 4f,6,36494,364.94,1906,-190.60000000000002,1906,190.60000000000002,20256,-190.80000000000007
210.786500,0x132,94 8e 80 07 2e 4f,6,36500,365.0,1920,-192.0,1920,192.0,20270,-191.5
210.796800,0x132,89 8e 72 07 21 4f,6,36489,364.89,1906,-190.60000000000002,1906,190.60000000000002,20257,-190.85000000000002
210.806500,0x132,93 8e 80 07 2b 4f,6,36499,364.99,1920,-192.0,1920,192.0,20267,-191.35000000000002
210.816500,0x132,8e 8e 73 07 25 4f,6,36494,364.94,1907,-190.70000000000002,1907,190.70000000000002,20261,-191.05000000000007
210.826500,0x132,90 8e 7f 07 2e 4f,6,36496,364.96,1919,-191.9,1919,191.9,20270,-191.5
210.836600,0x132,8b 8e 73 07 24 4f,6,36491,364.91,1907,-190.70000000000002,1907,190.70000000000002,20260,-191.0
210.846600,0x132,8c 8e 80 07 2c 4f,6,36492,364.92,1920,-192.0,1920,192.0,20268,-191.4000000000001
210.856600,0x132,90 8e 73 07 22 4f,6,36496,364.96,1907,-190.70000000000002,1907,190.70000000000002,20258,-190.9000000000001
210.866600,0x132,86 8e 80 07 2f 4f,6,36486,364.86,1920,-192.0,1920,192.0,20271,-191.55000000000007
210.876500,0x132,8b 8e 73 07 22 4f,6,36491,364.91,1907,-190.70000000000002,1907,190.70000000000002,20258,-190.9000000000001
210.886600,0x132,94 8e 7f 07 2c 4f,6,36500,365.0,1919,-191.9,1919,191.9,20268,-191.4000000000001
210.896900,0x132,8b 8e 74 07 21 4f,6,36491,364.91,1908,-190.8,1908,190.8,20257,-190.85000000000002
210.906500,0x132,89 8e 80 07 26 4f,6,36489,364.89,1920,-192.0,1920,192.0,20262,-191.10000000000002
210.916500,0x132,8e 8e 73 07 20 4f,6,36494,364.94,1907,-190.70000000000002,1907,190.70000000000002,20256,-190.80000000000007
210.926600,0x132,8e 8e 80 07 30 4f,6,36494,364.94,1920,-192.0,1920,192.0,20272,-191.60000000000002
210.936700,0x132,95 8e 73 07 20 4f,6,36501,365.01,1907,-190.70000000000002,1907,190.70000000000002,20256,-190.80000000000007
210.946600,0x132,8d 8e 80 07 2b 4f,6,36493,364.93,1920,-192.0,1920,192.0,20267,-191.35000000000002
210.956600,0x132,96 8e 73 07 1d 4f,6,36502,365.02,1907,-190.70000000000002,1907,190.70000000000002,20253,-190.6500000000001
210.966800,0x132,9b 8e 81 07 30 4f,6,36507,365.07,1921,-192.10000000000002,1921,192.10000000000002,20272,-191.60000000000002
210.976500,0x132,9e 8e 74 07 1b 4f,6,36510,365.1,1908,-190.8,1908,190.8,20251,-190.55000000000007
210.986500,0x132,96 8e 81 07 2e 4f,6,36502,365.02,1921,-192.10000000000002,1921,192.10000000000002,20270,-191.5
210.996800,0x132,8e 8e 73 07 1f 4f,6,36494,364.94,1907,-190.70000000000002,1907,190.70000000000002,20255,-190.75
211.006500,0x132,8f 8e 81 07 2c 4f,6,36495,364.95,1921,-192.10000000000002,1921,192.10000000000002,20268,-191.4000000000001
211.016500,0x132,97 8e 73 07 1d 4f,6,36503,365.03000000000003,1907,-190.70000000000002,1907,190.70000000000002,20253,-190.6500000000001
211.026500,0x132,8c 8e 80 07 29 4f,6,36492,364.92,1920,-192.0,1920,192.0,20265,-191.25
211.036700,0x132,89 8e 73 07 21 4f,6,36489,364.89,1907,-190.70000000000002,1907,190.70000000000002,20257,-190.85000000000002
211.046600,0x132,a2 8e 80 07 2b 4f,6,36514,365.14,1920,-192.0,1920,192.0,20267,-191.35000000000002
211.056600,0x132,91 8e 74 07 22 4f,6,36497,364.97,1908,-190.8,1908,190.8,20258,-190.9000000000001
211.066600,0x132,97 8e 80 07 2b 4f,6,36503,365.03000000000003,1920,-192.0,1920,192.0,20267,-191.35000000000002
211.076600,0x132,7c 8e 72 07 24 4f,6,36476,364.76,1906,-190.60000000000002,1906,190.60000000000002,20260,-191.0
211.086800,0x132,8d 8e 80 07 2f 4f,6,36493,364.93,1920,-192.0,1920,192.0,20271,-191.55000000000007
211.096800,0x132,8c 8e 73 07 1b 4f,6,36492,364.92,1907,-190.70000000000002,1907,190.70000000000002,20251,-190.55000000000007
211.106500,0x132,9e 8e 80 07 2b 4f,6,36510,365.1,1920,-192.0,1920,192.0,20267,-191.35000000000002
211.116500,0x132,8f 8e 72 07 1c 4f,6,36495,364.95,1906,-190.60000000000002,1906,190.60000000000002,20252,-190.60000000000002
211.126600,0x132,97 8e 80 07 29 4f,6,36503,365.03000000000003,1920,-192.0,1920,192.0,20265,-191.25
211.136700,0x132,91 8e 72 07 1d 4f,6,36497,364.97,1906,-190.60000000000002,1906,190.60000000000002,20253,-190.6500000000001
211.146600,0x132,8f 8e 80 07 29 4f,6,36495,364.95,1920,-192.0,1920,192.0,20265,-191.25
211.156600,0x132,8a 8e 74 07 22 4f,6,36490,364.90000000000003,1908,-190.8,1908,190.8,20258,-190.9000000000001
211.166800,0x132,98 8e 80 07 2c 4f,6,36504,365.04,1920,-192.0,1920,192.0,20268,-191.4000000000001
211.176600,0x132,8c 8e 73 07 1d 4f,6,36492,364.92,1907,-190.70000000000002,1907,190.70000000000002,20253,-190.6500000000001
211.186700,0x132,8e 8e 80 07 2b 4f,6,36494,364.94,1920,-192.0,1920,192.0,20267,-191.35000000000002
211.196800,0x132,8c 8e 74 07 1d 4f,6,36492,364.92,1908,-190.8,1908,190.8,20253,-190.6500000000001
211.206500,0x132,99 8e 81 07 2a 4f,6,36505,365.05,1921,-192.10000000000002,1921,192.10000000000002,20266,-191.30000000000007
211.216500,0x132,9a 8e 73 07 1b 4f,6,36506,365.06,1907,-190.70000000000002,1907,190.70000000000002,20251,-190.55000000000007
211.226600,0x132,9c 8e 7f 07 27 4f,6,36508,365.08,1919,-191.9,1919,191.9,20263,-191.1500000000001
211.236500,0x132,9a 8e 74 07 21 4f,6,36506,365.06,1908,-190.8,1908,190.8,20257,-190.85000000000002
211.246600,0x132,9a 8e 81 07 2a 4f,6,36506,365.06,1921,-192.10000000000002,1921,192.10000000000002,20266,-191.30000000000007
211.256600,0x132,8a 8e 73 07 1a 4f,6,36490,364.90000000000003,1907,-190.70000000000002,1907,190.70000000000002,20250,-190.5
211.266900,0x132,8e 8e 81 07 2a 4f,6,36494,364.94,1921,-192.10000000000002,1921,192.10000000000002,20266,-191.30000000000007
211.276600,0x132,8c 8e 73 07 1a 4f,6,36492,364.92,1907,-190.70000000000002,1907,190.70000000000002,20250,-190.5
211.286700,0x132,93 8e 81 07 2a 4f,6,36499,364.99,1921,-192.10000000000002,1921,192.10000000000002,20266,-191.30000000000007
211.296800,0x132,96 8e 74 07 1f 4f,6,36502,365.02,1908,-190.8,1908,190.8,20255,-190.75
211.306600,0x132,91 8e 80 07 26 4f,6,36497,364.97,1920,-192.0,1920,192.0,20262,-191.10000000000002
211.316500,0x132,98 8e 74 07 1a 4f,6,36504,365.04,1908,-190.8,1908,190.8,20250,-190.5
211.326600,0x132,90 8e 80 07 27 4f,6,36496,364.96,1920,-192.0,1920,192.0,20263,-191.1500000000001
211.336600,0x132,88 8e 74 07 1a 4f,6,36488,364.88,1908,-190.8,1908,190.8,20250,-190.5
211.346600,0x132,92 8e 81 07 2a 4f,6,36498,364.98,1921,-192.10000000000002,1921,192.10000000000002,20266,-191.30000000000007
211.356600,0x132,88 8e 74 07 1c 4f,6,36488,364.88,1908,-190.8,1908,190.8,20252,-190.60000000000002
211.366600,0x132,84 8e 81 07 27 4f,6,36484,364.84000000000003,1921,-192.10000000000002,1921,192.10000000000002,20263,-191.1500000000001
211.376600,0x132,8c 8e 74 07 1f 4f,6,36492,364.92,1908,-190.8,1908,190.8,20255,-190.75
211.386600,0x132,90 8e 81 07 2a 4f,6,36496,364.96,1921,-192.10000000000002,1921,192.10000000000002,20266,-191.30000000000007
211.396800,0x132,8a 8e 73 07 1a 4f,6,36490,364.90000000000003,1907,-190.70000000000002,1907,190.70000000000002,20250,-190.5
211.406600,0x132,96 8e 82 07 2a 4f,6,36502,365.02,1922,-192.20000000000002,1922,192.20000000000002,20266,-191.30000000000007
211.416600,0x132,90 8e 74 07 1d 4f,6,36496,364.96,1908,-190.8,1908,190.8,20253,-190.6500000000001
211.426500,0x132,96 8e 80 07 2a 4f,6,36502,365.02,1920,-192.0,1920,192.0,20266,-191.30000000000007
211.436700,0x132,90 8e 73 07 17 4f,6,36496,364.96,1907,-190.70000000000002,1907,190.70000000000002,20247,-190.35000000000002
211.446600,0x132,8c 8e 81 07 2b 4f,6,36492,364.92,1921,-192.10000000000002,1921,192.10000000000002,20267,-191.35000000000002
211.456600,0x132,99 8e 74 07 15 4f,6,36505,365.05,1908,-190.8,1908,190.8,20245,-190.25
211.466600,0x132,96 8e 82 07 27 4f,6,36502,365.02,1922,-192.20000000000002,1922,192.20000000000002,20263,-191.1500000000001
211.476600,0x132,96 8e 73 07 16 4f,6,36502,365.02,1907,-190.70000000000002,1907,190.70000000000002,20246,-190.30000000000007
211.486600,0x132,96 8e 81 07 27 4f,6,36502,365.02,1921,-192.10000000000002,1921,192.10000000000002,20263,-191.1500000000001
211.496800,0x132,89 8e 74 07 18 4f,6,36489,364.89,1908,-190.8,1908,190.8,20248,-190.4000000000001
211.506600,0x132,91 8e 81 07 2c 4f,6,36497,364.97,1921,-192.10000000000002,1921,192.10000000000002,20268,-191.4000000000001
211.516800,0x132,8a 8e 74 07 1a 4f,6,36490,364.90000000000003,1908,-190.8,1908,190.8,20250,-190.5
211.526600,0x132,8a 8e 80 07 26 4f,6,36490,364.90000000000003,1920,-192.0,1920,192.0,20262,-191.10000000000002
211.536600,0x132,9b 8e 72 07 16 4f,6,36507,365.07,1906,-190.60000000000002,1906,190.60000000000002,20246,-190.30000000000007
211.546600,0x132,8f 8e 81 07 2a 4f,6,36495,364.95,1921,-192.10000000000002,1921,192.10000000000002,20266,-191.30000000000007
211.556900,0x132,92 8e 74 07 16 4f,6,36498,364.98,1908,-190.8,1908,190.8,20246,-190.30000000000007
211.566700,0x132,95 8e 81 07 29 4f,6,36501,365.01,1921,-192.10000000000002,1921,192.10000000000002,20265,-191.25
211.576600,0x132,91 8e 74 07 1a 4f,6,36497,364.97,1908,-190.8,1908,190.8,20250,-190.5
211.586600,0x132,8c 8e 82 07 2f 4f,6,36492,364.92,1922,-192.20000000000002,1922,192.20000000000002,20271,-191.55000000000007
211.596800,0x132,89 8e 74 07 13 4f,6,36489,364.89,1908,-190.8,1908,190.8,20243,-190.1500000000001
211.606600,0x132,97 8e 81 07 25 4f,6,36503,365.03000000000003,1921,-192.10000000000002,1921,192.10000000000002,20261,-191.05000000000007
211.616600,0x132,93 8e 73 07 15 4f,6,36499,364.99,1907,-190.70000000000002,1907,190.70000000000002,20245,-190.25
211.626600,0x132,90 8e 81 07 24 4f,6,36496,364.96,1921,-192.10000000000002,1921,192.10000000000002,20260,-191.0
211.636600,0x132,97 8e 74 07 17 4f,6,36503,365.03000000000003,1908,-190.8,1908,190.8,20247,-190.35000000000002
211.646600,0x132,97 8e 81 07 29 4f,6,36503,365.03000000000003,1921,-192.10000000000002,1921,192.10000000000002,20265,-191.25
211.656600,0x132,92 8e 75 07 1a 4f,6,36498,364.98,1909,-190.9,1909,190.9,20250,-190.5
211.666800,0x132,97 8e 81 07 25 4f,6,36503,365.03000000000003,1921,-192.10000000000002,1921,192.10000000000002,20261,-191.05000000000007
211.676600,0x132,95 8e 74 07 16 4f,6,36501,365.01,1908,-190.8,1908,190.8,20246,-190.30000000000007
211.686700,0x132,98 8e 82 07 2c 4f,6,36504,365.04,1922,-192.20000000000002,1922,192.20000000000002,20268,-191.4000000000001
211.696800,0x132,95 8e 73 07 15 4f,6,36501,365.01,1907,-190.70000000000002,1907,190.70000000000002,20245,-190.25
211.706600,0x132,88 8e 81 07 27 4f,6,36488,364.88,1921,-192.10000000000002,1921,192.10000000000002,20263,-191.1500000000001
211.716600,0x132,95 8e 73 07 18 4f,6,36501,365.01,1907,-190.70000000000002,1907,190.70000000000002,20248,-190.4000000000001
211.726600,0x132,7e 8e 80 07 20 4f,6,36478,364.78000000000003,1920,-192.0,1920,192.0,20256,-190.80000000000007
211.736800,0x132,87 8e 73 07 15 4f,6,36487,364.87,1907,-190.70000000000002,1907,190.70000000000002,20245,-190.25
211.746600,0x132,83 8e 81 07 21 4f,6,36483,364.83,1921,-192.10000000000002,1921,192.10000000000002,20257,-190.85000000000002
211.756600,0x132,91 8e 74 07 17 4f,6,36497,364.97,1908,-190.8,1908,190.8,20247,-190.35000000000002
211.766800,0x132,96 8e 81 07 22 4f,6,36502,365.02,1921,-192.10000000000002,1921,192.10000000000002,20258,-190.9000000000001
211.776600,0x132,9b 8e 74 07 17 4f,6,36507,365.07,1908,-190.8,1908,190.8,20247,-190.35000000000002
211.786800,0x132,94 8e 82 07 25 4f,6,36500,365.0,1922,-192.20000000000002,1922,192.20000000000002,20261,-191.05000000000007
211.796800,0x132,92 8e 74 07 18 4f,6,36498,364.98,1908,-190.8,1908,190.8,20248,-190.4000000000001
211.806600,0x132,a0 8e 81 07 25 4f,6,36512,365.12,1921,-192.10000000000002,1921,192.10000000000002,20261,-191.05000000000007
211.816600,0x132,89 8e 74 07 13 4f,6,36489,364.89,1908,-190.8,1908,190.8,20243,-190.1500000000001
211.826600,0x132,90 8e 81 07 24 4f,6,36496,364.96,1921,-192.10000000000002,1921,192.10000000000002,20260,-191.0
211.836700,0x132,85 8e 74 07 15 4f,6,36485,364.85,1908,-190.8,1908,190.8,20245,-190.25
211.846600,0x132,93 8e 81 07 24 4f,6,36499,364.99,1921,-192.10000000000002,1921,192.10000000000002,20260,-191.0
211.856600,0x132,91 8e 73 07 15 4f,6,36497,364.97,1907,-190.70000000000002,1907,190.70000000000002,20245,-190.25
211.866700,0x132,8c 8e 82 07 2a 4f,6,36492,364.92,1922,-192.20000000000002,1922,192.20000000000002,20266,-191.30000000000007
211.876600,0x132,8a 8e 74 07 13 4f,6,36490,364.90000000000003,1908,-190.8,1908,190.8,20243,-190.1500000000001
211.886700,0x132,90 8e 82 07 29 4f,6,36496,364.96,1922,-192.20000000000002,1922,192.20000000000002,20265,-191.25
211.896900,0x132,96 8e 75 07 1a 4f,6,36502,365.02,1909,-190.9,1909,190.9,20250,-190.5
211.906600,0x132,92 8e 82 07 21 4f,6,36498,364.98,1922,-192.20000000000002,1922,192.20000000000002,20257,-190.85000000000002
211.916600,0x132,8d 8e 73 07 16 4f,6,36493,364.93,1907,-190.70000000000002,1907,190.70000000000002,20246,-190.30000000000007
211.926600,0x132,8d 8e 81 07 27 4f,6,36493,364.93,1921,-192.10000000000002,1921,192.10000000000002,20263,-191.1500000000001
211.936700,0x132,92 8e 75 07 15 4f,6,36498,364.98,1909,-190.9,1909,190.9,20245,-190.25
211.946600,0x132,82 8e 82 07 26 4f,6,36482,364.82,1922,-192.20000000000002,1922,192.20000000000002,20262,-191.10000000000002
211.956600,0x132,86 8e 74 07 15 4f,6,36486,364.86,1908,-190.8,1908,190.8,20245,-190.25
211.966900,0x132,8b 8e 81 07 24 4f,6,36491,364.91,1921,-192.10000000000002,1921,192.10000000000002,20260,-191.0
211.976600,0x132,86 8e 74 07 17 4f,6,36486,364.86,1908,-190.8,1908,190.8,20247,-190.35000000000002
211.986600,0x132,89 8e 82 07 26 4f,6,36489,364.89,1922,-192.20000000000002,1922,192.20000000000002,20262,-191.10000000000002
211.996800,0x132,8a 8e 73 07 11 4f,6,36490,364.90000000000003,1907,-190.70000000000002,1907,190.70000000000002,20241,-190.05000000000007
212.006600,0x132,94 8e 83 07 27 4f,6,36500,365.0,1923,-192.3,1923,192.3,20263,-191.1500000000001
212.016600,0x132,8f 8e 74 07 12 4f,6,36495,364.95,1908,-190.8,1908,190.8,20242,-190.10000000000002
212.026700,0x132,90 8e 82 07 26 4f,6,36496,364.96,1922,-192.20000000000002,1922,192.20000000000002,20262,-191.10000000000002
212.036600,0x132,90 8e 75 07 13 4f,6,36496,364.96,1909,-190.9,1909,190.9,20243,-190.1500000000001
212.046600,0x132,97 8e 83 07 26 4f,6,36503,365.03000000000003,1923,-192.3,1923,192.3,20262,-191.10000000000002
212.056600,0x132,85 8e 75 07 13 4f,6,36485,364.85,1909,-190.9,1909,190.9,20243,-190.1500000000001
212.066700,0x132,7c 8e 81 07 25 4f,6,36476,364.76,1921,-192.10000000000002,1921,192.10000000000002,20261,-191.05000000000007
212.076600,0x132,87 8e 75 07 15 4f,6,36487,364.87,1909,-190.9,1909,190.9,20245,-190.25
212.086700,0x132,8a 8e 82 07 27 4f,6,36490,364.90000000000003,1922,-192.20000000000002,1922,192.20000000000002,20263,-191.1500000000001
212.096800,0x132,9b 8e 75 07 13 4f,6,36507,365.07,1909,-190.9,1909,190.9,20243,-190.1500000000001
212.106600,0x132,8d 8e 83 07 29 4f,6,36493,364.93,1923,-192.3,1923,192.3,20265,-191.25
212.116600,0x132,86 8e 75 07 11 4f,6,36486,364.86,1909,-190.9,1909,190.9,20241,-190.05000000000007
212.126700,0x132,8d 8e 82 07 21 4f,6,36493,364.93,1922,-192.20000000000002,1922,192.20000000000002,20257,-190.85000000000002
212.136700,0x132,85 8e 73 07 11 4f,6,36485,364.85,1907,-190.70000000000002,1907,190.70000000000002,20241,-190.05000000000007
212.146600,0x132,93 8e 81 07 21 4f,6,36499,364.99,1921,-192.10000000000002,1921,192.10000000000002,20257,-190.85000000000002
212.156600,0x132,8e 8e 73 07 15 4f,6,36494,364.94,1907,-190.70000000000002,1907,190.70000000000002,20245,-190.25
212.166900,0x132,8c 8e 82 07 24 4f,6,36492,364.92,1922,-192.20000000000002,1922,192.20000000000002,20260,-191.0
212.176600,0x132,7e 8e 74 07 11 4f,6,36478,364.78000000000003,1908,-190.8,1908,190.8,20241,-190.05000000000007
212.186600,0x132,90 8e 82 07 20 4f,6,36496,364.96,1922,-192.20000000000002,1922,192.20000000000002,20256,-190.80000000000007
212.196800,0x132,8d 8e 74 07 12 4f,6,36493,364.93,1908,-190.8,1908,190.8,20242,-190.10000000000002
212.206600,0x132,95 8e 82 07 24 4f,6,36501,365.01,1922,-192.20000000000002,1922,192.20000000000002,20260,-191.0
212.216600,0x132,91 8e 71 07 11 4f,6,36497,364.97,1905,-190.5,1905,190.5,20241,-190.05000000000007
212.226600,0x132,89 8e 84 07 3d 4f,6,36489,364.89,1924,-192.4,1924,192.4,20285,-192.25
212.236600,0x132,7b 8e 74 07 17 4f,6,36475,364.75,1908,-190.8,1908,190.8,20247,-190.35000000000002
212.246600,0x132,9a 8e 85 07 3d 4f,6,36506,365.06,1925,-192.5,1925,192.5,20285,-192.25
212.256600,0x132,9a 8e 77 07 18 4f,6,36506,365.06,1911,-191.10000000000002,1911,191.10000000000002,20248,-190.4000000000001
212.266900,0x132,92 8e 7e 07 35 4f,6,36498,364.98,1918,-191.8,1918,191.8,20277,-191.85000000000002
212.276700,0x132,89 8e 75 07 18 4f,6,36489,364.89,1909,-190.9,1909,190.9,20248,-190.4000000000001
212.286600,0x132,7d 8e 86 07 3f 4f,6,36477,364.77,1926,-192.60000000000002,1926,192.60000000000002,20287,-192.35000000000002
212.296800,0x132,8d 8e 76 07 18 4f,6,36493,364.93,1910,-191.0,1910,191.0,20248,-190.4000000000001
212.306600,0x132,92 8e 85 07 3e 4f,6,36498,364.98,1925,-192.5,1925,192.5,20286,-192.30000000000007
212.316600,0x132,95 8e 76 07 16 4f,6,36501,365.01,1910,-191.0,1910,191.0,20246,-190.30000000000007
212.326700,0x132,90 8e 84 07 3d 4f,6,36496,364.96,1924,-192.4,1924,192.4,20285,-192.25
212.336800,0x132,93 8e 77 07 1d 4f,6,36499,364.99,1911,-191.10000000000002,1911,191.10000000000002,20253,-190.6500000000001
212.346600,0x132,8c 8e 84 07 40 4f,6,36492,364.92,1924,-192.4,1924,192.4,20288,-192.4000000000001
212.356600,0x132,92 8e 73 07 17 4f,6,36498,364.98,1907,-190.70000000000002,1907,190.70000000000002,20247,-190.35000000000002
212.366800,0x132,85 8e 82 07 3f 4f,6,36485,364.85,1922,-192.20000000000002,1922,192.20000000000002,20287,-192.35000000000002
212.376700,0x132,89 8e 77 07 1d 4f,6,36489,364.89,1911,-191.10000000000002,1911,191.10000000000002,20253,-190.6500000000001
212.386600,0x132,99 8e 85 07 3f 4f,6,36505,365.05,1925,-192.5,1925,192.5,20287,-192.35000000000002
212.396800,0x132,89 8e 77 07 1c 4f,6,36489,364.89,1911,-191.10000000000002,1911,191.10000000000002,20252,-190.60000000000002
212.406600,0x132,95 8e 85 07 3f 4f,6,36501,365.01,1925,-192.5,1925,192.5,20287,-192.35000000000002
212.416600,0x132,92 8e 76 07 1b 4f,6,36498,364.98,1910,-191.0,1910,191.0,20251,-190.55000000000007
212.426600,0x132,89 8e 84 07 3e 4f,6,36489,364.89,1924,-192.4,1924,192.4,20286,-192.30000000000007
212.436700,0x132,8d 8e 75 07 1b 4f,6,36493,364.93,1909,-190.9,1909,190.9,20251,-190.55000000000007
212.446700,0x132,9e 8e 85 07 3e 4f,6,36510,365.1,1925,-192.5,1925,192.5,20286,-192.30000000000007
212.456600,0x132,8c 8e 75 07 1d 4f,6,36492,364.92,1909,-190.9,1909,190.9,20253,-190.6500000000001
212.466600,0x132,9f 8e 81 07 3e 4f,6,36511,365.11,1921,-192.10000000000002,1921,192.10000000000002,20286,-192.30000000000007
212.476700,0x132,86 8e 76 07 18 4f,6,36486,364.86,1910,-191.0,1910,191.0,20248,-190.4000000000001
212.486700,0x132,86 8e 85 07 40 4f,6,36486,364.86,1925,-192.5,1925,192.5,20288,-192.4000000000001
212.496800,0x132,84 8e 76 07 1c 4f,6,36484,364.84000000000003,1910,-191.0,1910,191.0,20252,-190.60000000000002
212.506600,0x132,93 8e 85 07 3e 4f,6,36499,364.99,1925,-192.5,1925,192.5,20286,-192.30000000000007
212.516800,0x132,87 8e 76 07 1d 4f,6,36487,364.87,1910,-191.0,1910,191.0,20253,-190.6500000000001
212.526700,0x132,84 8e 84 07 43 4f,6,36484,364.84000000000003,1924,-192.4,1924,192.4,20291,-192.55000000000007
212.536800,0x132,87 8e 76 07 1b 4f,6,36487,364.87,1910,-191.0,1910,191.0,20251,-190.55000000000007
212.546600,0x132,97 8e 84 07 3a 4f,6,36503,365.03000000000003,1924,-192.4,1924,192.4,20282,-192.10000000000002
212.556800,0x132,88 8e 76 07 1f 4f,6,36488,364.88,1910,-191.0,1910,191.0,20255,-190.75
212.566700,0x132,86 8e 89 07 3f 4f,6,36486,364.86,1929,-192.9,1929,192.9,20287,-192.35000000000002
212.576700,0x132,86 8e 77 07 20 4f,6,36486,364.86,1911,-191.10000000000002,1911,191.10000000000002,20256,-190.80000000000007
212.586600,0x132,90 8e 85 07 40 4f,6,36496,364.96,1925,-192.5,1925,192.5,20288,-192.4000000000001
212.596800,0x132,93 8e 76 07 1d 4f,6,36499,364.99,1910,-191.0,1910,191.0,20253,-190.6500000000001
212.606600,0x132,92 8e 86 07 43 4f,6,36498,364.98,1926,-192.60000000000002,1926,192.60000000000002,20291,-192.55000000000007
212.616600,0x132,88 8e 77 07 21 4f,6,36488,364.88,1911,-191.10000000000002,1911,191.10000000000002,20257,-190.85000000000002
212.626600,0x132,8e 8e 85 07 44 4f,6,36494,364.94,1925,-192.5,1925,192.5,20292,-192.60000000000002
212.636600,0x132,8e 8e 78 07 20 4f,6,36494,364.94,1912,-191.20000000000002,1912,191.20000000000002,20256,-190.80000000000007
212.646600,0x132,8b 8e 85 07 45 4f,6,36491,364.91,1925,-192.5,1925,192.5,20293,-192.6500000000001
212.656600,0x132,8c 8e 78 07 1f 4f,6,36492,364.92,1912,-191.20000000000002,1912,191.20000000000002,20255,-190.75
212.666700,0x132,93 8e 89 07 47 4f,6,36499,364.99,1929,-192.9,1929,192.9,20295,-192.75
212.676700,0x132,85 8e 77 07 22 4f,6,36485,364.85,1911,-191.10000000000002,1911,191.10000000000002,20258,-190.9000000000001
212.686700,0x132,97 8e 85 07 42 4f,6,36503,365.03000000000003,1925,-192.5,1925,192.5,20290,-192.5
212.696800,0x132,90 8e 77 07 27 4f,6,36496,364.96,1911,-191.10000000000002,1911,191.10000000000002,20263,-191.1500000000001
212.706600,0x132,97 8e 85 07 42 4f,6,36503,365.03000000000003,1925,-192.5,1925,192.5,20290,-192.5
212.716600,0x132,9d 8e 78 07 21 4f,6,36509,365.09000000000003,1912,-191.20000000000002,1912,191.20000000000002,20257,-190.85000000000002
212.726700,0x132,8e 8e 85 07 43 4f,6,36494,364.94,1925,-192.5,1925,192.5,20291,-192.55000000000007
212.736700,0x132,93 8e 78 07 22 4f,6,36499,364.99,1912,-191.20000000000002,1912,191.20000000000002,20258,-190.9000000000001
212.746600,0x132,a0 8e 85 07 45 4f,6,36512,365.12,1925,-192.5,1925,192.5,20293,-192.6500000000001
212.756700,0x132,93 8e 75 07 22 4f,6,36499,364.99,1909,-190.9,1909,190.9,20258,-190.9000000000001
212.766800,0x132,9b 8e 85 07 4e 4f,6,36507,365.07,1925,-192.5,1925,192.5,20302,-193.10000000000002
212.776700,0x132,93 8e 77 07 24 4f,6,36499,364.99,1911,-191.10000000000002,1911,191.10000000000002,20260,-191.0
212.786700,0x132,8e 8e 85 07 4d 4f,6,36494,364.94,1925,-192.5,1925,192.5,20301,-193.05000000000007
212.796800,0x132,94 8e 77 07 26 4f,6,36500,365.0,1911,-191.10000000000002,1911,191.10000000000002,20262,-191.10000000000002
212.806600,0x132,8f 8e 84 07 45 4f,6,36495,364.95,1924,-192.4,1924,192.4,20293,-192.6500000000001
212.816600,0x132,86 8e 78 07 25 4f,6,36486,364.86,1912,-191.20000000000002,1912,191.20000000000002,20261,-191.05000000000007
212.826600,0x132,87 8e 84 07 4a 4f,6,36487,364.87,1924,-192.4,1924,192.4,20298,-192.9000000000001
212.836600,0x132,8b 8e 77 07 2a 4f,6,36491,364.91,1911,-191.10000000000002,1911,191.10000000000002,20266,-191.30000000000007
212.846600,0x132,a1 8e 85 07 49 4f,6,36513,365.13,1925,-192.5,1925,192.5,20297,-192.85000000000002
212.856700,0x132,89 8e 77 07 26 4f,6,36489,364.89,1911,-191.10000000000002,1911,191.10000000000002,20262,-191.10000000000002
212.866700,0x132,89 8e 84 07 49 4f,6,36489,364.89,1924,-192.4,1924,192.4,20297,-192.85000000000002
212.876700,0x132,76 8e 77 07 29 4f,6,36470,364.7,1911,-191.10000000000002,1911,191.10000000000002,20265,-191.25
212.886600,0x132,96 8e 85 07 49 4f,6,36502,365.02,1925,-192.5,1925,192.5,20297,-192.85000000000002
212.896800,0x132,94 8e 76 07 26 4f,6,36500,365.0,1910,-191.0,1910,191.0,20262,-191.10000000000002
212.906600,0x132,8f 8e 85 07 47 4f,6,36495,364.95,1925,-192.5,1925,192.5,20295,-192.75
212.916600,0x132,9a 8e 76 07 25 4f,6,36506,365.06,1910,-191.0,1910,191.0,20261,-191.05000000000007
212.926700,0x132,90 8e 85 07 44 4f,6,36496,364.96,1925,-192.5,1925,192.5,20292,-192.60000000000002
212.936600,0x132,91 8e 76 07 22 4f,6,36497,364.97,1910,-191.0,1910,191.0,20258,-190.9000000000001
212.946600,0x132,86 8e 84 07 4d 4f,6,36486,364.86,1924,-192.4,1924,192.4,20301,-193.05000000000007
212.956600,0x132,92 8e 78 07 29 4f,6,36498,364.98,1912,-191.20000000000002,1912,191.20000000000002,20265,-191.25
212.966700,0x132,99 8e 84 07 4d 4f,6,36505,365.05,1924,-192.4,1924,192.4,20301,-193.05000000000007
212.976700,0x132,87 8e 77 07 24 4f,6,36487,364.87,1911,-191.10000000000002,1911,191.10000000000002,20260,-191.0
212.986600,0x132,99 8e 85 07 4d 4f,6,36505,365.05,1925,-192.5,1925,192.5,20301,-193.05000000000007
212.996800,0x132,8c 8e 77 07 26 4f,6,36492,364.92,1911,-191.10000000000002,1911,191.10000000000002,20262,-191.10000000000002
213.006600,0x132,8b 8e 85 07 49 4f,6,36491,364.91,1925,-192.5,1925,192.5,20297,-192.85000000000002
213.016600,0x132,8c 8e 78 07 2a 4f,6,36492,364.92,1912,-191.20000000000002,1912,191.20000000000002,20266,-191.30000000000007
213.026600,0x132,93 8e 84 07 45 4f,6,36499,364.99,1924,-192.4,1924,192.4,20293,-192.6500000000001
213.036600,0x132,9b 8e 77 07 26 4f,6,36507,365.07,1911,-191.10000000000002,1911,191.10000000000002,20262,-191.10000000000002
213.046700,0x132,96 8e 85 07 4e 4f,6,36502,365.02,1925,-192.5,1925,192.5,20302,-193.10000000000002
213.056600,0x132,84 8e 79 07 27 4f,6,36484,364.84000000000003,1913,-191.3,1913,191.3,20263,-191.1500000000001
213.066600,0x132,80 8e 86 07 4a 4f,6,36480,364.8,1926,-192.60000000000002,1926,192.60000000000002,20298,-192.9000000000001
213.076700,0x132,91 8e 77 07 27 4f,6,36497,364.97,1911,-191.10000000000002,1911,191.10000000000002,20263,-191.1500000000001
213.086600,0x132,93 8e 85 07 51 4f,6,36499,364.99,1925,-192.5,1925,192.5,20305,-193.25
213.096800,0x132,97 8e 77 07 29 4f,6,36503,365.03000000000003,1911,-191.10000000000002,1911,191.10000000000002,20265,-191.25
213.106700,0x132,8b 8e 86 07 4d 4f,6,36491,364.91,1926,-192.60000000000002,1926,192.60000000000002,20301,-193.05000000000007
213.116600,0x132,97 8e 77 07 2a 4f,6,36503,365.03000000000003,1911,-191.10000000000002,1911,191.10000000000002,20266,-191.30000000000007
213.126700,0x132,7d 8e 85 07 51 4f,6,36477,364.77,1925,-192.5,1925,192.5,20305,-193.25
213.136700,0x132,8a 8e 77 07 2a 4f,6,36490,364.90000000000003,1911,-191.10000000000002,1911,191.10000000000002,20266,-191.30000000000007
213.146700,0x132,84 8e 85 07 53 4f,6,36484,364.84000000000003,1925,-192.5,1925,192.5,20307,-193.35000000000002
213.156600,0x132,96 8e 77 07 2a 4f,6,36502,365.02,1911,-191.10000000000002,1911,191.10000000000002,20266,-191.30000000000007
213.166700,0x132,9f 8e 84 07 4e 4f,6,36511,365.11,1924,-192.4,1924,192.4,20302,-193.10000000000002
213.176700,0x132,88 8e 76 07 2a 4f,6,36488,364.88,1910,-191.0,1910,191.0,20266,-191.30000000000007
213.186700,0x132,9a 8e 84 07 52 4f,6,36506,365.06,1924,-192.4,1924,192.4,20306,-193.30000000000007
213.196800,0x132,89 8e 79 07 33 4f,6,36489,364.89,1913,-191.3,1913,191.3,20275,-191.75
213.206600,0x132,97 8e 84 07 4f 4f,6,36503,365.03000000000003,1924,-192.4,1924,192.4,20303,-193.1500000000001
213.216600,0x132,97 8e 78 07 2b 4f,6,36503,365.03000000000003,1912,-191.20000000000002,1912,191.20000000000002,20267,-191.35000000000002
213.226600,0x132,9d 8e 86 07 54 4f,6,36509,365.09000000000003,1926,-192.60000000000002,1926,192.60000000000002,20308,-193.4000000000001
213.236600,0x132,8f 8e 78 07 31 4f,6,36495,364.95,1912,-191.20000000000002,1912,191.20000000000002,20273,-191.6500000000001
213.246800,0x132,8d 8e 85 07 55 4f,6,36493,364.93,1925,-192.5,1925,192.5,20309,-193.45000000000005
213.256700,0x132,85 8e 78 07 31 4f,6,36485,364.85,1912,-191.20000000000002,1912,191.20000000000002,20273,-191.6500000000001
213.266700,0x132,9f 8e 85 07 4f 4f,6,36511,365.11,1925,-192.5,1925,192.5,20303,-193.1500000000001
213.276700,0x132,96 8e 78 07 2a 4f,6,36502,365.02,1912,-191.20000000000002,1912,191.20000000000002,20266,-191.30000000000007
213.286600,0x132,87 8e 84 07 52 4f,6,36487,364.87,1924,-192.4,1924,192.4,20306,-193.30000000000007
213.296800,0x132,85 8e 77 07 2f 4f,6,36485,364.85,1911,-191.10000000000002,1911,191.10000000000002,20271,-191.55000000000007
213.306600,0x132,88 8e 86 07 53 4f,6,36488,364.88,1926,-192.60000000000002,1926,192.60000000000002,20307,-193.35000000000002
213.316600,0x132,88 8e 77 07 31 4f,6,36488,364.88,1911,-191.10000000000002,1911,191.10000000000002,20273,-191.6500000000001
213.326700,0x132,90 8e 85 07 52 4f,6,36496,364.96,1925,-192.5,1925,192.5,20306,-193.30000000000007
213.336800,0x132,87 8e 76 07 30 4f,6,36487,364.87,1910,-191.0,1910,191.0,20272,-191.60000000000002
213.346700,0x132,91 8e 85 07 53 4f,6,36497,364.97,1925,-192.5,1925,192.5,20307,-193.35000000000002
213.356600,0x132,84 8e 77 07 30 4f,6,36484,364.84000000000003,1911,-191.10000000000002,1911,191.10000000000002,20272,-191.60000000000002
213.366700,0x132,89 8e 84 07 51 4f,6,36489,364.89,1924,-192.4,1924,192.4,20305,-193.25
213.376700,0x132,9c 8e 78 07 2e 4f,6,36508,365.08,1912,-191.20000000000002,1912,191.20000000000002,20270,-191.5
213.386600,0x132,92 8e 85 07 54 4f,6,36498,364.98,1925,-192.5,1925,192.5,20308,-193.4000000000001
213.396800,0x132,82 8e 77 07 34 4f,6,36482,364.82,1911,-191.10000000000002,1911,191.10000000000002,20276,-191.80000000000007
213.406600,0x132,87 8e 84 07 53 4f,6,36487,364.87,1924,-192.4,1924,192.4,20307,-193.35000000000002
213.416600,0x132,8e 8e 77 07 2e 4f,6,36494,364.94,1911,-191.10000000000002,1911,191.10000000000002,20270,-191.5
213.426600,0x132,92 8e 86 07 58 4f,6,36498,364.98,1926,-192.60000000000002,1926,192.60000000000002,20312,-193.60000000000002
213.436700,0x132,97 8e 78 07 31 4f,6,36503,365.03000000000003,1912,-191.20000000000002,1912,191.20000000000002,20273,-191.6500000000001
213.446700,0x132,8f 8e 85 07 58 4f,6,36495,364.95,1925,-192.5,1925,192.5,20312,-193.60000000000002
213.456600,0x132,8f 8e 78 07 36 4f,6,36495,364.95,1912,-191.20000000000002,1912,191.20000000000002,20278,-191.9000000000001
213.466700,0x132,99 8e 86 07 55 4f,6,36505,365.05,1926,-192.60000000000002,1926,192.60000000000002,20309,-193.45000000000005
213.476700,0x132,88 8e 78 07 35 4f,6,36488,364.88,1912,-191.20000000000002,1912,191.20000000000002,20277,-191.85000000000002
213.486800,0x132,84 8e 85 07 53 4f,6,36484,364.84000000000003,1925,-192.5,1925,192.5,20307,-193.35000000000002
213.496800,0x132,84 8e 78 07 38 4f,6,36484,364.84000000000003,1912,-191.20000000000002,1912,191.20000000000002,20280,-192.0
213.506600,0x132,95 8e 85 07 52 4f,6,36501,365.01,1925,-192.5,1925,192.5,20306,-193.30000000000007
213.516800,0x132,91 8e 78 07 2f 4f,6,36497,364.97,1912,-191.20000000000002,1912,191.20000000000002,20271,-191.55000000000007
213.526700,0x132,95 8e 84 07 58 4f,6,36501,365.01,1924,-192.4,1924,192.4,20312,-193.60000000000002
213.536700,0x132,83 8e 77 07 2f 4f,6,36483,364.83,1911,-191.10000000000002,1911,191.10000000000002,20271,-191.55000000000007
213.546700,0x132,97 8e 85 07 55 4f,6,36503,365.03000000000003,1925,-192.5,1925,192.5,20309,-193.45000000000005
213.556700,0x132,8b 8e 78 07 33 4f,6,36491,364.91,1912,-191.20000000000002,1912,191.20000000000002,20275,-191.75
213.566700,0x132,89 8e 85 07 59 4f,6,36489,364.89,1925,-192.5,1925,192.5,20313,-193.6500000000001
213.576800,0x132,87 8e 77 07 33 4f,6,36487,364.87,1911,-191.10000000000002,1911,191.10000000000002,20275,-191.75
213.586600,0x132,89 8e 85 07 59 4f,6,36489,364.89,1925,-192.5,1925,192.5,20313,-193.6500000000001
213.596800,0x132,8e 8e 77 07 35 4f,6,36494,364.94,1911,-191.10000000000002,1911,191.10000000000002,20277,-191.85000000000002
213.606600,0x132,98 8e 85 07 58 4f,6,36504,365.04,1925,-192.5,1925,192.5,20312,-193.60000000000002
213.616600,0x132,8e 8e 78 07 36 4f,6,36494,364.94,1912,-191.20000000000002,1912,191.20000000000002,20278,-191.9000000000001
213.626600,0x132,9a 8e 86 07 5e 4f,6,36506,365.06,1926,-192.60000000000002,1926,192.60000000000002,20318,-193.9000000000001
213.636700,0x132,9a 8e 77 07 30 4f,6,36506,365.06,1911,-191.10000000000002,1911,191.10000000000002,20272,-191.60000000000002
213.646700,0x132,86 8e 84 07 57 4f,6,36486,364.86,1924,-192.4,1924,192.4,20311,-193.55000000000007
213.656700,0x132,84 8e 76 07 38 4f,6,36484,364.84000000000003,1910,-191.0,1910,191.0,20280,-192.0
213.666600,0x132,98 8e 85 07 54 4f,6,36504,365.04,1925,-192.5,1925,192.5,20308,-193.4000000000001
213.676800,0x132,a0 8e 77 07 36 4f,6,36512,365.12,1911,-191.10000000000002,1911,191.10000000000002,20278,-191.9000000000001
213.686600,0x132,8c 8e 84 07 58 4f,6,36492,364.92,1924,-192.4,1924,192.4,20312,-193.60000000000002
213.696800,0x132,97 8e 75 07 31 4f,6,36503,365.03000000000003,1909,-190.9,1909,190.9,20273,-191.6500000000001
213.706600,0x132,96 8e 85 07 5d 4f,6,36502,365.02,1925,-192.5,1925,192.5,20317,-193.85000000000002
213.716600,0x132,99 8e 77 07 3a 4f,6,36505,365.05,1911,-191.10000000000002,1911,191.10000000000002,20282,-192.10000000000002
213.726800,0x132,8e 8e 84 07 5a 4f,6,36494,364.94,1924,-192.4,1924,192.4,20314,-193.70000000000005
213.736700,0x132,8c 8e 77 07 30 4f,6,36492,364.92,1911,-191.10000000000002,1911,191.10000000000002,20272,-191.60000000000002
213.746700,0x132,8b 8e 86 07 5a 4f,6,36491,364.91,1926,-192.60000000000002,1926,192.60000000000002,20314,-193.70000000000005
213.756700,0x132,89 8e 77 07 34 4f,6,36489,364.89,1911,-191.10000000000002,1911,191.10000000000002,20276,-191.80000000000007
213.766700,0x132,8e 8e 85 07 5d 4f,6,36494,364.94,1925,-192.5,1925,192.5,20317,-193.85000000000002
213.776800,0x132,90 8e 76 07 38 4f,6,36496,364.96,1910,-191.0,1910,191.0,20280,-192.0
213.786600,0x132,8f 8e 84 07 55 4f,6,36495,364.95,1924,-192.4,1924,192.4,20309,-193.45000000000005
213.796800,0x132,8e 8e 77 07 34 4f,6,36494,364.94,1911,-191.10000000000002,1911,191.10000000000002,20276,-191.80000000000007
213.806600,0x132,99 8e 84 07 58 4f,6,36505,365.05,1924,-192.4,1924,192.4,20312,-193.60000000000002
213.816600,0x132,88 8e 76 07 2f 4f,6,36488,364.88,1910,-191.0,1910,191.0,20271,-191.55000000000007
213.826800,0x132,98 8e 85 07 61 4f,6,36504,365.04,1925,-192.5,1925,192.5,20321,-194.05000000000007
213.836700,0x132,8d 8e 77 07 34 4f,6,36493,364.93,1911,-191.10000000000002,1911,191.10000000000002,20276,-191.80000000000007
213.846800,0x132,92 8e 85 07 5e 4f,6,36498,364.98,1925,-192.5,1925,192.5,20318,-193.9000000000001
213.856700,0x132,93 8e 77 07 31 4f,6,36499,364.99,1911,-191.10000000000002,1911,191.10000000000002,20273,-191.6500000000001
213.866600,0x132,91 8e 84 07 5d 4f,6,36497,364.97,1924,-192.4,1924,192.4,20317,-193.85000000000002
213.876800,0x132,8e 8e 77 07 36 4f,6,36494,364.94,1911,-191.10000000000002,1911,191.10000000000002,20278,-191.9000000000001
213.886800,0x132,98 8e 84 07 5f 4f,6,36504,365.04,1924,-192.4,1924,192.4,20319,-193.95000000000005
213.896900,0x132,8f 8e 78 07 34 4f,6,36495,364.95,1912,-191.20000000000002,1912,191.20000000000002,20276,-191.80000000000007
213.906600,0x132,8e 8e 84 07 5a 4f,6,36494,364.94,1924,-192.4,1924,192.4,20314,-193.70000000000005
213.916600,0x132,82 8e 76 07 33 4f,6,36482,364.82,1910,-191.0,1910,191.0,20275,-191.75
213.926800,0x132,88 8e 84 07 61 4f,6,36488,364.88,1924,-192.4,1924,192.4,20321,-194.05000000000007
213.936700,0x132,86 8e 77 07 36 4f,6,36486,364.86,1911,-191.10000000000002,1911,191.10000000000002,20278,-191.9000000000001
213.946700,0x132,80 8e 85 07 5f 4f,6,36480,364.8,1925,-192.5,1925,192.5,20319,-193.95000000000005
213.956700,0x132,94 8e 77 07 36 4f,6,36500,365.0,1911,-191.10000000000002,1911,191.10000000000002,20278,-191.9000000000001
213.966800,0x132,82 8e 84 07 5c 4f,6,36482,364.82,1924,-192.4,1924,192.4,20316,-193.80000000000007
213.976800,0x132,89 8e 78 07 3b 4f,6,36489,364.89,1912,-191.20000000000002,1912,191.20000000000002,20283,-192.1500000000001
213.986700,0x132,92 8e 85 07 59 4f,6,36498,364.98,1925,-192.5,1925,192.5,20313,-193.6500000000001
213.996900,0x132,8e 8e 76 07 38 4f,6,36494,364.94,1910,-191.0,1910,191.0,20280,-192.0
214.006700,0x132,98 8e 85 07 62 4f,6,36504,365.04,1925,-192.5,1925,192.5,20322,-194.10000000000002
214.016600,0x132,82 8e 78 07 3a 4f,6,36482,364.82,1912,-191.20000000000002,1912,191.20000000000002,20282,-192.10000000000002
214.026600,0x132,8c 8e 85 07 5f 4f,6,36492,364.92,1925,-192.5,1925,192.5,20319,-193.95000000000005
214.036700,0x132,81 8e 77 07 3a 4f,6,36481,364.81,1911,-191.10000000000002,1911,191.10000000000002,20282,-192.10000000000002
214.046700,0x132,86 8e 84 07 57 4f,6,36486,364.86,1924,-192.4,1924,192.4,20311,-193.55000000000007
214.056700,0x132,8f 8e 76 07 34 4f,6,36495,364.95,1910,-191.0,1910,191.0,20276,-191.80000000000007
214.066800,0x132,9a 8e 85 07 5f 4f,6,36506,365.06,1925,-192.5,1925,192.5,20319,-193.95000000000005
214.076700,0x132,8e 8e 77 07 3b 4f,6,36494,364.94,1911,-191.10000000000002,1911,191.10000000000002,20283,-192.1500000000001
214.086700,0x132,90 8e 84 07 5f 4f,6,36496,364.96,1924,-192.4,1924,192.4,20319,-193.95000000000005
214.096800,0x132,7f 8e 76 07 36 4f,6,36479,364.79,1910,-191.0,1910,191.0,20278,-191.9000000000001
214.106600,0x132,94 8e 85 07 5f 4f,6,36500,365.0,1925,-192.5,1925,192.5,20319,-193.95000000000005
214.116600,0x132,94 8e 77 07 39 4f,6,36500,365.0,1911,-191.10000000000002,1911,191.10000000000002,20281,-192.05000000000007
214.126800,0x132,92 8e 86 07 61 4f,6,36498,364.98,1926,-192.60000000000002,1926,192.60000000000002,20321,-194.05000000000007
214.136700,0x132,85 8e 77 07 35 4f,6,36485,364.85,1911,-191.10000000000002,1911,191.10000000000002,20277,-191.85000000000002
214.146700,0x132,99 8e 85 07 5f 4f,6,36505,365.05,1925,-192.5,1925,192.5,20319,-193.95000000000005
214.156700,0x132,92 8e 77 07 38 4f,6,36498,364.98,1911,-191.10000000000002,1911,191.10000000000002,20280,-192.0
214.166800,0x132,98 8e 85 07 5f 4f,6,36504,365.04,1925,-192.5,1925,192.5,20319,-193.95000000000005
214.176800,0x132,8c 8e 78 07 39 4f,6,36492,364.92,1912,-191.20000000000002,1912,191.20000000000002,20281,-192.05000000000007
214.186600,0x132,8b 8e 84 07 61 4f,6,36491,364.91,1924,-192.4,1924,192.4,20321,-194.05000000000007
214.196800,0x132,88 8e 76 07 33 4f,6,36488,364.88,1910,-191.0,1910,191.0,20275,-191.75
214.206600,0x132,99 8e 84 07 61 4f,6,36505,365.05,1924,-192.4,1924,192.4,20321,-194.05000000000007
214.216600,0x132,9a 8e 78 07 36 4f,6,36506,365.06,1912,-191.20000000000002,1912,191.20000000000002,20278,-191.9000000000001
214.226600,0x132,9f 8e 85 07 61 4f,6,36511,365.11,1925,-192.5,1925,192.5,20321,-194.05000000000007
214.236700,0x132,8f 8e 77 07 36 4f,6,36495,364.95,1911,-191.10000000000002,1911,191.10000000000002,20278,-191.9000000000001
214.246800,0x132,a0 8e 86 07 64 4f,6,36512,365.12,1926,-192.60000000000002,1926,192.60000000000002,20324,-194.20000000000005
214.256700,0x132,85 8e 77 07 38 4f,6,36485,364.85,1911,-191.10000000000002,1911,191.10000000000002,20280,-192.0
214.266800,0x132,a4 8e 85 07 67 4f,6,36516,365.16,1925,-192.5,1925,192.5,20327,-194.35000000000002
214.276800,0x132,90 8e 77 07 3b 4f,6,36496,364.96,1911,-191.10000000000002,1911,191.10000000000002,20283,-192.1500000000001
214.286700,0x132,96 8e 85 07 64 4f,6,36502,365.02,1925,-192.5,1925,192.5,20324,-194.20000000000005
214.296800,0x132,8e 8e 77 07 3b 4f,6,36494,364.94,1911,-191.10000000000002,1911,191.10000000000002,20283,-192.1500000000001
214.306600,0x132,8d 8e 85 07 5e 4f,6,36493,364.93,1925,-192.5,1925,192.5,20318,-193.9000000000001
214.316600,0x132,90 8e 77 07 38 4f,6,36496,364.96,1911,-191.10000000000002,1911,191.10000000000002,20280,-192.0
214.326800,0x132,99 8e 85 07 64 4f,6,36505,365.05,1925,-192.5,1925,192.5,20324,-194.20000000000005
214.336800,0x132,8d 8e 77 07 3b 4f,6,36493,364.93,1911,-191.10000000000002,1911,191.10000000000002,20283,-192.1500000000001
214.346700,0x132,98 8e 85 07 62 4f,6,36504,365.04,1925,-192.5,1925,192.5,20322,-194.10000000000002
214.356700,0x132,85 8e 77 07 35 4f,6,36485,364.85,1911,-191.10000000000002,1911,191.10000000000002,20277,-191.85000000000002
214.366800,0x132,9f 8e 84 07 5f 4f,6,36511,365.11,1924,-192.4,1924,192.4,20319,-193.95000000000005
214.376800,0x132,87 8e 77 07 39 4f,6,36487,364.87,1911,-191.10000000000002,1911,191.10000000000002,20281,-192.05000000000007
214.386600,0x132,8a 8e 85 07 68 4f,6,36490,364.90000000000003,1925,-192.5,1925,192.5,20328,-194.4000000000001
214.396800,0x132,99 8e 76 07 39 4f,6,36505,365.05,1910,-191.0,1910,191.0,20281,-192.05000000000007
214.406600,0x132,8b 8e 83 07 5e 4f,6,36491,364.91,1923,-192.3,1923,192.3,20318,-193.9000000000001
214.416600,0x132,92 8e 76 07 3a 4f,6,36498,364.98,1910,-191.0,1910,191.0,20282,-192.10000000000002
214.426800,0x132,9b 8e 85 07 63 4f,6,36507,365.07,1925,-192.5,1925,192.5,20323,-194.1500000000001
214.436700,0x132,8c 8e 77 07 39 4f,6,36492,364.92,1911,-191.10000000000002,1911,191.10000000000002,20281,-192.05000000000007
214.446800,0x132,92 8e 84 07 66 4f,6,36498,364.98,1924,-192.4,1924,192.4,20326,-194.30000000000007
214.456700,0x132,8c 8e 77 07 3b 4f,6,36492,364.92,1911,-191.10000000000002,1911,191.10000000000002,20283,-192.1500000000001
214.466800,0x132,8e 8e 84 07 5f 4f,6,36494,364.94,1924,-192.4,1924,192.4,20319,-193.95000000000005
214.476800,0x132,9c 8e 76 07 39 4f,6,36508,365.08,1910,-191.0,1910,191.0,20281,-192.05000000000007
214.486800,0x132,9c 8e 84 07 62 4f,6,36508,365.08,1924,-192.4,1924,192.4,20322,-194.10000000000002
214.496800,0x132,91 8e 77 07 39 4f,6,36497,364.97,1911,-191.10000000000002,1911,191.10000000000002,20281,-192.05000000000007
214.506600,0x132,99 8e 84 07 5f 4f,6,36505,365.05,1924,-192.4,1924,192.4,20319,-193.95000000000005
214.516800,0x132,8f 8e 76 07 33 4f,6,36495,364.95,1910,-191.0,1910,191.0,20275,-191.75
214.526800,0x132,9a 8e 84 07 5d 4f,6,36506,365.06,1924,-192.4,1924,192.4,20317,-193.85000000000002
214.536800,0x132,91 8e 76 07 38 4f,6,36497,364.97,1910,-191.0,1910,191.0,20280,-192.0
214.546800,0x132,98 8e 83 07 59 4f,6,36504,365.04,1923,-192.3,1923,192.3,20313,-193.6500000000001
214.556800,0x132,90 8e 76 07 35 4f,6,36496,364.96,1910,-191.0,1910,191.0,20277,-191.85000000000002
214.566800,0x132,99 8e 84 07 64 4f,6,36505,365.05,1924,-192.4,1924,192.4,20324,-194.20000000000005
214.576800,0x132,83 8e 76 07 35 4f,6,36483,364.83,1910,-191.0,1910,191.0,20277,-191.85000000000002
214.586600,0x132,94 8e 84 07 5f 4f,6,36500,365.0,1924,-192.4,1924,192.4,20319,-193.95000000000005
214.596800,0x132,9b 8e 77 07 3a 4f,6,36507,365.07,1911,-191.10000000000002,1911,191.10000000000002,20282,-192.10000000000002
214.606600,0x132,91 8e 84 07 5d 4f,6,36497,364.97,1924,-192.4,1924,192.4,20317,-193.85000000000002
214.616600,0x132,87 8e 76 07 36 4f,6,36487,364.87,1910,-191.0,1910,191.0,20278,-191.9000000000001
214.626600,0x132,86 8e 85 07 64 4f,6,36486,364.86,1925,-192.5,1925,192.5,20324,-194.20000000000005
214.636700,0x132,84 8e 77 07 39 4f,6,36484,364.84000000000003,1911,-191.10000000000002,1911,191.10000000000002,20281,-192.05000000000007
214.646600,0x132,90 8e 85 07 64 4f,6,36496,364.96,1925,-192.5,1925,192.5,20324,-194.20000000000005
214.656700,0x132,93 8e 77 07 3a 4f,6,36499,364.99,1911,-191.10000000000002,1911,191.10000000000002,20282,-192.10000000000002
214.666800,0x132,a5 8e 85 07 63 4f,6,36517,365.17,1925,-192.5,1925,192.5,20323,-194.1500000000001
214.676800,0x132,98 8e 77 07 38 4f,6,36504,365.04,1911,-191.10000000000002,1911,191.10000000000002,20280,-192.0
214.686600,0x132,8c 8e 85 07 62 4f,6,36492,364.92,1925,-192.5,1925,192.5,20322,-194.10000000000002
214.696800,0x132,8a 8e 77 07 34 4f,6,36490,364.90000000000003,1911,-191.10000000000002,1911,191.10000000000002,20276,-191.80000000000007
214.706600,0x132,91 8e 86 07 64 4f,6,36497,364.97,1926,-192.60000000000002,1926,192.60000000000002,20324,-194.20000000000005
214.716600,0x132,90 8e 77 07 39 4f,6,36496,364.96,1911,-191.10000000000002,1911,191.10000000000002,20281,-192.05000000000007
214.726800,0x132,84 8e 85 07 62 4f,6,36484,364.84000000000003,1925,-192.5,1925,192.5,20322,-194.10000000000002
214.736700,0x132,82 8e 77 07 39 4f,6,36482,364.82,1911,-191.10000000000002,1911,191.10000000000002,20281,-192.05000000000007
214.746800,0x132,84 8e 85 07 68 4f,6,36484,364.84000000000003,1925,-192.5,1925,192.5,20328,-194.4000000000001
214.756800,0x132,89 8e 77 07 38 4f,6,36489,364.89,1911,-191.10000000000002,1911,191.10000000000002,20280,-192.0
214.766900,0x132,a4 8e 85 07 5d 4f,6,36516,365.16,1925,-192.5,1925,192.5,20317,-193.85000000000002
214.776800,0x132,85 8e 76 07 39 4f,6,36485,364.85,1910,-191.0,1910,191.0,20281,-192.05000000000007
214.786600,0x132,a3 8e 85 07 66 4f,6,36515,365.15000000000003,1925,-192.5,1925,192.5,20326,-194.30000000000007
214.796800,0x132,99 8e 77 07 34 4f,6,36505,365.05,1911,-191.10000000000002,1911,191.10000000000002,20276,-191.80000000000007
214.806600,0x132,97 8e 84 07 62 4f,6,36503,365.03000000000003,1924,-192.4,1924,192.4,20322,-194.10000000000002
214.816600,0x132,84 8e 76 07 38 4f,6,36484,364.84000000000003,1910,-191.0,1910,191.0,20280,-192.0
214.826600,0x132,92 8e 85 07 5f 4f,6,36498,364.98,1925,-192.5,1925,192.5,20319,-193.95000000000005
214.836700,0x132,89 8e 76 07 39 4f,6,36489,364.89,1910,-191.0,1910,191.0,20281,-192.05000000000007
214.846800,0x132,93 8e 83 07 5d 4f,6,36499,364.99,1923,-192.3,1923,192.3,20317,-193.85000000000002
214.856700,0x132,88 8e 78 07 3a 4f,6,36488,364.88,1912,-191.20000000000002,1912,191.20000000000002,20282,-192.10000000000002
214.866700,0x132,9c 8e 85 07 61 4f,6,36508,365.08,1925,-192.5,1925,192.5,20321,-194.05000000000007
214.876900,0x132,92 8e 78 07 38 4f,6,36498,364.98,1912,-191.20000000000002,1912,191.20000000000002,20280,-192.0
214.886700,0x132,91 8e 84 07 5e 4f,6,36497,364.97,1924,-192.4,1924,192.4,20318,-193.9000000000001
214.897000,0x132,86 8e 77 07 39 4f,6,36486,364.86,1911,-191.10000000000002,1911,191.10000000000002,20281,-192.05000000000007
214.906600,0x132,8e 8e 84 07 5e 4f,6,36494,364.94,1924,-192.4,1924,192.4,20318,-193.9000000000001
214.916600,0x132,96 8e 76 07 36 4f,6,36502,365.02,1910,-191.0,1910,191.0,20278,-191.9000000000001
214.926800,0x132,a5 8e 84 07 61 4f,6,36517,365.17,1924,-192.4,1924,192.4,20321,-194.05000000000007
214.936900,0x132,8c 8e 77 07 39 4f,6,36492,364.92,1911,-191.10000000000002,1911,191.10000000000002,20281,-192.05000000000007
214.946800,0x132,8e 8e 84 07 62 4f,6,36494,364.94,1924,-192.4,1924,192.4,20322,-194.10000000000002
214.956700,0x132,73 8e 77 07 33 4f,6,36467,364.67,1911,-191.10000000000002,1911,191.10000000000002,20275,-191.75
214.966800,0x132,94 8e 84 07 5c 4f,6,36500,365.0,1924,-192.4,1924,192.4,20316,-193.80000000000007
214.976600,0x132,9b 8e 77 07 34 4f,6,36507,365.07,1911,-191.10000000000002,1911,191.10000000000002,20276,-191.80000000000007
214.986600,0x132,93 8e 84 07 5e 4f,6,36499,364.99,1924,-192.4,1924,192.4,20318,-193.9000000000001
214.996800,0x132,88 8e 76 07 34 4f,6,36488,364.88,1910,-191.0,1910,191.0,20276,-191.80000000000007
215.006600,0x132,92 8e 84 07 61 4f,6,36498,364.98,1924,-192.4,1924,192.4,20321,-194.05000000000007
215.016600,0x132,9c 8e 77 07 34 4f,6,36508,365.08,1911,-191.10000000000002,1911,191.10000000000002,20276,-191.80000000000007
215.026600,0x132,92 8e 83 07 5f 4f,6,36498,364.98,1923,-192.3,1923,192.3,20319,-193.95000000000005
215.036700,0x132,82 8e 77 07 36 4f,6,36482,364.82,1911,-191.10000000000002,1911,191.10000000000002,20278,-191.9000000000001
215.046600,0x132,a2 8e 84 07 5e 4f,6,36514,365.14,1924,-192.4,1924,192.4,20318,-193.9000000000001
215.056800,0x132,8b 8e 77 07 34 4f,6,36491,364.91,1911,-191.10000000000002,1911,191.10000000000002,20276,-191.80000000000007
215.066800,0x132,90 8e 84 07 62 4f,6,36496,364.96,1924,-192.4,1924,192.4,20322,-194.10000000000002
215.076600,0x132,8f 8e 78 07 3a 4f,6,36495,364.95,1912,-191.20000000000002,1912,191.20000000000002,20282,-192.10000000000002
215.086800,0x132,a3 8e 84 07 62 4f,6,36515,365.15000000000003,1924,-192.4,1924,192.4,20322,-194.10000000000002
215.096800,0x132,8d 8e 77 07 34 4f,6,36493,364.93,1911,-191.10000000000002,1911,191.10000000000002,20276,-191.80000000000007
215.106600,0x132,95 8e 84 07 61 4f,6,36501,365.01,1924,-192.4,1924,192.4,20321,-194.05000000000007
215.116600,0x132,8e 8e 76 07 35 4f,6,36494,364.94,1910,-191.0,1910,191.0,20277,-191.85000000000002
215.126800,0x132,96 8e 84 07 61 4f,6,36502,365.02,1924,-192.4,1924,192.4,20321,-194.05000000000007
215.136800,0x132,96 8e 77 07 34 4f,6,36502,365.02,1911,-191.10000000000002,1911,191.10000000000002,20276,-191.80000000000007
215.146600,0x132,90 8e 84 07 5f 4f,6,36496,364.96,1924,-192.4,1924,192.4,20319,-193.95000000000005
215.156700,0x132,85 8e 76 07 30 4f,6,36485,364.85,1910,-191.0,1910,191.0,20272,-191.60000000000002
215.166800,0x132,92 8e 83 07 5a 4f,6,36498,364.98,1923,-192.3,1923,192.3,20314,-193.70000000000005
215.176600,0x132,9e 8e 76 07 33 4f,6,36510,365.1,1910,-191.0,1910,191.0,20275,-191.75
215.186700,0x132,8d 8e 84 07 5c 4f,6,36493,364.93,1924,-192.4,1924,192.4,20316,-193.80000000000007
215.197000,0x132,89 8e 77 07 36 4f,6,36489,364.89,1911,-191.10000000000002,1911,191.10000000000002,20278,-191.9000000000001
215.206600,0x132,9c 8e 84 07 5f 4f,6,36508,365.08,1924,-192.4,1924,192.4,20319,-193.95000000000005
215.216600,0x132,95 8e 76 07 34 4f,6,36501,365.01,1910,-191.0,1910,191.0,20276,-191.80000000000007
215.226600,0x132,9c 8e 83 07 54 4f,6,36508,365.08,1923,-192.3,1923,192.3,20308,-193.4000000000001
215.236800,0x132,8c 8e 76 07 33 4f,6,36492,364.92,1910,-191.0,1910,191.0,20275,-191.75
215.246600,0x132,8d 8e 84 07 5f 4f,6,36493,364.93,1924,-192.4,1924,192.4,20319,-193.95000000000005
215.256800,0x132,89 8e 76 07 33 4f,6,36489,364.89,1910,-191.0,1910,191.0,20275,-191.75
215.266900,0x132,97 8e 83 07 61 4f,6,36503,365.03000000000003,1923,-192.3,1923,192.3,20321,-194.05000000000007
215.276600,0x132,91 8e 76 07 30 4f,6,36497,364.97,1910,-191.0,1910,191.0,20272,-191.60000000000002
215.286600,0x132,99 8e 84 07 5a 4f,6,36505,365.05,1924,-192.4,1924,192.4,20314,-193.70000000000005
215.296800,0x132,93 8e 77 07 34 4f,6,36499,364.99,1911,-191.10000000000002,1911,191.10000000000002,20276,-191.80000000000007
215.306600,0x132,96 8e 83 07 57 4f,6,36502,365.02,1923,-192.3,1923,192.3,20311,-193.55000000000007
215.316600,0x132,96 8e 76 07 2c 4f,6,36502,365.02,1910,-191.0,1910,191.0,20268,-191.4000000000001
215.326900,0x132,a4 8e 83 07 5c 4f,6,36516,365.16,1923,-192.3,1923,192.3,20316,-193.80000000000007
215.336900,0x132,8d 8e 76 07 2e 4f,6,36493,364.93,1910,-191.0,1910,191.0,20270,-191.5
215.346600,0x132,9a 8e 83 07 5e 4f,6,36506,365.06,1923,-192.3,1923,192.3,20318,-193.9000000000001
215.356700,0x132,96 8e 76 07 31 4f,6,36502,365.02,1910,-191.0,1910,191.0,20273,-191.6500000000001
215.366800,0x132,9b 8e 83 07 59 4f,6,36507,365.07,1923,-192.3,1923,192.3,20313,-193.6500000000001
215.376600,0x132,8e 8e 76 07 2e 4f,6,36494,364.94,1910,-191.0,1910,191.0,20270,-191.5
215.386600,0x132,95 8e 84 07 5c 4f,6,36501,365.01,1924,-192.4,1924,192.4,20316,-193.80000000000007
215.396800,0x132,93 8e 75 07 31 4f,6,36499,364.99,1909,-190.9,1909,190.9,20273,-191.6500000000001
215.406600,0x132,a7 8e 83 07 5d 4f,6,36519,365.19,1923,-192.3,1923,192.3,20317,-193.85000000000002
215.416700,0x132,98 8e 75 07 2e 4f,6,36504,365.04,1909,-190.9,1909,190.9,20270,-191.5
215.426600,0x132,8f 8e 84 07 5c 4f,6,36495,364.95,1924,-192.4,1924,192.4,20316,-193.80000000000007
215.436700,0x132,91 8e 76 07 31 4f,6,36497,364.97,1910,-191.0,1910,191.0,20273,-191.6500000000001
215.446700,0x132,96 8e 84 07 58 4f,6,36502,365.02,1924,-192.4,1924,192.4,20312,-193.60000000000002
215.456700,0x132,8a 8e 76 07 33 4f,6,36490,364.90000000000003,1910,-191.0,1910,191.0,20275,-191.75
215.466700,0x132,87 8e 84 07 54 4f,6,36487,364.87,1924,-192.4,1924,192.4,20308,-193.4000000000001
215.476600,0x132,84 8e 76 07 2f 4f,6,36484,364.84000000000003,1910,-191.0,1910,191.0,20271,-191.55000000000007
215.486700,0x132,89 8e 83 07 55 4f,6,36489,364.89,1923,-192.3,1923,192.3,20309,-193.45000000000005
215.496900,0x132,8d 8e 76 07 30 4f,6,36493,364.93,1910,-191.0,1910,191.0,20272,-191.60000000000002
215.506600,0x132,9a 8e 83 07 52 4f,6,36506,365.06,1923,-192.3,1923,192.3,20306,-193.30000000000007
215.516900,0x132,98 8e 76 07 2e 4f,6,36504,365.04,1910,-191.0,1910,191.0,20270,-191.5
215.526900,0x132,a1 8e 83 07 55 4f,6,36513,365.13,1923,-192.3,1923,192.3,20309,-193.45000000000005
215.536800,0x132,8a 8e 77 07 2f 4f,6,36490,364.90000000000003,1911,-191.10000000000002,1911,191.10000000000002,20271,-191.55000000000007
215.546700,0x132,9d 8e 84 07 55 4f,6,36509,365.09000000000003,1924,-192.4,1924,192.4,20309,-193.45000000000005
215.556700,0x132,84 8e 77 07 2e 4f,6,36484,364.84000000000003,1911,-191.10000000000002,1911,191.10000000000002,20270,-191.5
215.566800,0x132,86 8e 84 07 58 4f,6,36486,364.86,1924,-192.4,1924,192.4,20312,-193.60000000000002
215.576600,0x132,84 8e 76 07 2e 4f,6,36484,364.84000000000003,1910,-191.0,1910,191.0,20270,-191.5
215.586700,0x132,99 8e 83 07 57 4f,6,36505,365.05,1923,-192.3,1923,192.3,20311,-193.55000000000007
215.596900,0x132,9c 8e 77 07 2e 4f,6,36508,365.08,1911,-191.10000000000002,1911,191.10000000000002,20270,-191.5
215.606600,0x132,90 8e 85 07 5a 4f,6,36496,364.96,1925,-192.5,1925,192.5,20314,-193.70000000000005
215.616700,0x132,8b 8e 77 07 2a 4f,6,36491,364.91,1911,-191.10000000000002,1911,191.10000000000002,20266,-191.30000000000007
215.626900,0x132,9f 8e 83 07 51 4f,6,36511,365.11,1923,-192.3,1923,192.3,20305,-193.25
215.636800,0x132,80 8e 76 07 2f 4f,6,36480,364.8,1910,-191.0,1910,191.0,20271,-191.55000000000007
215.646700,0x132,99 8e 84 07 57 4f,6,36505,365.05,1924,-192.4,1924,192.4,20311,-193.55000000000007
215.656700,0x132,87 8e 77 07 2e 4f,6,36487,364.87,1911,-191.10000000000002,1911,191.10000000000002,20270,-191.5
215.666800,0x132,86 8e 84 07 58 4f,6,36486,364.86,1924,-192.4,1924,192.4,20312,-193.60000000000002
215.676700,0x132,8e 8e 76 07 2a 4f,6,36494,364.94,1910,-191.0,1910,191.0,20266,-191.30000000000007
215.686700,0x132,90 8e 82 07 54 4f,6,36496,364.96,1922,-192.20000000000002,1922,192.20000000000002,20308,-193.4000000000001
215.696800,0x132,8c 8e 76 07 2b 4f,6,36492,364.92,1910,-191.0,1910,191.0,20267,-191.35000000000002
215.706600,0x132,8a 8e 84 07 55 4f,6,36490,364.90000000000003,1924,-192.4,1924,192.4,20309,-193.45000000000005
215.716600,0x132,8a 8e 76 07 2b 4f,6,36490,364.90000000000003,1910,-191.0,1910,191.0,20267,-191.35000000000002
215.726900,0x132,9a 8e 83 07 52 4f,6,36506,365.06,1923,-192.3,1923,192.3,20306,-193.30000000000007
215.736800,0x132,96 8e 75 07 26 4f,6,36502,365.02,1909,-190.9,1909,190.9,20262,-191.10000000000002
215.746700,0x132,a6 8e 83 07 54 4f,6,36518,365.18,1923,-192.3,1923,192.3,20308,-193.4000000000001
215.756800,0x132,89 8e 76 07 27 4f,6,36489,364.89,1910,-191.0,1910,191.0,20263,-191.1500000000001
215.766900,0x132,93 8e 83 07 51 4f,6,36499,364.99,1923,-192.3,1923,192.3,20305,-193.25
215.776600,0x132,8c 8e 77 07 2b 4f,6,36492,364.92,1911,-191.10000000000002,1911,191.10000000000002,20267,-191.35000000000002
215.786600,0x132,9d 8e 85 07 59 4f,6,36509,365.09000000000003,1925,-192.5,1925,192.5,20313,-193.6500000000001
215.796800,0x132,93 8e 77 07 26 4f,6,36499,364.99,1911,-191.10000000000002,1911,191.10000000000002,20262,-191.10000000000002
215.806900,0x132,96 8e 83 07 4d 4f,6,36502,365.02,1923,-192.3,1923,192.3,20301,-193.05000000000007
215.816600,0x132,83 8e 77 07 29 4f,6,36483,364.83,1911,-191.10000000000002,1911,191.10000000000002,20265,-191.25
215.826700,0x132,8b 8e 83 07 4e 4f,6,36491,364.91,1923,-192.3,1923,192.3,20302,-193.10000000000002
215.836900,0x132,8b 8e 77 07 29 4f,6,36491,364.91,1911,-191.10000000000002,1911,191.10000000000002,20265,-191.25
215.846700,0x132,99 8e 83 07 53 4f,6,36505,365.05,1923,-192.3,1923,192.3,20307,-193.35000000000002
215.856700,0x132,8a 8e 77 07 2a 4f,6,36490,364.90000000000003,1911,-191.10000000000002,1911,191.10000000000002,20266,-191.30000000000007
215.866700,0x132,8d 8e 83 07 4f 4f,6,36493,364.93,1923,-192.3,1923,192.3,20303,-193.1500000000001
215.876600,0x132,86 8e 76 07 26 4f,6,36486,364.86,1910,-191.0,1910,191.0,20262,-191.10000000000002
215.886800,0x132,8c 8e 83 07 55 4f,6,36492,364.92,1923,-192.3,1923,192.3,20309,-193.45000000000005
215.896800,0x132,8e 8e 76 07 27 4f,6,36494,364.94,1910,-191.0,1910,191.0,20263,-191.1500000000001
215.906600,0x132,91 8e 83 07 4f 4f,6,36497,364.97,1923,-192.3,1923,192.3,20303,-193.1500000000001
215.916600,0x132,89 8e 76 07 24 4f,6,36489,364.89,1910,-191.0,1910,191.0,20260,-191.0
215.926700,0x132,93 8e 83 07 51 4f,6,36499,364.99,1923,-192.3,1923,192.3,20305,-193.25
215.936800,0x132,90 8e 75 07 2b 4f,6,36496,364.96,1909,-190.9,1909,190.9,20267,-191.35000000000002
215.946700,0x132,97 8e 83 07 4e 4f,6,36503,365.03000000000003,1923,-192.3,1923,192.3,20302,-193.10000000000002
215.956700,0x132,8a 8e 77 07 2b 4f,6,36490,364.90000000000003,1911,-191.10000000000002,1911,191.10000000000002,20267,-191.35000000000002
215.966900,0x132,94 8e 83 07 49 4f,6,36500,365.0,1923,-192.3,1923,192.3,20297,-192.85000000000002
215.976600,0x132,94 8e 77 07 29 4f,6,36500,365.0,1911,-191.10000000000002,1911,191.10000000000002,20265,-191.25
215.986700,0x132,8c 8e 83 07 51 4f,6,36492,364.92,1923,-192.3,1923,192.3,20305,-193.25
215.996800,0x132,8a 8e 76 07 25 4f,6,36490,364.90000000000003,1910,-191.0,1910,191.0,20261,-191.05000000000007
216.006600,0x132,96 8e 84 07 52 4f,6,36502,365.02,1924,-192.4,1924,192.4,20306,-193.30000000000007
216.016600,0x132,85 8e 76 07 25 4f,6,36485,364.85,1910,-191.0,1910,191.0,20261,-191.05000000000007
216.026700,0x132,95 8e 83 07 4c 4f,6,36501,365.01,1923,-192.3,1923,192.3,20300,-193.0
216.036800,0x132,8f 8e 76 07 26 4f,6,36495,364.95,1910,-191.0,1910,191.0,20262,-191.10000000000002
216.046700,0x132,98 8e 83 07 51 4f,6,36504,365.04,1923,-192.3,1923,192.3,20305,-193.25
216.056900,0x132,97 8e 77 07 27 4f,6,36503,365.03000000000003,1911,-191.10000000000002,1911,191.10000000000002,20263,-191.1500000000001
216.066900,0x132,9a 8e 84 07 4e 4f,6,36506,365.06,1924,-192.4,1924,192.4,20302,-193.10000000000002
216.076700,0x132,8c 8e 77 07 2b 4f,6,36492,364.92,1911,-191.10000000000002,1911,191.10000000000002,20267,-191.35000000000002
216.086700,0x132,98 8e 84 07 4f 4f,6,36504,365.04,1924,-192.4,1924,192.4,20303,-193.1500000000001
216.096900,0x132,94 8e 77 07 25 4f,6,36500,365.0,1911,-191.10000000000002,1911,191.10000000000002,20261,-191.05000000000007
216.106700,0x132,9b 8e 83 07 4d 4f,6,36507,365.07,1923,-192.3,1923,192.3,20301,-193.05000000000007
216.116600,0x132,8b 8e 77 07 25 4f,6,36491,364.91,1911,-191.10000000000002,1911,191.10000000000002,20261,-191.05000000000007
216.126700,0x132,a4 8e 84 07 4e 4f,6,36516,365.16,1924,-192.4,1924,192.4,20302,-193.10000000000002
216.136800,0x132,8c 8e 77 07 21 4f,6,36492,364.92,1911,-191.10000000000002,1911,191.10000000000002,20257,-190.85000000000002
216.146700,0x132,95 8e 83 07 4d 4f,6,36501,365.01,1923,-192.3,1923,192.3,20301,-193.05000000000007
216.156700,0x132,94 8e 76 07 20 4f,6,36500,365.0,1910,-191.0,1910,191.0,20256,-190.80000000000007
216.166900,0x132,8b 8e 83 07 4c 4f,6,36491,364.91,1923,-192.3,1923,192.3,20300,-193.0
216.176700,0x132,92 8e 77 07 22 4f,6,36498,364.98,1911,-191.10000000000002,1911,191.10000000000002,20258,-190.9000000000001
216.186600,0x132,8e 8e 84 07 51 4f,6,36494,364.94,1924,-192.4,1924,192.4,20305,-193.25
216.196900,0x132,8d 8e 77 07 22 4f,6,36493,364.93,1911,-191.10000000000002,1911,191.10000000000002,20258,-190.9000000000001
216.206700,0x132,93 8e 84 07 4d 4f,6,36499,364.99,1924,-192.4,1924,192.4,20301,-193.05000000000007
216.216600,0x132,8d 8e 77 07 1d 4f,6,36493,364.93,1911,-191.10000000000002,1911,191.10000000000002,20253,-190.6500000000001
216.226700,0x132,97 8e 83 07 51 4f,6,36503,365.03000000000003,1923,-192.3,1923,192.3,20305,-193.25
216.236700,0x132,82 8e 77 07 21 4f,6,36482,364.82,1911,-191.10000000000002,1911,191.10000000000002,20257,-190.85000000000002
216.246700,0x132,9f 8e 83 07 4d 4f,6,36511,365.11,1923,-192.3,1923,192.3,20301,-193.05000000000007
216.256800,0x132,88 8e 76 07 1d 4f,6,36488,364.88,1910,-191.0,1910,191.0,20253,-190.6500000000001
216.266900,0x132,94 8e 83 07 4a 4f,6,36500,365.0,1923,-192.3,1923,192.3,20298,-192.9000000000001
216.276600,0x132,93 8e 76 07 24 4f,6,36499,364.99,1910,-191.0,1910,191.0,20260,-191.0
216.286700,0x132,99 8e 83 07 48 4f,6,36505,365.05,1923,-192.3,1923,192.3,20296,-192.80000000000007
216.296900,0x132,97 8e 76 07 21 4f,6,36503,365.03000000000003,1910,-191.0,1910,191.0,20257,-190.85000000000002
216.306700,0x132,8b 8e 83 07 45 4f,6,36491,364.91,1923,-192.3,1923,192.3,20293,-192.6500000000001
216.316700,0x132,8c 8e 75 07 1c 4f,6,36492,364.92,1909,-190.9,1909,190.9,20252,-190.60000000000002
216.326700,0x132,9c 8e 82 07 48 4f,6,36508,365.08,1922,-192.20000000000002,1922,192.20000000000002,20296,-192.80000000000007
216.336900,0x132,94 8e 76 07 1f 4f,6,36500,365.0,1910,-191.0,1910,191.0,20255,-190.75
216.346700,0x132,92 8e 82 07 43 4f,6,36498,364.98,1922,-192.20000000000002,1922,192.20000000000002,20291,-192.55000000000007
216.356700,0x132,8a 8e 77 07 22 4f,6,36490,364.90000000000003,1911,-191.10000000000002,1911,191.10000000000002,20258,-190.9000000000001
216.366700,0x132,93 8e 83 07 47 4f,6,36499,364.99,1923,-192.3,1923,192.3,20295,-192.75
216.376700,0x132,85 8e 76 07 1f 4f,6,36485,364.85,1910,-191.0,1910,191.0,20255,-190.75
216.386700,0x132,95 8e 83 07 47 4f,6,36501,365.01,1923,-192.3,1923,192.3,20295,-192.75
216.396900,0x132,81 8e 76 07 1b 4f,6,36481,364.81,1910,-191.0,1910,191.0,20251,-190.55000000000007
216.406700,0x132,a1 8e 84 07 47 4f,6,36513,365.13,1924,-192.4,1924,192.4,20295,-192.75
216.416700,0x132,82 8e 76 07 1b 4f,6,36482,364.82,1910,-191.0,1910,191.0,20251,-190.55000000000007
216.426700,0x132,9a 8e 83 07 47 4f,6,36506,365.06,1923,-192.3,1923,192.3,20295,-192.75
216.436700,0x132,8b 8e 76 07 1a 4f,6,36491,364.91,1910,-191.0,1910,191.0,20250,-190.5
216.446700,0x132,9d 8e 82 07 44 4f,6,36509,365.09000000000003,1922,-192.20000000000002,1922,192.20000000000002,20292,-192.60000000000002
216.456700,0x132,88 8e 76 07 1d 4f,6,36488,364.88,1910,-191.0,1910,191.0,20253,-190.6500000000001
216.466800,0x132,96 8e 83 07 49 4f,6,36502,365.02,1923,-192.3,1923,192.3,20297,-192.85000000000002
216.476700,0x132,9a 8e 75 07 18 4f,6,36506,365.06,1909,-190.9,1909,190.9,20248,-190.4000000000001
216.486700,0x132,9b 8e 82 07 3f 4f,6,36507,365.07,1922,-192.20000000000002,1922,192.20000000000002,20287,-192.35000000000002
216.496900,0x132,85 8e 77 07 1c 4f,6,36485,364.85,1911,-191.10000000000002,1911,191.10000000000002,20252,-190.60000000000002
216.506700,0x132,99 8e 83 07 44 4f,6,36505,365.05,1923,-192.3,1923,192.3,20292,-192.60000000000002
216.516900,0x132,8b 8e 76 07 1d 4f,6,36491,364.91,1910,-191.0,1910,191.0,20253,-190.6500000000001
216.526700,0x132,95 8e 82 07 42 4f,6,36501,365.01,1922,-192.20000000000002,1922,192.20000000000002,20290,-192.5
216.536900,0x132,89 8e 76 07 1c 4f,6,36489,364.89,1910,-191.0,1910,191.0,20252,-190.60000000000002
216.546700,0x132,8c 8e 83 07 44 4f,6,36492,364.92,1923,-192.3,1923,192.3,20292,-192.60000000000002
216.556800,0x132,93 8e 76 07 1f 4f,6,36499,364.99,1910,-191.0,1910,191.0,20255,-190.75
216.566900,0x132,8e 8e 82 07 42 4f,6,36494,364.94,1922,-192.20000000000002,1922,192.20000000000002,20290,-192.5
216.576700,0x132,8c 8e 75 07 18 4f,6,36492,364.92,1909,-190.9,1909,190.9,20248,-190.4000000000001
216.586700,0x132,91 8e 82 07 3e 4f,6,36497,364.97,1922,-192.20000000000002,1922,192.20000000000002,20286,-192.30000000000007
216.596900,0x132,8e 8e 75 07 16 4f,6,36494,364.94,1909,-190.9,1909,190.9,20246,-190.30000000000007
216.606700,0x132,89 8e 83 07 44 4f,6,36489,364.89,1923,-192.3,1923,192.3,20292,-192.60000000000002
216.616700,0x132,91 8e 76 07 15 4f,6,36497,364.97,1910,-191.0,1910,191.0,20245,-190.25
216.626700,0x132,99 8e 82 07 3e 4f,6,36505,365.05,1922,-192.20000000000002,1922,192.20000000000002,20286,-192.30000000000007
216.636700,0x132,98 8e 75 07 17 4f,6,36504,365.04,1909,-190.9,1909,190.9,20247,-190.35000000000002
216.646700,0x132,9b 8e 83 07 3d 4f,6,36507,365.07,1923,-192.3,1923,192.3,20285,-192.25
216.656700,0x132,82 8e 76 07 1a 4f,6,36482,364.82,1910,-191.0,1910,191.0,20250,-190.5
216.666800,0x132,91 8e 82 07 3f 4f,6,36497,364.97,1922,-192.20000000000002,1922,192.20000000000002,20287,-192.35000000000002
216.676700,0x132,8d 8e 76 07 18 4f,6,36493,364.93,1910,-191.0,1910,191.0,20248,-190.4000000000001
216.686700,0x132,93 8e 84 07 48 4f,6,36499,364.99,1924,-192.4,1924,192.4,20296,-192.80000000000007
216.697100,0x132,8c 8e 77 07 17 4f,6,36492,364.92,1911,-191.10000000000002,1911,191.10000000000002,20247,-190.35000000000002
216.706700,0x132,96 8e 83 07 43 4f,6,36502,365.02,1923,-192.3,1923,192.3,20291,-192.55000000000007
216.716700,0x132,8d 8e 76 07 18 4f,6,36493,364.93,1910,-191.0,1910,191.0,20248,-190.4000000000001
216.726700,0x132,9f 8e 82 07 40 4f,6,36511,365.11,1922,-192.20000000000002,1922,192.20000000000002,20288,-192.4000000000001
216.736900,0x132,8a 8e 76 07 1a 4f,6,36490,364.90000000000003,1910,-191.0,1910,191.0,20250,-190.5
216.746700,0x132,a0 8e 83 07 3f 4f,6,36512,365.12,1923,-192.3,1923,192.3,20287,-192.35000000000002
216.756800,0x132,8e 8e 76 07 13 4f,6,36494,364.94,1910,-191.0,1910,191.0,20243,-190.1500000000001
216.767000,0x132,9a 8e 82 07 3f 4f,6,36506,365.06,1922,-192.20000000000002,1922,192.20000000000002,20287,-192.35000000000002
216.776700,0x132,88 8e 75 07 17 4f,6,36488,364.88,1909,-190.9,1909,190.9,20247,-190.35000000000002
216.786700,0x132,9e 8e 83 07 3f 4f,6,36510,365.1,1923,-192.3,1923,192.3,20287,-192.35000000000002
216.796900,0x132,88 8e 76 07 13 4f,6,36488,364.88,1910,-191.0,1910,191.0,20243,-190.1500000000001
216.806700,0x132,92 8e 82 07 3a 4f,6,36498,364.98,1922,-192.20000000000002,1922,192.20000000000002,20282,-192.10000000000002
216.816700,0x132,87 8e 75 07 12 4f,6,36487,364.87,1909,-190.9,1909,190.9,20242,-190.10000000000002
216.826700,0x132,8f 8e 82 07 3b 4f,6,36495,364.95,1922,-192.20000000000002,1922,192.20000000000002,20283,-192.1500000000001
216.836700,0x132,99 8e 77 07 13 4f,6,36505,365.05,1911,-191.10000000000002,1911,191.10000000000002,20243,-190.1500000000001
216.846700,0x132,8d 8e 83 07 3a 4f,6,36493,364.93,1923,-192.3,1923,192.3,20282,-192.10000000000002
216.856700,0x132,84 8e 75 07 11 4f,6,36484,364.84000000000003,1909,-190.9,1909,190.9,20241,-190.05000000000007
216.866800,0x132,92 8e 82 07 39 4f,6,36498,364.98,1922,-192.20000000000002,1922,192.20000000000002,20281,-192.05000000000007
216.876700,0x132,8c 8e 76 07 17 4f,6,36492,364.92,1910,-191.0,1910,191.0,20247,-190.35000000000002
216.886700,0x132,9e 8e 81 07 39 4f,6,36510,365.1,1921,-192.10000000000002,1921,192.10000000000002,20281,-192.05000000000007
216.896900,0x132,7e 8e 76 07 11 4f,6,36478,364.78000000000003,1910,-191.0,1910,191.0,20241,-190.05000000000007
216.906700,0x132,96 8e 83 07 3f 4f,6,36502,365.02,1923,-192.3,1923,192.3,20287,-192.35000000000002
216.916900,0x132,86 8e 76 07 12 4f,6,36486,364.86,1910,-191.0,1910,191.0,20242,-190.10000000000002
216.926700,0x132,90 8e 83 07 3e 4f,6,36496,364.96,1923,-192.3,1923,192.3,20286,-192.30000000000007
216.936900,0x132,8d 8e 77 07 12 4f,6,36493,364.93,1911,-191.10000000000002,1911,191.10000000000002,20242,-190.10000000000002
216.946700,0x132,94 8e 83 07 3f 4f,6,36500,365.0,1923,-192.3,1923,192.3,20287,-192.35000000000002
216.956700,0x132,96 8e 76 07 15 4f,6,36502,365.02,1910,-191.0,1910,191.0,20245,-190.25
216.966800,0x132,a4 8e 82 07 40 4f,6,36516,365.16,1922,-192.20000000000002,1922,192.20000000000002,20288,-192.4000000000001
216.976700,0x132,95 8e 76 07 11 4f,6,36501,365.01,1910,-191.0,1910,191.0,20241,-190.05000000000007
216.986700,0x132,9a 8e 83 07 3d 4f,6,36506,365.06,1923,-192.3,1923,192.3,20285,-192.25
216.996900,0x132,8b 8e 77 07 13 4f,6,36491,364.91,1911,-191.10000000000002,1911,191.10000000000002,20243,-190.1500000000001
217.006700,0x132,9d 8e 84 07 3e 4f,6,36509,365.09000000000003,1924,-192.4,1924,192.4,20286,-192.30000000000007
217.016700,0x132,95 8e 76 07 10 4f,6,36501,365.01,1910,-191.0,1910,191.0,20240,-190.0
217.026700,0x132,a3 8e 82 07 3e 4f,6,36515,365.15000000000003,1922,-192.20000000000002,1922,192.20000000000002,20286,-192.30000000000007
217.036700,0x132,8b 8e 76 07 10 4f,6,36491,364.91,1910,-191.0,1910,191.0,20240,-190.0
217.046800,0x132,8d 8e 81 07 33 4f,6,36493,364.93,1921,-192.10000000000002,1921,192.10000000000002,20275,-191.75
217.056700,0x132,86 8e 76 07 12 4f,6,36486,364.86,1910,-191.0,1910,191.0,20242,-190.10000000000002
217.066800,0x132,95 8e 82 07 38 4f,6,36501,365.01,1922,-192.20000000000002,1922,192.20000000000002,20280,-192.0
217.076700,0x132,80 8e 76 07 0c 4f,6,36480,364.8,1910,-191.0,1910,191.0,20236,-189.80000000000007
217.086700,0x132,91 8e 82 07 36 4f,6,36497,364.97,1922,-192.20000000000002,1922,192.20000000000002,20278,-191.9000000000001
217.096900,0x132,7b 8e 75 07 0e 4f,6,36475,364.75,1909,-190.9,1909,190.9,20238,-189.9000000000001
217.106700,0x132,90 8e 83 07 3a 4f,6,36496,364.96,1923,-192.3,1923,192.3,20282,-192.10000000000002
217.116900,0x132,8a 8e 76 07 10 4f,6,36490,364.90000000000003,1910,-191.0,1910,191.0,20240,-190.0
217.126700,0x132,92 8e 82 07 38 4f,6,36498,364.98,1922,-192.20000000000002,1922,192.20000000000002,20280,-192.0
217.136700,0x132,90 8e 76 07 10 4f,6,36496,364.96,1910,-191.0,1910,191.0,20240,-190.0
217.146700,0x132,98 8e 82 07 36 4f,6,36504,365.04,1922,-192.20000000000002,1922,192.20000000000002,20278,-191.9000000000001
217.156700,0x132,90 8e 76 07 10 4f,6,36496,364.96,1910,-191.0,1910,191.0,20240,-190.0
217.167000,0x132,9a 8e 82 07 36 4f,6,36506,365.06,1922,-192.20000000000002,1922,192.20000000000002,20278,-191.9000000000001
217.176700,0x132,90 8e 76 07 0b 4f,6,36496,364.96,1910,-191.0,1910,191.0,20235,-189.75
217.186900,0x132,99 8e 81 07 33 4f,6,36505,365.05,1921,-192.10000000000002,1921,192.10000000000002,20275,-191.75
217.196900,0x132,99 8e 77 07 11 4f,6,36505,365.05,1911,-191.10000000000002,1911,191.10000000000002,20241,-190.05000000000007
217.206700,0x132,95 8e 83 07 3a 4f,6,36501,365.01,1923,-192.3,1923,192.3,20282,-192.10000000000002
217.216900,0x132,94 8e 76 07 08 4f,6,36500,365.0,1910,-191.0,1910,191.0,20232,-189.60000000000002
217.226700,0x132,99 8e 82 07 35 4f,6,36505,365.05,1922,-192.20000000000002,1922,192.20000000000002,20277,-191.85000000000002
217.236700,0x132,9d 8e 77 07 0c 4f,6,36509,365.09000000000003,1911,-191.10000000000002,1911,191.10000000000002,20236,-189.80000000000007
217.246700,0x132,a9 8e 83 07 35 4f,6,36521,365.21,1923,-192.3,1923,192.3,20277,-191.85000000000002
217.256900,0x132,91 8e 76 07 0b 4f,6,36497,364.97,1910,-191.0,1910,191.0,20235,-189.75
217.266800,0x132,a2 8e 83 07 36 4f,6,36514,365.14,1923,-192.3,1923,192.3,20278,-191.9000000000001
217.276700,0x132,91 8e 76 07 0b 4f,6,36497,364.97,1910,-191.0,1910,191.0,20235,-189.75
217.286700,0x132,9a 8e 83 07 33 4f,6,36506,365.06,1923,-192.3,1923,192.3,20275,-191.75
217.296900,0x132,a7 8e 78 07 0e 4f,6,36519,365.19,1912,-191.20000000000002,1912,191.20000000000002,20238,-189.9000000000001
217.306700,0x132,a5 8e 84 07 35 4f,6,36517,365.17,1924,-192.4,1924,192.4,20277,-191.85000000000002
217.316900,0x132,8e 8e 77 07 0e 4f,6,36494,364.94,1911,-191.10000000000002,1911,191.10000000000002,20238,-189.9000000000001
217.326700,0x132,a5 8e 82 07 31 4f,6,36517,365.17,1922,-192.20000000000002,1922,192.20000000000002,20273,-191.6500000000001
217.336700,0x132,9f 8e 78 07 0b 4f,6,36511,365.11,1912,-191.20000000000002,1912,191.20000000000002,20235,-189.75
217.346700,0x132,8c 8e 83 07 35 4f,6,36492,364.92,1923,-192.3,1923,192.3,20277,-191.85000000000002
217.356700,0x132,8c 8e 78 07 0e 4f,6,36492,364.92,1912,-191.20000000000002,1912,191.20000000000002,20238,-189.9000000000001
217.366800,0x132,99 8e 83 07 34 4f,6,36505,365.05,1923,-192.3,1923,192.3,20276,-191.80000000000007
217.376700,0x132,93 8e 77 07 0d 4f,6,36499,364.99,1911,-191.10000000000002,1911,191.10000000000002,20237,-189.85000000000002
217.386700,0x132,9b 8e 84 07 34 4f,6,36507,365.07,1924,-192.4,1924,192.4,20276,-191.80000000000007
217.396900,0x132,8c 8e 78 07 0c 4f,6,36492,364.92,1912,-191.20000000000002,1912,191.20000000000002,20236,-189.80000000000007
217.406800,0x132,a0 8e 83 07 39 4f,6,36512,365.12,1923,-192.3,1923,192.3,20281,-192.05000000000007
217.416900,0x132,97 8e 79 07 10 4f,6,36503,365.03000000000003,1913,-191.3,1913,191.3,20240,-190.0
217.426800,0x132,94 8e 84 07 3a 4f,6,36500,365.0,1924,-192.4,1924,192.4,20282,-192.10000000000002
217.436700,0x132,99 8e 78 07 07 4f,6,36505,365.05,1912,-191.20000000000002,1912,191.20000000000002,20231,-189.55000000000007
217.446800,0x132,92 8e 84 07 35 4f,6,36498,364.98,1924,-192.4,1924,192.4,20277,-191.85000000000002
217.456700,0x132,8c 8e 78 07 0e 4f,6,36492,364.92,1912,-191.20000000000002,1912,191.20000000000002,20238,-189.9000000000001
217.466800,0x132,95 8e 84 07 34 4f,6,36501,365.01,1924,-192.4,1924,192.4,20276,-191.80000000000007
217.476700,0x132,8c 8e 78 07 0a 4f,6,36492,364.92,1912,-191.20000000000002,1912,191.20000000000002,20234,-189.70000000000005
217.486700,0x132,95 8e 84 07 33 4f,6,36501,365.01,1924,-192.4,1924,192.4,20275,-191.75
217.496900,0x132,8f 8e 78 07 0a 4f,6,36495,364.95,1912,-191.20000000000002,1912,191.20000000000002,20234,-189.70000000000005
217.506700,0x132,98 8e 84 07 38 4f,6,36504,365.04,1924,-192.4,1924,192.4,20280,-192.0
217.516900,0x132,8b 8e 78 07 0b 4f,6,36491,364.91,1912,-191.20000000000002,1912,191.20000000000002,20235,-189.75
217.526800,0x132,9f 8e 84 07 36 4f,6,36511,365.11,1924,-192.4,1924,192.4,20278,-191.9000000000001
217.536700,0x132,90 8e 77 07 07 4f,6,36496,364.96,1911,-191.10000000000002,1911,191.10000000000002,20231,-189.55000000000007
217.546700,0x132,8f 8e 83 07 36 4f,6,36495,364.95,1923,-192.3,1923,192.3,20278,-191.9000000000001
217.557000,0x132,95 8e 78 07 0a 4f,6,36501,365.01,1912,-191.20000000000002,1912,191.20000000000002,20234,-189.70000000000005
217.566800,0x132,97 8e 84 07 35 4f,6,36503,365.03000000000003,1924,-192.4,1924,192.4,20277,-191.85000000000002
217.576700,0x132,92 8e 78 07 0b 4f,6,36498,364.98,1912,-191.20000000000002,1912,191.20000000000002,20235,-189.75
217.586700,0x132,92 8e 85 07 3b 4f,6,36498,364.98,1925,-192.5,1925,192.5,20283,-192.1500000000001
217.596900,0x132,93 8e 79 07 0c 4f,6,36499,364.99,1913,-191.3,1913,191.3,20236,-189.80000000000007
217.606700,0x132,a3 8e 84 07 38 4f,6,36515,365.15000000000003,1924,-192.4,1924,192.4,20280,-192.0
217.616900,0x132,9a 8e 78 07 0c 4f,6,36506,365.06,1912,-191.20000000000002,1912,191.20000000000002,20236,-189.80000000000007
217.626800,0x132,94 8e 84 07 35 4f,6,36500,365.0,1924,-192.4,1924,192.4,20277,-191.85000000000002
217.636800,0x132,90 8e 79 07 0d 4f,6,36496,364.96,1913,-191.3,1913,191.3,20237,-189.85000000000002
217.646800,0x132,9e 8e 84 07 38 4f,6,36510,365.1,1924,-192.4,1924,192.4,20280,-192.0
217.656700,0x132,9d 8e 78 07 0b 4f,6,36509,365.09000000000003,1912,-191.20000000000002,1912,191.20000000000002,20235,-189.75
217.666800,0x132,9a 8e 85 07 35 4f,6,36506,365.06,1925,-192.5,1925,192.5,20277,-191.85000000000002
217.676700,0x132,9b 8e 77 07 0a 4f,6,36507,365.07,1911,-191.10000000000002,1911,191.10000000000002,20234,-189.70000000000005
217.686800,0x132,9a 8e 84 07 31 4f,6,36506,365.06,1924,-192.4,1924,192.4,20273,-191.6500000000001
217.697000,0x132,9a 8e 78 07 0c 4f,6,36506,365.06,1912,-191.20000000000002,1912,191.20000000000002,20236,-189.80000000000007
217.706700,0x132,a0 8e 84 07 34 4f,6,36512,365.12,1924,-192.4,1924,192.4,20276,-191.80000000000007
217.716900,0x132,8a 8e 79 07 10 4f,6,36490,364.90000000000003,1913,-191.3,1913,191.3,20240,-190.0
217.726800,0x132,a6 8e 85 07 34 4f,6,36518,365.18,1925,-192.5,1925,192.5,20276,-191.80000000000007
217.736800,0x132,9b 8e 78 07 0b 4f,6,36507,365.07,1912,-191.20000000000002,1912,191.20000000000002,20235,-189.75
217.746700,0x132,9b 8e 84 07 33 4f,6,36507,365.07,1924,-192.4,1924,192.4,20275,-191.75
217.756900,0x132,98 8e 79 07 0b 4f,6,36504,365.04,1913,-191.3,1913,191.3,20235,-189.75
217.767000,0x132,91 8e 84 07 30 4f,6,36497,364.97,1924,-192.4,1924,192.4,20272,-191.60000000000002
217.776700,0x132,9b 8e 79 07 11 4f,6,36507,365.07,1913,-191.3,1913,191.3,20241,-190.05000000000007
217.786800,0x132,91 8e 84 07 31 4f,6,36497,364.97,1924,-192.4,1924,192.4,20273,-191.6500000000001
217.796900,0x132,95 8e 78 07 0a 4f,6,36501,365.01,1912,-191.20000000000002,1912,191.20000000000002,20234,-189.70000000000005
217.806800,0x132,a1 8e 84 07 33 4f,6,36513,365.13,1924,-192.4,1924,192.4,20275,-191.75
217.816900,0x132,90 8e 79 07 0c 4f,6,36496,364.96,1913,-191.3,1913,191.3,20236,-189.80000000000007
217.826800,0x132,93 8e 84 07 31 4f,6,36499,364.99,1924,-192.4,1924,192.4,20273,-191.6500000000001
217.836800,0x132,99 8e 78 07 08 4f,6,36505,365.05,1912,-191.20000000000002,1912,191.20000000000002,20232,-189.60000000000002
217.846800,0x132,95 8e 85 07 33 4f,6,36501,365.01,1925,-192.5,1925,192.5,20275,-191.75
217.856700,0x132,93 8e 78 07 08 4f,6,36499,364.99,1912,-191.20000000000002,1912,191.20000000000002,20232,-189.60000000000002
217.866800,0x132,90 8e 83 07 2f 4f,6,36496,364.96,1923,-192.3,1923,192.3,20271,-191.55000000000007
217.876700,0x132,a3 8e 79 07 08 4f,6,36515,365.15000000000003,1913,-191.3,1913,191.3,20232,-189.60000000000002
217.886800,0x132,93 8e 84 07 2f 4f,6,36499,364.99,1924,-192.4,1924,192.4,20271,-191.55000000000007
217.897000,0x132,8c 8e 79 07 08 4f,6,36492,364.92,1913,-191.3,1913,191.3,20232,-189.60000000000002
217.906700,0x132,9d 8e 85 07 35 4f,6,36509,365.09000000000003,1925,-192.5,1925,192.5,20277,-191.85000000000002
217.916900,0x132,8d 8e 78 07 04 4f,6,36493,364.93,1912,-191.20000000000002,1912,191.20000000000002,20228,-189.4000000000001
217.926800,0x132,9f 8e 85 07 33 4f,6,36511,365.11,1925,-192.5,1925,192.5,20275,-191.75
217.936800,0x132,99 8e 78 07 07 4f,6,36505,365.05,1912,-191.20000000000002,1912,191.20000000000002,20231,-189.55000000000007
217.946700,0x132,a1 8e 85 07 33 4f,6,36513,365.13,1925,-192.5,1925,192.5,20275,-191.75
217.956700,0x132,8c 8e 79 07 0c 4f,6,36492,364.92,1913,-191.3,1913,191.3,20236,-189.80000000000007
217.966800,0x132,9f 8e 84 07 2f 4f,6,36511,365.11,1924,-192.4,1924,192.4,20271,-191.55000000000007
217.976700,0x132,8d 8e 78 07 0a 4f,6,36493,364.93,1912,-191.20000000000002,1912,191.20000000000002,20234,-189.70000000000005
217.986700,0x132,a2 8e 84 07 35 4f,6,36514,365.14,1924,-192.4,1924,192.4,20277,-191.85000000000002
217.996900,0x132,8f 8e 78 07 0b 4f,6,36495,364.95,1912,-191.20000000000002,1912,191.20000000000002,20235,-189.75
218.006800,0x132,a2 8e 85 07 30 4f,6,36514,365.14,1925,-192.5,1925,192.5,20272,-191.60000000000002
218.016900,0x132,97 8e 7a 07 0b 4f,6,36503,365.03000000000003,1914,-191.4,1914,191.4,20235,-189.75
218.026800,0x132,a7 8e 84 07 34 4f,6,36519,365.19,1924,-192.4,1924,192.4,20276,-191.80000000000007
218.036800,0x132,99 8e 79 07 0b 4f,6,36505,365.05,1913,-191.3,1913,191.3,20235,-189.75
218.046800,0x132,9e 8e 85 07 33 4f,6,36510,365.1,1925,-192.5,1925,192.5,20275,-191.75
218.056800,0x132,9b 8e 79 07 08 4f,6,36507,365.07,1913,-191.3,1913,191.3,20232,-189.60000000000002
218.066800,0x132,9d 8e 84 07 2f 4f,6,36509,365.09000000000003,1924,-192.4,1924,192.4,20271,-191.55000000000007
218.076700,0x132,94 8e 79 07 08 4f,6,36500,365.0,1913,-191.3,1913,191.3,20232,-189.60000000000002
218.086700,0x132,9c 8e 84 07 33 4f,6,36508,365.08,1924,-192.4,1924,192.4,20275,-191.75
218.096900,0x132,9a 8e 79 07 0b 4f,6,36506,365.06,1913,-191.3,1913,191.3,20235,-189.75
218.106700,0x132,92 8e 85 07 30 4f,6,36498,364.98,1925,-192.5,1925,192.5,20272,-191.60000000000002
218.116900,0x132,95 8e 79 07 0b 4f,6,36501,365.01,1913,-191.3,1913,191.3,20235,-189.75
218.126800,0x132,92 8e 85 07 34 4f,6,36498,364.98,1925,-192.5,1925,192.5,20276,-191.80000000000007
218.136800,0x132,9d 8e 7a 07 0e 4f,6,36509,365.09000000000003,1914,-191.4,1914,191.4,20238,-189.9000000000001
218.146800,0x132,9c 8e 84 07 33 4f,6,36508,365.08,1924,-192.4,1924,192.4,20275,-191.75
218.156700,0x132,8d 8e 7a 07 0b 4f,6,36493,364.93,1914,-191.4,1914,191.4,20235,-189.75
218.166800,0x132,96 8e 84 07 34 4f,6,36502,365.02,1924,-192.4,1924,192.4,20276,-191.80000000000007
218.176700,0x132,91 8e 79 07 0a 4f,6,36497,364.97,1913,-191.3,1913,191.3,20234,-189.70000000000005
218.186700,0x132,9e 8e 85 07 35 4f,6,36510,365.1,1925,-192.5,1925,192.5,20277,-191.85000000000002
218.196900,0x132,8a 8e 79 07 0a 4f,6,36490,364.90000000000003,1913,-191.3,1913,191.3,20234,-189.70000000000005
218.206800,0x132,a3 8e 85 07 2e 4f,6,36515,365.15000000000003,1925,-192.5,1925,192.5,20270,-191.5
218.216900,0x132,83 8e 7a 07 08 4f,6,36483,364.83,1914,-191.4,1914,191.4,20232,-189.60000000000002
218.226800,0x132,9b 8e 85 07 30 4f,6,36507,365.07,1925,-192.5,1925,192.5,20272,-191.60000000000002
218.236800,0x132,96 8e 79 07 08 4f,6,36502,365.02,1913,-191.3,1913,191.3,20232,-189.60000000000002
218.246800,0x132,98 8e 85 07 33 4f,6,36504,365.04,1925,-192.5,1925,192.5,20275,-191.75
218.256900,0x132,96 8e 79 07 06 4f,6,36502,365.02,1913,-191.3,1913,191.3,20230,-189.5
218.267000,0x132,96 8e 85 07 34 4f,6,36502,365.02,1925,-192.5,1925,192.5,20276,-191.80000000000007
218.276700,0x132,a1 8e 79 07 07 4f,6,36513,365.13,1913,-191.3,1913,191.3,20231,-189.55000000000007
218.286800,0x132,9c 8e 84 07 36 4f,6,36508,365.08,1924,-192.4,1924,192.4,20278,-191.9000000000001
218.296900,0x132,90 8e 7a 07 08 4f,6,36496,364.96,1914,-191.4,1914,191.4,20232,-189.60000000000002
218.306700,0x132,9a 8e 85 07 34 4f,6,36506,365.06,1925,-192.5,1925,192.5,20276,-191.80000000000007
218.316800,0x132,9c 8e 7a 07 0b 4f,6,36508,365.08,1914,-191.4,1914,191.4,20235,-189.75
218.326800,0x132,96 8e 86 07 34 4f,6,36502,365.02,1926,-192.60000000000002,1926,192.60000000000002,20276,-191.80000000000007
218.336800,0x132,8d 8e 7a 07 0c 4f,6,36493,364.93,1914,-191.4,1914,191.4,20236,-189.80000000000007
218.346700,0x132,8a 8e 85 07 36 4f,6,36490,364.90000000000003,1925,-192.5,1925,192.5,20278,-191.9000000000001
218.356800,0x132,8b 8e 7a 07 10 4f,6,36491,364.91,1914,-191.4,1914,191.4,20240,-190.0
218.366800,0x132,96 8e 85 07 39 4f,6,36502,365.02,1925,-192.5,1925,192.5,20281,-192.05000000000007
218.376700,0x132,91 8e 7a 07 0a 4f,6,36497,364.97,1914,-191.4,1914,191.4,20234,-189.70000000000005
218.386800,0x132,a0 8e 85 07 35 4f,6,36512,365.12,1925,-192.5,1925,192.5,20277,-191.85000000000002
218.396900,0x132,91 8e 7a 07 0a 4f,6,36497,364.97,1914,-191.4,1914,191.4,20234,-189.70000000000005
218.406800,0x132,a4 8e 85 07 36 4f,6,36516,365.16,1925,-192.5,1925,192.5,20278,-191.9000000000001
218.416800,0x132,9c 8e 79 07 07 4f,6,36508,365.08,1913,-191.3,1913,191.3,20231,-189.55000000000007
218.426800,0x132,99 8e 85 07 33 4f,6,36505,365.05,1925,-192.5,1925,192.5,20275,-191.75
218.436800,0x132,89 8e 7a 07 0e 4f,6,36489,364.89,1914,-191.4,1914,191.4,20238,-189.9000000000001
218.446800,0x132,a1 8e 85 07 33 4f,6,36513,365.13,1925,-192.5,1925,192.5,20275,-191.75
218.456800,0x132,9b 8e 7a 07 0a 4f,6,36507,365.07,1914,-191.4,1914,191.4,20234,-189.70000000000005
218.466800,0x132,8a 8e 85 07 36 4f,6,36490,364.90000000000003,1925,-192.5,1925,192.5,20278,-191.9000000000001
218.476700,0x132,9c 8e 7a 07 06 4f,6,36508,365.08,1914,-191.4,1914,191.4,20230,-189.5
218.486800,0x132,ad 8e 85 07 34 4f,6,36525,365.25,1925,-192.5,1925,192.5,20276,-191.80000000000007
218.496900,0x132,90 8e 79 07 08 4f,6,36496,364.96,1913,-191.3,1913,191.3,20232,-189.60000000000002
218.506800,0x132,9d 8e 85 07 35 4f,6,36509,365.09000000000003,1925,-192.5,1925,192.5,20277,-191.85000000000002
218.516900,0x132,96 8e 78 07 07 4f,6,36502,365.02,1912,-191.20000000000002,1912,191.20000000000002,20231,-189.55000000000007
218.526800,0x132,98 8e 85 07 39 4f,6,36504,365.04,1925,-192.5,1925,192.5,20281,-192.05000000000007
218.536800,0x132,92 8e 7a 07 06 4f,6,36498,364.98,1914,-191.4,1914,191.4,20230,-189.5
218.546700,0x132,9b 8e 85 07 34 4f,6,36507,365.07,1925,-192.5,1925,192.5,20276,-191.80000000000007
218.556800,0x132,99 8e 7a 07 08 4f,6,36505,365.05,1914,-191.4,1914,191.4,20232,-189.60000000000002
218.566900,0x132,a1 8e 84 07 30 4f,6,36513,365.13,1924,-192.4,1924,192.4,20272,-191.60000000000002
218.576700,0x132,95 8e 79 07 0a 4f,6,36501,365.01,1913,-191.3,1913,191.3,20234,-189.70000000000005
218.586700,0x132,a5 8e 84 07 38 4f,6,36517,365.17,1924,-192.4,1924,192.4,20280,-192.0
218.596900,0x132,99 8e 7a 07 0b 4f,6,36505,365.05,1914,-191.4,1914,191.4,20235,-189.75
218.606800,0x132,8b 8e 86 07 38 4f,6,36491,364.91,1926,-192.60000000000002,1926,192.60000000000002,20280,-192.0
218.616800,0x132,8c 8e 7a 07 0b 4f,6,36492,364.92,1914,-191.4,1914,191.4,20235,-189.75
218.626800,0x132,9e 8e 85 07 34 4f,6,36510,365.1,1925,-192.5,1925,192.5,20276,-191.80000000000007
218.636800,0x132,97 8e 7a 07 0c 4f,6,36503,365.03000000000003,1914,-191.4,1914,191.4,20236,-189.80000000000007
218.646800,0x132,99 8e 85 07 36 4f,6,36505,365.05,1925,-192.5,1925,192.5,20278,-191.9000000000001
218.656700,0x132,90 8e 7a 07 0e 4f,6,36496,364.96,1914,-191.4,1914,191.4,20238,-189.9000000000001
218.666800,0x132,98 8e 85 07 38 4f,6,36504,365.04,1925,-192.5,1925,192.5,20280,-192.0
218.676700,0x132,9c 8e 7a 07 0c 4f,6,36508,365.08,1914,-191.4,1914,191.4,20236,-189.80000000000007
218.686700,0x132,a0 8e 85 07 3b 4f,6,36512,365.12,1925,-192.5,1925,192.5,20283,-192.1500000000001
218.697100,0x132,94 8e 7b 07 0b 4f,6,36500,365.0,1915,-191.5,1915,191.5,20235,-189.75
218.706700,0x132,9c 8e 84 07 39 4f,6,36508,365.08,1924,-192.4,1924,192.4,20281,-192.05000000000007
218.716800,0x132,96 8e 7b 07 0d 4f,6,36502,365.02,1915,-191.5,1915,191.5,20237,-189.85000000000002
218.726800,0x132,94 8e 85 07 39 4f,6,36500,365.0,1925,-192.5,1925,192.5,20281,-192.05000000000007
218.736800,0x132,9b 8e 7a 07 13 4f,6,36507,365.07,1914,-191.4,1914,191.4,20243,-190.1500000000001
218.746700,0x132,8d 8e 85 07 38 4f,6,36493,364.93,1925,-192.5,1925,192.5,20280,-192.0
218.756900,0x132,9c 8e 7a 07 10 4f,6,36508,365.08,1914,-191.4,1914,191.4,20240,-190.0
218.767000,0x132,93 8e 84 07 39 4f,6,36499,364.99,1924,-192.4,1924,192.4,20281,-192.05000000000007
218.776700,0x132,8f 8e 7a 07 0e 4f,6,36495,364.95,1914,-191.4,1914,191.4,20238,-189.9000000000001
218.786700,0x132,a0 8e 84 07 3a 4f,6,36512,365.12,1924,-192.4,1924,192.4,20282,-192.10000000000002
218.796900,0x132,9f 8e 7a 07 0b 4f,6,36511,365.11,1914,-191.4,1914,191.4,20235,-189.75
218.806800,0x132,9e 8e 85 07 39 4f,6,36510,365.1,1925,-192.5,1925,192.5,20281,-192.05000000000007
218.816800,0x132,98 8e 7a 07 0e 4f,6,36504,365.04,1914,-191.4,1914,191.4,20238,-189.9000000000001
218.826800,0x132,9e 8e 85 07 3a 4f,6,36510,365.1,1925,-192.5,1925,192.5,20282,-192.10000000000002
218.836800,0x132,9b 8e 7a 07 0c 4f,6,36507,365.07,1914,-191.4,1914,191.4,20236,-189.80000000000007
218.846900,0x132,92 8e 84 07 36 4f,6,36498,364.98,1924,-192.4,1924,192.4,20278,-191.9000000000001
218.856900,0x132,8d 8e 7b 07 12 4f,6,36493,364.93,1915,-191.5,1915,191.5,20242,-190.10000000000002
218.867000,0x132,9b 8e 85 07 38 4f,6,36507,365.07,1925,-192.5,1925,192.5,20280,-192.0
218.876700,0x132,9a 8e 7a 07 0a 4f,6,36506,365.06,1914,-191.4,1914,191.4,20234,-189.70000000000005
218.886900,0x132,91 8e 85 07 3f 4f,6,36497,364.97,1925,-192.5,1925,192.5,20287,-192.35000000000002
218.896900,0x132,9e 8e 7b 07 11 4f,6,36510,365.1,1915,-191.5,1915,191.5,20241,-190.05000000000007
218.906700,0x132,9d 8e 84 07 39 4f,6,36509,365.09000000000003,1924,-192.4,1924,192.4,20281,-192.05000000000007
218.916800,0x132,9e 8e 7b 07 12 4f,6,36510,365.1,1915,-191.5,1915,191.5,20242,-190.10000000000002
218.926800,0x132,9b 8e 85 07 3d 4f,6,36507,365.07,1925,-192.5,1925,192.5,20285,-192.25
218.936900,0x132,84 8e 7b 07 0c 4f,6,36484,364.84000000000003,1915,-191.5,1915,191.5,20236,-189.80000000000007
218.946700,0x132,8b 8e 86 07 3e 4f,6,36491,364.91,1926,-192.60000000000002,1926,192.60000000000002,20286,-192.30000000000007
218.956800,0x132,87 8e 7b 07 12 4f,6,36487,364.87,1915,-191.5,1915,191.5,20242,-190.10000000000002
218.966900,0x132,8f 8e 85 07 3e 4f,6,36495,364.95,1925,-192.5,1925,192.5,20286,-192.30000000000007
218.976700,0x132,8f 8e 7b 07 0d 4f,6,36495,364.95,1915,-191.5,1915,191.5,20237,-189.85000000000002
218.986700,0x132,90 8e 86 07 3e 4f,6,36496,364.96,1926,-192.60000000000002,1926,192.60000000000002,20286,-192.30000000000007
218.996900,0x132,91 8e 7b 07 13 4f,6,36497,364.97,1915,-191.5,1915,191.5,20243,-190.1500000000001
219.006800,0x132,a6 8e 86 07 43 4f,6,36518,365.18,1926,-192.60000000000002,1926,192.60000000000002,20291,-192.55000000000007
219.016800,0x132,91 8e 7c 07 15 4f,6,36497,364.97,1916,-191.60000000000002,1916,191.60000000000002,20245,-190.25
219.026900,0x132,9d 8e 86 07 43 4f,6,36509,365.09000000000003,1926,-192.60000000000002,1926,192.60000000000002,20291,-192.55000000000007
219.036800,0x132,9a 8e 7b 07 11 4f,6,36506,365.06,1915,-191.5,1915,191.5,20241,-190.05000000000007
219.046900,0x132,99 8e 86 07 40 4f,6,36505,365.05,1926,-192.60000000000002,1926,192.60000000000002,20288,-192.4000000000001
219.056800,0x132,93 8e 7b 07 18 4f,6,36499,364.99,1915,-191.5,1915,191.5,20248,-190.4000000000001
219.066900,0x132,9b 8e 85 07 42 4f,6,36507,365.07,1925,-192.5,1925,192.5,20290,-192.5
219.076700,0x132,9c 8e 7c 07 13 4f,6,36508,365.08,1916,-191.60000000000002,1916,191.60000000000002,20243,-190.1500000000001
219.086900,0x132,87 8e 85 07 3e 4f,6,36487,364.87,1925,-192.5,1925,192.5,20286,-192.30000000000007
219.096900,0x132,98 8e 7a 07 15 4f,6,36504,365.04,1914,-191.4,1914,191.4,20245,-190.25
219.106700,0x132,9f 8e 85 07 3e 4f,6,36511,365.11,1925,-192.5,1925,192.5,20286,-192.30000000000007
219.116800,0x132,90 8e 7b 07 17 4f,6,36496,364.96,1915,-191.5,1915,191.5,20247,-190.35000000000002
219.126900,0x132,94 8e 85 07 3b 4f,6,36500,365.0,1925,-192.5,1925,192.5,20283,-192.1500000000001
219.136800,0x132,94 8e 7b 07 12 4f,6,36500,365.0,1915,-191.5,1915,191.5,20242,-190.10000000000002
219.146700,0x132,9f 8e 85 07 3d 4f,6,36511,365.11,1925,-192.5,1925,192.5,20285,-192.25
219.156800,0x132,97 8e 7b 07 13 4f,6,36503,365.03000000000003,1915,-191.5,1915,191.5,20243,-190.1500000000001
219.166900,0x132,96 8e 85 07 40 4f,6,36502,365.02,1925,-192.5,1925,192.5,20288,-192.4000000000001
219.176700,0x132,96 8e 7a 07 13 4f,6,36502,365.02,1914,-191.4,1914,191.4,20243,-190.1500000000001
219.186700,0x132,95 8e 85 07 40 4f,6,36501,365.01,1925,-192.5,1925,192.5,20288,-192.4000000000001
219.196900,0x132,8a 8e 7b 07 17 4f,6,36490,364.90000000000003,1915,-191.5,1915,191.5,20247,-190.35000000000002
219.206800,0x132,9a 8e 85 07 3f 4f,6,36506,365.06,1925,-192.5,1925,192.5,20287,-192.35000000000002
219.216800,0x132,99 8e 7b 07 17 4f,6,36505,365.05,1915,-191.5,1915,191.5,20247,-190.35000000000002
219.226900,0x132,93 8e 86 07 42 4f,6,36499,364.99,1926,-192.60000000000002,1926,192.60000000000002,20290,-192.5
219.236900,0x132,91 8e 7b 07 16 4f,6,36497,364.97,1915,-191.5,1915,191.5,20246,-190.30000000000007
219.246900,0x132,98 8e 85 07 43 4f,6,36504,365.04,1925,-192.5,1925,192.5,20291,-192.55000000000007
219.257000,0x132,9a 8e 7b 07 16 4f,6,36506,365.06,1915,-191.5,1915,191.5,20246,-190.30000000000007
219.266900,0x132,8d 8e 86 07 45 4f,6,36493,364.93,1926,-192.60000000000002,1926,192.60000000000002,20293,-192.6500000000001
219.276700,0x132,a1 8e 7b 07 12 4f,6,36513,365.13,1915,-191.5,1915,191.5,20242,-190.10000000000002
219.286900,0x132,9a 8e 84 07 44 4f,6,36506,365.06,1924,-192.4,1924,192.4,20292,-192.60000000000002
219.296900,0x132,92 8e 7b 07 16 4f,6,36498,364.98,1915,-191.5,1915,191.5,20246,-190.30000000000007
219.306700,0x132,98 8e 85 07 44 4f,6,36504,365.04,1925,-192.5,1925,192.5,20292,-192.60000000000002
219.316800,0x132,98 8e 7b 07 1a 4f,6,36504,365.04,1915,-191.5,1915,191.5,20250,-190.5
219.326900,0x132,9e 8e 84 07 44 4f,6,36510,365.1,1924,-192.4,1924,192.4,20292,-192.60000000000002
219.336900,0x132,8f 8e 7c 07 1b 4f,6,36495,364.95,1916,-191.60000000000002,1916,191.60000000000002,20251,-190.55000000000007
219.346700,0x132,90 8e 85 07 4c 4f,6,36496,364.96,1925,-192.5,1925,192.5,20300,-193.0
219.356800,0x132,93 8e 7a 07 18 4f,6,36499,364.99,1914,-191.4,1914,191.4,20248,-190.4000000000001
219.366900,0x132,97 8e 85 07 44 4f,6,36503,365.03000000000003,1925,-192.5,1925,192.5,20292,-192.60000000000002
219.376800,0x132,92 8e 7b 07 1f 4f,6,36498,364.98,1915,-191.5,1915,191.5,20255,-190.75
219.386700,0x132,8d 8e 84 07 47 4f,6,36493,364.93,1924,-192.4,1924,192.4,20295,-192.75
219.396900,0x132,96 8e 7e 07 1f 4f,6,36502,365.02,1918,-191.8,1918,191.8,20255,-190.75
219.406900,0x132,a3 8e 81 07 63 4f,6,36515,365.15000000000003,1921,-192.10000000000002,1921,192.10000000000002,20323,-194.1500000000001
219.416800,0x132,a1 8e 7d 07 3a 4f,6,36513,365.13,1917,-191.70000000000002,1917,191.70000000000002,20282,-192.10000000000002
219.426900,0x132,96 8e 81 07 69 4f,6,36502,365.02,1921,-192.10000000000002,1921,192.10000000000002,20329,-194.45000000000005
219.436900,0x132,83 8e 7c 07 39 4f,6,36483,364.83,1916,-191.60000000000002,1916,191.60000000000002,20281,-192.05000000000007
219.446900,0x132,97 8e 81 07 62 4f,6,36503,365.03000000000003,1921,-192.10000000000002,1921,192.10000000000002,20322,-194.10000000000002
219.456800,0x132,93 8e 81 07 39 4f,6,36499,364.99,1921,-192.10000000000002,1921,192.10000000000002,20281,-192.05000000000007
219.466800,0x132,94 8e 88 07 67 4f,6,36500,365.0,1928,-192.8,1928,192.8,20327,-194.35000000000002
219.476700,0x132,8d 8e 7c 07 39 4f,6,36493,364.93,1916,-191.60000000000002,1916,191.60000000000002,20281,-192.05000000000007
219.486900,0x132,9d 8e 80 07 61 4f,6,36509,365.09000000000003,1920,-192.0,1920,192.0,20321,-194.05000000000007
219.496900,0x132,8f 8e 7c 07 3b 4f,6,36495,364.95,1916,-191.60000000000002,1916,191.60000000000002,20283,-192.1500000000001
219.506700,0x132,a4 8e 80 07 62 4f,6,36516,365.16,1920,-192.0,1920,192.0,20322,-194.10000000000002
219.516800,0x132,8c 8e 7d 07 39 4f,6,36492,364.92,1917,-191.70000000000002,1917,191.70000000000002,20281,-192.05000000000007
219.526900,0x132,95 8e 82 07 69 4f,6,36501,365.01,1922,-192.20000000000002,1922,192.20000000000002,20329,-194.45000000000005
219.536900,0x132,9d 8e 7d 07 39 4f,6,36509,365.09000000000003,1917,-191.70000000000002,1917,191.70000000000002,20281,-192.05000000000007
219.546700,0x132,99 8e 83 07 6c 4f,6,36505,365.05,1923,-192.3,1923,192.3,20332,-194.60000000000002
219.556800,0x132,9c 8e 82 07 3a 4f,6,36508,365.08,1922,-192.20000000000002,1922,192.20000000000002,20282,-192.10000000000002
219.567000,0x132,97 8e 86 07 62 4f,6,36503,365.03000000000003,1926,-192.60000000000002,1926,192.60000000000002,20322,-194.10000000000002
219.576700,0x132,94 8e 7d 07 3d 4f,6,36500,365.0,1917,-191.70000000000002,1917,191.70000000000002,20285,-192.25
219.587000,0x132,96 8e 81 07 6b 4f,6,36502,365.02,1921,-192.10000000000002,1921,192.10000000000002,20331,-194.55000000000007
219.596900,0x132,89 8e 7d 07 38 4f,6,36489,364.89,1917,-191.70000000000002,1917,191.70000000000002,20280,-192.0
219.606900,0x132,9a 8e 81 07 68 4f,6,36506,365.06,1921,-192.10000000000002,1921,192.10000000000002,20328,-194.4000000000001
219.616800,0x132,9b 8e 7d 07 35 4f,6,36507,365.07,1917,-191.70000000000002,1917,191.70000000000002,20277,-191.85000000000002
219.626900,0x132,94 8e 81 07 63 4f,6,36500,365.0,1921,-192.10000000000002,1921,192.10000000000002,20323,-194.1500000000001
219.636900,0x132,97 8e 7d 07 39 4f,6,36503,365.03000000000003,1917,-191.70000000000002,1917,191.70000000000002,20281,-192.05000000000007
219.646900,0x132,98 8e 82 07 6e 4f,6,36504,365.04,1922,-192.20000000000002,1922,192.20000000000002,20334,-194.70000000000005
219.656800,0x132,8d 8e 83 07 3d 4f,6,36493,364.93,1923,-192.3,1923,192.3,20285,-192.25
219.666900,0x132,94 8e 86 07 63 4f,6,36500,365.0,1926,-192.60000000000002,1926,192.60000000000002,20323,-194.1500000000001
219.676700,0x132,9c 8e 7d 07 3a 4f,6,36508,365.08,1917,-191.70000000000002,1917,191.70000000000002,20282,-192.10000000000002
219.686900,0x132,8e 8e 82 07 66 4f,6,36494,364.94,1922,-192.20000000000002,1922,192.20000000000002,20326,-194.30000000000007
219.697200,0x132,97 8e 7d 07 3a 4f,6,36503,365.03000000000003,1917,-191.70000000000002,1917,191.70000000000002,20282,-192.10000000000002
219.706900,0x132,a0 8e 81 07 67 4f,6,36512,365.12,1921,-192.10000000000002,1921,192.10000000000002,20327,-194.35000000000002
219.717000,0x132,9a 8e 7d 07 39 4f,6,36506,365.06,1917,-191.70000000000002,1917,191.70000000000002,20281,-192.05000000000007
219.726900,0x132,95 8e 82 07 67 4f,6,36501,365.01,1922,-192.20000000000002,1922,192.20000000000002,20327,-194.35000000000002
219.736900,0x132,88 8e 7d 07 3a 4f,6,36488,364.88,1917,-191.70000000000002,1917,191.70000000000002,20282,-192.10000000000002
219.746700,0x132,8e 8e 81 07 66 4f,6,36494,364.94,1921,-192.10000000000002,1921,192.10000000000002,20326,-194.30000000000007
219.757000,0x132,97 8e 82 07 3b 4f,6,36503,365.03000000000003,1922,-192.20000000000002,1922,192.20000000000002,20283,-192.1500000000001
219.766900,0x132,98 8e 88 07 63 4f,6,36504,365.04,1928,-192.8,1928,192.8,20323,-194.1500000000001
219.776700,0x132,93 8e 7d 07 39 4f,6,36499,364.99,1917,-191.70000000000002,1917,191.70000000000002,20281,-192.05000000000007
219.786700,0x132,98 8e 81 07 68 4f,6,36504,365.04,1921,-192.10000000000002,1921,192.10000000000002,20328,-194.4000000000001
219.796900,0x132,91 8e 7c 07 36 4f,6,36497,364.97,1916,-191.60000000000002,1916,191.60000000000002,20278,-191.9000000000001
219.806900,0x132,97 8e 81 07 62 4f,6,36503,365.03000000000003,1921,-192.10000000000002,1921,192.10000000000002,20322,-194.10000000000002
219.816900,0x132,9e 8e 7d 07 38 4f,6,36510,365.1,1917,-191.70000000000002,1917,191.70000000000002,20280,-192.0
219.826900,0x132,94 8e 80 07 63 4f,6,36500,365.0,1920,-192.0,1920,192.0,20323,-194.1500000000001
219.836900,0x132,8a 8e 7d 07 39 4f,6,36490,364.90000000000003,1917,-191.70000000000002,1917,191.70000000000002,20281,-192.05000000000007
219.846900,0x132,a5 8e 81 07 61 4f,6,36517,365.17,1921,-192.10000000000002,1921,192.10000000000002,20321,-194.05000000000007
219.856800,0x132,89 8e 83 07 38 4f,6,36489,364.89,1923,-192.3,1923,192.3,20280,-192.0
219.866900,0x132,8e 8e 86 07 63 4f,6,36494,364.94,1926,-192.60000000000002,1926,192.60000000000002,20323,-194.1500000000001
219.876700,0x132,96 8e 7d 07 36 4f,6,36502,365.02,1917,-191.70000000000002,1917,191.70000000000002,20278,-191.9000000000001
219.886900,0x132,94 8e 80 07 5e 4f,6,36500,365.0,1920,-192.0,1920,192.0,20318,-193.9000000000001
219.897100,0x132,94 8e 7b 07 34 4f,6,36500,365.0,1915,-191.5,1915,191.5,20276,-191.80000000000007
219.906700,0x132,9f 8e 7f 07 5e 4f,6,36511,365.11,1919,-191.9,1919,191.9,20318,-193.9000000000001
219.916800,0x132,99 8e 7c 07 3a 4f,6,36505,365.05,1916,-191.60000000000002,1916,191.60000000000002,20282,-192.10000000000002
219.926900,0x132,93 8e 80 07 63 4f,6,36499,364.99,1920,-192.0,1920,192.0,20323,-194.1500000000001
219.936900,0x132,93 8e 7c 07 31 4f,6,36499,364.99,1916,-191.60000000000002,1916,191.60000000000002,20273,-191.6500000000001
219.946900,0x132,94 8e 80 07 61 4f,6,36500,365.0,1920,-192.0,1920,192.0,20321,-194.05000000000007
219.956800,0x132,90 8e 81 07 34 4f,6,36496,364.96,1921,-192.10000000000002,1921,192.10000000000002,20276,-191.80000000000007
219.966900,0x132,8a 8e 86 07 63 4f,6,36490,364.90000000000003,1926,-192.60000000000002,1926,192.60000000000002,20323,-194.1500000000001
219.976700,0x132,90 8e 7c 07 35 4f,6,36496,364.96,1916,-191.60000000000002,1916,191.60000000000002,20277,-191.85000000000002
219.986700,0x132,9c 8e 80 07 5d 4f,6,36508,365.08,1920,-192.0,1920,192.0,20317,-193.85000000000002
219.997000,0x132,9c 8e 7c 07 31 4f,6,36508,365.08,1916,-191.60000000000002,1916,191.60000000000002,20273,-191.6500000000001
220.006900,0x132,92 8e 80 07 5f 4f,6,36498,364.98,1920,-192.0,1920,192.0,20319,-193.95000000000005
220.017000,0x132,86 8e 7c 07 33 4f,6,36486,364.86,1916,-191.60000000000002,1916,191.60000000000002,20275,-191.75
220.026900,0x132,96 8e 7f 07 5c 4f,6,36502,365.02,1919,-191.9,1919,191.9,20316,-193.80000000000007
220.036900,0x132,98 8e 7d 07 33 4f,6,36504,365.04,1917,-191.70000000000002,1917,191.70000000000002,20275,-191.75
220.047000,0x132,97 8e 80 07 5d 4f,6,36503,365.03000000000003,1920,-192.0,1920,192.0,20317,-193.85000000000002
220.056800,0x132,95 8e 77 07 2e 4f,6,36501,365.01,1911,-191.10000000000002,1911,191.10000000000002,20270,-191.5
220.067000,0x132,a1 8e 7e 07 5f 4f,6,36513,365.13,1918,-191.8,1918,191.8,20319,-193.95000000000005
220.076700,0x132,95 8e 7d 07 30 4f,6,36501,365.01,1917,-191.70000000000002,1917,191.70000000000002,20272,-191.60000000000002
220.086900,0x132,9e 8e 80 07 5c 4f,6,36510,365.1,1920,-192.0,1920,192.0,20316,-193.80000000000007
220.097000,0x132,8d 8e 7c 07 33 4f,6,36493,364.93,1916,-191.60000000000002,1916,191.60000000000002,20275,-191.75
220.106700,0x132,93 8e 7f 07 5d 4f,6,36499,364.99,1919,-191.9,1919,191.9,20317,-193.85000000000002
220.116900,0x132,95 8e 7c 07 2c 4f,6,36501,365.01,1916,-191.60000000000002,1916,191.60000000000002,20268,-191.4000000000001
220.126900,0x132,9d 8e 80 07 5c 4f,6,36509,365.09000000000003,1920,-192.0,1920,192.0,20316,-193.80000000000007
220.136900,0x132,9d 8e 7c 07 34 4f,6,36509,365.09000000000003,1916,-191.60000000000002,1916,191.60000000000002,20276,-191.80000000000007
220.146700,0x132,96 8e 80 07 5c 4f,6,36502,365.02,1920,-192.0,1920,192.0,20316,-193.80000000000007
220.156800,0x132,95 8e 7d 07 31 4f,6,36501,365.01,1917,-191.70000000000002,1917,191.70000000000002,20273,-191.6500000000001
220.166900,0x132,9c 8e 7f 07 58 4f,6,36508,365.08,1919,-191.9,1919,191.9,20312,-193.60000000000002
220.176700,0x132,7e 8e 7b 07 31 4f,6,36478,364.78000000000003,1915,-191.5,1915,191.5,20273,-191.6500000000001
220.186700,0x132,94 8e 7f 07 5a 4f,6,36500,365.0,1919,-191.9,1919,191.9,20314,-193.70000000000005
220.197000,0x132,9f 8e 7c 07 30 4f,6,36511,365.11,1916,-191.60000000000002,1916,191.60000000000002,20272,-191.60000000000002
220.206900,0x132,8f 8e 80 07 59 4f,6,36495,364.95,1920,-192.0,1920,192.0,20313,-193.6500000000001
220.217000,0x132,98 8e 7c 07 2f 4f,6,36504,365.04,1916,-191.60000000000002,1916,191.60000000000002,20271,-191.55000000000007
220.226900,0x132,a8 8e 80 07 58 4f,6,36520,365.2,1920,-192.0,1920,192.0,20312,-193.60000000000002
220.237000,0x132,8a 8e 7b 07 2a 4f,6,36490,364.90000000000003,1915,-191.5,1915,191.5,20266,-191.30000000000007
220.246900,0x132,94 8e 7f 07 57 4f,6,36500,365.0,1919,-191.9,1919,191.9,20311,-193.55000000000007
220.257000,0x132,98 8e 7c 07 2e 4f,6,36504,365.04,1916,-191.60000000000002,1916,191.60000000000002,20270,-191.5
220.266900,0x132,94 8e 84 07 55 4f,6,36500,365.0,1924,-192.4,1924,192.4,20309,-193.45000000000005
220.276700,0x132,a5 8e 7c 07 29 4f,6,36517,365.17,1916,-191.60000000000002,1916,191.60000000000002,20265,-191.25
220.286900,0x132,91 8e 7f 07 5a 4f,6,36497,364.97,1919,-191.9,1919,191.9,20314,-193.70000000000005
220.297000,0x132,90 8e 7c 07 2c 4f,6,36496,364.96,1916,-191.60000000000002,1916,191.60000000000002,20268,-191.4000000000001
220.306900,0x132,a3 8e 7f 07 59 4f,6,36515,365.15000000000003,1919,-191.9,1919,191.9,20313,-193.6500000000001
220.317000,0x132,98 8e 7c 07 2a 4f,6,36504,365.04,1916,-191.60000000000002,1916,191.60000000000002,20266,-191.30000000000007
220.326900,0x132,9f 8e 80 07 58 4f,6,36511,365.11,1920,-192.0,1920,192.0,20312,-193.60000000000002
220.336900,0x132,98 8e 7c 07 2a 4f,6,36504,365.04,1916,-191.60000000000002,1916,191.60000000000002,20266,-191.30000000000007
220.346800,0x132,88 8e 7f 07 58 4f,6,36488,364.88,1919,-191.9,1919,191.9,20312,-193.60000000000002
220.356800,0x132,8e 8e 7d 07 2a 4f,6,36494,364.94,1917,-191.70000000000002,1917,191.70000000000002,20266,-191.30000000000007
220.367000,0x132,81 8e 7f 07 53 4f,6,36481,364.81,1919,-191.9,1919,191.9,20307,-193.35000000000002
220.376700,0x132,91 8e 7d 07 2c 4f,6,36497,364.97,1917,-191.70000000000002,1917,191.70000000000002,20268,-191.4000000000001
220.386700,0x132,90 8e 80 07 57 4f,6,36496,364.96,1920,-192.0,1920,192.0,20311,-193.55000000000007
220.397000,0x132,8e 8e 7d 07 2c 4f,6,36494,364.94,1917,-191.70000000000002,1917,191.70000000000002,20268,-191.4000000000001
220.406900,0x132,92 8e 7f 07 55 4f,6,36498,364.98,1919,-191.9,1919,191.9,20309,-193.45000000000005
220.417000,0x132,82 8e 7c 07 29 4f,6,36482,364.82,1916,-191.60000000000002,1916,191.60000000000002,20265,-191.25
220.426900,0x132,91 8e 80 07 57 4f,6,36497,364.97,1920,-192.0,1920,192.0,20311,-193.55000000000007
220.436900,0x132,89 8e 7d 07 2c 4f,6,36489,364.89,1917,-191.70000000000002,1917,191.70000000000002,20268,-191.4000000000001
220.446900,0x132,86 8e 7f 07 53 4f,6,36486,364.86,1919,-191.9,1919,191.9,20307,-193.35000000000002
220.456800,0x132,94 8e 7d 07 2a 4f,6,36500,365.0,1917,-191.70000000000002,1917,191.70000000000002,20266,-191.30000000000007
220.467000,0x132,a0 8e 80 07 57 4f,6,36512,365.12,1920,-192.0,1920,192.0,20311,-193.55000000000007
220.476700,0x132,88 8e 7d 07 29 4f,6,36488,364.88,1917,-191.70000000000002,1917,191.70000000000002,20265,-191.25
220.486900,0x132,94 8e 80 07 55 4f,6,36500,365.0,1920,-192.0,1920,192.0,20309,-193.45000000000005
220.497000,0x132,8e 8e 7d 07 2c 4f,6,36494,364.94,1917,-191.70000000000002,1917,191.70000000000002,20268,-191.4000000000001
220.506700,0x132,9a 8e 7f 07 53 4f,6,36506,365.06,1919,-191.9,1919,191.9,20307,-193.35000000000002
220.517000,0x132,96 8e 7c 07 2c 4f,6,36502,365.02,1916,-191.60000000000002,1916,191.60000000000002,20268,-191.4000000000001
220.526900,0x132,a1 8e 7f 07 4f 4f,6,36513,365.13,1919,-191.9,1919,191.9,20303,-193.1500000000001
220.536900,0x132,93 8e 7c 07 27 4f,6,36499,364.99,1916,-191.60000000000002,1916,191.60000000000002,20263,-191.1500000000001
220.546800,0x132,97 8e 7f 07 4e 4f,6,36503,365.03000000000003,1919,-191.9,1919,191.9,20302,-193.10000000000002
220.557000,0x132,8f 8e 7c 07 24 4f,6,36495,364.95,1916,-191.60000000000002,1916,191.60000000000002,20260,-191.0
220.567000,0x132,97 8e 7e 07 4f 4f,6,36503,365.03000000000003,1918,-191.8,1918,191.8,20303,-193.1500000000001
220.576700,0x132,99 8e 7b 07 25 4f,6,36505,365.05,1915,-191.5,1915,191.5,20261,-191.05000000000007
220.586700,0x132,93 8e 7e 07 51 4f,6,36499,364.99,1918,-191.8,1918,191.8,20305,-193.25
220.597100,0x132,9d 8e 7d 07 29 4f,6,36509,365.09000000000003,1917,-191.70000000000002,1917,191.70000000000002,20265,-191.25
220.606900,0x132,9d 8e 7f 07 51 4f,6,36509,365.09000000000003,1919,-191.9,1919,191.9,20305,-193.25
220.617000,0x132,94 8e 7b 07 21 4f,6,36500,365.0,1915,-191.5,1915,191.5,20257,-190.85000000000002
220.627000,0x132,9d 8e 7e 07 4f 4f,6,36509,365.09000000000003,1918,-191.8,1918,191.8,20303,-193.1500000000001
220.637000,0x132,90 8e 7c 07 22 4f,6,36496,364.96,1916,-191.60000000000002,1916,191.60000000000002,20258,-190.9000000000001
220.646900,0x132,a1 8e 7f 07 4f 4f,6,36513,365.13,1919,-191.9,1919,191.9,20303,-193.1500000000001
220.656800,0x132,8f 8e 7c 07 25 4f,6,36495,364.95,1916,-191.60000000000002,1916,191.60000000000002,20261,-191.05000000000007
220.667000,0x132,a0 8e 7f 07 4d 4f,6,36512,365.12,1919,-191.9,1919,191.9,20301,-193.05000000000007
220.676700,0x132,98 8e 7d 07 26 4f,6,36504,365.04,1917,-191.70000000000002,1917,191.70000000000002,20262,-191.10000000000002
220.687000,0x132,98 8e 7e 07 4d 4f,6,36504,365.04,1918,-191.8,1918,191.8,20301,-193.05000000000007
220.697200,0x132,87 8e 7c 07 24 4f,6,36487,364.87,1916,-191.60000000000002,1916,191.60000000000002,20260,-191.0
220.706800,0x132,91 8e 7e 07 4d 4f,6,36497,364.97,1918,-191.8,1918,191.8,20301,-193.05000000000007
220.716900,0x132,91 8e 7c 07 25 4f,6,36497,364.97,1916,-191.60000000000002,1916,191.60000000000002,20261,-191.05000000000007
220.727000,0x132,92 8e 7f 07 4f 4f,6,36498,364.98,1919,-191.9,1919,191.9,20303,-193.1500000000001
220.737000,0x132,8f 8e 7c 07 24 4f,6,36495,364.95,1916,-191.60000000000002,1916,191.60000000000002,20260,-191.0
220.746800,0x132,8f 8e 7e 07 4d 4f,6,36495,364.95,1918,-191.8,1918,191.8,20301,-193.05000000000007
220.757000,0x132,91 8e 7d 07 25 4f,6,36497,364.97,1917,-191.70000000000002,1917,191.70000000000002,20261,-191.05000000000007
220.767000,0x132,9c 8e 7e 07 4c 4f,6,36508,365.08,1918,-191.8,1918,191.8,20300,-193.0
220.776800,0x132,8a 8e 7d 07 1f 4f,6,36490,364.90000000000003,1917,-191.70000000000002,1917,191.70000000000002,20255,-190.75
220.786700,0x132,8f 8e 7e 07 49 4f,6,36495,364.95,1918,-191.8,1918,191.8,20297,-192.85000000000002
220.797000,0x132,8b 8e 7d 07 21 4f,6,36491,364.91,1917,-191.70000000000002,1917,191.70000000000002,20257,-190.85000000000002
220.806900,0x132,8d 8e 7e 07 4c 4f,6,36493,364.93,1918,-191.8,1918,191.8,20300,-193.0
220.817000,0x132,95 8e 7c 07 25 4f,6,36501,365.01,1916,-191.60000000000002,1916,191.60000000000002,20261,-191.05000000000007
220.827000,0x132,92 8e 7d 07 49 4f,6,36498,364.98,1917,-191.70000000000002,1917,191.70000000000002,20297,-192.85000000000002
220.837000,0x132,8e 8e 7c 07 22 4f,6,36494,364.94,1916,-191.60000000000002,1916,191.60000000000002,20258,-190.9000000000001
220.847000,0x132,a0 8e 7e 07 47 4f,6,36512,365.12,1918,-191.8,1918,191.8,20295,-192.75
220.856800,0x132,8f 8e 7c 07 21 4f,6,36495,364.95,1916,-191.60000000000002,1916,191.60000000000002,20257,-190.85000000000002
220.867000,0x132,99 8e 7e 07 43 4f,6,36505,365.05,1918,-191.8,1918,191.8,20291,-192.55000000000007
220.876800,0x132,87 8e 7c 07 1d 4f,6,36487,364.87,1916,-191.60000000000002,1916,191.60000000000002,20253,-190.6500000000001
220.887000,0x132,92 8e 7f 07 49 4f,6,36498,364.98,1919,-191.9,1919,191.9,20297,-192.85000000000002
220.897000,0x132,96 8e 7d 07 21 4f,6,36502,365.02,1917,-191.70000000000002,1917,191.70000000000002,20257,-190.85000000000002
220.906700,0x132,98 8e 7f 07 4a 4f,6,36504,365.04,1919,-191.9,1919,191.9,20298,-192.9000000000001
220.917000,0x132,91 8e 7d 07 1f 4f,6,36497,364.97,1917,-191.70000000000002,1917,191.70000000000002,20255,-190.75
220.927000,0x132,91 8e 7f 07 47 4f,6,36497,364.97,1919,-191.9,1919,191.9,20295,-192.75
220.937000,0x132,98 8e 7c 07 1c 4f,6,36504,365.04,1916,-191.60000000000002,1916,191.60000000000002,20252,-190.60000000000002
220.946800,0x132,a2 8e 7f 07 49 4f,6,36514,365.14,1919,-191.9,1919,191.9,20297,-192.85000000000002
220.956800,0x132,88 8e 7d 07 1c 4f,6,36488,364.88,1917,-191.70000000000002,1917,191.70000000000002,20252,-190.60000000000002
220.967000,0x132,87 8e 7e 07 48 4f,6,36487,364.87,1918,-191.8,1918,191.8,20296,-192.80000000000007
220.976800,0x132,88 8e 7d 07 1f 4f,6,36488,364.88,1917,-191.70000000000002,1917,191.70000000000002,20255,-190.75
220.986800,0x132,90 8e 7f 07 44 4f,6,36496,364.96,1919,-191.9,1919,191.9,20292,-192.60000000000002
220.997000,0x132,8f 8e 7d 07 20 4f,6,36495,364.95,1917,-191.70000000000002,1917,191.70000000000002,20256,-190.80000000000007
221.007000,0x132,92 8e 7e 07 47 4f,6,36498,364.98,1918,-191.8,1918,191.8,20295,-192.75
221.017000,0x132,90 8e 7d 07 1c 4f,6,36496,364.96,1917,-191.70000000000002,1917,191.70000000000002,20252,-190.60000000000002
221.027000,0x132,9b 8e 7e 07 47 4f,6,36507,365.07,1918,-191.8,1918,191.8,20295,-192.75
221.037000,0x132,95 8e 7d 07 1d 4f,6,36501,365.01,1917,-191.70000000000002,1917,191.70000000000002,20253,-190.6500000000001
221.046800,0x132,8a 8e 7f 07 44 4f,6,36490,364.90000000000003,1919,-191.9,1919,191.9,20292,-192.60000000000002
221.056800,0x132,92 8e 7d 07 1b 4f,6,36498,364.98,1917,-191.70000000000002,1917,191.70000000000002,20251,-190.55000000000007
221.067000,0x132,91 8e 7f 07 47 4f,6,36497,364.97,1919,-191.9,1919,191.9,20295,-192.75
221.076800,0x132,96 8e 7e 07 1c 4f,6,36502,365.02,1918,-191.8,1918,191.8,20252,-190.60000000000002
221.086800,0x132,88 8e 7e 07 42 4f,6,36488,364.88,1918,-191.8,1918,191.8,20290,-192.5
221.097000,0x132,91 8e 7d 07 18 4f,6,36497,364.97,1917,-191.70000000000002,1917,191.70000000000002,20248,-190.4000000000001
221.106800,0x132,ac 8e 7e 07 45 4f,6,36524,365.24,1918,-191.8,1918,191.8,20293,-192.6500000000001
221.117000,0x132,a2 8e 7e 07 16 4f,6,36514,365.14,1918,-191.8,1918,191.8,20246,-190.30000000000007
221.127000,0x132,95 8e 7e 07 45 4f,6,36501,365.01,1918,-191.8,1918,191.8,20293,-192.6500000000001
221.137000,0x132,8b 8e 7d 07 1c 4f,6,36491,364.91,1917,-191.70000000000002,1917,191.70000000000002,20252,-190.60000000000002
221.146800,0x132,a2 8e 7d 07 3e 4f,6,36514,365.14,1917,-191.70000000000002,1917,191.70000000000002,20286,-192.30000000000007
221.156800,0x132,94 8e 7e 07 1b 4f,6,36500,365.0,1918,-191.8,1918,191.8,20251,-190.55000000000007
221.166900,0x132,99 8e 7e 07 40 4f,6,36505,365.05,1918,-191.8,1918,191.8,20288,-192.4000000000001
221.176800,0x132,9c 8e 7d 07 1b 4f,6,36508,365.08,1917,-191.70000000000002,1917,191.70000000000002,20251,-190.55000000000007
221.186800,0x132,8d 8e 7f 07 40 4f,6,36493,364.93,1919,-191.9,1919,191.9,20288,-192.4000000000001
221.197000,0x132,92 8e 7d 07 16 4f,6,36498,364.98,1917,-191.70000000000002,1917,191.70000000000002,20246,-190.30000000000007
221.207000,0x132,94 8e 7e 07 40 4f,6,36500,365.0,1918,-191.8,1918,191.8,20288,-192.4000000000001
221.217000,0x132,8e 8e 7d 07 17 4f,6,36494,364.94,1917,-191.70000000000002,1917,191.70000000000002,20247,-190.35000000000002
221.227000,0x132,93 8e 7e 07 42 4f,6,36499,364.99,1918,-191.8,1918,191.8,20290,-192.5
221.237000,0x132,92 8e 7d 07 18 4f,6,36498,364.98,1917,-191.70000000000002,1917,191.70000000000002,20248,-190.4000000000001
221.247000,0x132,97 8e 7e 07 3e 4f,6,36503,365.03000000000003,1918,-191.8,1918,191.8,20286,-192.30000000000007
221.257000,0x132,8e 8e 7d 07 13 4f,6,36494,364.94,1917,-191.70000000000002,1917,191.70000000000002,20243,-190.1500000000001
221.267000,0x132,93 8e 7d 07 3d 4f,6,36499,364.99,1917,-191.70000000000002,1917,191.70000000000002,20285,-192.25
221.276800,0x132,8e 8e 7d 07 17 4f,6,36494,364.94,1917,-191.70000000000002,1917,191.70000000000002,20247,-190.35000000000002
221.287000,0x132,9f 8e 7d 07 3e 4f,6,36511,365.11,1917,-191.70000000000002,1917,191.70000000000002,20286,-192.30000000000007
221.297000,0x132,a0 8e 7d 07 13 4f,6,36512,365.12,1917,-191.70000000000002,1917,191.70000000000002,20243,-190.1500000000001
221.306800,0x132,97 8e 7d 07 3b 4f,6,36503,365.03000000000003,1917,-191.70000000000002,1917,191.70000000000002,20283,-192.1500000000001
221.317000,0x132,96 8e 7d 07 16 4f,6,36502,365.02,1917,-191.70000000000002,1917,191.70000000000002,20246,-190.30000000000007
221.327000,0x132,8e 8e 7e 07 3f 4f,6,36494,364.94,1918,-191.8,1918,191.8,20287,-192.35000000000002
221.337000,0x132,89 8e 7e 07 12 4f,6,36489,364.89,1918,-191.8,1918,191.8,20242,-190.10000000000002
221.346800,0x132,99 8e 7e 07 39 4f,6,36505,365.05,1918,-191.8,1918,191.8,20281,-192.05000000000007
221.357000,0x132,91 8e 7e 07 17 4f,6,36497,364.97,1918,-191.8,1918,191.8,20247,-190.35000000000002
221.367000,0x132,97 8e 7d 07 3f 4f,6,36503,365.03000000000003,1917,-191.70000000000002,1917,191.70000000000002,20287,-192.35000000000002
221.376800,0x132,94 8e 7e 07 13 4f,6,36500,365.0,1918,-191.8,1918,191.8,20243,-190.1500000000001
221.386800,0x132,99 8e 7f 07 3b 4f,6,36505,365.05,1919,-191.9,1919,191.9,20283,-192.1500000000001
221.397000,0x132,93 8e 7e 07 11 4f,6,36499,364.99,1918,-191.8,1918,191.8,20241,-190.05000000000007
221.407000,0x132,8d 8e 7e 07 3b 4f,6,36493,364.93,1918,-191.8,1918,191.8,20283,-192.1500000000001
221.417000,0x132,98 8e 7e 07 13 4f,6,36504,365.04,1918,-191.8,1918,191.8,20243,-190.1500000000001
221.427000,0x132,90 8e 7e 07 3e 4f,6,36496,364.96,1918,-191.8,1918,191.8,20286,-192.30000000000007
221.436800,0x132,92 8e 7e 07 12 4f,6,36498,364.98,1918,-191.8,1918,191.8,20242,-190.10000000000002
221.447000,0x132,97 8e 7e 07 3f 4f,6,36503,365.03000000000003,1918,-191.8,1918,191.8,20287,-192.35000000000002
221.456800,0x132,a0 8e 7f 07 17 4f,6,36512,365.12,1919,-191.9,1919,191.9,20247,-190.35000000000002
221.467000,0x132,9b 8e 7e 07 3a 4f,6,36507,365.07,1918,-191.8,1918,191.8,20282,-192.10000000000002
221.476800,0x132,9b 8e 7e 07 11 4f,6,36507,365.07,1918,-191.8,1918,191.8,20241,-190.05000000000007
221.486800,0x132,91 8e 7e 07 3a 4f,6,36497,364.97,1918,-191.8,1918,191.8,20282,-192.10000000000002
221.497000,0x132,91 8e 7f 07 13 4f,6,36497,364.97,1919,-191.9,1919,191.9,20243,-190.1500000000001
221.506800,0x132,96 8e 7d 07 3b 4f,6,36502,365.02,1917,-191.70000000000002,1917,191.70000000000002,20283,-192.1500000000001
221.517000,0x132,8b 8e 7e 07 0c 4f,6,36491,364.91,1918,-191.8,1918,191.8,20236,-189.80000000000007
221.527000,0x132,91 8e 7f 07 3b 4f,6,36497,364.97,1919,-191.9,1919,191.9,20283,-192.1500000000001
221.537000,0x132,99 8e 7e 07 10 4f,6,36505,365.05,1918,-191.8,1918,191.8,20240,-190.0
221.546800,0x132,9c 8e 7e 07 38 4f,6,36508,365.08,1918,-191.8,1918,191.8,20280,-192.0
221.557000,0x132,92 8e 7f 07 13 4f,6,36498,364.98,1919,-191.9,1919,191.9,20243,-190.1500000000001
221.567000,0x132,8f 8e 7f 07 36 4f,6,36495,364.95,1919,-191.9,1919,191.9,20278,-191.9000000000001
221.576800,0x132,88 8e 7f 07 10 4f,6,36488,364.88,1919,-191.9,1919,191.9,20240,-190.0
221.586800,0x132,93 8e 7e 07 39 4f,6,36499,364.99,1918,-191.8,1918,191.8,20281,-192.05000000000007
221.597000,0x132,93 8e 7f 07 12 4f,6,36499,364.99,1919,-191.9,1919,191.9,20242,-190.10000000000002
221.607000,0x132,9c 8e 80 07 3d 4f,6,36508,365.08,1920,-192.0,1920,192.0,20285,-192.25
221.617000,0x132,97 8e 7f 07 11 4f,6,36503,365.03000000000003,1919,-191.9,1919,191.9,20241,-190.05000000000007
221.627000,0x132,88 8e 7e 07 36 4f,6,36488,364.88,1918,-191.8,1918,191.8,20278,-191.9000000000001
221.636800,0x132,8e 8e 7e 07 0e 4f,6,36494,364.94,1918,-191.8,1918,191.8,20238,-189.9000000000001
221.646800,0x132,90 8e 7f 07 36 4f,6,36496,364.96,1919,-191.9,1919,191.9,20278,-191.9000000000001
221.656800,0x132,9d 8e 7e 07 0d 4f,6,36509,365.09000000000003,1918,-191.8,1918,191.8,20237,-189.85000000000002
221.667000,0x132,a1 8e 7e 07 35 4f,6,36513,365.13,1918,-191.8,1918,191.8,20277,-191.85000000000002
221.676800,0x132,8d 8e 7f 07 0c 4f,6,36493,364.93,1919,-191.9,1919,191.9,20236,-189.80000000000007
221.686800,0x132,9f 8e 7f 07 38 4f,6,36511,365.11,1919,-191.9,1919,191.9,20280,-192.0
221.697200,0x132,8f 8e 7e 07 10 4f,6,36495,364.95,1918,-191.8,1918,191.8,20240,-190.0
221.706800,0x132,a3 8e 7e 07 38 4f,6,36515,365.15000000000003,1918,-191.8,1918,191.8,20280,-192.0
221.717000,0x132,9d 8e 80 07 0c 4f,6,36509,365.09000000000003,1920,-192.0,1920,192.0,20236,-189.80000000000007
221.726800,0x132,98 8e 7e 07 36 4f,6,36504,365.04,1918,-191.8,1918,191.8,20278,-191.9000000000001
221.736800,0x132,a3 8e 7f 07 11 4f,6,36515,365.15000000000003,1919,-191.9,1919,191.9,20241,-190.05000000000007
221.746800,0x132,a6 8e 7e 07 34 4f,6,36518,365.18,1918,-191.8,1918,191.8,20276,-191.80000000000007
221.756800,0x132,97 8e 7f 07 0d 4f,6,36503,365.03000000000003,1919,-191.9,1919,191.9,20237,-189.85000000000002
221.766900,0x132,87 8e 7e 07 34 4f,6,36487,364.87,1918,-191.8,1918,191.8,20276,-191.80000000000007
221.776800,0x132,9a 8e 80 07 0e 4f,6,36506,365.06,1920,-192.0,1920,192.0,20238,-189.9000000000001
221.786800,0x132,90 8e 7f 07 3b 4f,6,36496,364.96,1919,-191.9,1919,191.9,20283,-192.1500000000001
221.797000,0x132,95 8e 80 07 0d 4f,6,36501,365.01,1920,-192.0,1920,192.0,20237,-189.85000000000002
221.807000,0x132,9c 8e 7f 07 36 4f,6,36508,365.08,1919,-191.9,1919,191.9,20278,-191.9000000000001
221.817000,0x132,93 8e 80 07 0e 4f,6,36499,364.99,1920,-192.0,1920,192.0,20238,-189.9000000000001
221.826800,0x132,99 8e 7e 07 31 4f,6,36505,365.05,1918,-191.8,1918,191.8,20273,-191.6500000000001
221.836800,0x132,a0 8e 7f 07 0d 4f,6,36512,365.12,1919,-191.9,1919,191.9,20237,-189.85000000000002
221.847000,0x132,9b 8e 7e 07 34 4f,6,36507,365.07,1918,-191.8,1918,191.8,20276,-191.80000000000007
221.857100,0x132,8f 8e 7f 07 0e 4f,6,36495,364.95,1919,-191.9,1919,191.9,20238,-189.9000000000001
221.866800,0x132,98 8e 7e 07 39 4f,6,36504,365.04,1918,-191.8,1918,191.8,20281,-192.05000000000007
221.876800,0x132,93 8e 7f 07 0c 4f,6,36499,364.99,1919,-191.9,1919,191.9,20236,-189.80000000000007
221.886800,0x132,a2 8e 7d 07 31 4f,6,36514,365.14,1917,-191.70000000000002,1917,191.70000000000002,20273,-191.6500000000001
221.897000,0x132,9c 8e 7f 07 0c 4f,6,36508,365.08,1919,-191.9,1919,191.9,20236,-189.80000000000007
221.906800,0x132,a1 8e 7e 07 30 4f,6,36513,365.13,1918,-191.8,1918,191.8,20272,-191.60000000000002
221.917000,0x132,9c 8e 7e 07 09 4f,6,36508,365.08,1918,-191.8,1918,191.8,20233,-189.6500000000001
221.926800,0x132,93 8e 7f 07 36 4f,6,36499,364.99,1919,-191.9,1919,191.9,20278,-191.9000000000001
221.936800,0x132,98 8e 7f 07 08 4f,6,36504,365.04,1919,-191.9,1919,191.9,20232,-189.60000000000002
221.946800,0x132,9f 8e 7e 07 35 4f,6,36511,365.11,1918,-191.8,1918,191.8,20277,-191.85000000000002
221.956800,0x132,8d 8e 7f 07 0c 4f,6,36493,364.93,1919,-191.9,1919,191.9,20236,-189.80000000000007
221.967000,0x132,98 8e 7e 07 35 4f,6,36504,365.04,1918,-191.8,1918,191.8,20277,-191.85000000000002
221.976800,0x132,90 8e 7f 07 06 4f,6,36496,364.96,1919,-191.9,1919,191.9,20230,-189.5
221.986800,0x132,a4 8e 7e 07 33 4f,6,36516,365.16,1918,-191.8,1918,191.8,20275,-191.75
221.997000,0x132,a1 8e 7f 07 0b 4f,6,36513,365.13,1919,-191.9,1919,191.9,20235,-189.75
222.006800,0x132,9b 8e 7e 07 35 4f,6,36507,365.07,1918,-191.8,1918,191.8,20277,-191.85000000000002
222.017000,0x132,a0 8e 80 07 09 4f,6,36512,365.12,1920,-192.0,1920,192.0,20233,-189.6500000000001
222.026800,0x132,a2 8e 7d 07 2f 4f,6,36514,365.14,1917,-191.70000000000002,1917,191.70000000000002,20271,-191.55000000000007
222.036800,0x132,95 8e 7f 07 03 4f,6,36501,365.01,1919,-191.9,1919,191.9,20227,-189.35000000000002
222.046800,0x132,98 8e 7e 07 36 4f,6,36504,365.04,1918,-191.8,1918,191.8,20278,-191.9000000000001
222.056800,0x132,9b 8e 80 07 0c 4f,6,36507,365.07,1920,-192.0,1920,192.0,20236,-189.80000000000007
222.067100,0x132,a1 8e 7f 07 33 4f,6,36513,365.13,1919,-191.9,1919,191.9,20275,-191.75
222.076800,0x132,88 8e 81 07 08 4f,6,36488,364.88,1921,-192.10000000000002,1921,192.10000000000002,20232,-189.60000000000002
222.086800,0x132,94 8e 7e 07 36 4f,6,36500,365.0,1918,-191.8,1918,191.8,20278,-191.9000000000001
222.097000,0x132,92 8e 80 07 07 4f,6,36498,364.98,1920,-192.0,1920,192.0,20231,-189.55000000000007
222.106800,0x132,9b 8e 7e 07 34 4f,6,36507,365.07,1918,-191.8,1918,191.8,20276,-191.80000000000007
222.117000,0x132,8f 8e 80 07 07 4f,6,36495,364.95,1920,-192.0,1920,192.0,20231,-189.55000000000007
222.126800,0x132,95 8e 7e 07 35 4f,6,36501,365.01,1918,-191.8,1918,191.8,20277,-191.85000000000002
222.136800,0x132,99 8e 80 07 07 4f,6,36505,365.05,1920,-192.0,1920,192.0,20231,-189.55000000000007
222.146800,0x132,94 8e 7e 07 36 4f,6,36500,365.0,1918,-191.8,1918,191.8,20278,-191.9000000000001
222.156800,0x132,9c 8e 80 07 0b 4f,6,36508,365.08,1920,-192.0,1920,192.0,20235,-189.75
222.166900,0x132,98 8e 7e 07 33 4f,6,36504,365.04,1918,-191.8,1918,191.8,20275,-191.75
222.176800,0x132,8b 8e 80 07 07 4f,6,36491,364.91,1920,-192.0,1920,192.0,20231,-189.55000000000007
222.186800,0x132,9c 8e 7e 07 33 4f,6,36508,365.08,1918,-191.8,1918,191.8,20275,-191.75
222.197000,0x132,a0 8e 80 07 09 4f,6,36512,365.12,1920,-192.0,1920,192.0,20233,-189.6500000000001
222.206800,0x132,98 8e 7f 07 31 4f,6,36504,365.04,1919,-191.9,1919,191.9,20273,-191.6500000000001
222.216900,0x132,9a 8e 80 07 09 4f,6,36506,365.06,1920,-192.0,1920,192.0,20233,-189.6500000000001
222.226800,0x132,9f 8e 7f 07 34 4f,6,36511,365.11,1919,-191.9,1919,191.9,20276,-191.80000000000007
222.236800,0x132,99 8e 80 07 0d 4f,6,36505,365.05,1920,-192.0,1920,192.0,20237,-189.85000000000002
222.246800,0x132,95 8e 7e 07 31 4f,6,36501,365.01,1918,-191.8,1918,191.8,20273,-191.6500000000001
222.256800,0x132,9e 8e 81 07 09 4f,6,36510,365.1,1921,-192.10000000000002,1921,192.10000000000002,20233,-189.6500000000001
222.266900,0x132,9b 8e 7e 07 34 4f,6,36507,365.07,1918,-191.8,1918,191.8,20276,-191.80000000000007
222.276800,0x132,9d 8e 80 07 08 4f,6,36509,365.09000000000003,1920,-192.0,1920,192.0,20232,-189.60000000000002
222.286800,0x132,9d 8e 7e 07 34 4f,6,36509,365.09000000000003,1918,-191.8,1918,191.8,20276,-191.80000000000007
222.297000,0x132,96 8e 81 07 0d 4f,6,36502,365.02,1921,-192.10000000000002,1921,192.10000000000002,20237,-189.85000000000002
222.306800,0x132,a0 8e 7f 07 2f 4f,6,36512,365.12,1919,-191.9,1919,191.9,20271,-191.55000000000007
222.317000,0x132,9c 8e 81 07 0c 4f,6,36508,365.08,1921,-192.10000000000002,1921,192.10000000000002,20236,-189.80000000000007
222.326800,0x132,a2 8e 7e 07 2f 4f,6,36514,365.14,1918,-191.8,1918,191.8,20271,-191.55000000000007
222.336800,0x132,a0 8e 81 07 08 4f,6,36512,365.12,1921,-192.10000000000002,1921,192.10000000000002,20232,-189.60000000000002
222.346800,0x132,a1 8e 7f 07 31 4f,6,36513,365.13,1919,-191.9,1919,191.9,20273,-191.6500000000001
222.356800,0x132,90 8e 81 07 0b 4f,6,36496,364.96,1921,-192.10000000000002,1921,192.10000000000002,20235,-189.75
222.366900,0x132,a8 8e 7f 07 2e 4f,6,36520,365.2,1919,-191.9,1919,191.9,20270,-191.5
222.376800,0x132,95 8e 82 07 0b 4f,6,36501,365.01,1922,-192.20000000000002,1922,192.20000000000002,20235,-189.75
222.386800,0x132,86 8e 7f 07 35 4f,6,36486,364.86,1919,-191.9,1919,191.9,20277,-191.85000000000002
222.397000,0x132,8d 8e 81 07 0b 4f,6,36493,364.93,1921,-192.10000000000002,1921,192.10000000000002,20235,-189.75
222.406800,0x132,9b 8e 7f 07 31 4f,6,36507,365.07,1919,-191.9,1919,191.9,20273,-191.6500000000001
222.417100,0x132,8f 8e 81 07 04 4f,6,36495,364.95,1921,-192.10000000000002,1921,192.10000000000002,20228,-189.4000000000001
222.426800,0x132,8f 8e 7f 07 2f 4f,6,36495,364.95,1919,-191.9,1919,191.9,20271,-191.55000000000007
222.436800,0x132,94 8e 80 07 09 4f,6,36500,365.0,1920,-192.0,1920,192.0,20233,-189.6500000000001
222.447100,0x132,99 8e 7e 07 36 4f,6,36505,365.05,1918,-191.8,1918,191.8,20278,-191.9000000000001
222.456800,0x132,90 8e 82 07 0e 4f,6,36496,364.96,1922,-192.20000000000002,1922,192.20000000000002,20238,-189.9000000000001
222.466900,0x132,a0 8e 7f 07 33 4f,6,36512,365.12,1919,-191.9,1919,191.9,20275,-191.75
222.476800,0x132,8e 8e 82 07 0d 4f,6,36494,364.94,1922,-192.20000000000002,1922,192.20000000000002,20237,-189.85000000000002
222.486800,0x132,9c 8e 7f 07 34 4f,6,36508,365.08,1919,-191.9,1919,191.9,20276,-191.80000000000007
222.497000,0x132,8e 8e 82 07 09 4f,6,36494,364.94,1922,-192.20000000000002,1922,192.20000000000002,20233,-189.6500000000001
222.506800,0x132,90 8e 7d 07 33 4f,6,36496,364.96,1917,-191.70000000000002,1917,191.70000000000002,20275,-191.75
222.517100,0x132,9a 8e 82 07 0c 4f,6,36506,365.06,1922,-192.20000000000002,1922,192.20000000000002,20236,-189.80000000000007
222.526800,0x132,95 8e 7f 07 35 4f,6,36501,365.01,1919,-191.9,1919,191.9,20277,-191.85000000000002
222.536800,0x132,92 8e 83 07 0c 4f,6,36498,364.98,1923,-192.3,1923,192.3,20236,-189.80000000000007
222.546800,0x132,9c 8e 7e 07 31 4f,6,36508,365.08,1918,-191.8,1918,191.8,20273,-191.6500000000001
222.556900,0x132,89 8e 81 07 0d 4f,6,36489,364.89,1921,-192.10000000000002,1921,192.10000000000002,20237,-189.85000000000002
222.566900,0x132,8e 8e 7e 07 34 4f,6,36494,364.94,1918,-191.8,1918,191.8,20276,-191.80000000000007
222.576800,0x132,95 8e 82 07 0e 4f,6,36501,365.01,1922,-192.20000000000002,1922,192.20000000000002,20238,-189.9000000000001
222.586800,0x132,95 8e 7e 07 2f 4f,6,36501,365.01,1918,-191.8,1918,191.8,20271,-191.55000000000007
222.597100,0x132,98 8e 82 07 0d 4f,6,36504,365.04,1922,-192.20000000000002,1922,192.20000000000002,20237,-189.85000000000002
222.606800,0x132,a9 8e 7f 07 31 4f,6,36521,365.21,1919,-191.9,1919,191.9,20273,-191.6500000000001
222.617100,0x132,8f 8e 81 07 0b 4f,6,36495,364.95,1921,-192.10000000000002,1921,192.10000000000002,20235,-189.75
222.626800,0x132,8e 8e 7f 07 33 4f,6,36494,364.94,1919,-191.9,1919,191.9,20275,-191.75
222.636900,0x132,8e 8e 81 07 0b 4f,6,36494,364.94,1921,-192.10000000000002,1921,192.10000000000002,20235,-189.75
222.646800,0x132,8e 8e 7f 07 31 4f,6,36494,364.94,1919,-191.9,1919,191.9,20273,-191.6500000000001
222.656800,0x132,91 8e 82 07 0d 4f,6,36497,364.97,1922,-192.20000000000002,1922,192.20000000000002,20237,-189.85000000000002
222.666900,0x132,93 8e 7e 07 31 4f,6,36499,364.99,1918,-191.8,1918,191.8,20273,-191.6500000000001
222.676800,0x132,a2 8e 82 07 0d 4f,6,36514,365.14,1922,-192.20000000000002,1922,192.20000000000002,20237,-189.85000000000002
222.686800,0x132,a0 8e 7f 07 2f 4f,6,36512,365.12,1919,-191.9,1919,191.9,20271,-191.55000000000007
222.697000,0x132,9e 8e 82 07 0e 4f,6,36510,365.1,1922,-192.20000000000002,1922,192.20000000000002,20238,-189.9000000000001
222.706900,0x132,9b 8e 7e 07 2f 4f,6,36507,365.07,1918,-191.8,1918,191.8,20271,-191.55000000000007
222.717100,0x132,9e 8e 82 07 0d 4f,6,36510,365.1,1922,-192.20000000000002,1922,192.20000000000002,20237,-189.85000000000002
222.726800,0x132,9d 8e 7e 07 33 4f,6,36509,365.09000000000003,1918,-191.8,1918,191.8,20275,-191.75
222.736900,0x132,9f 8e 81 07 11 4f,6,36511,365.11,1921,-192.10000000000002,1921,192.10000000000002,20241,-190.05000000000007
222.746800,0x132,9c 8e 7e 07 2f 4f,6,36508,365.08,1918,-191.8,1918,191.8,20271,-191.55000000000007
222.756800,0x132,8c 8e 81 07 0c 4f,6,36492,364.92,1921,-192.10000000000002,1921,192.10000000000002,20236,-189.80000000000007
222.767000,0x132,95 8e 7f 07 30 4f,6,36501,365.01,1919,-191.9,1919,191.9,20272,-191.60000000000002
222.776800,0x132,90 8e 82 07 0d 4f,6,36496,364.96,1922,-192.20000000000002,1922,192.20000000000002,20237,-189.85000000000002
222.786800,0x132,9d 8e 7f 07 30 4f,6,36509,365.09000000000003,1919,-191.9,1919,191.9,20272,-191.60000000000002
222.797000,0x132,9b 8e 82 07 13 4f,6,36507,365.07,1922,-192.20000000000002,1922,192.20000000000002,20243,-190.1500000000001
222.806800,0x132,8f 8e 7e 07 34 4f,6,36495,364.95,1918,-191.8,1918,191.8,20276,-191.80000000000007
222.817100,0x132,90 8e 83 07 10 4f,6,36496,364.96,1923,-192.3,1923,192.3,20240,-190.0
222.826800,0x132,9a 8e 7e 07 34 4f,6,36506,365.06,1918,-191.8,1918,191.8,20276,-191.80000000000007
222.836900,0x132,94 8e 82 07 10 4f,6,36500,365.0,1922,-192.20000000000002,1922,192.20000000000002,20240,-190.0
222.846800,0x132,92 8e 7f 07 34 4f,6,36498,364.98,1919,-191.9,1919,191.9,20276,-191.80000000000007
222.856900,0x132,8e 8e 82 07 11 4f,6,36494,364.94,1922,-192.20000000000002,1922,192.20000000000002,20241,-190.05000000000007
222.866900,0x132,a0 8e 7e 07 34 4f,6,36512,365.12,1918,-191.8,1918,191.8,20276,-191.80000000000007
222.876800,0x132,90 8e 83 07 13 4f,6,36496,364.96,1923,-192.3,1923,192.3,20243,-190.1500000000001
222.886800,0x132,a1 8e 7e 07 31 4f,6,36513,365.13,1918,-191.8,1918,191.8,20273,-191.6500000000001
222.897100,0x132,99 8e 82 07 11 4f,6,36505,365.05,1922,-192.20000000000002,1922,192.20000000000002,20241,-190.05000000000007
222.906800,0x132,a3 8e 7e 07 35 4f,6,36515,365.15000000000003,1918,-191.8,1918,191.8,20277,-191.85000000000002
222.916900,0x132,96 8e 83 07 13 4f,6,36502,365.02,1923,-192.3,1923,192.3,20243,-190.1500000000001
222.926800,0x132,9a 8e 7e 07 33 4f,6,36506,365.06,1918,-191.8,1918,191.8,20275,-191.75
222.936900,0x132,9d 8e 83 07 15 4f,6,36509,365.09000000000003,1923,-192.3,1923,192.3,20245,-190.25
222.946800,0x132,a6 8e 7e 07 36 4f,6,36518,365.18,1918,-191.8,1918,191.8,20278,-191.9000000000001
222.956800,0x132,99 8e 83 07 13 4f,6,36505,365.05,1923,-192.3,1923,192.3,20243,-190.1500000000001
222.966900,0x132,96 8e 7d 07 31 4f,6,36502,365.02,1917,-191.70000000000002,1917,191.70000000000002,20273,-191.6500000000001
222.976800,0x132,a1 8e 82 07 15 4f,6,36513,365.13,1922,-192.20000000000002,1922,192.20000000000002,20245,-190.25
222.986800,0x132,97 8e 7f 07 39 4f,6,36503,365.03000000000003,1919,-191.9,1919,191.9,20281,-192.05000000000007
222.997000,0x132,94 8e 84 07 13 4f,6,36500,365.0,1924,-192.4,1924,192.4,20243,-190.1500000000001
223.006800,0x132,9f 8e 7f 07 35 4f,6,36511,365.11,1919,-191.9,1919,191.9,20277,-191.85000000000002
223.016900,0x132,91 8e 83 07 13 4f,6,36497,364.97,1923,-192.3,1923,192.3,20243,-190.1500000000001
223.026800,0x132,94 8e 7e 07 34 4f,6,36500,365.0,1918,-191.8,1918,191.8,20276,-191.80000000000007
223.036900,0x132,86 8e 83 07 15 4f,6,36486,364.86,1923,-192.3,1923,192.3,20245,-190.25
223.047000,0x132,8d 8e 7f 07 3a 4f,6,36493,364.93,1919,-191.9,1919,191.9,20282,-192.10000000000002
223.056800,0x132,96 8e 82 07 15 4f,6,36502,365.02,1922,-192.20000000000002,1922,192.20000000000002,20245,-190.25
223.066900,0x132,9f 8e 7f 07 36 4f,6,36511,365.11,1919,-191.9,1919,191.9,20278,-191.9000000000001
223.076800,0x132,9c 8e 82 07 13 4f,6,36508,365.08,1922,-192.20000000000002,1922,192.20000000000002,20243,-190.1500000000001
223.086800,0x132,94 8e 7f 07 3b 4f,6,36500,365.0,1919,-191.9,1919,191.9,20283,-192.1500000000001
223.097000,0x132,93 8e 84 07 1b 4f,6,36499,364.99,1924,-192.4,1924,192.4,20251,-190.55000000000007
223.106800,0x132,89 8e 7f 07 38 4f,6,36489,364.89,1919,-191.9,1919,191.9,20280,-192.0
223.117100,0x132,8b 8e 84 07 1a 4f,6,36491,364.91,1924,-192.4,1924,192.4,20250,-190.5
223.126800,0x132,93 8e 7f 07 39 4f,6,36499,364.99,1919,-191.9,1919,191.9,20281,-192.05000000000007
223.136900,0x132,99 8e 84 07 17 4f,6,36505,365.05,1924,-192.4,1924,192.4,20247,-190.35000000000002
223.146800,0x132,96 8e 7e 07 38 4f,6,36502,365.02,1918,-191.8,1918,191.8,20280,-192.0
223.156900,0x132,8b 8e 84 07 1d 4f,6,36491,364.91,1924,-192.4,1924,192.4,20253,-190.6500000000001
223.167100,0x132,8d 8e 7e 07 3a 4f,6,36493,364.93,1918,-191.8,1918,191.8,20282,-192.10000000000002
223.176800,0x132,9b 8e 84 07 18 4f,6,36507,365.07,1924,-192.4,1924,192.4,20248,-190.4000000000001
223.186800,0x132,a1 8e 7f 07 39 4f,6,36513,365.13,1919,-191.9,1919,191.9,20281,-192.05000000000007
223.197000,0x132,8f 8e 84 07 21 4f,6,36495,364.95,1924,-192.4,1924,192.4,20257,-190.85000000000002
223.206800,0x132,92 8e 7f 07 3b 4f,6,36498,364.98,1919,-191.9,1919,191.9,20283,-192.1500000000001
223.216900,0x132,99 8e 84 07 18 4f,6,36505,365.05,1924,-192.4,1924,192.4,20248,-190.4000000000001
223.226800,0x132,9d 8e 7f 07 36 4f,6,36509,365.09000000000003,1919,-191.9,1919,191.9,20278,-191.9000000000001
223.236900,0x132,90 8e 84 07 18 4f,6,36496,364.96,1924,-192.4,1924,192.4,20248,-190.4000000000001
223.246900,0x132,a2 8e 7f 07 40 4f,6,36514,365.14,1919,-191.9,1919,191.9,20288,-192.4000000000001
223.256900,0x132,97 8e 84 07 20 4f,6,36503,365.03000000000003,1924,-192.4,1924,192.4,20256,-190.80000000000007
223.267000,0x132,99 8e 7e 07 3b 4f,6,36505,365.05,1918,-191.8,1918,191.8,20283,-192.1500000000001
223.276800,0x132,8d 8e 83 07 1d 4f,6,36493,364.93,1923,-192.3,1923,192.3,20253,-190.6500000000001
223.286800,0x132,8d 8e 7e 07 40 4f,6,36493,364.93,1918,-191.8,1918,191.8,20288,-192.4000000000001
223.297100,0x132,86 8e 84 07 20 4f,6,36486,364.86,1924,-192.4,1924,192.4,20256,-190.80000000000007
223.306800,0x132,9b 8e 7f 07 3a 4f,6,36507,365.07,1919,-191.9,1919,191.9,20282,-192.10000000000002
223.316900,0x132,9c 8e 84 07 22 4f,6,36508,365.08,1924,-192.4,1924,192.4,20258,-190.9000000000001
223.326800,0x132,97 8e 7e 07 3a 4f,6,36503,365.03000000000003,1918,-191.8,1918,191.8,20282,-192.10000000000002
223.336900,0x132,93 8e 83 07 20 4f,6,36499,364.99,1923,-192.3,1923,192.3,20256,-190.80000000000007
223.346800,0x132,8f 8e 7f 07 39 4f,6,36495,364.95,1919,-191.9,1919,191.9,20281,-192.05000000000007
223.356900,0x132,95 8e 84 07 26 4f,6,36501,365.01,1924,-192.4,1924,192.4,20262,-191.10000000000002
223.366900,0x132,98 8e 7f 07 45 4f,6,36504,365.04,1919,-191.9,1919,191.9,20293,-192.6500000000001
223.376800,0x132,90 8e 84 07 25 4f,6,36496,364.96,1924,-192.4,1924,192.4,20261,-191.05000000000007
223.386800,0x132,99 8e 7f 07 3f 4f,6,36505,365.05,1919,-191.9,1919,191.9,20287,-192.35000000000002
223.397000,0x132,90 8e 83 07 21 4f,6,36496,364.96,1923,-192.3,1923,192.3,20257,-190.85000000000002
223.406800,0x132,89 8e 7e 07 3f 4f,6,36489,364.89,1918,-191.8,1918,191.8,20287,-192.35000000000002
223.416900,0x132,92 8e 83 07 26 4f,6,36498,364.98,1923,-192.3,1923,192.3,20262,-191.10000000000002
223.426800,0x132,9a 8e 7f 07 3d 4f,6,36506,365.06,1919,-191.9,1919,191.9,20285,-192.25
223.436900,0x132,94 8e 83 07 20 4f,6,36500,365.0,1923,-192.3,1923,192.3,20256,-190.80000000000007
223.446800,0x132,91 8e 7e 07 3f 4f,6,36497,364.97,1918,-191.8,1918,191.8,20287,-192.35000000000002
223.456900,0x132,93 8e 84 07 26 4f,6,36499,364.99,1924,-192.4,1924,192.4,20262,-191.10000000000002
223.466900,0x132,98 8e 7e 07 3e 4f,6,36504,365.04,1918,-191.8,1918,191.8,20286,-192.30000000000007
223.476800,0x132,a0 8e 83 07 22 4f,6,36512,365.12,1923,-192.3,1923,192.3,20258,-190.9000000000001
223.486800,0x132,9b 8e 7e 07 3f 4f,6,36507,365.07,1918,-191.8,1918,191.8,20287,-192.35000000000002
223.497000,0x132,9b 8e 84 07 2a 4f,6,36507,365.07,1924,-192.4,1924,192.4,20266,-191.30000000000007
223.506800,0x132,9e 8e 7e 07 43 4f,6,36510,365.1,1918,-191.8,1918,191.8,20291,-192.55000000000007
223.516900,0x132,92 8e 84 07 2b 4f,6,36498,364.98,1924,-192.4,1924,192.4,20267,-191.35000000000002
223.526800,0x132,92 8e 7d 07 43 4f,6,36498,364.98,1917,-191.70000000000002,1917,191.70000000000002,20291,-192.55000000000007
223.536900,0x132,9b 8e 84 07 24 4f,6,36507,365.07,1924,-192.4,1924,192.4,20260,-191.0
223.546800,0x132,98 8e 7f 07 42 4f,6,36504,365.04,1919,-191.9,1919,191.9,20290,-192.5
223.557000,0x132,a2 8e 85 07 2a 4f,6,36514,365.14,1925,-192.5,1925,192.5,20266,-191.30000000000007
223.567100,0x132,93 8e 7e 07 40 4f,6,36499,364.99,1918,-191.8,1918,191.8,20288,-192.4000000000001
223.576800,0x132,90 8e 84 07 2b 4f,6,36496,364.96,1924,-192.4,1924,192.4,20267,-191.35000000000002
223.586800,0x132,96 8e 7e 07 44 4f,6,36502,365.02,1918,-191.8,1918,191.8,20292,-192.60000000000002
223.597200,0x132,9b 8e 84 07 26 4f,6,36507,365.07,1924,-192.4,1924,192.4,20262,-191.10000000000002
223.606800,0x132,a9 8e 7f 07 44 4f,6,36521,365.21,1919,-191.9,1919,191.9,20292,-192.60000000000002
223.616900,0x132,9d 8e 84 07 29 4f,6,36509,365.09000000000003,1924,-192.4,1924,192.4,20265,-191.25
223.626800,0x132,9c 8e 7e 07 42 4f,6,36508,365.08,1918,-191.8,1918,191.8,20290,-192.5
223.636900,0x132,98 8e 84 07 31 4f,6,36504,365.04,1924,-192.4,1924,192.4,20273,-191.6500000000001
223.646800,0x132,a0 8e 7f 07 45 4f,6,36512,365.12,1919,-191.9,1919,191.9,20293,-192.6500000000001
223.656900,0x132,8a 8e 85 07 33 4f,6,36490,364.90000000000003,1925,-192.5,1925,192.5,20275,-191.75
223.667000,0x132,8f 8e 7e 07 42 4f,6,36495,364.95,1918,-191.8,1918,191.8,20290,-192.5
223.676800,0x132,8d 8e 83 07 2f 4f,6,36493,364.93,1923,-192.3,1923,192.3,20271,-191.55000000000007
223.686800,0x132,9e 8e 7f 07 44 4f,6,36510,365.1,1919,-191.9,1919,191.9,20292,-192.60000000000002
223.697200,0x132,8d 8e 85 07 2c 4f,6,36493,364.93,1925,-192.5,1925,192.5,20268,-191.4000000000001
223.706800,0x132,9b 8e 7e 07 49 4f,6,36507,365.07,1918,-191.8,1918,191.8,20297,-192.85000000000002
223.716900,0x132,98 8e 86 07 2f 4f,6,36504,365.04,1926,-192.60000000000002,1926,192.60000000000002,20271,-191.55000000000007
223.726800,0x132,96 8e 7f 07 45 4f,6,36502,365.02,1919,-191.9,1919,191.9,20293,-192.6500000000001
223.736900,0x132,93 8e 84 07 2e 4f,6,36499,364.99,1924,-192.4,1924,192.4,20270,-191.5
223.746800,0x132,9e 8e 7e 07 4c 4f,6,36510,365.1,1918,-191.8,1918,191.8,20300,-193.0
223.756900,0x132,9a 8e 85 07 33 4f,6,36506,365.06,1925,-192.5,1925,192.5,20275,-191.75
223.767000,0x132,9c 8e 7e 07 45 4f,6,36508,365.08,1918,-191.8,1918,191.8,20293,-192.6500000000001
223.776800,0x132,96 8e 85 07 38 4f,6,36502,365.02,1925,-192.5,1925,192.5,20280,-192.0
223.786800,0x132,9a 8e 7e 07 48 4f,6,36506,365.06,1918,-191.8,1918,191.8,20296,-192.80000000000007
223.797000,0x132,8b 8e 85 07 35 4f,6,36491,364.91,1925,-192.5,1925,192.5,20277,-191.85000000000002
223.806800,0x132,99 8e 7e 07 4a 4f,6,36505,365.05,1918,-191.8,1918,191.8,20298,-192.9000000000001
223.816900,0x132,9b 8e 85 07 38 4f,6,36507,365.07,1925,-192.5,1925,192.5,20280,-192.0
223.826800,0x132,91 8e 7e 07 4d 4f,6,36497,364.97,1918,-191.8,1918,191.8,20301,-193.05000000000007
223.837000,0x132,82 8e 85 07 3d 4f,6,36482,364.82,1925,-192.5,1925,192.5,20285,-192.25
223.846800,0x132,a1 8e 7e 07 4c 4f,6,36513,365.13,1918,-191.8,1918,191.8,20300,-193.0
223.856900,0x132,8b 8e 85 07 35 4f,6,36491,364.91,1925,-192.5,1925,192.5,20277,-191.85000000000002
223.867000,0x132,9d 8e 7f 07 4e 4f,6,36509,365.09000000000003,1919,-191.9,1919,191.9,20302,-193.10000000000002
223.876800,0x132,8f 8e 85 07 30 4f,6,36495,364.95,1925,-192.5,1925,192.5,20272,-191.60000000000002
223.886800,0x132,91 8e 7e 07 4d 4f,6,36497,364.97,1918,-191.8,1918,191.8,20301,-193.05000000000007
223.897200,0x132,98 8e 86 07 33 4f,6,36504,365.04,1926,-192.60000000000002,1926,192.60000000000002,20275,-191.75
223.906800,0x132,9a 8e 7f 07 4c 4f,6,36506,365.06,1919,-191.9,1919,191.9,20300,-193.0
223.916900,0x132,9b 8e 85 07 3a 4f,6,36507,365.07,1925,-192.5,1925,192.5,20282,-192.10000000000002
223.926800,0x132,a2 8e 7d 07 4e 4f,6,36514,365.14,1917,-191.70000000000002,1917,191.70000000000002,20302,-193.10000000000002
223.936900,0x132,91 8e 85 07 38 4f,6,36497,364.97,1925,-192.5,1925,192.5,20280,-192.0
223.946800,0x132,96 8e 7e 07 4e 4f,6,36502,365.02,1918,-191.8,1918,191.8,20302,-193.10000000000002
223.956900,0x132,9a 8e 85 07 39 4f,6,36506,365.06,1925,-192.5,1925,192.5,20281,-192.05000000000007
223.967000,0x132,8e 8e 7e 07 4d 4f,6,36494,364.94,1918,-191.8,1918,191.8,20301,-193.05000000000007
223.976800,0x132,97 8e 85 07 3e 4f,6,36503,365.03000000000003,1925,-192.5,1925,192.5,20286,-192.30000000000007
223.986800,0x132,98 8e 7e 07 4e 4f,6,36504,365.04,1918,-191.8,1918,191.8,20302,-193.10000000000002
223.997200,0x132,9e 8e 84 07 38 4f,6,36510,365.1,1924,-192.4,1924,192.4,20280,-192.0
224.006800,0x132,99 8e 7d 07 4c 4f,6,36505,365.05,1917,-191.70000000000002,1917,191.70000000000002,20300,-193.0
224.017000,0x132,87 8e 85 07 3f 4f,6,36487,364.87,1925,-192.5,1925,192.5,20287,-192.35000000000002
224.026900,0x132,96 8e 7e 07 4e 4f,6,36502,365.02,1918,-191.8,1918,191.8,20302,-193.10000000000002
224.037000,0x132,90 8e 85 07 3e 4f,6,36496,364.96,1925,-192.5,1925,192.5,20286,-192.30000000000007
224.046800,0x132,94 8e 7e 07 51 4f,6,36500,365.0,1918,-191.8,1918,191.8,20305,-193.25
224.056900,0x132,92 8e 85 07 3d 4f,6,36498,364.98,1925,-192.5,1925,192.5,20285,-192.25
224.067000,0x132,90 8e 7e 07 4f 4f,6,36496,364.96,1918,-191.8,1918,191.8,20303,-193.1500000000001
224.076800,0x132,90 8e 84 07 40 4f,6,36496,364.96,1924,-192.4,1924,192.4,20288,-192.4000000000001
224.086800,0x132,8d 8e 7d 07 51 4f,6,36493,364.93,1917,-191.70000000000002,1917,191.70000000000002,20305,-193.25
224.097100,0x132,8a 8e 85 07 42 4f,6,36490,364.90000000000003,1925,-192.5,1925,192.5,20290,-192.5
224.106800,0x132,8e 8e 7e 07 51 4f,6,36494,364.94,1918,-191.8,1918,191.8,20305,-193.25
224.116900,0x132,9c 8e 85 07 43 4f,6,36508,365.08,1925,-192.5,1925,192.5,20291,-192.55000000000007
224.126800,0x132,8b 8e 7e 07 53 4f,6,36491,364.91,1918,-191.8,1918,191.8,20307,-193.35000000000002
224.136900,0x132,91 8e 85 07 3f 4f,6,36497,364.97,1925,-192.5,1925,192.5,20287,-192.35000000000002
224.146900,0x132,91 8e 7d 07 54 4f,6,36497,364.97,1917,-191.70000000000002,1917,191.70000000000002,20308,-193.4000000000001
224.156900,0x132,96 8e 86 07 3e 4f,6,36502,365.02,1926,-192.60000000000002,1926,192.60000000000002,20286,-192.30000000000007
224.167000,0x132,95 8e 7d 07 51 4f,6,36501,365.01,1917,-191.70000000000002,1917,191.70000000000002,20305,-193.25
224.176800,0x132,9d 8e 85 07 3d 4f,6,36509,365.09000000000003,1925,-192.5,1925,192.5,20285,-192.25
224.186800,0x132,8a 8e 7d 07 4f 4f,6,36490,364.90000000000003,1917,-191.70000000000002,1917,191.70000000000002,20303,-193.1500000000001
224.197100,0x132,88 8e 85 07 42 4f,6,36488,364.88,1925,-192.5,1925,192.5,20290,-192.5
224.206800,0x132,96 8e 7d 07 53 4f,6,36502,365.02,1917,-191.70000000000002,1917,191.70000000000002,20307,-193.35000000000002
224.216900,0x132,99 8e 85 07 44 4f,6,36505,365.05,1925,-192.5,1925,192.5,20292,-192.60000000000002
224.226800,0x132,9b 8e 7d 07 54 4f,6,36507,365.07,1917,-191.70000000000002,1917,191.70000000000002,20308,-193.4000000000001
224.237000,0x132,98 8e 84 07 45 4f,6,36504,365.04,1924,-192.4,1924,192.4,20293,-192.6500000000001
224.246900,0x132,a2 8e 7d 07 52 4f,6,36514,365.14,1917,-191.70000000000002,1917,191.70000000000002,20306,-193.30000000000007
224.256900,0x132,88 8e 85 07 40 4f,6,36488,364.88,1925,-192.5,1925,192.5,20288,-192.4000000000001
224.267000,0x132,90 8e 7d 07 57 4f,6,36496,364.96,1917,-191.70000000000002,1917,191.70000000000002,20311,-193.55000000000007
224.276800,0x132,94 8e 84 07 40 4f,6,36500,365.0,1924,-192.4,1924,192.4,20288,-192.4000000000001
224.286800,0x132,89 8e 7d 07 54 4f,6,36489,364.89,1917,-191.70000000000002,1917,191.70000000000002,20308,-193.4000000000001
224.297000,0x132,9c 8e 85 07 4a 4f,6,36508,365.08,1925,-192.5,1925,192.5,20298,-192.9000000000001
224.306800,0x132,8b 8e 7e 07 52 4f,6,36491,364.91,1918,-191.8,1918,191.8,20306,-193.30000000000007
224.316900,0x132,93 8e 85 07 43 4f,6,36499,364.99,1925,-192.5,1925,192.5,20291,-192.55000000000007
224.326800,0x132,88 8e 7d 07 53 4f,6,36488,364.88,1917,-191.70000000000002,1917,191.70000000000002,20307,-193.35000000000002
224.337000,0x132,96 8e 84 07 45 4f,6,36502,365.02,1924,-192.4,1924,192.4,20293,-192.6500000000001
224.346900,0x132,90 8e 7d 07 54 4f,6,36496,364.96,1917,-191.70000000000002,1917,191.70000000000002,20308,-193.4000000000001
224.357000,0x132,9a 8e 85 07 47 4f,6,36506,365.06,1925,-192.5,1925,192.5,20295,-192.75
224.367000,0x132,98 8e 7e 07 58 4f,6,36504,365.04,1918,-191.8,1918,191.8,20312,-193.60000000000002
224.376800,0x132,8d 8e 84 07 43 4f,6,36493,364.93,1924,-192.4,1924,192.4,20291,-192.55000000000007
224.386800,0x132,9e 8e 7d 07 57 4f,6,36510,365.1,1917,-191.70000000000002,1917,191.70000000000002,20311,-193.55000000000007
224.397100,0x132,85 8e 84 07 43 4f,6,36485,364.85,1924,-192.4,1924,192.4,20291,-192.55000000000007
224.406800,0x132,89 8e 7d 07 57 4f,6,36489,364.89,1917,-191.70000000000002,1917,191.70000000000002,20311,-193.55000000000007
224.417000,0x132,8f 8e 86 07 4a 4f,6,36495,364.95,1926,-192.60000000000002,1926,192.60000000000002,20298,-192.9000000000001
224.426800,0x132,96 8e 7d 07 55 4f,6,36502,365.02,1917,-191.70000000000002,1917,191.70000000000002,20309,-193.45000000000005
224.437000,0x132,98 8e 84 07 44 4f,6,36504,365.04,1924,-192.4,1924,192.4,20292,-192.60000000000002
224.446900,0x132,8c 8e 7e 07 5a 4f,6,36492,364.92,1918,-191.8,1918,191.8,20314,-193.70000000000005
224.456900,0x132,90 8e 85 07 48 4f,6,36496,364.96,1925,-192.5,1925,192.5,20296,-192.80000000000007
224.467000,0x132,97 8e 7d 07 59 4f,6,36503,365.03000000000003,1917,-191.70000000000002,1917,191.70000000000002,20313,-193.6500000000001
224.476800,0x132,88 8e 85 07 49 4f,6,36488,364.88,1925,-192.5,1925,192.5,20297,-192.85000000000002
224.486800,0x132,8d 8e 7d 07 5a 4f,6,36493,364.93,1917,-191.70000000000002,1917,191.70000000000002,20314,-193.70000000000005
224.497100,0x132,9c 8e 85 07 49 4f,6,36508,365.08,1925,-192.5,1925,192.5,20297,-192.85000000000002
224.506800,0x132,94 8e 7d 07 5e 4f,6,36500,365.0,1917,-191.70000000000002,1917,191.70000000000002,20318,-193.9000000000001
224.517000,0x132,8e 8e 85 07 47 4f,6,36494,364.94,1925,-192.5,1925,192.5,20295,-192.75
224.526800,0x132,94 8e 7e 07 59 4f,6,36500,365.0,1918,-191.8,1918,191.8,20313,-193.6500000000001
224.537000,0x132,85 8e 85 07 4a 4f,6,36485,364.85,1925,-192.5,1925,192.5,20298,-192.9000000000001
224.546900,0x132,9d 8e 7d 07 57 4f,6,36509,365.09000000000003,1917,-191.70000000000002,1917,191.70000000000002,20311,-193.55000000000007
224.557000,0x132,8d 8e 86 07 4c 4f,6,36493,364.93,1926,-192.60000000000002,1926,192.60000000000002,20300,-193.0
224.567000,0x132,8a 8e 7d 07 59 4f,6,36490,364.90000000000003,1917,-191.70000000000002,1917,191.70000000000002,20313,-193.6500000000001
224.576800,0x132,97 8e 85 07 4a 4f,6,36503,365.03000000000003,1925,-192.5,1925,192.5,20298,-192.9000000000001
224.586800,0x132,95 8e 7c 07 5a 4f,6,36501,365.01,1916,-191.60000000000002,1916,191.60000000000002,20314,-193.70000000000005
224.597200,0x132,99 8e 85 07 52 4f,6,36505,365.05,1925,-192.5,1925,192.5,20306,-193.30000000000007
224.606900,0x132,93 8e 7e 07 5c 4f,6,36499,364.99,1918,-191.8,1918,191.8,20316,-193.80000000000007
224.617000,0x132,9d 8e 84 07 4d 4f,6,36509,365.09000000000003,1924,-192.4,1924,192.4,20301,-193.05000000000007
224.626800,0x132,9c 8e 7d 07 5d 4f,6,36508,365.08,1917,-191.70000000000002,1917,191.70000000000002,20317,-193.85000000000002
224.637000,0x132,97 8e 85 07 4d 4f,6,36503,365.03000000000003,1925,-192.5,1925,192.5,20301,-193.05000000000007
224.646900,0x132,9a 8e 7c 07 57 4f,6,36506,365.06,1916,-191.60000000000002,1916,191.60000000000002,20311,-193.55000000000007
224.656900,0x132,84 8e 84 07 48 4f,6,36484,364.84000000000003,1924,-192.4,1924,192.4,20296,-192.80000000000007
224.667000,0x132,a5 8e 7c 07 58 4f,6,36517,365.17,1916,-191.60000000000002,1916,191.60000000000002,20312,-193.60000000000002
224.676800,0x132,93 8e 84 07 49 4f,6,36499,364.99,1924,-192.4,1924,192.4,20297,-192.85000000000002
224.687000,0x132,8e 8e 7c 07 5a 4f,6,36494,364.94,1916,-191.60000000000002,1916,191.60000000000002,20314,-193.70000000000005
224.697100,0x132,8b 8e 83 07 4c 4f,6,36491,364.91,1923,-192.3,1923,192.3,20300,-193.0
224.706800,0x132,91 8e 7c 07 5a 4f,6,36497,364.97,1916,-191.60000000000002,1916,191.60000000000002,20314,-193.70000000000005
224.717000,0x132,99 8e 84 07 49 4f,6,36505,365.05,1924,-192.4,1924,192.4,20297,-192.85000000000002
224.726800,0x132,95 8e 7c 07 5c 4f,6,36501,365.01,1916,-191.60000000000002,1916,191.60000000000002,20316,-193.80000000000007
224.737000,0x132,8b 8e 85 07 4d 4f,6,36491,364.91,1925,-192.5,1925,192.5,20301,-193.05000000000007
224.746900,0x132,97 8e 7d 07 5c 4f,6,36503,365.03000000000003,1917,-191.70000000000002,1917,191.70000000000002,20316,-193.80000000000007
224.756900,0x132,92 8e 85 07 48 4f,6,36498,364.98,1925,-192.5,1925,192.5,20296,-192.80000000000007
224.767100,0x132,9d 8e 7d 07 5f 4f,6,36509,365.09000000000003,1917,-191.70000000000002,1917,191.70000000000002,20319,-193.95000000000005
224.776800,0x132,8e 8e 85 07 4c 4f,6,36494,364.94,1925,-192.5,1925,192.5,20300,-193.0
224.786800,0x132,9b 8e 7c 07 5d 4f,6,36507,365.07,1916,-191.60000000000002,1916,191.60000000000002,20317,-193.85000000000002
224.797100,0x132,93 8e 85 07 4a 4f,6,36499,364.99,1925,-192.5,1925,192.5,20298,-192.9000000000001
224.806800,0x132,85 8e 7c 07 59 4f,6,36485,364.85,1916,-191.60000000000002,1916,191.60000000000002,20313,-193.6500000000001
224.817000,0x132,98 8e 85 07 4d 4f,6,36504,365.04,1925,-192.5,1925,192.5,20301,-193.05000000000007
224.826800,0x132,96 8e 7c 07 59 4f,6,36502,365.02,1916,-191.60000000000002,1916,191.60000000000002,20313,-193.6500000000001
224.837000,0x132,8d 8e 85 07 53 4f,6,36493,364.93,1925,-192.5,1925,192.5,20307,-193.35000000000002
224.847100,0x132,98 8e 7d 07 5f 4f,6,36504,365.04,1917,-191.70000000000002,1917,191.70000000000002,20319,-193.95000000000005
224.857100,0x132,97 8e 85 07 4f 4f,6,36503,365.03000000000003,1925,-192.5,1925,192.5,20303,-193.1500000000001
224.867000,0x132,95 8e 7c 07 5a 4f,6,36501,365.01,1916,-191.60000000000002,1916,191.60000000000002,20314,-193.70000000000005
224.876800,0x132,8e 8e 85 07 4c 4f,6,36494,364.94,1925,-192.5,1925,192.5,20300,-193.0
224.886800,0x132,8b 8e 7c 07 5d 4f,6,36491,364.91,1916,-191.60000000000002,1916,191.60000000000002,20317,-193.85000000000002
224.897200,0x132,8c 8e 85 07 4a 4f,6,36492,364.92,1925,-192.5,1925,192.5,20298,-192.9000000000001
224.906800,0x132,90 8e 7c 07 5e 4f,6,36496,364.96,1916,-191.60000000000002,1916,191.60000000000002,20318,-193.9000000000001
224.917000,0x132,92 8e 85 07 4e 4f,6,36498,364.98,1925,-192.5,1925,192.5,20302,-193.10000000000002
224.926800,0x132,a2 8e 7c 07 57 4f,6,36514,365.14,1916,-191.60000000000002,1916,191.60000000000002,20311,-193.55000000000007
224.937000,0x132,8d 8e 86 07 52 4f,6,36493,364.93,1926,-192.60000000000002,1926,192.60000000000002,20306,-193.30000000000007
224.946900,0x132,9a 8e 7c 07 58 4f,6,36506,365.06,1916,-191.60000000000002,1916,191.60000000000002,20312,-193.60000000000002
224.956900,0x132,90 8e 85 07 4d 4f,6,36496,364.96,1925,-192.5,1925,192.5,20301,-193.05000000000007
224.967000,0x132,9a 8e 7b 07 59 4f,6,36506,365.06,1915,-191.5,1915,191.5,20313,-193.6500000000001
224.976800,0x132,92 8e 85 07 4e 4f,6,36498,364.98,1925,-192.5,1925,192.5,20302,-193.10000000000002
224.986800,0x132,8a 8e 7b 07 5a 4f,6,36490,364.90000000000003,1915,-191.5,1915,191.5,20314,-193.70000000000005
224.997100,0x132,99 8e 84 07 4d 4f,6,36505,365.05,1924,-192.4,1924,192.4,20301,-193.05000000000007
225.006900,0x132,94 8e 7b 07 55 4f,6,36500,365.0,1915,-191.5,1915,191.5,20309,-193.45000000000005
225.017000,0x132,96 8e 85 07 4f 4f,6,36502,365.02,1925,-192.5,1925,192.5,20303,-193.1500000000001
225.026800,0x132,99 8e 7b 07 54 4f,6,36505,365.05,1915,-191.5,1915,191.5,20308,-193.4000000000001
225.037000,0x132,98 8e 85 07 4e 4f,6,36504,365.04,1925,-192.5,1925,192.5,20302,-193.10000000000002
225.046900,0x132,8d 8e 7b 07 57 4f,6,36493,364.93,1915,-191.5,1915,191.5,20311,-193.55000000000007
225.056900,0x132,9e 8e 84 07 49 4f,6,36510,365.1,1924,-192.4,1924,192.4,20297,-192.85000000000002
225.067000,0x132,98 8e 7b 07 5c 4f,6,36504,365.04,1915,-191.5,1915,191.5,20316,-193.80000000000007
225.076800,0x132,95 8e 86 07 4f 4f,6,36501,365.01,1926,-192.60000000000002,1926,192.60000000000002,20303,-193.1500000000001
225.087000,0x132,90 8e 7c 07 5a 4f,6,36496,364.96,1916,-191.60000000000002,1916,191.60000000000002,20314,-193.70000000000005
225.097100,0x132,92 8e 85 07 4d 4f,6,36498,364.98,1925,-192.5,1925,192.5,20301,-193.05000000000007
225.106900,0x132,9d 8e 7b 07 59 4f,6,36509,365.09000000000003,1915,-191.5,1915,191.5,20313,-193.6500000000001
225.117000,0x132,96 8e 85 07 4f 4f,6,36502,365.02,1925,-192.5,1925,192.5,20303,-193.1500000000001
225.126900,0x132,9b 8e 7c 07 5f 4f,6,36507,365.07,1916,-191.60000000000002,1916,191.60000000000002,20319,-193.95000000000005
225.137000,0x132,a1 8e 85 07 4e 4f,6,36513,365.13,1925,-192.5,1925,192.5,20302,-193.10000000000002
225.146900,0x132,8d 8e 7c 07 5c 4f,6,36493,364.93,1916,-191.60000000000002,1916,191.60000000000002,20316,-193.80000000000007
225.156900,0x132,95 8e 85 07 4d 4f,6,36501,365.01,1925,-192.5,1925,192.5,20301,-193.05000000000007
225.167000,0x132,88 8e 7b 07 5a 4f,6,36488,364.88,1915,-191.5,1915,191.5,20314,-193.70000000000005
225.176800,0x132,a2 8e 85 07 4a 4f,6,36514,365.14,1925,-192.5,1925,192.5,20298,-192.9000000000001
225.186900,0x132,99 8e 7b 07 58 4f,6,36505,365.05,1915,-191.5,1915,191.5,20312,-193.60000000000002
225.197100,0x132,92 8e 85 07 4a 4f,6,36498,364.98,1925,-192.5,1925,192.5,20298,-192.9000000000001
225.206900,0x132,98 8e 7c 07 5a 4f,6,36504,365.04,1916,-191.60000000000002,1916,191.60000000000002,20314,-193.70000000000005
225.217000,0x132,92 8e 85 07 4e 4f,6,36498,364.98,1925,-192.5,1925,192.5,20302,-193.10000000000002
225.226900,0x132,9e 8e 7c 07 5c 4f,6,36510,365.1,1916,-191.60000000000002,1916,191.60000000000002,20316,-193.80000000000007
225.237000,0x132,91 8e 85 07 4e 4f,6,36497,364.97,1925,-192.5,1925,192.5,20302,-193.10000000000002
225.246900,0x132,97 8e 7b 07 5a 4f,6,36503,365.03000000000003,1915,-191.5,1915,191.5,20314,-193.70000000000005
225.256900,0x132,92 8e 85 07 4e 4f,6,36498,364.98,1925,-192.5,1925,192.5,20302,-193.10000000000002
225.267100,0x132,93 8e 7a 07 59 4f,6,36499,364.99,1914,-191.4,1914,191.4,20313,-193.6500000000001
225.276900,0x132,9c 8e 86 07 4e 4f,6,36508,365.08,1926,-192.60000000000002,1926,192.60000000000002,20302,-193.10000000000002
225.286900,0x132,9f 8e 7c 07 58 4f,6,36511,365.11,1916,-191.60000000000002,1916,191.60000000000002,20312,-193.60000000000002
225.297100,0x132,8b 8e 85 07 4f 4f,6,36491,364.91,1925,-192.5,1925,192.5,20303,-193.1500000000001
225.306900,0x132,9d 8e 7b 07 57 4f,6,36509,365.09000000000003,1915,-191.5,1915,191.5,20311,-193.55000000000007
225.317000,0x132,88 8e 84 07 4e 4f,6,36488,364.88,1924,-192.4,1924,192.4,20302,-193.10000000000002
225.326900,0x132,a2 8e 7b 07 59 4f,6,36514,365.14,1915,-191.5,1915,191.5,20313,-193.6500000000001
225.337000,0x132,9c 8e 85 07 4a 4f,6,36508,365.08,1925,-192.5,1925,192.5,20298,-192.9000000000001
225.347000,0x132,9f 8e 7c 07 58 4f,6,36511,365.11,1916,-191.60000000000002,1916,191.60000000000002,20312,-193.60000000000002
225.356900,0x132,94 8e 85 07 4d 4f,6,36500,365.0,1925,-192.5,1925,192.5,20301,-193.05000000000007
225.367100,0x132,95 8e 7b 07 5a 4f,6,36501,365.01,1915,-191.5,1915,191.5,20314,-193.70000000000005
225.376900,0x132,9d 8e 85 07 4f 4f,6,36509,365.09000000000003,1925,-192.5,1925,192.5,20303,-193.1500000000001
225.386900,0x132,92 8e 7c 07 54 4f,6,36498,364.98,1916,-191.60000000000002,1916,191.60000000000002,20308,-193.4000000000001
225.397100,0x132,90 8e 84 07 4d 4f,6,36496,364.96,1924,-192.4,1924,192.4,20301,-193.05000000000007
225.406900,0x132,99 8e 7b 07 57 4f,6,36505,365.05,1915,-191.5,1915,191.5,20311,-193.55000000000007
225.417000,0x132,8f 8e 85 07 45 4f,6,36495,364.95,1925,-192.5,1925,192.5,20293,-192.6500000000001
225.426900,0x132,8a 8e 7b 07 59 4f,6,36490,364.90000000000003,1915,-191.5,1915,191.5,20313,-193.6500000000001
225.437000,0x132,8a 8e 85 07 4c 4f,6,36490,364.90000000000003,1925,-192.5,1925,192.5,20300,-193.0
225.447000,0x132,87 8e 7a 07 54 4f,6,36487,364.87,1914,-191.4,1914,191.4,20308,-193.4000000000001
225.456900,0x132,98 8e 85 07 47 4f,6,36504,365.04,1925,-192.5,1925,192.5,20295,-192.75
225.467100,0x132,91 8e 7b 07 54 4f,6,36497,364.97,1915,-191.5,1915,191.5,20308,-193.4000000000001
225.476900,0x132,8a 8e 84 07 47 4f,6,36490,364.90000000000003,1924,-192.4,1924,192.4,20295,-192.75
225.486800,0x132,98 8e 7a 07 53 4f,6,36504,365.04,1914,-191.4,1914,191.4,20307,-193.35000000000002
225.497200,0x132,96 8e 86 07 49 4f,6,36502,365.02,1926,-192.60000000000002,1926,192.60000000000002,20297,-192.85000000000002
225.506900,0x132,8e 8e 7b 07 52 4f,6,36494,364.94,1915,-191.5,1915,191.5,20306,-193.30000000000007
225.517000,0x132,a0 8e 84 07 48 4f,6,36512,365.12,1924,-192.4,1924,192.4,20296,-192.80000000000007
225.526800,0x132,8d 8e 79 07 51 4f,6,36493,364.93,1913,-191.3,1913,191.3,20305,-193.25
225.537000,0x132,97 8e 84 07 47 4f,6,36503,365.03000000000003,1924,-192.4,1924,192.4,20295,-192.75
225.546900,0x132,9a 8e 7a 07 53 4f,6,36506,365.06,1914,-191.4,1914,191.4,20307,-193.35000000000002
225.557100,0x132,97 8e 84 07 42 4f,6,36503,365.03000000000003,1924,-192.4,1924,192.4,20290,-192.5
225.567000,0x132,92 8e 7a 07 54 4f,6,36498,364.98,1914,-191.4,1914,191.4,20308,-193.4000000000001
225.576800,0x132,8e 8e 84 07 43 4f,6,36494,364.94,1924,-192.4,1924,192.4,20291,-192.55000000000007
225.586900,0x132,93 8e 7a 07 54 4f,6,36499,364.99,1914,-191.4,1914,191.4,20308,-193.4000000000001
225.597100,0x132,95 8e 85 07 45 4f,6,36501,365.01,1925,-192.5,1925,192.5,20293,-192.6500000000001
225.606900,0x132,98 8e 7a 07 52 4f,6,36504,365.04,1914,-191.4,1914,191.4,20306,-193.30000000000007
225.617000,0x132,99 8e 85 07 3f 4f,6,36505,365.05,1925,-192.5,1925,192.5,20287,-192.35000000000002
225.626900,0x132,90 8e 7b 07 4e 4f,6,36496,364.96,1915,-191.5,1915,191.5,20302,-193.10000000000002
225.637100,0x132,95 8e 84 07 43 4f,6,36501,365.01,1924,-192.4,1924,192.4,20291,-192.55000000000007
225.646900,0x132,9a 8e 79 07 51 4f,6,36506,365.06,1913,-191.3,1913,191.3,20305,-193.25
225.656900,0x132,9b 8e 85 07 44 4f,6,36507,365.07,1925,-192.5,1925,192.5,20292,-192.60000000000002
225.667100,0x132,9c 8e 7a 07 4c 4f,6,36508,365.08,1914,-191.4,1914,191.4,20300,-193.0
225.677100,0x132,92 8e 85 07 44 4f,6,36498,364.98,1925,-192.5,1925,192.5,20292,-192.60000000000002
225.686800,0x132,8e 8e 7a 07 4e 4f,6,36494,364.94,1914,-191.4,1914,191.4,20302,-193.10000000000002
225.697200,0x132,99 8e 84 07 49 4f,6,36505,365.05,1924,-192.4,1924,192.4,20297,-192.85000000000002
225.706900,0x132,a1 8e 79 07 4d 4f,6,36513,365.13,1913,-191.3,1913,191.3,20301,-193.05000000000007
225.717000,0x132,88 8e 85 07 44 4f,6,36488,364.88,1925,-192.5,1925,192.5,20292,-192.60000000000002
225.726800,0x132,a2 8e 7a 07 4d 4f,6,36514,365.14,1914,-191.4,1914,191.4,20301,-193.05000000000007
225.737100,0x132,8e 8e 85 07 45 4f,6,36494,364.94,1925,-192.5,1925,192.5,20293,-192.6500000000001
225.747000,0x132,90 8e 7b 07 4e 4f,6,36496,364.96,1915,-191.5,1915,191.5,20302,-193.10000000000002
225.756900,0x132,95 8e 85 07 43 4f,6,36501,365.01,1925,-192.5,1925,192.5,20291,-192.55000000000007
225.767100,0x132,a1 8e 7a 07 4c 4f,6,36513,365.13,1914,-191.4,1914,191.4,20300,-193.0
225.776800,0x132,9a 8e 85 07 42 4f,6,36506,365.06,1925,-192.5,1925,192.5,20290,-192.5
225.786800,0x132,8f 8e 7b 07 4d 4f,6,36495,364.95,1915,-191.5,1915,191.5,20301,-193.05000000000007
225.797100,0x132,8c 8e 85 07 3f 4f,6,36492,364.92,1925,-192.5,1925,192.5,20287,-192.35000000000002
225.806900,0x132,8c 8e 7a 07 48 4f,6,36492,364.92,1914,-191.4,1914,191.4,20296,-192.80000000000007
225.817100,0x132,8f 8e 84 07 40 4f,6,36495,364.95,1924,-192.4,1924,192.4,20288,-192.4000000000001
225.826900,0x132,96 8e 7a 07 4c 4f,6,36502,365.02,1914,-191.4,1914,191.4,20300,-193.0
225.837100,0x132,90 8e 85 07 42 4f,6,36496,364.96,1925,-192.5,1925,192.5,20290,-192.5
225.846900,0x132,98 8e 7a 07 47 4f,6,36504,365.04,1914,-191.4,1914,191.4,20295,-192.75
225.856900,0x132,9e 8e 86 07 40 4f,6,36510,365.1,1926,-192.60000000000002,1926,192.60000000000002,20288,-192.4000000000001
225.867100,0x132,95 8e 7b 07 4d 4f,6,36501,365.01,1915,-191.5,1915,191.5,20301,-193.05000000000007
225.876900,0x132,a8 8e 85 07 3f 4f,6,36520,365.2,1925,-192.5,1925,192.5,20287,-192.35000000000002
225.886900,0x132,8d 8e 7a 07 4a 4f,6,36493,364.93,1914,-191.4,1914,191.4,20298,-192.9000000000001
225.897100,0x132,98 8e 86 07 42 4f,6,36504,365.04,1926,-192.60000000000002,1926,192.60000000000002,20290,-192.5
225.906900,0x132,9a 8e 7a 07 49 4f,6,36506,365.06,1914,-191.4,1914,191.4,20297,-192.85000000000002
225.917000,0x132,98 8e 83 07 26 4f,6,36504,365.04,1923,-192.3,1923,192.3,20262,-191.10000000000002
225.926900,0x132,8e 8e 7a 07 1a 4f,6,36494,364.94,1914,-191.4,1914,191.4,20250,-190.5
225.937100,0x132,86 8e 89 07 29 4f,6,36486,364.86,1929,-192.9,1929,192.9,20265,-191.25
225.946900,0x132,a0 8e 79 07 1a 4f,6,36512,365.12,1913,-191.3,1913,191.3,20250,-190.5
225.956900,0x132,9e 8e 82 07 2a 4f,6,36510,365.1,1922,-192.20000000000002,1922,192.20000000000002,20266,-191.30000000000007
225.967100,0x132,97 8e 75 07 18 4f,6,36503,365.03000000000003,1909,-190.9,1909,190.9,20248,-190.4000000000001
225.976900,0x132,96 8e 87 07 29 4f,6,36502,365.02,1927,-192.70000000000002,1927,192.70000000000002,20265,-191.25
225.986900,0x132,98 8e 78 07 18 4f,6,36504,365.04,1912,-191.20000000000002,1912,191.20000000000002,20248,-190.4000000000001
225.997100,0x132,8a 8e 87 07 29 4f,6,36490,364.90000000000003,1927,-192.70000000000002,1927,192.70000000000002,20265,-191.25
226.007100,0x132,98 8e 79 07 18 4f,6,36504,365.04,1913,-191.3,1913,191.3,20248,-190.4000000000001
226.017000,0x132,9b 8e 87 07 25 4f,6,36507,365.07,1927,-192.70000000000002,1927,192.70000000000002,20261,-191.05000000000007
226.026900,0x132,91 8e 78 07 18 4f,6,36497,364.97,1912,-191.20000000000002,1912,191.20000000000002,20248,-190.4000000000001
226.037100,0x132,a3 8e 86 07 24 4f,6,36515,365.15000000000003,1926,-192.60000000000002,1926,192.60000000000002,20260,-191.0
226.046900,0x132,8c 8e 79 07 1c 4f,6,36492,364.92,1913,-191.3,1913,191.3,20252,-190.60000000000002
226.056900,0x132,96 8e 83 07 25 4f,6,36502,365.02,1923,-192.3,1923,192.3,20261,-191.05000000000007
226.067100,0x132,99 8e 79 07 18 4f,6,36505,365.05,1913,-191.3,1913,191.3,20248,-190.4000000000001
226.076900,0x132,8b 8e 88 07 24 4f,6,36491,364.91,1928,-192.8,1928,192.8,20260,-191.0
226.086900,0x132,8b 8e 79 07 16 4f,6,36491,364.91,1913,-191.3,1913,191.3,20246,-190.30000000000007
226.097100,0x132,9e 8e 88 07 27 4f,6,36510,365.1,1928,-192.8,1928,192.8,20263,-191.1500000000001
226.106900,0x132,9a 8e 7a 07 1b 4f,6,36506,365.06,1914,-191.4,1914,191.4,20251,-190.55000000000007
226.117000,0x132,9d 8e 88 07 27 4f,6,36509,365.09000000000003,1928,-192.8,1928,192.8,20263,-191.1500000000001
226.126900,0x132,97 8e 79 07 18 4f,6,36503,365.03000000000003,1913,-191.3,1913,191.3,20248,-190.4000000000001
226.137100,0x132,92 8e 88 07 25 4f,6,36498,364.98,1928,-192.8,1928,192.8,20261,-191.05000000000007
226.146900,0x132,8d 8e 79 07 18 4f,6,36493,364.93,1913,-191.3,1913,191.3,20248,-190.4000000000001
226.156900,0x132,95 8e 82 07 27 4f,6,36501,365.01,1922,-192.20000000000002,1922,192.20000000000002,20263,-191.1500000000001
226.167100,0x132,97 8e 75 07 15 4f,6,36503,365.03000000000003,1909,-190.9,1909,190.9,20245,-190.25
226.176900,0x132,96 8e 88 07 29 4f,6,36502,365.02,1928,-192.8,1928,192.8,20265,-191.25
226.186900,0x132,9c 8e 79 07 15 4f,6,36508,365.08,1913,-191.3,1913,191.3,20245,-190.25
226.197100,0x132,98 8e 89 07 25 4f,6,36504,365.04,1929,-192.9,1929,192.9,20261,-191.05000000000007
226.206900,0x132,96 8e 79 07 16 4f,6,36502,365.02,1913,-191.3,1913,191.3,20246,-190.30000000000007
226.217000,0x132,90 8e 88 07 26 4f,6,36496,364.96,1928,-192.8,1928,192.8,20262,-191.10000000000002
226.226900,0x132,95 8e 7a 07 17 4f,6,36501,365.01,1914,-191.4,1914,191.4,20247,-190.35000000000002
226.236900,0x132,97 8e 89 07 25 4f,6,36503,365.03000000000003,1929,-192.9,1929,192.9,20261,-191.05000000000007
226.246900,0x132,98 8e 7a 07 17 4f,6,36504,365.04,1914,-191.4,1914,191.4,20247,-190.35000000000002
226.256900,0x132,96 8e 86 07 24 4f,6,36502,365.02,1926,-192.60000000000002,1926,192.60000000000002,20260,-191.0
226.267100,0x132,8d 8e 74 07 16 4f,6,36493,364.93,1908,-190.8,1908,190.8,20246,-190.30000000000007
226.276900,0x132,97 8e 88 07 27 4f,6,36503,365.03000000000003,1928,-192.8,1928,192.8,20263,-191.1500000000001
226.286900,0x132,98 8e 79 07 13 4f,6,36504,365.04,1913,-191.3,1913,191.3,20243,-190.1500000000001
226.297100,0x132,a2 8e 88 07 25 4f,6,36514,365.14,1928,-192.8,1928,192.8,20261,-191.05000000000007
226.306900,0x132,a2 8e 79 07 12 4f,6,36514,365.14,1913,-191.3,1913,191.3,20242,-190.10000000000002
226.317000,0x132,9f 8e 88 07 27 4f,6,36511,365.11,1928,-192.8,1928,192.8,20263,-191.1500000000001
226.326900,0x132,8a 8e 79 07 16 4f,6,36490,364.90000000000003,1913,-191.3,1913,191.3,20246,-190.30000000000007
226.336900,0x132,9c 8e 87 07 22 4f,6,36508,365.08,1927,-192.70000000000002,1927,192.70000000000002,20258,-190.9000000000001
226.346900,0x132,99 8e 7a 07 16 4f,6,36505,365.05,1914,-191.4,1914,191.4,20246,-190.30000000000007
226.356900,0x132,88 8e 80 07 25 4f,6,36488,364.88,1920,-192.0,1920,192.0,20261,-191.05000000000007
226.367100,0x132,8d 8e 76 07 18 4f,6,36493,364.93,1910,-191.0,1910,191.0,20248,-190.4000000000001
226.376900,0x132,8c 8e 87 07 21 4f,6,36492,364.92,1927,-192.70000000000002,1927,192.70000000000002,20257,-190.85000000000002
226.386900,0x132,96 8e 79 07 17 4f,6,36502,365.02,1913,-191.3,1913,191.3,20247,-190.35000000000002
226.397100,0x132,8a 8e 88 07 26 4f,6,36490,364.90000000000003,1928,-192.8,1928,192.8,20262,-191.10000000000002
226.406900,0x132,8b 8e 79 07 18 4f,6,36491,364.91,1913,-191.3,1913,191.3,20248,-190.4000000000001
226.416900,0x132,9a 8e 88 07 25 4f,6,36506,365.06,1928,-192.8,1928,192.8,20261,-191.05000000000007
226.426900,0x132,8a 8e 7a 07 18 4f,6,36490,364.90000000000003,1914,-191.4,1914,191.4,20248,-190.4000000000001
226.436900,0x132,99 8e 88 07 2b 4f,6,36505,365.05,1928,-192.8,1928,192.8,20267,-191.35000000000002
226.447000,0x132,9a 8e 7a 07 16 4f,6,36506,365.06,1914,-191.4,1914,191.4,20246,-190.30000000000007
226.456900,0x132,94 8e 82 07 27 4f,6,36500,365.0,1922,-192.20000000000002,1922,192.20000000000002,20263,-191.1500000000001
226.467100,0x132,8e 8e 77 07 18 4f,6,36494,364.94,1911,-191.10000000000002,1911,191.10000000000002,20248,-190.4000000000001
226.476900,0x132,98 8e 88 07 24 4f,6,36504,365.04,1928,-192.8,1928,192.8,20260,-191.0
226.486900,0x132,90 8e 7a 07 18 4f,6,36496,364.96,1914,-191.4,1914,191.4,20248,-190.4000000000001
226.497100,0x132,99 8e 88 07 2a 4f,6,36505,365.05,1928,-192.8,1928,192.8,20266,-191.30000000000007
226.506900,0x132,9b 8e 7a 07 17 4f,6,36507,365.07,1914,-191.4,1914,191.4,20247,-190.35000000000002
226.517000,0x132,9a 8e 89 07 2c 4f,6,36506,365.06,1929,-192.9,1929,192.9,20268,-191.4000000000001
226.526900,0x132,95 8e 7a 07 15 4f,6,36501,365.01,1914,-191.4,1914,191.4,20245,-190.25
226.536900,0x132,9d 8e 89 07 2e 4f,6,36509,365.09000000000003,1929,-192.9,1929,192.9,20270,-191.5
226.546900,0x132,a7 8e 7b 07 18 4f,6,36519,365.19,1915,-191.5,1915,191.5,20248,-190.4000000000001
226.557000,0x132,98 8e 8a 07 33 4f,6,36504,365.04,1930,-193.0,1930,193.0,20275,-191.75
226.567100,0x132,96 8e 76 07 16 4f,6,36502,365.02,1910,-191.0,1910,191.0,20246,-190.30000000000007
226.576900,0x132,95 8e 8a 07 2c 4f,6,36501,365.01,1930,-193.0,1930,193.0,20268,-191.4000000000001
226.586900,0x132,9c 8e 7b 07 18 4f,6,36508,365.08,1915,-191.5,1915,191.5,20248,-190.4000000000001
226.597100,0x132,92 8e 8a 07 2b 4f,6,36498,364.98,1930,-193.0,1930,193.0,20267,-191.35000000000002
226.606900,0x132,a0 8e 7b 07 17 4f,6,36512,365.12,1915,-191.5,1915,191.5,20247,-190.35000000000002
226.617100,0x132,9b 8e 8a 07 2c 4f,6,36507,365.07,1930,-193.0,1930,193.0,20268,-191.4000000000001
226.626900,0x132,98 8e 7b 07 17 4f,6,36504,365.04,1915,-191.5,1915,191.5,20247,-190.35000000000002
226.636900,0x132,9d 8e 89 07 29 4f,6,36509,365.09000000000003,1929,-192.9,1929,192.9,20265,-191.25
226.646900,0x132,94 8e 7c 07 1d 4f,6,36500,365.0,1916,-191.60000000000002,1916,191.60000000000002,20253,-190.6500000000001
226.656900,0x132,92 8e 8d 07 31 4f,6,36498,364.98,1933,-193.3,1933,193.3,20273,-191.6500000000001
226.667200,0x132,9a 8e 7b 07 15 4f,6,36506,365.06,1915,-191.5,1915,191.5,20245,-190.25
226.676900,0x132,a2 8e 8a 07 34 4f,6,36514,365.14,1930,-193.0,1930,193.0,20276,-191.80000000000007
226.686900,0x132,9d 8e 7a 07 1a 4f,6,36509,365.09000000000003,1914,-191.4,1914,191.4,20250,-190.5
226.697200,0x132,97 8e 8a 07 2c 4f,6,36503,365.03000000000003,1930,-193.0,1930,193.0,20268,-191.4000000000001
226.706900,0x132,95 8e 7c 07 18 4f,6,36501,365.01,1916,-191.60000000000002,1916,191.60000000000002,20248,-190.4000000000001
226.717100,0x132,90 8e 89 07 33 4f,6,36496,364.96,1929,-192.9,1929,192.9,20275,-191.75
226.726900,0x132,91 8e 7a 07 17 4f,6,36497,364.97,1914,-191.4,1914,191.4,20247,-190.35000000000002
226.736900,0x132,8f 8e 89 07 29 4f,6,36495,364.95,1929,-192.9,1929,192.9,20265,-191.25
226.746900,0x132,9a 8e 7b 07 1d 4f,6,36506,365.06,1915,-191.5,1915,191.5,20253,-190.6500000000001
226.756900,0x132,90 8e 89 07 2b 4f,6,36496,364.96,1929,-192.9,1929,192.9,20267,-191.35000000000002
226.767200,0x132,94 8e 76 07 1c 4f,6,36500,365.0,1910,-191.0,1910,191.0,20252,-190.60000000000002
226.776900,0x132,8e 8e 89 07 2c 4f,6,36494,364.94,1929,-192.9,1929,192.9,20268,-191.4000000000001
226.786900,0x132,97 8e 7a 07 1b 4f,6,36503,365.03000000000003,1914,-191.4,1914,191.4,20251,-190.55000000000007
226.797100,0x132,8a 8e 89 07 2b 4f,6,36490,364.90000000000003,1929,-192.9,1929,192.9,20267,-191.35000000000002
226.806900,0x132,a0 8e 7a 07 1a 4f,6,36512,365.12,1914,-191.4,1914,191.4,20250,-190.5
226.817100,0x132,a0 8e 89 07 2f 4f,6,36512,365.12,1929,-192.9,1929,192.9,20271,-191.55000000000007
226.826900,0x132,97 8e 7b 07 1f 4f,6,36503,365.03000000000003,1915,-191.5,1915,191.5,20255,-190.75
226.836900,0x132,ac 8e 88 07 2c 4f,6,36524,365.24,1928,-192.8,1928,192.8,20268,-191.4000000000001
226.846900,0x132,92 8e 7a 07 1b 4f,6,36498,364.98,1914,-191.4,1914,191.4,20251,-190.55000000000007
226.856900,0x132,93 8e 89 07 2f 4f,6,36499,364.99,1929,-192.9,1929,192.9,20271,-191.55000000000007
226.866900,0x132,97 8e 76 07 1d 4f,6,36503,365.03000000000003,1910,-191.0,1910,191.0,20253,-190.6500000000001
226.876900,0x132,9a 8e 8a 07 33 4f,6,36506,365.06,1930,-193.0,1930,193.0,20275,-191.75
226.886900,0x132,9b 8e 7a 07 1c 4f,6,36507,365.07,1914,-191.4,1914,191.4,20252,-190.60000000000002
226.897100,0x132,9e 8e 89 07 33 4f,6,36510,365.1,1929,-192.9,1929,192.9,20275,-191.75
226.906900,0x132,94 8e 7b 07 20 4f,6,36500,365.0,1915,-191.5,1915,191.5,20256,-190.80000000000007
226.917100,0x132,90 8e 89 07 2f 4f,6,36496,364.96,1929,-192.9,1929,192.9,20271,-191.55000000000007
226.926900,0x132,9c 8e 7b 07 20 4f,6,36508,365.08,1915,-191.5,1915,191.5,20256,-190.80000000000007
226.936900,0x132,a7 8e 8a 07 2f 4f,6,36519,365.19,1930,-193.0,1930,193.0,20271,-191.55000000000007
226.946900,0x132,9d 8e 7b 07 1d 4f,6,36509,365.09000000000003,1915,-191.5,1915,191.5,20253,-190.6500000000001
226.956900,0x132,9c 8e 8a 07 30 4f,6,36508,365.08,1930,-193.0,1930,193.0,20272,-191.60000000000002
226.966900,0x132,8f 8e 7b 07 1f 4f,6,36495,364.95,1915,-191.5,1915,191.5,20255,-190.75
226.976900,0x132,90 8e 8a 07 35 4f,6,36496,364.96,1930,-193.0,1930,193.0,20277,-191.85000000000002
226.986900,0x132,a4 8e 7b 07 1f 4f,6,36516,365.16,1915,-191.5,1915,191.5,20255,-190.75
226.997200,0x132,9a 8e 8a 07 36 4f,6,36506,365.06,1930,-193.0,1930,193.0,20278,-191.9000000000001
227.006900,0x132,99 8e 7b 07 1c 4f,6,36505,365.05,1915,-191.5,1915,191.5,20252,-190.60000000000002
227.017100,0x132,9b 8e 8a 07 34 4f,6,36507,365.07,1930,-193.0,1930,193.0,20276,-191.80000000000007
227.026900,0x132,87 8e 7a 07 1f 4f,6,36487,364.87,1914,-191.4,1914,191.4,20255,-190.75
227.036900,0x132,98 8e 89 07 30 4f,6,36504,365.04,1929,-192.9,1929,192.9,20272,-191.60000000000002
227.046900,0x132,96 8e 7b 07 21 4f,6,36502,365.02,1915,-191.5,1915,191.5,20257,-190.85000000000002
227.056900,0x132,8e 8e 89 07 31 4f,6,36494,364.94,1929,-192.9,1929,192.9,20273,-191.6500000000001
227.066900,0x132,8e 8e 7b 07 25 4f,6,36494,364.94,1915,-191.5,1915,191.5,20261,-191.05000000000007
227.076900,0x132,99 8e 89 07 34 4f,6,36505,365.05,1929,-192.9,1929,192.9,20276,-191.80000000000007
227.086900,0x132,94 8e 7a 07 22 4f,6,36500,365.0,1914,-191.4,1914,191.4,20258,-190.9000000000001
227.097100,0x132,97 8e 89 07 36 4f,6,36503,365.03000000000003,1929,-192.9,1929,192.9,20278,-191.9000000000001
227.106900,0x132,92 8e 7a 07 1d 4f,6,36498,364.98,1914,-191.4,1914,191.4,20253,-190.6500000000001
227.117100,0x132,a3 8e 8a 07 3a 4f,6,36515,365.15000000000003,1930,-193.0,1930,193.0,20282,-192.10000000000002
227.126900,0x132,92 8e 7c 07 21 4f,6,36498,364.98,1916,-191.60000000000002,1916,191.60000000000002,20257,-190.85000000000002
227.136900,0x132,9a 8e 89 07 35 4f,6,36506,365.06,1929,-192.9,1929,192.9,20277,-191.85000000000002
227.146900,0x132,90 8e 7b 07 26 4f,6,36496,364.96,1915,-191.5,1915,191.5,20262,-191.10000000000002
227.156900,0x132,90 8e 8b 07 39 4f,6,36496,364.96,1931,-193.10000000000002,1931,193.10000000000002,20281,-192.05000000000007
227.166900,0x132,8e 8e 7d 07 2a 4f,6,36494,364.94,1917,-191.70000000000002,1917,191.70000000000002,20266,-191.30000000000007
227.176900,0x132,9c 8e 8b 07 3d 4f,6,36508,365.08,1931,-193.10000000000002,1931,193.10000000000002,20285,-192.25
227.186900,0x132,8d 8e 7b 07 26 4f,6,36493,364.93,1915,-191.5,1915,191.5,20262,-191.10000000000002
227.197300,0x132,9b 8e 8a 07 3a 4f,6,36507,365.07,1930,-193.0,1930,193.0,20282,-192.10000000000002
227.206900,0x132,8f 8e 7b 07 25 4f,6,36495,364.95,1915,-191.5,1915,191.5,20261,-191.05000000000007
227.217100,0x132,9c 8e 8b 07 3d 4f,6,36508,365.08,1931,-193.10000000000002,1931,193.10000000000002,20285,-192.25
227.226900,0x132,9c 8e 7c 07 21 4f,6,36508,365.08,1916,-191.60000000000002,1916,191.60000000000002,20257,-190.85000000000002
227.236900,0x132,9e 8e 8a 07 3e 4f,6,36510,365.1,1930,-193.0,1930,193.0,20286,-192.30000000000007
227.246900,0x132,99 8e 7c 07 25 4f,6,36505,365.05,1916,-191.60000000000002,1916,191.60000000000002,20261,-191.05000000000007
227.256900,0x132,90 8e 8b 07 3b 4f,6,36496,364.96,1931,-193.10000000000002,1931,193.10000000000002,20283,-192.1500000000001
227.266900,0x132,92 8e 7c 07 26 4f,6,36498,364.98,1916,-191.60000000000002,1916,191.60000000000002,20262,-191.10000000000002
227.276900,0x132,9c 8e 8a 07 3d 4f,6,36508,365.08,1930,-193.0,1930,193.0,20285,-192.25
227.286900,0x132,a5 8e 7b 07 25 4f,6,36517,365.17,1915,-191.5,1915,191.5,20261,-191.05000000000007
227.297100,0x132,93 8e 8a 07 40 4f,6,36499,364.99,1930,-193.0,1930,193.0,20288,-192.4000000000001
227.306900,0x132,9d 8e 7c 07 2b 4f,6,36509,365.09000000000003,1916,-191.60000000000002,1916,191.60000000000002,20267,-191.35000000000002
227.317100,0x132,a0 8e 8b 07 40 4f,6,36512,365.12,1931,-193.10000000000002,1931,193.10000000000002,20288,-192.4000000000001
227.326900,0x132,9f 8e 7b 07 29 4f,6,36511,365.11,1915,-191.5,1915,191.5,20265,-191.25
227.336900,0x132,8e 8e 8a 07 3e 4f,6,36494,364.94,1930,-193.0,1930,193.0,20286,-192.30000000000007
227.346900,0x132,94 8e 7d 07 2c 4f,6,36500,365.0,1917,-191.70000000000002,1917,191.70000000000002,20268,-191.4000000000001
227.356900,0x132,9e 8e 8a 07 43 4f,6,36510,365.1,1930,-193.0,1930,193.0,20291,-192.55000000000007
227.366900,0x132,8e 8e 7c 07 2e 4f,6,36494,364.94,1916,-191.60000000000002,1916,191.60000000000002,20270,-191.5
227.376900,0x132,98 8e 8a 07 3d 4f,6,36504,365.04,1930,-193.0,1930,193.0,20285,-192.25
227.386900,0x132,8c 8e 7b 07 2a 4f,6,36492,364.92,1915,-191.5,1915,191.5,20266,-191.30000000000007
227.397100,0x132,89 8e 8a 07 3f 4f,6,36489,364.89,1930,-193.0,1930,193.0,20287,-192.35000000000002
227.406900,0x132,9a 8e 7c 07 2e 4f,6,36506,365.06,1916,-191.60000000000002,1916,191.60000000000002,20270,-191.5
227.417100,0x132,88 8e 8a 07 43 4f,6,36488,364.88,1930,-193.0,1930,193.0,20291,-192.55000000000007
227.426900,0x132,95 8e 7c 07 30 4f,6,36501,365.01,1916,-191.60000000000002,1916,191.60000000000002,20272,-191.60000000000002
227.436900,0x132,9b 8e 89 07 3f 4f,6,36507,365.07,1929,-192.9,1929,192.9,20287,-192.35000000000002
227.446900,0x132,8f 8e 7b 07 2a 4f,6,36495,364.95,1915,-191.5,1915,191.5,20266,-191.30000000000007
227.456900,0x132,94 8e 8a 07 3f 4f,6,36500,365.0,1930,-193.0,1930,193.0,20287,-192.35000000000002
227.466900,0x132,8c 8e 7b 07 2c 4f,6,36492,364.92,1915,-191.5,1915,191.5,20268,-191.4000000000001
227.476900,0x132,91 8e 8a 07 43 4f,6,36497,364.97,1930,-193.0,1930,193.0,20291,-192.55000000000007
227.486900,0x132,a0 8e 7b 07 2c 4f,6,36512,365.12,1915,-191.5,1915,191.5,20268,-191.4000000000001
227.497200,0x132,97 8e 8a 07 45 4f,6,36503,365.03000000000003,1930,-193.0,1930,193.0,20293,-192.6500000000001
227.506900,0x132,96 8e 7b 07 2c 4f,6,36502,365.02,1915,-191.5,1915,191.5,20268,-191.4000000000001
227.516900,0x132,9c 8e 8b 07 43 4f,6,36508,365.08,1931,-193.10000000000002,1931,193.10000000000002,20291,-192.55000000000007
227.526900,0x132,9c 8e 7b 07 2b 4f,6,36508,365.08,1915,-191.5,1915,191.5,20267,-191.35000000000002
227.536900,0x132,99 8e 8a 07 45 4f,6,36505,365.05,1930,-193.0,1930,193.0,20293,-192.6500000000001
227.546900,0x132,9a 8e 7b 07 2e 4f,6,36506,365.06,1915,-191.5,1915,191.5,20270,-191.5
227.557100,0x132,98 8e 89 07 45 4f,6,36504,365.04,1929,-192.9,1929,192.9,20293,-192.6500000000001
227.567000,0x132,95 8e 7b 07 2c 4f,6,36501,365.01,1915,-191.5,1915,191.5,20268,-191.4000000000001
227.576900,0x132,99 8e 89 07 44 4f,6,36505,365.05,1929,-192.9,1929,192.9,20292,-192.60000000000002
227.586900,0x132,94 8e 7b 07 29 4f,6,36500,365.0,1915,-191.5,1915,191.5,20265,-191.25
227.597100,0x132,94 8e 8a 07 4a 4f,6,36500,365.0,1930,-193.0,1930,193.0,20298,-192.9000000000001
227.606900,0x132,95 8e 7b 07 33 4f,6,36501,365.01,1915,-191.5,1915,191.5,20275,-191.75
227.617000,0x132,96 8e 89 07 47 4f,6,36502,365.02,1929,-192.9,1929,192.9,20295,-192.75
227.626900,0x132,92 8e 7b 07 31 4f,6,36498,364.98,1915,-191.5,1915,191.5,20273,-191.6500000000001
227.636900,0x132,9a 8e 89 07 43 4f,6,36506,365.06,1929,-192.9,1929,192.9,20291,-192.55000000000007
227.646900,0x132,97 8e 7a 07 30 4f,6,36503,365.03000000000003,1914,-191.4,1914,191.4,20272,-191.60000000000002
227.656900,0x132,98 8e 8a 07 47 4f,6,36504,365.04,1930,-193.0,1930,193.0,20295,-192.75
227.666900,0x132,96 8e 7b 07 30 4f,6,36502,365.02,1915,-191.5,1915,191.5,20272,-191.60000000000002
227.676900,0x132,8e 8e 89 07 49 4f,6,36494,364.94,1929,-192.9,1929,192.9,20297,-192.85000000000002
227.686900,0x132,8b 8e 7b 07 31 4f,6,36491,364.91,1915,-191.5,1915,191.5,20273,-191.6500000000001
227.697200,0x132,9a 8e 8a 07 4c 4f,6,36506,365.06,1930,-193.0,1930,193.0,20300,-193.0
227.706900,0x132,90 8e 7c 07 38 4f,6,36496,364.96,1916,-191.60000000000002,1916,191.60000000000002,20280,-192.0
227.717100,0x132,94 8e 8a 07 4d 4f,6,36500,365.0,1930,-193.0,1930,193.0,20301,-193.05000000000007
227.726900,0x132,9d 8e 7b 07 33 4f,6,36509,365.09000000000003,1915,-191.5,1915,191.5,20275,-191.75
227.736900,0x132,96 8e 8a 07 48 4f,6,36502,365.02,1930,-193.0,1930,193.0,20296,-192.80000000000007
227.746900,0x132,94 8e 7b 07 38 4f,6,36500,365.0,1915,-191.5,1915,191.5,20280,-192.0
227.756900,0x132,93 8e 8a 07 4a 4f,6,36499,364.99,1930,-193.0,1930,193.0,20298,-192.9000000000001
227.766900,0x132,87 8e 7c 07 36 4f,6,36487,364.87,1916,-191.60000000000002,1916,191.60000000000002,20278,-191.9000000000001
227.776900,0x132,96 8e 8a 07 4d 4f,6,36502,365.02,1930,-193.0,1930,193.0,20301,-193.05000000000007
227.786900,0x132,92 8e 7a 07 31 4f,6,36498,364.98,1914,-191.4,1914,191.4,20273,-191.6500000000001
227.797100,0x132,9c 8e 8a 07 52 4f,6,36508,365.08,1930,-193.0,1930,193.0,20306,-193.30000000000007
227.806900,0x132,9f 8e 7b 07 36 4f,6,36511,365.11,1915,-191.5,1915,191.5,20278,-191.9000000000001
227.817100,0x132,87 8e 8b 07 54 4f,6,36487,364.87,1931,-193.10000000000002,1931,193.10000000000002,20308,-193.4000000000001
227.826900,0x132,94 8e 7c 07 36 4f,6,36500,365.0,1916,-191.60000000000002,1916,191.60000000000002,20278,-191.9000000000001
227.836900,0x132,95 8e 8a 07 50 4f,6,36501,365.01,1930,-193.0,1930,193.0,20304,-193.20000000000005
227.846900,0x132,96 8e 7c 07 35 4f,6,36502,365.02,1916,-191.60000000000002,1916,191.60000000000002,20277,-191.85000000000002
227.857000,0x132,9d 8e 8b 07 50 4f,6,36509,365.09000000000003,1931,-193.10000000000002,1931,193.10000000000002,20304,-193.20000000000005
227.866900,0x132,98 8e 7b 07 3a 4f,6,36504,365.04,1915,-191.5,1915,191.5,20282,-192.10000000000002
227.876900,0x132,a8 8e 8a 07 54 4f,6,36520,365.2,1930,-193.0,1930,193.0,20308,-193.4000000000001
227.886900,0x132,8c 8e 7c 07 3f 4f,6,36492,364.92,1916,-191.60000000000002,1916,191.60000000000002,20287,-192.35000000000002
227.897300,0x132,a1 8e 8a 07 54 4f,6,36513,365.13,1930,-193.0,1930,193.0,20308,-193.4000000000001
227.906900,0x132,9a 8e 7b 07 36 4f,6,36506,365.06,1915,-191.5,1915,191.5,20278,-191.9000000000001
227.917100,0x132,99 8e 8a 07 53 4f,6,36505,365.05,1930,-193.0,1930,193.0,20307,-193.35000000000002
227.926900,0x132,a4 8e 7c 07 3e 4f,6,36516,365.16,1916,-191.60000000000002,1916,191.60000000000002,20286,-192.30000000000007
227.936900,0x132,9c 8e 8a 07 54 4f,6,36508,365.08,1930,-193.0,1930,193.0,20308,-193.4000000000001
227.947100,0x132,9c 8e 7a 07 3a 4f,6,36508,365.08,1914,-191.4,1914,191.4,20282,-192.10000000000002
227.956900,0x132,a1 8e 8a 07 53 4f,6,36513,365.13,1930,-193.0,1930,193.0,20307,-193.35000000000002
227.966900,0x132,93 8e 7b 07 3d 4f,6,36499,364.99,1915,-191.5,1915,191.5,20285,-192.25
227.976900,0x132,96 8e 8a 07 54 4f,6,36502,365.02,1930,-193.0,1930,193.0,20308,-193.4000000000001
227.986900,0x132,9c 8e 7b 07 39 4f,6,36508,365.08,1915,-191.5,1915,191.5,20281,-192.05000000000007
227.997300,0x132,8b 8e 8a 07 54 4f,6,36491,364.91,1930,-193.0,1930,193.0,20308,-193.4000000000001
228.006900,0x132,9e 8e 7b 07 3f 4f,6,36510,365.1,1915,-191.5,1915,191.5,20287,-192.35000000000002
228.017100,0x132,8c 8e 8a 07 54 4f,6,36492,364.92,1930,-193.0,1930,193.0,20308,-193.4000000000001
228.026900,0x132,92 8e 7b 07 38 4f,6,36498,364.98,1915,-191.5,1915,191.5,20280,-192.0
228.036900,0x132,94 8e 8a 07 57 4f,6,36500,365.0,1930,-193.0,1930,193.0,20311,-193.55000000000007
228.046900,0x132,94 8e 7b 07 3e 4f,6,36500,365.0,1915,-191.5,1915,191.5,20286,-192.30000000000007
228.057000,0x132,8c 8e 8a 07 54 4f,6,36492,364.92,1930,-193.0,1930,193.0,20308,-193.4000000000001
228.066900,0x132,97 8e 7b 07 3a 4f,6,36503,365.03000000000003,1915,-191.5,1915,191.5,20282,-192.10000000000002
228.076900,0x132,97 8e 8a 07 57 4f,6,36503,365.03000000000003,1930,-193.0,1930,193.0,20311,-193.55000000000007
228.086900,0x132,89 8e 7b 07 3d 4f,6,36489,364.89,1915,-191.5,1915,191.5,20285,-192.25
228.097100,0x132,a5 8e 8b 07 5a 4f,6,36517,365.17,1931,-193.10000000000002,1931,193.10000000000002,20314,-193.70000000000005
228.106900,0x132,93 8e 7c 07 3d 4f,6,36499,364.99,1916,-191.60000000000002,1916,191.60000000000002,20285,-192.25
228.117000,0x132,92 8e 8a 07 58 4f,6,36498,364.98,1930,-193.0,1930,193.0,20312,-193.60000000000002
228.126900,0x132,96 8e 7b 07 40 4f,6,36502,365.02,1915,-191.5,1915,191.5,20288,-192.4000000000001
228.136900,0x132,98 8e 8a 07 58 4f,6,36504,365.04,1930,-193.0,1930,193.0,20312,-193.60000000000002
228.146900,0x132,9c 8e 7b 07 40 4f,6,36508,365.08,1915,-191.5,1915,191.5,20288,-192.4000000000001
228.157000,0x132,8c 8e 8a 07 59 4f,6,36492,364.92,1930,-193.0,1930,193.0,20313,-193.6500000000001
228.167000,0x132,89 8e 7c 07 42 4f,6,36489,364.89,1916,-191.60000000000002,1916,191.60000000000002,20290,-192.5
228.176900,0x132,8c 8e 8a 07 5f 4f,6,36492,364.92,1930,-193.0,1930,193.0,20319,-193.95000000000005
228.186900,0x132,8a 8e 7b 07 3f 4f,6,36490,364.90000000000003,1915,-191.5,1915,191.5,20287,-192.35000000000002
228.197100,0x132,93 8e 8b 07 5a 4f,6,36499,364.99,1931,-193.10000000000002,1931,193.10000000000002,20314,-193.70000000000005
228.206900,0x132,8e 8e 7c 07 47 4f,6,36494,364.94,1916,-191.60000000000002,1916,191.60000000000002,20295,-192.75
228.217000,0x132,8b 8e 8a 07 5d 4f,6,36491,364.91,1930,-193.0,1930,193.0,20317,-193.85000000000002
228.226900,0x132,a2 8e 7b 07 3f 4f,6,36514,365.14,1915,-191.5,1915,191.5,20287,-192.35000000000002
228.236900,0x132,a2 8e 8a 07 5d 4f,6,36514,365.14,1930,-193.0,1930,193.0,20317,-193.85000000000002
228.246900,0x132,96 8e 7b 07 3e 4f,6,36502,365.02,1915,-191.5,1915,191.5,20286,-192.30000000000007
228.256900,0x132,87 8e 8a 07 5c 4f,6,36487,364.87,1930,-193.0,1930,193.0,20316,-193.80000000000007
228.267000,0x132,8f 8e 7a 07 43 4f,6,36495,364.95,1914,-191.4,1914,191.4,20291,-192.55000000000007
228.276900,0x132,99 8e 88 07 59 4f,6,36505,365.05,1928,-192.8,1928,192.8,20313,-193.6500000000001
228.286900,0x132,8c 8e 7b 07 43 4f,6,36492,364.92,1915,-191.5,1915,191.5,20291,-192.55000000000007
228.297100,0x132,8e 8e 89 07 58 4f,6,36494,364.94,1929,-192.9,1929,192.9,20312,-193.60000000000002
228.306900,0x132,96 8e 7b 07 3f 4f,6,36502,365.02,1915,-191.5,1915,191.5,20287,-192.35000000000002
228.317200,0x132,92 8e 8a 07 5e 4f,6,36498,364.98,1930,-193.0,1930,193.0,20318,-193.9000000000001
228.326900,0x132,9a 8e 7b 07 44 4f,6,36506,365.06,1915,-191.5,1915,191.5,20292,-192.60000000000002
228.336900,0x132,9d 8e 8a 07 5d 4f,6,36509,365.09000000000003,1930,-193.0,1930,193.0,20317,-193.85000000000002
228.346900,0x132,91 8e 7b 07 49 4f,6,36497,364.97,1915,-191.5,1915,191.5,20297,-192.85000000000002
228.356900,0x132,8c 8e 89 07 59 4f,6,36492,364.92,1929,-192.9,1929,192.9,20313,-193.6500000000001
228.367000,0x132,90 8e 7b 07 44 4f,6,36496,364.96,1915,-191.5,1915,191.5,20292,-192.60000000000002
228.376900,0x132,95 8e 89 07 63 4f,6,36501,365.01,1929,-192.9,1929,192.9,20323,-194.1500000000001
228.386900,0x132,95 8e 7a 07 45 4f,6,36501,365.01,1914,-191.4,1914,191.4,20293,-192.6500000000001
228.397100,0x132,8e 8e 89 07 5c 4f,6,36494,364.94,1929,-192.9,1929,192.9,20316,-193.80000000000007
228.406900,0x132,92 8e 7c 07 47 4f,6,36498,364.98,1916,-191.60000000000002,1916,191.60000000000002,20295,-192.75
228.417000,0x132,89 8e 89 07 5d 4f,6,36489,364.89,1929,-192.9,1929,192.9,20317,-193.85000000000002
228.426900,0x132,8a 8e 7a 07 49 4f,6,36490,364.90000000000003,1914,-191.4,1914,191.4,20297,-192.85000000000002
228.436900,0x132,97 8e 8a 07 5e 4f,6,36503,365.03000000000003,1930,-193.0,1930,193.0,20318,-193.9000000000001
228.446900,0x132,96 8e 7c 07 48 4f,6,36502,365.02,1916,-191.60000000000002,1916,191.60000000000002,20296,-192.80000000000007
228.457000,0x132,a4 8e 8a 07 5c 4f,6,36516,365.16,1930,-193.0,1930,193.0,20316,-193.80000000000007
228.467000,0x132,99 8e 7b 07 42 4f,6,36505,365.05,1915,-191.5,1915,191.5,20290,-192.5
228.476900,0x132,93 8e 8a 07 63 4f,6,36499,364.99,1930,-193.0,1930,193.0,20323,-194.1500000000001
228.486900,0x132,95 8e 7b 07 44 4f,6,36501,365.01,1915,-191.5,1915,191.5,20292,-192.60000000000002
228.497100,0x132,96 8e 8b 07 67 4f,6,36502,365.02,1931,-193.10000000000002,1931,193.10000000000002,20327,-194.35000000000002
228.506900,0x132,97 8e 7b 07 47 4f,6,36503,365.03000000000003,1915,-191.5,1915,191.5,20295,-192.75
228.517000,0x132,93 8e 8a 07 62 4f,6,36499,364.99,1930,-193.0,1930,193.0,20322,-194.10000000000002
228.526900,0x132,97 8e 7b 07 42 4f,6,36503,365.03000000000003,1915,-191.5,1915,191.5,20290,-192.5
228.536900,0x132,94 8e 8a 07 62 4f,6,36500,365.0,1930,-193.0,1930,193.0,20322,-194.10000000000002
228.547000,0x132,99 8e 7c 07 48 4f,6,36505,365.05,1916,-191.60000000000002,1916,191.60000000000002,20296,-192.80000000000007
228.557100,0x132,a1 8e 8a 07 63 4f,6,36513,365.13,1930,-193.0,1930,193.0,20323,-194.1500000000001
228.566900,0x132,8c 8e 7b 07 4a 4f,6,36492,364.92,1915,-191.5,1915,191.5,20298,-192.9000000000001
228.576900,0x132,91 8e 89 07 62 4f,6,36497,364.97,1929,-192.9,1929,192.9,20322,-194.10000000000002
228.586900,0x132,95 8e 7b 07 4a 4f,6,36501,365.01,1915,-191.5,1915,191.5,20298,-192.9000000000001
228.597100,0x132,9f 8e 8a 07 67 4f,6,36511,365.11,1930,-193.0,1930,193.0,20327,-194.35000000000002
228.606900,0x132,97 8e 7c 07 49 4f,6,36503,365.03000000000003,1916,-191.60000000000002,1916,191.60000000000002,20297,-192.85000000000002
228.617000,0x132,9b 8e 89 07 63 4f,6,36507,365.07,1929,-192.9,1929,192.9,20323,-194.1500000000001
228.626900,0x132,91 8e 7a 07 45 4f,6,36497,364.97,1914,-191.4,1914,191.4,20293,-192.6500000000001
228.636900,0x132,91 8e 8a 07 5f 4f,6,36497,364.97,1930,-193.0,1930,193.0,20319,-193.95000000000005
228.647000,0x132,8a 8e 7b 07 4b 4f,6,36490,364.90000000000003,1915,-191.5,1915,191.5,20299,-192.95000000000005
228.657000,0x132,99 8e 8a 07 64 4f,6,36505,365.05,1930,-193.0,1930,193.0,20324,-194.20000000000005
228.667000,0x132,9b 8e 7b 07 48 4f,6,36507,365.07,1915,-191.5,1915,191.5,20296,-192.80000000000007
228.676900,0x132,9e 8e 89 07 62 4f,6,36510,365.1,1929,-192.9,1929,192.9,20322,-194.10000000000002
228.686900,0x132,9c 8e 7b 07 48 4f,6,36508,365.08,1915,-191.5,1915,191.5,20296,-192.80000000000007
228.697600,0x132,9c 8e 89 07 61 4f,6,36508,365.08,1929,-192.9,1929,192.9,20321,-194.05000000000007
228.706900,0x132,93 8e 7b 07 48 4f,6,36499,364.99,1915,-191.5,1915,191.5,20296,-192.80000000000007
228.717000,0x132,92 8e 8a 07 66 4f,6,36498,364.98,1930,-193.0,1930,193.0,20326,-194.30000000000007
228.726900,0x132,9e 8e 7b 07 4a 4f,6,36510,365.1,1915,-191.5,1915,191.5,20298,-192.9000000000001
228.736900,0x132,97 8e 8a 07 64 4f,6,36503,365.03000000000003,1930,-193.0,1930,193.0,20324,-194.20000000000005
228.747000,0x132,8f 8e 7a 07 49 4f,6,36495,364.95,1914,-191.4,1914,191.4,20297,-192.85000000000002
228.757000,0x132,a0 8e 8a 07 64 4f,6,36512,365.12,1930,-193.0,1930,193.0,20324,-194.20000000000005
228.767000,0x132,8a 8e 7b 07 48 4f,6,36490,364.90000000000003,1915,-191.5,1915,191.5,20296,-192.80000000000007
228.776900,0x132,86 8e 89 07 63 4f,6,36486,364.86,1929,-192.9,1929,192.9,20323,-194.1500000000001
228.786900,0x132,91 8e 7b 07 47 4f,6,36497,364.97,1915,-191.5,1915,191.5,20295,-192.75
228.797100,0x132,a0 8e 89 07 63 4f,6,36512,365.12,1929,-192.9,1929,192.9,20323,-194.1500000000001
228.806900,0x132,8d 8e 7a 07 48 4f,6,36493,364.93,1914,-191.4,1914,191.4,20296,-192.80000000000007
228.817100,0x132,90 8e 89 07 62 4f,6,36496,364.96,1929,-192.9,1929,192.9,20322,-194.10000000000002
228.826900,0x132,8c 8e 7b 07 4a 4f,6,36492,364.92,1915,-191.5,1915,191.5,20298,-192.9000000000001
228.836900,0x132,90 8e 89 07 64 4f,6,36496,364.96,1929,-192.9,1929,192.9,20324,-194.20000000000005
228.847000,0x132,93 8e 7a 07 47 4f,6,36499,364.99,1914,-191.4,1914,191.4,20295,-192.75
228.857000,0x132,8d 8e 88 07 67 4f,6,36493,364.93,1928,-192.8,1928,192.8,20327,-194.35000000000002
228.867000,0x132,97 8e 7b 07 48 4f,6,36503,365.03000000000003,1915,-191.5,1915,191.5,20296,-192.80000000000007
228.876900,0x132,93 8e 89 07 66 4f,6,36499,364.99,1929,-192.9,1929,192.9,20326,-194.30000000000007
228.886900,0x132,83 8e 7b 07 4b 4f,6,36483,364.83,1915,-191.5,1915,191.5,20299,-192.95000000000005
228.897200,0x132,8c 8e 89 07 67 4f,6,36492,364.92,1929,-192.9,1929,192.9,20327,-194.35000000000002
228.906900,0x132,93 8e 7a 07 44 4f,6,36499,364.99,1914,-191.4,1914,191.4,20292,-192.60000000000002
228.917000,0x132,8d 8e 88 07 5e 4f,6,36493,364.93,1928,-192.8,1928,192.8,20318,-193.9000000000001
228.926900,0x132,8b 8e 7b 07 4b 4f,6,36491,364.91,1915,-191.5,1915,191.5,20299,-192.95000000000005
228.936900,0x132,91 8e 89 07 5f 4f,6,36497,364.97,1929,-192.9,1929,192.9,20319,-193.95000000000005
228.947000,0x132,89 8e 7b 07 48 4f,6,36489,364.89,1915,-191.5,1915,191.5,20296,-192.80000000000007
228.957000,0x132,8e 8e 89 07 5f 4f,6,36494,364.94,1929,-192.9,1929,192.9,20319,-193.95000000000005
228.966900,0x132,84 8e 79 07 47 4f,6,36484,364.84000000000003,1913,-191.3,1913,191.3,20295,-192.75
228.976900,0x132,97 8e 88 07 5e 4f,6,36503,365.03000000000003,1928,-192.8,1928,192.8,20318,-193.9000000000001
228.986900,0x132,92 8e 79 07 45 4f,6,36498,364.98,1913,-191.3,1913,191.3,20293,-192.6500000000001
228.997200,0x132,96 8e 88 07 61 4f,6,36502,365.02,1928,-192.8,1928,192.8,20321,-194.05000000000007
229.006900,0x132,8a 8e 7a 07 4a 4f,6,36490,364.90000000000003,1914,-191.4,1914,191.4,20298,-192.9000000000001
229.017000,0x132,93 8e 88 07 63 4f,6,36499,364.99,1928,-192.8,1928,192.8,20323,-194.1500000000001
229.026900,0x132,8a 8e 7a 07 4a 4f,6,36490,364.90000000000003,1914,-191.4,1914,191.4,20298,-192.9000000000001
229.036900,0x132,92 8e 89 07 61 4f,6,36498,364.98,1929,-192.9,1929,192.9,20321,-194.05000000000007
229.047000,0x132,80 8e 7a 07 47 4f,6,36480,364.8,1914,-191.4,1914,191.4,20295,-192.75
229.057000,0x132,90 8e 89 07 68 4f,6,36496,364.96,1929,-192.9,1929,192.9,20328,-194.4000000000001
229.066900,0x132,9a 8e 7a 07 47 4f,6,36506,365.06,1914,-191.4,1914,191.4,20295,-192.75
229.076900,0x132,95 8e 89 07 68 4f,6,36501,365.01,1929,-192.9,1929,192.9,20328,-194.4000000000001
229.087000,0x132,8e 8e 7a 07 48 4f,6,36494,364.94,1914,-191.4,1914,191.4,20296,-192.80000000000007
229.097100,0x132,9a 8e 89 07 64 4f,6,36506,365.06,1929,-192.9,1929,192.9,20324,-194.20000000000005
229.106900,0x132,89 8e 7a 07 43 4f,6,36489,364.89,1914,-191.4,1914,191.4,20291,-192.55000000000007
229.117000,0x132,92 8e 89 07 64 4f,6,36498,364.98,1929,-192.9,1929,192.9,20324,-194.20000000000005
229.126900,0x132,90 8e 7a 07 48 4f,6,36496,364.96,1914,-191.4,1914,191.4,20296,-192.80000000000007
229.136900,0x132,98 8e 88 07 63 4f,6,36504,365.04,1928,-192.8,1928,192.8,20323,-194.1500000000001
229.147000,0x132,87 8e 7a 07 48 4f,6,36487,364.87,1914,-191.4,1914,191.4,20296,-192.80000000000007
229.157000,0x132,97 8e 8a 07 67 4f,6,36503,365.03000000000003,1930,-193.0,1930,193.0,20327,-194.35000000000002
229.167000,0x132,88 8e 7a 07 47 4f,6,36488,364.88,1914,-191.4,1914,191.4,20295,-192.75
229.176900,0x132,a0 8e 89 07 66 4f,6,36512,365.12,1929,-192.9,1929,192.9,20326,-194.30000000000007
229.186900,0x132,8d 8e 7a 07 47 4f,6,36493,364.93,1914,-191.4,1914,191.4,20295,-192.75
229.197100,0x132,96 8e 89 07 64 4f,6,36502,365.02,1929,-192.9,1929,192.9,20324,-194.20000000000005
229.206900,0x132,8d 8e 7b 07 48 4f,6,36493,364.93,1915,-191.5,1915,191.5,20296,-192.80000000000007
229.217000,0x132,9d 8e 89 07 69 4f,6,36509,365.09000000000003,1929,-192.9,1929,192.9,20329,-194.45000000000005
229.226900,0x132,8b 8e 7b 07 48 4f,6,36491,364.91,1915,-191.5,1915,191.5,20296,-192.80000000000007
229.236900,0x132,90 8e 89 07 66 4f,6,36496,364.96,1929,-192.9,1929,192.9,20326,-194.30000000000007
229.247000,0x132,94 8e 7a 07 4a 4f,6,36500,365.0,1914,-191.4,1914,191.4,20298,-192.9000000000001
229.257000,0x132,92 8e 89 07 64 4f,6,36498,364.98,1929,-192.9,1929,192.9,20324,-194.20000000000005
229.267100,0x132,8d 8e 7a 07 47 4f,6,36493,364.93,1914,-191.4,1914,191.4,20295,-192.75
229.276900,0x132,99 8e 88 07 63 4f,6,36505,365.05,1928,-192.8,1928,192.8,20323,-194.1500000000001
229.286900,0x132,9a 8e 79 07 42 4f,6,36506,365.06,1913,-191.3,1913,191.3,20290,-192.5
229.297200,0x132,8a 8e 88 07 64 4f,6,36490,364.90000000000003,1928,-192.8,1928,192.8,20324,-194.20000000000005
229.306900,0x132,93 8e 7a 07 45 4f,6,36499,364.99,1914,-191.4,1914,191.4,20293,-192.6500000000001
229.317100,0x132,90 8e 88 07 62 4f,6,36496,364.96,1928,-192.8,1928,192.8,20322,-194.10000000000002
229.326900,0x132,9e 8e 7b 07 47 4f,6,36510,365.1,1915,-191.5,1915,191.5,20295,-192.75
229.336900,0x132,97 8e 89 07 64 4f,6,36503,365.03000000000003,1929,-192.9,1929,192.9,20324,-194.20000000000005
229.347000,0x132,88 8e 7a 07 45 4f,6,36488,364.88,1914,-191.4,1914,191.4,20293,-192.6500000000001
229.357000,0x132,9f 8e 89 07 62 4f,6,36511,365.11,1929,-192.9,1929,192.9,20322,-194.10000000000002
229.367000,0x132,8b 8e 7a 07 42 4f,6,36491,364.91,1914,-191.4,1914,191.4,20290,-192.5
229.376900,0x132,8e 8e 89 07 66 4f,6,36494,364.94,1929,-192.9,1929,192.9,20326,-194.30000000000007
229.386900,0x132,96 8e 7a 07 45 4f,6,36502,365.02,1914,-191.4,1914,191.4,20293,-192.6500000000001
229.397200,0x132,94 8e 88 07 61 4f,6,36500,365.0,1928,-192.8,1928,192.8,20321,-194.05000000000007
229.406900,0x132,9b 8e 7a 07 40 4f,6,36507,365.07,1914,-191.4,1914,191.4,20288,-192.4000000000001
229.417100,0x132,90 8e 89 07 63 4f,6,36496,364.96,1929,-192.9,1929,192.9,20323,-194.1500000000001
229.426900,0x132,8e 8e 7b 07 43 4f,6,36494,364.94,1915,-191.5,1915,191.5,20291,-192.55000000000007
229.436900,0x132,87 8e 89 07 5f 4f,6,36487,364.87,1929,-192.9,1929,192.9,20319,-193.95000000000005
229.447200,0x132,8f 8e 7b 07 44 4f,6,36495,364.95,1915,-191.5,1915,191.5,20292,-192.60000000000002
229.457000,0x132,99 8e 89 07 5f 4f,6,36505,365.05,1929,-192.9,1929,192.9,20319,-193.95000000000005
229.467000,0x132,89 8e 7a 07 47 4f,6,36489,364.89,1914,-191.4,1914,191.4,20295,-192.75
229.476900,0x132,8e 8e 88 07 5e 4f,6,36494,364.94,1928,-192.8,1928,192.8,20318,-193.9000000000001
229.486900,0x132,8f 8e 7a 07 45 4f,6,36495,364.95,1914,-191.4,1914,191.4,20293,-192.6500000000001
229.497200,0x132,8a 8e 89 07 61 4f,6,36490,364.90000000000003,1929,-192.9,1929,192.9,20321,-194.05000000000007
229.506900,0x132,8b 8e 7a 07 40 4f,6,36491,364.91,1914,-191.4,1914,191.4,20288,-192.4000000000001
229.517200,0x132,97 8e 88 07 5d 4f,6,36503,365.03000000000003,1928,-192.8,1928,192.8,20317,-193.85000000000002
229.526900,0x132,9c 8e 79 07 43 4f,6,36508,365.08,1913,-191.3,1913,191.3,20291,-192.55000000000007
229.536900,0x132,97 8e 88 07 5e 4f,6,36503,365.03000000000003,1928,-192.8,1928,192.8,20318,-193.9000000000001
229.547000,0x132,8d 8e 79 07 3d 4f,6,36493,364.93,1913,-191.3,1913,191.3,20285,-192.25
229.557000,0x132,89 8e 88 07 5f 4f,6,36489,364.89,1928,-192.8,1928,192.8,20319,-193.95000000000005
229.567100,0x132,8c 8e 7a 07 43 4f,6,36492,364.92,1914,-191.4,1914,191.4,20291,-192.55000000000007
229.576900,0x132,8c 8e 87 07 5e 4f,6,36492,364.92,1927,-192.70000000000002,1927,192.70000000000002,20318,-193.9000000000001
229.586900,0x132,84 8e 79 07 42 4f,6,36484,364.84000000000003,1913,-191.3,1913,191.3,20290,-192.5
229.597300,0x132,99 8e 86 07 5c 4f,6,36505,365.05,1926,-192.60000000000002,1926,192.60000000000002,20316,-193.80000000000007
229.606900,0x132,90 8e 79 07 3f 4f,6,36496,364.96,1913,-191.3,1913,191.3,20287,-192.35000000000002
229.617100,0x132,8a 8e 88 07 5e 4f,6,36490,364.90000000000003,1928,-192.8,1928,192.8,20318,-193.9000000000001
229.626900,0x132,8f 8e 79 07 42 4f,6,36495,364.95,1913,-191.3,1913,191.3,20290,-192.5
229.636900,0x132,89 8e 87 07 59 4f,6,36489,364.89,1927,-192.70000000000002,1927,192.70000000000002,20313,-193.6500000000001
229.647000,0x132,90 8e 7a 07 45 4f,6,36496,364.96,1914,-191.4,1914,191.4,20293,-192.6500000000001
229.657000,0x132,8d 8e 87 07 58 4f,6,36493,364.93,1927,-192.70000000000002,1927,192.70000000000002,20312,-193.60000000000002
229.667000,0x132,86 8e 79 07 3e 4f,6,36486,364.86,1913,-191.3,1913,191.3,20286,-192.30000000000007
229.676900,0x132,8a 8e 87 07 55 4f,6,36490,364.90000000000003,1927,-192.70000000000002,1927,192.70000000000002,20309,-193.45000000000005
229.686900,0x132,88 8e 79 07 3b 4f,6,36488,364.88,1913,-191.3,1913,191.3,20283,-192.1500000000001
229.697600,0x132,8b 8e 87 07 5c 4f,6,36491,364.91,1927,-192.70000000000002,1927,192.70000000000002,20316,-193.80000000000007
229.707000,0x132,92 8e 79 07 3d 4f,6,36498,364.98,1913,-191.3,1913,191.3,20285,-192.25
229.717000,0x132,8d 8e 87 07 58 4f,6,36493,364.93,1927,-192.70000000000002,1927,192.70000000000002,20312,-193.60000000000002
229.726900,0x132,8b 8e 79 07 3e 4f,6,36491,364.91,1913,-191.3,1913,191.3,20286,-192.30000000000007
229.736900,0x132,9d 8e 87 07 5a 4f,6,36509,365.09000000000003,1927,-192.70000000000002,1927,192.70000000000002,20314,-193.70000000000005
229.747000,0x132,8d 8e 79 07 39 4f,6,36493,364.93,1913,-191.3,1913,191.3,20281,-192.05000000000007
229.757000,0x132,90 8e 87 07 55 4f,6,36496,364.96,1927,-192.70000000000002,1927,192.70000000000002,20309,-193.45000000000005
229.767200,0x132,86 8e 79 07 3a 4f,6,36486,364.86,1913,-191.3,1913,191.3,20282,-192.10000000000002
229.776900,0x132,96 8e 88 07 5a 4f,6,36502,365.02,1928,-192.8,1928,192.8,20314,-193.70000000000005
229.786900,0x132,8a 8e 78 07 39 4f,6,36490,364.90000000000003,1912,-191.20000000000002,1912,191.20000000000002,20281,-192.05000000000007
229.797200,0x132,93 8e 87 07 57 4f,6,36499,364.99,1927,-192.70000000000002,1927,192.70000000000002,20311,-193.55000000000007
229.807000,0x132,83 8e 79 07 3a 4f,6,36483,364.83,1913,-191.3,1913,191.3,20282,-192.10000000000002
229.817000,0x132,91 8e 88 07 58 4f,6,36497,364.97,1928,-192.8,1928,192.8,20312,-193.60000000000002
229.826900,0x132,87 8e 79 07 39 4f,6,36487,364.87,1913,-191.3,1913,191.3,20281,-192.05000000000007
229.836900,0x132,95 8e 87 07 58 4f,6,36501,365.01,1927,-192.70000000000002,1927,192.70000000000002,20312,-193.60000000000002
229.847000,0x132,7c 8e 7a 07 3b 4f,6,36476,364.76,1914,-191.4,1914,191.4,20283,-192.1500000000001
229.857000,0x132,8b 8e 87 07 59 4f,6,36491,364.91,1927,-192.70000000000002,1927,192.70000000000002,20313,-193.6500000000001
229.867000,0x132,88 8e 7a 07 39 4f,6,36488,364.88,1914,-191.4,1914,191.4,20281,-192.05000000000007
229.876900,0x132,96 8e 87 07 55 4f,6,36502,365.02,1927,-192.70000000000002,1927,192.70000000000002,20309,-193.45000000000005
229.886900,0x132,8e 8e 79 07 3a 4f,6,36494,364.94,1913,-191.3,1913,191.3,20282,-192.10000000000002
229.897600,0x132,91 8e 87 07 52 4f,6,36497,364.97,1927,-192.70000000000002,1927,192.70000000000002,20306,-193.30000000000007
229.906900,0x132,89 8e 79 07 39 4f,6,36489,364.89,1913,-191.3,1913,191.3,20281,-192.05000000000007
229.917200,0x132,99 8e 88 07 55 4f,6,36505,365.05,1928,-192.8,1928,192.8,20309,-193.45000000000005
229.927000,0x132,8c 8e 7a 07 3b 4f,6,36492,364.92,1914,-191.4,1914,191.4,20283,-192.1500000000001
229.936900,0x132,7f 8e 87 07 54 4f,6,36479,364.79,1927,-192.70000000000002,1927,192.70000000000002,20308,-193.4000000000001
229.947100,0x132,8f 8e 78 07 34 4f,6,36495,364.95,1912,-191.20000000000002,1912,191.20000000000002,20276,-191.80000000000007
229.957000,0x132,9b 8e 87 07 52 4f,6,36507,365.07,1927,-192.70000000000002,1927,192.70000000000002,20306,-193.30000000000007
229.967000,0x132,9c 8e 79 07 36 4f,6,36508,365.08,1913,-191.3,1913,191.3,20278,-191.9000000000001
229.976900,0x132,9e 8e 88 07 55 4f,6,36510,365.1,1928,-192.8,1928,192.8,20309,-193.45000000000005
229.987000,0x132,9d 8e 79 07 39 4f,6,36509,365.09000000000003,1913,-191.3,1913,191.3,20281,-192.05000000000007
229.997200,0x132,9f 8e 86 07 52 4f,6,36511,365.11,1926,-192.60000000000002,1926,192.60000000000002,20306,-193.30000000000007
230.006900,0x132,88 8e 79 07 34 4f,6,36488,364.88,1913,-191.3,1913,191.3,20276,-191.80000000000007
230.017100,0x132,88 8e 87 07 4f 4f,6,36488,364.88,1927,-192.70000000000002,1927,192.70000000000002,20303,-193.1500000000001
230.026900,0x132,92 8e 79 07 34 4f,6,36498,364.98,1913,-191.3,1913,191.3,20276,-191.80000000000007
230.037000,0x132,93 8e 87 07 55 4f,6,36499,364.99,1927,-192.70000000000002,1927,192.70000000000002,20309,-193.45000000000005
230.047100,0x132,8e 8e 79 07 2f 4f,6,36494,364.94,1913,-191.3,1913,191.3,20271,-191.55000000000007
230.057000,0x132,9b 8e 87 07 4e 4f,6,36507,365.07,1927,-192.70000000000002,1927,192.70000000000002,20302,-193.10000000000002
230.067100,0x132,97 8e 79 07 31 4f,6,36503,365.03000000000003,1913,-191.3,1913,191.3,20273,-191.6500000000001
230.077000,0x132,9b 8e 87 07 55 4f,6,36507,365.07,1927,-192.70000000000002,1927,192.70000000000002,20309,-193.45000000000005
230.087100,0x132,98 8e 79 07 2e 4f,6,36504,365.04,1913,-191.3,1913,191.3,20270,-191.5
230.097200,0x132,82 8e 88 07 4f 4f,6,36482,364.82,1928,-192.8,1928,192.8,20303,-193.1500000000001
230.107000,0x132,8d 8e 79 07 33 4f,6,36493,364.93,1913,-191.3,1913,191.3,20275,-191.75
230.117200,0x132,90 8e 87 07 4f 4f,6,36496,364.96,1927,-192.70000000000002,1927,192.70000000000002,20303,-193.1500000000001
230.127000,0x132,8d 8e 79 07 30 4f,6,36493,364.93,1913,-191.3,1913,191.3,20272,-191.60000000000002
230.137000,0x132,92 8e 87 07 53 4f,6,36498,364.98,1927,-192.70000000000002,1927,192.70000000000002,20307,-193.35000000000002
230.147100,0x132,91 8e 79 07 33 4f,6,36497,364.97,1913,-191.3,1913,191.3,20275,-191.75
230.157000,0x132,94 8e 86 07 4f 4f,6,36500,365.0,1926,-192.60000000000002,1926,192.60000000000002,20303,-193.1500000000001
230.167000,0x132,96 8e 79 07 31 4f,6,36502,365.02,1913,-191.3,1913,191.3,20273,-191.6500000000001
230.177000,0x132,93 8e 86 07 4d 4f,6,36499,364.99,1926,-192.60000000000002,1926,192.60000000000002,20301,-193.05000000000007
230.187000,0x132,8f 8e 79 07 34 4f,6,36495,364.95,1913,-191.3,1913,191.3,20276,-191.80000000000007
230.197500,0x132,97 8e 86 07 49 4f,6,36503,365.03000000000003,1926,-192.60000000000002,1926,192.60000000000002,20297,-192.85000000000002
230.207000,0x132,98 8e 79 07 34 4f,6,36504,365.04,1913,-191.3,1913,191.3,20276,-191.80000000000007
230.217100,0x132,96 8e 86 07 50 4f,6,36502,365.02,1926,-192.60000000000002,1926,192.60000000000002,20304,-193.20000000000005
230.227000,0x132,91 8e 79 07 34 4f,6,36497,364.97,1913,-191.3,1913,191.3,20276,-191.80000000000007
230.237000,0x132,92 8e 87 07 4d 4f,6,36498,364.98,1927,-192.70000000000002,1927,192.70000000000002,20301,-193.05000000000007
230.247100,0x132,7b 8e 7a 07 33 4f,6,36475,364.75,1914,-191.4,1914,191.4,20275,-191.75
230.257000,0x132,9b 8e 87 07 50 4f,6,36507,365.07,1927,-192.70000000000002,1927,192.70000000000002,20304,-193.20000000000005
230.267200,0x132,91 8e 79 07 30 4f,6,36497,364.97,1913,-191.3,1913,191.3,20272,-191.60000000000002
230.277000,0x132,90 8e 87 07 4b 4f,6,36496,364.96,1927,-192.70000000000002,1927,192.70000000000002,20299,-192.95000000000005
230.287000,0x132,86 8e 78 07 2f 4f,6,36486,364.86,1912,-191.20000000000002,1912,191.20000000000002,20271,-191.55000000000007
230.297600,0x132,87 8e 85 07 48 4f,6,36487,364.87,1925,-192.5,1925,192.5,20296,-192.80000000000007
230.307000,0x132,94 8e 79 07 2b 4f,6,36500,365.0,1913,-191.3,1913,191.3,20267,-191.35000000000002
230.317100,0x132,92 8e 87 07 48 4f,6,36498,364.98,1927,-192.70000000000002,1927,192.70000000000002,20296,-192.80000000000007
230.327000,0x132,8b 8e 79 07 2b 4f,6,36491,364.91,1913,-191.3,1913,191.3,20267,-191.35000000000002
230.337000,0x132,93 8e 86 07 4a 4f,6,36499,364.99,1926,-192.60000000000002,1926,192.60000000000002,20298,-192.9000000000001
230.347100,0x132,97 8e 78 07 29 4f,6,36503,365.03000000000003,1912,-191.20000000000002,1912,191.20000000000002,20265,-191.25
230.357000,0x132,9d 8e 87 07 4e 4f,6,36509,365.09000000000003,1927,-192.70000000000002,1927,192.70000000000002,20302,-193.10000000000002
230.367000,0x132,8b 8e 78 07 2a 4f,6,36491,364.91,1912,-191.20000000000002,1912,191.20000000000002,20266,-191.30000000000007
230.377000,0x132,8c 8e 88 07 4b 4f,6,36492,364.92,1928,-192.8,1928,192.8,20299,-192.95000000000005
230.387000,0x132,8b 8e 78 07 29 4f,6,36491,364.91,1912,-191.20000000000002,1912,191.20000000000002,20265,-191.25
230.397200,0x132,8b 8e 86 07 4a 4f,6,36491,364.91,1926,-192.60000000000002,1926,192.60000000000002,20298,-192.9000000000001
230.407000,0x132,87 8e 78 07 2a 4f,6,36487,364.87,1912,-191.20000000000002,1912,191.20000000000002,20266,-191.30000000000007
230.417100,0x132,93 8e 86 07 49 4f,6,36499,364.99,1926,-192.60000000000002,1926,192.60000000000002,20297,-192.85000000000002
230.427000,0x132,8b 8e 79 07 2a 4f,6,36491,364.91,1913,-191.3,1913,191.3,20266,-191.30000000000007
230.437000,0x132,90 8e 86 07 44 4f,6,36496,364.96,1926,-192.60000000000002,1926,192.60000000000002,20292,-192.60000000000002
230.447100,0x132,8e 8e 79 07 2b 4f,6,36494,364.94,1913,-191.3,1913,191.3,20267,-191.35000000000002
230.457000,0x132,8f 8e 87 07 46 4f,6,36495,364.95,1927,-192.70000000000002,1927,192.70000000000002,20294,-192.70000000000005
230.467200,0x132,85 8e 78 07 29 4f,6,36485,364.85,1912,-191.20000000000002,1912,191.20000000000002,20265,-191.25
230.477000,0x132,a3 8e 86 07 45 4f,6,36515,365.15000000000003,1926,-192.60000000000002,1926,192.60000000000002,20293,-192.6500000000001
230.487000,0x132,84 8e 78 07 29 4f,6,36484,364.84000000000003,1912,-191.20000000000002,1912,191.20000000000002,20265,-191.25
230.497500,0x132,97 8e 86 07 44 4f,6,36503,365.03000000000003,1926,-192.60000000000002,1926,192.60000000000002,20292,-192.60000000000002
230.507000,0x132,84 8e 79 07 29 4f,6,36484,364.84000000000003,1913,-191.3,1913,191.3,20265,-191.25
230.517200,0x132,97 8e 87 07 48 4f,6,36503,365.03000000000003,1927,-192.70000000000002,1927,192.70000000000002,20296,-192.80000000000007
230.527000,0x132,92 8e 78 07 25 4f,6,36498,364.98,1912,-191.20000000000002,1912,191.20000000000002,20261,-191.05000000000007
230.537000,0x132,92 8e 86 07 40 4f,6,36498,364.98,1926,-192.60000000000002,1926,192.60000000000002,20288,-192.4000000000001
230.547100,0x132,92 8e 78 07 24 4f,6,36498,364.98,1912,-191.20000000000002,1912,191.20000000000002,20260,-191.0
230.557200,0x132,9e 8e 86 07 42 4f,6,36510,365.1,1926,-192.60000000000002,1926,192.60000000000002,20290,-192.5
230.567000,0x132,83 8e 78 07 25 4f,6,36483,364.83,1912,-191.20000000000002,1912,191.20000000000002,20261,-191.05000000000007
230.577000,0x132,94 8e 86 07 48 4f,6,36500,365.0,1926,-192.60000000000002,1926,192.60000000000002,20296,-192.80000000000007
230.587000,0x132,8d 8e 79 07 25 4f,6,36493,364.93,1913,-191.3,1913,191.3,20261,-191.05000000000007
230.597200,0x132,95 8e 86 07 45 4f,6,36501,365.01,1926,-192.60000000000002,1926,192.60000000000002,20293,-192.6500000000001
230.607000,0x132,86 8e 79 07 24 4f,6,36486,364.86,1913,-191.3,1913,191.3,20260,-191.0
230.617200,0x132,86 8e 87 07 42 4f,6,36486,364.86,1927,-192.70000000000002,1927,192.70000000000002,20290,-192.5
230.627000,0x132,8c 8e 79 07 29 4f,6,36492,364.92,1913,-191.3,1913,191.3,20265,-191.25
230.637000,0x132,9a 8e 88 07 45 4f,6,36506,365.06,1928,-192.8,1928,192.8,20293,-192.6500000000001
230.647100,0x132,93 8e 7a 07 27 4f,6,36499,364.99,1914,-191.4,1914,191.4,20263,-191.1500000000001
230.657000,0x132,a2 8e 87 07 46 4f,6,36514,365.14,1927,-192.70000000000002,1927,192.70000000000002,20294,-192.70000000000005
230.667000,0x132,88 8e 79 07 21 4f,6,36488,364.88,1913,-191.3,1913,191.3,20257,-190.85000000000002
230.677000,0x132,97 8e 88 07 46 4f,6,36503,365.03000000000003,1928,-192.8,1928,192.8,20294,-192.70000000000005
230.687000,0x132,95 8e 79 07 1d 4f,6,36501,365.01,1913,-191.3,1913,191.3,20253,-190.6500000000001
230.697600,0x132,9f 8e 87 07 44 4f,6,36511,365.11,1927,-192.70000000000002,1927,192.70000000000002,20292,-192.60000000000002
230.707000,0x132,8d 8e 79 07 24 4f,6,36493,364.93,1913,-191.3,1913,191.3,20260,-191.0
230.717200,0x132,9e 8e 88 07 44 4f,6,36510,365.1,1928,-192.8,1928,192.8,20292,-192.60000000000002
230.727000,0x132,91 8e 7a 07 24 4f,6,36497,364.97,1914,-191.4,1914,191.4,20260,-191.0
230.737000,0x132,9b 8e 86 07 3f 4f,6,36507,365.07,1926,-192.60000000000002,1926,192.60000000000002,20287,-192.35000000000002
230.747100,0x132,88 8e 79 07 22 4f,6,36488,364.88,1913,-191.3,1913,191.3,20258,-190.9000000000001
230.757000,0x132,9b 8e 87 07 40 4f,6,36507,365.07,1927,-192.70000000000002,1927,192.70000000000002,20288,-192.4000000000001
230.767100,0x132,86 8e 79 07 26 4f,6,36486,364.86,1913,-191.3,1913,191.3,20262,-191.10000000000002
230.777000,0x132,8b 8e 87 07 3a 4f,6,36491,364.91,1927,-192.70000000000002,1927,192.70000000000002,20282,-192.10000000000002
230.787000,0x132,85 8e 79 07 20 4f,6,36485,364.85,1913,-191.3,1913,191.3,20256,-190.80000000000007
230.797600,0x132,90 8e 86 07 3e 4f,6,36496,364.96,1926,-192.60000000000002,1926,192.60000000000002,20286,-192.30000000000007
230.807000,0x132,8d 8e 79 07 21 4f,6,36493,364.93,1913,-191.3,1913,191.3,20257,-190.85000000000002
230.817100,0x132,8a 8e 86 07 3e 4f,6,36490,364.90000000000003,1926,-192.60000000000002,1926,192.60000000000002,20286,-192.30000000000007
230.827000,0x132,8e 8e 7a 07 25 4f,6,36494,364.94,1914,-191.4,1914,191.4,20261,-191.05000000000007
230.837000,0x132,9c 8e 86 07 3a 4f,6,36508,365.08,1926,-192.60000000000002,1926,192.60000000000002,20282,-192.10000000000002
230.847100,0x132,93 8e 79 07 21 4f,6,36499,364.99,1913,-191.3,1913,191.3,20257,-190.85000000000002
230.857000,0x132,8e 8e 86 07 3b 4f,6,36494,364.94,1926,-192.60000000000002,1926,192.60000000000002,20283,-192.1500000000001
230.867000,0x132,86 8e 78 07 1f 4f,6,36486,364.86,1912,-191.20000000000002,1912,191.20000000000002,20255,-190.75
230.877000,0x132,93 8e 87 07 39 4f,6,36499,364.99,1927,-192.70000000000002,1927,192.70000000000002,20281,-192.05000000000007
230.887000,0x132,93 8e 79 07 22 4f,6,36499,364.99,1913,-191.3,1913,191.3,20258,-190.9000000000001
230.897600,0x132,98 8e 87 07 3e 4f,6,36504,365.04,1927,-192.70000000000002,1927,192.70000000000002,20286,-192.30000000000007
230.907000,0x132,94 8e 79 07 20 4f,6,36500,365.0,1913,-191.3,1913,191.3,20256,-190.80000000000007
230.917500,0x132,91 8e 87 07 3d 4f,6,36497,364.97,1927,-192.70000000000002,1927,192.70000000000002,20285,-192.25
230.927000,0x132,82 8e 78 07 1b 4f,6,36482,364.82,1912,-191.20000000000002,1912,191.20000000000002,20251,-190.55000000000007
230.937000,0x132,93 8e 87 07 3a 4f,6,36499,364.99,1927,-192.70000000000002,1927,192.70000000000002,20282,-192.10000000000002
230.947000,0x132,96 8e 7a 07 1b 4f,6,36502,365.02,1914,-191.4,1914,191.4,20251,-190.55000000000007
230.957000,0x132,97 8e 87 07 3a 4f,6,36503,365.03000000000003,1927,-192.70000000000002,1927,192.70000000000002,20282,-192.10000000000002
230.967000,0x132,81 8e 79 07 1f 4f,6,36481,364.81,1913,-191.3,1913,191.3,20255,-190.75
230.977000,0x132,8c 8e 86 07 3b 4f,6,36492,364.92,1926,-192.60000000000002,1926,192.60000000000002,20283,-192.1500000000001
230.987000,0x132,8c 8e 7a 07 20 4f,6,36492,364.92,1914,-191.4,1914,191.4,20256,-190.80000000000007
230.997500,0x132,9c 8e 87 07 39 4f,6,36508,365.08,1927,-192.70000000000002,1927,192.70000000000002,20281,-192.05000000000007
231.007000,0x132,88 8e 79 07 1a 4f,6,36488,364.88,1913,-191.3,1913,191.3,20250,-190.5
231.017100,0x132,89 8e 86 07 3a 4f,6,36489,364.89,1926,-192.60000000000002,1926,192.60000000000002,20282,-192.10000000000002
231.027000,0x132,89 8e 7a 07 1c 4f,6,36489,364.89,1914,-191.4,1914,191.4,20252,-190.60000000000002
231.037000,0x132,97 8e 87 07 3e 4f,6,36503,365.03000000000003,1927,-192.70000000000002,1927,192.70000000000002,20286,-192.30000000000007
231.047100,0x132,91 8e 7a 07 1c 4f,6,36497,364.97,1914,-191.4,1914,191.4,20252,-190.60000000000002
231.057000,0x132,90 8e 86 07 3a 4f,6,36496,364.96,1926,-192.60000000000002,1926,192.60000000000002,20282,-192.10000000000002
231.067000,0x132,95 8e 7a 07 1d 4f,6,36501,365.01,1914,-191.4,1914,191.4,20253,-190.6500000000001
231.077000,0x132,8f 8e 86 07 3a 4f,6,36495,364.95,1926,-192.60000000000002,1926,192.60000000000002,20282,-192.10000000000002
231.087100,0x132,85 8e 79 07 1b 4f,6,36485,364.85,1913,-191.3,1913,191.3,20251,-190.55000000000007
231.097600,0x132,9b 8e 86 07 3d 4f,6,36507,365.07,1926,-192.60000000000002,1926,192.60000000000002,20285,-192.25
231.107000,0x132,94 8e 79 07 1d 4f,6,36500,365.0,1913,-191.3,1913,191.3,20253,-190.6500000000001
231.117100,0x132,83 8e 87 07 34 4f,6,36483,364.83,1927,-192.70000000000002,1927,192.70000000000002,20276,-191.80000000000007
231.127000,0x132,91 8e 79 07 15 4f,6,36497,364.97,1913,-191.3,1913,191.3,20245,-190.25
231.137000,0x132,91 8e 86 07 38 4f,6,36497,364.97,1926,-192.60000000000002,1926,192.60000000000002,20280,-192.0
231.147100,0x132,8d 8e 7a 07 17 4f,6,36493,364.93,1914,-191.4,1914,191.4,20247,-190.35000000000002
231.157000,0x132,8c 8e 87 07 38 4f,6,36492,364.92,1927,-192.70000000000002,1927,192.70000000000002,20280,-192.0
231.167000,0x132,94 8e 7a 07 1c 4f,6,36500,365.0,1914,-191.4,1914,191.4,20252,-190.60000000000002
231.177000,0x132,89 8e 86 07 36 4f,6,36489,364.89,1926,-192.60000000000002,1926,192.60000000000002,20278,-191.9000000000001
231.187000,0x132,8c 8e 79 07 1a 4f,6,36492,364.92,1913,-191.3,1913,191.3,20250,-190.5
231.197400,0x132,82 8e 86 07 38 4f,6,36482,364.82,1926,-192.60000000000002,1926,192.60000000000002,20280,-192.0
231.207000,0x132,88 8e 79 07 18 4f,6,36488,364.88,1913,-191.3,1913,191.3,20248,-190.4000000000001
231.217200,0x132,9c 8e 87 07 34 4f,6,36508,365.08,1927,-192.70000000000002,1927,192.70000000000002,20276,-191.80000000000007
231.227000,0x132,87 8e 7a 07 17 4f,6,36487,364.87,1914,-191.4,1914,191.4,20247,-190.35000000000002
231.237000,0x132,a2 8e 86 07 35 4f,6,36514,365.14,1926,-192.60000000000002,1926,192.60000000000002,20277,-191.85000000000002
231.247100,0x132,87 8e 79 07 18 4f,6,36487,364.87,1913,-191.3,1913,191.3,20248,-190.4000000000001
231.257000,0x132,97 8e 86 07 31 4f,6,36503,365.03000000000003,1926,-192.60000000000002,1926,192.60000000000002,20273,-191.6500000000001
231.267000,0x132,8e 8e 7b 07 1a 4f,6,36494,364.94,1915,-191.5,1915,191.5,20250,-190.5
231.277000,0x132,91 8e 86 07 38 4f,6,36497,364.97,1926,-192.60000000000002,1926,192.60000000000002,20280,-192.0
231.287000,0x132,99 8e 79 07 1a 4f,6,36505,365.05,1913,-191.3,1913,191.3,20250,-190.5
231.297200,0x132,99 8e 88 07 36 4f,6,36505,365.05,1928,-192.8,1928,192.8,20278,-191.9000000000001
231.307000,0x132,91 8e 79 07 15 4f,6,36497,364.97,1913,-191.3,1913,191.3,20245,-190.25
231.317100,0x132,90 8e 87 07 35 4f,6,36496,364.96,1927,-192.70000000000002,1927,192.70000000000002,20277,-191.85000000000002
231.327000,0x132,8b 8e 7a 07 1a 4f,6,36491,364.91,1914,-191.4,1914,191.4,20250,-190.5
231.337000,0x132,8e 8e 87 07 35 4f,6,36494,364.94,1927,-192.70000000000002,1927,192.70000000000002,20277,-191.85000000000002
231.347200,0x132,8e 8e 7a 07 1a 4f,6,36494,364.94,1914,-191.4,1914,191.4,20250,-190.5
231.357000,0x132,98 8e 87 07 35 4f,6,36504,365.04,1927,-192.70000000000002,1927,192.70000000000002,20277,-191.85000000000002
231.367000,0x132,94 8e 7a 07 18 4f,6,36500,365.0,1914,-191.4,1914,191.4,20248,-190.4000000000001
231.377000,0x132,9d 8e 87 07 31 4f,6,36509,365.09000000000003,1927,-192.70000000000002,1927,192.70000000000002,20273,-191.6500000000001
231.387200,0x132,99 8e 7a 07 15 4f,6,36505,365.05,1914,-191.4,1914,191.4,20245,-190.25
231.397600,0x132,97 8e 86 07 33 4f,6,36503,365.03000000000003,1926,-192.60000000000002,1926,192.60000000000002,20275,-191.75
231.407000,0x132,90 8e 7a 07 17 4f,6,36496,364.96,1914,-191.4,1914,191.4,20247,-190.35000000000002
231.417200,0x132,94 8e 87 07 2f 4f,6,36500,365.0,1927,-192.70000000000002,1927,192.70000000000002,20271,-191.55000000000007
231.427000,0x132,8a 8e 7a 07 18 4f,6,36490,364.90000000000003,1914,-191.4,1914,191.4,20248,-190.4000000000001
231.437000,0x132,8a 8e 86 07 2f 4f,6,36490,364.90000000000003,1926,-192.60000000000002,1926,192.60000000000002,20271,-191.55000000000007
231.447200,0x132,8c 8e 7b 07 18 4f,6,36492,364.92,1915,-191.5,1915,191.5,20248,-190.4000000000001
231.457000,0x132,8d 8e 86 07 30 4f,6,36493,364.93,1926,-192.60000000000002,1926,192.60000000000002,20272,-191.60000000000002
231.467000,0x132,88 8e 7b 07 18 4f,6,36488,364.88,1915,-191.5,1915,191.5,20248,-190.4000000000001
231.477000,0x132,97 8e 87 07 30 4f,6,36503,365.03000000000003,1927,-192.70000000000002,1927,192.70000000000002,20272,-191.60000000000002
231.487000,0x132,84 8e 7a 07 16 4f,6,36484,364.84000000000003,1914,-191.4,1914,191.4,20246,-190.30000000000007
231.497400,0x132,95 8e 87 07 34 4f,6,36501,365.01,1927,-192.70000000000002,1927,192.70000000000002,20276,-191.80000000000007
231.507000,0x132,7e 8e 7b 07 1b 4f,6,36478,364.78000000000003,1915,-191.5,1915,191.5,20251,-190.55000000000007
231.517100,0x132,8c 8e 87 07 34 4f,6,36492,364.92,1927,-192.70000000000002,1927,192.70000000000002,20276,-191.80000000000007
231.527000,0x132,87 8e 7b 07 15 4f,6,36487,364.87,1915,-191.5,1915,191.5,20245,-190.25
231.537000,0x132,95 8e 88 07 36 4f,6,36501,365.01,1928,-192.8,1928,192.8,20278,-191.9000000000001
231.547200,0x132,86 8e 7b 07 13 4f,6,36486,364.86,1915,-191.5,1915,191.5,20243,-190.1500000000001
231.557100,0x132,91 8e 87 07 34 4f,6,36497,364.97,1927,-192.70000000000002,1927,192.70000000000002,20276,-191.80000000000007
231.567000,0x132,84 8e 7c 07 18 4f,6,36484,364.84000000000003,1916,-191.60000000000002,1916,191.60000000000002,20248,-190.4000000000001
231.577000,0x132,94 8e 88 07 34 4f,6,36500,365.0,1928,-192.8,1928,192.8,20276,-191.80000000000007
231.587000,0x132,8c 8e 7a 07 16 4f,6,36492,364.92,1914,-191.4,1914,191.4,20246,-190.30000000000007
231.597400,0x132,8c 8e 87 07 36 4f,6,36492,364.92,1927,-192.70000000000002,1927,192.70000000000002,20278,-191.9000000000001
231.607000,0x132,85 8e 7b 07 18 4f,6,36485,364.85,1915,-191.5,1915,191.5,20248,-190.4000000000001
231.617200,0x132,92 8e 88 07 31 4f,6,36498,364.98,1928,-192.8,1928,192.8,20273,-191.6500000000001
231.627000,0x132,85 8e 7a 07 12 4f,6,36485,364.85,1914,-191.4,1914,191.4,20242,-190.10000000000002
231.637000,0x132,80 8e 88 07 31 4f,6,36480,364.8,1928,-192.8,1928,192.8,20273,-191.6500000000001
231.647400,0x132,8c 8e 7b 07 16 4f,6,36492,364.92,1915,-191.5,1915,191.5,20246,-190.30000000000007
231.657000,0x132,8b 8e 88 07 34 4f,6,36491,364.91,1928,-192.8,1928,192.8,20276,-191.80000000000007
231.667000,0x132,89 8e 7a 07 13 4f,6,36489,364.89,1914,-191.4,1914,191.4,20243,-190.1500000000001
231.677000,0x132,9d 8e 86 07 31 4f,6,36509,365.09000000000003,1926,-192.60000000000002,1926,192.60000000000002,20273,-191.6500000000001
231.687400,0x132,8e 8e 7b 07 1a 4f,6,36494,364.94,1915,-191.5,1915,191.5,20250,-190.5
231.697600,0x132,8c 8e 87 07 35 4f,6,36492,364.92,1927,-192.70000000000002,1927,192.70000000000002,20277,-191.85000000000002
231.707000,0x132,8e 8e 7b 07 18 4f,6,36494,364.94,1915,-191.5,1915,191.5,20248,-190.4000000000001
231.717400,0x132,98 8e 87 07 35 4f,6,36504,365.04,1927,-192.70000000000002,1927,192.70000000000002,20277,-191.85000000000002
231.727000,0x132,7e 8e 7b 07 1b 4f,6,36478,364.78000000000003,1915,-191.5,1915,191.5,20251,-190.55000000000007
231.737000,0x132,8e 8e 87 07 29 4f,6,36494,364.94,1927,-192.70000000000002,1927,192.70000000000002,20265,-191.25
231.747400,0x132,82 8e 7b 07 17 4f,6,36482,364.82,1915,-191.5,1915,191.5,20247,-190.35000000000002
231.757000,0x132,91 8e 87 07 30 4f,6,36497,364.97,1927,-192.70000000000002,1927,192.70000000000002,20272,-191.60000000000002
231.767000,0x132,8d 8e 7a 07 10 4f,6,36493,364.93,1914,-191.4,1914,191.4,20240,-190.0
231.777000,0x132,92 8e 87 07 2f 4f,6,36498,364.98,1927,-192.70000000000002,1927,192.70000000000002,20271,-191.55000000000007
231.787000,0x132,91 8e 7b 07 15 4f,6,36497,364.97,1915,-191.5,1915,191.5,20245,-190.25
231.797400,0x132,8f 8e 86 07 30 4f,6,36495,364.95,1926,-192.60000000000002,1926,192.60000000000002,20272,-191.60000000000002
231.807000,0x132,82 8e 7a 07 16 4f,6,36482,364.82,1914,-191.4,1914,191.4,20246,-190.30000000000007
231.817100,0x132,88 8e 86 07 2c 4f,6,36488,364.88,1926,-192.60000000000002,1926,192.60000000000002,20268,-191.4000000000001
231.827000,0x132,84 8e 7b 07 15 4f,6,36484,364.84000000000003,1915,-191.5,1915,191.5,20245,-190.25
231.837000,0x132,91 8e 87 07 2f 4f,6,36497,364.97,1927,-192.70000000000002,1927,192.70000000000002,20271,-191.55000000000007
231.847400,0x132,8f 8e 7b 07 18 4f,6,36495,364.95,1915,-191.5,1915,191.5,20248,-190.4000000000001
231.857000,0x132,92 8e 87 07 2f 4f,6,36498,364.98,1927,-192.70000000000002,1927,192.70000000000002,20271,-191.55000000000007
231.867000,0x132,90 8e 7c 07 1a 4f,6,36496,364.96,1916,-191.60000000000002,1916,191.60000000000002,20250,-190.5
231.877000,0x132,8b 8e 87 07 31 4f,6,36491,364.91,1927,-192.70000000000002,1927,192.70000000000002,20273,-191.6500000000001
231.887000,0x132,87 8e 7a 07 12 4f,6,36487,364.87,1914,-191.4,1914,191.4,20242,-190.10000000000002
231.897500,0x132,92 8e 87 07 2f 4f,6,36498,364.98,1927,-192.70000000000002,1927,192.70000000000002,20271,-191.55000000000007
231.907000,0x132,83 8e 7b 07 12 4f,6,36483,364.83,1915,-191.5,1915,191.5,20242,-190.10000000000002
231.917400,0x132,8e 8e 87 07 2c 4f,6,36494,364.94,1927,-192.70000000000002,1927,192.70000000000002,20268,-191.4000000000001
231.927000,0x132,8e 8e 7a 07 0e 4f,6,36494,364.94,1914,-191.4,1914,191.4,20238,-189.9000000000001
231.937000,0x132,9e 8e 87 07 31 4f,6,36510,365.1,1927,-192.70000000000002,1927,192.70000000000002,20273,-191.6500000000001
231.947400,0x132,95 8e 7b 07 15 4f,6,36501,365.01,1915,-191.5,1915,191.5,20245,-190.25
231.957000,0x132,95 8e 87 07 2f 4f,6,36501,365.01,1927,-192.70000000000002,1927,192.70000000000002,20271,-191.55000000000007
231.967000,0x132,99 8e 7b 07 13 4f,6,36505,365.05,1915,-191.5,1915,191.5,20243,-190.1500000000001
231.977000,0x132,8a 8e 87 07 2f 4f,6,36490,364.90000000000003,1927,-192.70000000000002,1927,192.70000000000002,20271,-191.55000000000007
231.987000,0x132,88 8e 7b 07 13 4f,6,36488,364.88,1915,-191.5,1915,191.5,20243,-190.1500000000001
231.997400,0x132,92 8e 87 07 31 4f,6,36498,364.98,1927,-192.70000000000002,1927,192.70000000000002,20273,-191.6500000000001
232.007000,0x132,83 8e 7c 07 15 4f,6,36483,364.83,1916,-191.60000000000002,1916,191.60000000000002,20245,-190.25
232.017400,0x132,99 8e 88 07 30 4f,6,36505,365.05,1928,-192.8,1928,192.8,20272,-191.60000000000002
232.027000,0x132,9b 8e 7b 07 15 4f,6,36507,365.07,1915,-191.5,1915,191.5,20245,-190.25
232.037000,0x132,99 8e 87 07 31 4f,6,36505,365.05,1927,-192.70000000000002,1927,192.70000000000002,20273,-191.6500000000001
232.047400,0x132,97 8e 7c 07 1a 4f,6,36503,365.03000000000003,1916,-191.60000000000002,1916,191.60000000000002,20250,-190.5
232.057000,0x132,91 8e 88 07 33 4f,6,36497,364.97,1928,-192.8,1928,192.8,20275,-191.75
232.067000,0x132,8f 8e 7c 07 17 4f,6,36495,364.95,1916,-191.60000000000002,1916,191.60000000000002,20247,-190.35000000000002
232.077000,0x132,8c 8e 87 07 2f 4f,6,36492,364.92,1927,-192.70000000000002,1927,192.70000000000002,20271,-191.55000000000007
232.087500,0x132,94 8e 7b 07 10 4f,6,36500,365.0,1915,-191.5,1915,191.5,20240,-190.0
232.097400,0x132,8e 8e 87 07 2f 4f,6,36494,364.94,1927,-192.70000000000002,1927,192.70000000000002,20271,-191.55000000000007
232.107000,0x132,85 8e 7c 07 13 4f,6,36485,364.85,1916,-191.60000000000002,1916,191.60000000000002,20243,-190.1500000000001
232.117500,0x132,95 8e 88 07 31 4f,6,36501,365.01,1928,-192.8,1928,192.8,20273,-191.6500000000001
232.127000,0x132,80 8e 7c 07 15 4f,6,36480,364.8,1916,-191.60000000000002,1916,191.60000000000002,20245,-190.25
232.137000,0x132,8e 8e 88 07 2e 4f,6,36494,364.94,1928,-192.8,1928,192.8,20270,-191.5
232.147500,0x132,99 8e 7c 07 18 4f,6,36505,365.05,1916,-191.60000000000002,1916,191.60000000000002,20248,-190.4000000000001
232.157000,0x132,8d 8e 88 07 33 4f,6,36493,364.93,1928,-192.8,1928,192.8,20275,-191.75
232.167000,0x132,83 8e 7c 07 18 4f,6,36483,364.83,1916,-191.60000000000002,1916,191.60000000000002,20248,-190.4000000000001
232.177000,0x132,8f 8e 88 07 35 4f,6,36495,364.95,1928,-192.8,1928,192.8,20277,-191.85000000000002
232.187000,0x132,85 8e 7b 07 13 4f,6,36485,364.85,1915,-191.5,1915,191.5,20243,-190.1500000000001
232.197400,0x132,99 8e 88 07 31 4f,6,36505,365.05,1928,-192.8,1928,192.8,20273,-191.6500000000001
232.207000,0x132,89 8e 7c 07 12 4f,6,36489,364.89,1916,-191.60000000000002,1916,191.60000000000002,20242,-190.10000000000002
232.217400,0x132,8c 8e 88 07 31 4f,6,36492,364.92,1928,-192.8,1928,192.8,20273,-191.6500000000001
232.227000,0x132,8e 8e 7c 07 16 4f,6,36494,364.94,1916,-191.60000000000002,1916,191.60000000000002,20246,-190.30000000000007
232.237000,0x132,9f 8e 88 07 31 4f,6,36511,365.11,1928,-192.8,1928,192.8,20273,-191.6500000000001
232.247500,0x132,8b 8e 7d 07 15 4f,6,36491,364.91,1917,-191.70000000000002,1917,191.70000000000002,20245,-190.25
232.257000,0x132,9b 8e 89 07 33 4f,6,36507,365.07,1929,-192.9,1929,192.9,20275,-191.75
232.267100,0x132,89 8e 7c 07 1a 4f,6,36489,364.89,1916,-191.60000000000002,1916,191.60000000000002,20250,-190.5
232.277000,0x132,8d 8e 88 07 33 4f,6,36493,364.93,1928,-192.8,1928,192.8,20275,-191.75
232.287000,0x132,82 8e 7b 07 0e 4f,6,36482,364.82,1915,-191.5,1915,191.5,20238,-189.9000000000001
232.297400,0x132,94 8e 87 07 30 4f,6,36500,365.0,1927,-192.70000000000002,1927,192.70000000000002,20272,-191.60000000000002
232.307000,0x132,8a 8e 7c 07 15 4f,6,36490,364.90000000000003,1916,-191.60000000000002,1916,191.60000000000002,20245,-190.25
232.317400,0x132,97 8e 87 07 34 4f,6,36503,365.03000000000003,1927,-192.70000000000002,1927,192.70000000000002,20276,-191.80000000000007
232.327000,0x132,8c 8e 7b 07 15 4f,6,36492,364.92,1915,-191.5,1915,191.5,20245,-190.25
232.337000,0x132,99 8e 88 07 33 4f,6,36505,365.05,1928,-192.8,1928,192.8,20275,-191.75
232.347500,0x132,81 8e 7c 07 13 4f,6,36481,364.81,1916,-191.60000000000002,1916,191.60000000000002,20243,-190.1500000000001
232.357000,0x132,92 8e 87 07 31 4f,6,36498,364.98,1927,-192.70000000000002,1927,192.70000000000002,20273,-191.6500000000001
232.367000,0x132,8c 8e 7c 07 13 4f,6,36492,364.92,1916,-191.60000000000002,1916,191.60000000000002,20243,-190.1500000000001
232.377000,0x132,90 8e 87 07 31 4f,6,36496,364.96,1927,-192.70000000000002,1927,192.70000000000002,20273,-191.6500000000001
232.387000,0x132,7f 8e 7c 07 17 4f,6,36479,364.79,1916,-191.60000000000002,1916,191.60000000000002,20247,-190.35000000000002
232.397400,0x132,84 8e 87 07 34 4f,6,36484,364.84000000000003,1927,-192.70000000000002,1927,192.70000000000002,20276,-191.80000000000007
232.407000,0x132,7f 8e 7c 07 13 4f,6,36479,364.79,1916,-191.60000000000002,1916,191.60000000000002,20243,-190.1500000000001
232.417100,0x132,8c 8e 87 07 31 4f,6,36492,364.92,1927,-192.70000000000002,1927,192.70000000000002,20273,-191.6500000000001
232.427000,0x132,86 8e 7d 07 1b 4f,6,36486,364.86,1917,-191.70000000000002,1917,191.70000000000002,20251,-190.55000000000007
232.437000,0x132,87 8e 88 07 34 4f,6,36487,364.87,1928,-192.8,1928,192.8,20276,-191.80000000000007
232.447100,0x132,88 8e 7c 07 16 4f,6,36488,364.88,1916,-191.60000000000002,1916,191.60000000000002,20246,-190.30000000000007
232.457000,0x132,9d 8e 86 07 30 4f,6,36509,365.09000000000003,1926,-192.60000000000002,1926,192.60000000000002,20272,-191.60000000000002
232.467000,0x132,7f 8e 82 07 3a 4f,6,36479,364.79,1922,-192.20000000000002,1922,192.20000000000002,20282,-192.10000000000002
232.477000,0x132,94 8e 8a 07 64 4f,6,36500,365.0,1930,-193.0,1930,193.0,20324,-194.20000000000005
232.487000,0x132,83 8e 7b 07 3a 4f,6,36483,364.83,1915,-191.5,1915,191.5,20282,-192.10000000000002
232.497400,0x132,93 8e 87 07 6b 4f,6,36499,364.99,1927,-192.70000000000002,1927,192.70000000000002,20331,-194.55000000000007
232.507000,0x132,85 8e 7d 07 34 4f,6,36485,364.85,1917,-191.70000000000002,1917,191.70000000000002,20276,-191.80000000000007
232.517400,0x132,95 8e 87 07 69 4f,6,36501,365.01,1927,-192.70000000000002,1927,192.70000000000002,20329,-194.45000000000005
232.527000,0x132,89 8e 7e 07 35 4f,6,36489,364.89,1918,-191.8,1918,191.8,20277,-191.85000000000002
232.537000,0x132,86 8e 87 07 66 4f,6,36486,364.86,1927,-192.70000000000002,1927,192.70000000000002,20326,-194.30000000000007
232.547500,0x132,8b 8e 7e 07 34 4f,6,36491,364.91,1918,-191.8,1918,191.8,20276,-191.80000000000007
232.557100,0x132,8d 8e 89 07 6c 4f,6,36493,364.93,1929,-192.9,1929,192.9,20332,-194.60000000000002
232.567100,0x132,94 8e 80 07 3a 4f,6,36500,365.0,1920,-192.0,1920,192.0,20282,-192.10000000000002
232.577000,0x132,95 8e 87 07 69 4f,6,36501,365.01,1927,-192.70000000000002,1927,192.70000000000002,20329,-194.45000000000005
232.587000,0x132,89 8e 7a 07 39 4f,6,36489,364.89,1914,-191.4,1914,191.4,20281,-192.05000000000007
232.597500,0x132,8c 8e 87 07 6c 4f,6,36492,364.92,1927,-192.70000000000002,1927,192.70000000000002,20332,-194.60000000000002
232.607000,0x132,86 8e 7e 07 3a 4f,6,36486,364.86,1918,-191.8,1918,191.8,20282,-192.10000000000002
232.617400,0x132,98 8e 86 07 66 4f,6,36504,365.04,1926,-192.60000000000002,1926,192.60000000000002,20326,-194.30000000000007
232.627000,0x132,8d 8e 7d 07 3b 4f,6,36493,364.93,1917,-191.70000000000002,1917,191.70000000000002,20283,-192.1500000000001
232.637000,0x132,95 8e 86 07 63 4f,6,36501,365.01,1926,-192.60000000000002,1926,192.60000000000002,20323,-194.1500000000001
232.647500,0x132,8c 8e 7e 07 3b 4f,6,36492,364.92,1918,-191.8,1918,191.8,20283,-192.1500000000001
232.657100,0x132,9f 8e 89 07 69 4f,6,36511,365.11,1929,-192.9,1929,192.9,20329,-194.45000000000005
232.667000,0x132,98 8e 7f 07 40 4f,6,36504,365.04,1919,-191.9,1919,191.9,20288,-192.4000000000001
232.677000,0x132,97 8e 86 07 67 4f,6,36503,365.03000000000003,1926,-192.60000000000002,1926,192.60000000000002,20327,-194.35000000000002
232.687000,0x132,8a 8e 7d 07 39 4f,6,36490,364.90000000000003,1917,-191.70000000000002,1917,191.70000000000002,20281,-192.05000000000007
232.697500,0x132,93 8e 85 07 69 4f,6,36499,364.99,1925,-192.5,1925,192.5,20329,-194.45000000000005
232.707000,0x132,95 8e 7d 07 39 4f,6,36501,365.01,1917,-191.70000000000002,1917,191.70000000000002,20281,-192.05000000000007
232.717400,0x132,88 8e 86 07 6c 4f,6,36488,364.88,1926,-192.60000000000002,1926,192.60000000000002,20332,-194.60000000000002
232.727000,0x132,86 8e 7d 07 3d 4f,6,36486,364.86,1917,-191.70000000000002,1917,191.70000000000002,20285,-192.25
232.737000,0x132,97 8e 86 07 66 4f,6,36503,365.03000000000003,1926,-192.60000000000002,1926,192.60000000000002,20326,-194.30000000000007
232.747500,0x132,9a 8e 7e 07 3d 4f,6,36506,365.06,1918,-191.8,1918,191.8,20285,-192.25
232.757000,0x132,91 8e 89 07 67 4f,6,36497,364.97,1929,-192.9,1929,192.9,20327,-194.35000000000002
232.767000,0x132,9a 8e 7c 07 3b 4f,6,36506,365.06,1916,-191.60000000000002,1916,191.60000000000002,20283,-192.1500000000001
232.777000,0x132,92 8e 87 07 6c 4f,6,36498,364.98,1927,-192.70000000000002,1927,192.70000000000002,20332,-194.60000000000002
232.787000,0x132,92 8e 7e 07 3f 4f,6,36498,364.98,1918,-191.8,1918,191.8,20287,-192.35000000000002
232.797300,0x132,89 8e 86 07 6d 4f,6,36489,364.89,1926,-192.60000000000002,1926,192.60000000000002,20333,-194.6500000000001
232.807000,0x132,90 8e 7e 07 3b 4f,6,36496,364.96,1918,-191.8,1918,191.8,20283,-192.1500000000001
232.817100,0x132,90 8e 87 07 6d 4f,6,36496,364.96,1927,-192.70000000000002,1927,192.70000000000002,20333,-194.6500000000001
232.827000,0x132,88 8e 7e 07 40 4f,6,36488,364.88,1918,-191.8,1918,191.8,20288,-192.4000000000001
232.837000,0x132,95 8e 85 07 68 4f,6,36501,365.01,1925,-192.5,1925,192.5,20328,-194.4000000000001
232.847500,0x132,88 8e 7e 07 42 4f,6,36488,364.88,1918,-191.8,1918,191.8,20290,-192.5
232.857100,0x132,8b 8e 87 07 36 4f,6,36491,364.91,1927,-192.70000000000002,1927,192.70000000000002,20278,-191.9000000000001
232.867000,0x132,84 8e 7e 07 3e 4f,6,36484,364.84000000000003,1918,-191.8,1918,191.8,20286,-192.30000000000007
232.877000,0x132,9e 8e 87 07 6d 4f,6,36510,365.1,1927,-192.70000000000002,1927,192.70000000000002,20333,-194.6500000000001
232.887000,0x132,81 8e 7f 07 42 4f,6,36481,364.81,1919,-191.9,1919,191.9,20290,-192.5
232.897400,0x132,91 8e 87 07 70 4f,6,36497,364.97,1927,-192.70000000000002,1927,192.70000000000002,20336,-194.80000000000007
232.907000,0x132,87 8e 7e 07 40 4f,6,36487,364.87,1918,-191.8,1918,191.8,20288,-192.4000000000001
232.917400,0x132,8c 8e 87 07 6e 4f,6,36492,364.92,1927,-192.70000000000002,1927,192.70000000000002,20334,-194.70000000000005
232.927000,0x132,99 8e 7e 07 3b 4f,6,36505,365.05,1918,-191.8,1918,191.8,20283,-192.1500000000001
232.937000,0x132,8a 8e 86 07 6c 4f,6,36490,364.90000000000003,1926,-192.60000000000002,1926,192.60000000000002,20332,-194.60000000000002
232.947500,0x132,7d 8e 7d 07 3b 4f,6,36477,364.77,1917,-191.70000000000002,1917,191.70000000000002,20283,-192.1500000000001
232.957500,0x132,92 8e 8b 07 6b 4f,6,36498,364.98,1931,-193.10000000000002,1931,193.10000000000002,20331,-194.55000000000007
232.967000,0x132,8a 8e 7e 07 44 4f,6,36490,364.90000000000003,1918,-191.8,1918,191.8,20292,-192.60000000000002
232.977000,0x132,94 8e 86 07 6c 4f,6,36500,365.0,1926,-192.60000000000002,1926,192.60000000000002,20332,-194.60000000000002
232.987000,0x132,8d 8e 7d 07 3d 4f,6,36493,364.93,1917,-191.70000000000002,1917,191.70000000000002,20285,-192.25
232.997400,0x132,81 8e 85 07 6c 4f,6,36481,364.81,1925,-192.5,1925,192.5,20332,-194.60000000000002
233.007000,0x132,8c 8e 7d 07 3f 4f,6,36492,364.92,1917,-191.70000000000002,1917,191.70000000000002,20287,-192.35000000000002
233.017100,0x132,8a 8e 86 07 6e 4f,6,36490,364.90000000000003,1926,-192.60000000000002,1926,192.60000000000002,20334,-194.70000000000005
233.027000,0x132,8a 8e 7e 07 44 4f,6,36490,364.90000000000003,1918,-191.8,1918,191.8,20292,-192.60000000000002
233.037000,0x132,95 8e 85 07 66 4f,6,36501,365.01,1925,-192.5,1925,192.5,20326,-194.30000000000007
233.047500,0x132,92 8e 7d 07 43 4f,6,36498,364.98,1917,-191.70000000000002,1917,191.70000000000002,20291,-192.55000000000007
233.057100,0x132,8c 8e 87 07 6c 4f,6,36492,364.92,1927,-192.70000000000002,1927,192.70000000000002,20332,-194.60000000000002
233.067100,0x132,81 8e 83 07 43 4f,6,36481,364.81,1923,-192.3,1923,192.3,20291,-192.55000000000007
233.077000,0x132,8c 8e 85 07 69 4f,6,36492,364.92,1925,-192.5,1925,192.5,20329,-194.45000000000005
233.087000,0x132,8c 8e 7e 07 42 4f,6,36492,364.92,1918,-191.8,1918,191.8,20290,-192.5
233.097300,0x132,8a 8e 85 07 67 4f,6,36490,364.90000000000003,1925,-192.5,1925,192.5,20327,-194.35000000000002
233.107000,0x132,97 8e 7d 07 3a 4f,6,36503,365.03000000000003,1917,-191.70000000000002,1917,191.70000000000002,20282,-192.10000000000002
233.117400,0x132,9e 8e 85 07 69 4f,6,36510,365.1,1925,-192.5,1925,192.5,20329,-194.45000000000005
233.127000,0x132,93 8e 7d 07 3f 4f,6,36499,364.99,1917,-191.70000000000002,1917,191.70000000000002,20287,-192.35000000000002
233.137000,0x132,99 8e 86 07 6e 4f,6,36505,365.05,1926,-192.60000000000002,1926,192.60000000000002,20334,-194.70000000000005
233.147500,0x132,82 8e 7e 07 3d 4f,6,36482,364.82,1918,-191.8,1918,191.8,20285,-192.25
233.157100,0x132,89 8e 88 07 3f 4f,6,36489,364.89,1928,-192.8,1928,192.8,20287,-192.35000000000002
233.167400,0x132,91 8e 7d 07 40 4f,6,36497,364.97,1917,-191.70000000000002,1917,191.70000000000002,20288,-192.4000000000001
233.177100,0x132,93 8e 85 07 6e 4f,6,36499,364.99,1925,-192.5,1925,192.5,20334,-194.70000000000005
233.187000,0x132,7e 8e 7e 07 3d 4f,6,36478,364.78000000000003,1918,-191.8,1918,191.8,20285,-192.25
233.197500,0x132,86 8e 85 07 6d 4f,6,36486,364.86,1925,-192.5,1925,192.5,20333,-194.6500000000001
233.207000,0x132,82 8e 7e 07 3e 4f,6,36482,364.82,1918,-191.8,1918,191.8,20286,-192.30000000000007
233.217300,0x132,8e 8e 85 07 6e 4f,6,36494,364.94,1925,-192.5,1925,192.5,20334,-194.70000000000005
233.227100,0x132,86 8e 7d 07 3e 4f,6,36486,364.86,1917,-191.70000000000002,1917,191.70000000000002,20286,-192.30000000000007
