dbc_source,can_id,message,dbc_dlc,signal,start_bit,bit_length,byte_order,signed,scale,offset,unit,multiplexer_signal,multiplexer_ids,asc_frame_count,asc_dlc
dbc/Model3CAN.dbc,0x82,ID082UI_tripPlanning,8,UI_navToSupercharger,1,1,little_endian,False,1,0,,,,300,8
dbc/Model3CAN.dbc,0x1D6,ID1D6DI_limits,5,DI_limitDischargePower,6,1,little_endian,False,1,0,,,,1069,8
dbc/Model3CAN.dbc,0x20A,ID20AHVP_contactorState,6,HVP_packContNegativeState,0,3,little_endian,False,1,0,,,,299,6
dbc/Model3CAN.dbc,0x20A,ID20AHVP_contactorState,6,HVP_packContPositiveState,3,3,little_endian,False,1,0,,,,299,6
dbc/Model3CAN.dbc,0x20A,ID20AHVP_contactorState,6,HVP_fcContPositiveAuxOpen,6,1,little_endian,False,1,0,,,,299,6
dbc/Model3CAN.dbc,0x20A,ID20AHVP_contactorState,6,HVP_fcContNegativeAuxOpen,7,1,little_endian,False,1,0,,,,299,6
dbc/Model3CAN.dbc,0x20A,ID20AHVP_contactorState,6,HVP_packContactorSetState,8,4,little_endian,False,1,0,,,,299,6
dbc/Model3CAN.dbc,0x20A,ID20AHVP_contactorState,6,HVP_fcContNegativeState,12,3,little_endian,False,1,0,,,,299,6
dbc/Model3CAN.dbc,0x20A,ID20AHVP_contactorState,6,HVP_fcContPositiveState,16,3,little_endian,False,1,0,,,,299,6
dbc/Model3CAN.dbc,0x20A,ID20AHVP_contactorState,6,HVP_fcContactorSetState,19,4,little_endian,False,1,0,,,,299,6
dbc/Model3CAN.dbc,0x20A,ID20AHVP_contactorState,6,HVP_fcCtrsRequestStatus,24,2,little_endian,False,1,0,,,,299,6
dbc/Model3CAN.dbc,0x20A,ID20AHVP_contactorState,6,HVP_fcCtrsResetRequestRequired,26,1,little_endian,False,1,0,,,,299,6
dbc/Model3CAN.dbc,0x20A,ID20AHVP_contactorState,6,HVP_fcCtrsOpenNowRequested,27,1,little_endian,False,1,0,,,,299,6
dbc/Model3CAN.dbc,0x20A,ID20AHVP_contactorState,6,HVP_fcCtrsOpenRequested,28,1,little_endian,False,1,0,,,,299,6
dbc/Model3CAN.dbc,0x20A,ID20AHVP_contactorState,6,HVP_fcCtrsClosingAllowed,29,1,little_endian,False,1,0,,,,299,6
dbc/Model3CAN.dbc,0x20A,ID20AHVP_contactorState,6,HVP_packCtrsRequestStatus,30,2,little_endian,False,1,0,,,,299,6
dbc/Model3CAN.dbc,0x20A,ID20AHVP_contactorState,6,HVP_packCtrsResetRequestRequired,32,1,little_endian,False,1,0,,,,299,6
dbc/Model3CAN.dbc,0x20A,ID20AHVP_contactorState,6,HVP_packCtrsOpenNowRequested,33,1,little_endian,False,1,0,,,,299,6
dbc/Model3CAN.dbc,0x20A,ID20AHVP_contactorState,6,HVP_packCtrsOpenRequested,34,1,little_endian,False,1,0,,,,299,6
dbc/Model3CAN.dbc,0x20A,ID20AHVP_contactorState,6,HVP_packCtrsClosingAllowed,35,1,little_endian,False,1,0,,,,299,6
dbc/Model3CAN.dbc,0x20A,ID20AHVP_contactorState,6,HVP_dcLinkAllowedToEnergize,36,1,little_endian,False,1,0,,,,299,6
dbc/Model3CAN.dbc,0x20A,ID20AHVP_contactorState,6,HVP_pyroTestInProgress,37,1,little_endian,False,1,0,,,,299,6
dbc/Model3CAN.dbc,0x20A,ID20AHVP_contactorState,6,HVP_hvilStatus,40,4,little_endian,False,1,0,,,,299,6
dbc/Model3CAN.dbc,0x20A,ID20AHVP_contactorState,6,HVP_fcLinkAllowedToEnergize,44,2,little_endian,False,1,0,,,,299,6
dbc/Model3CAN.dbc,0x204,ID204PCS_chgStatus,8,PCS_chgMainState,0,4,little_endian,False,1,0,,,,2998,8
dbc/Model3CAN.dbc,0x204,ID204PCS_chgStatus,8,PCS_hvChargeStatus,4,2,little_endian,False,1,0,,,,2998,8
dbc/Model3CAN.dbc,0x204,ID204PCS_chgStatus,8,PCS_gridConfig,6,2,little_endian,False,1,0,,,,2998,8
dbc/Model3CAN.dbc,0x204,ID204PCS_chgStatus,8,PCS_chgPHAEnable,8,1,little_endian,False,1,0,,,,2998,8
dbc/Model3CAN.dbc,0x204,ID204PCS_chgStatus,8,PCS_chgPHBEnable,9,1,little_endian,False,1,0,,,,2998,8
dbc/Model3CAN.dbc,0x204,ID204PCS_chgStatus,8,PCS_chgPHCEnable,10,1,little_endian,False,1,0,,,,2998,8
dbc/Model3CAN.dbc,0x204,ID204PCS_chgStatus,8,PCS_chgInstantAcPowerAvailable,16,8,little_endian,False,0.1,0,kW,,,2998,8
dbc/Model3CAN.dbc,0x204,ID204PCS_chgStatus,8,PCS_chgMaxAcPowerAvailable,24,8,little_endian,False,0.1,0,kW,,,2998,8
dbc/Model3CAN.dbc,0x204,ID204PCS_chgStatus,8,PCS_chgPHALineCurrentRequest,32,8,little_endian,False,0.1,0,A,,,2998,8
dbc/Model3CAN.dbc,0x204,ID204PCS_chgStatus,8,PCS_chgPHBLineCurrentRequest,40,8,little_endian,False,0.1,0,A,,,2998,8
dbc/Model3CAN.dbc,0x204,ID204PCS_chgStatus,8,PCS_chgPHCLineCurrentRequest,48,8,little_endian,False,0.1,0,A,,,2998,8
dbc/Model3CAN.dbc,0x204,ID204PCS_chgStatus,8,PCS_chgPwmEnableLine,56,1,little_endian,False,1,0,,,,2998,8
dbc/Model3CAN.dbc,0x204,ID204PCS_chgStatus,8,PCS_chargeShutdownRequest,57,2,little_endian,False,1,0,,,,2998,8
dbc/Model3CAN.dbc,0x204,ID204PCS_chgStatus,8,PCS_hwVariantType,59,2,little_endian,False,1,0,,,,2998,8
dbc/Model3CAN.dbc,0x22A,ID22AHVP_pcsControl,4,HVP_pcsChargeHwEnabled,18,1,little_endian,False,1,0,,,,2997,4
dbc/Model3CAN.dbc,0x232,ID232BMS_contactorRequest,8,BMS_fcContactorRequest,0,3,little_endian,False,1,0,,,,300,8
dbc/Model3CAN.dbc,0x232,ID232BMS_contactorRequest,8,BMS_packContactorRequest,3,3,little_endian,False,1,0,,,,300,8
dbc/Model3CAN.dbc,0x232,ID232BMS_contactorRequest,8,BMS_gpoHasCompleted,6,1,little_endian,False,1,0,,,,300,8
dbc/Model3CAN.dbc,0x232,ID232BMS_contactorRequest,8,BMS_ensShouldBeActiveForDrive,7,1,little_endian,False,1,0,,,,300,8
dbc/Model3CAN.dbc,0x232,ID232BMS_contactorRequest,8,BMS_pcsPwmDisable,8,1,little_endian,False,1,0,,,,300,8
dbc/Model3CAN.dbc,0x232,ID232BMS_contactorRequest,8,BMS_internalHvilSenseV,16,16,little_endian,False,0.001,0,V,,,300,8
dbc/Model3CAN.dbc,0x232,ID232BMS_contactorRequest,8,BMS_fcLinkOkToEnergizeRequest,32,2,little_endian,False,1,0,,,,300,8
dbc/Model3CAN.dbc,0x27D,ID27DCP_dcChargeLimits,8,CP_evseMinDcCurrentLimit,13,13,little_endian,False,0.0732422,0,A,,,2997,8
dbc/Model3CAN.dbc,0x27D,ID27DCP_dcChargeLimits,8,CP_evseMaxDcVoltageLimit,26,13,little_endian,False,0.0732422,0,V,,,2997,8
dbc/Model3CAN.dbc,0x27D,ID27DCP_dcChargeLimits,8,CP_evseMinDcVoltageLimit,39,13,little_endian,False,0.0732422,0,V,,,2997,8
dbc/Model3CAN.dbc,0x2BD,ID2BDCP_dcPowerLimits,4,CP_evseMaxDcPowerLimit,16,13,little_endian,False,0.0622559,0,kW,,,2997,4
dbc/Model3CAN.dbc,0x238,ID238UI_driverAssistMapData,8,UI_inSuperchargerGeofence,6,1,little_endian,False,1,0,,,,600,8
dbc/Model3CAN.dbc,0x25D,ID25DCP_status,8,CP_chargeCableState,14,2,little_endian,False,1,0,,,,2997,8
dbc/Model3CAN.dbc,0x25D,ID25DCP_status,8,CP_chargeDoorOpenUI,51,1,little_endian,False,1,0,,,,2997,8
dbc/Model3CAN.dbc,0x29D,ID29DCP_dcChargeStatus,4,CP_evseOutputDcCurrentStale,29,1,little_endian,False,1,0,,,,2997,5
dbc/Model3CAN.dbc,0x3A1,ID3A1VCFRONT_vehicleStatus,8,VCFRONT_bmsHvChargeEnable,0,1,little_endian,False,1,0,,,,5995,8
dbc/Model3CAN.dbc,0x3A1,ID3A1VCFRONT_vehicleStatus,8,VCFRONT_thermalSystemType,5,1,little_endian,False,1,0,,,,5995,8
dbc/Model3CAN.dbc,0x212,ID212BMS_status,8,BMS_isolationResistance,19,10,little_endian,False,10,0,kOhm,,,2997,8
dbc/Model3CAN.dbc,0x212,ID212BMS_status,8,BMS_chargeRetryCount,51,3,little_endian,False,1,0,,,,2997,8
dbc/Model3CAN.dbc,0x43D,ID43DCP_chargeStatusLog,6,CP_hvChargeStatus_log,0,3,little_endian,False,1,0,,,,2997,6
dbc/Model3CAN.dbc,0x43D,ID43DCP_chargeStatusLog,6,CP_chargeShutdownRequest_log,3,2,little_endian,False,1,0,,,,2997,6
dbc/Model3CAN.dbc,0x43D,ID43DCP_chargeStatusLog,6,CP_acChargeCurrentLimit_log,8,8,little_endian,False,0.5,0,A,,,2997,6
dbc/Model3CAN.dbc,0x43D,ID43DCP_chargeStatusLog,6,CP_internalMaxDcCurrentLimit_log,16,13,little_endian,False,0.146502,0,A,,,2997,6
dbc/Model3CAN.dbc,0x43D,ID43DCP_chargeStatusLog,6,CP_vehicleIsoCheckRequired_log,29,1,little_endian,False,1,0,,,,2997,6
dbc/Model3CAN.dbc,0x43D,ID43DCP_chargeStatusLog,6,CP_vehiclePrechargeRequired_log,30,1,little_endian,False,1,0,,,,2997,6
dbc/Model3CAN.dbc,0x43D,ID43DCP_chargeStatusLog,6,CP_internalMaxAcCurrentLimit_log,32,8,little_endian,False,0.5,0,A,,,2997,6
dbc/Model3CAN.dbc,0x43D,ID43DCP_chargeStatusLog,6,CP_evseChargeType_log,40,2,little_endian,False,1,0,,,,2997,6
dbc/Model3CAN.dbc,0x21D,ID21DCP_evseStatus,8,CP_proximity,2,2,little_endian,False,1,0,,,,2997,8
dbc/Model3CAN.dbc,0x21D,ID21DCP_evseStatus,8,CP_pilot,4,3,little_endian,False,1,0,,,,2997,8
dbc/Model3CAN.dbc,0x21D,ID21DCP_evseStatus,8,CP_pilotCurrent,8,8,little_endian,False,0.5,0,A,,,2997,8
dbc/Model3CAN.dbc,0x21D,ID21DCP_evseStatus,8,CP_cableType,16,3,little_endian,False,1,0,,,,2997,8
dbc/Model3CAN.dbc,0x21D,ID21DCP_evseStatus,8,CP_cableCurrentLimit,24,7,little_endian,False,1,0,A,,,2997,8
dbc/Model3CAN.dbc,0x21D,ID21DCP_evseStatus,8,CP_digitalCommsAttempts,32,2,little_endian,False,1,0,,,,2997,8
dbc/Model3CAN.dbc,0x21D,ID21DCP_evseStatus,8,CP_teslaSwcanState,34,3,little_endian,False,1,0,,,,2997,8
dbc/Model3CAN.dbc,0x21D,ID21DCP_evseStatus,8,CP_evseChargeType_UI,38,2,little_endian,False,1,0,,,,2997,8
dbc/Model3CAN.dbc,0x21D,ID21DCP_evseStatus,8,CP_acNumRetries,40,2,little_endian,False,1,0,,,,2997,8
dbc/Model3CAN.dbc,0x21D,ID21DCP_evseStatus,8,CP_gbdcStopChargeReason,46,3,little_endian,False,1,0,,,,2997,8
dbc/Model3CAN.dbc,0x21D,ID21DCP_evseStatus,8,CP_gbdcFailureReason,49,2,little_endian,False,1,0,,,,2997,8
dbc/Model3CAN.dbc,0x21D,ID21DCP_evseStatus,8,CP_gbdcChargeAttempts,51,2,little_endian,False,1,0,,,,2997,8
dbc/Model3CAN.dbc,0x21D,ID21DCP_evseStatus,8,CP_acChargeState,53,3,little_endian,False,1,0,,,,2997,8
dbc/Model3CAN.dbc,0x21D,ID21DCP_evseStatus,8,CP_teslaDcState,56,4,little_endian,False,1,0,,,,2997,8
dbc/Model3CAN.dbc,0x21D,ID21DCP_evseStatus,8,CP_iecComboState,60,4,little_endian,False,1,0,,,,2997,8
dbc/Model3CAN.dbc,0x333,ID333UI_chargeRequest,5,UI_openChargePortDoorRequest,0,1,little_endian,False,1,0,,,,609,5
dbc/Model3CAN.dbc,0x333,ID333UI_chargeRequest,5,UI_closeChargePortDoorRequest,1,1,little_endian,False,1,0,,,,609,5
dbc/Model3CAN.dbc,0x333,ID333UI_chargeRequest,5,UI_chargeEnableRequest,2,1,little_endian,False,1,0,,,,609,5
dbc/Model3CAN.dbc,0x333,ID333UI_chargeRequest,5,UI_brickVLoggingRequest,3,1,little_endian,False,1,0,,,,609,5
dbc/Model3CAN.dbc,0x333,ID333UI_chargeRequest,5,UI_brickBalancingDisabled,4,1,little_endian,False,1,0,,,,609,5
dbc/Model3CAN.dbc,0x333,ID333UI_chargeRequest,5,UI_acChargeCurrentLimit,8,7,little_endian,False,1,0,A,,,609,5
dbc/Model3CAN.dbc,0x333,ID333UI_chargeRequest,5,UI_chargeTerminationPct,16,10,little_endian,False,0.1,0,%,,,609,5
dbc/Model3CAN.dbc,0x333,ID333UI_chargeRequest,5,UI_smartAcChargingEnabled,26,1,little_endian,False,1,0,,,,609,5
dbc/Model3CAN.dbc,0x333,ID333UI_chargeRequest,5,UI_scheduledDepartureEnabled,27,1,little_endian,False,1,0,,,,609,5
dbc/Model3CAN.dbc,0x333,ID333UI_chargeRequest,5,UI_socSnapshotExpirationTime,28,4,little_endian,False,1,2,weeks,,,609,5
dbc/Model3CAN.dbc,0x333,ID333UI_chargeRequest,5,UI_cpInletHeaterRequest,32,1,little_endian,False,1,0,,,,609,5
dbc/Model3CAN.dbc,0x241,ID241VCFRONT_coolant,7,VCFRONT_coolantFlowBatReason,18,4,little_endian,False,1,0,,,,2997,7
dbc/Model3CAN.dbc,0x241,ID241VCFRONT_coolant,7,VCFRONT_coolantAirPurgeBatState,48,3,little_endian,False,1,0,,,,2997,7
dbc/Model3CAN.dbc,0x5D7,ID5D7RearThermalControl,4,DI_passiveInletTempReq,0,8,little_endian,False,1,-40,C,,,107,5
dbc/Model3CAN.dbc,0x5D7,ID5D7RearThermalControl,4,DI_activeInletTempReq,8,8,little_endian,False,1,-40,C,,,107,5
dbc/Model3CAN.dbc,0x5D7,ID5D7RearThermalControl,4,DI_coolantFlowReq,16,8,little_endian,False,0.2,0,LPM,,,107,5
dbc/Model3CAN.dbc,0x5D7,ID5D7RearThermalControl,4,DI_oilFlowReq,24,8,little_endian,False,0.06,0,LPM,,,107,5
dbc/Model3CAN.dbc,0x7D5,ID7D5DIR_debug,8,DIR_pwrSatChargeCurrent,8,8,little_endian,False,0.4,0,%,DIR_debugSelector,42,3742,8
dbc/Model3CAN.dbc,0x7D5,ID7D5DIR_debug,8,DIR_pwrSatDischargeCurrent,8,8,little_endian,False,0.4,0,%,DIR_debugSelector,40,3742,8
dbc/Model3CAN.dbc,0x7D5,ID7D5DIR_debug,8,DIR_tqSatThermal,8,8,little_endian,False,0.4,0,%,DIR_debugSelector,39,3742,8
dbc/Model3CAN.dbc,0x7D5,ID7D5DIR_debug,8,DIR_pwrSatMaxDischargePower,16,8,little_endian,False,0.4,0,%,DIR_debugSelector,39,3742,8
dbc/Model3CAN.dbc,0x2F1,ID2F1VCFRONT_eFuseDebugStatus,8,VCFRONT_chargedIBSAmpHours,8,16,little_endian,False,1,0,Ah,VCFRONT_eFuseDebugStatusIndex,17,2997,8
dbc/Model3CAN.dbc,0x2F1,ID2F1VCFRONT_eFuseDebugStatus,8,VCFRONT_ChargePumpVoltage,24,16,little_endian,False,0.00544368,0,V,VCFRONT_eFuseDebugStatusIndex,16,2997,8
dbc/Model3CAN.dbc,0x2F1,ID2F1VCFRONT_eFuseDebugStatus,8,VCFRONT_dischargedIBSAmpHours,24,16,little_endian,False,1,0,Ah,VCFRONT_eFuseDebugStatusIndex,17,2997,8
dbc/Model3CAN.dbc,0x2E1,ID2E1VCFRONT_status,8,VCFRONT_ChargePumpVoltageStable,9,1,little_endian,False,1,0,,VCFRONT_statusIndex,5,18735,8
dbc/Model3CAN.dbc,0x2E1,ID2E1VCFRONT_status,8,VCFRONT_chargeNeeded,13,1,little_endian,False,1,0,,VCFRONT_statusIndex,4,18735,8
dbc/Model3CAN.dbc,0x2E1,ID2E1VCFRONT_status,8,VCFRONT_12VOverchargeCounter,16,4,little_endian,False,1,0,,VCFRONT_statusIndex,4,18735,8
dbc/Model3CAN.dbc,0x2E1,ID2E1VCFRONT_status,8,VCFRONT_airCompressorStatus,25,3,little_endian,False,1,0,,VCFRONT_statusIndex,0,18735,8
dbc/Model3CAN.dbc,0x2E1,ID2E1VCFRONT_status,8,VCFRONT_pressureRefrigDischarge,40,8,little_endian,False,0.125,0,bar,VCFRONT_statusIndex,3,18735,8
dbc/Model3CAN.dbc,0x381,ID381VCFRONT_logging1Hz,8,VCFRONT_chillerExvRange,5,9,little_endian,False,3,0,ticks,VCFRONT_logging1HzIndex,7,8326,8
dbc/Model3CAN.dbc,0x381,ID381VCFRONT_logging1Hz,8,VCFRONT_chillerExvCalibOffset,8,8,little_endian,True,4,0,ticks,VCFRONT_logging1HzIndex,11,8326,8
dbc/Model3CAN.dbc,0x381,ID381VCFRONT_logging1Hz,8,VCFRONT_dischargePressureTarget,8,7,little_endian,False,0.25,0,bar,VCFRONT_logging1HzIndex,14,8326,8
dbc/Model3CAN.dbc,0x381,ID381VCFRONT_logging1Hz,8,VCFRONT_CMPDischargeSuperheat,17,5,little_endian,True,1,6,C,VCFRONT_logging1HzIndex,8,8326,8
dbc/Model3CAN.dbc,0x381,ID381VCFRONT_logging1Hz,8,VCFRONT_PDischargeControllerOutp,24,8,little_endian,False,0.5,0,%,VCFRONT_logging1HzIndex,14,8326,8
dbc/Model3CAN.dbc,0x381,ID381VCFRONT_logging1Hz,8,VCFRONT_chillerPassiveCoolPower,24,8,little_endian,True,60,7560,W,VCFRONT_logging1HzIndex,12,8326,8
dbc/Model3CAN.dbc,0x381,ID381VCFRONT_logging1Hz,8,VCFRONT_chillerInletTempEstimate,27,8,little_endian,True,1,0,C,VCFRONT_logging1HzIndex,13,8326,8
dbc/Model3CAN.dbc,0x381,ID381VCFRONT_logging1Hz,8,VCFRONT_tempRefrigDischargeEst,29,6,little_endian,False,2,0,C,VCFRONT_logging1HzIndex,16,8326,8
dbc/Model3CAN.dbc,0x381,ID381VCFRONT_logging1Hz,8,VCFRONT_pumpBatteryFETTemp,36,8,little_endian,False,1,-40,C,VCFRONT_logging1HzIndex,1,8326,8
dbc/Model3CAN.dbc,0x381,ID381VCFRONT_logging1Hz,8,VCFRONT_chillerLiftDisabledLowPs,39,1,little_endian,False,1,0,,VCFRONT_logging1HzIndex,14,8326,8
dbc/Model3CAN.dbc,0x381,ID381VCFRONT_logging1Hz,8,VCFRONT_maxChillerCoolingPower,40,8,little_endian,False,100,0,W,VCFRONT_logging1HzIndex,15,8326,8
dbc/Model3CAN.dbc,0x381,ID381VCFRONT_logging1Hz,8,VCFRONT_dischargePressureLimit,48,7,little_endian,False,0.25,0,bar,VCFRONT_logging1HzIndex,19,8326,8
dbc/Model3CAN.dbc,0x381,ID381VCFRONT_logging1Hz,8,VCFRONT_estCompressorRpm,48,6,little_endian,False,400,0,rpm,VCFRONT_logging1HzIndex,10,8326,8
dbc/Model3CAN.dbc,0x381,ID381VCFRONT_logging1Hz,8,VCFRONT_minAllowedChillerPowerIn,48,8,little_endian,False,40,0,W,VCFRONT_logging1HzIndex,12,8326,8
dbc/Model3CAN.dbc,0x381,ID381VCFRONT_logging1Hz,8,VCFRONT_chillerExvCalibFailed,56,1,little_endian,False,1,0,,VCFRONT_logging1HzIndex,11,8326,8
dbc/Model3CAN.dbc,0x381,ID381VCFRONT_logging1Hz,8,VCFRONT_maxCompressorRPMAllowed,56,7,little_endian,False,90,0,rpm,VCFRONT_logging1HzIndex,14,8326,8
dbc/Model3CAN.dbc,0x3D2,ID3D2TotalChargeDischarge,8,TotalDischargeKWh3D2,0,32,little_endian,False,0.001,0,kWh,,,299,8
dbc/Model3CAN.dbc,0x3D2,ID3D2TotalChargeDischarge,8,TotalChargeKWh3D2,32,32,little_endian,False,0.001,0,kWh,,,299,8
dbc/Model3CAN.dbc,0x3F2,ID3F2BMSCounters,8,BMS_kwhAcChargeTotalModule3,8,28,little_endian,True,0.001,0,KWh,BMS_kwhCounter_Id,9,299,8
dbc/Model3CAN.dbc,0x3F2,ID3F2BMSCounters,8,BMS_kwhDischargeTotalModule2,8,28,little_endian,True,0.001,0,KWh,BMS_kwhCounter_Id,6,299,8
dbc/Model3CAN.dbc,0x3F2,ID3F2BMSCounters,8,BMS_kwhAcChargeTotalModule2,8,28,little_endian,True,0.001,0,KWh,BMS_kwhCounter_Id,7,299,8
dbc/Model3CAN.dbc,0x3F2,ID3F2BMSCounters,8,BMS_kwhDischargeTotalModule4,8,28,little_endian,True,0.001,0,KWh,BMS_kwhCounter_Id,10,299,8
dbc/Model3CAN.dbc,0x3F2,ID3F2BMSCounters,8,BMS_kwhAcChargeTotalModule4,8,28,little_endian,True,0.001,0,KWh,BMS_kwhCounter_Id,11,299,8
dbc/Model3CAN.dbc,0x3F2,ID3F2BMSCounters,8,BMS_kwhAcChargeTotalModule1,8,28,little_endian,True,0.001,0,KWh,BMS_kwhCounter_Id,5,299,8
dbc/Model3CAN.dbc,0x3F2,ID3F2BMSCounters,8,BMS_kwhDriveDischargeTotal,8,32,little_endian,False,0.001,0,KWh,BMS_kwhCounter_Id,3,299,8
dbc/Model3CAN.dbc,0x3F2,ID3F2BMSCounters,8,BMS_dcChargerKwhTotal,8,32,little_endian,False,0.001,0,KWh,BMS_kwhCounter_Id,1,299,8
dbc/Model3CAN.dbc,0x3F2,ID3F2BMSCounters,8,BMS_kwhDischargeTotalModule1,8,28,little_endian,True,0.001,0,KWh,BMS_kwhCounter_Id,4,299,8
dbc/Model3CAN.dbc,0x3F2,ID3F2BMSCounters,8,BMS_acChargerKwhTotal,8,32,little_endian,False,0.001,0,KWh,BMS_kwhCounter_Id,0,299,8
dbc/Model3CAN.dbc,0x3F2,ID3F2BMSCounters,8,BMS_kwhRegenChargeTotal,8,32,little_endian,False,0.001,0,KWh,BMS_kwhCounter_Id,2,299,8
dbc/Model3CAN.dbc,0x3F2,ID3F2BMSCounters,8,BMS_kwhDischargeTotalModule3,8,28,little_endian,True,0.001,0,KWh,BMS_kwhCounter_Id,8,299,8
dbc/Model3CAN.dbc,0x3F2,ID3F2BMSCounters,8,BMS_kwhDcChargeTotalModule3,36,28,little_endian,False,0.001,0,KWh,BMS_kwhCounter_Id,9,299,8
dbc/Model3CAN.dbc,0x3F2,ID3F2BMSCounters,8,BMS_kwhChargeTotalModule2,36,28,little_endian,False,0.001,0,KWh,BMS_kwhCounter_Id,6,299,8
dbc/Model3CAN.dbc,0x3F2,ID3F2BMSCounters,8,BMS_kwhDcChargeTotalModule2,36,28,little_endian,False,0.001,0,KWh,BMS_kwhCounter_Id,7,299,8
dbc/Model3CAN.dbc,0x3F2,ID3F2BMSCounters,8,BMS_kwhChargeTotalModule4,36,28,little_endian,False,0.001,0,KWh,BMS_kwhCounter_Id,10,299,8
dbc/Model3CAN.dbc,0x3F2,ID3F2BMSCounters,8,BMS_kwhDcChargeTotalModule4,36,28,little_endian,False,0.001,0,KWh,BMS_kwhCounter_Id,11,299,8
dbc/Model3CAN.dbc,0x3F2,ID3F2BMSCounters,8,BMS_kwhDcChargeTotalModule1,36,28,little_endian,False,0.001,0,KWh,BMS_kwhCounter_Id,5,299,8
dbc/Model3CAN.dbc,0x3F2,ID3F2BMSCounters,8,BMS_kwhChargeTotalModule1,36,28,little_endian,False,0.001,0,KWh,BMS_kwhCounter_Id,4,299,8
dbc/Model3CAN.dbc,0x3F2,ID3F2BMSCounters,8,BMS_kwhChargeTotalModule3,36,28,little_endian,False,0.001,0,KWh,BMS_kwhCounter_Id,8,299,8
dbc/Model3CAN.dbc,0x2D2,ID2D2BMSVAlimits,8,MaxChargeCurrent2D2,32,14,little_endian,False,0.1,0,A,,,2997,8
dbc/Model3CAN.dbc,0x2D2,ID2D2BMSVAlimits,8,MaxDischargeCurrent2D2,48,14,little_endian,False,0.128,0,A,,,2997,8
dbc/Model3CAN.dbc,0x541,ID541FastChargeMaxLimits,8,FCMaxPowerLimit541,0,13,little_endian,False,0.062256,0,kW,,,2338,8
dbc/Model3CAN.dbc,0x541,ID541FastChargeMaxLimits,8,FCMaxCurrentLimit541,16,13,little_endian,False,0.073242,0,A,,,2338,8
dbc/Model3CAN.dbc,0x244,ID244FastChargeLimits,8,FCPowerLimit244,0,13,little_endian,False,0.062256,0,kW,,,2338,8
dbc/Model3CAN.dbc,0x244,ID244FastChargeLimits,8,FCCurrentLimit244,16,13,little_endian,False,0.073242,0,A,,,2338,8
dbc/Model3CAN.dbc,0x244,ID244FastChargeLimits,8,FCMaxVlimit244,32,13,little_endian,False,0.073242,0,V,,,2338,8
dbc/Model3CAN.dbc,0x244,ID244FastChargeLimits,8,FCMinVlimit244,48,13,little_endian,False,0.073242,0,V,,,2338,8
dbc/Model3CAN.dbc,0x214,ID214FastChargeVA,8,FC_protocolVersion,0,8,little_endian,False,1,0,,,,2338,8
dbc/Model3CAN.dbc,0x214,ID214FastChargeVA,8,FC_statusCode,8,4,little_endian,False,1,0,,,,2338,8
dbc/Model3CAN.dbc,0x214,ID214FastChargeVA,8,FC_adapterLocked,15,1,little_endian,False,1,0,,,,2338,8
dbc/Model3CAN.dbc,0x214,ID214FastChargeVA,8,FC_minCurrentLimit,16,13,little_endian,False,0.1,0,A,,,2338,8
dbc/Model3CAN.dbc,0x214,ID214FastChargeVA,8,FC_type,29,3,little_endian,False,1,0,,,,2338,8
dbc/Model3CAN.dbc,0x214,ID214FastChargeVA,8,FC_dcCurrent,32,14,little_endian,True,0.0732422,0,A,,,2338,8
dbc/Model3CAN.dbc,0x214,ID214FastChargeVA,8,FC_postID,46,2,little_endian,False,1,0,,,,2338,8
dbc/Model3CAN.dbc,0x214,ID214FastChargeVA,8,FC_dcVoltage,48,13,little_endian,False,0.0732422,0,V,,,2338,8
dbc/Model3CAN.dbc,0x214,ID214FastChargeVA,8,FC_leakageTestNotSupported,61,1,little_endian,False,1,0,,,,2338,8
dbc/Model3CAN.dbc,0x215,ID215FCisolation,1,FCIsolation215,0,8,little_endian,False,40,0,kOhm,,,234,1
dbc/Model3CAN.dbc,0x201,ID201VCFRONT_loggingAndVitals10Hz,8,VCFRONT_chillerExvState,3,4,little_endian,False,1,0,,VCFRONT_loggingAndVitals10HzInde,6,11988,8
dbc/Model3CAN.dbc,0x201,ID201VCFRONT_loggingAndVitals10Hz,8,VCFRONT_tempRefrigDischarge,3,11,little_endian,False,0.125,-40,C,VCFRONT_loggingAndVitals10HzInde,2,11988,8
dbc/Model3CAN.dbc,0x201,ID201VCFRONT_loggingAndVitals10Hz,8,VCFRONT_compDemandChiller,39,7,little_endian,False,1,0,%,VCFRONT_loggingAndVitals10HzInde,2,11988,8
dbc/Model3CAN.dbc,0x201,ID201VCFRONT_loggingAndVitals10Hz,8,VCFRONT_pressureRefrigDischargeV,53,8,little_endian,False,0.125,0,bar,VCFRONT_loggingAndVitals10HzInde,2,11988,8
dbc/Model3CAN.dbc,0x261,ID261_12vBattStatus,8,VCFRONT_12VOverchargeCounter,4,4,little_endian,False,1,0,,VCFRONT_12VBatteryStatusIndex,0,18732,8
dbc/Model3CAN.dbc,0x261,ID261_12vBattStatus,8,VCFRONT_firstChargeOTA,44,1,little_endian,False,1,0,,VCFRONT_12VBatteryStatusIndex,0,18732,8
dbc/Model3CAN.dbc,0x261,ID261_12vBattStatus,8,VCFRONT_firstChargePOR,45,1,little_endian,False,1,0,,VCFRONT_12VBatteryStatusIndex,0,18732,8
dbc/Model3CAN.dbc,0x261,ID261_12vBattStatus,8,VCFRONT_chargeNeeded,45,1,little_endian,False,1,0,,VCFRONT_12VBatteryStatusIndex,1,18732,8
dbc/Model3CAN.dbc,0x264,ID264ChargeLineStatus,8,ChargeLineVoltage264,0,14,little_endian,False,0.0333,0,V,,,2998,6
dbc/Model3CAN.dbc,0x264,ID264ChargeLineStatus,8,ChargeLineCurrent264,14,9,little_endian,False,0.1,0,A,,,2998,6
dbc/Model3CAN.dbc,0x264,ID264ChargeLineStatus,8,ChargeLinePower264,24,8,little_endian,False,0.1,0,kW,,,2998,6
dbc/Model3CAN.dbc,0x264,ID264ChargeLineStatus,8,ChargeLineCurrentLimit264,32,10,little_endian,False,0.1,0,A,,,2998,6
dbc/Model3CAN.dbc,0x224,ID224PCSDCDCstatus,8,DCDCPrechargeStatus224,0,2,little_endian,False,1,0,,,,2998,8
dbc/Model3CAN.dbc,0x224,ID224PCSDCDCstatus,8,DCDCHvBusDischargeStatus224,4,2,little_endian,False,1,0,,,,2998,8
dbc/Model3CAN.dbc,0x224,ID224PCSDCDCstatus,8,DCDCPrechargeRtyCnt224,41,3,little_endian,False,1,0,,,,2998,8
dbc/Model3CAN.dbc,0x224,ID224PCSDCDCstatus,8,DCDCDischargeRtyCnt224,48,4,little_endian,False,1,0,,,,2998,8
dbc/Model3CAN.dbc,0x224,ID224PCSDCDCstatus,8,DCDCPrechargeRestartCnt224,56,3,little_endian,False,1,0,,,,2998,8
dbc/Model3CAN.dbc,0x224,ID224PCSDCDCstatus,8,DCDCInitialPrechargeSubState224,59,5,little_endian,False,1,0,,,,2998,8
dbc/Model3CAN.dbc,0x352,ID352BMS_energyStatus,8,BMS_energyToChargeComplete,44,11,little_endian,False,0.1,0,KWh,,,449,8
dbc/Model3CAN.dbc,0x352,ID352BMS_energyStatus,8,BMS_fullChargeComplete,63,1,little_endian,False,1,0,,,,449,8
dbc/Model3CAN.dbc,0x37D,ID37DCP_thermalStatus,7,CP_dcPinTemperature,0,8,little_endian,False,0.803922,-55,C,,,299,8
dbc/Model3CAN.dbc,0x37D,ID37DCP_thermalStatus,7,CP_acPinTemperature,8,8,little_endian,False,0.803922,-55,C,,,299,8
dbc/Model3CAN.dbc,0x37D,ID37DCP_thermalStatus,7,CP_dTdt_dcPinActual,16,12,little_endian,False,0.005,-10,C,,,299,8
dbc/Model3CAN.dbc,0x37D,ID37DCP_thermalStatus,7,CP_dcPinTemperatureModeled,32,8,little_endian,False,0.803922,-55,C,,,299,8
dbc/Model3CAN.dbc,0x37D,ID37DCP_thermalStatus,7,CP_dTdt_dcPinExpected,40,12,little_endian,False,0.005,-10,C,,,299,8
dbc/Model3CAN.dbc,0x252,ID252BMS_powerAvailable,8,BMS_maxDischargePower,16,16,little_endian,False,0.013,0,kW,,,2997,8
dbc/Model3CAN.dbc,0x312,ID312BMSthermal,8,BMSdissipation312,0,10,little_endian,False,0.02,0,kW,,,599,8
dbc/Model3CAN.dbc,0x312,ID312BMSthermal,8,BMSflowRequest312,10,7,little_endian,False,0.3,0,LPM,,,599,8
dbc/Model3CAN.dbc,0x312,ID312BMSthermal,8,BMSinletActiveCoolTarget312,17,9,little_endian,False,0.25,-25,C,,,599,8
dbc/Model3CAN.dbc,0x312,ID312BMSthermal,8,BMSinletPassiveTarget312,26,9,little_endian,False,0.25,-25,C,,,599,8
dbc/Model3CAN.dbc,0x312,ID312BMSthermal,8,BMSinletActiveHeatTarget312,35,9,little_endian,False,0.25,-25,C,,,599,8
dbc/Model3CAN.dbc,0x312,ID312BMSthermal,8,BMSminPackTemperature,44,9,little_endian,False,0.25,-25,C,,,599,8
dbc/Model3CAN.dbc,0x312,ID312BMSthermal,8,BMSmaxPackTemperature,53,9,little_endian,False,0.25,-25,C,,,599,8
dbc/Model3CAN.dbc,0x312,ID312BMSthermal,8,BMSpcsNoFlowRequest312,62,1,little_endian,False,1,0,,,,599,8
dbc/Model3CAN.dbc,0x312,ID312BMSthermal,8,BMSnoFlowRequest312,63,1,little_endian,False,1,0,,,,599,8
dbc/Model3CAN.dbc,0x132,ID132HVBattAmpVolt,8,ChargeHoursRemaining132,48,12,little_endian,False,1,0,Min,,,29973,6
dbc/Model3CAN.dbc,0x7FF,ID7FFcarConfig,8,GTW_superchargingAccess,45,2,little_endian,False,1,0,,GTW_carConfigMultiplexer,2,2997,8
dbc/Model3CAN.dbc,0x7FF,ID7FFcarConfig,8,GTW_compressorType,46,2,little_endian,False,1,0,,GTW_carConfigMultiplexer,4,2997,8
dbc/Model3CAN.dbc,0x7FF,ID7FFcarConfig,8,GTW_numberHVILNodes,51,2,little_endian,False,1,0,,GTW_carConfigMultiplexer,2,2997,8
dbc/tesla_can (1).dbc,0x3C8,UI_driverAssistMapData,8,UI_inSuperchargerGeofence,6,1,little_endian,False,1,0,,,,2997,8
dbc/tesla_can.dbc,0x3C8,UI_driverAssistMapData,8,UI_inSuperchargerGeofence,6,1,little_endian,False,1,0,,,,2997,8
dbc/tesla_model3.dbc,0x320,BMS_alertMatrix,8,BMS_a063_SW_ChargePort_Fault,6,1,little_endian,False,1,0,,BMS_matrixIndex,1,1499,8
dbc/tesla_model3.dbc,0x320,BMS_alertMatrix,8,BMS_a123_SW_Internal_Isolation,6,1,little_endian,False,1,0,,BMS_matrixIndex,2,1499,8
dbc/tesla_model3.dbc,0x320,BMS_alertMatrix,8,BMS_a075_SW_Chg_Disable_Failure,18,1,little_endian,False,1,0,,BMS_matrixIndex,1,1499,8
dbc/tesla_model3.dbc,0x320,BMS_alertMatrix,8,BMS_a076_SW_Dch_While_Charging,19,1,little_endian,False,1,0,,BMS_matrixIndex,1,1499,8
dbc/tesla_model3.dbc,0x320,BMS_alertMatrix,8,BMS_a077_SW_Charger_Regulation,20,1,little_endian,False,1,0,,BMS_matrixIndex,1,1499,8
dbc/tesla_model3.dbc,0x320,BMS_alertMatrix,8,BMS_a146_SW_Brick_Overdischarged,29,1,little_endian,False,1,0,,BMS_matrixIndex,2,1499,8
dbc/tesla_model3.dbc,0x320,BMS_alertMatrix,8,BMS_a091_SW_ChargePort_MIA,34,1,little_endian,False,1,0,,BMS_matrixIndex,1,1499,8
dbc/tesla_model3.dbc,0x320,BMS_alertMatrix,8,BMS_a151_SW_external_isolation,34,1,little_endian,False,1,0,,BMS_matrixIndex,2,1499,8
dbc/tesla_model3.dbc,0x320,BMS_alertMatrix,8,BMS_a092_SW_ChargePort_Mia_On_Hvs,35,1,little_endian,False,1,0,,BMS_matrixIndex,1,1499,8
dbc/tesla_model3.dbc,0x320,BMS_alertMatrix,8,BMS_a034_SW_Passive_Isolation,37,1,little_endian,False,1,0,,BMS_matrixIndex,0,1499,8
dbc/tesla_model3.dbc,0x320,BMS_alertMatrix,8,BMS_a035_SW_Isolation,38,1,little_endian,False,1,0,,BMS_matrixIndex,0,1499,8
dbc/tesla_model3.dbc,0x320,BMS_alertMatrix,8,BMS_a036_SW_HvpHvilFault,39,1,little_endian,False,1,0,,BMS_matrixIndex,0,1499,8
dbc/tesla_model3.dbc,0x320,BMS_alertMatrix,8,BMS_a163_SW_Contactor_Mismatch,46,1,little_endian,False,1,0,,BMS_matrixIndex,2,1499,8
dbc/tesla_model3.dbc,0x320,BMS_alertMatrix,8,BMS_a053_SW_ThermalModel_Sanity,56,1,little_endian,False,1,0,,BMS_matrixIndex,0,1499,8
dbc/tesla_model3.dbc,0x320,BMS_alertMatrix,8,BMS_a174_SW_Charge_Failure,57,1,little_endian,False,1,0,,BMS_matrixIndex,2,1499,8
dbc/tesla_model3.dbc,0x2D2,BMS_driveLimits,8,BMS_maxChargeCurrent,32,14,little_endian,False,0.1,0,A,,,2997,8
dbc/tesla_model3.dbc,0x2D2,BMS_driveLimits,8,BMS_maxDischargeCurrent,48,14,little_endian,False,0.128,0,A,,,2997,8
dbc/tesla_model3.dbc,0x352,BMS_energyStatus,8,BMS_energyToChargeComplete,40,10,little_endian,False,0.1,0,KWh,,,449,8
dbc/tesla_model3.dbc,0x132,BMS_hvBusStatus,8,BMS_chgTimeToFull,48,12,little_endian,False,0.0166667,0,Hours,,,29973,6
dbc/tesla_model3.dbc,0x3D2,BMS_kwhCounter,8,BMS_kwhDischargeTotal,0,32,little_endian,False,0.001,0,KWh,,,299,8
dbc/tesla_model3.dbc,0x3D2,BMS_kwhCounter,8,BMS_kwhChargeTotal,32,32,little_endian,False,0.001,0,KWh,,,299,8
dbc/tesla_model3.dbc,0x3F2,BMS_kwhCountersMultiplexed,8,BMS_acChargerKwhTotal,8,32,little_endian,False,0.001,0,KWh,BMS_kwhCounter_Id,0,299,8
dbc/tesla_model3.dbc,0x3F2,BMS_kwhCountersMultiplexed,8,BMS_dcChargerKwhTotal,8,32,little_endian,False,0.001,0,KWh,BMS_kwhCounter_Id,1,299,8
dbc/tesla_model3.dbc,0x3F2,BMS_kwhCountersMultiplexed,8,BMS_kwhRegenChargeTotal,8,32,little_endian,False,0.001,0,KWh,BMS_kwhCounter_Id,2,299,8
dbc/tesla_model3.dbc,0x3F2,BMS_kwhCountersMultiplexed,8,BMS_kwhDriveDischargeTotal,8,32,little_endian,False,0.001,0,KWh,BMS_kwhCounter_Id,3,299,8
dbc/tesla_model3.dbc,0x252,BMS_powerAvailable,8,BMS_maxDischargePower,16,16,little_endian,False,0.01,0,kW,,,2997,8
dbc/tesla_model3.dbc,0x212,BMS_status,8,BMS_isolationResistance,19,10,little_endian,False,10,0,kOhm,,,2997,8
dbc/tesla_model3.dbc,0x212,BMS_status,8,BMS_chargeRetryCount,49,4,little_endian,False,1,0,,,,2997,8
dbc/tesla_model3.dbc,0x312,BMS_thermalStatus,8,BMS_powerDissipation,0,10,little_endian,False,0.02,0,kW,,,599,8
dbc/tesla_model3.dbc,0x312,BMS_thermalStatus,8,BMS_inletPassiveTargetT,25,8,little_endian,False,0.25,0,DegC,,,599,8
dbc/tesla_model3.dbc,0x312,BMS_thermalStatus,8,BMS_pcsNoFlowRequest,62,1,little_endian,False,1,0,,,,599,8
dbc/tesla_model3.dbc,0x312,BMS_thermalStatus,8,BMS_noFlowRequest,63,1,little_endian,False,1,0,,,,599,8
dbc/tesla_model3.dbc,0x31E,CP_alertMatrix,8,CP_a064_superchargingBlocked,7,1,little_endian,False,1,0,,CP_matrixIndex,1,1198,8
dbc/tesla_model3.dbc,0x31E,CP_alertMatrix,8,CP_a005_gbdcLiveDisconnect,8,1,little_endian,False,1,0,,CP_matrixIndex,0,1198,8
dbc/tesla_model3.dbc,0x31E,CP_alertMatrix,8,CP_a067_gbdcConnFault,10,1,little_endian,False,1,0,,CP_matrixIndex,1,1198,8
dbc/tesla_model3.dbc,0x31E,CP_alertMatrix,8,CP_a014_lostCommsCHG,17,1,little_endian,False,1,0,,CP_matrixIndex,0,1198,8
dbc/tesla_model3.dbc,0x31E,CP_alertMatrix,8,CP_a023_gbdcSessionFailed,26,1,little_endian,False,1,0,,CP_matrixIndex,0,1198,8
dbc/tesla_model3.dbc,0x31E,CP_alertMatrix,8,CP_a046_lostCommsEVSE,49,1,little_endian,False,1,0,,CP_matrixIndex,0,1198,8
dbc/tesla_model3.dbc,0x31E,CP_alertMatrix,8,CP_a052_evseNotSupported,55,1,little_endian,False,1,0,,CP_matrixIndex,0,1198,8
dbc/tesla_model3.dbc,0x31E,CP_alertMatrix,8,CP_a055_chargeStoppedNoPilot,58,1,little_endian,False,1,0,,CP_matrixIndex,0,1198,8
dbc/tesla_model3.dbc,0x31E,CP_alertMatrix,8,CP_a057_evseFaulted,60,1,little_endian,False,1,0,,CP_matrixIndex,0,1198,8
dbc/tesla_model3.dbc,0x31E,CP_alertMatrix,8,CP_a058_acChargingBlocked,61,1,little_endian,False,1,0,,CP_matrixIndex,0,1198,8
dbc/tesla_model3.dbc,0x21D,CP_evseStatus,8,CP_lineVoltageRequested,2,1,little_endian,False,1,0,,,,2997,8
dbc/tesla_model3.dbc,0x21D,CP_evseStatus,8,CP_proximity,3,2,little_endian,False,1,0,,,,2997,8
dbc/tesla_model3.dbc,0x21D,CP_evseStatus,8,CP_pilot,5,3,little_endian,False,1,0,,,,2997,8
dbc/tesla_model3.dbc,0x21D,CP_evseStatus,8,CP_pilotCurrent,8,8,little_endian,False,0.5,0,A,,,2997,8
dbc/tesla_model3.dbc,0x21D,CP_evseStatus,8,CP_cableType,16,3,little_endian,False,1,0,,,,2997,8
dbc/tesla_model3.dbc,0x21D,CP_evseStatus,8,CP_cableCurrentLimit,24,7,little_endian,False,1,0,A,,,2997,8
dbc/tesla_model3.dbc,0x21D,CP_evseStatus,8,CP_digitalCommsAttempts,32,2,little_endian,False,1,0,,,,2997,8
dbc/tesla_model3.dbc,0x21D,CP_evseStatus,8,CP_teslaSwcanState,34,3,little_endian,False,1,0,,,,2997,8
dbc/tesla_model3.dbc,0x21D,CP_evseStatus,8,CP_acChargeRetriesExceeded,41,1,little_endian,False,1,0,,,,2997,8
dbc/tesla_model3.dbc,0x21D,CP_evseStatus,8,CP_acNumRetries,42,2,little_endian,False,1,0,,,,2997,8
dbc/tesla_model3.dbc,0x21D,CP_evseStatus,8,CP_vehiclePrechargeRequired,44,1,little_endian,False,1,0,,,,2997,8
dbc/tesla_model3.dbc,0x21D,CP_evseStatus,8,CP_gbdcStopChargeReason,53,3,little_endian,False,1,0,,,,2997,8
dbc/tesla_model3.dbc,0x21D,CP_evseStatus,8,CP_gbdcFailureReason,56,2,little_endian,False,1,0,,,,2997,8
dbc/tesla_model3.dbc,0x21D,CP_evseStatus,8,CP_gbdcChargeAttempts,58,2,little_endian,False,1,0,,,,2997,8
dbc/tesla_model3.dbc,0x21D,CP_evseStatus,8,CP_acChargeState,60,2,little_endian,False,1,0,,,,2997,8
dbc/tesla_model3.dbc,0x3B5,DIS_alertMatrix2,8,DIS_a086_hvilNotPresent,21,1,little_endian,False,1,0,,,,107,8
dbc/tesla_model3.dbc,0x3E5,DIS_alertMatrix4,8,DIS_a241_systemThermallyLimited,48,1,little_endian,False,1,0,,,,107,8
dbc/tesla_model3.dbc,0x3C8,EPBL_alertMatrix,8,EPBL_a098_DI_THERMAL_MIA,41,1,little_endian,False,1,0,,EPBL_matrixIndex,1,2997,8
dbc/tesla_model3.dbc,0x3E8,EPBR_alertMatrix,8,EPBR_a098_DI_THERMAL_MIA,41,1,little_endian,False,1,0,,EPBR_matrixIndex,1,2997,8
dbc/tesla_model3.dbc,0x215,FC_status2,1,FC_externalIsolationResistance,0,8,little_endian,False,40,0,kOhm,,,234,1
dbc/tesla_model3.dbc,0x7FF,GTW_carConfig,8,GTW_superchargingAccess,44,2,little_endian,False,1,0,,GTW_carConfigMultiplexer,2,2997,8
dbc/tesla_model3.dbc,0x7FF,GTW_carConfig,8,GTW_numberHVILNodes,51,3,little_endian,False,1,0,,GTW_carConfigMultiplexer,2,2997,8
dbc/tesla_model3.dbc,0x3AA,HVP_alertMatrix1,8,HVP_w005_OverDchgCurrentFault,4,1,little_endian,False,1,0,,,,599,8
dbc/tesla_model3.dbc,0x3AA,HVP_alertMatrix1,8,HVP_w006_OverChargeCurrentFault,5,1,little_endian,False,1,0,,,,599,8
dbc/tesla_model3.dbc,0x3AA,HVP_alertMatrix1,8,HVP_w026_HvilFault,25,1,little_endian,False,1,0,,,,599,8
dbc/tesla_model3.dbc,0x3AA,HVP_alertMatrix1,8,HVP_w039_PackContactorFellOpen,38,1,little_endian,False,1,0,,,,599,8
dbc/tesla_model3.dbc,0x3AA,HVP_alertMatrix1,8,HVP_w040_FcContactorFellOpen,39,1,little_endian,False,1,0,,,,599,8
dbc/tesla_model3.dbc,0x3AA,HVP_alertMatrix1,8,HVP_w043_packContactorForceOpen,42,1,little_endian,False,1,0,,,,599,8
dbc/tesla_model3.dbc,0x3AA,HVP_alertMatrix1,8,HVP_w044_fcContactorForceOpen,43,1,little_endian,False,1,0,,,,599,8
dbc/tesla_model3.dbc,0x20A,HVP_contactorState,6,HVP_packContNegativeState,0,3,little_endian,False,1,0,,,,299,6
dbc/tesla_model3.dbc,0x20A,HVP_contactorState,6,HVP_packContPositiveState,3,3,little_endian,False,1,0,,,,299,6
dbc/tesla_model3.dbc,0x20A,HVP_contactorState,6,HVP_packContactorSetState,8,4,little_endian,False,1,0,,,,299,6
dbc/tesla_model3.dbc,0x20A,HVP_contactorState,6,HVP_fcContNegativeState,12,3,little_endian,False,1,0,,,,299,6
dbc/tesla_model3.dbc,0x20A,HVP_contactorState,6,HVP_fcContPositiveState,16,3,little_endian,False,1,0,,,,299,6
dbc/tesla_model3.dbc,0x20A,HVP_contactorState,6,HVP_fcContactorSetState,19,4,little_endian,False,1,0,,,,299,6
dbc/tesla_model3.dbc,0x20A,HVP_contactorState,6,HVP_fcCtrsRequestStatus,24,2,little_endian,False,1,0,,,,299,6
dbc/tesla_model3.dbc,0x20A,HVP_contactorState,6,HVP_fcCtrsResetRequestRequired,26,1,little_endian,False,1,0,,,,299,6
dbc/tesla_model3.dbc,0x20A,HVP_contactorState,6,HVP_fcCtrsOpenNowRequested,27,1,little_endian,False,1,0,,,,299,6
dbc/tesla_model3.dbc,0x20A,HVP_contactorState,6,HVP_fcCtrsOpenRequested,28,1,little_endian,False,1,0,,,,299,6
dbc/tesla_model3.dbc,0x20A,HVP_contactorState,6,HVP_fcCtrsClosingAllowed,29,1,little_endian,False,1,0,,,,299,6
dbc/tesla_model3.dbc,0x20A,HVP_contactorState,6,HVP_fcLinkAllowedToEnergizeAc,30,1,little_endian,False,1,0,,,,299,6
dbc/tesla_model3.dbc,0x20A,HVP_contactorState,6,HVP_fcLinkAllowedToEnergizeDc,31,1,little_endian,False,1,0,,,,299,6
dbc/tesla_model3.dbc,0x20A,HVP_contactorState,6,HVP_packCtrsRequestStatus,32,2,little_endian,False,1,0,,,,299,6
dbc/tesla_model3.dbc,0x20A,HVP_contactorState,6,HVP_packCtrsResetRequestRequired,34,1,little_endian,False,1,0,,,,299,6
dbc/tesla_model3.dbc,0x20A,HVP_contactorState,6,HVP_packCtrsOpenNowRequested,35,1,little_endian,False,1,0,,,,299,6
dbc/tesla_model3.dbc,0x20A,HVP_contactorState,6,HVP_packCtrsOpenRequested,36,1,little_endian,False,1,0,,,,299,6
dbc/tesla_model3.dbc,0x20A,HVP_contactorState,6,HVP_packCtrsClosingAllowed,37,1,little_endian,False,1,0,,,,299,6
dbc/tesla_model3.dbc,0x20A,HVP_contactorState,6,HVP_dcLinkAllowedToEnergize,38,1,little_endian,False,1,0,,,,299,6
dbc/tesla_model3.dbc,0x20A,HVP_contactorState,6,HVP_pyroTestInProgress,39,1,little_endian,False,1,0,,,,299,6
dbc/tesla_model3.dbc,0x20A,HVP_contactorState,6,HVP_hvilStatus,40,4,little_endian,False,1,0,,,,299,6
dbc/tesla_model3.dbc,0x7AA,HVP_debugMessage,8,HVP_gpioPcsChargePwmEnable,24,1,little_endian,False,1,0,,HVP_debugMessageMultiplexer,0,3897,8
dbc/tesla_model3.dbc,0x7AA,HVP_debugMessage,8,HVP_gpioHvilEnable,26,1,little_endian,False,1,0,,HVP_debugMessageMultiplexer,0,3897,8
dbc/tesla_model3.dbc,0x7AA,HVP_debugMessage,8,HVP_hvilInVoltage,28,12,little_endian,False,0.1,0,V,HVP_debugMessageMultiplexer,4,3897,8
dbc/tesla_model3.dbc,0x7AA,HVP_debugMessage,8,HVP_hvilOutVoltage,40,12,little_endian,False,0.1,0,V,HVP_debugMessageMultiplexer,4,3897,8
dbc/tesla_model3.dbc,0x3A4,PCS_alertMatrix,8,PCS_a001_chgHwInputOc,4,1,little_endian,False,1,0,,PCS_matrixIndex,0,300,8
dbc/tesla_model3.dbc,0x3A4,PCS_alertMatrix,8,PCS_a061_chgVLineRationality,4,1,little_endian,False,1,0,,PCS_matrixIndex,1,300,8
dbc/tesla_model3.dbc,0x3A4,PCS_alertMatrix,8,PCS_a002_chgHwOutputOc,5,1,little_endian,False,1,0,,PCS_matrixIndex,0,300,8
dbc/tesla_model3.dbc,0x3A4,PCS_alertMatrix,8,PCS_a062_chgILineRationality,5,1,little_endian,False,1,0,,PCS_matrixIndex,1,300,8
dbc/tesla_model3.dbc,0x3A4,PCS_alertMatrix,8,PCS_a003_chgHwInputOv,6,1,little_endian,False,1,0,,PCS_matrixIndex,0,300,8
dbc/tesla_model3.dbc,0x3A4,PCS_alertMatrix,8,PCS_a063_chgVOutRationality,6,1,little_endian,False,1,0,,PCS_matrixIndex,1,300,8
dbc/tesla_model3.dbc,0x3A4,PCS_alertMatrix,8,PCS_a004_chgHwIntBusOv,7,1,little_endian,False,1,0,,PCS_matrixIndex,0,300,8
dbc/tesla_model3.dbc,0x3A4,PCS_alertMatrix,8,PCS_a064_chgIOutRationality,7,1,little_endian,False,1,0,,PCS_matrixIndex,1,300,8
dbc/tesla_model3.dbc,0x3A4,PCS_alertMatrix,8,PCS_a005_chgOutputOv,8,1,little_endian,False,1,0,,PCS_matrixIndex,0,300,8
dbc/tesla_model3.dbc,0x3A4,PCS_alertMatrix,8,PCS_a065_chgPllNotLocked,8,1,little_endian,False,1,0,,PCS_matrixIndex,1,300,8
dbc/tesla_model3.dbc,0x3A4,PCS_alertMatrix,8,PCS_a006_chgPrechargeFailedScr,9,1,little_endian,False,1,0,,PCS_matrixIndex,0,300,8
dbc/tesla_model3.dbc,0x3A4,PCS_alertMatrix,8,PCS_a007_chgPhaseTempHot,10,1,little_endian,False,1,0,,PCS_matrixIndex,0,300,8
dbc/tesla_model3.dbc,0x3A4,PCS_alertMatrix,8,PCS_a008_chgPhaseOverTemp,11,1,little_endian,False,1,0,,PCS_matrixIndex,0,300,8
dbc/tesla_model3.dbc,0x3A4,PCS_alertMatrix,8,PCS_a009_chgPfcCurrentRegulation,12,1,little_endian,False,1,0,,PCS_matrixIndex,0,300,8
dbc/tesla_model3.dbc,0x3A4,PCS_alertMatrix,8,PCS_a069_chgPfcLineDidt,12,1,little_endian,False,1,0,,PCS_matrixIndex,1,300,8
dbc/tesla_model3.dbc,0x3A4,PCS_alertMatrix,8,PCS_a010_chgIntBusVRegulation,13,1,little_endian,False,1,0,,PCS_matrixIndex,0,300,8
dbc/tesla_model3.dbc,0x3A4,PCS_alertMatrix,8,PCS_a070_chgPfcLineDvdt,13,1,little_endian,False,1,0,,PCS_matrixIndex,1,300,8
dbc/tesla_model3.dbc,0x3A4,PCS_alertMatrix,8,PCS_a011_chgLlcCurrentRegulation,14,1,little_endian,False,1,0,,PCS_matrixIndex,0,300,8
dbc/tesla_model3.dbc,0x3A4,PCS_alertMatrix,8,PCS_a071_chgPfcILoopRationality,14,1,little_endian,False,1,0,,PCS_matrixIndex,1,300,8
dbc/tesla_model3.dbc,0x3A4,PCS_alertMatrix,8,PCS_a012_chgPfcIBandTracerFault,15,1,little_endian,False,1,0,,PCS_matrixIndex,0,300,8
dbc/tesla_model3.dbc,0x3A4,PCS_alertMatrix,8,PCS_a013_chgPrechargeFailedBoost,16,1,little_endian,False,1,0,,PCS_matrixIndex,0,300,8
dbc/tesla_model3.dbc,0x3A4,PCS_alertMatrix,8,PCS_a014_chgTempRationality,17,1,little_endian,False,1,0,,PCS_matrixIndex,0,300,8
dbc/tesla_model3.dbc,0x3A4,PCS_alertMatrix,8,PCS_a074_hvBusDischargeFailure,17,1,little_endian,False,1,0,,PCS_matrixIndex,1,300,8
dbc/tesla_model3.dbc,0x3A4,PCS_alertMatrix,8,PCS_a015_chg12vUv,18,1,little_endian,False,1,0,,PCS_matrixIndex,0,300,8
dbc/tesla_model3.dbc,0x3A4,PCS_alertMatrix,8,PCS_a075_hvBusDischargeTimeout,18,1,little_endian,False,1,0,,PCS_matrixIndex,1,300,8
dbc/tesla_model3.dbc,0x3A4,PCS_alertMatrix,8,PCS_a016_chgAllPhasesFaulted,19,1,little_endian,False,1,0,,PCS_matrixIndex,0,300,8
dbc/tesla_model3.dbc,0x3A4,PCS_alertMatrix,8,PCS_a017_chgWallPowerRemoval,20,1,little_endian,False,1,0,,PCS_matrixIndex,0,300,8
dbc/tesla_model3.dbc,0x3A4,PCS_alertMatrix,8,PCS_a018_chgUnknownGridConfig,21,1,little_endian,False,1,0,,PCS_matrixIndex,0,300,8
dbc/tesla_model3.dbc,0x3A4,PCS_alertMatrix,8,PCS_a078_chgStopDcdcTooHot,21,1,little_endian,False,1,0,,PCS_matrixIndex,1,300,8
dbc/tesla_model3.dbc,0x3A4,PCS_alertMatrix,8,PCS_a019_acChargePowerLimited,22,1,little_endian,False,1,0,,PCS_matrixIndex,0,300,8
dbc/tesla_model3.dbc,0x3A4,PCS_alertMatrix,8,PCS_a020_chgEnableLineMismatch,23,1,little_endian,False,1,0,,PCS_matrixIndex,0,300,8
dbc/tesla_model3.dbc,0x3A4,PCS_alertMatrix,8,PCS_a081_dcdcPchgTimeout,24,1,little_endian,False,1,0,,PCS_matrixIndex,1,300,8
dbc/tesla_model3.dbc,0x3A4,PCS_alertMatrix,8,PCS_a082_dcdcPchgUnsafeDiVoltage,25,1,little_endian,False,1,0,,PCS_matrixIndex,1,300,8
dbc/tesla_model3.dbc,0x3A4,PCS_alertMatrix,8,PCS_a084_dcdcPchgStartVoltages,27,1,little_endian,False,1,0,,PCS_matrixIndex,1,300,8
dbc/tesla_model3.dbc,0x3A4,PCS_alertMatrix,8,PCS_a027_chgInsufficientCooling,30,1,little_endian,False,1,0,,PCS_matrixIndex,0,300,8
dbc/tesla_model3.dbc,0x3A4,PCS_alertMatrix,8,PCS_a028_chgOutputUv,31,1,little_endian,False,1,0,,PCS_matrixIndex,0,300,8
dbc/tesla_model3.dbc,0x3A4,PCS_alertMatrix,8,PCS_a088_pchgParameters,31,1,little_endian,False,1,0,,PCS_matrixIndex,1,300,8
dbc/tesla_model3.dbc,0x3A4,PCS_alertMatrix,8,PCS_a029_chgPowerRationality,32,1,little_endian,False,1,0,,PCS_matrixIndex,0,300,8
dbc/tesla_model3.dbc,0x3A4,PCS_alertMatrix,8,PCS_a089_hvBusDischargeIrrational,32,1,little_endian,False,1,0,,PCS_matrixIndex,1,300,8
dbc/tesla_model3.dbc,0x3A4,PCS_alertMatrix,8,PCS_a043_hvBusPrechargeFailure,46,1,little_endian,False,1,0,,PCS_matrixIndex,0,300,8
dbc/tesla_model3.dbc,0x3A4,PCS_alertMatrix,8,PCS_a051_chgIntBusUv,54,1,little_endian,False,1,0,,PCS_matrixIndex,0,300,8
dbc/tesla_model3.dbc,0x3A4,PCS_alertMatrix,8,PCS_a053_chgInputVDropHigh,56,1,little_endian,False,1,0,,PCS_matrixIndex,0,300,8
dbc/tesla_model3.dbc,0x3A4,PCS_alertMatrix,8,PCS_a054_chgInputVDropTooHigh,57,1,little_endian,False,1,0,,PCS_matrixIndex,0,300,8
dbc/tesla_model3.dbc,0x3A4,PCS_alertMatrix,8,PCS_a055_chgLineImedanceHigh,58,1,little_endian,False,1,0,,PCS_matrixIndex,0,300,8
dbc/tesla_model3.dbc,0x3A4,PCS_alertMatrix,8,PCS_a056_chgLineImedanceTooHigh,59,1,little_endian,False,1,0,,PCS_matrixIndex,0,300,8
dbc/tesla_model3.dbc,0x3A4,PCS_alertMatrix,8,PCS_a057_chgInputOverFreq,60,1,little_endian,False,1,0,,PCS_matrixIndex,0,300,8
dbc/tesla_model3.dbc,0x3A4,PCS_alertMatrix,8,PCS_a058_chgInputUnderFreq,61,1,little_endian,False,1,0,,PCS_matrixIndex,0,300,8
dbc/tesla_model3.dbc,0x3A4,PCS_alertMatrix,8,PCS_a059_chgInputOvRms,62,1,little_endian,False,1,0,,PCS_matrixIndex,0,300,8
dbc/tesla_model3.dbc,0x3A4,PCS_alertMatrix,8,PCS_a060_chgInputOvPeak,63,1,little_endian,False,1,0,,PCS_matrixIndex,0,300,8
dbc/tesla_model3.dbc,0x264,PCS_chgLineStatus,6,PCS_chgInputVoltage,0,14,little_endian,False,0.033,0,V,,,2998,6
dbc/tesla_model3.dbc,0x264,PCS_chgLineStatus,6,PCS_chgLineCurrent,14,9,little_endian,False,0.1,0,A,,,2998,6
dbc/tesla_model3.dbc,0x264,PCS_chgLineStatus,6,PCS_chgInputPower,24,8,little_endian,False,0.1,0,kW,,,2998,6
dbc/tesla_model3.dbc,0x264,PCS_chgLineStatus,6,PCS_chgAcCurrentLimit,32,10,little_endian,False,0.1,0,A,,,2998,6
dbc/tesla_model3.dbc,0x204,PCS_chgStatus,8,PCS_chgMainState,0,4,little_endian,False,1,0,,,,2998,8
dbc/tesla_model3.dbc,0x204,PCS_chgStatus,8,PCS_chargeStatus,4,2,little_endian,False,1,0,,,,2998,8
dbc/tesla_model3.dbc,0x204,PCS_chgStatus,8,PCS_gridConfig,6,2,little_endian,False,1,0,,,,2998,8
dbc/tesla_model3.dbc,0x204,PCS_chgStatus,8,PCS_chgPHAEnable,8,1,little_endian,False,1,0,,,,2998,8
dbc/tesla_model3.dbc,0x204,PCS_chgStatus,8,PCS_chgPHBEnable,9,1,little_endian,False,1,0,,,,2998,8
dbc/tesla_model3.dbc,0x204,PCS_chgStatus,8,PCS_chgPHCEnable,10,1,little_endian,False,1,0,,,,2998,8
dbc/tesla_model3.dbc,0x204,PCS_chgStatus,8,PCS_chgInstantAcPowerAvailable,16,8,little_endian,False,0.1,0,kW,,,2998,8
dbc/tesla_model3.dbc,0x204,PCS_chgStatus,8,PCS_chgMaxAcPowerAvailable,24,8,little_endian,False,0.1,0,kW,,,2998,8
dbc/tesla_model3.dbc,0x204,PCS_chgStatus,8,PCS_chgPHALineCurrentRequest,32,8,little_endian,False,0.1,0,A,,,2998,8
dbc/tesla_model3.dbc,0x204,PCS_chgStatus,8,PCS_chgPHBLineCurrentRequest,40,8,little_endian,False,0.1,0,A,,,2998,8
dbc/tesla_model3.dbc,0x204,PCS_chgStatus,8,PCS_chgPHCLineCurrentRequest,48,8,little_endian,False,0.1,0,A,,,2998,8
dbc/tesla_model3.dbc,0x204,PCS_chgStatus,8,PCS_chgPwmEnableLine,56,1,little_endian,False,1,0,,,,2998,8
dbc/tesla_model3.dbc,0x224,PCS_dcdcStatus,8,PCS_dcdcPrechargeStatus,0,2,little_endian,False,1,0,,,,2998,8
dbc/tesla_model3.dbc,0x224,PCS_dcdcStatus,8,PCS_dcdcHvBusDischargeStatus,4,2,little_endian,False,1,0,,,,2998,8
dbc/tesla_model3.dbc,0x224,PCS_dcdcStatus,8,PCS_dcdcPrechargeRtyCnt,41,3,little_endian,False,1,0,,,,2998,8
dbc/tesla_model3.dbc,0x224,PCS_dcdcStatus,8,PCS_dcdcDischargeRtyCnt,48,4,little_endian,False,1,0,,,,2998,8
dbc/tesla_model3.dbc,0x224,PCS_dcdcStatus,8,PCS_dcdcPrechargeRestartCnt,56,3,little_endian,False,1,0,,,,2998,8
dbc/tesla_model3.dbc,0x224,PCS_dcdcStatus,8,PCS_dcdcInitialPrechargeSubState,59,5,little_endian,False,1,0,,,,2998,8
dbc/tesla_model3.dbc,0x2C4,PCS_logging,8,PCS_chgPhAInputIrms,5,9,little_endian,False,0.1,0,A,PCS_logMessageSelect,0,2999,8
dbc/tesla_model3.dbc,0x2C4,PCS_logging,8,PCS_chgPhBInputIrms,5,9,little_endian,False,0.1,0,A,PCS_logMessageSelect,1,2999,8
dbc/tesla_model3.dbc,0x2C4,PCS_logging,8,PCS_chgPhCInputIrms,5,9,little_endian,False,0.1,0,A,PCS_logMessageSelect,2,2999,8
dbc/tesla_model3.dbc,0x2C4,PCS_logging,8,PCS_chgInputL1NVrms,5,12,little_endian,False,0.2,0,V,PCS_logMessageSelect,3,2999,8
dbc/tesla_model3.dbc,0x2C4,PCS_logging,8,PCS_chgPhAState,5,4,little_endian,False,1,0,,PCS_logMessageSelect,5,2999,8
dbc/tesla_model3.dbc,0x2C4,PCS_logging,8,PCS_chgPhAIntBusVMin10s,5,9,little_endian,False,1,0,V,PCS_logMessageSelect,10,2999,8
dbc/tesla_model3.dbc,0x2C4,PCS_logging,8,PCS_chgPhBIntBusVMin10s,5,9,little_endian,False,1,0,V,PCS_logMessageSelect,11,2999,8
dbc/tesla_model3.dbc,0x2C4,PCS_logging,8,PCS_chgPhCIntBusVMin10s,5,9,little_endian,False,1,0,V,PCS_logMessageSelect,12,2999,8
dbc/tesla_model3.dbc,0x2C4,PCS_logging,8,PCS_chgInputL1NVPeak10s,5,9,little_endian,False,1,0,V,PCS_logMessageSelect,13,2999,8
dbc/tesla_model3.dbc,0x2C4,PCS_logging,8,PCS_chgPhANoFlowBucket,5,9,little_endian,False,0.01,0,-,PCS_logMessageSelect,20,2999,8
dbc/tesla_model3.dbc,0x2C4,PCS_logging,8,PCS_chgInputL1NVdc,5,10,little_endian,True,1,0,V,PCS_logMessageSelect,21,2999,8
dbc/tesla_model3.dbc,0x2C4,PCS_logging,8,PCS_acChargeSelfTestState,7,1,little_endian,False,1,0,,PCS_logMessageSelect,9,2999,8
dbc/tesla_model3.dbc,0x2C4,PCS_logging,8,PCS_chgInputFrequencyL1N,8,12,little_endian,False,0.01,40,Hz,PCS_logMessageSelect,4,2999,8
dbc/tesla_model3.dbc,0x2C4,PCS_logging,8,PCS_chgPhBState,9,4,little_endian,False,1,0,,PCS_logMessageSelect,5,2999,8
dbc/tesla_model3.dbc,0x2C4,PCS_logging,8,PCS_chgPhCState,13,4,little_endian,False,1,0,,PCS_logMessageSelect,5,2999,8
dbc/tesla_model3.dbc,0x2C4,PCS_logging,8,PCS_chgPhAIntBusV,14,9,little_endian,False,1,0,V,PCS_logMessageSelect,0,2999,8
dbc/tesla_model3.dbc,0x2C4,PCS_logging,8,PCS_chgPhBIntBusV,14,9,little_endian,False,1,0,V,PCS_logMessageSelect,1,2999,8
dbc/tesla_model3.dbc,0x2C4,PCS_logging,8,PCS_chgPhCIntBusV,14,9,little_endian,False,1,0,V,PCS_logMessageSelect,2,2999,8
dbc/tesla_model3.dbc,0x2C4,PCS_logging,8,PCS_chgPhAIntBusVMax10s,14,9,little_endian,False,1,0,V,PCS_logMessageSelect,10,2999,8
dbc/tesla_model3.dbc,0x2C4,PCS_logging,8,PCS_chgPhBIntBusVMax10s,14,9,little_endian,False,1,0,V,PCS_logMessageSelect,11,2999,8
dbc/tesla_model3.dbc,0x2C4,PCS_logging,8,PCS_chgPhCIntBusVMax10s,14,9,little_endian,False,1,0,V,PCS_logMessageSelect,12,2999,8
dbc/tesla_model3.dbc,0x2C4,PCS_logging,8,PCS_chgInputL2NVPeak10s,14,9,little_endian,False,1,0,V,PCS_logMessageSelect,13,2999,8
dbc/tesla_model3.dbc,0x2C4,PCS_logging,8,PCS_chgPhBNoFlowBucket,14,9,little_endian,False,0.01,0,-,PCS_logMessageSelect,20,2999,8
dbc/tesla_model3.dbc,0x2C4,PCS_logging,8,PCS_chgInputL2NVdc,16,10,little_endian,True,1,0,V,PCS_logMessageSelect,21,2999,8
dbc/tesla_model3.dbc,0x2C4,PCS_logging,8,PCS_chgInputL2NVrms,17,12,little_endian,False,0.2,0,V,PCS_logMessageSelect,3,2999,8
dbc/tesla_model3.dbc,0x2C4,PCS_logging,8,PCS_chgPhALastShutdownReason,17,5,little_endian,False,1,0,,PCS_logMessageSelect,5,2999,8
dbc/tesla_model3.dbc,0x2C4,PCS_logging,8,PCS_chgInputFrequencyL2N,20,12,little_endian,False,0.01,40,Hz,PCS_logMessageSelect,4,2999,8
dbc/tesla_model3.dbc,0x2C4,PCS_logging,8,PCS_chgPhBLastShutdownReason,22,5,little_endian,False,1,0,,PCS_logMessageSelect,5,2999,8
dbc/tesla_model3.dbc,0x2C4,PCS_logging,8,PCS_chgPhAIntBusVTarget,23,9,little_endian,False,1,0,V,PCS_logMessageSelect,0,2999,8
dbc/tesla_model3.dbc,0x2C4,PCS_logging,8,PCS_chgPhBIntBusVTarget,23,9,little_endian,False,1,0,V,PCS_logMessageSelect,1,2999,8
dbc/tesla_model3.dbc,0x2C4,PCS_logging,8,PCS_chgPhCIntBusVTarget,23,9,little_endian,False,1,0,V,PCS_logMessageSelect,2,2999,8
dbc/tesla_model3.dbc,0x2C4,PCS_logging,8,PCS_chgPhAPchgVoltDeltaMax10s,23,8,little_endian,False,0.5,0,V,PCS_logMessageSelect,10,2999,8
dbc/tesla_model3.dbc,0x2C4,PCS_logging,8,PCS_chgPhBPchgVoltDeltaMax10s,23,8,little_endian,False,0.5,0,V,PCS_logMessageSelect,11,2999,8
dbc/tesla_model3.dbc,0x2C4,PCS_logging,8,PCS_chgPhCPchgVoltDeltaMax10s,23,8,little_endian,False,0.5,0,V,PCS_logMessageSelect,12,2999,8
dbc/tesla_model3.dbc,0x2C4,PCS_logging,8,PCS_chgInputL3NVPeak10s,23,9,little_endian,False,1,0,V,PCS_logMessageSelect,13,2999,8
dbc/tesla_model3.dbc,0x2C4,PCS_logging,8,PCS_chgPhCNoFlowBucket,23,9,little_endian,False,0.01,0,-,PCS_logMessageSelect,20,2999,8
dbc/tesla_model3.dbc,0x2C4,PCS_logging,8,PCS_chgInputL3NVdc,26,10,little_endian,True,1,0,V,PCS_logMessageSelect,21,2999,8
dbc/tesla_model3.dbc,0x2C4,PCS_logging,8,PCS_chgPhCLastShutdownReason,27,5,little_endian,False,1,0,,PCS_logMessageSelect,5,2999,8
dbc/tesla_model3.dbc,0x2C4,PCS_logging,8,PCS_chgInputL3NVrms,29,12,little_endian,False,0.2,0,V,PCS_logMessageSelect,3,2999,8
dbc/tesla_model3.dbc,0x2C4,PCS_logging,8,PCS_chgPhALifetimekWh,31,24,little_endian,False,0.01,0,kWh,PCS_logMessageSelect,10,2999,8
dbc/tesla_model3.dbc,0x2C4,PCS_logging,8,PCS_chgPhBLifetimekWh,31,24,little_endian,False,0.01,0,kWh,PCS_logMessageSelect,11,2999,8
dbc/tesla_model3.dbc,0x2C4,PCS_logging,8,PCS_chgPhCLifetimekWh,31,24,little_endian,False,0.01,0,kWh,PCS_logMessageSelect,12,2999,8
dbc/tesla_model3.dbc,0x2C4,PCS_logging,8,PCS_chgPhAOutputI,32,8,little_endian,False,0.1,0,A,PCS_logMessageSelect,0,2999,8
dbc/tesla_model3.dbc,0x2C4,PCS_logging,8,PCS_chgPhBOutputI,32,8,little_endian,False,0.1,0,A,PCS_logMessageSelect,1,2999,8
dbc/tesla_model3.dbc,0x2C4,PCS_logging,8,PCS_chgPhCOutputI,32,8,little_endian,False,0.1,0,A,PCS_logMessageSelect,2,2999,8
dbc/tesla_model3.dbc,0x2C4,PCS_logging,8,PCS_chgInputFrequencyL3N,32,12,little_endian,False,0.01,40,Hz,PCS_logMessageSelect,4,2999,8
dbc/tesla_model3.dbc,0x2C4,PCS_logging,8,PCS_chgPhARetryCount,32,3,little_endian,False,1,0,,PCS_logMessageSelect,5,2999,8
dbc/tesla_model3.dbc,0x2C4,PCS_logging,8,PCS_chgInputFreqWobblePHAPeak,32,8,little_endian,False,0.01,0,Hz,PCS_logMessageSelect,13,2999,8
dbc/tesla_model3.dbc,0x2C4,PCS_logging,8,PCS_chgPhBRetryCount,35,3,little_endian,False,1,0,,PCS_logMessageSelect,5,2999,8
dbc/tesla_model3.dbc,0x2C4,PCS_logging,8,PCS_chgInputL1L2Vdc,36,10,little_endian,True,1,0,V,PCS_logMessageSelect,21,2999,8
dbc/tesla_model3.dbc,0x2C4,PCS_logging,8,PCS_chgPhCRetryCount,38,3,little_endian,False,1,0,,PCS_logMessageSelect,5,2999,8
dbc/tesla_model3.dbc,0x2C4,PCS_logging,8,PCS_chgInputFreqWobblePHBPeak,40,8,little_endian,False,0.01,0,Hz,PCS_logMessageSelect,13,2999,8
dbc/tesla_model3.dbc,0x2C4,PCS_logging,8,PCS_chgInputL1L2Vrms,41,12,little_endian,False,0.2,0,V,PCS_logMessageSelect,3,2999,8
dbc/tesla_model3.dbc,0x2C4,PCS_logging,8,PCS_chgRetryCount,41,3,little_endian,False,1,0,,PCS_logMessageSelect,5,2999,8
dbc/tesla_model3.dbc,0x2C4,PCS_logging,8,PCS_chgInternalPhaseConfig,44,3,little_endian,False,1,0,,PCS_logMessageSelect,4,2999,8
dbc/tesla_model3.dbc,0x2C4,PCS_logging,8,PCS_chgPhManCurrentToDist,44,10,little_endian,False,0.1,0,A,PCS_logMessageSelect,5,2999,8
dbc/tesla_model3.dbc,0x2C4,PCS_logging,8,PCS_chgInputNGVdc,46,10,little_endian,True,1,0,V,PCS_logMessageSelect,21,2999,8
dbc/tesla_model3.dbc,0x2C4,PCS_logging,8,PCS_chgOutputV,48,12,little_endian,False,0.146484,0,V,PCS_logMessageSelect,4,2999,8
dbc/tesla_model3.dbc,0x2C4,PCS_logging,8,PCS_chgInputFreqWobblePHCPeak,48,8,little_endian,False,0.01,0,Hz,PCS_logMessageSelect,13,2999,8
dbc/tesla_model3.dbc,0x2C4,PCS_logging,8,PCS_chgInputNGVrms,53,9,little_endian,False,1,0,V,PCS_logMessageSelect,3,2999,8
dbc/tesla_model3.dbc,0x2C4,PCS_logging,8,PCS_chgL1NPllLocked,54,1,little_endian,False,1,0,,PCS_logMessageSelect,5,2999,8
dbc/tesla_model3.dbc,0x2C4,PCS_logging,8,PCS_chgL2NPllLocked,55,1,little_endian,False,1,0,,PCS_logMessageSelect,5,2999,8
dbc/tesla_model3.dbc,0x2C4,PCS_logging,8,PCS_chgPhATransientRetryCount,55,9,little_endian,False,0.1,0,-,PCS_logMessageSelect,10,2999,8
dbc/tesla_model3.dbc,0x2C4,PCS_logging,8,PCS_chgPhBTransientRetryCount,55,9,little_endian,False,0.1,0,-,PCS_logMessageSelect,11,2999,8
dbc/tesla_model3.dbc,0x2C4,PCS_logging,8,PCS_chgPhCTransientRetryCount,55,9,little_endian,False,0.1,0,-,PCS_logMessageSelect,12,2999,8
dbc/tesla_model3.dbc,0x2C4,PCS_logging,8,PCS_chgL3NPllLocked,56,1,little_endian,False,1,0,,PCS_logMessageSelect,5,2999,8
dbc/tesla_model3.dbc,0x2C4,PCS_logging,8,PCS_chgL1L2PllLocked,57,1,little_endian,False,1,0,,PCS_logMessageSelect,5,2999,8
dbc/tesla_model3.dbc,0x2C4,PCS_logging,8,PCS_chgNgPllLocked,58,1,little_endian,False,1,0,,PCS_logMessageSelect,5,2999,8
dbc/tesla_model3.dbc,0x2C4,PCS_logging,8,PCS_chgPhManOptimalPhsToUse,59,2,little_endian,False,1,0,,PCS_logMessageSelect,5,2999,8
dbc/tesla_model3.dbc,0x2C4,PCS_logging,8,PCS_chg5VL1Enable,61,1,little_endian,False,1,0,,PCS_logMessageSelect,5,2999,8
dbc/tesla_model3.dbc,0x2A4,PCS_thermalStatus,8,PCS_chgPhATemp,0,11,little_endian,True,0.1,40,C,,,300,8
dbc/tesla_model3.dbc,0x2A4,PCS_thermalStatus,8,PCS_chgPhBTemp,11,11,little_endian,True,0.1,40,C,,,300,8
dbc/tesla_model3.dbc,0x2A4,PCS_thermalStatus,8,PCS_chgPhCTemp,24,11,little_endian,True,0.1,40,C,,,300,8
dbc/tesla_model3.dbc,0x2A4,PCS_thermalStatus,8,PCS_dcdcTemp,35,11,little_endian,True,0.1,40,C,,,300,8
dbc/tesla_model3.dbc,0x2A4,PCS_thermalStatus,8,PCS_ambientTemp,48,11,little_endian,True,0.1,40,C,,,300,8
dbc/tesla_model3.dbc,0x38D,TAS_warningMatrix3,8,TAS_w136_openCircuitCompressor,7,1,little_endian,False,1,0,,,,146,8
dbc/tesla_model3.dbc,0x38D,TAS_warningMatrix3,8,TAS_w144_shortCircuitCompressor,15,1,little_endian,False,1,0,,,,146,8
dbc/tesla_model3.dbc,0x38D,TAS_warningMatrix3,8,TAS_w152_boardFaultCompressor,23,1,little_endian,False,1,0,,,,146,8
dbc/tesla_model3.dbc,0x38D,TAS_warningMatrix3,8,TAS_w160_otherCircuitCompressor,31,1,little_endian,False,1,0,,,,146,8
dbc/tesla_model3.dbc,0x38D,TAS_warningMatrix3,8,TAS_w162_compressorValveOpenGND,33,1,little_endian,False,1,0,,,,146,8
dbc/tesla_model3.dbc,0x333,UI_chargeRequest,4,UI_openChargePortDoorRequest,0,1,little_endian,False,1,0,,,,609,5
dbc/tesla_model3.dbc,0x333,UI_chargeRequest,4,UI_closeChargePortDoorRequest,1,1,little_endian,False,1,0,,,,609,5
dbc/tesla_model3.dbc,0x333,UI_chargeRequest,4,UI_chargeEnableRequest,2,1,little_endian,False,1,0,,,,609,5
dbc/tesla_model3.dbc,0x333,UI_chargeRequest,4,UI_acChargeCurrentLimit,8,7,little_endian,False,1,0,A,,,609,5
dbc/tesla_model3.dbc,0x333,UI_chargeRequest,4,UI_chargeTerminationPct,16,10,little_endian,False,0.1,0,%,,,609,5
dbc/tesla_model3.dbc,0x238,UI_driverAssistMapData,8,UI_inSuperchargerGeofence,6,1,little_endian,False,1,0,,,,600,8
dbc/tesla_model3.dbc,0x340,VCFRONT_alertMatrix,8,VCFRONT_a243_12VOverchargeInstc,6,1,little_endian,False,1,0,,VCFRONT_matrixIndex,4,2998,8
dbc/tesla_model3.dbc,0x340,VCFRONT_alertMatrix,8,VCFRONT_a186_noDriveChgCableCon,9,1,little_endian,False,1,0,,VCFRONT_matrixIndex,3,2998,8
dbc/tesla_model3.dbc,0x340,VCFRONT_alertMatrix,8,VCFRONT_a141_coolantTempBatSns,24,1,little_endian,False,1,0,,VCFRONT_matrixIndex,2,2998,8
dbc/tesla_model3.dbc,0x340,VCFRONT_alertMatrix,8,VCFRONT_a213_12VOvercharge,36,1,little_endian,False,1,0,,VCFRONT_matrixIndex,3,2998,8
dbc/tesla_model3.dbc,0x340,VCFRONT_alertMatrix,8,VCFRONT_a098_DI_THERMAL_MIA,41,1,little_endian,False,1,0,,VCFRONT_matrixIndex,1,2998,8
dbc/tesla_model3.dbc,0x340,VCFRONT_alertMatrix,8,VCFRONT_a160_compressorInhibited,43,1,little_endian,False,1,0,,VCFRONT_matrixIndex,2,2998,8
dbc/tesla_model3.dbc,0x340,VCFRONT_alertMatrix,8,VCFRONT_a161_compressorSelfFault,44,1,little_endian,False,1,0,,VCFRONT_matrixIndex,2,2998,8
dbc/tesla_model3.dbc,0x241,VCFRONT_coolant,7,VCFRONT_coolantFlowBatReason,18,4,little_endian,False,1,0,,,,2997,7
dbc/tesla_model3.dbc,0x241,VCFRONT_coolant,7,VCFRONT_coolantAirPurgeBatState,48,3,little_endian,False,1,0,,,,2997,7
dbc/tesla_model3.dbc,0x2F1,VCFRONT_eFuseDebugStatus,8,VCFRONT_ChargePumpVoltage,24,16,little_endian,False,0.00544368,0,V,VCFRONT_eFuseDebugStatusIndex,16,2997,8
dbc/tesla_model3.dbc,0x2C1,VCFRONT_logging10Hz,8,VCFRONT_compDemandChiller,8,7,little_endian,False,1,0,%,VCFRONT_logging10HzIndex,4,14986,8
dbc/tesla_model3.dbc,0x2C1,VCFRONT_logging10Hz,8,VCFRONT_tempRefrigDischarge,16,11,little_endian,False,0.125,-40,degC,VCFRONT_logging10HzIndex,3,14986,8
dbc/tesla_model3.dbc,0x2C1,VCFRONT_logging10Hz,8,VCFRONT_compLimitPresDischargeHi,26,1,little_endian,False,1,0,,VCFRONT_logging10HzIndex,4,14986,8
dbc/tesla_model3.dbc,0x2C1,VCFRONT_logging10Hz,8,VCFRONT_compLimitTempDischargeHi,27,1,little_endian,False,1,0,,VCFRONT_logging10HzIndex,4,14986,8
dbc/tesla_model3.dbc,0x2C1,VCFRONT_logging10Hz,8,VCFRONT_compLimitTempDischargeSim,38,1,little_endian,False,1,0,,VCFRONT_logging10HzIndex,4,14986,8
dbc/tesla_model3.dbc,0x2C1,VCFRONT_logging10Hz,8,VCFRONT_pumpBatteryOutVoltage,43,7,little_endian,False,0.2,0,V,VCFRONT_logging10HzIndex,0,14986,8
dbc/tesla_model3.dbc,0x2C1,VCFRONT_logging10Hz,8,VCFRONT_tempDischargeSimulated,50,11,little_endian,False,0.125,-40,degC,VCFRONT_logging10HzIndex,3,14986,8
dbc/tesla_model3.dbc,0x2C1,VCFRONT_logging10Hz,8,VCFRONT_pumpBatteryInitd,57,1,little_endian,False,1,0,,VCFRONT_logging10HzIndex,0,14986,8
dbc/tesla_model3.dbc,0x2C1,VCFRONT_logging10Hz,8,VCFRONT_pumpBatteryEnabled,59,1,little_endian,False,1,0,,VCFRONT_logging10HzIndex,0,14986,8
dbc/tesla_model3.dbc,0x2C1,VCFRONT_logging10Hz,8,VCFRONT_pumpBatteryPowerOn,61,1,little_endian,False,1,0,,VCFRONT_logging10HzIndex,0,14986,8
dbc/tesla_model3.dbc,0x381,VCFRONT_logging1Hz,8,VCFRONT_pumpBatteryFETTemp,40,8,little_endian,False,1,-40,degC,VCFRONT_logging1HzIndex,2,8326,8
dbc/tesla_model3.dbc,0x2E1,VCFRONT_status,8,VCFRONT_ChargePumpVoltageStable,9,1,little_endian,False,1,0,,VCFRONT_statusIndex,1,18735,8
dbc/tesla_model3.dbc,0x2E1,VCFRONT_status,8,VCFRONT_airCompressorStatus,25,3,little_endian,False,1,0,,VCFRONT_statusIndex,0,18735,8
dbc/tesla_model3.dbc,0x2E1,VCFRONT_status,8,VCFRONT_timeSpentCharging,25,10,little_endian,False,1,0,min,VCFRONT_statusIndex,1,18735,8
dbc/tesla_model3.dbc,0x2E1,VCFRONT_status,8,VCFRONT_timeSpentDischarging,35,10,little_endian,False,1,0,min,VCFRONT_statusIndex,1,18735,8
dbc/tesla_model3.dbc,0x2E1,VCFRONT_status,8,VCFRONT_chargeNeeded,37,1,little_endian,False,1,0,,VCFRONT_statusIndex,4,18735,8
dbc/tesla_model3.dbc,0x2E1,VCFRONT_status,8,VCFRONT_pressureRefrigDischarge,40,8,little_endian,False,0.125,0,bar,VCFRONT_statusIndex,3,18735,8
dbc/tesla_model3.dbc,0x2E1,VCFRONT_status,8,VCFRONT_12VOverchargeCounter,60,4,little_endian,False,1,0,,VCFRONT_statusIndex,4,18735,8
dbc/tesla_model3.dbc,0x3A1,VCFRONT_vehicleStatus,8,VCFRONT_bmsHvChargeEnable,0,1,little_endian,False,1,0,,,,5995,8
dbc/tesla_model3.dbc,0x360,VCLEFT_alertMatrix,8,VCLEFT_a154_windowThermalFront,37,1,little_endian,False,1,0,,VCLEFT_matrixIndex,2,2997,8
dbc/tesla_model3.dbc,0x360,VCLEFT_alertMatrix,8,VCLEFT_a155_windowThermalRear,38,1,little_endian,False,1,0,,VCLEFT_matrixIndex,2,2997,8
dbc/tesla_model3.dbc,0x360,VCLEFT_alertMatrix,8,VCLEFT_a098_DI_THERMAL_MIA,41,1,little_endian,False,1,0,,VCLEFT_matrixIndex,1,2997,8
dbc/tesla_model3.dbc,0x3C0,VCRIGHT_alertMatrix,8,VCRIGHT_a154_windowThermalFront,37,1,little_endian,False,1,0,,VCRIGHT_matrixIndex,2,2997,8
dbc/tesla_model3.dbc,0x3C0,VCRIGHT_alertMatrix,8,VCRIGHT_a155_windowThermalRear,38,1,little_endian,False,1,0,,VCRIGHT_matrixIndex,2,2997,8
dbc/tesla_model3.dbc,0x3C0,VCRIGHT_alertMatrix,8,VCRIGHT_a098_DI_THERMAL_MIA,41,1,little_endian,False,1,0,,VCRIGHT_matrixIndex,1,2997,8
dbc/tesla_model3.dbc,0x3F9,VCSEC_alertMatrix,8,VCSEC_a098_DI_THERMAL_MIA,41,1,little_endian,False,1,0,,VCSEC_matrixIndex,1,2997,8
dbc/tesla_model3.dbc,0x339,VCSEC_authentication,8,VCSEC_chargePortLockStatus,18,1,little_endian,False,1,0,,,,2997,8
dbc/tesla_model3.dbc,0x1F9,VCSEC_requests,1,VCSEC_chargePortRequest,0,2,little_endian,False,1,0,,,,2997,8
input/tesla_model3_ONYX.dbc,0x1D6,DI_limits,5,DI_limitDischargePower,6,1,little_endian,False,1,0,,,,1069,8
input/tesla_model3_ONYX.dbc,0x201,VCFRONT_logging10Hz2,8,VCFRONT_chillerExvState,3,4,little_endian,False,1,0,,VCFRONT_logging10Hz2,6,11988,8
input/tesla_model3_ONYX.dbc,0x201,VCFRONT_logging10Hz2,8,VCFRONT_tempRefrigDischarge,3,11,little_endian,False,0.125,-40,C,VCFRONT_logging10Hz2,2,11988,8
input/tesla_model3_ONYX.dbc,0x201,VCFRONT_logging10Hz2,8,VCFRONT_compDemandChiller,39,7,little_endian,False,1,0,%,VCFRONT_logging10Hz2,2,11988,8
input/tesla_model3_ONYX.dbc,0x201,VCFRONT_logging10Hz2,8,VCFRONT_pressureRefrigDischargeV,53,8,little_endian,False,0.125,0,bar,VCFRONT_logging10Hz2,2,11988,8
input/tesla_model3_ONYX.dbc,0x82,UI_tripPlanning,8,UI_navToSupercharger,1,1,little_endian,False,1,0,,,,300,8
input/tesla_model3_ONYX.dbc,0x320,BMS_alertMatrix,8,BMS_a063_SW_ChargePort_Fault,6,1,little_endian,False,1,0,,BMS_matrixIndex,1,1499,8
input/tesla_model3_ONYX.dbc,0x320,BMS_alertMatrix,8,BMS_a123_SW_Internal_Isolation,6,1,little_endian,False,1,0,,BMS_matrixIndex,2,1499,8
input/tesla_model3_ONYX.dbc,0x320,BMS_alertMatrix,8,BMS_a075_SW_Chg_Disable_Failure,18,1,little_endian,False,1,0,,BMS_matrixIndex,1,1499,8
input/tesla_model3_ONYX.dbc,0x320,BMS_alertMatrix,8,BMS_a076_SW_Dch_While_Charging,19,1,little_endian,False,1,0,,BMS_matrixIndex,1,1499,8
input/tesla_model3_ONYX.dbc,0x320,BMS_alertMatrix,8,BMS_a077_SW_Charger_Regulation,20,1,little_endian,False,1,0,,BMS_matrixIndex,1,1499,8
input/tesla_model3_ONYX.dbc,0x320,BMS_alertMatrix,8,BMS_a146_SW_Brick_Overdischarged,29,1,little_endian,False,1,0,,BMS_matrixIndex,2,1499,8
input/tesla_model3_ONYX.dbc,0x320,BMS_alertMatrix,8,BMS_a091_SW_ChargePort_MIA,34,1,little_endian,False,1,0,,BMS_matrixIndex,1,1499,8
input/tesla_model3_ONYX.dbc,0x320,BMS_alertMatrix,8,BMS_a151_SW_external_isolation,34,1,little_endian,False,1,0,,BMS_matrixIndex,2,1499,8
input/tesla_model3_ONYX.dbc,0x320,BMS_alertMatrix,8,BMS_a092_SW_ChargePort_Mia_On_Hvs,35,1,little_endian,False,1,0,,BMS_matrixIndex,1,1499,8
input/tesla_model3_ONYX.dbc,0x320,BMS_alertMatrix,8,BMS_a034_SW_Passive_Isolation,37,1,little_endian,False,1,0,,BMS_matrixIndex,0,1499,8
input/tesla_model3_ONYX.dbc,0x320,BMS_alertMatrix,8,BMS_a035_SW_Isolation,38,1,little_endian,False,1,0,,BMS_matrixIndex,0,1499,8
input/tesla_model3_ONYX.dbc,0x320,BMS_alertMatrix,8,BMS_a036_SW_HvpHvilFault,39,1,little_endian,False,1,0,,BMS_matrixIndex,0,1499,8
input/tesla_model3_ONYX.dbc,0x320,BMS_alertMatrix,8,BMS_a163_SW_Contactor_Mismatch,46,1,little_endian,False,1,0,,BMS_matrixIndex,2,1499,8
input/tesla_model3_ONYX.dbc,0x320,BMS_alertMatrix,8,BMS_a053_SW_ThermalModel_Sanity,56,1,little_endian,False,1,0,,BMS_matrixIndex,0,1499,8
input/tesla_model3_ONYX.dbc,0x320,BMS_alertMatrix,8,BMS_a174_SW_Charge_Failure,57,1,little_endian,False,1,0,,BMS_matrixIndex,2,1499,8
input/tesla_model3_ONYX.dbc,0x2D2,BMS_driveLimits,8,BMS_maxChargeCurrent,32,14,little_endian,False,0.1,0,A,,,2997,8
input/tesla_model3_ONYX.dbc,0x2D2,BMS_driveLimits,8,BMS_maxDischargeCurrent,48,14,little_endian,False,0.128,0,A,,,2997,8
input/tesla_model3_ONYX.dbc,0x352,BMS_energyStatus,8,BMS_fullyCharged,15,1,little_endian,False,1,0,,BMS_energyStatusIndex,1,449,8
input/tesla_model3_ONYX.dbc,0x352,BMS_energyStatus,8,BMS_energyToChargeComplete,48,16,little_endian,False,0.02,0,kWh,BMS_energyStatusIndex,1,449,8
input/tesla_model3_ONYX.dbc,0x132,BMS_hvBusStatus,8,BMS_chgTimeToFull,48,12,little_endian,False,0.0166667,0,Hours,,,29973,6
input/tesla_model3_ONYX.dbc,0x3D2,BMS_kwhCounter,8,BMS_kwhDischargeTotal,0,32,little_endian,False,0.001,0,KWh,,,299,8
input/tesla_model3_ONYX.dbc,0x3D2,BMS_kwhCounter,8,BMS_kwhChargeTotal,32,32,little_endian,False,0.001,0,KWh,,,299,8
input/tesla_model3_ONYX.dbc,0x3F2,BMS_kwhCountersMultiplexed,8,BMS_acChargerKwhTotal,8,32,little_endian,False,0.001,0,KWh,BMS_kwhCounter_Id,0,299,8
input/tesla_model3_ONYX.dbc,0x3F2,BMS_kwhCountersMultiplexed,8,BMS_dcChargerKwhTotal,8,32,little_endian,False,0.001,0,KWh,BMS_kwhCounter_Id,1,299,8
input/tesla_model3_ONYX.dbc,0x3F2,BMS_kwhCountersMultiplexed,8,BMS_kwhRegenChargeTotal,8,32,little_endian,False,0.001,0,KWh,BMS_kwhCounter_Id,2,299,8
input/tesla_model3_ONYX.dbc,0x3F2,BMS_kwhCountersMultiplexed,8,BMS_kwhDriveDischargeTotal,8,32,little_endian,False,0.001,0,KWh,BMS_kwhCounter_Id,3,299,8
input/tesla_model3_ONYX.dbc,0x252,BMS_powerAvailable,8,BMS_maxDischargePower,16,16,little_endian,False,0.01,0,kW,,,2997,8
input/tesla_model3_ONYX.dbc,0x212,BMS_status,8,BMS_isolationResistance,19,10,little_endian,False,10,0,kOhm,,,2997,8
input/tesla_model3_ONYX.dbc,0x212,BMS_status,8,BMS_chargeRetryCount,49,4,little_endian,False,1,0,,,,2997,8
input/tesla_model3_ONYX.dbc,0x312,BMS_thermalStatus,8,BMS_powerDissipation,0,10,little_endian,False,0.02,0,kW,,,599,8
input/tesla_model3_ONYX.dbc,0x312,BMS_thermalStatus,8,BMS_inletPassiveTargetT,26,9,little_endian,False,0.25,-25,DegC,,,599,8
input/tesla_model3_ONYX.dbc,0x312,BMS_thermalStatus,8,BMS_packTMin,44,9,little_endian,False,0.25,-25,DegC,,,599,8
input/tesla_model3_ONYX.dbc,0x312,BMS_thermalStatus,8,BMS_packTMax,53,9,little_endian,False,0.25,-25,DegC,,,599,8
input/tesla_model3_ONYX.dbc,0x312,BMS_thermalStatus,8,BMS_pcsNoFlowRequest,62,1,little_endian,False,1,0,,,,599,8
input/tesla_model3_ONYX.dbc,0x312,BMS_thermalStatus,8,BMS_noFlowRequest,63,1,little_endian,False,1,0,,,,599,8
input/tesla_model3_ONYX.dbc,0x31E,CP_alertMatrix,8,CP_a064_superchargingBlocked,7,1,little_endian,False,1,0,,CP_matrixIndex,1,1198,8
input/tesla_model3_ONYX.dbc,0x31E,CP_alertMatrix,8,CP_a005_gbdcLiveDisconnect,8,1,little_endian,False,1,0,,CP_matrixIndex,0,1198,8
input/tesla_model3_ONYX.dbc,0x31E,CP_alertMatrix,8,CP_a067_gbdcConnFault,10,1,little_endian,False,1,0,,CP_matrixIndex,1,1198,8
input/tesla_model3_ONYX.dbc,0x31E,CP_alertMatrix,8,CP_a014_lostCommsCHG,17,1,little_endian,False,1,0,,CP_matrixIndex,0,1198,8
input/tesla_model3_ONYX.dbc,0x31E,CP_alertMatrix,8,CP_a023_gbdcSessionFailed,26,1,little_endian,False,1,0,,CP_matrixIndex,0,1198,8
input/tesla_model3_ONYX.dbc,0x31E,CP_alertMatrix,8,CP_a046_lostCommsEVSE,49,1,little_endian,False,1,0,,CP_matrixIndex,0,1198,8
input/tesla_model3_ONYX.dbc,0x31E,CP_alertMatrix,8,CP_a052_evseNotSupported,55,1,little_endian,False,1,0,,CP_matrixIndex,0,1198,8
input/tesla_model3_ONYX.dbc,0x31E,CP_alertMatrix,8,CP_a055_chargeStoppedNoPilot,58,1,little_endian,False,1,0,,CP_matrixIndex,0,1198,8
input/tesla_model3_ONYX.dbc,0x31E,CP_alertMatrix,8,CP_a057_evseFaulted,60,1,little_endian,False,1,0,,CP_matrixIndex,0,1198,8
input/tesla_model3_ONYX.dbc,0x31E,CP_alertMatrix,8,CP_a058_acChargingBlocked,61,1,little_endian,False,1,0,,CP_matrixIndex,0,1198,8
input/tesla_model3_ONYX.dbc,0x21D,CP_evseStatus,8,CP_lineVoltageRequested,2,1,little_endian,False,1,0,,,,2997,8
input/tesla_model3_ONYX.dbc,0x21D,CP_evseStatus,8,CP_proximity,3,2,little_endian,False,1,0,,,,2997,8
input/tesla_model3_ONYX.dbc,0x21D,CP_evseStatus,8,CP_pilot,5,3,little_endian,False,1,0,,,,2997,8
input/tesla_model3_ONYX.dbc,0x21D,CP_evseStatus,8,CP_pilotCurrent,8,8,little_endian,False,0.5,0,A,,,2997,8
input/tesla_model3_ONYX.dbc,0x21D,CP_evseStatus,8,CP_cableType,16,3,little_endian,False,1,0,,,,2997,8
input/tesla_model3_ONYX.dbc,0x21D,CP_evseStatus,8,CP_cableCurrentLimit,24,7,little_endian,False,1,0,A,,,2997,8
input/tesla_model3_ONYX.dbc,0x21D,CP_evseStatus,8,CP_digitalCommsAttempts,32,2,little_endian,False,1,0,,,,2997,8
input/tesla_model3_ONYX.dbc,0x21D,CP_evseStatus,8,CP_teslaSwcanState,34,3,little_endian,False,1,0,,,,2997,8
input/tesla_model3_ONYX.dbc,0x21D,CP_evseStatus,8,CP_acChargeRetriesExceeded,41,1,little_endian,False,1,0,,,,2997,8
input/tesla_model3_ONYX.dbc,0x21D,CP_evseStatus,8,CP_acNumRetries,42,2,little_endian,False,1,0,,,,2997,8
input/tesla_model3_ONYX.dbc,0x21D,CP_evseStatus,8,CP_vehiclePrechargeRequired,44,1,little_endian,False,1,0,,,,2997,8
input/tesla_model3_ONYX.dbc,0x21D,CP_evseStatus,8,CP_gbdcStopChargeReason,53,3,little_endian,False,1,0,,,,2997,8
input/tesla_model3_ONYX.dbc,0x21D,CP_evseStatus,8,CP_gbdcFailureReason,56,2,little_endian,False,1,0,,,,2997,8
input/tesla_model3_ONYX.dbc,0x21D,CP_evseStatus,8,CP_gbdcChargeAttempts,58,2,little_endian,False,1,0,,,,2997,8
input/tesla_model3_ONYX.dbc,0x21D,CP_evseStatus,8,CP_acChargeState,60,2,little_endian,False,1,0,,,,2997,8
input/tesla_model3_ONYX.dbc,0x25D,CP_status,8,CP_chargeCableState,14,2,little_endian,False,1,0,,,,2997,8
input/tesla_model3_ONYX.dbc,0x25D,CP_status,8,CP_chargeDoorOpenUI,51,1,little_endian,False,1,0,,,,2997,8
input/tesla_model3_ONYX.dbc,0x29D,CP_dcChargeStatus,4,CP_evseOutputDcCurrentStale,29,1,little_endian,False,1,0,,,,2997,5
input/tesla_model3_ONYX.dbc,0x3B5,DIS_alertMatrix2,8,DIS_a086_hvilNotPresent,21,1,little_endian,False,1,0,,,,107,8
input/tesla_model3_ONYX.dbc,0x3E5,DIS_alertMatrix4,8,DIS_a241_systemThermallyLimited,48,1,little_endian,False,1,0,,,,107,8
input/tesla_model3_ONYX.dbc,0x7D5,DI_debug,8,DI_tqSatThermal,8,8,little_endian,False,0.4,0,%,DI_debugSelector,39,3742,8
input/tesla_model3_ONYX.dbc,0x7D5,DI_debug,8,DI_pwrSatDischargeCurrent,8,8,little_endian,False,0.4,0,%,DI_debugSelector,40,3742,8
input/tesla_model3_ONYX.dbc,0x7D5,DI_debug,8,DI_pwrSatChargeCurrent,8,8,little_endian,False,0.4,0,%,DI_debugSelector,42,3742,8
input/tesla_model3_ONYX.dbc,0x7D5,DI_debug,8,DI_pwrSatMaxDischargePower,16,8,little_endian,False,0.4,0,%,DI_debugSelector,39,3742,8
input/tesla_model3_ONYX.dbc,0x7D5,DI_debug,8,DI_hvilCurrent,16,10,little_endian,False,0.025,0,mA,DI_debugSelector,65,3742,8
input/tesla_model3_ONYX.dbc,0x7D5,DI_debug,8,DI_hvilCmVoltage,32,10,little_endian,False,0.02,0,V,DI_debugSelector,65,3742,8
input/tesla_model3_ONYX.dbc,0x5D7,DI_thermalControl,4,DI_passiveInletTempReq,0,8,little_endian,False,1,-40,DegC,,,107,5
input/tesla_model3_ONYX.dbc,0x5D7,DI_thermalControl,4,DI_activeInletTempReq,8,8,little_endian,False,1,-40,DegC,,,107,5
input/tesla_model3_ONYX.dbc,0x5D7,DI_thermalControl,4,DI_coolantFlowReq,16,8,little_endian,False,0.2,0,LPM,,,107,5
input/tesla_model3_ONYX.dbc,0x5D7,DI_thermalControl,4,DI_oilFlowReq,24,8,little_endian,False,0.06,0,LPM,,,107,5
input/tesla_model3_ONYX.dbc,0x3C8,EPBL_alertMatrix,8,EPBL_a098_DI_THERMAL_MIA,41,1,little_endian,False,1,0,,EPBL_matrixIndex,1,2997,8
input/tesla_model3_ONYX.dbc,0x3E8,EPBR_alertMatrix,8,EPBR_a098_DI_THERMAL_MIA,41,1,little_endian,False,1,0,,EPBR_matrixIndex,1,2997,8
input/tesla_model3_ONYX.dbc,0x215,FC_status2,1,FC_externalIsolationResistance,0,8,little_endian,False,40,0,kOhm,,,234,1
input/tesla_model3_ONYX.dbc,0x7FF,GTW_carConfig,8,GTW_superchargingAccess,45,2,little_endian,False,1,0,,GTW_carConfigMultiplexer,2,2997,8
input/tesla_model3_ONYX.dbc,0x7FF,GTW_carConfig,8,GTW_compressorType,47,1,little_endian,False,1,0,,GTW_carConfigMultiplexer,2,2997,8
input/tesla_model3_ONYX.dbc,0x7FF,GTW_carConfig,8,GTW_numberHVILNodes,51,3,little_endian,False,1,0,,GTW_carConfigMultiplexer,2,2997,8
input/tesla_model3_ONYX.dbc,0x3AA,HVP_alertMatrix1,8,HVP_w005_OverDchgCurrentFault,4,1,little_endian,False,1,0,,,,599,8
input/tesla_model3_ONYX.dbc,0x3AA,HVP_alertMatrix1,8,HVP_w006_OverChargeCurrentFault,5,1,little_endian,False,1,0,,,,599,8
input/tesla_model3_ONYX.dbc,0x3AA,HVP_alertMatrix1,8,HVP_w026_HvilFault,25,1,little_endian,False,1,0,,,,599,8
input/tesla_model3_ONYX.dbc,0x3AA,HVP_alertMatrix1,8,HVP_w039_PackContactorFellOpen,38,1,little_endian,False,1,0,,,,599,8
input/tesla_model3_ONYX.dbc,0x3AA,HVP_alertMatrix1,8,HVP_w040_FcContactorFellOpen,39,1,little_endian,False,1,0,,,,599,8
input/tesla_model3_ONYX.dbc,0x3AA,HVP_alertMatrix1,8,HVP_w043_packContactorForceOpen,42,1,little_endian,False,1,0,,,,599,8
input/tesla_model3_ONYX.dbc,0x3AA,HVP_alertMatrix1,8,HVP_w044_fcContactorForceOpen,43,1,little_endian,False,1,0,,,,599,8
input/tesla_model3_ONYX.dbc,0x20A,HVP_contactorState,6,HVP_packContNegativeState,0,3,little_endian,False,1,0,,,,299,6
input/tesla_model3_ONYX.dbc,0x20A,HVP_contactorState,6,HVP_packContPositiveState,3,3,little_endian,False,1,0,,,,299,6
input/tesla_model3_ONYX.dbc,0x20A,HVP_contactorState,6,HVP_packContactorSetState,8,4,little_endian,False,1,0,,,,299,6
input/tesla_model3_ONYX.dbc,0x20A,HVP_contactorState,6,HVP_fcContNegativeState,12,3,little_endian,False,1,0,,,,299,6
input/tesla_model3_ONYX.dbc,0x20A,HVP_contactorState,6,HVP_fcContPositiveState,16,3,little_endian,False,1,0,,,,299,6
input/tesla_model3_ONYX.dbc,0x20A,HVP_contactorState,6,HVP_fcContactorSetState,19,4,little_endian,False,1,0,,,,299,6
input/tesla_model3_ONYX.dbc,0x20A,HVP_contactorState,6,HVP_fcCtrsRequestStatus,24,2,little_endian,False,1,0,,,,299,6
input/tesla_model3_ONYX.dbc,0x20A,HVP_contactorState,6,HVP_fcCtrsResetRequestRequired,26,1,little_endian,False,1,0,,,,299,6
input/tesla_model3_ONYX.dbc,0x20A,HVP_contactorState,6,HVP_fcCtrsOpenNowRequested,27,1,little_endian,False,1,0,,,,299,6
input/tesla_model3_ONYX.dbc,0x20A,HVP_contactorState,6,HVP_fcCtrsOpenRequested,28,1,little_endian,False,1,0,,,,299,6
input/tesla_model3_ONYX.dbc,0x20A,HVP_contactorState,6,HVP_fcCtrsClosingAllowed,29,1,little_endian,False,1,0,,,,299,6
input/tesla_model3_ONYX.dbc,0x20A,HVP_contactorState,6,HVP_fcLinkAllowedToEnergizeAc,30,1,little_endian,False,1,0,,,,299,6
input/tesla_model3_ONYX.dbc,0x20A,HVP_contactorState,6,HVP_fcLinkAllowedToEnergizeDc,31,1,little_endian,False,1,0,,,,299,6
input/tesla_model3_ONYX.dbc,0x20A,HVP_contactorState,6,HVP_packCtrsRequestStatus,32,2,little_endian,False,1,0,,,,299,6
input/tesla_model3_ONYX.dbc,0x20A,HVP_contactorState,6,HVP_packCtrsResetRequestRequired,34,1,little_endian,False,1,0,,,,299,6
input/tesla_model3_ONYX.dbc,0x20A,HVP_contactorState,6,HVP_packCtrsOpenNowRequested,35,1,little_endian,False,1,0,,,,299,6
input/tesla_model3_ONYX.dbc,0x20A,HVP_contactorState,6,HVP_packCtrsOpenRequested,36,1,little_endian,False,1,0,,,,299,6
input/tesla_model3_ONYX.dbc,0x20A,HVP_contactorState,6,HVP_packCtrsClosingAllowed,37,1,little_endian,False,1,0,,,,299,6
input/tesla_model3_ONYX.dbc,0x20A,HVP_contactorState,6,HVP_dcLinkAllowedToEnergize,38,1,little_endian,False,1,0,,,,299,6
input/tesla_model3_ONYX.dbc,0x20A,HVP_contactorState,6,HVP_pyroTestInProgress,39,1,little_endian,False,1,0,,,,299,6
input/tesla_model3_ONYX.dbc,0x20A,HVP_contactorState,6,HVP_hvilStatus,40,4,little_endian,False,1,0,,,,299,6
input/tesla_model3_ONYX.dbc,0x7AA,HVP_debugMessage,8,HVP_gpioPcsChargePwmEnable,24,1,little_endian,False,1,0,,HVP_debugMessageMultiplexer,0,3897,8
input/tesla_model3_ONYX.dbc,0x7AA,HVP_debugMessage,8,HVP_gpioHvilEnable,26,1,little_endian,False,1,0,,HVP_debugMessageMultiplexer,0,3897,8
input/tesla_model3_ONYX.dbc,0x7AA,HVP_debugMessage,8,HVP_hvilInVoltage,28,12,little_endian,False,0.1,0,V,HVP_debugMessageMultiplexer,4,3897,8
input/tesla_model3_ONYX.dbc,0x7AA,HVP_debugMessage,8,HVP_hvilOutVoltage,40,12,little_endian,False,0.1,0,V,HVP_debugMessageMultiplexer,4,3897,8
input/tesla_model3_ONYX.dbc,0x3A4,PCS_alertMatrix,8,PCS_a001_chgHwInputOc,4,1,little_endian,False,1,0,,PCS_matrixIndex,0,300,8
input/tesla_model3_ONYX.dbc,0x3A4,PCS_alertMatrix,8,PCS_a061_chgVLineRationality,4,1,little_endian,False,1,0,,PCS_matrixIndex,1,300,8
input/tesla_model3_ONYX.dbc,0x3A4,PCS_alertMatrix,8,PCS_a002_chgHwOutputOc,5,1,little_endian,False,1,0,,PCS_matrixIndex,0,300,8
input/tesla_model3_ONYX.dbc,0x3A4,PCS_alertMatrix,8,PCS_a062_chgILineRationality,5,1,little_endian,False,1,0,,PCS_matrixIndex,1,300,8
input/tesla_model3_ONYX.dbc,0x3A4,PCS_alertMatrix,8,PCS_a003_chgHwInputOv,6,1,little_endian,False,1,0,,PCS_matrixIndex,0,300,8
input/tesla_model3_ONYX.dbc,0x3A4,PCS_alertMatrix,8,PCS_a063_chgVOutRationality,6,1,little_endian,False,1,0,,PCS_matrixIndex,1,300,8
input/tesla_model3_ONYX.dbc,0x3A4,PCS_alertMatrix,8,PCS_a004_chgHwIntBusOv,7,1,little_endian,False,1,0,,PCS_matrixIndex,0,300,8
input/tesla_model3_ONYX.dbc,0x3A4,PCS_alertMatrix,8,PCS_a064_chgIOutRationality,7,1,little_endian,False,1,0,,PCS_matrixIndex,1,300,8
input/tesla_model3_ONYX.dbc,0x3A4,PCS_alertMatrix,8,PCS_a005_chgOutputOv,8,1,little_endian,False,1,0,,PCS_matrixIndex,0,300,8
input/tesla_model3_ONYX.dbc,0x3A4,PCS_alertMatrix,8,PCS_a065_chgPllNotLocked,8,1,little_endian,False,1,0,,PCS_matrixIndex,1,300,8
input/tesla_model3_ONYX.dbc,0x3A4,PCS_alertMatrix,8,PCS_a006_chgPrechargeFailedScr,9,1,little_endian,False,1,0,,PCS_matrixIndex,0,300,8
input/tesla_model3_ONYX.dbc,0x3A4,PCS_alertMatrix,8,PCS_a007_chgPhaseTempHot,10,1,little_endian,False,1,0,,PCS_matrixIndex,0,300,8
input/tesla_model3_ONYX.dbc,0x3A4,PCS_alertMatrix,8,PCS_a008_chgPhaseOverTemp,11,1,little_endian,False,1,0,,PCS_matrixIndex,0,300,8
input/tesla_model3_ONYX.dbc,0x3A4,PCS_alertMatrix,8,PCS_a009_chgPfcCurrentRegulation,12,1,little_endian,False,1,0,,PCS_matrixIndex,0,300,8
input/tesla_model3_ONYX.dbc,0x3A4,PCS_alertMatrix,8,PCS_a069_chgPfcLineDidt,12,1,little_endian,False,1,0,,PCS_matrixIndex,1,300,8
input/tesla_model3_ONYX.dbc,0x3A4,PCS_alertMatrix,8,PCS_a010_chgIntBusVRegulation,13,1,little_endian,False,1,0,,PCS_matrixIndex,0,300,8
input/tesla_model3_ONYX.dbc,0x3A4,PCS_alertMatrix,8,PCS_a070_chgPfcLineDvdt,13,1,little_endian,False,1,0,,PCS_matrixIndex,1,300,8
input/tesla_model3_ONYX.dbc,0x3A4,PCS_alertMatrix,8,PCS_a011_chgLlcCurrentRegulation,14,1,little_endian,False,1,0,,PCS_matrixIndex,0,300,8
input/tesla_model3_ONYX.dbc,0x3A4,PCS_alertMatrix,8,PCS_a071_chgPfcILoopRationality,14,1,little_endian,False,1,0,,PCS_matrixIndex,1,300,8
input/tesla_model3_ONYX.dbc,0x3A4,PCS_alertMatrix,8,PCS_a012_chgPfcIBandTracerFault,15,1,little_endian,False,1,0,,PCS_matrixIndex,0,300,8
input/tesla_model3_ONYX.dbc,0x3A4,PCS_alertMatrix,8,PCS_a013_chgPrechargeFailedBoost,16,1,little_endian,False,1,0,,PCS_matrixIndex,0,300,8
input/tesla_model3_ONYX.dbc,0x3A4,PCS_alertMatrix,8,PCS_a014_chgTempRationality,17,1,little_endian,False,1,0,,PCS_matrixIndex,0,300,8
input/tesla_model3_ONYX.dbc,0x3A4,PCS_alertMatrix,8,PCS_a074_hvBusDischargeFailure,17,1,little_endian,False,1,0,,PCS_matrixIndex,1,300,8
input/tesla_model3_ONYX.dbc,0x3A4,PCS_alertMatrix,8,PCS_a015_chg12vUv,18,1,little_endian,False,1,0,,PCS_matrixIndex,0,300,8
input/tesla_model3_ONYX.dbc,0x3A4,PCS_alertMatrix,8,PCS_a075_hvBusDischargeTimeout,18,1,little_endian,False,1,0,,PCS_matrixIndex,1,300,8
input/tesla_model3_ONYX.dbc,0x3A4,PCS_alertMatrix,8,PCS_a016_chgAllPhasesFaulted,19,1,little_endian,False,1,0,,PCS_matrixIndex,0,300,8
input/tesla_model3_ONYX.dbc,0x3A4,PCS_alertMatrix,8,PCS_a017_chgWallPowerRemoval,20,1,little_endian,False,1,0,,PCS_matrixIndex,0,300,8
input/tesla_model3_ONYX.dbc,0x3A4,PCS_alertMatrix,8,PCS_a018_chgUnknownGridConfig,21,1,little_endian,False,1,0,,PCS_matrixIndex,0,300,8
input/tesla_model3_ONYX.dbc,0x3A4,PCS_alertMatrix,8,PCS_a078_chgStopDcdcTooHot,21,1,little_endian,False,1,0,,PCS_matrixIndex,1,300,8
input/tesla_model3_ONYX.dbc,0x3A4,PCS_alertMatrix,8,PCS_a019_acChargePowerLimited,22,1,little_endian,False,1,0,,PCS_matrixIndex,0,300,8
input/tesla_model3_ONYX.dbc,0x3A4,PCS_alertMatrix,8,PCS_a020_chgEnableLineMismatch,23,1,little_endian,False,1,0,,PCS_matrixIndex,0,300,8
input/tesla_model3_ONYX.dbc,0x3A4,PCS_alertMatrix,8,PCS_a081_dcdcPchgTimeout,24,1,little_endian,False,1,0,,PCS_matrixIndex,1,300,8
input/tesla_model3_ONYX.dbc,0x3A4,PCS_alertMatrix,8,PCS_a082_dcdcPchgUnsafeDiVoltage,25,1,little_endian,False,1,0,,PCS_matrixIndex,1,300,8
input/tesla_model3_ONYX.dbc,0x3A4,PCS_alertMatrix,8,PCS_a084_dcdcPchgStartVoltages,27,1,little_endian,False,1,0,,PCS_matrixIndex,1,300,8
input/tesla_model3_ONYX.dbc,0x3A4,PCS_alertMatrix,8,PCS_a027_chgInsufficientCooling,30,1,little_endian,False,1,0,,PCS_matrixIndex,0,300,8
input/tesla_model3_ONYX.dbc,0x3A4,PCS_alertMatrix,8,PCS_a028_chgOutputUv,31,1,little_endian,False,1,0,,PCS_matrixIndex,0,300,8
input/tesla_model3_ONYX.dbc,0x3A4,PCS_alertMatrix,8,PCS_a088_pchgParameters,31,1,little_endian,False,1,0,,PCS_matrixIndex,1,300,8
input/tesla_model3_ONYX.dbc,0x3A4,PCS_alertMatrix,8,PCS_a029_chgPowerRationality,32,1,little_endian,False,1,0,,PCS_matrixIndex,0,300,8
input/tesla_model3_ONYX.dbc,0x3A4,PCS_alertMatrix,8,PCS_a089_hvBusDischargeIrrational,32,1,little_endian,False,1,0,,PCS_matrixIndex,1,300,8
input/tesla_model3_ONYX.dbc,0x3A4,PCS_alertMatrix,8,PCS_a043_hvBusPrechargeFailure,46,1,little_endian,False,1,0,,PCS_matrixIndex,0,300,8
input/tesla_model3_ONYX.dbc,0x3A4,PCS_alertMatrix,8,PCS_a051_chgIntBusUv,54,1,little_endian,False,1,0,,PCS_matrixIndex,0,300,8
input/tesla_model3_ONYX.dbc,0x3A4,PCS_alertMatrix,8,PCS_a053_chgInputVDropHigh,56,1,little_endian,False,1,0,,PCS_matrixIndex,0,300,8
input/tesla_model3_ONYX.dbc,0x3A4,PCS_alertMatrix,8,PCS_a054_chgInputVDropTooHigh,57,1,little_endian,False,1,0,,PCS_matrixIndex,0,300,8
input/tesla_model3_ONYX.dbc,0x3A4,PCS_alertMatrix,8,PCS_a055_chgLineImedanceHigh,58,1,little_endian,False,1,0,,PCS_matrixIndex,0,300,8
input/tesla_model3_ONYX.dbc,0x3A4,PCS_alertMatrix,8,PCS_a056_chgLineImedanceTooHigh,59,1,little_endian,False,1,0,,PCS_matrixIndex,0,300,8
input/tesla_model3_ONYX.dbc,0x3A4,PCS_alertMatrix,8,PCS_a057_chgInputOverFreq,60,1,little_endian,False,1,0,,PCS_matrixIndex,0,300,8
input/tesla_model3_ONYX.dbc,0x3A4,PCS_alertMatrix,8,PCS_a058_chgInputUnderFreq,61,1,little_endian,False,1,0,,PCS_matrixIndex,0,300,8
input/tesla_model3_ONYX.dbc,0x3A4,PCS_alertMatrix,8,PCS_a059_chgInputOvRms,62,1,little_endian,False,1,0,,PCS_matrixIndex,0,300,8
input/tesla_model3_ONYX.dbc,0x3A4,PCS_alertMatrix,8,PCS_a060_chgInputOvPeak,63,1,little_endian,False,1,0,,PCS_matrixIndex,0,300,8
input/tesla_model3_ONYX.dbc,0x264,PCS_chgLineStatus,6,PCS_chgInputVoltage,0,14,little_endian,False,0.033,0,V,,,2998,6
input/tesla_model3_ONYX.dbc,0x264,PCS_chgLineStatus,6,PCS_chgLineCurrent,14,9,little_endian,False,0.1,0,A,,,2998,6
input/tesla_model3_ONYX.dbc,0x264,PCS_chgLineStatus,6,PCS_chgInputPower,24,8,little_endian,False,0.1,0,kW,,,2998,6
input/tesla_model3_ONYX.dbc,0x264,PCS_chgLineStatus,6,PCS_chgAcCurrentLimit,32,10,little_endian,False,0.1,0,A,,,2998,6
input/tesla_model3_ONYX.dbc,0x204,PCS_chgStatus,8,PCS_chgMainState,0,4,little_endian,False,1,0,,,,2998,8
input/tesla_model3_ONYX.dbc,0x204,PCS_chgStatus,8,PCS_chargeStatus,4,2,little_endian,False,1,0,,,,2998,8
input/tesla_model3_ONYX.dbc,0x204,PCS_chgStatus,8,PCS_gridConfig,6,2,little_endian,False,1,0,,,,2998,8
input/tesla_model3_ONYX.dbc,0x204,PCS_chgStatus,8,PCS_chgPHAEnable,8,1,little_endian,False,1,0,,,,2998,8
input/tesla_model3_ONYX.dbc,0x204,PCS_chgStatus,8,PCS_chgPHBEnable,9,1,little_endian,False,1,0,,,,2998,8
input/tesla_model3_ONYX.dbc,0x204,PCS_chgStatus,8,PCS_chgPHCEnable,10,1,little_endian,False,1,0,,,,2998,8
input/tesla_model3_ONYX.dbc,0x204,PCS_chgStatus,8,PCS_chgInstantAcPowerAvailable,16,8,little_endian,False,0.1,0,kW,,,2998,8
input/tesla_model3_ONYX.dbc,0x204,PCS_chgStatus,8,PCS_chgMaxAcPowerAvailable,24,8,little_endian,False,0.1,0,kW,,,2998,8
input/tesla_model3_ONYX.dbc,0x204,PCS_chgStatus,8,PCS_chgPHALineCurrentRequest,32,8,little_endian,False,0.1,0,A,,,2998,8
input/tesla_model3_ONYX.dbc,0x204,PCS_chgStatus,8,PCS_chgPHBLineCurrentRequest,40,8,little_endian,False,0.1,0,A,,,2998,8
input/tesla_model3_ONYX.dbc,0x204,PCS_chgStatus,8,PCS_chgPHCLineCurrentRequest,48,8,little_endian,False,0.1,0,A,,,2998,8
input/tesla_model3_ONYX.dbc,0x204,PCS_chgStatus,8,PCS_chgPwmEnableLine,56,1,little_endian,False,1,0,,,,2998,8
input/tesla_model3_ONYX.dbc,0x224,PCS_dcdcStatus,8,PCS_dcdcPrechargeStatus,0,2,little_endian,False,1,0,,,,2998,8
input/tesla_model3_ONYX.dbc,0x224,PCS_dcdcStatus,8,PCS_dcdcHvBusDischargeStatus,4,2,little_endian,False,1,0,,,,2998,8
input/tesla_model3_ONYX.dbc,0x224,PCS_dcdcStatus,8,PCS_dcdcPrechargeRtyCnt,41,3,little_endian,False,1,0,,,,2998,8
input/tesla_model3_ONYX.dbc,0x224,PCS_dcdcStatus,8,PCS_dcdcDischargeRtyCnt,48,4,little_endian,False,1,0,,,,2998,8
input/tesla_model3_ONYX.dbc,0x224,PCS_dcdcStatus,8,PCS_dcdcPrechargeRestartCnt,56,3,little_endian,False,1,0,,,,2998,8
input/tesla_model3_ONYX.dbc,0x224,PCS_dcdcStatus,8,PCS_dcdcInitialPrechargeSubState,59,5,little_endian,False,1,0,,,,2998,8
input/tesla_model3_ONYX.dbc,0x2C4,PCS_logging,8,PCS_chgPhAInputIrms,5,9,little_endian,False,0.1,0,A,PCS_logMessageSelect,0,2999,8
input/tesla_model3_ONYX.dbc,0x2C4,PCS_logging,8,PCS_chgPhBInputIrms,5,9,little_endian,False,0.1,0,A,PCS_logMessageSelect,1,2999,8
input/tesla_model3_ONYX.dbc,0x2C4,PCS_logging,8,PCS_chgPhCInputIrms,5,9,little_endian,False,0.1,0,A,PCS_logMessageSelect,2,2999,8
input/tesla_model3_ONYX.dbc,0x2C4,PCS_logging,8,PCS_chgInputL1NVrms,5,12,little_endian,False,0.2,0,V,PCS_logMessageSelect,3,2999,8
input/tesla_model3_ONYX.dbc,0x2C4,PCS_logging,8,PCS_chgPhAState,5,4,little_endian,False,1,0,,PCS_logMessageSelect,5,2999,8
input/tesla_model3_ONYX.dbc,0x2C4,PCS_logging,8,PCS_chgPhAIntBusVMin10s,5,9,little_endian,False,1,0,V,PCS_logMessageSelect,10,2999,8
input/tesla_model3_ONYX.dbc,0x2C4,PCS_logging,8,PCS_chgPhBIntBusVMin10s,5,9,little_endian,False,1,0,V,PCS_logMessageSelect,11,2999,8
input/tesla_model3_ONYX.dbc,0x2C4,PCS_logging,8,PCS_chgPhCIntBusVMin10s,5,9,little_endian,False,1,0,V,PCS_logMessageSelect,12,2999,8
input/tesla_model3_ONYX.dbc,0x2C4,PCS_logging,8,PCS_chgInputL1NVPeak10s,5,9,little_endian,False,1,0,V,PCS_logMessageSelect,13,2999,8
input/tesla_model3_ONYX.dbc,0x2C4,PCS_logging,8,PCS_chgPhANoFlowBucket,5,9,little_endian,False,0.01,0,-,PCS_logMessageSelect,20,2999,8
input/tesla_model3_ONYX.dbc,0x2C4,PCS_logging,8,PCS_chgInputL1NVdc,5,10,little_endian,True,1,0,V,PCS_logMessageSelect,21,2999,8
input/tesla_model3_ONYX.dbc,0x2C4,PCS_logging,8,PCS_acChargeSelfTestState,7,1,little_endian,False,1,0,,PCS_logMessageSelect,9,2999,8
input/tesla_model3_ONYX.dbc,0x2C4,PCS_logging,8,PCS_chgInputFrequencyL1N,8,12,little_endian,False,0.01,40,Hz,PCS_logMessageSelect,4,2999,8
input/tesla_model3_ONYX.dbc,0x2C4,PCS_logging,8,PCS_chgPhBState,9,4,little_endian,False,1,0,,PCS_logMessageSelect,5,2999,8
input/tesla_model3_ONYX.dbc,0x2C4,PCS_logging,8,PCS_chgPhCState,13,4,little_endian,False,1,0,,PCS_logMessageSelect,5,2999,8
input/tesla_model3_ONYX.dbc,0x2C4,PCS_logging,8,PCS_chgPhAIntBusV,14,9,little_endian,False,1,0,V,PCS_logMessageSelect,0,2999,8
input/tesla_model3_ONYX.dbc,0x2C4,PCS_logging,8,PCS_chgPhBIntBusV,14,9,little_endian,False,1,0,V,PCS_logMessageSelect,1,2999,8
input/tesla_model3_ONYX.dbc,0x2C4,PCS_logging,8,PCS_chgPhCIntBusV,14,9,little_endian,False,1,0,V,PCS_logMessageSelect,2,2999,8
input/tesla_model3_ONYX.dbc,0x2C4,PCS_logging,8,PCS_chgPhAIntBusVMax10s,14,9,little_endian,False,1,0,V,PCS_logMessageSelect,10,2999,8
input/tesla_model3_ONYX.dbc,0x2C4,PCS_logging,8,PCS_chgPhBIntBusVMax10s,14,9,little_endian,False,1,0,V,PCS_logMessageSelect,11,2999,8
input/tesla_model3_ONYX.dbc,0x2C4,PCS_logging,8,PCS_chgPhCIntBusVMax10s,14,9,little_endian,False,1,0,V,PCS_logMessageSelect,12,2999,8
input/tesla_model3_ONYX.dbc,0x2C4,PCS_logging,8,PCS_chgInputL2NVPeak10s,14,9,little_endian,False,1,0,V,PCS_logMessageSelect,13,2999,8
input/tesla_model3_ONYX.dbc,0x2C4,PCS_logging,8,PCS_chgPhBNoFlowBucket,14,9,little_endian,False,0.01,0,-,PCS_logMessageSelect,20,2999,8
input/tesla_model3_ONYX.dbc,0x2C4,PCS_logging,8,PCS_chgInputL2NVdc,16,10,little_endian,True,1,0,V,PCS_logMessageSelect,21,2999,8
input/tesla_model3_ONYX.dbc,0x2C4,PCS_logging,8,PCS_chgInputL2NVrms,17,12,little_endian,False,0.2,0,V,PCS_logMessageSelect,3,2999,8
input/tesla_model3_ONYX.dbc,0x2C4,PCS_logging,8,PCS_chgPhALastShutdownReason,17,5,little_endian,False,1,0,,PCS_logMessageSelect,5,2999,8
input/tesla_model3_ONYX.dbc,0x2C4,PCS_logging,8,PCS_chgInputFrequencyL2N,20,12,little_endian,False,0.01,40,Hz,PCS_logMessageSelect,4,2999,8
input/tesla_model3_ONYX.dbc,0x2C4,PCS_logging,8,PCS_chgPhBLastShutdownReason,22,5,little_endian,False,1,0,,PCS_logMessageSelect,5,2999,8
input/tesla_model3_ONYX.dbc,0x2C4,PCS_logging,8,PCS_chgPhAIntBusVTarget,23,9,little_endian,False,1,0,V,PCS_logMessageSelect,0,2999,8
input/tesla_model3_ONYX.dbc,0x2C4,PCS_logging,8,PCS_chgPhBIntBusVTarget,23,9,little_endian,False,1,0,V,PCS_logMessageSelect,1,2999,8
input/tesla_model3_ONYX.dbc,0x2C4,PCS_logging,8,PCS_chgPhCIntBusVTarget,23,9,little_endian,False,1,0,V,PCS_logMessageSelect,2,2999,8
input/tesla_model3_ONYX.dbc,0x2C4,PCS_logging,8,PCS_chgPhAPchgVoltDeltaMax10s,23,8,little_endian,False,0.5,0,V,PCS_logMessageSelect,10,2999,8
input/tesla_model3_ONYX.dbc,0x2C4,PCS_logging,8,PCS_chgPhBPchgVoltDeltaMax10s,23,8,little_endian,False,0.5,0,V,PCS_logMessageSelect,11,2999,8
input/tesla_model3_ONYX.dbc,0x2C4,PCS_logging,8,PCS_chgPhCPchgVoltDeltaMax10s,23,8,little_endian,False,0.5,0,V,PCS_logMessageSelect,12,2999,8
input/tesla_model3_ONYX.dbc,0x2C4,PCS_logging,8,PCS_chgInputL3NVPeak10s,23,9,little_endian,False,1,0,V,PCS_logMessageSelect,13,2999,8
input/tesla_model3_ONYX.dbc,0x2C4,PCS_logging,8,PCS_chgPhCNoFlowBucket,23,9,little_endian,False,0.01,0,-,PCS_logMessageSelect,20,2999,8
input/tesla_model3_ONYX.dbc,0x2C4,PCS_logging,8,PCS_chgInputL3NVdc,26,10,little_endian,True,1,0,V,PCS_logMessageSelect,21,2999,8
input/tesla_model3_ONYX.dbc,0x2C4,PCS_logging,8,PCS_chgPhCLastShutdownReason,27,5,little_endian,False,1,0,,PCS_logMessageSelect,5,2999,8
input/tesla_model3_ONYX.dbc,0x2C4,PCS_logging,8,PCS_chgInputL3NVrms,29,12,little_endian,False,0.2,0,V,PCS_logMessageSelect,3,2999,8
input/tesla_model3_ONYX.dbc,0x2C4,PCS_logging,8,PCS_chgPhALifetimekWh,31,24,little_endian,False,0.01,0,kWh,PCS_logMessageSelect,10,2999,8
input/tesla_model3_ONYX.dbc,0x2C4,PCS_logging,8,PCS_chgPhBLifetimekWh,31,24,little_endian,False,0.01,0,kWh,PCS_logMessageSelect,11,2999,8
input/tesla_model3_ONYX.dbc,0x2C4,PCS_logging,8,PCS_chgPhCLifetimekWh,31,24,little_endian,False,0.01,0,kWh,PCS_logMessageSelect,12,2999,8
input/tesla_model3_ONYX.dbc,0x2C4,PCS_logging,8,PCS_chgPhAOutputI,32,8,little_endian,False,0.1,0,A,PCS_logMessageSelect,0,2999,8
input/tesla_model3_ONYX.dbc,0x2C4,PCS_logging,8,PCS_chgPhBOutputI,32,8,little_endian,False,0.1,0,A,PCS_logMessageSelect,1,2999,8
input/tesla_model3_ONYX.dbc,0x2C4,PCS_logging,8,PCS_chgPhCOutputI,32,8,little_endian,False,0.1,0,A,PCS_logMessageSelect,2,2999,8
input/tesla_model3_ONYX.dbc,0x2C4,PCS_logging,8,PCS_chgInputFrequencyL3N,32,12,little_endian,False,0.01,40,Hz,PCS_logMessageSelect,4,2999,8
input/tesla_model3_ONYX.dbc,0x2C4,PCS_logging,8,PCS_chgPhARetryCount,32,3,little_endian,False,1,0,,PCS_logMessageSelect,5,2999,8
input/tesla_model3_ONYX.dbc,0x2C4,PCS_logging,8,PCS_chgInputFreqWobblePHAPeak,32,8,little_endian,False,0.01,0,Hz,PCS_logMessageSelect,13,2999,8
input/tesla_model3_ONYX.dbc,0x2C4,PCS_logging,8,PCS_chgPhBRetryCount,35,3,little_endian,False,1,0,,PCS_logMessageSelect,5,2999,8
input/tesla_model3_ONYX.dbc,0x2C4,PCS_logging,8,PCS_chgInputL1L2Vdc,36,10,little_endian,True,1,0,V,PCS_logMessageSelect,21,2999,8
input/tesla_model3_ONYX.dbc,0x2C4,PCS_logging,8,PCS_chgPhCRetryCount,38,3,little_endian,False,1,0,,PCS_logMessageSelect,5,2999,8
input/tesla_model3_ONYX.dbc,0x2C4,PCS_logging,8,PCS_chgInputFreqWobblePHBPeak,40,8,little_endian,False,0.01,0,Hz,PCS_logMessageSelect,13,2999,8
input/tesla_model3_ONYX.dbc,0x2C4,PCS_logging,8,PCS_chgInputL1L2Vrms,41,12,little_endian,False,0.2,0,V,PCS_logMessageSelect,3,2999,8
input/tesla_model3_ONYX.dbc,0x2C4,PCS_logging,8,PCS_chgRetryCount,41,3,little_endian,False,1,0,,PCS_logMessageSelect,5,2999,8
input/tesla_model3_ONYX.dbc,0x2C4,PCS_logging,8,PCS_chgInternalPhaseConfig,44,3,little_endian,False,1,0,,PCS_logMessageSelect,4,2999,8
input/tesla_model3_ONYX.dbc,0x2C4,PCS_logging,8,PCS_chgPhManCurrentToDist,44,10,little_endian,False,0.1,0,A,PCS_logMessageSelect,5,2999,8
input/tesla_model3_ONYX.dbc,0x2C4,PCS_logging,8,PCS_chgInputNGVdc,46,10,little_endian,True,1,0,V,PCS_logMessageSelect,21,2999,8
input/tesla_model3_ONYX.dbc,0x2C4,PCS_logging,8,PCS_chgOutputV,48,12,little_endian,False,0.146484,0,V,PCS_logMessageSelect,4,2999,8
input/tesla_model3_ONYX.dbc,0x2C4,PCS_logging,8,PCS_chgInputFreqWobblePHCPeak,48,8,little_endian,False,0.01,0,Hz,PCS_logMessageSelect,13,2999,8
input/tesla_model3_ONYX.dbc,0x2C4,PCS_logging,8,PCS_chgInputNGVrms,53,9,little_endian,False,1,0,V,PCS_logMessageSelect,3,2999,8
input/tesla_model3_ONYX.dbc,0x2C4,PCS_logging,8,PCS_chgL1NPllLocked,54,1,little_endian,False,1,0,,PCS_logMessageSelect,5,2999,8
input/tesla_model3_ONYX.dbc,0x2C4,PCS_logging,8,PCS_chgL2NPllLocked,55,1,little_endian,False,1,0,,PCS_logMessageSelect,5,2999,8
input/tesla_model3_ONYX.dbc,0x2C4,PCS_logging,8,PCS_chgPhATransientRetryCount,55,9,little_endian,False,0.1,0,-,PCS_logMessageSelect,10,2999,8
input/tesla_model3_ONYX.dbc,0x2C4,PCS_logging,8,PCS_chgPhBTransientRetryCount,55,9,little_endian,False,0.1,0,-,PCS_logMessageSelect,11,2999,8
input/tesla_model3_ONYX.dbc,0x2C4,PCS_logging,8,PCS_chgPhCTransientRetryCount,55,9,little_endian,False,0.1,0,-,PCS_logMessageSelect,12,2999,8
input/tesla_model3_ONYX.dbc,0x2C4,PCS_logging,8,PCS_chgL3NPllLocked,56,1,little_endian,False,1,0,,PCS_logMessageSelect,5,2999,8
input/tesla_model3_ONYX.dbc,0x2C4,PCS_logging,8,PCS_chgL1L2PllLocked,57,1,little_endian,False,1,0,,PCS_logMessageSelect,5,2999,8
input/tesla_model3_ONYX.dbc,0x2C4,PCS_logging,8,PCS_chgNgPllLocked,58,1,little_endian,False,1,0,,PCS_logMessageSelect,5,2999,8
input/tesla_model3_ONYX.dbc,0x2C4,PCS_logging,8,PCS_chgPhManOptimalPhsToUse,59,2,little_endian,False,1,0,,PCS_logMessageSelect,5,2999,8
input/tesla_model3_ONYX.dbc,0x2C4,PCS_logging,8,PCS_chg5VL1Enable,61,1,little_endian,False,1,0,,PCS_logMessageSelect,5,2999,8
input/tesla_model3_ONYX.dbc,0x2A4,PCS_thermalStatus,8,PCS_chgPhATemp,0,11,little_endian,True,0.1,40,C,,,300,8
input/tesla_model3_ONYX.dbc,0x2A4,PCS_thermalStatus,8,PCS_chgPhBTemp,11,11,little_endian,True,0.1,40,C,,,300,8
input/tesla_model3_ONYX.dbc,0x2A4,PCS_thermalStatus,8,PCS_chgPhCTemp,24,11,little_endian,True,0.1,40,C,,,300,8
input/tesla_model3_ONYX.dbc,0x2A4,PCS_thermalStatus,8,PCS_dcdcTemp,35,11,little_endian,True,0.1,40,C,,,300,8
input/tesla_model3_ONYX.dbc,0x2A4,PCS_thermalStatus,8,PCS_ambientTemp,48,11,little_endian,True,0.1,40,C,,,300,8
input/tesla_model3_ONYX.dbc,0x38D,TAS_warningMatrix3,8,TAS_w136_openCircuitCompressor,7,1,little_endian,False,1,0,,,,146,8
input/tesla_model3_ONYX.dbc,0x38D,TAS_warningMatrix3,8,TAS_w144_shortCircuitCompressor,15,1,little_endian,False,1,0,,,,146,8
input/tesla_model3_ONYX.dbc,0x38D,TAS_warningMatrix3,8,TAS_w152_boardFaultCompressor,23,1,little_endian,False,1,0,,,,146,8
input/tesla_model3_ONYX.dbc,0x38D,TAS_warningMatrix3,8,TAS_w160_otherCircuitCompressor,31,1,little_endian,False,1,0,,,,146,8
input/tesla_model3_ONYX.dbc,0x38D,TAS_warningMatrix3,8,TAS_w162_compressorValveOpenGND,33,1,little_endian,False,1,0,,,,146,8
input/tesla_model3_ONYX.dbc,0x333,UI_chargeRequest,4,UI_openChargePortDoorRequest,0,1,little_endian,False,1,0,,,,609,5
input/tesla_model3_ONYX.dbc,0x333,UI_chargeRequest,4,UI_closeChargePortDoorRequest,1,1,little_endian,False,1,0,,,,609,5
input/tesla_model3_ONYX.dbc,0x333,UI_chargeRequest,4,UI_chargeEnableRequest,2,1,little_endian,False,1,0,,,,609,5
input/tesla_model3_ONYX.dbc,0x333,UI_chargeRequest,4,UI_acChargeCurrentLimit,8,7,little_endian,False,1,0,A,,,609,5
input/tesla_model3_ONYX.dbc,0x333,UI_chargeRequest,4,UI_chargeTerminationPct,16,10,little_endian,False,0.1,0,%,,,609,5
input/tesla_model3_ONYX.dbc,0x238,UI_driverAssistMapData,8,UI_inSuperchargerGeofence,6,1,little_endian,False,1,0,,,,600,8
input/tesla_model3_ONYX.dbc,0x340,VCFRONT_alertMatrix,8,VCFRONT_a243_12VOverchargeInstc,6,1,little_endian,False,1,0,,VCFRONT_matrixIndex,4,2998,8
input/tesla_model3_ONYX.dbc,0x340,VCFRONT_alertMatrix,8,VCFRONT_a186_noDriveChgCableCon,9,1,little_endian,False,1,0,,VCFRONT_matrixIndex,3,2998,8
input/tesla_model3_ONYX.dbc,0x340,VCFRONT_alertMatrix,8,VCFRONT_a141_coolantTempBatSns,24,1,little_endian,False,1,0,,VCFRONT_matrixIndex,2,2998,8
input/tesla_model3_ONYX.dbc,0x340,VCFRONT_alertMatrix,8,VCFRONT_a213_12VOvercharge,36,1,little_endian,False,1,0,,VCFRONT_matrixIndex,3,2998,8
input/tesla_model3_ONYX.dbc,0x340,VCFRONT_alertMatrix,8,VCFRONT_a098_DI_THERMAL_MIA,41,1,little_endian,False,1,0,,VCFRONT_matrixIndex,1,2998,8
input/tesla_model3_ONYX.dbc,0x340,VCFRONT_alertMatrix,8,VCFRONT_a160_compressorInhibited,43,1,little_endian,False,1,0,,VCFRONT_matrixIndex,2,2998,8
input/tesla_model3_ONYX.dbc,0x340,VCFRONT_alertMatrix,8,VCFRONT_a161_compressorSelfFault,44,1,little_endian,False,1,0,,VCFRONT_matrixIndex,2,2998,8
input/tesla_model3_ONYX.dbc,0x241,VCFRONT_coolant,7,VCFRONT_coolantFlowBatReason,18,4,little_endian,False,1,0,,,,2997,7
input/tesla_model3_ONYX.dbc,0x241,VCFRONT_coolant,7,VCFRONT_coolantAirPurgeBatState,48,3,little_endian,False,1,0,,,,2997,7
input/tesla_model3_ONYX.dbc,0x2F1,VCFRONT_eFuseDebugStatus,8,VCFRONT_ChargePumpVoltage,24,16,little_endian,False,0.00544368,0,V,VCFRONT_eFuseDebugStatusIndex,16,2997,8
input/tesla_model3_ONYX.dbc,0x2C1,VCFRONT_logging10Hz,8,VCFRONT_compLimitPresDischargeHi,3,1,little_endian,False,1,0,,VCFRONT_logging10HzIndex,3,14986,8
input/tesla_model3_ONYX.dbc,0x2C1,VCFRONT_logging10Hz,8,VCFRONT_compLimitTempDischargeHi,4,1,little_endian,False,1,0,,VCFRONT_logging10HzIndex,3,14986,8
input/tesla_model3_ONYX.dbc,0x2C1,VCFRONT_logging10Hz,8,VCFRONT_compLimitTempDischargeSi,19,1,little_endian,False,1,0,,VCFRONT_logging10HzIndex,3,14986,8
input/tesla_model3_ONYX.dbc,0x2C1,VCFRONT_logging10Hz,8,VCFRONT_pumpBatteryOutVoltage,24,7,little_endian,False,0.2,0,V,VCFRONT_logging10HzIndex,0,14986,8
input/tesla_model3_ONYX.dbc,0x2C1,VCFRONT_logging10Hz,8,VCFRONT_pumpBatteryInitd,39,1,little_endian,False,1,0,,VCFRONT_logging10HzIndex,0,14986,8
input/tesla_model3_ONYX.dbc,0x2C1,VCFRONT_logging10Hz,8,VCFRONT_pumpBatteryEnabled,41,1,little_endian,False,1,0,,VCFRONT_logging10HzIndex,0,14986,8
input/tesla_model3_ONYX.dbc,0x2C1,VCFRONT_logging10Hz,8,VCFRONT_pumpBatteryPowerOn,43,1,little_endian,False,1,0,,VCFRONT_logging10HzIndex,0,14986,8
input/tesla_model3_ONYX.dbc,0x2C1,VCFRONT_logging10Hz,8,VCFRONT_tempDischargeSimulated,44,11,little_endian,False,0.125,-40,C,VCFRONT_logging10HzIndex,3,14986,8
input/tesla_model3_ONYX.dbc,0x381,VCFRONT_logging1Hz,8,VCFRONT_chillerExvRange,5,9,little_endian,False,3,0,ticks,VCFRONT_logging1HzIndex,7,8326,8
input/tesla_model3_ONYX.dbc,0x381,VCFRONT_logging1Hz,8,VCFRONT_chillerExvCalibOffset,8,8,little_endian,True,4,0,ticks,VCFRONT_logging1HzIndex,11,8326,8
input/tesla_model3_ONYX.dbc,0x381,VCFRONT_logging1Hz,8,VCFRONT_dischargePressureTarget,8,7,little_endian,False,0.25,0,bar,VCFRONT_logging1HzIndex,14,8326,8
input/tesla_model3_ONYX.dbc,0x381,VCFRONT_logging1Hz,8,VCFRONT_CMPDischargeSuperheat,17,5,little_endian,True,1,6,C,VCFRONT_logging1HzIndex,8,8326,8
input/tesla_model3_ONYX.dbc,0x381,VCFRONT_logging1Hz,8,VCFRONT_PDischargeControllerOutp,24,8,little_endian,False,0.5,0,%,VCFRONT_logging1HzIndex,14,8326,8
input/tesla_model3_ONYX.dbc,0x381,VCFRONT_logging1Hz,8,VCFRONT_chillerPassiveCoolPower,24,8,little_endian,True,60,7560,W,VCFRONT_logging1HzIndex,12,8326,8
input/tesla_model3_ONYX.dbc,0x381,VCFRONT_logging1Hz,8,VCFRONT_chillerInletTempEstimate,27,8,little_endian,True,1,0,C,VCFRONT_logging1HzIndex,13,8326,8
input/tesla_model3_ONYX.dbc,0x381,VCFRONT_logging1Hz,8,VCFRONT_pumpBatteryFETTemp,36,8,little_endian,False,1,-40,C,VCFRONT_logging1HzIndex,1,8326,8
input/tesla_model3_ONYX.dbc,0x381,VCFRONT_logging1Hz,8,VCFRONT_chillerLiftDisabledLowPs,39,1,little_endian,False,1,0,,VCFRONT_logging1HzIndex,14,8326,8
input/tesla_model3_ONYX.dbc,0x381,VCFRONT_logging1Hz,8,VCFRONT_maxChillerCoolingPower,40,8,little_endian,False,100,0,W,VCFRONT_logging1HzIndex,15,8326,8
input/tesla_model3_ONYX.dbc,0x381,VCFRONT_logging1Hz,8,VCFRONT_estCompressorRpm,48,6,little_endian,False,400,0,rpm,VCFRONT_logging1HzIndex,10,8326,8
input/tesla_model3_ONYX.dbc,0x381,VCFRONT_logging1Hz,8,VCFRONT_minAllowedChillerPowerIn,48,8,little_endian,False,40,0,W,VCFRONT_logging1HzIndex,12,8326,8
input/tesla_model3_ONYX.dbc,0x381,VCFRONT_logging1Hz,8,VCFRONT_chillerExvCalibFailed,56,1,little_endian,False,1,0,,VCFRONT_logging1HzIndex,11,8326,8
input/tesla_model3_ONYX.dbc,0x381,VCFRONT_logging1Hz,8,VCFRONT_maxCompressorRPMAllowed,56,7,little_endian,False,90,0,rpm,VCFRONT_logging1HzIndex,14,8326,8
input/tesla_model3_ONYX.dbc,0x2E1,VCFRONT_status,8,VCFRONT_ChargePumpVoltageStable,9,1,little_endian,False,1,0,,VCFRONT_statusIndex,5,18735,8
input/tesla_model3_ONYX.dbc,0x2E1,VCFRONT_status,8,VCFRONT_chargeNeeded,13,1,little_endian,False,1,0,,VCFRONT_statusIndex,4,18735,8
input/tesla_model3_ONYX.dbc,0x2E1,VCFRONT_status,8,VCFRONT_12VOverchargeCounter,16,4,little_endian,False,1,0,,VCFRONT_statusIndex,4,18735,8
input/tesla_model3_ONYX.dbc,0x2E1,VCFRONT_status,8,VCFRONT_airCompressorStatus,25,3,little_endian,False,1,0,,VCFRONT_statusIndex,0,18735,8
input/tesla_model3_ONYX.dbc,0x2E1,VCFRONT_status,8,VCFRONT_pressureRefrigDischarge,40,8,little_endian,False,0.125,0,bar,VCFRONT_statusIndex,3,18735,8
input/tesla_model3_ONYX.dbc,0x3A1,VCFRONT_vehicleStatus,8,VCFRONT_bmsHvChargeEnable,0,1,little_endian,False,1,0,,,,5995,8
input/tesla_model3_ONYX.dbc,0x3A1,VCFRONT_vehicleStatus,8,VCFRONT_thermalSystemType,5,1,little_endian,False,1,0,,,,5995,8
input/tesla_model3_ONYX.dbc,0x360,VCLEFT_alertMatrix,8,VCLEFT_a154_windowThermalFront,37,1,little_endian,False,1,0,,VCLEFT_matrixIndex,2,2997,8
input/tesla_model3_ONYX.dbc,0x360,VCLEFT_alertMatrix,8,VCLEFT_a155_windowThermalRear,38,1,little_endian,False,1,0,,VCLEFT_matrixIndex,2,2997,8
input/tesla_model3_ONYX.dbc,0x360,VCLEFT_alertMatrix,8,VCLEFT_a098_DI_THERMAL_MIA,41,1,little_endian,False,1,0,,VCLEFT_matrixIndex,1,2997,8
input/tesla_model3_ONYX.dbc,0x3C0,VCRIGHT_alertMatrix,8,VCRIGHT_a154_windowThermalFront,37,1,little_endian,False,1,0,,VCRIGHT_matrixIndex,2,2997,8
input/tesla_model3_ONYX.dbc,0x3C0,VCRIGHT_alertMatrix,8,VCRIGHT_a155_windowThermalRear,38,1,little_endian,False,1,0,,VCRIGHT_matrixIndex,2,2997,8
input/tesla_model3_ONYX.dbc,0x3C0,VCRIGHT_alertMatrix,8,VCRIGHT_a098_DI_THERMAL_MIA,41,1,little_endian,False,1,0,,VCRIGHT_matrixIndex,1,2997,8
input/tesla_model3_ONYX.dbc,0x3F9,VCSEC_alertMatrix,8,VCSEC_a098_DI_THERMAL_MIA,41,1,little_endian,False,1,0,,VCSEC_matrixIndex,1,2997,8
input/tesla_model3_ONYX.dbc,0x339,VCSEC_authentication,8,VCSEC_chargePortLockStatus,18,1,little_endian,False,1,0,,,,2997,8
input/tesla_model3_ONYX.dbc,0x1F9,VCSEC_requests,1,VCSEC_chargePortRequest,0,2,little_endian,False,1,0,,,,2997,8
