time_s,BMS_packVoltage,BMS_packCurrent,derived_packPower_kW,DI_accelPedalPos,DI_gear,DI_systemState,DI_brakePedalState,DI_driveBlocked,DI_tractionControlMode,DI_elecPower,DI_vehicleSpeed,VCLEFT_brakeSwitchPressed,VCLEFT_brakePressed,DI_torqueCommand,DI_torqueActual,DI_axleSpeed,derived_axleMechanicalPower_kW,DI_sysDrivePowerMax,DI_sysRegenPowerMax,BMS_maxDischargeCurrent,BMS_maxChargeCurrent,BMS_socUI,BMS_socMin,BMS_socMax
0.0,,,,,,,,,,,,,,,,,,,,,,,,
0.1,347.3,1.2000000000000002,0.4167600000000001,0.0,P,STANDBY,INVALID,2.0,NORMAL,0.0,0.0,0.0,0.0,0.0,0.0,0.0,0.0,247.0,92.0,682.624,250.0,32.5,32.1,34.800000000000004
0.2,347.29,1.2000000000000002,0.4167480000000001,0.0,P,STANDBY,INVALID,2.0,NORMAL,0.0,0.0,0.0,0.0,0.0,0.0,0.0,0.0,247.0,92.0,682.624,250.0,32.5,32.1,34.800000000000004
0.3,347.16,1.2000000000000002,0.4165920000000001,0.0,P,STANDBY,INVALID,2.0,NORMAL,0.0,0.0,0.0,0.0,0.0,0.0,-0.1,-0.0,247.0,92.0,682.624,250.0,32.5,32.1,34.800000000000004
0.4,347.26,1.2000000000000002,0.416712,0.0,P,STANDBY,INVALID,2.0,NORMAL,0.0,0.0,0.0,0.0,0.0,0.0,0.0,0.0,247.0,92.0,682.624,250.0,32.5,32.1,34.800000000000004
0.5,347.23,1.2000000000000002,0.4166760000000001,0.0,P,STANDBY,INVALID,2.0,NORMAL,0.0,0.0,0.0,0.0,0.0,0.0,0.0,0.0,247.0,92.0,682.624,250.0,32.5,32.1,34.800000000000004
0.6,347.31,1.2000000000000002,0.41677200000000003,0.0,P,STANDBY,INVALID,2.0,NORMAL,0.0,0.0,0.0,0.0,0.0,0.0,0.1,0.0,247.0,92.0,682.624,250.0,32.5,32.1,34.800000000000004
0.7,347.05,1.2000000000000002,0.4164600000000001,0.0,P,STANDBY,INVALID,2.0,NORMAL,0.0,0.0,0.0,0.0,0.0,0.0,0.0,0.0,247.0,92.0,682.624,250.0,32.5,32.1,34.800000000000004
0.8,347.12,1.1,0.38183200000000006,0.0,P,STANDBY,INVALID,2.0,NORMAL,0.0,0.0,0.0,0.0,0.0,0.0,0.0,0.0,247.0,92.0,682.624,250.0,32.5,32.1,34.800000000000004
0.9,347.22,1.2000000000000002,0.4166640000000001,0.0,P,STANDBY,INVALID,2.0,NORMAL,0.0,0.0,0.0,0.0,0.0,0.0,0.0,0.0,247.0,92.0,682.624,250.0,32.5,32.1,34.800000000000004
1.0,347.22,1.2000000000000002,0.4166640000000001,0.0,P,STANDBY,INVALID,2.0,NORMAL,0.0,0.0,0.0,0.0,0.0,0.0,0.0,0.0,247.0,92.0,682.624,250.0,32.5,32.1,34.800000000000004
1.1,347.18,1.2000000000000002,0.41661600000000004,0.0,P,STANDBY,INVALID,2.0,NORMAL,0.0,0.0,0.0,0.0,0.0,0.0,0.0,0.0,247.0,92.0,682.624,250.0,32.5,32.1,34.800000000000004
1.2,347.28000000000003,1.2000000000000002,0.4167360000000001,0.0,P,STANDBY,INVALID,2.0,NORMAL,0.0,0.0,0.0,0.0,0.0,0.0,-0.1,-0.0,247.0,92.0,682.624,250.0,32.5,32.1,34.800000000000004
1.3,347.2,1.2000000000000002,0.41664000000000007,0.0,P,STANDBY,INVALID,2.0,NORMAL,0.0,0.0,0.0,0.0,0.0,0.0,-0.1,-0.0,247.0,92.0,682.624,250.0,32.5,32.1,34.800000000000004
1.4,347.19,1.2000000000000002,0.41662800000000005,0.0,P,STANDBY,INVALID,2.0,NORMAL,0.0,0.0,0.0,0.0,0.0,0.0,0.1,0.0,247.0,92.0,682.624,250.0,32.5,32.1,34.800000000000004
1.5,347.26,1.2000000000000002,0.416712,0.0,P,STANDBY,INVALID,2.0,NORMAL,0.0,0.0,0.0,0.0,0.0,0.0,0.0,0.0,247.0,92.0,682.624,250.0,32.5,32.1,34.800000000000004
1.6,347.15000000000003,1.2000000000000002,0.4165800000000001,0.0,P,STANDBY,INVALID,2.0,NORMAL,0.0,0.0,0.0,0.0,0.0,0.0,0.0,0.0,247.0,92.0,682.624,250.0,32.5,32.1,34.800000000000004
1.7,347.22,1.2000000000000002,0.4166640000000001,0.0,P,STANDBY,INVALID,2.0,NORMAL,0.0,0.0,0.0,0.0,0.0,0.0,0.1,0.0,247.0,92.0,682.624,250.0,32.5,32.1,34.800000000000004
1.8,347.09000000000003,1.2000000000000002,0.4165080000000001,0.0,P,STANDBY,INVALID,2.0,NORMAL,0.0,0.0,0.0,0.0,0.0,0.0,0.0,0.0,247.0,92.0,682.624,250.0,32.5,32.1,34.800000000000004
1.9,347.29,1.2000000000000002,0.4167480000000001,0.0,P,STANDBY,INVALID,2.0,NORMAL,0.0,0.0,0.0,0.0,0.0,0.0,-0.1,-0.0,247.0,92.0,682.624,250.0,32.5,32.1,34.800000000000004
2.0,347.29,1.2000000000000002,0.4167480000000001,0.0,P,STANDBY,INVALID,2.0,NORMAL,0.0,0.0,0.0,0.0,0.0,0.0,0.0,0.0,247.0,92.0,682.624,250.0,32.5,32.1,34.800000000000004
2.1,347.31,1.2000000000000002,0.41677200000000003,0.0,P,STANDBY,INVALID,2.0,NORMAL,0.0,0.0,0.0,0.0,0.0,0.0,0.0,0.0,247.0,92.0,682.624,250.0,32.5,32.1,34.800000000000004
2.2,347.22,1.2000000000000002,0.4166640000000001,0.0,P,STANDBY,INVALID,2.0,NORMAL,0.0,0.0,0.0,0.0,0.0,0.0,0.0,0.0,247.0,92.0,682.624,250.0,32.5,32.1,34.800000000000004
2.3,347.2,1.2000000000000002,0.41664000000000007,0.0,P,STANDBY,INVALID,2.0,NORMAL,0.0,0.0,0.0,0.0,0.0,0.0,0.0,0.0,247.0,92.0,682.624,250.0,32.5,32.1,34.800000000000004
2.4,347.22,1.2000000000000002,0.4166640000000001,0.0,P,STANDBY,INVALID,2.0,NORMAL,0.0,0.0,0.0,0.0,0.0,0.0,0.1,0.0,247.0,92.0,682.624,250.0,32.5,32.1,34.800000000000004
2.5,347.25,1.2000000000000002,0.41670000000000007,0.0,P,STANDBY,INVALID,2.0,NORMAL,0.0,0.0,0.0,0.0,0.0,0.0,0.0,0.0,247.0,92.0,682.624,250.0,32.5,32.1,34.800000000000004
2.6,347.2,1.1,0.38192000000000004,0.0,P,STANDBY,INVALID,2.0,NORMAL,0.0,0.0,0.0,0.0,0.0,0.0,-0.1,-0.0,247.0,92.0,682.624,250.0,32.5,32.1,34.800000000000004
2.7,347.2,1.1,0.38192000000000004,0.0,P,STANDBY,INVALID,2.0,NORMAL,0.0,0.0,0.0,0.0,0.0,0.0,0.0,0.0,247.0,92.0,682.624,250.0,32.5,32.1,34.800000000000004
2.8,347.18,1.2000000000000002,0.41661600000000004,0.0,P,STANDBY,INVALID,2.0,NORMAL,0.0,0.0,0.0,0.0,0.0,0.0,0.0,0.0,247.0,92.0,682.624,250.0,32.5,32.1,34.800000000000004
2.9,347.26,1.1,0.38198600000000005,0.0,P,STANDBY,INVALID,2.0,NORMAL,0.0,0.0,0.0,0.0,0.0,0.0,0.0,0.0,247.0,92.0,682.624,250.0,32.5,32.1,34.800000000000004
3.0,347.14,1.3,0.45128199999999996,0.0,P,STANDBY,INVALID,2.0,NORMAL,0.0,0.0,0.0,0.0,0.0,0.0,0.0,0.0,247.0,92.0,682.624,250.0,32.5,32.1,34.800000000000004
3.1,347.27,1.2000000000000002,0.41672400000000004,0.0,P,STANDBY,INVALID,2.0,NORMAL,0.0,0.0,0.0,0.0,0.0,0.0,0.0,0.0,247.0,92.0,682.624,250.0,32.5,32.1,34.800000000000004
3.2,347.35,1.2000000000000002,0.4168200000000001,0.0,P,STANDBY,INVALID,2.0,NORMAL,0.0,0.0,0.0,0.0,0.0,0.0,0.1,0.0,247.0,92.0,682.624,250.0,32.5,32.1,34.800000000000004
3.3,347.16,1.2000000000000002,0.4165920000000001,0.0,P,STANDBY,INVALID,2.0,NORMAL,0.0,0.0,0.0,0.0,0.0,0.0,0.1,0.0,247.0,92.0,682.624,250.0,32.5,32.1,34.800000000000004
3.4,347.27,1.2000000000000002,0.41672400000000004,0.0,P,STANDBY,INVALID,2.0,NORMAL,0.0,0.0,0.0,0.0,0.0,0.0,0.0,0.0,247.0,92.0,682.624,250.0,32.5,32.1,34.800000000000004
3.5,347.15000000000003,1.2000000000000002,0.4165800000000001,0.0,P,STANDBY,INVALID,2.0,NORMAL,0.0,0.0,0.0,0.0,0.0,0.0,0.0,0.0,247.0,92.0,682.624,250.0,32.5,32.1,34.800000000000004
3.6,347.21,1.2000000000000002,0.416652,0.0,P,STANDBY,INVALID,2.0,NORMAL,0.0,0.0,0.0,0.0,0.0,0.0,0.0,0.0,247.0,92.0,682.624,250.0,32.5,32.1,34.800000000000004
3.7,347.33,1.2000000000000002,0.41679600000000006,0.0,P,STANDBY,INVALID,2.0,NORMAL,0.0,0.0,0.0,0.0,0.0,0.0,0.1,0.0,247.0,92.0,682.624,250.0,32.5,32.1,34.800000000000004
3.8,347.2,1.2000000000000002,0.41664000000000007,0.0,P,STANDBY,INVALID,2.0,NORMAL,0.0,0.0,0.0,0.0,0.0,0.0,0.0,0.0,247.0,92.0,682.624,250.0,32.5,32.1,34.800000000000004
3.9,347.24,1.2000000000000002,0.41668800000000006,0.0,P,STANDBY,INVALID,2.0,NORMAL,0.0,0.0,0.0,0.0,0.0,0.0,-0.1,-0.0,247.0,92.0,682.624,250.0,32.5,32.1,34.800000000000004
4.0,347.12,1.2000000000000002,0.416544,0.0,P,STANDBY,INVALID,2.0,NORMAL,0.0,0.0,0.0,0.0,0.0,0.0,0.0,0.0,247.0,92.0,682.624,250.0,32.5,32.1,34.800000000000004
4.1,347.19,1.2000000000000002,0.41662800000000005,0.0,P,STANDBY,INVALID,2.0,NORMAL,0.0,0.0,0.0,0.0,0.0,0.0,0.0,0.0,247.0,92.0,682.624,250.0,32.5,32.1,34.800000000000004
4.2,347.05,1.2000000000000002,0.4164600000000001,0.0,P,STANDBY,INVALID,2.0,NORMAL,0.0,0.0,0.0,0.0,0.0,0.0,0.1,0.0,247.0,92.0,682.624,250.0,32.5,32.1,34.800000000000004
4.3,347.05,1.2000000000000002,0.4164600000000001,0.0,P,STANDBY,INVALID,2.0,NORMAL,0.0,0.0,0.0,0.0,0.0,0.0,0.0,0.0,247.0,92.0,682.624,250.0,32.5,32.1,34.800000000000004
4.4,347.27,1.2000000000000002,0.41672400000000004,0.0,P,STANDBY,INVALID,2.0,NORMAL,0.0,0.0,0.0,0.0,0.0,0.0,0.0,0.0,247.0,92.0,682.624,250.0,32.5,32.1,34.800000000000004
4.5,347.11,1.2000000000000002,0.41653200000000007,0.0,P,STANDBY,INVALID,2.0,NORMAL,0.0,0.0,0.0,0.0,0.0,0.0,0.0,0.0,247.0,92.0,682.624,250.0,32.5,32.1,34.800000000000004
4.6,347.16,1.2000000000000002,0.4165920000000001,0.0,P,STANDBY,INVALID,2.0,NORMAL,0.0,0.0,0.0,0.0,0.0,0.0,0.0,0.0,247.0,92.0,682.624,250.0,32.5,32.1,34.800000000000004
4.7,347.23,1.2000000000000002,0.4166760000000001,0.0,P,STANDBY,INVALID,2.0,NORMAL,0.0,0.0,0.0,0.0,0.0,0.0,0.1,0.0,247.0,92.0,682.624,250.0,32.5,32.1,34.800000000000004
4.8,347.11,1.2000000000000002,0.41653200000000007,0.0,P,STANDBY,INVALID,2.0,NORMAL,0.0,0.0,0.0,0.0,0.0,0.0,-0.1,-0.0,247.0,92.0,682.624,250.0,32.5,32.1,34.800000000000004
4.9,347.13,1.2000000000000002,0.41655600000000004,0.0,P,STANDBY,INVALID,2.0,NORMAL,0.0,0.0,0.0,0.0,0.0,0.0,0.0,0.0,247.0,92.0,682.624,250.0,32.5,32.1,34.800000000000004
5.0,347.14,1.2000000000000002,0.41656800000000005,0.0,P,STANDBY,INVALID,2.0,NORMAL,0.0,0.0,0.0,0.0,0.0,0.0,0.0,0.0,247.0,92.0,682.624,250.0,32.5,32.1,34.800000000000004
5.1,347.15000000000003,1.1,0.38186500000000007,0.0,P,STANDBY,INVALID,2.0,NORMAL,0.0,0.0,0.0,0.0,0.0,0.0,0.0,0.0,247.0,92.0,682.624,250.0,32.5,32.1,34.800000000000004
5.2,347.18,1.2000000000000002,0.41661600000000004,0.0,P,STANDBY,INVALID,2.0,NORMAL,0.0,0.0,0.0,0.0,0.0,0.0,0.0,0.0,247.0,92.0,682.624,250.0,32.5,32.1,34.800000000000004
5.3,347.11,1.2000000000000002,0.41653200000000007,0.0,P,STANDBY,INVALID,2.0,NORMAL,0.0,0.0,0.0,0.0,0.0,0.0,0.0,0.0,247.0,92.0,682.624,250.0,32.5,32.1,34.800000000000004
5.4,347.14,1.2000000000000002,0.41656800000000005,0.0,P,STANDBY,INVALID,2.0,NORMAL,0.0,0.0,0.0,0.0,0.0,0.0,0.0,0.0,247.0,92.0,682.624,250.0,32.5,32.1,34.800000000000004
5.5,347.2,1.2000000000000002,0.41664000000000007,0.0,P,STANDBY,INVALID,2.0,NORMAL,0.0,0.0,0.0,0.0,0.0,0.0,0.0,0.0,247.0,92.0,682.624,250.0,32.5,32.1,34.800000000000004
5.6,347.28000000000003,1.2000000000000002,0.4167360000000001,0.0,P,STANDBY,INVALID,2.0,NORMAL,0.0,0.0,0.0,0.0,0.0,0.0,0.0,0.0,247.0,92.0,682.624,250.0,32.5,32.1,34.800000000000004
5.7,347.18,1.2000000000000002,0.41661600000000004,0.0,P,STANDBY,INVALID,2.0,NORMAL,0.0,0.0,0.0,0.0,0.0,0.0,0.0,0.0,247.0,92.0,682.624,250.0,32.5,32.1,34.800000000000004
5.8,347.27,1.2000000000000002,0.41672400000000004,0.0,P,STANDBY,INVALID,2.0,NORMAL,0.0,0.0,0.0,0.0,0.0,0.0,0.0,0.0,247.0,92.0,682.624,250.0,32.5,32.1,34.800000000000004
5.9,347.12,1.3,0.45125600000000005,0.0,P,STANDBY,INVALID,2.0,NORMAL,0.0,0.0,0.0,0.0,0.0,0.0,0.0,0.0,247.0,92.0,682.624,250.0,32.5,32.1,34.800000000000004
6.0,347.28000000000003,1.3,0.45146400000000003,0.0,P,STANDBY,INVALID,2.0,NORMAL,0.0,0.0,0.0,0.0,0.0,0.0,0.0,0.0,247.0,92.0,682.624,250.0,32.5,32.1,34.800000000000004
6.1,347.27,1.3,0.451451,0.0,P,STANDBY,INVALID,2.0,NORMAL,0.0,0.0,0.0,0.0,0.0,0.0,0.0,0.0,247.0,92.0,682.624,250.0,32.5,32.1,34.800000000000004
6.2,347.42,1.3,0.451646,0.0,P,STANDBY,INVALID,2.0,NORMAL,0.0,0.0,0.0,0.0,0.0,0.0,-0.1,-0.0,247.0,92.0,682.624,250.0,32.5,32.1,34.800000000000004
6.3,347.25,1.3,0.451425,0.0,P,STANDBY,INVALID,2.0,NORMAL,0.0,0.0,0.0,0.0,0.0,0.0,0.1,0.0,247.0,92.0,682.624,250.0,32.5,32.1,34.800000000000004
6.4,347.21,1.3,0.45137299999999997,0.0,P,STANDBY,INVALID,2.0,NORMAL,0.0,0.0,0.0,0.0,0.0,0.0,0.0,0.0,247.0,92.0,682.624,250.0,32.5,32.1,34.800000000000004
6.5,347.16,1.3,0.45130800000000004,0.0,P,STANDBY,INVALID,2.0,NORMAL,0.0,0.0,0.0,0.0,0.0,0.0,0.0,0.0,247.0,92.0,682.624,250.0,32.5,32.1,34.800000000000004
6.6,347.11,1.3,0.45124300000000006,0.0,P,STANDBY,INVALID,2.0,NORMAL,0.0,0.0,0.0,0.0,0.0,0.0,0.0,0.0,247.0,92.0,682.624,250.0,32.5,32.1,34.800000000000004
6.7,347.29,1.3,0.451477,0.0,P,STANDBY,INVALID,2.0,NORMAL,0.0,0.0,0.0,0.0,0.0,0.0,0.0,0.0,247.0,92.0,682.624,250.0,32.5,32.1,34.800000000000004
6.8,347.15000000000003,1.3,0.45129500000000006,0.0,P,STANDBY,INVALID,2.0,NORMAL,0.0,0.0,0.0,0.0,0.0,0.0,-0.1,-0.0,247.0,92.0,682.624,250.0,32.5,32.1,34.800000000000004
6.9,347.26,1.3,0.451438,0.0,P,STANDBY,INVALID,2.0,NORMAL,0.0,0.0,0.0,0.0,0.0,0.0,0.0,0.0,247.0,92.0,682.624,250.0,32.5,32.1,34.800000000000004
7.0,347.25,1.3,0.451425,0.0,P,STANDBY,INVALID,2.0,NORMAL,0.0,0.0,0.0,0.0,0.0,0.0,0.0,0.0,247.0,92.0,682.624,250.0,32.5,32.1,34.800000000000004
7.1,347.09000000000003,1.3,0.45121700000000003,0.0,P,STANDBY,INVALID,2.0,NORMAL,0.0,0.0,0.0,0.0,0.0,0.0,0.1,0.0,247.0,92.0,682.624,250.0,32.5,32.1,34.800000000000004
7.2,347.28000000000003,1.3,0.45146400000000003,0.0,P,STANDBY,INVALID,2.0,NORMAL,0.0,0.0,0.0,0.0,0.0,0.0,0.0,0.0,247.0,92.0,682.624,250.0,32.5,32.1,34.800000000000004
7.3,347.33,1.3,0.451529,0.0,P,STANDBY,INVALID,2.0,NORMAL,0.0,0.0,0.0,0.0,0.0,0.0,0.0,0.0,247.0,92.0,682.624,250.0,32.5,32.1,34.800000000000004
7.4,347.22,1.3,0.451386,0.0,P,STANDBY,INVALID,2.0,NORMAL,0.0,0.0,0.0,0.0,0.0,0.0,0.0,0.0,247.0,92.0,682.624,250.0,32.5,32.1,34.800000000000004
7.5,347.28000000000003,1.3,0.45146400000000003,0.0,P,STANDBY,INVALID,2.0,NORMAL,0.0,0.0,0.0,0.0,0.0,0.0,-0.1,-0.0,247.0,92.0,682.624,250.0,32.5,32.1,34.800000000000004
7.6,347.28000000000003,1.4000000000000001,0.48619200000000007,0.0,P,STANDBY,INVALID,2.0,NORMAL,0.0,0.0,0.0,0.0,0.0,0.0,-0.1,-0.0,247.0,92.0,682.624,250.0,32.5,32.1,34.800000000000004
7.7,347.16,1.3,0.45130800000000004,0.0,P,STANDBY,INVALID,2.0,NORMAL,0.0,0.0,0.0,0.0,0.0,0.0,0.1,0.0,247.0,92.0,682.624,250.0,32.5,32.1,34.800000000000004
7.8,347.28000000000003,1.4000000000000001,0.48619200000000007,0.0,P,STANDBY,INVALID,2.0,NORMAL,0.0,0.0,0.0,0.0,0.0,0.0,0.1,0.0,247.0,92.0,682.624,250.0,32.5,32.1,34.800000000000004
7.9,347.40000000000003,1.3,0.4516200000000001,0.0,P,STANDBY,INVALID,2.0,NORMAL,0.0,0.0,0.0,0.0,0.0,0.0,0.0,0.0,247.0,92.0,682.624,250.0,32.5,32.1,34.800000000000004
8.0,347.15000000000003,1.3,0.45129500000000006,0.0,P,STANDBY,INVALID,2.0,NORMAL,0.0,0.0,0.0,0.0,0.0,0.0,0.0,0.0,247.0,92.0,682.624,250.0,32.5,32.1,34.800000000000004
8.1,347.28000000000003,1.4000000000000001,0.48619200000000007,0.0,P,STANDBY,INVALID,2.0,NORMAL,0.0,0.0,0.0,0.0,0.0,0.0,0.0,0.0,247.0,92.0,682.624,250.0,32.5,32.1,34.800000000000004
8.2,347.36,1.3,0.451568,0.0,P,STANDBY,INVALID,2.0,NORMAL,0.0,0.0,0.0,0.0,0.0,0.0,0.0,0.0,247.0,92.0,682.624,250.0,32.5,32.1,34.800000000000004
8.3,347.40000000000003,1.4000000000000001,0.48636000000000007,0.0,P,STANDBY,INVALID,2.0,NORMAL,0.0,0.0,0.0,0.0,0.0,0.0,0.1,0.0,247.0,92.0,682.624,250.0,32.5,32.1,34.800000000000004
8.4,347.31,1.3,0.45150300000000004,0.0,P,STANDBY,INVALID,2.0,NORMAL,0.0,0.0,0.0,0.0,0.0,0.0,0.0,0.0,247.0,92.0,682.624,250.0,32.5,32.1,34.800000000000004
8.5,347.43,1.3,0.45165900000000003,0.0,P,STANDBY,INVALID,2.0,NORMAL,0.0,0.0,0.0,0.0,0.0,0.0,0.0,0.0,247.0,92.0,682.624,250.0,32.5,32.1,34.800000000000004
8.6,347.27,1.3,0.451451,0.0,P,STANDBY,INVALID,2.0,NORMAL,0.0,0.0,0.0,0.0,0.0,0.0,0.1,0.0,247.0,92.0,682.624,250.0,32.5,32.1,34.800000000000004
8.7,347.37,1.3,0.451581,0.0,P,STANDBY,INVALID,2.0,NORMAL,0.0,0.0,0.0,0.0,0.0,0.0,0.0,0.0,247.0,92.0,682.624,250.0,32.5,32.1,34.800000000000004
8.8,347.48,1.3,0.45172400000000007,0.0,P,STANDBY,INVALID,2.0,NORMAL,0.0,0.0,0.0,0.0,0.0,0.0,0.0,0.0,247.0,92.0,682.624,250.0,32.5,32.1,34.800000000000004
8.9,347.37,1.3,0.451581,0.0,P,STANDBY,INVALID,2.0,NORMAL,0.0,0.0,0.0,0.0,0.0,0.0,0.0,0.0,247.0,92.0,682.624,250.0,32.5,32.1,34.800000000000004
9.0,347.37,1.3,0.451581,0.0,P,STANDBY,INVALID,2.0,NORMAL,0.0,0.0,0.0,0.0,0.0,0.0,0.0,0.0,247.0,92.0,682.624,250.0,32.5,32.1,34.800000000000004
9.1,347.37,1.3,0.451581,0.0,P,STANDBY,INVALID,2.0,NORMAL,0.0,0.0,0.0,0.0,0.0,0.0,0.0,0.0,247.0,92.0,682.624,250.0,32.5,32.1,34.800000000000004
9.2,347.43,1.3,0.45165900000000003,0.0,P,STANDBY,INVALID,2.0,NORMAL,0.0,0.0,0.0,0.0,0.0,0.0,0.0,0.0,247.0,92.0,682.624,250.0,32.5,32.1,34.800000000000004
9.3,347.38,1.4000000000000001,0.48633200000000004,0.0,P,STANDBY,INVALID,2.0,NORMAL,0.0,0.0,0.0,0.0,0.0,0.0,-0.1,-0.0,247.0,92.0,682.624,250.0,32.5,32.1,34.800000000000004
9.4,347.45,1.4000000000000001,0.48643000000000003,0.0,P,STANDBY,INVALID,2.0,NORMAL,0.0,0.0,0.0,0.0,0.0,0.0,0.1,0.0,247.0,92.0,682.624,250.0,32.5,32.1,34.800000000000004
9.5,347.5,1.3,0.45175,0.0,P,STANDBY,INVALID,2.0,NORMAL,0.0,0.0,0.0,0.0,0.0,0.0,0.1,0.0,247.0,92.0,682.624,250.0,32.5,32.1,34.800000000000004
9.6,347.47,1.4000000000000001,0.48645800000000006,0.0,P,STANDBY,INVALID,2.0,NORMAL,0.0,0.0,0.0,0.0,0.0,0.0,-0.1,-0.0,247.0,92.0,682.624,250.0,32.5,32.1,34.800000000000004
9.7,347.37,1.3,0.451581,0.0,P,STANDBY,INVALID,2.0,NORMAL,0.0,0.0,0.0,0.0,0.0,0.0,0.0,0.0,247.0,92.0,682.624,250.0,32.5,32.1,34.800000000000004
9.8,347.45,1.3,0.451685,0.0,P,STANDBY,INVALID,2.0,NORMAL,0.0,0.0,0.0,0.0,0.0,0.0,0.0,0.0,247.0,92.0,682.624,250.0,32.5,32.1,34.800000000000004
9.9,347.25,1.3,0.451425,0.0,P,STANDBY,INVALID,2.0,NORMAL,0.0,0.0,0.0,0.0,0.0,0.0,-0.1,-0.0,247.0,92.0,682.624,250.0,32.5,32.1,34.800000000000004
10.0,347.39,1.3,0.451607,0.0,P,STANDBY,INVALID,2.0,NORMAL,0.0,0.0,0.0,0.0,0.0,0.0,0.0,0.0,247.0,92.0,682.624,250.0,32.5,32.1,34.800000000000004
10.1,347.35,1.3,0.45155500000000004,0.0,P,STANDBY,INVALID,2.0,NORMAL,0.0,0.0,0.0,0.0,0.0,0.0,-0.1,-0.0,247.0,92.0,682.624,250.0,32.5,32.1,34.800000000000004
10.2,347.39,1.3,0.451607,0.0,P,STANDBY,INVALID,2.0,NORMAL,0.0,0.0,0.0,0.0,0.0,0.0,0.0,0.0,247.0,92.0,682.624,250.0,32.5,32.1,34.800000000000004
10.3,347.31,1.3,0.45150300000000004,0.0,P,STANDBY,INVALID,2.0,NORMAL,0.0,0.0,0.0,0.0,0.0,0.0,0.0,0.0,247.0,92.0,682.624,250.0,32.5,32.1,34.800000000000004
10.4,347.3,1.3,0.45149,0.0,P,STANDBY,INVALID,2.0,NORMAL,0.0,0.0,0.0,0.0,0.0,0.0,-0.1,-0.0,247.0,92.0,682.624,250.0,32.5,32.1,34.800000000000004
10.5,347.3,1.4000000000000001,0.4862200000000001,0.0,P,STANDBY,INVALID,2.0,NORMAL,0.0,0.0,0.0,0.0,0.0,0.0,0.0,0.0,247.0,92.0,682.624,250.0,32.5,32.1,34.800000000000004
10.6,347.43,1.4000000000000001,0.48640200000000006,0.0,P,STANDBY,INVALID,2.0,NORMAL,0.0,0.0,0.0,0.0,0.0,0.0,0.0,0.0,247.0,92.0,682.624,250.0,32.5,32.1,34.800000000000004
10.7,347.44,1.4000000000000001,0.48641600000000007,0.0,P,STANDBY,INVALID,2.0,NORMAL,0.0,0.0,0.0,0.0,0.0,0.0,0.0,0.0,247.0,92.0,682.624,250.0,32.5,32.1,34.800000000000004
10.8,347.36,1.3,0.451568,0.0,P,STANDBY,INVALID,2.0,NORMAL,0.0,0.0,0.0,0.0,0.0,0.0,0.0,0.0,247.0,92.0,682.624,250.0,32.5,32.1,34.800000000000004
10.9,347.32,1.3,0.45151600000000003,0.0,P,STANDBY,INVALID,2.0,NORMAL,0.0,0.0,0.0,0.0,0.0,0.0,0.0,0.0,247.0,92.0,682.624,250.0,32.5,32.1,34.800000000000004
11.0,347.51,1.3,0.45176299999999997,0.0,P,STANDBY,INVALID,2.0,NORMAL,0.0,0.0,0.0,0.0,0.0,0.0,0.0,0.0,247.0,92.0,682.624,250.0,32.5,32.1,34.800000000000004
11.1,347.42,1.3,0.451646,0.0,P,STANDBY,INVALID,2.0,NORMAL,0.0,0.0,0.0,0.0,0.0,0.0,0.0,0.0,247.0,92.0,682.624,250.0,32.5,32.1,34.800000000000004
11.2,347.33,1.4000000000000001,0.486262,0.0,P,STANDBY,INVALID,2.0,NORMAL,0.0,0.0,0.0,0.0,0.0,0.0,0.0,0.0,247.0,92.0,682.624,250.0,32.5,32.1,34.800000000000004
11.3,347.25,1.3,0.451425,0.0,P,STANDBY,INVALID,2.0,NORMAL,0.0,0.0,0.0,0.0,0.0,0.0,0.0,0.0,247.0,92.0,682.624,250.0,32.5,32.1,34.800000000000004
11.4,347.3,1.3,0.45149,0.0,P,STANDBY,INVALID,2.0,NORMAL,0.0,0.0,0.0,0.0,0.0,0.0,0.0,0.0,247.0,92.0,682.624,250.0,32.5,32.1,34.800000000000004
11.5,347.38,1.3,0.451594,0.0,P,STANDBY,INVALID,2.0,NORMAL,0.0,0.0,0.0,0.0,0.0,0.0,0.0,0.0,247.0,92.0,682.624,250.0,32.5,32.1,34.800000000000004
11.6,347.39,1.3,0.451607,0.0,P,STANDBY,INVALID,2.0,NORMAL,0.0,0.0,0.0,0.0,0.0,0.0,0.0,0.0,247.0,92.0,682.624,250.0,32.5,32.1,34.800000000000004
11.7,347.35,1.3,0.45155500000000004,0.0,P,STANDBY,INVALID,2.0,NORMAL,0.0,0.0,0.0,0.0,0.0,0.0,0.0,0.0,247.0,92.0,682.624,250.0,32.5,32.1,34.800000000000004
11.8,347.38,1.4000000000000001,0.48633200000000004,0.0,P,STANDBY,INVALID,2.0,NORMAL,0.0,0.0,0.0,0.0,0.0,0.0,0.0,0.0,247.0,92.0,682.624,250.0,32.5,32.1,34.800000000000004
11.9,347.36,1.4000000000000001,0.48630400000000007,0.0,P,STANDBY,INVALID,2.0,NORMAL,0.0,0.0,0.0,0.0,0.0,0.0,0.0,0.0,247.0,92.0,682.624,250.0,32.5,32.1,34.800000000000004
12.0,347.32,1.3,0.45151600000000003,0.0,P,STANDBY,INVALID,2.0,NORMAL,0.0,0.0,0.0,0.0,0.0,0.0,-0.1,-0.0,247.0,92.0,682.624,250.0,32.5,32.1,34.800000000000004
12.1,347.45,1.3,0.451685,0.0,P,STANDBY,INVALID,2.0,NORMAL,0.0,0.0,0.0,0.0,0.0,0.0,0.1,0.0,247.0,92.0,682.624,250.0,32.5,32.1,34.800000000000004
12.2,347.31,1.3,0.45150300000000004,0.0,P,STANDBY,INVALID,2.0,NORMAL,0.0,0.0,0.0,0.0,0.0,0.0,-0.1,-0.0,247.0,92.0,682.624,250.0,32.5,32.1,34.800000000000004
12.3,347.24,1.3,0.45141200000000004,0.0,P,STANDBY,INVALID,2.0,NORMAL,0.0,0.0,0.0,0.0,0.0,0.0,0.0,0.0,247.0,92.0,682.624,250.0,32.5,32.1,34.800000000000004
12.4,347.41,1.3,0.45163300000000006,0.0,P,STANDBY,INVALID,2.0,NORMAL,0.0,0.0,0.0,0.0,0.0,0.0,0.0,0.0,247.0,92.0,682.624,250.0,32.5,32.1,34.800000000000004
12.5,347.38,1.3,0.451594,0.0,P,STANDBY,INVALID,2.0,NORMAL,0.0,0.0,0.0,0.0,0.0,0.0,0.0,0.0,247.0,92.0,682.624,250.0,32.5,32.1,34.800000000000004
12.6,347.33,1.4000000000000001,0.486262,0.0,P,STANDBY,INVALID,2.0,NORMAL,0.0,0.0,0.0,0.0,0.0,0.0,0.0,0.0,247.0,92.0,682.624,250.0,32.5,32.1,34.800000000000004
12.7,347.5,1.4000000000000001,0.48650000000000004,0.0,P,STANDBY,INVALID,2.0,NORMAL,0.0,0.0,0.0,0.0,0.0,0.0,0.0,0.0,247.0,92.0,682.624,250.0,32.5,32.1,34.800000000000004
12.8,347.41,1.3,0.45163300000000006,0.0,P,STANDBY,INVALID,2.0,NORMAL,0.0,0.0,0.0,0.0,0.0,0.0,-0.1,-0.0,247.0,92.0,682.624,250.0,32.5,32.1,34.800000000000004
12.9,347.35,1.3,0.45155500000000004,0.0,P,STANDBY,INVALID,2.0,NORMAL,0.0,0.0,0.0,0.0,0.0,0.0,0.0,0.0,247.0,92.0,682.624,250.0,32.5,32.1,34.800000000000004
13.0,347.43,1.3,0.45165900000000003,0.0,P,STANDBY,INVALID,2.0,NORMAL,0.0,0.0,0.0,0.0,0.0,0.0,0.1,0.0,247.0,92.0,682.624,250.0,32.5,32.1,34.800000000000004
13.1,347.46,1.3,0.451698,0.0,P,STANDBY,INVALID,2.0,NORMAL,0.0,0.0,0.0,0.0,0.0,0.0,0.0,0.0,247.0,92.0,682.624,250.0,32.5,32.1,34.800000000000004
13.2,347.45,1.3,0.451685,0.0,P,STANDBY,INVALID,2.0,NORMAL,0.0,0.0,0.0,0.0,0.0,0.0,0.0,0.0,247.0,92.0,682.624,250.0,32.5,32.1,34.800000000000004
13.3,347.38,1.3,0.451594,0.0,P,STANDBY,INVALID,2.0,NORMAL,0.0,0.0,0.0,0.0,0.0,0.0,0.0,0.0,247.0,92.0,682.624,250.0,32.5,32.1,34.800000000000004
13.4,347.42,1.3,0.451646,0.0,P,STANDBY,INVALID,2.0,NORMAL,0.0,0.0,0.0,0.0,0.0,0.0,0.0,0.0,247.0,92.0,682.624,250.0,32.5,32.1,34.800000000000004
13.5,347.29,1.3,0.451477,0.0,P,STANDBY,INVALID,2.0,NORMAL,0.0,0.0,0.0,0.0,0.0,0.0,0.1,0.0,247.0,92.0,682.624,250.0,32.5,32.1,34.800000000000004
13.6,347.39,1.3,0.451607,0.0,P,STANDBY,INVALID,2.0,NORMAL,0.0,0.0,0.0,0.0,0.0,0.0,0.1,0.0,247.0,92.0,682.624,250.0,32.5,32.1,34.800000000000004
13.7,347.39,1.3,0.451607,0.0,P,STANDBY,INVALID,2.0,NORMAL,0.0,0.0,0.0,0.0,0.0,0.0,0.0,0.0,247.0,92.0,682.624,250.0,32.5,32.1,34.800000000000004
13.8,347.38,1.3,0.451594,0.0,P,STANDBY,INVALID,2.0,NORMAL,0.0,0.0,0.0,0.0,0.0,0.0,0.0,0.0,247.0,92.0,682.624,250.0,32.5,32.1,34.800000000000004
13.9,347.44,1.3,0.451672,0.0,P,STANDBY,INVALID,2.0,NORMAL,0.0,0.0,0.0,0.0,0.0,0.0,-0.1,-0.0,247.0,92.0,682.624,250.0,32.5,32.1,34.800000000000004
14.0,347.34000000000003,1.3,0.45154200000000005,0.0,P,STANDBY,INVALID,2.0,NORMAL,0.0,0.0,0.0,0.0,0.0,0.0,0.1,0.0,247.0,92.0,682.624,250.0,32.5,32.1,34.800000000000004
14.1,347.31,1.3,0.45150300000000004,0.0,P,STANDBY,INVALID,2.0,NORMAL,0.0,0.0,0.0,0.0,0.0,0.0,0.0,0.0,247.0,92.0,682.624,250.0,32.5,32.1,34.800000000000004
14.2,347.45,1.4000000000000001,0.48643000000000003,0.0,P,STANDBY,INVALID,2.0,NORMAL,0.0,0.0,0.0,0.0,0.0,0.0,0.0,0.0,247.0,92.0,682.624,250.0,32.5,32.1,34.800000000000004
14.3,347.28000000000003,1.3,0.45146400000000003,0.0,P,STANDBY,INVALID,2.0,NORMAL,0.0,0.0,0.0,0.0,0.0,0.0,-0.1,-0.0,247.0,92.0,682.624,250.0,32.5,32.1,34.800000000000004
14.4,347.57,1.3,0.451841,0.0,P,STANDBY,INVALID,2.0,NORMAL,0.0,0.0,0.0,0.0,0.0,0.0,0.0,0.0,247.0,92.0,682.624,250.0,32.5,32.1,34.800000000000004
14.5,347.36,1.3,0.451568,0.0,P,STANDBY,INVALID,2.0,NORMAL,0.0,0.0,0.0,0.0,0.0,0.0,0.0,0.0,247.0,92.0,682.624,250.0,32.5,32.1,34.800000000000004
14.6,347.47,1.3,0.4517110000000001,0.0,P,STANDBY,INVALID,2.0,NORMAL,0.0,0.0,0.0,0.0,0.0,0.0,0.0,0.0,247.0,92.0,682.624,250.0,32.5,32.1,34.800000000000004
14.7,347.34000000000003,1.3,0.45154200000000005,0.0,P,STANDBY,INVALID,2.0,NORMAL,0.0,0.0,0.0,0.0,0.0,0.0,0.0,0.0,247.0,92.0,682.624,250.0,32.5,32.1,34.800000000000004
14.8,347.39,1.3,0.451607,0.0,P,STANDBY,INVALID,2.0,NORMAL,0.0,0.0,0.0,0.0,0.0,0.0,0.0,0.0,247.0,92.0,682.624,250.0,32.5,32.1,34.800000000000004
14.9,347.32,1.4000000000000001,0.48624800000000007,0.0,P,STANDBY,INVALID,2.0,NORMAL,0.0,0.0,0.0,0.0,0.0,0.0,0.0,0.0,247.0,92.0,682.624,250.0,32.5,32.1,34.800000000000004
15.0,347.59000000000003,1.3,0.4518670000000001,0.0,P,STANDBY,INVALID,2.0,NORMAL,0.0,0.0,0.0,0.0,0.0,0.0,0.0,0.0,247.0,92.0,682.624,250.0,32.5,32.1,34.800000000000004
15.1,347.24,1.3,0.45141200000000004,0.0,P,STANDBY,INVALID,2.0,NORMAL,0.0,0.0,0.0,0.0,0.0,0.0,0.1,0.0,247.0,92.0,682.624,250.0,32.5,32.1,34.800000000000004
15.2,347.37,1.4000000000000001,0.48631800000000003,0.0,P,STANDBY,INVALID,2.0,NORMAL,0.0,0.0,0.0,0.0,0.0,0.0,0.0,0.0,247.0,92.0,682.624,250.0,32.5,32.1,34.800000000000004
15.3,347.48,1.3,0.45172400000000007,0.0,P,STANDBY,INVALID,2.0,NORMAL,0.0,0.0,0.0,0.0,0.0,0.0,-0.1,-0.0,247.0,92.0,682.624,250.0,32.5,32.1,34.800000000000004
15.4,347.37,1.3,0.451581,0.0,P,STANDBY,INVALID,2.0,NORMAL,0.0,0.0,0.0,0.0,0.0,0.0,0.0,0.0,247.0,92.0,682.624,250.0,32.5,32.1,34.800000000000004
15.5,347.35,1.3,0.45155500000000004,0.0,P,STANDBY,INVALID,2.0,NORMAL,0.0,0.0,0.0,0.0,0.0,0.0,-0.1,-0.0,247.0,92.0,682.624,250.0,32.5,32.1,34.800000000000004
15.6,347.44,1.3,0.451672,0.0,P,STANDBY,INVALID,2.0,NORMAL,0.0,0.0,0.0,0.0,0.0,0.0,0.1,0.0,247.0,92.0,682.624,250.0,32.5,32.1,34.800000000000004
15.7,347.16,1.3,0.45130800000000004,0.0,P,STANDBY,INVALID,2.0,NORMAL,0.0,0.0,0.0,0.0,0.0,0.0,0.1,0.0,247.0,92.0,682.624,250.0,32.5,32.1,34.800000000000004
15.8,347.5,1.3,0.45175,0.0,P,STANDBY,INVALID,2.0,NORMAL,0.0,0.0,0.0,0.0,0.0,0.0,0.1,0.0,247.0,92.0,682.624,250.0,32.5,32.1,34.800000000000004
15.9,347.34000000000003,1.3,0.45154200000000005,0.0,P,STANDBY,INVALID,2.0,NORMAL,0.0,0.0,0.0,0.0,0.0,0.0,0.0,0.0,247.0,92.0,682.624,250.0,32.5,32.1,34.800000000000004
16.0,347.53000000000003,1.4000000000000001,0.4865420000000001,0.0,P,STANDBY,INVALID,2.0,NORMAL,0.0,0.0,0.0,0.0,0.0,0.0,0.0,0.0,247.0,92.0,682.624,250.0,32.5,32.1,34.800000000000004
16.1,347.59000000000003,1.3,0.4518670000000001,0.0,P,STANDBY,INVALID,2.0,NORMAL,0.0,0.0,0.0,0.0,0.0,0.0,-0.1,-0.0,247.0,92.0,682.624,250.0,32.5,32.1,34.800000000000004
16.2,347.66,1.4000000000000001,0.4867240000000001,0.0,P,STANDBY,INVALID,2.0,NORMAL,0.0,0.0,0.0,0.0,0.0,0.0,0.1,0.0,247.0,92.0,682.624,250.0,32.5,32.1,34.800000000000004
16.3,347.53000000000003,1.3,0.45178900000000005,0.0,P,STANDBY,INVALID,2.0,NORMAL,0.0,0.0,0.0,0.0,0.0,0.0,0.0,0.0,247.0,92.0,682.624,250.0,32.5,32.1,34.800000000000004
16.4,347.42,1.3,0.451646,0.0,P,STANDBY,INVALID,2.0,NORMAL,0.0,0.0,0.0,0.0,0.0,0.0,0.0,0.0,247.0,92.0,682.624,250.0,32.5,32.1,34.800000000000004
16.5,347.41,1.3,0.45163300000000006,0.0,P,STANDBY,INVALID,2.0,NORMAL,0.0,0.0,0.0,0.0,0.0,0.0,-0.1,-0.0,247.0,92.0,682.624,250.0,32.5,32.1,34.800000000000004
16.6,347.41,1.4000000000000001,0.4863740000000001,0.0,P,STANDBY,INVALID,2.0,NORMAL,0.0,0.0,0.0,0.0,0.0,0.0,0.1,0.0,247.0,92.0,682.624,250.0,32.5,32.1,34.800000000000004
16.7,347.41,1.3,0.45163300000000006,0.0,P,STANDBY,INVALID,2.0,NORMAL,0.0,0.0,0.0,0.0,0.0,0.0,-0.1,-0.0,247.0,92.0,682.624,250.0,32.5,32.1,34.800000000000004
16.8,347.25,1.3,0.451425,0.0,P,STANDBY,INVALID,2.0,NORMAL,0.0,0.0,0.0,0.0,0.0,0.0,0.0,0.0,247.0,92.0,682.624,250.0,32.5,32.1,34.800000000000004
16.9,347.35,1.3,0.45155500000000004,0.0,P,STANDBY,INVALID,2.0,NORMAL,0.0,0.0,0.0,0.0,0.0,0.0,-0.1,-0.0,247.0,92.0,682.624,250.0,32.5,32.1,34.800000000000004
17.0,347.35,1.3,0.45155500000000004,0.0,P,STANDBY,INVALID,2.0,NORMAL,0.0,0.0,0.0,0.0,0.0,0.0,0.0,0.0,247.0,92.0,682.624,250.0,32.5,32.1,34.800000000000004
17.1,347.43,1.3,0.45165900000000003,0.0,P,STANDBY,INVALID,2.0,NORMAL,0.0,0.0,0.0,0.0,0.0,0.0,0.0,0.0,247.0,92.0,682.624,250.0,32.5,32.1,34.800000000000004
17.2,347.55,1.3,0.4518150000000001,0.0,P,STANDBY,INVALID,2.0,NORMAL,0.0,0.0,0.0,0.0,0.0,0.0,0.1,0.0,247.0,92.0,682.624,250.0,32.5,32.1,34.800000000000004
17.3,347.36,1.3,0.451568,0.0,P,STANDBY,INVALID,2.0,NORMAL,0.0,0.0,0.0,0.0,0.0,0.0,0.0,0.0,247.0,92.0,682.624,250.0,32.5,32.1,34.800000000000004
17.4,347.45,1.3,0.451685,0.0,P,STANDBY,INVALID,2.0,NORMAL,0.0,0.0,0.0,0.0,0.0,0.0,0.0,0.0,247.0,92.0,682.624,250.0,32.5,32.1,34.800000000000004
17.5,347.18,1.3,0.451334,0.0,P,STANDBY,INVALID,2.0,NORMAL,0.0,0.0,0.0,0.0,0.0,0.0,0.0,0.0,247.0,92.0,682.624,250.0,32.5,32.1,34.800000000000004
17.6,347.51,1.3,0.45176299999999997,0.0,P,STANDBY,INVALID,2.0,NORMAL,0.0,0.0,0.0,0.0,0.0,0.0,0.0,0.0,247.0,92.0,682.624,250.0,32.5,32.1,34.800000000000004
17.7,347.55,1.3,0.4518150000000001,0.0,P,STANDBY,INVALID,2.0,NORMAL,0.0,0.0,0.0,0.0,0.0,0.0,-0.1,-0.0,247.0,92.0,682.624,250.0,32.5,32.1,34.800000000000004
17.8,347.35,1.3,0.45155500000000004,0.0,P,STANDBY,INVALID,2.0,NORMAL,0.0,0.0,0.0,0.0,0.0,0.0,0.0,0.0,247.0,92.0,682.624,250.0,32.5,32.1,34.800000000000004
17.9,347.34000000000003,1.3,0.45154200000000005,0.0,P,STANDBY,INVALID,2.0,NORMAL,0.0,0.0,0.0,0.0,0.0,0.0,0.0,0.0,247.0,92.0,682.624,250.0,32.5,32.1,34.800000000000004
18.0,347.46,1.3,0.451698,0.0,P,STANDBY,INVALID,2.0,NORMAL,0.0,0.0,0.0,0.0,0.0,0.0,0.0,0.0,247.0,92.0,682.624,250.0,32.5,32.1,34.800000000000004
18.1,347.45,1.3,0.451685,0.0,P,STANDBY,INVALID,2.0,NORMAL,0.0,0.0,0.0,0.0,0.0,0.0,0.0,0.0,247.0,92.0,682.624,250.0,32.5,32.1,34.800000000000004
18.2,347.38,1.3,0.451594,0.0,P,STANDBY,INVALID,2.0,NORMAL,0.0,0.0,0.0,0.0,0.0,0.0,0.0,0.0,247.0,92.0,682.624,250.0,32.5,32.1,34.800000000000004
18.3,347.52,1.4000000000000001,0.486528,0.0,P,STANDBY,INVALID,2.0,NORMAL,0.0,0.0,0.0,0.0,0.0,0.0,0.1,0.0,247.0,92.0,682.624,250.0,32.5,32.1,34.800000000000004
18.4,347.29,1.3,0.451477,0.0,P,STANDBY,INVALID,2.0,NORMAL,0.0,0.0,0.0,0.0,0.0,0.0,0.0,0.0,247.0,92.0,682.624,250.0,32.5,32.1,34.800000000000004
18.5,347.3,1.4000000000000001,0.4862200000000001,0.0,P,STANDBY,INVALID,2.0,NORMAL,0.0,0.0,0.0,0.0,0.0,0.0,0.0,0.0,247.0,92.0,682.624,250.0,32.5,32.1,34.800000000000004
18.6,347.5,1.4000000000000001,0.48650000000000004,0.0,P,STANDBY,INVALID,2.0,NORMAL,0.0,0.0,0.0,0.0,0.0,0.0,-0.1,-0.0,247.0,92.0,682.624,250.0,32.5,32.1,34.800000000000004
18.7,347.34000000000003,1.3,0.45154200000000005,0.0,P,STANDBY,INVALID,2.0,NORMAL,0.0,0.0,0.0,0.0,0.0,0.0,0.0,0.0,247.0,92.0,682.624,250.0,32.5,32.1,34.800000000000004
18.8,347.54,1.4000000000000001,0.4865560000000001,0.0,P,STANDBY,INVALID,2.0,NORMAL,0.0,0.0,0.0,0.0,0.0,0.0,0.1,0.0,247.0,92.0,682.624,250.0,32.5,32.1,34.800000000000004
18.9,347.31,1.3,0.45150300000000004,0.0,P,STANDBY,INVALID,2.0,NORMAL,0.0,0.0,0.0,0.0,0.0,0.0,-0.1,-0.0,247.0,92.0,682.624,250.0,32.5,32.1,34.800000000000004
19.0,347.44,1.3,0.451672,0.0,P,STANDBY,INVALID,2.0,NORMAL,0.0,0.0,0.0,0.0,0.0,0.0,0.0,0.0,247.0,92.0,682.624,250.0,32.5,32.1,34.800000000000004
19.1,347.34000000000003,1.4000000000000001,0.48627600000000004,0.0,P,STANDBY,INVALID,2.0,NORMAL,0.0,0.0,0.0,0.0,0.0,0.0,0.0,0.0,247.0,92.0,682.624,250.0,32.5,32.1,34.800000000000004
19.2,347.36,1.3,0.451568,0.0,P,STANDBY,INVALID,2.0,NORMAL,0.0,0.0,0.0,0.0,0.0,0.0,0.1,0.0,247.0,92.0,682.624,250.0,32.5,32.1,34.800000000000004
19.3,347.38,1.4000000000000001,0.48633200000000004,0.0,P,STANDBY,INVALID,2.0,NORMAL,0.0,0.0,0.0,0.0,0.0,0.0,0.0,0.0,247.0,92.0,682.624,250.0,32.5,32.1,34.800000000000004
19.4,347.32,1.3,0.45151600000000003,0.0,P,STANDBY,INVALID,2.0,NORMAL,0.0,0.0,0.0,0.0,0.0,0.0,0.0,0.0,247.0,92.0,682.624,250.0,32.5,32.1,34.800000000000004
19.5,347.42,1.3,0.451646,0.0,P,STANDBY,INVALID,2.0,NORMAL,0.0,0.0,0.0,0.0,0.0,0.0,0.0,0.0,247.0,92.0,682.624,250.0,32.5,32.1,34.800000000000004
19.6,347.49,1.4000000000000001,0.48648600000000003,0.0,P,STANDBY,INVALID,2.0,NORMAL,0.0,0.0,0.0,0.0,0.0,0.0,0.1,0.0,247.0,92.0,682.624,250.0,32.5,32.1,34.800000000000004
19.7,347.35,1.3,0.45155500000000004,0.0,P,STANDBY,INVALID,2.0,NORMAL,0.0,0.0,0.0,0.0,0.0,0.0,0.1,0.0,247.0,92.0,682.624,250.0,32.5,32.1,34.800000000000004
19.8,347.37,1.3,0.451581,0.0,P,STANDBY,INVALID,2.0,NORMAL,0.0,0.0,0.0,0.0,0.0,0.0,0.0,0.0,247.0,92.0,682.624,250.0,32.5,32.1,34.800000000000004
19.9,347.46,1.3,0.451698,0.0,P,STANDBY,INVALID,2.0,NORMAL,0.0,0.0,0.0,0.0,0.0,0.0,0.0,0.0,247.0,92.0,682.624,250.0,32.5,32.1,34.800000000000004
20.0,347.43,1.3,0.45165900000000003,0.0,P,STANDBY,INVALID,2.0,NORMAL,0.0,0.0,0.0,0.0,0.0,0.0,-0.1,-0.0,247.0,92.0,682.624,250.0,32.5,32.1,34.800000000000004
20.1,347.41,1.4000000000000001,0.4863740000000001,0.0,P,STANDBY,INVALID,2.0,NORMAL,0.0,0.0,1.0,1.0,0.0,0.0,0.0,0.0,247.0,92.0,682.624,250.0,32.5,32.1,34.800000000000004
20.2,347.45,1.5,0.5211749999999999,0.0,P,STANDBY,INVALID,2.0,NORMAL,0.0,0.0,1.0,1.0,0.0,0.0,0.0,0.0,247.0,92.0,682.624,250.0,32.5,32.1,34.800000000000004
20.3,347.48,1.4000000000000001,0.48647200000000007,0.0,P,STANDBY,INVALID,2.0,NORMAL,0.0,0.0,1.0,1.0,0.0,0.0,-0.1,-0.0,247.0,92.0,682.624,250.0,32.5,32.1,34.800000000000004
20.4,347.28000000000003,1.5,0.52092,0.0,D,ENABLE,INVALID,2.0,NORMAL,0.0,0.0,1.0,1.0,0.0,0.0,0.1,0.0,247.0,92.0,682.624,250.0,32.5,32.1,34.800000000000004
20.5,347.26,2.1,0.729246,0.0,D,ENABLE,INVALID,2.0,NORMAL,0.0,0.0,1.0,1.0,0.0,0.0,0.0,0.0,247.0,92.0,682.624,250.0,32.5,32.1,34.800000000000004
20.6,347.31,1.9000000000000001,0.6598890000000001,0.0,D,ENABLE,INVALID,2.0,NORMAL,0.0,0.0,1.0,1.0,0.0,0.0,-0.1,-0.0,247.0,92.0,682.624,250.0,32.5,32.1,34.800000000000004
20.7,347.25,1.6,0.5556,0.0,D,ENABLE,INVALID,2.0,NORMAL,0.0,0.0,1.0,1.0,0.0,0.0,0.0,0.0,247.0,92.0,682.624,250.0,32.5,32.1,34.800000000000004
20.8,347.21,1.6,0.5555359999999999,0.0,D,ENABLE,INVALID,2.0,NORMAL,0.0,0.0,1.0,1.0,0.0,0.0,0.0,0.0,247.0,92.0,682.624,250.0,32.5,32.1,34.800000000000004
20.9,347.38,1.6,0.555808,0.0,D,ENABLE,INVALID,2.0,NORMAL,0.0,0.0,1.0,1.0,0.0,0.0,0.0,0.0,247.0,92.0,682.624,250.0,32.5,32.1,34.800000000000004
21.0,347.44,1.6,0.555904,0.0,D,ENABLE,INVALID,2.0,NORMAL,0.0,0.0,1.0,1.0,0.0,0.0,-0.1,-0.0,247.0,92.0,682.624,250.0,32.5,32.1,34.800000000000004
21.1,347.52,1.6,0.5560320000000001,0.0,D,ENABLE,INVALID,2.0,NORMAL,0.0,0.0,1.0,1.0,0.0,0.0,0.0,0.0,247.0,92.0,682.624,250.0,32.5,32.1,34.800000000000004
21.2,347.33,1.6,0.555728,0.0,D,ENABLE,INVALID,2.0,NORMAL,0.0,0.0,1.0,1.0,0.0,0.0,0.0,0.0,247.0,92.0,682.624,250.0,32.5,32.1,34.800000000000004
21.3,347.34000000000003,1.6,0.555744,0.0,D,ENABLE,INVALID,2.0,NORMAL,0.0,0.0,1.0,1.0,0.0,0.0,0.0,0.0,247.0,92.0,682.624,250.0,32.5,32.1,34.800000000000004
21.4,347.37,1.6,0.5557920000000001,0.0,D,ENABLE,INVALID,2.0,NORMAL,0.0,0.0,1.0,1.0,0.0,0.0,0.0,0.0,247.0,92.0,682.624,250.0,32.5,32.1,34.800000000000004
21.5,347.16,1.5,0.52074,0.0,D,ENABLE,INVALID,2.0,NORMAL,0.0,0.0,1.0,1.0,0.0,0.0,0.0,0.0,247.0,92.0,682.624,250.0,32.5,32.1,34.800000000000004
21.6,347.28000000000003,1.5,0.52092,0.0,D,ENABLE,INVALID,2.0,NORMAL,0.0,0.0,1.0,1.0,0.0,0.0,0.1,0.0,247.0,92.0,682.624,250.0,32.5,32.1,34.800000000000004
21.7,347.29,1.5,0.520935,0.0,D,ENABLE,INVALID,2.0,NORMAL,0.0,0.0,1.0,1.0,0.0,0.0,-0.1,-0.0,247.0,92.0,682.624,250.0,32.5,32.1,34.800000000000004
21.8,347.29,1.5,0.520935,0.0,D,ENABLE,INVALID,2.0,NORMAL,0.0,0.0,1.0,1.0,0.0,0.0,0.0,0.0,247.0,92.0,682.624,250.0,32.5,32.1,34.800000000000004
21.9,347.23,1.5,0.520845,0.0,D,ENABLE,INVALID,2.0,NORMAL,0.0,0.0,0.0,0.0,0.0,0.0,0.0,0.0,247.0,92.0,682.624,250.0,32.5,32.1,34.800000000000004
22.0,347.29,1.5,0.520935,0.0,D,ENABLE,INVALID,2.0,NORMAL,0.0,0.0,0.0,0.0,6.0,6.0,0.1,6.283185307179587e-05,247.0,92.0,682.624,250.0,32.5,32.1,34.800000000000004
22.1,347.23,1.6,0.5555680000000001,0.0,D,ENABLE,INVALID,2.0,NORMAL,0.0,0.3200000000000003,0.0,0.0,52.0,36.0,2.9000000000000004,0.01093274243449248,247.0,92.0,682.624,250.0,32.5,32.1,34.800000000000004
22.2,347.19,1.8,0.624942,0.0,D,ENABLE,INVALID,2.0,NORMAL,0.0,0.1600000000000037,0.0,0.0,118.0,138.0,0.9,0.013006193585861744,247.0,92.0,682.624,250.0,32.5,32.1,34.800000000000004
22.3,347.24,1.9000000000000001,0.6597560000000001,0.0,D,ENABLE,INVALID,2.0,NORMAL,0.0,0.240000000000002,0.0,0.0,194.0,202.0,2.0,0.04230678106834255,247.0,92.0,682.624,250.0,32.5,32.1,34.800000000000004
22.4,347.2,2.3000000000000003,0.79856,0.0,D,ENABLE,INVALID,2.0,NORMAL,0.5,0.3999999999999986,0.0,0.0,274.0,286.0,3.5,0.10482447487477943,247.0,92.0,682.624,250.0,32.5,32.1,34.800000000000004
22.5,347.22,2.6,0.902772,0.0,D,ENABLE,INVALID,2.0,NORMAL,0.5,0.5600000000000023,0.0,0.0,342.0,360.0,4.4,0.1658760921095411,247.0,92.0,682.624,250.0,32.5,32.1,34.800000000000004
22.6,347.24,2.9000000000000004,1.006996,0.0,D,ENABLE,INVALID,2.0,NORMAL,0.5,0.6400000000000006,0.0,0.0,372.0,392.0,4.800000000000001,0.19704069123315188,247.0,92.0,682.624,250.0,32.5,32.1,34.800000000000004
22.7,347.1,3.0,1.0413000000000001,0.0,D,ENABLE,INVALID,2.0,NORMAL,0.5,0.8000000000000043,0.0,0.0,380.0,390.0,6.5,0.2654645792283375,247.0,92.0,682.624,250.0,32.5,32.1,34.800000000000004
22.8,347.15000000000003,3.2,1.11088,0.0,D,ENABLE,INVALID,2.0,NORMAL,0.5,0.9600000000000009,0.0,0.0,378.0,388.0,8.0,0.3250501198914239,247.0,92.0,682.624,250.0,32.5,32.1,34.800000000000004
22.9,347.12,3.5,1.21492,0.0,D,ENABLE,INVALID,2.0,NORMAL,0.5,1.1199999999999974,0.0,0.0,372.0,384.0,9.4,0.3779964280799239,247.0,92.0,682.624,250.0,32.5,32.1,34.800000000000004
23.0,347.02,3.8000000000000003,1.318676,0.0,D,ENABLE,INVALID,2.0,NORMAL,1.0,1.3599999999999994,0.0,0.0,364.0,386.0,10.9,0.44059789769045654,247.0,92.0,682.624,250.0,32.5,32.1,34.800000000000004
23.1,347.09000000000003,4.0,1.38836,0.0,D,ENABLE,INVALID,2.0,NORMAL,0.5,1.5200000000000031,0.0,0.0,354.0,378.0,12.4,0.49084243619686924,247.0,92.0,682.624,250.0,32.5,32.1,34.800000000000004
23.2,346.94,3.8000000000000003,1.318372,0.0,D,ENABLE,INVALID,2.0,NORMAL,1.0,1.759999999999998,0.0,0.0,344.0,368.0,14.200000000000001,0.5472235523532941,247.0,92.0,682.624,250.0,32.5,32.1,34.800000000000004
23.3,347.13,4.0,1.38852,0.0,D,ENABLE,INVALID,2.0,NORMAL,1.0,1.8400000000000034,0.0,0.0,336.0,362.0,15.4,0.5837916908410793,247.0,92.0,682.624,250.0,32.5,32.1,34.800000000000004
23.4,347.08,4.1000000000000005,1.423028,0.0,D,ENABLE,INVALID,2.0,NORMAL,0.5,2.0,0.0,0.0,326.0,358.0,16.7,0.6260775279583978,247.0,92.0,682.624,250.0,32.5,32.1,34.800000000000004
23.5,347.05,4.4,1.5270200000000003,0.0,D,ENABLE,INVALID,2.0,NORMAL,1.0,2.1600000000000037,0.0,0.0,318.0,338.0,18.3,0.6477335733171437,247.0,92.0,682.624,250.0,32.5,32.1,34.800000000000004
23.6,347.18,4.2,1.4581560000000002,0.0,D,ENABLE,INVALID,2.0,NORMAL,1.0,2.240000000000002,0.0,0.0,308.0,332.0,19.400000000000002,0.6744789987747049,247.0,92.0,682.624,250.0,32.5,32.1,34.800000000000004
23.7,347.13,4.1000000000000005,1.4232330000000002,0.0,D,ENABLE,INVALID,2.0,NORMAL,1.0,2.3999999999999986,0.0,0.0,298.0,312.0,20.700000000000003,0.6763220664648107,247.0,92.0,682.624,250.0,32.5,32.1,34.800000000000004
23.8,347.06,3.8000000000000003,1.3188280000000001,0.0,D,ENABLE,INVALID,2.0,NORMAL,1.0,2.5600000000000023,0.0,0.0,290.0,302.0,22.0,0.6957580530150196,247.0,92.0,682.624,250.0,32.5,32.1,34.800000000000004
23.9,347.01,4.2,1.457442,0.0,D,ENABLE,INVALID,2.0,NORMAL,1.0,2.719999999999999,0.0,0.0,282.0,296.0,23.1,0.7160317976061857,247.0,92.0,682.624,250.0,32.5,32.1,34.800000000000004
24.0,347.02,4.1000000000000005,1.4227820000000002,0.0,D,ENABLE,INVALID,2.0,NORMAL,1.0,2.8800000000000026,0.0,0.0,274.0,288.0,24.400000000000002,0.7358866631768732,247.0,92.0,682.624,250.0,32.5,32.1,34.800000000000004
24.1,347.04,4.2,1.4575680000000002,0.0,D,ENABLE,INVALID,2.0,NORMAL,1.0,3.039999999999999,0.0,0.0,266.0,270.0,25.8,0.72947781416355,247.0,92.0,682.624,250.0,32.5,32.1,34.800000000000004
24.2,347.11,4.3,1.4925730000000001,0.0,D,ENABLE,INVALID,2.0,NORMAL,1.0,3.200000000000003,0.0,0.0,258.0,274.0,26.5,0.7603701419238496,247.0,92.0,682.624,250.0,32.5,32.1,34.800000000000004
24.3,347.16,4.1000000000000005,1.4233560000000003,0.0,D,ENABLE,INVALID,2.0,NORMAL,1.0,3.280000000000001,0.0,0.0,252.0,260.0,27.700000000000003,0.7541916763717899,247.0,92.0,682.624,250.0,32.5,32.1,34.800000000000004
24.4,347.05,4.1000000000000005,1.4229050000000003,0.0,D,ENABLE,INVALID,2.0,NORMAL,1.0,3.4399999999999977,0.0,0.0,244.0,256.0,28.900000000000002,0.7747586362772909,247.0,92.0,682.624,250.0,32.5,32.1,34.800000000000004
24.5,347.05,4.4,1.5270200000000003,0.0,D,ENABLE,INVALID,2.0,NORMAL,1.0,3.6000000000000014,0.0,0.0,238.0,252.0,29.5,0.7784866595595508,247.0,92.0,682.624,250.0,32.5,32.1,34.800000000000004
24.6,347.16,4.1000000000000005,1.4233560000000003,0.0,D,ENABLE,INVALID,2.0,NORMAL,1.0,3.6799999999999997,0.0,0.0,230.0,234.0,30.700000000000003,0.752285776828612,247.0,92.0,682.624,250.0,32.5,32.1,34.800000000000004
24.7,347.1,4.4,1.5272400000000002,0.0,D,ENABLE,INVALID,2.0,NORMAL,1.0,3.8400000000000034,0.0,0.0,226.0,234.0,31.400000000000002,0.7694388727172121,247.0,92.0,682.624,250.0,32.5,32.1,34.800000000000004
24.8,347.06,4.1000000000000005,1.422946,0.0,D,ENABLE,INVALID,2.0,NORMAL,1.0,3.9200000000000017,0.0,0.0,218.0,232.0,32.1,0.7798689603271304,247.0,92.0,682.624,250.0,32.5,32.1,34.800000000000004
24.9,347.17,4.0,1.3886800000000001,0.0,D,ENABLE,INVALID,2.0,NORMAL,1.0,4.0,0.0,0.0,212.0,232.0,32.800000000000004,0.7968754485585631,247.0,92.0,682.624,250.0,32.5,32.1,34.800000000000004
25.0,347.04,4.2,1.4575680000000002,0.0,D,ENABLE,INVALID,2.0,NORMAL,1.0,4.160000000000004,0.0,0.0,206.0,218.0,34.0,0.7761828249469183,247.0,92.0,682.624,250.0,32.5,32.1,34.800000000000004
25.1,347.03000000000003,4.0,1.38812,0.0,D,ENABLE,INVALID,2.0,NORMAL,1.0,4.240000000000002,0.0,0.0,202.0,212.0,34.7,0.7703604065622651,247.0,92.0,682.624,250.0,32.5,32.1,34.800000000000004
25.2,347.06,4.1000000000000005,1.422946,0.0,D,ENABLE,INVALID,2.0,NORMAL,1.0,4.32,0.0,0.0,194.0,192.0,35.9,0.7218123280887908,247.0,92.0,682.624,250.0,32.5,32.1,34.800000000000004
25.3,347.03000000000003,4.0,1.38812,0.0,D,ENABLE,INVALID,2.0,NORMAL,1.0,4.480000000000004,0.0,0.0,190.0,194.0,36.4,0.7394890227529893,247.0,92.0,682.624,250.0,32.5,32.1,34.800000000000004
25.4,347.18,3.9000000000000004,1.3540020000000001,0.0,D,ENABLE,INVALID,2.0,NORMAL,1.0,4.560000000000002,0.0,0.0,184.0,188.0,37.1,0.730399348008603,247.0,92.0,682.624,250.0,32.5,32.1,34.800000000000004
25.5,347.08,4.0,1.38832,0.0,D,ENABLE,INVALID,2.0,NORMAL,1.0,4.640000000000001,0.0,0.0,180.0,184.0,37.5,0.7225663103256523,247.0,92.0,682.624,250.0,32.5,32.1,34.800000000000004
25.6,347.19,3.9000000000000004,1.3540410000000003,0.0,D,ENABLE,INVALID,2.0,NORMAL,1.0,4.719999999999999,0.0,0.0,174.0,180.0,38.6,0.7275928585713961,247.0,92.0,682.624,250.0,32.5,32.1,34.800000000000004
25.7,347.09000000000003,4.0,1.38836,0.0,D,ENABLE,INVALID,2.0,NORMAL,0.5,4.800000000000004,0.0,0.0,170.0,174.0,39.5,0.7197388769374216,247.0,92.0,682.624,250.0,32.5,32.1,34.800000000000004
25.8,347.19,3.9000000000000004,1.3540410000000003,0.0,D,ENABLE,INVALID,2.0,NORMAL,0.5,4.880000000000003,0.0,0.0,164.0,176.0,39.800000000000004,0.7335409406621928,247.0,92.0,682.624,250.0,32.5,32.1,34.800000000000004
25.9,347.13,3.8000000000000003,1.319094,0.0,D,ENABLE,INVALID,2.0,NORMAL,0.5,4.960000000000001,0.0,0.0,160.0,182.0,40.400000000000006,0.7699834154438345,247.0,92.0,682.624,250.0,32.5,32.1,34.800000000000004
26.0,347.36,3.8000000000000003,1.319968,0.0,D,ENABLE,INVALID,2.0,NORMAL,0.5,5.039999999999999,0.0,0.0,156.0,168.0,41.0,0.7213096732642165,247.0,92.0,682.624,250.0,32.5,32.1,34.800000000000004
26.1,347.25,3.6,1.2501000000000002,0.0,D,ENABLE,INVALID,2.0,NORMAL,1.0,5.119999999999997,0.0,0.0,152.0,142.0,42.5,0.6319837221471467,247.0,92.0,682.624,250.0,32.5,32.1,34.800000000000004
26.2,347.04,3.8000000000000003,1.3187520000000001,0.0,D,ENABLE,INVALID,2.0,NORMAL,0.5,5.200000000000003,0.0,0.0,148.0,140.0,42.7,0.6260146961053261,247.0,92.0,682.624,250.0,32.5,32.1,34.800000000000004
26.3,347.31,3.4000000000000004,1.180854,0.0,D,ENABLE,INVALID,2.0,NORMAL,1.0,5.280000000000001,0.0,0.0,144.0,148.0,43.400000000000006,0.6726359310845987,247.0,92.0,682.624,250.0,32.5,32.1,34.800000000000004
26.4,347.2,3.4000000000000004,1.18048,0.0,D,ENABLE,INVALID,2.0,NORMAL,0.5,5.359999999999999,0.0,0.0,140.0,136.0,43.800000000000004,0.6237946372967894,247.0,92.0,682.624,250.0,32.5,32.1,34.800000000000004
26.5,347.28000000000003,3.5,1.2154800000000001,0.0,D,ENABLE,INVALID,2.0,NORMAL,1.0,5.439999999999998,0.0,0.0,136.0,130.0,44.800000000000004,0.6098878538168986,247.0,92.0,682.624,250.0,32.5,32.1,34.800000000000004
26.6,347.25,3.3000000000000003,1.145925,0.0,D,ENABLE,INVALID,2.0,NORMAL,1.0,5.520000000000003,0.0,0.0,132.0,140.0,44.800000000000004,0.6568023041105061,247.0,92.0,682.624,250.0,32.5,32.1,34.800000000000004
26.7,347.28000000000003,3.3000000000000003,1.1460240000000002,0.0,D,ENABLE,INVALID,2.0,NORMAL,0.5,5.600000000000001,0.0,0.0,128.0,134.0,45.2,0.6342666128087554,247.0,92.0,682.624,250.0,32.5,32.1,34.800000000000004
26.8,347.18,3.2,1.1109760000000002,0.0,D,ENABLE,INVALID,2.0,NORMAL,0.5,5.68,0.0,0.0,124.0,128.0,46.0,0.6165899181445567,247.0,92.0,682.624,250.0,32.5,32.1,34.800000000000004
26.9,347.27,3.3000000000000003,1.145991,0.0,D,ENABLE,INVALID,2.0,NORMAL,0.5,5.68,0.0,0.0,122.0,116.0,46.5,0.5648583591154448,247.0,92.0,682.624,250.0,32.5,32.1,34.800000000000004
27.0,347.14,3.2,1.110848,0.0,D,ENABLE,INVALID,2.0,NORMAL,0.5,5.759999999999998,0.0,0.0,120.0,112.0,46.800000000000004,0.5488990684352086,247.0,92.0,682.624,250.0,32.5,32.1,34.800000000000004
27.1,347.28000000000003,3.1,1.0765680000000002,0.0,D,ENABLE,INVALID,2.0,NORMAL,0.5,5.759999999999998,0.0,0.0,116.0,118.0,47.1,0.582011455004045,247.0,92.0,682.624,250.0,32.5,32.1,34.800000000000004
27.2,347.05,3.2,1.1105600000000002,0.0,D,ENABLE,INVALID,2.0,NORMAL,0.5,5.840000000000003,0.0,0.0,114.0,114.0,47.1,0.5622822531395012,247.0,92.0,682.624,250.0,32.5,32.1,34.800000000000004
27.3,347.3,3.2,1.1113600000000001,0.0,D,ENABLE,INVALID,2.0,NORMAL,0.5,5.920000000000002,0.0,0.0,112.0,116.0,47.2,0.5733616032311613,247.0,92.0,682.624,250.0,32.5,32.1,34.800000000000004
27.4,347.28000000000003,3.1,1.0765680000000002,0.0,D,ENABLE,INVALID,2.0,NORMAL,0.5,5.920000000000002,0.0,0.0,108.0,106.0,48.5,0.5383642610701709,247.0,92.0,682.624,250.0,32.5,32.1,34.800000000000004
27.5,347.3,3.1,1.0766300000000002,2.0,D,ENABLE,INVALID,2.0,NORMAL,0.5,6.0,0.0,0.0,108.0,108.0,49.2,0.5564388908038242,247.0,92.0,682.624,250.0,32.5,32.1,34.800000000000004
27.6,347.03000000000003,3.8000000000000003,1.3187140000000002,2.4000000000000004,D,ENABLE,INVALID,2.0,NORMAL,1.0,6.079999999999998,0.0,0.0,138.0,136.0,49.7,0.7078217688048044,247.0,92.0,682.624,250.0,32.5,32.1,34.800000000000004
27.7,347.12,4.3,1.492616,2.8000000000000003,D,ENABLE,INVALID,2.0,NORMAL,1.0,6.079999999999998,0.0,0.0,172.0,170.0,50.6,0.9007993335393134,247.0,92.0,682.624,250.0,32.5,32.1,34.800000000000004
27.8,347.13,5.1000000000000005,1.7703630000000001,3.6,D,ENABLE,INVALID,2.0,NORMAL,1.0,6.240000000000002,0.0,0.0,198.0,204.0,50.900000000000006,1.0873680492604991,247.0,92.0,682.624,250.0,32.5,32.1,34.800000000000004
27.9,347.08,6.0,2.08248,5.2,D,ENABLE,INVALID,2.0,NORMAL,1.5,6.32,0.0,0.0,230.0,232.0,51.900000000000006,1.2609096274447993,247.0,92.0,682.624,250.0,32.5,32.1,34.800000000000004
28.0,346.94,6.7,2.324498,6.0,D,ENABLE,INVALID,2.0,NORMAL,2.0,6.480000000000004,0.0,0.0,286.0,298.0,53.2,1.6601851097650382,247.0,92.0,682.624,250.0,32.5,32.1,34.800000000000004
28.1,346.92,8.4,2.9141280000000003,6.4,D,ENABLE,INVALID,2.0,NORMAL,2.5,6.560000000000002,0.0,0.0,338.0,332.0,54.400000000000006,1.8913225532651514,247.0,92.0,682.624,250.0,32.5,32.1,34.800000000000004
28.2,346.8,9.0,3.1212000000000004,7.6000000000000005,D,ENABLE,INVALID,2.0,NORMAL,2.5,6.800000000000004,0.0,0.0,380.0,366.0,56.400000000000006,2.1616670730820653,247.0,92.0,682.624,250.0,32.5,32.1,34.800000000000004
28.3,346.8,10.9,3.78012,8.0,D,ENABLE,INVALID,2.0,NORMAL,3.0,6.960000000000001,0.0,0.0,432.0,444.0,57.5,2.6734953482049137,247.0,92.0,682.624,250.0,32.5,32.1,34.800000000000004
28.4,346.61,12.200000000000001,4.228642000000001,8.0,D,ENABLE,INVALID,2.0,NORMAL,3.5,7.200000000000003,0.0,0.0,474.0,484.0,59.6,3.020787944083754,247.0,92.0,682.624,250.0,32.5,32.1,34.800000000000004
28.5,346.56,11.9,4.124064000000001,8.0,D,ENABLE,INVALID,2.0,NORMAL,3.5,7.439999999999998,0.0,0.0,492.0,500.0,60.6,3.1730085801256913,247.0,92.0,682.624,250.0,32.5,32.1,34.800000000000004
28.6,346.57,12.100000000000001,4.193497000000001,8.0,D,ENABLE,INVALID,2.0,NORMAL,3.5,7.759999999999998,0.0,0.0,490.0,488.0,64.0,3.270607391897214,247.0,92.0,682.624,250.0,32.5,32.1,34.800000000000004
28.7,346.6,12.5,4.3325,8.0,D,ENABLE,INVALID,2.0,NORMAL,4.0,8.0,0.0,0.0,484.0,484.0,66.4,3.3654416021335782,247.0,92.0,682.624,250.0,32.5,32.1,34.800000000000004
28.8,346.58,12.200000000000001,4.228276,8.0,D,ENABLE,INVALID,2.0,NORMAL,3.5,8.240000000000002,0.0,0.0,472.0,472.0,68.5,3.3857991225288395,247.0,92.0,682.624,250.0,32.5,32.1,34.800000000000004
28.9,346.56,12.8,4.435968,10.0,D,ENABLE,INVALID,2.0,NORMAL,4.0,8.560000000000002,0.0,0.0,462.0,462.0,70.2,3.3963129859428536,247.0,92.0,682.624,250.0,32.5,32.1,34.800000000000004
29.0,346.3,15.9,5.50617,12.0,D,ENABLE,INVALID,2.0,NORMAL,5.0,8.800000000000004,0.0,0.0,514.0,512.0,73.4,3.9354521732009102,247.0,92.0,682.624,250.0,32.5,32.1,34.800000000000004
29.1,346.18,19.0,6.57742,12.0,D,ENABLE,INVALID,2.0,NORMAL,6.0,9.04,0.0,0.0,616.0,590.0,75.8,4.683276888461425,247.0,92.0,682.624,250.0,32.5,32.1,34.800000000000004
29.2,346.09000000000003,20.400000000000002,7.0602360000000015,12.0,D,ENABLE,INVALID,2.0,NORMAL,6.5,9.36,0.0,0.0,676.0,710.0,76.5,5.68785349932432,247.0,92.0,682.624,250.0,32.5,32.1,34.800000000000004
29.3,346.06,21.700000000000003,7.509502000000001,12.0,D,ENABLE,INVALID,2.0,NORMAL,6.5,9.759999999999998,0.0,0.0,684.0,692.0,79.5,5.761052608152963,247.0,92.0,682.624,250.0,32.5,32.1,34.800000000000004
29.4,346.01,21.0,7.26621,12.0,D,ENABLE,INVALID,2.0,NORMAL,7.0,10.160000000000004,0.0,0.0,674.0,688.0,82.80000000000001,5.965507458048587,247.0,92.0,682.624,250.0,32.5,32.1,34.800000000000004
29.5,345.96,21.0,7.26516,12.0,D,ENABLE,INVALID,2.0,NORMAL,6.5,10.560000000000002,0.0,0.0,658.0,660.0,85.10000000000001,5.881689766050811,247.0,92.0,682.624,250.0,32.5,32.1,34.800000000000004
29.6,345.98,20.8,7.196384000000001,12.0,D,ENABLE,INVALID,2.0,NORMAL,6.5,10.880000000000003,0.0,0.0,636.0,642.0,88.2,5.929693301797663,247.0,92.0,682.624,250.0,32.5,32.1,34.800000000000004
29.7,346.13,20.8,7.199504,12.0,D,ENABLE,INVALID,2.0,NORMAL,6.5,11.280000000000001,0.0,0.0,608.0,608.0,91.10000000000001,5.800301572371811,247.0,92.0,682.624,250.0,32.5,32.1,34.800000000000004
29.8,345.83,20.3,7.020349,12.0,D,ENABLE,INVALID,2.0,NORMAL,6.5,11.600000000000001,0.0,0.0,586.0,600.0,93.80000000000001,5.893627818134452,246.0,92.0,682.624,250.0,32.5,32.1,34.800000000000004
29.9,346.02,19.6,6.781992,12.0,D,ENABLE,INVALID,2.0,NORMAL,6.5,11.920000000000002,0.0,0.0,562.0,564.0,97.30000000000001,5.746726945652593,246.0,92.0,682.624,250.0,32.5,32.1,34.800000000000004
30.0,345.96,19.400000000000002,6.7116240000000005,12.0,D,ENABLE,INVALID,2.0,NORMAL,6.5,12.160000000000004,0.0,0.0,544.0,550.0,98.2,5.655913974012824,246.0,92.0,682.624,250.0,32.5,32.1,34.800000000000004
30.1,345.95,19.0,6.57305,12.0,D,ENABLE,INVALID,2.0,NORMAL,6.0,12.480000000000004,0.0,0.0,518.0,532.0,101.10000000000001,5.632372973061925,246.0,92.0,682.624,250.0,32.5,32.1,34.800000000000004
30.2,346.07,18.900000000000002,6.540723000000001,12.0,D,ENABLE,INVALID,2.0,NORMAL,6.0,12.800000000000004,0.0,0.0,494.0,488.0,104.4,5.335178308032331,246.0,92.0,682.624,250.0,32.5,32.1,34.800000000000004
30.3,346.11,18.5,6.403035,11.600000000000001,D,ENABLE,INVALID,2.0,NORMAL,6.0,13.04,0.0,0.0,478.0,480.0,105.60000000000001,5.308034947505315,246.0,92.0,682.624,250.0,32.5,32.1,34.800000000000004
30.4,346.09000000000003,18.0,6.229620000000001,11.600000000000001,D,ENABLE,INVALID,2.0,NORMAL,5.5,13.36,0.0,0.0,456.0,456.0,108.7,5.190665045967201,246.0,92.0,682.624,250.0,32.5,32.1,34.800000000000004
30.5,346.26,17.2,5.955672,11.600000000000001,D,ENABLE,INVALID,2.0,NORMAL,5.5,13.520000000000003,0.0,0.0,436.0,420.0,110.30000000000001,4.851247375673359,246.0,92.0,682.624,250.0,32.5,32.1,34.800000000000004
30.6,346.3,17.0,5.8871,11.600000000000001,D,ENABLE,INVALID,2.0,NORMAL,5.5,13.759999999999998,0.0,0.0,416.0,416.0,112.7,4.909597223226033,246.0,92.0,682.624,250.0,32.5,32.1,34.800000000000004
30.7,346.33,16.7,5.783710999999999,11.600000000000001,D,ENABLE,INVALID,2.0,NORMAL,5.0,14.0,0.0,0.0,402.0,402.0,113.80000000000001,4.790677469312149,246.0,92.0,682.624,250.0,32.5,32.1,34.800000000000004
30.8,346.42,16.0,5.54272,11.600000000000001,D,ENABLE,INVALID,2.0,NORMAL,5.0,14.240000000000002,0.0,0.0,384.0,376.0,115.9,4.563519376506582,246.0,92.0,682.624,250.0,32.5,32.1,34.800000000000004
30.9,346.47,16.3,5.647461,11.600000000000001,D,ENABLE,INVALID,2.0,NORMAL,5.0,14.399999999999999,0.0,0.0,378.0,382.0,115.80000000000001,4.632341199571222,246.0,92.0,682.624,250.0,32.5,32.1,34.800000000000004
31.0,346.39,15.700000000000001,5.4383230000000005,11.600000000000001,D,ENABLE,INVALID,2.0,NORMAL,5.0,14.64,0.0,0.0,358.0,352.0,118.60000000000001,4.371756560931461,246.0,92.0,682.624,250.0,32.5,32.1,34.800000000000004
31.1,346.45,15.4,5.33533,11.600000000000001,D,ENABLE,INVALID,2.0,NORMAL,4.5,14.800000000000004,0.0,0.0,346.0,336.0,121.10000000000001,4.261004947916908,246.0,92.0,682.624,250.0,32.5,32.1,34.800000000000004
31.2,346.5,15.200000000000001,5.2668,11.600000000000001,D,ENABLE,INVALID,2.0,NORMAL,4.5,15.04,0.0,0.0,338.0,338.0,121.0,4.282828544883845,246.0,92.0,682.624,250.0,32.5,32.1,34.800000000000004
31.3,346.5,14.700000000000001,5.0935500000000005,11.600000000000001,D,ENABLE,INVALID,2.0,NORMAL,4.5,15.200000000000003,0.0,0.0,332.0,332.0,122.2,4.248522353106645,246.0,92.0,682.624,250.0,32.5,32.1,34.800000000000004
31.4,346.48,14.3,4.954664000000001,11.600000000000001,D,ENABLE,INVALID,2.0,NORMAL,4.5,15.36,0.0,0.0,312.0,312.0,124.10000000000001,4.054665142429131,246.0,92.0,682.624,250.0,32.5,32.1,34.800000000000004
31.5,346.64,14.0,4.85296,11.600000000000001,D,ENABLE,INVALID,2.0,NORMAL,4.0,15.520000000000003,0.0,0.0,306.0,304.0,125.60000000000001,3.9984515778808976,246.0,92.0,682.624,250.0,32.5,32.1,34.800000000000004
31.6,346.51,13.8,4.781838,11.600000000000001,D,ENABLE,INVALID,2.0,NORMAL,4.0,15.68,0.0,0.0,290.0,290.0,127.4,3.86897607265095,246.0,92.0,682.624,250.0,32.5,32.1,34.800000000000004
31.7,346.62,13.0,4.506060000000001,11.600000000000001,D,ENABLE,INVALID,2.0,NORMAL,4.0,15.840000000000003,0.0,0.0,276.0,276.0,128.70000000000002,3.719771365556459,246.0,92.0,682.624,250.0,32.5,32.1,34.800000000000004
31.8,346.47,12.600000000000001,4.365522000000001,11.200000000000001,D,ENABLE,INVALID,2.0,NORMAL,3.5,16.08,0.0,0.0,270.0,270.0,128.1,3.6219421703236727,246.0,92.0,682.624,250.0,32.5,32.1,34.800000000000004
31.9,346.51,12.5,4.331375,11.600000000000001,D,ENABLE,INVALID,2.0,NORMAL,3.5,16.160000000000004,0.0,0.0,256.0,256.0,130.8,3.506520056230784,246.0,92.0,682.624,250.0,32.5,32.1,34.800000000000004
32.0,346.45,12.3,4.261335,11.600000000000001,D,ENABLE,INVALID,2.0,NORMAL,3.5,16.32,0.0,0.0,256.0,260.0,130.3,3.547695863943834,246.0,92.0,682.624,250.0,32.5,32.1,34.800000000000004
32.1,346.47,12.0,4.157640000000001,11.200000000000001,D,ENABLE,INVALID,2.0,NORMAL,3.5,16.4,0.0,0.0,244.0,244.0,131.4,3.357482900744484,246.0,92.0,682.624,250.0,32.5,32.1,34.800000000000004
32.2,346.46,11.700000000000001,4.0535820000000005,11.200000000000001,D,ENABLE,INVALID,2.0,NORMAL,3.5,16.560000000000002,0.0,0.0,236.0,238.0,132.3,3.297352817354775,246.0,92.0,682.624,250.0,32.5,32.1,34.800000000000004
32.3,346.40000000000003,11.4,3.9489600000000005,11.600000000000001,D,ENABLE,INVALID,2.0,NORMAL,3.0,16.64,0.0,0.0,230.0,234.0,133.0,3.2590882188340515,246.0,92.0,682.624,250.0,32.5,32.1,34.800000000000004
32.4,346.46,11.100000000000001,3.8457060000000003,11.600000000000001,D,ENABLE,INVALID,2.0,NORMAL,3.5,16.72,0.0,0.0,222.0,222.0,135.20000000000002,3.143100618063517,246.0,92.0,682.624,250.0,32.5,32.1,34.800000000000004
32.5,346.44,11.0,3.8108400000000002,11.600000000000001,D,ENABLE,INVALID,2.0,NORMAL,3.0,16.800000000000004,0.0,0.0,214.0,212.0,135.8,3.0148398619929573,246.0,92.0,682.624,250.0,32.5,32.1,34.800000000000004
32.6,346.5,11.3,3.9154500000000003,12.0,D,ENABLE,INVALID,2.0,NORMAL,3.5,16.96,0.0,0.0,224.0,224.0,135.20000000000002,3.1714168398478724,246.0,92.0,682.624,250.0,32.5,32.1,34.800000000000004
32.7,346.59000000000003,11.5,3.9857850000000004,12.0,D,ENABLE,INVALID,2.0,NORMAL,3.5,17.04,0.0,0.0,222.0,222.0,137.0,3.1849466322093325,246.0,92.0,682.624,250.0,32.5,32.1,34.800000000000004
32.8,346.48,11.700000000000001,4.053816,12.0,D,ENABLE,INVALID,2.0,NORMAL,3.5,17.120000000000005,0.0,0.0,222.0,222.0,138.8,3.2267926463551486,246.0,92.0,682.624,250.0,32.5,32.1,34.800000000000004
32.9,346.55,11.700000000000001,4.054635000000001,12.0,D,ENABLE,INVALID,2.0,NORMAL,3.5,17.200000000000003,0.0,0.0,228.0,228.0,138.0,3.294902375084975,246.0,92.0,682.624,250.0,32.5,32.1,34.800000000000004
33.0,346.58,11.600000000000001,4.020328,12.8,D,ENABLE,INVALID,2.0,NORMAL,3.5,17.28,0.0,0.0,228.0,228.0,138.6,3.3092280375853442,246.0,92.0,682.624,250.0,32.5,32.1,34.800000000000004
33.1,346.40000000000003,13.0,4.5032000000000005,14.0,D,ENABLE,INVALID,2.0,NORMAL,4.0,17.439999999999998,0.0,0.0,244.0,244.0,140.3,3.5848923209623376,246.0,92.0,682.624,250.0,32.5,32.1,34.800000000000004
33.2,346.25,15.600000000000001,5.401500000000001,14.0,D,ENABLE,INVALID,2.0,NORMAL,4.5,17.520000000000003,0.0,0.0,286.0,272.0,142.5,4.0589377084380125,246.0,92.0,682.624,250.0,32.5,32.1,34.800000000000004
33.3,346.18,16.900000000000002,5.850442000000001,14.4,D,ENABLE,INVALID,2.0,NORMAL,5.5,17.6,0.0,0.0,326.0,326.0,141.4,4.827203719897884,246.0,91.0,682.624,250.0,32.5,32.1,34.800000000000004
33.4,346.11,17.5,6.056925000000001,14.0,D,ENABLE,INVALID,2.0,NORMAL,5.5,17.759999999999998,0.0,0.0,336.0,336.0,145.0,5.101946469429824,246.0,91.0,682.624,250.0,32.5,32.1,34.800000000000004
33.5,345.99,17.6,6.089424000000001,14.0,D,ENABLE,INVALID,2.0,NORMAL,5.5,18.0,0.0,0.0,348.0,360.0,143.5,5.409822549481624,246.0,91.0,682.624,250.0,32.5,32.1,34.800000000000004
33.6,345.93,17.5,6.053775000000001,14.0,D,ENABLE,INVALID,2.0,NORMAL,5.5,18.160000000000004,0.0,0.0,336.0,336.0,145.6,5.123057972061948,246.0,91.0,682.624,250.0,32.5,32.1,34.800000000000004
33.7,346.09000000000003,17.0,5.88353,14.0,D,ENABLE,INVALID,2.0,NORMAL,5.5,18.32,0.0,0.0,330.0,330.0,146.8,5.073043817016798,246.0,91.0,682.624,250.0,32.5,32.1,34.800000000000004
33.8,346.2,16.6,5.74692,14.0,D,ENABLE,INVALID,2.0,NORMAL,5.0,18.480000000000004,0.0,0.0,314.0,314.0,149.20000000000002,4.905994863649917,246.0,91.0,682.624,250.0,32.5,32.1,34.800000000000004
33.9,346.26,16.2,5.609411999999999,14.0,D,ENABLE,INVALID,2.0,NORMAL,5.0,18.64,0.0,0.0,306.0,306.0,149.4,4.787410212952413,246.0,91.0,682.624,250.0,32.5,32.1,34.800000000000004
34.0,346.17,16.0,5.5387200000000005,14.0,D,ENABLE,INVALID,2.0,NORMAL,5.0,18.800000000000004,0.0,0.0,286.0,282.0,152.20000000000002,4.494613777637846,246.0,91.0,682.624,250.0,32.5,32.1,34.800000000000004
34.1,346.3,15.3,5.29839,14.0,D,ENABLE,INVALID,2.0,NORMAL,4.5,18.880000000000003,0.0,0.0,278.0,278.0,153.1,4.457061273451934,246.0,91.0,682.624,250.0,32.5,32.1,34.800000000000004
34.2,346.16,15.0,5.1924,14.0,D,ENABLE,INVALID,2.0,NORMAL,4.5,19.04,0.0,0.0,272.0,272.0,153.9,4.383652725113055,246.0,91.0,682.624,250.0,32.5,32.1,34.800000000000004
34.3,346.21,14.600000000000001,5.054666,14.0,D,ENABLE,INVALID,2.0,NORMAL,4.5,19.200000000000003,0.0,0.0,260.0,260.0,154.9,4.217483417689177,246.0,91.0,682.624,250.0,32.5,32.1,34.7
34.4,346.32,14.3,4.952376,14.0,D,ENABLE,INVALID,2.0,NORMAL,4.5,19.36,0.0,0.0,258.0,258.0,154.5,4.174234158824758,246.0,91.0,682.624,250.0,32.5,32.1,34.7
34.5,346.35,14.3,4.952805000000001,14.0,D,ENABLE,INVALID,2.0,NORMAL,4.5,19.439999999999998,0.0,0.0,256.0,256.0,156.70000000000002,4.200853920576177,246.0,91.0,682.624,250.0,32.5,32.1,34.7
34.6,346.46,14.100000000000001,4.885086,14.0,D,ENABLE,INVALID,2.0,NORMAL,4.0,19.520000000000003,0.0,0.0,254.0,254.0,157.10000000000002,4.178674276441832,246.0,91.0,682.624,250.0,32.5,32.1,34.7
34.7,346.27,14.100000000000001,4.882407,14.0,D,ENABLE,INVALID,2.0,NORMAL,4.0,19.68,0.0,0.0,240.0,236.0,158.70000000000002,3.922089932447642,246.0,91.0,682.624,250.0,32.5,32.1,34.7
34.8,346.37,13.700000000000001,4.745269,14.4,D,ENABLE,INVALID,2.0,NORMAL,4.0,19.840000000000003,0.0,0.0,234.0,232.0,160.3,3.8944858049980997,246.0,91.0,682.624,250.0,32.5,32.1,34.7
34.9,346.18,13.600000000000001,4.708048000000001,14.0,D,ENABLE,INVALID,2.0,NORMAL,4.0,19.92,0.0,0.0,234.0,234.0,160.4,3.930509400759262,246.0,91.0,682.624,250.0,32.5,32.1,34.7
35.0,346.21,13.4,4.639214,14.0,D,ENABLE,INVALID,2.0,NORMAL,4.0,20.0,0.0,0.0,232.0,232.0,160.10000000000002,3.889626808360547,246.0,91.0,682.624,250.0,32.5,32.1,34.7
35.1,346.25,13.4,4.63975,14.0,D,ENABLE,INVALID,2.0,NORMAL,4.0,20.08,0.0,0.0,230.0,230.0,161.10000000000002,3.8801810864487543,246.0,91.0,682.624,250.0,32.5,32.1,34.7
35.2,346.18,12.8,4.431104,14.0,D,ENABLE,INVALID,2.0,NORMAL,4.0,20.160000000000004,0.0,0.0,218.0,216.0,163.5,3.6982828718059046,246.0,91.0,682.624,250.0,32.5,32.1,34.7
35.3,346.35,12.8,4.433280000000001,14.0,D,ENABLE,INVALID,2.0,NORMAL,4.0,20.32,0.0,0.0,220.0,222.0,161.4,3.7521926017415055,246.0,91.0,682.624,250.0,32.5,32.1,34.7
35.4,346.22,12.4,4.293128,14.0,D,ENABLE,INVALID,2.0,NORMAL,3.5,20.4,0.0,0.0,202.0,200.0,164.70000000000002,3.4494687336415932,246.0,91.0,682.624,250.0,32.5,32.1,34.7
35.5,346.35,12.200000000000001,4.2254700000000005,14.0,D,ENABLE,INVALID,2.0,NORMAL,3.5,20.4,0.0,0.0,208.0,208.0,165.0,3.5939819957067236,246.0,91.0,682.624,250.0,32.5,32.1,34.7
35.6,346.37,11.9,4.121803,14.0,D,ENABLE,INVALID,2.0,NORMAL,3.5,20.560000000000002,0.0,0.0,202.0,204.0,164.70000000000002,3.518458108314425,246.0,91.0,682.624,250.0,32.5,32.1,34.7
35.7,346.38,11.600000000000001,4.018008,14.0,D,ENABLE,INVALID,2.0,NORMAL,3.5,20.64,0.0,0.0,196.0,198.0,164.60000000000002,3.412900595153808,246.0,91.0,682.624,250.0,32.5,32.1,34.7
35.8,346.42,11.5,3.98383,14.0,D,ENABLE,INVALID,2.0,NORMAL,3.5,20.72,0.0,0.0,192.0,192.0,165.10000000000002,3.3195324614891195,246.0,91.0,682.624,250.0,32.5,32.1,34.7
35.9,346.49,11.3,3.9153370000000005,14.0,D,ENABLE,INVALID,2.0,NORMAL,3.5,20.800000000000004,0.0,0.0,192.0,194.0,165.9,3.370363430624202,246.0,91.0,682.624,250.0,32.5,32.1,34.7
36.0,346.45,11.100000000000001,3.8455950000000003,14.0,D,ENABLE,INVALID,2.0,NORMAL,3.0,20.880000000000003,0.0,0.0,182.0,182.0,167.8,3.198099433452362,246.0,91.0,682.624,250.0,32.5,32.1,34.7
36.1,346.53000000000003,11.0,3.8118300000000005,14.0,D,ENABLE,INVALID,2.0,NORMAL,3.0,20.880000000000003,0.0,0.0,174.0,174.0,168.9,3.0775669953096334,246.0,91.0,682.624,250.0,32.5,32.1,34.7
36.2,346.5,10.8,3.7422000000000004,14.0,D,ENABLE,INVALID,2.0,NORMAL,3.0,20.96,0.0,0.0,174.0,174.0,168.3,3.0666342528751405,246.0,91.0,682.624,250.0,32.5,32.1,34.7
36.3,346.41,10.600000000000001,3.671946000000001,14.0,D,ENABLE,INVALID,2.0,NORMAL,3.0,21.04,0.0,0.0,172.0,174.0,168.9,3.0775669953096334,246.0,91.0,682.624,250.0,32.5,32.1,34.7
36.4,346.54,10.5,3.6386700000000003,14.0,D,ENABLE,INVALID,2.0,NORMAL,3.0,21.120000000000005,0.0,0.0,168.0,168.0,168.8,2.96968470358536,246.0,91.0,682.624,250.0,32.5,32.1,34.7
36.5,346.39,10.4,3.602456,14.0,D,ENABLE,INVALID,2.0,NORMAL,3.0,21.200000000000003,0.0,0.0,160.0,160.0,171.4,2.8718345644015493,246.0,91.0,682.624,250.0,32.5,32.1,34.7
36.6,346.37,10.200000000000001,3.5329740000000007,14.0,D,ENABLE,INVALID,2.0,NORMAL,3.0,21.28,0.0,0.0,164.0,166.0,169.4,2.944761401866881,246.0,91.0,682.624,250.0,32.5,32.1,34.7
36.7,346.56,10.0,3.4656,14.0,D,ENABLE,INVALID,2.0,NORMAL,3.0,21.36,0.0,0.0,158.0,158.0,170.70000000000002,2.8243546274302957,246.0,91.0,682.624,250.0,32.5,32.1,34.7
36.8,346.56,9.8,3.3962880000000006,14.0,D,ENABLE,INVALID,2.0,NORMAL,3.0,21.439999999999998,0.0,0.0,148.0,144.0,173.10000000000002,2.6102865040146876,246.0,91.0,682.624,250.0,32.5,32.1,34.7
36.9,346.51,9.700000000000001,3.3611470000000003,14.0,D,ENABLE,INVALID,2.0,NORMAL,3.0,21.520000000000003,0.0,0.0,144.0,142.0,173.5,2.5799806068830575,246.0,91.0,682.624,250.0,32.5,32.1,34.7
37.0,346.5,9.8,3.3957,14.0,D,ENABLE,INVALID,2.0,NORMAL,3.0,21.6,0.0,0.0,144.0,144.0,173.10000000000002,2.6102865040146876,246.0,91.0,682.624,250.0,32.5,32.1,34.7
37.1,346.47,9.600000000000001,3.3261120000000006,14.0,D,ENABLE,INVALID,2.0,NORMAL,3.0,21.6,0.0,0.0,148.0,148.0,172.5,2.6734953482049137,246.0,91.0,682.624,250.0,32.5,32.1,34.7
37.2,346.55,9.4,3.2575700000000003,14.4,D,ENABLE,INVALID,2.0,NORMAL,2.5,21.68,0.0,0.0,148.0,148.0,172.8,2.678144905332227,246.0,91.0,682.624,250.0,32.5,32.1,34.7
37.3,346.54,9.5,3.2921300000000002,14.4,D,ENABLE,INVALID,2.0,NORMAL,2.5,21.68,0.0,0.0,150.0,150.0,173.8,2.73004401596953,246.0,91.0,682.624,250.0,32.5,32.1,34.7
37.4,346.45,9.5,3.291275,14.0,D,ENABLE,INVALID,2.0,NORMAL,2.5,21.759999999999998,0.0,0.0,140.0,140.0,176.20000000000002,2.5832269192917674,246.0,91.0,682.624,250.0,32.5,32.1,34.7
37.5,346.49,9.3,3.2223570000000006,14.0,D,ENABLE,INVALID,2.0,NORMAL,2.5,21.840000000000003,0.0,0.0,140.0,140.0,175.8,2.5773626130050666,246.0,91.0,682.624,250.0,32.5,32.1,34.7
37.6,346.37,9.3,3.2212410000000005,14.0,D,ENABLE,INVALID,2.0,NORMAL,2.5,21.92,0.0,0.0,140.0,140.0,177.3,2.599353761580195,246.0,91.0,682.624,250.0,32.5,32.1,34.7
37.7,346.51,9.0,3.11859,14.0,D,ENABLE,INVALID,2.0,NORMAL,2.5,22.0,0.0,0.0,136.0,136.0,176.20000000000002,2.509420435883431,246.0,91.0,682.624,250.0,32.5,32.1,34.7
37.8,346.42,9.0,3.11778,14.4,D,ENABLE,INVALID,2.0,NORMAL,2.5,22.08,0.0,0.0,128.0,128.0,178.4,2.3912965521084546,246.0,91.0,682.624,250.0,32.5,32.1,34.7
37.9,346.58,8.700000000000001,3.0152460000000003,14.4,D,ENABLE,INVALID,2.0,NORMAL,2.5,22.160000000000004,0.0,0.0,132.0,132.0,177.60000000000002,2.4549661632212083,246.0,91.0,682.624,250.0,32.5,32.1,34.7
38.0,346.68,8.6,2.981448,14.0,D,ENABLE,INVALID,2.0,NORMAL,2.5,22.160000000000004,0.0,0.0,128.0,128.0,176.70000000000002,2.368509533394417,246.0,91.0,682.624,250.0,32.5,32.1,34.7
38.1,346.43,8.6,2.9792979999999996,14.0,D,ENABLE,INVALID,2.0,NORMAL,2.5,22.160000000000004,0.0,0.0,122.0,122.0,178.3,2.277926945215911,246.0,91.0,682.624,250.0,32.5,32.1,34.7
38.2,346.57,8.6,2.980502,14.0,D,ENABLE,INVALID,2.0,NORMAL,2.5,22.160000000000004,0.0,0.0,124.0,124.0,179.5,2.330852309453387,246.0,91.0,682.624,250.0,32.5,32.1,34.7
38.3,346.53000000000003,8.5,2.9455050000000003,14.4,D,ENABLE,INVALID,2.0,NORMAL,2.5,22.160000000000004,0.0,0.0,128.0,128.0,178.70000000000002,2.39531779070505,246.0,91.0,682.624,250.0,32.5,32.1,34.7
38.4,346.54,8.5,2.94559,14.0,D,ENABLE,INVALID,2.0,NORMAL,2.5,22.160000000000004,0.0,0.0,126.0,126.0,177.60000000000002,2.3433767921656985,246.0,91.0,682.624,250.0,32.5,32.1,34.7
38.5,346.54,8.4,2.910936,14.4,D,ENABLE,INVALID,2.0,NORMAL,2.5,22.240000000000002,0.0,0.0,120.0,120.0,178.70000000000002,2.245610428785984,246.0,91.0,682.624,250.0,32.5,32.1,34.7
38.6,346.72,8.5,2.9471200000000004,14.4,D,ENABLE,INVALID,2.0,NORMAL,2.5,22.240000000000002,0.0,0.0,120.0,118.0,179.0,2.2118906676374537,246.0,91.0,682.624,250.0,32.5,32.1,34.7
38.7,346.58,8.6,2.9805879999999996,14.4,D,ENABLE,INVALID,2.0,NORMAL,2.5,22.240000000000002,0.0,0.0,126.0,126.0,178.10000000000002,2.349974136738237,246.0,91.0,682.624,250.0,32.5,32.1,34.7
38.8,346.63,8.700000000000001,3.0156810000000003,14.4,D,ENABLE,INVALID,2.0,NORMAL,2.5,22.240000000000002,0.0,0.0,132.0,134.0,177.5,2.4907593755211073,246.0,91.0,682.624,250.0,32.5,32.1,34.7
38.9,346.45,8.6,2.9794699999999996,14.4,D,ENABLE,INVALID,2.0,NORMAL,2.5,22.240000000000002,0.0,0.0,134.0,134.0,177.4,2.4893561308025043,246.0,91.0,682.624,250.0,32.5,32.1,34.7
39.0,346.41,8.8,3.0484080000000002,14.4,D,ENABLE,INVALID,2.0,NORMAL,2.5,22.240000000000002,0.0,0.0,130.0,130.0,177.3,2.413685635753038,246.0,91.0,682.624,250.0,32.5,32.1,34.7
39.1,346.49,9.0,3.11841,14.4,D,ENABLE,INVALID,2.0,NORMAL,2.5,22.240000000000002,0.0,0.0,130.0,130.0,178.3,2.427299203918594,246.0,91.0,682.624,250.0,32.5,32.1,34.7
39.2,346.58,9.1,3.1538779999999997,14.8,D,ENABLE,INVALID,2.0,NORMAL,2.5,22.32,0.0,0.0,134.0,134.0,178.70000000000002,2.5075983121443493,246.0,91.0,682.624,250.0,32.5,32.1,34.7
39.3,346.5,9.4,3.2571,14.8,D,ENABLE,INVALID,2.0,NORMAL,2.5,22.4,0.0,0.0,134.0,134.0,178.9,2.510404801581556,246.0,91.0,682.624,250.0,32.5,32.1,34.7
39.4,346.52,9.600000000000001,3.326592,14.8,D,ENABLE,INVALID,2.0,NORMAL,2.5,22.4,0.0,0.0,138.0,138.0,179.60000000000002,2.595458186689744,246.0,91.0,682.624,250.0,32.5,32.1,34.7
39.5,346.47,9.8,3.3954060000000004,14.8,D,ENABLE,INVALID,2.0,NORMAL,3.0,22.480000000000004,0.0,0.0,146.0,146.0,180.10000000000002,2.753564072969406,246.0,91.0,682.624,250.0,32.5,32.1,34.7
39.6,346.43,10.0,3.4643,14.8,D,ENABLE,INVALID,2.0,NORMAL,3.0,22.480000000000004,0.0,0.0,152.0,152.0,180.5,2.8730912014629855,246.0,91.0,682.624,250.0,32.5,32.1,34.7
39.7,346.33,10.100000000000001,3.4979330000000006,14.8,D,ENABLE,INVALID,2.0,NORMAL,3.0,22.560000000000002,0.0,0.0,150.0,150.0,180.9,2.8415705551719683,246.0,91.0,682.624,250.0,32.5,32.1,34.7
39.8,346.38,9.9,3.4291620000000003,14.8,D,ENABLE,INVALID,2.0,NORMAL,3.0,22.64,0.0,0.0,144.0,144.0,181.8,2.741479413228597,246.0,91.0,682.624,250.0,32.5,32.1,34.7
39.9,346.47,10.0,3.4647,14.8,D,ENABLE,INVALID,2.0,NORMAL,3.0,22.64,0.0,0.0,150.0,150.0,180.20000000000002,2.830574980884404,246.0,91.0,682.624,250.0,32.5,32.1,34.7
40.0,346.27,9.9,3.428073,14.8,D,ENABLE,INVALID,2.0,NORMAL,3.0,22.64,0.0,0.0,148.0,148.0,182.10000000000002,2.822281176278927,246.0,91.0,682.624,250.0,32.5,32.1,34.7
40.1,346.31,9.8,3.393838,14.8,D,ENABLE,INVALID,2.0,NORMAL,3.0,22.72,0.0,0.0,140.0,138.0,182.70000000000002,2.640257297929934,246.0,91.0,682.624,250.0,32.5,32.1,34.7
40.2,346.52,9.8,3.395896,14.8,D,ENABLE,INVALID,2.0,NORMAL,3.0,22.72,0.0,0.0,148.0,148.0,181.10000000000002,2.806782652521217,246.0,91.0,682.624,250.0,32.5,32.1,34.7
40.3,346.31,9.8,3.393838,15.200000000000001,D,ENABLE,INVALID,2.0,NORMAL,3.0,22.800000000000004,0.0,0.0,140.0,140.0,182.70000000000002,2.678521896450658,246.0,91.0,682.624,250.0,32.5,32.1,34.7
40.4,346.34000000000003,10.200000000000001,3.5326680000000006,15.600000000000001,D,ENABLE,INVALID,2.0,NORMAL,3.0,22.800000000000004,0.0,0.0,150.0,150.0,182.3,2.863561703747097,246.0,91.0,682.624,250.0,32.5,32.1,34.7
40.5,346.40000000000003,11.0,3.8104000000000005,16.0,D,ENABLE,INVALID,2.0,NORMAL,3.0,22.880000000000003,0.0,0.0,154.0,154.0,185.20000000000002,2.9866911918167927,246.0,91.0,682.624,250.0,32.5,32.1,34.7
40.6,346.35,11.4,3.9483900000000003,15.600000000000001,D,ENABLE,INVALID,2.0,NORMAL,3.5,22.96,0.0,0.0,168.0,168.0,184.8,3.2511714053470055,246.0,91.0,682.624,250.0,32.5,32.1,34.7
40.7,346.16,11.8,4.084688000000001,15.600000000000001,D,ENABLE,INVALID,2.0,NORMAL,3.5,23.04,0.0,0.0,176.0,176.0,185.60000000000002,3.420733632836759,246.0,91.0,682.624,250.0,32.5,32.1,34.7
40.8,346.3,11.600000000000001,4.017080000000001,15.600000000000001,D,ENABLE,INVALID,2.0,NORMAL,3.5,23.120000000000005,0.0,0.0,174.0,174.0,186.3,3.3946165259099153,246.0,91.0,682.624,250.0,32.5,32.1,34.7
40.9,346.32,11.700000000000001,4.051944000000001,16.0,D,ENABLE,INVALID,2.0,NORMAL,3.5,23.200000000000003,0.0,0.0,176.0,178.0,184.8,3.444693512808137,246.0,91.0,682.624,250.0,32.5,32.1,34.7
41.0,346.23,11.5,3.9816450000000003,15.600000000000001,D,ENABLE,INVALID,2.0,NORMAL,3.5,23.200000000000003,0.0,0.0,172.0,172.0,186.0,3.3501944057881556,246.0,91.0,682.624,250.0,32.5,32.1,34.7
41.1,346.3,11.5,3.9824500000000005,16.0,D,ENABLE,INVALID,2.0,NORMAL,3.5,23.28,0.0,0.0,174.0,176.0,186.5,3.4373212420477124,246.0,91.0,682.624,250.0,32.5,32.1,34.7
41.2,346.21,12.100000000000001,4.189141,17.6,D,ENABLE,INVALID,2.0,NORMAL,3.5,23.36,0.0,0.0,170.0,170.0,188.0,3.346843373624326,246.0,91.0,682.624,250.0,32.5,32.1,34.7
41.3,346.14,14.3,4.949802,17.6,D,ENABLE,INVALID,2.0,NORMAL,4.5,23.36,0.0,0.0,202.0,200.0,187.70000000000002,3.9311796071920275,246.0,91.0,682.624,250.0,32.5,32.1,34.7
41.4,345.98,15.8,5.466484,17.6,D,ENABLE,INVALID,2.0,NORMAL,5.0,23.440000000000005,0.0,0.0,236.0,242.0,187.70000000000002,4.756727324702354,246.0,91.0,682.624,250.0,32.5,32.1,34.7
41.5,346.02,16.400000000000002,5.674728,17.6,D,ENABLE,INVALID,2.0,NORMAL,5.0,23.6,0.0,0.0,242.0,242.0,190.60000000000002,4.830219648845332,246.0,91.0,682.624,250.0,32.5,32.1,34.7
41.6,345.97,16.7,5.777699,17.6,D,ENABLE,INVALID,2.0,NORMAL,5.0,23.759999999999998,0.0,0.0,250.0,252.0,191.10000000000002,5.04301019124848,246.0,91.0,682.624,250.0,32.5,32.1,34.7
41.7,345.95,17.400000000000002,6.0195300000000005,18.0,D,ENABLE,INVALID,2.0,NORMAL,5.5,23.840000000000003,0.0,0.0,262.0,270.0,190.60000000000002,5.389088037967932,246.0,91.0,682.624,250.0,32.5,32.1,34.7
41.8,345.77,17.400000000000002,6.016398000000001,18.8,D,ENABLE,INVALID,2.0,NORMAL,5.5,24.0,0.0,0.0,264.0,264.0,191.9,5.305270345970155,246.0,91.0,682.624,250.0,32.5,32.1,34.7
41.9,345.69,19.700000000000003,6.810093000000001,20.0,D,ENABLE,INVALID,2.0,NORMAL,6.0,24.08,0.0,0.0,286.0,286.0,194.70000000000002,5.831235788034158,246.0,91.0,682.624,250.0,32.5,32.1,34.7
42.0,345.58,22.3,7.706434,20.0,D,ENABLE,INVALID,2.0,NORMAL,7.0,24.159999999999997,0.0,0.0,326.0,326.0,196.10000000000002,6.694587337142682,246.0,91.0,682.624,250.0,32.5,32.1,34.7
42.1,345.39,24.700000000000003,8.531133,20.0,D,ENABLE,INVALID,2.0,NORMAL,8.0,24.320000000000007,0.0,0.0,368.0,368.0,194.0,7.476152757502751,246.0,91.0,682.624,250.0,32.5,32.1,34.7
42.2,345.32,25.700000000000003,8.874724,20.0,D,ENABLE,INVALID,2.0,NORMAL,8.0,24.400000000000006,0.0,0.0,374.0,374.0,197.20000000000002,7.723375155389243,246.0,91.0,682.624,250.0,32.5,32.1,34.7
42.3,345.1,25.8,8.90358,20.400000000000002,D,ENABLE,INVALID,2.0,NORMAL,8.0,24.560000000000002,0.0,0.0,388.0,392.0,197.60000000000002,8.111508455764751,246.0,91.0,682.624,250.0,32.5,32.1,34.7
42.4,345.16,25.8,8.905128000000001,20.0,D,ENABLE,INVALID,2.0,NORMAL,8.0,24.72,0.0,0.0,386.0,388.0,198.4,8.061242973307314,246.0,91.0,682.624,250.0,32.5,32.1,34.7
42.5,345.26,25.6,8.838656,20.0,D,ENABLE,INVALID,2.0,NORMAL,8.0,24.879999999999995,0.0,0.0,380.0,380.0,200.0,7.958701389094142,246.0,91.0,682.624,250.0,32.5,32.1,34.7
42.6,345.33,25.0,8.63325,20.0,D,ENABLE,INVALID,2.0,NORMAL,8.0,25.040000000000006,0.0,0.0,366.0,366.0,201.8,7.734475449431927,246.0,91.0,682.624,250.0,32.5,32.1,34.7
42.7,345.29,24.400000000000002,8.425076,20.400000000000002,D,ENABLE,INVALID,2.0,NORMAL,7.5,25.28,0.0,0.0,360.0,362.0,201.8,7.649945663099338,246.0,91.0,682.624,250.0,32.5,32.1,34.7
42.8,345.28000000000003,24.8,8.562944000000002,22.0,D,ENABLE,INVALID,2.0,NORMAL,8.0,25.439999999999998,0.0,0.0,344.0,344.0,205.4,7.399246569342872,246.0,91.0,682.624,250.0,32.5,32.1,34.7
42.9,344.97,28.3,9.762651000000002,22.400000000000002,D,ENABLE,INVALID,2.0,NORMAL,9.0,25.599999999999994,0.0,0.0,382.0,372.0,208.20000000000002,8.110586921919698,246.0,91.0,682.624,250.0,32.5,32.1,34.7
43.0,344.86,30.900000000000002,10.656174,22.400000000000002,D,ENABLE,INVALID,2.0,NORMAL,10.0,25.840000000000003,0.0,0.0,442.0,458.0,207.70000000000002,9.961634257365827,246.0,91.0,682.624,250.0,32.5,32.1,34.7
43.1,344.68,31.700000000000003,10.926356000000002,22.400000000000002,D,ENABLE,INVALID,2.0,NORMAL,10.5,26.0,0.0,0.0,442.0,434.0,210.9,9.585062017955533,246.0,91.0,682.624,250.0,32.5,32.1,34.7
43.2,344.72,31.8,10.962096,22.400000000000002,D,ENABLE,INVALID,2.0,NORMAL,10.0,26.239999999999995,0.0,0.0,450.0,450.0,211.8,9.980839860454772,246.0,91.0,682.624,250.0,32.5,32.1,34.7
43.3,344.8,31.5,10.8612,22.400000000000002,D,ENABLE,INVALID,2.0,NORMAL,10.0,26.480000000000004,0.0,0.0,436.0,436.0,214.4,9.789035156977606,246.0,91.0,682.624,250.0,32.5,32.1,34.7
43.4,344.75,30.8,10.618300000000001,22.400000000000002,D,ENABLE,INVALID,2.0,NORMAL,10.0,26.64,0.0,0.0,424.0,424.0,215.10000000000002,9.550692994325258,246.0,91.0,682.624,250.0,32.5,32.1,34.7
43.5,344.86,30.3,10.449258,22.400000000000002,D,ENABLE,INVALID,2.0,NORMAL,9.5,26.799999999999997,0.0,0.0,428.0,430.0,214.0,9.636311866111093,246.0,91.0,682.624,250.0,32.5,32.1,34.7
43.6,344.97,30.0,10.3491,22.400000000000002,D,ENABLE,INVALID,2.0,NORMAL,9.5,26.960000000000008,0.0,0.0,408.0,408.0,217.20000000000002,9.280013371291963,246.0,91.0,682.624,250.0,32.5,32.1,34.7
43.7,344.84000000000003,29.6,10.207264,22.400000000000002,D,ENABLE,INVALID,2.0,NORMAL,9.5,27.120000000000005,0.0,0.0,396.0,394.0,220.20000000000002,9.085360290475538,246.0,91.0,682.624,250.0,32.5,32.1,34.7
43.8,344.78000000000003,29.1,10.033098000000003,22.400000000000002,D,ENABLE,INVALID,2.0,NORMAL,9.0,27.36,0.0,0.0,390.0,390.0,222.0,9.066636398260142,246.0,91.0,682.624,250.0,32.5,32.1,34.7
43.9,344.87,29.200000000000003,10.070204000000002,24.400000000000002,D,ENABLE,INVALID,2.0,NORMAL,9.5,27.519999999999996,0.0,0.0,382.0,376.0,222.60000000000002,8.764792176103237,246.0,91.0,682.624,250.0,32.5,32.1,34.7
44.0,344.48,34.6,11.919008000000002,25.6,D,ENABLE,INVALID,2.0,NORMAL,11.0,27.680000000000007,0.0,0.0,440.0,440.0,225.60000000000002,10.394901772197908,246.0,91.0,682.624,250.0,32.5,32.1,34.7
44.1,344.24,39.300000000000004,13.528632000000002,25.200000000000003,D,ENABLE,INVALID,2.0,NORMAL,12.5,27.92,0.0,0.0,520.0,520.0,226.10000000000002,12.31211104892864,246.0,91.0,682.624,250.0,32.5,32.1,34.7
44.2,344.19,40.5,13.939695,25.200000000000003,D,ENABLE,INVALID,2.0,NORMAL,13.0,28.239999999999995,0.0,0.0,536.0,536.0,228.20000000000002,12.80881779141221,246.0,91.0,682.624,250.0,32.5,32.1,34.7
44.3,344.0,40.900000000000006,14.069600000000003,25.200000000000003,D,ENABLE,INVALID,2.0,NORMAL,13.5,28.480000000000004,0.0,0.0,530.0,530.0,229.70000000000002,12.748687708022501,246.0,91.0,682.624,250.0,32.5,32.1,34.7
44.4,344.2,40.7,14.00894,25.200000000000003,D,ENABLE,INVALID,2.0,NORMAL,13.0,28.72,0.0,0.0,526.0,526.0,231.3,12.740603342927264,246.0,91.0,682.624,250.0,32.5,32.1,34.7
44.5,344.06,40.1,13.796806,25.200000000000003,D,ENABLE,INVALID,2.0,NORMAL,13.0,28.960000000000008,0.0,0.0,520.0,520.0,233.8,12.731408948427758,246.0,91.0,682.624,250.0,32.5,32.1,34.7
44.6,344.11,40.300000000000004,13.867633000000001,25.200000000000003,D,ENABLE,INVALID,2.0,NORMAL,13.0,29.120000000000005,0.0,0.0,516.0,516.0,235.20000000000002,12.709124584538294,246.0,91.0,682.624,250.0,32.5,32.1,34.7
44.7,344.1,40.6,13.970460000000001,25.200000000000003,D,ENABLE,INVALID,2.0,NORMAL,13.0,29.36,0.0,0.0,514.0,514.0,238.0,12.810577083298218,246.0,91.0,682.624,250.0,32.5,32.1,34.7
44.8,343.97,40.400000000000006,13.896388000000004,25.200000000000003,D,ENABLE,INVALID,2.0,NORMAL,13.0,29.60000000000001,0.0,0.0,512.0,512.0,237.9,12.755368828399135,246.0,91.0,682.624,250.0,32.5,32.1,34.7
44.9,344.12,40.400000000000006,13.902448000000001,24.8,D,ENABLE,INVALID,2.0,NORMAL,13.0,29.92,0.0,0.0,506.0,508.0,240.9,12.815310416229629,246.0,91.0,682.624,250.0,32.5,32.1,34.7
45.0,344.19,40.2,13.836438,24.8,D,ENABLE,INVALID,2.0,NORMAL,13.0,30.159999999999997,0.0,0.0,500.0,500.0,242.10000000000002,12.676326357234817,246.0,91.0,682.624,250.0,32.5,32.1,34.7
45.1,344.15000000000003,40.0,13.766000000000002,24.8,D,ENABLE,INVALID,2.0,NORMAL,13.0,30.400000000000006,0.0,0.0,494.0,494.0,245.4,12.694924585744067,246.0,91.0,682.624,250.0,32.5,32.1,34.7
45.2,344.02,39.7,13.657594000000001,24.8,D,ENABLE,INVALID,2.0,NORMAL,13.0,30.64,0.0,0.0,488.0,488.0,246.4,12.591838458804274,246.0,91.0,682.624,250.0,32.5,32.0,34.7
45.3,344.17,39.6,13.629132000000002,24.400000000000002,D,ENABLE,INVALID,2.0,NORMAL,12.5,30.799999999999997,0.0,0.0,480.0,478.0,248.3,12.428915463789108,246.0,91.0,682.624,250.0,32.5,32.0,34.7
45.4,344.07,39.0,13.41873,24.400000000000002,D,ENABLE,INVALID,2.0,NORMAL,12.5,31.040000000000006,0.0,0.0,472.0,472.0,250.8,12.396473283653037,246.0,91.0,682.624,250.0,32.5,32.0,34.7
45.5,344.22,37.800000000000004,13.011516000000004,24.0,D,ENABLE,INVALID,2.0,NORMAL,12.0,31.200000000000003,0.0,0.0,460.0,460.0,249.5,12.018686295083352,246.0,91.0,682.624,250.0,32.5,32.0,34.7
45.6,344.36,35.4,12.190344,21.200000000000003,D,ENABLE,INVALID,2.0,NORMAL,11.0,31.36,0.0,0.0,430.0,430.0,252.0,11.347432664766334,246.0,91.0,682.624,250.0,32.5,32.0,34.7
45.7,344.77,28.700000000000003,9.894899,20.8,D,ENABLE,INVALID,2.0,NORMAL,9.0,31.60000000000001,0.0,0.0,354.0,354.0,252.3,9.352961152708318,246.0,91.0,682.624,250.0,32.5,32.0,34.7
45.8,345.15000000000003,22.8,7.869420000000001,20.8,D,ENABLE,INVALID,2.0,NORMAL,7.5,31.680000000000007,0.0,0.0,280.0,280.0,254.10000000000002,7.450601137253554,246.0,91.0,682.624,250.0,32.5,32.0,34.7
45.9,345.3,19.700000000000003,6.802410000000001,20.8,D,ENABLE,INVALID,2.0,NORMAL,6.0,31.840000000000003,0.0,0.0,238.0,238.0,255.5,6.367903589071391,246.0,91.0,682.624,250.0,32.5,32.0,34.7
46.0,345.19,18.6,6.420534000000001,20.8,D,ENABLE,INVALID,2.0,NORMAL,6.0,31.92,0.0,0.0,216.0,216.0,256.40000000000003,5.799631365939046,246.0,91.0,682.624,250.0,32.5,32.0,34.7
46.1,345.55,18.3,6.323565,20.8,D,ENABLE,INVALID,2.0,NORMAL,5.5,32.08,0.0,0.0,208.0,208.0,257.5,5.608790084208977,246.0,91.0,682.624,250.0,32.5,32.0,34.7
46.2,345.45,18.0,6.2181,20.8,D,ENABLE,INVALID,2.0,NORMAL,5.5,32.16,0.0,0.0,204.0,204.0,257.0,5.490247321413523,246.0,91.0,682.624,250.0,32.5,32.0,34.7
46.3,345.44,18.1,6.252464000000001,21.200000000000003,D,ENABLE,INVALID,2.0,NORMAL,5.5,32.239999999999995,0.0,0.0,204.0,204.0,257.8,5.507337585449051,246.0,91.0,682.624,250.0,32.5,32.0,34.7
46.4,345.42,18.5,6.39027,21.200000000000003,D,ENABLE,INVALID,2.0,NORMAL,5.5,32.239999999999995,0.0,0.0,208.0,208.0,259.1,5.6436408187128,246.0,91.0,682.624,250.0,32.5,32.0,34.7
46.5,345.51,18.8,6.495588,21.200000000000003,D,ENABLE,INVALID,2.0,NORMAL,6.0,32.32000000000001,0.0,0.0,210.0,210.0,259.7,5.711101284960885,246.0,91.0,682.624,250.0,32.5,32.0,34.7
46.6,345.47,18.8,6.494836000000001,21.200000000000003,D,ENABLE,INVALID,2.0,NORMAL,5.5,32.400000000000006,0.0,0.0,210.0,210.0,258.5,5.684711906670731,246.0,91.0,682.624,250.0,32.5,32.0,34.7
46.7,345.43,18.6,6.424998,20.8,D,ENABLE,INVALID,2.0,NORMAL,5.5,32.480000000000004,0.0,0.0,210.0,210.0,259.8,5.713300399818397,246.0,91.0,682.624,250.0,32.5,32.0,34.7
46.8,345.40000000000003,18.5,6.389900000000001,20.8,D,ENABLE,INVALID,2.0,NORMAL,5.5,32.56,0.0,0.0,208.0,206.0,263.0,5.673506892872926,246.0,91.0,682.624,250.0,32.5,32.0,34.7
46.9,345.45,18.3,6.321734999999999,20.8,D,ENABLE,INVALID,2.0,NORMAL,5.5,32.64,0.0,0.0,206.0,206.0,261.6,5.643305715496418,246.0,91.0,682.624,250.0,32.5,32.0,34.7
47.0,345.42,18.400000000000002,6.355728000000001,20.8,D,ENABLE,INVALID,2.0,NORMAL,5.5,32.64,0.0,0.0,204.0,204.0,262.5,5.607742886657781,246.0,91.0,682.624,250.0,32.5,32.0,34.7
47.1,345.49,18.3,6.3224670000000005,20.8,D,ENABLE,INVALID,2.0,NORMAL,5.5,32.72,0.0,0.0,202.0,202.0,261.8,5.537957641846041,246.0,91.0,682.624,250.0,32.5,32.0,34.7
47.2,345.45,18.2,6.28719,20.8,D,ENABLE,INVALID,2.0,NORMAL,5.5,32.879999999999995,0.0,0.0,202.0,202.0,263.0,5.563341710487045,246.0,91.0,682.624,250.0,32.5,32.0,34.7
47.3,345.49,18.0,6.21882,20.400000000000002,D,ENABLE,INVALID,2.0,NORMAL,5.5,32.879999999999995,0.0,0.0,200.0,200.0,263.0,5.508259119294103,246.0,91.0,682.624,250.0,32.5,32.0,34.7
47.4,345.64,17.3,5.979572,20.400000000000002,D,ENABLE,INVALID,2.0,NORMAL,5.5,32.96000000000001,0.0,0.0,192.0,192.0,263.5,5.2979818510138275,246.0,91.0,682.624,250.0,32.5,32.0,34.7
47.5,345.55,16.7,5.770684999999999,20.400000000000002,D,ENABLE,INVALID,2.0,NORMAL,5.0,33.040000000000006,0.0,0.0,186.0,188.0,264.0,5.197450886098954,246.0,91.0,682.624,250.0,32.5,32.0,34.7
47.6,345.64,16.8,5.806752,20.400000000000002,D,ENABLE,INVALID,2.0,NORMAL,5.0,33.120000000000005,0.0,0.0,184.0,184.0,265.40000000000003,5.1138426336114176,246.0,91.0,682.624,250.0,32.5,32.0,34.7
47.7,345.56,16.6,5.736296,20.400000000000002,D,ENABLE,INVALID,2.0,NORMAL,5.0,33.120000000000005,0.0,0.0,182.0,180.0,266.5,5.023406653090079,246.0,91.0,682.624,250.0,32.5,32.0,34.7
47.8,345.62,16.5,5.702730000000001,20.400000000000002,D,ENABLE,INVALID,2.0,NORMAL,5.0,33.2,0.0,0.0,180.0,180.0,265.2,4.998902230392079,246.0,91.0,682.624,250.0,32.5,32.0,34.7
47.9,345.61,16.6,5.737126000000001,20.400000000000002,D,ENABLE,INVALID,2.0,NORMAL,5.0,33.28,0.0,0.0,180.0,180.0,265.6,5.006442052760695,246.0,91.0,682.624,250.0,32.5,32.0,34.7
48.0,345.65000000000003,16.6,5.737790000000001,20.400000000000002,D,ENABLE,INVALID,2.0,NORMAL,5.0,33.28,0.0,0.0,180.0,180.0,265.2,4.998902230392079,246.0,91.0,682.624,250.0,32.5,32.0,34.7
48.1,345.76,16.6,5.739616,20.400000000000002,D,ENABLE,INVALID,2.0,NORMAL,5.0,33.28,0.0,0.0,180.0,180.0,266.0,5.01398187512931,246.0,91.0,682.624,250.0,32.5,32.0,34.7
48.2,345.75,16.6,5.739450000000001,20.400000000000002,D,ENABLE,INVALID,2.0,NORMAL,5.0,33.28,0.0,0.0,180.0,180.0,266.40000000000003,5.021521697497926,246.0,91.0,682.624,250.0,32.5,32.0,34.7
48.3,345.77,16.7,5.774359,20.400000000000002,D,ENABLE,INVALID,2.0,NORMAL,5.0,33.36,0.0,0.0,180.0,180.0,266.90000000000003,5.030946475458695,246.0,91.0,682.624,250.0,32.5,32.0,34.7
48.4,345.62,16.8,5.8064160000000005,20.400000000000002,D,ENABLE,INVALID,2.0,NORMAL,5.0,33.36,0.0,0.0,180.0,180.0,266.40000000000003,5.021521697497926,246.0,91.0,682.624,250.0,32.5,32.0,34.7
48.5,345.53000000000003,16.5,5.701245000000001,20.400000000000002,D,ENABLE,INVALID,2.0,NORMAL,5.0,33.36,0.0,0.0,180.0,180.0,267.2,5.036601342235157,246.0,91.0,682.624,250.0,32.5,32.0,34.7
48.6,345.6,16.6,5.736960000000001,20.400000000000002,D,ENABLE,INVALID,2.0,NORMAL,5.0,33.44,0.0,0.0,180.0,180.0,269.7,5.083725232039003,246.0,91.0,682.624,250.0,32.5,32.0,34.7
48.7,345.66,16.8,5.807088,20.400000000000002,D,ENABLE,INVALID,2.0,NORMAL,5.0,33.519999999999996,0.0,0.0,180.0,180.0,268.3,5.0573358537488495,246.0,91.0,682.624,250.0,32.5,32.0,34.7
48.8,345.77,16.8,5.808936,20.400000000000002,D,ENABLE,INVALID,2.0,NORMAL,5.0,33.60000000000001,0.0,0.0,180.0,180.0,270.8,5.104459743552696,246.0,91.0,682.624,250.0,32.5,32.0,34.7
48.9,345.75,16.7,5.774025,20.400000000000002,D,ENABLE,INVALID,2.0,NORMAL,5.0,33.68000000000001,0.0,0.0,180.0,180.0,269.5,5.079955320854696,246.0,91.0,682.624,250.0,32.5,32.0,34.7
49.0,345.8,16.7,5.774859999999999,20.400000000000002,D,ENABLE,INVALID,2.0,NORMAL,5.0,33.760000000000005,0.0,0.0,180.0,180.0,269.0,5.070530542893926,246.0,91.0,682.624,250.0,32.5,32.0,34.7
49.1,345.82,16.900000000000002,5.844358000000001,20.400000000000002,D,ENABLE,INVALID,2.0,NORMAL,5.0,33.760000000000005,0.0,0.0,180.0,180.0,271.5,5.117654432697773,246.0,91.0,682.624,250.0,32.5,32.0,34.7
49.2,345.62,16.8,5.8064160000000005,20.400000000000002,D,ENABLE,INVALID,2.0,NORMAL,5.0,33.84,0.0,0.0,180.0,180.0,272.40000000000003,5.134619033027159,246.0,91.0,682.624,250.0,32.5,32.0,34.7
49.3,345.78000000000003,16.8,5.809104000000001,20.400000000000002,D,ENABLE,INVALID,2.0,NORMAL,5.0,33.92,0.0,0.0,180.0,180.0,271.8,5.123309299474235,246.0,91.0,682.624,250.0,32.5,32.0,34.7
49.4,345.86,16.8,5.810448,20.400000000000002,D,ENABLE,INVALID,2.0,NORMAL,5.0,33.92,0.0,0.0,180.0,180.0,271.7,5.121424343882081,246.0,91.0,682.624,250.0,32.5,32.0,34.7
49.5,345.81,16.900000000000002,5.844189000000001,20.400000000000002,D,ENABLE,INVALID,2.0,NORMAL,5.0,34.0,0.0,0.0,178.0,178.0,273.6,5.099935850131527,246.0,91.0,682.624,250.0,32.5,32.0,34.7
49.6,345.78000000000003,16.6,5.739948000000001,20.400000000000002,D,ENABLE,INVALID,2.0,NORMAL,5.0,34.0,0.0,0.0,178.0,178.0,272.40000000000003,5.077567710437968,246.0,91.0,682.624,250.0,32.5,32.0,34.7
49.7,345.73,16.900000000000002,5.842837000000001,20.400000000000002,D,ENABLE,INVALID,2.0,NORMAL,5.0,34.0,0.0,0.0,178.0,178.0,273.0,5.088751780284747,246.0,91.0,682.624,250.0,32.5,32.0,34.7
49.8,345.75,16.900000000000002,5.843175000000001,20.400000000000002,D,ENABLE,INVALID,2.0,NORMAL,5.0,34.08,0.0,0.0,178.0,178.0,274.7,5.120439978183955,246.0,91.0,682.624,250.0,32.5,32.0,34.7
49.9,345.57,16.8,5.805576,20.400000000000002,D,ENABLE,INVALID,2.0,NORMAL,5.0,34.08,0.0,0.0,178.0,178.0,274.2,5.111119919978306,246.0,91.0,682.624,250.0,32.5,32.0,34.7
50.0,345.78000000000003,16.900000000000002,5.843682000000002,20.400000000000002,D,ENABLE,INVALID,2.0,NORMAL,5.0,34.16,0.0,0.0,180.0,180.0,271.6,5.119539388289927,246.0,91.0,682.624,250.0,32.5,32.0,34.7
50.1,345.62,16.900000000000002,5.840978000000001,20.400000000000002,D,ENABLE,INVALID,2.0,NORMAL,5.0,34.16,0.0,0.0,180.0,180.0,274.2,5.168548233685928,246.0,91.0,682.624,250.0,32.5,32.0,34.7
50.2,345.66,17.0,5.87622,20.400000000000002,D,ENABLE,INVALID,2.0,NORMAL,5.0,34.239999999999995,0.0,0.0,180.0,180.0,274.90000000000003,5.181742922831005,246.0,91.0,682.624,250.0,32.5,32.0,34.7
50.3,345.75,17.0,5.87775,20.400000000000002,D,ENABLE,INVALID,2.0,NORMAL,5.0,34.239999999999995,0.0,0.0,180.0,180.0,273.90000000000003,5.162893366909467,246.0,91.0,682.624,250.0,32.5,32.0,34.7
50.4,345.68,16.900000000000002,5.841992000000001,20.400000000000002,D,ENABLE,INVALID,2.0,NORMAL,5.0,34.32000000000001,0.0,0.0,180.0,180.0,274.8,5.179857967238851,246.0,91.0,682.624,250.0,32.5,32.0,34.7
50.5,345.78000000000003,17.2,5.9474160000000005,20.8,D,ENABLE,INVALID,2.0,NORMAL,5.0,34.32000000000001,0.0,0.0,180.0,180.0,275.5,5.193052656383927,246.0,91.0,682.624,250.0,32.5,32.0,34.7
50.6,345.78000000000003,17.1,5.912838000000001,20.400000000000002,D,ENABLE,INVALID,2.0,NORMAL,5.0,34.400000000000006,0.0,0.0,182.0,182.0,276.0,5.26028273917075,246.0,91.0,682.624,250.0,32.5,32.0,34.7
50.7,345.61,17.400000000000002,6.013614000000001,20.8,D,ENABLE,INVALID,2.0,NORMAL,5.5,34.480000000000004,0.0,0.0,182.0,182.0,275.40000000000003,5.248847341911683,246.0,91.0,682.624,250.0,32.5,32.0,34.7
50.8,345.61,17.6,6.082736000000001,20.0,D,ENABLE,INVALID,2.0,NORMAL,5.5,34.56,0.0,0.0,186.0,186.0,279.0,5.434326972179624,246.0,91.0,682.624,250.0,32.5,32.0,34.7
50.9,345.67,16.6,5.7381220000000015,18.400000000000002,D,ENABLE,INVALID,2.0,NORMAL,5.0,34.56,0.0,0.0,178.0,180.0,275.40000000000003,5.191167700791775,246.0,91.0,682.624,250.0,32.5,32.0,34.7
51.0,345.92,14.3,4.946656000000001,18.400000000000002,D,ENABLE,INVALID,2.0,NORMAL,4.0,34.64,0.0,0.0,154.0,152.0,278.0,4.425037972336343,246.0,91.0,682.624,250.0,32.5,32.0,34.7
51.1,345.92,12.200000000000001,4.220224,18.400000000000002,D,ENABLE,INVALID,2.0,NORMAL,3.5,34.64,0.0,0.0,128.0,128.0,276.8,3.7102628117915937,246.0,91.0,682.624,250.0,32.5,32.0,34.7
51.2,346.03000000000003,10.0,3.4603,18.400000000000002,D,ENABLE,INVALID,2.0,NORMAL,3.0,34.72,0.0,0.0,106.0,104.0,279.40000000000003,3.042904756365026,246.0,91.0,682.624,250.0,32.5,32.0,34.7
51.3,346.3,9.0,3.1167000000000002,18.0,D,ENABLE,INVALID,2.0,NORMAL,2.5,34.72,0.0,0.0,88.0,96.0,277.5,2.7897342763877364,246.0,91.0,682.624,250.0,32.5,32.0,34.7
51.4,346.31,7.800000000000001,2.7012180000000003,16.8,D,ENABLE,INVALID,2.0,NORMAL,2.0,34.72,0.0,0.0,76.0,76.0,277.1,2.2053561549179874,246.0,91.0,682.624,250.0,32.5,32.0,34.7
51.5,346.38,6.1000000000000005,2.112918,16.0,D,ENABLE,INVALID,2.0,NORMAL,1.5,34.72,0.0,0.0,58.0,58.0,276.5,1.6793907128539838,246.0,91.0,682.624,250.0,32.5,32.0,34.7
51.6,346.67,3.8000000000000003,1.3173460000000001,16.0,D,ENABLE,INVALID,2.0,NORMAL,0.5,34.64,0.0,0.0,32.0,32.0,276.8,0.9275657029478984,246.0,91.0,682.624,250.0,32.5,32.0,34.7
51.7,346.8,1.9000000000000001,0.6589200000000001,15.600000000000001,D,ENABLE,INVALID,2.0,NORMAL,0.0,34.64,0.0,0.0,10.0,16.0,278.1,0.4659610223804382,246.0,91.0,682.624,250.0,32.5,32.0,34.7
51.8,346.8,1.3,0.45084,16.0,D,ENABLE,INVALID,2.0,NORMAL,0.0,34.64,0.0,0.0,-10.0,-10.0,273.6,-0.28651325000738914,246.0,91.0,682.624,250.0,32.5,32.0,34.7
51.9,347.02,0.9,0.312318,15.600000000000001,D,ENABLE,INVALID,2.0,NORMAL,-0.5,34.56,0.0,0.0,-22.0,18.0,271.90000000000003,0.5125194255066389,246.0,91.0,682.624,250.0,32.5,32.0,34.7
52.0,346.97,-1.6,-0.5551520000000001,15.600000000000001,D,ENABLE,INVALID,2.0,NORMAL,-1.0,34.480000000000004,0.0,0.0,-30.0,-54.0,278.7,-1.5760113705998555,246.0,91.0,682.624,250.0,32.5,32.0,34.7
52.1,347.0,-1.6,-0.5552,16.0,D,ENABLE,INVALID,2.0,NORMAL,-1.0,34.400000000000006,0.0,0.0,-36.0,-36.0,272.6,-1.0276777888422932,246.0,91.0,682.624,250.0,32.5,32.0,34.7
52.2,346.98,-1.7000000000000002,-0.5898660000000001,16.0,D,ENABLE,INVALID,2.0,NORMAL,-1.0,34.32000000000001,0.0,0.0,-38.0,-38.0,275.8,-1.0975049215560824,246.0,91.0,682.624,250.0,32.5,32.0,34.7
52.3,347.1,-1.9000000000000001,-0.6594900000000001,15.600000000000001,D,ENABLE,INVALID,2.0,NORMAL,-1.0,34.239999999999995,0.0,0.0,-40.0,-40.0,274.3,-1.1489851531729072,246.0,91.0,682.624,250.0,32.5,32.0,34.7
52.4,346.90000000000003,-1.9000000000000001,-0.6591100000000001,16.0,D,ENABLE,INVALID,2.0,NORMAL,-1.0,34.16,0.0,0.0,-42.0,-42.0,270.8,-1.1910406068289623,246.0,91.0,682.624,250.0,32.5,32.0,34.7
52.5,347.09000000000003,-1.7000000000000002,-0.5900530000000002,16.0,D,ENABLE,INVALID,2.0,NORMAL,-1.0,34.08,0.0,0.0,-42.0,-42.0,273.0,-1.200716712202019,246.0,91.0,682.624,250.0,32.5,32.0,34.7
52.6,346.97,-1.8,-0.624546,15.600000000000001,D,ENABLE,INVALID,2.0,NORMAL,-1.0,34.08,0.0,0.0,-40.0,-40.0,271.3,-1.1364187825585477,246.0,91.0,682.624,250.0,32.5,32.0,34.7
52.7,347.05,-1.8,-0.6246900000000001,15.600000000000001,D,ENABLE,INVALID,2.0,NORMAL,-1.0,34.0,0.0,0.0,-42.0,-42.0,269.90000000000003,-1.1870822000854393,246.0,91.0,682.624,250.0,32.5,32.0,34.7
52.8,347.03000000000003,-2.0,-0.69406,15.600000000000001,D,ENABLE,INVALID,2.0,NORMAL,-1.0,33.92,0.0,0.0,-44.0,-44.0,271.6,-1.2514429615819822,246.0,91.0,682.624,250.0,32.5,32.0,34.7
52.9,346.93,-2.2,-0.7632460000000001,15.600000000000001,D,ENABLE,INVALID,2.0,NORMAL,-1.5,33.84,0.0,0.0,-44.0,-44.0,272.0,-1.2532860292720882,246.0,91.0,682.624,250.0,32.5,32.0,34.7
53.0,347.17,-2.2,-0.7637740000000001,15.200000000000001,D,ENABLE,INVALID,2.0,NORMAL,-1.5,33.760000000000005,0.0,0.0,-46.0,-46.0,268.6,-1.2938754063564684,246.0,91.0,682.624,250.0,32.5,32.0,34.7
53.1,347.2,-2.5,-0.868,15.200000000000001,D,ENABLE,INVALID,2.0,NORMAL,-1.5,33.68000000000001,0.0,0.0,-50.0,-50.0,268.6,-1.4063863112570307,246.0,91.0,682.624,250.0,32.5,32.0,34.7
53.2,347.18,-2.8000000000000003,-0.9721040000000002,15.200000000000001,D,ENABLE,INVALID,2.0,NORMAL,-1.5,33.519999999999996,0.0,0.0,-54.0,-54.0,266.3,-1.5058910225717315,246.0,91.0,682.624,250.0,32.5,32.0,34.7
53.3,347.26,-3.1,-1.0765060000000002,14.4,D,ENABLE,INVALID,2.0,NORMAL,-1.5,33.44,0.0,0.0,-58.0,-56.0,266.40000000000003,-1.5622511947771325,246.0,91.0,682.624,250.0,32.5,32.0,34.7
53.4,347.27,-3.9000000000000004,-1.3543530000000001,14.4,D,ENABLE,INVALID,2.0,NORMAL,-2.0,33.36,0.0,0.0,-66.0,-64.0,266.8,-1.7881107626192145,246.0,91.0,682.624,250.0,32.5,32.0,34.7
53.5,347.31,-4.7,-1.632357,14.4,D,ENABLE,INVALID,2.0,NORMAL,-2.0,33.28,0.0,0.0,-76.0,-76.0,266.2,-2.118606309776861,246.0,91.0,682.624,250.0,32.5,32.0,34.7
53.6,347.42,-5.2,-1.806584,14.4,D,ENABLE,INVALID,2.0,NORMAL,-2.5,33.28,0.0,0.0,-84.0,-84.0,265.40000000000003,-2.3345803327356474,246.0,91.0,682.624,250.0,32.5,32.0,34.7
53.7,347.56,-5.7,-1.981092,14.4,D,ENABLE,INVALID,2.0,NORMAL,-2.5,33.120000000000005,0.0,0.0,-90.0,-90.0,264.6,-2.493796248419578,246.0,91.0,682.624,250.0,32.5,32.0,34.7
53.8,347.37,-5.9,-2.0494830000000004,14.0,D,ENABLE,INVALID,2.0,NORMAL,-2.5,33.040000000000006,0.0,0.0,-94.0,-92.0,263.3,-2.536689460116591,246.0,91.0,682.624,250.0,32.5,32.0,34.7
53.9,347.49,-6.2,-2.1544380000000003,14.4,D,ENABLE,INVALID,2.0,NORMAL,-2.5,32.96000000000001,0.0,0.0,-98.0,-98.0,261.1,-2.679548150050831,246.0,91.0,682.624,250.0,32.5,32.0,34.7
54.0,347.59000000000003,-6.300000000000001,-2.1898170000000006,14.4,D,ENABLE,INVALID,2.0,NORMAL,-2.5,32.8,0.0,0.0,-100.0,-100.0,262.5,-2.748893571891069,246.0,91.0,682.624,250.0,32.5,32.0,34.7
54.1,347.40000000000003,-6.4,-2.22336,14.0,D,ENABLE,INVALID,2.0,NORMAL,-3.0,32.72,0.0,0.0,-102.0,-104.0,260.90000000000003,-2.8414239475148007,246.0,91.0,682.624,250.0,32.5,32.0,34.7
54.2,347.46,-6.4,-2.223744,14.4,D,ENABLE,INVALID,2.0,NORMAL,-3.0,32.64,0.0,0.0,-102.0,-102.0,260.8,-2.7857130377911417,246.0,91.0,682.624,250.0,32.5,32.0,34.7
54.3,347.55,-6.5,-2.259075,14.4,D,ENABLE,INVALID,2.0,NORMAL,-3.0,32.56,0.0,0.0,-104.0,-102.0,260.1,-2.778236047275598,246.0,91.0,682.624,250.0,32.5,32.0,34.7
54.4,347.56,-6.5,-2.25914,14.4,D,ENABLE,INVALID,2.0,NORMAL,-3.0,32.400000000000006,0.0,0.0,-102.0,-102.0,258.7,-2.7632820662445097,246.0,91.0,682.624,250.0,32.5,32.0,34.7
54.5,347.49,-6.2,-2.1544380000000003,14.4,D,ENABLE,INVALID,2.0,NORMAL,-3.0,32.32000000000001,0.0,0.0,-102.0,-102.0,259.1,-2.7675546322533924,246.0,91.0,682.624,250.0,32.5,32.0,34.7
54.6,347.58,-6.4,-2.2245120000000003,14.4,D,ENABLE,INVALID,2.0,NORMAL,-3.0,32.16,0.0,0.0,-102.0,-102.0,255.20000000000002,-2.7258971136667918,246.0,91.0,682.624,250.0,32.5,32.0,34.7
54.7,347.48,-6.300000000000001,-2.189124,14.4,D,ENABLE,INVALID,2.0,NORMAL,-2.5,32.0,0.0,0.0,-102.0,-102.0,256.1,-2.7355103871867765,246.0,91.0,682.624,250.0,32.5,32.0,34.7
54.8,347.37,-6.300000000000001,-2.1884310000000005,14.0,D,ENABLE,INVALID,2.0,NORMAL,-2.5,31.92,0.0,0.0,-102.0,-102.0,254.8,-2.72162454765791,246.0,91.0,682.624,250.0,32.5,32.0,34.7
54.9,347.29,-6.1000000000000005,-2.1184690000000006,14.4,D,ENABLE,INVALID,2.0,NORMAL,-2.5,31.840000000000003,0.0,0.0,-102.0,-102.0,254.4,-2.7173519816490272,246.0,91.0,682.624,250.0,32.5,32.0,34.7
55.0,347.55,-6.300000000000001,-2.1895650000000004,14.0,D,ENABLE,INVALID,2.0,NORMAL,-2.5,31.760000000000005,0.0,0.0,-102.0,-102.0,254.5,-2.718420123151248,246.0,91.0,682.624,250.0,32.5,32.0,34.7
55.1,347.42,-6.1000000000000005,-2.119262,14.0,D,ENABLE,INVALID,2.0,NORMAL,-2.5,31.60000000000001,0.0,0.0,-102.0,-102.0,252.9,-2.7013298591157193,246.0,91.0,682.624,250.0,32.5,32.0,34.7
55.2,347.64,-6.2,-2.1553679999999997,14.4,D,ENABLE,INVALID,2.0,NORMAL,-2.5,31.519999999999996,0.0,0.0,-102.0,-102.0,251.20000000000002,-2.683171453577971,246.0,91.0,682.624,250.0,32.5,32.0,34.7
55.3,347.48,-6.1000000000000005,-2.119628,14.4,D,ENABLE,INVALID,2.0,NORMAL,-2.5,31.36,0.0,0.0,-102.0,-102.0,252.4,-2.695989151604617,246.0,91.0,682.624,250.0,32.5,32.0,34.7
55.4,347.45,-6.1000000000000005,-2.1194450000000002,14.4,D,ENABLE,INVALID,2.0,NORMAL,-2.5,31.28,0.0,0.0,-102.0,-102.0,248.60000000000002,-2.655399774520237,246.0,91.0,682.624,250.0,32.5,32.0,34.7
55.5,347.44,-6.1000000000000005,-2.119384,14.4,D,ENABLE,INVALID,2.0,NORMAL,-2.5,31.200000000000003,0.0,0.0,-102.0,-102.0,248.9,-2.658604199026898,246.0,91.0,682.624,250.0,32.5,32.0,34.7
55.6,347.46,-6.1000000000000005,-2.119506,14.4,D,ENABLE,INVALID,2.0,NORMAL,-2.5,31.040000000000006,0.0,0.0,-102.0,-102.0,246.70000000000002,-2.6351050859780467,246.0,91.0,682.624,250.0,32.5,32.0,34.7
55.7,347.58,-5.9,-2.0507220000000004,14.4,D,ENABLE,INVALID,2.0,NORMAL,-2.5,30.960000000000008,0.0,0.0,-102.0,-102.0,247.60000000000002,-2.6447183594980315,246.0,91.0,682.624,250.0,32.5,32.0,34.7
55.8,347.51,-5.800000000000001,-2.0155580000000004,14.4,D,ENABLE,INVALID,2.0,NORMAL,-2.5,30.879999999999995,0.0,0.0,-100.0,-100.0,247.9,-2.5960027294163655,246.0,91.0,682.624,250.0,32.5,32.0,34.7
55.9,347.46,-5.800000000000001,-2.015268,14.0,D,ENABLE,INVALID,2.0,NORMAL,-2.5,30.72,0.0,0.0,-100.0,-100.0,247.10000000000002,-2.587625149006793,246.0,91.0,682.624,250.0,32.5,32.0,34.7
56.0,347.54,-5.7,-1.9809780000000001,14.4,D,ENABLE,INVALID,2.0,NORMAL,-2.5,30.64,0.0,0.0,-100.0,-100.0,245.10000000000002,-2.5666811979828617,246.0,91.0,682.624,250.0,32.5,32.0,34.7
56.1,347.40000000000003,-5.7,-1.9801800000000003,14.4,D,ENABLE,INVALID,2.0,NORMAL,-2.5,30.560000000000002,0.0,0.0,-100.0,-100.0,243.0,-2.5446900494077327,246.0,91.0,682.624,250.0,32.5,32.0,34.7
56.2,347.51,-5.7,-1.980807,14.0,D,ENABLE,INVALID,2.0,NORMAL,-2.5,30.480000000000004,0.0,0.0,-100.0,-100.0,242.4,-2.538406864100553,246.0,91.0,682.624,250.0,32.5,32.0,34.7
56.3,347.72,-5.800000000000001,-2.016776,14.0,D,ENABLE,INVALID,2.0,NORMAL,-2.5,30.400000000000006,0.0,0.0,-100.0,-100.0,242.8,-2.542595654305339,246.0,91.0,682.624,250.0,32.5,32.0,34.7
56.4,347.51,-5.7,-1.980807,14.0,D,ENABLE,INVALID,2.0,NORMAL,-2.5,30.239999999999995,0.0,0.0,-100.0,-100.0,241.3,-2.5268876910373903,246.0,91.0,682.624,250.0,32.5,32.0,34.7
56.5,347.77,-5.7,-1.982289,14.4,D,ENABLE,INVALID,2.0,NORMAL,-2.5,30.159999999999997,0.0,0.0,-100.0,-100.0,241.5,-2.5289820861397834,246.0,91.0,682.624,250.0,32.5,32.0,34.7
56.6,347.57,-5.800000000000001,-2.015906,14.4,D,ENABLE,INVALID,2.0,NORMAL,-2.5,30.0,0.0,0.0,-100.0,-100.0,241.0,-2.5237460983838003,246.0,91.0,682.624,250.0,32.5,32.0,34.7
56.7,347.52,-5.6000000000000005,-1.946112,14.4,D,ENABLE,INVALID,2.0,NORMAL,-2.5,29.92,0.0,0.0,-100.0,-100.0,239.0,-2.5028021473598687,246.0,91.0,682.624,250.0,32.5,32.0,34.7
56.8,347.64,-5.4,-1.877256,14.4,D,ENABLE,INVALID,2.0,NORMAL,-2.5,29.840000000000003,0.0,0.0,-98.0,-98.0,237.60000000000002,-2.438378554010254,246.0,91.0,682.624,250.0,32.5,32.0,34.7
56.9,347.58,-5.4,-1.876932,14.4,D,ENABLE,INVALID,2.0,NORMAL,-2.5,29.760000000000005,0.0,0.0,-98.0,-98.0,237.10000000000002,-2.4332472860093906,246.0,91.0,682.624,250.0,32.5,32.0,34.7
57.0,347.45,-5.4,-1.87623,14.4,D,ENABLE,INVALID,2.0,NORMAL,-2.5,29.60000000000001,0.0,0.0,-96.0,-96.0,236.9,-2.3815785588333505,246.0,91.0,682.624,250.0,32.5,32.0,34.7
57.1,347.54,-5.4,-1.876716,14.4,D,ENABLE,INVALID,2.0,NORMAL,-2.5,29.519999999999996,0.0,0.0,-96.0,-96.0,235.20000000000002,-2.364488294797822,246.0,91.0,682.624,250.0,32.5,32.0,34.7
57.2,347.55,-5.2,-1.8072600000000003,14.4,D,ENABLE,INVALID,2.0,NORMAL,-2.5,29.36,0.0,0.0,-96.0,-96.0,235.10000000000002,-2.3634829851486736,246.0,91.0,682.624,250.0,32.5,32.0,34.7
57.3,347.51,-5.1000000000000005,-1.7723010000000001,14.8,D,ENABLE,INVALID,2.0,NORMAL,-2.5,29.200000000000003,0.0,0.0,-96.0,-96.0,232.9,-2.341366172867401,246.0,91.0,682.624,250.0,32.5,32.0,34.7
57.4,347.53000000000003,-4.7,-1.6333910000000003,14.8,D,ENABLE,INVALID,2.0,NORMAL,-2.0,29.120000000000005,0.0,0.0,-92.0,-92.0,231.10000000000002,-2.2264676575501103,246.0,91.0,682.624,250.0,32.5,32.0,34.7
57.5,347.39,-4.1000000000000005,-1.4242990000000002,15.200000000000001,D,ENABLE,INVALID,2.0,NORMAL,-2.0,28.960000000000008,0.0,0.0,-84.0,-84.0,231.5,-2.036380358056904,246.0,91.0,682.624,250.0,32.5,32.0,34.7
57.6,347.27,-2.7,-0.937629,16.400000000000002,D,ENABLE,INVALID,2.0,NORMAL,-1.5,28.879999999999995,0.0,0.0,-68.0,-68.0,230.8,-1.6435137247499885,246.0,91.0,682.624,250.0,32.5,32.0,34.7
57.7,347.22,-0.30000000000000004,-0.10416600000000002,18.400000000000002,D,ENABLE,INVALID,2.0,NORMAL,-0.5,28.799999999999997,0.0,0.0,-36.0,-34.0,230.5,-0.8206887208727737,246.0,91.0,682.624,250.0,32.5,32.0,34.7
57.8,347.03000000000003,2.7,0.9369810000000001,18.8,D,ENABLE,INVALID,2.0,NORMAL,0.5,28.72,0.0,0.0,10.0,10.0,231.8,0.24274039236737135,246.0,91.0,682.624,250.0,32.5,32.0,34.7
57.9,347.0,2.4000000000000004,0.8328000000000001,18.8,D,ENABLE,INVALID,2.0,NORMAL,0.5,28.72,0.0,0.0,50.0,50.0,230.8,1.2084659740808739,246.0,91.0,682.624,250.0,32.5,32.0,34.7
58.0,346.74,8.0,2.77392,18.8,D,ENABLE,INVALID,2.0,NORMAL,2.0,28.64,0.0,0.0,68.0,70.0,229.8,1.684521980854847,246.0,91.0,682.624,250.0,32.5,32.0,34.7
58.1,346.78000000000003,7.2,2.4968160000000004,18.8,D,ENABLE,INVALID,2.0,NORMAL,2.0,28.64,0.0,0.0,76.0,76.0,230.10000000000002,1.8312971896305625,246.0,91.0,682.624,250.0,32.5,32.0,34.7
58.2,346.63,7.6000000000000005,2.6343880000000004,18.8,D,ENABLE,INVALID,2.0,NORMAL,2.0,28.64,0.0,0.0,86.0,96.0,228.10000000000002,2.293111309708262,246.0,91.0,682.624,250.0,32.5,32.0,34.7
58.3,346.64,7.6000000000000005,2.634464,18.8,D,ENABLE,INVALID,2.0,NORMAL,2.0,28.64,0.0,0.0,76.0,76.0,230.9,1.8376641507418376,246.0,91.0,682.624,250.0,32.5,32.0,34.7
58.4,346.73,7.4,2.565802,18.8,D,ENABLE,INVALID,2.0,NORMAL,2.0,28.64,0.0,0.0,88.0,90.0,228.10000000000002,2.1497918528514957,246.0,91.0,682.624,250.0,32.5,32.0,34.7
58.5,346.65000000000003,7.6000000000000005,2.6345400000000003,18.400000000000002,D,ENABLE,INVALID,2.0,NORMAL,2.0,28.64,0.0,0.0,78.0,78.0,230.4,1.8819396632064296,246.0,91.0,682.624,250.0,32.5,32.0,34.7
58.6,346.7,7.4,2.5655799999999997,18.8,D,ENABLE,INVALID,2.0,NORMAL,2.0,28.64,0.0,0.0,84.0,84.0,229.3,2.017028147310791,246.0,91.0,682.624,250.0,32.5,32.0,34.7
58.7,346.64,7.300000000000001,2.530472,18.400000000000002,D,ENABLE,INVALID,2.0,NORMAL,2.0,28.64,0.0,0.0,82.0,82.0,228.4,1.9612753496850839,246.0,91.0,682.624,250.0,32.5,32.0,34.7
58.8,346.53000000000003,7.5,2.5989750000000003,18.400000000000002,D,ENABLE,INVALID,2.0,NORMAL,2.0,28.64,0.0,0.0,84.0,84.0,229.60000000000002,2.0196670851398064,246.0,91.0,682.624,250.0,32.5,32.0,34.7
58.9,346.63,7.5,2.599725,18.400000000000002,D,ENABLE,INVALID,2.0,NORMAL,2.0,28.560000000000002,0.0,0.0,80.0,80.0,229.10000000000002,1.9193036718331244,246.0,91.0,682.624,250.0,32.5,32.0,34.7
59.0,346.64,7.300000000000001,2.530472,18.8,D,ENABLE,INVALID,2.0,NORMAL,2.0,28.64,0.0,0.0,88.0,90.0,228.20000000000002,2.1507343306475724,246.0,91.0,682.624,250.0,32.5,32.0,34.7
59.1,346.7,7.4,2.5655799999999997,18.8,D,ENABLE,INVALID,2.0,NORMAL,2.0,28.64,0.0,0.0,78.0,78.0,230.0,1.8786724068466962,246.0,91.0,682.624,250.0,32.5,32.0,34.7
59.2,346.55,7.300000000000001,2.5298150000000006,18.8,D,ENABLE,INVALID,2.0,NORMAL,2.0,28.64,0.0,0.0,84.0,84.0,229.9,2.022306022968822,246.0,91.0,682.624,250.0,32.5,32.0,34.7
59.3,346.57,7.300000000000001,2.529961,18.8,D,ENABLE,INVALID,2.0,NORMAL,2.0,28.64,0.0,0.0,84.0,84.0,228.4,2.0091113338237445,246.0,91.0,682.624,250.0,32.5,32.0,34.7
59.4,346.7,7.7,2.6695900000000004,19.200000000000003,D,ENABLE,INVALID,2.0,NORMAL,2.0,28.64,0.0,0.0,82.0,82.0,231.60000000000002,1.9887538134284828,246.0,91.0,682.624,250.0,32.5,32.0,34.7
59.5,346.51,8.200000000000001,2.8413820000000003,19.200000000000003,D,ENABLE,INVALID,2.0,NORMAL,2.0,28.64,0.0,0.0,98.0,98.0,228.0,2.339858208393678,246.0,91.0,682.624,250.0,32.5,32.0,34.7
59.6,346.64,8.700000000000001,3.015768,19.200000000000003,D,ENABLE,INVALID,2.0,NORMAL,2.5,28.64,0.0,0.0,94.0,94.0,230.70000000000002,2.2709316655739182,246.0,91.0,682.624,250.0,32.5,32.0,34.7
59.7,346.48,8.700000000000001,3.014376000000001,19.200000000000003,D,ENABLE,INVALID,2.0,NORMAL,2.5,28.64,0.0,0.0,104.0,104.0,229.3,2.4972729442895507,246.0,91.0,682.624,250.0,32.5,32.0,34.7
59.8,346.46,8.8,3.048848,19.200000000000003,D,ENABLE,INVALID,2.0,NORMAL,2.5,28.64,0.0,0.0,104.0,104.0,228.5,2.488560260663595,246.0,91.0,682.624,250.0,32.5,32.0,34.7
59.9,346.34000000000003,9.8,3.3941320000000004,20.0,D,ENABLE,INVALID,2.0,NORMAL,2.5,28.64,0.0,0.0,106.0,106.0,231.20000000000002,2.566387982668526,246.0,91.0,682.624,250.0,32.5,32.0,34.7
60.0,346.48,11.3,3.9152240000000007,20.400000000000002,D,ENABLE,INVALID,2.0,NORMAL,3.5,28.72,0.0,0.0,138.0,140.0,229.3,3.361713578851318,246.0,91.0,682.624,250.0,32.5,32.0,34.7
60.1,346.38,12.700000000000001,4.399026000000001,20.400000000000002,D,ENABLE,INVALID,2.0,NORMAL,4.0,28.72,0.0,0.0,150.0,150.0,230.0,3.612831551628262,246.0,91.0,682.624,250.0,32.5,32.0,34.7
60.2,346.35,13.100000000000001,4.537185,20.400000000000002,D,ENABLE,INVALID,2.0,NORMAL,4.0,28.799999999999997,0.0,0.0,158.0,154.0,231.9,3.7398147266863613,246.0,91.0,682.624,250.0,32.5,32.0,34.7
60.3,346.15000000000003,13.200000000000001,4.569180000000001,20.400000000000002,D,ENABLE,INVALID,2.0,NORMAL,4.0,28.799999999999997,0.0,0.0,166.0,168.0,230.8,4.060445672911736,246.0,91.0,682.624,250.0,32.5,32.0,34.7
60.4,346.19,13.3,4.6043270000000005,20.0,D,ENABLE,INVALID,2.0,NORMAL,4.0,28.879999999999995,0.0,0.0,162.0,162.0,232.3,3.9408766565161084,246.0,91.0,682.624,250.0,32.5,32.0,34.7
60.5,346.15000000000003,13.100000000000001,4.534565000000001,20.0,D,ENABLE,INVALID,2.0,NORMAL,4.0,28.960000000000008,0.0,0.0,166.0,166.0,230.20000000000002,4.001676946338583,246.0,91.0,682.624,250.0,32.5,32.0,34.7
60.6,346.24,13.100000000000001,4.535744,20.0,D,ENABLE,INVALID,2.0,NORMAL,4.0,28.960000000000008,0.0,0.0,160.0,160.0,232.4,3.893899374369429,246.0,91.0,682.624,250.0,32.5,32.0,34.7
60.7,346.04,12.8,4.429312000000001,20.0,D,ENABLE,INVALID,2.0,NORMAL,4.0,29.040000000000006,0.0,0.0,158.0,158.0,230.8,3.8187524780955613,246.0,91.0,682.624,250.0,32.5,32.0,34.7
60.8,346.26,12.8,4.432128,20.0,D,ENABLE,INVALID,2.0,NORMAL,4.0,29.040000000000006,0.0,0.0,156.0,156.0,232.8,3.8030864027296603,246.0,91.0,682.624,250.0,32.5,32.0,34.7
60.9,346.09000000000003,12.5,4.326125,20.0,D,ENABLE,INVALID,2.0,NORMAL,4.0,29.120000000000005,0.0,0.0,154.0,156.0,232.3,3.7949182618303268,246.0,91.0,682.624,250.0,32.5,32.0,34.7
61.0,346.17,12.700000000000001,4.396359,20.0,D,ENABLE,INVALID,2.0,NORMAL,3.5,29.120000000000005,0.0,0.0,152.0,152.0,235.5,3.7485483542633413,246.0,91.0,682.624,250.0,32.5,32.0,34.7
61.1,346.22,12.5,4.32775,20.0,D,ENABLE,INVALID,2.0,NORMAL,3.5,29.120000000000005,0.0,0.0,152.0,152.0,234.4,3.7310392112073343,246.0,91.0,682.624,250.0,32.5,32.0,34.7
61.2,346.31,12.5,4.328875,20.0,D,ENABLE,INVALID,2.0,NORMAL,3.5,29.200000000000003,0.0,0.0,150.0,150.0,233.4,3.666238626739289,246.0,91.0,682.624,250.0,32.5,32.0,34.7
61.3,346.19,12.5,4.327375,20.0,D,ENABLE,INVALID,2.0,NORMAL,3.5,29.28,0.0,0.0,150.0,150.0,234.4,3.6819465900072377,246.0,91.0,682.624,250.0,32.5,32.0,34.7
61.4,346.09000000000003,12.4,4.2915160000000006,20.0,D,ENABLE,INVALID,2.0,NORMAL,3.5,29.28,0.0,0.0,148.0,148.0,235.10000000000002,3.643702935437538,246.0,91.0,682.624,250.0,32.5,32.0,34.7
61.5,346.22,12.4,4.293128,20.0,D,ENABLE,INVALID,2.0,NORMAL,3.5,29.28,0.0,0.0,148.0,148.0,235.60000000000002,3.651452197316393,246.0,91.0,682.624,250.0,32.5,32.0,34.7
61.6,346.24,12.3,4.258752,20.0,D,ENABLE,INVALID,2.0,NORMAL,3.5,29.36,0.0,0.0,148.0,148.0,234.5,3.634403821182912,246.0,91.0,682.624,250.0,32.5,32.0,34.7
61.7,346.31,12.4,4.294244000000001,20.0,D,ENABLE,INVALID,2.0,NORMAL,3.5,29.36,0.0,0.0,148.0,148.0,235.4,3.648352492564851,246.0,91.0,682.624,250.0,32.5,32.0,34.7
61.8,346.2,12.3,4.25826,20.0,D,ENABLE,INVALID,2.0,NORMAL,3.5,29.36,0.0,0.0,148.0,148.0,235.10000000000002,3.643702935437538,246.0,91.0,682.624,250.0,32.5,32.0,34.7
61.9,346.1,12.3,4.25703,20.0,D,ENABLE,INVALID,2.0,NORMAL,3.5,29.439999999999998,0.0,0.0,146.0,146.0,235.8,3.6051660655535036,246.0,91.0,682.624,250.0,32.5,32.0,34.7
62.0,346.26,12.3,4.258998,20.0,D,ENABLE,INVALID,2.0,NORMAL,3.5,29.439999999999998,0.0,0.0,146.0,146.0,235.8,3.6051660655535036,246.0,91.0,682.624,250.0,32.5,32.0,34.7
62.1,346.26,12.200000000000001,4.224372000000001,20.0,D,ENABLE,INVALID,2.0,NORMAL,3.5,29.519999999999996,0.0,0.0,146.0,146.0,236.60000000000002,3.6173973329514797,246.0,91.0,682.624,250.0,32.5,32.0,34.7
62.2,346.08,12.200000000000001,4.222176,20.0,D,ENABLE,INVALID,2.0,NORMAL,3.5,29.60000000000001,0.0,0.0,144.0,144.0,237.20000000000002,3.576891731671195,246.0,91.0,682.624,250.0,32.5,32.0,34.7
62.3,346.16,12.100000000000001,4.188536000000001,20.0,D,ENABLE,INVALID,2.0,NORMAL,3.5,29.60000000000001,0.0,0.0,144.0,144.0,236.60000000000002,3.5678439448288564,246.0,91.0,682.624,250.0,32.5,32.0,34.7
62.4,346.3,12.3,4.25949,20.0,D,ENABLE,INVALID,2.0,NORMAL,3.5,29.60000000000001,0.0,0.0,144.0,144.0,237.9,3.5874474829872565,246.0,91.0,682.624,250.0,32.5,32.0,34.7
62.5,346.14,12.3,4.257522,20.0,D,ENABLE,INVALID,2.0,NORMAL,3.5,29.680000000000007,0.0,0.0,144.0,144.0,238.8,3.601019163250765,246.0,91.0,682.624,250.0,32.5,32.0,34.7
62.6,346.0,12.100000000000001,4.1866,20.0,D,ENABLE,INVALID,2.0,NORMAL,3.5,29.680000000000007,0.0,0.0,144.0,144.0,238.10000000000002,3.590463411934703,246.0,91.0,682.624,250.0,32.5,32.0,34.7
62.7,345.96,12.200000000000001,4.220712000000001,20.0,D,ENABLE,INVALID,2.0,NORMAL,3.5,29.760000000000005,0.0,0.0,144.0,144.0,239.3,3.6085589856193803,246.0,91.0,682.624,250.0,32.5,32.0,34.7
62.8,346.12,12.200000000000001,4.222664000000001,20.0,D,ENABLE,INVALID,2.0,NORMAL,3.5,29.760000000000005,0.0,0.0,144.0,144.0,240.10000000000002,3.6206227014091645,246.0,91.0,682.624,250.0,32.5,32.0,34.7
62.9,346.11,12.200000000000001,4.222542000000001,20.0,D,ENABLE,INVALID,2.0,NORMAL,3.5,29.840000000000003,0.0,0.0,142.0,142.0,240.8,3.580745418659598,246.0,91.0,682.624,250.0,32.5,32.0,34.7
63.0,346.22,12.0,4.1546400000000006,20.0,D,ENABLE,INVALID,2.0,NORMAL,3.5,29.840000000000003,0.0,0.0,142.0,142.0,240.8,3.580745418659598,246.0,91.0,682.624,250.0,32.5,32.0,34.7
63.1,346.09000000000003,12.0,4.15308,20.0,D,ENABLE,INVALID,2.0,NORMAL,3.5,29.92,0.0,0.0,140.0,140.0,239.8,3.5156516188772176,246.0,91.0,682.624,250.0,32.5,32.0,34.7
63.2,346.2,11.8,4.08516,20.0,D,ENABLE,INVALID,2.0,NORMAL,3.5,30.0,0.0,0.0,140.0,140.0,239.5,3.5112533891621918,246.0,91.0,682.624,250.0,32.5,32.0,34.7
63.3,346.05,11.8,4.0833900000000005,20.0,D,ENABLE,INVALID,2.0,NORMAL,3.5,30.08,0.0,0.0,138.0,138.0,240.4,3.4740988200457372,246.0,91.0,682.624,250.0,32.5,32.0,34.7
63.4,346.15000000000003,11.8,4.08457,19.6,D,ENABLE,INVALID,2.0,NORMAL,3.5,30.08,0.0,0.0,138.0,138.0,241.60000000000002,3.491440411493553,246.0,91.0,682.624,250.0,32.5,32.0,34.7
63.5,346.24,11.700000000000001,4.051008,19.6,D,ENABLE,INVALID,2.0,NORMAL,3.5,30.08,0.0,0.0,136.0,136.0,241.9,3.4451123918286153,246.0,91.0,682.624,250.0,32.5,32.0,34.7
63.6,346.14,11.600000000000001,4.015224,20.0,D,ENABLE,INVALID,2.0,NORMAL,3.5,30.08,0.0,0.0,136.0,136.0,241.0,3.432294693801969,246.0,91.0,682.624,250.0,32.5,32.0,34.7
63.7,346.15000000000003,11.700000000000001,4.049955000000001,20.0,D,ENABLE,INVALID,2.0,NORMAL,3.5,30.08,0.0,0.0,134.0,134.0,242.5,3.4028684426133444,246.0,91.0,682.624,250.0,32.5,32.0,34.7
63.8,346.24,11.700000000000001,4.051008,20.0,D,ENABLE,INVALID,2.0,NORMAL,3.5,30.159999999999997,0.0,0.0,134.0,134.0,242.0,3.395852219020327,246.0,91.0,682.624,250.0,32.5,32.0,34.7
63.9,346.06,11.4,3.9450840000000005,19.6,D,ENABLE,INVALID,2.0,NORMAL,3.5,30.159999999999997,0.0,0.0,134.0,134.0,240.70000000000002,3.377610037678483,246.0,91.0,682.624,250.0,32.5,32.0,34.7
64.0,346.31,11.5,3.982565,20.0,D,ENABLE,INVALID,2.0,NORMAL,3.5,30.159999999999997,0.0,0.0,134.0,134.0,241.9,3.394448974301724,246.0,91.0,682.624,250.0,32.5,32.0,34.7
64.1,346.01,11.4,3.9445140000000003,19.6,D,ENABLE,INVALID,2.0,NORMAL,3.5,30.159999999999997,0.0,0.0,132.0,134.0,240.0,3.3677873246482584,246.0,91.0,682.624,250.0,32.5,32.0,34.7
64.2,346.22,11.4,3.9469080000000005,19.6,D,ENABLE,INVALID,2.0,NORMAL,3.5,30.239999999999995,0.0,0.0,132.0,132.0,241.8,3.3424032560072527,246.0,91.0,682.624,250.0,32.5,32.0,34.7
64.3,346.17,11.5,3.9809550000000002,19.6,D,ENABLE,INVALID,2.0,NORMAL,3.5,30.239999999999995,0.0,0.0,132.0,132.0,241.3,3.3354917521693555,246.0,91.0,682.624,250.0,32.5,32.0,34.7
64.4,346.17,11.4,3.9463380000000003,19.6,D,ENABLE,INVALID,2.0,NORMAL,3.5,30.239999999999995,0.0,0.0,132.0,132.0,242.8,3.356226263683048,246.0,91.0,682.624,250.0,32.5,32.0,34.7
64.5,346.2,11.4,3.9466799999999997,19.6,D,ENABLE,INVALID,2.0,NORMAL,3.5,30.239999999999995,0.0,0.0,132.0,132.0,241.8,3.3424032560072527,246.0,91.0,682.624,250.0,32.5,32.0,34.7
64.6,346.24,11.4,3.9471360000000004,19.6,D,ENABLE,INVALID,2.0,NORMAL,3.5,30.320000000000007,0.0,0.0,130.0,130.0,243.20000000000002,3.3108197778631636,246.0,91.0,682.624,250.0,32.5,32.0,34.7
64.7,346.12,11.3,3.9111560000000005,19.6,D,ENABLE,INVALID,2.0,NORMAL,3.5,30.320000000000007,0.0,0.0,130.0,130.0,241.9,3.293122139247941,246.0,91.0,682.624,250.0,32.5,32.0,34.7
64.8,346.19,11.200000000000001,3.8773280000000003,19.6,D,ENABLE,INVALID,2.0,NORMAL,3.0,30.320000000000007,0.0,0.0,128.0,128.0,243.60000000000002,3.2652457404350876,246.0,91.0,682.624,250.0,32.5,32.0,34.7
64.9,346.11,10.9,3.772599,19.6,D,ENABLE,INVALID,2.0,NORMAL,3.0,30.400000000000006,0.0,0.0,126.0,126.0,243.9,3.2181846824843126,246.0,91.0,682.624,250.0,32.5,32.0,34.7
65.0,346.12,10.700000000000001,3.7034840000000004,19.6,D,ENABLE,INVALID,2.0,NORMAL,3.0,30.400000000000006,0.0,0.0,124.0,124.0,242.9,3.154117136302105,246.0,91.0,682.624,250.0,32.5,32.0,34.7
65.1,346.19,10.4,3.6003760000000002,19.6,D,ENABLE,INVALID,2.0,NORMAL,3.0,30.480000000000004,0.0,0.0,120.0,120.0,243.60000000000002,3.061167881657895,246.0,91.0,682.624,250.0,32.5,32.0,34.7
65.2,346.23,10.5,3.635415,19.6,D,ENABLE,INVALID,2.0,NORMAL,3.0,30.480000000000004,0.0,0.0,118.0,118.0,244.9,3.026212427398952,246.0,91.0,682.624,250.0,32.5,32.0,34.7
65.3,346.18,10.3,3.5656540000000003,19.6,D,ENABLE,INVALID,2.0,NORMAL,3.0,30.480000000000004,0.0,0.0,118.0,118.0,244.8,3.0249767342885403,246.0,91.0,682.624,250.0,32.5,32.0,34.7
65.4,346.28000000000003,10.3,3.566684000000001,19.6,D,ENABLE,INVALID,2.0,NORMAL,3.0,30.560000000000002,0.0,0.0,116.0,116.0,244.4,2.9688469455444024,246.0,91.0,682.624,250.0,32.5,32.0,34.7
65.5,346.24,10.200000000000001,3.5316480000000006,19.200000000000003,D,ENABLE,INVALID,2.0,NORMAL,3.0,30.560000000000002,0.0,0.0,114.0,116.0,243.4,2.956699453950522,246.0,91.0,682.624,250.0,32.5,32.0,34.7
65.6,346.24,10.100000000000001,3.4970240000000006,19.200000000000003,D,ENABLE,INVALID,2.0,NORMAL,3.0,30.560000000000002,0.0,0.0,114.0,114.0,243.0,2.9009466563248147,246.0,91.0,682.624,250.0,32.5,32.0,34.7
65.7,346.35,9.9,3.428865,19.200000000000003,D,ENABLE,INVALID,2.0,NORMAL,3.0,30.560000000000002,0.0,0.0,112.0,112.0,243.20000000000002,2.852398577851341,246.0,91.0,682.624,250.0,32.5,32.0,34.7
65.8,346.28000000000003,9.9,3.4281720000000004,19.200000000000003,D,ENABLE,INVALID,2.0,NORMAL,3.0,30.480000000000004,0.0,0.0,110.0,110.0,244.60000000000002,2.817589731249566,246.0,91.0,682.624,250.0,32.5,32.0,34.7
65.9,346.36,9.700000000000001,3.3596920000000003,19.200000000000003,D,ENABLE,INVALID,2.0,NORMAL,2.5,30.560000000000002,0.0,0.0,108.0,108.0,246.10000000000002,2.7833254273744137,246.0,91.0,682.624,250.0,32.5,32.0,34.7
66.0,346.36,9.700000000000001,3.3596920000000003,19.200000000000003,D,ENABLE,INVALID,2.0,NORMAL,2.5,30.560000000000002,0.0,0.0,106.0,106.0,246.60000000000002,2.737332510925859,246.0,91.0,682.624,250.0,32.5,32.0,34.7
66.1,346.25,9.5,3.289375,19.200000000000003,D,ENABLE,INVALID,2.0,NORMAL,2.5,30.560000000000002,0.0,0.0,106.0,106.0,246.70000000000002,2.738442540330127,246.0,91.0,682.624,250.0,32.5,32.0,34.7
66.2,346.41,9.4,3.256254,18.8,D,ENABLE,INVALID,2.0,NORMAL,2.5,30.64,0.0,0.0,104.0,104.0,247.0,2.6900410695138204,246.0,91.0,682.624,250.0,32.5,32.0,34.7
66.3,346.51,9.1,3.153241,18.8,D,ENABLE,INVALID,2.0,NORMAL,2.5,30.72,0.0,0.0,100.0,100.0,247.5,2.5918139392115793,246.0,91.0,682.624,250.0,32.5,32.0,34.7
66.4,346.51,8.5,2.945335,18.8,D,ENABLE,INVALID,2.0,NORMAL,2.5,30.72,0.0,0.0,94.0,94.0,247.0,2.431383274368261,246.0,91.0,682.624,250.0,32.5,32.0,34.7
66.5,346.45,8.1,2.806245,18.400000000000002,D,ENABLE,INVALID,2.0,NORMAL,2.0,30.799999999999997,0.0,0.0,88.0,88.0,247.10000000000002,2.277110131125978,246.0,91.0,682.624,250.0,32.5,32.0,34.7
66.6,346.47,7.6000000000000005,2.6331720000000005,18.400000000000002,D,ENABLE,INVALID,2.0,NORMAL,2.0,30.879999999999995,0.0,0.0,82.0,84.0,246.0,2.1639290197926497,246.0,91.0,682.624,250.0,32.5,32.0,34.7
66.7,346.59000000000003,7.300000000000001,2.5301070000000005,18.400000000000002,D,ENABLE,INVALID,2.0,NORMAL,2.0,30.879999999999995,0.0,0.0,76.0,76.0,246.10000000000002,1.9586364118560688,246.0,91.0,682.624,250.0,32.5,32.0,34.7
66.8,346.6,6.800000000000001,2.3568800000000008,18.400000000000002,D,ENABLE,INVALID,2.0,NORMAL,1.5,30.879999999999995,0.0,0.0,70.0,70.0,248.0,1.8179349488772938,246.0,91.0,682.624,250.0,32.5,32.0,34.7
66.9,346.56,6.5,2.25264,18.0,D,ENABLE,INVALID,2.0,NORMAL,1.5,30.799999999999997,0.0,0.0,64.0,64.0,248.3,1.6641225725575375,246.0,91.0,682.624,250.0,32.5,32.0,34.7
67.0,346.55,5.9,2.044645,18.0,D,ENABLE,INVALID,2.0,NORMAL,1.5,30.799999999999997,0.0,0.0,58.0,56.0,247.60000000000002,1.4520022365871548,246.0,91.0,682.624,250.0,32.5,32.0,34.7
67.1,346.55,5.6000000000000005,1.9406800000000002,18.0,D,ENABLE,INVALID,2.0,NORMAL,1.5,30.799999999999997,0.0,0.0,54.0,54.0,246.20000000000002,1.3922282003648527,246.0,91.0,682.624,250.0,32.5,32.0,34.7
67.2,346.71,5.4,1.872234,18.0,D,ENABLE,INVALID,2.0,NORMAL,1.0,30.72,0.0,0.0,50.0,50.0,245.4,1.2849113953182254,246.0,91.0,682.624,250.0,32.5,32.0,34.7
67.3,346.58,5.1000000000000005,1.767558,18.0,D,ENABLE,INVALID,2.0,NORMAL,1.0,30.799999999999997,0.0,0.0,48.0,48.0,245.9,1.2360282136283685,246.0,91.0,682.624,250.0,32.5,32.0,34.7
67.4,346.79,5.1000000000000005,1.7686290000000005,18.0,D,ENABLE,INVALID,2.0,NORMAL,1.0,30.879999999999995,0.0,0.0,46.0,48.0,246.0,1.2365308684529426,246.0,91.0,682.624,250.0,32.5,32.0,34.7
67.5,346.78000000000003,5.1000000000000005,1.7685780000000004,18.0,D,ENABLE,INVALID,2.0,NORMAL,1.0,30.879999999999995,0.0,0.0,44.0,44.0,248.70000000000002,1.145927336323413,246.0,91.0,682.624,250.0,32.5,32.0,34.7
67.6,346.8,4.9,1.6993200000000002,18.0,D,ENABLE,INVALID,2.0,NORMAL,1.0,30.879999999999995,0.0,0.0,44.0,42.0,248.9,1.0947193760698994,246.0,91.0,682.624,250.0,32.5,32.0,34.7
67.7,346.73,4.800000000000001,1.6643040000000002,18.0,D,ENABLE,INVALID,2.0,NORMAL,1.0,30.799999999999997,0.0,0.0,42.0,42.0,246.10000000000002,1.0824043328678274,246.0,91.0,682.624,250.0,32.5,32.0,34.7
67.8,346.68,4.6000000000000005,1.5947280000000004,18.0,D,ENABLE,INVALID,2.0,NORMAL,1.0,30.799999999999997,0.0,0.0,42.0,42.0,246.10000000000002,1.0824043328678274,246.0,91.0,682.624,250.0,32.5,32.0,34.7
67.9,346.74,4.6000000000000005,1.595004,18.0,D,ENABLE,INVALID,2.0,NORMAL,1.0,30.799999999999997,0.0,0.0,40.0,42.0,245.3,1.0788857490958068,246.0,91.0,682.624,250.0,32.5,32.0,34.7
68.0,346.55,4.4,1.52482,18.0,D,ENABLE,INVALID,2.0,NORMAL,1.0,30.879999999999995,0.0,0.0,40.0,40.0,246.4,1.0321179064593666,246.0,91.0,682.624,250.0,32.5,32.0,34.7
68.1,346.81,4.5,1.560645,17.6,D,ENABLE,INVALID,2.0,NORMAL,1.0,30.879999999999995,0.0,0.0,38.0,38.0,248.70000000000002,0.9896645177338567,246.0,91.0,682.624,250.0,32.5,32.0,34.7
68.2,346.7,4.4,1.52548,18.0,D,ENABLE,INVALID,2.0,NORMAL,1.0,30.879999999999995,0.0,0.0,38.0,36.0,248.20000000000002,0.9356919559451841,246.0,91.0,682.624,250.0,32.5,32.0,34.7
68.3,346.65000000000003,4.3,1.4905950000000001,17.6,D,ENABLE,INVALID,2.0,NORMAL,1.0,30.799999999999997,0.0,0.0,36.0,36.0,246.8,0.9304140802871533,246.0,91.0,682.624,250.0,32.5,32.0,34.7
68.4,346.62,4.2,1.455804,18.0,D,ENABLE,INVALID,2.0,NORMAL,1.0,30.799999999999997,0.0,0.0,36.0,36.0,245.3,0.9247592135106917,246.0,91.0,682.624,250.0,32.5,32.0,34.7
68.5,346.75,4.1000000000000005,1.4216750000000002,17.6,D,ENABLE,INVALID,2.0,NORMAL,1.0,30.879999999999995,0.0,0.0,34.0,34.0,246.4,0.8773002204904617,246.0,91.0,682.624,250.0,32.5,32.0,34.7
68.6,346.67,4.1000000000000005,1.4213470000000001,17.6,D,ENABLE,INVALID,2.0,NORMAL,1.0,30.879999999999995,0.0,0.0,34.0,34.0,247.5,0.8812167393319369,246.0,91.0,682.624,250.0,32.5,32.0,34.7
68.7,346.88,4.0,1.38752,17.6,D,ENABLE,INVALID,2.0,NORMAL,1.0,30.879999999999995,0.0,0.0,32.0,32.0,248.10000000000002,0.8313910798460029,246.0,91.0,682.624,250.0,32.5,32.0,34.7
68.8,346.73,3.9000000000000004,1.3522470000000002,17.6,D,ENABLE,INVALID,2.0,NORMAL,1.0,30.879999999999995,0.0,0.0,32.0,32.0,247.10000000000002,0.8280400476821739,246.0,91.0,682.624,250.0,32.5,32.0,34.7
68.9,346.76,3.9000000000000004,1.3523640000000001,17.6,D,ENABLE,INVALID,2.0,NORMAL,1.0,30.799999999999997,0.0,0.0,30.0,30.0,246.5,0.774402589109884,246.0,91.0,682.624,250.0,32.5,32.0,34.7
69.0,346.81,3.9000000000000004,1.3525590000000003,17.6,D,ENABLE,INVALID,2.0,NORMAL,0.5,30.799999999999997,0.0,0.0,30.0,30.0,246.0,0.7728317927830891,246.0,91.0,682.624,250.0,32.5,32.0,34.7
69.1,346.86,3.8000000000000003,1.3180680000000002,17.6,D,ENABLE,INVALID,2.0,NORMAL,0.5,30.799999999999997,0.0,0.0,30.0,30.0,247.10000000000002,0.776287544702038,246.0,91.0,682.624,250.0,32.5,32.0,34.7
69.2,346.84000000000003,3.8000000000000003,1.3179920000000003,17.6,D,ENABLE,INVALID,2.0,NORMAL,0.5,30.799999999999997,0.0,0.0,30.0,30.0,246.8,0.775345066905961,246.0,91.0,682.624,250.0,32.5,32.0,34.7
69.3,346.77,3.8000000000000003,1.3177260000000002,17.6,D,ENABLE,INVALID,2.0,NORMAL,0.5,30.799999999999997,0.0,0.0,30.0,30.0,246.9,0.77565922617132,246.0,91.0,682.624,250.0,32.5,32.0,34.7
69.4,346.77,3.8000000000000003,1.3177260000000002,17.6,D,ENABLE,INVALID,2.0,NORMAL,0.5,30.799999999999997,0.0,0.0,30.0,30.0,246.4,0.7740884298445251,246.0,91.0,682.624,250.0,32.5,32.0,34.7
69.5,346.74,3.7,1.2829380000000001,17.6,D,ENABLE,INVALID,2.0,NORMAL,0.5,30.799999999999997,0.0,0.0,30.0,30.0,245.9,0.7725176335177302,246.0,91.0,682.624,250.0,32.5,32.0,34.7
69.6,346.86,3.8000000000000003,1.3180680000000002,17.6,D,ENABLE,INVALID,2.0,NORMAL,0.5,30.72,0.0,0.0,30.0,30.0,246.20000000000002,0.7734601113138072,246.0,91.0,682.624,250.0,32.5,32.0,34.7
69.7,346.82,3.7,1.283234,17.6,D,ENABLE,INVALID,2.0,NORMAL,0.5,30.72,0.0,0.0,30.0,30.0,244.8,0.7690618815987813,246.0,91.0,682.624,250.0,32.5,32.0,34.7
69.8,346.76,3.6,1.2483360000000001,17.6,D,ENABLE,INVALID,2.0,NORMAL,0.5,30.72,0.0,0.0,28.0,30.0,245.3,0.7706326779255762,246.0,91.0,682.624,250.0,32.5,32.0,34.7
69.9,346.93,3.7,1.283641,17.6,D,ENABLE,INVALID,2.0,NORMAL,0.5,30.72,0.0,0.0,28.0,28.0,245.20000000000002,0.7189639507495361,246.0,91.0,682.624,250.0,32.5,32.0,34.7
70.0,346.79,3.7,1.283123,17.6,D,ENABLE,INVALID,2.0,NORMAL,0.5,30.799999999999997,0.0,0.0,28.0,28.0,245.4,0.7195503813782061,246.0,91.0,682.624,250.0,32.5,32.0,34.7
70.1,346.92,3.7,1.283604,17.6,D,ENABLE,INVALID,2.0,NORMAL,0.5,30.799999999999997,0.0,0.0,28.0,28.0,247.10000000000002,0.7245350417219021,246.0,91.0,682.624,250.0,32.5,32.0,34.7
70.2,346.86,3.6,1.2486960000000003,17.6,D,ENABLE,INVALID,2.0,NORMAL,0.5,30.799999999999997,0.0,0.0,28.0,28.0,247.60000000000002,0.7260011182935774,246.0,91.0,682.624,250.0,32.5,32.0,34.7
70.3,346.89,3.6,1.248804,17.6,D,ENABLE,INVALID,2.0,NORMAL,0.5,30.72,0.0,0.0,26.0,26.0,247.4,0.6735993528316996,246.0,91.0,682.624,250.0,32.5,32.0,34.7
70.4,346.86,3.6,1.2486960000000003,17.6,D,ENABLE,INVALID,2.0,NORMAL,0.5,30.72,0.0,0.0,26.0,24.0,247.5,0.6220353454107791,246.0,91.0,682.624,250.0,32.5,32.0,34.7
70.5,347.05,3.4000000000000004,1.1799700000000002,17.6,D,ENABLE,INVALID,2.0,NORMAL,0.5,30.64,0.0,0.0,26.0,26.0,246.5,0.6711489105618994,246.0,91.0,682.624,250.0,32.5,32.0,34.7
70.6,347.01,3.4000000000000004,1.179834,17.6,D,ENABLE,INVALID,2.0,NORMAL,0.5,30.64,0.0,0.0,26.0,26.0,245.8,0.6692430110187216,246.0,91.0,682.624,250.0,32.5,32.0,34.7
70.7,347.16,3.4000000000000004,1.1803440000000003,17.6,D,ENABLE,INVALID,2.0,NORMAL,0.5,30.72,0.0,0.0,26.0,26.0,246.4,0.6708766391985883,246.0,91.0,682.624,250.0,32.5,32.0,34.7
70.8,347.03000000000003,3.4000000000000004,1.1799020000000002,17.6,D,ENABLE,INVALID,2.0,NORMAL,0.5,30.72,0.0,0.0,26.0,26.0,245.3,0.667881654202166,246.0,91.0,682.624,250.0,32.5,32.0,34.7
70.9,347.17,3.4000000000000004,1.1803780000000001,17.6,D,ENABLE,INVALID,2.0,NORMAL,0.5,30.64,0.0,0.0,24.0,24.0,245.10000000000002,0.6160034875158867,246.0,91.0,682.624,250.0,32.5,32.0,34.7
71.0,347.0,3.3000000000000003,1.1451000000000002,17.6,D,ENABLE,INVALID,2.0,NORMAL,0.5,30.64,0.0,0.0,22.0,22.0,245.5,0.5655913974012824,246.0,91.0,682.624,250.0,32.5,32.0,34.7
71.1,347.04,3.2,1.110528,17.6,D,ENABLE,INVALID,2.0,NORMAL,0.5,30.560000000000002,0.0,0.0,22.0,22.0,245.8,0.5662825477850721,246.0,91.0,682.624,250.0,32.5,32.0,34.7
71.2,347.01,3.2,1.110432,17.6,D,ENABLE,INVALID,2.0,NORMAL,0.5,30.560000000000002,0.0,0.0,22.0,22.0,246.3,0.5674344650913885,246.0,91.0,682.624,250.0,32.5,32.0,34.7
71.3,347.1,3.2,1.11072,17.6,D,ENABLE,INVALID,2.0,NORMAL,0.5,30.560000000000002,0.0,0.0,20.0,20.0,245.60000000000002,0.5143834371477688,246.0,91.0,682.624,250.0,32.5,32.0,34.7
71.4,346.96,3.1,1.075576,17.6,D,ENABLE,INVALID,2.0,NORMAL,0.5,30.560000000000002,0.0,0.0,20.0,20.0,245.0,0.5131268000863328,246.0,91.0,682.624,250.0,32.5,32.0,34.7
71.5,347.08,3.0,1.04124,17.6,D,ENABLE,INVALID,2.0,NORMAL,0.5,30.560000000000002,0.0,0.0,20.0,20.0,244.60000000000002,0.5122890420453756,246.0,91.0,682.624,250.0,32.5,32.0,34.7
71.6,347.1,2.9000000000000004,1.00659,17.6,D,ENABLE,INVALID,2.0,NORMAL,0.5,30.560000000000002,0.0,0.0,18.0,18.0,244.9,0.4616256245184842,246.0,91.0,682.624,250.0,32.5,32.0,34.7
71.7,347.04,2.9000000000000004,1.0064160000000002,17.2,D,ENABLE,INVALID,2.0,NORMAL,0.5,30.560000000000002,0.0,0.0,18.0,18.0,246.10000000000002,0.4638875712290689,246.0,91.0,682.624,250.0,32.5,32.0,34.7
71.8,347.03000000000003,2.8000000000000003,0.9716840000000002,15.200000000000001,D,ENABLE,INVALID,2.0,NORMAL,0.5,30.560000000000002,0.0,0.0,18.0,16.0,245.4,0.41117164650183213,246.0,91.0,682.624,250.0,32.5,32.0,34.7
71.9,346.95,1.6,0.5551200000000001,11.200000000000001,D,ENABLE,INVALID,2.0,NORMAL,0.0,30.560000000000002,0.0,0.0,6.0,6.0,244.20000000000002,0.1534353852013255,246.0,91.0,682.624,250.0,32.5,32.0,34.7
72.0,347.09000000000003,0.1,0.034709000000000004,1.6,D,ENABLE,INVALID,2.0,NORMAL,-0.5,30.560000000000002,0.0,0.0,-40.0,-26.0,241.0,-0.6561739855797881,246.0,91.0,682.624,250.0,32.5,32.0,34.7
72.1,348.1,-12.200000000000001,-4.2468200000000005,0.0,D,ENABLE,INVALID,2.0,NORMAL,-5.0,30.480000000000004,0.0,0.0,-160.0,-160.0,240.8,-4.034642725250252,246.0,91.0,682.624,250.0,32.5,32.0,34.7
72.2,348.89,-22.6,-7.884914,0.0,D,ENABLE,INVALID,2.0,NORMAL,-8.5,30.400000000000006,0.0,0.0,-316.0,-316.0,241.0,-7.97503767089281,246.0,91.0,682.624,250.0,32.5,32.0,34.7
72.3,349.24,-29.400000000000002,-10.267656,0.0,D,ENABLE,INVALID,2.0,NORMAL,-11.0,30.239999999999995,0.0,0.0,-428.0,-428.0,238.10000000000002,-10.671655141028145,246.0,91.0,682.624,250.0,32.5,32.0,34.7
72.4,349.59000000000003,-33.7,-11.781183000000002,0.0,D,ENABLE,INVALID,2.0,NORMAL,-12.5,29.92,0.0,0.0,-496.0,-496.0,236.4,-12.278852054702636,246.0,91.0,682.624,250.0,32.5,32.0,34.7
72.5,349.63,-35.6,-12.446828,0.0,D,ENABLE,INVALID,2.0,NORMAL,-13.0,29.60000000000001,0.0,0.0,-540.0,-540.0,233.4,-13.198459056261438,246.0,91.0,682.624,250.0,32.5,32.0,34.7
72.6,349.72,-37.0,-12.93964,0.0,D,ENABLE,INVALID,2.0,NORMAL,-13.5,29.28,0.0,0.0,-568.0,-568.0,230.8,-13.728173465558726,246.0,91.0,682.624,250.0,32.5,32.0,34.7
72.7,349.72,-37.5,-13.114500000000001,0.0,D,ENABLE,INVALID,2.0,NORMAL,-13.5,28.960000000000008,0.0,0.0,-586.0,-614.0,229.60000000000002,-14.762804646140967,246.0,91.0,682.624,250.0,32.5,32.0,34.7
72.8,349.84000000000003,-37.300000000000004,-13.049032000000002,0.0,D,ENABLE,INVALID,2.0,NORMAL,-13.5,28.64,0.0,0.0,-598.0,-598.0,225.0,-14.090043051350222,246.0,91.0,682.624,250.0,32.5,32.0,34.7
72.9,349.61,-37.2,-13.005492000000002,0.0,D,ENABLE,INVALID,2.0,NORMAL,-13.5,28.239999999999995,0.0,0.0,-606.0,-602.0,220.9,-13.925821531371575,246.0,91.0,682.624,250.0,32.5,32.0,34.7
73.0,349.78000000000003,-37.1,-12.976838,0.0,D,ENABLE,INVALID,2.0,NORMAL,-13.5,27.840000000000003,0.0,0.0,-610.0,-610.0,218.20000000000002,-13.938408845936955,246.0,91.0,682.624,250.0,32.5,32.0,34.7
73.1,349.62,-36.6,-12.796092,0.0,D,ENABLE,INVALID,2.0,NORMAL,-13.5,27.439999999999998,0.0,0.0,-614.0,-614.0,215.20000000000002,-13.836914459274983,246.0,91.0,682.624,250.0,32.5,32.0,34.7
73.2,349.82,-36.2,-12.663484,0.0,D,ENABLE,INVALID,2.0,NORMAL,-13.5,27.040000000000006,0.0,0.0,-616.0,-616.0,214.9,-13.862633631132368,246.0,91.0,682.624,250.0,32.5,32.0,34.7
73.3,349.77,-35.6,-12.451812,0.0,D,ENABLE,INVALID,2.0,NORMAL,-13.0,26.64,0.0,0.0,-618.0,-616.0,210.5,-13.578801206856042,246.0,91.0,682.624,250.0,32.5,32.0,34.7
73.4,349.68,-35.300000000000004,-12.343704,0.0,D,ENABLE,INVALID,2.0,NORMAL,-13.0,26.320000000000007,0.0,0.0,-618.0,-622.0,208.4,-13.574277313434873,246.0,91.0,682.624,250.0,32.5,32.0,34.7
73.5,349.53000000000003,-34.9,-12.198597,0.0,D,ENABLE,INVALID,2.0,NORMAL,-13.0,25.840000000000003,0.0,0.0,-620.0,-620.0,204.10000000000002,-13.251447252351989,246.0,91.0,682.624,250.0,32.5,32.0,34.7
73.6,349.66,-34.5,-12.063270000000001,0.0,D,ENABLE,INVALID,2.0,NORMAL,-12.5,25.519999999999996,0.0,0.0,-620.0,-618.0,200.9,-13.0016068605875,246.0,91.0,682.624,250.0,32.5,32.0,34.7
73.7,349.6,-33.9,-11.85144,0.0,D,ENABLE,INVALID,2.0,NORMAL,-12.5,25.120000000000005,0.0,0.0,-620.0,-620.0,198.20000000000002,-12.868382388124273,246.0,91.0,682.624,250.0,32.5,32.0,34.7
73.8,349.6,-33.4,-11.676639999999999,0.0,D,ENABLE,INVALID,2.0,NORMAL,-12.5,24.72,0.0,0.0,-620.0,-620.0,193.10000000000002,-12.537258522435907,246.0,91.0,682.624,250.0,32.5,32.0,34.7
73.9,349.66,-32.800000000000004,-11.468848000000001,0.0,D,ENABLE,INVALID,2.0,NORMAL,-12.0,24.320000000000007,0.0,0.0,-620.0,-620.0,191.10000000000002,-12.40740602608753,246.0,91.0,682.624,250.0,32.5,32.0,34.7
74.0,349.54,-32.300000000000004,-11.290142000000001,0.0,D,ENABLE,INVALID,2.0,NORMAL,-12.0,23.92,0.0,0.0,-620.0,-622.0,189.0,-12.310644972356963,246.0,91.0,682.624,250.0,32.5,32.0,34.7
74.1,349.56,-32.0,-11.18592,0.0,D,ENABLE,INVALID,2.0,NORMAL,-12.0,23.6,0.0,0.0,-620.0,-620.0,185.3,-12.030833786677231,246.0,91.0,682.624,250.0,32.5,32.0,34.7
74.2,349.52,-31.3,-10.939976,0.0,D,ENABLE,INVALID,2.0,NORMAL,-11.5,23.200000000000003,0.0,0.0,-622.0,-620.0,181.4,-11.777621418797894,246.0,91.0,682.624,250.0,32.5,32.0,34.7
74.3,349.25,-30.700000000000003,-10.721975,0.0,D,ENABLE,INVALID,2.0,NORMAL,-11.5,22.72,0.0,0.0,-618.0,-618.0,180.20000000000002,-11.661968921243743,246.0,91.0,682.624,250.0,32.5,32.0,34.7
74.4,349.58,-29.700000000000003,-10.382526,0.0,D,ENABLE,INVALID,2.0,NORMAL,-11.0,22.4,0.0,0.0,-606.0,-606.0,176.9,-11.226104356484695,246.0,91.0,682.624,250.0,32.5,32.0,34.7
74.5,349.46,-28.700000000000003,-10.029502,0.0,D,ENABLE,INVALID,2.0,NORMAL,-10.5,22.08,0.0,0.0,-600.0,-602.0,175.0,-11.032226201856158,246.0,91.0,682.624,250.0,32.5,32.0,34.7
74.6,349.21,-27.200000000000003,-9.498512,0.0,D,ENABLE,INVALID,2.0,NORMAL,-10.0,21.520000000000003,0.0,0.0,-592.0,-586.0,169.9,-10.426045427370495,246.0,91.0,682.624,250.0,32.5,32.0,34.7
74.7,349.14,-25.8,-9.007812,0.0,D,ENABLE,INVALID,2.0,NORMAL,-9.5,21.28,0.0,0.0,-564.0,-572.0,167.3,-10.021219798028913,246.0,91.0,682.624,250.0,32.5,32.0,34.7
74.8,349.17,-25.0,-8.72925,0.0,D,ENABLE,INVALID,2.0,NORMAL,-9.5,20.96,0.0,0.0,-550.0,-550.0,165.20000000000002,-9.514836950172288,246.0,91.0,682.624,250.0,32.5,32.0,34.7
74.9,349.11,-23.6,-8.238996,0.0,D,ENABLE,INVALID,2.0,NORMAL,-9.0,20.560000000000002,0.0,0.0,-534.0,-546.0,163.3,-9.33700186202808,246.0,92.0,682.624,250.0,32.5,32.0,34.7
75.0,349.04,-22.6,-7.888304000000001,0.0,D,ENABLE,INVALID,2.0,NORMAL,-8.5,20.160000000000004,0.0,0.0,-528.0,-524.0,158.60000000000002,-8.702881856876493,246.0,92.0,682.624,250.0,32.5,32.0,34.7
75.1,348.95,-21.5,-7.502425000000001,0.0,D,ENABLE,INVALID,2.0,NORMAL,-8.0,19.92,0.0,0.0,-510.0,-510.0,156.8,-8.374229377408952,246.0,92.0,682.624,250.0,32.5,32.0,34.7
75.2,349.01,-20.700000000000003,-7.224507000000001,0.0,D,ENABLE,INVALID,2.0,NORMAL,-7.5,19.520000000000003,1.0,1.0,-490.0,-500.0,156.3,-8.183848862601412,246.0,92.0,682.624,250.0,32.5,32.0,34.7
75.3,348.73,-19.1,-6.660743,0.0,D,ENABLE,INVALID,2.0,NORMAL,-7.0,19.04,1.0,1.0,-472.0,-468.0,151.20000000000002,-7.410137423875318,246.0,92.0,682.624,250.0,32.5,32.0,34.7
75.4,348.56,-17.0,-5.925520000000001,0.0,D,ENABLE,INVALID,2.0,NORMAL,-6.5,18.480000000000004,1.0,1.0,-460.0,-460.0,145.1,-6.989624775216811,246.0,92.0,682.624,250.0,32.5,32.0,34.7
75.5,348.62,-15.200000000000001,-5.299024,0.0,D,ENABLE,INVALID,2.0,NORMAL,-6.0,17.92,1.0,1.0,-424.0,-424.0,142.20000000000002,-6.313847251478624,246.0,92.0,682.624,250.0,32.5,32.0,34.7
75.6,348.37,-13.8,-4.807506,0.0,D,ENABLE,INVALID,2.0,NORMAL,-5.5,17.200000000000003,1.0,1.0,-404.0,-418.0,137.4,-6.014390639738443,246.0,92.0,682.624,250.0,32.5,32.0,34.7
75.7,348.35,-12.3,-4.284705000000001,0.0,D,ENABLE,INVALID,2.0,NORMAL,-5.0,16.560000000000002,1.0,1.0,-374.0,-374.0,132.0,-5.169804870747363,246.0,92.0,682.624,250.0,32.5,32.0,34.7
75.8,348.17,-11.0,-3.8298700000000006,0.0,D,ENABLE,INVALID,2.0,NORMAL,-4.5,16.0,1.0,1.0,-350.0,-352.0,126.4,-4.659275120587998,246.0,92.0,682.624,250.0,32.5,32.0,34.7
75.9,347.99,-9.4,-3.271106,0.0,D,ENABLE,INVALID,2.0,NORMAL,-4.0,15.36,1.0,1.0,-322.0,-322.0,121.80000000000001,-4.107066907891009,246.0,92.0,682.624,250.0,32.5,32.0,34.7
76.0,348.02,-8.4,-2.923368,0.0,D,ENABLE,INVALID,2.0,NORMAL,-3.5,14.719999999999999,1.0,1.0,-300.0,-302.0,117.60000000000001,-3.719143047025741,246.0,92.0,682.624,250.0,32.5,32.0,34.7
76.1,348.08,-7.300000000000001,-2.540984,0.0,D,ENABLE,INVALID,2.0,NORMAL,-3.0,14.160000000000004,1.0,1.0,-270.0,-292.0,113.60000000000001,-3.4736799410252583,246.0,92.0,682.624,250.0,32.5,32.0,34.7
76.2,347.97,-6.4,-2.227008,0.0,D,ENABLE,INVALID,2.0,NORMAL,-2.5,13.600000000000001,1.0,1.0,-252.0,-252.0,108.30000000000001,-2.857969668823707,246.0,92.0,682.624,250.0,32.5,32.0,34.7
76.3,347.89,-5.1000000000000005,-1.7742390000000001,0.0,D,ENABLE,INVALID,2.0,NORMAL,-2.5,13.04,1.0,1.0,-228.0,-226.0,103.5,-2.449499792003962,246.0,92.0,682.624,250.0,32.5,32.0,34.7
76.4,347.83,-4.1000000000000005,-1.4261030000000001,0.0,D,ENABLE,INVALID,2.0,NORMAL,-2.0,12.480000000000004,1.0,1.0,-198.0,-200.0,99.9,-2.092300707290802,246.0,92.0,682.624,250.0,32.5,32.0,34.7
76.5,347.74,-3.2,-1.112768,0.0,D,ENABLE,INVALID,2.0,NORMAL,-1.5,12.0,1.0,1.0,-184.0,-184.0,94.9,-1.8285744759974514,246.0,92.0,682.624,250.0,32.5,32.0,34.7
76.6,347.61,-2.5,-0.869025,0.0,D,ENABLE,INVALID,2.0,NORMAL,-1.5,11.439999999999998,1.0,1.0,-162.0,-158.0,90.5,-1.497387778456015,246.0,92.0,682.624,250.0,32.5,32.0,34.7
76.7,347.56,-1.8,-0.625608,0.0,D,ENABLE,INVALID,2.0,NORMAL,-1.0,10.96,1.0,1.0,-138.0,-146.0,87.7,-1.3408526885031478,246.0,92.0,682.624,250.0,32.5,32.0,34.7
76.8,347.64,-1.1,-0.382404,0.0,D,ENABLE,INVALID,2.0,NORMAL,-1.0,10.399999999999999,1.0,1.0,-114.0,-114.0,82.60000000000001,-0.9860831021087645,246.0,92.0,682.624,250.0,32.5,32.0,34.7
76.9,347.48,-0.6000000000000001,-0.20848800000000003,0.0,D,ENABLE,INVALID,2.0,NORMAL,-0.5,9.920000000000002,1.0,1.0,-94.0,-92.0,78.60000000000001,-0.7572494932212838,246.0,92.0,682.624,250.0,32.5,32.0,34.7
77.0,347.39,0.1,0.034739,0.0,D,ENABLE,INVALID,2.0,NORMAL,-0.5,9.439999999999998,1.0,1.0,-76.0,-74.0,74.10000000000001,-0.5742203052231425,246.0,92.0,682.624,250.0,32.5,32.0,34.7
77.1,347.44,0.4,0.138976,0.0,D,ENABLE,INVALID,2.0,NORMAL,-0.5,8.880000000000003,1.0,1.0,-54.0,-52.0,70.2,-0.38226899408880605,246.0,92.0,682.624,250.0,32.5,32.0,34.7
77.2,347.44,1.1,0.382184,0.0,D,ENABLE,INVALID,2.0,NORMAL,0.0,8.560000000000002,1.0,1.0,-34.0,-34.0,67.4,-0.23997579083221238,246.0,92.0,682.624,250.0,32.5,32.0,34.7
77.3,347.13,1.1,0.38184300000000004,0.0,D,ENABLE,INVALID,2.0,NORMAL,0.0,8.240000000000002,1.0,1.0,-14.0,-12.0,64.3,-0.08080176305032946,246.0,92.0,682.624,250.0,32.5,32.0,34.7
77.4,347.28000000000003,1.5,0.52092,0.0,D,ENABLE,INVALID,2.0,NORMAL,0.0,7.520000000000003,1.0,1.0,-6.0,-12.0,60.2,-0.07564955109844222,246.0,92.0,682.624,250.0,32.5,32.0,34.7
77.5,347.38,1.3,0.451594,0.0,D,ENABLE,INVALID,2.0,NORMAL,0.0,7.200000000000003,1.0,1.0,0.0,-6.0,57.900000000000006,-0.0363796429285698,246.0,92.0,682.624,250.0,32.5,32.0,34.7
77.6,347.25,1.6,0.5556,0.0,D,ENABLE,INVALID,2.0,NORMAL,0.0,6.640000000000001,1.0,1.0,0.0,0.0,52.400000000000006,0.0,246.0,92.0,682.624,250.0,32.5,32.0,34.7
77.7,347.1,1.4000000000000001,0.48594000000000004,0.0,D,ENABLE,INVALID,2.0,NORMAL,0.0,6.160000000000004,1.0,1.0,0.0,0.0,47.6,0.0,246.0,92.0,682.624,250.0,32.5,32.0,34.7
77.8,347.23,1.3,0.45139900000000005,0.0,D,ENABLE,INVALID,2.0,NORMAL,0.0,5.68,1.0,1.0,0.0,0.0,43.800000000000004,0.0,246.0,92.0,682.624,250.0,32.5,32.0,34.7
77.9,347.21,1.4000000000000001,0.48609399999999997,0.0,D,ENABLE,INVALID,2.0,NORMAL,0.0,5.200000000000003,1.0,1.0,0.0,0.0,40.7,0.0,246.0,92.0,682.624,250.0,32.5,32.0,34.7
78.0,347.24,1.3,0.45141200000000004,0.0,D,ENABLE,INVALID,2.0,NORMAL,0.0,4.719999999999999,1.0,1.0,0.0,0.0,35.800000000000004,0.0,246.0,92.0,682.624,250.0,32.5,32.0,34.7
78.1,347.16,1.3,0.45130800000000004,0.0,D,ENABLE,INVALID,2.0,NORMAL,0.0,4.240000000000002,1.0,1.0,0.0,0.0,32.1,0.0,246.0,92.0,682.624,250.0,32.5,32.0,34.7
78.2,347.16,1.4000000000000001,0.48602400000000007,0.0,D,ENABLE,INVALID,2.0,NORMAL,0.0,3.6799999999999997,1.0,1.0,0.0,0.0,26.200000000000003,0.0,246.0,92.0,682.624,250.0,32.5,32.0,34.7
78.3,347.13,1.3,0.45126900000000003,0.0,D,ENABLE,INVALID,2.0,NORMAL,0.0,2.960000000000001,1.0,1.0,0.0,0.0,19.6,0.0,246.0,92.0,682.624,250.0,32.5,32.0,34.7
78.4,347.3,1.3,0.45149,0.0,D,ENABLE,INVALID,2.0,NORMAL,0.0,2.0,1.0,1.0,0.0,0.0,13.3,0.0,246.0,92.0,682.624,250.0,32.5,32.0,34.7
78.5,347.17,1.3,0.451321,0.0,D,ENABLE,INVALID,2.0,NORMAL,0.0,0.8000000000000043,1.0,1.0,0.0,0.0,6.300000000000001,0.0,246.0,92.0,682.624,250.0,32.5,32.0,34.7
78.6,347.17,1.5,0.520755,0.0,D,ENABLE,INVALID,2.0,NORMAL,0.0,0.0,1.0,1.0,0.0,0.0,0.4,0.0,246.0,92.0,682.624,250.0,32.5,32.0,34.7
78.7,347.16,1.4000000000000001,0.48602400000000007,0.0,D,ENABLE,INVALID,2.0,NORMAL,0.0,-0.1599999999999966,1.0,1.0,0.0,0.0,-1.7000000000000002,-0.0,246.0,92.0,682.624,250.0,32.5,32.0,34.7
78.8,347.2,1.4000000000000001,0.48608000000000007,0.0,P,STANDBY,INVALID,2.0,NORMAL,0.0,-0.1599999999999966,1.0,1.0,0.0,0.0,-0.9,-0.0,246.0,92.0,682.624,250.0,32.5,32.0,34.7
78.9,347.16,1.3,0.45130800000000004,0.0,P,STANDBY,INVALID,2.0,NORMAL,0.0,-0.0799999999999983,1.0,1.0,0.0,0.0,-0.30000000000000004,-0.0,246.0,92.0,682.624,250.0,32.5,32.0,34.7
79.0,347.31,1.4000000000000001,0.48623400000000006,0.0,P,STANDBY,INVALID,2.0,NORMAL,0.0,0.0,1.0,1.0,0.0,0.0,0.5,0.0,246.0,92.0,682.624,250.0,32.5,32.0,34.7
79.1,347.14,1.4000000000000001,0.48599600000000004,0.0,P,STANDBY,INVALID,2.0,NORMAL,0.0,0.0,1.0,1.0,0.0,0.0,-0.1,-0.0,246.0,92.0,682.624,250.0,32.5,32.0,34.7
79.2,347.28000000000003,1.4000000000000001,0.48619200000000007,0.0,P,STANDBY,INVALID,2.0,NORMAL,0.0,0.0,1.0,1.0,0.0,0.0,-0.2,-0.0,246.0,92.0,682.624,250.0,32.5,32.0,34.7
79.3,347.12,1.3,0.45125600000000005,0.0,P,STANDBY,INVALID,2.0,NORMAL,0.0,0.0,1.0,1.0,0.0,0.0,-0.1,-0.0,246.0,92.0,682.624,250.0,32.5,32.0,34.7
79.4,347.0,1.3,0.4511,0.0,P,STANDBY,INVALID,2.0,NORMAL,0.0,0.0,1.0,1.0,0.0,0.0,0.0,0.0,246.0,92.0,682.624,250.0,32.5,32.0,34.7
79.5,347.09000000000003,1.6,0.5553440000000001,0.0,P,STANDBY,INVALID,2.0,NORMAL,0.0,0.0,1.0,1.0,0.0,0.0,0.0,0.0,246.0,92.0,682.624,250.0,32.5,32.0,34.7
79.6,347.19,1.8,0.624942,0.0,P,STANDBY,INVALID,2.0,NORMAL,0.0,0.0,1.0,1.0,0.0,0.0,0.1,0.0,246.0,92.0,682.624,250.0,32.5,32.0,34.7
79.7,347.07,1.9000000000000001,0.659433,0.0,P,STANDBY,INVALID,2.0,NORMAL,0.0,0.0,1.0,1.0,0.0,0.0,0.0,0.0,246.0,92.0,682.624,250.0,32.5,32.0,34.7
79.8,347.13,2.1,0.7289730000000001,0.0,P,STANDBY,INVALID,2.0,NORMAL,0.0,0.0,1.0,1.0,0.0,0.0,0.1,0.0,246.0,92.0,682.624,250.0,32.5,32.0,34.7
79.9,347.1,1.8,0.6247800000000001,0.0,P,STANDBY,INVALID,2.0,NORMAL,0.0,0.0,1.0,1.0,0.0,0.0,0.1,0.0,246.0,92.0,682.624,250.0,32.5,32.0,34.7
80.0,347.06,1.3,0.451178,0.0,P,STANDBY,INVALID,2.0,NORMAL,0.0,0.0,1.0,1.0,0.0,0.0,-0.1,-0.0,246.0,92.0,682.624,250.0,32.5,32.0,34.7
80.1,347.0,1.3,0.4511,0.0,P,STANDBY,INVALID,2.0,NORMAL,0.0,0.0,1.0,1.0,0.0,0.0,0.0,0.0,246.0,92.0,682.624,250.0,32.5,32.0,34.7
80.2,347.01,1.3,0.451113,0.0,P,STANDBY,INVALID,2.0,NORMAL,0.0,0.0,1.0,1.0,0.0,0.0,-0.1,-0.0,246.0,92.0,682.624,250.0,32.5,32.0,34.7
80.3,347.25,1.4000000000000001,0.48615,0.0,P,STANDBY,INVALID,2.0,NORMAL,0.0,0.0,1.0,1.0,0.0,0.0,0.0,0.0,246.0,92.0,682.624,250.0,32.5,32.0,34.7
80.4,347.0,1.4000000000000001,0.48580000000000007,0.0,P,STANDBY,INVALID,2.0,NORMAL,0.0,0.0,1.0,1.0,0.0,0.0,-0.1,-0.0,246.0,92.0,682.624,250.0,32.5,32.0,34.7
80.5,347.11,1.3,0.45124300000000006,0.0,P,STANDBY,INVALID,2.0,NORMAL,0.0,0.0,1.0,1.0,0.0,0.0,0.0,0.0,246.0,92.0,682.624,250.0,32.5,32.0,34.7
80.6,347.08,1.3,0.451204,0.0,P,STANDBY,INVALID,2.0,NORMAL,0.0,0.0,1.0,1.0,0.0,0.0,0.0,0.0,246.0,92.0,682.624,250.0,32.5,32.0,34.7
80.7,347.16,1.3,0.45130800000000004,0.0,P,STANDBY,INVALID,2.0,NORMAL,0.0,0.0,1.0,1.0,0.0,0.0,-0.1,-0.0,246.0,92.0,682.624,250.0,32.5,32.0,34.7
80.8,347.08,1.4000000000000001,0.485912,0.0,P,STANDBY,INVALID,2.0,NORMAL,0.0,0.0,1.0,1.0,0.0,0.0,0.0,0.0,246.0,92.0,682.624,250.0,32.5,32.0,34.7
80.9,347.16,1.3,0.45130800000000004,0.0,P,STANDBY,INVALID,2.0,NORMAL,0.0,0.0,1.0,1.0,0.0,0.0,-0.2,-0.0,246.0,92.0,682.624,250.0,32.5,32.0,34.7
81.0,347.07,1.3,0.451191,0.0,P,STANDBY,INVALID,2.0,NORMAL,0.0,0.0,1.0,1.0,0.0,0.0,0.0,0.0,246.0,92.0,682.624,250.0,32.5,32.0,34.7
81.1,347.18,1.4000000000000001,0.4860520000000001,0.0,P,STANDBY,INVALID,2.0,NORMAL,0.0,0.0,1.0,1.0,0.0,0.0,-0.1,-0.0,246.0,92.0,682.624,250.0,32.5,32.0,34.7
81.2,347.15000000000003,1.3,0.45129500000000006,0.0,P,STANDBY,INVALID,2.0,NORMAL,0.0,0.0,1.0,1.0,0.0,0.0,0.0,0.0,246.0,92.0,682.624,250.0,32.5,32.0,34.7
81.3,347.19,1.3,0.45134700000000005,0.0,P,STANDBY,INVALID,2.0,NORMAL,0.0,0.0,1.0,1.0,0.0,0.0,0.0,0.0,246.0,92.0,682.624,250.0,32.5,32.0,34.7
81.4,347.22,1.3,0.451386,0.0,P,STANDBY,INVALID,2.0,NORMAL,0.0,0.0,1.0,1.0,0.0,0.0,-0.1,-0.0,246.0,92.0,682.624,250.0,32.5,32.0,34.7
81.5,347.09000000000003,1.3,0.45121700000000003,0.0,P,STANDBY,INVALID,2.0,NORMAL,0.0,0.0,1.0,1.0,0.0,0.0,-0.1,-0.0,246.0,92.0,682.624,250.0,32.5,32.0,34.7
81.6,347.16,1.3,0.45130800000000004,0.0,P,STANDBY,INVALID,2.0,NORMAL,0.0,0.0,1.0,1.0,0.0,0.0,0.1,0.0,246.0,92.0,682.624,250.0,32.5,32.0,34.7
81.7,347.15000000000003,1.3,0.45129500000000006,0.0,P,STANDBY,INVALID,2.0,NORMAL,0.0,0.0,1.0,1.0,0.0,0.0,-0.1,-0.0,246.0,92.0,682.624,250.0,32.5,32.0,34.7
81.8,347.23,1.3,0.45139900000000005,0.0,P,STANDBY,INVALID,2.0,NORMAL,0.0,0.0,1.0,1.0,0.0,0.0,-0.1,-0.0,246.0,92.0,682.624,250.0,32.5,32.0,34.7
81.9,347.17,1.4000000000000001,0.4860380000000001,0.0,P,STANDBY,INVALID,2.0,NORMAL,0.0,0.0,1.0,1.0,0.0,0.0,0.0,0.0,246.0,92.0,682.624,250.0,32.5,32.0,34.7
82.0,347.17,1.3,0.451321,0.0,P,STANDBY,INVALID,2.0,NORMAL,0.0,0.0,1.0,1.0,0.0,0.0,-0.1,-0.0,246.0,92.0,682.624,250.0,32.5,32.0,34.7
82.1,347.1,1.3,0.45123,0.0,P,STANDBY,INVALID,2.0,NORMAL,0.0,0.0,1.0,1.0,0.0,0.0,-0.1,-0.0,246.0,92.0,682.624,250.0,32.5,32.0,34.7
82.2,347.07,1.3,0.451191,0.0,P,STANDBY,INVALID,2.0,NORMAL,0.0,0.0,1.0,1.0,0.0,0.0,-0.1,-0.0,246.0,92.0,682.624,250.0,32.5,32.0,34.7
82.3,347.11,1.4000000000000001,0.48595400000000005,0.0,P,STANDBY,INVALID,2.0,NORMAL,0.0,0.0,1.0,1.0,0.0,0.0,0.0,0.0,246.0,92.0,682.624,250.0,32.5,32.0,34.7
82.4,347.08,1.4000000000000001,0.485912,0.0,P,STANDBY,INVALID,2.0,NORMAL,0.0,0.0,1.0,1.0,0.0,0.0,0.1,0.0,247.0,92.0,682.624,250.0,32.5,32.0,34.7
82.5,347.21,1.3,0.45137299999999997,0.0,P,STANDBY,INVALID,2.0,NORMAL,0.0,0.0,1.0,1.0,0.0,0.0,0.0,0.0,247.0,92.0,682.624,250.0,32.5,32.0,34.7
82.6,347.09000000000003,1.3,0.45121700000000003,0.0,P,STANDBY,INVALID,2.0,NORMAL,0.0,0.0,1.0,1.0,0.0,0.0,0.1,0.0,247.0,92.0,682.624,250.0,32.5,32.0,34.7
82.7,347.08,1.4000000000000001,0.485912,0.0,P,STANDBY,INVALID,2.0,NORMAL,0.0,0.0,1.0,1.0,0.0,0.0,-0.1,-0.0,247.0,92.0,682.624,250.0,32.5,32.0,34.7
82.8,347.21,1.3,0.45137299999999997,0.0,P,STANDBY,INVALID,2.0,NORMAL,0.0,0.0,1.0,1.0,0.0,0.0,0.0,0.0,247.0,92.0,682.624,250.0,32.5,32.0,34.7
82.9,347.25,1.3,0.451425,0.0,P,STANDBY,INVALID,2.0,NORMAL,0.0,0.0,1.0,1.0,0.0,0.0,0.0,0.0,247.0,92.0,682.624,250.0,32.5,32.0,34.7
83.0,347.16,1.3,0.45130800000000004,0.0,P,STANDBY,INVALID,2.0,NORMAL,0.0,0.0,1.0,1.0,0.0,0.0,-0.1,-0.0,247.0,92.0,682.624,250.0,32.5,32.0,34.7
83.1,347.14,1.3,0.45128199999999996,0.0,P,STANDBY,INVALID,2.0,NORMAL,0.0,0.0,1.0,1.0,0.0,0.0,0.0,0.0,247.0,92.0,682.624,250.0,32.5,32.0,34.7
83.2,347.14,1.3,0.45128199999999996,0.0,P,STANDBY,INVALID,2.0,NORMAL,0.0,0.0,1.0,1.0,0.0,0.0,0.1,0.0,247.0,92.0,682.624,250.0,32.5,32.0,34.7
83.3,347.2,1.3,0.45136000000000004,0.0,P,STANDBY,INVALID,2.0,NORMAL,0.0,0.0,1.0,1.0,0.0,0.0,-0.1,-0.0,247.0,92.0,682.624,250.0,32.5,32.0,34.7
83.4,347.12,1.3,0.45125600000000005,0.0,P,STANDBY,INVALID,2.0,NORMAL,0.0,0.0,1.0,1.0,0.0,0.0,0.0,0.0,247.0,92.0,682.624,250.0,32.5,32.0,34.7
83.5,347.06,1.3,0.451178,0.0,P,STANDBY,INVALID,2.0,NORMAL,0.0,0.0,1.0,1.0,0.0,0.0,0.1,0.0,247.0,92.0,682.624,250.0,32.5,32.0,34.7
83.6,347.08,1.3,0.451204,0.0,P,STANDBY,INVALID,2.0,NORMAL,0.0,0.0,1.0,1.0,0.0,0.0,0.1,0.0,247.0,92.0,682.624,250.0,32.5,32.0,34.7
83.7,347.25,1.3,0.451425,0.0,P,STANDBY,INVALID,2.0,NORMAL,0.0,0.0,1.0,1.0,0.0,0.0,-0.1,-0.0,247.0,92.0,682.624,250.0,32.5,32.0,34.7
83.8,347.11,1.3,0.45124300000000006,0.0,P,STANDBY,INVALID,2.0,NORMAL,0.0,0.0,1.0,1.0,0.0,0.0,-0.1,-0.0,247.0,92.0,682.624,250.0,32.5,32.0,34.7
83.9,347.11,1.4000000000000001,0.48595400000000005,0.0,P,STANDBY,INVALID,2.0,NORMAL,0.0,0.0,1.0,1.0,0.0,0.0,0.0,0.0,247.0,92.0,682.624,250.0,32.5,32.0,34.7
84.0,347.09000000000003,1.3,0.45121700000000003,0.0,P,STANDBY,INVALID,2.0,NORMAL,0.0,0.0,1.0,1.0,0.0,0.0,0.0,0.0,247.0,92.0,682.624,250.0,32.5,32.0,34.7
84.1,346.98,1.2000000000000002,0.4163760000000001,0.0,P,STANDBY,INVALID,2.0,NORMAL,0.0,0.0,1.0,1.0,0.0,0.0,0.0,0.0,247.0,92.0,682.624,250.0,32.5,32.0,34.7
84.2,346.95,1.3,0.451035,0.0,P,STANDBY,INVALID,2.0,NORMAL,0.0,0.0,1.0,1.0,0.0,0.0,-0.1,-0.0,247.0,92.0,682.624,250.0,32.5,32.0,34.7
84.3,347.17,1.3,0.451321,0.0,P,STANDBY,INVALID,2.0,NORMAL,0.0,0.0,0.0,0.0,0.0,0.0,0.0,0.0,247.0,92.0,682.624,250.0,32.5,32.0,34.7
84.4,346.99,1.3,0.45108700000000007,0.0,P,STANDBY,INVALID,2.0,NORMAL,0.0,0.0,0.0,0.0,0.0,0.0,-0.1,-0.0,247.0,92.0,682.624,250.0,32.5,32.0,34.7
84.5,347.0,1.2000000000000002,0.41640000000000005,0.0,P,STANDBY,INVALID,2.0,NORMAL,0.0,0.0,0.0,0.0,0.0,0.0,0.0,0.0,247.0,92.0,682.624,250.0,32.5,32.0,34.7
84.6,346.97,1.3,0.45106100000000005,0.0,P,STANDBY,INVALID,2.0,NORMAL,0.0,0.0,0.0,0.0,0.0,0.0,0.0,0.0,247.0,92.0,682.624,250.0,32.5,32.0,34.7
84.7,347.03000000000003,1.3,0.45113900000000007,0.0,P,STANDBY,INVALID,2.0,NORMAL,0.0,0.0,0.0,0.0,0.0,0.0,-0.1,-0.0,247.0,92.0,682.624,250.0,32.5,32.0,34.7
84.8,347.07,1.2000000000000002,0.416484,0.0,P,STANDBY,INVALID,2.0,NORMAL,0.0,0.0,0.0,0.0,0.0,0.0,0.0,0.0,247.0,92.0,682.624,250.0,32.5,32.0,34.7
84.9,346.99,1.2000000000000002,0.4163880000000001,0.0,P,STANDBY,INVALID,2.0,NORMAL,0.0,0.0,0.0,0.0,0.0,0.0,0.0,0.0,247.0,92.0,682.624,250.0,32.5,32.0,34.7
85.0,347.12,1.2000000000000002,0.416544,0.0,P,STANDBY,INVALID,2.0,NORMAL,0.0,0.0,0.0,0.0,0.0,0.0,0.0,0.0,247.0,92.0,682.624,250.0,32.5,32.0,34.7
85.1,347.0,1.2000000000000002,0.41640000000000005,0.0,P,STANDBY,INVALID,2.0,NORMAL,0.0,0.0,0.0,0.0,0.0,0.0,0.0,0.0,247.0,92.0,682.624,250.0,32.5,32.0,34.7
85.2,347.13,1.3,0.45126900000000003,0.0,P,STANDBY,INVALID,2.0,NORMAL,0.0,0.0,0.0,0.0,0.0,0.0,0.0,0.0,247.0,92.0,682.624,250.0,32.5,32.0,34.7
85.3,347.06,1.3,0.451178,0.0,P,STANDBY,INVALID,2.0,NORMAL,0.0,0.0,0.0,0.0,0.0,0.0,0.0,0.0,247.0,92.0,682.624,250.0,32.5,32.0,34.7
85.4,347.16,1.1,0.38187600000000005,0.0,P,STANDBY,INVALID,2.0,NORMAL,0.0,0.0,0.0,0.0,0.0,0.0,0.1,0.0,247.0,92.0,682.624,250.0,32.5,32.0,34.7
85.5,347.04,1.2000000000000002,0.4164480000000001,0.0,P,STANDBY,INVALID,2.0,NORMAL,0.0,0.0,0.0,0.0,0.0,0.0,0.0,0.0,247.0,92.0,682.624,250.0,32.5,32.0,34.7
85.6,347.11,1.2000000000000002,0.41653200000000007,0.0,P,STANDBY,INVALID,2.0,NORMAL,0.0,0.0,0.0,0.0,0.0,0.0,-0.1,-0.0,247.0,92.0,682.624,250.0,32.5,32.0,34.7
85.7,347.12,1.2000000000000002,0.416544,0.0,P,STANDBY,INVALID,2.0,NORMAL,0.0,0.0,0.0,0.0,0.0,0.0,0.0,0.0,247.0,92.0,682.624,250.0,32.5,32.0,34.7
85.8,347.21,1.1,0.38193099999999996,0.0,P,STANDBY,INVALID,2.0,NORMAL,0.0,0.0,0.0,0.0,0.0,0.0,0.0,0.0,247.0,92.0,682.624,250.0,32.5,32.0,34.7
85.9,347.05,1.2000000000000002,0.4164600000000001,0.0,P,STANDBY,INVALID,2.0,NORMAL,0.0,0.0,0.0,0.0,0.0,0.0,0.0,0.0,247.0,92.0,682.624,250.0,32.5,32.0,34.7
86.0,347.13,1.2000000000000002,0.41655600000000004,0.0,P,STANDBY,INVALID,2.0,NORMAL,0.0,0.0,0.0,0.0,0.0,0.0,0.0,0.0,247.0,92.0,682.624,250.0,32.5,32.0,34.7
86.1,347.23,1.2000000000000002,0.4166760000000001,0.0,P,STANDBY,INVALID,2.0,NORMAL,0.0,0.0,0.0,0.0,0.0,0.0,0.1,0.0,247.0,92.0,682.624,250.0,32.5,32.0,34.7
86.2,347.09000000000003,1.2000000000000002,0.4165080000000001,0.0,P,STANDBY,INVALID,2.0,NORMAL,0.0,0.0,0.0,0.0,0.0,0.0,0.0,0.0,247.0,92.0,682.624,250.0,32.5,32.0,34.7
86.3,347.14,1.2000000000000002,0.41656800000000005,0.0,P,STANDBY,INVALID,2.0,NORMAL,0.0,0.0,0.0,0.0,0.0,0.0,0.0,0.0,247.0,92.0,682.624,250.0,32.5,32.0,34.7
86.4,347.18,1.2000000000000002,0.41661600000000004,0.0,P,STANDBY,INVALID,2.0,NORMAL,0.0,0.0,0.0,0.0,0.0,0.0,0.0,0.0,247.0,92.0,682.624,250.0,32.5,32.0,34.7
86.5,347.29,1.2000000000000002,0.4167480000000001,0.0,P,STANDBY,INVALID,2.0,NORMAL,0.0,0.0,0.0,0.0,0.0,0.0,0.1,0.0,247.0,92.0,682.624,250.0,32.5,32.0,34.7
86.6,347.05,1.2000000000000002,0.4164600000000001,0.0,P,STANDBY,INVALID,2.0,NORMAL,0.0,0.0,0.0,0.0,0.0,0.0,0.0,0.0,247.0,92.0,682.624,250.0,32.5,32.0,34.7
86.7,347.21,1.2000000000000002,0.416652,0.0,P,STANDBY,INVALID,2.0,NORMAL,0.0,0.0,0.0,0.0,0.0,0.0,0.0,0.0,247.0,92.0,682.624,250.0,32.5,32.0,34.7
86.8,347.11,1.2000000000000002,0.41653200000000007,0.0,P,STANDBY,INVALID,2.0,NORMAL,0.0,0.0,0.0,0.0,0.0,0.0,0.0,0.0,247.0,92.0,682.624,250.0,32.5,32.0,34.7
86.9,347.15000000000003,1.2000000000000002,0.4165800000000001,0.0,P,STANDBY,INVALID,2.0,NORMAL,0.0,0.0,0.0,0.0,0.0,0.0,0.0,0.0,247.0,92.0,682.624,250.0,32.5,32.0,34.7
87.0,347.15000000000003,1.2000000000000002,0.4165800000000001,0.0,P,STANDBY,INVALID,2.0,NORMAL,0.0,0.0,0.0,0.0,0.0,0.0,-0.1,-0.0,247.0,92.0,682.624,250.0,32.5,32.0,34.7
87.1,347.3,1.2000000000000002,0.4167600000000001,0.0,P,STANDBY,INVALID,2.0,NORMAL,0.0,0.0,0.0,0.0,0.0,0.0,0.1,0.0,247.0,92.0,682.624,250.0,32.5,32.0,34.7
87.2,347.19,1.2000000000000002,0.41662800000000005,0.0,P,STANDBY,INVALID,2.0,NORMAL,0.0,0.0,0.0,0.0,0.0,0.0,-0.1,-0.0,247.0,92.0,682.624,250.0,32.5,32.0,34.7
87.3,347.16,1.2000000000000002,0.4165920000000001,0.0,P,STANDBY,INVALID,2.0,NORMAL,0.0,0.0,0.0,0.0,0.0,0.0,0.0,0.0,247.0,92.0,682.624,250.0,32.5,32.0,34.7
87.4,347.2,1.1,0.38192000000000004,0.0,P,STANDBY,INVALID,2.0,NORMAL,0.0,0.0,0.0,0.0,0.0,0.0,0.0,0.0,247.0,92.0,682.624,250.0,32.5,32.0,34.7
87.5,347.05,1.2000000000000002,0.4164600000000001,0.0,P,STANDBY,INVALID,2.0,NORMAL,0.0,0.0,0.0,0.0,0.0,0.0,0.1,0.0,247.0,92.0,682.624,250.0,32.5,32.0,34.7
87.6,347.23,1.2000000000000002,0.4166760000000001,0.0,P,STANDBY,INVALID,2.0,NORMAL,0.0,0.0,0.0,0.0,0.0,0.0,0.0,0.0,247.0,92.0,682.624,250.0,32.5,32.0,34.7
87.7,347.23,1.2000000000000002,0.4166760000000001,0.0,P,STANDBY,INVALID,2.0,NORMAL,0.0,0.0,0.0,0.0,0.0,0.0,0.0,0.0,247.0,92.0,682.624,250.0,32.5,32.0,34.7
87.8,347.17,1.2000000000000002,0.4166040000000001,0.0,P,STANDBY,INVALID,2.0,NORMAL,0.0,0.0,0.0,0.0,0.0,0.0,0.0,0.0,247.0,92.0,682.624,250.0,32.5,32.0,34.7
87.9,347.21,1.2000000000000002,0.416652,0.0,P,STANDBY,INVALID,2.0,NORMAL,0.0,0.0,0.0,0.0,0.0,0.0,0.0,0.0,247.0,92.0,682.624,250.0,32.5,32.0,34.7
88.0,347.18,1.2000000000000002,0.41661600000000004,0.0,P,STANDBY,INVALID,2.0,NORMAL,0.0,0.0,0.0,0.0,0.0,0.0,0.0,0.0,247.0,92.0,682.624,250.0,32.5,32.0,34.7
88.1,347.17,1.2000000000000002,0.4166040000000001,0.0,P,STANDBY,INVALID,2.0,NORMAL,0.0,0.0,0.0,0.0,0.0,0.0,0.0,0.0,247.0,92.0,682.624,250.0,32.5,32.0,34.7
88.2,347.12,1.2000000000000002,0.416544,0.0,P,STANDBY,INVALID,2.0,NORMAL,0.0,0.0,0.0,0.0,0.0,0.0,0.1,0.0,247.0,92.0,682.624,250.0,32.5,32.0,34.7
88.3,347.15000000000003,1.2000000000000002,0.4165800000000001,0.0,P,STANDBY,INVALID,2.0,NORMAL,0.0,0.0,0.0,0.0,0.0,0.0,0.1,0.0,247.0,92.0,682.624,250.0,32.5,32.0,34.7
88.4,347.14,1.2000000000000002,0.41656800000000005,0.0,P,STANDBY,INVALID,2.0,NORMAL,0.0,0.0,0.0,0.0,0.0,0.0,0.1,0.0,247.0,92.0,682.624,250.0,32.5,32.0,34.7
88.5,347.28000000000003,1.2000000000000002,0.4167360000000001,0.0,P,STANDBY,INVALID,2.0,NORMAL,0.0,0.0,0.0,0.0,0.0,0.0,0.2,0.0,247.0,92.0,682.624,250.0,32.5,32.0,34.7
88.6,347.23,1.2000000000000002,0.4166760000000001,0.0,P,STANDBY,INVALID,2.0,NORMAL,0.0,0.0,0.0,0.0,0.0,0.0,0.0,0.0,247.0,92.0,682.624,250.0,32.5,32.0,34.7
88.7,347.22,1.2000000000000002,0.4166640000000001,0.0,P,STANDBY,INVALID,2.0,NORMAL,0.0,0.0,0.0,0.0,0.0,0.0,0.0,0.0,247.0,92.0,682.624,250.0,32.5,32.0,34.7
88.8,347.28000000000003,1.2000000000000002,0.4167360000000001,0.0,P,STANDBY,INVALID,2.0,NORMAL,0.0,0.0,0.0,0.0,0.0,0.0,0.0,0.0,247.0,92.0,682.624,250.0,32.5,32.0,34.7
88.9,347.21,1.2000000000000002,0.416652,0.0,P,STANDBY,INVALID,2.0,NORMAL,0.0,0.0,0.0,0.0,0.0,0.0,-0.1,-0.0,247.0,92.0,682.624,250.0,32.5,32.0,34.7
89.0,347.27,1.2000000000000002,0.41672400000000004,0.0,P,STANDBY,INVALID,2.0,NORMAL,0.0,0.0,0.0,0.0,0.0,0.0,0.0,0.0,247.0,92.0,682.624,250.0,32.5,32.0,34.7
89.1,347.22,1.2000000000000002,0.4166640000000001,0.0,P,STANDBY,INVALID,2.0,NORMAL,0.0,0.0,0.0,0.0,0.0,0.0,0.1,0.0,247.0,92.0,682.624,250.0,32.5,32.0,34.7
89.2,347.08,1.2000000000000002,0.41649600000000003,0.0,P,STANDBY,INVALID,2.0,NORMAL,0.0,0.0,0.0,0.0,0.0,0.0,0.0,0.0,247.0,92.0,682.624,250.0,32.5,32.0,34.7
89.3,347.24,1.2000000000000002,0.41668800000000006,0.0,P,STANDBY,INVALID,2.0,NORMAL,0.0,0.0,0.0,0.0,0.0,0.0,0.0,0.0,247.0,92.0,682.624,250.0,32.5,32.0,34.7
89.4,347.1,1.2000000000000002,0.4165200000000001,0.0,P,STANDBY,INVALID,2.0,NORMAL,0.0,0.0,0.0,0.0,0.0,0.0,0.0,0.0,247.0,92.0,682.624,250.0,32.5,32.0,34.7
89.5,347.26,1.2000000000000002,0.416712,0.0,P,STANDBY,INVALID,2.0,NORMAL,0.0,0.0,0.0,0.0,0.0,0.0,-0.1,-0.0,247.0,92.0,682.624,250.0,32.5,32.0,34.7
89.6,347.22,1.2000000000000002,0.4166640000000001,0.0,P,STANDBY,INVALID,2.0,NORMAL,0.0,0.0,0.0,0.0,0.0,0.0,0.1,0.0,247.0,92.0,682.624,250.0,32.5,32.0,34.7
89.7,347.34000000000003,1.2000000000000002,0.4168080000000001,0.0,P,STANDBY,INVALID,2.0,NORMAL,0.0,0.0,0.0,0.0,0.0,0.0,0.0,0.0,247.0,92.0,682.624,250.0,32.5,32.0,34.7
89.8,347.22,1.2000000000000002,0.4166640000000001,0.0,P,STANDBY,INVALID,2.0,NORMAL,0.0,0.0,0.0,0.0,0.0,0.0,0.0,0.0,247.0,92.0,682.624,250.0,32.5,32.0,34.7
89.9,347.35,1.2000000000000002,0.4168200000000001,0.0,P,STANDBY,INVALID,2.0,NORMAL,0.0,0.0,0.0,0.0,0.0,0.0,0.1,0.0,247.0,92.0,682.624,250.0,32.5,32.0,34.7
90.0,347.19,1.1,0.38190900000000005,0.0,P,STANDBY,INVALID,2.0,NORMAL,0.0,0.0,0.0,0.0,0.0,0.0,0.0,0.0,247.0,92.0,682.624,250.0,32.5,32.0,34.7
90.1,347.19,1.2000000000000002,0.41662800000000005,0.0,P,STANDBY,INVALID,2.0,NORMAL,0.0,0.0,0.0,0.0,0.0,0.0,0.0,0.0,247.0,92.0,682.624,250.0,32.5,32.0,34.7
90.2,347.37,1.2000000000000002,0.41684400000000005,0.0,P,STANDBY,INVALID,2.0,NORMAL,0.0,0.0,0.0,0.0,0.0,0.0,0.1,0.0,247.0,92.0,682.624,250.0,32.5,32.0,34.7
90.3,347.3,1.2000000000000002,0.4167600000000001,0.0,P,STANDBY,INVALID,2.0,NORMAL,0.0,0.0,0.0,0.0,0.0,0.0,0.1,0.0,247.0,92.0,682.624,250.0,32.5,32.0,34.7
90.4,347.33,1.2000000000000002,0.41679600000000006,0.0,P,STANDBY,INVALID,2.0,NORMAL,0.0,0.0,0.0,0.0,0.0,0.0,0.0,0.0,247.0,92.0,682.624,250.0,32.5,32.0,34.7
90.5,347.47,1.2000000000000002,0.4169640000000001,0.0,P,STANDBY,INVALID,2.0,NORMAL,0.0,0.0,0.0,0.0,0.0,0.0,0.0,0.0,247.0,92.0,682.624,250.0,32.5,32.0,34.7
90.6,347.31,1.2000000000000002,0.41677200000000003,0.0,P,STANDBY,INVALID,2.0,NORMAL,0.0,0.0,0.0,0.0,0.0,0.0,0.1,0.0,247.0,92.0,682.624,250.0,32.5,32.0,34.7
90.7,347.36,1.3,0.451568,0.0,P,STANDBY,INVALID,2.0,NORMAL,0.0,0.0,0.0,0.0,0.0,0.0,0.0,0.0,247.0,92.0,682.624,250.0,32.5,32.0,34.7
90.8,347.3,1.2000000000000002,0.4167600000000001,0.0,P,STANDBY,INVALID,2.0,NORMAL,0.0,0.0,0.0,0.0,0.0,0.0,0.1,0.0,247.0,92.0,682.624,250.0,32.5,32.0,34.7
90.9,347.39,1.2000000000000002,0.41686800000000007,0.0,P,STANDBY,INVALID,2.0,NORMAL,0.0,0.0,0.0,0.0,0.0,0.0,0.0,0.0,247.0,92.0,682.624,250.0,32.5,32.0,34.7
91.0,347.43,1.2000000000000002,0.41691600000000006,0.0,P,STANDBY,INVALID,2.0,NORMAL,0.0,0.0,0.0,0.0,0.0,0.0,0.1,0.0,247.0,92.0,682.624,250.0,32.5,32.0,34.7
91.1,347.33,1.3,0.451529,0.0,P,STANDBY,INVALID,2.0,NORMAL,0.0,0.0,0.0,0.0,0.0,0.0,0.0,0.0,247.0,92.0,682.624,250.0,32.5,32.0,34.7
91.2,347.27,1.2000000000000002,0.41672400000000004,0.0,P,STANDBY,INVALID,2.0,NORMAL,0.0,0.0,0.0,0.0,0.0,0.0,-0.1,-0.0,247.0,92.0,682.624,250.0,32.5,32.0,34.7
91.3,347.2,1.2000000000000002,0.41664000000000007,0.0,P,STANDBY,INVALID,2.0,NORMAL,0.0,0.0,0.0,0.0,0.0,0.0,0.0,0.0,247.0,92.0,682.624,250.0,32.5,32.0,34.7
91.4,347.23,1.2000000000000002,0.4166760000000001,0.0,P,STANDBY,INVALID,2.0,NORMAL,0.0,0.0,0.0,0.0,0.0,0.0,0.0,0.0,247.0,92.0,682.624,250.0,32.5,32.0,34.7
91.5,347.38,1.2000000000000002,0.41685600000000006,0.0,P,STANDBY,INVALID,2.0,NORMAL,0.0,0.0,0.0,0.0,0.0,0.0,0.1,0.0,247.0,92.0,682.624,250.0,32.5,32.0,34.7
91.6,347.41,1.2000000000000002,0.4168920000000001,0.0,P,STANDBY,INVALID,2.0,NORMAL,0.0,0.0,0.0,0.0,0.0,0.0,0.0,0.0,247.0,92.0,682.624,250.0,32.5,32.0,34.7
91.7,347.31,1.2000000000000002,0.41677200000000003,0.0,P,STANDBY,INVALID,2.0,NORMAL,0.0,0.0,0.0,0.0,0.0,0.0,0.0,0.0,247.0,92.0,682.624,250.0,32.5,32.0,34.7
91.8,347.2,1.2000000000000002,0.41664000000000007,0.0,P,STANDBY,INVALID,2.0,NORMAL,0.0,0.0,0.0,0.0,0.0,0.0,-0.1,-0.0,247.0,92.0,682.624,250.0,32.5,32.0,34.7
91.9,347.34000000000003,1.2000000000000002,0.4168080000000001,0.0,P,STANDBY,INVALID,2.0,NORMAL,0.0,0.0,0.0,0.0,0.0,0.0,0.0,0.0,247.0,92.0,682.624,250.0,32.5,32.0,34.7
92.0,347.22,1.3,0.451386,0.0,P,STANDBY,INVALID,2.0,NORMAL,0.0,0.0,0.0,0.0,0.0,0.0,0.0,0.0,247.0,92.0,682.624,250.0,32.5,32.0,34.7
92.1,347.17,1.2000000000000002,0.4166040000000001,0.0,P,STANDBY,INVALID,2.0,NORMAL,0.0,0.0,0.0,0.0,0.0,0.0,-0.1,-0.0,247.0,92.0,682.624,250.0,32.5,32.0,34.7
92.2,347.34000000000003,1.2000000000000002,0.4168080000000001,0.0,P,STANDBY,INVALID,2.0,NORMAL,0.0,0.0,0.0,0.0,0.0,0.0,0.1,0.0,247.0,92.0,682.624,250.0,32.5,32.0,34.7
92.3,347.32,1.3,0.45151600000000003,0.0,P,STANDBY,INVALID,2.0,NORMAL,0.0,0.0,0.0,0.0,0.0,0.0,0.0,0.0,247.0,92.0,682.624,250.0,32.5,32.0,34.7
92.4,347.35,1.2000000000000002,0.4168200000000001,0.0,P,STANDBY,INVALID,2.0,NORMAL,0.0,0.0,0.0,0.0,0.0,0.0,-0.1,-0.0,247.0,92.0,682.624,250.0,32.5,32.0,34.7
92.5,347.31,1.2000000000000002,0.41677200000000003,0.0,P,STANDBY,INVALID,2.0,NORMAL,0.0,0.0,0.0,0.0,0.0,0.0,0.1,0.0,247.0,92.0,682.624,250.0,32.5,32.0,34.7
92.6,347.25,1.2000000000000002,0.41670000000000007,0.0,P,STANDBY,INVALID,2.0,NORMAL,0.0,0.0,0.0,0.0,0.0,0.0,0.0,0.0,247.0,92.0,682.624,250.0,32.5,32.0,34.7
92.7,347.24,1.2000000000000002,0.41668800000000006,0.0,P,STANDBY,INVALID,2.0,NORMAL,0.0,0.0,0.0,0.0,0.0,0.0,0.1,0.0,247.0,92.0,682.624,250.0,32.5,32.0,34.7
92.8,347.32,1.1,0.382052,0.0,P,STANDBY,INVALID,2.0,NORMAL,0.0,0.0,0.0,0.0,0.0,0.0,-0.1,-0.0,247.0,92.0,682.624,250.0,32.5,32.0,34.7
92.9,347.19,1.2000000000000002,0.41662800000000005,0.0,P,STANDBY,INVALID,2.0,NORMAL,0.0,0.0,0.0,0.0,0.0,0.0,0.0,0.0,247.0,92.0,682.624,250.0,32.5,32.0,34.7
93.0,347.27,1.2000000000000002,0.41672400000000004,0.0,P,STANDBY,INVALID,2.0,NORMAL,0.0,0.0,0.0,0.0,0.0,0.0,0.0,0.0,247.0,92.0,682.624,250.0,32.5,32.0,34.7
93.1,347.21,1.3,0.45137299999999997,0.0,P,STANDBY,INVALID,2.0,NORMAL,0.0,0.0,0.0,0.0,0.0,0.0,0.0,0.0,247.0,92.0,682.624,250.0,32.5,32.0,34.7
93.2,347.37,1.2000000000000002,0.41684400000000005,0.0,P,STANDBY,INVALID,2.0,NORMAL,0.0,0.0,0.0,0.0,0.0,0.0,0.0,0.0,247.0,92.0,682.624,250.0,32.5,32.0,34.7
93.3,347.31,1.2000000000000002,0.41677200000000003,0.0,P,STANDBY,INVALID,2.0,NORMAL,0.0,0.0,0.0,0.0,0.0,0.0,0.0,0.0,247.0,92.0,682.624,250.0,32.5,32.0,34.7
93.4,347.22,1.2000000000000002,0.4166640000000001,0.0,P,STANDBY,INVALID,2.0,NORMAL,0.0,0.0,0.0,0.0,0.0,0.0,0.1,0.0,247.0,92.0,682.624,250.0,32.5,32.0,34.7
93.5,347.39,1.2000000000000002,0.41686800000000007,0.0,P,STANDBY,INVALID,2.0,NORMAL,0.0,0.0,0.0,0.0,0.0,0.0,0.0,0.0,247.0,92.0,682.624,250.0,32.5,32.0,34.7
93.6,347.36,1.2000000000000002,0.41683200000000004,0.0,P,STANDBY,INVALID,2.0,NORMAL,0.0,0.0,0.0,0.0,0.0,0.0,-0.1,-0.0,247.0,92.0,682.624,250.0,32.5,32.0,34.7
93.7,347.32,1.2000000000000002,0.41678400000000004,0.0,P,STANDBY,INVALID,2.0,NORMAL,0.0,0.0,0.0,0.0,0.0,0.0,0.0,0.0,247.0,92.0,682.624,250.0,32.5,32.0,34.7
93.8,347.23,1.2000000000000002,0.4166760000000001,0.0,P,STANDBY,INVALID,2.0,NORMAL,0.0,0.0,0.0,0.0,0.0,0.0,-0.1,-0.0,247.0,92.0,682.624,250.0,32.5,32.0,34.7
93.9,347.32,1.2000000000000002,0.41678400000000004,0.0,P,STANDBY,INVALID,2.0,NORMAL,0.0,0.0,0.0,0.0,0.0,0.0,0.0,0.0,247.0,92.0,682.624,250.0,32.5,32.0,34.7
94.0,347.36,1.2000000000000002,0.41683200000000004,0.0,P,STANDBY,INVALID,2.0,NORMAL,0.0,0.0,0.0,0.0,0.0,0.0,0.0,0.0,247.0,92.0,682.624,250.0,32.5,32.0,34.7
94.1,347.26,1.3,0.451438,0.0,P,STANDBY,INVALID,2.0,NORMAL,0.0,0.0,1.0,1.0,0.0,0.0,0.0,0.0,247.0,92.0,682.624,250.0,32.5,32.0,34.7
94.2,347.43,1.4000000000000001,0.48640200000000006,0.0,P,STANDBY,INVALID,2.0,NORMAL,0.0,0.0,1.0,1.0,0.0,0.0,0.1,0.0,247.0,92.0,682.624,250.0,32.5,32.0,34.7
94.3,347.25,1.4000000000000001,0.48615,0.0,P,STANDBY,INVALID,2.0,NORMAL,0.0,0.0,1.0,1.0,0.0,0.0,0.0,0.0,247.0,92.0,682.624,250.0,32.5,32.0,34.7
94.4,347.34000000000003,1.4000000000000001,0.48627600000000004,0.0,P,STANDBY,INVALID,2.0,NORMAL,0.0,0.0,1.0,1.0,0.0,0.0,0.0,0.0,247.0,92.0,682.624,250.0,32.5,32.0,34.7
94.5,347.21,1.3,0.45137299999999997,0.0,P,STANDBY,INVALID,2.0,NORMAL,0.0,0.0,1.0,1.0,0.0,0.0,0.0,0.0,247.0,92.0,682.624,250.0,32.5,32.0,34.7
94.6,347.31,1.5,0.520965,0.0,D,ENABLE,INVALID,2.0,NORMAL,0.0,0.0,1.0,1.0,0.0,0.0,0.0,0.0,247.0,92.0,682.624,250.0,32.5,32.0,34.7
94.7,347.17,1.9000000000000001,0.6596230000000001,0.0,D,ENABLE,INVALID,2.0,NORMAL,0.0,0.0,1.0,1.0,0.0,0.0,0.1,0.0,247.0,92.0,682.624,250.0,32.5,32.0,34.7
94.8,347.35,1.6,0.5557600000000001,0.0,D,ENABLE,INVALID,2.0,NORMAL,0.0,0.0,1.0,1.0,0.0,0.0,0.0,0.0,247.0,92.0,682.624,250.0,32.5,32.0,34.7
94.9,347.21,1.6,0.5555359999999999,0.0,D,ENABLE,INVALID,2.0,NORMAL,0.0,0.0,1.0,1.0,0.0,0.0,0.0,0.0,247.0,92.0,682.624,250.0,32.5,32.0,34.7
95.0,347.35,1.4000000000000001,0.48629000000000006,0.0,D,ENABLE,INVALID,2.0,NORMAL,0.0,0.0,1.0,1.0,0.0,0.0,0.0,0.0,247.0,92.0,682.624,250.0,32.5,32.0,34.7
95.1,347.45,1.4000000000000001,0.48643000000000003,0.0,D,ENABLE,INVALID,2.0,NORMAL,0.0,0.0,1.0,1.0,0.0,0.0,0.1,0.0,247.0,92.0,682.624,250.0,32.5,32.0,34.7
95.2,347.40000000000003,1.4000000000000001,0.48636000000000007,0.0,D,ENABLE,INVALID,2.0,NORMAL,0.0,0.0,1.0,1.0,0.0,0.0,0.0,0.0,247.0,92.0,682.624,250.0,32.5,32.0,34.7
95.3,347.23,1.4000000000000001,0.48612200000000005,0.0,D,ENABLE,INVALID,2.0,NORMAL,0.0,0.0,1.0,1.0,0.0,0.0,0.0,0.0,247.0,92.0,682.624,250.0,32.5,32.0,34.7
95.4,347.29,1.4000000000000001,0.4862060000000001,0.0,D,ENABLE,INVALID,2.0,NORMAL,0.0,0.0,1.0,1.0,0.0,0.0,0.0,0.0,247.0,92.0,682.624,250.0,32.5,32.0,34.7
95.5,347.25,1.5,0.520875,0.0,D,ENABLE,INVALID,2.0,NORMAL,0.0,0.0,1.0,1.0,0.0,0.0,0.1,0.0,247.0,92.0,682.624,250.0,32.5,32.0,34.7
95.6,347.49,1.4000000000000001,0.48648600000000003,0.0,D,ENABLE,INVALID,2.0,NORMAL,0.0,0.0,1.0,1.0,0.0,0.0,0.1,0.0,247.0,92.0,682.624,250.0,32.5,32.0,34.7
95.7,347.23,1.4000000000000001,0.48612200000000005,0.0,D,ENABLE,INVALID,2.0,NORMAL,0.0,0.0,1.0,1.0,0.0,0.0,0.0,0.0,247.0,92.0,682.624,250.0,32.5,32.0,34.7
95.8,347.37,1.3,0.451581,0.0,D,ENABLE,INVALID,2.0,NORMAL,0.0,0.0,1.0,1.0,0.0,0.0,0.1,0.0,247.0,92.0,682.624,250.0,32.5,32.0,34.7
95.9,347.25,1.3,0.451425,0.0,D,ENABLE,INVALID,2.0,NORMAL,0.0,0.0,1.0,1.0,0.0,0.0,0.0,0.0,247.0,92.0,682.624,250.0,32.5,32.0,34.7
96.0,347.26,1.3,0.451438,0.0,D,ENABLE,INVALID,2.0,NORMAL,0.0,0.0,1.0,1.0,0.0,0.0,0.0,0.0,247.0,92.0,682.624,250.0,32.5,32.0,34.7
96.1,347.24,1.3,0.45141200000000004,0.0,D,ENABLE,INVALID,2.0,NORMAL,0.0,0.0,1.0,1.0,0.0,0.0,0.0,0.0,247.0,92.0,682.624,250.0,32.5,32.0,34.7
96.2,347.17,1.3,0.451321,0.0,D,ENABLE,INVALID,2.0,NORMAL,0.0,0.0,1.0,1.0,0.0,0.0,0.0,0.0,247.0,92.0,682.624,250.0,32.5,32.0,34.7
96.3,347.41,1.3,0.45163300000000006,0.0,D,ENABLE,INVALID,2.0,NORMAL,0.0,0.0,1.0,1.0,0.0,0.0,0.0,0.0,247.0,92.0,682.624,250.0,32.5,32.0,34.7
96.4,347.21,1.3,0.45137299999999997,0.0,D,ENABLE,INVALID,2.0,NORMAL,0.0,0.0,1.0,1.0,0.0,0.0,0.0,0.0,247.0,92.0,682.624,250.0,32.5,32.0,34.7
96.5,347.3,1.3,0.45149,0.0,D,ENABLE,INVALID,2.0,NORMAL,0.0,0.0,1.0,1.0,0.0,0.0,0.0,0.0,247.0,92.0,682.624,250.0,32.5,32.0,34.7
96.6,347.2,1.3,0.45136000000000004,0.0,D,ENABLE,INVALID,2.0,NORMAL,0.0,0.0,1.0,1.0,0.0,0.0,-0.1,-0.0,247.0,92.0,682.624,250.0,32.5,32.0,34.7
96.7,347.33,1.3,0.451529,0.0,D,ENABLE,INVALID,2.0,NORMAL,0.0,0.0,1.0,1.0,0.0,0.0,-0.1,-0.0,247.0,92.0,682.624,250.0,32.5,32.0,34.7
96.8,347.38,1.3,0.451594,0.0,D,ENABLE,INVALID,2.0,NORMAL,0.0,0.0,1.0,1.0,0.0,0.0,-0.1,-0.0,247.0,92.0,682.624,250.0,32.5,32.0,34.7
96.9,347.64,1.3,0.451932,0.0,D,ENABLE,INVALID,2.0,NORMAL,0.0,0.0,1.0,1.0,0.0,0.0,0.0,0.0,247.0,92.0,682.624,250.0,32.5,32.0,34.7
97.0,347.46,1.3,0.451698,0.0,D,ENABLE,INVALID,2.0,NORMAL,0.0,0.0,1.0,1.0,0.0,0.0,0.0,0.0,247.0,92.0,682.624,250.0,32.5,32.0,34.7
97.1,347.27,1.3,0.451451,0.0,D,ENABLE,INVALID,2.0,NORMAL,0.0,0.0,1.0,1.0,0.0,0.0,0.0,0.0,247.0,92.0,682.624,250.0,32.5,32.0,34.7
97.2,347.33,1.4000000000000001,0.486262,0.0,D,ENABLE,INVALID,2.0,NORMAL,0.0,0.0,1.0,1.0,0.0,0.0,0.1,0.0,247.0,92.0,682.624,250.0,32.5,32.0,34.7
97.3,347.22,1.4000000000000001,0.48610800000000004,0.0,D,ENABLE,INVALID,2.0,NORMAL,0.0,0.0,1.0,1.0,0.0,0.0,0.1,0.0,247.0,92.0,682.624,250.0,32.5,32.0,34.7
97.4,347.43,1.3,0.45165900000000003,0.0,D,ENABLE,INVALID,2.0,NORMAL,0.0,0.0,1.0,1.0,0.0,0.0,-0.1,-0.0,247.0,92.0,682.624,250.0,32.5,32.0,34.7
97.5,347.27,1.3,0.451451,0.0,D,ENABLE,INVALID,2.0,NORMAL,0.0,0.0,0.0,0.0,0.0,0.0,0.0,0.0,247.0,92.0,682.624,250.0,32.5,32.0,34.7
97.6,347.26,1.3,0.451438,0.0,D,ENABLE,INVALID,2.0,NORMAL,0.0,0.0,0.0,0.0,6.0,8.0,0.1,8.377580409572782e-05,247.0,92.0,682.624,250.0,32.5,32.0,34.7
97.7,347.40000000000003,1.4000000000000001,0.48636000000000007,0.0,D,ENABLE,INVALID,2.0,NORMAL,0.0,0.480000000000004,0.0,0.0,52.0,28.0,3.7,0.010848966630396754,247.0,92.0,682.624,250.0,32.5,32.0,34.7
97.8,347.29,1.7000000000000002,0.5903930000000002,0.0,D,ENABLE,INVALID,2.0,NORMAL,0.0,0.1600000000000037,0.0,0.0,118.0,172.0,1.4000000000000001,0.025216517032814075,247.0,92.0,682.624,250.0,32.5,32.0,34.7
97.9,347.2,1.8,0.6249600000000001,0.0,D,ENABLE,INVALID,2.0,NORMAL,0.0,0.240000000000002,0.0,0.0,194.0,210.0,1.4000000000000001,0.030787608005179976,247.0,92.0,682.624,250.0,32.5,32.0,34.7
98.0,347.25,2.2,0.76395,0.0,D,ENABLE,INVALID,2.0,NORMAL,0.5,0.3999999999999986,0.0,0.0,274.0,276.0,3.4000000000000004,0.09826901820428874,247.0,92.0,682.624,250.0,32.5,32.0,34.7
98.1,347.19,2.5,0.867975,0.0,D,ENABLE,INVALID,2.0,NORMAL,0.5,0.5600000000000023,0.0,0.0,342.0,368.0,4.3,0.16570854050134962,247.0,92.0,682.624,250.0,32.5,32.0,34.7
98.2,347.18,2.5,0.86795,0.0,D,ENABLE,INVALID,2.0,NORMAL,0.5,0.6400000000000006,0.0,0.0,372.0,390.0,4.800000000000001,0.19603538158400313,247.0,92.0,682.624,250.0,32.5,32.0,34.7
98.3,347.19,2.8000000000000003,0.9721320000000001,0.0,D,ENABLE,INVALID,2.0,NORMAL,0.5,0.8000000000000043,0.0,0.0,382.0,388.0,6.300000000000001,0.2559769694144964,247.0,92.0,682.624,250.0,32.5,32.0,34.7
98.4,347.22,3.0,1.04166,0.0,D,ENABLE,INVALID,2.0,NORMAL,0.5,0.9600000000000009,0.0,0.0,380.0,378.0,7.6000000000000005,0.3008389125077586,247.0,92.0,682.624,250.0,32.5,32.0,34.7
98.5,347.12,3.2,1.1107840000000002,0.0,D,ENABLE,INVALID,2.0,NORMAL,0.5,1.1199999999999974,1.0,1.0,374.0,392.0,8.9,0.36534628166146904,247.0,92.0,682.624,250.0,32.5,32.0,34.7
98.6,347.05,3.5,1.214675,0.0,D,ENABLE,INVALID,2.0,NORMAL,0.5,1.1199999999999974,1.0,1.0,368.0,400.0,9.200000000000001,0.38536869884034797,247.0,92.0,682.624,250.0,32.5,32.0,34.7
98.7,347.04,3.2,1.110528,0.0,D,ENABLE,INVALID,2.0,NORMAL,0.5,0.9600000000000009,1.0,1.0,364.0,426.0,8.1,0.361345987015898,247.0,92.0,682.624,250.0,32.5,32.0,34.7
98.8,347.24,2.9000000000000004,1.006996,0.0,D,ENABLE,INVALID,2.0,NORMAL,0.5,0.8000000000000043,1.0,1.0,344.0,412.0,6.7,0.2890684120323088,247.0,92.0,682.624,250.0,32.5,32.0,34.7
98.9,347.15000000000003,2.6,0.9025900000000001,0.0,D,ENABLE,INVALID,2.0,NORMAL,0.5,0.6400000000000006,1.0,1.0,312.0,378.0,5.2,0.20583715066320327,247.0,92.0,682.624,250.0,32.5,32.0,34.7
99.0,347.23,2.4000000000000004,0.8333520000000002,0.0,D,ENABLE,INVALID,2.0,NORMAL,0.5,0.5600000000000023,1.0,1.0,274.0,334.0,4.0,0.13990559283986545,247.0,92.0,682.624,250.0,32.5,32.0,34.7
99.1,347.27,2.1,0.7292669999999999,0.0,D,ENABLE,INVALID,2.0,NORMAL,0.0,0.3200000000000003,1.0,1.0,232.0,280.0,3.2,0.09382890058721516,247.0,92.0,682.624,250.0,32.5,32.0,34.7
99.2,347.19,1.8,0.624942,0.0,D,ENABLE,INVALID,2.0,NORMAL,0.0,0.240000000000002,1.0,1.0,192.0,250.0,1.7000000000000002,0.04450589592585541,247.0,92.0,682.624,250.0,32.5,32.0,34.7
99.3,347.17,1.6,0.5554720000000001,0.0,D,ENABLE,INVALID,2.0,NORMAL,0.0,0.0,1.0,1.0,150.0,216.0,0.0,0.0,247.0,92.0,682.624,250.0,32.5,32.0,34.7
99.4,347.15000000000003,1.5,0.520725,0.0,D,ENABLE,INVALID,2.0,NORMAL,0.0,-0.0799999999999983,1.0,1.0,106.0,154.0,-0.5,-0.008063421144213802,247.0,92.0,682.624,250.0,32.5,32.0,34.7
99.5,347.28000000000003,1.5,0.52092,0.0,D,ENABLE,INVALID,2.0,NORMAL,0.0,-0.1599999999999966,1.0,1.0,62.0,104.0,-1.5,-0.016336281798666925,247.0,92.0,682.624,250.0,32.5,32.0,34.7
99.6,347.26,1.5,0.52089,0.0,D,ENABLE,INVALID,2.0,NORMAL,0.0,0.0,1.0,1.0,62.0,64.0,-0.1,-0.0006702064327658225,247.0,92.0,682.624,250.0,32.5,32.0,34.7
99.7,347.2,1.5,0.5207999999999999,0.0,D,ENABLE,INVALID,2.0,NORMAL,0.0,0.0799999999999983,1.0,1.0,110.0,90.0,0.4,0.0037699111843077517,247.0,92.0,682.624,250.0,32.5,32.0,34.7
99.8,347.36,1.7000000000000002,0.590512,0.0,D,ENABLE,INVALID,2.0,NORMAL,0.0,0.1600000000000037,1.0,1.0,178.0,152.0,1.6,0.025467844445101258,247.0,92.0,682.624,250.0,32.5,32.0,34.7
99.9,347.32,2.0,0.69464,0.0,D,ENABLE,INVALID,2.0,NORMAL,0.0,0.240000000000002,0.0,0.0,256.0,260.0,1.5,0.04084070449666731,247.0,92.0,682.624,250.0,32.5,32.0,34.7
100.0,347.28000000000003,2.2,0.764016,0.0,D,ENABLE,INVALID,2.0,NORMAL,0.5,0.3200000000000003,0.0,0.0,332.0,330.0,2.6,0.08984954989266809,247.0,92.0,682.624,250.0,32.5,32.0,34.7
100.1,347.22,2.3000000000000003,0.7986060000000001,0.0,D,ENABLE,INVALID,2.0,NORMAL,0.5,0.480000000000004,0.0,0.0,372.0,376.0,3.7,0.14568612332247066,247.0,92.0,682.624,250.0,32.5,32.0,34.7
100.2,347.11,2.6,0.9024860000000001,0.0,D,ENABLE,INVALID,2.0,NORMAL,0.5,0.6400000000000006,0.0,0.0,388.0,394.0,4.7,0.19392004253058598,247.0,92.0,682.624,250.0,32.5,32.0,34.7
100.3,347.26,2.8000000000000003,0.9723280000000001,0.0,D,ENABLE,INVALID,2.0,NORMAL,0.5,0.8000000000000043,0.0,0.0,388.0,396.0,6.300000000000001,0.2612548450725272,247.0,92.0,682.624,250.0,32.5,32.0,34.7
100.4,346.97,2.9000000000000004,1.0062130000000002,0.0,D,ENABLE,INVALID,2.0,NORMAL,0.5,0.9600000000000009,0.0,0.0,384.0,390.0,7.2,0.29405307237600464,247.0,92.0,682.624,250.0,32.5,32.0,34.7
100.5,347.05,2.9000000000000004,1.0064450000000003,0.0,D,ENABLE,INVALID,2.0,NORMAL,0.5,1.1199999999999974,0.0,0.0,376.0,378.0,9.1,0.36021501366060565,247.0,92.0,682.624,250.0,32.5,32.0,34.7
100.6,347.19,3.1,1.076289,0.0,D,ENABLE,INVALID,2.0,NORMAL,0.5,1.3599999999999994,0.0,0.0,366.0,366.0,10.700000000000001,0.4101035049996116,247.0,92.0,682.624,250.0,32.5,32.0,34.7
100.7,347.16,3.2,1.1109120000000001,0.0,D,ENABLE,INVALID,2.0,NORMAL,1.0,1.5200000000000031,0.0,0.0,358.0,366.0,12.100000000000001,0.46376190752292534,247.0,92.0,682.624,250.0,32.5,32.0,34.7
100.8,347.21,3.7,1.2846769999999998,0.0,D,ENABLE,INVALID,2.0,NORMAL,0.5,1.6799999999999997,0.0,0.0,348.0,370.0,13.200000000000001,0.5114512840044183,247.0,92.0,682.624,250.0,32.5,32.0,34.7
100.9,347.1,3.9000000000000004,1.3536900000000003,0.0,D,ENABLE,INVALID,2.0,NORMAL,0.5,1.8400000000000034,0.0,0.0,340.0,360.0,14.5,0.546637121724624,247.0,92.0,682.624,250.0,32.5,32.0,34.7
101.0,347.05,3.5,1.214675,0.0,D,ENABLE,INVALID,2.0,NORMAL,1.0,2.0,0.0,0.0,330.0,340.0,15.9,0.5661149961768808,247.0,92.0,682.624,250.0,32.5,32.0,34.7
101.1,347.14,4.1000000000000005,1.4232740000000002,0.0,D,ENABLE,INVALID,2.0,NORMAL,1.0,2.0799999999999983,0.0,0.0,320.0,342.0,17.1,0.6124220718907943,247.0,92.0,682.624,250.0,32.5,32.0,34.7
101.2,347.07,4.0,1.38828,0.0,D,ENABLE,INVALID,2.0,NORMAL,1.0,2.240000000000002,0.0,0.0,312.0,330.0,18.900000000000002,0.6531371126813181,247.0,92.0,682.624,250.0,32.5,32.0,34.7
101.3,347.15000000000003,3.6,1.2497400000000003,0.0,D,ENABLE,INVALID,2.0,NORMAL,1.0,2.3200000000000003,0.0,0.0,304.0,314.0,19.8,0.6510636615299488,247.0,92.0,682.624,250.0,32.5,32.0,34.7
101.4,347.11,3.9000000000000004,1.3537290000000002,0.0,D,ENABLE,INVALID,2.0,NORMAL,1.0,2.480000000000004,0.0,0.0,294.0,302.0,21.1,0.6672952235734961,247.0,92.0,682.624,250.0,32.5,32.0,34.7
101.5,347.15000000000003,4.1000000000000005,1.4233150000000003,0.0,D,ENABLE,INVALID,2.0,NORMAL,1.0,2.6400000000000006,0.0,0.0,288.0,302.0,22.1,0.6989205896196333,247.0,92.0,682.624,250.0,32.5,32.0,34.7
101.6,347.08,3.9000000000000004,1.353612,0.0,D,ENABLE,INVALID,2.0,NORMAL,1.0,2.8000000000000043,0.0,0.0,280.0,290.0,23.5,0.7136651311404814,247.0,92.0,682.624,250.0,32.5,32.0,34.7
101.7,346.98,4.1000000000000005,1.4226180000000002,0.0,D,ENABLE,INVALID,2.0,NORMAL,1.0,2.8800000000000026,0.0,0.0,272.0,290.0,24.200000000000003,0.7349232414297723,247.0,92.0,682.624,250.0,32.5,32.0,34.7
101.8,347.02,4.0,1.38808,0.0,D,ENABLE,INVALID,2.0,NORMAL,1.0,3.039999999999999,0.0,0.0,266.0,276.0,25.400000000000002,0.7341273712908629,247.0,92.0,682.624,250.0,32.5,32.0,34.7
101.9,346.96,4.2,1.4572319999999999,0.0,D,ENABLE,INVALID,2.0,NORMAL,1.0,3.200000000000003,0.0,0.0,258.0,266.0,26.6,0.7409550993246647,247.0,92.0,682.624,250.0,32.5,32.0,34.7
102.0,347.16,4.0,1.38864,0.0,D,ENABLE,INVALID,2.0,NORMAL,1.0,3.280000000000001,0.0,0.0,252.0,264.0,27.400000000000002,0.757500820633571,247.0,92.0,682.624,250.0,32.5,32.0,34.7
102.1,347.1,4.2,1.4578200000000001,1.6,D,ENABLE,INVALID,2.0,NORMAL,1.0,3.4399999999999977,0.0,0.0,244.0,270.0,28.700000000000003,0.8114733824222438,247.0,92.0,682.624,250.0,32.5,32.0,34.7
102.2,346.94,4.800000000000001,1.6653120000000001,3.2,D,ENABLE,INVALID,2.0,NORMAL,1.0,3.6000000000000014,0.0,0.0,260.0,258.0,30.400000000000002,0.8213379833545156,247.0,92.0,682.624,250.0,32.5,32.0,34.7
102.3,346.96,4.7,1.630712,4.4,D,ENABLE,INVALID,2.0,NORMAL,1.5,3.6799999999999997,0.0,0.0,310.0,320.0,30.900000000000002,1.035468938623196,247.0,92.0,682.624,250.0,32.5,32.0,34.7
102.4,346.86,5.7,1.9771020000000001,5.2,D,ENABLE,INVALID,2.0,NORMAL,1.5,3.8400000000000034,0.0,0.0,368.0,378.0,33.0,1.306274225362636,247.0,92.0,682.624,250.0,32.5,32.0,34.7
102.5,346.82,6.800000000000001,2.3583760000000002,5.6000000000000005,D,ENABLE,INVALID,2.0,NORMAL,2.0,4.079999999999998,0.0,0.0,426.0,428.0,34.2,1.5328458875395319,247.0,92.0,682.624,250.0,32.5,32.0,34.7
102.6,346.90000000000003,7.5,2.6017500000000005,5.6000000000000005,D,ENABLE,INVALID,2.0,NORMAL,2.0,4.32,0.0,0.0,454.0,458.0,36.4,1.745803981550872,247.0,92.0,682.624,250.0,32.5,32.0,34.7
102.7,346.7,7.300000000000001,2.5309100000000004,5.6000000000000005,D,ENABLE,INVALID,2.0,NORMAL,2.5,4.560000000000002,0.0,0.0,462.0,468.0,37.4,1.832930817810429,247.0,92.0,682.624,250.0,32.5,32.0,34.7
102.8,346.78000000000003,8.4,2.912952,5.6000000000000005,D,ENABLE,INVALID,2.0,NORMAL,2.5,4.800000000000004,0.0,0.0,460.0,476.0,39.800000000000004,1.9838948167909307,247.0,92.0,682.624,250.0,32.5,32.0,34.7
102.9,346.85,8.200000000000001,2.8441700000000005,5.6000000000000005,D,ENABLE,INVALID,2.0,NORMAL,2.5,5.039999999999999,0.0,0.0,456.0,462.0,41.6,2.012629917595765,247.0,92.0,682.624,250.0,32.5,32.0,34.7
103.0,346.54,8.8,3.0495520000000007,5.6000000000000005,D,ENABLE,INVALID,2.0,NORMAL,2.5,5.200000000000003,0.0,0.0,448.0,448.0,43.300000000000004,2.0313956977132084,247.0,92.0,682.624,250.0,32.5,32.0,34.7
103.1,346.64,9.1,3.154424,5.6000000000000005,D,ENABLE,INVALID,2.0,NORMAL,2.5,5.520000000000003,0.0,0.0,436.0,450.0,45.300000000000004,2.134712208114265,247.0,92.0,682.624,250.0,32.5,32.0,34.7
103.2,346.61,9.200000000000001,3.1888120000000004,5.6000000000000005,D,ENABLE,INVALID,2.0,NORMAL,2.5,5.759999999999998,0.0,0.0,426.0,434.0,47.1,2.1406184023030135,247.0,92.0,682.624,250.0,32.5,32.0,34.7
103.3,346.66,8.700000000000001,3.0159420000000003,5.6000000000000005,D,ENABLE,INVALID,2.0,NORMAL,2.5,6.0,0.0,0.0,416.0,440.0,48.400000000000006,2.230111905028275,247.0,92.0,682.624,250.0,32.5,32.0,34.7
103.4,346.54,8.9,3.084206,6.4,D,ENABLE,INVALID,2.0,NORMAL,2.5,6.160000000000004,0.0,0.0,406.0,408.0,50.6,2.161918400494352,247.0,92.0,682.624,250.0,32.5,32.0,34.7
103.5,346.5,10.200000000000001,3.5343,8.4,D,ENABLE,INVALID,2.0,NORMAL,3.0,6.399999999999999,0.0,0.0,424.0,414.0,53.5,2.319437856145344,247.0,92.0,682.624,250.0,32.5,32.0,34.7
103.6,346.42,11.3,3.914546,8.4,D,ENABLE,INVALID,2.0,NORMAL,3.5,6.640000000000001,0.0,0.0,496.0,484.0,55.5,2.8129820620243007,247.0,92.0,682.624,250.0,32.5,32.0,34.7
103.7,346.40000000000003,12.9,4.46856,8.4,D,ENABLE,INVALID,2.0,NORMAL,4.0,6.880000000000003,0.0,0.0,540.0,540.0,56.7,3.206309462253743,247.0,92.0,682.624,250.0,32.5,32.0,34.7
103.8,346.32,13.5,4.67532,8.4,D,ENABLE,INVALID,2.0,NORMAL,4.0,7.200000000000003,0.0,0.0,554.0,552.0,58.900000000000006,3.404732454254474,247.0,92.0,682.624,250.0,32.5,32.0,34.7
103.9,346.49,13.0,4.50437,8.4,D,ENABLE,INVALID,2.0,NORMAL,4.0,7.439999999999998,0.0,0.0,550.0,540.0,61.2,3.4607784671945163,247.0,92.0,682.624,250.0,32.5,32.0,34.7
104.0,346.31,13.3,4.605923000000001,8.4,D,ENABLE,INVALID,2.0,NORMAL,4.0,7.759999999999998,0.0,0.0,538.0,540.0,62.5,3.5342917352885173,247.0,92.0,682.624,250.0,32.5,32.0,34.7
104.1,346.37,13.600000000000001,4.710632,8.4,D,ENABLE,INVALID,2.0,NORMAL,4.0,8.0,0.0,0.0,522.0,522.0,65.3,3.5695404048617942,247.0,92.0,682.624,250.0,32.5,32.0,34.7
104.2,346.34000000000003,13.3,4.606322000000001,8.4,D,ENABLE,INVALID,2.0,NORMAL,4.0,8.32,0.0,0.0,504.0,508.0,67.3,3.5802008759329764,247.0,92.0,682.624,250.0,32.5,32.0,34.7
104.3,346.22,12.8,4.431616000000001,8.4,D,ENABLE,INVALID,2.0,NORMAL,4.0,8.560000000000002,0.0,0.0,488.0,488.0,69.60000000000001,3.5567855386882203,246.0,92.0,682.624,250.0,32.5,32.0,34.7
104.4,346.34000000000003,13.4,4.640956,8.4,D,ENABLE,INVALID,2.0,NORMAL,4.0,8.880000000000003,0.0,0.0,476.0,484.0,70.8,3.588452792636405,246.0,92.0,682.624,250.0,32.5,32.0,34.7
104.5,346.3,13.100000000000001,4.536530000000001,8.4,D,ENABLE,INVALID,2.0,NORMAL,4.0,9.120000000000005,0.0,0.0,464.0,466.0,73.10000000000001,3.567236570249163,246.0,92.0,682.624,250.0,32.5,32.0,34.7
104.6,346.44,12.600000000000001,4.365144,8.4,D,ENABLE,INVALID,2.0,NORMAL,4.0,9.36,0.0,0.0,442.0,442.0,76.3,3.5316318535084776,246.0,92.0,682.624,250.0,32.5,32.0,34.7
104.7,346.47,12.700000000000001,4.400169000000001,8.4,D,ENABLE,INVALID,2.0,NORMAL,4.0,9.600000000000001,0.0,0.0,428.0,430.0,78.2,3.521306485653679,246.0,92.0,682.624,250.0,32.5,32.0,34.7
104.8,346.2,12.600000000000001,4.362120000000001,8.4,D,ENABLE,INVALID,2.0,NORMAL,4.0,9.759999999999998,0.0,0.0,412.0,404.0,80.10000000000001,3.3887731635742386,246.0,92.0,682.624,250.0,32.5,32.0,34.7
104.9,346.25,12.3,4.258875,8.4,D,ENABLE,INVALID,2.0,NORMAL,4.0,10.0,0.0,0.0,402.0,406.0,80.4,3.418304134517982,246.0,92.0,682.624,250.0,32.5,32.0,34.7
105.0,346.11,12.5,4.326375,8.4,D,ENABLE,INVALID,2.0,NORMAL,3.5,10.240000000000002,0.0,0.0,394.0,398.0,81.9,3.4134660818314537,246.0,92.0,682.624,250.0,32.5,32.0,34.7
105.1,346.37,12.100000000000001,4.191077,8.4,D,ENABLE,INVALID,2.0,NORMAL,4.0,10.399999999999999,0.0,0.0,376.0,370.0,85.2,3.3011855603921547,246.0,92.0,682.624,250.0,32.5,32.0,34.7
105.2,346.27,12.0,4.15524,8.4,D,ENABLE,INVALID,2.0,NORMAL,3.5,10.64,0.0,0.0,364.0,364.0,86.5,3.2972062096976074,246.0,92.0,682.624,250.0,32.5,32.0,34.7
105.3,346.34000000000003,11.9,4.121446000000001,8.4,D,ENABLE,INVALID,2.0,NORMAL,3.5,10.800000000000004,0.0,0.0,354.0,350.0,87.7,3.214372883397957,246.0,92.0,682.624,250.0,32.5,32.0,34.7
105.4,346.38,11.600000000000001,4.018008,8.4,D,ENABLE,INVALID,2.0,NORMAL,3.5,10.96,0.0,0.0,342.0,342.0,88.80000000000001,3.1802970750820196,246.0,92.0,682.624,250.0,32.5,32.0,34.7
105.5,346.25,11.3,3.9126250000000002,8.4,D,ENABLE,INVALID,2.0,NORMAL,3.5,11.120000000000005,0.0,0.0,338.0,340.0,89.60000000000001,3.1901826199653156,246.0,92.0,682.624,250.0,32.5,32.0,34.7
105.6,346.3,11.3,3.9131900000000006,8.4,D,ENABLE,INVALID,2.0,NORMAL,3.5,11.280000000000001,0.0,0.0,324.0,322.0,91.5,3.085358145090536,246.0,92.0,682.624,250.0,32.5,32.0,34.7
105.7,346.38,11.200000000000001,3.8794560000000002,8.4,D,ENABLE,INVALID,2.0,NORMAL,3.5,11.439999999999998,0.0,0.0,314.0,308.0,93.4,3.0124941394782767,246.0,92.0,682.624,250.0,32.5,32.0,34.7
105.8,346.44,11.0,3.8108400000000002,8.4,D,ENABLE,INVALID,2.0,NORMAL,3.0,11.600000000000001,0.0,0.0,310.0,310.0,93.7,3.0417947269607573,246.0,92.0,682.624,250.0,32.5,32.0,34.7
105.9,346.33,10.8,3.740364,8.4,D,ENABLE,INVALID,2.0,NORMAL,3.0,11.759999999999998,0.0,0.0,302.0,304.0,94.0,2.9924717222993977,246.0,92.0,682.624,250.0,32.5,32.0,34.7
106.0,346.43,10.5,3.637515,8.8,D,ENABLE,INVALID,2.0,NORMAL,3.0,11.920000000000002,0.0,0.0,292.0,292.0,96.5,2.950793259761773,246.0,92.0,682.624,250.0,32.5,32.0,34.7
106.1,346.40000000000003,10.8,3.741120000000001,8.8,D,ENABLE,INVALID,2.0,NORMAL,3.0,12.079999999999998,0.0,0.0,282.0,276.0,97.7,2.8237891407526496,246.0,92.0,682.624,250.0,32.5,32.0,34.7
106.2,346.47,10.700000000000001,3.7072290000000008,9.600000000000001,D,ENABLE,INVALID,2.0,NORMAL,3.5,12.160000000000004,0.0,0.0,280.0,278.0,98.7,2.8733634728262967,246.0,92.0,682.624,250.0,32.5,32.0,34.7
106.3,346.51,11.9,4.123469,10.4,D,ENABLE,INVALID,2.0,NORMAL,3.5,12.32,0.0,0.0,300.0,296.0,101.4,3.1431006180635164,246.0,92.0,682.624,250.0,32.5,32.0,34.7
106.4,346.36,13.200000000000001,4.5719520000000005,10.8,D,ENABLE,INVALID,2.0,NORMAL,4.0,12.480000000000004,0.0,0.0,338.0,334.0,101.7,3.5570996979535794,246.0,92.0,682.624,250.0,32.5,32.0,34.7
106.5,346.31,14.8,5.125388,11.600000000000001,D,ENABLE,INVALID,2.0,NORMAL,4.5,12.64,0.0,0.0,382.0,392.0,101.7,4.174799645502405,246.0,92.0,682.624,250.0,32.5,32.0,34.7
106.6,346.15000000000003,16.400000000000002,5.676860000000001,12.4,D,ENABLE,INVALID,2.0,NORMAL,5.0,12.880000000000003,0.0,0.0,406.0,392.0,105.5,4.330790192728649,246.0,92.0,682.624,250.0,32.5,32.0,34.7
106.7,345.96,17.7,6.123492,12.8,D,ENABLE,INVALID,2.0,NORMAL,5.5,13.04,0.0,0.0,448.0,440.0,106.5,4.907167724907256,246.0,92.0,682.624,250.0,32.5,32.0,34.7
106.8,346.12,19.1,6.610892000000001,12.8,D,ENABLE,INVALID,2.0,NORMAL,6.0,13.280000000000001,0.0,0.0,478.0,478.0,108.30000000000001,5.421069451181476,246.0,92.0,682.624,250.0,32.5,32.0,34.7
106.9,345.86,19.700000000000003,6.813442000000001,13.200000000000001,D,ENABLE,INVALID,2.0,NORMAL,6.5,13.520000000000003,0.0,0.0,500.0,502.0,109.10000000000001,5.73531249234455,246.0,92.0,682.624,250.0,32.5,32.0,34.7
107.0,345.93,20.400000000000002,7.056972000000001,13.200000000000001,D,ENABLE,INVALID,2.0,NORMAL,6.5,13.840000000000003,0.0,0.0,496.0,494.0,112.7,5.830146702580914,246.0,92.0,682.624,250.0,32.5,32.0,34.7
107.1,345.88,20.3,7.021364,13.200000000000001,D,ENABLE,INVALID,2.0,NORMAL,6.5,14.079999999999998,0.0,0.0,490.0,490.0,114.10000000000001,5.854776788985059,246.0,92.0,682.624,250.0,32.5,32.0,34.7
107.2,345.96,20.1,6.9537960000000005,13.200000000000001,D,ENABLE,INVALID,2.0,NORMAL,6.5,14.32,0.0,0.0,486.0,488.0,115.0,5.876872657315306,246.0,92.0,682.624,250.0,32.5,32.0,34.7
107.3,345.93,20.200000000000003,6.987786000000001,12.8,D,ENABLE,INVALID,2.0,NORMAL,6.0,14.560000000000002,0.0,0.0,462.0,458.0,118.7,5.693047599178255,246.0,92.0,682.624,250.0,32.5,32.0,34.7
107.4,345.83,19.6,6.778268,12.8,D,ENABLE,INVALID,2.0,NORMAL,6.0,14.880000000000003,0.0,0.0,452.0,452.0,120.10000000000001,5.684732850621756,246.0,91.0,682.624,250.0,32.5,32.0,34.7
107.5,345.94,19.200000000000003,6.642048000000001,13.200000000000001,D,ENABLE,INVALID,2.0,NORMAL,6.0,15.04,0.0,0.0,432.0,430.0,122.4,5.511610151457933,246.0,91.0,682.624,250.0,32.5,32.0,34.7
107.6,346.0,18.5,6.401,12.8,D,ENABLE,INVALID,2.0,NORMAL,6.0,15.280000000000001,0.0,0.0,430.0,434.0,122.10000000000001,5.549246431447939,246.0,91.0,682.624,250.0,32.5,32.0,34.7
107.7,346.03000000000003,18.5,6.401555,12.8,D,ENABLE,INVALID,2.0,NORMAL,5.5,15.520000000000003,0.0,0.0,402.0,392.0,126.10000000000001,5.176423159270927,246.0,91.0,682.624,250.0,32.5,32.0,34.7
107.8,346.05,17.6,6.09048,12.8,D,ENABLE,INVALID,2.0,NORMAL,5.5,15.68,0.0,0.0,392.0,394.0,126.80000000000001,5.231715189974107,246.0,91.0,682.624,250.0,32.5,32.0,34.7
107.9,346.05,17.2,5.95206,12.8,D,ENABLE,INVALID,2.0,NORMAL,5.5,15.920000000000002,0.0,0.0,378.0,378.0,128.0,5.066760631709618,246.0,91.0,682.624,250.0,32.5,32.0,34.7
108.0,346.1,16.7,5.77987,12.8,D,ENABLE,INVALID,2.0,NORMAL,5.5,16.08,0.0,0.0,368.0,368.0,129.20000000000002,4.978963589017296,246.0,91.0,682.624,250.0,32.5,32.0,34.7
108.1,346.08,16.5,5.710319999999999,12.8,D,ENABLE,INVALID,2.0,NORMAL,5.0,16.240000000000002,0.0,0.0,352.0,350.0,131.4,4.816061537953153,246.0,91.0,682.624,250.0,32.5,32.0,34.7
108.2,345.83,16.2,5.602446,12.8,D,ENABLE,INVALID,2.0,NORMAL,5.0,16.4,0.0,0.0,338.0,334.0,133.3,4.662353881388516,246.0,91.0,682.624,250.0,32.5,32.0,34.7
108.3,346.07,16.0,5.53712,12.8,D,ENABLE,INVALID,2.0,NORMAL,5.0,16.560000000000002,0.0,0.0,328.0,322.0,134.5,4.535307874477345,246.0,91.0,682.624,250.0,32.5,32.0,34.7
108.4,346.16,15.600000000000001,5.4000960000000005,12.8,D,ENABLE,INVALID,2.0,NORMAL,5.0,16.800000000000004,0.0,0.0,322.0,316.0,135.70000000000002,4.4905087632371545,246.0,91.0,682.624,250.0,32.5,32.0,34.7
108.5,346.01,15.200000000000001,5.259352,12.8,D,ENABLE,INVALID,2.0,NORMAL,4.5,16.96,0.0,0.0,318.0,318.0,135.9,4.525589881202241,246.0,91.0,682.624,250.0,32.5,32.0,34.7
108.6,346.09000000000003,15.3,5.295177000000001,12.8,D,ENABLE,INVALID,2.0,NORMAL,4.5,17.120000000000005,0.0,0.0,306.0,306.0,137.6,4.409288121166346,246.0,91.0,682.624,250.0,32.5,32.0,34.7
108.7,346.18,15.0,5.192699999999999,12.8,D,ENABLE,INVALID,2.0,NORMAL,4.5,17.28,0.0,0.0,294.0,294.0,139.1,4.282556273520534,246.0,91.0,682.624,250.0,32.5,32.0,34.7
108.8,346.12,14.600000000000001,5.053352000000001,12.8,D,ENABLE,INVALID,2.0,NORMAL,4.5,17.439999999999998,0.0,0.0,282.0,276.0,141.20000000000002,4.081054520719285,246.0,91.0,682.624,250.0,32.5,32.0,34.7
108.9,346.22,14.200000000000001,4.916324,12.8,D,ENABLE,INVALID,2.0,NORMAL,4.5,17.6,0.0,0.0,284.0,284.0,140.6,4.181501709830062,246.0,91.0,682.624,250.0,32.5,32.0,34.7
109.0,346.12,14.200000000000001,4.914904000000001,12.8,D,ENABLE,INVALID,2.0,NORMAL,4.0,17.68,0.0,0.0,274.0,278.0,141.70000000000002,4.12518342552671,246.0,91.0,682.624,250.0,32.5,32.0,34.7
109.1,346.24,13.9,4.812736,13.200000000000001,D,ENABLE,INVALID,2.0,NORMAL,4.0,17.840000000000003,0.0,0.0,262.0,256.0,144.70000000000002,3.879154832848581,246.0,91.0,682.624,250.0,32.5,32.0,34.7
109.2,346.16,14.200000000000001,4.915472,15.200000000000001,D,ENABLE,INVALID,2.0,NORMAL,4.5,18.0,0.0,0.0,260.0,260.0,145.1,3.9506574816442845,246.0,91.0,682.624,250.0,32.5,32.0,34.7
109.3,346.02,18.3,6.332166,17.6,D,ENABLE,INVALID,2.0,NORMAL,6.0,18.160000000000004,0.0,0.0,318.0,314.0,147.8,4.859960059299315,246.0,91.0,682.624,250.0,32.5,32.0,34.7
109.4,345.65000000000003,23.1,7.984515000000001,17.6,D,ENABLE,INVALID,2.0,NORMAL,7.5,18.32,0.0,0.0,430.0,412.0,149.70000000000002,6.458737504662184,246.0,91.0,682.624,250.0,32.5,32.0,34.7
109.5,345.37,26.700000000000003,9.221379,17.6,D,ENABLE,INVALID,2.0,NORMAL,8.5,18.560000000000002,0.0,0.0,500.0,530.0,150.1,8.330770679034293,246.0,91.0,682.624,250.0,32.5,32.0,34.7
109.6,345.40000000000003,28.1,9.705740000000002,17.6,D,ENABLE,INVALID,2.0,NORMAL,8.5,18.880000000000003,0.0,0.0,524.0,558.0,150.8,8.81179040220094,246.0,91.0,682.624,250.0,32.5,32.0,34.7
109.7,345.35,28.1,9.704335,17.6,D,ENABLE,INVALID,2.0,NORMAL,9.0,19.120000000000005,0.0,0.0,522.0,536.0,153.3,8.6046966144763,246.0,91.0,682.624,250.0,32.5,32.0,34.7
109.8,345.40000000000003,27.900000000000002,9.636660000000001,17.6,D,ENABLE,INVALID,2.0,NORMAL,9.0,19.439999999999998,0.0,0.0,506.0,506.0,156.60000000000002,8.297951507779793,246.0,91.0,682.624,250.0,32.5,32.0,34.7
109.9,345.26,27.200000000000003,9.391072,17.6,D,ENABLE,INVALID,2.0,NORMAL,8.5,19.68,0.0,0.0,500.0,500.0,157.9,8.26762466669714,246.0,91.0,682.624,250.0,32.5,32.0,34.7
110.0,345.3,26.6,9.184980000000001,17.6,D,ENABLE,INVALID,2.0,NORMAL,8.5,19.92,0.0,0.0,482.0,482.0,161.10000000000002,8.131509928992607,246.0,91.0,682.624,250.0,32.5,32.0,34.7
110.1,345.32,26.200000000000003,9.047384,17.2,D,ENABLE,INVALID,2.0,NORMAL,8.5,20.160000000000004,0.0,0.0,460.0,454.0,163.9,7.792259810306955,246.0,91.0,682.624,250.0,32.5,32.0,34.7
110.2,345.56,25.3,8.742668,17.2,D,ENABLE,INVALID,2.0,NORMAL,8.0,20.4,0.0,0.0,452.0,454.0,163.8,7.7875055334245245,246.0,91.0,682.624,250.0,32.5,32.0,34.7
110.3,345.40000000000003,24.8,8.565920000000002,17.2,D,ENABLE,INVALID,2.0,NORMAL,8.0,20.64,0.0,0.0,434.0,436.0,166.20000000000002,7.588328559186931,246.0,91.0,682.624,250.0,32.5,32.0,34.7
110.4,345.54,23.5,8.120190000000001,17.2,D,ENABLE,INVALID,2.0,NORMAL,7.5,20.880000000000003,0.0,0.0,418.0,418.0,168.10000000000002,7.358217369286989,246.0,91.0,682.624,250.0,32.5,32.0,34.7
110.5,345.57,23.900000000000002,8.259123,17.2,D,ENABLE,INVALID,2.0,NORMAL,7.5,21.04,0.0,0.0,402.0,402.0,169.9,7.152338330721739,246.0,91.0,682.624,250.0,32.5,32.0,34.7
110.6,345.53000000000003,22.8,7.878084,17.2,D,ENABLE,INVALID,2.0,NORMAL,7.5,21.28,0.0,0.0,382.0,376.0,172.60000000000002,6.796060779853633,246.0,91.0,682.624,250.0,32.5,32.0,34.7
110.7,345.58,22.3,7.706434,17.6,D,ENABLE,INVALID,2.0,NORMAL,7.0,21.439999999999998,0.0,0.0,376.0,376.0,172.60000000000002,6.796060779853633,246.0,91.0,682.624,250.0,32.5,32.0,34.7
110.8,345.54,21.700000000000003,7.498218000000001,17.6,D,ENABLE,INVALID,2.0,NORMAL,7.0,21.6,0.0,0.0,372.0,372.0,174.3,6.789987034056693,246.0,91.0,682.624,250.0,32.5,32.0,34.7
110.9,345.72,21.700000000000003,7.502124000000002,17.6,D,ENABLE,INVALID,2.0,NORMAL,6.5,21.840000000000003,0.0,0.0,356.0,356.0,175.20000000000002,6.5314967905193235,246.0,91.0,682.624,250.0,32.5,32.0,34.7
111.0,345.62,21.200000000000003,7.327144000000001,17.2,D,ENABLE,INVALID,2.0,NORMAL,6.5,22.0,0.0,0.0,348.0,348.0,176.60000000000002,6.435741046437907,246.0,91.0,682.624,250.0,32.5,32.0,34.7
111.1,345.40000000000003,20.700000000000003,7.149780000000002,17.6,D,ENABLE,INVALID,2.0,NORMAL,6.5,22.160000000000004,0.0,0.0,346.0,346.0,176.70000000000002,6.402377332456783,246.0,91.0,682.624,250.0,32.5,32.0,34.7
111.2,345.83,20.3,7.020349,17.6,D,ENABLE,INVALID,2.0,NORMAL,6.5,22.32,0.0,0.0,332.0,332.0,178.60000000000002,6.20937882377125,246.0,91.0,682.624,250.0,32.5,32.0,34.7
111.3,345.85,19.900000000000002,6.882415000000001,17.2,D,ENABLE,INVALID,2.0,NORMAL,6.5,22.480000000000004,0.0,0.0,326.0,332.0,178.70000000000002,6.212855519641224,246.0,91.0,682.624,250.0,32.5,32.0,34.7
111.4,345.87,19.400000000000002,6.709878000000001,17.6,D,ENABLE,INVALID,2.0,NORMAL,6.0,22.64,0.0,0.0,312.0,314.0,181.10000000000002,5.954930762781502,246.0,91.0,682.624,250.0,32.5,32.0,34.7
111.5,346.0,19.0,6.574,17.2,D,ENABLE,INVALID,2.0,NORMAL,6.0,22.800000000000004,0.0,0.0,296.0,296.0,183.70000000000002,5.694157628582524,246.0,91.0,682.624,250.0,32.5,32.0,34.7
111.6,345.72,18.3,6.326676,17.2,D,ENABLE,INVALID,2.0,NORMAL,5.5,22.880000000000003,0.0,0.0,290.0,290.0,184.4,5.599993624778926,246.0,91.0,682.624,250.0,32.5,32.0,34.7
111.7,346.1,17.8,6.160580000000001,17.2,D,ENABLE,INVALID,2.0,NORMAL,5.5,23.120000000000005,0.0,0.0,282.0,284.0,184.4,5.484131687714534,246.0,91.0,682.624,250.0,32.5,32.0,34.7
111.8,345.99,17.6,6.089424000000001,17.2,D,ENABLE,INVALID,2.0,NORMAL,5.5,23.200000000000003,0.0,0.0,270.0,270.0,186.0,5.259026102109313,246.0,91.0,682.624,250.0,32.5,32.0,34.7
111.9,346.02,16.8,5.813135999999999,17.2,D,ENABLE,INVALID,2.0,NORMAL,5.0,23.36,0.0,0.0,266.0,268.0,187.8,5.2705871630745245,246.0,91.0,682.624,250.0,32.5,32.0,34.7
112.0,346.15000000000003,16.8,5.815320000000001,17.2,D,ENABLE,INVALID,2.0,NORMAL,5.0,23.520000000000003,0.0,0.0,248.0,248.0,189.60000000000002,4.924006661530499,246.0,91.0,682.624,250.0,32.5,32.0,34.7
112.1,346.05,16.2,5.60601,17.2,D,ENABLE,INVALID,2.0,NORMAL,5.0,23.68,0.0,0.0,250.0,250.0,188.70000000000002,4.940154447769951,246.0,91.0,682.624,250.0,32.5,32.0,34.7
112.2,346.06,16.0,5.53696,17.2,D,ENABLE,INVALID,2.0,NORMAL,5.0,23.759999999999998,0.0,0.0,240.0,242.0,190.9,4.837822303067019,246.0,91.0,682.624,250.0,32.5,32.0,34.7
112.3,345.98,15.8,5.466484,17.6,D,ENABLE,INVALID,2.0,NORMAL,4.5,23.92,0.0,0.0,228.0,226.0,191.9,4.541632947686573,246.0,91.0,682.624,250.0,32.5,32.0,34.7
112.4,346.27,15.5,5.367184999999999,17.6,D,ENABLE,INVALID,2.0,NORMAL,4.5,24.0,0.0,0.0,232.0,232.0,192.10000000000002,4.667066270368902,246.0,91.0,682.624,250.0,32.5,32.0,34.7
112.5,346.0,15.3,5.2938,17.2,D,ENABLE,INVALID,2.0,NORMAL,4.5,24.08,0.0,0.0,226.0,226.0,193.20000000000002,4.572399611740729,246.0,91.0,682.624,250.0,32.5,32.0,34.7
112.6,346.15000000000003,15.200000000000001,5.261480000000001,17.2,D,ENABLE,INVALID,2.0,NORMAL,4.5,24.159999999999997,0.0,0.0,222.0,222.0,193.4,4.496121742111568,246.0,91.0,682.624,250.0,32.5,32.0,34.7
112.7,346.11,14.9,5.157039000000001,17.2,D,ENABLE,INVALID,2.0,NORMAL,4.5,24.320000000000007,0.0,0.0,212.0,212.0,195.60000000000002,4.342435029497956,246.0,91.0,682.624,250.0,32.5,32.0,34.7
112.8,346.04,14.5,5.01758,17.2,D,ENABLE,INVALID,2.0,NORMAL,4.5,24.400000000000006,0.0,0.0,212.0,212.0,195.10000000000002,4.331334735455273,246.0,91.0,682.624,250.0,32.5,32.0,34.7
112.9,345.99,14.100000000000001,4.878459,17.2,D,ENABLE,INVALID,2.0,NORMAL,4.5,24.480000000000004,0.0,0.0,204.0,204.0,196.10000000000002,4.189250971708917,246.0,91.0,682.624,250.0,32.5,32.0,34.7
113.0,346.02,13.8,4.775076,17.2,D,ENABLE,INVALID,2.0,NORMAL,4.0,24.560000000000002,0.0,0.0,204.0,204.0,196.10000000000002,4.189250971708917,246.0,91.0,682.624,250.0,32.5,32.0,34.7
113.1,346.1,13.4,4.637740000000001,17.2,D,ENABLE,INVALID,2.0,NORMAL,4.0,24.64,0.0,0.0,190.0,190.0,198.3,3.945526213643421,246.0,91.0,682.624,250.0,32.5,32.0,34.7
113.2,346.2,13.200000000000001,4.56984,17.2,D,ENABLE,INVALID,2.0,NORMAL,4.0,24.72,0.0,0.0,184.0,182.0,199.3,3.798457789553371,246.0,91.0,682.624,250.0,32.5,32.0,34.7
113.3,346.25,13.0,4.50125,17.2,D,ENABLE,INVALID,2.0,NORMAL,4.0,24.72,0.0,0.0,188.0,188.0,198.9,3.9158067471404623,246.0,91.0,682.624,250.0,32.5,32.0,34.7
113.4,346.22,12.8,4.431616000000001,17.2,D,ENABLE,INVALID,2.0,NORMAL,4.0,24.799999999999997,0.0,0.0,184.0,184.0,199.3,3.840199083944068,246.0,91.0,682.624,250.0,32.5,32.0,34.7
113.5,346.17,12.700000000000001,4.396359,17.2,D,ENABLE,INVALID,2.0,NORMAL,4.0,24.879999999999995,0.0,0.0,178.0,178.0,200.3,3.733615317183278,246.0,91.0,682.624,250.0,32.5,32.0,34.7
113.6,346.14,12.5,4.32675,17.2,D,ENABLE,INVALID,2.0,NORMAL,3.5,24.960000000000008,0.0,0.0,174.0,174.0,201.4,3.669757210511309,246.0,91.0,682.624,250.0,32.5,32.0,34.7
113.7,346.22,12.3,4.258506000000001,17.2,D,ENABLE,INVALID,2.0,NORMAL,3.5,25.040000000000006,0.0,0.0,168.0,166.0,201.9,3.509724480737445,246.0,91.0,682.624,250.0,32.5,32.0,34.7
113.8,346.37,12.3,4.260351000000001,17.6,D,ENABLE,INVALID,2.0,NORMAL,3.5,25.040000000000006,0.0,0.0,174.0,174.0,200.20000000000002,3.6478917256423244,246.0,91.0,682.624,250.0,32.5,32.0,34.7
113.9,346.12,12.3,4.257276000000001,17.2,D,ENABLE,INVALID,2.0,NORMAL,3.5,25.120000000000005,0.0,0.0,172.0,172.0,200.60000000000002,3.6131666548446457,246.0,91.0,682.624,250.0,32.5,32.0,34.7
114.0,346.15000000000003,12.100000000000001,4.188415000000001,17.2,D,ENABLE,INVALID,2.0,NORMAL,3.5,25.200000000000003,0.0,0.0,170.0,170.0,202.20000000000002,3.599636862483185,246.0,91.0,682.624,250.0,32.5,32.0,34.7
114.1,346.18,12.0,4.15416,17.2,D,ENABLE,INVALID,2.0,NORMAL,3.5,25.28,0.0,0.0,168.0,170.0,201.10000000000002,3.580054268275809,246.0,91.0,682.624,250.0,32.5,32.0,34.7
114.2,346.12,11.9,4.118828000000001,17.2,D,ENABLE,INVALID,2.0,NORMAL,3.5,25.36,0.0,0.0,156.0,156.0,204.3,3.337502371467653,246.0,91.0,682.624,250.0,32.5,32.0,34.7
114.3,346.14,11.600000000000001,4.015224,17.2,D,ENABLE,INVALID,2.0,NORMAL,3.5,25.36,0.0,0.0,160.0,160.0,202.9,3.399622130204635,246.0,91.0,682.624,250.0,32.5,32.0,34.7
114.4,346.16,11.4,3.9462240000000004,17.2,D,ENABLE,INVALID,2.0,NORMAL,3.5,25.439999999999998,0.0,0.0,154.0,154.0,204.20000000000002,3.2931011952969174,246.0,91.0,682.624,250.0,32.5,32.0,34.7
114.5,346.2,11.100000000000001,3.84282,17.2,D,ENABLE,INVALID,2.0,NORMAL,3.5,25.519999999999996,0.0,0.0,148.0,148.0,205.8,3.189596189336645,246.0,91.0,682.624,250.0,32.5,32.0,34.7
114.6,346.28000000000003,11.0,3.8090800000000002,17.2,D,ENABLE,INVALID,2.0,NORMAL,3.0,25.599999999999994,0.0,0.0,142.0,142.0,205.70000000000002,3.05880121519219,246.0,91.0,682.624,250.0,32.5,32.0,34.7
114.7,346.16,10.600000000000001,3.6692960000000006,17.2,D,ENABLE,INVALID,2.0,NORMAL,3.0,25.680000000000007,0.0,0.0,138.0,138.0,207.3,2.995759922610155,246.0,91.0,682.624,250.0,32.5,32.0,34.7
114.8,346.25,10.600000000000001,3.6702500000000002,17.2,D,ENABLE,INVALID,2.0,NORMAL,3.0,25.760000000000005,0.0,0.0,140.0,140.0,206.70000000000002,3.030380273652715,246.0,91.0,682.624,250.0,32.5,32.0,34.7
114.9,346.34000000000003,10.4,3.6019360000000007,17.2,D,ENABLE,INVALID,2.0,NORMAL,3.0,25.760000000000005,0.0,0.0,136.0,136.0,206.8,2.945222168789407,246.0,91.0,682.624,250.0,32.5,32.0,34.7
115.0,346.31,10.200000000000001,3.5323620000000004,17.2,D,ENABLE,INVALID,2.0,NORMAL,3.0,25.840000000000003,0.0,0.0,134.0,134.0,207.20000000000002,2.90752305694633,246.0,91.0,682.624,250.0,32.5,32.0,34.7
115.1,346.34000000000003,10.0,3.4634000000000005,17.2,D,ENABLE,INVALID,2.0,NORMAL,3.0,25.92,0.0,0.0,132.0,132.0,206.9,2.859980288122004,246.0,91.0,682.624,250.0,32.5,32.0,34.7
115.2,346.34000000000003,9.8,3.3941320000000004,17.2,D,ENABLE,INVALID,2.0,NORMAL,3.0,25.92,0.0,0.0,134.0,136.0,207.0,2.948070546128662,246.0,91.0,682.624,250.0,32.5,32.0,34.7
115.3,346.47,9.700000000000001,3.3607590000000003,17.2,D,ENABLE,INVALID,2.0,NORMAL,3.0,26.0,0.0,0.0,124.0,124.0,209.9,2.725603898352457,246.0,91.0,682.624,250.0,32.5,32.0,34.7
115.4,346.37,9.8,3.394426,17.6,D,ENABLE,INVALID,2.0,NORMAL,2.5,26.08,0.0,0.0,128.0,128.0,207.4,2.780016283112632,246.0,91.0,682.624,250.0,32.5,32.0,34.7
115.5,346.36,9.600000000000001,3.3250560000000005,17.6,D,ENABLE,INVALID,2.0,NORMAL,3.0,26.08,0.0,0.0,124.0,124.0,210.3,2.7307979982063917,246.0,91.0,682.624,250.0,32.5,32.0,34.7
115.6,346.32,9.700000000000001,3.3593040000000003,17.6,D,ENABLE,INVALID,2.0,NORMAL,3.0,26.159999999999997,0.0,0.0,126.0,126.0,208.3,2.7484537489195664,246.0,91.0,682.624,250.0,32.5,32.0,34.7
115.7,346.33,9.700000000000001,3.359401,17.2,D,ENABLE,INVALID,2.0,NORMAL,2.5,26.159999999999997,0.0,0.0,120.0,120.0,211.4,2.656530747875529,246.0,91.0,682.624,250.0,32.5,32.0,34.7
115.8,346.3,9.4,3.2552200000000004,17.6,D,ENABLE,INVALID,2.0,NORMAL,2.5,26.239999999999995,0.0,0.0,130.0,130.0,209.10000000000002,2.8465971034177118,246.0,91.0,682.624,250.0,32.5,32.0,34.7
115.9,346.31,9.3,3.2206830000000006,17.6,D,ENABLE,INVALID,2.0,NORMAL,2.5,26.239999999999995,0.0,0.0,116.0,114.0,210.9,2.5177351844399323,246.0,91.0,682.624,250.0,32.5,32.0,34.7
116.0,346.26,9.1,3.150966,17.6,D,ENABLE,INVALID,2.0,NORMAL,2.5,26.320000000000007,0.0,0.0,120.0,120.0,211.5,2.657787384936965,246.0,91.0,682.624,250.0,32.5,32.0,34.7
116.1,346.38,9.1,3.152058,17.6,D,ENABLE,INVALID,2.0,NORMAL,2.5,26.320000000000007,0.0,0.0,116.0,116.0,212.0,2.575268217902673,246.0,91.0,682.624,250.0,32.5,32.0,34.7
116.2,346.36,9.1,3.151876,17.6,D,ENABLE,INVALID,2.0,NORMAL,2.5,26.400000000000006,0.0,0.0,120.0,120.0,210.0,2.6389378290154264,246.0,91.0,682.624,250.0,32.5,32.0,34.7
116.3,346.44,8.8,3.048672,17.6,D,ENABLE,INVALID,2.0,NORMAL,2.5,26.400000000000006,0.0,0.0,114.0,114.0,211.4,2.523704210481753,246.0,91.0,682.624,250.0,32.5,32.0,34.7
116.4,346.52,8.9,3.084028,17.6,D,ENABLE,INVALID,2.0,NORMAL,2.5,26.480000000000004,0.0,0.0,114.0,114.0,210.8,2.516541379231568,246.0,91.0,682.624,250.0,32.5,32.0,34.7
116.5,346.38,8.8,3.048144,17.6,D,ENABLE,INVALID,2.0,NORMAL,2.5,26.480000000000004,0.0,0.0,106.0,106.0,212.4,2.357702454666068,246.0,91.0,682.624,250.0,32.5,32.0,34.7
116.6,346.5,9.0,3.1185,17.6,D,ENABLE,INVALID,2.0,NORMAL,2.5,26.480000000000004,0.0,0.0,110.0,110.0,211.9,2.44091277208415,246.0,91.0,682.624,250.0,32.5,32.0,34.7
116.7,346.42,9.700000000000001,3.3602740000000004,18.8,D,ENABLE,INVALID,2.0,NORMAL,3.0,26.560000000000002,0.0,0.0,120.0,120.0,212.3,2.667840481428452,246.0,91.0,682.624,250.0,32.5,32.0,34.6
116.8,346.21,12.5,4.327625,21.200000000000003,D,ENABLE,INVALID,2.0,NORMAL,4.0,26.560000000000002,0.0,0.0,148.0,148.0,213.9,3.3151342317740933,246.0,91.0,682.624,250.0,32.5,32.0,34.6
116.9,345.82,18.0,6.22476,21.200000000000003,D,ENABLE,INVALID,2.0,NORMAL,5.5,26.64,0.0,0.0,230.0,240.0,215.0,5.403539364174444,246.0,91.0,682.624,250.0,32.5,32.0,34.6
117.0,345.67,21.6,7.466472,21.200000000000003,D,ENABLE,INVALID,2.0,NORMAL,6.5,26.799999999999997,0.0,0.0,276.0,276.0,215.5,6.228521595007124,246.0,91.0,682.624,250.0,32.5,32.0,34.6
117.1,345.59000000000003,22.1,7.637539000000001,21.200000000000003,D,ENABLE,INVALID,2.0,NORMAL,7.0,26.960000000000008,0.0,0.0,302.0,302.0,216.20000000000002,6.837404139174874,246.0,91.0,682.624,250.0,32.5,32.0,34.6
117.2,345.42,22.1,7.633782000000001,21.200000000000003,D,ENABLE,INVALID,2.0,NORMAL,7.0,27.040000000000006,0.0,0.0,298.0,298.0,217.20000000000002,6.7780489819730505,246.0,91.0,682.624,250.0,32.5,32.0,34.6
117.3,345.6,22.0,7.603200000000001,20.8,D,ENABLE,INVALID,2.0,NORMAL,7.0,27.200000000000003,0.0,0.0,292.0,292.0,219.3,6.705792350940486,246.0,91.0,682.624,250.0,32.5,32.0,34.6
117.4,345.66,21.400000000000002,7.397124000000002,20.8,D,ENABLE,INVALID,2.0,NORMAL,7.0,27.36,0.0,0.0,286.0,286.0,219.60000000000002,6.576987052143304,246.0,91.0,682.624,250.0,32.5,32.0,34.6
117.5,345.7,20.900000000000002,7.22513,20.8,D,ENABLE,INVALID,2.0,NORMAL,6.5,27.519999999999996,0.0,0.0,280.0,280.0,219.8,6.444872609084341,246.0,91.0,682.624,250.0,32.5,32.0,34.6
117.6,345.6,20.0,6.912,20.8,D,ENABLE,INVALID,2.0,NORMAL,6.5,27.599999999999994,0.0,0.0,276.0,278.0,220.60000000000002,6.422127478272351,246.0,91.0,682.624,250.0,32.5,32.0,34.6
117.7,345.66,19.6,6.774936,20.8,D,ENABLE,INVALID,2.0,NORMAL,6.0,27.760000000000005,0.0,0.0,256.0,256.0,222.70000000000002,5.970198903077947,246.0,91.0,682.624,250.0,32.5,32.0,34.6
117.8,345.66,18.900000000000002,6.532974000000001,20.8,D,ENABLE,INVALID,2.0,NORMAL,6.0,27.840000000000003,0.0,0.0,256.0,258.0,223.10000000000002,6.027648160736593,246.0,91.0,682.624,250.0,32.5,32.0,34.6
117.9,345.7,18.5,6.395449999999999,20.8,D,ENABLE,INVALID,2.0,NORMAL,6.0,28.0,0.0,0.0,240.0,240.0,224.70000000000002,5.647326954093013,246.0,91.0,682.624,250.0,32.5,32.0,34.6
118.0,345.69,18.1,6.256989000000001,20.8,D,ENABLE,INVALID,2.0,NORMAL,5.5,28.08,0.0,0.0,230.0,228.0,225.9,5.393611931389101,246.0,91.0,682.624,250.0,32.5,32.0,34.6
118.1,345.59000000000003,17.900000000000002,6.186061000000001,20.8,D,ENABLE,INVALID,2.0,NORMAL,5.5,28.159999999999997,0.0,0.0,228.0,228.0,225.20000000000002,5.376898658472004,246.0,91.0,682.624,250.0,32.5,32.0,34.6
118.2,345.59000000000003,17.5,6.0478250000000005,20.8,D,ENABLE,INVALID,2.0,NORMAL,5.5,28.320000000000007,0.0,0.0,226.0,226.0,225.60000000000002,5.339199546628926,246.0,91.0,682.624,250.0,32.5,32.0,34.6
118.3,345.61,17.0,5.87537,20.8,D,ENABLE,INVALID,2.0,NORMAL,5.5,28.400000000000006,0.0,0.0,224.0,224.0,226.5,5.313061495751058,246.0,91.0,682.624,250.0,32.5,32.0,34.6
118.4,345.84000000000003,16.8,5.810112000000001,20.8,D,ENABLE,INVALID,2.0,NORMAL,5.0,28.400000000000006,0.0,0.0,216.0,216.0,229.4,5.18890575408119,246.0,91.0,682.624,250.0,32.5,32.0,34.6
118.5,345.78000000000003,16.7,5.774526,20.8,D,ENABLE,INVALID,2.0,NORMAL,5.0,28.560000000000002,0.0,0.0,212.0,212.0,228.20000000000002,5.0661742010809485,246.0,91.0,682.624,250.0,32.5,32.0,34.6
118.6,345.71,16.0,5.531359999999999,20.8,D,ENABLE,INVALID,2.0,NORMAL,5.0,28.64,0.0,0.0,210.0,210.0,230.0,5.057964172279567,246.0,91.0,682.624,250.0,32.5,32.0,34.6
118.7,345.56,16.1,5.563516000000001,20.8,D,ENABLE,INVALID,2.0,NORMAL,5.0,28.72,0.0,0.0,200.0,200.0,230.8,4.8338638963234954,246.0,91.0,682.624,250.0,32.5,32.0,34.6
118.8,345.8,15.600000000000001,5.394480000000001,20.8,D,ENABLE,INVALID,2.0,NORMAL,5.0,28.799999999999997,0.0,0.0,196.0,196.0,230.20000000000002,4.724871575194953,246.0,91.0,682.624,250.0,32.5,32.0,34.6
118.9,345.88,15.600000000000001,5.395728,20.8,D,ENABLE,INVALID,2.0,NORMAL,5.0,28.879999999999995,0.0,0.0,194.0,194.0,233.0,4.733542370918861,246.0,91.0,682.624,250.0,32.5,32.0,34.6
119.0,345.94,15.700000000000001,5.431258000000001,20.8,D,ENABLE,INVALID,2.0,NORMAL,5.0,29.040000000000006,0.0,0.0,196.0,196.0,232.8,4.778236762403933,246.0,91.0,682.624,250.0,32.5,32.0,34.6
119.1,345.88,15.9,5.499492,20.8,D,ENABLE,INVALID,2.0,NORMAL,5.0,29.120000000000005,0.0,0.0,196.0,196.0,234.70000000000002,4.817234399210494,246.0,91.0,682.624,250.0,32.5,32.0,34.6
119.2,345.87,15.9,5.499333000000001,20.8,D,ENABLE,INVALID,2.0,NORMAL,5.0,29.200000000000003,0.0,0.0,196.0,196.0,232.70000000000002,4.776184255203587,246.0,91.0,682.624,250.0,32.5,32.0,34.6
119.3,345.74,16.0,5.53184,20.8,D,ENABLE,INVALID,2.0,NORMAL,5.0,29.28,0.0,0.0,196.0,196.0,234.70000000000002,4.817234399210494,246.0,91.0,682.624,250.0,32.5,32.0,34.6
119.4,345.73,15.8,5.462534000000001,20.8,D,ENABLE,INVALID,2.0,NORMAL,5.0,29.36,0.0,0.0,194.0,194.0,236.3,4.8005839581464675,246.0,91.0,682.624,250.0,32.5,32.0,34.6
119.5,345.75,15.600000000000001,5.393700000000001,20.8,D,ENABLE,INVALID,2.0,NORMAL,5.0,29.439999999999998,0.0,0.0,192.0,192.0,234.8,4.720934112402454,246.0,91.0,682.624,250.0,32.5,32.0,34.6
119.6,345.74,15.700000000000001,5.428118,20.8,D,ENABLE,INVALID,2.0,NORMAL,5.0,29.519999999999996,0.0,0.0,190.0,190.0,237.70000000000002,4.729458300469194,246.0,91.0,682.624,250.0,32.5,32.0,34.6
119.7,345.87,15.600000000000001,5.3955720000000005,20.8,D,ENABLE,INVALID,2.0,NORMAL,4.5,29.60000000000001,0.0,0.0,190.0,190.0,238.20000000000002,4.739406677205562,246.0,91.0,682.624,250.0,32.5,32.0,34.6
119.8,345.92,15.5,5.36176,20.8,D,ENABLE,INVALID,2.0,NORMAL,4.5,29.680000000000007,0.0,0.0,188.0,190.0,236.20000000000002,4.699613170260091,246.0,91.0,682.624,250.0,32.5,32.0,34.6
119.9,345.88,15.600000000000001,5.395728,20.8,D,ENABLE,INVALID,2.0,NORMAL,4.5,29.760000000000005,0.0,0.0,188.0,188.0,237.60000000000002,4.677705797489058,246.0,91.0,682.624,250.0,32.5,32.0,34.6
120.0,345.81,15.600000000000001,5.394636,20.8,D,ENABLE,INVALID,2.0,NORMAL,4.5,29.840000000000003,0.0,0.0,188.0,188.0,239.8,4.72101788820655,246.0,91.0,682.624,250.0,32.5,32.0,34.6
120.1,345.76,15.5,5.35928,20.8,D,ENABLE,INVALID,2.0,NORMAL,4.5,29.92,0.0,0.0,186.0,186.0,240.5,4.684428805767741,246.0,91.0,682.624,250.0,32.5,32.0,34.6
120.2,345.89,15.5,5.361295,20.8,D,ENABLE,INVALID,2.0,NORMAL,4.5,30.0,0.0,0.0,186.0,186.0,242.3,4.719488979781803,246.0,91.0,682.624,250.0,32.5,32.0,34.6
120.3,345.79,15.3,5.290587,20.8,D,ENABLE,INVALID,2.0,NORMAL,4.5,30.08,0.0,0.0,186.0,186.0,241.0,4.694167742993869,246.0,91.0,682.624,250.0,32.5,32.0,34.6
120.4,345.79,15.5,5.359745,20.8,D,ENABLE,INVALID,2.0,NORMAL,4.5,30.159999999999997,0.0,0.0,184.0,186.0,240.70000000000002,4.688324380658193,246.0,91.0,682.624,250.0,32.5,32.0,34.6
120.5,345.83,15.600000000000001,5.394948,20.8,D,ENABLE,INVALID,2.0,NORMAL,4.5,30.239999999999995,0.0,0.0,184.0,184.0,242.3,4.668741786450816,246.0,91.0,682.624,250.0,32.5,32.0,34.6
120.6,345.81,15.5,5.360055,20.400000000000002,D,ENABLE,INVALID,2.0,NORMAL,4.5,30.320000000000007,0.0,0.0,184.0,184.0,242.10000000000002,4.664888099462412,246.0,91.0,682.624,250.0,32.5,32.0,34.6
120.7,345.73,15.5,5.358815000000001,20.400000000000002,D,ENABLE,INVALID,2.0,NORMAL,4.5,30.400000000000006,0.0,0.0,182.0,182.0,242.4,4.619900492663007,246.0,91.0,682.624,250.0,32.5,32.0,34.6
120.8,345.89,15.5,5.361295,20.8,D,ENABLE,INVALID,2.0,NORMAL,4.5,30.480000000000004,0.0,0.0,182.0,182.0,244.0,4.650394885353851,246.0,91.0,682.624,250.0,32.5,32.0,34.6
120.9,345.8,15.4,5.3253200000000005,20.400000000000002,D,ENABLE,INVALID,2.0,NORMAL,4.5,30.560000000000002,0.0,0.0,182.0,182.0,245.20000000000002,4.673265679871984,246.0,91.0,682.624,250.0,32.5,32.0,34.6
121.0,345.81,15.5,5.360055,20.400000000000002,D,ENABLE,INVALID,2.0,NORMAL,4.5,30.64,0.0,0.0,182.0,182.0,246.70000000000002,4.701854173019652,246.0,91.0,682.624,250.0,32.5,32.0,34.6
121.1,345.67,15.4,5.323318,20.8,D,ENABLE,INVALID,2.0,NORMAL,4.5,30.72,0.0,0.0,182.0,182.0,248.10000000000002,4.728536766624141,246.0,91.0,682.624,250.0,32.5,32.0,34.6
121.2,345.92,15.600000000000001,5.396352000000001,20.400000000000002,D,ENABLE,INVALID,2.0,NORMAL,4.5,30.799999999999997,0.0,0.0,182.0,180.0,248.5,4.6841146465023815,246.0,91.0,682.624,250.0,32.5,32.0,34.6
121.3,345.78000000000003,15.600000000000001,5.3941680000000005,20.400000000000002,D,ENABLE,INVALID,2.0,NORMAL,4.5,30.879999999999995,0.0,0.0,180.0,180.0,247.3,4.661495179396535,246.0,91.0,682.624,250.0,32.5,32.0,34.6
121.4,345.66,15.600000000000001,5.392296000000001,20.400000000000002,D,ENABLE,INVALID,2.0,NORMAL,4.5,30.960000000000008,0.0,0.0,180.0,180.0,248.60000000000002,4.685999602094536,246.0,91.0,682.624,250.0,32.5,32.0,34.6
121.5,345.65000000000003,15.5,5.357575000000001,20.400000000000002,D,ENABLE,INVALID,2.0,NORMAL,4.5,31.040000000000006,0.0,0.0,180.0,180.0,248.20000000000002,4.67845977972592,246.0,91.0,682.624,250.0,32.5,32.0,34.6
121.6,345.7,15.600000000000001,5.39292,20.400000000000002,D,ENABLE,INVALID,2.0,NORMAL,4.5,31.120000000000005,0.0,0.0,180.0,180.0,250.9,4.729353580714075,246.0,91.0,682.624,250.0,32.5,32.0,34.6
121.7,345.76,15.5,5.35928,20.400000000000002,D,ENABLE,INVALID,2.0,NORMAL,4.5,31.200000000000003,0.0,0.0,180.0,180.0,249.60000000000002,4.704849158016075,246.0,91.0,682.624,250.0,32.5,32.0,34.6
121.8,345.73,15.600000000000001,5.393388000000001,20.400000000000002,D,ENABLE,INVALID,2.0,NORMAL,4.5,31.28,0.0,0.0,180.0,180.0,250.4,4.719928802753305,246.0,91.0,682.624,250.0,32.5,32.0,34.6
121.9,345.76,15.600000000000001,5.393856,20.400000000000002,D,ENABLE,INVALID,2.0,NORMAL,4.5,31.36,0.0,0.0,180.0,180.0,252.70000000000002,4.763282781372844,246.0,91.0,682.624,250.0,32.5,32.0,34.6
122.0,345.8,15.700000000000001,5.429060000000001,20.400000000000002,D,ENABLE,INVALID,2.0,NORMAL,4.5,31.439999999999998,0.0,0.0,180.0,180.0,252.5,4.759512870188536,246.0,91.0,682.624,250.0,32.5,32.0,34.6
122.1,345.65000000000003,15.700000000000001,5.426705000000001,20.400000000000002,D,ENABLE,INVALID,2.0,NORMAL,5.0,31.519999999999996,0.0,0.0,180.0,180.0,252.60000000000002,4.7613978257806915,246.0,91.0,682.624,250.0,32.5,32.0,34.6
122.2,345.7,15.700000000000001,5.42749,20.400000000000002,D,ENABLE,INVALID,2.0,NORMAL,5.0,31.60000000000001,0.0,0.0,180.0,180.0,255.3,4.812291626768846,246.0,91.0,682.624,250.0,32.5,32.0,34.6
122.3,345.77,15.700000000000001,5.428589,20.400000000000002,D,ENABLE,INVALID,2.0,NORMAL,4.5,31.680000000000007,0.0,0.0,180.0,180.0,253.0,4.768937648149306,246.0,91.0,682.624,250.0,32.5,32.0,34.6
122.4,345.72,15.9,5.496948000000001,20.400000000000002,D,ENABLE,INVALID,2.0,NORMAL,5.0,31.760000000000005,0.0,0.0,178.0,178.0,254.20000000000002,4.738317591752318,246.0,91.0,682.624,250.0,32.5,32.0,34.6
122.5,345.81,15.9,5.498379,20.400000000000002,D,ENABLE,INVALID,2.0,NORMAL,5.0,31.760000000000005,0.0,0.0,178.0,180.0,254.20000000000002,4.791557115255153,246.0,91.0,682.624,250.0,32.5,32.0,34.6
122.6,345.77,15.8,5.463166,20.400000000000002,D,ENABLE,INVALID,2.0,NORMAL,5.0,31.840000000000003,0.0,0.0,180.0,178.0,256.6,4.783053871139437,246.0,91.0,682.624,250.0,32.5,32.0,34.6
122.7,345.66,15.8,5.461428000000001,20.400000000000002,D,ENABLE,INVALID,2.0,NORMAL,5.0,31.92,0.0,0.0,180.0,180.0,255.60000000000002,4.817946493545308,246.0,91.0,682.624,250.0,32.5,32.0,34.6
122.8,345.79,15.9,5.498061000000001,20.400000000000002,D,ENABLE,INVALID,2.0,NORMAL,5.0,32.0,0.0,0.0,178.0,178.0,256.6,4.783053871139437,246.0,91.0,682.624,250.0,32.5,32.0,34.6
122.9,345.76,15.9,5.497584,20.400000000000002,D,ENABLE,INVALID,2.0,NORMAL,5.0,32.08,0.0,0.0,178.0,178.0,258.5,4.818470092320905,246.0,91.0,682.624,250.0,32.5,32.0,34.6
123.0,345.73,15.8,5.462534000000001,20.400000000000002,D,ENABLE,INVALID,2.0,NORMAL,5.0,32.16,0.0,0.0,178.0,178.0,258.0,4.809150034115255,246.0,91.0,682.624,250.0,32.5,32.0,34.6
123.1,345.66,15.700000000000001,5.426862000000001,19.6,D,ENABLE,INVALID,2.0,NORMAL,4.5,32.239999999999995,0.0,0.0,176.0,176.0,259.90000000000003,4.790132926585526,246.0,91.0,682.624,250.0,32.5,32.0,34.6
123.2,345.72,14.9,5.151228000000001,19.200000000000003,D,ENABLE,INVALID,2.0,NORMAL,4.5,32.32000000000001,0.0,0.0,170.0,170.0,259.1,4.612591053755655,246.0,91.0,682.624,250.0,32.5,32.0,34.6
123.3,345.85,13.700000000000001,4.738145,19.200000000000003,D,ENABLE,INVALID,2.0,NORMAL,4.0,32.400000000000006,0.0,0.0,156.0,158.0,258.6,4.2787235304831555,246.0,91.0,682.624,250.0,32.5,32.0,34.6
123.4,345.85,12.3,4.253955000000001,18.0,D,ENABLE,INVALID,2.0,NORMAL,3.5,32.480000000000004,0.0,0.0,138.0,138.0,260.40000000000003,3.763125344175998,246.0,91.0,682.624,250.0,32.5,32.0,34.6
123.5,346.01,10.4,3.5985039999999997,17.6,D,ENABLE,INVALID,2.0,NORMAL,3.0,32.480000000000004,0.0,0.0,116.0,112.0,261.6,3.0682050492019357,246.0,91.0,682.624,250.0,32.5,32.0,34.6
123.6,346.21,8.200000000000001,2.838922,17.6,D,ENABLE,INVALID,2.0,NORMAL,2.0,32.56,0.0,0.0,90.0,90.0,260.0,2.450442269800039,246.0,91.0,682.624,250.0,32.5,32.0,34.6
123.7,346.31,6.5,2.2510149999999998,17.6,D,ENABLE,INVALID,2.0,NORMAL,1.5,32.56,0.0,0.0,68.0,74.0,258.7,2.0047340480597424,246.0,91.0,682.624,250.0,32.5,32.0,34.6
123.8,346.33,5.300000000000001,1.835549,17.6,D,ENABLE,INVALID,2.0,NORMAL,1.0,32.56,0.0,0.0,50.0,52.0,260.40000000000003,1.417989260124289,246.0,91.0,682.624,250.0,32.5,32.0,34.6
123.9,346.38,4.5,1.55871,17.6,D,ENABLE,INVALID,2.0,NORMAL,1.0,32.56,0.0,0.0,38.0,34.0,262.5,0.9346238144429635,246.0,91.0,682.624,250.0,32.5,32.0,34.6
124.0,346.44,4.0,1.3857599999999999,17.6,D,ENABLE,INVALID,2.0,NORMAL,1.0,32.56,0.0,0.0,32.0,30.0,261.0,0.819955682586936,246.0,91.0,682.624,250.0,32.5,32.0,34.6
124.1,346.63,3.6,1.247868,17.6,D,ENABLE,INVALID,2.0,NORMAL,0.5,32.56,0.0,0.0,28.0,28.0,258.6,0.7582548028704326,246.0,91.0,682.624,250.0,32.5,32.0,34.6
124.2,346.59000000000003,3.5,1.213065,17.6,D,ENABLE,INVALID,2.0,NORMAL,0.5,32.480000000000004,0.0,0.0,24.0,28.0,258.90000000000003,0.7591344488134377,246.0,91.0,682.624,250.0,32.5,32.0,34.6
124.3,346.57,3.5,1.2129949999999998,17.6,D,ENABLE,INVALID,2.0,NORMAL,0.5,32.480000000000004,0.0,0.0,24.0,24.0,261.6,0.6574725105432719,246.0,91.0,682.624,250.0,32.5,32.0,34.6
124.4,346.58,3.3000000000000003,1.143714,17.6,D,ENABLE,INVALID,2.0,NORMAL,0.5,32.480000000000004,0.0,0.0,22.0,22.0,260.90000000000003,0.6010704504358233,246.0,91.0,682.624,250.0,32.5,32.0,34.6
124.5,346.6,3.1,1.07446,17.6,D,ENABLE,INVALID,2.0,NORMAL,0.5,32.480000000000004,0.0,0.0,22.0,22.0,259.7,0.5983058489006641,246.0,91.0,682.624,250.0,32.5,32.0,34.6
124.6,346.57,3.1,1.074367,17.6,D,ENABLE,INVALID,2.0,NORMAL,0.5,32.400000000000006,0.0,0.0,20.0,20.0,259.90000000000003,0.5443332871119916,246.0,91.0,682.624,250.0,32.5,32.0,34.6
124.7,346.63,3.1,1.074553,17.6,D,ENABLE,INVALID,2.0,NORMAL,0.5,32.400000000000006,0.0,0.0,20.0,18.0,260.5,0.49103093175608464,246.0,91.0,682.624,250.0,32.5,32.0,34.6
124.8,346.74,2.9000000000000004,1.0055460000000003,17.6,D,ENABLE,INVALID,2.0,NORMAL,0.5,32.400000000000006,0.0,0.0,18.0,18.0,258.8,0.4878265072494231,246.0,91.0,682.624,250.0,32.5,32.0,34.6
124.9,346.71,3.0,1.0401299999999998,17.6,D,ENABLE,INVALID,2.0,NORMAL,0.5,32.400000000000006,0.0,0.0,18.0,18.0,258.0,0.48631854277569997,246.0,91.0,682.624,250.0,32.5,32.0,34.6
125.0,346.65000000000003,2.9000000000000004,1.0052850000000002,17.2,D,ENABLE,INVALID,2.0,NORMAL,0.5,32.32000000000001,0.0,0.0,18.0,16.0,259.1,0.4341262168240616,246.0,91.0,682.624,250.0,32.5,32.0,34.6
125.1,346.49,2.8000000000000003,0.9701720000000001,16.8,D,ENABLE,INVALID,2.0,NORMAL,0.5,32.32000000000001,0.0,0.0,16.0,16.0,259.0,0.43395866521587007,246.0,91.0,682.624,250.0,32.5,32.0,34.6
125.2,346.71,2.5,0.866775,16.400000000000002,D,ENABLE,INVALID,2.0,NORMAL,0.0,32.32000000000001,0.0,0.0,12.0,12.0,257.8,0.3239610344381795,246.0,91.0,682.624,250.0,32.5,32.0,34.6
125.3,346.65000000000003,2.0,0.6933,16.400000000000002,D,ENABLE,INVALID,2.0,NORMAL,0.0,32.32000000000001,0.0,0.0,6.0,4.0,259.3,0.10861533001011112,246.0,91.0,682.624,250.0,32.5,32.0,34.6
125.4,346.61,1.8,0.6238980000000001,16.400000000000002,D,ENABLE,INVALID,2.0,NORMAL,0.0,32.239999999999995,0.0,0.0,0.0,0.0,258.0,0.0,246.0,91.0,682.624,250.0,32.5,32.0,34.6
125.5,346.82,1.4000000000000001,0.48554800000000004,16.400000000000002,D,ENABLE,INVALID,2.0,NORMAL,0.0,32.239999999999995,0.0,0.0,-8.0,0.0,254.10000000000002,0.0,246.0,91.0,682.624,250.0,32.5,32.0,34.6
125.6,346.79,0.0,0.0,16.400000000000002,D,ENABLE,INVALID,2.0,NORMAL,-0.5,32.239999999999995,0.0,0.0,-14.0,-20.0,259.90000000000003,-0.5443332871119916,246.0,91.0,682.624,250.0,32.5,32.0,34.6
125.7,346.75,0.2,0.06935000000000001,16.400000000000002,D,ENABLE,INVALID,2.0,NORMAL,-0.5,32.16,0.0,0.0,-18.0,-12.0,256.1,-0.32182475143373845,246.0,91.0,682.624,250.0,32.5,32.0,34.6
125.8,346.95,-0.30000000000000004,-0.10408500000000001,16.0,D,ENABLE,INVALID,2.0,NORMAL,-0.5,32.16,0.0,0.0,-22.0,-22.0,257.0,-0.5920854954465564,246.0,91.0,682.624,250.0,32.5,32.0,34.6
125.9,346.85,-0.4,-0.13874,16.0,D,ENABLE,INVALID,2.0,NORMAL,-0.5,32.08,0.0,0.0,-24.0,-24.0,257.2,-0.6464141044026357,246.0,91.0,682.624,250.0,32.5,32.0,34.6
126.0,346.91,-0.7000000000000001,-0.24283700000000005,15.600000000000001,D,ENABLE,INVALID,2.0,NORMAL,-1.0,32.08,0.0,0.0,-28.0,-28.0,256.3,-0.7515108506407265,246.0,91.0,682.624,250.0,32.5,32.0,34.6
126.1,346.95,-1.3,-0.451035,15.600000000000001,D,ENABLE,INVALID,2.0,NORMAL,-1.0,32.0,0.0,0.0,-36.0,-36.0,256.2,-0.965851245419646,246.0,91.0,682.624,250.0,32.5,32.0,34.6
126.2,347.05,-2.0,-0.6941,15.600000000000001,D,ENABLE,INVALID,2.0,NORMAL,-1.0,32.0,0.0,0.0,-42.0,-42.0,255.3,-1.122868046246064,246.0,91.0,682.624,250.0,32.5,32.0,34.6
126.3,347.1,-2.4000000000000004,-0.8330400000000002,15.200000000000001,D,ENABLE,INVALID,2.0,NORMAL,-1.5,31.92,0.0,0.0,-50.0,-50.0,255.4,-1.3372712728780554,246.0,91.0,682.624,250.0,32.5,32.0,34.6
126.4,347.0,-2.7,-0.9369000000000001,15.200000000000001,D,ENABLE,INVALID,2.0,NORMAL,-1.5,31.840000000000003,0.0,0.0,-54.0,-52.0,254.5,-1.3858612392535774,246.0,91.0,682.624,250.0,32.5,32.0,34.6
126.5,347.07,-2.9000000000000004,-1.0065030000000001,15.200000000000001,D,ENABLE,INVALID,2.0,NORMAL,-1.5,31.760000000000005,0.0,0.0,-56.0,-58.0,255.70000000000002,-1.5530568002776262,246.0,91.0,682.624,250.0,32.5,32.0,34.6
126.6,347.08,-3.0,-1.04124,15.200000000000001,D,ENABLE,INVALID,2.0,NORMAL,-1.5,31.760000000000005,0.0,0.0,-58.0,-58.0,252.4,-1.5330134391477235,246.0,91.0,682.624,250.0,32.5,32.0,34.6
126.7,347.11,-3.1,-1.0760410000000002,15.200000000000001,D,ENABLE,INVALID,2.0,NORMAL,-1.5,31.680000000000007,0.0,0.0,-60.0,-60.0,252.8,-1.5883892456549993,246.0,91.0,682.624,250.0,32.5,32.0,34.6
126.8,347.07,-3.1,-1.075917,15.200000000000001,D,ENABLE,INVALID,2.0,NORMAL,-1.5,31.60000000000001,0.0,0.0,-62.0,-62.0,250.9,-1.6289995666904036,246.0,91.0,682.624,250.0,32.5,32.0,34.6
126.9,347.15000000000003,-3.4000000000000004,-1.1803100000000002,15.200000000000001,D,ENABLE,INVALID,2.0,NORMAL,-1.5,31.519999999999996,0.0,0.0,-64.0,-64.0,251.60000000000002,-1.6862393848388098,246.0,91.0,682.624,250.0,32.5,32.0,34.6
127.0,347.07,-3.5,-1.214745,15.200000000000001,D,ENABLE,INVALID,2.0,NORMAL,-1.5,31.439999999999998,0.0,0.0,-66.0,-66.0,250.70000000000002,-1.7327140121609146,246.0,91.0,682.624,250.0,32.5,32.0,34.6
127.1,347.17,-3.6,-1.2498120000000001,15.200000000000001,D,ENABLE,INVALID,2.0,NORMAL,-2.0,31.36,0.0,0.0,-68.0,-68.0,250.4,-1.7830842143734709,246.0,91.0,682.624,250.0,32.5,32.0,34.6
127.2,347.22,-3.7,-1.2847140000000001,15.200000000000001,D,ENABLE,INVALID,2.0,NORMAL,-2.0,31.28,0.0,0.0,-70.0,-70.0,251.0,-1.8399260974524223,246.0,91.0,682.624,250.0,32.5,32.0,34.6
127.3,347.17,-3.8000000000000003,-1.3192460000000001,15.200000000000001,D,ENABLE,INVALID,2.0,NORMAL,-2.0,31.200000000000003,0.0,0.0,-70.0,-70.0,249.70000000000002,-1.8303965997365332,246.0,91.0,682.624,250.0,32.5,32.0,34.6
127.4,347.1,-3.8000000000000003,-1.3189800000000003,14.8,D,ENABLE,INVALID,2.0,NORMAL,-2.0,31.120000000000005,0.0,0.0,-72.0,-72.0,249.9,-1.8842016099170142,246.0,91.0,682.624,250.0,32.5,32.0,34.6
127.5,347.23,-4.0,-1.3889200000000002,15.200000000000001,D,ENABLE,INVALID,2.0,NORMAL,-2.0,31.040000000000006,0.0,0.0,-74.0,-72.0,246.20000000000002,-1.8563042671531371,246.0,91.0,682.624,250.0,32.5,32.0,34.6
127.6,347.29,-3.9000000000000004,-1.3544310000000002,14.8,D,ENABLE,INVALID,2.0,NORMAL,-2.0,30.960000000000008,0.0,0.0,-74.0,-74.0,249.3,-1.9318909863985076,246.0,91.0,682.624,250.0,32.5,32.0,34.6
127.7,347.23,-4.0,-1.3889200000000002,14.8,D,ENABLE,INVALID,2.0,NORMAL,-2.0,30.960000000000008,0.0,0.0,-74.0,-74.0,248.9,-1.9287912816469657,246.0,91.0,682.624,250.0,32.5,32.0,34.6
127.8,347.15000000000003,-4.0,-1.3886,15.200000000000001,D,ENABLE,INVALID,2.0,NORMAL,-2.0,30.879999999999995,0.0,0.0,-74.0,-74.0,246.8,-1.9125178317013705,246.0,91.0,682.624,250.0,32.5,32.0,34.6
127.9,347.21,-3.9000000000000004,-1.354119,14.8,D,ENABLE,INVALID,2.0,NORMAL,-2.0,30.799999999999997,0.0,0.0,-74.0,-74.0,244.5,-1.8946945293800042,246.0,91.0,682.624,250.0,32.5,32.0,34.6
128.0,347.26,-3.9000000000000004,-1.354314,14.8,D,ENABLE,INVALID,2.0,NORMAL,-2.0,30.799999999999997,0.0,0.0,-74.0,-74.0,245.20000000000002,-1.9001190126952028,246.0,91.0,682.624,250.0,32.5,32.0,34.6
128.1,347.21,-4.0,-1.3888399999999999,14.8,D,ENABLE,INVALID,2.0,NORMAL,-2.0,30.799999999999997,0.0,0.0,-74.0,-74.0,245.20000000000002,-1.9001190126952028,246.0,91.0,682.624,250.0,32.2,32.0,34.6
128.2,347.3,-4.1000000000000005,-1.4239300000000004,14.8,D,ENABLE,INVALID,2.0,NORMAL,-2.0,30.72,0.0,0.0,-76.0,-74.0,244.4,-1.8939196031921188,246.0,91.0,682.624,250.0,32.2,32.0,34.6
128.3,347.15000000000003,-4.1000000000000005,-1.4233150000000003,14.8,D,ENABLE,INVALID,2.0,NORMAL,-2.0,30.64,0.0,0.0,-76.0,-76.0,244.3,-1.944310749355699,246.0,91.0,682.624,250.0,32.2,32.0,34.6
128.4,347.24,-4.1000000000000005,-1.4236840000000002,14.8,D,ENABLE,INVALID,2.0,NORMAL,-2.0,30.560000000000002,0.0,0.0,-78.0,-78.0,244.0,-1.9930263794373648,246.0,91.0,682.624,250.0,32.2,32.0,34.6
128.5,347.18,-4.2,-1.4581560000000002,14.8,D,ENABLE,INVALID,2.0,NORMAL,-2.0,30.480000000000004,0.0,0.0,-78.0,-78.0,244.10000000000002,-1.9938431935272984,246.0,91.0,682.624,250.0,32.2,32.0,34.6
128.6,347.3,-4.2,-1.45866,14.8,D,ENABLE,INVALID,2.0,NORMAL,-2.0,30.400000000000006,0.0,0.0,-78.0,-78.0,243.5,-1.9889423089876979,246.0,91.0,682.624,250.0,32.2,32.0,34.6
128.7,347.34000000000003,-4.2,-1.4588280000000002,14.8,D,ENABLE,INVALID,2.0,NORMAL,-2.0,30.320000000000007,0.0,0.0,-80.0,-80.0,242.70000000000002,-2.033238765403314,246.0,91.0,682.624,250.0,32.2,32.0,34.6
128.8,347.39,-4.3,-1.493777,14.8,D,ENABLE,INVALID,2.0,NORMAL,-2.0,30.320000000000007,0.0,0.0,-80.0,-80.0,242.8,-2.0340765234442713,246.0,91.0,682.624,250.0,32.2,32.0,34.6
128.9,347.36,-4.3,-1.4936479999999999,14.8,D,ENABLE,INVALID,2.0,NORMAL,-2.0,30.239999999999995,0.0,0.0,-80.0,-80.0,240.60000000000002,-2.015645846543211,246.0,91.0,682.624,250.0,32.2,32.0,34.6
129.0,347.42,-4.3,-1.493906,14.8,D,ENABLE,INVALID,2.0,NORMAL,-2.0,30.159999999999997,0.0,0.0,-80.0,-80.0,239.20000000000002,-2.0039172339698093,246.0,91.0,682.624,250.0,32.2,32.0,34.6
129.1,347.28000000000003,-4.2,-1.4585760000000003,14.8,D,ENABLE,INVALID,2.0,NORMAL,-2.0,30.08,0.0,0.0,-80.0,-80.0,240.5,-2.014808088502254,246.0,91.0,682.624,250.0,32.2,32.0,34.6
129.2,347.28000000000003,-4.2,-1.4585760000000003,14.8,D,ENABLE,INVALID,2.0,NORMAL,-2.0,30.0,0.0,0.0,-80.0,-80.0,240.0,-2.0106192982974678,246.0,91.0,682.624,250.0,32.2,32.0,34.6
129.3,347.40000000000003,-4.3,-1.4938200000000001,14.8,D,ENABLE,INVALID,2.0,NORMAL,-2.0,29.92,0.0,0.0,-80.0,-80.0,241.20000000000002,-2.020672394788955,246.0,91.0,682.624,250.0,32.2,32.0,34.6
129.4,347.38,-4.3,-1.493734,14.8,D,ENABLE,INVALID,2.0,NORMAL,-2.0,29.840000000000003,0.0,0.0,-80.0,-80.0,239.8,-2.008943782215553,246.0,91.0,682.624,250.0,32.2,32.0,34.6
129.5,347.31,-4.2,-1.458702,14.8,D,ENABLE,INVALID,2.0,NORMAL,-2.0,29.760000000000005,0.0,0.0,-80.0,-80.0,237.4,-1.9888375892325785,246.0,91.0,682.624,250.0,32.2,32.0,34.6
129.6,347.19,-4.1000000000000005,-1.4234790000000002,14.8,D,ENABLE,INVALID,2.0,NORMAL,-2.0,29.680000000000007,0.0,0.0,-80.0,-80.0,235.8,-1.9754334605772619,246.0,91.0,682.624,250.0,32.2,32.0,34.6
129.7,347.3,-4.1000000000000005,-1.4239300000000004,14.8,D,ENABLE,INVALID,2.0,NORMAL,-2.0,29.60000000000001,0.0,0.0,-80.0,-80.0,237.5,-1.9896753472735356,246.0,91.0,682.624,250.0,32.2,32.0,34.6
129.8,347.38,-4.1000000000000005,-1.4242580000000002,14.8,D,ENABLE,INVALID,2.0,NORMAL,-2.0,29.519999999999996,0.0,0.0,-80.0,-80.0,236.60000000000002,-1.98213552490492,246.0,91.0,682.624,250.0,32.2,32.0,34.6
129.9,347.35,-4.1000000000000005,-1.4241350000000002,14.8,D,ENABLE,INVALID,2.0,NORMAL,-2.0,29.439999999999998,0.0,0.0,-80.0,-80.0,234.4,-1.96370484800386,246.0,91.0,682.624,250.0,32.2,32.0,34.6
130.0,347.49,-4.1000000000000005,-1.4247090000000002,14.8,D,ENABLE,INVALID,2.0,NORMAL,-2.0,29.439999999999998,0.0,0.0,-80.0,-80.0,235.4,-1.9720824284134328,246.0,91.0,682.624,250.0,32.2,32.0,34.6
130.1,347.39,-4.1000000000000005,-1.4242990000000002,14.8,D,ENABLE,INVALID,2.0,NORMAL,-2.0,29.36,0.0,0.0,-80.0,-80.0,234.5,-1.9645426060448172,246.0,91.0,682.624,250.0,32.2,32.0,34.6
130.2,347.37,-4.1000000000000005,-1.424217,14.8,D,ENABLE,INVALID,2.0,NORMAL,-2.0,29.28,0.0,0.0,-80.0,-80.0,233.9,-1.9595160577990736,246.0,91.0,682.624,250.0,32.2,32.0,34.6
130.3,347.31,-4.2,-1.458702,14.8,D,ENABLE,INVALID,2.0,NORMAL,-2.0,29.200000000000003,0.0,0.0,-80.0,-80.0,232.3,-1.9461119291437572,246.0,91.0,682.624,250.0,32.2,32.0,34.6
130.4,347.44,-4.2,-1.459248,14.8,D,ENABLE,INVALID,2.0,NORMAL,-2.0,29.120000000000005,0.0,0.0,-82.0,-82.0,231.9,-1.991329919404426,246.0,91.0,682.624,250.0,32.2,32.0,34.6
130.5,347.47,-4.2,-1.4593740000000002,14.8,D,ENABLE,INVALID,2.0,NORMAL,-2.0,29.040000000000006,0.0,0.0,-82.0,-82.0,232.10000000000002,-1.9930473233883887,246.0,91.0,682.624,250.0,32.2,32.0,34.6
130.6,347.54,-4.4,-1.529176,14.4,D,ENABLE,INVALID,2.0,NORMAL,-2.0,29.040000000000006,0.0,0.0,-84.0,-84.0,231.20000000000002,-2.033741420227889,246.0,91.0,682.624,250.0,32.2,32.0,34.6
130.7,347.43,-4.6000000000000005,-1.598178,14.4,D,ENABLE,INVALID,2.0,NORMAL,-2.0,28.960000000000008,0.0,0.0,-84.0,-84.0,230.10000000000002,-2.024065314854832,246.0,91.0,682.624,250.0,32.2,32.0,34.6
130.8,347.48,-4.7,-1.6331560000000003,12.8,D,ENABLE,INVALID,2.0,NORMAL,-2.0,28.879999999999995,0.0,0.0,-92.0,-92.0,231.10000000000002,-2.2264676575501103,246.0,91.0,682.624,250.0,32.2,32.0,34.6
130.9,347.59000000000003,-5.7,-1.9812630000000002,12.8,D,ENABLE,INVALID,2.0,NORMAL,-2.5,28.799999999999997,0.0,0.0,-100.0,-100.0,229.9,-2.407507170200978,246.0,91.0,682.624,250.0,32.2,32.0,34.6
131.0,347.7,-6.5,-2.2600499999999997,12.8,D,ENABLE,INVALID,2.0,NORMAL,-3.0,28.72,0.0,0.0,-112.0,-112.0,229.20000000000002,-2.6881980018237144,246.0,91.0,682.624,250.0,32.2,32.0,34.6
131.1,347.49,-7.0,-2.43243,12.8,D,ENABLE,INVALID,2.0,NORMAL,-3.0,28.64,0.0,0.0,-124.0,-124.0,229.20000000000002,-2.976219216304827,246.0,91.0,682.624,250.0,32.2,32.0,34.6
131.2,347.61,-7.300000000000001,-2.5375530000000004,12.8,D,ENABLE,INVALID,2.0,NORMAL,-3.0,28.560000000000002,0.0,0.0,-126.0,-122.0,226.3,-2.891165831196639,246.0,91.0,682.624,250.0,32.2,32.0,34.6
131.3,347.7,-7.5,-2.60775,12.8,D,ENABLE,INVALID,2.0,NORMAL,-3.0,28.480000000000004,0.0,0.0,-134.0,-134.0,228.4,-3.2050109372902593,246.0,91.0,682.624,250.0,32.2,32.0,34.6
131.4,347.65000000000003,-7.4,-2.5726100000000005,12.8,D,ENABLE,INVALID,2.0,NORMAL,-3.0,28.320000000000007,0.0,0.0,-136.0,-138.0,227.8,-3.2920121098436725,246.0,91.0,682.624,250.0,32.2,32.0,34.6
131.5,347.75,-7.2,-2.5038,12.8,D,ENABLE,INVALID,2.0,NORMAL,-3.0,28.239999999999995,0.0,0.0,-132.0,-132.0,226.20000000000002,-3.1267643362648494,246.0,91.0,682.624,250.0,32.2,32.0,34.6
131.6,347.65000000000003,-7.2,-2.50308,13.200000000000001,D,ENABLE,INVALID,2.0,NORMAL,-3.0,28.159999999999997,0.0,0.0,-128.0,-128.0,224.70000000000002,-3.0119077088496065,246.0,91.0,682.624,250.0,32.2,32.0,34.6
131.7,347.64,-7.0,-2.43348,12.8,D,ENABLE,INVALID,2.0,NORMAL,-3.0,28.08,0.0,0.0,-124.0,-124.0,223.5,-2.902203293386251,246.0,91.0,682.624,250.0,32.2,32.0,34.6
131.8,347.66,-6.9,-2.3988540000000005,12.4,D,ENABLE,INVALID,2.0,NORMAL,-3.0,27.92,0.0,0.0,-126.0,-126.0,222.9,-2.9410962104376925,246.0,91.0,682.624,250.0,32.2,32.0,34.6
131.9,347.64,-7.300000000000001,-2.537772,10.8,D,ENABLE,INVALID,2.0,NORMAL,-3.0,27.840000000000003,0.0,0.0,-132.0,-132.0,224.20000000000002,-3.0991183209132593,246.0,91.0,682.624,250.0,32.2,32.0,34.6
132.0,347.8,-8.3,-2.88674,9.600000000000001,D,ENABLE,INVALID,2.0,NORMAL,-3.5,27.760000000000005,0.0,0.0,-144.0,-144.0,221.10000000000002,-3.334109451401776,246.0,91.0,682.624,250.0,32.2,32.0,34.6
132.1,347.86,-9.9,-3.443814,8.4,D,ENABLE,INVALID,2.0,NORMAL,-4.0,27.599999999999994,0.0,0.0,-164.0,-164.0,220.70000000000002,-3.7903105926050618,246.0,91.0,682.624,250.0,32.2,32.0,34.6
132.2,348.0,-11.9,-4.1411999999999995,8.0,D,ENABLE,INVALID,2.0,NORMAL,-4.5,27.519999999999996,0.0,0.0,-196.0,-196.0,219.5,-4.505253304758003,246.0,91.0,682.624,250.0,32.2,32.0,34.6
132.3,348.28000000000003,-13.700000000000001,-4.7714360000000005,7.6000000000000005,D,ENABLE,INVALID,2.0,NORMAL,-5.5,27.36,0.0,0.0,-226.0,-212.0,216.8,-4.813087496907755,246.0,91.0,682.624,250.0,32.2,32.0,34.6
132.4,348.32,-14.9,-5.1899679999999995,7.6000000000000005,D,ENABLE,INVALID,2.0,NORMAL,-6.0,27.200000000000003,0.0,0.0,-254.0,-254.0,215.20000000000002,-5.724065590644699,246.0,91.0,682.624,250.0,32.5,32.0,34.6
132.5,348.34000000000003,-15.8,-5.5037720000000006,7.6000000000000005,D,ENABLE,INVALID,2.0,NORMAL,-6.0,26.960000000000008,0.0,0.0,-270.0,-270.0,215.4,-6.090291518249172,246.0,91.0,682.624,250.0,32.5,32.0,34.6
132.6,348.39,-16.1,-5.609079,7.6000000000000005,D,ENABLE,INVALID,2.0,NORMAL,-6.0,26.799999999999997,0.0,0.0,-282.0,-286.0,214.20000000000002,-6.415257862336502,246.0,91.0,682.624,250.0,32.5,32.0,34.6
132.7,348.35,-16.1,-5.608435000000001,7.6000000000000005,D,ENABLE,INVALID,2.0,NORMAL,-6.0,26.64,0.0,0.0,-284.0,-284.0,211.4,-6.287122769972085,246.0,91.0,682.624,250.0,32.5,32.0,34.6
132.8,348.34000000000003,-16.1,-5.6082740000000015,7.6000000000000005,D,ENABLE,INVALID,2.0,NORMAL,-6.0,26.400000000000006,0.0,0.0,-286.0,-290.0,212.5,-6.453354909249033,246.0,91.0,682.624,250.0,32.5,32.0,34.6
132.9,348.47,-15.9,-5.540673000000001,7.6000000000000005,D,ENABLE,INVALID,2.0,NORMAL,-6.0,26.239999999999995,0.0,0.0,-278.0,-278.0,207.5,-6.040759074077574,246.0,91.0,682.624,250.0,32.5,32.0,34.6
133.0,348.26,-15.8,-5.502508,7.6000000000000005,D,ENABLE,INVALID,2.0,NORMAL,-6.0,26.08,0.0,0.0,-284.0,-284.0,209.3,-6.224667908018721,246.0,91.0,682.624,250.0,32.5,32.0,34.6
133.1,348.29,-15.4,-5.363666,7.6000000000000005,D,ENABLE,INVALID,2.0,NORMAL,-6.0,25.92,0.0,0.0,-280.0,-280.0,206.10000000000002,-6.043167628445327,246.0,91.0,682.624,250.0,32.5,32.0,34.6
133.2,348.31,-15.200000000000001,-5.294312000000001,7.6000000000000005,D,ENABLE,INVALID,2.0,NORMAL,-6.0,25.760000000000005,0.0,0.0,-276.0,-276.0,204.3,-5.904811887981232,246.0,91.0,682.624,250.0,32.5,32.0,34.6
133.3,348.37,-14.9,-5.190713,7.6000000000000005,D,ENABLE,INVALID,2.0,NORMAL,-5.5,25.599999999999994,0.0,0.0,-278.0,-278.0,204.9,-5.965067635077084,246.0,91.0,682.624,250.0,32.5,32.0,34.6
133.4,348.32,-14.4,-5.015808,7.6000000000000005,D,ENABLE,INVALID,2.0,NORMAL,-5.5,25.36,0.0,0.0,-268.0,-268.0,203.4,-5.708399515278798,246.0,91.0,682.624,250.0,32.5,32.0,34.6
133.5,348.29,-14.200000000000001,-4.945718000000001,7.6000000000000005,D,ENABLE,INVALID,2.0,NORMAL,-5.5,25.200000000000003,0.0,0.0,-268.0,-268.0,201.3,-5.649463237097453,246.0,91.0,682.624,250.0,32.5,32.0,34.6
133.6,348.24,-13.8,-4.805712000000001,7.6000000000000005,D,ENABLE,INVALID,2.0,NORMAL,-5.5,24.960000000000008,0.0,0.0,-262.0,-262.0,198.9,-5.457134934844686,246.0,91.0,682.624,250.0,32.5,32.0,34.6
133.7,348.26,-13.4,-4.666684,7.6000000000000005,D,ENABLE,INVALID,2.0,NORMAL,-5.0,24.799999999999997,0.0,0.0,-260.0,-260.0,197.9,-5.388250279926973,246.0,91.0,682.624,250.0,32.5,32.0,34.6
133.8,348.31,-13.0,-4.528029999999999,7.6000000000000005,D,ENABLE,INVALID,2.0,NORMAL,-5.0,24.64,0.0,0.0,-252.0,-252.0,198.20000000000002,-5.230374777108574,246.0,91.0,682.624,250.0,32.5,32.0,34.6
133.9,348.28000000000003,-12.8,-4.457984000000001,7.6000000000000005,D,ENABLE,INVALID,2.0,NORMAL,-5.0,24.480000000000004,0.0,0.0,-248.0,-248.0,194.9,-5.06165030765978,246.0,91.0,682.624,250.0,32.5,32.0,34.6
134.0,348.29,-12.200000000000001,-4.249138000000001,7.6000000000000005,D,ENABLE,INVALID,2.0,NORMAL,-5.0,24.320000000000007,0.0,0.0,-240.0,-240.0,193.8,-4.8707252501256155,246.0,91.0,682.624,250.0,32.5,32.0,34.6
134.1,348.33,-12.100000000000001,-4.214793,7.6000000000000005,D,ENABLE,INVALID,2.0,NORMAL,-4.5,24.159999999999997,0.0,0.0,-236.0,-234.0,192.3,-4.712200484825475,246.0,91.0,682.624,250.0,32.5,32.0,34.6
134.2,348.19,-11.700000000000001,-4.073823,7.6000000000000005,D,ENABLE,INVALID,2.0,NORMAL,-4.5,24.0,0.0,0.0,-234.0,-234.0,191.3,-4.687696062127475,246.0,91.0,682.624,250.0,32.5,32.0,34.6
134.3,348.09000000000003,-11.3,-3.933417000000001,7.6000000000000005,D,ENABLE,INVALID,2.0,NORMAL,-4.5,23.840000000000003,0.0,0.0,-230.0,-230.0,189.4,-4.561801972522619,246.0,91.0,682.624,250.0,32.5,32.0,34.6
134.4,348.06,-11.0,-3.8286599999999997,7.6000000000000005,D,ENABLE,INVALID,2.0,NORMAL,-4.5,23.68,0.0,0.0,-224.0,-224.0,189.4,-4.442798442804638,246.0,91.0,682.624,250.0,32.5,32.0,34.6
134.5,348.03000000000003,-10.700000000000001,-3.7239210000000007,7.6000000000000005,D,ENABLE,INVALID,2.0,NORMAL,-4.5,23.520000000000003,0.0,0.0,-224.0,-224.0,188.10000000000002,-4.412304050113794,246.0,91.0,682.624,250.0,32.5,32.0,34.6
134.6,347.97,-10.4,-3.6188880000000005,7.6000000000000005,D,ENABLE,INVALID,2.0,NORMAL,-4.0,23.36,0.0,0.0,-212.0,-212.0,185.0,-4.1071087957930565,246.0,91.0,682.624,250.0,32.5,32.0,34.6
134.7,348.07,-10.100000000000001,-3.5155070000000004,7.6000000000000005,D,ENABLE,INVALID,2.0,NORMAL,-4.0,23.200000000000003,0.0,0.0,-210.0,-210.0,183.8,-4.041973108108628,246.0,91.0,682.624,250.0,32.5,32.0,34.6
134.8,348.16,-9.700000000000001,-3.3771520000000006,7.6000000000000005,D,ENABLE,INVALID,2.0,NORMAL,-4.0,23.04,0.0,0.0,-212.0,-212.0,185.10000000000002,-4.109328854601594,246.0,91.0,682.624,250.0,32.5,32.0,34.6
134.9,348.1,-9.600000000000001,-3.3417600000000007,7.6000000000000005,D,ENABLE,INVALID,2.0,NORMAL,-4.0,22.880000000000003,0.0,0.0,-200.0,-198.0,183.10000000000002,-3.7964890581571216,246.0,91.0,682.624,250.0,32.5,32.0,34.6
135.0,347.84000000000003,-9.200000000000001,-3.2001280000000007,7.6000000000000005,D,ENABLE,INVALID,2.0,NORMAL,-3.5,22.800000000000004,0.0,0.0,-198.0,-198.0,180.8,-3.748799681675629,246.0,91.0,682.624,250.0,32.5,32.0,34.6
135.1,348.03000000000003,-9.0,-3.1322700000000006,7.6000000000000005,D,ENABLE,INVALID,2.0,NORMAL,-3.5,22.64,0.0,0.0,-192.0,-192.0,180.9,-3.637210310620119,246.0,91.0,682.624,250.0,32.5,32.0,34.6
135.2,347.98,-8.6,-2.9926280000000003,7.6000000000000005,D,ENABLE,INVALID,2.0,NORMAL,-3.5,22.560000000000002,0.0,0.0,-192.0,-192.0,180.8,-3.635199691321822,246.0,91.0,682.624,250.0,32.5,32.0,34.6
135.3,347.98,-8.4,-2.923032,7.6000000000000005,D,ENABLE,INVALID,2.0,NORMAL,-3.5,22.4,0.0,0.0,-194.0,-194.0,180.60000000000002,-3.669003228274448,246.0,91.0,682.624,250.0,32.5,32.0,34.6
135.4,347.92,-8.200000000000001,-2.8529440000000004,7.6000000000000005,D,ENABLE,INVALID,2.0,NORMAL,-3.5,22.32,0.0,0.0,-186.0,-188.0,179.5,-3.533872856268039,246.0,91.0,682.624,250.0,32.5,32.0,34.6
135.5,347.81,-7.9,-2.747699,7.6000000000000005,D,ENABLE,INVALID,2.0,NORMAL,-3.5,22.160000000000004,0.0,0.0,-176.0,-176.0,177.10000000000002,-3.2640728791777476,246.0,91.0,682.624,250.0,32.5,32.0,34.6
135.6,347.84000000000003,-7.5,-2.6088,7.6000000000000005,D,ENABLE,INVALID,2.0,NORMAL,-3.0,22.0,0.0,0.0,-174.0,-174.0,176.3,-3.2124041520017075,246.0,91.0,682.624,250.0,32.5,32.0,34.6
135.7,347.71,-7.0,-2.43397,7.6000000000000005,D,ENABLE,INVALID,2.0,NORMAL,-3.0,21.92,0.0,0.0,-168.0,-168.0,175.60000000000002,-3.089316551834059,246.0,91.0,682.624,250.0,32.5,32.0,34.6
135.8,347.74,-6.9,-2.3994060000000004,7.6000000000000005,D,ENABLE,INVALID,2.0,NORMAL,-3.0,21.759999999999998,0.0,0.0,-166.0,-166.0,175.5,-3.050800625901048,246.0,91.0,682.624,250.0,32.5,32.0,34.6
135.9,347.8,-6.6000000000000005,-2.2954800000000004,7.6000000000000005,D,ENABLE,INVALID,2.0,NORMAL,-3.0,21.6,0.0,0.0,-160.0,-162.0,174.20000000000002,-2.9552333773788466,246.0,91.0,682.624,250.0,32.5,32.0,34.6
136.0,347.73,-6.300000000000001,-2.1906990000000004,7.6000000000000005,D,ENABLE,INVALID,2.0,NORMAL,-2.5,21.520000000000003,0.0,0.0,-154.0,-154.0,172.10000000000002,-2.7754295578383914,246.0,92.0,682.624,250.0,32.5,32.0,34.6
136.1,347.83,-6.1000000000000005,-2.121763,7.6000000000000005,D,ENABLE,INVALID,2.0,NORMAL,-2.5,21.439999999999998,0.0,0.0,-150.0,-150.0,171.8,-2.6986280894336323,246.0,92.0,682.624,250.0,32.5,32.0,34.6
136.2,347.79,-5.6000000000000005,-1.9476240000000002,7.6000000000000005,D,ENABLE,INVALID,2.0,NORMAL,-2.5,21.28,0.0,0.0,-142.0,-142.0,170.70000000000002,-2.5383440322474815,246.0,92.0,682.624,250.0,32.5,32.0,34.6
136.3,347.63,-5.5,-1.911965,7.6000000000000005,D,ENABLE,INVALID,2.0,NORMAL,-2.5,21.200000000000003,0.0,0.0,-140.0,-140.0,169.4,-2.483533712417851,246.0,92.0,682.624,250.0,32.5,32.0,34.6
136.4,347.64,-5.2,-1.807728,7.6000000000000005,D,ENABLE,INVALID,2.0,NORMAL,-2.5,21.04,0.0,0.0,-132.0,-132.0,168.10000000000002,-2.323647590301155,246.0,92.0,682.624,250.0,32.5,32.0,34.6
136.5,347.72,-5.0,-1.7386000000000001,7.6000000000000005,D,ENABLE,INVALID,2.0,NORMAL,-2.5,20.96,0.0,0.0,-134.0,-134.0,169.0,-2.3714835744398153,246.0,92.0,682.624,250.0,32.5,32.0,34.6
136.6,347.68,-4.800000000000001,-1.6688640000000003,7.6000000000000005,D,ENABLE,INVALID,2.0,NORMAL,-2.0,20.880000000000003,0.0,0.0,-126.0,-126.0,166.4,-2.1955962737408345,246.0,92.0,682.624,250.0,32.5,32.0,34.6
136.7,347.6,-4.6000000000000005,-1.5989600000000002,7.6000000000000005,D,ENABLE,INVALID,2.0,NORMAL,-2.0,20.800000000000004,0.0,0.0,-124.0,-124.0,166.70000000000002,-2.1646411141274635,246.0,92.0,682.624,250.0,32.5,32.0,34.6
136.8,347.61,-4.4,-1.529484,7.6000000000000005,D,ENABLE,INVALID,2.0,NORMAL,-2.0,20.64,0.0,0.0,-118.0,-118.0,164.60000000000002,-2.033950859738128,246.0,92.0,682.624,250.0,32.5,32.0,34.6
136.9,347.66,-4.1000000000000005,-1.4254060000000002,7.6000000000000005,D,ENABLE,INVALID,2.0,NORMAL,-2.0,20.560000000000002,0.0,0.0,-118.0,-118.0,165.4,-2.0438364046214237,246.0,92.0,682.624,250.0,32.5,32.0,34.6
137.0,347.67,-3.9000000000000004,-1.3559130000000001,7.6000000000000005,D,ENABLE,INVALID,2.0,NORMAL,-2.0,20.480000000000004,0.0,0.0,-110.0,-110.0,163.9,-1.887992465052346,246.0,92.0,682.624,250.0,32.5,32.0,34.6
137.1,347.71,-3.8000000000000003,-1.321298,7.6000000000000005,D,ENABLE,INVALID,2.0,NORMAL,-2.0,20.4,0.0,0.0,-106.0,-106.0,162.60000000000002,-1.804907811340408,246.0,92.0,682.624,250.0,32.5,32.0,34.6
137.2,347.89,-3.5,-1.2176150000000001,7.6000000000000005,D,ENABLE,INVALID,2.0,NORMAL,-1.5,20.32,0.0,0.0,-108.0,-108.0,163.60000000000002,-1.850272409258245,246.0,92.0,682.624,250.0,32.5,32.0,34.6
137.3,347.8,-3.4000000000000004,-1.1825200000000002,7.6000000000000005,D,ENABLE,INVALID,2.0,NORMAL,-1.5,20.160000000000004,0.0,0.0,-100.0,-100.0,161.0,-1.6859880574265222,246.0,92.0,682.624,250.0,32.5,32.0,34.6
137.4,347.67,-3.3000000000000003,-1.1473110000000002,7.6000000000000005,D,ENABLE,INVALID,2.0,NORMAL,-1.5,20.160000000000004,0.0,0.0,-94.0,-94.0,160.4,-1.5789225797921822,246.0,92.0,682.624,250.0,32.5,32.0,34.6
137.5,347.52,-2.9000000000000004,-1.007808,7.6000000000000005,D,ENABLE,INVALID,2.0,NORMAL,-1.5,20.08,0.0,0.0,-94.0,-94.0,160.60000000000002,-1.580891311188432,246.0,92.0,682.624,250.0,32.5,32.0,34.6
137.6,347.51,-2.8000000000000003,-0.973028,7.6000000000000005,D,ENABLE,INVALID,2.0,NORMAL,-1.5,20.0,0.0,0.0,-92.0,-92.0,160.20000000000002,-1.5434016388555938,246.0,92.0,682.624,250.0,32.5,32.0,34.6
137.7,347.49,-2.8000000000000003,-0.9729720000000001,7.6000000000000005,D,ENABLE,INVALID,2.0,NORMAL,-1.5,19.92,0.0,0.0,-92.0,-92.0,159.8,-1.5395479518671902,246.0,92.0,682.624,250.0,32.5,32.0,34.6
137.8,347.64,-2.7,-0.938628,7.6000000000000005,D,ENABLE,INVALID,2.0,NORMAL,-1.5,19.840000000000003,0.0,0.0,-88.0,-88.0,159.0,-1.4652388136342795,246.0,92.0,682.624,250.0,32.5,32.0,34.6
137.9,347.53000000000003,-2.5,-0.8688250000000001,7.6000000000000005,D,ENABLE,INVALID,2.0,NORMAL,-1.5,19.759999999999998,0.0,0.0,-84.0,-84.0,158.4,-1.3933591737201452,246.0,92.0,682.624,250.0,32.5,32.0,34.6
138.0,347.46,-2.4000000000000004,-0.8339040000000001,7.6000000000000005,D,ENABLE,INVALID,2.0,NORMAL,-1.5,19.759999999999998,0.0,0.0,-80.0,-78.0,157.20000000000002,-1.2840317493752205,246.0,92.0,682.624,250.0,32.5,32.0,34.6
138.1,347.52,-2.3000000000000003,-0.799296,7.6000000000000005,D,ENABLE,INVALID,2.0,NORMAL,-1.5,19.68,0.0,0.0,-82.0,-82.0,158.10000000000002,-1.3576078493222934,246.0,92.0,682.624,250.0,32.5,32.0,34.6
138.2,347.65000000000003,-2.1,-0.7300650000000001,7.6000000000000005,D,ENABLE,INVALID,2.0,NORMAL,-1.0,19.6,0.0,0.0,-80.0,-80.0,158.0,-1.3236577047124995,246.0,92.0,682.624,250.0,32.5,32.0,34.6
138.3,347.55,-2.0,-0.6951,7.6000000000000005,D,ENABLE,INVALID,2.0,NORMAL,-1.0,19.520000000000003,0.0,0.0,-70.0,-70.0,155.0,-1.1362093430483085,246.0,92.0,682.624,250.0,32.5,32.0,34.6
138.4,347.59000000000003,-2.0,-0.69518,7.6000000000000005,D,ENABLE,INVALID,2.0,NORMAL,-1.0,19.439999999999998,0.0,0.0,-74.0,-74.0,156.20000000000002,-1.2104347054771234,246.0,92.0,682.624,250.0,32.5,32.0,34.6
138.5,347.51,-1.8,-0.625518,7.6000000000000005,D,ENABLE,INVALID,2.0,NORMAL,-1.0,19.439999999999998,0.0,0.0,-66.0,-66.0,154.20000000000002,-1.0657538918038014,246.0,92.0,682.624,250.0,32.5,32.0,34.6
138.6,347.43,-1.8,-0.625374,7.6000000000000005,D,ENABLE,INVALID,2.0,NORMAL,-1.0,19.36,0.0,0.0,-68.0,-68.0,154.5,-1.1001857472871455,246.0,92.0,682.624,250.0,32.5,32.0,34.6
138.7,347.59000000000003,-1.7000000000000002,-0.5909030000000002,7.2,D,ENABLE,INVALID,2.0,NORMAL,-1.0,19.28,0.0,0.0,-70.0,-70.0,154.8,-1.1347432664766333,246.0,92.0,682.624,250.0,32.5,32.0,34.6
138.8,347.53000000000003,-1.8,-0.625554,6.800000000000001,D,ENABLE,INVALID,2.0,NORMAL,-1.0,19.28,0.0,0.0,-70.0,-70.0,153.1,-1.1222816156173938,246.0,92.0,682.624,250.0,32.5,32.0,34.6
138.9,347.63,-2.1,-0.730023,6.800000000000001,D,ENABLE,INVALID,2.0,NORMAL,-1.0,19.200000000000003,0.0,0.0,-74.0,-74.0,152.9,-1.1848621412769025,246.0,92.0,682.624,250.0,32.5,32.0,34.6
139.0,347.41,-2.4000000000000004,-0.8337840000000002,6.4,D,ENABLE,INVALID,2.0,NORMAL,-1.5,19.120000000000005,0.0,0.0,-80.0,-80.0,152.70000000000002,-1.2792565285417639,246.0,92.0,682.624,250.0,32.5,32.0,34.6
139.1,347.61,-2.7,-0.9385470000000001,6.4,D,ENABLE,INVALID,2.0,NORMAL,-1.5,19.04,0.0,0.0,-86.0,-86.0,151.6,-1.3652942793480762,246.0,92.0,682.624,250.0,32.5,32.0,34.6
139.2,347.64,-3.1,-1.0776839999999999,5.6000000000000005,D,ENABLE,INVALID,2.0,NORMAL,-1.5,18.96,0.0,0.0,-98.0,-98.0,151.8,-1.5578529650621067,246.0,92.0,682.624,250.0,32.5,32.0,34.6
139.3,347.55,-3.5,-1.2164249999999999,5.2,D,ENABLE,INVALID,2.0,NORMAL,-2.0,18.880000000000003,0.0,0.0,-108.0,-108.0,151.20000000000002,-1.7100317132019964,246.0,92.0,682.624,250.0,32.5,32.0,34.6
139.4,347.6,-4.2,-1.45992,4.4,D,ENABLE,INVALID,2.0,NORMAL,-2.0,18.800000000000004,0.0,0.0,-116.0,-112.0,149.3,-1.751081857208903,246.0,92.0,682.624,250.0,32.5,32.0,34.6
139.5,347.73,-5.0,-1.73865,4.0,D,ENABLE,INVALID,2.0,NORMAL,-2.0,18.72,0.0,0.0,-136.0,-136.0,148.9,-2.120616929075158,246.0,92.0,682.624,250.0,32.5,32.0,34.6
139.6,347.77,-6.1000000000000005,-2.121397,4.0,D,ENABLE,INVALID,2.0,NORMAL,-2.5,18.64,0.0,0.0,-160.0,-158.0,147.5,-2.440493893063671,246.0,92.0,682.624,250.0,32.5,32.0,34.6
139.7,347.90000000000003,-7.0,-2.4353000000000002,4.0,D,ENABLE,INVALID,2.0,NORMAL,-3.0,18.480000000000004,0.0,0.0,-182.0,-182.0,147.3,-2.807390027100911,246.0,92.0,682.624,250.0,32.5,32.0,34.6
139.8,347.85,-7.300000000000001,-2.539305,3.6,D,ENABLE,INVALID,2.0,NORMAL,-3.0,18.32,0.0,0.0,-194.0,-194.0,147.0,-2.9863979765024573,246.0,92.0,682.624,250.0,32.5,32.0,34.6
139.9,348.05,-7.7,-2.6799850000000003,2.8000000000000003,D,ENABLE,INVALID,2.0,NORMAL,-3.0,18.240000000000002,0.0,0.0,-206.0,-210.0,146.4,-3.21950415139882,246.0,92.0,682.624,250.0,32.5,32.0,34.6
140.0,347.98,-8.1,-2.818638,2.4000000000000004,D,ENABLE,INVALID,2.0,NORMAL,-3.5,18.08,0.0,0.0,-218.0,-218.0,143.70000000000002,-3.280513880731534,246.0,92.0,682.624,250.0,32.5,32.0,34.6
140.1,348.15000000000003,-8.8,-3.063720000000001,2.0,D,ENABLE,INVALID,2.0,NORMAL,-3.5,17.92,0.0,0.0,-236.0,-236.0,142.6,-3.524196750894982,246.0,92.0,682.624,250.0,32.5,32.0,34.6
140.2,347.89,-9.3,-3.235377,1.6,D,ENABLE,INVALID,2.0,NORMAL,-3.5,17.759999999999998,0.0,0.0,-250.0,-250.0,140.70000000000002,-3.6835173863340334,246.0,92.0,682.624,250.0,32.5,32.0,34.6
140.3,348.05,-9.700000000000001,-3.3760850000000007,1.6,D,ENABLE,INVALID,2.0,NORMAL,-4.0,17.6,0.0,0.0,-266.0,-266.0,140.20000000000002,-3.9053347716284965,246.0,92.0,682.624,250.0,32.5,32.0,34.6
140.4,348.09000000000003,-10.3,-3.585327000000001,0.8,D,ENABLE,INVALID,2.0,NORMAL,-4.0,17.439999999999998,0.0,0.0,-280.0,-280.0,139.20000000000002,-4.08155717554386,246.0,92.0,682.624,250.0,32.5,32.0,34.6
140.5,348.2,-10.9,-3.79538,0.0,D,ENABLE,INVALID,2.0,NORMAL,-4.5,17.200000000000003,0.0,0.0,-294.0,-294.0,136.70000000000002,-4.208666014308102,246.0,92.0,682.624,250.0,32.5,32.0,34.6
140.6,348.17,-11.4,-3.9691380000000005,0.0,D,ENABLE,INVALID,2.0,NORMAL,-4.5,17.04,0.0,0.0,-316.0,-316.0,135.5,-4.483890474713592,246.0,92.0,682.624,250.0,32.5,32.0,34.6
140.7,348.36,-11.600000000000001,-4.040976000000001,0.0,D,ENABLE,INVALID,2.0,NORMAL,-4.5,16.800000000000004,0.0,0.0,-328.0,-328.0,132.9,-4.564859789372114,247.0,92.0,682.624,250.0,32.5,32.0,34.6
140.8,348.38,-11.700000000000001,-4.076046,0.0,D,ENABLE,INVALID,2.0,NORMAL,-4.5,16.560000000000002,0.0,0.0,-338.0,-338.0,131.9,-4.6686370666956964,247.0,92.0,682.624,250.0,32.5,32.0,34.6
140.9,348.37,-11.700000000000001,-4.075929,0.0,D,ENABLE,INVALID,2.0,NORMAL,-4.5,16.4,0.0,0.0,-340.0,-342.0,130.70000000000002,-4.680910221995721,247.0,92.0,682.624,250.0,32.5,32.0,34.6
141.0,348.23,-11.3,-3.9349990000000004,0.0,D,ENABLE,INVALID,2.0,NORMAL,-4.5,16.160000000000004,0.0,0.0,-338.0,-338.0,128.0,-4.530595485496961,247.0,92.0,682.624,250.0,32.5,32.0,34.6
141.1,348.22,-10.9,-3.7955980000000005,0.0,D,ENABLE,INVALID,2.0,NORMAL,-4.5,15.920000000000002,0.0,0.0,-330.0,-330.0,126.7,-4.378437681308095,247.0,92.0,682.624,250.0,32.5,32.0,34.6
141.2,348.08,-10.600000000000001,-3.689648,0.0,D,ENABLE,INVALID,2.0,NORMAL,-4.0,15.68,0.0,0.0,-326.0,-324.0,123.7,-4.197042121489821,247.0,92.0,682.624,250.0,32.5,32.0,34.6
141.3,348.15000000000003,-10.200000000000001,-3.5511300000000006,0.0,D,ENABLE,INVALID,2.0,NORMAL,-4.0,15.439999999999998,0.0,0.0,-318.0,-318.0,123.2,-4.1026686781759825,247.0,92.0,682.624,250.0,32.5,32.0,34.6
141.4,348.06,-9.600000000000001,-3.341376000000001,0.0,D,ENABLE,INVALID,2.0,NORMAL,-4.0,15.200000000000003,0.0,0.0,-310.0,-310.0,121.2,-3.934530639355857,247.0,92.0,682.624,250.0,32.5,32.0,34.6
141.5,348.05,-9.1,-3.167255,0.0,D,ENABLE,INVALID,2.0,NORMAL,-3.5,15.04,0.0,0.0,-304.0,-306.0,121.10000000000001,-3.880558077567185,247.0,92.0,682.624,250.0,32.5,32.0,34.6
141.6,347.94,-8.700000000000001,-3.0270780000000004,0.0,D,ENABLE,INVALID,2.0,NORMAL,-3.5,14.800000000000004,0.0,0.0,-296.0,-296.0,117.9,-3.6545519020679347,247.0,92.0,682.624,250.0,32.5,32.0,34.6
141.7,347.89,-8.5,-2.957065,0.0,D,ENABLE,INVALID,2.0,NORMAL,-3.5,14.64,0.0,0.0,-284.0,-284.0,116.0,-3.4498876126620717,247.0,92.0,682.624,250.0,32.5,32.0,34.6
141.8,347.91,-7.9,-2.7484890000000006,0.0,D,ENABLE,INVALID,2.0,NORMAL,-3.5,14.480000000000004,0.0,0.0,-278.0,-278.0,116.0,-3.3770026630987884,247.0,92.0,682.624,250.0,32.5,32.0,34.6
141.9,347.91,-7.6000000000000005,-2.6441160000000004,0.0,D,ENABLE,INVALID,2.0,NORMAL,-3.0,14.240000000000002,0.0,0.0,-270.0,-270.0,113.9,-3.220446629194897,247.0,92.0,682.624,250.0,32.5,32.0,34.6
142.0,347.93,-7.300000000000001,-2.539889,0.0,D,ENABLE,INVALID,2.0,NORMAL,-3.0,14.079999999999998,0.0,0.0,-262.0,-262.0,112.4,-3.083871124567837,247.0,92.0,682.624,250.0,32.5,32.0,34.6
142.1,347.96,-7.0,-2.43572,0.0,D,ENABLE,INVALID,2.0,NORMAL,-3.0,13.920000000000002,0.0,0.0,-252.0,-254.0,111.4,-2.963108302963845,247.0,92.0,682.624,250.0,32.5,32.0,34.6
142.2,347.92,-6.6000000000000005,-2.2962720000000005,0.0,D,ENABLE,INVALID,2.0,NORMAL,-3.0,13.759999999999998,0.0,0.0,-252.0,-252.0,108.9,-2.8738032957977993,247.0,92.0,682.624,250.0,32.5,32.0,34.6
142.3,347.83,-6.300000000000001,-2.191329,0.0,D,ENABLE,INVALID,2.0,NORMAL,-2.5,13.600000000000001,0.0,0.0,-240.0,-240.0,108.60000000000001,-2.729415697438813,247.0,92.0,682.624,250.0,32.5,32.0,34.6
142.4,347.58,-5.9,-2.0507220000000004,0.0,D,ENABLE,INVALID,2.0,NORMAL,-2.5,13.36,0.0,0.0,-232.0,-234.0,107.60000000000001,-2.6366758823048415,247.0,92.0,682.624,250.0,32.5,32.0,34.6
142.5,347.82,-5.7,-1.982574,0.0,D,ENABLE,INVALID,2.0,NORMAL,-2.5,13.280000000000001,0.0,0.0,-228.0,-228.0,105.80000000000001,-2.526091820898481,247.0,92.0,682.624,250.0,32.5,32.0,34.6
142.6,347.79,-5.4,-1.8780660000000002,0.0,D,ENABLE,INVALID,2.0,NORMAL,-2.5,13.120000000000005,0.0,0.0,-214.0,-214.0,105.0,-2.353052897538755,247.0,92.0,682.624,250.0,32.5,32.0,34.6
142.7,347.85,-5.2,-1.80882,0.0,D,ENABLE,INVALID,2.0,NORMAL,-2.5,12.96,0.0,0.0,-214.0,-212.0,103.2,-2.2911006904099644,247.0,92.0,682.624,250.0,32.5,32.0,34.6
142.8,347.73,-4.9,-1.703877,0.0,D,ENABLE,INVALID,2.0,NORMAL,-2.0,12.800000000000004,0.0,0.0,-208.0,-208.0,102.7,-2.2369815209641244,247.0,92.0,682.624,250.0,32.5,32.0,34.6
142.9,347.72,-4.7,-1.634284,0.0,D,ENABLE,INVALID,2.0,NORMAL,-2.0,12.64,0.0,0.0,-204.0,-202.0,100.10000000000001,-2.1174543924705445,247.0,92.0,682.624,250.0,32.5,32.0,34.6
143.0,347.68,-4.4,-1.529792,0.0,D,ENABLE,INVALID,2.0,NORMAL,-2.0,12.480000000000004,0.0,0.0,-200.0,-200.0,99.9,-2.092300707290802,247.0,92.0,682.624,250.0,32.5,32.0,34.6
143.1,347.74,-4.1000000000000005,-1.425734,0.0,D,ENABLE,INVALID,2.0,NORMAL,-2.0,12.399999999999999,0.0,0.0,-188.0,-186.0,98.5,-1.9185706335472867,247.0,92.0,682.624,250.0,32.5,32.0,34.6
143.2,347.64,-3.9000000000000004,-1.355796,0.0,D,ENABLE,INVALID,2.0,NORMAL,-2.0,12.240000000000002,0.0,0.0,-188.0,-188.0,97.60000000000001,-1.9214818427396136,247.0,92.0,682.624,250.0,32.5,32.0,34.6
143.3,347.61,-3.8000000000000003,-1.320918,0.0,D,ENABLE,INVALID,2.0,NORMAL,-2.0,12.079999999999998,0.0,0.0,-178.0,-180.0,97.0,-1.8284069243892596,247.0,92.0,682.624,250.0,32.5,32.0,34.6
143.4,347.7,-3.6,-1.25172,0.0,D,ENABLE,INVALID,2.0,NORMAL,-1.5,12.0,0.0,0.0,-174.0,-174.0,95.7,-1.7437724183015506,247.0,92.0,682.624,250.0,32.5,32.0,34.6
143.5,347.57,-3.5,-1.2164949999999999,0.0,D,ENABLE,INVALID,2.0,NORMAL,-1.5,11.840000000000003,0.0,0.0,-168.0,-170.0,95.80000000000001,-1.7054659318787793,247.0,92.0,682.624,250.0,32.5,32.0,34.6
143.6,347.7,-3.2,-1.11264,0.0,D,ENABLE,INVALID,2.0,NORMAL,-1.5,11.759999999999998,0.0,0.0,-164.0,-164.0,93.80000000000001,-1.6109249369567504,247.0,92.0,682.624,250.0,32.5,32.0,34.6
143.7,347.61,-3.1,-1.0775910000000002,0.0,D,ENABLE,INVALID,2.0,NORMAL,-1.5,11.600000000000001,0.0,0.0,-158.0,-158.0,92.60000000000001,-1.532133793204718,247.0,92.0,682.624,250.0,32.5,32.0,34.6
143.8,347.65000000000003,-2.9000000000000004,-1.008185,0.0,D,ENABLE,INVALID,2.0,NORMAL,-1.5,11.520000000000003,0.0,0.0,-156.0,-156.0,92.30000000000001,-1.5078388100169573,247.0,92.0,682.624,250.0,32.5,32.0,34.6
143.9,347.58,-2.7,-0.938466,0.0,D,ENABLE,INVALID,2.0,NORMAL,-1.5,11.36,0.0,0.0,-148.0,-148.0,91.7,-1.4212146285819747,247.0,92.0,682.624,250.0,32.5,32.0,34.6
144.0,347.49,-2.5,-0.868725,0.0,D,ENABLE,INVALID,2.0,NORMAL,-1.5,11.280000000000001,0.0,0.0,-142.0,-144.0,90.60000000000001,-1.3662158131931295,247.0,92.0,682.624,250.0,32.5,32.0,34.6
144.1,347.57,-2.3000000000000003,-0.7994110000000001,0.0,D,ENABLE,INVALID,2.0,NORMAL,-1.5,11.200000000000003,0.0,0.0,-144.0,-144.0,89.80000000000001,-1.3541520974033445,247.0,92.0,682.624,250.0,32.5,32.0,34.6
144.2,347.46,-2.2,-0.764412,0.0,D,ENABLE,INVALID,2.0,NORMAL,-1.0,11.120000000000005,0.0,0.0,-136.0,-134.0,88.7,-1.2446780654012521,247.0,92.0,682.624,250.0,32.5,32.0,34.6
144.3,347.57,-2.0,-0.69514,0.0,D,ENABLE,INVALID,2.0,NORMAL,-1.0,10.96,0.0,0.0,-130.0,-132.0,88.80000000000001,-1.2274830816106042,247.0,92.0,682.624,250.0,32.5,32.0,34.6
144.4,347.66,-2.0,-0.69532,0.0,D,ENABLE,INVALID,2.0,NORMAL,-1.0,10.880000000000003,0.0,0.0,-128.0,-130.0,87.9,-1.196632641752352,247.0,92.0,682.624,250.0,32.5,32.0,34.6
144.5,347.39,-1.9000000000000001,-0.6600410000000001,0.0,D,ENABLE,INVALID,2.0,NORMAL,-1.0,10.800000000000004,0.0,0.0,-126.0,-126.0,86.80000000000001,-1.1452990177926952,247.0,92.0,682.624,250.0,32.5,32.0,34.6
144.6,347.53000000000003,-1.6,-0.5560480000000001,0.0,D,ENABLE,INVALID,2.0,NORMAL,-1.0,10.719999999999999,0.0,0.0,-120.0,-122.0,86.10000000000001,-1.0999972517279302,247.0,92.0,682.624,250.0,32.5,32.0,34.6
144.7,347.57,-1.4000000000000001,-0.48659800000000003,0.0,D,ENABLE,INVALID,2.0,NORMAL,-1.0,10.64,0.0,0.0,-114.0,-116.0,85.60000000000001,-1.0398252804361738,247.0,92.0,682.624,250.0,32.5,32.0,34.6
144.8,347.65000000000003,-1.4000000000000001,-0.4867100000000001,0.0,D,ENABLE,INVALID,2.0,NORMAL,-1.0,10.560000000000002,0.0,0.0,-106.0,-106.0,83.9,-0.9313146701811824,247.0,92.0,682.624,250.0,32.5,32.0,34.6
144.9,347.44,-1.3,-0.451672,0.0,D,ENABLE,INVALID,2.0,NORMAL,-1.0,10.480000000000004,0.0,0.0,-108.0,-108.0,83.10000000000001,-0.9398388582479226,247.0,92.0,682.624,250.0,32.5,32.0,34.6
145.0,347.35,-1.2000000000000002,-0.4168200000000001,0.0,D,ENABLE,INVALID,2.0,NORMAL,-1.0,10.32,0.0,0.0,-102.0,-104.0,83.7,-0.9115645243656145,247.0,92.0,682.624,250.0,32.5,32.0,34.6
145.1,347.40000000000003,-1.1,-0.38214000000000004,0.0,D,ENABLE,INVALID,2.0,NORMAL,-1.0,10.32,0.0,0.0,-100.0,-100.0,81.9,-0.8576547944300136,247.0,92.0,682.624,250.0,32.5,32.0,34.6
145.2,347.40000000000003,-1.0,-0.34740000000000004,0.0,D,ENABLE,INVALID,2.0,NORMAL,-1.0,10.160000000000004,0.0,0.0,-92.0,-90.0,81.2,-0.7652919704144736,247.0,92.0,682.624,250.0,32.5,32.0,34.6
145.3,347.54,-0.9,-0.312786,0.0,D,ENABLE,INVALID,2.0,NORMAL,-1.0,10.079999999999998,0.0,0.0,-94.0,-94.0,81.2,-0.7993049468773392,247.0,92.0,682.624,250.0,32.5,32.0,34.6
145.4,347.42,-0.8,-0.277936,0.0,D,ENABLE,INVALID,2.0,NORMAL,-0.5,10.0,0.0,0.0,-92.0,-92.0,81.10000000000001,-0.7813350368988055,247.0,92.0,682.624,250.0,32.5,32.0,34.6
145.5,347.45,-0.7000000000000001,-0.24321500000000001,0.0,D,ENABLE,INVALID,2.0,NORMAL,-0.5,10.0,0.0,0.0,-88.0,-86.0,79.80000000000001,-0.7186707354352011,247.0,92.0,682.624,250.0,32.5,32.0,34.6
145.6,347.32,-0.7000000000000001,-0.24312400000000003,0.0,D,ENABLE,INVALID,2.0,NORMAL,-0.5,9.920000000000002,0.0,0.0,-86.0,-86.0,80.10000000000001,-0.7213725051172882,247.0,92.0,682.624,250.0,32.5,32.0,34.6
145.7,347.35,-0.5,-0.17367500000000002,0.0,D,ENABLE,INVALID,2.0,NORMAL,-0.5,9.840000000000003,0.0,0.0,-80.0,-82.0,79.0,-0.6783745736651561,247.0,92.0,682.624,250.0,32.5,32.0,34.6
145.8,347.28000000000003,-0.4,-0.138912,0.0,D,ENABLE,INVALID,2.0,NORMAL,-0.5,9.759999999999998,0.0,0.0,-78.0,-78.0,78.30000000000001,-0.6395654324178102,247.0,92.0,682.624,250.0,32.5,32.0,34.6
145.9,347.40000000000003,-0.4,-0.13896,0.0,D,ENABLE,INVALID,2.0,NORMAL,-0.5,9.68,0.0,0.0,-74.0,-72.0,76.9,-0.5798123401465323,247.0,92.0,682.624,250.0,32.5,32.0,34.6
146.0,347.35,-0.30000000000000004,-0.10420500000000002,0.0,D,ENABLE,INVALID,2.0,NORMAL,-0.5,9.600000000000001,0.0,0.0,-74.0,-74.0,77.0,-0.5966931646718214,247.0,92.0,682.624,250.0,32.5,32.0,34.6
146.1,347.40000000000003,-0.2,-0.06948,0.0,D,ENABLE,INVALID,2.0,NORMAL,-0.5,9.600000000000001,0.0,0.0,-68.0,-68.0,76.80000000000001,-0.5468884491369113,247.0,92.0,682.624,250.0,32.5,32.0,34.6
146.2,347.28000000000003,-0.30000000000000004,-0.10418400000000003,0.0,D,ENABLE,INVALID,2.0,NORMAL,-0.5,9.520000000000003,0.0,0.0,-68.0,-68.0,76.2,-0.5426158831280291,247.0,92.0,682.624,250.0,32.5,32.0,34.6
146.3,347.26,-0.1,-0.034726,0.0,D,ENABLE,INVALID,2.0,NORMAL,-0.5,9.439999999999998,0.0,0.0,-62.0,-62.0,75.5,-0.4901931737151274,247.0,92.0,682.624,250.0,32.5,32.0,34.6
146.4,347.34000000000003,-0.1,-0.034734,0.0,D,ENABLE,INVALID,2.0,NORMAL,-0.5,9.36,0.0,0.0,-62.0,-64.0,75.7,-0.5073462696037278,247.0,92.0,682.624,250.0,32.5,32.0,34.6
146.5,347.26,0.0,0.0,0.0,D,ENABLE,INVALID,2.0,NORMAL,-0.5,9.280000000000001,0.0,0.0,-58.0,-56.0,74.4,-0.4363043877305505,247.0,92.0,682.624,250.0,32.5,32.0,34.6
146.6,347.3,0.1,0.034730000000000004,0.0,D,ENABLE,INVALID,2.0,NORMAL,-0.5,9.200000000000003,0.0,0.0,-56.0,-54.0,74.0,-0.4184601414581604,247.0,92.0,682.624,250.0,32.5,32.0,34.6
146.7,347.32,0.2,0.069464,0.0,D,ENABLE,INVALID,2.0,NORMAL,-0.5,9.200000000000003,0.0,0.0,-54.0,-54.0,74.4,-0.4207220881687451,247.0,92.0,682.624,250.0,32.5,32.0,34.6
146.8,347.41,0.2,0.06948200000000002,0.0,D,ENABLE,INVALID,2.0,NORMAL,-0.5,9.120000000000005,0.0,0.0,-52.0,-52.0,73.9,-0.4024170749738286,247.0,92.0,682.624,250.0,32.5,32.0,34.6
146.9,347.51,0.2,0.069502,0.0,D,ENABLE,INVALID,2.0,NORMAL,-0.5,9.120000000000005,0.0,0.0,-50.0,-50.0,73.7,-0.3858922976159463,247.0,92.0,682.624,250.0,32.5,32.0,34.6
147.0,347.5,0.30000000000000004,0.10425000000000001,0.0,D,ENABLE,INVALID,2.0,NORMAL,-0.5,9.04,0.0,0.0,-48.0,-48.0,73.10000000000001,-0.3674406767638622,247.0,92.0,682.624,250.0,32.5,32.0,34.6
147.1,347.44,0.4,0.138976,0.0,D,ENABLE,INVALID,2.0,NORMAL,-0.5,9.04,0.0,0.0,-44.0,-44.0,72.7,-0.33497755267676765,247.0,92.0,682.624,250.0,32.5,32.0,34.6
147.2,347.45,0.5,0.173725,0.0,D,ENABLE,INVALID,2.0,NORMAL,-0.5,8.96,0.0,0.0,-42.0,-42.0,71.60000000000001,-0.3149132475958409,247.0,92.0,682.624,250.0,32.5,32.0,34.6
147.3,347.39,0.4,0.138956,0.0,D,ENABLE,INVALID,2.0,NORMAL,-0.5,8.880000000000003,0.0,0.0,-42.0,-42.0,71.2,-0.3131539557098306,247.0,92.0,682.624,250.0,32.5,32.0,34.6
147.4,347.49,0.5,0.173745,0.0,D,ENABLE,INVALID,2.0,NORMAL,-0.5,8.880000000000003,0.0,0.0,-40.0,-40.0,71.5,-0.29949849964222697,247.0,92.0,682.624,250.0,32.5,32.0,34.6
147.5,347.51,0.6000000000000001,0.20850600000000002,0.0,D,ENABLE,INVALID,2.0,NORMAL,-0.5,8.800000000000004,0.0,0.0,-36.0,-38.0,71.10000000000001,-0.2829318343822968,247.0,92.0,682.624,250.0,32.5,32.0,34.6
147.6,347.59000000000003,0.6000000000000001,0.20855400000000007,0.0,D,ENABLE,INVALID,2.0,NORMAL,0.0,8.719999999999999,0.0,0.0,-36.0,-36.0,70.10000000000001,-0.26427077401997345,247.0,92.0,682.624,250.0,32.5,32.0,34.6
147.7,347.32,0.7000000000000001,0.24312400000000003,0.0,D,ENABLE,INVALID,2.0,NORMAL,0.0,8.719999999999999,0.0,0.0,-32.0,-32.0,69.9,-0.23423714825165498,247.0,92.0,682.624,250.0,32.5,32.0,34.6
147.8,347.42,0.7000000000000001,0.24319400000000005,0.0,D,ENABLE,INVALID,2.0,NORMAL,0.0,8.64,0.0,0.0,-32.0,-32.0,69.8,-0.23390204503527207,247.0,92.0,682.624,250.0,32.5,32.0,34.6
147.9,347.39,0.7000000000000001,0.243173,0.0,D,ENABLE,INVALID,2.0,NORMAL,0.0,8.64,0.0,0.0,-30.0,-30.0,69.4,-0.21802653015913165,247.0,92.0,682.624,250.0,32.5,32.0,34.6
148.0,347.35,0.7000000000000001,0.24314500000000003,0.0,D,ENABLE,INVALID,2.0,NORMAL,0.0,8.64,0.0,0.0,-30.0,-30.0,69.60000000000001,-0.21865484868984963,247.0,92.0,682.624,250.0,32.5,32.0,34.6
148.1,347.40000000000003,0.8,0.27792,0.0,D,ENABLE,INVALID,2.0,NORMAL,0.0,8.560000000000002,0.0,0.0,-26.0,-26.0,69.10000000000001,-0.18813951204798077,247.0,92.0,682.624,250.0,32.5,32.0,34.6
148.2,347.40000000000003,0.8,0.27792,0.0,D,ENABLE,INVALID,2.0,NORMAL,0.0,8.560000000000002,0.0,0.0,-26.0,-26.0,68.2,-0.18568906977818073,247.0,92.0,682.624,250.0,32.5,32.0,34.6
148.3,347.40000000000003,0.9,0.31266000000000005,0.0,D,ENABLE,INVALID,2.0,NORMAL,0.0,8.480000000000004,0.0,0.0,-24.0,-24.0,68.8,-0.1729132596535822,247.0,92.0,682.624,250.0,32.5,32.0,34.6
148.4,347.32,0.8,0.277856,0.0,D,ENABLE,INVALID,2.0,NORMAL,0.0,8.480000000000004,0.0,0.0,-20.0,-20.0,68.2,-0.1428377459832159,247.0,92.0,682.624,250.0,32.5,32.0,34.6
148.5,347.32,0.9,0.31258800000000003,0.0,D,ENABLE,INVALID,2.0,NORMAL,0.0,8.480000000000004,0.0,0.0,-22.0,-22.0,67.5,-0.15550883635269477,247.0,92.0,682.624,250.0,32.5,32.0,34.6
148.6,347.40000000000003,0.9,0.31266000000000005,0.0,D,ENABLE,INVALID,2.0,NORMAL,0.0,8.399999999999999,0.0,0.0,-20.0,-20.0,67.3,-0.14095279039106204,247.0,92.0,682.624,250.0,32.5,32.0,34.6
148.7,347.28000000000003,1.0,0.34728000000000003,0.0,D,ENABLE,INVALID,2.0,NORMAL,0.0,8.399999999999999,0.0,0.0,-18.0,-18.0,67.60000000000001,-0.12742299802960202,247.0,92.0,682.624,250.0,32.5,32.0,34.6
148.8,347.2,1.0,0.3472,0.0,D,ENABLE,INVALID,2.0,NORMAL,0.0,8.399999999999999,0.0,0.0,-16.0,-16.0,67.8,-0.11359999035380691,247.0,92.0,682.624,250.0,32.5,32.0,34.6
148.9,347.42,0.9,0.312678,0.0,D,ENABLE,INVALID,2.0,NORMAL,0.0,8.32,0.0,0.0,-16.0,-16.0,67.60000000000001,-0.11326488713742403,247.0,92.0,682.624,250.0,32.5,32.0,34.6
149.0,347.33,1.0,0.34732999999999997,0.0,D,ENABLE,INVALID,2.0,NORMAL,0.0,8.32,0.0,0.0,-16.0,-16.0,67.3,-0.11276223231284964,247.0,92.0,682.624,250.0,32.5,32.0,34.6
149.1,347.41,1.2000000000000002,0.4168920000000001,0.0,D,ENABLE,INVALID,2.0,NORMAL,0.0,8.32,1.0,1.0,-16.0,-16.0,66.7,-0.11175692266370091,247.0,92.0,682.624,250.0,32.5,32.0,34.6
149.2,347.25,1.3,0.451425,0.0,D,ENABLE,INVALID,2.0,NORMAL,0.0,8.160000000000004,1.0,1.0,-12.0,-12.0,65.60000000000001,-0.08243539123019618,247.0,92.0,682.624,250.0,32.5,32.0,34.6
149.3,347.41,1.4000000000000001,0.4863740000000001,0.0,D,ENABLE,INVALID,2.0,NORMAL,0.0,7.759999999999998,1.0,1.0,0.0,0.0,62.6,0.0,247.0,92.0,682.624,250.0,32.5,32.0,34.6
149.4,347.24,2.0,0.69448,0.0,D,ENABLE,INVALID,2.0,NORMAL,0.0,7.200000000000003,1.0,1.0,14.0,6.0,59.0,0.03707079331235956,247.0,92.0,682.624,250.0,32.5,32.0,34.6
149.5,347.24,1.7000000000000002,0.590308,0.0,D,ENABLE,INVALID,2.0,NORMAL,0.0,6.560000000000002,1.0,1.0,18.0,22.0,50.300000000000004,0.11588288101541552,247.0,92.0,682.624,250.0,32.5,32.0,34.6
149.6,347.32,1.6,0.555712,0.0,D,ENABLE,INVALID,2.0,NORMAL,0.0,5.920000000000002,1.0,1.0,8.0,10.0,44.6,0.04670501078336826,247.0,92.0,682.624,250.0,32.5,32.0,34.6
149.7,347.44,1.5,0.52116,0.0,D,ENABLE,INVALID,2.0,NORMAL,0.0,5.200000000000003,1.0,1.0,2.0,4.0,40.0,0.016755160819145562,247.0,92.0,682.624,250.0,32.5,32.0,34.6
149.8,347.32,1.5,0.52098,0.0,D,ENABLE,INVALID,2.0,NORMAL,0.0,4.560000000000002,1.0,1.0,0.0,0.0,35.2,0.0,247.0,92.0,682.624,250.0,32.5,32.0,34.6
149.9,347.38,1.5,0.5210699999999999,0.0,D,ENABLE,INVALID,2.0,NORMAL,0.0,4.0,1.0,1.0,0.0,0.0,30.200000000000003,0.0,247.0,92.0,682.624,250.0,32.5,32.0,34.6
150.0,347.48,1.3,0.45172400000000007,0.0,D,ENABLE,INVALID,2.0,NORMAL,0.0,3.520000000000003,1.0,1.0,0.0,0.0,25.400000000000002,0.0,247.0,92.0,682.624,250.0,32.5,32.0,34.6
150.1,347.42,1.3,0.451646,0.0,D,ENABLE,INVALID,2.0,NORMAL,0.0,2.8000000000000043,1.0,1.0,0.0,0.0,20.0,0.0,247.0,92.0,682.624,250.0,32.5,32.0,34.6
150.2,347.5,1.3,0.45175,0.0,D,ENABLE,INVALID,2.0,NORMAL,0.0,2.3200000000000003,1.0,1.0,0.0,0.0,15.4,0.0,247.0,92.0,682.624,250.0,32.5,32.0,34.6
150.3,347.47,1.2000000000000002,0.4169640000000001,0.0,D,ENABLE,INVALID,2.0,NORMAL,0.0,1.5200000000000031,1.0,1.0,0.0,0.0,10.600000000000001,0.0,247.0,92.0,682.624,250.0,32.5,32.0,34.6
150.4,347.44,1.3,0.451672,0.0,D,ENABLE,INVALID,2.0,NORMAL,0.0,0.7199999999999989,1.0,1.0,0.0,0.0,6.0,0.0,247.0,92.0,682.624,250.0,32.5,32.0,34.6
150.5,347.59000000000003,1.3,0.4518670000000001,0.0,D,ENABLE,INVALID,2.0,NORMAL,0.0,0.1600000000000037,1.0,1.0,0.0,0.0,1.6,0.0,247.0,92.0,682.624,250.0,32.5,32.0,34.6
150.6,347.49,1.4000000000000001,0.48648600000000003,0.0,D,ENABLE,INVALID,2.0,NORMAL,0.0,-0.1599999999999966,1.0,1.0,0.0,0.0,-1.2000000000000002,-0.0,247.0,92.0,682.624,250.0,32.5,32.0,34.6
150.7,347.64,1.4000000000000001,0.486696,0.0,D,ENABLE,INVALID,2.0,NORMAL,0.0,-0.1599999999999966,1.0,1.0,0.0,0.0,-1.4000000000000001,-0.0,247.0,92.0,682.624,250.0,32.5,32.0,34.6
150.8,347.58,1.4000000000000001,0.48661200000000004,0.0,P,STANDBY,INVALID,2.0,NORMAL,0.0,-0.0799999999999983,1.0,1.0,0.0,0.0,-0.9,-0.0,247.0,92.0,682.624,250.0,32.5,32.0,34.6
150.9,347.43,1.4000000000000001,0.48640200000000006,0.0,P,STANDBY,INVALID,2.0,NORMAL,0.0,0.0,1.0,1.0,0.0,0.0,0.30000000000000004,0.0,247.0,92.0,682.624,250.0,32.5,32.0,34.6
151.0,347.59000000000003,1.4000000000000001,0.4866260000000001,0.0,P,STANDBY,INVALID,2.0,NORMAL,0.0,0.0,1.0,1.0,0.0,0.0,0.2,0.0,247.0,92.0,682.624,250.0,32.5,32.0,34.6
151.1,347.34000000000003,1.3,0.45154200000000005,0.0,P,STANDBY,INVALID,2.0,NORMAL,0.0,0.0,1.0,1.0,0.0,0.0,-0.4,-0.0,247.0,92.0,682.624,250.0,32.5,32.0,34.6
151.2,347.35,1.3,0.45155500000000004,0.0,P,STANDBY,INVALID,2.0,NORMAL,0.0,0.0,1.0,1.0,0.0,0.0,-0.2,-0.0,247.0,92.0,682.624,250.0,32.5,32.0,34.6
151.3,347.31,1.4000000000000001,0.48623400000000006,0.0,P,STANDBY,INVALID,2.0,NORMAL,0.0,0.0,1.0,1.0,0.0,0.0,0.0,0.0,247.0,92.0,682.624,250.0,32.5,32.0,34.6
151.4,347.35,1.4000000000000001,0.48629000000000006,0.0,P,STANDBY,INVALID,2.0,NORMAL,0.0,0.0,1.0,1.0,0.0,0.0,0.0,0.0,247.0,92.0,682.624,250.0,32.5,32.0,34.6
151.5,347.31,1.6,0.5556960000000001,0.0,P,STANDBY,INVALID,2.0,NORMAL,0.0,0.0,1.0,1.0,0.0,0.0,0.1,0.0,247.0,92.0,682.624,250.0,32.5,32.0,34.6
151.6,347.22,1.8,0.6249960000000001,0.0,P,STANDBY,INVALID,2.0,NORMAL,0.0,0.0,1.0,1.0,0.0,0.0,0.0,0.0,247.0,92.0,682.624,250.0,32.5,32.0,34.6
151.7,347.19,1.9000000000000001,0.659661,0.0,P,STANDBY,INVALID,2.0,NORMAL,0.0,0.0,1.0,1.0,0.0,0.0,0.0,0.0,247.0,92.0,682.624,250.0,32.5,32.0,34.6
151.8,347.38,2.0,0.69476,0.0,P,STANDBY,INVALID,2.0,NORMAL,0.0,0.0,1.0,1.0,0.0,0.0,0.0,0.0,247.0,92.0,682.624,250.0,32.5,32.0,34.6
151.9,347.43,1.7000000000000002,0.5906310000000001,0.0,P,STANDBY,INVALID,2.0,NORMAL,0.0,0.0,1.0,1.0,0.0,0.0,0.0,0.0,247.0,92.0,682.624,250.0,32.5,32.0,34.6
152.0,347.27,1.3,0.451451,0.0,P,STANDBY,INVALID,2.0,NORMAL,0.0,0.0,1.0,1.0,0.0,0.0,0.0,0.0,247.0,92.0,682.624,250.0,32.5,32.0,34.6
152.1,347.40000000000003,1.3,0.4516200000000001,0.0,P,STANDBY,INVALID,2.0,NORMAL,0.0,0.0,1.0,1.0,0.0,0.0,0.0,0.0,247.0,92.0,682.624,250.0,32.5,32.0,34.6
152.2,347.25,1.2000000000000002,0.41670000000000007,0.0,P,STANDBY,INVALID,2.0,NORMAL,0.0,0.0,1.0,1.0,0.0,0.0,0.0,0.0,247.0,92.0,682.624,250.0,32.5,32.0,34.6
152.3,347.34000000000003,1.4000000000000001,0.48627600000000004,0.0,P,STANDBY,INVALID,2.0,NORMAL,0.0,0.0,1.0,1.0,0.0,0.0,0.0,0.0,247.0,92.0,682.624,250.0,32.5,32.0,34.6
152.4,347.41,1.3,0.45163300000000006,0.0,P,STANDBY,INVALID,2.0,NORMAL,0.0,0.0,1.0,1.0,0.0,0.0,0.0,0.0,247.0,92.0,682.624,250.0,32.5,32.0,34.6
152.5,347.36,1.3,0.451568,0.0,P,STANDBY,INVALID,2.0,NORMAL,0.0,0.0,1.0,1.0,0.0,0.0,0.0,0.0,247.0,92.0,682.624,250.0,32.5,32.0,34.6
152.6,347.34000000000003,1.3,0.45154200000000005,0.0,P,STANDBY,INVALID,2.0,NORMAL,0.0,0.0,1.0,1.0,0.0,0.0,0.0,0.0,247.0,92.0,682.624,250.0,32.5,32.0,34.6
152.7,347.35,1.3,0.45155500000000004,0.0,P,STANDBY,INVALID,2.0,NORMAL,0.0,0.0,1.0,1.0,0.0,0.0,-0.1,-0.0,247.0,92.0,682.624,250.0,32.5,32.0,34.6
152.8,347.3,1.3,0.45149,0.0,P,STANDBY,INVALID,2.0,NORMAL,0.0,0.0,0.0,0.0,0.0,0.0,-0.1,-0.0,247.0,92.0,682.624,250.0,32.5,32.0,34.6
152.9,347.24,1.2000000000000002,0.41668800000000006,0.0,P,STANDBY,INVALID,2.0,NORMAL,0.0,0.0,0.0,0.0,0.0,0.0,0.0,0.0,247.0,92.0,682.624,250.0,32.5,32.0,34.6
153.0,347.23,1.2000000000000002,0.4166760000000001,0.0,P,STANDBY,INVALID,2.0,NORMAL,0.0,0.0,0.0,0.0,0.0,0.0,-0.1,-0.0,247.0,92.0,682.624,250.0,32.5,32.0,34.6
153.1,347.34000000000003,1.2000000000000002,0.4168080000000001,0.0,P,STANDBY,INVALID,2.0,NORMAL,0.0,0.0,0.0,0.0,0.0,0.0,0.0,0.0,247.0,92.0,682.624,250.0,32.5,32.0,34.6
153.2,347.28000000000003,1.3,0.45146400000000003,0.0,P,STANDBY,INVALID,2.0,NORMAL,0.0,0.0,0.0,0.0,0.0,0.0,0.0,0.0,247.0,92.0,682.624,250.0,32.5,32.0,34.6
153.3,347.36,1.2000000000000002,0.41683200000000004,0.0,P,STANDBY,INVALID,2.0,NORMAL,0.0,0.0,0.0,0.0,0.0,0.0,0.0,0.0,247.0,92.0,682.624,250.0,32.5,32.0,34.6
153.4,347.37,1.2000000000000002,0.41684400000000005,0.0,P,STANDBY,INVALID,2.0,NORMAL,0.0,0.0,0.0,0.0,0.0,0.0,0.0,0.0,247.0,92.0,682.624,250.0,32.5,32.0,34.6
153.5,347.39,1.2000000000000002,0.41686800000000007,0.0,P,STANDBY,INVALID,2.0,NORMAL,0.0,0.0,0.0,0.0,0.0,0.0,0.0,0.0,247.0,92.0,682.624,250.0,32.5,32.0,34.6
153.6,347.37,1.2000000000000002,0.41684400000000005,0.0,P,STANDBY,INVALID,2.0,NORMAL,0.0,0.0,0.0,0.0,0.0,0.0,-0.1,-0.0,247.0,92.0,682.624,250.0,32.5,32.0,34.6
153.7,347.35,1.1,0.38208500000000006,0.0,P,STANDBY,INVALID,2.0,NORMAL,0.0,0.0,0.0,0.0,0.0,0.0,-0.1,-0.0,247.0,92.0,682.624,250.0,32.5,32.0,34.6
153.8,347.28000000000003,1.2000000000000002,0.4167360000000001,0.0,P,STANDBY,INVALID,2.0,NORMAL,0.0,0.0,0.0,0.0,0.0,0.0,0.0,0.0,247.0,92.0,682.624,250.0,32.5,32.0,34.6
153.9,347.41,1.3,0.45163300000000006,0.0,P,STANDBY,INVALID,2.0,NORMAL,0.0,0.0,0.0,0.0,0.0,0.0,0.0,0.0,247.0,92.0,682.624,250.0,32.5,32.0,34.6
154.0,347.48,1.3,0.45172400000000007,0.0,P,STANDBY,INVALID,2.0,NORMAL,0.0,0.0,0.0,0.0,0.0,0.0,0.0,0.0,247.0,92.0,682.624,250.0,32.5,32.0,34.6
154.1,347.45,1.2000000000000002,0.41694000000000003,0.0,P,STANDBY,INVALID,2.0,NORMAL,0.0,0.0,0.0,0.0,0.0,0.0,0.1,0.0,247.0,92.0,682.624,250.0,32.5,32.0,34.6
154.2,347.29,1.2000000000000002,0.4167480000000001,0.0,P,STANDBY,INVALID,2.0,NORMAL,0.0,0.0,0.0,0.0,0.0,0.0,-0.1,-0.0,247.0,92.0,682.624,250.0,32.5,32.0,34.6
154.3,347.36,1.2000000000000002,0.41683200000000004,0.0,P,STANDBY,INVALID,2.0,NORMAL,0.0,0.0,0.0,0.0,0.0,0.0,0.0,0.0,247.0,92.0,682.624,250.0,32.5,32.0,34.6
154.4,347.33,1.2000000000000002,0.41679600000000006,0.0,P,STANDBY,INVALID,2.0,NORMAL,0.0,0.0,0.0,0.0,0.0,0.0,0.1,0.0,247.0,92.0,682.624,250.0,32.5,32.0,34.6
154.5,347.39,1.2000000000000002,0.41686800000000007,0.0,P,STANDBY,INVALID,2.0,NORMAL,0.0,0.0,0.0,0.0,0.0,0.0,0.0,0.0,247.0,92.0,682.624,250.0,32.5,32.0,34.6
154.6,347.45,1.1,0.382195,0.0,P,STANDBY,INVALID,2.0,NORMAL,0.0,0.0,0.0,0.0,0.0,0.0,0.0,0.0,247.0,92.0,682.624,250.0,32.5,32.0,34.6
154.7,347.33,1.2000000000000002,0.41679600000000006,0.0,P,STANDBY,INVALID,2.0,NORMAL,0.0,0.0,0.0,0.0,0.0,0.0,0.0,0.0,247.0,92.0,682.624,250.0,32.5,32.0,34.6
154.8,347.34000000000003,1.2000000000000002,0.4168080000000001,0.0,P,STANDBY,INVALID,2.0,NORMAL,0.0,0.0,0.0,0.0,0.0,0.0,0.0,0.0,247.0,92.0,682.624,250.0,32.5,32.0,34.6
154.9,347.29,1.2000000000000002,0.4167480000000001,0.0,P,STANDBY,INVALID,2.0,NORMAL,0.0,0.0,0.0,0.0,0.0,0.0,0.0,0.0,247.0,92.0,682.624,250.0,32.5,32.0,34.6
155.0,347.47,1.1,0.38221700000000003,0.0,P,STANDBY,INVALID,2.0,NORMAL,0.0,0.0,0.0,0.0,0.0,0.0,0.1,0.0,247.0,92.0,682.624,250.0,32.5,32.0,34.6
155.1,347.45,1.2000000000000002,0.41694000000000003,0.0,P,STANDBY,INVALID,2.0,NORMAL,0.0,0.0,0.0,0.0,0.0,0.0,0.0,0.0,247.0,92.0,682.624,250.0,32.5,32.0,34.6
155.2,347.34000000000003,1.1,0.3820740000000001,0.0,P,STANDBY,INVALID,2.0,NORMAL,0.0,0.0,0.0,0.0,0.0,0.0,0.0,0.0,247.0,92.0,682.624,250.0,32.5,32.0,34.6
155.3,347.41,1.2000000000000002,0.4168920000000001,0.0,P,STANDBY,INVALID,2.0,NORMAL,0.0,0.0,0.0,0.0,0.0,0.0,-0.1,-0.0,247.0,92.0,682.624,250.0,32.5,32.0,34.6
155.4,347.28000000000003,1.2000000000000002,0.4167360000000001,0.0,P,STANDBY,INVALID,2.0,NORMAL,0.0,0.0,0.0,0.0,0.0,0.0,0.1,0.0,247.0,92.0,682.624,250.0,32.5,32.0,34.6
155.5,347.39,1.2000000000000002,0.41686800000000007,0.0,P,STANDBY,INVALID,2.0,NORMAL,0.0,0.0,0.0,0.0,0.0,0.0,-0.1,-0.0,247.0,92.0,682.624,250.0,32.5,32.0,34.6
155.6,347.44,1.2000000000000002,0.4169280000000001,0.0,P,STANDBY,INVALID,2.0,NORMAL,0.0,0.0,0.0,0.0,0.0,0.0,0.0,0.0,247.0,92.0,682.624,250.0,32.5,32.0,34.6
155.7,347.33,1.1,0.382063,0.0,P,STANDBY,INVALID,2.0,NORMAL,0.0,0.0,0.0,0.0,0.0,0.0,0.0,0.0,247.0,92.0,682.624,250.0,32.5,32.0,34.6
155.8,347.26,1.2000000000000002,0.416712,0.0,P,STANDBY,INVALID,2.0,NORMAL,0.0,0.0,0.0,0.0,0.0,0.0,0.1,0.0,247.0,92.0,682.624,250.0,32.5,32.0,34.6
155.9,347.38,1.2000000000000002,0.41685600000000006,0.0,P,STANDBY,INVALID,2.0,NORMAL,0.0,0.0,0.0,0.0,0.0,0.0,0.1,0.0,247.0,92.0,682.624,250.0,32.5,32.0,34.6
156.0,347.28000000000003,1.2000000000000002,0.4167360000000001,0.0,P,STANDBY,INVALID,2.0,NORMAL,0.0,0.0,0.0,0.0,0.0,0.0,0.1,0.0,247.0,92.0,682.624,250.0,32.5,32.0,34.6
156.1,347.47,1.2000000000000002,0.4169640000000001,0.0,P,STANDBY,INVALID,2.0,NORMAL,0.0,0.0,0.0,0.0,0.0,0.0,0.0,0.0,247.0,92.0,682.624,250.0,32.5,32.0,34.6
156.2,347.28000000000003,1.1,0.382008,0.0,P,STANDBY,INVALID,2.0,NORMAL,0.0,0.0,0.0,0.0,0.0,0.0,0.0,0.0,247.0,92.0,682.624,250.0,32.5,32.0,34.6
156.3,347.39,1.2000000000000002,0.41686800000000007,0.0,P,STANDBY,INVALID,2.0,NORMAL,0.0,0.0,0.0,0.0,0.0,0.0,0.0,0.0,247.0,92.0,682.624,250.0,32.5,32.0,34.6
156.4,347.3,1.2000000000000002,0.4167600000000001,0.0,P,STANDBY,INVALID,2.0,NORMAL,0.0,0.0,0.0,0.0,0.0,0.0,0.0,0.0,247.0,92.0,682.624,250.0,32.5,32.0,34.6
156.5,347.35,1.2000000000000002,0.4168200000000001,0.0,P,STANDBY,INVALID,2.0,NORMAL,0.0,0.0,0.0,0.0,0.0,0.0,-0.1,-0.0,247.0,92.0,682.624,250.0,32.5,32.0,34.6
156.6,347.33,1.1,0.382063,0.0,P,STANDBY,INVALID,2.0,NORMAL,0.0,0.0,0.0,0.0,0.0,0.0,0.0,0.0,247.0,92.0,682.624,250.0,32.5,32.0,34.6
156.7,347.35,1.2000000000000002,0.4168200000000001,0.0,P,STANDBY,INVALID,2.0,NORMAL,0.0,0.0,0.0,0.0,0.0,0.0,0.0,0.0,247.0,92.0,682.624,250.0,32.5,32.0,34.6
156.8,347.32,1.2000000000000002,0.41678400000000004,0.0,P,STANDBY,INVALID,2.0,NORMAL,0.0,0.0,0.0,0.0,0.0,0.0,0.0,0.0,247.0,92.0,682.624,250.0,32.5,32.0,34.6
156.9,347.12,1.2000000000000002,0.416544,0.0,P,STANDBY,INVALID,2.0,NORMAL,0.0,0.0,0.0,0.0,0.0,0.0,0.0,0.0,247.0,92.0,682.624,250.0,32.5,32.0,34.6
157.0,347.40000000000003,1.2000000000000002,0.4168800000000001,0.0,P,STANDBY,INVALID,2.0,NORMAL,0.0,0.0,0.0,0.0,0.0,0.0,0.1,0.0,247.0,92.0,682.624,250.0,32.5,32.0,34.6
157.1,347.35,1.2000000000000002,0.4168200000000001,0.0,P,STANDBY,INVALID,2.0,NORMAL,0.0,0.0,0.0,0.0,0.0,0.0,-0.1,-0.0,247.0,92.0,682.624,250.0,32.5,32.0,34.6
157.2,347.32,1.2000000000000002,0.41678400000000004,0.0,P,STANDBY,INVALID,2.0,NORMAL,0.0,0.0,0.0,0.0,0.0,0.0,0.0,0.0,247.0,92.0,682.624,250.0,32.5,32.0,34.6
157.3,347.3,1.2000000000000002,0.4167600000000001,0.0,P,STANDBY,INVALID,2.0,NORMAL,0.0,0.0,0.0,0.0,0.0,0.0,-0.1,-0.0,247.0,92.0,682.624,250.0,32.5,32.0,34.6
157.4,347.34000000000003,1.2000000000000002,0.4168080000000001,0.0,P,STANDBY,INVALID,2.0,NORMAL,0.0,0.0,0.0,0.0,0.0,0.0,0.0,0.0,247.0,92.0,682.624,250.0,32.5,32.0,34.6
157.5,347.33,1.1,0.382063,0.0,P,STANDBY,INVALID,2.0,NORMAL,0.0,0.0,0.0,0.0,0.0,0.0,0.0,0.0,247.0,92.0,682.624,250.0,32.5,32.0,34.6
157.6,347.24,1.1,0.3819640000000001,0.0,P,STANDBY,INVALID,2.0,NORMAL,0.0,0.0,0.0,0.0,0.0,0.0,0.0,0.0,247.0,92.0,682.624,250.0,32.5,32.0,34.6
157.7,347.23,1.2000000000000002,0.4166760000000001,0.0,P,STANDBY,INVALID,2.0,NORMAL,0.0,0.0,0.0,0.0,0.0,0.0,0.0,0.0,247.0,92.0,682.624,250.0,32.5,32.0,34.6
157.8,347.34000000000003,1.2000000000000002,0.4168080000000001,0.0,P,STANDBY,INVALID,2.0,NORMAL,0.0,0.0,0.0,0.0,0.0,0.0,-0.1,-0.0,247.0,92.0,682.624,250.0,32.5,32.0,34.6
157.9,347.21,1.1,0.38193099999999996,0.0,P,STANDBY,INVALID,2.0,NORMAL,0.0,0.0,0.0,0.0,0.0,0.0,0.0,0.0,247.0,92.0,682.624,250.0,32.5,32.0,34.6
158.0,347.19,1.2000000000000002,0.41662800000000005,0.0,P,STANDBY,INVALID,2.0,NORMAL,0.0,0.0,0.0,0.0,0.0,0.0,0.0,0.0,247.0,92.0,682.624,250.0,32.5,32.0,34.6
158.1,347.26,1.2000000000000002,0.416712,0.0,P,STANDBY,INVALID,2.0,NORMAL,0.0,0.0,0.0,0.0,0.0,0.0,0.1,0.0,247.0,92.0,682.624,250.0,32.5,32.0,34.6
158.2,347.23,1.2000000000000002,0.4166760000000001,0.0,P,STANDBY,INVALID,2.0,NORMAL,0.0,0.0,0.0,0.0,0.0,0.0,0.0,0.0,247.0,92.0,682.624,250.0,32.5,32.0,34.6
158.3,347.23,1.1,0.38195300000000004,0.0,P,STANDBY,INVALID,2.0,NORMAL,0.0,0.0,0.0,0.0,0.0,0.0,0.0,0.0,247.0,92.0,682.624,250.0,32.5,32.0,34.6
158.4,347.22,1.1,0.38194200000000006,0.0,P,STANDBY,INVALID,2.0,NORMAL,0.0,0.0,0.0,0.0,0.0,0.0,-0.1,-0.0,247.0,92.0,682.624,250.0,32.5,32.0,34.6
158.5,347.17,1.2000000000000002,0.4166040000000001,0.0,P,STANDBY,INVALID,2.0,NORMAL,0.0,0.0,0.0,0.0,0.0,0.0,0.0,0.0,247.0,92.0,682.624,250.0,32.5,32.0,34.6
158.6,347.21,1.2000000000000002,0.416652,0.0,P,STANDBY,INVALID,2.0,NORMAL,0.0,0.0,0.0,0.0,0.0,0.0,0.0,0.0,247.0,92.0,682.624,250.0,32.5,32.0,34.6
158.7,347.14,1.2000000000000002,0.41656800000000005,0.0,P,STANDBY,INVALID,2.0,NORMAL,0.0,0.0,0.0,0.0,0.0,0.0,0.0,0.0,247.0,92.0,682.624,250.0,32.5,32.0,34.6
158.8,346.99,1.2000000000000002,0.4163880000000001,0.0,P,STANDBY,INVALID,2.0,NORMAL,0.0,0.0,0.0,0.0,0.0,0.0,-0.1,-0.0,247.0,92.0,682.624,250.0,32.5,32.0,34.6
158.9,347.18,1.2000000000000002,0.41661600000000004,0.0,P,STANDBY,INVALID,2.0,NORMAL,0.0,0.0,0.0,0.0,0.0,0.0,-0.1,-0.0,247.0,92.0,682.624,250.0,32.5,32.0,34.6
159.0,347.26,1.2000000000000002,0.416712,0.0,P,STANDBY,INVALID,2.0,NORMAL,0.0,0.0,0.0,0.0,0.0,0.0,0.0,0.0,247.0,92.0,682.624,250.0,32.5,32.0,34.6
159.1,347.23,1.2000000000000002,0.4166760000000001,0.0,P,STANDBY,INVALID,2.0,NORMAL,0.0,0.0,0.0,0.0,0.0,0.0,0.1,0.0,247.0,92.0,682.624,250.0,32.5,32.0,34.6
159.2,347.38,1.2000000000000002,0.41685600000000006,0.0,P,STANDBY,INVALID,2.0,NORMAL,0.0,0.0,0.0,0.0,0.0,0.0,-0.1,-0.0,247.0,92.0,682.624,250.0,32.5,32.0,34.6
159.3,347.19,1.2000000000000002,0.41662800000000005,0.0,P,STANDBY,INVALID,2.0,NORMAL,0.0,0.0,0.0,0.0,0.0,0.0,0.1,0.0,247.0,92.0,682.624,250.0,32.5,32.0,34.6
159.4,347.31,1.1,0.3820410000000001,0.0,P,STANDBY,INVALID,2.0,NORMAL,0.0,0.0,0.0,0.0,0.0,0.0,-0.1,-0.0,247.0,92.0,682.624,250.0,32.5,32.0,34.6
159.5,347.25,1.2000000000000002,0.41670000000000007,0.0,P,STANDBY,INVALID,2.0,NORMAL,0.0,0.0,0.0,0.0,0.0,0.0,0.0,0.0,247.0,92.0,682.624,250.0,32.5,32.0,34.6
159.6,347.08,1.2000000000000002,0.41649600000000003,0.0,P,STANDBY,INVALID,2.0,NORMAL,0.0,0.0,0.0,0.0,0.0,0.0,0.0,0.0,247.0,92.0,682.624,250.0,32.5,32.0,34.6
159.7,347.2,1.2000000000000002,0.41664000000000007,0.0,P,STANDBY,INVALID,2.0,NORMAL,0.0,0.0,0.0,0.0,0.0,0.0,0.0,0.0,247.0,92.0,682.624,250.0,32.5,32.0,34.6
159.8,347.12,1.1,0.38183200000000006,0.0,P,STANDBY,INVALID,2.0,NORMAL,0.0,0.0,0.0,0.0,0.0,0.0,0.1,0.0,247.0,92.0,682.624,250.0,32.5,32.0,34.6
159.9,347.15000000000003,1.2000000000000002,0.4165800000000001,0.0,P,STANDBY,INVALID,2.0,NORMAL,0.0,0.0,0.0,0.0,0.0,0.0,-0.1,-0.0,247.0,92.0,682.624,250.0,32.5,32.0,34.6
160.0,347.21,1.2000000000000002,0.416652,0.0,P,STANDBY,INVALID,2.0,NORMAL,0.0,0.0,0.0,0.0,0.0,0.0,-0.1,-0.0,247.0,92.0,682.624,250.0,32.5,32.0,34.6
160.1,347.34000000000003,1.2000000000000002,0.4168080000000001,0.0,P,STANDBY,INVALID,2.0,NORMAL,0.0,0.0,0.0,0.0,0.0,0.0,0.0,0.0,247.0,92.0,682.624,250.0,32.5,32.0,34.6
160.2,347.24,1.2000000000000002,0.41668800000000006,0.0,P,STANDBY,INVALID,2.0,NORMAL,0.0,0.0,0.0,0.0,0.0,0.0,-0.1,-0.0,247.0,92.0,682.624,250.0,32.5,32.0,34.6
160.3,347.17,1.2000000000000002,0.4166040000000001,0.0,P,STANDBY,INVALID,2.0,NORMAL,0.0,0.0,0.0,0.0,0.0,0.0,0.0,0.0,247.0,92.0,682.624,250.0,32.5,32.0,34.6
160.4,347.15000000000003,1.2000000000000002,0.4165800000000001,0.0,P,STANDBY,INVALID,2.0,NORMAL,0.0,0.0,0.0,0.0,0.0,0.0,0.0,0.0,247.0,92.0,682.624,250.0,32.5,32.0,34.6
160.5,347.3,1.2000000000000002,0.4167600000000001,0.0,P,STANDBY,INVALID,2.0,NORMAL,0.0,0.0,0.0,0.0,0.0,0.0,0.0,0.0,247.0,92.0,682.624,250.0,32.5,32.0,34.6
160.6,347.11,1.2000000000000002,0.41653200000000007,0.0,P,STANDBY,INVALID,2.0,NORMAL,0.0,0.0,0.0,0.0,0.0,0.0,0.0,0.0,247.0,92.0,682.624,250.0,32.5,32.0,34.6
160.7,347.32,1.1,0.382052,0.0,P,STANDBY,INVALID,2.0,NORMAL,0.0,0.0,0.0,0.0,0.0,0.0,0.0,0.0,247.0,92.0,682.624,250.0,32.5,32.0,34.6
160.8,347.2,1.2000000000000002,0.41664000000000007,0.0,P,STANDBY,INVALID,2.0,NORMAL,0.0,0.0,0.0,0.0,0.0,0.0,0.0,0.0,247.0,92.0,682.624,250.0,32.5,32.0,34.6
160.9,346.99,1.2000000000000002,0.4163880000000001,0.0,P,STANDBY,INVALID,2.0,NORMAL,0.0,0.0,0.0,0.0,0.0,0.0,0.0,0.0,247.0,92.0,682.624,250.0,32.5,32.0,34.6
161.0,347.22,1.1,0.38194200000000006,0.0,P,STANDBY,INVALID,2.0,NORMAL,0.0,0.0,0.0,0.0,0.0,0.0,0.0,0.0,247.0,92.0,682.624,250.0,32.5,32.0,34.6
161.1,347.07,1.2000000000000002,0.416484,0.0,P,STANDBY,INVALID,2.0,NORMAL,0.0,0.0,0.0,0.0,0.0,0.0,0.0,0.0,247.0,92.0,682.624,250.0,32.5,32.0,34.6
161.2,347.04,1.3,0.45115200000000005,0.0,P,STANDBY,INVALID,2.0,NORMAL,0.0,0.0,0.0,0.0,0.0,0.0,0.0,0.0,247.0,92.0,682.624,250.0,32.5,32.0,34.6
161.3,347.16,1.2000000000000002,0.4165920000000001,0.0,P,STANDBY,INVALID,2.0,NORMAL,0.0,0.0,0.0,0.0,0.0,0.0,-0.1,-0.0,247.0,92.0,682.624,250.0,32.5,32.0,34.6
161.4,347.16,1.2000000000000002,0.4165920000000001,0.0,P,STANDBY,INVALID,2.0,NORMAL,0.0,0.0,0.0,0.0,0.0,0.0,-0.1,-0.0,247.0,92.0,682.624,250.0,32.5,32.0,34.6
161.5,347.22,1.2000000000000002,0.4166640000000001,0.0,P,STANDBY,INVALID,2.0,NORMAL,0.0,0.0,0.0,0.0,0.0,0.0,0.0,0.0,247.0,92.0,682.624,250.0,32.5,32.0,34.6
161.6,347.19,1.2000000000000002,0.41662800000000005,0.0,P,STANDBY,INVALID,2.0,NORMAL,0.0,0.0,0.0,0.0,0.0,0.0,0.0,0.0,247.0,92.0,682.624,250.0,32.5,32.0,34.6
161.7,347.1,1.2000000000000002,0.4165200000000001,0.0,P,STANDBY,INVALID,2.0,NORMAL,0.0,0.0,0.0,0.0,0.0,0.0,-0.1,-0.0,247.0,92.0,682.624,250.0,32.5,32.0,34.6
161.8,347.38,1.1,0.38211800000000007,0.0,P,STANDBY,INVALID,2.0,NORMAL,0.0,0.0,0.0,0.0,0.0,0.0,0.1,0.0,247.0,92.0,682.624,250.0,32.5,32.0,34.6
161.9,347.23,1.2000000000000002,0.4166760000000001,0.0,P,STANDBY,INVALID,2.0,NORMAL,0.0,0.0,0.0,0.0,0.0,0.0,0.0,0.0,247.0,92.0,682.624,250.0,32.5,32.0,34.6
162.0,347.15000000000003,1.1,0.38186500000000007,0.0,P,STANDBY,INVALID,2.0,NORMAL,0.0,0.0,0.0,0.0,0.0,0.0,0.0,0.0,247.0,92.0,682.624,250.0,32.5,32.0,34.6
162.1,347.2,1.2000000000000002,0.41664000000000007,0.0,P,STANDBY,INVALID,2.0,NORMAL,0.0,0.0,0.0,0.0,0.0,0.0,0.0,0.0,247.0,92.0,682.624,250.0,32.5,32.0,34.6
162.2,347.07,1.2000000000000002,0.416484,0.0,P,STANDBY,INVALID,2.0,NORMAL,0.0,0.0,0.0,0.0,0.0,0.0,0.0,0.0,247.0,92.0,682.624,250.0,32.5,32.0,34.6
162.3,347.07,1.2000000000000002,0.416484,0.0,P,STANDBY,INVALID,2.0,NORMAL,0.0,0.0,0.0,0.0,0.0,0.0,0.0,0.0,247.0,92.0,682.624,250.0,32.5,32.0,34.6
162.4,347.23,1.1,0.38195300000000004,0.0,P,STANDBY,INVALID,2.0,NORMAL,0.0,0.0,0.0,0.0,0.0,0.0,0.0,0.0,247.0,92.0,682.624,250.0,32.5,32.0,34.6
162.5,347.09000000000003,1.1,0.3817990000000001,0.0,P,STANDBY,INVALID,2.0,NORMAL,0.0,0.0,0.0,0.0,0.0,0.0,-0.1,-0.0,247.0,92.0,682.624,250.0,32.5,32.0,34.6
162.6,347.13,1.2000000000000002,0.41655600000000004,0.0,P,STANDBY,INVALID,2.0,NORMAL,0.0,0.0,0.0,0.0,0.0,0.0,-0.1,-0.0,247.0,92.0,682.624,250.0,32.5,32.0,34.6
162.7,347.28000000000003,1.2000000000000002,0.4167360000000001,0.0,P,STANDBY,INVALID,2.0,NORMAL,0.0,0.0,0.0,0.0,0.0,0.0,0.0,0.0,247.0,92.0,682.624,250.0,32.5,32.0,34.6
162.8,347.28000000000003,1.1,0.382008,0.0,P,STANDBY,INVALID,2.0,NORMAL,0.0,0.0,0.0,0.0,0.0,0.0,-0.1,-0.0,247.0,92.0,682.624,250.0,32.5,32.0,34.6
162.9,347.15000000000003,1.2000000000000002,0.4165800000000001,0.0,P,STANDBY,INVALID,2.0,NORMAL,0.0,0.0,0.0,0.0,0.0,0.0,-0.1,-0.0,247.0,92.0,682.624,250.0,32.5,32.0,34.6
163.0,347.07,1.2000000000000002,0.416484,0.0,P,STANDBY,INVALID,2.0,NORMAL,0.0,0.0,0.0,0.0,0.0,0.0,0.0,0.0,247.0,92.0,682.624,250.0,32.5,32.0,34.6
163.1,347.32,1.2000000000000002,0.41678400000000004,0.0,P,STANDBY,INVALID,2.0,NORMAL,0.0,0.0,0.0,0.0,0.0,0.0,0.0,0.0,247.0,92.0,682.624,250.0,32.5,32.0,34.6
163.2,347.26,1.2000000000000002,0.416712,0.0,P,STANDBY,INVALID,2.0,NORMAL,0.0,0.0,0.0,0.0,0.0,0.0,0.1,0.0,247.0,92.0,682.624,250.0,32.5,32.0,34.6
163.3,347.2,1.1,0.38192000000000004,0.0,P,STANDBY,INVALID,2.0,NORMAL,0.0,0.0,0.0,0.0,0.0,0.0,0.0,0.0,247.0,92.0,682.624,250.0,32.5,32.0,34.6
163.4,346.97,1.1,0.3816670000000001,0.0,P,STANDBY,INVALID,2.0,NORMAL,0.0,0.0,0.0,0.0,0.0,0.0,0.0,0.0,247.0,92.0,682.624,250.0,32.5,32.0,34.6
163.5,347.28000000000003,1.2000000000000002,0.4167360000000001,0.0,P,STANDBY,INVALID,2.0,NORMAL,0.0,0.0,0.0,0.0,0.0,0.0,0.0,0.0,247.0,92.0,682.624,250.0,32.5,32.0,34.6
163.6,347.31,1.2000000000000002,0.41677200000000003,0.0,P,STANDBY,INVALID,2.0,NORMAL,0.0,0.0,0.0,0.0,0.0,0.0,0.0,0.0,247.0,92.0,682.624,250.0,32.5,32.0,34.6
163.7,347.25,1.2000000000000002,0.41670000000000007,0.0,P,STANDBY,INVALID,2.0,NORMAL,0.0,0.0,0.0,0.0,0.0,0.0,0.0,0.0,247.0,92.0,682.624,250.0,32.5,32.0,34.6
163.8,347.29,1.2000000000000002,0.4167480000000001,0.0,P,STANDBY,INVALID,2.0,NORMAL,0.0,0.0,0.0,0.0,0.0,0.0,-0.1,-0.0,247.0,92.0,682.624,250.0,32.5,32.0,34.6
163.9,347.33,1.2000000000000002,0.41679600000000006,0.0,P,STANDBY,INVALID,2.0,NORMAL,0.0,0.0,0.0,0.0,0.0,0.0,0.1,0.0,247.0,92.0,682.624,250.0,32.5,32.0,34.6
164.0,347.26,1.1,0.38198600000000005,0.0,P,STANDBY,INVALID,2.0,NORMAL,0.0,0.0,0.0,0.0,0.0,0.0,0.0,0.0,247.0,92.0,682.624,250.0,32.5,32.0,34.6
164.1,347.15000000000003,1.2000000000000002,0.4165800000000001,0.0,P,STANDBY,INVALID,2.0,NORMAL,0.0,0.0,0.0,0.0,0.0,0.0,-0.1,-0.0,247.0,92.0,682.624,250.0,32.5,32.0,34.6
164.2,347.13,1.2000000000000002,0.41655600000000004,0.0,P,STANDBY,INVALID,2.0,NORMAL,0.0,0.0,0.0,0.0,0.0,0.0,0.0,0.0,247.0,92.0,682.624,250.0,32.5,32.0,34.6
164.3,347.12,1.2000000000000002,0.416544,0.0,P,STANDBY,INVALID,2.0,NORMAL,0.0,0.0,0.0,0.0,0.0,0.0,0.0,0.0,247.0,92.0,682.624,250.0,32.5,32.0,34.6
164.4,347.27,1.1,0.38199700000000003,0.0,P,STANDBY,INVALID,2.0,NORMAL,0.0,0.0,0.0,0.0,0.0,0.0,0.0,0.0,247.0,92.0,682.624,250.0,32.5,32.0,34.6
164.5,347.28000000000003,1.2000000000000002,0.4167360000000001,0.0,P,STANDBY,INVALID,2.0,NORMAL,0.0,0.0,0.0,0.0,0.0,0.0,0.0,0.0,247.0,92.0,682.624,250.0,32.5,32.0,34.6
164.6,347.11,1.2000000000000002,0.41653200000000007,0.0,P,STANDBY,INVALID,2.0,NORMAL,0.0,0.0,0.0,0.0,0.0,0.0,0.0,0.0,247.0,92.0,682.624,250.0,32.5,32.0,34.6
164.7,347.11,1.2000000000000002,0.41653200000000007,0.0,P,STANDBY,INVALID,2.0,NORMAL,0.0,0.0,0.0,0.0,0.0,0.0,-0.1,-0.0,247.0,92.0,682.624,250.0,32.5,32.0,34.6
164.8,347.23,1.2000000000000002,0.4166760000000001,0.0,P,STANDBY,INVALID,2.0,NORMAL,0.0,0.0,0.0,0.0,0.0,0.0,0.0,0.0,247.0,92.0,682.624,250.0,32.5,32.0,34.6
164.9,347.19,1.2000000000000002,0.41662800000000005,0.0,P,STANDBY,INVALID,2.0,NORMAL,0.0,0.0,0.0,0.0,0.0,0.0,-0.1,-0.0,247.0,92.0,682.624,250.0,32.5,32.0,34.6
165.0,347.24,1.2000000000000002,0.41668800000000006,0.0,P,STANDBY,INVALID,2.0,NORMAL,0.0,0.0,0.0,0.0,0.0,0.0,-0.1,-0.0,247.0,92.0,682.624,250.0,32.5,32.0,34.6
165.1,347.13,1.2000000000000002,0.41655600000000004,0.0,P,STANDBY,INVALID,2.0,NORMAL,0.0,0.0,0.0,0.0,0.0,0.0,0.0,0.0,247.0,92.0,682.624,250.0,32.5,32.0,34.6
165.2,347.18,1.2000000000000002,0.41661600000000004,0.0,P,STANDBY,INVALID,2.0,NORMAL,0.0,0.0,0.0,0.0,0.0,0.0,0.0,0.0,247.0,92.0,682.624,250.0,32.5,32.0,34.6
165.3,347.07,1.1,0.38177700000000003,0.0,P,STANDBY,INVALID,2.0,NORMAL,0.0,0.0,0.0,0.0,0.0,0.0,0.0,0.0,247.0,92.0,682.624,250.0,32.5,32.0,34.6
165.4,347.05,1.1,0.38175500000000007,0.0,P,STANDBY,INVALID,2.0,NORMAL,0.0,0.0,0.0,0.0,0.0,0.0,0.0,0.0,247.0,92.0,682.624,250.0,32.5,32.0,34.6
165.5,347.1,1.1,0.38181000000000004,0.0,P,STANDBY,INVALID,2.0,NORMAL,0.0,0.0,0.0,0.0,0.0,0.0,0.0,0.0,247.0,92.0,682.624,250.0,32.5,32.0,34.6
165.6,347.15000000000003,1.2000000000000002,0.4165800000000001,0.0,P,STANDBY,INVALID,2.0,NORMAL,0.0,0.0,0.0,0.0,0.0,0.0,0.0,0.0,247.0,92.0,682.624,250.0,32.5,32.0,34.6
165.7,347.12,1.1,0.38183200000000006,0.0,P,STANDBY,INVALID,2.0,NORMAL,0.0,0.0,0.0,0.0,0.0,0.0,-0.1,-0.0,247.0,92.0,682.624,250.0,32.5,32.0,34.6
165.8,347.02,1.2000000000000002,0.416424,0.0,P,STANDBY,INVALID,2.0,NORMAL,0.0,0.0,0.0,0.0,0.0,0.0,0.0,0.0,247.0,92.0,682.624,250.0,32.5,32.0,34.6
165.9,347.15000000000003,1.2000000000000002,0.4165800000000001,0.0,P,STANDBY,INVALID,2.0,NORMAL,0.0,0.0,0.0,0.0,0.0,0.0,0.0,0.0,247.0,92.0,682.624,250.0,32.5,32.0,34.6
166.0,347.07,1.1,0.38177700000000003,0.0,P,STANDBY,INVALID,2.0,NORMAL,0.0,0.0,0.0,0.0,0.0,0.0,0.0,0.0,247.0,92.0,682.624,250.0,32.5,32.0,34.6
166.1,347.06,1.1,0.381766,0.0,P,STANDBY,INVALID,2.0,NORMAL,0.0,0.0,0.0,0.0,0.0,0.0,0.1,0.0,247.0,92.0,682.624,250.0,32.5,32.0,34.6
166.2,347.12,1.1,0.38183200000000006,0.0,P,STANDBY,INVALID,2.0,NORMAL,0.0,0.0,0.0,0.0,0.0,0.0,0.1,0.0,247.0,92.0,682.624,250.0,32.5,32.0,34.6
166.3,347.09000000000003,1.2000000000000002,0.4165080000000001,0.0,P,STANDBY,INVALID,2.0,NORMAL,0.0,0.0,0.0,0.0,0.0,0.0,0.0,0.0,247.0,92.0,682.624,250.0,32.5,32.0,34.6
166.4,347.09000000000003,1.2000000000000002,0.4165080000000001,0.0,P,STANDBY,INVALID,2.0,NORMAL,0.0,0.0,0.0,0.0,0.0,0.0,0.0,0.0,247.0,92.0,682.624,250.0,32.5,32.0,34.6
166.5,347.21,1.1,0.38193099999999996,0.0,P,STANDBY,INVALID,2.0,NORMAL,0.0,0.0,0.0,0.0,0.0,0.0,0.0,0.0,247.0,92.0,682.624,250.0,32.5,32.0,34.6
166.6,347.23,1.2000000000000002,0.4166760000000001,0.0,P,STANDBY,INVALID,2.0,NORMAL,0.0,0.0,0.0,0.0,0.0,0.0,0.0,0.0,247.0,92.0,682.624,250.0,32.5,32.0,34.6
166.7,347.15000000000003,1.2000000000000002,0.4165800000000001,0.0,P,STANDBY,INVALID,2.0,NORMAL,0.0,0.0,0.0,0.0,0.0,0.0,0.1,0.0,247.0,92.0,682.624,250.0,32.5,32.0,34.6
166.8,347.25,1.2000000000000002,0.41670000000000007,0.0,P,STANDBY,INVALID,2.0,NORMAL,0.0,0.0,0.0,0.0,0.0,0.0,0.0,0.0,247.0,92.0,682.624,250.0,32.5,32.0,34.6
166.9,347.19,1.2000000000000002,0.41662800000000005,0.0,P,STANDBY,INVALID,2.0,NORMAL,0.0,0.0,0.0,0.0,0.0,0.0,0.0,0.0,247.0,92.0,682.624,250.0,32.5,32.0,34.6
167.0,347.36,1.2000000000000002,0.41683200000000004,0.0,P,STANDBY,INVALID,2.0,NORMAL,0.0,0.0,0.0,0.0,0.0,0.0,0.1,0.0,247.0,92.0,682.624,250.0,32.5,32.0,34.6
167.1,347.18,1.1,0.381898,0.0,P,STANDBY,INVALID,2.0,NORMAL,0.0,0.0,0.0,0.0,0.0,0.0,0.0,0.0,247.0,92.0,682.624,250.0,32.5,32.0,34.6
167.2,347.31,1.1,0.3820410000000001,0.0,P,STANDBY,INVALID,2.0,NORMAL,0.0,0.0,0.0,0.0,0.0,0.0,0.0,0.0,247.0,92.0,682.624,250.0,32.5,32.0,34.6
167.3,347.27,1.1,0.38199700000000003,0.0,P,STANDBY,INVALID,2.0,NORMAL,0.0,0.0,0.0,0.0,0.0,0.0,0.0,0.0,247.0,92.0,682.624,250.0,32.5,32.0,34.6
167.4,347.13,1.2000000000000002,0.41655600000000004,0.0,P,STANDBY,INVALID,2.0,NORMAL,0.0,0.0,0.0,0.0,0.0,0.0,0.1,0.0,247.0,92.0,682.624,250.0,32.5,32.0,34.6
167.5,347.2,1.2000000000000002,0.41664000000000007,0.0,P,STANDBY,INVALID,2.0,NORMAL,0.0,0.0,0.0,0.0,0.0,0.0,0.0,0.0,247.0,92.0,682.624,250.0,32.5,32.0,34.6
167.6,347.25,1.2000000000000002,0.41670000000000007,0.0,P,STANDBY,INVALID,2.0,NORMAL,0.0,0.0,0.0,0.0,0.0,0.0,0.0,0.0,247.0,92.0,682.624,250.0,32.5,32.0,34.6
167.7,347.22,1.2000000000000002,0.4166640000000001,0.0,P,STANDBY,INVALID,2.0,NORMAL,0.0,0.0,0.0,0.0,0.0,0.0,0.0,0.0,247.0,92.0,682.624,250.0,32.5,32.0,34.6
167.8,347.18,1.2000000000000002,0.41661600000000004,0.0,P,STANDBY,INVALID,2.0,NORMAL,0.0,0.0,0.0,0.0,0.0,0.0,0.0,0.0,247.0,92.0,682.624,250.0,32.5,32.0,34.6
167.9,347.21,1.2000000000000002,0.416652,0.0,P,STANDBY,INVALID,2.0,NORMAL,0.0,0.0,0.0,0.0,0.0,0.0,0.0,0.0,247.0,92.0,682.624,250.0,32.5,32.0,34.6
168.0,347.18,1.2000000000000002,0.41661600000000004,0.0,P,STANDBY,INVALID,2.0,NORMAL,0.0,0.0,0.0,0.0,0.0,0.0,-0.1,-0.0,247.0,92.0,682.624,250.0,32.5,32.0,34.6
168.1,347.25,1.1,0.381975,0.0,P,STANDBY,INVALID,2.0,NORMAL,0.0,0.0,0.0,0.0,0.0,0.0,-0.1,-0.0,247.0,92.0,682.624,250.0,32.5,32.0,34.6
168.2,347.16,1.1,0.38187600000000005,0.0,P,STANDBY,INVALID,2.0,NORMAL,0.0,0.0,0.0,0.0,0.0,0.0,0.0,0.0,247.0,92.0,682.624,250.0,32.5,32.0,34.6
168.3,347.24,1.1,0.3819640000000001,0.0,P,STANDBY,INVALID,2.0,NORMAL,0.0,0.0,0.0,0.0,0.0,0.0,-0.1,-0.0,247.0,92.0,682.624,250.0,32.5,32.0,34.6
168.4,347.2,1.2000000000000002,0.41664000000000007,0.0,P,STANDBY,INVALID,2.0,NORMAL,0.0,0.0,0.0,0.0,0.0,0.0,0.0,0.0,247.0,92.0,682.624,250.0,32.5,32.0,34.6
168.5,347.21,1.2000000000000002,0.416652,0.0,P,STANDBY,INVALID,2.0,NORMAL,0.0,0.0,0.0,0.0,0.0,0.0,0.0,0.0,247.0,92.0,682.624,250.0,32.5,32.0,34.6
168.6,347.14,1.2000000000000002,0.41656800000000005,0.0,P,STANDBY,INVALID,2.0,NORMAL,0.0,0.0,0.0,0.0,0.0,0.0,0.0,0.0,247.0,92.0,682.624,250.0,32.5,32.0,34.6
168.7,347.04,1.2000000000000002,0.4164480000000001,0.0,P,STANDBY,INVALID,2.0,NORMAL,0.0,0.0,0.0,0.0,0.0,0.0,0.0,0.0,247.0,92.0,682.624,250.0,32.5,32.0,34.6
168.8,347.2,1.2000000000000002,0.41664000000000007,0.0,P,STANDBY,INVALID,2.0,NORMAL,0.0,0.0,0.0,0.0,0.0,0.0,0.0,0.0,247.0,92.0,682.624,250.0,32.5,32.0,34.6
168.9,347.21,1.2000000000000002,0.416652,0.0,P,STANDBY,INVALID,2.0,NORMAL,0.0,0.0,0.0,0.0,0.0,0.0,0.0,0.0,247.0,92.0,682.624,250.0,32.5,32.0,34.6
169.0,347.23,1.2000000000000002,0.4166760000000001,0.0,P,STANDBY,INVALID,2.0,NORMAL,0.0,0.0,0.0,0.0,0.0,0.0,0.0,0.0,247.0,92.0,682.624,250.0,32.5,32.0,34.6
169.1,347.28000000000003,1.2000000000000002,0.4167360000000001,0.0,P,STANDBY,INVALID,2.0,NORMAL,0.0,0.0,0.0,0.0,0.0,0.0,0.0,0.0,247.0,92.0,682.624,250.0,32.5,32.0,34.6
169.2,347.28000000000003,1.2000000000000002,0.4167360000000001,0.0,P,STANDBY,INVALID,2.0,NORMAL,0.0,0.0,0.0,0.0,0.0,0.0,0.1,0.0,247.0,92.0,682.624,250.0,32.5,32.0,34.6
169.3,347.34000000000003,1.2000000000000002,0.4168080000000001,0.0,P,STANDBY,INVALID,2.0,NORMAL,0.0,0.0,0.0,0.0,0.0,0.0,-0.1,-0.0,247.0,92.0,682.624,250.0,32.5,32.0,34.6
169.4,347.29,1.2000000000000002,0.4167480000000001,0.0,P,STANDBY,INVALID,2.0,NORMAL,0.0,0.0,0.0,0.0,0.0,0.0,0.0,0.0,247.0,92.0,682.624,250.0,32.5,32.0,34.6
169.5,347.32,1.2000000000000002,0.41678400000000004,0.0,P,STANDBY,INVALID,2.0,NORMAL,0.0,0.0,0.0,0.0,0.0,0.0,0.0,0.0,247.0,92.0,682.624,250.0,32.5,32.0,34.6
169.6,347.33,1.1,0.382063,0.0,P,STANDBY,INVALID,2.0,NORMAL,0.0,0.0,0.0,0.0,0.0,0.0,0.0,0.0,247.0,92.0,682.624,250.0,32.5,32.0,34.6
169.7,347.34000000000003,1.2000000000000002,0.4168080000000001,0.0,P,STANDBY,INVALID,2.0,NORMAL,0.0,0.0,0.0,0.0,0.0,0.0,-0.1,-0.0,247.0,92.0,682.624,250.0,32.5,32.0,34.6
169.8,347.24,1.1,0.3819640000000001,0.0,P,STANDBY,INVALID,2.0,NORMAL,0.0,0.0,0.0,0.0,0.0,0.0,0.1,0.0,247.0,92.0,682.624,250.0,32.5,32.0,34.6
169.9,347.29,1.2000000000000002,0.4167480000000001,0.0,P,STANDBY,INVALID,2.0,NORMAL,0.0,0.0,0.0,0.0,0.0,0.0,0.0,0.0,247.0,92.0,682.624,250.0,32.5,32.0,34.6
