time_s,signal_key,value,raw_hex
0.089900,VCLEFT_frontLatchStatus,CLOSED,22 b3 88 04 8c 0e a1 09
7.984500,VCLEFT_frontLatchStatus,OPENED,21 33 49 84 8c 0c a1 09
29.656100,VCLEFT_frontLatchStatus,CLOSED,22 b3 48 04 8c 0e a1 09
0.086200,VCSEC_lockRequestType,NONE,00 11 00 00 00 00 40 0f
33.362600,VCSEC_lockRequestType,ACTIVE_NFC_LOCK,00 21 fe 90 80 00 88 0f
33.988600,VCSEC_lockRequestType,NONE,00 21 fc 00 80 10 80 0f
0.086200,VCSEC_simpleLockStatus,UNLOCKED,00 11 00 00 00 00 40 0f
33.362600,VCSEC_simpleLockStatus,LOCKED,00 21 fe 90 80 00 88 0f
0.086200,VCSEC_vehicleLockStatus,ACTIVE_NFC_UNLOCKED,00 11 00 00 00 00 40 0f
33.362600,VCSEC_vehicleLockStatus,ACTIVE_NFC_LOCKED,00 21 fe 90 80 00 88 0f
0.421900,UI_lockRequest,IDLE,81 e1 10 00 c8 00 10 01
0.121800,UI_readyForDrive,1,7b 0f 39 80 07 14 08 0b
122.839700,UI_readyForDrive,0,59 0d 39 80 07 14 08 09
0.041900,VCFRONT_vehiclePowerState,ACCESSORY,40 41 05 05 00 50 91 8f
29.894500,VCFRONT_vehiclePowerState,CONDITIONING,21 01 a5 51 01 02 e0 1e
282.160500,VCFRONT_vehiclePowerState,OFF,00 00 01 00 00 50 31 a5
0.039600,BMS_hvState,DOWN,58 04 00 00 82 ff 77 62
0.039600,BMS_contactorState,CLOSED,58 04 00 00 82 ff 77 62
282.245100,BMS_contactorState,OPENING,58 02 00 00 82 ff 77 20
282.543600,BMS_contactorState,OPEN,58 01 00 00 80 ff 77 00
0.351300,HVP_packContPositiveState,ECONOMIZED,f6 15 09 82 18 01
282.354900,HVP_packContPositiveState,OPENING,ed 14 09 42 14 00
283.354900,HVP_packContPositiveState,OPEN,c9 11 09 82 10 00
0.351300,HVP_packContNegativeState,ECONOMIZED,f6 15 09 82 18 01
282.354900,HVP_packContNegativeState,OPENING,ed 14 09 42 14 00
283.354900,HVP_packContNegativeState,OPEN,c9 11 09 82 10 00
0.079200,PCS_dcdcHvBusVolt,187.646484375,12 05 d4 0d dd 00
0.679300,PCS_dcdcHvBusVolt,178.271484375,11 05 d3 0d d9 00
0.779200,PCS_dcdcHvBusVolt,187.646484375,12 05 d4 0d dc 00
1.379300,PCS_dcdcHvBusVolt,178.271484375,10 05 d3 0d dc 00
1.479100,PCS_dcdcHvBusVolt,187.646484375,12 05 d4 0d db 00
2.779000,PCS_dcdcHvBusVolt,178.271484375,13 05 d3 0d e2 00
2.879000,PCS_dcdcHvBusVolt,187.646484375,12 05 d4 0d db 00
3.079000,PCS_dcdcHvBusVolt,178.271484375,13 05 d3 0d e5 00
3.179000,PCS_dcdcHvBusVolt,187.646484375,13 05 d4 0d dd 00
3.879300,PCS_dcdcHvBusVolt,178.271484375,13 05 d3 0d e5 00
4.178900,PCS_dcdcHvBusVolt,187.646484375,12 05 d4 0d e3 00
4.479000,PCS_dcdcHvBusVolt,178.271484375,11 05 d3 0d e2 00
4.578900,PCS_dcdcHvBusVolt,187.646484375,11 05 d4 0d e5 00
4.978900,PCS_dcdcHvBusVolt,178.271484375,13 05 d3 0d e0 00
5.079100,PCS_dcdcHvBusVolt,187.646484375,10 05 d4 0d db 00
6.778800,PCS_dcdcHvBusVolt,178.271484375,11 05 d3 0d dc 00
6.879200,PCS_dcdcHvBusVolt,187.646484375,10 05 d4 0d df 00
7.379100,PCS_dcdcHvBusVolt,178.271484375,12 05 d3 0d dc 00
7.578900,PCS_dcdcHvBusVolt,187.646484375,15 05 d4 0d da 00
7.778900,PCS_dcdcHvBusVolt,178.271484375,12 05 d3 0d d8 00
7.879100,PCS_dcdcHvBusVolt,187.646484375,12 05 d4 0d dd 00
7.978800,PCS_dcdcHvBusVolt,178.271484375,11 05 d3 0d fc 00
8.078900,PCS_dcdcHvBusVolt,187.646484375,16 05 d4 0d 0c 01
9.378800,PCS_dcdcHvBusVolt,178.271484375,12 05 d3 0d db 00
9.478900,PCS_dcdcHvBusVolt,187.646484375,0f 05 d4 0d db 00
9.678800,PCS_dcdcHvBusVolt,178.271484375,12 05 d3 0d dd 00
9.778800,PCS_dcdcHvBusVolt,187.646484375,12 05 d4 0d dc 00
10.378800,PCS_dcdcHvBusVolt,178.271484375,12 05 d3 0d df 00
10.478700,PCS_dcdcHvBusVolt,187.646484375,13 05 d4 0d e2 00
11.178600,PCS_dcdcHvBusVolt,178.271484375,13 05 d3 0d e4 00
11.278600,PCS_dcdcHvBusVolt,187.646484375,12 05 d4 0d e1 00
11.378600,PCS_dcdcHvBusVolt,178.271484375,13 05 d3 0d e5 00
11.478800,PCS_dcdcHvBusVolt,187.646484375,11 05 d4 0d e3 00
12.078700,PCS_dcdcHvBusVolt,178.271484375,12 05 d3 0d e6 00
12.178700,PCS_dcdcHvBusVolt,187.646484375,12 05 d4 0d e0 00
13.278500,PCS_dcdcHvBusVolt,178.271484375,11 05 d3 0d d7 00
13.378600,PCS_dcdcHvBusVolt,187.646484375,11 05 d4 0d da 00
15.078400,PCS_dcdcHvBusVolt,178.271484375,12 05 d3 0d dc 00
15.378400,PCS_dcdcHvBusVolt,187.646484375,14 05 d4 0d dc 00
16.178700,PCS_dcdcHvBusVolt,178.271484375,13 05 d3 0d e1 00
16.278700,PCS_dcdcHvBusVolt,187.646484375,11 05 d4 0d dd 00
16.478600,PCS_dcdcHvBusVolt,178.271484375,11 05 d3 0d dd 00
16.678700,PCS_dcdcHvBusVolt,187.646484375,12 05 d4 0d db 00
16.778700,PCS_dcdcHvBusVolt,178.271484375,0f 05 d3 0d da 00
16.878500,PCS_dcdcHvBusVolt,187.646484375,0f 05 d4 0d df 00
17.378800,PCS_dcdcHvBusVolt,178.271484375,13 05 d3 0d db 00
17.478500,PCS_dcdcHvBusVolt,187.646484375,11 05 d4 0d dc 00
18.378600,PCS_dcdcHvBusVolt,178.271484375,14 05 d3 0d dd 00
18.478500,PCS_dcdcHvBusVolt,187.646484375,12 05 d4 0d dd 00
18.878900,PCS_dcdcHvBusVolt,178.271484375,12 05 d3 0d d9 00
18.978600,PCS_dcdcHvBusVolt,187.646484375,12 05 d4 0d d9 00
19.178700,PCS_dcdcHvBusVolt,178.271484375,12 05 d3 0d dd 00
19.278700,PCS_dcdcHvBusVolt,187.646484375,13 05 d4 0d dc 00
19.478600,PCS_dcdcHvBusVolt,178.271484375,11 05 d3 0d dc 00
19.578500,PCS_dcdcHvBusVolt,187.646484375,11 05 d4 0d dc 00
20.379000,PCS_dcdcHvBusVolt,178.271484375,10 05 d3 0d e1 00
20.478900,PCS_dcdcHvBusVolt,187.646484375,12 05 d4 0d d7 00
20.679000,PCS_dcdcHvBusVolt,178.271484375,14 05 d3 0d e2 00
20.778700,PCS_dcdcHvBusVolt,187.646484375,13 05 d4 0d dd 00
21.078700,PCS_dcdcHvBusVolt,178.271484375,12 05 d3 0d e9 00
21.178700,PCS_dcdcHvBusVolt,187.646484375,13 05 d4 0d e2 00
21.978900,PCS_dcdcHvBusVolt,178.271484375,12 05 d3 0d e8 00
22.078900,PCS_dcdcHvBusVolt,187.646484375,10 05 d4 0d e3 00
22.378900,PCS_dcdcHvBusVolt,178.271484375,11 05 d3 0d ea 00
22.578900,PCS_dcdcHvBusVolt,187.646484375,12 05 d4 0d e1 00
22.779400,PCS_dcdcHvBusVolt,178.271484375,13 05 d3 0d e0 00
22.878900,PCS_dcdcHvBusVolt,187.646484375,11 05 d4 0d df 00
23.079100,PCS_dcdcHvBusVolt,178.271484375,0f 05 d3 0d d5 00
23.178900,PCS_dcdcHvBusVolt,187.646484375,10 05 d4 0d d6 00
24.178700,PCS_dcdcHvBusVolt,178.271484375,14 05 d3 0d d7 00
24.379000,PCS_dcdcHvBusVolt,187.646484375,14 05 d4 0d d3 00
24.479000,PCS_dcdcHvBusVolt,178.271484375,13 05 d3 0d d8 00
24.578900,PCS_dcdcHvBusVolt,187.646484375,15 05 d4 0d df 00
25.779800,PCS_dcdcHvBusVolt,178.271484375,16 05 d3 0d d9 00
25.879100,PCS_dcdcHvBusVolt,187.646484375,11 05 d4 0d de 00
25.978800,PCS_dcdcHvBusVolt,178.271484375,13 05 d3 0d db 00
26.079300,PCS_dcdcHvBusVolt,187.646484375,10 05 d4 0d dd 00
26.178900,PCS_dcdcHvBusVolt,178.271484375,13 05 d3 0d df 00
26.279200,PCS_dcdcHvBusVolt,187.646484375,12 05 d4 0d da 00
27.379000,PCS_dcdcHvBusVolt,178.271484375,16 05 d3 0d da 00
27.478900,PCS_dcdcHvBusVolt,187.646484375,12 05 d4 0d dd 00
27.779000,PCS_dcdcHvBusVolt,178.271484375,13 05 d3 0d dc 00
27.879000,PCS_dcdcHvBusVolt,187.646484375,14 05 d4 0d dc 00
27.978700,PCS_dcdcHvBusVolt,178.271484375,14 05 d3 0d dc 00
28.079000,PCS_dcdcHvBusVolt,187.646484375,11 05 d4 0d df 00
29.378300,PCS_dcdcHvBusVolt,178.271484375,13 05 d3 0d de 00
29.578300,PCS_dcdcHvBusVolt,187.646484375,13 05 d4 0d dc 00
29.678500,PCS_dcdcHvBusVolt,178.271484375,15 05 d3 0d 32 01
29.778300,PCS_dcdcHvBusVolt,187.646484375,12 05 d4 0d 21 01
29.978300,PCS_dcdcHvBusVolt,178.271484375,10 05 d3 0d 23 01
30.277800,PCS_dcdcHvBusVolt,187.646484375,12 05 d4 0d ce 00
30.777900,PCS_dcdcHvBusVolt,178.271484375,11 05 d3 0d c4 00
30.877800,PCS_dcdcHvBusVolt,187.646484375,12 05 d4 0d c6 00
31.277800,PCS_dcdcHvBusVolt,178.271484375,11 05 d3 0d c2 00
31.478400,PCS_dcdcHvBusVolt,187.646484375,12 05 d4 0d c1 00
31.778600,PCS_dcdcHvBusVolt,178.271484375,11 05 d3 0d c3 00
31.978000,PCS_dcdcHvBusVolt,187.646484375,12 05 d4 0d c9 00
32.079300,PCS_dcdcHvBusVolt,178.271484375,13 05 d3 0d c6 00
32.178400,PCS_dcdcHvBusVolt,187.646484375,11 05 d4 0d c7 00
32.777900,PCS_dcdcHvBusVolt,178.271484375,10 05 d3 0d c5 00
32.977900,PCS_dcdcHvBusVolt,187.646484375,13 05 d4 0d bd 00
33.177900,PCS_dcdcHvBusVolt,178.271484375,11 05 d3 0d c3 00
33.277800,PCS_dcdcHvBusVolt,187.646484375,11 05 d4 0d b7 00
33.978000,PCS_dcdcHvBusVolt,178.271484375,0f 05 d3 0d bf 00
34.077700,PCS_dcdcHvBusVolt,187.646484375,12 05 d4 0d c0 00
34.877800,PCS_dcdcHvBusVolt,178.271484375,12 05 d3 0d c3 00
34.977800,PCS_dcdcHvBusVolt,187.646484375,12 05 d4 0d c2 00
35.277800,PCS_dcdcHvBusVolt,178.271484375,12 05 d3 0d bf 00
35.377800,PCS_dcdcHvBusVolt,187.646484375,13 05 d4 0d c3 00
35.477600,PCS_dcdcHvBusVolt,178.271484375,12 05 d3 0d c6 00
35.677700,PCS_dcdcHvBusVolt,187.646484375,12 05 d4 0d c6 00
35.877700,PCS_dcdcHvBusVolt,178.271484375,11 05 d3 0d c4 00
36.077700,PCS_dcdcHvBusVolt,187.646484375,12 05 d4 0d bf 00
36.477700,PCS_dcdcHvBusVolt,178.271484375,11 05 d3 0d ba 00
36.677400,PCS_dcdcHvBusVolt,187.646484375,13 05 d4 0d be 00
36.777600,PCS_dcdcHvBusVolt,178.271484375,12 05 d3 0d bd 00
36.977600,PCS_dcdcHvBusVolt,187.646484375,11 05 d4 0d bd 00
37.077500,PCS_dcdcHvBusVolt,178.271484375,10 05 d3 0d bd 00
37.277400,PCS_dcdcHvBusVolt,187.646484375,12 05 d4 0d b8 00
38.077300,PCS_dcdcHvBusVolt,178.271484375,10 05 d3 0d b9 00
38.177600,PCS_dcdcHvBusVolt,187.646484375,10 05 d4 0d b8 00
38.677500,PCS_dcdcHvBusVolt,178.271484375,11 05 d3 0d bc 00
38.777300,PCS_dcdcHvBusVolt,187.646484375,13 05 d4 0d b9 00
39.277300,PCS_dcdcHvBusVolt,178.271484375,12 05 d3 0d ba 00
39.377300,PCS_dcdcHvBusVolt,187.646484375,17 05 d4 0d b7 00
39.977300,PCS_dcdcHvBusVolt,178.271484375,12 05 d3 0d b7 00
40.077300,PCS_dcdcHvBusVolt,187.646484375,12 05 d4 0d ba 00
40.877200,PCS_dcdcHvBusVolt,178.271484375,12 05 d3 0d bc 00
40.977200,PCS_dcdcHvBusVolt,187.646484375,11 05 d4 0d ba 00
41.677000,PCS_dcdcHvBusVolt,178.271484375,13 05 d3 0d c0 00
41.777200,PCS_dcdcHvBusVolt,187.646484375,13 05 d4 0d c2 00
41.877400,PCS_dcdcHvBusVolt,178.271484375,15 05 d3 0d bc 00
41.977200,PCS_dcdcHvBusVolt,187.646484375,12 05 d4 0d c0 00
42.077000,PCS_dcdcHvBusVolt,178.271484375,13 05 d3 0d c4 00
42.177200,PCS_dcdcHvBusVolt,187.646484375,12 05 d4 0d bf 00
42.877100,PCS_dcdcHvBusVolt,178.271484375,11 05 d3 0d c0 00
43.077100,PCS_dcdcHvBusVolt,187.646484375,10 05 d4 0d c4 00
43.277100,PCS_dcdcHvBusVolt,178.271484375,12 05 d3 0d c1 00
43.377100,PCS_dcdcHvBusVolt,187.646484375,12 05 d4 0d c3 00
43.877100,PCS_dcdcHvBusVolt,178.271484375,11 05 d3 0d bd 00
43.976900,PCS_dcdcHvBusVolt,187.646484375,12 05 d4 0d be 00
44.176800,PCS_dcdcHvBusVolt,178.271484375,13 05 d3 0d b9 00
44.376800,PCS_dcdcHvBusVolt,187.646484375,11 05 d4 0d ba 00
44.676900,PCS_dcdcHvBusVolt,178.271484375,13 05 d3 0d b9 00
44.877000,PCS_dcdcHvBusVolt,187.646484375,13 05 d4 0d b9 00
44.976800,PCS_dcdcHvBusVolt,178.271484375,12 05 d3 0d bc 00
45.076900,PCS_dcdcHvBusVolt,187.646484375,13 05 d4 0d b7 00
45.476900,PCS_dcdcHvBusVolt,178.271484375,11 05 d3 0d bb 00
45.576900,PCS_dcdcHvBusVolt,187.646484375,12 05 d4 0d bd 00
46.476900,PCS_dcdcHvBusVolt,178.271484375,12 05 d3 0d bb 00
46.676900,PCS_dcdcHvBusVolt,187.646484375,11 05 d4 0d b9 00
47.276800,PCS_dcdcHvBusVolt,178.271484375,12 05 d3 0d b4 00
47.376700,PCS_dcdcHvBusVolt,187.646484375,13 05 d4 0d b3 00
47.476900,PCS_dcdcHvBusVolt,178.271484375,10 05 d3 0d ba 00
47.576700,PCS_dcdcHvBusVolt,187.646484375,10 05 d4 0d b3 00
47.776700,PCS_dcdcHvBusVolt,178.271484375,13 05 d3 0d ba 00
47.876800,PCS_dcdcHvBusVolt,187.646484375,11 05 d4 0d b8 00
49.676700,PCS_dcdcHvBusVolt,178.271484375,13 05 d3 0d bc 00
49.776700,PCS_dcdcHvBusVolt,187.646484375,13 05 d4 0d ba 00
50.076800,PCS_dcdcHvBusVolt,178.271484375,11 05 d3 0d ba 00
50.176800,PCS_dcdcHvBusVolt,187.646484375,14 05 d4 0d b8 00
50.376800,PCS_dcdcHvBusVolt,178.271484375,12 05 d3 0d bb 00
50.476800,PCS_dcdcHvBusVolt,187.646484375,13 05 d4 0d b4 00
50.776800,PCS_dcdcHvBusVolt,178.271484375,10 05 d3 0d b8 00
50.876800,PCS_dcdcHvBusVolt,187.646484375,12 05 d4 0d b7 00
52.276700,PCS_dcdcHvBusVolt,178.271484375,14 05 d3 0d c1 00
52.376700,PCS_dcdcHvBusVolt,187.646484375,13 05 d4 0d c2 00
52.576700,PCS_dcdcHvBusVolt,178.271484375,11 05 d3 0d c3 00
52.776700,PCS_dcdcHvBusVolt,187.646484375,11 05 d4 0d c0 00
52.976700,PCS_dcdcHvBusVolt,178.271484375,11 05 d3 0d c1 00
53.076700,PCS_dcdcHvBusVolt,187.646484375,10 05 d4 0d c0 00
53.776800,PCS_dcdcHvBusVolt,178.271484375,11 05 d3 0d be 00
53.976800,PCS_dcdcHvBusVolt,187.646484375,0f 05 d4 0d ba 00
54.076800,PCS_dcdcHvBusVolt,178.271484375,11 05 d3 0d be 00
54.176800,PCS_dcdcHvBusVolt,187.646484375,12 05 d4 0d bc 00
54.476800,PCS_dcdcHvBusVolt,178.271484375,12 05 d3 0d b5 00
54.576800,PCS_dcdcHvBusVolt,187.646484375,10 05 d4 0d b7 00
54.776600,PCS_dcdcHvBusVolt,178.271484375,13 05 d3 0d b7 00
54.876800,PCS_dcdcHvBusVolt,187.646484375,14 05 d4 0d ba 00
55.076700,PCS_dcdcHvBusVolt,178.271484375,13 05 d3 0d bb 00
55.276900,PCS_dcdcHvBusVolt,187.646484375,13 05 d4 0d b8 00
55.576600,PCS_dcdcHvBusVolt,178.271484375,10 05 d3 0d bb 00
55.676900,PCS_dcdcHvBusVolt,187.646484375,11 05 d4 0d bb 00
56.576700,PCS_dcdcHvBusVolt,178.271484375,12 05 d3 0d b6 00
56.876700,PCS_dcdcHvBusVolt,187.646484375,11 05 d4 0d b5 00
56.976700,PCS_dcdcHvBusVolt,178.271484375,11 05 d3 0d b8 00
57.176800,PCS_dcdcHvBusVolt,187.646484375,11 05 d4 0d b8 00
57.476700,PCS_dcdcHvBusVolt,178.271484375,13 05 d3 0d ba 00
57.576800,PCS_dcdcHvBusVolt,187.646484375,14 05 d4 0d b7 00
57.676800,PCS_dcdcHvBusVolt,178.271484375,12 05 d3 0d b7 00
57.776800,PCS_dcdcHvBusVolt,187.646484375,12 05 d4 0d ba 00
57.976800,PCS_dcdcHvBusVolt,178.271484375,13 05 d3 0d b9 00
58.076700,PCS_dcdcHvBusVolt,187.646484375,11 05 d4 0d b9 00
59.176900,PCS_dcdcHvBusVolt,178.271484375,13 05 d3 0d b5 00
59.376900,PCS_dcdcHvBusVolt,187.646484375,11 05 d4 0d b6 00
59.476900,PCS_dcdcHvBusVolt,178.271484375,14 05 d3 0d b8 00
59.576900,PCS_dcdcHvBusVolt,187.646484375,13 05 d4 0d b7 00
60.676800,PCS_dcdcHvBusVolt,178.271484375,13 05 d3 0d b8 00
60.777100,PCS_dcdcHvBusVolt,187.646484375,12 05 d4 0d bb 00
61.676700,PCS_dcdcHvBusVolt,178.271484375,12 05 d3 0d bf 00
61.777300,PCS_dcdcHvBusVolt,187.646484375,13 05 d4 0d c1 00
61.877200,PCS_dcdcHvBusVolt,178.271484375,11 05 d3 0d c3 00
61.977100,PCS_dcdcHvBusVolt,187.646484375,12 05 d4 0d be 00
62.476900,PCS_dcdcHvBusVolt,178.271484375,0e 05 d3 0d c0 00
62.676700,PCS_dcdcHvBusVolt,187.646484375,13 05 d4 0d bc 00
62.876700,PCS_dcdcHvBusVolt,178.271484375,12 05 d3 0d bf 00
62.976800,PCS_dcdcHvBusVolt,187.646484375,14 05 d4 0d bc 00
63.476600,PCS_dcdcHvBusVolt,178.271484375,12 05 d3 0d b8 00
63.576700,PCS_dcdcHvBusVolt,187.646484375,13 05 d4 0d b3 00
64.376700,PCS_dcdcHvBusVolt,178.271484375,12 05 d3 0d ba 00
64.476500,PCS_dcdcHvBusVolt,187.646484375,11 05 d4 0d bc 00
64.576500,PCS_dcdcHvBusVolt,178.271484375,12 05 d3 0d ba 00
64.676500,PCS_dcdcHvBusVolt,187.646484375,12 05 d4 0d bb 00
64.976500,PCS_dcdcHvBusVolt,178.271484375,12 05 d3 0d b8 00
65.076800,PCS_dcdcHvBusVolt,187.646484375,12 05 d4 0d bb 00
65.476500,PCS_dcdcHvBusVolt,178.271484375,12 05 d3 0d b1 00
65.576600,PCS_dcdcHvBusVolt,187.646484375,13 05 d4 0d b7 00
65.676600,PCS_dcdcHvBusVolt,178.271484375,12 05 d3 0d b7 00
65.776800,PCS_dcdcHvBusVolt,187.646484375,11 05 d4 0d b3 00
65.876500,PCS_dcdcHvBusVolt,178.271484375,10 05 d3 0d b1 00
66.076500,PCS_dcdcHvBusVolt,187.646484375,12 05 d4 0d b7 00
66.176600,PCS_dcdcHvBusVolt,178.271484375,11 05 d3 0d b2 00
66.276500,PCS_dcdcHvBusVolt,187.646484375,12 05 d4 0d b7 00
66.676400,PCS_dcdcHvBusVolt,178.271484375,12 05 d3 0d b6 00
66.776500,PCS_dcdcHvBusVolt,187.646484375,12 05 d4 0d b0 00
66.876500,PCS_dcdcHvBusVolt,178.271484375,13 05 d3 0d b4 00
67.076400,PCS_dcdcHvBusVolt,187.646484375,12 05 d4 0d b3 00
67.676400,PCS_dcdcHvBusVolt,178.271484375,11 05 d3 0d b5 00
67.876400,PCS_dcdcHvBusVolt,187.646484375,12 05 d4 0d b5 00
68.876100,PCS_dcdcHvBusVolt,178.271484375,12 05 d3 0d bf 00
69.176100,PCS_dcdcHvBusVolt,187.646484375,12 05 d4 0d c0 00
69.276100,PCS_dcdcHvBusVolt,178.271484375,11 05 d3 0d c2 00
69.376100,PCS_dcdcHvBusVolt,187.646484375,14 05 d4 0d ba 00
69.776000,PCS_dcdcHvBusVolt,178.271484375,12 05 d3 0d bc 00
69.876100,PCS_dcdcHvBusVolt,187.646484375,13 05 d4 0d c0 00
69.976000,PCS_dcdcHvBusVolt,178.271484375,10 05 d3 0d b7 00
70.176000,PCS_dcdcHvBusVolt,187.646484375,13 05 d4 0d bf 00
70.375900,PCS_dcdcHvBusVolt,178.271484375,14 05 d3 0d b8 00
70.575800,PCS_dcdcHvBusVolt,187.646484375,11 05 d4 0d b9 00
71.875800,PCS_dcdcHvBusVolt,178.271484375,12 05 d3 0d b4 00
71.976000,PCS_dcdcHvBusVolt,187.646484375,16 05 d4 0d b5 00
72.275700,PCS_dcdcHvBusVolt,178.271484375,12 05 d3 0d b9 00
72.375800,PCS_dcdcHvBusVolt,187.646484375,13 05 d4 0d b7 00
72.475700,PCS_dcdcHvBusVolt,178.271484375,12 05 d3 0d bc 00
72.675700,PCS_dcdcHvBusVolt,187.646484375,14 05 d4 0d b9 00
72.975700,PCS_dcdcHvBusVolt,178.271484375,12 05 d3 0d b7 00
73.075700,PCS_dcdcHvBusVolt,187.646484375,13 05 d4 0d ba 00
73.475700,PCS_dcdcHvBusVolt,178.271484375,13 05 d3 0d b3 00
73.675600,PCS_dcdcHvBusVolt,187.646484375,11 05 d4 0d b9 00
73.775600,PCS_dcdcHvBusVolt,178.271484375,12 05 d3 0d b3 00
73.875700,PCS_dcdcHvBusVolt,187.646484375,0f 05 d4 0d b2 00
73.975600,PCS_dcdcHvBusVolt,178.271484375,12 05 d3 0d b7 00
74.075600,PCS_dcdcHvBusVolt,187.646484375,11 05 d4 0d b5 00
74.975400,PCS_dcdcHvBusVolt,178.271484375,13 05 d3 0d b7 00
75.075400,PCS_dcdcHvBusVolt,187.646484375,13 05 d4 0d b4 00
75.175600,PCS_dcdcHvBusVolt,178.271484375,12 05 d3 0d b4 00
75.275800,PCS_dcdcHvBusVolt,187.646484375,13 05 d4 0d b8 00
75.875400,PCS_dcdcHvBusVolt,178.271484375,12 05 d3 0d aa 00
75.975400,PCS_dcdcHvBusVolt,187.646484375,0e 05 d4 0d 9f 00
76.175400,PCS_dcdcHvBusVolt,178.271484375,13 05 d3 0d a7 00
76.375500,PCS_dcdcHvBusVolt,187.646484375,12 05 d4 0d a4 00
76.875400,PCS_dcdcHvBusVolt,178.271484375,13 05 d3 0d a7 00
76.975400,PCS_dcdcHvBusVolt,187.646484375,11 05 d4 0d a2 00
77.375400,PCS_dcdcHvBusVolt,178.271484375,16 05 d3 0d a5 00
77.575100,PCS_dcdcHvBusVolt,187.646484375,13 05 d4 0d a5 00
77.875200,PCS_dcdcHvBusVolt,178.271484375,16 05 d3 0d a5 00
77.975100,PCS_dcdcHvBusVolt,187.646484375,11 05 d4 0d a6 00
78.075100,PCS_dcdcHvBusVolt,178.271484375,14 05 d3 0d ab 00
78.175200,PCS_dcdcHvBusVolt,187.646484375,13 05 d4 0d a2 00
78.375500,PCS_dcdcHvBusVolt,178.271484375,12 05 d3 0d a8 00
78.475500,PCS_dcdcHvBusVolt,187.646484375,11 05 d4 0d a1 00
78.575700,PCS_dcdcHvBusVolt,197.021484375,12 05 d5 0d a5 00
78.675500,PCS_dcdcHvBusVolt,187.646484375,0e 05 d4 0d a7 00
78.975200,PCS_dcdcHvBusVolt,178.271484375,14 05 d3 0d a7 00
79.175100,PCS_dcdcHvBusVolt,187.646484375,0f 05 d4 0d a2 00
79.275300,PCS_dcdcHvBusVolt,197.021484375,13 05 d5 0d a8 00
79.375200,PCS_dcdcHvBusVolt,187.646484375,0f 05 d4 0d a2 00
79.775000,PCS_dcdcHvBusVolt,178.271484375,12 05 d3 0d a3 00
79.875000,PCS_dcdcHvBusVolt,187.646484375,12 05 d4 0d a7 00
80.175000,PCS_dcdcHvBusVolt,178.271484375,11 05 d3 0d a6 00
80.375000,PCS_dcdcHvBusVolt,187.646484375,11 05 d4 0d a3 00
80.475000,PCS_dcdcHvBusVolt,178.271484375,12 05 d3 0d a5 00
80.575000,PCS_dcdcHvBusVolt,187.646484375,13 05 d4 0d ab 00
80.675000,PCS_dcdcHvBusVolt,178.271484375,11 05 d3 0d a0 00
80.775000,PCS_dcdcHvBusVolt,187.646484375,11 05 d4 0d a5 00
80.875000,PCS_dcdcHvBusVolt,197.021484375,13 05 d5 0d a6 00
80.975000,PCS_dcdcHvBusVolt,187.646484375,12 05 d4 0d a2 00
81.475000,PCS_dcdcHvBusVolt,178.271484375,12 05 d3 0d a7 00
81.575000,PCS_dcdcHvBusVolt,187.646484375,12 05 d4 0d a4 00
81.675100,PCS_dcdcHvBusVolt,197.021484375,12 05 d5 0d a4 00
81.775100,PCS_dcdcHvBusVolt,187.646484375,11 05 d4 0d a7 00
81.975100,PCS_dcdcHvBusVolt,178.271484375,12 05 d3 0d a6 00
82.175000,PCS_dcdcHvBusVolt,187.646484375,12 05 d4 0d a3 00
82.374900,PCS_dcdcHvBusVolt,178.271484375,13 05 d3 0d a9 00
82.474900,PCS_dcdcHvBusVolt,187.646484375,11 05 d4 0d a3 00
82.775100,PCS_dcdcHvBusVolt,178.271484375,12 05 d3 0d a4 00
82.874900,PCS_dcdcHvBusVolt,187.646484375,13 05 d4 0d a8 00
82.974900,PCS_dcdcHvBusVolt,178.271484375,11 05 d3 0d a3 00
83.174900,PCS_dcdcHvBusVolt,187.646484375,13 05 d4 0d a5 00
83.274900,PCS_dcdcHvBusVolt,178.271484375,16 05 d3 0d a6 00
83.374900,PCS_dcdcHvBusVolt,187.646484375,11 05 d4 0d a2 00
83.674900,PCS_dcdcHvBusVolt,178.271484375,13 05 d3 0d a1 00
83.775000,PCS_dcdcHvBusVolt,187.646484375,13 05 d4 0d a6 00
85.074700,PCS_dcdcHvBusVolt,178.271484375,11 05 d3 0d a6 00
85.175000,PCS_dcdcHvBusVolt,187.646484375,11 05 d4 0d a2 00
85.674700,PCS_dcdcHvBusVolt,178.271484375,12 05 d3 0d a6 00
85.774800,PCS_dcdcHvBusVolt,187.646484375,13 05 d4 0d a2 00
85.974600,PCS_dcdcHvBusVolt,178.271484375,10 05 d3 0d a7 00
86.074600,PCS_dcdcHvBusVolt,187.646484375,12 05 d4 0d a9 00
86.274600,PCS_dcdcHvBusVolt,178.271484375,13 05 d3 0d a9 00
86.374600,PCS_dcdcHvBusVolt,187.646484375,11 05 d4 0d a9 00
86.574600,PCS_dcdcHvBusVolt,178.271484375,14 05 d3 0d a6 00
86.774600,PCS_dcdcHvBusVolt,187.646484375,11 05 d4 0d a2 00
88.374600,PCS_dcdcHvBusVolt,197.021484375,19 05 d5 0d a9 00
88.474700,PCS_dcdcHvBusVolt,178.271484375,0f 05 d3 0d a4 00
88.574700,PCS_dcdcHvBusVolt,187.646484375,12 05 d4 0d a4 00
88.974500,PCS_dcdcHvBusVolt,178.271484375,13 05 d3 0d a6 00
89.074700,PCS_dcdcHvBusVolt,187.646484375,11 05 d4 0d ab 00
89.674500,PCS_dcdcHvBusVolt,178.271484375,10 05 d3 0d a3 00
89.774400,PCS_dcdcHvBusVolt,187.646484375,11 05 d4 0d a2 00
89.874600,PCS_dcdcHvBusVolt,197.021484375,12 05 d5 0d a8 00
89.974400,PCS_dcdcHvBusVolt,178.271484375,12 05 d3 0d a5 00
90.174600,PCS_dcdcHvBusVolt,187.646484375,10 05 d4 0d a6 00
91.274400,PCS_dcdcHvBusVolt,178.271484375,12 05 d3 0d 9f 00
91.374400,PCS_dcdcHvBusVolt,187.646484375,13 05 d4 0d a4 00
91.574400,PCS_dcdcHvBusVolt,178.271484375,10 05 d3 0d a0 00
91.674400,PCS_dcdcHvBusVolt,197.021484375,11 05 d5 0d a6 00
91.774400,PCS_dcdcHvBusVolt,187.646484375,12 05 d4 0d a8 00
91.874700,PCS_dcdcHvBusVolt,197.021484375,12 05 d5 0d a5 00
91.974700,PCS_dcdcHvBusVolt,187.646484375,14 05 d4 0d a2 00
92.074400,PCS_dcdcHvBusVolt,178.271484375,13 05 d3 0d a5 00
92.174400,PCS_dcdcHvBusVolt,187.646484375,0f 05 d4 0d a7 00
92.574400,PCS_dcdcHvBusVolt,178.271484375,11 05 d3 0d a5 00
92.674300,PCS_dcdcHvBusVolt,187.646484375,12 05 d4 0d a5 00
92.874400,PCS_dcdcHvBusVolt,178.271484375,12 05 d3 0d a3 00
92.974300,PCS_dcdcHvBusVolt,187.646484375,12 05 d4 0d a3 00
93.074300,PCS_dcdcHvBusVolt,178.271484375,10 05 d3 0d a4 00
93.174300,PCS_dcdcHvBusVolt,187.646484375,11 05 d4 0d a0 00
93.874700,PCS_dcdcHvBusVolt,178.271484375,12 05 d3 0d a5 00
93.974400,PCS_dcdcHvBusVolt,187.646484375,12 05 d4 0d a7 00
94.574400,PCS_dcdcHvBusVolt,178.271484375,11 05 d3 0d a7 00
94.674400,PCS_dcdcHvBusVolt,187.646484375,0f 05 d4 0d 9d 00
94.974400,PCS_dcdcHvBusVolt,178.271484375,12 05 d3 0d a3 00
95.074500,PCS_dcdcHvBusVolt,187.646484375,12 05 d4 0d a3 00
95.174200,PCS_dcdcHvBusVolt,178.271484375,10 05 d3 0d a6 00
95.274500,PCS_dcdcHvBusVolt,187.646484375,12 05 d4 0d a7 00
95.574300,PCS_dcdcHvBusVolt,197.021484375,12 05 d5 0d a7 00
95.674200,PCS_dcdcHvBusVolt,187.646484375,13 05 d4 0d a2 00
95.874500,PCS_dcdcHvBusVolt,178.271484375,14 05 d3 0d a9 00
95.974200,PCS_dcdcHvBusVolt,187.646484375,0e 05 d4 0d 9c 00
96.174300,PCS_dcdcHvBusVolt,197.021484375,12 05 d5 0d a6 00
96.274600,PCS_dcdcHvBusVolt,187.646484375,12 05 d4 0d 9f 00
96.574300,PCS_dcdcHvBusVolt,178.271484375,11 05 d3 0d a4 00
96.674500,PCS_dcdcHvBusVolt,187.646484375,12 05 d4 0d a2 00
97.874600,PCS_dcdcHvBusVolt,178.271484375,11 05 d3 0d a1 00
97.974400,PCS_dcdcHvBusVolt,187.646484375,13 05 d4 0d 9f 00
98.674700,PCS_dcdcHvBusVolt,178.271484375,14 05 d3 0d a5 00
98.874400,PCS_dcdcHvBusVolt,187.646484375,11 05 d4 0d a0 00
98.974500,PCS_dcdcHvBusVolt,178.271484375,12 05 d3 0d a4 00
99.074600,PCS_dcdcHvBusVolt,187.646484375,11 05 d4 0d a0 00
99.274300,PCS_dcdcHvBusVolt,178.271484375,13 05 d3 0d a5 00
99.374400,PCS_dcdcHvBusVolt,187.646484375,10 05 d4 0d a4 00
99.674300,PCS_dcdcHvBusVolt,178.271484375,12 05 d3 0d a2 00
99.774400,PCS_dcdcHvBusVolt,187.646484375,12 05 d4 0d a0 00
99.974400,PCS_dcdcHvBusVolt,178.271484375,10 05 d3 0d a3 00
100.074400,PCS_dcdcHvBusVolt,187.646484375,12 05 d4 0d a3 00
100.674300,PCS_dcdcHvBusVolt,178.271484375,10 05 d3 0d a2 00
100.774400,PCS_dcdcHvBusVolt,197.021484375,13 05 d5 0d a4 00
100.874400,PCS_dcdcHvBusVolt,178.271484375,12 05 d3 0d a2 00
100.974400,PCS_dcdcHvBusVolt,187.646484375,10 05 d4 0d a1 00
101.174400,PCS_dcdcHvBusVolt,178.271484375,13 05 d3 0d a2 00
101.274400,PCS_dcdcHvBusVolt,187.646484375,13 05 d4 0d a1 00
101.374400,PCS_dcdcHvBusVolt,178.271484375,13 05 d3 0d a7 00
101.474400,PCS_dcdcHvBusVolt,187.646484375,12 05 d4 0d a0 00
101.574400,PCS_dcdcHvBusVolt,178.271484375,10 05 d3 0d a3 00
101.874300,PCS_dcdcHvBusVolt,187.646484375,10 05 d4 0d a2 00
101.974500,PCS_dcdcHvBusVolt,178.271484375,14 05 d3 0d a6 00
102.074300,PCS_dcdcHvBusVolt,187.646484375,12 05 d4 0d a9 00
102.374300,PCS_dcdcHvBusVolt,197.021484375,12 05 d5 0d a3 00
102.474400,PCS_dcdcHvBusVolt,187.646484375,12 05 d4 0d 9f 00
104.374500,PCS_dcdcHvBusVolt,178.271484375,12 05 d3 0d a3 00
104.474500,PCS_dcdcHvBusVolt,187.646484375,11 05 d4 0d a6 00
105.174500,PCS_dcdcHvBusVolt,178.271484375,12 05 d3 0d a3 00
105.274600,PCS_dcdcHvBusVolt,187.646484375,11 05 d4 0d a3 00
105.774300,PCS_dcdcHvBusVolt,178.271484375,11 05 d3 0d 9a 00
106.074400,PCS_dcdcHvBusVolt,187.646484375,11 05 d4 0d a2 00
106.474500,PCS_dcdcHvBusVolt,178.271484375,11 05 d3 0d a2 00
106.674500,PCS_dcdcHvBusVolt,187.646484375,13 05 d4 0d a4 00
108.074400,PCS_dcdcHvBusVolt,178.271484375,12 05 d3 0d a5 00
108.174400,PCS_dcdcHvBusVolt,187.646484375,12 05 d4 0d a8 00
108.674600,PCS_dcdcHvBusVolt,178.271484375,11 05 d3 0d a4 00
108.773900,PCS_dcdcHvBusVolt,187.646484375,15 05 d4 0d a5 00
108.873900,PCS_dcdcHvBusVolt,178.271484375,10 05 d3 0d a5 00
108.974600,PCS_dcdcHvBusVolt,187.646484375,12 05 d4 0d a0 00
109.174100,PCS_dcdcHvBusVolt,178.271484375,11 05 d3 0d a6 00
109.274500,PCS_dcdcHvBusVolt,187.646484375,0f 05 d4 0d a0 00
109.373900,PCS_dcdcHvBusVolt,178.271484375,13 05 d3 0d a7 00
109.473900,PCS_dcdcHvBusVolt,187.646484375,0c 05 d4 0d a0 00
110.173900,PCS_dcdcHvBusVolt,178.271484375,16 05 d3 0d a4 00
110.273900,PCS_dcdcHvBusVolt,187.646484375,13 05 d4 0d a7 00
111.573900,PCS_dcdcHvBusVolt,178.271484375,11 05 d3 0d a1 00
111.673800,PCS_dcdcHvBusVolt,187.646484375,11 05 d4 0d a3 00
111.773800,PCS_dcdcHvBusVolt,178.271484375,10 05 d3 0d a4 00
111.874100,PCS_dcdcHvBusVolt,187.646484375,13 05 d4 0d a6 00
112.074000,PCS_dcdcHvBusVolt,178.271484375,13 05 d3 0d a6 00
112.173900,PCS_dcdcHvBusVolt,187.646484375,10 05 d4 0d a5 00
112.373900,PCS_dcdcHvBusVolt,178.271484375,12 05 d3 0d a6 00
112.473800,PCS_dcdcHvBusVolt,187.646484375,11 05 d4 0d 9d 00
112.774200,PCS_dcdcHvBusVolt,178.271484375,13 05 d3 0d a4 00
112.873900,PCS_dcdcHvBusVolt,187.646484375,14 05 d4 0d a2 00
113.173800,PCS_dcdcHvBusVolt,178.271484375,14 05 d3 0d a3 00
113.273700,PCS_dcdcHvBusVolt,187.646484375,12 05 d4 0d a1 00
113.674000,PCS_dcdcHvBusVolt,178.271484375,10 05 d3 0d a8 00
113.774100,PCS_dcdcHvBusVolt,187.646484375,13 05 d4 0d 9c 00
113.974000,PCS_dcdcHvBusVolt,178.271484375,13 05 d3 0d a4 00
114.073800,PCS_dcdcHvBusVolt,187.646484375,12 05 d4 0d 9c 00
115.273700,PCS_dcdcHvBusVolt,178.271484375,11 05 d3 0d a5 00
115.374000,PCS_dcdcHvBusVolt,187.646484375,14 05 d4 0d 9d 00
115.673700,PCS_dcdcHvBusVolt,178.271484375,12 05 d3 0d a2 00
115.773600,PCS_dcdcHvBusVolt,187.646484375,13 05 d4 0d a1 00
117.173600,PCS_dcdcHvBusVolt,178.271484375,11 05 d3 0d a3 00
117.573800,PCS_dcdcHvBusVolt,187.646484375,11 05 d4 0d a2 00
117.673800,PCS_dcdcHvBusVolt,178.271484375,11 05 d3 0d a8 00
117.774000,PCS_dcdcHvBusVolt,187.646484375,11 05 d4 0d a1 00
120.973400,PCS_dcdcHvBusVolt,178.271484375,13 05 d3 0d a5 00
121.073400,PCS_dcdcHvBusVolt,187.646484375,12 05 d4 0d a7 00
121.273400,PCS_dcdcHvBusVolt,178.271484375,15 05 d3 0d a1 00
121.373500,PCS_dcdcHvBusVolt,187.646484375,11 05 d4 0d a6 00
121.673400,PCS_dcdcHvBusVolt,178.271484375,15 05 d3 0d a3 00
121.773400,PCS_dcdcHvBusVolt,187.646484375,11 05 d4 0d 96 00
121.873300,PCS_dcdcHvBusVolt,178.271484375,12 05 d3 0d 9b 00
121.973500,PCS_dcdcHvBusVolt,187.646484375,11 05 d4 0d 9e 00
122.473300,PCS_dcdcHvBusVolt,178.271484375,13 05 d3 0d 97 00
122.573700,PCS_dcdcHvBusVolt,187.646484375,12 05 d4 0d 9e 00
122.673200,PCS_dcdcHvBusVolt,178.271484375,11 05 d3 0d 95 00
122.872800,PCS_dcdcHvBusVolt,187.646484375,12 05 d4 0d 9f 00
123.073300,PCS_dcdcHvBusVolt,178.271484375,14 05 d3 0d 9a 00
123.173400,PCS_dcdcHvBusVolt,187.646484375,12 05 d4 0d 9f 00
123.273300,PCS_dcdcHvBusVolt,178.271484375,12 05 d3 0d 94 00
123.373300,PCS_dcdcHvBusVolt,187.646484375,13 05 d4 0d 99 00
124.372800,PCS_dcdcHvBusVolt,178.271484375,12 05 d3 0d 9d 00
124.672700,PCS_dcdcHvBusVolt,187.646484375,13 05 d4 0d 9f 00
124.972600,PCS_dcdcHvBusVolt,178.271484375,14 05 d3 0d 9d 00
125.072600,PCS_dcdcHvBusVolt,187.646484375,12 05 d4 0d 9a 00
126.972500,PCS_dcdcHvBusVolt,178.271484375,11 05 d3 0d 95 00
127.072900,PCS_dcdcHvBusVolt,187.646484375,12 05 d4 0d 96 00
127.272500,PCS_dcdcHvBusVolt,178.271484375,0f 05 d3 0d 95 00
127.372600,PCS_dcdcHvBusVolt,187.646484375,11 05 d4 0d 97 00
127.572500,PCS_dcdcHvBusVolt,178.271484375,10 05 d3 0d 95 00
127.672600,PCS_dcdcHvBusVolt,187.646484375,10 05 d4 0d 9a 00
127.872900,PCS_dcdcHvBusVolt,178.271484375,11 05 d3 0d 99 00
127.973100,PCS_dcdcHvBusVolt,187.646484375,11 05 d4 0d 98 00
128.172600,PCS_dcdcHvBusVolt,178.271484375,0e 05 d3 0d 94 00
128.272600,PCS_dcdcHvBusVolt,187.646484375,11 05 d4 0d 98 00
128.972500,PCS_dcdcHvBusVolt,178.271484375,13 05 d3 0d 9e 00
129.072700,PCS_dcdcHvBusVolt,187.646484375,12 05 d4 0d 9a 00
129.772500,PCS_dcdcHvBusVolt,178.271484375,11 05 d3 0d 95 00
129.872400,PCS_dcdcHvBusVolt,187.646484375,10 05 d4 0d 9c 00
130.072700,PCS_dcdcHvBusVolt,178.271484375,11 05 d3 0d 98 00
130.172500,PCS_dcdcHvBusVolt,187.646484375,12 05 d4 0d 9b 00
130.373000,PCS_dcdcHvBusVolt,178.271484375,0f 05 d3 0d 99 00
130.472400,PCS_dcdcHvBusVolt,187.646484375,11 05 d4 0d 9b 00
131.872300,PCS_dcdcHvBusVolt,178.271484375,11 05 d3 0d 93 00
131.972300,PCS_dcdcHvBusVolt,187.646484375,17 05 d4 0d 9a 00
132.072600,PCS_dcdcHvBusVolt,178.271484375,12 05 d3 0d 9d 00
132.172300,PCS_dcdcHvBusVolt,187.646484375,0d 05 d4 0d 95 00
133.172400,PCS_dcdcHvBusVolt,178.271484375,13 05 d3 0d 9a 00
133.272300,PCS_dcdcHvBusVolt,187.646484375,12 05 d4 0d 97 00
133.872400,PCS_dcdcHvBusVolt,178.271484375,0f 05 d3 0d 9b 00
133.972400,PCS_dcdcHvBusVolt,187.646484375,10 05 d4 0d 9e 00
134.672400,PCS_dcdcHvBusVolt,178.271484375,11 05 d3 0d 96 00
134.772400,PCS_dcdcHvBusVolt,187.646484375,14 05 d4 0d 98 00
134.972400,PCS_dcdcHvBusVolt,178.271484375,11 05 d3 0d 98 00
135.072400,PCS_dcdcHvBusVolt,187.646484375,10 05 d4 0d 97 00
135.372400,PCS_dcdcHvBusVolt,178.271484375,10 05 d3 0d 97 00
135.472400,PCS_dcdcHvBusVolt,187.646484375,13 05 d4 0d 9c 00
136.272300,PCS_dcdcHvBusVolt,178.271484375,11 05 d3 0d 99 00
136.372300,PCS_dcdcHvBusVolt,187.646484375,12 05 d4 0d 9c 00
136.872500,PCS_dcdcHvBusVolt,178.271484375,12 05 d3 0d 96 00
136.972500,PCS_dcdcHvBusVolt,187.646484375,12 05 d4 0d 9e 00
137.172400,PCS_dcdcHvBusVolt,178.271484375,10 05 d3 0d 98 00
137.272400,PCS_dcdcHvBusVolt,187.646484375,12 05 d4 0d 9d 00
137.472400,PCS_dcdcHvBusVolt,178.271484375,12 05 d3 0d 9a 00
137.672400,PCS_dcdcHvBusVolt,187.646484375,0e 05 d4 0d 96 00
138.072400,PCS_dcdcHvBusVolt,178.271484375,10 05 d3 0d 98 00
138.172400,PCS_dcdcHvBusVolt,187.646484375,11 05 d4 0d 9d 00
139.372400,PCS_dcdcHvBusVolt,178.271484375,15 05 d3 0d 98 00
139.472400,PCS_dcdcHvBusVolt,187.646484375,12 05 d4 0d 9e 00
139.572400,PCS_dcdcHvBusVolt,178.271484375,11 05 d3 0d 94 00
139.772300,PCS_dcdcHvBusVolt,187.646484375,11 05 d4 0d 9c 00
140.572300,PCS_dcdcHvBusVolt,178.271484375,0f 05 d3 0d 98 00
140.672300,PCS_dcdcHvBusVolt,187.646484375,12 05 d4 0d a0 00
141.172200,PCS_dcdcHvBusVolt,178.271484375,11 05 d3 0d 9a 00
141.272200,PCS_dcdcHvBusVolt,187.646484375,12 05 d4 0d 9d 00
141.372200,PCS_dcdcHvBusVolt,178.271484375,0e 05 d3 0d 96 00
141.472300,PCS_dcdcHvBusVolt,187.646484375,11 05 d4 0d 9b 00
142.772000,PCS_dcdcHvBusVolt,178.271484375,11 05 d3 0d 9d 00
142.872000,PCS_dcdcHvBusVolt,187.646484375,11 05 d4 0d 96 00
142.972000,PCS_dcdcHvBusVolt,178.271484375,11 05 d3 0d 9a 00
143.072000,PCS_dcdcHvBusVolt,187.646484375,12 05 d4 0d 9c 00
143.572100,PCS_dcdcHvBusVolt,178.271484375,11 05 d3 0d 98 00
143.671900,PCS_dcdcHvBusVolt,187.646484375,11 05 d4 0d 9c 00
143.872000,PCS_dcdcHvBusVolt,178.271484375,10 05 d3 0d 97 00
143.971800,PCS_dcdcHvBusVolt,187.646484375,10 05 d4 0d 9c 00
145.171800,PCS_dcdcHvBusVolt,178.271484375,11 05 d3 0d 98 00
145.271900,PCS_dcdcHvBusVolt,187.646484375,11 05 d4 0d 9c 00
145.671700,PCS_dcdcHvBusVolt,197.021484375,10 05 d5 0d 90 00
145.771800,PCS_dcdcHvBusVolt,187.646484375,12 05 d4 0d 98 00
145.971600,PCS_dcdcHvBusVolt,178.271484375,0f 05 d3 0d 95 00
146.071600,PCS_dcdcHvBusVolt,187.646484375,11 05 d4 0d 9a 00
148.271500,PCS_dcdcHvBusVolt,178.271484375,11 05 d3 0d 9c 00
148.371700,PCS_dcdcHvBusVolt,187.646484375,0f 05 d4 0d 9e 00
148.571500,PCS_dcdcHvBusVolt,178.271484375,13 05 d3 0d a5 00
148.672000,PCS_dcdcHvBusVolt,187.646484375,12 05 d4 0d af 00
149.071400,PCS_dcdcHvBusVolt,178.271484375,12 05 d3 0d d7 00
149.271500,PCS_dcdcHvBusVolt,187.646484375,12 05 d4 0d f3 00
149.371500,PCS_dcdcHvBusVolt,178.271484375,10 05 d3 0d e0 00
149.471400,PCS_dcdcHvBusVolt,187.646484375,10 05 d4 0d c4 00
149.671600,PCS_dcdcHvBusVolt,178.271484375,10 05 d3 0d ac 00
149.771600,PCS_dcdcHvBusVolt,187.646484375,11 05 d4 0d a7 00
150.071500,PCS_dcdcHvBusVolt,178.271484375,11 05 d3 0d a2 00
150.171500,PCS_dcdcHvBusVolt,187.646484375,11 05 d4 0d a0 00
151.371400,PCS_dcdcHvBusVolt,178.271484375,13 05 d3 0d 93 00
151.471400,PCS_dcdcHvBusVolt,187.646484375,13 05 d4 0d 93 00
151.671600,PCS_dcdcHvBusVolt,178.271484375,13 05 d3 0d 91 00
151.771500,PCS_dcdcHvBusVolt,187.646484375,13 05 d4 0d 93 00
151.871400,PCS_dcdcHvBusVolt,178.271484375,13 05 d3 0d 8d 00
152.071700,PCS_dcdcHvBusVolt,187.646484375,11 05 d4 0d 8b 00
152.171100,PCS_dcdcHvBusVolt,178.271484375,10 05 d3 0d 8e 00
152.271700,PCS_dcdcHvBusVolt,168.896484375,10 05 d2 0d 8e 00
152.371100,PCS_dcdcHvBusVolt,187.646484375,0f 05 d4 0d 8e 00
152.471500,PCS_dcdcHvBusVolt,178.271484375,0f 05 d3 0d 8d 00
152.571500,PCS_dcdcHvBusVolt,197.021484375,11 05 d5 0d 8c 00
152.671200,PCS_dcdcHvBusVolt,178.271484375,12 05 d3 0d 8b 00
152.771500,PCS_dcdcHvBusVolt,187.646484375,12 05 d4 0d 8c 00
153.272100,PCS_dcdcHvBusVolt,178.271484375,0e 05 d3 0d 89 00
153.371200,PCS_dcdcHvBusVolt,187.646484375,13 05 d4 0d 8a 00
153.571600,PCS_dcdcHvBusVolt,178.271484375,0f 05 d3 0d 8d 00
153.671400,PCS_dcdcHvBusVolt,187.646484375,11 05 d4 0d 8b 00
154.970900,PCS_dcdcHvBusVolt,178.271484375,12 05 d3 0d 88 00
155.071600,PCS_dcdcHvBusVolt,187.646484375,10 05 d4 0d 89 00
155.371300,PCS_dcdcHvBusVolt,178.271484375,11 05 d3 0d 88 00
155.471300,PCS_dcdcHvBusVolt,187.646484375,12 05 d4 0d 87 00
155.772000,PCS_dcdcHvBusVolt,178.271484375,12 05 d3 0d 87 00
155.871100,PCS_dcdcHvBusVolt,187.646484375,11 05 d4 0d 87 00
156.272000,PCS_dcdcHvBusVolt,178.271484375,10 05 d3 0d 8a 00
156.370900,PCS_dcdcHvBusVolt,187.646484375,11 05 d4 0d 89 00
157.070900,PCS_dcdcHvBusVolt,178.271484375,10 05 d3 0d 77 00
157.170900,PCS_dcdcHvBusVolt,187.646484375,12 05 d4 0d 72 00
158.370900,PCS_dcdcHvBusVolt,178.271484375,11 05 d3 0d 4d 00
158.471200,PCS_dcdcHvBusVolt,187.646484375,11 05 d4 0d 4d 00
161.671200,PCS_dcdcHvBusVolt,178.271484375,10 05 d3 0d 4a 00
161.771400,PCS_dcdcHvBusVolt,187.646484375,10 05 d4 0d 4a 00
162.171300,PCS_dcdcHvBusVolt,178.271484375,10 05 d3 0d 4a 00
162.271400,PCS_dcdcHvBusVolt,187.646484375,0d 05 d4 0d 49 00
162.771700,PCS_dcdcHvBusVolt,178.271484375,10 05 d3 0d 49 00
162.871200,PCS_dcdcHvBusVolt,187.646484375,0f 05 d4 0d 4a 00
163.371000,PCS_dcdcHvBusVolt,197.021484375,10 05 d5 0d 47 00
163.470800,PCS_dcdcHvBusVolt,187.646484375,10 05 d4 0d 48 00
163.671000,PCS_dcdcHvBusVolt,178.271484375,10 05 d3 0d 4a 00
163.771500,PCS_dcdcHvBusVolt,187.646484375,0f 05 d4 0d 47 00
164.871200,PCS_dcdcHvBusVolt,178.271484375,10 05 d3 0d 47 00
164.971200,PCS_dcdcHvBusVolt,187.646484375,10 05 d4 0d 46 00
165.371200,PCS_dcdcHvBusVolt,178.271484375,12 05 d3 0d 45 00
165.471300,PCS_dcdcHvBusVolt,187.646484375,13 05 d4 0d 45 00
170.770900,PCS_dcdcHvBusVolt,178.271484375,10 05 d3 0d 40 00
170.871300,PCS_dcdcHvBusVolt,187.646484375,0f 05 d4 0d 40 00
181.870900,PCS_dcdcHvBusVolt,197.021484375,d0 04 d5 0d 00 00
181.971000,PCS_dcdcHvBusVolt,187.646484375,d0 04 d4 0d 00 00
183.370900,PCS_dcdcHvBusVolt,197.021484375,cb 04 d5 0d 00 00
183.471100,PCS_dcdcHvBusVolt,187.646484375,cb 04 d4 0d 00 00
187.570800,PCS_dcdcHvBusVolt,197.021484375,ef 04 d5 0d 58 00
187.670600,PCS_dcdcHvBusVolt,187.646484375,ee 04 d4 0d 5f 00
188.371100,PCS_dcdcHvBusVolt,178.271484375,fb 04 d3 0d 67 00
188.471200,PCS_dcdcHvBusVolt,187.646484375,f7 04 d4 0d 69 00
189.170700,PCS_dcdcHvBusVolt,178.271484375,02 05 d3 0d 76 00
189.270600,PCS_dcdcHvBusVolt,187.646484375,02 05 d4 0d 69 00
191.670500,PCS_dcdcHvBusVolt,178.271484375,18 05 d3 0d 78 00
191.770600,PCS_dcdcHvBusVolt,187.646484375,19 05 d4 0d 7b 00
195.170900,PCS_dcdcHvBusVolt,178.271484375,34 05 d3 0d 83 00
195.269800,PCS_dcdcHvBusVolt,187.646484375,33 05 d4 0d 7a 00
199.671100,PCS_dcdcHvBusVolt,178.271484375,3f 05 d3 0d 73 00
199.771300,PCS_dcdcHvBusVolt,187.646484375,40 05 d4 0d 72 00
200.770500,PCS_dcdcHvBusVolt,197.021484375,3d 05 d5 0d 71 00
200.871200,PCS_dcdcHvBusVolt,187.646484375,3e 05 d4 0d 71 00
201.070600,PCS_dcdcHvBusVolt,178.271484375,3f 05 d3 0d 70 00
201.171200,PCS_dcdcHvBusVolt,187.646484375,42 05 d4 0d 76 00
201.270000,PCS_dcdcHvBusVolt,197.021484375,41 05 d5 0d 71 00
201.370700,PCS_dcdcHvBusVolt,187.646484375,3f 05 d4 0d 6f 00
201.570100,PCS_dcdcHvBusVolt,178.271484375,3f 05 d3 0d 69 00
201.670100,PCS_dcdcHvBusVolt,197.021484375,3e 05 d5 0d 6f 00
201.770000,PCS_dcdcHvBusVolt,187.646484375,3f 05 d4 0d 6e 00
203.070000,PCS_dcdcHvBusVolt,197.021484375,3f 05 d5 0d 6c 00
203.170600,PCS_dcdcHvBusVolt,187.646484375,3e 05 d4 0d 70 00
214.970100,PCS_dcdcHvBusVolt,178.271484375,3f 05 d3 0d 5f 00
215.070000,PCS_dcdcHvBusVolt,187.646484375,3e 05 d4 0d 5e 00
217.168900,PCS_dcdcHvBusVolt,197.021484375,43 05 d5 0d 5e 00
217.268900,PCS_dcdcHvBusVolt,187.646484375,3f 05 d4 0d 5d 00
236.367000,PCS_dcdcHvBusVolt,178.271484375,3f 05 d3 0d 55 00
236.467000,PCS_dcdcHvBusVolt,187.646484375,3e 05 d4 0d 55 00
240.667000,PCS_dcdcHvBusVolt,197.021484375,3e 05 d5 0d 53 00
240.766800,PCS_dcdcHvBusVolt,187.646484375,3e 05 d4 0d 54 00
241.367000,PCS_dcdcHvBusVolt,178.271484375,3f 05 d3 0d 52 00
241.467000,PCS_dcdcHvBusVolt,187.646484375,40 05 d4 0d 54 00
246.966800,PCS_dcdcHvBusVolt,197.021484375,3f 05 d5 0d 50 00
247.067200,PCS_dcdcHvBusVolt,187.646484375,40 05 d4 0d 51 00
247.366800,PCS_dcdcHvBusVolt,197.021484375,40 05 d5 0d 50 00
247.466800,PCS_dcdcHvBusVolt,187.646484375,3f 05 d4 0d 50 00
249.367200,PCS_dcdcHvBusVolt,178.271484375,42 05 d3 0d 4f 00
249.467200,PCS_dcdcHvBusVolt,187.646484375,3f 05 d4 0d 4f 00
249.667200,PCS_dcdcHvBusVolt,197.021484375,40 05 d5 0d 50 00
249.767300,PCS_dcdcHvBusVolt,178.271484375,3f 05 d3 0d 50 00
249.966900,PCS_dcdcHvBusVolt,187.646484375,3e 05 d4 0d 50 00
250.066900,PCS_dcdcHvBusVolt,178.271484375,40 05 d3 0d 50 00
250.166900,PCS_dcdcHvBusVolt,187.646484375,3e 05 d4 0d 50 00
250.366800,PCS_dcdcHvBusVolt,197.021484375,41 05 d5 0d 4f 00
250.666800,PCS_dcdcHvBusVolt,187.646484375,3f 05 d4 0d 50 00
250.766900,PCS_dcdcHvBusVolt,178.271484375,44 05 d3 0d 4f 00
250.866900,PCS_dcdcHvBusVolt,197.021484375,3e 05 d5 0d 4f 00
250.966800,PCS_dcdcHvBusVolt,187.646484375,3f 05 d4 0d 50 00
251.167400,PCS_dcdcHvBusVolt,197.021484375,40 05 d5 0d 50 00
251.267400,PCS_dcdcHvBusVolt,187.646484375,3e 05 d4 0d 4f 00
251.367300,PCS_dcdcHvBusVolt,178.271484375,3f 05 d3 0d 50 00
251.567000,PCS_dcdcHvBusVolt,197.021484375,3f 05 d5 0d 50 00
251.767100,PCS_dcdcHvBusVolt,178.271484375,3f 05 d3 0d 4f 00
251.867000,PCS_dcdcHvBusVolt,187.646484375,3e 05 d4 0d 50 00
252.367000,PCS_dcdcHvBusVolt,197.021484375,40 05 d5 0d 50 00
252.567100,PCS_dcdcHvBusVolt,187.646484375,40 05 d4 0d 4f 00
252.667100,PCS_dcdcHvBusVolt,197.021484375,40 05 d5 0d 4f 00
252.767100,PCS_dcdcHvBusVolt,178.271484375,40 05 d3 0d 50 00
252.867000,PCS_dcdcHvBusVolt,197.021484375,3f 05 d5 0d 4f 00
252.967000,PCS_dcdcHvBusVolt,187.646484375,3e 05 d4 0d 50 00
253.167000,PCS_dcdcHvBusVolt,197.021484375,3f 05 d5 0d 50 00
253.267000,PCS_dcdcHvBusVolt,187.646484375,3e 05 d4 0d 4e 00
253.367000,PCS_dcdcHvBusVolt,178.271484375,3f 05 d3 0d 50 00
253.466900,PCS_dcdcHvBusVolt,187.646484375,3e 05 d4 0d 4f 00
253.566900,PCS_dcdcHvBusVolt,178.271484375,40 05 d3 0d 50 00
253.667000,PCS_dcdcHvBusVolt,187.646484375,40 05 d4 0d 4f 00
253.966900,PCS_dcdcHvBusVolt,197.021484375,40 05 d5 0d 50 00
254.066900,PCS_dcdcHvBusVolt,178.271484375,3e 05 d3 0d 50 00
254.267100,PCS_dcdcHvBusVolt,187.646484375,40 05 d4 0d 4e 00
254.367100,PCS_dcdcHvBusVolt,178.271484375,3f 05 d3 0d 4f 00
254.467000,PCS_dcdcHvBusVolt,187.646484375,3f 05 d4 0d 4f 00
254.567000,PCS_dcdcHvBusVolt,197.021484375,3e 05 d5 0d 50 00
254.667100,PCS_dcdcHvBusVolt,178.271484375,3f 05 d3 0d 4f 00
254.767200,PCS_dcdcHvBusVolt,187.646484375,3f 05 d4 0d 4e 00
255.167100,PCS_dcdcHvBusVolt,178.271484375,3f 05 d3 0d 4e 00
255.267100,PCS_dcdcHvBusVolt,187.646484375,40 05 d4 0d 4e 00
255.567100,PCS_dcdcHvBusVolt,178.271484375,3f 05 d3 0d 50 00
255.667100,PCS_dcdcHvBusVolt,187.646484375,40 05 d4 0d 4e 00
256.167000,PCS_dcdcHvBusVolt,197.021484375,3e 05 d5 0d 4e 00
256.367000,PCS_dcdcHvBusVolt,187.646484375,40 05 d4 0d 4d 00
256.567100,PCS_dcdcHvBusVolt,197.021484375,3e 05 d5 0d 4e 00
256.667300,PCS_dcdcHvBusVolt,187.646484375,3f 05 d4 0d 4e 00
256.966900,PCS_dcdcHvBusVolt,197.021484375,41 05 d5 0d 4d 00
257.066900,PCS_dcdcHvBusVolt,187.646484375,3f 05 d4 0d 4d 00
257.266900,PCS_dcdcHvBusVolt,197.021484375,3f 05 d5 0d 4d 00
257.367200,PCS_dcdcHvBusVolt,187.646484375,3e 05 d4 0d 4d 00
259.266500,PCS_dcdcHvBusVolt,178.271484375,40 05 d3 0d 4e 00
259.366500,PCS_dcdcHvBusVolt,187.646484375,3b 05 d4 0d 4d 00
260.266500,PCS_dcdcHvBusVolt,178.271484375,40 05 d3 0d 4d 00
260.366400,PCS_dcdcHvBusVolt,187.646484375,40 05 d4 0d 4e 00
260.566700,PCS_dcdcHvBusVolt,197.021484375,3f 05 d5 0d 4d 00
260.666700,PCS_dcdcHvBusVolt,187.646484375,41 05 d4 0d 4c 00
282.265600,PCS_dcdcHvBusVolt,422.021484375,2e 05 ad 0d 00 00
282.364700,PCS_dcdcHvBusVolt,37.646484375,2c 05 04 0d 00 00
282.464700,PCS_dcdcHvBusVolt,581.396484375,68 05 3e 0a 00 00
282.564700,PCS_dcdcHvBusVolt,206.396484375,5a 05 d6 00 00 00
282.664700,PCS_dcdcHvBusVolt,347.021484375,30 05 a5 00 00 00
282.764600,PCS_dcdcHvBusVolt,47.021484375,2c 05 85 00 00 00
282.864600,PCS_dcdcHvBusVolt,37.646484375,2b 05 84 00 00 00
282.964600,PCS_dcdcHvBusVolt,18.896484375,2b 05 82 00 00 00
283.064600,PCS_dcdcHvBusVolt,0.146484375,29 05 80 00 00 00
283.164600,PCS_dcdcHvBusVolt,590.771484375,2a 05 7f 00 00 00
283.264600,PCS_dcdcHvBusVolt,572.021484375,28 05 7d 00 00 00
283.364600,PCS_dcdcHvBusVolt,562.646484375,29 05 7c 00 00 00
283.464600,PCS_dcdcHvBusVolt,543.896484375,28 05 7a 00 00 00
283.564600,PCS_dcdcHvBusVolt,525.146484375,28 05 78 00 00 00
283.664600,PCS_dcdcHvBusVolt,515.771484375,28 05 77 00 00 00
283.764500,PCS_dcdcHvBusVolt,497.021484375,28 05 75 00 00 00
283.864600,PCS_dcdcHvBusVolt,487.646484375,27 05 74 00 00 00
283.964500,PCS_dcdcHvBusVolt,478.271484375,27 05 73 00 00 00
284.064500,PCS_dcdcHvBusVolt,459.521484375,27 05 71 00 00 00
284.164400,PCS_dcdcHvBusVolt,450.146484375,26 05 70 00 00 00
284.264500,PCS_dcdcHvBusVolt,431.396484375,26 05 6e 00 00 00
284.364600,PCS_dcdcHvBusVolt,422.021484375,26 05 6d 00 00 00
284.464500,PCS_dcdcHvBusVolt,412.646484375,26 05 6c 00 00 00
284.564500,PCS_dcdcHvBusVolt,393.896484375,26 05 6a 00 00 00
284.664600,PCS_dcdcHvBusVolt,384.521484375,25 05 69 00 00 00
284.764300,PCS_dcdcHvBusVolt,375.146484375,25 05 68 00 00 00
284.864600,PCS_dcdcHvBusVolt,365.771484375,25 05 67 00 00 00
284.964300,PCS_dcdcHvBusVolt,347.021484375,25 05 65 00 00 00
285.164400,PCS_dcdcHvBusVolt,337.646484375,24 05 64 00 00 00
285.264300,PCS_dcdcHvBusVolt,328.271484375,24 05 63 00 00 00
285.364300,PCS_dcdcHvBusVolt,309.521484375,24 05 61 00 00 00
285.564600,PCS_dcdcHvBusVolt,300.146484375,23 05 60 00 00 00
285.665300,PCS_dcdcHvBusVolt,290.771484375,24 05 5f 00 00 00
285.764300,PCS_dcdcHvBusVolt,281.396484375,23 05 5e 00 00 00
285.864300,PCS_dcdcHvBusVolt,272.021484375,23 05 5d 00 00 00
286.064300,PCS_dcdcHvBusVolt,262.646484375,22 05 5c 00 00 00
286.164300,PCS_dcdcHvBusVolt,253.271484375,22 05 5b 00 00 00
286.264400,PCS_dcdcHvBusVolt,243.896484375,22 05 5a 00 00 00
286.464300,PCS_dcdcHvBusVolt,234.521484375,22 05 59 00 00 00
286.764200,PCS_dcdcHvBusVolt,225.146484375,22 05 58 00 00 00
287.064300,PCS_dcdcHvBusVolt,215.771484375,20 05 57 00 00 00
287.664300,PCS_dcdcHvBusVolt,206.396484375,1f 05 56 00 00 00
294.263600,PCS_dcdcHvBusVolt,197.021484375,19 05 55 00 00 00
0.079000,PCS_dcdcHvBusDischargeStatus,IDLE,04 08 00 48 19 01 10 08
282.464500,PCS_dcdcHvBusDischargeStatus,ACTIVE,10 0c 00 48 19 01 10 08
282.764400,PCS_dcdcHvBusDischargeStatus,IDLE,00 04 00 48 19 01 10 08
0.079000,PCS_dcdcMainState,STANDBY,04 08 00 48 19 01 10 08
0.079000,PCS_dcdc12VSupportStatus,ACTIVE,04 08 00 48 19 01 10 08
175.470700,PCS_dcdc12VSupportStatus,IDLE,00 04 00 48 19 01 10 08
185.270800,PCS_dcdc12VSupportStatus,ACTIVE,04 08 00 48 19 01 10 08
282.264500,PCS_dcdc12VSupportStatus,IDLE,00 04 00 48 19 01 10 08
0.079200,PCS_dcdcLvBusVolt,10.703125,12 05 d4 0d dd 00
0.279100,PCS_dcdcLvBusVolt,10.625,10 05 d4 0d d6 00
0.379400,PCS_dcdcLvBusVolt,10.6640625,11 05 d4 0d db 00
0.779200,PCS_dcdcLvBusVolt,10.703125,12 05 d4 0d dc 00
0.979100,PCS_dcdcLvBusVolt,10.5859375,0f 05 d4 0d d8 00
1.079100,PCS_dcdcLvBusVolt,10.703125,12 05 d4 0d db 00
1.179100,PCS_dcdcLvBusVolt,10.6640625,11 05 d4 0d db 00
1.279100,PCS_dcdcLvBusVolt,10.703125,12 05 d4 0d d9 00
1.379300,PCS_dcdcLvBusVolt,10.625,10 05 d3 0d dc 00
1.479100,PCS_dcdcLvBusVolt,10.703125,12 05 d4 0d db 00
1.679000,PCS_dcdcLvBusVolt,10.6640625,11 05 d4 0d d9 00
1.779300,PCS_dcdcLvBusVolt,10.5859375,0f 05 d4 0d dd 00
1.879200,PCS_dcdcLvBusVolt,10.703125,12 05 d4 0d d9 00
1.979200,PCS_dcdcLvBusVolt,10.7421875,13 05 d4 0d d8 00
2.079200,PCS_dcdcLvBusVolt,10.6640625,11 05 d4 0d de 00
2.279300,PCS_dcdcLvBusVolt,10.703125,12 05 d4 0d db 00
2.379200,PCS_dcdcLvBusVolt,10.7421875,13 05 d4 0d de 00
2.479100,PCS_dcdcLvBusVolt,10.6640625,11 05 d4 0d de 00
2.579000,PCS_dcdcLvBusVolt,10.7421875,13 05 d4 0d de 00
2.679200,PCS_dcdcLvBusVolt,10.703125,12 05 d4 0d de 00
2.779000,PCS_dcdcLvBusVolt,10.7421875,13 05 d3 0d e2 00
2.879000,PCS_dcdcLvBusVolt,10.703125,12 05 d4 0d db 00
3.079000,PCS_dcdcLvBusVolt,10.7421875,13 05 d3 0d e5 00
3.279000,PCS_dcdcLvBusVolt,10.8203125,15 05 d4 0d e1 00
3.379200,PCS_dcdcLvBusVolt,10.7421875,13 05 d4 0d e8 00
3.479000,PCS_dcdcLvBusVolt,10.703125,12 05 d4 0d dd 00
3.579100,PCS_dcdcLvBusVolt,10.7421875,13 05 d4 0d e6 00
3.779100,PCS_dcdcLvBusVolt,10.5859375,0f 05 d4 0d e7 00
3.879300,PCS_dcdcLvBusVolt,10.7421875,13 05 d3 0d e5 00
3.979000,PCS_dcdcLvBusVolt,10.6640625,11 05 d3 0d e8 00
4.079100,PCS_dcdcLvBusVolt,10.703125,12 05 d3 0d eb 00
4.479000,PCS_dcdcLvBusVolt,10.6640625,11 05 d3 0d e2 00
4.778900,PCS_dcdcLvBusVolt,10.703125,12 05 d4 0d dc 00
4.978900,PCS_dcdcLvBusVolt,10.7421875,13 05 d3 0d e0 00
5.079100,PCS_dcdcLvBusVolt,10.625,10 05 d4 0d db 00
5.179100,PCS_dcdcLvBusVolt,10.703125,12 05 d4 0d d9 00
5.279200,PCS_dcdcLvBusVolt,10.7421875,13 05 d4 0d d9 00
5.379200,PCS_dcdcLvBusVolt,10.6640625,11 05 d4 0d da 00
5.478900,PCS_dcdcLvBusVolt,10.7421875,13 05 d4 0d d5 00
5.579000,PCS_dcdcLvBusVolt,10.5078125,0d 05 d4 0d d6 00
5.679000,PCS_dcdcLvBusVolt,10.5859375,0f 05 d4 0d d9 00
5.778900,PCS_dcdcLvBusVolt,10.703125,12 05 d4 0d d6 00
5.879200,PCS_dcdcLvBusVolt,10.7421875,13 05 d4 0d db 00
6.178800,PCS_dcdcLvBusVolt,10.703125,12 05 d4 0d de 00
6.279000,PCS_dcdcLvBusVolt,10.625,10 05 d4 0d df 00
6.379300,PCS_dcdcLvBusVolt,10.6640625,11 05 d4 0d de 00
6.579000,PCS_dcdcLvBusVolt,10.7421875,13 05 d4 0d e0 00
6.679000,PCS_dcdcLvBusVolt,10.6640625,11 05 d4 0d e0 00
6.879200,PCS_dcdcLvBusVolt,10.625,10 05 d4 0d df 00
6.978800,PCS_dcdcLvBusVolt,10.6640625,11 05 d4 0d de 00
7.078800,PCS_dcdcLvBusVolt,10.703125,12 05 d4 0d dd 00
7.178800,PCS_dcdcLvBusVolt,10.7421875,13 05 d4 0d dd 00
7.379100,PCS_dcdcLvBusVolt,10.703125,12 05 d3 0d dc 00
7.578900,PCS_dcdcLvBusVolt,10.8203125,15 05 d4 0d da 00
7.678900,PCS_dcdcLvBusVolt,10.6640625,11 05 d4 0d d3 00
7.778900,PCS_dcdcLvBusVolt,10.703125,12 05 d3 0d d8 00
7.978800,PCS_dcdcLvBusVolt,10.6640625,11 05 d3 0d fc 00
8.078900,PCS_dcdcLvBusVolt,10.859375,16 05 d4 0d 0c 01
8.178700,PCS_dcdcLvBusVolt,10.703125,12 05 d4 0d ff 00
8.478800,PCS_dcdcLvBusVolt,10.625,10 05 d4 0d e7 00
8.578900,PCS_dcdcLvBusVolt,10.703125,12 05 d4 0d de 00
8.678900,PCS_dcdcLvBusVolt,10.6640625,11 05 d4 0d da 00
8.778700,PCS_dcdcLvBusVolt,10.703125,12 05 d4 0d da 00
8.978900,PCS_dcdcLvBusVolt,10.7421875,13 05 d4 0d d2 00
9.078700,PCS_dcdcLvBusVolt,10.6640625,11 05 d4 0d db 00
9.178700,PCS_dcdcLvBusVolt,10.5859375,0f 05 d4 0d de 00
9.278700,PCS_dcdcLvBusVolt,10.703125,12 05 d4 0d d9 00
9.478900,PCS_dcdcLvBusVolt,10.5859375,0f 05 d4 0d db 00
9.578700,PCS_dcdcLvBusVolt,10.7421875,13 05 d4 0d dc 00
9.678800,PCS_dcdcLvBusVolt,10.703125,12 05 d3 0d dd 00
9.878800,PCS_dcdcLvBusVolt,10.7421875,13 05 d4 0d dd 00
10.178800,PCS_dcdcLvBusVolt,10.703125,12 05 d4 0d de 00
10.278800,PCS_dcdcLvBusVolt,10.7421875,13 05 d4 0d da 00
10.378800,PCS_dcdcLvBusVolt,10.703125,12 05 d3 0d df 00
10.478700,PCS_dcdcLvBusVolt,10.7421875,13 05 d4 0d e2 00
10.778800,PCS_dcdcLvBusVolt,10.8203125,15 05 d4 0d e3 00
10.878800,PCS_dcdcLvBusVolt,10.703125,12 05 d4 0d dd 00
10.978800,PCS_dcdcLvBusVolt,10.78125,14 05 d4 0d e1 00
11.078600,PCS_dcdcLvBusVolt,10.7421875,13 05 d4 0d e7 00
11.278600,PCS_dcdcLvBusVolt,10.703125,12 05 d4 0d e1 00
11.378600,PCS_dcdcLvBusVolt,10.7421875,13 05 d3 0d e5 00
11.478800,PCS_dcdcLvBusVolt,10.6640625,11 05 d4 0d e3 00
11.578600,PCS_dcdcLvBusVolt,10.9375,18 05 d4 0d e5 00
11.678600,PCS_dcdcLvBusVolt,10.703125,12 05 d4 0d e6 00
11.778700,PCS_dcdcLvBusVolt,10.7421875,13 05 d4 0d e7 00
11.878700,PCS_dcdcLvBusVolt,10.6640625,11 05 d4 0d e4 00
12.078700,PCS_dcdcLvBusVolt,10.703125,12 05 d3 0d e6 00
12.278700,PCS_dcdcLvBusVolt,10.6640625,11 05 d4 0d e3 00
12.478600,PCS_dcdcLvBusVolt,10.5859375,0f 05 d4 0d d8 00
12.578700,PCS_dcdcLvBusVolt,10.703125,12 05 d4 0d df 00
12.778500,PCS_dcdcLvBusVolt,10.6640625,11 05 d4 0d e0 00
12.978700,PCS_dcdcLvBusVolt,10.703125,12 05 d4 0d dd 00
13.078500,PCS_dcdcLvBusVolt,10.6640625,11 05 d4 0d dc 00
13.178500,PCS_dcdcLvBusVolt,10.625,10 05 d4 0d d8 00
13.278500,PCS_dcdcLvBusVolt,10.6640625,11 05 d3 0d d7 00
13.578500,PCS_dcdcLvBusVolt,10.625,10 05 d4 0d da 00
13.678800,PCS_dcdcLvBusVolt,10.6640625,11 05 d4 0d da 00
13.778500,PCS_dcdcLvBusVolt,10.78125,14 05 d4 0d d2 00
13.878500,PCS_dcdcLvBusVolt,10.703125,12 05 d4 0d d7 00
13.978500,PCS_dcdcLvBusVolt,10.6640625,11 05 d4 0d d8 00
14.178600,PCS_dcdcLvBusVolt,10.703125,12 05 d4 0d db 00
14.278600,PCS_dcdcLvBusVolt,10.7421875,13 05 d4 0d e1 00
14.378600,PCS_dcdcLvBusVolt,10.703125,12 05 d4 0d e0 00
14.578600,PCS_dcdcLvBusVolt,10.7421875,13 05 d4 0d df 00
14.778600,PCS_dcdcLvBusVolt,10.6640625,11 05 d4 0d dc 00
14.878400,PCS_dcdcLvBusVolt,10.7421875,13 05 d4 0d de 00
14.978500,PCS_dcdcLvBusVolt,10.703125,12 05 d4 0d df 00
15.278600,PCS_dcdcLvBusVolt,10.625,10 05 d3 0d df 00
15.378400,PCS_dcdcLvBusVolt,10.78125,14 05 d4 0d dc 00
15.478600,PCS_dcdcLvBusVolt,10.703125,12 05 d4 0d dd 00
15.678900,PCS_dcdcLvBusVolt,10.7421875,13 05 d4 0d dc 00
15.778700,PCS_dcdcLvBusVolt,10.703125,12 05 d4 0d da 00
15.878700,PCS_dcdcLvBusVolt,10.78125,14 05 d4 0d e1 00
15.978600,PCS_dcdcLvBusVolt,10.5859375,0f 05 d4 0d d9 00
16.078700,PCS_dcdcLvBusVolt,10.703125,12 05 d4 0d dd 00
16.178700,PCS_dcdcLvBusVolt,10.7421875,13 05 d3 0d e1 00
16.278700,PCS_dcdcLvBusVolt,10.6640625,11 05 d4 0d dd 00
16.378500,PCS_dcdcLvBusVolt,10.78125,14 05 d4 0d df 00
16.478600,PCS_dcdcLvBusVolt,10.6640625,11 05 d3 0d dd 00
16.678700,PCS_dcdcLvBusVolt,10.703125,12 05 d4 0d db 00
16.778700,PCS_dcdcLvBusVolt,10.5859375,0f 05 d3 0d da 00
16.978500,PCS_dcdcLvBusVolt,10.6640625,11 05 d4 0d da 00
17.078700,PCS_dcdcLvBusVolt,10.703125,12 05 d4 0d de 00
17.178500,PCS_dcdcLvBusVolt,10.78125,14 05 d4 0d df 00
17.278600,PCS_dcdcLvBusVolt,10.6640625,11 05 d4 0d d5 00
17.378800,PCS_dcdcLvBusVolt,10.7421875,13 05 d3 0d db 00
17.478500,PCS_dcdcLvBusVolt,10.6640625,11 05 d4 0d dc 00
17.578600,PCS_dcdcLvBusVolt,10.7421875,13 05 d4 0d da 00
17.678800,PCS_dcdcLvBusVolt,10.703125,12 05 d4 0d db 00
17.778600,PCS_dcdcLvBusVolt,10.7421875,13 05 d4 0d dd 00
17.878400,PCS_dcdcLvBusVolt,10.6640625,11 05 d4 0d db 00
17.978500,PCS_dcdcLvBusVolt,10.78125,14 05 d4 0d db 00
18.078600,PCS_dcdcLvBusVolt,10.703125,12 05 d4 0d de 00
18.178600,PCS_dcdcLvBusVolt,10.7421875,13 05 d4 0d df 00
18.278800,PCS_dcdcLvBusVolt,10.703125,12 05 d4 0d da 00
18.378600,PCS_dcdcLvBusVolt,10.78125,14 05 d3 0d dd 00
18.478500,PCS_dcdcLvBusVolt,10.703125,12 05 d4 0d dd 00
18.778400,PCS_dcdcLvBusVolt,10.7421875,13 05 d4 0d db 00
18.878900,PCS_dcdcLvBusVolt,10.703125,12 05 d3 0d d9 00
19.078400,PCS_dcdcLvBusVolt,10.7421875,13 05 d4 0d e0 00
19.178700,PCS_dcdcLvBusVolt,10.703125,12 05 d3 0d dd 00
19.278700,PCS_dcdcLvBusVolt,10.7421875,13 05 d4 0d dc 00
19.378500,PCS_dcdcLvBusVolt,10.703125,12 05 d4 0d e0 00
19.478600,PCS_dcdcLvBusVolt,10.6640625,11 05 d3 0d dc 00
19.678700,PCS_dcdcLvBusVolt,10.703125,12 05 d4 0d df 00
19.778700,PCS_dcdcLvBusVolt,10.625,10 05 d4 0d e0 00
19.978700,PCS_dcdcLvBusVolt,10.703125,12 05 d4 0d dc 00
20.078900,PCS_dcdcLvBusVolt,10.7421875,13 05 d4 0d df 00
20.178500,PCS_dcdcLvBusVolt,10.703125,12 05 d4 0d da 00
20.278700,PCS_dcdcLvBusVolt,10.6640625,11 05 d4 0d dc 00
20.379000,PCS_dcdcLvBusVolt,10.625,10 05 d3 0d e1 00
20.478900,PCS_dcdcLvBusVolt,10.703125,12 05 d4 0d d7 00
20.578700,PCS_dcdcLvBusVolt,10.6640625,11 05 d4 0d de 00
20.679000,PCS_dcdcLvBusVolt,10.78125,14 05 d3 0d e2 00
20.778700,PCS_dcdcLvBusVolt,10.7421875,13 05 d4 0d dd 00
20.878900,PCS_dcdcLvBusVolt,10.703125,12 05 d4 0d e2 00
20.978900,PCS_dcdcLvBusVolt,10.7421875,13 05 d4 0d e4 00
21.078700,PCS_dcdcLvBusVolt,10.703125,12 05 d3 0d e9 00
21.178700,PCS_dcdcLvBusVolt,10.7421875,13 05 d4 0d e2 00
21.378900,PCS_dcdcLvBusVolt,10.78125,14 05 d4 0d e9 00
21.478900,PCS_dcdcLvBusVolt,10.7421875,13 05 d4 0d e2 00
21.579100,PCS_dcdcLvBusVolt,10.703125,12 05 d4 0d e6 00
21.678900,PCS_dcdcLvBusVolt,10.7421875,13 05 d4 0d eb 00
21.778600,PCS_dcdcLvBusVolt,10.703125,12 05 d4 0d df 00
22.078900,PCS_dcdcLvBusVolt,10.625,10 05 d4 0d e3 00
22.178800,PCS_dcdcLvBusVolt,10.703125,12 05 d4 0d e3 00
22.278900,PCS_dcdcLvBusVolt,10.625,10 05 d4 0d e3 00
22.378900,PCS_dcdcLvBusVolt,10.6640625,11 05 d3 0d ea 00
22.578900,PCS_dcdcLvBusVolt,10.703125,12 05 d4 0d e1 00
22.678900,PCS_dcdcLvBusVolt,10.6640625,11 05 d4 0d e4 00
22.779400,PCS_dcdcLvBusVolt,10.7421875,13 05 d3 0d e0 00
22.878900,PCS_dcdcLvBusVolt,10.6640625,11 05 d4 0d df 00
22.978900,PCS_dcdcLvBusVolt,10.625,10 05 d4 0d de 00
23.079100,PCS_dcdcLvBusVolt,10.5859375,0f 05 d3 0d d5 00
23.178900,PCS_dcdcLvBusVolt,10.625,10 05 d4 0d d6 00
23.279200,PCS_dcdcLvBusVolt,10.5078125,0d 05 d4 0d d6 00
23.379200,PCS_dcdcLvBusVolt,10.625,10 05 d4 0d d6 00
23.478900,PCS_dcdcLvBusVolt,10.703125,12 05 d4 0d d6 00
23.578700,PCS_dcdcLvBusVolt,10.6640625,11 05 d4 0d d6 00
23.679400,PCS_dcdcLvBusVolt,10.7421875,13 05 d4 0d da 00
23.779200,PCS_dcdcLvBusVolt,10.625,10 05 d4 0d d3 00
23.878700,PCS_dcdcLvBusVolt,10.703125,12 05 d4 0d d8 00
23.979200,PCS_dcdcLvBusVolt,10.625,10 05 d4 0d d7 00
24.078900,PCS_dcdcLvBusVolt,10.5859375,0f 05 d4 0d d7 00
24.178700,PCS_dcdcLvBusVolt,10.78125,14 05 d3 0d d7 00
24.278900,PCS_dcdcLvBusVolt,10.6640625,11 05 d3 0d da 00
24.379000,PCS_dcdcLvBusVolt,10.78125,14 05 d4 0d d3 00
24.479000,PCS_dcdcLvBusVolt,10.7421875,13 05 d3 0d d8 00
24.578900,PCS_dcdcLvBusVolt,10.8203125,15 05 d4 0d df 00
24.678700,PCS_dcdcLvBusVolt,10.78125,14 05 d4 0d dc 00
24.778900,PCS_dcdcLvBusVolt,10.7421875,13 05 d4 0d de 00
24.978700,PCS_dcdcLvBusVolt,10.703125,12 05 d4 0d e2 00
25.078700,PCS_dcdcLvBusVolt,10.7421875,13 05 d4 0d e0 00
25.179100,PCS_dcdcLvBusVolt,10.703125,12 05 d4 0d de 00
25.279300,PCS_dcdcLvBusVolt,10.6640625,11 05 d4 0d df 00
25.379100,PCS_dcdcLvBusVolt,10.703125,12 05 d4 0d dc 00
25.479100,PCS_dcdcLvBusVolt,10.7421875,13 05 d4 0d dc 00
25.578800,PCS_dcdcLvBusVolt,10.6640625,11 05 d4 0d de 00
25.679300,PCS_dcdcLvBusVolt,10.7421875,13 05 d4 0d dc 00
25.779800,PCS_dcdcLvBusVolt,10.859375,16 05 d3 0d d9 00
25.879100,PCS_dcdcLvBusVolt,10.6640625,11 05 d4 0d de 00
25.978800,PCS_dcdcLvBusVolt,10.7421875,13 05 d3 0d db 00
26.079300,PCS_dcdcLvBusVolt,10.625,10 05 d4 0d dd 00
26.178900,PCS_dcdcLvBusVolt,10.7421875,13 05 d3 0d df 00
26.279200,PCS_dcdcLvBusVolt,10.703125,12 05 d4 0d da 00
26.479100,PCS_dcdcLvBusVolt,10.78125,14 05 d4 0d e0 00
26.579200,PCS_dcdcLvBusVolt,10.625,10 05 d4 0d d7 00
26.678300,PCS_dcdcLvBusVolt,10.7421875,13 05 d4 0d db 00
26.878900,PCS_dcdcLvBusVolt,10.6640625,11 05 d4 0d da 00
27.078900,PCS_dcdcLvBusVolt,10.5859375,0f 05 d4 0d dd 00
27.179000,PCS_dcdcLvBusVolt,10.7421875,13 05 d4 0d df 00
27.279400,PCS_dcdcLvBusVolt,10.6640625,11 05 d4 0d d7 00
27.379000,PCS_dcdcLvBusVolt,10.859375,16 05 d3 0d da 00
27.478900,PCS_dcdcLvBusVolt,10.703125,12 05 d4 0d dd 00
27.579200,PCS_dcdcLvBusVolt,10.7421875,13 05 d4 0d d8 00
27.679000,PCS_dcdcLvBusVolt,10.703125,12 05 d4 0d dd 00
27.779000,PCS_dcdcLvBusVolt,10.7421875,13 05 d3 0d dc 00
27.879000,PCS_dcdcLvBusVolt,10.78125,14 05 d4 0d dc 00
28.079000,PCS_dcdcLvBusVolt,10.6640625,11 05 d4 0d df 00
28.278900,PCS_dcdcLvBusVolt,10.703125,12 05 d4 0d d8 00
28.479200,PCS_dcdcLvBusVolt,10.7421875,13 05 d4 0d db 00
28.578700,PCS_dcdcLvBusVolt,10.78125,14 05 d4 0d da 00
28.679000,PCS_dcdcLvBusVolt,10.703125,12 05 d4 0d de 00
28.978500,PCS_dcdcLvBusVolt,10.6640625,11 05 d4 0d da 00
29.078300,PCS_dcdcLvBusVolt,10.8203125,15 05 d4 0d dc 00
29.178300,PCS_dcdcLvBusVolt,10.7421875,13 05 d4 0d d9 00
29.278500,PCS_dcdcLvBusVolt,10.78125,14 05 d4 0d db 00
29.378300,PCS_dcdcLvBusVolt,10.7421875,13 05 d3 0d de 00
29.678500,PCS_dcdcLvBusVolt,10.8203125,15 05 d3 0d 32 01
29.778300,PCS_dcdcLvBusVolt,10.703125,12 05 d4 0d 21 01
29.877800,PCS_dcdcLvBusVolt,10.78125,14 05 d4 0d 1e 01
29.978300,PCS_dcdcLvBusVolt,10.625,10 05 d3 0d 23 01
30.077800,PCS_dcdcLvBusVolt,10.6640625,11 05 d3 0d 36 01
30.178300,PCS_dcdcLvBusVolt,10.546875,0e 05 d3 0d 1c 01
30.277800,PCS_dcdcLvBusVolt,10.703125,12 05 d4 0d ce 00
30.377700,PCS_dcdcLvBusVolt,10.6640625,11 05 d4 0d cb 00
30.478600,PCS_dcdcLvBusVolt,10.625,10 05 d4 0d c8 00
30.578400,PCS_dcdcLvBusVolt,10.6640625,11 05 d4 0d ca 00
30.677800,PCS_dcdcLvBusVolt,10.703125,12 05 d4 0d cb 00
30.777900,PCS_dcdcLvBusVolt,10.6640625,11 05 d3 0d c4 00
30.877800,PCS_dcdcLvBusVolt,10.703125,12 05 d4 0d c6 00
30.978400,PCS_dcdcLvBusVolt,10.7421875,13 05 d4 0d c7 00
31.077800,PCS_dcdcLvBusVolt,10.703125,12 05 d4 0d c2 00
31.277800,PCS_dcdcLvBusVolt,10.6640625,11 05 d3 0d c2 00
31.478400,PCS_dcdcLvBusVolt,10.703125,12 05 d4 0d c1 00
31.578400,PCS_dcdcLvBusVolt,10.859375,16 05 d4 0d c8 00
31.679100,PCS_dcdcLvBusVolt,10.7421875,13 05 d4 0d c9 00
31.778600,PCS_dcdcLvBusVolt,10.6640625,11 05 d3 0d c3 00
31.878500,PCS_dcdcLvBusVolt,10.7421875,13 05 d3 0d c8 00
31.978000,PCS_dcdcLvBusVolt,10.703125,12 05 d4 0d c9 00
32.079300,PCS_dcdcLvBusVolt,10.7421875,13 05 d3 0d c6 00
32.178400,PCS_dcdcLvBusVolt,10.6640625,11 05 d4 0d c7 00
32.278600,PCS_dcdcLvBusVolt,10.7421875,13 05 d4 0d c7 00
32.378100,PCS_dcdcLvBusVolt,10.625,10 05 d4 0d c5 00
32.477900,PCS_dcdcLvBusVolt,10.6640625,11 05 d4 0d c6 00
32.578400,PCS_dcdcLvBusVolt,10.703125,12 05 d4 0d c8 00
32.777900,PCS_dcdcLvBusVolt,10.625,10 05 d3 0d c5 00
32.877900,PCS_dcdcLvBusVolt,10.5859375,0f 05 d3 0d c7 00
32.977900,PCS_dcdcLvBusVolt,10.7421875,13 05 d4 0d bd 00
33.177900,PCS_dcdcLvBusVolt,10.6640625,11 05 d3 0d c3 00
33.378000,PCS_dcdcLvBusVolt,10.703125,12 05 d4 0d c0 00
33.577900,PCS_dcdcLvBusVolt,10.7421875,13 05 d4 0d d2 00
33.677800,PCS_dcdcLvBusVolt,10.6640625,11 05 d4 0d db 00
33.978000,PCS_dcdcLvBusVolt,10.5859375,0f 05 d3 0d bf 00
34.077700,PCS_dcdcLvBusVolt,10.703125,12 05 d4 0d c0 00
34.178000,PCS_dcdcLvBusVolt,10.6640625,11 05 d4 0d c2 00
34.277800,PCS_dcdcLvBusVolt,10.78125,14 05 d4 0d b8 00
34.378000,PCS_dcdcLvBusVolt,10.7421875,13 05 d4 0d bd 00
34.477800,PCS_dcdcLvBusVolt,10.703125,12 05 d4 0d c3 00
34.677700,PCS_dcdcLvBusVolt,10.78125,14 05 d4 0d c0 00
34.777700,PCS_dcdcLvBusVolt,10.703125,12 05 d4 0d c0 00
35.077900,PCS_dcdcLvBusVolt,10.7421875,13 05 d4 0d c2 00
35.177800,PCS_dcdcLvBusVolt,10.625,10 05 d4 0d c4 00
35.277800,PCS_dcdcLvBusVolt,10.703125,12 05 d3 0d bf 00
35.377800,PCS_dcdcLvBusVolt,10.7421875,13 05 d4 0d c3 00
35.477600,PCS_dcdcLvBusVolt,10.703125,12 05 d3 0d c6 00
35.577800,PCS_dcdcLvBusVolt,10.7421875,13 05 d3 0d c2 00
35.677700,PCS_dcdcLvBusVolt,10.703125,12 05 d4 0d c6 00
35.877700,PCS_dcdcLvBusVolt,10.6640625,11 05 d3 0d c4 00
35.977600,PCS_dcdcLvBusVolt,10.703125,12 05 d3 0d bc 00
36.377600,PCS_dcdcLvBusVolt,10.7421875,13 05 d4 0d bd 00
36.477700,PCS_dcdcLvBusVolt,10.6640625,11 05 d3 0d ba 00
36.677400,PCS_dcdcLvBusVolt,10.7421875,13 05 d4 0d be 00
36.777600,PCS_dcdcLvBusVolt,10.703125,12 05 d3 0d bd 00
36.877500,PCS_dcdcLvBusVolt,10.6640625,11 05 d3 0d ba 00
37.077500,PCS_dcdcLvBusVolt,10.625,10 05 d3 0d bd 00
37.177600,PCS_dcdcLvBusVolt,10.703125,12 05 d3 0d ba 00
37.377400,PCS_dcdcLvBusVolt,10.78125,14 05 d4 0d bd 00
37.477400,PCS_dcdcLvBusVolt,10.7421875,13 05 d4 0d b8 00
37.577400,PCS_dcdcLvBusVolt,10.703125,12 05 d4 0d b8 00
37.677400,PCS_dcdcLvBusVolt,10.6640625,11 05 d4 0d bc 00
37.877400,PCS_dcdcLvBusVolt,10.703125,12 05 d4 0d b8 00
37.977400,PCS_dcdcLvBusVolt,10.7421875,13 05 d4 0d bc 00
38.077300,PCS_dcdcLvBusVolt,10.625,10 05 d3 0d b9 00
38.277400,PCS_dcdcLvBusVolt,10.703125,12 05 d4 0d b9 00
38.477600,PCS_dcdcLvBusVolt,10.6640625,11 05 d4 0d b9 00
38.777300,PCS_dcdcLvBusVolt,10.7421875,13 05 d4 0d b9 00
38.877400,PCS_dcdcLvBusVolt,10.703125,12 05 d4 0d b7 00
38.977300,PCS_dcdcLvBusVolt,10.6640625,11 05 d4 0d bb 00
39.177300,PCS_dcdcLvBusVolt,10.546875,0e 05 d4 0d ba 00
39.277300,PCS_dcdcLvBusVolt,10.703125,12 05 d3 0d ba 00
39.377300,PCS_dcdcLvBusVolt,10.8984375,17 05 d4 0d b7 00
39.477300,PCS_dcdcLvBusVolt,10.703125,12 05 d4 0d b9 00
39.577300,PCS_dcdcLvBusVolt,10.6640625,11 05 d4 0d bb 00
39.677300,PCS_dcdcLvBusVolt,10.703125,12 05 d4 0d b6 00
39.877300,PCS_dcdcLvBusVolt,10.7421875,13 05 d4 0d bc 00
39.977300,PCS_dcdcLvBusVolt,10.703125,12 05 d3 0d b7 00
40.177300,PCS_dcdcLvBusVolt,10.6640625,11 05 d4 0d bd 00
40.377200,PCS_dcdcLvBusVolt,10.7421875,13 05 d4 0d b9 00
40.477200,PCS_dcdcLvBusVolt,10.6640625,11 05 d4 0d bc 00
40.577200,PCS_dcdcLvBusVolt,10.8203125,15 05 d4 0d bc 00
40.677200,PCS_dcdcLvBusVolt,10.78125,14 05 d4 0d ba 00
40.777300,PCS_dcdcLvBusVolt,10.703125,12 05 d4 0d bc 00
40.977200,PCS_dcdcLvBusVolt,10.6640625,11 05 d4 0d ba 00
41.077000,PCS_dcdcLvBusVolt,10.7421875,13 05 d4 0d bd 00
41.177200,PCS_dcdcLvBusVolt,10.6640625,11 05 d4 0d be 00
41.277000,PCS_dcdcLvBusVolt,10.703125,12 05 d4 0d b8 00
41.377200,PCS_dcdcLvBusVolt,10.7421875,13 05 d4 0d bc 00
41.577200,PCS_dcdcLvBusVolt,10.703125,12 05 d4 0d bc 00
41.677000,PCS_dcdcLvBusVolt,10.7421875,13 05 d3 0d c0 00
41.877400,PCS_dcdcLvBusVolt,10.8203125,15 05 d3 0d bc 00
41.977200,PCS_dcdcLvBusVolt,10.703125,12 05 d4 0d c0 00
42.077000,PCS_dcdcLvBusVolt,10.7421875,13 05 d3 0d c4 00
42.177200,PCS_dcdcLvBusVolt,10.703125,12 05 d4 0d bf 00
42.277000,PCS_dcdcLvBusVolt,10.6640625,11 05 d4 0d c1 00
42.377200,PCS_dcdcLvBusVolt,10.703125,12 05 d4 0d c4 00
42.577100,PCS_dcdcLvBusVolt,10.9375,18 05 d4 0d c1 00
42.677000,PCS_dcdcLvBusVolt,10.7421875,13 05 d4 0d c1 00
42.777100,PCS_dcdcLvBusVolt,10.6640625,11 05 d4 0d c3 00
43.077100,PCS_dcdcLvBusVolt,10.625,10 05 d4 0d c4 00
43.176900,PCS_dcdcLvBusVolt,10.703125,12 05 d4 0d be 00
43.477100,PCS_dcdcLvBusVolt,10.6640625,11 05 d4 0d bc 00
43.576900,PCS_dcdcLvBusVolt,10.7421875,13 05 d4 0d c0 00
43.677100,PCS_dcdcLvBusVolt,10.6640625,11 05 d4 0d c1 00
43.776900,PCS_dcdcLvBusVolt,10.625,10 05 d4 0d bd 00
43.877100,PCS_dcdcLvBusVolt,10.6640625,11 05 d3 0d bd 00
43.976900,PCS_dcdcLvBusVolt,10.703125,12 05 d4 0d be 00
44.176800,PCS_dcdcLvBusVolt,10.7421875,13 05 d3 0d b9 00
44.277000,PCS_dcdcLvBusVolt,10.6640625,11 05 d3 0d b9 00
44.476900,PCS_dcdcLvBusVolt,10.7421875,13 05 d4 0d b6 00
44.576800,PCS_dcdcLvBusVolt,10.6640625,11 05 d4 0d b5 00
44.676900,PCS_dcdcLvBusVolt,10.7421875,13 05 d3 0d b9 00
44.776800,PCS_dcdcLvBusVolt,10.8203125,15 05 d3 0d ba 00
44.877000,PCS_dcdcLvBusVolt,10.7421875,13 05 d4 0d b9 00
44.976800,PCS_dcdcLvBusVolt,10.703125,12 05 d3 0d bc 00
45.076900,PCS_dcdcLvBusVolt,10.7421875,13 05 d4 0d b7 00
45.276900,PCS_dcdcLvBusVolt,10.78125,14 05 d4 0d bc 00
45.376800,PCS_dcdcLvBusVolt,10.703125,12 05 d4 0d b3 00
45.476900,PCS_dcdcLvBusVolt,10.6640625,11 05 d3 0d bb 00
45.576900,PCS_dcdcLvBusVolt,10.703125,12 05 d4 0d bd 00
45.676900,PCS_dcdcLvBusVolt,10.6640625,11 05 d4 0d b6 00
45.776800,PCS_dcdcLvBusVolt,10.7421875,13 05 d4 0d bb 00
45.876900,PCS_dcdcLvBusVolt,10.78125,14 05 d4 0d c0 00
45.976800,PCS_dcdcLvBusVolt,10.625,10 05 d4 0d bb 00
46.176700,PCS_dcdcLvBusVolt,10.703125,12 05 d4 0d bc 00
46.276900,PCS_dcdcLvBusVolt,10.6640625,11 05 d4 0d bd 00
46.376800,PCS_dcdcLvBusVolt,10.7421875,13 05 d4 0d b7 00
46.476900,PCS_dcdcLvBusVolt,10.703125,12 05 d3 0d bb 00
46.576700,PCS_dcdcLvBusVolt,10.7421875,13 05 d3 0d ba 00
46.676900,PCS_dcdcLvBusVolt,10.6640625,11 05 d4 0d b9 00
46.776800,PCS_dcdcLvBusVolt,10.7421875,13 05 d4 0d b9 00
46.976800,PCS_dcdcLvBusVolt,10.6640625,11 05 d4 0d b8 00
47.176900,PCS_dcdcLvBusVolt,10.703125,12 05 d4 0d b9 00
47.376700,PCS_dcdcLvBusVolt,10.7421875,13 05 d4 0d b3 00
47.476900,PCS_dcdcLvBusVolt,10.625,10 05 d3 0d ba 00
47.676800,PCS_dcdcLvBusVolt,10.6640625,11 05 d4 0d b7 00
47.776700,PCS_dcdcLvBusVolt,10.7421875,13 05 d3 0d ba 00
47.876800,PCS_dcdcLvBusVolt,10.6640625,11 05 d4 0d b8 00
47.976800,PCS_dcdcLvBusVolt,10.703125,12 05 d4 0d b7 00
48.076800,PCS_dcdcLvBusVolt,10.7421875,13 05 d4 0d ba 00
48.276800,PCS_dcdcLvBusVolt,10.625,10 05 d4 0d b7 00
48.376800,PCS_dcdcLvBusVolt,10.78125,14 05 d4 0d b8 00
48.577100,PCS_dcdcLvBusVolt,10.703125,12 05 d4 0d b5 00
48.876700,PCS_dcdcLvBusVolt,10.5859375,0f 05 d4 0d b2 00
48.976700,PCS_dcdcLvBusVolt,10.6640625,11 05 d4 0d b6 00
49.076700,PCS_dcdcLvBusVolt,10.625,10 05 d4 0d b8 00
49.176700,PCS_dcdcLvBusVolt,10.6640625,11 05 d4 0d b2 00
49.276700,PCS_dcdcLvBusVolt,10.703125,12 05 d4 0d b7 00
49.376700,PCS_dcdcLvBusVolt,10.6640625,11 05 d4 0d b9 00
49.476700,PCS_dcdcLvBusVolt,10.703125,12 05 d4 0d b7 00
49.576700,PCS_dcdcLvBusVolt,10.546875,0e 05 d4 0d b7 00
49.676700,PCS_dcdcLvBusVolt,10.7421875,13 05 d3 0d bc 00
49.876700,PCS_dcdcLvBusVolt,10.78125,14 05 d4 0d b7 00
49.976800,PCS_dcdcLvBusVolt,10.703125,12 05 d4 0d ba 00
50.076800,PCS_dcdcLvBusVolt,10.6640625,11 05 d3 0d ba 00
50.176800,PCS_dcdcLvBusVolt,10.78125,14 05 d4 0d b8 00
50.276800,PCS_dcdcLvBusVolt,10.6640625,11 05 d4 0d b9 00
50.376800,PCS_dcdcLvBusVolt,10.703125,12 05 d3 0d bb 00
50.476800,PCS_dcdcLvBusVolt,10.7421875,13 05 d4 0d b4 00
50.576800,PCS_dcdcLvBusVolt,10.703125,12 05 d4 0d bb 00
50.676800,PCS_dcdcLvBusVolt,10.7421875,13 05 d4 0d bb 00
50.776800,PCS_dcdcLvBusVolt,10.625,10 05 d3 0d b8 00
50.876800,PCS_dcdcLvBusVolt,10.703125,12 05 d4 0d b7 00
50.976800,PCS_dcdcLvBusVolt,10.78125,14 05 d4 0d bc 00
51.076800,PCS_dcdcLvBusVolt,10.7421875,13 05 d4 0d bd 00
51.176700,PCS_dcdcLvBusVolt,10.703125,12 05 d4 0d b9 00
51.276700,PCS_dcdcLvBusVolt,10.6640625,11 05 d4 0d bc 00
51.476700,PCS_dcdcLvBusVolt,10.7421875,13 05 d4 0d b8 00
51.676800,PCS_dcdcLvBusVolt,10.6640625,11 05 d4 0d be 00
51.876900,PCS_dcdcLvBusVolt,10.7421875,13 05 d4 0d be 00
52.076700,PCS_dcdcLvBusVolt,10.6640625,11 05 d4 0d bf 00
52.176600,PCS_dcdcLvBusVolt,10.7421875,13 05 d4 0d c0 00
52.276700,PCS_dcdcLvBusVolt,10.78125,14 05 d3 0d c1 00
52.376700,PCS_dcdcLvBusVolt,10.7421875,13 05 d4 0d c2 00
52.576700,PCS_dcdcLvBusVolt,10.6640625,11 05 d3 0d c3 00
52.876800,PCS_dcdcLvBusVolt,10.7421875,13 05 d4 0d c1 00
52.976700,PCS_dcdcLvBusVolt,10.6640625,11 05 d3 0d c1 00
53.076700,PCS_dcdcLvBusVolt,10.625,10 05 d4 0d c0 00
53.176700,PCS_dcdcLvBusVolt,10.6640625,11 05 d4 0d c2 00
53.476800,PCS_dcdcLvBusVolt,10.703125,12 05 d4 0d c0 00
53.676800,PCS_dcdcLvBusVolt,10.9375,18 05 d4 0d be 00
53.776800,PCS_dcdcLvBusVolt,10.6640625,11 05 d3 0d be 00
53.976800,PCS_dcdcLvBusVolt,10.5859375,0f 05 d4 0d ba 00
54.076800,PCS_dcdcLvBusVolt,10.6640625,11 05 d3 0d be 00
54.176800,PCS_dcdcLvBusVolt,10.703125,12 05 d4 0d bc 00
54.276800,PCS_dcdcLvBusVolt,10.625,10 05 d4 0d bc 00
54.376800,PCS_dcdcLvBusVolt,10.6640625,11 05 d4 0d b7 00
54.476800,PCS_dcdcLvBusVolt,10.703125,12 05 d3 0d b5 00
54.576800,PCS_dcdcLvBusVolt,10.625,10 05 d4 0d b7 00
54.676700,PCS_dcdcLvBusVolt,10.703125,12 05 d4 0d b3 00
54.776600,PCS_dcdcLvBusVolt,10.7421875,13 05 d3 0d b7 00
54.876800,PCS_dcdcLvBusVolt,10.78125,14 05 d4 0d ba 00
55.076700,PCS_dcdcLvBusVolt,10.7421875,13 05 d3 0d bb 00
55.176600,PCS_dcdcLvBusVolt,10.78125,14 05 d3 0d bd 00
55.276900,PCS_dcdcLvBusVolt,10.7421875,13 05 d4 0d b8 00
55.476700,PCS_dcdcLvBusVolt,10.625,10 05 d4 0d c0 00
55.676900,PCS_dcdcLvBusVolt,10.6640625,11 05 d4 0d bb 00
55.776800,PCS_dcdcLvBusVolt,10.7421875,13 05 d4 0d bd 00
55.876900,PCS_dcdcLvBusVolt,10.6640625,11 05 d4 0d bb 00
55.976900,PCS_dcdcLvBusVolt,10.7421875,13 05 d4 0d bb 00
56.076900,PCS_dcdcLvBusVolt,10.703125,12 05 d4 0d bb 00
56.376700,PCS_dcdcLvBusVolt,10.7421875,13 05 d4 0d b9 00
56.476700,PCS_dcdcLvBusVolt,10.703125,12 05 d4 0d bc 00
56.676900,PCS_dcdcLvBusVolt,10.5859375,0f 05 d3 0d b8 00
56.776800,PCS_dcdcLvBusVolt,10.703125,12 05 d3 0d bb 00
56.876700,PCS_dcdcLvBusVolt,10.6640625,11 05 d4 0d b5 00
57.076800,PCS_dcdcLvBusVolt,10.703125,12 05 d3 0d bb 00
57.176800,PCS_dcdcLvBusVolt,10.6640625,11 05 d4 0d b8 00
57.276700,PCS_dcdcLvBusVolt,10.625,10 05 d4 0d b7 00
57.376700,PCS_dcdcLvBusVolt,10.703125,12 05 d4 0d b8 00
57.476700,PCS_dcdcLvBusVolt,10.7421875,13 05 d3 0d ba 00
57.576800,PCS_dcdcLvBusVolt,10.78125,14 05 d4 0d b7 00
57.676800,PCS_dcdcLvBusVolt,10.703125,12 05 d3 0d b7 00
57.976800,PCS_dcdcLvBusVolt,10.7421875,13 05 d3 0d b9 00
58.076700,PCS_dcdcLvBusVolt,10.6640625,11 05 d4 0d b9 00
58.276800,PCS_dcdcLvBusVolt,10.78125,14 05 d4 0d b8 00
58.376800,PCS_dcdcLvBusVolt,10.7421875,13 05 d4 0d b9 00
58.577000,PCS_dcdcLvBusVolt,10.703125,12 05 d4 0d b7 00
58.676800,PCS_dcdcLvBusVolt,10.6640625,11 05 d4 0d b7 00
58.876900,PCS_dcdcLvBusVolt,10.7421875,13 05 d4 0d b5 00
58.976900,PCS_dcdcLvBusVolt,10.625,10 05 d4 0d b7 00
59.176900,PCS_dcdcLvBusVolt,10.7421875,13 05 d3 0d b5 00
59.276800,PCS_dcdcLvBusVolt,10.703125,12 05 d3 0d b9 00
59.376900,PCS_dcdcLvBusVolt,10.6640625,11 05 d4 0d b6 00
59.476900,PCS_dcdcLvBusVolt,10.78125,14 05 d3 0d b8 00
59.576900,PCS_dcdcLvBusVolt,10.7421875,13 05 d4 0d b7 00
59.676900,PCS_dcdcLvBusVolt,10.5859375,0f 05 d4 0d bb 00
59.777400,PCS_dcdcLvBusVolt,10.7421875,13 05 d4 0d b8 00
59.976900,PCS_dcdcLvBusVolt,10.703125,12 05 d4 0d bb 00
60.076900,PCS_dcdcLvBusVolt,10.625,10 05 d4 0d b7 00
60.176800,PCS_dcdcLvBusVolt,10.6640625,11 05 d4 0d b6 00
60.276700,PCS_dcdcLvBusVolt,10.703125,12 05 d4 0d b9 00
60.376800,PCS_dcdcLvBusVolt,10.6640625,11 05 d4 0d b5 00
60.476800,PCS_dcdcLvBusVolt,10.7421875,13 05 d4 0d b9 00
60.576800,PCS_dcdcLvBusVolt,10.6640625,11 05 d4 0d bc 00
60.676800,PCS_dcdcLvBusVolt,10.7421875,13 05 d3 0d b8 00
60.777100,PCS_dcdcLvBusVolt,10.703125,12 05 d4 0d bb 00
60.876800,PCS_dcdcLvBusVolt,10.6640625,11 05 d4 0d be 00
60.976800,PCS_dcdcLvBusVolt,10.703125,12 05 d4 0d be 00
61.076800,PCS_dcdcLvBusVolt,10.7421875,13 05 d4 0d bb 00
61.276800,PCS_dcdcLvBusVolt,10.6640625,11 05 d4 0d bc 00
61.376800,PCS_dcdcLvBusVolt,10.703125,12 05 d4 0d b8 00
61.576900,PCS_dcdcLvBusVolt,10.7421875,13 05 d4 0d c2 00
61.676700,PCS_dcdcLvBusVolt,10.703125,12 05 d3 0d bf 00
61.777300,PCS_dcdcLvBusVolt,10.7421875,13 05 d4 0d c1 00
61.877200,PCS_dcdcLvBusVolt,10.6640625,11 05 d3 0d c3 00
61.977100,PCS_dcdcLvBusVolt,10.703125,12 05 d4 0d be 00
62.076800,PCS_dcdcLvBusVolt,10.6640625,11 05 d4 0d bf 00
62.176900,PCS_dcdcLvBusVolt,10.703125,12 05 d4 0d c2 00
62.377100,PCS_dcdcLvBusVolt,10.7421875,13 05 d4 0d bc 00
62.476900,PCS_dcdcLvBusVolt,10.546875,0e 05 d3 0d c0 00
62.576900,PCS_dcdcLvBusVolt,10.6640625,11 05 d3 0d bc 00
62.676700,PCS_dcdcLvBusVolt,10.7421875,13 05 d4 0d bc 00
62.876700,PCS_dcdcLvBusVolt,10.703125,12 05 d3 0d bf 00
62.976800,PCS_dcdcLvBusVolt,10.78125,14 05 d4 0d bc 00
63.076700,PCS_dcdcLvBusVolt,10.6640625,11 05 d4 0d bc 00
63.176700,PCS_dcdcLvBusVolt,10.703125,12 05 d4 0d bb 00
63.276600,PCS_dcdcLvBusVolt,10.6640625,11 05 d4 0d b5 00
63.476600,PCS_dcdcLvBusVolt,10.703125,12 05 d3 0d b8 00
63.576700,PCS_dcdcLvBusVolt,10.7421875,13 05 d4 0d b3 00
63.676700,PCS_dcdcLvBusVolt,10.625,10 05 d4 0d b1 00
63.776700,PCS_dcdcLvBusVolt,10.703125,12 05 d4 0d b4 00
63.976700,PCS_dcdcLvBusVolt,10.78125,14 05 d4 0d b7 00
64.076700,PCS_dcdcLvBusVolt,10.7421875,13 05 d4 0d b9 00
64.176500,PCS_dcdcLvBusVolt,10.703125,12 05 d4 0d b7 00
64.476500,PCS_dcdcLvBusVolt,10.6640625,11 05 d4 0d bc 00
64.576500,PCS_dcdcLvBusVolt,10.703125,12 05 d3 0d ba 00
64.776500,PCS_dcdcLvBusVolt,10.78125,14 05 d4 0d bc 00
64.876500,PCS_dcdcLvBusVolt,10.7421875,13 05 d4 0d b8 00
64.976500,PCS_dcdcLvBusVolt,10.703125,12 05 d3 0d b8 00
65.176800,PCS_dcdcLvBusVolt,10.7421875,13 05 d4 0d b3 00
65.376600,PCS_dcdcLvBusVolt,10.703125,12 05 d4 0d b8 00
65.576600,PCS_dcdcLvBusVolt,10.7421875,13 05 d4 0d b7 00
65.676600,PCS_dcdcLvBusVolt,10.703125,12 05 d3 0d b7 00
65.776800,PCS_dcdcLvBusVolt,10.6640625,11 05 d4 0d b3 00
65.876500,PCS_dcdcLvBusVolt,10.625,10 05 d3 0d b1 00
65.976600,PCS_dcdcLvBusVolt,10.6640625,11 05 d3 0d b7 00
66.076500,PCS_dcdcLvBusVolt,10.703125,12 05 d4 0d b7 00
66.176600,PCS_dcdcLvBusVolt,10.6640625,11 05 d3 0d b2 00
66.276500,PCS_dcdcLvBusVolt,10.703125,12 05 d4 0d b7 00
66.376700,PCS_dcdcLvBusVolt,10.7421875,13 05 d4 0d b7 00
66.476500,PCS_dcdcLvBusVolt,10.78125,14 05 d4 0d b4 00
66.576700,PCS_dcdcLvBusVolt,10.6640625,11 05 d4 0d b5 00
66.676400,PCS_dcdcLvBusVolt,10.703125,12 05 d3 0d b6 00
66.876500,PCS_dcdcLvBusVolt,10.7421875,13 05 d3 0d b4 00
67.076400,PCS_dcdcLvBusVolt,10.703125,12 05 d4 0d b3 00
67.176500,PCS_dcdcLvBusVolt,10.6640625,11 05 d4 0d b4 00
67.276400,PCS_dcdcLvBusVolt,10.703125,12 05 d4 0d b7 00
67.376500,PCS_dcdcLvBusVolt,10.6640625,11 05 d4 0d b4 00
67.476500,PCS_dcdcLvBusVolt,10.703125,12 05 d4 0d b4 00
67.676400,PCS_dcdcLvBusVolt,10.6640625,11 05 d3 0d b5 00
67.776500,PCS_dcdcLvBusVolt,10.7421875,13 05 d3 0d b5 00
67.876400,PCS_dcdcLvBusVolt,10.703125,12 05 d4 0d b5 00
68.076300,PCS_dcdcLvBusVolt,10.6640625,11 05 d4 0d b6 00
68.176500,PCS_dcdcLvBusVolt,10.7421875,13 05 d4 0d b7 00
68.276300,PCS_dcdcLvBusVolt,10.78125,14 05 d4 0d b9 00
68.376500,PCS_dcdcLvBusVolt,10.7421875,13 05 d4 0d b1 00
68.476300,PCS_dcdcLvBusVolt,10.703125,12 05 d4 0d b7 00
68.576800,PCS_dcdcLvBusVolt,10.6640625,11 05 d4 0d b9 00
68.676300,PCS_dcdcLvBusVolt,10.703125,12 05 d4 0d b5 00
68.776100,PCS_dcdcLvBusVolt,10.6640625,11 05 d4 0d ba 00
68.876100,PCS_dcdcLvBusVolt,10.703125,12 05 d3 0d bf 00
68.976100,PCS_dcdcLvBusVolt,10.7421875,13 05 d3 0d bf 00
69.176100,PCS_dcdcLvBusVolt,10.703125,12 05 d4 0d c0 00
69.276100,PCS_dcdcLvBusVolt,10.6640625,11 05 d3 0d c2 00
69.376100,PCS_dcdcLvBusVolt,10.78125,14 05 d4 0d ba 00
69.476100,PCS_dcdcLvBusVolt,10.703125,12 05 d4 0d bd 00
69.676100,PCS_dcdcLvBusVolt,10.6640625,11 05 d4 0d b5 00
69.776000,PCS_dcdcLvBusVolt,10.703125,12 05 d3 0d bc 00
69.876100,PCS_dcdcLvBusVolt,10.7421875,13 05 d4 0d c0 00
69.976000,PCS_dcdcLvBusVolt,10.625,10 05 d3 0d b7 00
70.076000,PCS_dcdcLvBusVolt,10.7421875,13 05 d3 0d be 00
70.276000,PCS_dcdcLvBusVolt,10.6640625,11 05 d4 0d b9 00
70.375900,PCS_dcdcLvBusVolt,10.78125,14 05 d3 0d b8 00
70.476100,PCS_dcdcLvBusVolt,10.7421875,13 05 d3 0d ba 00
70.575800,PCS_dcdcLvBusVolt,10.6640625,11 05 d4 0d b9 00
70.675800,PCS_dcdcLvBusVolt,10.703125,12 05 d4 0d b3 00
70.775800,PCS_dcdcLvBusVolt,10.6640625,11 05 d4 0d b5 00
70.875800,PCS_dcdcLvBusVolt,10.703125,12 05 d4 0d b1 00
70.975800,PCS_dcdcLvBusVolt,10.6640625,11 05 d4 0d b0 00
71.075800,PCS_dcdcLvBusVolt,10.703125,12 05 d4 0d b3 00
71.175800,PCS_dcdcLvBusVolt,10.6640625,11 05 d4 0d b4 00
71.276000,PCS_dcdcLvBusVolt,10.78125,14 05 d4 0d b1 00
71.375700,PCS_dcdcLvBusVolt,10.703125,12 05 d4 0d b1 00
71.475700,PCS_dcdcLvBusVolt,10.7421875,13 05 d4 0d b5 00
71.575700,PCS_dcdcLvBusVolt,10.703125,12 05 d4 0d b1 00
71.675800,PCS_dcdcLvBusVolt,10.7421875,13 05 d4 0d b5 00
71.875800,PCS_dcdcLvBusVolt,10.703125,12 05 d3 0d b4 00
71.976000,PCS_dcdcLvBusVolt,10.859375,16 05 d4 0d b5 00
72.075800,PCS_dcdcLvBusVolt,10.78125,14 05 d4 0d bb 00
72.275700,PCS_dcdcLvBusVolt,10.703125,12 05 d3 0d b9 00
72.375800,PCS_dcdcLvBusVolt,10.7421875,13 05 d4 0d b7 00
72.475700,PCS_dcdcLvBusVolt,10.703125,12 05 d3 0d bc 00
72.575700,PCS_dcdcLvBusVolt,10.5859375,0f 05 d3 0d bb 00
72.675700,PCS_dcdcLvBusVolt,10.78125,14 05 d4 0d b9 00
72.775700,PCS_dcdcLvBusVolt,10.5859375,0f 05 d4 0d bb 00
72.875700,PCS_dcdcLvBusVolt,10.6640625,11 05 d4 0d b6 00
72.975700,PCS_dcdcLvBusVolt,10.703125,12 05 d3 0d b7 00
73.075700,PCS_dcdcLvBusVolt,10.7421875,13 05 d4 0d ba 00
73.175700,PCS_dcdcLvBusVolt,10.6640625,11 05 d4 0d b3 00
73.275800,PCS_dcdcLvBusVolt,10.703125,12 05 d4 0d b8 00
73.475700,PCS_dcdcLvBusVolt,10.7421875,13 05 d3 0d b3 00
73.575700,PCS_dcdcLvBusVolt,10.625,10 05 d3 0d b5 00
73.675600,PCS_dcdcLvBusVolt,10.6640625,11 05 d4 0d b9 00
73.775600,PCS_dcdcLvBusVolt,10.703125,12 05 d3 0d b3 00
73.875700,PCS_dcdcLvBusVolt,10.5859375,0f 05 d4 0d b2 00
73.975600,PCS_dcdcLvBusVolt,10.703125,12 05 d3 0d b7 00
74.075600,PCS_dcdcLvBusVolt,10.6640625,11 05 d4 0d b5 00
74.175600,PCS_dcdcLvBusVolt,10.703125,12 05 d4 0d b2 00
74.275600,PCS_dcdcLvBusVolt,10.7421875,13 05 d4 0d b8 00
74.475600,PCS_dcdcLvBusVolt,10.703125,12 05 d4 0d b2 00
74.775600,PCS_dcdcLvBusVolt,10.6640625,11 05 d4 0d b4 00
74.975400,PCS_dcdcLvBusVolt,10.7421875,13 05 d3 0d b7 00
75.175600,PCS_dcdcLvBusVolt,10.703125,12 05 d3 0d b4 00
75.275800,PCS_dcdcLvBusVolt,10.7421875,13 05 d4 0d b8 00
75.475400,PCS_dcdcLvBusVolt,10.6640625,11 05 d4 0d a4 00
75.575400,PCS_dcdcLvBusVolt,10.78125,14 05 d4 0d ac 00
75.675400,PCS_dcdcLvBusVolt,10.703125,12 05 d4 0d a0 00
75.775400,PCS_dcdcLvBusVolt,10.859375,16 05 d4 0d a6 00
75.875400,PCS_dcdcLvBusVolt,10.703125,12 05 d3 0d aa 00
75.975400,PCS_dcdcLvBusVolt,10.546875,0e 05 d4 0d 9f 00
76.075400,PCS_dcdcLvBusVolt,10.703125,12 05 d4 0d a5 00
76.175400,PCS_dcdcLvBusVolt,10.7421875,13 05 d3 0d a7 00
76.375500,PCS_dcdcLvBusVolt,10.703125,12 05 d4 0d a4 00
76.675200,PCS_dcdcLvBusVolt,10.7421875,13 05 d4 0d a5 00
76.775400,PCS_dcdcLvBusVolt,10.625,10 05 d4 0d a7 00
76.875400,PCS_dcdcLvBusVolt,10.7421875,13 05 d3 0d a7 00
76.975400,PCS_dcdcLvBusVolt,10.6640625,11 05 d4 0d a2 00
77.075200,PCS_dcdcLvBusVolt,10.7421875,13 05 d4 0d a8 00
77.175200,PCS_dcdcLvBusVolt,10.5859375,0f 05 d4 0d a6 00
77.275200,PCS_dcdcLvBusVolt,10.703125,12 05 d4 0d a6 00
77.375400,PCS_dcdcLvBusVolt,10.859375,16 05 d3 0d a5 00
77.475200,PCS_dcdcLvBusVolt,10.703125,12 05 d3 0d a8 00
77.575100,PCS_dcdcLvBusVolt,10.7421875,13 05 d4 0d a5 00
77.675100,PCS_dcdcLvBusVolt,10.625,10 05 d4 0d a3 00
77.775100,PCS_dcdcLvBusVolt,10.7421875,13 05 d4 0d aa 00
77.875200,PCS_dcdcLvBusVolt,10.859375,16 05 d3 0d a5 00
77.975100,PCS_dcdcLvBusVolt,10.6640625,11 05 d4 0d a6 00
78.075100,PCS_dcdcLvBusVolt,10.78125,14 05 d3 0d ab 00
78.175200,PCS_dcdcLvBusVolt,10.7421875,13 05 d4 0d a2 00
78.375500,PCS_dcdcLvBusVolt,10.703125,12 05 d3 0d a8 00
78.475500,PCS_dcdcLvBusVolt,10.6640625,11 05 d4 0d a1 00
78.575700,PCS_dcdcLvBusVolt,10.703125,12 05 d5 0d a5 00
78.675500,PCS_dcdcLvBusVolt,10.546875,0e 05 d4 0d a7 00
78.775200,PCS_dcdcLvBusVolt,10.8203125,15 05 d4 0d a1 00
78.875100,PCS_dcdcLvBusVolt,10.625,10 05 d4 0d a4 00
78.975200,PCS_dcdcLvBusVolt,10.78125,14 05 d3 0d a7 00
79.075100,PCS_dcdcLvBusVolt,10.703125,12 05 d3 0d a0 00
79.175100,PCS_dcdcLvBusVolt,10.5859375,0f 05 d4 0d a2 00
79.275300,PCS_dcdcLvBusVolt,10.7421875,13 05 d5 0d a8 00
79.375200,PCS_dcdcLvBusVolt,10.5859375,0f 05 d4 0d a2 00
79.475100,PCS_dcdcLvBusVolt,10.703125,12 05 d4 0d a2 00
79.975000,PCS_dcdcLvBusVolt,10.78125,14 05 d4 0d a0 00
80.075000,PCS_dcdcLvBusVolt,10.7421875,13 05 d4 0d a5 00
80.175000,PCS_dcdcLvBusVolt,10.6640625,11 05 d3 0d a6 00
80.275100,PCS_dcdcLvBusVolt,10.7421875,13 05 d3 0d a4 00
80.375000,PCS_dcdcLvBusVolt,10.6640625,11 05 d4 0d a3 00
80.475000,PCS_dcdcLvBusVolt,10.703125,12 05 d3 0d a5 00
80.575000,PCS_dcdcLvBusVolt,10.7421875,13 05 d4 0d ab 00
80.675000,PCS_dcdcLvBusVolt,10.6640625,11 05 d3 0d a0 00
80.875000,PCS_dcdcLvBusVolt,10.7421875,13 05 d5 0d a6 00
80.975000,PCS_dcdcLvBusVolt,10.703125,12 05 d4 0d a2 00
81.375000,PCS_dcdcLvBusVolt,10.7421875,13 05 d4 0d a5 00
81.475000,PCS_dcdcLvBusVolt,10.703125,12 05 d3 0d a7 00
81.775100,PCS_dcdcLvBusVolt,10.6640625,11 05 d4 0d a7 00
81.875100,PCS_dcdcLvBusVolt,10.625,10 05 d4 0d a4 00
81.975100,PCS_dcdcLvBusVolt,10.703125,12 05 d3 0d a6 00
82.075000,PCS_dcdcLvBusVolt,10.8984375,17 05 d3 0d a9 00
82.175000,PCS_dcdcLvBusVolt,10.703125,12 05 d4 0d a3 00
82.275000,PCS_dcdcLvBusVolt,10.7421875,13 05 d4 0d a6 00
82.474900,PCS_dcdcLvBusVolt,10.6640625,11 05 d4 0d a3 00
82.574900,PCS_dcdcLvBusVolt,10.7421875,13 05 d4 0d a6 00
82.674900,PCS_dcdcLvBusVolt,10.625,10 05 d4 0d a6 00
82.775100,PCS_dcdcLvBusVolt,10.703125,12 05 d3 0d a4 00
82.874900,PCS_dcdcLvBusVolt,10.7421875,13 05 d4 0d a8 00
82.974900,PCS_dcdcLvBusVolt,10.6640625,11 05 d3 0d a3 00
83.074900,PCS_dcdcLvBusVolt,10.78125,14 05 d3 0d a6 00
83.174900,PCS_dcdcLvBusVolt,10.7421875,13 05 d4 0d a5 00
83.274900,PCS_dcdcLvBusVolt,10.859375,16 05 d3 0d a6 00
83.374900,PCS_dcdcLvBusVolt,10.6640625,11 05 d4 0d a2 00
83.574900,PCS_dcdcLvBusVolt,10.78125,14 05 d4 0d a9 00
83.674900,PCS_dcdcLvBusVolt,10.7421875,13 05 d3 0d a1 00
83.975000,PCS_dcdcLvBusVolt,10.703125,12 05 d4 0d a1 00
84.174700,PCS_dcdcLvBusVolt,10.859375,16 05 d4 0d a7 00
84.274700,PCS_dcdcLvBusVolt,10.78125,14 05 d4 0d a3 00
84.374700,PCS_dcdcLvBusVolt,10.703125,12 05 d4 0d a3 00
84.474700,PCS_dcdcLvBusVolt,10.78125,14 05 d4 0d a9 00
84.574700,PCS_dcdcLvBusVolt,10.703125,12 05 d4 0d a3 00
84.674700,PCS_dcdcLvBusVolt,10.7421875,13 05 d4 0d a4 00
84.775000,PCS_dcdcLvBusVolt,10.625,10 05 d4 0d aa 00
84.874700,PCS_dcdcLvBusVolt,10.703125,12 05 d4 0d a5 00
84.974700,PCS_dcdcLvBusVolt,10.7421875,13 05 d4 0d a1 00
85.074700,PCS_dcdcLvBusVolt,10.6640625,11 05 d3 0d a6 00
85.275100,PCS_dcdcLvBusVolt,10.703125,12 05 d4 0d a2 00
85.374700,PCS_dcdcLvBusVolt,10.6640625,11 05 d4 0d a9 00
85.474600,PCS_dcdcLvBusVolt,10.703125,12 05 d4 0d a2 00
85.774800,PCS_dcdcLvBusVolt,10.7421875,13 05 d4 0d a2 00
85.874800,PCS_dcdcLvBusVolt,10.703125,12 05 d4 0d a5 00
85.974600,PCS_dcdcLvBusVolt,10.625,10 05 d3 0d a7 00
86.074600,PCS_dcdcLvBusVolt,10.703125,12 05 d4 0d a9 00
86.174600,PCS_dcdcLvBusVolt,10.625,10 05 d4 0d a2 00
86.274600,PCS_dcdcLvBusVolt,10.7421875,13 05 d3 0d a9 00
86.374600,PCS_dcdcLvBusVolt,10.6640625,11 05 d4 0d a9 00
86.474600,PCS_dcdcLvBusVolt,10.703125,12 05 d4 0d a1 00
86.574600,PCS_dcdcLvBusVolt,10.78125,14 05 d3 0d a6 00
86.674600,PCS_dcdcLvBusVolt,10.625,10 05 d3 0d a2 00
86.774600,PCS_dcdcLvBusVolt,10.6640625,11 05 d4 0d a2 00
86.874700,PCS_dcdcLvBusVolt,10.703125,12 05 d4 0d a7 00
86.974600,PCS_dcdcLvBusVolt,10.8203125,15 05 d4 0d a6 00
87.074700,PCS_dcdcLvBusVolt,10.6640625,11 05 d4 0d a4 00
87.174600,PCS_dcdcLvBusVolt,10.703125,12 05 d4 0d a6 00
87.274700,PCS_dcdcLvBusVolt,10.7421875,13 05 d4 0d a4 00
87.474700,PCS_dcdcLvBusVolt,10.6640625,11 05 d4 0d a7 00
87.574500,PCS_dcdcLvBusVolt,10.703125,12 05 d4 0d a3 00
87.674600,PCS_dcdcLvBusVolt,10.78125,14 05 d4 0d a4 00
87.774700,PCS_dcdcLvBusVolt,10.703125,12 05 d4 0d a7 00
87.874700,PCS_dcdcLvBusVolt,10.6640625,11 05 d4 0d a7 00
87.974500,PCS_dcdcLvBusVolt,10.625,10 05 d4 0d a3 00
88.074700,PCS_dcdcLvBusVolt,10.7421875,13 05 d4 0d a9 00
88.174700,PCS_dcdcLvBusVolt,10.625,10 05 d4 0d a9 00
88.274700,PCS_dcdcLvBusVolt,10.7421875,13 05 d4 0d a5 00
88.374600,PCS_dcdcLvBusVolt,10.9765625,19 05 d5 0d a9 00
88.474700,PCS_dcdcLvBusVolt,10.5859375,0f 05 d3 0d a4 00
88.574700,PCS_dcdcLvBusVolt,10.703125,12 05 d4 0d a4 00
88.774500,PCS_dcdcLvBusVolt,10.6640625,11 05 d4 0d a1 00
88.874700,PCS_dcdcLvBusVolt,10.546875,0e 05 d4 0d a4 00
88.974500,PCS_dcdcLvBusVolt,10.7421875,13 05 d3 0d a6 00
89.074700,PCS_dcdcLvBusVolt,10.6640625,11 05 d4 0d ab 00
89.374400,PCS_dcdcLvBusVolt,10.703125,12 05 d4 0d ab 00
89.474700,PCS_dcdcLvBusVolt,10.6640625,11 05 d4 0d a1 00
89.574400,PCS_dcdcLvBusVolt,10.703125,12 05 d4 0d a5 00
89.674500,PCS_dcdcLvBusVolt,10.625,10 05 d3 0d a3 00
89.774400,PCS_dcdcLvBusVolt,10.6640625,11 05 d4 0d a2 00
89.874600,PCS_dcdcLvBusVolt,10.703125,12 05 d5 0d a8 00
90.174600,PCS_dcdcLvBusVolt,10.625,10 05 d4 0d a6 00
90.274600,PCS_dcdcLvBusVolt,10.6640625,11 05 d4 0d a8 00
90.374600,PCS_dcdcLvBusVolt,10.703125,12 05 d4 0d a4 00
90.474600,PCS_dcdcLvBusVolt,10.5859375,0f 05 d4 0d a5 00
90.574400,PCS_dcdcLvBusVolt,10.7421875,13 05 d4 0d ac 00
90.874600,PCS_dcdcLvBusVolt,10.703125,12 05 d4 0d ab 00
91.074500,PCS_dcdcLvBusVolt,10.6640625,11 05 d4 0d a5 00
91.174400,PCS_dcdcLvBusVolt,10.625,10 05 d4 0d a6 00
91.274400,PCS_dcdcLvBusVolt,10.703125,12 05 d3 0d 9f 00
91.374400,PCS_dcdcLvBusVolt,10.7421875,13 05 d4 0d a4 00
91.474500,PCS_dcdcLvBusVolt,10.6640625,11 05 d4 0d a7 00
91.574400,PCS_dcdcLvBusVolt,10.625,10 05 d3 0d a0 00
91.674400,PCS_dcdcLvBusVolt,10.6640625,11 05 d5 0d a6 00
91.774400,PCS_dcdcLvBusVolt,10.703125,12 05 d4 0d a8 00
91.974700,PCS_dcdcLvBusVolt,10.78125,14 05 d4 0d a2 00
92.074400,PCS_dcdcLvBusVolt,10.7421875,13 05 d3 0d a5 00
92.174400,PCS_dcdcLvBusVolt,10.5859375,0f 05 d4 0d a7 00
92.274600,PCS_dcdcLvBusVolt,10.703125,12 05 d4 0d a2 00
92.374300,PCS_dcdcLvBusVolt,10.8203125,15 05 d4 0d a8 00
92.474500,PCS_dcdcLvBusVolt,10.6640625,11 05 d4 0d a1 00
92.674300,PCS_dcdcLvBusVolt,10.703125,12 05 d4 0d a5 00
93.074300,PCS_dcdcLvBusVolt,10.625,10 05 d3 0d a4 00
93.174300,PCS_dcdcLvBusVolt,10.6640625,11 05 d4 0d a0 00
93.274700,PCS_dcdcLvBusVolt,10.78125,14 05 d4 0d a6 00
93.374300,PCS_dcdcLvBusVolt,10.703125,12 05 d4 0d a6 00
93.474200,PCS_dcdcLvBusVolt,10.78125,14 05 d4 0d a1 00
93.574200,PCS_dcdcLvBusVolt,10.6640625,11 05 d4 0d a7 00
93.874700,PCS_dcdcLvBusVolt,10.703125,12 05 d3 0d a5 00
94.074300,PCS_dcdcLvBusVolt,10.7421875,13 05 d4 0d a3 00
94.274400,PCS_dcdcLvBusVolt,10.703125,12 05 d4 0d a7 00
94.374400,PCS_dcdcLvBusVolt,10.7421875,13 05 d4 0d a2 00
94.574400,PCS_dcdcLvBusVolt,10.6640625,11 05 d3 0d a7 00
94.674400,PCS_dcdcLvBusVolt,10.5859375,0f 05 d4 0d 9d 00
94.774300,PCS_dcdcLvBusVolt,10.703125,12 05 d4 0d a1 00
94.874200,PCS_dcdcLvBusVolt,10.625,10 05 d4 0d a7 00
94.974400,PCS_dcdcLvBusVolt,10.703125,12 05 d3 0d a3 00
95.174200,PCS_dcdcLvBusVolt,10.625,10 05 d3 0d a6 00
95.274500,PCS_dcdcLvBusVolt,10.703125,12 05 d4 0d a7 00
95.374400,PCS_dcdcLvBusVolt,10.78125,14 05 d4 0d a4 00
95.474500,PCS_dcdcLvBusVolt,10.625,10 05 d4 0d a1 00
95.574300,PCS_dcdcLvBusVolt,10.703125,12 05 d5 0d a7 00
95.674200,PCS_dcdcLvBusVolt,10.7421875,13 05 d4 0d a2 00
95.774200,PCS_dcdcLvBusVolt,10.703125,12 05 d4 0d a3 00
95.874500,PCS_dcdcLvBusVolt,10.78125,14 05 d3 0d a9 00
95.974200,PCS_dcdcLvBusVolt,10.546875,0e 05 d4 0d 9c 00
96.074300,PCS_dcdcLvBusVolt,10.6640625,11 05 d4 0d a1 00
96.174300,PCS_dcdcLvBusVolt,10.703125,12 05 d5 0d a6 00
96.374300,PCS_dcdcLvBusVolt,10.6640625,11 05 d4 0d a5 00
96.474300,PCS_dcdcLvBusVolt,10.5859375,0f 05 d4 0d a5 00
96.574300,PCS_dcdcLvBusVolt,10.6640625,11 05 d3 0d a4 00
96.674500,PCS_dcdcLvBusVolt,10.703125,12 05 d4 0d a2 00
96.774300,PCS_dcdcLvBusVolt,10.78125,14 05 d4 0d a4 00
96.874300,PCS_dcdcLvBusVolt,10.7421875,13 05 d4 0d aa 00
96.974400,PCS_dcdcLvBusVolt,10.625,10 05 d4 0d a3 00
97.074600,PCS_dcdcLvBusVolt,10.7421875,13 05 d4 0d a5 00
97.174300,PCS_dcdcLvBusVolt,10.703125,12 05 d4 0d aa 00
97.274300,PCS_dcdcLvBusVolt,10.7421875,13 05 d4 0d a0 00
97.674400,PCS_dcdcLvBusVolt,10.6640625,11 05 d4 0d a2 00
97.774400,PCS_dcdcLvBusVolt,10.7421875,13 05 d4 0d a4 00
97.874600,PCS_dcdcLvBusVolt,10.6640625,11 05 d3 0d a1 00
97.974400,PCS_dcdcLvBusVolt,10.7421875,13 05 d4 0d 9f 00
98.074300,PCS_dcdcLvBusVolt,10.78125,14 05 d4 0d a6 00
98.174400,PCS_dcdcLvBusVolt,10.703125,12 05 d4 0d 9c 00
98.274700,PCS_dcdcLvBusVolt,10.546875,0e 05 d4 0d a1 00
98.374400,PCS_dcdcLvBusVolt,10.6640625,11 05 d4 0d a7 00
98.574400,PCS_dcdcLvBusVolt,10.703125,12 05 d4 0d a1 00
98.674700,PCS_dcdcLvBusVolt,10.78125,14 05 d3 0d a5 00
98.774400,PCS_dcdcLvBusVolt,10.6640625,11 05 d3 0d a4 00
98.974500,PCS_dcdcLvBusVolt,10.703125,12 05 d3 0d a4 00
99.074600,PCS_dcdcLvBusVolt,10.6640625,11 05 d4 0d a0 00
99.274300,PCS_dcdcLvBusVolt,10.7421875,13 05 d3 0d a5 00
99.374400,PCS_dcdcLvBusVolt,10.625,10 05 d4 0d a4 00
99.474600,PCS_dcdcLvBusVolt,10.703125,12 05 d4 0d a0 00
99.574400,PCS_dcdcLvBusVolt,10.7421875,13 05 d4 0d a5 00
99.674300,PCS_dcdcLvBusVolt,10.703125,12 05 d3 0d a2 00
99.974400,PCS_dcdcLvBusVolt,10.625,10 05 d3 0d a3 00
100.074400,PCS_dcdcLvBusVolt,10.703125,12 05 d4 0d a3 00
100.174300,PCS_dcdcLvBusVolt,10.625,10 05 d4 0d a6 00
100.274800,PCS_dcdcLvBusVolt,10.6640625,11 05 d4 0d 9e 00
100.374100,PCS_dcdcLvBusVolt,10.703125,12 05 d4 0d a1 00
100.474400,PCS_dcdcLvBusVolt,10.6640625,11 05 d4 0d a4 00
100.574400,PCS_dcdcLvBusVolt,10.625,10 05 d4 0d a1 00
100.774400,PCS_dcdcLvBusVolt,10.7421875,13 05 d5 0d a4 00
100.874400,PCS_dcdcLvBusVolt,10.703125,12 05 d3 0d a2 00
100.974400,PCS_dcdcLvBusVolt,10.625,10 05 d4 0d a1 00
101.174400,PCS_dcdcLvBusVolt,10.7421875,13 05 d3 0d a2 00
101.474400,PCS_dcdcLvBusVolt,10.703125,12 05 d4 0d a0 00
101.574400,PCS_dcdcLvBusVolt,10.625,10 05 d3 0d a3 00
101.674200,PCS_dcdcLvBusVolt,10.703125,12 05 d3 0d a7 00
101.874300,PCS_dcdcLvBusVolt,10.625,10 05 d4 0d a2 00
101.974500,PCS_dcdcLvBusVolt,10.78125,14 05 d3 0d a6 00
102.074300,PCS_dcdcLvBusVolt,10.703125,12 05 d4 0d a9 00
102.174400,PCS_dcdcLvBusVolt,10.6640625,11 05 d4 0d a0 00
102.274300,PCS_dcdcLvBusVolt,10.5859375,0f 05 d4 0d a5 00
102.374300,PCS_dcdcLvBusVolt,10.703125,12 05 d5 0d a3 00
102.674400,PCS_dcdcLvBusVolt,10.7421875,13 05 d4 0d a5 00
102.774300,PCS_dcdcLvBusVolt,10.6640625,11 05 d4 0d a0 00
102.874200,PCS_dcdcLvBusVolt,10.703125,12 05 d4 0d a5 00
103.274400,PCS_dcdcLvBusVolt,10.6640625,11 05 d4 0d 9e 00
103.374400,PCS_dcdcLvBusVolt,10.78125,14 05 d4 0d a2 00
103.474600,PCS_dcdcLvBusVolt,10.7421875,13 05 d4 0d a0 00
103.674600,PCS_dcdcLvBusVolt,10.6640625,11 05 d4 0d a1 00
103.774800,PCS_dcdcLvBusVolt,10.5859375,0f 05 d4 0d a2 00
103.874300,PCS_dcdcLvBusVolt,10.703125,12 05 d4 0d a8 00
103.974400,PCS_dcdcLvBusVolt,10.7421875,13 05 d4 0d 9e 00
104.074500,PCS_dcdcLvBusVolt,10.8203125,15 05 d4 0d a3 00
104.174500,PCS_dcdcLvBusVolt,10.703125,12 05 d4 0d a6 00
104.474500,PCS_dcdcLvBusVolt,10.6640625,11 05 d4 0d a6 00
104.574500,PCS_dcdcLvBusVolt,10.78125,14 05 d4 0d a1 00
104.674500,PCS_dcdcLvBusVolt,10.703125,12 05 d4 0d a3 00
104.774700,PCS_dcdcLvBusVolt,10.7421875,13 05 d4 0d a5 00
104.974600,PCS_dcdcLvBusVolt,10.6640625,11 05 d4 0d a3 00
105.074500,PCS_dcdcLvBusVolt,10.703125,12 05 d4 0d a7 00
105.274600,PCS_dcdcLvBusVolt,10.6640625,11 05 d4 0d a3 00
105.374400,PCS_dcdcLvBusVolt,10.703125,12 05 d4 0d a8 00
105.474500,PCS_dcdcLvBusVolt,10.78125,14 05 d4 0d 9d 00
105.574500,PCS_dcdcLvBusVolt,10.703125,12 05 d4 0d a0 00
105.674200,PCS_dcdcLvBusVolt,10.7421875,13 05 d4 0d a7 00
105.774300,PCS_dcdcLvBusVolt,10.6640625,11 05 d3 0d 9a 00
105.874300,PCS_dcdcLvBusVolt,10.5859375,0f 05 d3 0d a5 00
105.974500,PCS_dcdcLvBusVolt,10.6640625,11 05 d3 0d a5 00
106.574500,PCS_dcdcLvBusVolt,10.78125,14 05 d3 0d a6 00
106.674500,PCS_dcdcLvBusVolt,10.7421875,13 05 d4 0d a4 00
106.774700,PCS_dcdcLvBusVolt,10.6640625,11 05 d4 0d 9f 00
106.974700,PCS_dcdcLvBusVolt,10.625,10 05 d4 0d a3 00
107.074500,PCS_dcdcLvBusVolt,10.703125,12 05 d4 0d a1 00
107.174500,PCS_dcdcLvBusVolt,10.7421875,13 05 d4 0d a6 00
107.274300,PCS_dcdcLvBusVolt,10.6640625,11 05 d4 0d a1 00
107.474500,PCS_dcdcLvBusVolt,10.703125,12 05 d4 0d a5 00
107.574500,PCS_dcdcLvBusVolt,10.6640625,11 05 d4 0d a6 00
107.674500,PCS_dcdcLvBusVolt,10.703125,12 05 d4 0d a4 00
107.874400,PCS_dcdcLvBusVolt,10.859375,16 05 d4 0d a7 00
107.974600,PCS_dcdcLvBusVolt,10.703125,12 05 d4 0d a0 00
108.274400,PCS_dcdcLvBusVolt,10.7421875,13 05 d4 0d 9f 00
108.374400,PCS_dcdcLvBusVolt,10.703125,12 05 d4 0d a1 00
108.474400,PCS_dcdcLvBusVolt,10.7421875,13 05 d4 0d a5 00
108.574600,PCS_dcdcLvBusVolt,10.6640625,11 05 d4 0d 9b 00
108.773900,PCS_dcdcLvBusVolt,10.8203125,15 05 d4 0d a5 00
108.873900,PCS_dcdcLvBusVolt,10.625,10 05 d3 0d a5 00
108.974600,PCS_dcdcLvBusVolt,10.703125,12 05 d4 0d a0 00
109.074200,PCS_dcdcLvBusVolt,10.78125,14 05 d4 0d a6 00
109.174100,PCS_dcdcLvBusVolt,10.6640625,11 05 d3 0d a6 00
109.274500,PCS_dcdcLvBusVolt,10.5859375,0f 05 d4 0d a0 00
109.373900,PCS_dcdcLvBusVolt,10.7421875,13 05 d3 0d a7 00
109.473900,PCS_dcdcLvBusVolt,10.46875,0c 05 d4 0d a0 00
109.573900,PCS_dcdcLvBusVolt,10.703125,12 05 d4 0d a3 00
109.673900,PCS_dcdcLvBusVolt,10.7421875,13 05 d4 0d a8 00
109.774200,PCS_dcdcLvBusVolt,10.6640625,11 05 d4 0d 9e 00
109.873900,PCS_dcdcLvBusVolt,10.703125,12 05 d4 0d a4 00
109.974600,PCS_dcdcLvBusVolt,10.6640625,11 05 d4 0d a5 00
110.074100,PCS_dcdcLvBusVolt,10.703125,12 05 d4 0d a8 00
110.173900,PCS_dcdcLvBusVolt,10.859375,16 05 d3 0d a4 00
110.273900,PCS_dcdcLvBusVolt,10.7421875,13 05 d4 0d a7 00
110.373900,PCS_dcdcLvBusVolt,10.9375,18 05 d4 0d a5 00
110.473900,PCS_dcdcLvBusVolt,10.5859375,0f 05 d4 0d a1 00
110.573800,PCS_dcdcLvBusVolt,10.703125,12 05 d4 0d a6 00
110.674100,PCS_dcdcLvBusVolt,10.6640625,11 05 d4 0d a5 00
110.774100,PCS_dcdcLvBusVolt,10.703125,12 05 d4 0d a1 00
110.873900,PCS_dcdcLvBusVolt,10.7421875,13 05 d4 0d a7 00
110.974100,PCS_dcdcLvBusVolt,10.5859375,0f 05 d4 0d a2 00
111.074200,PCS_dcdcLvBusVolt,10.703125,12 05 d4 0d a0 00
111.173900,PCS_dcdcLvBusVolt,10.7421875,13 05 d4 0d a8 00
111.273900,PCS_dcdcLvBusVolt,10.5859375,0f 05 d4 0d 9e 00
111.373900,PCS_dcdcLvBusVolt,10.7421875,13 05 d4 0d a4 00
111.573900,PCS_dcdcLvBusVolt,10.6640625,11 05 d3 0d a1 00
111.773800,PCS_dcdcLvBusVolt,10.625,10 05 d3 0d a4 00
111.874100,PCS_dcdcLvBusVolt,10.7421875,13 05 d4 0d a6 00
111.974300,PCS_dcdcLvBusVolt,10.6640625,11 05 d4 0d a1 00
112.074000,PCS_dcdcLvBusVolt,10.7421875,13 05 d3 0d a6 00
112.173900,PCS_dcdcLvBusVolt,10.625,10 05 d4 0d a5 00
112.274000,PCS_dcdcLvBusVolt,10.703125,12 05 d4 0d a1 00
112.473800,PCS_dcdcLvBusVolt,10.6640625,11 05 d4 0d 9d 00
112.573700,PCS_dcdcLvBusVolt,10.7421875,13 05 d4 0d a0 00
112.873900,PCS_dcdcLvBusVolt,10.78125,14 05 d4 0d a2 00
112.974000,PCS_dcdcLvBusVolt,10.7421875,13 05 d4 0d a0 00
113.073800,PCS_dcdcLvBusVolt,10.703125,12 05 d4 0d a6 00
113.173800,PCS_dcdcLvBusVolt,10.78125,14 05 d3 0d a3 00
113.273700,PCS_dcdcLvBusVolt,10.703125,12 05 d4 0d a1 00
113.373800,PCS_dcdcLvBusVolt,10.7421875,13 05 d4 0d a8 00
113.674000,PCS_dcdcLvBusVolt,10.625,10 05 d3 0d a8 00
113.774100,PCS_dcdcLvBusVolt,10.7421875,13 05 d4 0d 9c 00
113.874000,PCS_dcdcLvBusVolt,10.703125,12 05 d4 0d a2 00
113.974000,PCS_dcdcLvBusVolt,10.7421875,13 05 d3 0d a4 00
114.073800,PCS_dcdcLvBusVolt,10.703125,12 05 d4 0d 9c 00
114.173800,PCS_dcdcLvBusVolt,10.625,10 05 d4 0d a2 00
114.273800,PCS_dcdcLvBusVolt,10.703125,12 05 d4 0d a3 00
114.373800,PCS_dcdcLvBusVolt,10.6640625,11 05 d4 0d a3 00
114.673800,PCS_dcdcLvBusVolt,10.625,10 05 d4 0d a8 00
114.774100,PCS_dcdcLvBusVolt,10.6640625,11 05 d4 0d 9f 00
114.873800,PCS_dcdcLvBusVolt,10.703125,12 05 d4 0d a4 00
115.073800,PCS_dcdcLvBusVolt,10.7421875,13 05 d4 0d a0 00
115.173800,PCS_dcdcLvBusVolt,10.703125,12 05 d4 0d a4 00
115.273700,PCS_dcdcLvBusVolt,10.6640625,11 05 d3 0d a5 00
115.374000,PCS_dcdcLvBusVolt,10.78125,14 05 d4 0d 9d 00
115.473700,PCS_dcdcLvBusVolt,10.6640625,11 05 d4 0d a4 00
115.573700,PCS_dcdcLvBusVolt,10.703125,12 05 d4 0d a5 00
115.773600,PCS_dcdcLvBusVolt,10.7421875,13 05 d4 0d a1 00
115.873700,PCS_dcdcLvBusVolt,10.6640625,11 05 d4 0d a6 00
115.973700,PCS_dcdcLvBusVolt,10.703125,12 05 d4 0d a3 00
116.073600,PCS_dcdcLvBusVolt,10.625,10 05 d4 0d a2 00
116.173800,PCS_dcdcLvBusVolt,10.5859375,0f 05 d4 0d a9 00
116.273800,PCS_dcdcLvBusVolt,10.6640625,11 05 d4 0d 98 00
116.373600,PCS_dcdcLvBusVolt,10.7421875,13 05 d4 0d a2 00
116.473600,PCS_dcdcLvBusVolt,10.625,10 05 d4 0d a6 00
116.573600,PCS_dcdcLvBusVolt,10.6640625,11 05 d4 0d 9b 00
116.673600,PCS_dcdcLvBusVolt,10.78125,14 05 d4 0d a3 00
116.773600,PCS_dcdcLvBusVolt,10.703125,12 05 d4 0d a3 00
116.873600,PCS_dcdcLvBusVolt,10.6640625,11 05 d4 0d 9f 00
116.973800,PCS_dcdcLvBusVolt,10.703125,12 05 d4 0d a3 00
117.073800,PCS_dcdcLvBusVolt,10.7421875,13 05 d4 0d a7 00
117.173600,PCS_dcdcLvBusVolt,10.6640625,11 05 d3 0d a3 00
117.274000,PCS_dcdcLvBusVolt,10.7421875,13 05 d3 0d a1 00
117.374000,PCS_dcdcLvBusVolt,10.6640625,11 05 d3 0d a6 00
117.473800,PCS_dcdcLvBusVolt,10.625,10 05 d3 0d a1 00
117.573800,PCS_dcdcLvBusVolt,10.6640625,11 05 d4 0d a2 00
117.974000,PCS_dcdcLvBusVolt,10.7421875,13 05 d4 0d a8 00
118.073800,PCS_dcdcLvBusVolt,10.6640625,11 05 d4 0d a7 00
118.173700,PCS_dcdcLvBusVolt,10.703125,12 05 d4 0d a5 00
118.273800,PCS_dcdcLvBusVolt,10.5859375,0f 05 d4 0d a5 00
118.374000,PCS_dcdcLvBusVolt,10.6640625,11 05 d4 0d a8 00
118.473700,PCS_dcdcLvBusVolt,10.703125,12 05 d4 0d a4 00
118.573700,PCS_dcdcLvBusVolt,10.7421875,13 05 d4 0d a3 00
118.673700,PCS_dcdcLvBusVolt,10.9375,18 05 d4 0d aa 00
118.773400,PCS_dcdcLvBusVolt,10.6640625,11 05 d4 0d a1 00
118.873700,PCS_dcdcLvBusVolt,10.703125,12 05 d4 0d a2 00
118.973700,PCS_dcdcLvBusVolt,10.7421875,13 05 d4 0d a6 00
119.073700,PCS_dcdcLvBusVolt,10.703125,12 05 d4 0d 9e 00
119.173700,PCS_dcdcLvBusVolt,10.625,10 05 d4 0d a2 00
119.473700,PCS_dcdcLvBusVolt,10.7421875,13 05 d4 0d a2 00
119.573400,PCS_dcdcLvBusVolt,10.703125,12 05 d4 0d a5 00
119.673400,PCS_dcdcLvBusVolt,10.625,10 05 d4 0d a6 00
119.774000,PCS_dcdcLvBusVolt,10.6640625,11 05 d4 0d 9f 00
120.073500,PCS_dcdcLvBusVolt,10.7421875,13 05 d4 0d a4 00
120.173500,PCS_dcdcLvBusVolt,10.703125,12 05 d4 0d a8 00
120.273500,PCS_dcdcLvBusVolt,10.6640625,11 05 d4 0d 9e 00
120.373400,PCS_dcdcLvBusVolt,10.8203125,15 05 d4 0d a3 00
120.473400,PCS_dcdcLvBusVolt,10.703125,12 05 d4 0d a6 00
120.573600,PCS_dcdcLvBusVolt,10.6640625,11 05 d4 0d 9f 00
120.673500,PCS_dcdcLvBusVolt,10.7421875,13 05 d4 0d a5 00
120.773400,PCS_dcdcLvBusVolt,10.703125,12 05 d4 0d a5 00
120.873400,PCS_dcdcLvBusVolt,10.546875,0e 05 d4 0d a5 00
120.973400,PCS_dcdcLvBusVolt,10.7421875,13 05 d3 0d a5 00
121.073400,PCS_dcdcLvBusVolt,10.703125,12 05 d4 0d a7 00
121.173300,PCS_dcdcLvBusVolt,10.7421875,13 05 d4 0d a3 00
121.273400,PCS_dcdcLvBusVolt,10.8203125,15 05 d3 0d a1 00
121.373500,PCS_dcdcLvBusVolt,10.6640625,11 05 d4 0d a6 00
121.473400,PCS_dcdcLvBusVolt,10.7421875,13 05 d4 0d 9a 00
121.673400,PCS_dcdcLvBusVolt,10.8203125,15 05 d3 0d a3 00
121.773400,PCS_dcdcLvBusVolt,10.6640625,11 05 d4 0d 96 00
121.873300,PCS_dcdcLvBusVolt,10.703125,12 05 d3 0d 9b 00
121.973500,PCS_dcdcLvBusVolt,10.6640625,11 05 d4 0d 9e 00
122.073400,PCS_dcdcLvBusVolt,10.5859375,0f 05 d4 0d 9d 00
122.173200,PCS_dcdcLvBusVolt,10.703125,12 05 d4 0d 9b 00
122.272800,PCS_dcdcLvBusVolt,10.7421875,13 05 d4 0d 9d 00
122.373200,PCS_dcdcLvBusVolt,10.703125,12 05 d4 0d 9d 00
122.473300,PCS_dcdcLvBusVolt,10.7421875,13 05 d3 0d 97 00
122.573700,PCS_dcdcLvBusVolt,10.703125,12 05 d4 0d 9e 00
122.673200,PCS_dcdcLvBusVolt,10.6640625,11 05 d3 0d 95 00
122.772800,PCS_dcdcLvBusVolt,10.625,10 05 d3 0d 98 00
122.872800,PCS_dcdcLvBusVolt,10.703125,12 05 d4 0d 9f 00
122.972700,PCS_dcdcLvBusVolt,10.625,10 05 d4 0d 96 00
123.073300,PCS_dcdcLvBusVolt,10.78125,14 05 d3 0d 9a 00
123.173400,PCS_dcdcLvBusVolt,10.703125,12 05 d4 0d 9f 00
123.373300,PCS_dcdcLvBusVolt,10.7421875,13 05 d4 0d 99 00
123.473300,PCS_dcdcLvBusVolt,10.703125,12 05 d4 0d 9d 00
123.573200,PCS_dcdcLvBusVolt,10.6640625,11 05 d4 0d 95 00
123.773200,PCS_dcdcLvBusVolt,10.703125,12 05 d4 0d 99 00
123.972900,PCS_dcdcLvBusVolt,10.6640625,11 05 d4 0d 9b 00
124.073300,PCS_dcdcLvBusVolt,10.7421875,13 05 d4 0d 9c 00
124.173100,PCS_dcdcLvBusVolt,10.6640625,11 05 d4 0d 99 00
124.372800,PCS_dcdcLvBusVolt,10.703125,12 05 d3 0d 9d 00
124.472700,PCS_dcdcLvBusVolt,10.6640625,11 05 d3 0d 95 00
124.672700,PCS_dcdcLvBusVolt,10.7421875,13 05 d4 0d 9f 00
124.972600,PCS_dcdcLvBusVolt,10.78125,14 05 d3 0d 9d 00
125.072600,PCS_dcdcLvBusVolt,10.703125,12 05 d4 0d 9a 00
125.173000,PCS_dcdcLvBusVolt,10.7421875,13 05 d4 0d 99 00
125.373400,PCS_dcdcLvBusVolt,10.625,10 05 d4 0d 97 00
125.472800,PCS_dcdcLvBusVolt,10.703125,12 05 d4 0d 9a 00
125.573100,PCS_dcdcLvBusVolt,10.6640625,11 05 d4 0d 9d 00
125.772800,PCS_dcdcLvBusVolt,10.703125,12 05 d4 0d 97 00
126.172700,PCS_dcdcLvBusVolt,10.6640625,11 05 d4 0d 9b 00
126.472600,PCS_dcdcLvBusVolt,10.703125,12 05 d4 0d 9a 00
126.572600,PCS_dcdcLvBusVolt,10.6640625,11 05 d4 0d 9b 00
126.672800,PCS_dcdcLvBusVolt,10.703125,12 05 d4 0d 92 00
126.772600,PCS_dcdcLvBusVolt,10.5859375,0f 05 d4 0d 96 00
126.872600,PCS_dcdcLvBusVolt,10.703125,12 05 d4 0d 9d 00
126.972500,PCS_dcdcLvBusVolt,10.6640625,11 05 d3 0d 95 00
127.072900,PCS_dcdcLvBusVolt,10.703125,12 05 d4 0d 96 00
127.172600,PCS_dcdcLvBusVolt,10.6640625,11 05 d4 0d 9d 00
127.272500,PCS_dcdcLvBusVolt,10.5859375,0f 05 d3 0d 95 00
127.372600,PCS_dcdcLvBusVolt,10.6640625,11 05 d4 0d 97 00
127.572500,PCS_dcdcLvBusVolt,10.625,10 05 d3 0d 95 00
127.772800,PCS_dcdcLvBusVolt,10.6640625,11 05 d4 0d 9c 00
128.072800,PCS_dcdcLvBusVolt,10.625,10 05 d4 0d 9e 00
128.172600,PCS_dcdcLvBusVolt,10.546875,0e 05 d3 0d 94 00
128.272600,PCS_dcdcLvBusVolt,10.6640625,11 05 d4 0d 98 00
128.373100,PCS_dcdcLvBusVolt,10.859375,16 05 d4 0d 9d 00
128.472500,PCS_dcdcLvBusVolt,10.625,10 05 d4 0d 96 00
128.572700,PCS_dcdcLvBusVolt,10.6640625,11 05 d4 0d 98 00
128.773000,PCS_dcdcLvBusVolt,10.625,10 05 d4 0d 97 00
128.872800,PCS_dcdcLvBusVolt,10.703125,12 05 d4 0d 98 00
128.972500,PCS_dcdcLvBusVolt,10.7421875,13 05 d3 0d 9e 00
129.072700,PCS_dcdcLvBusVolt,10.703125,12 05 d4 0d 9a 00
129.173200,PCS_dcdcLvBusVolt,10.6640625,11 05 d4 0d 99 00
129.872400,PCS_dcdcLvBusVolt,10.625,10 05 d4 0d 9c 00
129.972400,PCS_dcdcLvBusVolt,10.6640625,11 05 d4 0d 9f 00
130.172500,PCS_dcdcLvBusVolt,10.703125,12 05 d4 0d 9b 00
130.373000,PCS_dcdcLvBusVolt,10.5859375,0f 05 d3 0d 99 00
130.472400,PCS_dcdcLvBusVolt,10.6640625,11 05 d4 0d 9b 00
130.572300,PCS_dcdcLvBusVolt,10.703125,12 05 d4 0d a0 00
130.772200,PCS_dcdcLvBusVolt,10.6640625,11 05 d4 0d 99 00
130.872500,PCS_dcdcLvBusVolt,10.8203125,15 05 d4 0d 9f 00
130.972400,PCS_dcdcLvBusVolt,10.6640625,11 05 d4 0d 95 00
131.272300,PCS_dcdcLvBusVolt,10.5859375,0f 05 d4 0d 97 00
131.372500,PCS_dcdcLvBusVolt,10.6640625,11 05 d4 0d 99 00
131.472200,PCS_dcdcLvBusVolt,10.703125,12 05 d4 0d 9d 00
131.572200,PCS_dcdcLvBusVolt,10.6640625,11 05 d4 0d 99 00
131.672400,PCS_dcdcLvBusVolt,10.703125,12 05 d4 0d 98 00
131.772500,PCS_dcdcLvBusVolt,10.6640625,11 05 d4 0d 9b 00
131.972300,PCS_dcdcLvBusVolt,10.8984375,17 05 d4 0d 9a 00
132.072600,PCS_dcdcLvBusVolt,10.703125,12 05 d3 0d 9d 00
132.172300,PCS_dcdcLvBusVolt,10.5078125,0d 05 d4 0d 95 00
132.272200,PCS_dcdcLvBusVolt,10.625,10 05 d4 0d 96 00
132.372300,PCS_dcdcLvBusVolt,10.6640625,11 05 d4 0d 9a 00
132.472300,PCS_dcdcLvBusVolt,10.625,10 05 d4 0d 93 00
132.672200,PCS_dcdcLvBusVolt,10.703125,12 05 d4 0d 9e 00
132.772300,PCS_dcdcLvBusVolt,10.5859375,0f 05 d4 0d 90 00
132.872300,PCS_dcdcLvBusVolt,10.6640625,11 05 d4 0d 99 00
132.972300,PCS_dcdcLvBusVolt,10.625,10 05 d4 0d 9f 00
133.072400,PCS_dcdcLvBusVolt,10.6640625,11 05 d4 0d 9c 00
133.172400,PCS_dcdcLvBusVolt,10.7421875,13 05 d3 0d 9a 00
133.272300,PCS_dcdcLvBusVolt,10.703125,12 05 d4 0d 97 00
133.372400,PCS_dcdcLvBusVolt,10.6640625,11 05 d4 0d 9e 00
133.572400,PCS_dcdcLvBusVolt,10.703125,12 05 d4 0d 9a 00
133.772400,PCS_dcdcLvBusVolt,10.6640625,11 05 d4 0d 96 00
133.872400,PCS_dcdcLvBusVolt,10.5859375,0f 05 d3 0d 9b 00
133.972400,PCS_dcdcLvBusVolt,10.625,10 05 d4 0d 9e 00
134.072400,PCS_dcdcLvBusVolt,10.703125,12 05 d4 0d 98 00
134.172400,PCS_dcdcLvBusVolt,10.7421875,13 05 d4 0d 99 00
134.272400,PCS_dcdcLvBusVolt,10.5859375,0f 05 d4 0d 9d 00
134.372900,PCS_dcdcLvBusVolt,10.703125,12 05 d4 0d 96 00
134.472400,PCS_dcdcLvBusVolt,10.6640625,11 05 d4 0d 99 00
134.572400,PCS_dcdcLvBusVolt,10.625,10 05 d4 0d 9d 00
134.672400,PCS_dcdcLvBusVolt,10.6640625,11 05 d3 0d 96 00
134.772400,PCS_dcdcLvBusVolt,10.78125,14 05 d4 0d 98 00
134.872400,PCS_dcdcLvBusVolt,10.6640625,11 05 d4 0d 9b 00
135.072400,PCS_dcdcLvBusVolt,10.625,10 05 d4 0d 97 00
135.172400,PCS_dcdcLvBusVolt,10.703125,12 05 d4 0d 9c 00
135.272400,PCS_dcdcLvBusVolt,10.7421875,13 05 d4 0d 94 00
135.372400,PCS_dcdcLvBusVolt,10.625,10 05 d3 0d 97 00
135.472400,PCS_dcdcLvBusVolt,10.7421875,13 05 d4 0d 9c 00
135.572400,PCS_dcdcLvBusVolt,10.546875,0e 05 d4 0d 92 00
135.672400,PCS_dcdcLvBusVolt,10.6640625,11 05 d4 0d 98 00
135.972400,PCS_dcdcLvBusVolt,10.625,10 05 d4 0d 9c 00
136.072300,PCS_dcdcLvBusVolt,10.7421875,13 05 d4 0d 9d 00
136.172300,PCS_dcdcLvBusVolt,10.5859375,0f 05 d4 0d 98 00
136.272300,PCS_dcdcLvBusVolt,10.6640625,11 05 d3 0d 99 00
136.372300,PCS_dcdcLvBusVolt,10.703125,12 05 d4 0d 9c 00
136.472500,PCS_dcdcLvBusVolt,10.5859375,0f 05 d4 0d 94 00
136.572500,PCS_dcdcLvBusVolt,10.6640625,11 05 d4 0d 98 00
136.672500,PCS_dcdcLvBusVolt,10.703125,12 05 d4 0d 9b 00
136.772500,PCS_dcdcLvBusVolt,10.5859375,0f 05 d4 0d 94 00
136.872500,PCS_dcdcLvBusVolt,10.703125,12 05 d3 0d 96 00
137.072500,PCS_dcdcLvBusVolt,10.6640625,11 05 d4 0d 98 00
137.172400,PCS_dcdcLvBusVolt,10.625,10 05 d3 0d 98 00
137.272400,PCS_dcdcLvBusVolt,10.703125,12 05 d4 0d 9d 00
137.372500,PCS_dcdcLvBusVolt,10.546875,0e 05 d4 0d 95 00
137.472400,PCS_dcdcLvBusVolt,10.703125,12 05 d3 0d 9a 00
137.572400,PCS_dcdcLvBusVolt,10.6640625,11 05 d3 0d 9a 00
137.672400,PCS_dcdcLvBusVolt,10.546875,0e 05 d4 0d 96 00
137.772900,PCS_dcdcLvBusVolt,10.6640625,11 05 d4 0d 99 00
137.872400,PCS_dcdcLvBusVolt,10.703125,12 05 d4 0d 9a 00
137.972400,PCS_dcdcLvBusVolt,10.625,10 05 d4 0d 9f 00
138.172400,PCS_dcdcLvBusVolt,10.6640625,11 05 d4 0d 9d 00
138.272400,PCS_dcdcLvBusVolt,10.703125,12 05 d4 0d 9e 00
138.472400,PCS_dcdcLvBusVolt,10.7421875,13 05 d4 0d 9c 00
138.572400,PCS_dcdcLvBusVolt,10.625,10 05 d4 0d 9f 00
138.672600,PCS_dcdcLvBusVolt,10.703125,12 05 d4 0d 97 00
138.772200,PCS_dcdcLvBusVolt,10.6640625,11 05 d4 0d 99 00
138.972300,PCS_dcdcLvBusVolt,10.5859375,0f 05 d4 0d 99 00
139.072400,PCS_dcdcLvBusVolt,10.6640625,11 05 d4 0d 9a 00
139.172200,PCS_dcdcLvBusVolt,10.625,10 05 d4 0d 9d 00
139.372400,PCS_dcdcLvBusVolt,10.8203125,15 05 d3 0d 98 00
139.472400,PCS_dcdcLvBusVolt,10.703125,12 05 d4 0d 9e 00
139.572400,PCS_dcdcLvBusVolt,10.6640625,11 05 d3 0d 94 00
139.672400,PCS_dcdcLvBusVolt,10.5859375,0f 05 d3 0d 98 00
139.772300,PCS_dcdcLvBusVolt,10.6640625,11 05 d4 0d 9c 00
139.872300,PCS_dcdcLvBusVolt,10.625,10 05 d4 0d 97 00
139.972300,PCS_dcdcLvBusVolt,10.5859375,0f 05 d4 0d 99 00
140.072300,PCS_dcdcLvBusVolt,10.6640625,11 05 d4 0d 9d 00
140.172300,PCS_dcdcLvBusVolt,10.625,10 05 d4 0d 94 00
140.372300,PCS_dcdcLvBusVolt,10.703125,12 05 d4 0d 9c 00
140.472300,PCS_dcdcLvBusVolt,10.546875,0e 05 d4 0d 96 00
140.572300,PCS_dcdcLvBusVolt,10.5859375,0f 05 d3 0d 98 00
140.672300,PCS_dcdcLvBusVolt,10.703125,12 05 d4 0d a0 00
140.872200,PCS_dcdcLvBusVolt,10.6640625,11 05 d4 0d 98 00
140.972300,PCS_dcdcLvBusVolt,10.5859375,0f 05 d4 0d 9e 00
141.172200,PCS_dcdcLvBusVolt,10.6640625,11 05 d3 0d 9a 00
141.272200,PCS_dcdcLvBusVolt,10.703125,12 05 d4 0d 9d 00
141.372200,PCS_dcdcLvBusVolt,10.546875,0e 05 d3 0d 96 00
141.472300,PCS_dcdcLvBusVolt,10.6640625,11 05 d4 0d 9b 00
141.672200,PCS_dcdcLvBusVolt,10.625,10 05 d4 0d 96 00
141.772300,PCS_dcdcLvBusVolt,10.6640625,11 05 d4 0d 9a 00
141.872000,PCS_dcdcLvBusVolt,10.5859375,0f 05 d4 0d 9e 00
141.972300,PCS_dcdcLvBusVolt,10.625,10 05 d4 0d 9a 00
142.072500,PCS_dcdcLvBusVolt,10.5859375,0f 05 d4 0d 9b 00
142.172000,PCS_dcdcLvBusVolt,10.703125,12 05 d4 0d 9f 00
142.272000,PCS_dcdcLvBusVolt,10.625,10 05 d4 0d 9e 00
142.372000,PCS_dcdcLvBusVolt,10.7421875,13 05 d4 0d 98 00
142.472000,PCS_dcdcLvBusVolt,10.625,10 05 d4 0d 9f 00
142.572000,PCS_dcdcLvBusVolt,10.703125,12 05 d4 0d 98 00
142.672000,PCS_dcdcLvBusVolt,10.625,10 05 d4 0d 98 00
142.772000,PCS_dcdcLvBusVolt,10.6640625,11 05 d3 0d 9d 00
143.072000,PCS_dcdcLvBusVolt,10.703125,12 05 d4 0d 9c 00
143.171900,PCS_dcdcLvBusVolt,10.625,10 05 d4 0d 9e 00
143.272000,PCS_dcdcLvBusVolt,10.78125,14 05 d4 0d 9a 00
143.372000,PCS_dcdcLvBusVolt,10.6640625,11 05 d4 0d 9b 00
143.471900,PCS_dcdcLvBusVolt,10.7421875,13 05 d4 0d a1 00
143.572100,PCS_dcdcLvBusVolt,10.6640625,11 05 d3 0d 98 00
143.772200,PCS_dcdcLvBusVolt,10.7421875,13 05 d4 0d a0 00
143.872000,PCS_dcdcLvBusVolt,10.625,10 05 d3 0d 97 00
144.072000,PCS_dcdcLvBusVolt,10.703125,12 05 d4 0d a0 00
144.171900,PCS_dcdcLvBusVolt,10.7421875,13 05 d4 0d 97 00
144.271900,PCS_dcdcLvBusVolt,10.625,10 05 d4 0d 9c 00
144.471900,PCS_dcdcLvBusVolt,10.6640625,11 05 d4 0d 99 00
144.671900,PCS_dcdcLvBusVolt,10.703125,12 05 d4 0d 9e 00
144.771900,PCS_dcdcLvBusVolt,10.6640625,11 05 d4 0d 98 00
144.871800,PCS_dcdcLvBusVolt,10.625,10 05 d4 0d 98 00
144.971800,PCS_dcdcLvBusVolt,10.703125,12 05 d4 0d 9e 00
145.171800,PCS_dcdcLvBusVolt,10.6640625,11 05 d3 0d 98 00
145.471800,PCS_dcdcLvBusVolt,10.5859375,0f 05 d4 0d 98 00
145.571600,PCS_dcdcLvBusVolt,10.6640625,11 05 d4 0d 9d 00
145.671700,PCS_dcdcLvBusVolt,10.625,10 05 d5 0d 90 00
145.771800,PCS_dcdcLvBusVolt,10.703125,12 05 d4 0d 98 00
145.871600,PCS_dcdcLvBusVolt,10.6640625,11 05 d4 0d 9a 00
145.971600,PCS_dcdcLvBusVolt,10.5859375,0f 05 d3 0d 95 00
146.071600,PCS_dcdcLvBusVolt,10.6640625,11 05 d4 0d 9a 00
146.171600,PCS_dcdcLvBusVolt,10.703125,12 05 d4 0d 9b 00
146.371600,PCS_dcdcLvBusVolt,10.6640625,11 05 d4 0d 96 00
146.471600,PCS_dcdcLvBusVolt,10.703125,12 05 d4 0d 9e 00
146.571600,PCS_dcdcLvBusVolt,10.6640625,11 05 d4 0d 94 00
146.671600,PCS_dcdcLvBusVolt,10.7421875,13 05 d4 0d 97 00
146.771600,PCS_dcdcLvBusVolt,10.6640625,11 05 d4 0d 9d 00
146.871600,PCS_dcdcLvBusVolt,10.5859375,0f 05 d4 0d 91 00
146.971600,PCS_dcdcLvBusVolt,10.703125,12 05 d4 0d 9a 00
147.071600,PCS_dcdcLvBusVolt,10.625,10 05 d4 0d 9d 00
147.271600,PCS_dcdcLvBusVolt,10.6640625,11 05 d4 0d 99 00
147.371900,PCS_dcdcLvBusVolt,10.625,10 05 d4 0d 9a 00
147.471600,PCS_dcdcLvBusVolt,10.703125,12 05 d4 0d 9e 00
147.571600,PCS_dcdcLvBusVolt,10.6640625,11 05 d4 0d 98 00
147.671600,PCS_dcdcLvBusVolt,10.703125,12 05 d4 0d 99 00
147.871600,PCS_dcdcLvBusVolt,10.6640625,11 05 d4 0d 98 00
147.971600,PCS_dcdcLvBusVolt,10.625,10 05 d4 0d 9a 00
148.171500,PCS_dcdcLvBusVolt,10.703125,12 05 d4 0d 96 00
148.271500,PCS_dcdcLvBusVolt,10.6640625,11 05 d3 0d 9c 00
148.371700,PCS_dcdcLvBusVolt,10.5859375,0f 05 d4 0d 9e 00
148.471500,PCS_dcdcLvBusVolt,10.703125,12 05 d4 0d 9b 00
148.571500,PCS_dcdcLvBusVolt,10.7421875,13 05 d3 0d a5 00
148.672000,PCS_dcdcLvBusVolt,10.703125,12 05 d4 0d af 00
148.771700,PCS_dcdcLvBusVolt,10.8984375,17 05 d4 0d ae 00
148.871500,PCS_dcdcLvBusVolt,10.7421875,13 05 d4 0d bb 00
148.971500,PCS_dcdcLvBusVolt,10.703125,12 05 d4 0d cd 00
149.171500,PCS_dcdcLvBusVolt,10.8203125,15 05 d3 0d e5 00
149.271500,PCS_dcdcLvBusVolt,10.703125,12 05 d4 0d f3 00
149.371500,PCS_dcdcLvBusVolt,10.625,10 05 d3 0d e0 00
149.571500,PCS_dcdcLvBusVolt,10.6640625,11 05 d4 0d bc 00
149.671600,PCS_dcdcLvBusVolt,10.625,10 05 d3 0d ac 00
149.771600,PCS_dcdcLvBusVolt,10.6640625,11 05 d4 0d a7 00
149.871500,PCS_dcdcLvBusVolt,10.78125,14 05 d4 0d a2 00
149.971500,PCS_dcdcLvBusVolt,10.703125,12 05 d4 0d a2 00
150.071500,PCS_dcdcLvBusVolt,10.6640625,11 05 d3 0d a2 00
150.371500,PCS_dcdcLvBusVolt,10.7421875,13 05 d4 0d a6 00
150.471400,PCS_dcdcLvBusVolt,10.78125,14 05 d4 0d a3 00
150.671600,PCS_dcdcLvBusVolt,10.7421875,13 05 d4 0d 99 00
150.771500,PCS_dcdcLvBusVolt,10.703125,12 05 d4 0d 9a 00
150.871600,PCS_dcdcLvBusVolt,10.6640625,11 05 d4 0d 9e 00
151.071700,PCS_dcdcLvBusVolt,10.703125,12 05 d4 0d 99 00
151.271500,PCS_dcdcLvBusVolt,10.7421875,13 05 d4 0d 98 00
151.571500,PCS_dcdcLvBusVolt,10.703125,12 05 d4 0d 93 00
151.671600,PCS_dcdcLvBusVolt,10.7421875,13 05 d3 0d 91 00
152.071700,PCS_dcdcLvBusVolt,10.6640625,11 05 d4 0d 8b 00
152.171100,PCS_dcdcLvBusVolt,10.625,10 05 d3 0d 8e 00
152.371100,PCS_dcdcLvBusVolt,10.5859375,0f 05 d4 0d 8e 00
152.571500,PCS_dcdcLvBusVolt,10.6640625,11 05 d5 0d 8c 00
152.671200,PCS_dcdcLvBusVolt,10.703125,12 05 d3 0d 8b 00
152.871200,PCS_dcdcLvBusVolt,10.625,10 05 d4 0d 8b 00
152.971300,PCS_dcdcLvBusVolt,10.703125,12 05 d4 0d 8b 00
153.071200,PCS_dcdcLvBusVolt,10.6640625,11 05 d4 0d 8a 00
153.171200,PCS_dcdcLvBusVolt,10.625,10 05 d4 0d 8b 00
153.272100,PCS_dcdcLvBusVolt,10.546875,0e 05 d3 0d 89 00
153.371200,PCS_dcdcLvBusVolt,10.7421875,13 05 d4 0d 8a 00
153.471300,PCS_dcdcLvBusVolt,10.6640625,11 05 d4 0d 8c 00
153.571600,PCS_dcdcLvBusVolt,10.5859375,0f 05 d3 0d 8d 00
153.671400,PCS_dcdcLvBusVolt,10.6640625,11 05 d4 0d 8b 00
153.771500,PCS_dcdcLvBusVolt,10.7421875,13 05 d4 0d 89 00
153.871500,PCS_dcdcLvBusVolt,10.703125,12 05 d4 0d 8b 00
153.971200,PCS_dcdcLvBusVolt,10.6640625,11 05 d4 0d 8b 00
154.071400,PCS_dcdcLvBusVolt,10.625,10 05 d4 0d 88 00
154.171000,PCS_dcdcLvBusVolt,10.6640625,11 05 d4 0d 88 00
154.671300,PCS_dcdcLvBusVolt,10.703125,12 05 d4 0d 88 00
154.771600,PCS_dcdcLvBusVolt,10.6640625,11 05 d4 0d 88 00
154.970900,PCS_dcdcLvBusVolt,10.703125,12 05 d3 0d 88 00
155.071600,PCS_dcdcLvBusVolt,10.625,10 05 d4 0d 89 00
155.170900,PCS_dcdcLvBusVolt,10.703125,12 05 d4 0d 89 00
155.271500,PCS_dcdcLvBusVolt,10.6640625,11 05 d4 0d 89 00
155.471300,PCS_dcdcLvBusVolt,10.703125,12 05 d4 0d 87 00
155.571900,PCS_dcdcLvBusVolt,10.6640625,11 05 d4 0d 87 00
155.671300,PCS_dcdcLvBusVolt,10.625,10 05 d4 0d 87 00
155.772000,PCS_dcdcLvBusVolt,10.703125,12 05 d3 0d 87 00
155.871100,PCS_dcdcLvBusVolt,10.6640625,11 05 d4 0d 87 00
156.070900,PCS_dcdcLvBusVolt,10.625,10 05 d4 0d 89 00
156.171300,PCS_dcdcLvBusVolt,10.6640625,11 05 d4 0d 89 00
156.272000,PCS_dcdcLvBusVolt,10.625,10 05 d3 0d 8a 00
156.370900,PCS_dcdcLvBusVolt,10.6640625,11 05 d4 0d 89 00
156.471900,PCS_dcdcLvBusVolt,10.703125,12 05 d4 0d 89 00
156.571500,PCS_dcdcLvBusVolt,10.625,10 05 d4 0d 89 00
156.671400,PCS_dcdcLvBusVolt,10.8203125,15 05 d4 0d 88 00
156.772000,PCS_dcdcLvBusVolt,10.546875,0e 05 d4 0d 88 00
156.871100,PCS_dcdcLvBusVolt,10.6640625,11 05 d4 0d 8a 00
157.070900,PCS_dcdcLvBusVolt,10.625,10 05 d3 0d 77 00
157.170900,PCS_dcdcLvBusVolt,10.703125,12 05 d4 0d 72 00
157.271500,PCS_dcdcLvBusVolt,10.6640625,11 05 d4 0d 70 00
157.571100,PCS_dcdcLvBusVolt,10.625,10 05 d4 0d 70 00
157.771500,PCS_dcdcLvBusVolt,10.6640625,11 05 d4 0d 70 00
157.970900,PCS_dcdcLvBusVolt,10.703125,12 05 d4 0d 6f 00
158.071200,PCS_dcdcLvBusVolt,10.6640625,11 05 d4 0d 6f 00
158.571600,PCS_dcdcLvBusVolt,10.625,10 05 d4 0d 4c 00
158.671500,PCS_dcdcLvBusVolt,10.6640625,11 05 d4 0d 4c 00
159.170900,PCS_dcdcLvBusVolt,10.625,10 05 d4 0d 4b 00
159.271600,PCS_dcdcLvBusVolt,10.6640625,11 05 d4 0d 4c 00
159.370900,PCS_dcdcLvBusVolt,10.625,10 05 d4 0d 4c 00
159.471100,PCS_dcdcLvBusVolt,10.6640625,11 05 d4 0d 4c 00
159.771800,PCS_dcdcLvBusVolt,10.7421875,13 05 d4 0d 4c 00
159.970800,PCS_dcdcLvBusVolt,10.6640625,11 05 d4 0d 4e 00
160.170800,PCS_dcdcLvBusVolt,10.7421875,13 05 d4 0d 4b 00
160.271500,PCS_dcdcLvBusVolt,10.703125,12 05 d4 0d 4c 00
160.370800,PCS_dcdcLvBusVolt,10.6640625,11 05 d4 0d 4c 00
160.571600,PCS_dcdcLvBusVolt,10.7421875,13 05 d4 0d 4c 00
160.771600,PCS_dcdcLvBusVolt,10.6640625,11 05 d4 0d 4b 00
160.871100,PCS_dcdcLvBusVolt,10.625,10 05 d4 0d 4c 00
160.970900,PCS_dcdcLvBusVolt,10.6640625,11 05 d4 0d 4c 00
161.071100,PCS_dcdcLvBusVolt,10.5859375,0f 05 d4 0d 47 00
161.170900,PCS_dcdcLvBusVolt,10.6640625,11 05 d4 0d 4a 00
161.271600,PCS_dcdcLvBusVolt,10.5859375,0f 05 d4 0d 4a 00
161.370900,PCS_dcdcLvBusVolt,10.625,10 05 d4 0d 4b 00
161.470900,PCS_dcdcLvBusVolt,10.6640625,11 05 d4 0d 4a 00
161.571400,PCS_dcdcLvBusVolt,10.546875,0e 05 d4 0d 49 00
161.671200,PCS_dcdcLvBusVolt,10.625,10 05 d3 0d 4a 00
161.870900,PCS_dcdcLvBusVolt,10.703125,12 05 d4 0d 4c 00
161.970900,PCS_dcdcLvBusVolt,10.625,10 05 d4 0d 4d 00
162.071500,PCS_dcdcLvBusVolt,10.5859375,0f 05 d4 0d 4c 00
162.171300,PCS_dcdcLvBusVolt,10.625,10 05 d3 0d 4a 00
162.271400,PCS_dcdcLvBusVolt,10.5078125,0d 05 d4 0d 49 00
162.371000,PCS_dcdcLvBusVolt,10.5859375,0f 05 d4 0d 48 00
162.471200,PCS_dcdcLvBusVolt,10.625,10 05 d4 0d 4a 00
162.571700,PCS_dcdcLvBusVolt,10.6640625,11 05 d4 0d 49 00
162.671000,PCS_dcdcLvBusVolt,10.625,10 05 d4 0d 49 00
162.871200,PCS_dcdcLvBusVolt,10.5859375,0f 05 d4 0d 4a 00
162.971000,PCS_dcdcLvBusVolt,10.6640625,11 05 d4 0d 49 00
163.071300,PCS_dcdcLvBusVolt,10.703125,12 05 d4 0d 48 00
163.170900,PCS_dcdcLvBusVolt,10.625,10 05 d4 0d 48 00
163.271500,PCS_dcdcLvBusVolt,10.6640625,11 05 d4 0d 47 00
163.371000,PCS_dcdcLvBusVolt,10.625,10 05 d5 0d 47 00
163.571600,PCS_dcdcLvBusVolt,10.5859375,0f 05 d4 0d 48 00
163.671000,PCS_dcdcLvBusVolt,10.625,10 05 d3 0d 4a 00
163.771500,PCS_dcdcLvBusVolt,10.5859375,0f 05 d4 0d 47 00
163.871000,PCS_dcdcLvBusVolt,10.625,10 05 d4 0d 46 00
163.970700,PCS_dcdcLvBusVolt,10.546875,0e 05 d4 0d 46 00
164.071300,PCS_dcdcLvBusVolt,10.5859375,0f 05 d4 0d 49 00
164.171000,PCS_dcdcLvBusVolt,10.625,10 05 d4 0d 48 00
164.271200,PCS_dcdcLvBusVolt,10.5859375,0f 05 d4 0d 46 00
164.471000,PCS_dcdcLvBusVolt,10.6640625,11 05 d4 0d 46 00
164.571400,PCS_dcdcLvBusVolt,10.5859375,0f 05 d4 0d 46 00
164.671700,PCS_dcdcLvBusVolt,10.6640625,11 05 d4 0d 46 00
164.771500,PCS_dcdcLvBusVolt,10.625,10 05 d4 0d 46 00
165.071200,PCS_dcdcLvBusVolt,10.6640625,11 05 d4 0d 46 00
165.170900,PCS_dcdcLvBusVolt,10.546875,0e 05 d4 0d 46 00
165.271500,PCS_dcdcLvBusVolt,10.5859375,0f 05 d4 0d 46 00
165.371200,PCS_dcdcLvBusVolt,10.703125,12 05 d3 0d 45 00
165.471300,PCS_dcdcLvBusVolt,10.7421875,13 05 d4 0d 45 00
165.571700,PCS_dcdcLvBusVolt,10.6640625,11 05 d4 0d 46 00
165.671300,PCS_dcdcLvBusVolt,10.625,10 05 d4 0d 45 00
165.871000,PCS_dcdcLvBusVolt,10.5859375,0f 05 d4 0d 48 00
165.971000,PCS_dcdcLvBusVolt,10.546875,0e 05 d4 0d 46 00
166.071000,PCS_dcdcLvBusVolt,10.5859375,0f 05 d4 0d 45 00
166.171000,PCS_dcdcLvBusVolt,10.546875,0e 05 d4 0d 45 00
166.471200,PCS_dcdcLvBusVolt,10.5859375,0f 05 d4 0d 45 00
166.571500,PCS_dcdcLvBusVolt,10.546875,0e 05 d4 0d 45 00
166.671300,PCS_dcdcLvBusVolt,10.5859375,0f 05 d4 0d 45 00
167.271500,PCS_dcdcLvBusVolt,10.546875,0e 05 d4 0d 45 00
167.571500,PCS_dcdcLvBusVolt,10.4296875,0b 05 d4 0d 45 00
167.671300,PCS_dcdcLvBusVolt,10.5859375,0f 05 d4 0d 46 00
167.871300,PCS_dcdcLvBusVolt,10.625,10 05 d4 0d 42 00
167.971100,PCS_dcdcLvBusVolt,10.546875,0e 05 d4 0d 43 00
168.071600,PCS_dcdcLvBusVolt,10.5859375,0f 05 d4 0d 41 00
168.271600,PCS_dcdcLvBusVolt,10.6640625,11 05 d4 0d 40 00
168.371100,PCS_dcdcLvBusVolt,10.5859375,0f 05 d4 0d 40 00
169.170900,PCS_dcdcLvBusVolt,10.546875,0e 05 d4 0d 40 00
169.271600,PCS_dcdcLvBusVolt,10.625,10 05 d4 0d 40 00
169.370900,PCS_dcdcLvBusVolt,10.546875,0e 05 d4 0d 40 00
169.571100,PCS_dcdcLvBusVolt,10.5859375,0f 05 d4 0d 40 00
169.671200,PCS_dcdcLvBusVolt,10.546875,0e 05 d4 0d 40 00
169.871000,PCS_dcdcLvBusVolt,10.5859375,0f 05 d4 0d 40 00
170.071500,PCS_dcdcLvBusVolt,10.5078125,0d 05 d4 0d 41 00
170.171000,PCS_dcdcLvBusVolt,10.5859375,0f 05 d4 0d 40 00
170.471300,PCS_dcdcLvBusVolt,10.546875,0e 05 d4 0d 40 00
170.571100,PCS_dcdcLvBusVolt,10.5078125,0d 05 d4 0d 40 00
170.671300,PCS_dcdcLvBusVolt,10.625,10 05 d4 0d 40 00
170.871300,PCS_dcdcLvBusVolt,10.5859375,0f 05 d4 0d 40 00
171.071300,PCS_dcdcLvBusVolt,10.625,10 05 d4 0d 40 00
171.171100,PCS_dcdcLvBusVolt,10.5859375,0f 05 d4 0d 41 00
171.371100,PCS_dcdcLvBusVolt,10.625,10 05 d4 0d 41 00
171.471100,PCS_dcdcLvBusVolt,10.546875,0e 05 d4 0d 40 00
171.571400,PCS_dcdcLvBusVolt,10.5859375,0f 05 d4 0d 41 00
171.671400,PCS_dcdcLvBusVolt,10.625,10 05 d4 0d 40 00
171.771200,PCS_dcdcLvBusVolt,10.5859375,0f 05 d4 0d 40 00
171.871200,PCS_dcdcLvBusVolt,10.546875,0e 05 d4 0d 40 00
172.071200,PCS_dcdcLvBusVolt,10.6640625,11 05 d4 0d 41 00
172.271200,PCS_dcdcLvBusVolt,10.625,10 05 d4 0d 41 00
172.371000,PCS_dcdcLvBusVolt,10.5859375,0f 05 d4 0d 40 00
172.471400,PCS_dcdcLvBusVolt,10.546875,0e 05 d4 0d 3f 00
172.571000,PCS_dcdcLvBusVolt,10.625,10 05 d4 0d 40 00
172.670900,PCS_dcdcLvBusVolt,10.5859375,0f 05 d4 0d 40 00
172.771000,PCS_dcdcLvBusVolt,10.546875,0e 05 d4 0d 40 00
172.871000,PCS_dcdcLvBusVolt,10.5859375,0f 05 d4 0d 3f 00
172.971000,PCS_dcdcLvBusVolt,10.546875,0e 05 d4 0d 40 00
173.071000,PCS_dcdcLvBusVolt,10.625,10 05 d4 0d 40 00
173.271000,PCS_dcdcLvBusVolt,10.546875,0e 05 d4 0d 40 00
173.371000,PCS_dcdcLvBusVolt,10.5859375,0f 05 d4 0d 40 00
173.471100,PCS_dcdcLvBusVolt,10.625,10 05 d4 0d 3f 00
173.571100,PCS_dcdcLvBusVolt,10.5078125,0d 05 d4 0d 3f 00
173.671100,PCS_dcdcLvBusVolt,10.5859375,0f 05 d4 0d 40 00
173.771100,PCS_dcdcLvBusVolt,10.625,10 05 d4 0d 40 00
173.871100,PCS_dcdcLvBusVolt,10.5859375,0f 05 d4 0d 40 00
173.970800,PCS_dcdcLvBusVolt,10.6640625,11 05 d4 0d 3f 00
174.071400,PCS_dcdcLvBusVolt,10.5859375,0f 05 d4 0d 41 00
174.371100,PCS_dcdcLvBusVolt,10.625,10 05 d4 0d 40 00
174.471100,PCS_dcdcLvBusVolt,10.5859375,0f 05 d4 0d 40 00
174.571100,PCS_dcdcLvBusVolt,10.625,10 05 d4 0d 3f 00
174.771300,PCS_dcdcLvBusVolt,10.4296875,0b 05 d4 0d 40 00
174.971200,PCS_dcdcLvBusVolt,10.546875,0e 05 d4 0d 40 00
175.071000,PCS_dcdcLvBusVolt,10.5859375,0f 05 d4 0d 40 00
175.170800,PCS_dcdcLvBusVolt,10.1171875,03 05 d4 0d 1d 00
175.271000,PCS_dcdcLvBusVolt,9.4140625,f1 04 d4 0d 1d 00
175.371000,PCS_dcdcLvBusVolt,9.3359375,ef 04 d4 0d 1d 00
175.470900,PCS_dcdcLvBusVolt,9.296875,ee 04 d4 0d 00 00
175.571000,PCS_dcdcLvBusVolt,9.2578125,ed 04 d4 0d 00 00
175.671000,PCS_dcdcLvBusVolt,9.21875,ec 04 d4 0d 00 00
175.870800,PCS_dcdcLvBusVolt,9.1796875,eb 04 d4 0d 00 00
175.970900,PCS_dcdcLvBusVolt,9.140625,ea 04 d4 0d 00 00
176.070800,PCS_dcdcLvBusVolt,9.1796875,eb 04 d4 0d 00 00
176.170800,PCS_dcdcLvBusVolt,9.1015625,e9 04 d4 0d 00 00
176.370800,PCS_dcdcLvBusVolt,9.0625,e8 04 d4 0d 00 00
176.470800,PCS_dcdcLvBusVolt,9.0234375,e7 04 d4 0d 00 00
176.670800,PCS_dcdcLvBusVolt,8.984375,e6 04 d4 0d 00 00
176.970800,PCS_dcdcLvBusVolt,8.9453125,e5 04 d4 0d 00 00
177.071000,PCS_dcdcLvBusVolt,8.90625,e4 04 d4 0d 00 00
177.370900,PCS_dcdcLvBusVolt,8.8671875,e3 04 d4 0d 00 00
177.471100,PCS_dcdcLvBusVolt,8.828125,e2 04 d4 0d 00 00
177.670900,PCS_dcdcLvBusVolt,8.7890625,e1 04 d4 0d 00 00
177.870900,PCS_dcdcLvBusVolt,8.75,e0 04 d4 0d 00 00
178.071000,PCS_dcdcLvBusVolt,8.671875,de 04 d4 0d 00 00
178.270900,PCS_dcdcLvBusVolt,8.7109375,df 04 d4 0d 00 00
178.370900,PCS_dcdcLvBusVolt,8.6328125,dd 04 d4 0d 00 00
178.670900,PCS_dcdcLvBusVolt,8.59375,dc 04 d4 0d 00 00
178.971000,PCS_dcdcLvBusVolt,8.5546875,db 04 d4 0d 00 00
179.071000,PCS_dcdcLvBusVolt,8.515625,da 04 d4 0d 00 00
179.371000,PCS_dcdcLvBusVolt,8.4765625,d9 04 d4 0d 00 00
179.671000,PCS_dcdcLvBusVolt,8.4375,d8 04 d4 0d 00 00
179.770900,PCS_dcdcLvBusVolt,8.3984375,d7 04 d4 0d 00 00
180.170900,PCS_dcdcLvBusVolt,8.359375,d6 04 d4 0d 00 00
180.271000,PCS_dcdcLvBusVolt,8.3203125,d5 04 d4 0d 00 00
180.371100,PCS_dcdcLvBusVolt,8.359375,d6 04 d4 0d 00 00
180.471100,PCS_dcdcLvBusVolt,8.3203125,d5 04 d4 0d 00 00
180.570900,PCS_dcdcLvBusVolt,8.28125,d4 04 d4 0d 00 00
180.771300,PCS_dcdcLvBusVolt,8.2421875,d3 04 d4 0d 00 00
181.071000,PCS_dcdcLvBusVolt,8.203125,d2 04 d4 0d 00 00
181.371000,PCS_dcdcLvBusVolt,8.1640625,d1 04 d4 0d 00 00
181.471100,PCS_dcdcLvBusVolt,8.125,d0 04 d4 0d 00 00
181.571100,PCS_dcdcLvBusVolt,8.1640625,d1 04 d4 0d 00 00
181.771000,PCS_dcdcLvBusVolt,8.125,d0 04 d4 0d 00 00
182.071100,PCS_dcdcLvBusVolt,8.0859375,cf 04 d4 0d 00 00
182.170600,PCS_dcdcLvBusVolt,8.046875,ce 04 d4 0d 00 00
182.270800,PCS_dcdcLvBusVolt,8.0859375,cf 04 d4 0d 00 00
182.370900,PCS_dcdcLvBusVolt,8.046875,ce 04 d4 0d 00 00
182.571100,PCS_dcdcLvBusVolt,8.0078125,cd 04 d4 0d 00 00
182.771000,PCS_dcdcLvBusVolt,8.046875,ce 04 d4 0d 00 00
182.870700,PCS_dcdcLvBusVolt,8.0078125,cd 04 d4 0d 00 00
182.970900,PCS_dcdcLvBusVolt,7.96875,cc 04 d4 0d 00 00
183.171100,PCS_dcdcLvBusVolt,8.0078125,cd 04 d4 0d 00 00
183.270900,PCS_dcdcLvBusVolt,7.96875,cc 04 d4 0d 00 00
183.370900,PCS_dcdcLvBusVolt,7.9296875,cb 04 d5 0d 00 00
183.771000,PCS_dcdcLvBusVolt,7.890625,ca 04 d4 0d 00 00
184.371000,PCS_dcdcLvBusVolt,7.8515625,c9 04 d4 0d 00 00
184.671000,PCS_dcdcLvBusVolt,7.8125,c8 04 d4 0d 00 00
185.170700,PCS_dcdcLvBusVolt,7.7734375,c7 04 d4 0d 00 00
185.271000,PCS_dcdcLvBusVolt,8.2421875,d3 04 d4 0d 1d 00
185.371000,PCS_dcdcLvBusVolt,8.28125,d4 04 d4 0d 1d 00
185.570900,PCS_dcdcLvBusVolt,8.0078125,cd 04 d4 0d 1d 00
185.671000,PCS_dcdcLvBusVolt,8.3203125,d5 04 d4 0d 1e 00
185.771000,PCS_dcdcLvBusVolt,8.28125,d4 04 d4 0d 1d 00
185.971000,PCS_dcdcLvBusVolt,8.359375,d6 04 d4 0d 1c 00
186.071100,PCS_dcdcLvBusVolt,8.515625,da 04 d4 0d 26 00
186.171100,PCS_dcdcLvBusVolt,8.5546875,db 04 d4 0d 2e 00
186.271100,PCS_dcdcLvBusVolt,8.4375,d8 04 d4 0d 2f 00
186.371100,PCS_dcdcLvBusVolt,8.671875,de 04 d4 0d 34 00
186.471100,PCS_dcdcLvBusVolt,8.75,e0 04 d4 0d 3a 00
186.571200,PCS_dcdcLvBusVolt,8.7890625,e1 04 d4 0d 36 00
186.671100,PCS_dcdcLvBusVolt,8.828125,e2 04 d4 0d 39 00
186.871100,PCS_dcdcLvBusVolt,8.90625,e4 04 d4 0d 44 00
186.971200,PCS_dcdcLvBusVolt,9.1015625,e9 04 d4 0d 4b 00
187.171100,PCS_dcdcLvBusVolt,9.0625,e8 04 d4 0d 48 00
187.271100,PCS_dcdcLvBusVolt,9.140625,ea 04 d4 0d 52 00
187.371100,PCS_dcdcLvBusVolt,9.1796875,eb 04 d4 0d 56 00
187.471100,PCS_dcdcLvBusVolt,9.2578125,ed 04 d4 0d 57 00
187.570800,PCS_dcdcLvBusVolt,9.3359375,ef 04 d5 0d 58 00
187.670600,PCS_dcdcLvBusVolt,9.296875,ee 04 d4 0d 5f 00
187.770900,PCS_dcdcLvBusVolt,9.375,f0 04 d4 0d 5f 00
187.871100,PCS_dcdcLvBusVolt,9.4140625,f1 04 d4 0d 60 00
187.971200,PCS_dcdcLvBusVolt,9.4921875,f3 04 d4 0d 66 00
188.071000,PCS_dcdcLvBusVolt,9.5703125,f5 04 d4 0d 60 00
188.270800,PCS_dcdcLvBusVolt,9.609375,f6 04 d4 0d 6a 00
188.371100,PCS_dcdcLvBusVolt,9.8046875,fb 04 d3 0d 67 00
188.471200,PCS_dcdcLvBusVolt,9.6484375,f7 04 d4 0d 69 00
188.570800,PCS_dcdcLvBusVolt,9.84375,fc 04 d4 0d 70 00
188.770600,PCS_dcdcLvBusVolt,9.765625,fa 04 d4 0d 6b 00
188.871200,PCS_dcdcLvBusVolt,9.921875,fe 04 d4 0d 72 00
188.970600,PCS_dcdcLvBusVolt,9.9609375,ff 04 d4 0d 70 00
189.070600,PCS_dcdcLvBusVolt,10,00 05 d4 0d 71 00
189.170700,PCS_dcdcLvBusVolt,10.078125,02 05 d3 0d 76 00
189.370600,PCS_dcdcLvBusVolt,10.1171875,03 05 d4 0d 76 00
189.471200,PCS_dcdcLvBusVolt,10.1953125,05 05 d4 0d 74 00
189.570600,PCS_dcdcLvBusVolt,10.15625,04 05 d4 0d 6e 00
189.670600,PCS_dcdcLvBusVolt,10.1953125,05 05 d4 0d 79 00
189.770900,PCS_dcdcLvBusVolt,10.234375,06 05 d4 0d 76 00
189.870600,PCS_dcdcLvBusVolt,10.2734375,07 05 d4 0d 71 00
189.970400,PCS_dcdcLvBusVolt,10.3515625,09 05 d4 0d 7a 00
190.070700,PCS_dcdcLvBusVolt,10.390625,0a 05 d4 0d 77 00
190.270600,PCS_dcdcLvBusVolt,10.46875,0c 05 d4 0d 7c 00
190.471300,PCS_dcdcLvBusVolt,10.546875,0e 05 d4 0d 75 00
190.570500,PCS_dcdcLvBusVolt,10.46875,0c 05 d4 0d 78 00
190.670700,PCS_dcdcLvBusVolt,10.625,10 05 d4 0d 7e 00
190.870700,PCS_dcdcLvBusVolt,10.6640625,11 05 d4 0d 7a 00
190.970700,PCS_dcdcLvBusVolt,10.625,10 05 d4 0d 7f 00
191.070500,PCS_dcdcLvBusVolt,10.6640625,11 05 d4 0d 76 00
191.170500,PCS_dcdcLvBusVolt,10.8203125,15 05 d4 0d 7a 00
191.270700,PCS_dcdcLvBusVolt,10.8984375,17 05 d4 0d 7a 00
191.570800,PCS_dcdcLvBusVolt,10.9765625,19 05 d4 0d 7c 00
191.670500,PCS_dcdcLvBusVolt,10.9375,18 05 d3 0d 78 00
191.770600,PCS_dcdcLvBusVolt,10.9765625,19 05 d4 0d 7b 00
191.870700,PCS_dcdcLvBusVolt,11.015625,1a 05 d4 0d 7c 00
191.970600,PCS_dcdcLvBusVolt,11.1328125,1d 05 d4 0d 7c 00
192.370600,PCS_dcdcLvBusVolt,11.2109375,1f 05 d4 0d 7c 00
192.670500,PCS_dcdcLvBusVolt,11.1328125,1d 05 d4 0d 7c 00
192.771100,PCS_dcdcLvBusVolt,11.2890625,21 05 d4 0d 81 00
192.870400,PCS_dcdcLvBusVolt,11.328125,22 05 d4 0d 7a 00
193.070700,PCS_dcdcLvBusVolt,11.4453125,25 05 d4 0d 7d 00
193.170400,PCS_dcdcLvBusVolt,11.40625,24 05 d4 0d 79 00
193.270400,PCS_dcdcLvBusVolt,11.484375,26 05 d4 0d 7d 00
193.370800,PCS_dcdcLvBusVolt,11.5234375,27 05 d4 0d 7e 00
193.470900,PCS_dcdcLvBusVolt,11.4453125,25 05 d4 0d 7d 00
193.570600,PCS_dcdcLvBusVolt,11.5625,28 05 d4 0d 7e 00
193.870500,PCS_dcdcLvBusVolt,11.796875,2e 05 d4 0d 7a 00
193.970800,PCS_dcdcLvBusVolt,11.640625,2a 05 d4 0d 81 00
194.070500,PCS_dcdcLvBusVolt,11.7578125,2d 05 d4 0d 79 00
194.170600,PCS_dcdcLvBusVolt,11.6796875,2b 05 d4 0d 7e 00
194.270700,PCS_dcdcLvBusVolt,11.8359375,2f 05 d4 0d 82 00
194.370500,PCS_dcdcLvBusVolt,11.796875,2e 05 d4 0d 7a 00
194.670500,PCS_dcdcLvBusVolt,11.875,30 05 d4 0d 7e 00
194.870800,PCS_dcdcLvBusVolt,11.953125,32 05 d4 0d 7e 00
195.070700,PCS_dcdcLvBusVolt,11.8359375,2f 05 d4 0d 7a 00
195.170900,PCS_dcdcLvBusVolt,12.03125,34 05 d3 0d 83 00
195.269800,PCS_dcdcLvBusVolt,11.9921875,33 05 d4 0d 7a 00
195.370700,PCS_dcdcLvBusVolt,12.0703125,35 05 d4 0d 7f 00
195.471600,PCS_dcdcLvBusVolt,12.109375,36 05 d4 0d 7e 00
195.570900,PCS_dcdcLvBusVolt,12.03125,34 05 d4 0d 76 00
195.671300,PCS_dcdcLvBusVolt,12.1484375,37 05 d4 0d 7e 00
195.771500,PCS_dcdcLvBusVolt,12.109375,36 05 d4 0d 7a 00
195.870600,PCS_dcdcLvBusVolt,12.0703125,35 05 d4 0d 79 00
195.970700,PCS_dcdcLvBusVolt,12.2265625,39 05 d4 0d 7e 00
196.071000,PCS_dcdcLvBusVolt,12.265625,3a 05 d4 0d 79 00
196.170600,PCS_dcdcLvBusVolt,12.1875,38 05 d4 0d 7d 00
196.270300,PCS_dcdcLvBusVolt,12.2265625,39 05 d4 0d 7a 00
196.371000,PCS_dcdcLvBusVolt,12.109375,36 05 d4 0d 79 00
196.471500,PCS_dcdcLvBusVolt,12.1875,38 05 d4 0d 78 00
196.571000,PCS_dcdcLvBusVolt,12.2265625,39 05 d4 0d 7d 00
196.870600,PCS_dcdcLvBusVolt,12.265625,3a 05 d4 0d 7c 00
196.970900,PCS_dcdcLvBusVolt,12.2265625,39 05 d4 0d 78 00
197.070800,PCS_dcdcLvBusVolt,12.3046875,3b 05 d4 0d 78 00
197.170600,PCS_dcdcLvBusVolt,12.1875,38 05 d4 0d 77 00
197.269900,PCS_dcdcLvBusVolt,12.3046875,3b 05 d4 0d 7c 00
197.571400,PCS_dcdcLvBusVolt,12.34375,3c 05 d4 0d 7c 00
197.670700,PCS_dcdcLvBusVolt,12.3046875,3b 05 d4 0d 73 00
197.771400,PCS_dcdcLvBusVolt,12.34375,3c 05 d4 0d 7b 00
197.871000,PCS_dcdcLvBusVolt,12.421875,3e 05 d4 0d 77 00
197.970900,PCS_dcdcLvBusVolt,12.3828125,3d 05 d4 0d 77 00
198.070700,PCS_dcdcLvBusVolt,12.421875,3e 05 d4 0d 76 00
198.171000,PCS_dcdcLvBusVolt,12.34375,3c 05 d4 0d 76 00
198.471700,PCS_dcdcLvBusVolt,12.3828125,3d 05 d4 0d 75 00
198.670800,PCS_dcdcLvBusVolt,12.34375,3c 05 d4 0d 75 00
198.771500,PCS_dcdcLvBusVolt,12.421875,3e 05 d4 0d 74 00
198.870900,PCS_dcdcLvBusVolt,12.3828125,3d 05 d4 0d 74 00
198.971000,PCS_dcdcLvBusVolt,12.4609375,3f 05 d4 0d 79 00
199.071200,PCS_dcdcLvBusVolt,12.3828125,3d 05 d4 0d 74 00
199.170800,PCS_dcdcLvBusVolt,12.5,40 05 d4 0d 75 00
199.270400,PCS_dcdcLvBusVolt,12.3046875,3b 05 d4 0d 73 00
199.371100,PCS_dcdcLvBusVolt,12.3828125,3d 05 d4 0d 74 00
199.470800,PCS_dcdcLvBusVolt,12.4609375,3f 05 d4 0d 73 00
199.771300,PCS_dcdcLvBusVolt,12.5,40 05 d4 0d 72 00
199.870800,PCS_dcdcLvBusVolt,12.3828125,3d 05 d4 0d 72 00
199.971200,PCS_dcdcLvBusVolt,12.4609375,3f 05 d4 0d 78 00
200.370500,PCS_dcdcLvBusVolt,12.421875,3e 05 d4 0d 72 00
200.470600,PCS_dcdcLvBusVolt,12.4609375,3f 05 d4 0d 72 00
200.670400,PCS_dcdcLvBusVolt,12.421875,3e 05 d4 0d 71 00
200.770500,PCS_dcdcLvBusVolt,12.3828125,3d 05 d5 0d 71 00
200.871200,PCS_dcdcLvBusVolt,12.421875,3e 05 d4 0d 71 00
200.971100,PCS_dcdcLvBusVolt,12.5,40 05 d4 0d 70 00
201.070600,PCS_dcdcLvBusVolt,12.4609375,3f 05 d3 0d 70 00
201.171200,PCS_dcdcLvBusVolt,12.578125,42 05 d4 0d 76 00
201.270000,PCS_dcdcLvBusVolt,12.5390625,41 05 d5 0d 71 00
201.370700,PCS_dcdcLvBusVolt,12.4609375,3f 05 d4 0d 6f 00
201.470600,PCS_dcdcLvBusVolt,12.5,40 05 d4 0d 6f 00
201.570100,PCS_dcdcLvBusVolt,12.4609375,3f 05 d3 0d 69 00
201.670100,PCS_dcdcLvBusVolt,12.421875,3e 05 d5 0d 6f 00
201.770000,PCS_dcdcLvBusVolt,12.4609375,3f 05 d4 0d 6e 00
201.870000,PCS_dcdcLvBusVolt,12.421875,3e 05 d4 0d 6e 00
201.970300,PCS_dcdcLvBusVolt,12.5390625,41 05 d4 0d 73 00
202.070000,PCS_dcdcLvBusVolt,12.5,40 05 d4 0d 6e 00
202.270000,PCS_dcdcLvBusVolt,12.4609375,3f 05 d4 0d 6d 00
202.470600,PCS_dcdcLvBusVolt,12.5,40 05 d4 0d 6d 00
202.570800,PCS_dcdcLvBusVolt,12.5390625,41 05 d4 0d 72 00
202.670700,PCS_dcdcLvBusVolt,12.5,40 05 d4 0d 6d 00
202.770700,PCS_dcdcLvBusVolt,12.4609375,3f 05 d4 0d 68 00
202.870600,PCS_dcdcLvBusVolt,12.6171875,43 05 d4 0d 6c 00
202.971500,PCS_dcdcLvBusVolt,12.5390625,41 05 d4 0d 6c 00
203.070000,PCS_dcdcLvBusVolt,12.4609375,3f 05 d5 0d 6c 00
203.170600,PCS_dcdcLvBusVolt,12.421875,3e 05 d4 0d 70 00
203.269900,PCS_dcdcLvBusVolt,12.5390625,41 05 d4 0d 6b 00
203.370500,PCS_dcdcLvBusVolt,12.421875,3e 05 d4 0d 67 00
203.470100,PCS_dcdcLvBusVolt,12.5,40 05 d4 0d 6c 00
203.570800,PCS_dcdcLvBusVolt,12.421875,3e 05 d4 0d 6b 00
203.770700,PCS_dcdcLvBusVolt,12.4609375,3f 05 d4 0d 6b 00
203.870700,PCS_dcdcLvBusVolt,12.5,40 05 d4 0d 6b 00
204.170700,PCS_dcdcLvBusVolt,12.4609375,3f 05 d4 0d 6a 00
204.269900,PCS_dcdcLvBusVolt,12.5390625,41 05 d4 0d 75 00
204.570200,PCS_dcdcLvBusVolt,12.5,40 05 d4 0d 62 00
204.670000,PCS_dcdcLvBusVolt,12.4609375,3f 05 d4 0d 69 00
204.770100,PCS_dcdcLvBusVolt,12.421875,3e 05 d4 0d 68 00
204.870000,PCS_dcdcLvBusVolt,12.4609375,3f 05 d4 0d 68 00
204.970100,PCS_dcdcLvBusVolt,12.5,40 05 d4 0d 69 00
205.070200,PCS_dcdcLvBusVolt,12.4609375,3f 05 d4 0d 68 00
205.270000,PCS_dcdcLvBusVolt,12.5,40 05 d4 0d 68 00
205.370100,PCS_dcdcLvBusVolt,12.4609375,3f 05 d4 0d 68 00
205.470900,PCS_dcdcLvBusVolt,12.5,40 05 d4 0d 67 00
205.570200,PCS_dcdcLvBusVolt,12.421875,3e 05 d4 0d 68 00
205.669900,PCS_dcdcLvBusVolt,12.4609375,3f 05 d4 0d 68 00
205.869900,PCS_dcdcLvBusVolt,12.5,40 05 d4 0d 67 00
206.070000,PCS_dcdcLvBusVolt,12.421875,3e 05 d4 0d 68 00
206.170000,PCS_dcdcLvBusVolt,12.4609375,3f 05 d4 0d 68 00
206.470100,PCS_dcdcLvBusVolt,12.5,40 05 d4 0d 68 00
206.569900,PCS_dcdcLvBusVolt,12.421875,3e 05 d4 0d 68 00
206.670100,PCS_dcdcLvBusVolt,12.4609375,3f 05 d4 0d 67 00
206.970700,PCS_dcdcLvBusVolt,12.5,40 05 d4 0d 67 00
207.070100,PCS_dcdcLvBusVolt,12.65625,44 05 d4 0d 67 00
207.169800,PCS_dcdcLvBusVolt,12.421875,3e 05 d4 0d 67 00
207.269700,PCS_dcdcLvBusVolt,12.5,40 05 d4 0d 67 00
207.369800,PCS_dcdcLvBusVolt,12.5390625,41 05 d4 0d 66 00
207.470300,PCS_dcdcLvBusVolt,12.4609375,3f 05 d4 0d 67 00
207.670000,PCS_dcdcLvBusVolt,12.5,40 05 d4 0d 66 00
207.770000,PCS_dcdcLvBusVolt,12.4609375,3f 05 d4 0d 65 00
207.869800,PCS_dcdcLvBusVolt,12.5,40 05 d4 0d 66 00
207.970000,PCS_dcdcLvBusVolt,12.4609375,3f 05 d4 0d 66 00
208.269800,PCS_dcdcLvBusVolt,12.5,40 05 d4 0d 66 00
208.369900,PCS_dcdcLvBusVolt,12.421875,3e 05 d4 0d 65 00
208.470200,PCS_dcdcLvBusVolt,12.4609375,3f 05 d4 0d 66 00
208.770100,PCS_dcdcLvBusVolt,12.421875,3e 05 d4 0d 65 00
208.869900,PCS_dcdcLvBusVolt,12.3828125,3d 05 d4 0d 64 00
208.969900,PCS_dcdcLvBusVolt,12.4609375,3f 05 d4 0d 65 00
209.070000,PCS_dcdcLvBusVolt,12.5,40 05 d4 0d 64 00
209.170000,PCS_dcdcLvBusVolt,12.4609375,3f 05 d4 0d 65 00
209.270000,PCS_dcdcLvBusVolt,12.421875,3e 05 d4 0d 64 00
209.370000,PCS_dcdcLvBusVolt,12.4609375,3f 05 d4 0d 65 00
209.470500,PCS_dcdcLvBusVolt,12.421875,3e 05 d4 0d 65 00
209.570100,PCS_dcdcLvBusVolt,12.5,40 05 d4 0d 64 00
209.670100,PCS_dcdcLvBusVolt,12.4609375,3f 05 d4 0d 64 00
209.770100,PCS_dcdcLvBusVolt,12.5,40 05 d4 0d 64 00
209.870000,PCS_dcdcLvBusVolt,12.421875,3e 05 d4 0d 64 00
209.970000,PCS_dcdcLvBusVolt,12.4609375,3f 05 d4 0d 65 00
210.170000,PCS_dcdcLvBusVolt,12.421875,3e 05 d4 0d 62 00
210.370000,PCS_dcdcLvBusVolt,12.5390625,41 05 d4 0d 63 00
210.470300,PCS_dcdcLvBusVolt,12.5,40 05 d4 0d 63 00
210.570200,PCS_dcdcLvBusVolt,12.4609375,3f 05 d4 0d 64 00
210.670100,PCS_dcdcLvBusVolt,12.5390625,41 05 d4 0d 62 00
210.770200,PCS_dcdcLvBusVolt,12.421875,3e 05 d4 0d 64 00
210.870000,PCS_dcdcLvBusVolt,12.4609375,3f 05 d4 0d 64 00
210.970100,PCS_dcdcLvBusVolt,12.5,40 05 d4 0d 63 00
211.070200,PCS_dcdcLvBusVolt,12.4609375,3f 05 d4 0d 64 00
211.270100,PCS_dcdcLvBusVolt,12.3828125,3d 05 d4 0d 62 00
211.370100,PCS_dcdcLvBusVolt,12.5,40 05 d4 0d 62 00
211.470300,PCS_dcdcLvBusVolt,12.3828125,3d 05 d4 0d 62 00
211.570300,PCS_dcdcLvBusVolt,12.4609375,3f 05 d4 0d 62 00
211.770100,PCS_dcdcLvBusVolt,12.5,40 05 d4 0d 62 00
211.870100,PCS_dcdcLvBusVolt,12.4609375,3f 05 d4 0d 62 00
211.970300,PCS_dcdcLvBusVolt,12.5,40 05 d4 0d 62 00
212.070200,PCS_dcdcLvBusVolt,12.421875,3e 05 d4 0d 61 00
212.170200,PCS_dcdcLvBusVolt,12.3828125,3d 05 d4 0d 62 00
212.270000,PCS_dcdcLvBusVolt,12.4609375,3f 05 d4 0d 60 00
212.370200,PCS_dcdcLvBusVolt,12.5,40 05 d4 0d 62 00
212.470000,PCS_dcdcLvBusVolt,12.4609375,3f 05 d4 0d 62 00
212.570200,PCS_dcdcLvBusVolt,12.578125,42 05 d4 0d 63 00
212.669700,PCS_dcdcLvBusVolt,12.421875,3e 05 d4 0d 61 00
212.770200,PCS_dcdcLvBusVolt,12.4609375,3f 05 d4 0d 62 00
212.869900,PCS_dcdcLvBusVolt,12.5,40 05 d4 0d 60 00
212.970100,PCS_dcdcLvBusVolt,12.421875,3e 05 d4 0d 61 00
213.070100,PCS_dcdcLvBusVolt,12.5,40 05 d4 0d 61 00
213.170100,PCS_dcdcLvBusVolt,12.4609375,3f 05 d4 0d 62 00
213.370300,PCS_dcdcLvBusVolt,12.421875,3e 05 d4 0d 5f 00
213.470300,PCS_dcdcLvBusVolt,12.3828125,3d 05 d4 0d 61 00
213.569000,PCS_dcdcLvBusVolt,12.4609375,3f 05 d4 0d 61 00
213.769000,PCS_dcdcLvBusVolt,12.421875,3e 05 d4 0d 60 00
213.869100,PCS_dcdcLvBusVolt,12.4609375,3f 05 d4 0d 5f 00
213.969000,PCS_dcdcLvBusVolt,12.578125,42 05 d4 0d 61 00
214.070400,PCS_dcdcLvBusVolt,12.421875,3e 05 d4 0d 61 00
214.268800,PCS_dcdcLvBusVolt,12.5,40 05 d4 0d 61 00
214.369000,PCS_dcdcLvBusVolt,12.4609375,3f 05 d4 0d 61 00
214.569100,PCS_dcdcLvBusVolt,12.421875,3e 05 d4 0d 5f 00
214.669900,PCS_dcdcLvBusVolt,12.5,40 05 d4 0d 60 00
214.970100,PCS_dcdcLvBusVolt,12.4609375,3f 05 d3 0d 5f 00
215.070000,PCS_dcdcLvBusVolt,12.421875,3e 05 d4 0d 5e 00
215.169900,PCS_dcdcLvBusVolt,12.5,40 05 d4 0d 60 00
215.269900,PCS_dcdcLvBusVolt,12.421875,3e 05 d4 0d 60 00
215.370200,PCS_dcdcLvBusVolt,12.4609375,3f 05 d4 0d 5f 00
215.469200,PCS_dcdcLvBusVolt,12.421875,3e 05 d4 0d 5f 00
215.669900,PCS_dcdcLvBusVolt,12.4609375,3f 05 d4 0d 5e 00
215.770500,PCS_dcdcLvBusVolt,12.421875,3e 05 d4 0d 60 00
215.869700,PCS_dcdcLvBusVolt,12.4609375,3f 05 d4 0d 5f 00
215.970100,PCS_dcdcLvBusVolt,12.5,40 05 d4 0d 5e 00
216.070100,PCS_dcdcLvBusVolt,12.4609375,3f 05 d4 0d 60 00
216.169300,PCS_dcdcLvBusVolt,12.5,40 05 d4 0d 5c 00
216.370000,PCS_dcdcLvBusVolt,12.421875,3e 05 d4 0d 60 00
216.770300,PCS_dcdcLvBusVolt,12.4609375,3f 05 d4 0d 5e 00
216.870000,PCS_dcdcLvBusVolt,12.421875,3e 05 d4 0d 5e 00
216.970300,PCS_dcdcLvBusVolt,12.4609375,3f 05 d4 0d 5f 00
217.168900,PCS_dcdcLvBusVolt,12.6171875,43 05 d5 0d 5e 00
217.268900,PCS_dcdcLvBusVolt,12.4609375,3f 05 d4 0d 5d 00
218.369000,PCS_dcdcLvBusVolt,12.421875,3e 05 d4 0d 5e 00
218.468400,PCS_dcdcLvBusVolt,12.4609375,3f 05 d4 0d 5d 00
218.669900,PCS_dcdcLvBusVolt,12.5,40 05 d4 0d 5c 00
218.770200,PCS_dcdcLvBusVolt,12.4609375,3f 05 d4 0d 5e 00
218.869700,PCS_dcdcLvBusVolt,12.5390625,41 05 d4 0d 5d 00
218.969800,PCS_dcdcLvBusVolt,12.4609375,3f 05 d4 0d 5c 00
219.169700,PCS_dcdcLvBusVolt,12.421875,3e 05 d4 0d 5d 00
219.268200,PCS_dcdcLvBusVolt,12.5,40 05 d4 0d 5e 00
219.368200,PCS_dcdcLvBusVolt,12.421875,3e 05 d4 0d 5e 00
219.468600,PCS_dcdcLvBusVolt,12.4609375,3f 05 d4 0d 5b 00
219.568400,PCS_dcdcLvBusVolt,12.421875,3e 05 d4 0d 5e 00
219.668400,PCS_dcdcLvBusVolt,12.5,40 05 d4 0d 5c 00
219.768400,PCS_dcdcLvBusVolt,12.421875,3e 05 d4 0d 5e 00
219.868400,PCS_dcdcLvBusVolt,12.5,40 05 d4 0d 5b 00
219.968400,PCS_dcdcLvBusVolt,12.4609375,3f 05 d4 0d 5d 00
220.068400,PCS_dcdcLvBusVolt,12.421875,3e 05 d4 0d 5b 00
220.168400,PCS_dcdcLvBusVolt,12.4609375,3f 05 d4 0d 5e 00
220.668500,PCS_dcdcLvBusVolt,12.421875,3e 05 d4 0d 5e 00
220.769300,PCS_dcdcLvBusVolt,12.3828125,3d 05 d4 0d 5b 00
220.868300,PCS_dcdcLvBusVolt,12.265625,3a 05 d4 0d 5c 00
220.968100,PCS_dcdcLvBusVolt,12.6953125,45 05 d4 0d 59 00
221.068600,PCS_dcdcLvBusVolt,12.421875,3e 05 d4 0d 5a 00
221.168300,PCS_dcdcLvBusVolt,12.4609375,3f 05 d4 0d 5d 00
221.468300,PCS_dcdcLvBusVolt,12.5,40 05 d4 0d 5c 00
221.568300,PCS_dcdcLvBusVolt,12.734375,46 05 d4 0d 5b 00
221.669200,PCS_dcdcLvBusVolt,12.6171875,43 05 d4 0d 59 00
221.769200,PCS_dcdcLvBusVolt,12.421875,3e 05 d4 0d 5c 00
221.868300,PCS_dcdcLvBusVolt,12.4609375,3f 05 d4 0d 5a 00
221.968300,PCS_dcdcLvBusVolt,12.421875,3e 05 d4 0d 59 00
222.068300,PCS_dcdcLvBusVolt,12.4609375,3f 05 d4 0d 5c 00
222.469000,PCS_dcdcLvBusVolt,12.7734375,47 05 d4 0d 5d 00
222.568300,PCS_dcdcLvBusVolt,12.4609375,3f 05 d4 0d 58 00
222.668400,PCS_dcdcLvBusVolt,12.421875,3e 05 d4 0d 5c 00
222.768300,PCS_dcdcLvBusVolt,12.2265625,39 05 d4 0d 59 00
222.868400,PCS_dcdcLvBusVolt,12.4609375,3f 05 d4 0d 5b 00
223.467700,PCS_dcdcLvBusVolt,12.5,40 05 d4 0d 5a 00
223.568500,PCS_dcdcLvBusVolt,12.6953125,45 05 d4 0d 5a 00
223.667700,PCS_dcdcLvBusVolt,12.421875,3e 05 d4 0d 5b 00
223.767500,PCS_dcdcLvBusVolt,12.5,40 05 d4 0d 5b 00
223.868500,PCS_dcdcLvBusVolt,12.34375,3c 05 d4 0d 5b 00
223.968500,PCS_dcdcLvBusVolt,12.5,40 05 d4 0d 5c 00
224.167900,PCS_dcdcLvBusVolt,12.4609375,3f 05 d4 0d 59 00
224.267700,PCS_dcdcLvBusVolt,12.3828125,3d 05 d4 0d 5a 00
224.367800,PCS_dcdcLvBusVolt,12.4609375,3f 05 d4 0d 5b 00
224.567800,PCS_dcdcLvBusVolt,12.421875,3e 05 d4 0d 5a 00
224.867700,PCS_dcdcLvBusVolt,12.4609375,3f 05 d4 0d 5b 00
225.067700,PCS_dcdcLvBusVolt,12.3828125,3d 05 d4 0d 5a 00
225.167400,PCS_dcdcLvBusVolt,12.5,40 05 d4 0d 5a 00
225.267600,PCS_dcdcLvBusVolt,12.4609375,3f 05 d4 0d 5a 00
225.568100,PCS_dcdcLvBusVolt,12.5390625,41 05 d4 0d 5a 00
225.667700,PCS_dcdcLvBusVolt,12.4609375,3f 05 d4 0d 5a 00
226.367700,PCS_dcdcLvBusVolt,12.421875,3e 05 d4 0d 5a 00
226.467500,PCS_dcdcLvBusVolt,12.5,40 05 d4 0d 5a 00
226.567500,PCS_dcdcLvBusVolt,12.4609375,3f 05 d4 0d 5a 00
226.968000,PCS_dcdcLvBusVolt,12.421875,3e 05 d4 0d 59 00
227.067500,PCS_dcdcLvBusVolt,12.4609375,3f 05 d4 0d 5a 00
227.167800,PCS_dcdcLvBusVolt,12.5,40 05 d4 0d 5a 00
227.267500,PCS_dcdcLvBusVolt,12.421875,3e 05 d4 0d 59 00
227.367800,PCS_dcdcLvBusVolt,12.5,40 05 d4 0d 59 00
227.467500,PCS_dcdcLvBusVolt,12.4609375,3f 05 d4 0d 5a 00
227.567500,PCS_dcdcLvBusVolt,12.5,40 05 d4 0d 59 00
227.767300,PCS_dcdcLvBusVolt,12.421875,3e 05 d4 0d 59 00
227.867500,PCS_dcdcLvBusVolt,12.4609375,3f 05 d4 0d 59 00
228.067500,PCS_dcdcLvBusVolt,12.3828125,3d 05 d4 0d 59 00
228.168100,PCS_dcdcLvBusVolt,12.421875,3e 05 d4 0d 58 00
228.268200,PCS_dcdcLvBusVolt,12.5,40 05 d4 0d 58 00
228.367600,PCS_dcdcLvBusVolt,12.421875,3e 05 d4 0d 59 00
228.467400,PCS_dcdcLvBusVolt,12.5,40 05 d4 0d 59 00
228.667400,PCS_dcdcLvBusVolt,12.4609375,3f 05 d4 0d 59 00
228.767400,PCS_dcdcLvBusVolt,12.5,40 05 d4 0d 59 00
228.867700,PCS_dcdcLvBusVolt,12.421875,3e 05 d4 0d 59 00
228.967200,PCS_dcdcLvBusVolt,12.4609375,3f 05 d4 0d 58 00
229.267500,PCS_dcdcLvBusVolt,12.5,40 05 d4 0d 58 00
229.367400,PCS_dcdcLvBusVolt,12.4609375,3f 05 d4 0d 58 00
229.467600,PCS_dcdcLvBusVolt,12.3828125,3d 05 d4 0d 59 00
229.567300,PCS_dcdcLvBusVolt,12.4609375,3f 05 d4 0d 58 00
229.667500,PCS_dcdcLvBusVolt,12.421875,3e 05 d4 0d 58 00
229.867600,PCS_dcdcLvBusVolt,12.4609375,3f 05 d4 0d 59 00
230.067500,PCS_dcdcLvBusVolt,12.421875,3e 05 d4 0d 58 00
230.167400,PCS_dcdcLvBusVolt,12.34375,3c 05 d4 0d 58 00
230.267600,PCS_dcdcLvBusVolt,12.5,40 05 d4 0d 59 00
230.467400,PCS_dcdcLvBusVolt,12.421875,3e 05 d4 0d 57 00
230.767300,PCS_dcdcLvBusVolt,12.5,40 05 d4 0d 58 00
230.867500,PCS_dcdcLvBusVolt,12.4609375,3f 05 d4 0d 57 00
231.167300,PCS_dcdcLvBusVolt,12.5,40 05 d4 0d 58 00
231.267500,PCS_dcdcLvBusVolt,12.4609375,3f 05 d4 0d 58 00
231.467400,PCS_dcdcLvBusVolt,12.5,40 05 d4 0d 57 00
231.567300,PCS_dcdcLvBusVolt,12.4609375,3f 05 d4 0d 57 00
231.667500,PCS_dcdcLvBusVolt,12.421875,3e 05 d4 0d 57 00
231.767200,PCS_dcdcLvBusVolt,12.4609375,3f 05 d4 0d 57 00
232.367400,PCS_dcdcLvBusVolt,12.421875,3e 05 d4 0d 57 00
232.567200,PCS_dcdcLvBusVolt,12.5390625,41 05 d4 0d 57 00
232.667400,PCS_dcdcLvBusVolt,12.5,40 05 d4 0d 57 00
232.767200,PCS_dcdcLvBusVolt,12.4609375,3f 05 d4 0d 57 00
232.867400,PCS_dcdcLvBusVolt,12.7734375,47 05 d4 0d 57 00
232.967200,PCS_dcdcLvBusVolt,12.4609375,3f 05 d4 0d 57 00
233.067400,PCS_dcdcLvBusVolt,12.421875,3e 05 d4 0d 56 00
233.167200,PCS_dcdcLvBusVolt,12.4609375,3f 05 d4 0d 57 00
233.267400,PCS_dcdcLvBusVolt,12.5,40 05 d4 0d 56 00
233.467400,PCS_dcdcLvBusVolt,12.421875,3e 05 d4 0d 57 00
233.567200,PCS_dcdcLvBusVolt,12.4609375,3f 05 d4 0d 57 00
233.667200,PCS_dcdcLvBusVolt,12.5,40 05 d4 0d 56 00
233.767200,PCS_dcdcLvBusVolt,12.4609375,3f 05 d4 0d 55 00
233.867400,PCS_dcdcLvBusVolt,12.5,40 05 d4 0d 56 00
233.967200,PCS_dcdcLvBusVolt,12.4609375,3f 05 d4 0d 57 00
234.067200,PCS_dcdcLvBusVolt,12.421875,3e 05 d4 0d 57 00
234.167100,PCS_dcdcLvBusVolt,12.3828125,3d 05 d4 0d 56 00
234.267400,PCS_dcdcLvBusVolt,12.421875,3e 05 d4 0d 56 00
234.367100,PCS_dcdcLvBusVolt,12.4609375,3f 05 d4 0d 55 00
234.867100,PCS_dcdcLvBusVolt,12.421875,3e 05 d4 0d 56 00
234.967100,PCS_dcdcLvBusVolt,12.4609375,3f 05 d4 0d 56 00
235.067300,PCS_dcdcLvBusVolt,12.421875,3e 05 d4 0d 56 00
235.167100,PCS_dcdcLvBusVolt,12.5390625,41 05 d4 0d 56 00
235.267100,PCS_dcdcLvBusVolt,12.4609375,3f 05 d4 0d 55 00
235.367100,PCS_dcdcLvBusVolt,12.421875,3e 05 d4 0d 55 00
235.467500,PCS_dcdcLvBusVolt,12.5,40 05 d4 0d 55 00
235.667300,PCS_dcdcLvBusVolt,12.421875,3e 05 d4 0d 56 00
235.767100,PCS_dcdcLvBusVolt,12.4609375,3f 05 d4 0d 55 00
235.867100,PCS_dcdcLvBusVolt,12.421875,3e 05 d4 0d 56 00
236.167100,PCS_dcdcLvBusVolt,12.4609375,3f 05 d4 0d 55 00
236.267000,PCS_dcdcLvBusVolt,12.421875,3e 05 d4 0d 55 00
236.367000,PCS_dcdcLvBusVolt,12.4609375,3f 05 d3 0d 55 00
236.467000,PCS_dcdcLvBusVolt,12.421875,3e 05 d4 0d 55 00
236.567000,PCS_dcdcLvBusVolt,12.4609375,3f 05 d4 0d 55 00
236.767000,PCS_dcdcLvBusVolt,12.3828125,3d 05 d4 0d 55 00
236.867000,PCS_dcdcLvBusVolt,12.5390625,41 05 d4 0d 55 00
236.967000,PCS_dcdcLvBusVolt,12.4609375,3f 05 d4 0d 55 00
237.167000,PCS_dcdcLvBusVolt,12.5,40 05 d4 0d 54 00
237.267000,PCS_dcdcLvBusVolt,12.4609375,3f 05 d4 0d 54 00
237.867000,PCS_dcdcLvBusVolt,12.421875,3e 05 d4 0d 55 00
237.967000,PCS_dcdcLvBusVolt,12.5,40 05 d4 0d 54 00
238.067000,PCS_dcdcLvBusVolt,12.3828125,3d 05 d4 0d 55 00
238.167000,PCS_dcdcLvBusVolt,12.5,40 05 d4 0d 54 00
238.267000,PCS_dcdcLvBusVolt,12.4609375,3f 05 d4 0d 54 00
238.466900,PCS_dcdcLvBusVolt,12.5390625,41 05 d4 0d 55 00
238.566900,PCS_dcdcLvBusVolt,12.3828125,3d 05 d4 0d 54 00
238.667100,PCS_dcdcLvBusVolt,12.421875,3e 05 d4 0d 55 00
238.767400,PCS_dcdcLvBusVolt,12.4609375,3f 05 d4 0d 54 00
238.967100,PCS_dcdcLvBusVolt,12.6953125,45 05 d4 0d 53 00
239.067100,PCS_dcdcLvBusVolt,12.5390625,41 05 d4 0d 54 00
239.167000,PCS_dcdcLvBusVolt,12.4609375,3f 05 d4 0d 54 00
239.366800,PCS_dcdcLvBusVolt,12.421875,3e 05 d4 0d 54 00
239.466800,PCS_dcdcLvBusVolt,12.5,40 05 d4 0d 53 00
239.567000,PCS_dcdcLvBusVolt,12.421875,3e 05 d4 0d 54 00
239.667100,PCS_dcdcLvBusVolt,12.34375,3c 05 d4 0d 54 00
239.766900,PCS_dcdcLvBusVolt,12.4609375,3f 05 d4 0d 53 00
239.966900,PCS_dcdcLvBusVolt,12.3828125,3d 05 d4 0d 53 00
240.066900,PCS_dcdcLvBusVolt,12.421875,3e 05 d4 0d 53 00
240.166900,PCS_dcdcLvBusVolt,12.4609375,3f 05 d4 0d 54 00
240.266900,PCS_dcdcLvBusVolt,12.421875,3e 05 d4 0d 54 00
240.467000,PCS_dcdcLvBusVolt,12.4609375,3f 05 d4 0d 53 00
240.667000,PCS_dcdcLvBusVolt,12.421875,3e 05 d5 0d 53 00
240.866800,PCS_dcdcLvBusVolt,12.5390625,41 05 d4 0d 55 00
240.966900,PCS_dcdcLvBusVolt,12.578125,42 05 d4 0d 53 00
241.066800,PCS_dcdcLvBusVolt,12.421875,3e 05 d4 0d 53 00
241.166800,PCS_dcdcLvBusVolt,12.4609375,3f 05 d4 0d 53 00
241.267000,PCS_dcdcLvBusVolt,12.2265625,39 05 d4 0d 53 00
241.367000,PCS_dcdcLvBusVolt,12.4609375,3f 05 d3 0d 52 00
241.467000,PCS_dcdcLvBusVolt,12.5,40 05 d4 0d 54 00
241.567000,PCS_dcdcLvBusVolt,12.421875,3e 05 d4 0d 53 00
241.667200,PCS_dcdcLvBusVolt,12.5,40 05 d4 0d 52 00
241.866900,PCS_dcdcLvBusVolt,12.4609375,3f 05 d4 0d 53 00
241.966900,PCS_dcdcLvBusVolt,12.5,40 05 d4 0d 53 00
242.066900,PCS_dcdcLvBusVolt,12.421875,3e 05 d4 0d 52 00
242.167200,PCS_dcdcLvBusVolt,12.5,40 05 d4 0d 52 00
242.267100,PCS_dcdcLvBusVolt,12.4609375,3f 05 d4 0d 53 00
242.367200,PCS_dcdcLvBusVolt,12.3828125,3d 05 d4 0d 52 00
242.467000,PCS_dcdcLvBusVolt,12.5,40 05 d4 0d 52 00
242.567000,PCS_dcdcLvBusVolt,12.578125,42 05 d4 0d 53 00
242.667200,PCS_dcdcLvBusVolt,12.4609375,3f 05 d4 0d 52 00
242.767000,PCS_dcdcLvBusVolt,12.5,40 05 d4 0d 54 00
242.867000,PCS_dcdcLvBusVolt,12.421875,3e 05 d4 0d 52 00
242.967000,PCS_dcdcLvBusVolt,12.5,40 05 d4 0d 53 00
243.067000,PCS_dcdcLvBusVolt,12.421875,3e 05 d4 0d 52 00
243.167000,PCS_dcdcLvBusVolt,12.5,40 05 d4 0d 52 00
243.267000,PCS_dcdcLvBusVolt,12.421875,3e 05 d4 0d 52 00
243.566900,PCS_dcdcLvBusVolt,12.4609375,3f 05 d4 0d 52 00
243.667100,PCS_dcdcLvBusVolt,12.421875,3e 05 d4 0d 51 00
243.766900,PCS_dcdcLvBusVolt,12.4609375,3f 05 d4 0d 52 00
244.066900,PCS_dcdcLvBusVolt,12.5,40 05 d4 0d 52 00
244.167100,PCS_dcdcLvBusVolt,12.4609375,3f 05 d4 0d 51 00
244.267100,PCS_dcdcLvBusVolt,12.5,40 05 d4 0d 52 00
244.366900,PCS_dcdcLvBusVolt,12.421875,3e 05 d4 0d 51 00
244.467100,PCS_dcdcLvBusVolt,12.4609375,3f 05 d4 0d 51 00
244.867000,PCS_dcdcLvBusVolt,12.421875,3e 05 d4 0d 52 00
244.967000,PCS_dcdcLvBusVolt,12.4609375,3f 05 d4 0d 52 00
245.067000,PCS_dcdcLvBusVolt,12.421875,3e 05 d4 0d 52 00
245.167000,PCS_dcdcLvBusVolt,12.4609375,3f 05 d4 0d 52 00
245.367000,PCS_dcdcLvBusVolt,12.421875,3e 05 d4 0d 52 00
245.667400,PCS_dcdcLvBusVolt,12.5390625,41 05 d4 0d 51 00
245.767000,PCS_dcdcLvBusVolt,12.4609375,3f 05 d4 0d 51 00
245.867000,PCS_dcdcLvBusVolt,12.421875,3e 05 d4 0d 51 00
245.967000,PCS_dcdcLvBusVolt,12.5,40 05 d4 0d 51 00
246.267000,PCS_dcdcLvBusVolt,12.4609375,3f 05 d4 0d 52 00
246.367000,PCS_dcdcLvBusVolt,12.421875,3e 05 d4 0d 51 00
246.467000,PCS_dcdcLvBusVolt,12.4609375,3f 05 d4 0d 51 00
246.767000,PCS_dcdcLvBusVolt,12.3828125,3d 05 d4 0d 51 00
246.867000,PCS_dcdcLvBusVolt,12.421875,3e 05 d4 0d 51 00
246.966800,PCS_dcdcLvBusVolt,12.4609375,3f 05 d5 0d 50 00
247.067200,PCS_dcdcLvBusVolt,12.5,40 05 d4 0d 51 00
247.167200,PCS_dcdcLvBusVolt,12.4609375,3f 05 d4 0d 51 00
247.366800,PCS_dcdcLvBusVolt,12.5,40 05 d5 0d 50 00
247.466800,PCS_dcdcLvBusVolt,12.4609375,3f 05 d4 0d 50 00
247.667300,PCS_dcdcLvBusVolt,12.5,40 05 d4 0d 50 00
247.967300,PCS_dcdcLvBusVolt,12.4609375,3f 05 d4 0d 50 00
248.367100,PCS_dcdcLvBusVolt,12.3828125,3d 05 d4 0d 50 00
248.467200,PCS_dcdcLvBusVolt,12.5,40 05 d4 0d 50 00
248.667200,PCS_dcdcLvBusVolt,12.4609375,3f 05 d4 0d 50 00
248.767300,PCS_dcdcLvBusVolt,12.5,40 05 d4 0d 51 00
248.867200,PCS_dcdcLvBusVolt,12.4609375,3f 05 d4 0d 50 00
249.067200,PCS_dcdcLvBusVolt,12.421875,3e 05 d4 0d 50 00
249.167200,PCS_dcdcLvBusVolt,12.5,40 05 d4 0d 50 00
249.267200,PCS_dcdcLvBusVolt,12.4609375,3f 05 d4 0d 50 00
249.367200,PCS_dcdcLvBusVolt,12.578125,42 05 d3 0d 4f 00
249.467200,PCS_dcdcLvBusVolt,12.4609375,3f 05 d4 0d 4f 00
249.567200,PCS_dcdcLvBusVolt,12.421875,3e 05 d4 0d 50 00
249.667200,PCS_dcdcLvBusVolt,12.5,40 05 d5 0d 50 00
249.767300,PCS_dcdcLvBusVolt,12.4609375,3f 05 d3 0d 50 00
249.966900,PCS_dcdcLvBusVolt,12.421875,3e 05 d4 0d 50 00
250.066900,PCS_dcdcLvBusVolt,12.5,40 05 d3 0d 50 00
250.166900,PCS_dcdcLvBusVolt,12.421875,3e 05 d4 0d 50 00
250.266900,PCS_dcdcLvBusVolt,12.4609375,3f 05 d4 0d 4f 00
250.366800,PCS_dcdcLvBusVolt,12.5390625,41 05 d5 0d 4f 00
250.467000,PCS_dcdcLvBusVolt,12.4609375,3f 05 d5 0d 4f 00
250.766900,PCS_dcdcLvBusVolt,12.65625,44 05 d3 0d 4f 00
250.866900,PCS_dcdcLvBusVolt,12.421875,3e 05 d5 0d 4f 00
250.966800,PCS_dcdcLvBusVolt,12.4609375,3f 05 d4 0d 50 00
251.167400,PCS_dcdcLvBusVolt,12.5,40 05 d5 0d 50 00
251.267400,PCS_dcdcLvBusVolt,12.421875,3e 05 d4 0d 4f 00
251.367300,PCS_dcdcLvBusVolt,12.4609375,3f 05 d3 0d 50 00
251.467000,PCS_dcdcLvBusVolt,12.5390625,41 05 d3 0d 50 00
251.567000,PCS_dcdcLvBusVolt,12.4609375,3f 05 d5 0d 50 00
251.667000,PCS_dcdcLvBusVolt,12.5,40 05 d5 0d 50 00
251.767100,PCS_dcdcLvBusVolt,12.4609375,3f 05 d3 0d 4f 00
251.867000,PCS_dcdcLvBusVolt,12.421875,3e 05 d4 0d 50 00
251.967000,PCS_dcdcLvBusVolt,12.4609375,3f 05 d4 0d 50 00
252.067100,PCS_dcdcLvBusVolt,12.5,40 05 d4 0d 50 00
252.167100,PCS_dcdcLvBusVolt,12.421875,3e 05 d4 0d 50 00
252.267100,PCS_dcdcLvBusVolt,12.4609375,3f 05 d4 0d 50 00
252.367000,PCS_dcdcLvBusVolt,12.5,40 05 d5 0d 50 00
252.467100,PCS_dcdcLvBusVolt,12.4609375,3f 05 d5 0d 50 00
252.567100,PCS_dcdcLvBusVolt,12.5,40 05 d4 0d 4f 00
252.867000,PCS_dcdcLvBusVolt,12.4609375,3f 05 d5 0d 4f 00
252.967000,PCS_dcdcLvBusVolt,12.421875,3e 05 d4 0d 50 00
253.067000,PCS_dcdcLvBusVolt,12.5,40 05 d4 0d 50 00
253.167000,PCS_dcdcLvBusVolt,12.4609375,3f 05 d5 0d 50 00
253.267000,PCS_dcdcLvBusVolt,12.421875,3e 05 d4 0d 4e 00
253.367000,PCS_dcdcLvBusVolt,12.4609375,3f 05 d3 0d 50 00
253.466900,PCS_dcdcLvBusVolt,12.421875,3e 05 d4 0d 4f 00
253.566900,PCS_dcdcLvBusVolt,12.5,40 05 d3 0d 50 00
253.766900,PCS_dcdcLvBusVolt,12.4609375,3f 05 d4 0d 50 00
253.966900,PCS_dcdcLvBusVolt,12.5,40 05 d5 0d 50 00
254.066900,PCS_dcdcLvBusVolt,12.421875,3e 05 d3 0d 50 00
254.167100,PCS_dcdcLvBusVolt,12.4609375,3f 05 d3 0d 50 00
254.267100,PCS_dcdcLvBusVolt,12.5,40 05 d4 0d 4e 00
254.367100,PCS_dcdcLvBusVolt,12.4609375,3f 05 d3 0d 4f 00
254.567000,PCS_dcdcLvBusVolt,12.421875,3e 05 d5 0d 50 00
254.667100,PCS_dcdcLvBusVolt,12.4609375,3f 05 d3 0d 4f 00
254.967100,PCS_dcdcLvBusVolt,12.5,40 05 d4 0d 4e 00
255.167100,PCS_dcdcLvBusVolt,12.4609375,3f 05 d3 0d 4e 00
255.267100,PCS_dcdcLvBusVolt,12.5,40 05 d4 0d 4e 00
255.367100,PCS_dcdcLvBusVolt,12.4609375,3f 05 d4 0d 4e 00
255.667100,PCS_dcdcLvBusVolt,12.5,40 05 d4 0d 4e 00
255.967000,PCS_dcdcLvBusVolt,12.4609375,3f 05 d4 0d 4e 00
256.167000,PCS_dcdcLvBusVolt,12.421875,3e 05 d5 0d 4e 00
256.367000,PCS_dcdcLvBusVolt,12.5,40 05 d4 0d 4d 00
256.467100,PCS_dcdcLvBusVolt,12.421875,3e 05 d4 0d 4e 00
256.667300,PCS_dcdcLvBusVolt,12.4609375,3f 05 d4 0d 4e 00
256.966900,PCS_dcdcLvBusVolt,12.5390625,41 05 d5 0d 4d 00
257.066900,PCS_dcdcLvBusVolt,12.4609375,3f 05 d4 0d 4d 00
257.367200,PCS_dcdcLvBusVolt,12.421875,3e 05 d4 0d 4d 00
257.466900,PCS_dcdcLvBusVolt,12.34375,3c 05 d4 0d 4d 00
257.567100,PCS_dcdcLvBusVolt,12.4609375,3f 05 d4 0d 4d 00
257.666600,PCS_dcdcLvBusVolt,12.421875,3e 05 d4 0d 4d 00
257.766600,PCS_dcdcLvBusVolt,12.4609375,3f 05 d4 0d 4e 00
257.867200,PCS_dcdcLvBusVolt,12.421875,3e 05 d4 0d 4c 00
257.966700,PCS_dcdcLvBusVolt,12.4609375,3f 05 d4 0d 4c 00
258.166600,PCS_dcdcLvBusVolt,12.5,40 05 d4 0d 4d 00
258.266600,PCS_dcdcLvBusVolt,12.4609375,3f 05 d4 0d 4d 00
258.367200,PCS_dcdcLvBusVolt,12.421875,3e 05 d4 0d 4d 00
258.566600,PCS_dcdcLvBusVolt,12.4609375,3f 05 d4 0d 4c 00
258.966600,PCS_dcdcLvBusVolt,12.34375,3c 05 d4 0d 4d 00
259.066600,PCS_dcdcLvBusVolt,12.421875,3e 05 d4 0d 4d 00
259.166600,PCS_dcdcLvBusVolt,12.4609375,3f 05 d4 0d 4d 00
259.266500,PCS_dcdcLvBusVolt,12.5,40 05 d3 0d 4e 00
259.366500,PCS_dcdcLvBusVolt,12.3046875,3b 05 d4 0d 4d 00
259.467000,PCS_dcdcLvBusVolt,12.421875,3e 05 d4 0d 4d 00
259.567000,PCS_dcdcLvBusVolt,12.4609375,3f 05 d4 0d 4d 00
259.867100,PCS_dcdcLvBusVolt,12.421875,3e 05 d4 0d 4c 00
259.967100,PCS_dcdcLvBusVolt,12.4609375,3f 05 d4 0d 4d 00
260.166700,PCS_dcdcLvBusVolt,12.5,40 05 d4 0d 4d 00
260.466500,PCS_dcdcLvBusVolt,12.4609375,3f 05 d4 0d 4d 00
260.666700,PCS_dcdcLvBusVolt,12.5390625,41 05 d4 0d 4c 00
260.766700,PCS_dcdcLvBusVolt,12.4609375,3f 05 d4 0d 4c 00
260.866700,PCS_dcdcLvBusVolt,12.421875,3e 05 d4 0d 4c 00
260.966700,PCS_dcdcLvBusVolt,12.4609375,3f 05 d4 0d 4c 00
261.266700,PCS_dcdcLvBusVolt,12.421875,3e 05 d4 0d 4d 00
261.366700,PCS_dcdcLvBusVolt,12.4609375,3f 05 d4 0d 4c 00
261.466700,PCS_dcdcLvBusVolt,12.421875,3e 05 d4 0d 4d 00
261.566700,PCS_dcdcLvBusVolt,12.5,40 05 d4 0d 4c 00
261.666700,PCS_dcdcLvBusVolt,12.4609375,3f 05 d4 0d 4d 00
261.766700,PCS_dcdcLvBusVolt,12.3828125,3d 05 d4 0d 4c 00
261.866700,PCS_dcdcLvBusVolt,12.4609375,3f 05 d4 0d 4d 00
261.966600,PCS_dcdcLvBusVolt,12.5,40 05 d4 0d 4d 00
262.066700,PCS_dcdcLvBusVolt,12.4609375,3f 05 d4 0d 4d 00
262.166600,PCS_dcdcLvBusVolt,12.5,40 05 d4 0d 4b 00
262.266600,PCS_dcdcLvBusVolt,12.4609375,3f 05 d4 0d 4c 00
262.366700,PCS_dcdcLvBusVolt,12.5,40 05 d4 0d 4c 00
262.466600,PCS_dcdcLvBusVolt,12.421875,3e 05 d4 0d 4c 00
262.566600,PCS_dcdcLvBusVolt,12.4609375,3f 05 d4 0d 4c 00
262.666600,PCS_dcdcLvBusVolt,12.421875,3e 05 d4 0d 4c 00
262.766600,PCS_dcdcLvBusVolt,12.5,40 05 d4 0d 4c 00
263.066600,PCS_dcdcLvBusVolt,12.4609375,3f 05 d4 0d 4c 00
263.166600,PCS_dcdcLvBusVolt,12.421875,3e 05 d4 0d 4b 00
263.266600,PCS_dcdcLvBusVolt,12.4609375,3f 05 d4 0d 4c 00
263.366400,PCS_dcdcLvBusVolt,12.421875,3e 05 d4 0d 4c 00
263.466600,PCS_dcdcLvBusVolt,12.5,40 05 d4 0d 4c 00
263.566600,PCS_dcdcLvBusVolt,12.4609375,3f 05 d4 0d 4b 00
263.666600,PCS_dcdcLvBusVolt,12.5,40 05 d4 0d 4b 00
263.766400,PCS_dcdcLvBusVolt,12.421875,3e 05 d4 0d 4b 00
263.866300,PCS_dcdcLvBusVolt,12.5,40 05 d4 0d 4c 00
263.966300,PCS_dcdcLvBusVolt,12.4609375,3f 05 d4 0d 4c 00
264.066300,PCS_dcdcLvBusVolt,12.5,40 05 d4 0d 4c 00
264.166500,PCS_dcdcLvBusVolt,12.4609375,3f 05 d4 0d 4d 00
264.366400,PCS_dcdcLvBusVolt,12.421875,3e 05 d4 0d 4c 00
264.466300,PCS_dcdcLvBusVolt,12.4609375,3f 05 d4 0d 4b 00
264.566300,PCS_dcdcLvBusVolt,12.421875,3e 05 d4 0d 4c 00
264.666300,PCS_dcdcLvBusVolt,12.4609375,3f 05 d4 0d 4c 00
264.966300,PCS_dcdcLvBusVolt,12.421875,3e 05 d4 0d 4b 00
265.266200,PCS_dcdcLvBusVolt,12.5,40 05 d4 0d 4b 00
265.466300,PCS_dcdcLvBusVolt,12.421875,3e 05 d4 0d 4c 00
265.566200,PCS_dcdcLvBusVolt,12.4609375,3f 05 d4 0d 4c 00
265.666500,PCS_dcdcLvBusVolt,12.3828125,3d 05 d4 0d 4b 00
265.766600,PCS_dcdcLvBusVolt,12.4609375,3f 05 d4 0d 4b 00
265.866200,PCS_dcdcLvBusVolt,12.5390625,41 05 d4 0d 4b 00
266.066000,PCS_dcdcLvBusVolt,12.4609375,3f 05 d4 0d 4b 00
266.266400,PCS_dcdcLvBusVolt,12.5,40 05 d4 0d 4b 00
266.366400,PCS_dcdcLvBusVolt,12.4609375,3f 05 d4 0d 4b 00
266.465900,PCS_dcdcLvBusVolt,12.5,40 05 d4 0d 4b 00
266.566100,PCS_dcdcLvBusVolt,12.4609375,3f 05 d4 0d 4b 00
266.666000,PCS_dcdcLvBusVolt,12.5390625,41 05 d4 0d 4b 00
266.766300,PCS_dcdcLvBusVolt,12.4609375,3f 05 d4 0d 4b 00
266.866000,PCS_dcdcLvBusVolt,12.5,40 05 d4 0d 4c 00
267.066000,PCS_dcdcLvBusVolt,12.4609375,3f 05 d4 0d 4b 00
267.366100,PCS_dcdcLvBusVolt,12.5,40 05 d4 0d 4b 00
267.566200,PCS_dcdcLvBusVolt,12.3828125,3d 05 d4 0d 4b 00
267.665900,PCS_dcdcLvBusVolt,12.4609375,3f 05 d4 0d 4c 00
267.866000,PCS_dcdcLvBusVolt,12.5390625,41 05 d4 0d 4c 00
267.966200,PCS_dcdcLvBusVolt,12.4609375,3f 05 d4 0d 4b 00
268.066000,PCS_dcdcLvBusVolt,12.421875,3e 05 d4 0d 4b 00
268.166100,PCS_dcdcLvBusVolt,12.4609375,3f 05 d4 0d 4c 00
268.266000,PCS_dcdcLvBusVolt,12.421875,3e 05 d4 0d 4b 00
268.366400,PCS_dcdcLvBusVolt,12.4609375,3f 05 d4 0d 4b 00
268.566000,PCS_dcdcLvBusVolt,12.421875,3e 05 d4 0d 4b 00
268.666000,PCS_dcdcLvBusVolt,12.4609375,3f 05 d4 0d 4a 00
268.766300,PCS_dcdcLvBusVolt,12.421875,3e 05 d4 0d 4b 00
268.866000,PCS_dcdcLvBusVolt,12.578125,42 05 d4 0d 4b 00
268.966300,PCS_dcdcLvBusVolt,12.4609375,3f 05 d4 0d 4b 00
269.065900,PCS_dcdcLvBusVolt,12.5390625,41 05 d4 0d 4b 00
269.166300,PCS_dcdcLvBusVolt,12.3828125,3d 05 d4 0d 4a 00
269.265800,PCS_dcdcLvBusVolt,12.421875,3e 05 d4 0d 4b 00
269.365900,PCS_dcdcLvBusVolt,12.4609375,3f 05 d4 0d 4b 00
269.566100,PCS_dcdcLvBusVolt,12.421875,3e 05 d4 0d 4a 00
269.665900,PCS_dcdcLvBusVolt,12.3828125,3d 05 d4 0d 4a 00
269.766100,PCS_dcdcLvBusVolt,12.4609375,3f 05 d4 0d 4b 00
269.865900,PCS_dcdcLvBusVolt,12.421875,3e 05 d4 0d 4a 00
270.065900,PCS_dcdcLvBusVolt,12.5,40 05 d4 0d 4a 00
270.165900,PCS_dcdcLvBusVolt,12.4609375,3f 05 d4 0d 4b 00
270.266000,PCS_dcdcLvBusVolt,12.5,40 05 d4 0d 4a 00
270.465900,PCS_dcdcLvBusVolt,12.578125,42 05 d4 0d 4b 00
270.566000,PCS_dcdcLvBusVolt,12.4609375,3f 05 d4 0d 4a 00
270.665900,PCS_dcdcLvBusVolt,12.3828125,3d 05 d4 0d 4b 00
270.766400,PCS_dcdcLvBusVolt,12.5,40 05 d4 0d 4b 00
270.966000,PCS_dcdcLvBusVolt,12.5390625,41 05 d4 0d 4a 00
271.065900,PCS_dcdcLvBusVolt,12.4609375,3f 05 d4 0d 4b 00
271.166000,PCS_dcdcLvBusVolt,12.34375,3c 05 d4 0d 49 00
271.265900,PCS_dcdcLvBusVolt,12.4609375,3f 05 d4 0d 4b 00
271.365900,PCS_dcdcLvBusVolt,12.421875,3e 05 d4 0d 4b 00
271.565900,PCS_dcdcLvBusVolt,12.4609375,3f 05 d4 0d 4b 00
271.864600,PCS_dcdcLvBusVolt,12.5,40 05 d4 0d 4b 00
271.965600,PCS_dcdcLvBusVolt,12.4609375,3f 05 d4 0d 4b 00
272.165400,PCS_dcdcLvBusVolt,12.421875,3e 05 d4 0d 4a 00
272.266200,PCS_dcdcLvBusVolt,12.4609375,3f 05 d4 0d 4a 00
272.364600,PCS_dcdcLvBusVolt,12.5,40 05 d4 0d 4a 00
272.464600,PCS_dcdcLvBusVolt,12.421875,3e 05 d4 0d 4a 00
272.566000,PCS_dcdcLvBusVolt,12.34375,3c 05 d4 0d 4a 00
272.665700,PCS_dcdcLvBusVolt,12.4609375,3f 05 d4 0d 4a 00
272.866000,PCS_dcdcLvBusVolt,12.5,40 05 d4 0d 4b 00
272.965700,PCS_dcdcLvBusVolt,12.421875,3e 05 d4 0d 4b 00
273.166000,PCS_dcdcLvBusVolt,12.4609375,3f 05 d4 0d 4a 00
273.265700,PCS_dcdcLvBusVolt,12.421875,3e 05 d4 0d 4b 00
273.365500,PCS_dcdcLvBusVolt,12.578125,42 05 d4 0d 49 00
273.465500,PCS_dcdcLvBusVolt,12.4609375,3f 05 d4 0d 4a 00
273.566200,PCS_dcdcLvBusVolt,12.5390625,41 05 d4 0d 4a 00
273.665500,PCS_dcdcLvBusVolt,12.4609375,3f 05 d4 0d 4a 00
274.065500,PCS_dcdcLvBusVolt,12.5,40 05 d4 0d 4b 00
274.165700,PCS_dcdcLvBusVolt,12.4609375,3f 05 d4 0d 4a 00
274.265400,PCS_dcdcLvBusVolt,12.7734375,47 05 d4 0d 4a 00
274.365500,PCS_dcdcLvBusVolt,12.4609375,3f 05 d4 0d 4a 00
274.665500,PCS_dcdcLvBusVolt,12.421875,3e 05 d4 0d 4a 00
274.766400,PCS_dcdcLvBusVolt,12.5,40 05 d4 0d 4b 00
274.865300,PCS_dcdcLvBusVolt,12.3828125,3d 05 d4 0d 4b 00
274.964600,PCS_dcdcLvBusVolt,12.4609375,3f 05 d4 0d 4a 00
275.064600,PCS_dcdcLvBusVolt,12.5,40 05 d4 0d 4a 00
275.265500,PCS_dcdcLvBusVolt,12.4609375,3f 05 d4 0d 4a 00
275.365700,PCS_dcdcLvBusVolt,12.5390625,41 05 d4 0d 4a 00
275.465500,PCS_dcdcLvBusVolt,12.4609375,3f 05 d4 0d 4a 00
275.864700,PCS_dcdcLvBusVolt,12.421875,3e 05 d4 0d 4a 00
275.965900,PCS_dcdcLvBusVolt,12.5,40 05 d4 0d 4a 00
276.064600,PCS_dcdcLvBusVolt,12.4609375,3f 05 d4 0d 4a 00
276.164600,PCS_dcdcLvBusVolt,12.421875,3e 05 d4 0d 49 00
276.264600,PCS_dcdcLvBusVolt,12.5,40 05 d4 0d 4a 00
276.365500,PCS_dcdcLvBusVolt,12.4609375,3f 05 d4 0d 4a 00
276.564600,PCS_dcdcLvBusVolt,12.421875,3e 05 d4 0d 4a 00
276.665400,PCS_dcdcLvBusVolt,12.5,40 05 d4 0d 4b 00
276.765400,PCS_dcdcLvBusVolt,12.5390625,41 05 d4 0d 49 00
276.865400,PCS_dcdcLvBusVolt,12.5,40 05 d4 0d 49 00
276.964600,PCS_dcdcLvBusVolt,12.578125,42 05 d4 0d 49 00
277.065500,PCS_dcdcLvBusVolt,12.3828125,3d 05 d4 0d 4a 00
277.264700,PCS_dcdcLvBusVolt,12.421875,3e 05 d4 0d 4a 00
277.365500,PCS_dcdcLvBusVolt,12.4609375,3f 05 d4 0d 49 00
277.664700,PCS_dcdcLvBusVolt,12.3828125,3d 05 d4 0d 4b 00
277.764500,PCS_dcdcLvBusVolt,12.4609375,3f 05 d4 0d 49 00
277.864600,PCS_dcdcLvBusVolt,12.421875,3e 05 d4 0d 49 00
277.964700,PCS_dcdcLvBusVolt,12.34375,3c 05 d4 0d 4a 00
278.064500,PCS_dcdcLvBusVolt,12.421875,3e 05 d4 0d 49 00
278.164500,PCS_dcdcLvBusVolt,12.4609375,3f 05 d4 0d 49 00
278.264500,PCS_dcdcLvBusVolt,12.65625,44 05 d4 0d 49 00
278.364600,PCS_dcdcLvBusVolt,12.421875,3e 05 d4 0d 4a 00
278.564500,PCS_dcdcLvBusVolt,12.4609375,3f 05 d4 0d 49 00
278.664500,PCS_dcdcLvBusVolt,12.421875,3e 05 d4 0d 49 00
278.764500,PCS_dcdcLvBusVolt,12.5390625,41 05 d4 0d 49 00
278.864700,PCS_dcdcLvBusVolt,12.578125,42 05 d4 0d 49 00
278.965600,PCS_dcdcLvBusVolt,12.4609375,3f 05 d4 0d 4a 00
279.164500,PCS_dcdcLvBusVolt,12.3828125,3d 05 d4 0d 49 00
279.264600,PCS_dcdcLvBusVolt,12.5,40 05 d4 0d 49 00
279.364600,PCS_dcdcLvBusVolt,12.4609375,3f 05 d4 0d 49 00
279.464600,PCS_dcdcLvBusVolt,12.5,40 05 d4 0d 49 00
279.564700,PCS_dcdcLvBusVolt,12.421875,3e 05 d4 0d 49 00
279.664700,PCS_dcdcLvBusVolt,12.4609375,3f 05 d4 0d 49 00
279.964700,PCS_dcdcLvBusVolt,12.5,40 05 d4 0d 49 00
280.065500,PCS_dcdcLvBusVolt,12.4609375,3f 05 d4 0d 49 00
280.165500,PCS_dcdcLvBusVolt,12.5,40 05 d4 0d 49 00
280.265500,PCS_dcdcLvBusVolt,12.4609375,3f 05 d4 0d 4a 00
280.564700,PCS_dcdcLvBusVolt,12.421875,3e 05 d4 0d 49 00
280.664700,PCS_dcdcLvBusVolt,12.4609375,3f 05 d4 0d 49 00
280.764600,PCS_dcdcLvBusVolt,12.5390625,41 05 d4 0d 49 00
280.864600,PCS_dcdcLvBusVolt,12.421875,3e 05 d4 0d 49 00
280.964600,PCS_dcdcLvBusVolt,12.4609375,3f 05 d4 0d 49 00
281.164800,PCS_dcdcLvBusVolt,12.3828125,3d 05 d4 0d 49 00
281.264500,PCS_dcdcLvBusVolt,12.421875,3e 05 d4 0d 49 00
281.464800,PCS_dcdcLvBusVolt,12.5,40 05 d4 0d 49 00
281.564800,PCS_dcdcLvBusVolt,12.4609375,3f 05 d4 0d 49 00
281.664600,PCS_dcdcLvBusVolt,12.5390625,41 05 d4 0d 49 00
281.864600,PCS_dcdcLvBusVolt,12.421875,3e 05 d4 0d 49 00
281.964600,PCS_dcdcLvBusVolt,12.5,40 05 d4 0d 48 00
282.064600,PCS_dcdcLvBusVolt,12.421875,3e 05 d4 0d 49 00
282.164600,PCS_dcdcLvBusVolt,12.4609375,3f 05 d4 0d 48 00
282.265600,PCS_dcdcLvBusVolt,11.796875,2e 05 ad 0d 00 00
282.364700,PCS_dcdcLvBusVolt,11.71875,2c 05 04 0d 00 00
282.464700,PCS_dcdcLvBusVolt,14.0625,68 05 3e 0a 00 00
282.564700,PCS_dcdcLvBusVolt,13.515625,5a 05 d6 00 00 00
282.664700,PCS_dcdcLvBusVolt,11.875,30 05 a5 00 00 00
282.764600,PCS_dcdcLvBusVolt,11.71875,2c 05 85 00 00 00
282.864600,PCS_dcdcLvBusVolt,11.6796875,2b 05 84 00 00 00
283.064600,PCS_dcdcLvBusVolt,11.6015625,29 05 80 00 00 00
283.164600,PCS_dcdcLvBusVolt,11.640625,2a 05 7f 00 00 00
283.264600,PCS_dcdcLvBusVolt,11.5625,28 05 7d 00 00 00
283.364600,PCS_dcdcLvBusVolt,11.6015625,29 05 7c 00 00 00
283.464600,PCS_dcdcLvBusVolt,11.5625,28 05 7a 00 00 00
283.864600,PCS_dcdcLvBusVolt,11.5234375,27 05 74 00 00 00
284.164400,PCS_dcdcLvBusVolt,11.484375,26 05 70 00 00 00
284.664600,PCS_dcdcLvBusVolt,11.4453125,25 05 69 00 00 00
285.064300,PCS_dcdcLvBusVolt,11.40625,24 05 65 00 00 00
285.564600,PCS_dcdcLvBusVolt,11.3671875,23 05 60 00 00 00
285.665300,PCS_dcdcLvBusVolt,11.40625,24 05 5f 00 00 00
285.764300,PCS_dcdcLvBusVolt,11.3671875,23 05 5e 00 00 00
286.064300,PCS_dcdcLvBusVolt,11.328125,22 05 5c 00 00 00
286.564300,PCS_dcdcLvBusVolt,11.2890625,21 05 59 00 00 00
286.664300,PCS_dcdcLvBusVolt,11.328125,22 05 59 00 00 00
286.864300,PCS_dcdcLvBusVolt,11.2890625,21 05 58 00 00 00
287.064300,PCS_dcdcLvBusVolt,11.25,20 05 57 00 00 00
287.664300,PCS_dcdcLvBusVolt,11.2109375,1f 05 56 00 00 00
287.964200,PCS_dcdcLvBusVolt,11.171875,1e 05 56 00 00 00
288.064300,PCS_dcdcLvBusVolt,11.2109375,1f 05 56 00 00 00
288.264300,PCS_dcdcLvBusVolt,11.171875,1e 05 56 00 00 00
288.464300,PCS_dcdcLvBusVolt,11.2109375,1f 05 56 00 00 00
288.564100,PCS_dcdcLvBusVolt,11.1328125,1d 05 56 00 00 00
289.264100,PCS_dcdcLvBusVolt,11.09375,1c 05 56 00 00 00
289.664100,PCS_dcdcLvBusVolt,11.0546875,1b 05 56 00 00 00
289.964100,PCS_dcdcLvBusVolt,11.09375,1c 05 56 00 00 00
290.064100,PCS_dcdcLvBusVolt,11.0546875,1b 05 56 00 00 00
290.164200,PCS_dcdcLvBusVolt,11.015625,1a 05 56 00 00 00
290.264000,PCS_dcdcLvBusVolt,11.0546875,1b 05 56 00 00 00
290.564000,PCS_dcdcLvBusVolt,10.9765625,19 05 56 00 00 00
290.764000,PCS_dcdcLvBusVolt,11.015625,1a 05 56 00 00 00
290.964000,PCS_dcdcLvBusVolt,10.9765625,19 05 56 00 00 00
291.364200,PCS_dcdcLvBusVolt,10.9375,18 05 56 00 00 00
291.963700,PCS_dcdcLvBusVolt,10.8984375,17 05 56 00 00 00
292.263700,PCS_dcdcLvBusVolt,11.015625,1a 05 56 00 00 00
292.363900,PCS_dcdcLvBusVolt,11.0546875,1b 05 56 00 00 00
292.564100,PCS_dcdcLvBusVolt,11.015625,1a 05 56 00 00 00
292.663700,PCS_dcdcLvBusVolt,11.0546875,1b 05 56 00 00 00
292.763700,PCS_dcdcLvBusVolt,11.015625,1a 05 56 00 00 00
292.863700,PCS_dcdcLvBusVolt,11.0546875,1b 05 56 00 00 00
293.063700,PCS_dcdcLvBusVolt,11.015625,1a 05 56 00 00 00
294.063600,PCS_dcdcLvBusVolt,10.9765625,19 05 56 00 00 00
0.079200,PCS_dcdcLvOutputCurrent,334.1,12 05 d4 0d dd 00
0.179200,PCS_dcdcLvOutputCurrent,385.3,12 05 d4 0d df 00
0.279100,PCS_dcdcLvOutputCurrent,154.9,10 05 d4 0d d6 00
0.379400,PCS_dcdcLvOutputCurrent,282.9,11 05 d4 0d db 00
0.479500,PCS_dcdcLvOutputCurrent,308.5,11 05 d4 0d dc 00
0.579200,PCS_dcdcLvOutputCurrent,282.9,11 05 d4 0d db 00
0.679300,PCS_dcdcLvOutputCurrent,231.7,11 05 d3 0d d9 00
0.779200,PCS_dcdcLvOutputCurrent,308.5,12 05 d4 0d dc 00
0.879100,PCS_dcdcLvOutputCurrent,359.7,12 05 d4 0d de 00
0.979100,PCS_dcdcLvOutputCurrent,206.1,0f 05 d4 0d d8 00
1.079100,PCS_dcdcLvOutputCurrent,282.9,12 05 d4 0d db 00
1.279100,PCS_dcdcLvOutputCurrent,231.7,12 05 d4 0d d9 00
1.379300,PCS_dcdcLvOutputCurrent,308.5,10 05 d3 0d dc 00
1.479100,PCS_dcdcLvOutputCurrent,282.9,12 05 d4 0d db 00
1.579100,PCS_dcdcLvOutputCurrent,231.7,12 05 d4 0d d9 00
1.779300,PCS_dcdcLvOutputCurrent,334.1,0f 05 d4 0d dd 00
1.879200,PCS_dcdcLvOutputCurrent,231.7,12 05 d4 0d d9 00
1.979200,PCS_dcdcLvOutputCurrent,206.1,13 05 d4 0d d8 00
2.079200,PCS_dcdcLvOutputCurrent,359.7,11 05 d4 0d de 00
2.179000,PCS_dcdcLvOutputCurrent,154.9,11 05 d4 0d d6 00
2.279300,PCS_dcdcLvOutputCurrent,282.9,12 05 d4 0d db 00
2.379200,PCS_dcdcLvOutputCurrent,359.7,13 05 d4 0d de 00
2.779000,PCS_dcdcLvOutputCurrent,52.5,13 05 d3 0d e2 00
2.879000,PCS_dcdcLvOutputCurrent,282.9,12 05 d4 0d db 00
2.979000,PCS_dcdcLvOutputCurrent,385.3,12 05 d4 0d df 00
3.079000,PCS_dcdcLvOutputCurrent,129.3,13 05 d3 0d e5 00
3.179000,PCS_dcdcLvOutputCurrent,334.1,13 05 d4 0d dd 00
3.279000,PCS_dcdcLvOutputCurrent,26.9,15 05 d4 0d e1 00
3.379200,PCS_dcdcLvOutputCurrent,206.1,13 05 d4 0d e8 00
3.479000,PCS_dcdcLvOutputCurrent,334.1,12 05 d4 0d dd 00
3.579100,PCS_dcdcLvOutputCurrent,154.9,13 05 d4 0d e6 00
3.679100,PCS_dcdcLvOutputCurrent,180.5,13 05 d4 0d e7 00
3.879300,PCS_dcdcLvOutputCurrent,129.3,13 05 d3 0d e5 00
3.979000,PCS_dcdcLvOutputCurrent,206.1,11 05 d3 0d e8 00
4.079100,PCS_dcdcLvOutputCurrent,282.9,12 05 d3 0d eb 00
4.178900,PCS_dcdcLvOutputCurrent,78.1,12 05 d4 0d e3 00
4.279100,PCS_dcdcLvOutputCurrent,154.9,12 05 d4 0d e6 00
4.379100,PCS_dcdcLvOutputCurrent,257.3,12 05 d4 0d ea 00
4.479000,PCS_dcdcLvOutputCurrent,52.5,11 05 d3 0d e2 00
4.578900,PCS_dcdcLvOutputCurrent,129.3,11 05 d4 0d e5 00
4.679100,PCS_dcdcLvOutputCurrent,180.5,11 05 d4 0d e7 00
4.778900,PCS_dcdcLvOutputCurrent,308.5,12 05 d4 0d dc 00
4.879100,PCS_dcdcLvOutputCurrent,1.3,12 05 d4 0d e0 00
5.079100,PCS_dcdcLvOutputCurrent,282.9,10 05 d4 0d db 00
5.179100,PCS_dcdcLvOutputCurrent,231.7,12 05 d4 0d d9 00
5.379200,PCS_dcdcLvOutputCurrent,257.3,11 05 d4 0d da 00
5.478900,PCS_dcdcLvOutputCurrent,129.3,13 05 d4 0d d5 00
5.579000,PCS_dcdcLvOutputCurrent,154.9,0d 05 d4 0d d6 00
5.679000,PCS_dcdcLvOutputCurrent,231.7,0f 05 d4 0d d9 00
5.778900,PCS_dcdcLvOutputCurrent,154.9,12 05 d4 0d d6 00
5.879200,PCS_dcdcLvOutputCurrent,282.9,13 05 d4 0d db 00
5.978900,PCS_dcdcLvOutputCurrent,334.1,13 05 d4 0d dd 00
6.079000,PCS_dcdcLvOutputCurrent,257.3,13 05 d4 0d da 00
6.178800,PCS_dcdcLvOutputCurrent,359.7,12 05 d4 0d de 00
6.279000,PCS_dcdcLvOutputCurrent,385.3,10 05 d4 0d df 00
6.379300,PCS_dcdcLvOutputCurrent,359.7,11 05 d4 0d de 00
6.479000,PCS_dcdcLvOutputCurrent,308.5,11 05 d4 0d dc 00
6.579000,PCS_dcdcLvOutputCurrent,1.3,13 05 d4 0d e0 00
6.778800,PCS_dcdcLvOutputCurrent,308.5,11 05 d3 0d dc 00
6.879200,PCS_dcdcLvOutputCurrent,385.3,10 05 d4 0d df 00
6.978800,PCS_dcdcLvOutputCurrent,359.7,11 05 d4 0d de 00
7.078800,PCS_dcdcLvOutputCurrent,334.1,12 05 d4 0d dd 00
7.278900,PCS_dcdcLvOutputCurrent,1.3,13 05 d4 0d e0 00
7.379100,PCS_dcdcLvOutputCurrent,308.5,12 05 d3 0d dc 00
7.479000,PCS_dcdcLvOutputCurrent,206.1,12 05 d3 0d d8 00
7.578900,PCS_dcdcLvOutputCurrent,257.3,15 05 d4 0d da 00
7.678900,PCS_dcdcLvOutputCurrent,78.1,11 05 d4 0d d3 00
7.778900,PCS_dcdcLvOutputCurrent,206.1,12 05 d3 0d d8 00
7.879100,PCS_dcdcLvOutputCurrent,334.1,12 05 d4 0d dd 00
7.978800,PCS_dcdcLvOutputCurrent,308.5,11 05 d3 0d fc 00
8.178700,PCS_dcdcLvOutputCurrent,385.3,12 05 d4 0d ff 00
8.278900,PCS_dcdcLvOutputCurrent,231.7,12 05 d4 0d e9 00
8.378900,PCS_dcdcLvOutputCurrent,154.9,12 05 d4 0d e6 00
8.478800,PCS_dcdcLvOutputCurrent,180.5,10 05 d4 0d e7 00
8.578900,PCS_dcdcLvOutputCurrent,359.7,12 05 d4 0d de 00
8.678900,PCS_dcdcLvOutputCurrent,257.3,11 05 d4 0d da 00
8.878700,PCS_dcdcLvOutputCurrent,334.1,12 05 d4 0d dd 00
8.978900,PCS_dcdcLvOutputCurrent,52.5,13 05 d4 0d d2 00
9.078700,PCS_dcdcLvOutputCurrent,282.9,11 05 d4 0d db 00
9.178700,PCS_dcdcLvOutputCurrent,359.7,0f 05 d4 0d de 00
9.278700,PCS_dcdcLvOutputCurrent,231.7,12 05 d4 0d d9 00
9.378800,PCS_dcdcLvOutputCurrent,282.9,12 05 d3 0d db 00
9.578700,PCS_dcdcLvOutputCurrent,308.5,13 05 d4 0d dc 00
9.678800,PCS_dcdcLvOutputCurrent,334.1,12 05 d3 0d dd 00
9.778800,PCS_dcdcLvOutputCurrent,308.5,12 05 d4 0d dc 00
9.878800,PCS_dcdcLvOutputCurrent,334.1,13 05 d4 0d dd 00
9.978700,PCS_dcdcLvOutputCurrent,308.5,13 05 d4 0d dc 00
10.078800,PCS_dcdcLvOutputCurrent,334.1,13 05 d4 0d dd 00
10.178800,PCS_dcdcLvOutputCurrent,359.7,12 05 d4 0d de 00
10.278800,PCS_dcdcLvOutputCurrent,257.3,13 05 d4 0d da 00
10.378800,PCS_dcdcLvOutputCurrent,385.3,12 05 d3 0d df 00
10.478700,PCS_dcdcLvOutputCurrent,52.5,13 05 d4 0d e2 00
10.579000,PCS_dcdcLvOutputCurrent,308.5,13 05 d4 0d dc 00
10.678800,PCS_dcdcLvOutputCurrent,26.9,13 05 d4 0d e1 00
10.778800,PCS_dcdcLvOutputCurrent,78.1,15 05 d4 0d e3 00
10.878800,PCS_dcdcLvOutputCurrent,334.1,12 05 d4 0d dd 00
10.978800,PCS_dcdcLvOutputCurrent,26.9,14 05 d4 0d e1 00
11.078600,PCS_dcdcLvOutputCurrent,180.5,13 05 d4 0d e7 00
11.178600,PCS_dcdcLvOutputCurrent,103.7,13 05 d3 0d e4 00
11.278600,PCS_dcdcLvOutputCurrent,26.9,12 05 d4 0d e1 00
11.378600,PCS_dcdcLvOutputCurrent,129.3,13 05 d3 0d e5 00
11.478800,PCS_dcdcLvOutputCurrent,78.1,11 05 d4 0d e3 00
11.578600,PCS_dcdcLvOutputCurrent,129.3,18 05 d4 0d e5 00
11.678600,PCS_dcdcLvOutputCurrent,154.9,12 05 d4 0d e6 00
11.778700,PCS_dcdcLvOutputCurrent,180.5,13 05 d4 0d e7 00
11.878700,PCS_dcdcLvOutputCurrent,103.7,11 05 d4 0d e4 00
11.978600,PCS_dcdcLvOutputCurrent,26.9,11 05 d4 0d e1 00
12.078700,PCS_dcdcLvOutputCurrent,154.9,12 05 d3 0d e6 00
12.178700,PCS_dcdcLvOutputCurrent,1.3,12 05 d4 0d e0 00
12.278700,PCS_dcdcLvOutputCurrent,78.1,11 05 d4 0d e3 00
12.378700,PCS_dcdcLvOutputCurrent,52.5,11 05 d4 0d e2 00
12.478600,PCS_dcdcLvOutputCurrent,206.1,0f 05 d4 0d d8 00
12.578700,PCS_dcdcLvOutputCurrent,385.3,12 05 d4 0d df 00
12.678700,PCS_dcdcLvOutputCurrent,26.9,12 05 d4 0d e1 00
12.778500,PCS_dcdcLvOutputCurrent,1.3,11 05 d4 0d e0 00
12.878500,PCS_dcdcLvOutputCurrent,334.1,11 05 d4 0d dd 00
13.078500,PCS_dcdcLvOutputCurrent,308.5,11 05 d4 0d dc 00
13.178500,PCS_dcdcLvOutputCurrent,206.1,10 05 d4 0d d8 00
13.278500,PCS_dcdcLvOutputCurrent,180.5,11 05 d3 0d d7 00
13.378600,PCS_dcdcLvOutputCurrent,257.3,11 05 d4 0d da 00
13.478700,PCS_dcdcLvOutputCurrent,154.9,11 05 d4 0d d6 00
13.578500,PCS_dcdcLvOutputCurrent,257.3,10 05 d4 0d da 00
13.778500,PCS_dcdcLvOutputCurrent,52.5,14 05 d4 0d d2 00
13.878500,PCS_dcdcLvOutputCurrent,180.5,12 05 d4 0d d7 00
13.978500,PCS_dcdcLvOutputCurrent,206.1,11 05 d4 0d d8 00
14.078500,PCS_dcdcLvOutputCurrent,257.3,11 05 d4 0d da 00
14.178600,PCS_dcdcLvOutputCurrent,282.9,12 05 d4 0d db 00
14.278600,PCS_dcdcLvOutputCurrent,26.9,13 05 d4 0d e1 00
14.378600,PCS_dcdcLvOutputCurrent,1.3,12 05 d4 0d e0 00
14.478500,PCS_dcdcLvOutputCurrent,334.1,12 05 d4 0d dd 00
14.578600,PCS_dcdcLvOutputCurrent,385.3,13 05 d4 0d df 00
14.678600,PCS_dcdcLvOutputCurrent,52.5,13 05 d4 0d e2 00
14.778600,PCS_dcdcLvOutputCurrent,308.5,11 05 d4 0d dc 00
14.878400,PCS_dcdcLvOutputCurrent,359.7,13 05 d4 0d de 00
14.978500,PCS_dcdcLvOutputCurrent,385.3,12 05 d4 0d df 00
15.078400,PCS_dcdcLvOutputCurrent,308.5,12 05 d3 0d dc 00
15.178600,PCS_dcdcLvOutputCurrent,385.3,12 05 d3 0d df 00
15.378400,PCS_dcdcLvOutputCurrent,308.5,14 05 d4 0d dc 00
15.478600,PCS_dcdcLvOutputCurrent,334.1,12 05 d4 0d dd 00
15.578700,PCS_dcdcLvOutputCurrent,385.3,12 05 d4 0d df 00
15.678900,PCS_dcdcLvOutputCurrent,308.5,13 05 d4 0d dc 00
15.778700,PCS_dcdcLvOutputCurrent,257.3,12 05 d4 0d da 00
15.878700,PCS_dcdcLvOutputCurrent,26.9,14 05 d4 0d e1 00
15.978600,PCS_dcdcLvOutputCurrent,231.7,0f 05 d4 0d d9 00
16.078700,PCS_dcdcLvOutputCurrent,334.1,12 05 d4 0d dd 00
16.178700,PCS_dcdcLvOutputCurrent,26.9,13 05 d3 0d e1 00
16.278700,PCS_dcdcLvOutputCurrent,334.1,11 05 d4 0d dd 00
16.378500,PCS_dcdcLvOutputCurrent,385.3,14 05 d4 0d df 00
16.478600,PCS_dcdcLvOutputCurrent,334.1,11 05 d3 0d dd 00
16.578500,PCS_dcdcLvOutputCurrent,26.9,11 05 d3 0d e1 00
16.678700,PCS_dcdcLvOutputCurrent,282.9,12 05 d4 0d db 00
16.778700,PCS_dcdcLvOutputCurrent,257.3,0f 05 d3 0d da 00
16.878500,PCS_dcdcLvOutputCurrent,385.3,0f 05 d4 0d df 00
16.978500,PCS_dcdcLvOutputCurrent,257.3,11 05 d4 0d da 00
17.078700,PCS_dcdcLvOutputCurrent,359.7,12 05 d4 0d de 00
17.178500,PCS_dcdcLvOutputCurrent,385.3,14 05 d4 0d df 00
17.278600,PCS_dcdcLvOutputCurrent,129.3,11 05 d4 0d d5 00
17.378800,PCS_dcdcLvOutputCurrent,282.9,13 05 d3 0d db 00
17.478500,PCS_dcdcLvOutputCurrent,308.5,11 05 d4 0d dc 00
17.578600,PCS_dcdcLvOutputCurrent,257.3,13 05 d4 0d da 00
17.678800,PCS_dcdcLvOutputCurrent,282.9,12 05 d4 0d db 00
17.778600,PCS_dcdcLvOutputCurrent,334.1,13 05 d4 0d dd 00
17.878400,PCS_dcdcLvOutputCurrent,282.9,11 05 d4 0d db 00
18.078600,PCS_dcdcLvOutputCurrent,359.7,12 05 d4 0d de 00
18.178600,PCS_dcdcLvOutputCurrent,385.3,13 05 d4 0d df 00
18.278800,PCS_dcdcLvOutputCurrent,257.3,12 05 d4 0d da 00
18.378600,PCS_dcdcLvOutputCurrent,334.1,14 05 d3 0d dd 00
18.578900,PCS_dcdcLvOutputCurrent,180.5,12 05 d4 0d d7 00
18.678900,PCS_dcdcLvOutputCurrent,257.3,12 05 d4 0d da 00
18.778400,PCS_dcdcLvOutputCurrent,282.9,13 05 d4 0d db 00
18.878900,PCS_dcdcLvOutputCurrent,231.7,12 05 d3 0d d9 00
19.078400,PCS_dcdcLvOutputCurrent,1.3,13 05 d4 0d e0 00
19.178700,PCS_dcdcLvOutputCurrent,334.1,12 05 d3 0d dd 00
19.278700,PCS_dcdcLvOutputCurrent,308.5,13 05 d4 0d dc 00
19.378500,PCS_dcdcLvOutputCurrent,1.3,12 05 d4 0d e0 00
19.478600,PCS_dcdcLvOutputCurrent,308.5,11 05 d3 0d dc 00
19.678700,PCS_dcdcLvOutputCurrent,385.3,12 05 d4 0d df 00
19.778700,PCS_dcdcLvOutputCurrent,1.3,10 05 d4 0d e0 00
19.878500,PCS_dcdcLvOutputCurrent,206.1,10 05 d4 0d d8 00
19.978700,PCS_dcdcLvOutputCurrent,308.5,12 05 d4 0d dc 00
20.078900,PCS_dcdcLvOutputCurrent,385.3,13 05 d4 0d df 00
20.178500,PCS_dcdcLvOutputCurrent,257.3,12 05 d4 0d da 00
20.278700,PCS_dcdcLvOutputCurrent,308.5,11 05 d4 0d dc 00
20.379000,PCS_dcdcLvOutputCurrent,26.9,10 05 d3 0d e1 00
20.478900,PCS_dcdcLvOutputCurrent,180.5,12 05 d4 0d d7 00
20.578700,PCS_dcdcLvOutputCurrent,359.7,11 05 d4 0d de 00
20.679000,PCS_dcdcLvOutputCurrent,52.5,14 05 d3 0d e2 00
20.778700,PCS_dcdcLvOutputCurrent,334.1,13 05 d4 0d dd 00
20.878900,PCS_dcdcLvOutputCurrent,52.5,12 05 d4 0d e2 00
20.978900,PCS_dcdcLvOutputCurrent,103.7,13 05 d4 0d e4 00
21.078700,PCS_dcdcLvOutputCurrent,231.7,12 05 d3 0d e9 00
21.178700,PCS_dcdcLvOutputCurrent,52.5,13 05 d4 0d e2 00
21.279100,PCS_dcdcLvOutputCurrent,103.7,13 05 d4 0d e4 00
21.378900,PCS_dcdcLvOutputCurrent,231.7,14 05 d4 0d e9 00
21.478900,PCS_dcdcLvOutputCurrent,52.5,13 05 d4 0d e2 00
21.579100,PCS_dcdcLvOutputCurrent,154.9,12 05 d4 0d e6 00
21.678900,PCS_dcdcLvOutputCurrent,282.9,13 05 d4 0d eb 00
21.778600,PCS_dcdcLvOutputCurrent,385.3,12 05 d4 0d df 00
21.879000,PCS_dcdcLvOutputCurrent,154.9,12 05 d4 0d e6 00
21.978900,PCS_dcdcLvOutputCurrent,206.1,12 05 d3 0d e8 00
22.078900,PCS_dcdcLvOutputCurrent,78.1,10 05 d4 0d e3 00
22.378900,PCS_dcdcLvOutputCurrent,257.3,11 05 d3 0d ea 00
22.479200,PCS_dcdcLvOutputCurrent,385.3,11 05 d3 0d df 00
22.578900,PCS_dcdcLvOutputCurrent,26.9,12 05 d4 0d e1 00
22.678900,PCS_dcdcLvOutputCurrent,103.7,11 05 d4 0d e4 00
22.779400,PCS_dcdcLvOutputCurrent,1.3,13 05 d3 0d e0 00
22.878900,PCS_dcdcLvOutputCurrent,385.3,11 05 d4 0d df 00
22.978900,PCS_dcdcLvOutputCurrent,359.7,10 05 d4 0d de 00
23.079100,PCS_dcdcLvOutputCurrent,129.3,0f 05 d3 0d d5 00
23.178900,PCS_dcdcLvOutputCurrent,154.9,10 05 d4 0d d6 00
23.679400,PCS_dcdcLvOutputCurrent,257.3,13 05 d4 0d da 00
23.779200,PCS_dcdcLvOutputCurrent,78.1,10 05 d4 0d d3 00
23.878700,PCS_dcdcLvOutputCurrent,206.1,12 05 d4 0d d8 00
23.979200,PCS_dcdcLvOutputCurrent,180.5,10 05 d4 0d d7 00
24.278900,PCS_dcdcLvOutputCurrent,257.3,11 05 d3 0d da 00
24.379000,PCS_dcdcLvOutputCurrent,78.1,14 05 d4 0d d3 00
24.479000,PCS_dcdcLvOutputCurrent,206.1,13 05 d3 0d d8 00
24.578900,PCS_dcdcLvOutputCurrent,385.3,15 05 d4 0d df 00
24.678700,PCS_dcdcLvOutputCurrent,308.5,14 05 d4 0d dc 00
24.778900,PCS_dcdcLvOutputCurrent,359.7,13 05 d4 0d de 00
24.879200,PCS_dcdcLvOutputCurrent,52.5,13 05 d4 0d e2 00
25.078700,PCS_dcdcLvOutputCurrent,1.3,13 05 d4 0d e0 00
25.179100,PCS_dcdcLvOutputCurrent,359.7,12 05 d4 0d de 00
25.279300,PCS_dcdcLvOutputCurrent,385.3,11 05 d4 0d df 00
25.379100,PCS_dcdcLvOutputCurrent,308.5,12 05 d4 0d dc 00
25.578800,PCS_dcdcLvOutputCurrent,359.7,11 05 d4 0d de 00
25.679300,PCS_dcdcLvOutputCurrent,308.5,13 05 d4 0d dc 00
25.779800,PCS_dcdcLvOutputCurrent,231.7,16 05 d3 0d d9 00
25.879100,PCS_dcdcLvOutputCurrent,359.7,11 05 d4 0d de 00
25.978800,PCS_dcdcLvOutputCurrent,282.9,13 05 d3 0d db 00
26.079300,PCS_dcdcLvOutputCurrent,334.1,10 05 d4 0d dd 00
26.178900,PCS_dcdcLvOutputCurrent,385.3,13 05 d3 0d df 00
26.279200,PCS_dcdcLvOutputCurrent,257.3,12 05 d4 0d da 00
26.379200,PCS_dcdcLvOutputCurrent,282.9,12 05 d4 0d db 00
26.479100,PCS_dcdcLvOutputCurrent,1.3,14 05 d4 0d e0 00
26.579200,PCS_dcdcLvOutputCurrent,180.5,10 05 d4 0d d7 00
26.678300,PCS_dcdcLvOutputCurrent,282.9,13 05 d4 0d db 00
26.778300,PCS_dcdcLvOutputCurrent,334.1,13 05 d4 0d dd 00
26.878900,PCS_dcdcLvOutputCurrent,257.3,11 05 d4 0d da 00
26.979100,PCS_dcdcLvOutputCurrent,282.9,11 05 d4 0d db 00
27.078900,PCS_dcdcLvOutputCurrent,334.1,0f 05 d4 0d dd 00
27.179000,PCS_dcdcLvOutputCurrent,385.3,13 05 d4 0d df 00
27.279400,PCS_dcdcLvOutputCurrent,180.5,11 05 d4 0d d7 00
27.379000,PCS_dcdcLvOutputCurrent,257.3,16 05 d3 0d da 00
27.478900,PCS_dcdcLvOutputCurrent,334.1,12 05 d4 0d dd 00
27.579200,PCS_dcdcLvOutputCurrent,206.1,13 05 d4 0d d8 00
27.679000,PCS_dcdcLvOutputCurrent,334.1,12 05 d4 0d dd 00
27.779000,PCS_dcdcLvOutputCurrent,308.5,13 05 d3 0d dc 00
28.079000,PCS_dcdcLvOutputCurrent,385.3,11 05 d4 0d df 00
28.179000,PCS_dcdcLvOutputCurrent,180.5,11 05 d4 0d d7 00
28.278900,PCS_dcdcLvOutputCurrent,206.1,12 05 d4 0d d8 00
28.378800,PCS_dcdcLvOutputCurrent,308.5,12 05 d4 0d dc 00
28.479200,PCS_dcdcLvOutputCurrent,282.9,13 05 d4 0d db 00
28.578700,PCS_dcdcLvOutputCurrent,257.3,14 05 d4 0d da 00
28.679000,PCS_dcdcLvOutputCurrent,359.7,12 05 d4 0d de 00
28.778300,PCS_dcdcLvOutputCurrent,257.3,12 05 d4 0d da 00
28.878800,PCS_dcdcLvOutputCurrent,180.5,12 05 d4 0d d7 00
28.978500,PCS_dcdcLvOutputCurrent,257.3,11 05 d4 0d da 00
29.078300,PCS_dcdcLvOutputCurrent,308.5,15 05 d4 0d dc 00
29.178300,PCS_dcdcLvOutputCurrent,231.7,13 05 d4 0d d9 00
29.278500,PCS_dcdcLvOutputCurrent,282.9,14 05 d4 0d db 00
29.378300,PCS_dcdcLvOutputCurrent,359.7,13 05 d3 0d de 00
29.478300,PCS_dcdcLvOutputCurrent,231.7,13 05 d3 0d d9 00
29.578300,PCS_dcdcLvOutputCurrent,308.5,13 05 d4 0d dc 00
29.678500,PCS_dcdcLvOutputCurrent,52.5,15 05 d3 0d 32 01
29.778300,PCS_dcdcLvOutputCurrent,26.9,12 05 d4 0d 21 01
29.877800,PCS_dcdcLvOutputCurrent,359.7,14 05 d4 0d 1e 01
29.978300,PCS_dcdcLvOutputCurrent,78.1,10 05 d3 0d 23 01
30.077800,PCS_dcdcLvOutputCurrent,154.9,11 05 d3 0d 36 01
30.178300,PCS_dcdcLvOutputCurrent,308.5,0e 05 d3 0d 1c 01
30.277800,PCS_dcdcLvOutputCurrent,359.7,12 05 d4 0d ce 00
30.377700,PCS_dcdcLvOutputCurrent,282.9,11 05 d4 0d cb 00
30.478600,PCS_dcdcLvOutputCurrent,206.1,10 05 d4 0d c8 00
30.578400,PCS_dcdcLvOutputCurrent,257.3,11 05 d4 0d ca 00
30.677800,PCS_dcdcLvOutputCurrent,282.9,12 05 d4 0d cb 00
30.777900,PCS_dcdcLvOutputCurrent,103.7,11 05 d3 0d c4 00
30.877800,PCS_dcdcLvOutputCurrent,154.9,12 05 d4 0d c6 00
30.978400,PCS_dcdcLvOutputCurrent,180.5,13 05 d4 0d c7 00
31.077800,PCS_dcdcLvOutputCurrent,52.5,12 05 d4 0d c2 00
31.178400,PCS_dcdcLvOutputCurrent,78.1,12 05 d4 0d c3 00
31.277800,PCS_dcdcLvOutputCurrent,52.5,11 05 d3 0d c2 00
31.378000,PCS_dcdcLvOutputCurrent,26.9,11 05 d3 0d c1 00
31.578400,PCS_dcdcLvOutputCurrent,206.1,16 05 d4 0d c8 00
31.679100,PCS_dcdcLvOutputCurrent,231.7,13 05 d4 0d c9 00
31.778600,PCS_dcdcLvOutputCurrent,78.1,11 05 d3 0d c3 00
31.878500,PCS_dcdcLvOutputCurrent,206.1,13 05 d3 0d c8 00
31.978000,PCS_dcdcLvOutputCurrent,231.7,12 05 d4 0d c9 00
32.079300,PCS_dcdcLvOutputCurrent,154.9,13 05 d3 0d c6 00
32.178400,PCS_dcdcLvOutputCurrent,180.5,11 05 d4 0d c7 00
32.378100,PCS_dcdcLvOutputCurrent,129.3,10 05 d4 0d c5 00
32.477900,PCS_dcdcLvOutputCurrent,154.9,11 05 d4 0d c6 00
32.578400,PCS_dcdcLvOutputCurrent,206.1,12 05 d4 0d c8 00
32.678600,PCS_dcdcLvOutputCurrent,103.7,12 05 d4 0d c4 00
32.777900,PCS_dcdcLvOutputCurrent,129.3,10 05 d3 0d c5 00
32.877900,PCS_dcdcLvOutputCurrent,180.5,0f 05 d3 0d c7 00
32.977900,PCS_dcdcLvOutputCurrent,334.1,13 05 d4 0d bd 00
33.077800,PCS_dcdcLvOutputCurrent,52.5,13 05 d4 0d c2 00
33.177900,PCS_dcdcLvOutputCurrent,78.1,11 05 d3 0d c3 00
33.277800,PCS_dcdcLvOutputCurrent,180.5,11 05 d4 0d b7 00
33.378000,PCS_dcdcLvOutputCurrent,1.3,12 05 d4 0d c0 00
33.477900,PCS_dcdcLvOutputCurrent,154.9,12 05 d4 0d c6 00
33.577900,PCS_dcdcLvOutputCurrent,52.5,13 05 d4 0d d2 00
33.677800,PCS_dcdcLvOutputCurrent,282.9,11 05 d4 0d db 00
33.778000,PCS_dcdcLvOutputCurrent,154.9,11 05 d4 0d d6 00
33.877800,PCS_dcdcLvOutputCurrent,257.3,11 05 d4 0d ca 00
33.978000,PCS_dcdcLvOutputCurrent,385.3,0f 05 d3 0d bf 00
34.077700,PCS_dcdcLvOutputCurrent,1.3,12 05 d4 0d c0 00
34.178000,PCS_dcdcLvOutputCurrent,52.5,11 05 d4 0d c2 00
34.277800,PCS_dcdcLvOutputCurrent,206.1,14 05 d4 0d b8 00
34.378000,PCS_dcdcLvOutputCurrent,334.1,13 05 d4 0d bd 00
34.477800,PCS_dcdcLvOutputCurrent,78.1,12 05 d4 0d c3 00
34.578000,PCS_dcdcLvOutputCurrent,308.5,12 05 d4 0d bc 00
34.677700,PCS_dcdcLvOutputCurrent,1.3,14 05 d4 0d c0 00
34.877800,PCS_dcdcLvOutputCurrent,78.1,12 05 d3 0d c3 00
34.977800,PCS_dcdcLvOutputCurrent,52.5,12 05 d4 0d c2 00
35.177800,PCS_dcdcLvOutputCurrent,103.7,10 05 d4 0d c4 00
35.277800,PCS_dcdcLvOutputCurrent,385.3,12 05 d3 0d bf 00
35.377800,PCS_dcdcLvOutputCurrent,78.1,13 05 d4 0d c3 00
35.477600,PCS_dcdcLvOutputCurrent,154.9,12 05 d3 0d c6 00
35.577800,PCS_dcdcLvOutputCurrent,52.5,13 05 d3 0d c2 00
35.677700,PCS_dcdcLvOutputCurrent,154.9,12 05 d4 0d c6 00
35.777600,PCS_dcdcLvOutputCurrent,334.1,12 05 d4 0d cd 00
35.877700,PCS_dcdcLvOutputCurrent,103.7,11 05 d3 0d c4 00
35.977600,PCS_dcdcLvOutputCurrent,308.5,12 05 d3 0d bc 00
36.077700,PCS_dcdcLvOutputCurrent,385.3,12 05 d4 0d bf 00
36.177600,PCS_dcdcLvOutputCurrent,257.3,12 05 d4 0d ba 00
36.277400,PCS_dcdcLvOutputCurrent,282.9,12 05 d4 0d bb 00
36.377600,PCS_dcdcLvOutputCurrent,334.1,13 05 d4 0d bd 00
36.477700,PCS_dcdcLvOutputCurrent,257.3,11 05 d3 0d ba 00
36.577600,PCS_dcdcLvOutputCurrent,282.9,11 05 d3 0d bb 00
36.677400,PCS_dcdcLvOutputCurrent,359.7,13 05 d4 0d be 00
36.777600,PCS_dcdcLvOutputCurrent,334.1,12 05 d3 0d bd 00
36.877500,PCS_dcdcLvOutputCurrent,257.3,11 05 d3 0d ba 00
36.977600,PCS_dcdcLvOutputCurrent,334.1,11 05 d4 0d bd 00
37.177600,PCS_dcdcLvOutputCurrent,257.3,12 05 d3 0d ba 00
37.277400,PCS_dcdcLvOutputCurrent,206.1,12 05 d4 0d b8 00
37.377400,PCS_dcdcLvOutputCurrent,334.1,14 05 d4 0d bd 00
37.477400,PCS_dcdcLvOutputCurrent,206.1,13 05 d4 0d b8 00
37.677400,PCS_dcdcLvOutputCurrent,308.5,11 05 d4 0d bc 00
37.777800,PCS_dcdcLvOutputCurrent,52.5,11 05 d4 0d b2 00
37.877400,PCS_dcdcLvOutputCurrent,206.1,12 05 d4 0d b8 00
37.977400,PCS_dcdcLvOutputCurrent,308.5,13 05 d4 0d bc 00
38.077300,PCS_dcdcLvOutputCurrent,231.7,10 05 d3 0d b9 00
38.177600,PCS_dcdcLvOutputCurrent,206.1,10 05 d4 0d b8 00
38.277400,PCS_dcdcLvOutputCurrent,231.7,12 05 d4 0d b9 00
38.377700,PCS_dcdcLvOutputCurrent,257.3,12 05 d4 0d ba 00
38.477600,PCS_dcdcLvOutputCurrent,231.7,11 05 d4 0d b9 00
38.677500,PCS_dcdcLvOutputCurrent,308.5,11 05 d3 0d bc 00
38.777300,PCS_dcdcLvOutputCurrent,231.7,13 05 d4 0d b9 00
38.877400,PCS_dcdcLvOutputCurrent,180.5,12 05 d4 0d b7 00
38.977300,PCS_dcdcLvOutputCurrent,282.9,11 05 d4 0d bb 00
39.077300,PCS_dcdcLvOutputCurrent,180.5,11 05 d4 0d b7 00
39.177300,PCS_dcdcLvOutputCurrent,257.3,0e 05 d4 0d ba 00
39.377300,PCS_dcdcLvOutputCurrent,180.5,17 05 d4 0d b7 00
39.477300,PCS_dcdcLvOutputCurrent,231.7,12 05 d4 0d b9 00
39.577300,PCS_dcdcLvOutputCurrent,282.9,11 05 d4 0d bb 00
39.677300,PCS_dcdcLvOutputCurrent,154.9,12 05 d4 0d b6 00
39.777300,PCS_dcdcLvOutputCurrent,206.1,12 05 d4 0d b8 00
39.877300,PCS_dcdcLvOutputCurrent,308.5,13 05 d4 0d bc 00
39.977300,PCS_dcdcLvOutputCurrent,180.5,12 05 d3 0d b7 00
40.077300,PCS_dcdcLvOutputCurrent,257.3,12 05 d4 0d ba 00
40.177300,PCS_dcdcLvOutputCurrent,334.1,11 05 d4 0d bd 00
40.277300,PCS_dcdcLvOutputCurrent,180.5,11 05 d4 0d b7 00
40.377200,PCS_dcdcLvOutputCurrent,231.7,13 05 d4 0d b9 00
40.477200,PCS_dcdcLvOutputCurrent,308.5,11 05 d4 0d bc 00
40.677200,PCS_dcdcLvOutputCurrent,257.3,14 05 d4 0d ba 00
40.777300,PCS_dcdcLvOutputCurrent,308.5,12 05 d4 0d bc 00
40.977200,PCS_dcdcLvOutputCurrent,257.3,11 05 d4 0d ba 00
41.077000,PCS_dcdcLvOutputCurrent,334.1,13 05 d4 0d bd 00
41.177200,PCS_dcdcLvOutputCurrent,359.7,11 05 d4 0d be 00
41.277000,PCS_dcdcLvOutputCurrent,206.1,12 05 d4 0d b8 00
41.377200,PCS_dcdcLvOutputCurrent,308.5,13 05 d4 0d bc 00
41.477000,PCS_dcdcLvOutputCurrent,359.7,13 05 d4 0d be 00
41.577200,PCS_dcdcLvOutputCurrent,308.5,12 05 d4 0d bc 00
41.677000,PCS_dcdcLvOutputCurrent,1.3,13 05 d3 0d c0 00
41.777200,PCS_dcdcLvOutputCurrent,52.5,13 05 d4 0d c2 00
41.877400,PCS_dcdcLvOutputCurrent,308.5,15 05 d3 0d bc 00
41.977200,PCS_dcdcLvOutputCurrent,1.3,12 05 d4 0d c0 00
42.077000,PCS_dcdcLvOutputCurrent,103.7,13 05 d3 0d c4 00
42.177200,PCS_dcdcLvOutputCurrent,385.3,12 05 d4 0d bf 00
42.277000,PCS_dcdcLvOutputCurrent,26.9,11 05 d4 0d c1 00
42.377200,PCS_dcdcLvOutputCurrent,103.7,12 05 d4 0d c4 00
42.477000,PCS_dcdcLvOutputCurrent,78.1,12 05 d4 0d c3 00
42.577100,PCS_dcdcLvOutputCurrent,26.9,18 05 d4 0d c1 00
42.777100,PCS_dcdcLvOutputCurrent,78.1,11 05 d4 0d c3 00
42.877100,PCS_dcdcLvOutputCurrent,1.3,11 05 d3 0d c0 00
42.977100,PCS_dcdcLvOutputCurrent,52.5,11 05 d3 0d c2 00
43.077100,PCS_dcdcLvOutputCurrent,103.7,10 05 d4 0d c4 00
43.176900,PCS_dcdcLvOutputCurrent,359.7,12 05 d4 0d be 00
43.277100,PCS_dcdcLvOutputCurrent,26.9,12 05 d3 0d c1 00
43.377100,PCS_dcdcLvOutputCurrent,78.1,12 05 d4 0d c3 00
43.477100,PCS_dcdcLvOutputCurrent,308.5,11 05 d4 0d bc 00
43.576900,PCS_dcdcLvOutputCurrent,1.3,13 05 d4 0d c0 00
43.677100,PCS_dcdcLvOutputCurrent,26.9,11 05 d4 0d c1 00
43.776900,PCS_dcdcLvOutputCurrent,334.1,10 05 d4 0d bd 00
43.976900,PCS_dcdcLvOutputCurrent,359.7,12 05 d4 0d be 00
44.077000,PCS_dcdcLvOutputCurrent,385.3,12 05 d4 0d bf 00
44.176800,PCS_dcdcLvOutputCurrent,231.7,13 05 d3 0d b9 00
44.376800,PCS_dcdcLvOutputCurrent,257.3,11 05 d4 0d ba 00
44.476900,PCS_dcdcLvOutputCurrent,154.9,13 05 d4 0d b6 00
44.576800,PCS_dcdcLvOutputCurrent,129.3,11 05 d4 0d b5 00
44.676900,PCS_dcdcLvOutputCurrent,231.7,13 05 d3 0d b9 00
44.776800,PCS_dcdcLvOutputCurrent,257.3,15 05 d3 0d ba 00
44.877000,PCS_dcdcLvOutputCurrent,231.7,13 05 d4 0d b9 00
44.976800,PCS_dcdcLvOutputCurrent,308.5,12 05 d3 0d bc 00
45.076900,PCS_dcdcLvOutputCurrent,180.5,13 05 d4 0d b7 00
45.177300,PCS_dcdcLvOutputCurrent,257.3,13 05 d4 0d ba 00
45.276900,PCS_dcdcLvOutputCurrent,308.5,14 05 d4 0d bc 00
45.376800,PCS_dcdcLvOutputCurrent,78.1,12 05 d4 0d b3 00
45.476900,PCS_dcdcLvOutputCurrent,282.9,11 05 d3 0d bb 00
45.576900,PCS_dcdcLvOutputCurrent,334.1,12 05 d4 0d bd 00
45.676900,PCS_dcdcLvOutputCurrent,154.9,11 05 d4 0d b6 00
45.776800,PCS_dcdcLvOutputCurrent,282.9,13 05 d4 0d bb 00
45.876900,PCS_dcdcLvOutputCurrent,1.3,14 05 d4 0d c0 00
45.976800,PCS_dcdcLvOutputCurrent,282.9,10 05 d4 0d bb 00
46.076900,PCS_dcdcLvOutputCurrent,257.3,10 05 d4 0d ba 00
46.176700,PCS_dcdcLvOutputCurrent,308.5,12 05 d4 0d bc 00
46.276900,PCS_dcdcLvOutputCurrent,334.1,11 05 d4 0d bd 00
46.376800,PCS_dcdcLvOutputCurrent,180.5,13 05 d4 0d b7 00
46.476900,PCS_dcdcLvOutputCurrent,282.9,12 05 d3 0d bb 00
46.576700,PCS_dcdcLvOutputCurrent,257.3,13 05 d3 0d ba 00
46.676900,PCS_dcdcLvOutputCurrent,231.7,11 05 d4 0d b9 00
46.876900,PCS_dcdcLvOutputCurrent,257.3,13 05 d4 0d ba 00
46.976800,PCS_dcdcLvOutputCurrent,206.1,11 05 d4 0d b8 00
47.176900,PCS_dcdcLvOutputCurrent,231.7,12 05 d4 0d b9 00
47.276800,PCS_dcdcLvOutputCurrent,103.7,12 05 d3 0d b4 00
47.376700,PCS_dcdcLvOutputCurrent,78.1,13 05 d4 0d b3 00
47.476900,PCS_dcdcLvOutputCurrent,257.3,10 05 d3 0d ba 00
47.576700,PCS_dcdcLvOutputCurrent,78.1,10 05 d4 0d b3 00
47.676800,PCS_dcdcLvOutputCurrent,180.5,11 05 d4 0d b7 00
47.776700,PCS_dcdcLvOutputCurrent,257.3,13 05 d3 0d ba 00
47.876800,PCS_dcdcLvOutputCurrent,206.1,11 05 d4 0d b8 00
47.976800,PCS_dcdcLvOutputCurrent,180.5,12 05 d4 0d b7 00
48.076800,PCS_dcdcLvOutputCurrent,257.3,13 05 d4 0d ba 00
48.176700,PCS_dcdcLvOutputCurrent,282.9,13 05 d4 0d bb 00
48.276800,PCS_dcdcLvOutputCurrent,180.5,10 05 d4 0d b7 00
48.376800,PCS_dcdcLvOutputCurrent,206.1,14 05 d4 0d b8 00
48.476800,PCS_dcdcLvOutputCurrent,308.5,14 05 d4 0d bc 00
48.577100,PCS_dcdcLvOutputCurrent,129.3,12 05 d4 0d b5 00
48.676800,PCS_dcdcLvOutputCurrent,206.1,12 05 d4 0d b8 00
48.776900,PCS_dcdcLvOutputCurrent,257.3,12 05 d4 0d ba 00
48.876700,PCS_dcdcLvOutputCurrent,52.5,0f 05 d4 0d b2 00
48.976700,PCS_dcdcLvOutputCurrent,154.9,11 05 d4 0d b6 00
49.076700,PCS_dcdcLvOutputCurrent,206.1,10 05 d4 0d b8 00
49.176700,PCS_dcdcLvOutputCurrent,52.5,11 05 d4 0d b2 00
49.276700,PCS_dcdcLvOutputCurrent,180.5,12 05 d4 0d b7 00
49.376700,PCS_dcdcLvOutputCurrent,231.7,11 05 d4 0d b9 00
49.476700,PCS_dcdcLvOutputCurrent,180.5,12 05 d4 0d b7 00
49.676700,PCS_dcdcLvOutputCurrent,308.5,13 05 d3 0d bc 00
49.776700,PCS_dcdcLvOutputCurrent,257.3,13 05 d4 0d ba 00
49.876700,PCS_dcdcLvOutputCurrent,180.5,14 05 d4 0d b7 00
49.976800,PCS_dcdcLvOutputCurrent,257.3,12 05 d4 0d ba 00
50.176800,PCS_dcdcLvOutputCurrent,206.1,14 05 d4 0d b8 00
50.276800,PCS_dcdcLvOutputCurrent,231.7,11 05 d4 0d b9 00
50.376800,PCS_dcdcLvOutputCurrent,282.9,12 05 d3 0d bb 00
50.476800,PCS_dcdcLvOutputCurrent,103.7,13 05 d4 0d b4 00
50.576800,PCS_dcdcLvOutputCurrent,282.9,12 05 d4 0d bb 00
50.776800,PCS_dcdcLvOutputCurrent,206.1,10 05 d3 0d b8 00
50.876800,PCS_dcdcLvOutputCurrent,180.5,12 05 d4 0d b7 00
50.976800,PCS_dcdcLvOutputCurrent,308.5,14 05 d4 0d bc 00
51.076800,PCS_dcdcLvOutputCurrent,334.1,13 05 d4 0d bd 00
51.176700,PCS_dcdcLvOutputCurrent,231.7,12 05 d4 0d b9 00
51.276700,PCS_dcdcLvOutputCurrent,308.5,11 05 d4 0d bc 00
51.376700,PCS_dcdcLvOutputCurrent,359.7,11 05 d4 0d be 00
51.476700,PCS_dcdcLvOutputCurrent,206.1,13 05 d4 0d b8 00
51.576700,PCS_dcdcLvOutputCurrent,282.9,13 05 d4 0d bb 00
51.676800,PCS_dcdcLvOutputCurrent,359.7,11 05 d4 0d be 00
51.776700,PCS_dcdcLvOutputCurrent,154.9,11 05 d4 0d b6 00
51.876900,PCS_dcdcLvOutputCurrent,359.7,13 05 d4 0d be 00
51.976800,PCS_dcdcLvOutputCurrent,78.1,13 05 d4 0d c3 00
52.076700,PCS_dcdcLvOutputCurrent,385.3,11 05 d4 0d bf 00
52.176600,PCS_dcdcLvOutputCurrent,1.3,13 05 d4 0d c0 00
52.276700,PCS_dcdcLvOutputCurrent,26.9,14 05 d3 0d c1 00
52.376700,PCS_dcdcLvOutputCurrent,52.5,13 05 d4 0d c2 00
52.476700,PCS_dcdcLvOutputCurrent,1.3,13 05 d4 0d c0 00
52.576700,PCS_dcdcLvOutputCurrent,78.1,11 05 d3 0d c3 00
52.676800,PCS_dcdcLvOutputCurrent,26.9,11 05 d3 0d c1 00
52.776700,PCS_dcdcLvOutputCurrent,1.3,11 05 d4 0d c0 00
52.876800,PCS_dcdcLvOutputCurrent,26.9,13 05 d4 0d c1 00
53.076700,PCS_dcdcLvOutputCurrent,1.3,10 05 d4 0d c0 00
53.176700,PCS_dcdcLvOutputCurrent,52.5,11 05 d4 0d c2 00
53.276700,PCS_dcdcLvOutputCurrent,78.1,11 05 d4 0d c3 00
53.376700,PCS_dcdcLvOutputCurrent,1.3,11 05 d4 0d c0 00
53.576800,PCS_dcdcLvOutputCurrent,52.5,12 05 d4 0d c2 00
53.676800,PCS_dcdcLvOutputCurrent,359.7,18 05 d4 0d be 00
53.876900,PCS_dcdcLvOutputCurrent,1.3,11 05 d3 0d c0 00
53.976800,PCS_dcdcLvOutputCurrent,257.3,0f 05 d4 0d ba 00
54.076800,PCS_dcdcLvOutputCurrent,359.7,11 05 d3 0d be 00
54.176800,PCS_dcdcLvOutputCurrent,308.5,12 05 d4 0d bc 00
54.376800,PCS_dcdcLvOutputCurrent,180.5,11 05 d4 0d b7 00
54.476800,PCS_dcdcLvOutputCurrent,129.3,12 05 d3 0d b5 00
54.576800,PCS_dcdcLvOutputCurrent,180.5,10 05 d4 0d b7 00
54.676700,PCS_dcdcLvOutputCurrent,78.1,12 05 d4 0d b3 00
54.776600,PCS_dcdcLvOutputCurrent,180.5,13 05 d3 0d b7 00
54.876800,PCS_dcdcLvOutputCurrent,257.3,14 05 d4 0d ba 00
55.076700,PCS_dcdcLvOutputCurrent,282.9,13 05 d3 0d bb 00
55.176600,PCS_dcdcLvOutputCurrent,334.1,14 05 d3 0d bd 00
55.276900,PCS_dcdcLvOutputCurrent,206.1,13 05 d4 0d b8 00
55.376600,PCS_dcdcLvOutputCurrent,231.7,13 05 d4 0d b9 00
55.476700,PCS_dcdcLvOutputCurrent,1.3,10 05 d4 0d c0 00
55.576600,PCS_dcdcLvOutputCurrent,282.9,10 05 d3 0d bb 00
55.776800,PCS_dcdcLvOutputCurrent,334.1,13 05 d4 0d bd 00
55.876900,PCS_dcdcLvOutputCurrent,282.9,11 05 d4 0d bb 00
56.276700,PCS_dcdcLvOutputCurrent,231.7,12 05 d4 0d b9 00
56.476700,PCS_dcdcLvOutputCurrent,308.5,12 05 d4 0d bc 00
56.576700,PCS_dcdcLvOutputCurrent,154.9,12 05 d3 0d b6 00
56.676900,PCS_dcdcLvOutputCurrent,206.1,0f 05 d3 0d b8 00
56.776800,PCS_dcdcLvOutputCurrent,282.9,12 05 d3 0d bb 00
56.876700,PCS_dcdcLvOutputCurrent,129.3,11 05 d4 0d b5 00
56.976700,PCS_dcdcLvOutputCurrent,206.1,11 05 d3 0d b8 00
57.076800,PCS_dcdcLvOutputCurrent,282.9,12 05 d3 0d bb 00
57.176800,PCS_dcdcLvOutputCurrent,206.1,11 05 d4 0d b8 00
57.276700,PCS_dcdcLvOutputCurrent,180.5,10 05 d4 0d b7 00
57.376700,PCS_dcdcLvOutputCurrent,206.1,12 05 d4 0d b8 00
57.476700,PCS_dcdcLvOutputCurrent,257.3,13 05 d3 0d ba 00
57.576800,PCS_dcdcLvOutputCurrent,180.5,14 05 d4 0d b7 00
57.776800,PCS_dcdcLvOutputCurrent,257.3,12 05 d4 0d ba 00
57.876700,PCS_dcdcLvOutputCurrent,231.7,12 05 d4 0d b9 00
58.176800,PCS_dcdcLvOutputCurrent,154.9,11 05 d4 0d b6 00
58.276800,PCS_dcdcLvOutputCurrent,206.1,14 05 d4 0d b8 00
58.376800,PCS_dcdcLvOutputCurrent,231.7,13 05 d4 0d b9 00
58.476800,PCS_dcdcLvOutputCurrent,129.3,13 05 d4 0d b5 00
58.577000,PCS_dcdcLvOutputCurrent,180.5,12 05 d4 0d b7 00
58.777100,PCS_dcdcLvOutputCurrent,52.5,11 05 d4 0d b2 00
58.876900,PCS_dcdcLvOutputCurrent,129.3,13 05 d4 0d b5 00
58.976900,PCS_dcdcLvOutputCurrent,180.5,10 05 d4 0d b7 00
59.076900,PCS_dcdcLvOutputCurrent,129.3,10 05 d4 0d b5 00
59.276800,PCS_dcdcLvOutputCurrent,231.7,12 05 d3 0d b9 00
59.376900,PCS_dcdcLvOutputCurrent,154.9,11 05 d4 0d b6 00
59.476900,PCS_dcdcLvOutputCurrent,206.1,14 05 d3 0d b8 00
59.576900,PCS_dcdcLvOutputCurrent,180.5,13 05 d4 0d b7 00
59.676900,PCS_dcdcLvOutputCurrent,282.9,0f 05 d4 0d bb 00
59.777400,PCS_dcdcLvOutputCurrent,206.1,13 05 d4 0d b8 00
59.976900,PCS_dcdcLvOutputCurrent,282.9,12 05 d4 0d bb 00
60.076900,PCS_dcdcLvOutputCurrent,180.5,10 05 d4 0d b7 00
60.176800,PCS_dcdcLvOutputCurrent,154.9,11 05 d4 0d b6 00
60.276700,PCS_dcdcLvOutputCurrent,231.7,12 05 d4 0d b9 00
60.376800,PCS_dcdcLvOutputCurrent,129.3,11 05 d4 0d b5 00
60.476800,PCS_dcdcLvOutputCurrent,231.7,13 05 d4 0d b9 00
60.576800,PCS_dcdcLvOutputCurrent,308.5,11 05 d4 0d bc 00
60.676800,PCS_dcdcLvOutputCurrent,206.1,13 05 d3 0d b8 00
60.777100,PCS_dcdcLvOutputCurrent,282.9,12 05 d4 0d bb 00
60.876800,PCS_dcdcLvOutputCurrent,359.7,11 05 d4 0d be 00
61.076800,PCS_dcdcLvOutputCurrent,282.9,13 05 d4 0d bb 00
61.176700,PCS_dcdcLvOutputCurrent,359.7,13 05 d4 0d be 00
61.276800,PCS_dcdcLvOutputCurrent,308.5,11 05 d4 0d bc 00
61.376800,PCS_dcdcLvOutputCurrent,206.1,12 05 d4 0d b8 00
61.476800,PCS_dcdcLvOutputCurrent,359.7,12 05 d4 0d be 00
61.576900,PCS_dcdcLvOutputCurrent,52.5,13 05 d4 0d c2 00
61.676700,PCS_dcdcLvOutputCurrent,385.3,12 05 d3 0d bf 00
61.777300,PCS_dcdcLvOutputCurrent,26.9,13 05 d4 0d c1 00
61.877200,PCS_dcdcLvOutputCurrent,78.1,11 05 d3 0d c3 00
61.977100,PCS_dcdcLvOutputCurrent,359.7,12 05 d4 0d be 00
62.076800,PCS_dcdcLvOutputCurrent,385.3,11 05 d4 0d bf 00
62.176900,PCS_dcdcLvOutputCurrent,52.5,12 05 d4 0d c2 00
62.276900,PCS_dcdcLvOutputCurrent,231.7,12 05 d4 0d b9 00
62.377100,PCS_dcdcLvOutputCurrent,308.5,13 05 d4 0d bc 00
62.476900,PCS_dcdcLvOutputCurrent,1.3,0e 05 d3 0d c0 00
62.576900,PCS_dcdcLvOutputCurrent,308.5,11 05 d3 0d bc 00
62.777200,PCS_dcdcLvOutputCurrent,385.3,13 05 d4 0d bf 00
62.976800,PCS_dcdcLvOutputCurrent,308.5,14 05 d4 0d bc 00
63.176700,PCS_dcdcLvOutputCurrent,282.9,12 05 d4 0d bb 00
63.276600,PCS_dcdcLvOutputCurrent,129.3,11 05 d4 0d b5 00
63.376700,PCS_dcdcLvOutputCurrent,180.5,11 05 d4 0d b7 00
63.476600,PCS_dcdcLvOutputCurrent,206.1,12 05 d3 0d b8 00
63.576700,PCS_dcdcLvOutputCurrent,78.1,13 05 d4 0d b3 00
63.676700,PCS_dcdcLvOutputCurrent,26.9,10 05 d4 0d b1 00
63.776700,PCS_dcdcLvOutputCurrent,103.7,12 05 d4 0d b4 00
63.876900,PCS_dcdcLvOutputCurrent,52.5,12 05 d4 0d b2 00
63.976700,PCS_dcdcLvOutputCurrent,180.5,14 05 d4 0d b7 00
64.076700,PCS_dcdcLvOutputCurrent,231.7,13 05 d4 0d b9 00
64.176500,PCS_dcdcLvOutputCurrent,180.5,12 05 d4 0d b7 00
64.276500,PCS_dcdcLvOutputCurrent,231.7,12 05 d4 0d b9 00
64.376700,PCS_dcdcLvOutputCurrent,257.3,12 05 d3 0d ba 00
64.476500,PCS_dcdcLvOutputCurrent,308.5,11 05 d4 0d bc 00
64.576500,PCS_dcdcLvOutputCurrent,257.3,12 05 d3 0d ba 00
64.676500,PCS_dcdcLvOutputCurrent,282.9,12 05 d4 0d bb 00
64.776500,PCS_dcdcLvOutputCurrent,308.5,14 05 d4 0d bc 00
64.876500,PCS_dcdcLvOutputCurrent,206.1,13 05 d4 0d b8 00
65.076800,PCS_dcdcLvOutputCurrent,282.9,12 05 d4 0d bb 00
65.176800,PCS_dcdcLvOutputCurrent,78.1,13 05 d4 0d b3 00
65.276700,PCS_dcdcLvOutputCurrent,180.5,13 05 d4 0d b7 00
65.376600,PCS_dcdcLvOutputCurrent,206.1,12 05 d4 0d b8 00
65.476500,PCS_dcdcLvOutputCurrent,26.9,12 05 d3 0d b1 00
65.576600,PCS_dcdcLvOutputCurrent,180.5,13 05 d4 0d b7 00
65.776800,PCS_dcdcLvOutputCurrent,78.1,11 05 d4 0d b3 00
65.876500,PCS_dcdcLvOutputCurrent,26.9,10 05 d3 0d b1 00
65.976600,PCS_dcdcLvOutputCurrent,180.5,11 05 d3 0d b7 00
66.176600,PCS_dcdcLvOutputCurrent,52.5,11 05 d3 0d b2 00
66.276500,PCS_dcdcLvOutputCurrent,180.5,12 05 d4 0d b7 00
66.476500,PCS_dcdcLvOutputCurrent,103.7,14 05 d4 0d b4 00
66.576700,PCS_dcdcLvOutputCurrent,129.3,11 05 d4 0d b5 00
66.676400,PCS_dcdcLvOutputCurrent,154.9,12 05 d3 0d b6 00
66.776500,PCS_dcdcLvOutputCurrent,1.3,12 05 d4 0d b0 00
66.876500,PCS_dcdcLvOutputCurrent,103.7,13 05 d3 0d b4 00
66.976500,PCS_dcdcLvOutputCurrent,154.9,13 05 d3 0d b6 00
67.076400,PCS_dcdcLvOutputCurrent,78.1,12 05 d4 0d b3 00
67.176500,PCS_dcdcLvOutputCurrent,103.7,11 05 d4 0d b4 00
67.276400,PCS_dcdcLvOutputCurrent,180.5,12 05 d4 0d b7 00
67.376500,PCS_dcdcLvOutputCurrent,103.7,11 05 d4 0d b4 00
67.576500,PCS_dcdcLvOutputCurrent,180.5,12 05 d4 0d b7 00
67.676400,PCS_dcdcLvOutputCurrent,129.3,11 05 d3 0d b5 00
67.976500,PCS_dcdcLvOutputCurrent,231.7,12 05 d4 0d b9 00
68.076300,PCS_dcdcLvOutputCurrent,154.9,11 05 d4 0d b6 00
68.176500,PCS_dcdcLvOutputCurrent,180.5,13 05 d4 0d b7 00
68.276300,PCS_dcdcLvOutputCurrent,231.7,14 05 d4 0d b9 00
68.376500,PCS_dcdcLvOutputCurrent,26.9,13 05 d4 0d b1 00
68.476300,PCS_dcdcLvOutputCurrent,180.5,12 05 d4 0d b7 00
68.576800,PCS_dcdcLvOutputCurrent,231.7,11 05 d4 0d b9 00
68.676300,PCS_dcdcLvOutputCurrent,129.3,12 05 d4 0d b5 00
68.776100,PCS_dcdcLvOutputCurrent,257.3,11 05 d4 0d ba 00
68.876100,PCS_dcdcLvOutputCurrent,385.3,12 05 d3 0d bf 00
69.076100,PCS_dcdcLvOutputCurrent,359.7,13 05 d3 0d be 00
69.176100,PCS_dcdcLvOutputCurrent,1.3,12 05 d4 0d c0 00
69.276100,PCS_dcdcLvOutputCurrent,52.5,11 05 d3 0d c2 00
69.376100,PCS_dcdcLvOutputCurrent,257.3,14 05 d4 0d ba 00
69.476100,PCS_dcdcLvOutputCurrent,334.1,12 05 d4 0d bd 00
69.576100,PCS_dcdcLvOutputCurrent,385.3,12 05 d4 0d bf 00
69.676100,PCS_dcdcLvOutputCurrent,129.3,11 05 d4 0d b5 00
69.776000,PCS_dcdcLvOutputCurrent,308.5,12 05 d3 0d bc 00
69.876100,PCS_dcdcLvOutputCurrent,1.3,13 05 d4 0d c0 00
69.976000,PCS_dcdcLvOutputCurrent,180.5,10 05 d3 0d b7 00
70.076000,PCS_dcdcLvOutputCurrent,359.7,13 05 d3 0d be 00
70.176000,PCS_dcdcLvOutputCurrent,385.3,13 05 d4 0d bf 00
70.276000,PCS_dcdcLvOutputCurrent,231.7,11 05 d4 0d b9 00
70.375900,PCS_dcdcLvOutputCurrent,206.1,14 05 d3 0d b8 00
70.476100,PCS_dcdcLvOutputCurrent,257.3,13 05 d3 0d ba 00
70.575800,PCS_dcdcLvOutputCurrent,231.7,11 05 d4 0d b9 00
70.675800,PCS_dcdcLvOutputCurrent,78.1,12 05 d4 0d b3 00
70.775800,PCS_dcdcLvOutputCurrent,129.3,11 05 d4 0d b5 00
70.875800,PCS_dcdcLvOutputCurrent,26.9,12 05 d4 0d b1 00
70.975800,PCS_dcdcLvOutputCurrent,1.3,11 05 d4 0d b0 00
71.075800,PCS_dcdcLvOutputCurrent,78.1,12 05 d4 0d b3 00
71.175800,PCS_dcdcLvOutputCurrent,103.7,11 05 d4 0d b4 00
71.276000,PCS_dcdcLvOutputCurrent,26.9,14 05 d4 0d b1 00
71.475700,PCS_dcdcLvOutputCurrent,129.3,13 05 d4 0d b5 00
71.575700,PCS_dcdcLvOutputCurrent,26.9,12 05 d4 0d b1 00
71.675800,PCS_dcdcLvOutputCurrent,129.3,13 05 d4 0d b5 00
71.775800,PCS_dcdcLvOutputCurrent,231.7,13 05 d4 0d b9 00
71.875800,PCS_dcdcLvOutputCurrent,103.7,12 05 d3 0d b4 00
71.976000,PCS_dcdcLvOutputCurrent,129.3,16 05 d4 0d b5 00
72.075800,PCS_dcdcLvOutputCurrent,282.9,14 05 d4 0d bb 00
72.175700,PCS_dcdcLvOutputCurrent,231.7,14 05 d4 0d b9 00
72.375800,PCS_dcdcLvOutputCurrent,180.5,13 05 d4 0d b7 00
72.475700,PCS_dcdcLvOutputCurrent,308.5,12 05 d3 0d bc 00
72.575700,PCS_dcdcLvOutputCurrent,282.9,0f 05 d3 0d bb 00
72.675700,PCS_dcdcLvOutputCurrent,231.7,14 05 d4 0d b9 00
72.775700,PCS_dcdcLvOutputCurrent,282.9,0f 05 d4 0d bb 00
72.875700,PCS_dcdcLvOutputCurrent,154.9,11 05 d4 0d b6 00
72.975700,PCS_dcdcLvOutputCurrent,180.5,12 05 d3 0d b7 00
73.075700,PCS_dcdcLvOutputCurrent,257.3,13 05 d4 0d ba 00
73.175700,PCS_dcdcLvOutputCurrent,78.1,11 05 d4 0d b3 00
73.275800,PCS_dcdcLvOutputCurrent,206.1,12 05 d4 0d b8 00
73.375700,PCS_dcdcLvOutputCurrent,231.7,12 05 d4 0d b9 00
73.475700,PCS_dcdcLvOutputCurrent,78.1,13 05 d3 0d b3 00
73.575700,PCS_dcdcLvOutputCurrent,129.3,10 05 d3 0d b5 00
73.675600,PCS_dcdcLvOutputCurrent,231.7,11 05 d4 0d b9 00
73.775600,PCS_dcdcLvOutputCurrent,78.1,12 05 d3 0d b3 00
73.875700,PCS_dcdcLvOutputCurrent,52.5,0f 05 d4 0d b2 00
73.975600,PCS_dcdcLvOutputCurrent,180.5,12 05 d3 0d b7 00
74.075600,PCS_dcdcLvOutputCurrent,129.3,11 05 d4 0d b5 00
74.175600,PCS_dcdcLvOutputCurrent,52.5,12 05 d4 0d b2 00
74.275600,PCS_dcdcLvOutputCurrent,206.1,13 05 d4 0d b8 00
74.375600,PCS_dcdcLvOutputCurrent,129.3,13 05 d4 0d b5 00
74.475600,PCS_dcdcLvOutputCurrent,52.5,12 05 d4 0d b2 00
74.575600,PCS_dcdcLvOutputCurrent,206.1,12 05 d4 0d b8 00
74.675600,PCS_dcdcLvOutputCurrent,103.7,12 05 d4 0d b4 00
74.975400,PCS_dcdcLvOutputCurrent,180.5,13 05 d3 0d b7 00
75.075400,PCS_dcdcLvOutputCurrent,103.7,13 05 d4 0d b4 00
75.275800,PCS_dcdcLvOutputCurrent,206.1,13 05 d4 0d b8 00
75.375400,PCS_dcdcLvOutputCurrent,52.5,13 05 d4 0d a2 00
75.475400,PCS_dcdcLvOutputCurrent,103.7,11 05 d4 0d a4 00
75.575400,PCS_dcdcLvOutputCurrent,308.5,14 05 d4 0d ac 00
75.675400,PCS_dcdcLvOutputCurrent,1.3,12 05 d4 0d a0 00
75.775400,PCS_dcdcLvOutputCurrent,154.9,16 05 d4 0d a6 00
75.875400,PCS_dcdcLvOutputCurrent,257.3,12 05 d3 0d aa 00
75.975400,PCS_dcdcLvOutputCurrent,385.3,0e 05 d4 0d 9f 00
76.075400,PCS_dcdcLvOutputCurrent,129.3,12 05 d4 0d a5 00
76.175400,PCS_dcdcLvOutputCurrent,180.5,13 05 d3 0d a7 00
76.275400,PCS_dcdcLvOutputCurrent,103.7,13 05 d3 0d a4 00
76.475400,PCS_dcdcLvOutputCurrent,154.9,12 05 d4 0d a6 00
76.575400,PCS_dcdcLvOutputCurrent,257.3,12 05 d4 0d aa 00
76.675200,PCS_dcdcLvOutputCurrent,129.3,13 05 d4 0d a5 00
76.775400,PCS_dcdcLvOutputCurrent,180.5,10 05 d4 0d a7 00
76.975400,PCS_dcdcLvOutputCurrent,52.5,11 05 d4 0d a2 00
77.075200,PCS_dcdcLvOutputCurrent,206.1,13 05 d4 0d a8 00
77.175200,PCS_dcdcLvOutputCurrent,154.9,0f 05 d4 0d a6 00
77.375400,PCS_dcdcLvOutputCurrent,129.3,16 05 d3 0d a5 00
77.475200,PCS_dcdcLvOutputCurrent,206.1,12 05 d3 0d a8 00
77.575100,PCS_dcdcLvOutputCurrent,129.3,13 05 d4 0d a5 00
77.675100,PCS_dcdcLvOutputCurrent,78.1,10 05 d4 0d a3 00
77.775100,PCS_dcdcLvOutputCurrent,257.3,13 05 d4 0d aa 00
77.875200,PCS_dcdcLvOutputCurrent,129.3,16 05 d3 0d a5 00
77.975100,PCS_dcdcLvOutputCurrent,154.9,11 05 d4 0d a6 00
78.075100,PCS_dcdcLvOutputCurrent,282.9,14 05 d3 0d ab 00
78.175200,PCS_dcdcLvOutputCurrent,52.5,13 05 d4 0d a2 00
78.275500,PCS_dcdcLvOutputCurrent,180.5,13 05 d4 0d a7 00
78.375500,PCS_dcdcLvOutputCurrent,206.1,12 05 d3 0d a8 00
78.475500,PCS_dcdcLvOutputCurrent,26.9,11 05 d4 0d a1 00
78.575700,PCS_dcdcLvOutputCurrent,129.3,12 05 d5 0d a5 00
78.675500,PCS_dcdcLvOutputCurrent,180.5,0e 05 d4 0d a7 00
78.775200,PCS_dcdcLvOutputCurrent,26.9,15 05 d4 0d a1 00
78.875100,PCS_dcdcLvOutputCurrent,103.7,10 05 d4 0d a4 00
78.975200,PCS_dcdcLvOutputCurrent,180.5,14 05 d3 0d a7 00
79.075100,PCS_dcdcLvOutputCurrent,1.3,12 05 d3 0d a0 00
79.175100,PCS_dcdcLvOutputCurrent,52.5,0f 05 d4 0d a2 00
79.275300,PCS_dcdcLvOutputCurrent,206.1,13 05 d5 0d a8 00
79.375200,PCS_dcdcLvOutputCurrent,52.5,0f 05 d4 0d a2 00
79.575100,PCS_dcdcLvOutputCurrent,180.5,12 05 d4 0d a7 00
79.675100,PCS_dcdcLvOutputCurrent,1.3,12 05 d4 0d a0 00
79.775000,PCS_dcdcLvOutputCurrent,78.1,12 05 d3 0d a3 00
79.875000,PCS_dcdcLvOutputCurrent,180.5,12 05 d4 0d a7 00
79.975000,PCS_dcdcLvOutputCurrent,1.3,14 05 d4 0d a0 00
80.075000,PCS_dcdcLvOutputCurrent,129.3,13 05 d4 0d a5 00
80.175000,PCS_dcdcLvOutputCurrent,154.9,11 05 d3 0d a6 00
80.275100,PCS_dcdcLvOutputCurrent,103.7,13 05 d3 0d a4 00
80.375000,PCS_dcdcLvOutputCurrent,78.1,11 05 d4 0d a3 00
80.475000,PCS_dcdcLvOutputCurrent,129.3,12 05 d3 0d a5 00
80.575000,PCS_dcdcLvOutputCurrent,282.9,13 05 d4 0d ab 00
80.675000,PCS_dcdcLvOutputCurrent,1.3,11 05 d3 0d a0 00
80.775000,PCS_dcdcLvOutputCurrent,129.3,11 05 d4 0d a5 00
80.875000,PCS_dcdcLvOutputCurrent,154.9,13 05 d5 0d a6 00
80.975000,PCS_dcdcLvOutputCurrent,52.5,12 05 d4 0d a2 00
81.075000,PCS_dcdcLvOutputCurrent,154.9,12 05 d4 0d a6 00
81.175000,PCS_dcdcLvOutputCurrent,129.3,12 05 d4 0d a5 00
81.275000,PCS_dcdcLvOutputCurrent,78.1,12 05 d4 0d a3 00
81.375000,PCS_dcdcLvOutputCurrent,129.3,13 05 d4 0d a5 00
81.475000,PCS_dcdcLvOutputCurrent,180.5,12 05 d3 0d a7 00
81.575000,PCS_dcdcLvOutputCurrent,103.7,12 05 d4 0d a4 00
81.775100,PCS_dcdcLvOutputCurrent,180.5,11 05 d4 0d a7 00
81.875100,PCS_dcdcLvOutputCurrent,103.7,10 05 d4 0d a4 00
81.975100,PCS_dcdcLvOutputCurrent,154.9,12 05 d3 0d a6 00
82.075000,PCS_dcdcLvOutputCurrent,231.7,17 05 d3 0d a9 00
82.175000,PCS_dcdcLvOutputCurrent,78.1,12 05 d4 0d a3 00
82.275000,PCS_dcdcLvOutputCurrent,154.9,13 05 d4 0d a6 00
82.374900,PCS_dcdcLvOutputCurrent,231.7,13 05 d3 0d a9 00
82.474900,PCS_dcdcLvOutputCurrent,78.1,11 05 d4 0d a3 00
82.574900,PCS_dcdcLvOutputCurrent,154.9,13 05 d4 0d a6 00
82.775100,PCS_dcdcLvOutputCurrent,103.7,12 05 d3 0d a4 00
82.874900,PCS_dcdcLvOutputCurrent,206.1,13 05 d4 0d a8 00
82.974900,PCS_dcdcLvOutputCurrent,78.1,11 05 d3 0d a3 00
83.074900,PCS_dcdcLvOutputCurrent,154.9,14 05 d3 0d a6 00
83.174900,PCS_dcdcLvOutputCurrent,129.3,13 05 d4 0d a5 00
83.274900,PCS_dcdcLvOutputCurrent,154.9,16 05 d3 0d a6 00
83.374900,PCS_dcdcLvOutputCurrent,52.5,11 05 d4 0d a2 00
83.474900,PCS_dcdcLvOutputCurrent,103.7,11 05 d4 0d a4 00
83.574900,PCS_dcdcLvOutputCurrent,231.7,14 05 d4 0d a9 00
83.674900,PCS_dcdcLvOutputCurrent,26.9,13 05 d3 0d a1 00
83.775000,PCS_dcdcLvOutputCurrent,154.9,13 05 d4 0d a6 00
83.874900,PCS_dcdcLvOutputCurrent,180.5,13 05 d4 0d a7 00
83.975000,PCS_dcdcLvOutputCurrent,26.9,12 05 d4 0d a1 00
84.075000,PCS_dcdcLvOutputCurrent,103.7,12 05 d4 0d a4 00
84.174700,PCS_dcdcLvOutputCurrent,180.5,16 05 d4 0d a7 00
84.274700,PCS_dcdcLvOutputCurrent,78.1,14 05 d4 0d a3 00
84.474700,PCS_dcdcLvOutputCurrent,231.7,14 05 d4 0d a9 00
84.574700,PCS_dcdcLvOutputCurrent,78.1,12 05 d4 0d a3 00
84.674700,PCS_dcdcLvOutputCurrent,103.7,13 05 d4 0d a4 00
84.775000,PCS_dcdcLvOutputCurrent,257.3,10 05 d4 0d aa 00
84.874700,PCS_dcdcLvOutputCurrent,129.3,12 05 d4 0d a5 00
84.974700,PCS_dcdcLvOutputCurrent,26.9,13 05 d4 0d a1 00
85.074700,PCS_dcdcLvOutputCurrent,154.9,11 05 d3 0d a6 00
85.175000,PCS_dcdcLvOutputCurrent,52.5,11 05 d4 0d a2 00
85.374700,PCS_dcdcLvOutputCurrent,231.7,11 05 d4 0d a9 00
85.474600,PCS_dcdcLvOutputCurrent,52.5,12 05 d4 0d a2 00
85.574600,PCS_dcdcLvOutputCurrent,103.7,12 05 d4 0d a4 00
85.674700,PCS_dcdcLvOutputCurrent,154.9,12 05 d3 0d a6 00
85.774800,PCS_dcdcLvOutputCurrent,52.5,13 05 d4 0d a2 00
85.874800,PCS_dcdcLvOutputCurrent,129.3,12 05 d4 0d a5 00
85.974600,PCS_dcdcLvOutputCurrent,180.5,10 05 d3 0d a7 00
86.074600,PCS_dcdcLvOutputCurrent,231.7,12 05 d4 0d a9 00
86.174600,PCS_dcdcLvOutputCurrent,52.5,10 05 d4 0d a2 00
86.274600,PCS_dcdcLvOutputCurrent,231.7,13 05 d3 0d a9 00
86.474600,PCS_dcdcLvOutputCurrent,26.9,12 05 d4 0d a1 00
86.574600,PCS_dcdcLvOutputCurrent,154.9,14 05 d3 0d a6 00
86.674600,PCS_dcdcLvOutputCurrent,52.5,10 05 d3 0d a2 00
86.874700,PCS_dcdcLvOutputCurrent,180.5,12 05 d4 0d a7 00
86.974600,PCS_dcdcLvOutputCurrent,154.9,15 05 d4 0d a6 00
87.074700,PCS_dcdcLvOutputCurrent,103.7,11 05 d4 0d a4 00
87.174600,PCS_dcdcLvOutputCurrent,154.9,12 05 d4 0d a6 00
87.274700,PCS_dcdcLvOutputCurrent,103.7,13 05 d4 0d a4 00
87.374600,PCS_dcdcLvOutputCurrent,129.3,13 05 d4 0d a5 00
87.474700,PCS_dcdcLvOutputCurrent,180.5,11 05 d4 0d a7 00
87.574500,PCS_dcdcLvOutputCurrent,78.1,12 05 d4 0d a3 00
87.674600,PCS_dcdcLvOutputCurrent,103.7,14 05 d4 0d a4 00
87.774700,PCS_dcdcLvOutputCurrent,180.5,12 05 d4 0d a7 00
87.974500,PCS_dcdcLvOutputCurrent,78.1,10 05 d4 0d a3 00
88.074700,PCS_dcdcLvOutputCurrent,231.7,13 05 d4 0d a9 00
88.274700,PCS_dcdcLvOutputCurrent,129.3,13 05 d4 0d a5 00
88.374600,PCS_dcdcLvOutputCurrent,231.7,19 05 d5 0d a9 00
88.474700,PCS_dcdcLvOutputCurrent,103.7,0f 05 d3 0d a4 00
88.674900,PCS_dcdcLvOutputCurrent,154.9,12 05 d4 0d a6 00
88.774500,PCS_dcdcLvOutputCurrent,26.9,11 05 d4 0d a1 00
88.874700,PCS_dcdcLvOutputCurrent,103.7,0e 05 d4 0d a4 00
88.974500,PCS_dcdcLvOutputCurrent,154.9,13 05 d3 0d a6 00
89.074700,PCS_dcdcLvOutputCurrent,282.9,11 05 d4 0d ab 00
89.174500,PCS_dcdcLvOutputCurrent,78.1,11 05 d4 0d a3 00
89.274600,PCS_dcdcLvOutputCurrent,154.9,11 05 d4 0d a6 00
89.374400,PCS_dcdcLvOutputCurrent,282.9,12 05 d4 0d ab 00
89.474700,PCS_dcdcLvOutputCurrent,26.9,11 05 d4 0d a1 00
89.574400,PCS_dcdcLvOutputCurrent,129.3,12 05 d4 0d a5 00
89.674500,PCS_dcdcLvOutputCurrent,78.1,10 05 d3 0d a3 00
89.774400,PCS_dcdcLvOutputCurrent,52.5,11 05 d4 0d a2 00
89.874600,PCS_dcdcLvOutputCurrent,206.1,12 05 d5 0d a8 00
89.974400,PCS_dcdcLvOutputCurrent,129.3,12 05 d3 0d a5 00
90.174600,PCS_dcdcLvOutputCurrent,154.9,10 05 d4 0d a6 00
90.274600,PCS_dcdcLvOutputCurrent,206.1,11 05 d4 0d a8 00
90.374600,PCS_dcdcLvOutputCurrent,103.7,12 05 d4 0d a4 00
90.474600,PCS_dcdcLvOutputCurrent,129.3,0f 05 d4 0d a5 00
90.574400,PCS_dcdcLvOutputCurrent,308.5,13 05 d4 0d ac 00
90.674600,PCS_dcdcLvOutputCurrent,52.5,13 05 d4 0d a2 00
90.774400,PCS_dcdcLvOutputCurrent,154.9,13 05 d4 0d a6 00
90.874600,PCS_dcdcLvOutputCurrent,282.9,12 05 d4 0d ab 00
90.974400,PCS_dcdcLvOutputCurrent,26.9,12 05 d4 0d a1 00
91.074500,PCS_dcdcLvOutputCurrent,129.3,11 05 d4 0d a5 00
91.174400,PCS_dcdcLvOutputCurrent,154.9,10 05 d4 0d a6 00
91.274400,PCS_dcdcLvOutputCurrent,385.3,12 05 d3 0d 9f 00
91.374400,PCS_dcdcLvOutputCurrent,103.7,13 05 d4 0d a4 00
91.474500,PCS_dcdcLvOutputCurrent,180.5,11 05 d4 0d a7 00
91.574400,PCS_dcdcLvOutputCurrent,1.3,10 05 d3 0d a0 00
91.674400,PCS_dcdcLvOutputCurrent,154.9,11 05 d5 0d a6 00
91.774400,PCS_dcdcLvOutputCurrent,206.1,12 05 d4 0d a8 00
91.874700,PCS_dcdcLvOutputCurrent,129.3,12 05 d5 0d a5 00
91.974700,PCS_dcdcLvOutputCurrent,52.5,14 05 d4 0d a2 00
92.074400,PCS_dcdcLvOutputCurrent,129.3,13 05 d3 0d a5 00
92.174400,PCS_dcdcLvOutputCurrent,180.5,0f 05 d4 0d a7 00
92.274600,PCS_dcdcLvOutputCurrent,52.5,12 05 d4 0d a2 00
92.374300,PCS_dcdcLvOutputCurrent,206.1,15 05 d4 0d a8 00
92.474500,PCS_dcdcLvOutputCurrent,26.9,11 05 d4 0d a1 00
92.574400,PCS_dcdcLvOutputCurrent,129.3,11 05 d3 0d a5 00
92.774300,PCS_dcdcLvOutputCurrent,52.5,12 05 d4 0d a2 00
92.874400,PCS_dcdcLvOutputCurrent,78.1,12 05 d3 0d a3 00
93.074300,PCS_dcdcLvOutputCurrent,103.7,10 05 d3 0d a4 00
93.174300,PCS_dcdcLvOutputCurrent,1.3,11 05 d4 0d a0 00
93.274700,PCS_dcdcLvOutputCurrent,154.9,14 05 d4 0d a6 00
93.474200,PCS_dcdcLvOutputCurrent,26.9,14 05 d4 0d a1 00
93.574200,PCS_dcdcLvOutputCurrent,180.5,11 05 d4 0d a7 00
93.674400,PCS_dcdcLvOutputCurrent,129.3,11 05 d4 0d a5 00
93.774300,PCS_dcdcLvOutputCurrent,103.7,11 05 d4 0d a4 00
93.874700,PCS_dcdcLvOutputCurrent,129.3,12 05 d3 0d a5 00
93.974400,PCS_dcdcLvOutputCurrent,180.5,12 05 d4 0d a7 00
94.074300,PCS_dcdcLvOutputCurrent,78.1,13 05 d4 0d a3 00
94.274400,PCS_dcdcLvOutputCurrent,180.5,12 05 d4 0d a7 00
94.374400,PCS_dcdcLvOutputCurrent,52.5,13 05 d4 0d a2 00
94.474200,PCS_dcdcLvOutputCurrent,26.9,13 05 d4 0d a1 00
94.574400,PCS_dcdcLvOutputCurrent,180.5,11 05 d3 0d a7 00
94.674400,PCS_dcdcLvOutputCurrent,334.1,0f 05 d4 0d 9d 00
94.774300,PCS_dcdcLvOutputCurrent,26.9,12 05 d4 0d a1 00
94.874200,PCS_dcdcLvOutputCurrent,180.5,10 05 d4 0d a7 00
94.974400,PCS_dcdcLvOutputCurrent,78.1,12 05 d3 0d a3 00
95.174200,PCS_dcdcLvOutputCurrent,154.9,10 05 d3 0d a6 00
95.274500,PCS_dcdcLvOutputCurrent,180.5,12 05 d4 0d a7 00
95.374400,PCS_dcdcLvOutputCurrent,103.7,14 05 d4 0d a4 00
95.474500,PCS_dcdcLvOutputCurrent,26.9,10 05 d4 0d a1 00
95.574300,PCS_dcdcLvOutputCurrent,180.5,12 05 d5 0d a7 00
95.674200,PCS_dcdcLvOutputCurrent,52.5,13 05 d4 0d a2 00
95.774200,PCS_dcdcLvOutputCurrent,78.1,12 05 d4 0d a3 00
95.874500,PCS_dcdcLvOutputCurrent,231.7,14 05 d3 0d a9 00
95.974200,PCS_dcdcLvOutputCurrent,308.5,0e 05 d4 0d 9c 00
96.074300,PCS_dcdcLvOutputCurrent,26.9,11 05 d4 0d a1 00
96.174300,PCS_dcdcLvOutputCurrent,154.9,12 05 d5 0d a6 00
96.274600,PCS_dcdcLvOutputCurrent,385.3,12 05 d4 0d 9f 00
96.374300,PCS_dcdcLvOutputCurrent,129.3,11 05 d4 0d a5 00
96.574300,PCS_dcdcLvOutputCurrent,103.7,11 05 d3 0d a4 00
96.674500,PCS_dcdcLvOutputCurrent,52.5,12 05 d4 0d a2 00
96.774300,PCS_dcdcLvOutputCurrent,103.7,14 05 d4 0d a4 00
96.874300,PCS_dcdcLvOutputCurrent,257.3,13 05 d4 0d aa 00
96.974400,PCS_dcdcLvOutputCurrent,78.1,10 05 d4 0d a3 00
97.074600,PCS_dcdcLvOutputCurrent,129.3,13 05 d4 0d a5 00
97.174300,PCS_dcdcLvOutputCurrent,257.3,12 05 d4 0d aa 00
97.274300,PCS_dcdcLvOutputCurrent,1.3,13 05 d4 0d a0 00
97.374400,PCS_dcdcLvOutputCurrent,103.7,13 05 d4 0d a4 00
97.474500,PCS_dcdcLvOutputCurrent,154.9,13 05 d4 0d a6 00
97.574400,PCS_dcdcLvOutputCurrent,334.1,13 05 d4 0d 9d 00
97.674400,PCS_dcdcLvOutputCurrent,52.5,11 05 d4 0d a2 00
97.774400,PCS_dcdcLvOutputCurrent,103.7,13 05 d4 0d a4 00
97.874600,PCS_dcdcLvOutputCurrent,26.9,11 05 d3 0d a1 00
97.974400,PCS_dcdcLvOutputCurrent,385.3,13 05 d4 0d 9f 00
98.074300,PCS_dcdcLvOutputCurrent,154.9,14 05 d4 0d a6 00
98.174400,PCS_dcdcLvOutputCurrent,308.5,12 05 d4 0d 9c 00
98.274700,PCS_dcdcLvOutputCurrent,26.9,0e 05 d4 0d a1 00
98.374400,PCS_dcdcLvOutputCurrent,180.5,11 05 d4 0d a7 00
98.474400,PCS_dcdcLvOutputCurrent,385.3,11 05 d4 0d 9f 00
98.574400,PCS_dcdcLvOutputCurrent,26.9,12 05 d4 0d a1 00
98.674700,PCS_dcdcLvOutputCurrent,129.3,14 05 d3 0d a5 00
98.774400,PCS_dcdcLvOutputCurrent,103.7,11 05 d3 0d a4 00
98.874400,PCS_dcdcLvOutputCurrent,1.3,11 05 d4 0d a0 00
98.974500,PCS_dcdcLvOutputCurrent,103.7,12 05 d3 0d a4 00
99.074600,PCS_dcdcLvOutputCurrent,1.3,11 05 d4 0d a0 00
99.174400,PCS_dcdcLvOutputCurrent,103.7,11 05 d4 0d a4 00
99.274300,PCS_dcdcLvOutputCurrent,129.3,13 05 d3 0d a5 00
99.374400,PCS_dcdcLvOutputCurrent,103.7,10 05 d4 0d a4 00
99.474600,PCS_dcdcLvOutputCurrent,1.3,12 05 d4 0d a0 00
99.574400,PCS_dcdcLvOutputCurrent,129.3,13 05 d4 0d a5 00
99.674300,PCS_dcdcLvOutputCurrent,52.5,12 05 d3 0d a2 00
99.774400,PCS_dcdcLvOutputCurrent,1.3,12 05 d4 0d a0 00
99.874300,PCS_dcdcLvOutputCurrent,180.5,12 05 d4 0d a7 00
99.974400,PCS_dcdcLvOutputCurrent,78.1,10 05 d3 0d a3 00
100.174300,PCS_dcdcLvOutputCurrent,154.9,10 05 d4 0d a6 00
100.274800,PCS_dcdcLvOutputCurrent,359.7,11 05 d4 0d 9e 00
100.374100,PCS_dcdcLvOutputCurrent,26.9,12 05 d4 0d a1 00
100.474400,PCS_dcdcLvOutputCurrent,103.7,11 05 d4 0d a4 00
100.574400,PCS_dcdcLvOutputCurrent,26.9,10 05 d4 0d a1 00
100.674300,PCS_dcdcLvOutputCurrent,52.5,10 05 d3 0d a2 00
100.774400,PCS_dcdcLvOutputCurrent,103.7,13 05 d5 0d a4 00
100.874400,PCS_dcdcLvOutputCurrent,52.5,12 05 d3 0d a2 00
100.974400,PCS_dcdcLvOutputCurrent,26.9,10 05 d4 0d a1 00
101.074400,PCS_dcdcLvOutputCurrent,129.3,10 05 d4 0d a5 00
101.174400,PCS_dcdcLvOutputCurrent,52.5,13 05 d3 0d a2 00
101.274400,PCS_dcdcLvOutputCurrent,26.9,13 05 d4 0d a1 00
101.374400,PCS_dcdcLvOutputCurrent,180.5,13 05 d3 0d a7 00
101.474400,PCS_dcdcLvOutputCurrent,1.3,12 05 d4 0d a0 00
101.574400,PCS_dcdcLvOutputCurrent,78.1,10 05 d3 0d a3 00
101.674200,PCS_dcdcLvOutputCurrent,180.5,12 05 d3 0d a7 00
101.774200,PCS_dcdcLvOutputCurrent,78.1,12 05 d3 0d a3 00
101.874300,PCS_dcdcLvOutputCurrent,52.5,10 05 d4 0d a2 00
101.974500,PCS_dcdcLvOutputCurrent,154.9,14 05 d3 0d a6 00
102.074300,PCS_dcdcLvOutputCurrent,231.7,12 05 d4 0d a9 00
102.174400,PCS_dcdcLvOutputCurrent,1.3,11 05 d4 0d a0 00
102.274300,PCS_dcdcLvOutputCurrent,129.3,0f 05 d4 0d a5 00
102.374300,PCS_dcdcLvOutputCurrent,78.1,12 05 d5 0d a3 00
102.474400,PCS_dcdcLvOutputCurrent,385.3,12 05 d4 0d 9f 00
102.574300,PCS_dcdcLvOutputCurrent,154.9,12 05 d4 0d a6 00
102.674400,PCS_dcdcLvOutputCurrent,129.3,13 05 d4 0d a5 00
102.774300,PCS_dcdcLvOutputCurrent,1.3,11 05 d4 0d a0 00
102.874200,PCS_dcdcLvOutputCurrent,129.3,12 05 d4 0d a5 00
102.974500,PCS_dcdcLvOutputCurrent,103.7,12 05 d4 0d a4 00
103.074300,PCS_dcdcLvOutputCurrent,385.3,12 05 d4 0d 9f 00
103.174300,PCS_dcdcLvOutputCurrent,129.3,12 05 d4 0d a5 00
103.274400,PCS_dcdcLvOutputCurrent,359.7,11 05 d4 0d 9e 00
103.374400,PCS_dcdcLvOutputCurrent,52.5,14 05 d4 0d a2 00
103.474600,PCS_dcdcLvOutputCurrent,1.3,13 05 d4 0d a0 00
103.574600,PCS_dcdcLvOutputCurrent,103.7,13 05 d4 0d a4 00
103.674600,PCS_dcdcLvOutputCurrent,26.9,11 05 d4 0d a1 00
103.774800,PCS_dcdcLvOutputCurrent,52.5,0f 05 d4 0d a2 00
103.874300,PCS_dcdcLvOutputCurrent,206.1,12 05 d4 0d a8 00
103.974400,PCS_dcdcLvOutputCurrent,359.7,13 05 d4 0d 9e 00
104.074500,PCS_dcdcLvOutputCurrent,78.1,15 05 d4 0d a3 00
104.174500,PCS_dcdcLvOutputCurrent,154.9,12 05 d4 0d a6 00
104.274500,PCS_dcdcLvOutputCurrent,334.1,12 05 d4 0d 9d 00
104.374500,PCS_dcdcLvOutputCurrent,78.1,12 05 d3 0d a3 00
104.474500,PCS_dcdcLvOutputCurrent,154.9,11 05 d4 0d a6 00
104.574500,PCS_dcdcLvOutputCurrent,26.9,14 05 d4 0d a1 00
104.674500,PCS_dcdcLvOutputCurrent,78.1,12 05 d4 0d a3 00
104.774700,PCS_dcdcLvOutputCurrent,129.3,13 05 d4 0d a5 00
104.874400,PCS_dcdcLvOutputCurrent,52.5,13 05 d4 0d a2 00
104.974600,PCS_dcdcLvOutputCurrent,78.1,11 05 d4 0d a3 00
105.074500,PCS_dcdcLvOutputCurrent,180.5,12 05 d4 0d a7 00
105.174500,PCS_dcdcLvOutputCurrent,78.1,12 05 d3 0d a3 00
105.374400,PCS_dcdcLvOutputCurrent,206.1,12 05 d4 0d a8 00
105.474500,PCS_dcdcLvOutputCurrent,334.1,14 05 d4 0d 9d 00
105.574500,PCS_dcdcLvOutputCurrent,1.3,12 05 d4 0d a0 00
105.674200,PCS_dcdcLvOutputCurrent,180.5,13 05 d4 0d a7 00
105.774300,PCS_dcdcLvOutputCurrent,257.3,11 05 d3 0d 9a 00
105.874300,PCS_dcdcLvOutputCurrent,129.3,0f 05 d3 0d a5 00
106.074400,PCS_dcdcLvOutputCurrent,52.5,11 05 d4 0d a2 00
106.174400,PCS_dcdcLvOutputCurrent,78.1,11 05 d4 0d a3 00
106.274400,PCS_dcdcLvOutputCurrent,129.3,11 05 d4 0d a5 00
106.374500,PCS_dcdcLvOutputCurrent,359.7,11 05 d4 0d 9e 00
106.474500,PCS_dcdcLvOutputCurrent,52.5,11 05 d3 0d a2 00
106.574500,PCS_dcdcLvOutputCurrent,154.9,14 05 d3 0d a6 00
106.674500,PCS_dcdcLvOutputCurrent,103.7,13 05 d4 0d a4 00
106.774700,PCS_dcdcLvOutputCurrent,385.3,11 05 d4 0d 9f 00
106.874500,PCS_dcdcLvOutputCurrent,154.9,11 05 d4 0d a6 00
106.974700,PCS_dcdcLvOutputCurrent,78.1,10 05 d4 0d a3 00
107.074500,PCS_dcdcLvOutputCurrent,26.9,12 05 d4 0d a1 00
107.174500,PCS_dcdcLvOutputCurrent,154.9,13 05 d4 0d a6 00
107.274300,PCS_dcdcLvOutputCurrent,26.9,11 05 d4 0d a1 00
107.374500,PCS_dcdcLvOutputCurrent,103.7,11 05 d4 0d a4 00
107.474500,PCS_dcdcLvOutputCurrent,129.3,12 05 d4 0d a5 00
107.574500,PCS_dcdcLvOutputCurrent,154.9,11 05 d4 0d a6 00
107.674500,PCS_dcdcLvOutputCurrent,103.7,12 05 d4 0d a4 00
107.774700,PCS_dcdcLvOutputCurrent,1.3,12 05 d4 0d a0 00
107.874400,PCS_dcdcLvOutputCurrent,180.5,16 05 d4 0d a7 00
107.974600,PCS_dcdcLvOutputCurrent,1.3,12 05 d4 0d a0 00
108.074400,PCS_dcdcLvOutputCurrent,129.3,12 05 d3 0d a5 00
108.174400,PCS_dcdcLvOutputCurrent,206.1,12 05 d4 0d a8 00
108.274400,PCS_dcdcLvOutputCurrent,385.3,13 05 d4 0d 9f 00
108.374400,PCS_dcdcLvOutputCurrent,26.9,12 05 d4 0d a1 00
108.474400,PCS_dcdcLvOutputCurrent,129.3,13 05 d4 0d a5 00
108.574600,PCS_dcdcLvOutputCurrent,282.9,11 05 d4 0d 9b 00
108.674600,PCS_dcdcLvOutputCurrent,103.7,11 05 d3 0d a4 00
108.773900,PCS_dcdcLvOutputCurrent,129.3,15 05 d4 0d a5 00
108.974600,PCS_dcdcLvOutputCurrent,1.3,12 05 d4 0d a0 00
109.074200,PCS_dcdcLvOutputCurrent,154.9,14 05 d4 0d a6 00
109.274500,PCS_dcdcLvOutputCurrent,1.3,0f 05 d4 0d a0 00
109.373900,PCS_dcdcLvOutputCurrent,180.5,13 05 d3 0d a7 00
109.473900,PCS_dcdcLvOutputCurrent,1.3,0c 05 d4 0d a0 00
109.573900,PCS_dcdcLvOutputCurrent,78.1,12 05 d4 0d a3 00
109.673900,PCS_dcdcLvOutputCurrent,206.1,13 05 d4 0d a8 00
109.774200,PCS_dcdcLvOutputCurrent,359.7,11 05 d4 0d 9e 00
109.873900,PCS_dcdcLvOutputCurrent,103.7,12 05 d4 0d a4 00
109.974600,PCS_dcdcLvOutputCurrent,129.3,11 05 d4 0d a5 00
110.074100,PCS_dcdcLvOutputCurrent,206.1,12 05 d4 0d a8 00
110.173900,PCS_dcdcLvOutputCurrent,103.7,16 05 d3 0d a4 00
110.273900,PCS_dcdcLvOutputCurrent,180.5,13 05 d4 0d a7 00
110.373900,PCS_dcdcLvOutputCurrent,129.3,18 05 d4 0d a5 00
110.473900,PCS_dcdcLvOutputCurrent,26.9,0f 05 d4 0d a1 00
110.573800,PCS_dcdcLvOutputCurrent,154.9,12 05 d4 0d a6 00
110.674100,PCS_dcdcLvOutputCurrent,129.3,11 05 d4 0d a5 00
110.774100,PCS_dcdcLvOutputCurrent,26.9,12 05 d4 0d a1 00
110.873900,PCS_dcdcLvOutputCurrent,180.5,13 05 d4 0d a7 00
110.974100,PCS_dcdcLvOutputCurrent,52.5,0f 05 d4 0d a2 00
111.074200,PCS_dcdcLvOutputCurrent,1.3,12 05 d4 0d a0 00
111.173900,PCS_dcdcLvOutputCurrent,206.1,13 05 d4 0d a8 00
111.273900,PCS_dcdcLvOutputCurrent,359.7,0f 05 d4 0d 9e 00
111.373900,PCS_dcdcLvOutputCurrent,103.7,13 05 d4 0d a4 00
111.473900,PCS_dcdcLvOutputCurrent,129.3,13 05 d4 0d a5 00
111.573900,PCS_dcdcLvOutputCurrent,26.9,11 05 d3 0d a1 00
111.673800,PCS_dcdcLvOutputCurrent,78.1,11 05 d4 0d a3 00
111.773800,PCS_dcdcLvOutputCurrent,103.7,10 05 d3 0d a4 00
111.874100,PCS_dcdcLvOutputCurrent,154.9,13 05 d4 0d a6 00
111.974300,PCS_dcdcLvOutputCurrent,26.9,11 05 d4 0d a1 00
112.074000,PCS_dcdcLvOutputCurrent,154.9,13 05 d3 0d a6 00
112.173900,PCS_dcdcLvOutputCurrent,129.3,10 05 d4 0d a5 00
112.274000,PCS_dcdcLvOutputCurrent,26.9,12 05 d4 0d a1 00
112.373900,PCS_dcdcLvOutputCurrent,154.9,12 05 d3 0d a6 00
112.473800,PCS_dcdcLvOutputCurrent,334.1,11 05 d4 0d 9d 00
112.573700,PCS_dcdcLvOutputCurrent,1.3,13 05 d4 0d a0 00
112.673800,PCS_dcdcLvOutputCurrent,206.1,13 05 d4 0d a8 00
112.774200,PCS_dcdcLvOutputCurrent,103.7,13 05 d3 0d a4 00
112.873900,PCS_dcdcLvOutputCurrent,52.5,14 05 d4 0d a2 00
112.974000,PCS_dcdcLvOutputCurrent,1.3,13 05 d4 0d a0 00
113.073800,PCS_dcdcLvOutputCurrent,154.9,12 05 d4 0d a6 00
113.173800,PCS_dcdcLvOutputCurrent,78.1,14 05 d3 0d a3 00
113.273700,PCS_dcdcLvOutputCurrent,26.9,12 05 d4 0d a1 00
113.373800,PCS_dcdcLvOutputCurrent,206.1,13 05 d4 0d a8 00
113.473800,PCS_dcdcLvOutputCurrent,282.9,13 05 d4 0d 9b 00
113.573800,PCS_dcdcLvOutputCurrent,1.3,13 05 d4 0d a0 00
113.674000,PCS_dcdcLvOutputCurrent,206.1,10 05 d3 0d a8 00
113.774100,PCS_dcdcLvOutputCurrent,308.5,13 05 d4 0d 9c 00
113.874000,PCS_dcdcLvOutputCurrent,52.5,12 05 d4 0d a2 00
113.974000,PCS_dcdcLvOutputCurrent,103.7,13 05 d3 0d a4 00
114.073800,PCS_dcdcLvOutputCurrent,308.5,12 05 d4 0d 9c 00
114.173800,PCS_dcdcLvOutputCurrent,52.5,10 05 d4 0d a2 00
114.273800,PCS_dcdcLvOutputCurrent,78.1,12 05 d4 0d a3 00
114.473800,PCS_dcdcLvOutputCurrent,359.7,11 05 d4 0d 9e 00
114.573800,PCS_dcdcLvOutputCurrent,129.3,11 05 d4 0d a5 00
114.673800,PCS_dcdcLvOutputCurrent,206.1,10 05 d4 0d a8 00
114.774100,PCS_dcdcLvOutputCurrent,385.3,11 05 d4 0d 9f 00
114.873800,PCS_dcdcLvOutputCurrent,103.7,12 05 d4 0d a4 00
114.974100,PCS_dcdcLvOutputCurrent,206.1,12 05 d4 0d a8 00
115.073800,PCS_dcdcLvOutputCurrent,1.3,13 05 d4 0d a0 00
115.173800,PCS_dcdcLvOutputCurrent,103.7,12 05 d4 0d a4 00
115.273700,PCS_dcdcLvOutputCurrent,129.3,11 05 d3 0d a5 00
115.374000,PCS_dcdcLvOutputCurrent,334.1,14 05 d4 0d 9d 00
115.473700,PCS_dcdcLvOutputCurrent,103.7,11 05 d4 0d a4 00
115.573700,PCS_dcdcLvOutputCurrent,129.3,12 05 d4 0d a5 00
115.673700,PCS_dcdcLvOutputCurrent,52.5,12 05 d3 0d a2 00
115.773600,PCS_dcdcLvOutputCurrent,26.9,13 05 d4 0d a1 00
115.873700,PCS_dcdcLvOutputCurrent,154.9,11 05 d4 0d a6 00
115.973700,PCS_dcdcLvOutputCurrent,78.1,12 05 d4 0d a3 00
116.073600,PCS_dcdcLvOutputCurrent,52.5,10 05 d4 0d a2 00
116.173800,PCS_dcdcLvOutputCurrent,231.7,0f 05 d4 0d a9 00
116.273800,PCS_dcdcLvOutputCurrent,206.1,11 05 d4 0d 98 00
116.373600,PCS_dcdcLvOutputCurrent,52.5,13 05 d4 0d a2 00
116.473600,PCS_dcdcLvOutputCurrent,154.9,10 05 d4 0d a6 00
116.573600,PCS_dcdcLvOutputCurrent,282.9,11 05 d4 0d 9b 00
116.673600,PCS_dcdcLvOutputCurrent,78.1,14 05 d4 0d a3 00
116.873600,PCS_dcdcLvOutputCurrent,385.3,11 05 d4 0d 9f 00
116.973800,PCS_dcdcLvOutputCurrent,78.1,12 05 d4 0d a3 00
117.073800,PCS_dcdcLvOutputCurrent,180.5,13 05 d4 0d a7 00
117.173600,PCS_dcdcLvOutputCurrent,78.1,11 05 d3 0d a3 00
117.274000,PCS_dcdcLvOutputCurrent,26.9,13 05 d3 0d a1 00
117.374000,PCS_dcdcLvOutputCurrent,154.9,11 05 d3 0d a6 00
117.473800,PCS_dcdcLvOutputCurrent,26.9,10 05 d3 0d a1 00
117.573800,PCS_dcdcLvOutputCurrent,52.5,11 05 d4 0d a2 00
117.673800,PCS_dcdcLvOutputCurrent,206.1,11 05 d3 0d a8 00
117.774000,PCS_dcdcLvOutputCurrent,26.9,11 05 d4 0d a1 00
117.873600,PCS_dcdcLvOutputCurrent,103.7,11 05 d4 0d a4 00
117.974000,PCS_dcdcLvOutputCurrent,206.1,13 05 d4 0d a8 00
118.073800,PCS_dcdcLvOutputCurrent,180.5,11 05 d4 0d a7 00
118.173700,PCS_dcdcLvOutputCurrent,129.3,12 05 d4 0d a5 00
118.374000,PCS_dcdcLvOutputCurrent,206.1,11 05 d4 0d a8 00
118.473700,PCS_dcdcLvOutputCurrent,103.7,12 05 d4 0d a4 00
118.573700,PCS_dcdcLvOutputCurrent,78.1,13 05 d4 0d a3 00
118.673700,PCS_dcdcLvOutputCurrent,257.3,18 05 d4 0d aa 00
118.773400,PCS_dcdcLvOutputCurrent,26.9,11 05 d4 0d a1 00
118.873700,PCS_dcdcLvOutputCurrent,52.5,12 05 d4 0d a2 00
118.973700,PCS_dcdcLvOutputCurrent,154.9,13 05 d4 0d a6 00
119.073700,PCS_dcdcLvOutputCurrent,359.7,12 05 d4 0d 9e 00
119.173700,PCS_dcdcLvOutputCurrent,52.5,10 05 d4 0d a2 00
119.273700,PCS_dcdcLvOutputCurrent,78.1,10 05 d4 0d a3 00
119.373700,PCS_dcdcLvOutputCurrent,385.3,10 05 d4 0d 9f 00
119.473700,PCS_dcdcLvOutputCurrent,52.5,13 05 d4 0d a2 00
119.573400,PCS_dcdcLvOutputCurrent,129.3,12 05 d4 0d a5 00
119.673400,PCS_dcdcLvOutputCurrent,154.9,10 05 d4 0d a6 00
119.774000,PCS_dcdcLvOutputCurrent,385.3,11 05 d4 0d 9f 00
119.873500,PCS_dcdcLvOutputCurrent,154.9,11 05 d4 0d a6 00
119.973500,PCS_dcdcLvOutputCurrent,1.3,11 05 d4 0d a0 00
120.073500,PCS_dcdcLvOutputCurrent,103.7,13 05 d4 0d a4 00
120.173500,PCS_dcdcLvOutputCurrent,206.1,12 05 d4 0d a8 00
120.273500,PCS_dcdcLvOutputCurrent,359.7,11 05 d4 0d 9e 00
120.373400,PCS_dcdcLvOutputCurrent,78.1,15 05 d4 0d a3 00
120.473400,PCS_dcdcLvOutputCurrent,154.9,12 05 d4 0d a6 00
120.573600,PCS_dcdcLvOutputCurrent,385.3,11 05 d4 0d 9f 00
120.673500,PCS_dcdcLvOutputCurrent,129.3,13 05 d4 0d a5 00
121.073400,PCS_dcdcLvOutputCurrent,180.5,12 05 d4 0d a7 00
121.173300,PCS_dcdcLvOutputCurrent,78.1,13 05 d4 0d a3 00
121.273400,PCS_dcdcLvOutputCurrent,26.9,15 05 d3 0d a1 00
121.373500,PCS_dcdcLvOutputCurrent,154.9,11 05 d4 0d a6 00
121.473400,PCS_dcdcLvOutputCurrent,257.3,13 05 d4 0d 9a 00
121.573200,PCS_dcdcLvOutputCurrent,308.5,13 05 d4 0d 9c 00
121.673400,PCS_dcdcLvOutputCurrent,78.1,15 05 d3 0d a3 00
121.773400,PCS_dcdcLvOutputCurrent,154.9,11 05 d4 0d 96 00
121.873300,PCS_dcdcLvOutputCurrent,282.9,12 05 d3 0d 9b 00
121.973500,PCS_dcdcLvOutputCurrent,359.7,11 05 d4 0d 9e 00
122.073400,PCS_dcdcLvOutputCurrent,334.1,0f 05 d4 0d 9d 00
122.173200,PCS_dcdcLvOutputCurrent,282.9,12 05 d4 0d 9b 00
122.272800,PCS_dcdcLvOutputCurrent,334.1,13 05 d4 0d 9d 00
122.473300,PCS_dcdcLvOutputCurrent,180.5,13 05 d3 0d 97 00
122.573700,PCS_dcdcLvOutputCurrent,359.7,12 05 d4 0d 9e 00
122.673200,PCS_dcdcLvOutputCurrent,129.3,11 05 d3 0d 95 00
122.772800,PCS_dcdcLvOutputCurrent,206.1,10 05 d3 0d 98 00
122.872800,PCS_dcdcLvOutputCurrent,385.3,12 05 d4 0d 9f 00
122.972700,PCS_dcdcLvOutputCurrent,154.9,10 05 d4 0d 96 00
123.073300,PCS_dcdcLvOutputCurrent,257.3,14 05 d3 0d 9a 00
123.173400,PCS_dcdcLvOutputCurrent,385.3,12 05 d4 0d 9f 00
123.273300,PCS_dcdcLvOutputCurrent,103.7,12 05 d3 0d 94 00
123.373300,PCS_dcdcLvOutputCurrent,231.7,13 05 d4 0d 99 00
123.473300,PCS_dcdcLvOutputCurrent,334.1,12 05 d4 0d 9d 00
123.573200,PCS_dcdcLvOutputCurrent,129.3,11 05 d4 0d 95 00
123.673600,PCS_dcdcLvOutputCurrent,257.3,11 05 d4 0d 9a 00
123.773200,PCS_dcdcLvOutputCurrent,231.7,12 05 d4 0d 99 00
123.873700,PCS_dcdcLvOutputCurrent,206.1,12 05 d4 0d 98 00
123.972900,PCS_dcdcLvOutputCurrent,282.9,11 05 d4 0d 9b 00
124.073300,PCS_dcdcLvOutputCurrent,308.5,13 05 d4 0d 9c 00
124.173100,PCS_dcdcLvOutputCurrent,231.7,11 05 d4 0d 99 00
124.273400,PCS_dcdcLvOutputCurrent,180.5,11 05 d4 0d 97 00
124.372800,PCS_dcdcLvOutputCurrent,334.1,12 05 d3 0d 9d 00
124.472700,PCS_dcdcLvOutputCurrent,129.3,11 05 d3 0d 95 00
124.572600,PCS_dcdcLvOutputCurrent,206.1,11 05 d3 0d 98 00
124.672700,PCS_dcdcLvOutputCurrent,385.3,13 05 d4 0d 9f 00
124.773000,PCS_dcdcLvOutputCurrent,154.9,13 05 d4 0d 96 00
124.872700,PCS_dcdcLvOutputCurrent,206.1,13 05 d4 0d 98 00
124.972600,PCS_dcdcLvOutputCurrent,334.1,14 05 d3 0d 9d 00
125.072600,PCS_dcdcLvOutputCurrent,257.3,12 05 d4 0d 9a 00
125.173000,PCS_dcdcLvOutputCurrent,231.7,13 05 d4 0d 99 00
125.272600,PCS_dcdcLvOutputCurrent,334.1,13 05 d4 0d 9d 00
125.373400,PCS_dcdcLvOutputCurrent,180.5,10 05 d4 0d 97 00
125.472800,PCS_dcdcLvOutputCurrent,257.3,12 05 d4 0d 9a 00
125.573100,PCS_dcdcLvOutputCurrent,334.1,11 05 d4 0d 9d 00
125.672600,PCS_dcdcLvOutputCurrent,129.3,11 05 d4 0d 95 00
125.772800,PCS_dcdcLvOutputCurrent,180.5,12 05 d4 0d 97 00
125.872800,PCS_dcdcLvOutputCurrent,308.5,12 05 d4 0d 9c 00
125.972900,PCS_dcdcLvOutputCurrent,385.3,12 05 d4 0d 9f 00
126.072900,PCS_dcdcLvOutputCurrent,206.1,12 05 d4 0d 98 00
126.172700,PCS_dcdcLvOutputCurrent,282.9,11 05 d4 0d 9b 00
126.272600,PCS_dcdcLvOutputCurrent,359.7,11 05 d4 0d 9e 00
126.372900,PCS_dcdcLvOutputCurrent,78.1,11 05 d4 0d 93 00
126.472600,PCS_dcdcLvOutputCurrent,257.3,12 05 d4 0d 9a 00
126.572600,PCS_dcdcLvOutputCurrent,282.9,11 05 d4 0d 9b 00
126.672800,PCS_dcdcLvOutputCurrent,52.5,12 05 d4 0d 92 00
126.772600,PCS_dcdcLvOutputCurrent,154.9,0f 05 d4 0d 96 00
126.872600,PCS_dcdcLvOutputCurrent,334.1,12 05 d4 0d 9d 00
126.972500,PCS_dcdcLvOutputCurrent,129.3,11 05 d3 0d 95 00
127.072900,PCS_dcdcLvOutputCurrent,154.9,12 05 d4 0d 96 00
127.172600,PCS_dcdcLvOutputCurrent,334.1,11 05 d4 0d 9d 00
127.272500,PCS_dcdcLvOutputCurrent,129.3,0f 05 d3 0d 95 00
127.372600,PCS_dcdcLvOutputCurrent,180.5,11 05 d4 0d 97 00
127.472700,PCS_dcdcLvOutputCurrent,334.1,11 05 d4 0d 9d 00
127.572500,PCS_dcdcLvOutputCurrent,129.3,10 05 d3 0d 95 00
127.672600,PCS_dcdcLvOutputCurrent,257.3,10 05 d4 0d 9a 00
127.772800,PCS_dcdcLvOutputCurrent,308.5,11 05 d4 0d 9c 00
127.872900,PCS_dcdcLvOutputCurrent,231.7,11 05 d3 0d 99 00
127.973100,PCS_dcdcLvOutputCurrent,206.1,11 05 d4 0d 98 00
128.072800,PCS_dcdcLvOutputCurrent,359.7,10 05 d4 0d 9e 00
128.172600,PCS_dcdcLvOutputCurrent,103.7,0e 05 d3 0d 94 00
128.272600,PCS_dcdcLvOutputCurrent,206.1,11 05 d4 0d 98 00
128.373100,PCS_dcdcLvOutputCurrent,334.1,16 05 d4 0d 9d 00
128.472500,PCS_dcdcLvOutputCurrent,154.9,10 05 d4 0d 96 00
128.572700,PCS_dcdcLvOutputCurrent,206.1,11 05 d4 0d 98 00
128.673000,PCS_dcdcLvOutputCurrent,385.3,11 05 d4 0d 9f 00
128.773000,PCS_dcdcLvOutputCurrent,180.5,10 05 d4 0d 97 00
128.872800,PCS_dcdcLvOutputCurrent,206.1,12 05 d4 0d 98 00
128.972500,PCS_dcdcLvOutputCurrent,359.7,13 05 d3 0d 9e 00
129.072700,PCS_dcdcLvOutputCurrent,257.3,12 05 d4 0d 9a 00
129.173200,PCS_dcdcLvOutputCurrent,231.7,11 05 d4 0d 99 00
129.272300,PCS_dcdcLvOutputCurrent,334.1,11 05 d4 0d 9d 00
129.372800,PCS_dcdcLvOutputCurrent,282.9,11 05 d4 0d 9b 00
129.472600,PCS_dcdcLvOutputCurrent,231.7,11 05 d4 0d 99 00
129.672300,PCS_dcdcLvOutputCurrent,1.3,11 05 d4 0d a0 00
129.772500,PCS_dcdcLvOutputCurrent,129.3,11 05 d3 0d 95 00
129.872400,PCS_dcdcLvOutputCurrent,308.5,10 05 d4 0d 9c 00
129.972400,PCS_dcdcLvOutputCurrent,385.3,11 05 d4 0d 9f 00
130.072700,PCS_dcdcLvOutputCurrent,206.1,11 05 d3 0d 98 00
130.172500,PCS_dcdcLvOutputCurrent,282.9,12 05 d4 0d 9b 00
130.272400,PCS_dcdcLvOutputCurrent,334.1,12 05 d4 0d 9d 00
130.373000,PCS_dcdcLvOutputCurrent,231.7,0f 05 d3 0d 99 00
130.472400,PCS_dcdcLvOutputCurrent,282.9,11 05 d4 0d 9b 00
130.572300,PCS_dcdcLvOutputCurrent,1.3,12 05 d4 0d a0 00
130.672400,PCS_dcdcLvOutputCurrent,206.1,12 05 d4 0d 98 00
130.772200,PCS_dcdcLvOutputCurrent,231.7,11 05 d4 0d 99 00
130.872500,PCS_dcdcLvOutputCurrent,385.3,15 05 d4 0d 9f 00
130.972400,PCS_dcdcLvOutputCurrent,129.3,11 05 d4 0d 95 00
131.072500,PCS_dcdcLvOutputCurrent,282.9,11 05 d4 0d 9b 00
131.172300,PCS_dcdcLvOutputCurrent,359.7,11 05 d4 0d 9e 00
131.272300,PCS_dcdcLvOutputCurrent,180.5,0f 05 d4 0d 97 00
131.372500,PCS_dcdcLvOutputCurrent,231.7,11 05 d4 0d 99 00
131.472200,PCS_dcdcLvOutputCurrent,334.1,12 05 d4 0d 9d 00
131.572200,PCS_dcdcLvOutputCurrent,231.7,11 05 d4 0d 99 00
131.672400,PCS_dcdcLvOutputCurrent,206.1,12 05 d4 0d 98 00
131.772500,PCS_dcdcLvOutputCurrent,282.9,11 05 d4 0d 9b 00
131.872300,PCS_dcdcLvOutputCurrent,78.1,11 05 d3 0d 93 00
131.972300,PCS_dcdcLvOutputCurrent,257.3,17 05 d4 0d 9a 00
132.072600,PCS_dcdcLvOutputCurrent,334.1,12 05 d3 0d 9d 00
132.172300,PCS_dcdcLvOutputCurrent,129.3,0d 05 d4 0d 95 00
132.272200,PCS_dcdcLvOutputCurrent,154.9,10 05 d4 0d 96 00
132.372300,PCS_dcdcLvOutputCurrent,257.3,11 05 d4 0d 9a 00
132.472300,PCS_dcdcLvOutputCurrent,78.1,10 05 d4 0d 93 00
132.572300,PCS_dcdcLvOutputCurrent,180.5,10 05 d4 0d 97 00
132.672200,PCS_dcdcLvOutputCurrent,359.7,12 05 d4 0d 9e 00
132.772300,PCS_dcdcLvOutputCurrent,1.3,0f 05 d4 0d 90 00
132.872300,PCS_dcdcLvOutputCurrent,231.7,11 05 d4 0d 99 00
132.972300,PCS_dcdcLvOutputCurrent,385.3,10 05 d4 0d 9f 00
133.072400,PCS_dcdcLvOutputCurrent,308.5,11 05 d4 0d 9c 00
133.172400,PCS_dcdcLvOutputCurrent,257.3,13 05 d3 0d 9a 00
133.272300,PCS_dcdcLvOutputCurrent,180.5,12 05 d4 0d 97 00
133.372400,PCS_dcdcLvOutputCurrent,359.7,11 05 d4 0d 9e 00
133.472300,PCS_dcdcLvOutputCurrent,257.3,11 05 d4 0d 9a 00
133.672300,PCS_dcdcLvOutputCurrent,334.1,12 05 d4 0d 9d 00
133.772400,PCS_dcdcLvOutputCurrent,154.9,11 05 d4 0d 96 00
133.872400,PCS_dcdcLvOutputCurrent,282.9,0f 05 d3 0d 9b 00
133.972400,PCS_dcdcLvOutputCurrent,359.7,10 05 d4 0d 9e 00
134.072400,PCS_dcdcLvOutputCurrent,206.1,12 05 d4 0d 98 00
134.172400,PCS_dcdcLvOutputCurrent,231.7,13 05 d4 0d 99 00
134.272400,PCS_dcdcLvOutputCurrent,334.1,0f 05 d4 0d 9d 00
134.372900,PCS_dcdcLvOutputCurrent,154.9,12 05 d4 0d 96 00
134.472400,PCS_dcdcLvOutputCurrent,231.7,11 05 d4 0d 99 00
134.572400,PCS_dcdcLvOutputCurrent,334.1,10 05 d4 0d 9d 00
134.672400,PCS_dcdcLvOutputCurrent,154.9,11 05 d3 0d 96 00
134.772400,PCS_dcdcLvOutputCurrent,206.1,14 05 d4 0d 98 00
134.872400,PCS_dcdcLvOutputCurrent,282.9,11 05 d4 0d 9b 00
134.972400,PCS_dcdcLvOutputCurrent,206.1,11 05 d3 0d 98 00
135.072400,PCS_dcdcLvOutputCurrent,180.5,10 05 d4 0d 97 00
135.172400,PCS_dcdcLvOutputCurrent,308.5,12 05 d4 0d 9c 00
135.272400,PCS_dcdcLvOutputCurrent,103.7,13 05 d4 0d 94 00
135.372400,PCS_dcdcLvOutputCurrent,180.5,10 05 d3 0d 97 00
135.472400,PCS_dcdcLvOutputCurrent,308.5,13 05 d4 0d 9c 00
135.572400,PCS_dcdcLvOutputCurrent,52.5,0e 05 d4 0d 92 00
135.672400,PCS_dcdcLvOutputCurrent,206.1,11 05 d4 0d 98 00
135.772400,PCS_dcdcLvOutputCurrent,308.5,11 05 d4 0d 9c 00
135.872400,PCS_dcdcLvOutputCurrent,180.5,11 05 d4 0d 97 00
135.972400,PCS_dcdcLvOutputCurrent,308.5,10 05 d4 0d 9c 00
136.072300,PCS_dcdcLvOutputCurrent,334.1,13 05 d4 0d 9d 00
136.172300,PCS_dcdcLvOutputCurrent,206.1,0f 05 d4 0d 98 00
136.272300,PCS_dcdcLvOutputCurrent,231.7,11 05 d3 0d 99 00
136.372300,PCS_dcdcLvOutputCurrent,308.5,12 05 d4 0d 9c 00
136.472500,PCS_dcdcLvOutputCurrent,103.7,0f 05 d4 0d 94 00
136.572500,PCS_dcdcLvOutputCurrent,206.1,11 05 d4 0d 98 00
136.672500,PCS_dcdcLvOutputCurrent,282.9,12 05 d4 0d 9b 00
136.772500,PCS_dcdcLvOutputCurrent,103.7,0f 05 d4 0d 94 00
136.872500,PCS_dcdcLvOutputCurrent,154.9,12 05 d3 0d 96 00
136.972500,PCS_dcdcLvOutputCurrent,359.7,12 05 d4 0d 9e 00
137.072500,PCS_dcdcLvOutputCurrent,206.1,11 05 d4 0d 98 00
137.272400,PCS_dcdcLvOutputCurrent,334.1,12 05 d4 0d 9d 00
137.372500,PCS_dcdcLvOutputCurrent,129.3,0e 05 d4 0d 95 00
137.472400,PCS_dcdcLvOutputCurrent,257.3,12 05 d3 0d 9a 00
137.672400,PCS_dcdcLvOutputCurrent,154.9,0e 05 d4 0d 96 00
137.772900,PCS_dcdcLvOutputCurrent,231.7,11 05 d4 0d 99 00
137.872400,PCS_dcdcLvOutputCurrent,257.3,12 05 d4 0d 9a 00
137.972400,PCS_dcdcLvOutputCurrent,385.3,10 05 d4 0d 9f 00
138.072400,PCS_dcdcLvOutputCurrent,206.1,10 05 d3 0d 98 00
138.172400,PCS_dcdcLvOutputCurrent,334.1,11 05 d4 0d 9d 00
138.272400,PCS_dcdcLvOutputCurrent,359.7,12 05 d4 0d 9e 00
138.372400,PCS_dcdcLvOutputCurrent,206.1,12 05 d4 0d 98 00
138.472400,PCS_dcdcLvOutputCurrent,308.5,13 05 d4 0d 9c 00
138.572400,PCS_dcdcLvOutputCurrent,385.3,10 05 d4 0d 9f 00
138.672600,PCS_dcdcLvOutputCurrent,180.5,12 05 d4 0d 97 00
138.772200,PCS_dcdcLvOutputCurrent,231.7,11 05 d4 0d 99 00
138.872400,PCS_dcdcLvOutputCurrent,385.3,11 05 d4 0d 9f 00
138.972300,PCS_dcdcLvOutputCurrent,231.7,0f 05 d4 0d 99 00
139.072400,PCS_dcdcLvOutputCurrent,257.3,11 05 d4 0d 9a 00
139.172200,PCS_dcdcLvOutputCurrent,334.1,10 05 d4 0d 9d 00
139.272300,PCS_dcdcLvOutputCurrent,129.3,10 05 d4 0d 95 00
139.372400,PCS_dcdcLvOutputCurrent,206.1,15 05 d3 0d 98 00
139.472400,PCS_dcdcLvOutputCurrent,359.7,12 05 d4 0d 9e 00
139.572400,PCS_dcdcLvOutputCurrent,103.7,11 05 d3 0d 94 00
139.672400,PCS_dcdcLvOutputCurrent,206.1,0f 05 d3 0d 98 00
139.772300,PCS_dcdcLvOutputCurrent,308.5,11 05 d4 0d 9c 00
139.872300,PCS_dcdcLvOutputCurrent,180.5,10 05 d4 0d 97 00
139.972300,PCS_dcdcLvOutputCurrent,231.7,0f 05 d4 0d 99 00
140.072300,PCS_dcdcLvOutputCurrent,334.1,11 05 d4 0d 9d 00
140.172300,PCS_dcdcLvOutputCurrent,103.7,10 05 d4 0d 94 00
140.272600,PCS_dcdcLvOutputCurrent,282.9,10 05 d4 0d 9b 00
140.372300,PCS_dcdcLvOutputCurrent,308.5,12 05 d4 0d 9c 00
140.472300,PCS_dcdcLvOutputCurrent,154.9,0e 05 d4 0d 96 00
140.572300,PCS_dcdcLvOutputCurrent,206.1,0f 05 d3 0d 98 00
140.672300,PCS_dcdcLvOutputCurrent,1.3,12 05 d4 0d a0 00
140.772300,PCS_dcdcLvOutputCurrent,154.9,12 05 d4 0d 96 00
140.872200,PCS_dcdcLvOutputCurrent,206.1,11 05 d4 0d 98 00
140.972300,PCS_dcdcLvOutputCurrent,359.7,0f 05 d4 0d 9e 00
141.072300,PCS_dcdcLvOutputCurrent,129.3,0f 05 d4 0d 95 00
141.172200,PCS_dcdcLvOutputCurrent,257.3,11 05 d3 0d 9a 00
141.272200,PCS_dcdcLvOutputCurrent,334.1,12 05 d4 0d 9d 00
141.372200,PCS_dcdcLvOutputCurrent,154.9,0e 05 d3 0d 96 00
141.472300,PCS_dcdcLvOutputCurrent,282.9,11 05 d4 0d 9b 00
141.572300,PCS_dcdcLvOutputCurrent,359.7,11 05 d4 0d 9e 00
141.672200,PCS_dcdcLvOutputCurrent,154.9,10 05 d4 0d 96 00
141.772300,PCS_dcdcLvOutputCurrent,257.3,11 05 d4 0d 9a 00
141.872000,PCS_dcdcLvOutputCurrent,359.7,0f 05 d4 0d 9e 00
141.972300,PCS_dcdcLvOutputCurrent,257.3,10 05 d4 0d 9a 00
142.072500,PCS_dcdcLvOutputCurrent,282.9,0f 05 d4 0d 9b 00
142.172000,PCS_dcdcLvOutputCurrent,385.3,12 05 d4 0d 9f 00
142.272000,PCS_dcdcLvOutputCurrent,359.7,10 05 d4 0d 9e 00
142.372000,PCS_dcdcLvOutputCurrent,206.1,13 05 d4 0d 98 00
142.472000,PCS_dcdcLvOutputCurrent,385.3,10 05 d4 0d 9f 00
142.572000,PCS_dcdcLvOutputCurrent,206.1,12 05 d4 0d 98 00
142.772000,PCS_dcdcLvOutputCurrent,334.1,11 05 d3 0d 9d 00
142.872000,PCS_dcdcLvOutputCurrent,154.9,11 05 d4 0d 96 00
142.972000,PCS_dcdcLvOutputCurrent,257.3,11 05 d3 0d 9a 00
143.072000,PCS_dcdcLvOutputCurrent,308.5,12 05 d4 0d 9c 00
143.171900,PCS_dcdcLvOutputCurrent,359.7,10 05 d4 0d 9e 00
143.272000,PCS_dcdcLvOutputCurrent,257.3,14 05 d4 0d 9a 00
143.372000,PCS_dcdcLvOutputCurrent,282.9,11 05 d4 0d 9b 00
143.471900,PCS_dcdcLvOutputCurrent,26.9,13 05 d4 0d a1 00
143.572100,PCS_dcdcLvOutputCurrent,206.1,11 05 d3 0d 98 00
143.671900,PCS_dcdcLvOutputCurrent,308.5,11 05 d4 0d 9c 00
143.772200,PCS_dcdcLvOutputCurrent,1.3,13 05 d4 0d a0 00
143.872000,PCS_dcdcLvOutputCurrent,180.5,10 05 d3 0d 97 00
143.971800,PCS_dcdcLvOutputCurrent,308.5,10 05 d4 0d 9c 00
144.072000,PCS_dcdcLvOutputCurrent,1.3,12 05 d4 0d a0 00
144.171900,PCS_dcdcLvOutputCurrent,180.5,13 05 d4 0d 97 00
144.271900,PCS_dcdcLvOutputCurrent,308.5,10 05 d4 0d 9c 00
144.371900,PCS_dcdcLvOutputCurrent,334.1,10 05 d4 0d 9d 00
144.471900,PCS_dcdcLvOutputCurrent,231.7,11 05 d4 0d 99 00
144.572100,PCS_dcdcLvOutputCurrent,257.3,11 05 d4 0d 9a 00
144.671900,PCS_dcdcLvOutputCurrent,359.7,12 05 d4 0d 9e 00
144.771900,PCS_dcdcLvOutputCurrent,206.1,11 05 d4 0d 98 00
144.971800,PCS_dcdcLvOutputCurrent,359.7,12 05 d4 0d 9e 00
145.071800,PCS_dcdcLvOutputCurrent,78.1,12 05 d4 0d 93 00
145.171800,PCS_dcdcLvOutputCurrent,206.1,11 05 d3 0d 98 00
145.271900,PCS_dcdcLvOutputCurrent,308.5,11 05 d4 0d 9c 00
145.372100,PCS_dcdcLvOutputCurrent,52.5,11 05 d4 0d 92 00
145.471800,PCS_dcdcLvOutputCurrent,206.1,0f 05 d4 0d 98 00
145.571600,PCS_dcdcLvOutputCurrent,334.1,11 05 d4 0d 9d 00
145.671700,PCS_dcdcLvOutputCurrent,1.3,10 05 d5 0d 90 00
145.771800,PCS_dcdcLvOutputCurrent,206.1,12 05 d4 0d 98 00
145.871600,PCS_dcdcLvOutputCurrent,257.3,11 05 d4 0d 9a 00
145.971600,PCS_dcdcLvOutputCurrent,129.3,0f 05 d3 0d 95 00
146.071600,PCS_dcdcLvOutputCurrent,257.3,11 05 d4 0d 9a 00
146.171600,PCS_dcdcLvOutputCurrent,282.9,12 05 d4 0d 9b 00
146.271600,PCS_dcdcLvOutputCurrent,154.9,12 05 d4 0d 96 00
146.471600,PCS_dcdcLvOutputCurrent,359.7,12 05 d4 0d 9e 00
146.571600,PCS_dcdcLvOutputCurrent,103.7,11 05 d4 0d 94 00
146.671600,PCS_dcdcLvOutputCurrent,180.5,13 05 d4 0d 97 00
146.771600,PCS_dcdcLvOutputCurrent,334.1,11 05 d4 0d 9d 00
146.871600,PCS_dcdcLvOutputCurrent,26.9,0f 05 d4 0d 91 00
146.971600,PCS_dcdcLvOutputCurrent,257.3,12 05 d4 0d 9a 00
147.071600,PCS_dcdcLvOutputCurrent,334.1,10 05 d4 0d 9d 00
147.171600,PCS_dcdcLvOutputCurrent,282.9,10 05 d4 0d 9b 00
147.271600,PCS_dcdcLvOutputCurrent,231.7,11 05 d4 0d 99 00
147.371900,PCS_dcdcLvOutputCurrent,257.3,10 05 d4 0d 9a 00
147.471600,PCS_dcdcLvOutputCurrent,359.7,12 05 d4 0d 9e 00
147.571600,PCS_dcdcLvOutputCurrent,206.1,11 05 d4 0d 98 00
147.671600,PCS_dcdcLvOutputCurrent,231.7,12 05 d4 0d 99 00
147.771500,PCS_dcdcLvOutputCurrent,1.3,12 05 d4 0d a0 00
147.871600,PCS_dcdcLvOutputCurrent,206.1,11 05 d4 0d 98 00
147.971600,PCS_dcdcLvOutputCurrent,257.3,10 05 d4 0d 9a 00
148.071600,PCS_dcdcLvOutputCurrent,1.3,10 05 d4 0d a0 00
148.171500,PCS_dcdcLvOutputCurrent,154.9,12 05 d4 0d 96 00
148.271500,PCS_dcdcLvOutputCurrent,308.5,11 05 d3 0d 9c 00
148.371700,PCS_dcdcLvOutputCurrent,359.7,0f 05 d4 0d 9e 00
148.471500,PCS_dcdcLvOutputCurrent,282.9,12 05 d4 0d 9b 00
148.571500,PCS_dcdcLvOutputCurrent,129.3,13 05 d3 0d a5 00
148.672000,PCS_dcdcLvOutputCurrent,385.3,12 05 d4 0d af 00
148.771700,PCS_dcdcLvOutputCurrent,359.7,17 05 d4 0d ae 00
148.871500,PCS_dcdcLvOutputCurrent,282.9,13 05 d4 0d bb 00
148.971500,PCS_dcdcLvOutputCurrent,334.1,12 05 d4 0d cd 00
149.071400,PCS_dcdcLvOutputCurrent,180.5,12 05 d3 0d d7 00
149.171500,PCS_dcdcLvOutputCurrent,129.3,15 05 d3 0d e5 00
149.271500,PCS_dcdcLvOutputCurrent,78.1,12 05 d4 0d f3 00
149.371500,PCS_dcdcLvOutputCurrent,1.3,10 05 d3 0d e0 00
149.471400,PCS_dcdcLvOutputCurrent,103.7,10 05 d4 0d c4 00
149.571500,PCS_dcdcLvOutputCurrent,308.5,11 05 d4 0d bc 00
149.771600,PCS_dcdcLvOutputCurrent,180.5,11 05 d4 0d a7 00
149.871500,PCS_dcdcLvOutputCurrent,52.5,14 05 d4 0d a2 00
150.171500,PCS_dcdcLvOutputCurrent,1.3,11 05 d4 0d a0 00
150.271600,PCS_dcdcLvOutputCurrent,103.7,11 05 d4 0d a4 00
150.371500,PCS_dcdcLvOutputCurrent,154.9,13 05 d4 0d a6 00
150.471400,PCS_dcdcLvOutputCurrent,78.1,14 05 d4 0d a3 00
150.571300,PCS_dcdcLvOutputCurrent,282.9,14 05 d4 0d 9b 00
150.671600,PCS_dcdcLvOutputCurrent,231.7,13 05 d4 0d 99 00
150.771500,PCS_dcdcLvOutputCurrent,257.3,12 05 d4 0d 9a 00
150.871600,PCS_dcdcLvOutputCurrent,359.7,11 05 d4 0d 9e 00
150.971600,PCS_dcdcLvOutputCurrent,282.9,11 05 d4 0d 9b 00
151.071700,PCS_dcdcLvOutputCurrent,231.7,12 05 d4 0d 99 00
151.271500,PCS_dcdcLvOutputCurrent,206.1,13 05 d4 0d 98 00
151.371400,PCS_dcdcLvOutputCurrent,78.1,13 05 d3 0d 93 00
151.671600,PCS_dcdcLvOutputCurrent,26.9,13 05 d3 0d 91 00
151.771500,PCS_dcdcLvOutputCurrent,78.1,13 05 d4 0d 93 00
151.871400,PCS_dcdcLvOutputCurrent,334.1,13 05 d3 0d 8d 00
151.971300,PCS_dcdcLvOutputCurrent,385.3,13 05 d3 0d 8f 00
152.071700,PCS_dcdcLvOutputCurrent,282.9,11 05 d4 0d 8b 00
152.171100,PCS_dcdcLvOutputCurrent,359.7,10 05 d3 0d 8e 00
152.471500,PCS_dcdcLvOutputCurrent,334.1,0f 05 d3 0d 8d 00
152.571500,PCS_dcdcLvOutputCurrent,308.5,11 05 d5 0d 8c 00
152.671200,PCS_dcdcLvOutputCurrent,282.9,12 05 d3 0d 8b 00
152.771500,PCS_dcdcLvOutputCurrent,308.5,12 05 d4 0d 8c 00
152.871200,PCS_dcdcLvOutputCurrent,282.9,10 05 d4 0d 8b 00
153.071200,PCS_dcdcLvOutputCurrent,257.3,11 05 d4 0d 8a 00
153.171200,PCS_dcdcLvOutputCurrent,282.9,10 05 d4 0d 8b 00
153.272100,PCS_dcdcLvOutputCurrent,231.7,0e 05 d3 0d 89 00
153.371200,PCS_dcdcLvOutputCurrent,257.3,13 05 d4 0d 8a 00
153.471300,PCS_dcdcLvOutputCurrent,308.5,11 05 d4 0d 8c 00
153.571600,PCS_dcdcLvOutputCurrent,334.1,0f 05 d3 0d 8d 00
153.671400,PCS_dcdcLvOutputCurrent,282.9,11 05 d4 0d 8b 00
153.771500,PCS_dcdcLvOutputCurrent,231.7,13 05 d4 0d 89 00
153.871500,PCS_dcdcLvOutputCurrent,282.9,12 05 d4 0d 8b 00
154.071400,PCS_dcdcLvOutputCurrent,206.1,10 05 d4 0d 88 00
154.271600,PCS_dcdcLvOutputCurrent,180.5,11 05 d4 0d 87 00
154.370900,PCS_dcdcLvOutputCurrent,231.7,11 05 d4 0d 89 00
154.471000,PCS_dcdcLvOutputCurrent,206.1,11 05 d4 0d 88 00
154.871000,PCS_dcdcLvOutputCurrent,231.7,11 05 d4 0d 89 00
154.970900,PCS_dcdcLvOutputCurrent,206.1,12 05 d3 0d 88 00
155.071600,PCS_dcdcLvOutputCurrent,231.7,10 05 d4 0d 89 00
155.371300,PCS_dcdcLvOutputCurrent,206.1,11 05 d3 0d 88 00
155.471300,PCS_dcdcLvOutputCurrent,180.5,12 05 d4 0d 87 00
155.971000,PCS_dcdcLvOutputCurrent,206.1,11 05 d4 0d 88 00
156.070900,PCS_dcdcLvOutputCurrent,231.7,10 05 d4 0d 89 00
156.272000,PCS_dcdcLvOutputCurrent,257.3,10 05 d3 0d 8a 00
156.370900,PCS_dcdcLvOutputCurrent,231.7,11 05 d4 0d 89 00
156.671400,PCS_dcdcLvOutputCurrent,206.1,15 05 d4 0d 88 00
156.871100,PCS_dcdcLvOutputCurrent,257.3,11 05 d4 0d 8a 00
156.970900,PCS_dcdcLvOutputCurrent,231.7,11 05 d4 0d 89 00
157.070900,PCS_dcdcLvOutputCurrent,180.5,10 05 d3 0d 77 00
157.170900,PCS_dcdcLvOutputCurrent,52.5,12 05 d4 0d 72 00
157.271500,PCS_dcdcLvOutputCurrent,1.3,11 05 d4 0d 70 00
157.371000,PCS_dcdcLvOutputCurrent,78.1,11 05 d4 0d 73 00
157.471100,PCS_dcdcLvOutputCurrent,1.3,11 05 d4 0d 70 00
157.671100,PCS_dcdcLvOutputCurrent,26.9,10 05 d4 0d 71 00
157.771500,PCS_dcdcLvOutputCurrent,1.3,11 05 d4 0d 70 00
157.970900,PCS_dcdcLvOutputCurrent,385.3,12 05 d4 0d 6f 00
158.170900,PCS_dcdcLvOutputCurrent,257.3,11 05 d4 0d 5a 00
158.271500,PCS_dcdcLvOutputCurrent,1.3,11 05 d4 0d 50 00
158.370900,PCS_dcdcLvOutputCurrent,334.1,11 05 d3 0d 4d 00
158.571600,PCS_dcdcLvOutputCurrent,308.5,10 05 d4 0d 4c 00
159.170900,PCS_dcdcLvOutputCurrent,282.9,10 05 d4 0d 4b 00
159.271600,PCS_dcdcLvOutputCurrent,308.5,11 05 d4 0d 4c 00
159.871100,PCS_dcdcLvOutputCurrent,359.7,13 05 d4 0d 4e 00
160.071000,PCS_dcdcLvOutputCurrent,334.1,11 05 d4 0d 4d 00
160.170800,PCS_dcdcLvOutputCurrent,282.9,13 05 d4 0d 4b 00
160.271500,PCS_dcdcLvOutputCurrent,308.5,12 05 d4 0d 4c 00
160.671100,PCS_dcdcLvOutputCurrent,282.9,13 05 d4 0d 4b 00
160.871100,PCS_dcdcLvOutputCurrent,308.5,10 05 d4 0d 4c 00
161.071100,PCS_dcdcLvOutputCurrent,180.5,0f 05 d4 0d 47 00
161.170900,PCS_dcdcLvOutputCurrent,257.3,11 05 d4 0d 4a 00
161.370900,PCS_dcdcLvOutputCurrent,282.9,10 05 d4 0d 4b 00
161.470900,PCS_dcdcLvOutputCurrent,257.3,11 05 d4 0d 4a 00
161.571400,PCS_dcdcLvOutputCurrent,231.7,0e 05 d4 0d 49 00
161.671200,PCS_dcdcLvOutputCurrent,257.3,10 05 d3 0d 4a 00
161.870900,PCS_dcdcLvOutputCurrent,308.5,12 05 d4 0d 4c 00
161.970900,PCS_dcdcLvOutputCurrent,334.1,10 05 d4 0d 4d 00
162.071500,PCS_dcdcLvOutputCurrent,308.5,0f 05 d4 0d 4c 00
162.171300,PCS_dcdcLvOutputCurrent,257.3,10 05 d3 0d 4a 00
162.271400,PCS_dcdcLvOutputCurrent,231.7,0d 05 d4 0d 49 00
162.371000,PCS_dcdcLvOutputCurrent,206.1,0f 05 d4 0d 48 00
162.471200,PCS_dcdcLvOutputCurrent,257.3,10 05 d4 0d 4a 00
162.571700,PCS_dcdcLvOutputCurrent,231.7,11 05 d4 0d 49 00
162.871200,PCS_dcdcLvOutputCurrent,257.3,0f 05 d4 0d 4a 00
162.971000,PCS_dcdcLvOutputCurrent,231.7,11 05 d4 0d 49 00
163.071300,PCS_dcdcLvOutputCurrent,206.1,12 05 d4 0d 48 00
163.271500,PCS_dcdcLvOutputCurrent,180.5,11 05 d4 0d 47 00
163.470800,PCS_dcdcLvOutputCurrent,206.1,10 05 d4 0d 48 00
163.671000,PCS_dcdcLvOutputCurrent,257.3,10 05 d3 0d 4a 00
163.771500,PCS_dcdcLvOutputCurrent,180.5,0f 05 d4 0d 47 00
163.871000,PCS_dcdcLvOutputCurrent,154.9,10 05 d4 0d 46 00
164.071300,PCS_dcdcLvOutputCurrent,231.7,0f 05 d4 0d 49 00
164.171000,PCS_dcdcLvOutputCurrent,206.1,10 05 d4 0d 48 00
164.271200,PCS_dcdcLvOutputCurrent,154.9,0f 05 d4 0d 46 00
164.871200,PCS_dcdcLvOutputCurrent,180.5,10 05 d3 0d 47 00
164.971200,PCS_dcdcLvOutputCurrent,154.9,10 05 d4 0d 46 00
165.371200,PCS_dcdcLvOutputCurrent,129.3,12 05 d3 0d 45 00
165.571700,PCS_dcdcLvOutputCurrent,154.9,11 05 d4 0d 46 00
165.671300,PCS_dcdcLvOutputCurrent,129.3,10 05 d4 0d 45 00
165.771700,PCS_dcdcLvOutputCurrent,52.5,10 05 d4 0d 42 00
165.871000,PCS_dcdcLvOutputCurrent,206.1,0f 05 d4 0d 48 00
165.971000,PCS_dcdcLvOutputCurrent,154.9,0e 05 d4 0d 46 00
166.071000,PCS_dcdcLvOutputCurrent,129.3,0f 05 d4 0d 45 00
166.871300,PCS_dcdcLvOutputCurrent,103.7,0f 05 d4 0d 44 00
167.170800,PCS_dcdcLvOutputCurrent,129.3,0f 05 d4 0d 45 00
167.471200,PCS_dcdcLvOutputCurrent,103.7,0e 05 d4 0d 44 00
167.571500,PCS_dcdcLvOutputCurrent,129.3,0b 05 d4 0d 45 00
167.671300,PCS_dcdcLvOutputCurrent,154.9,0f 05 d4 0d 46 00
167.771600,PCS_dcdcLvOutputCurrent,52.5,0f 05 d4 0d 42 00
167.971100,PCS_dcdcLvOutputCurrent,78.1,0e 05 d4 0d 43 00
168.071600,PCS_dcdcLvOutputCurrent,26.9,0f 05 d4 0d 41 00
168.271600,PCS_dcdcLvOutputCurrent,1.3,11 05 d4 0d 40 00
168.471200,PCS_dcdcLvOutputCurrent,26.9,0f 05 d4 0d 41 00
168.571500,PCS_dcdcLvOutputCurrent,1.3,0f 05 d4 0d 40 00
168.771500,PCS_dcdcLvOutputCurrent,26.9,0f 05 d4 0d 41 00
168.971100,PCS_dcdcLvOutputCurrent,1.3,0f 05 d4 0d 40 00
169.771300,PCS_dcdcLvOutputCurrent,26.9,0e 05 d4 0d 41 00
169.871000,PCS_dcdcLvOutputCurrent,1.3,0f 05 d4 0d 40 00
170.071500,PCS_dcdcLvOutputCurrent,26.9,0d 05 d4 0d 41 00
170.171000,PCS_dcdcLvOutputCurrent,1.3,0f 05 d4 0d 40 00
170.971100,PCS_dcdcLvOutputCurrent,26.9,0f 05 d4 0d 41 00
171.071300,PCS_dcdcLvOutputCurrent,1.3,10 05 d4 0d 40 00
171.171100,PCS_dcdcLvOutputCurrent,26.9,0f 05 d4 0d 41 00
171.271300,PCS_dcdcLvOutputCurrent,1.3,0f 05 d4 0d 40 00
171.371100,PCS_dcdcLvOutputCurrent,26.9,10 05 d4 0d 41 00
171.471100,PCS_dcdcLvOutputCurrent,1.3,0e 05 d4 0d 40 00
171.571400,PCS_dcdcLvOutputCurrent,26.9,0f 05 d4 0d 41 00
171.671400,PCS_dcdcLvOutputCurrent,1.3,10 05 d4 0d 40 00
172.071200,PCS_dcdcLvOutputCurrent,26.9,11 05 d4 0d 41 00
172.371000,PCS_dcdcLvOutputCurrent,1.3,0f 05 d4 0d 40 00
172.471400,PCS_dcdcLvOutputCurrent,385.3,0e 05 d4 0d 3f 00
172.571000,PCS_dcdcLvOutputCurrent,1.3,10 05 d4 0d 40 00
172.871000,PCS_dcdcLvOutputCurrent,385.3,0f 05 d4 0d 3f 00
172.971000,PCS_dcdcLvOutputCurrent,1.3,0e 05 d4 0d 40 00
173.471100,PCS_dcdcLvOutputCurrent,385.3,10 05 d4 0d 3f 00
173.671100,PCS_dcdcLvOutputCurrent,1.3,0f 05 d4 0d 40 00
173.970800,PCS_dcdcLvOutputCurrent,385.3,11 05 d4 0d 3f 00
174.071400,PCS_dcdcLvOutputCurrent,26.9,0f 05 d4 0d 41 00
174.171200,PCS_dcdcLvOutputCurrent,385.3,0f 05 d4 0d 3f 00
174.271100,PCS_dcdcLvOutputCurrent,1.3,0f 05 d4 0d 40 00
174.571100,PCS_dcdcLvOutputCurrent,385.3,10 05 d4 0d 3f 00
174.671100,PCS_dcdcLvOutputCurrent,1.3,10 05 d4 0d 40 00
174.871200,PCS_dcdcLvOutputCurrent,385.3,0b 05 d4 0d 3f 00
174.971200,PCS_dcdcLvOutputCurrent,1.3,0e 05 d4 0d 40 00
175.170800,PCS_dcdcLvOutputCurrent,334.1,03 05 d4 0d 1d 00
175.470900,PCS_dcdcLvOutputCurrent,1.3,ee 04 d4 0d 00 00
185.271000,PCS_dcdcLvOutputCurrent,334.1,d3 04 d4 0d 1d 00
185.671000,PCS_dcdcLvOutputCurrent,359.7,d5 04 d4 0d 1e 00
185.771000,PCS_dcdcLvOutputCurrent,334.1,d4 04 d4 0d 1d 00
185.971000,PCS_dcdcLvOutputCurrent,308.5,d6 04 d4 0d 1c 00
186.071100,PCS_dcdcLvOutputCurrent,154.9,da 04 d4 0d 26 00
186.171100,PCS_dcdcLvOutputCurrent,359.7,db 04 d4 0d 2e 00
186.271100,PCS_dcdcLvOutputCurrent,385.3,d8 04 d4 0d 2f 00
186.371100,PCS_dcdcLvOutputCurrent,103.7,de 04 d4 0d 34 00
186.471100,PCS_dcdcLvOutputCurrent,257.3,e0 04 d4 0d 3a 00
186.571200,PCS_dcdcLvOutputCurrent,154.9,e1 04 d4 0d 36 00
186.671100,PCS_dcdcLvOutputCurrent,231.7,e2 04 d4 0d 39 00
186.771200,PCS_dcdcLvOutputCurrent,129.3,e2 04 d4 0d 45 00
186.871100,PCS_dcdcLvOutputCurrent,103.7,e4 04 d4 0d 44 00
186.971200,PCS_dcdcLvOutputCurrent,282.9,e9 04 d4 0d 4b 00
187.071200,PCS_dcdcLvOutputCurrent,26.9,e9 04 d4 0d 51 00
187.171100,PCS_dcdcLvOutputCurrent,206.1,e8 04 d4 0d 48 00
187.271100,PCS_dcdcLvOutputCurrent,52.5,ea 04 d4 0d 52 00
187.371100,PCS_dcdcLvOutputCurrent,154.9,eb 04 d4 0d 56 00
187.471100,PCS_dcdcLvOutputCurrent,180.5,ed 04 d4 0d 57 00
187.570800,PCS_dcdcLvOutputCurrent,206.1,ef 04 d5 0d 58 00
187.670600,PCS_dcdcLvOutputCurrent,385.3,ee 04 d4 0d 5f 00
187.871100,PCS_dcdcLvOutputCurrent,1.3,f1 04 d4 0d 60 00
187.971200,PCS_dcdcLvOutputCurrent,154.9,f3 04 d4 0d 66 00
188.071000,PCS_dcdcLvOutputCurrent,1.3,f5 04 d4 0d 60 00
188.170800,PCS_dcdcLvOutputCurrent,103.7,f5 04 d4 0d 64 00
188.270800,PCS_dcdcLvOutputCurrent,257.3,f6 04 d4 0d 6a 00
188.371100,PCS_dcdcLvOutputCurrent,180.5,fb 04 d3 0d 67 00
188.471200,PCS_dcdcLvOutputCurrent,231.7,f7 04 d4 0d 69 00
188.570800,PCS_dcdcLvOutputCurrent,1.3,fc 04 d4 0d 70 00
188.670600,PCS_dcdcLvOutputCurrent,206.1,fc 04 d4 0d 68 00
188.770600,PCS_dcdcLvOutputCurrent,282.9,fa 04 d4 0d 6b 00
188.871200,PCS_dcdcLvOutputCurrent,52.5,fe 04 d4 0d 72 00
188.970600,PCS_dcdcLvOutputCurrent,1.3,ff 04 d4 0d 70 00
189.070600,PCS_dcdcLvOutputCurrent,26.9,00 05 d4 0d 71 00
189.170700,PCS_dcdcLvOutputCurrent,154.9,02 05 d3 0d 76 00
189.270600,PCS_dcdcLvOutputCurrent,231.7,02 05 d4 0d 69 00
189.370600,PCS_dcdcLvOutputCurrent,154.9,03 05 d4 0d 76 00
189.471200,PCS_dcdcLvOutputCurrent,103.7,05 05 d4 0d 74 00
189.570600,PCS_dcdcLvOutputCurrent,359.7,04 05 d4 0d 6e 00
189.670600,PCS_dcdcLvOutputCurrent,231.7,05 05 d4 0d 79 00
189.770900,PCS_dcdcLvOutputCurrent,154.9,06 05 d4 0d 76 00
189.870600,PCS_dcdcLvOutputCurrent,26.9,07 05 d4 0d 71 00
189.970400,PCS_dcdcLvOutputCurrent,257.3,09 05 d4 0d 7a 00
190.070700,PCS_dcdcLvOutputCurrent,180.5,0a 05 d4 0d 77 00
190.170600,PCS_dcdcLvOutputCurrent,78.1,0a 05 d4 0d 73 00
190.270600,PCS_dcdcLvOutputCurrent,308.5,0c 05 d4 0d 7c 00
190.370700,PCS_dcdcLvOutputCurrent,231.7,0c 05 d4 0d 79 00
190.471300,PCS_dcdcLvOutputCurrent,129.3,0e 05 d4 0d 75 00
190.570500,PCS_dcdcLvOutputCurrent,206.1,0c 05 d4 0d 78 00
190.670700,PCS_dcdcLvOutputCurrent,359.7,10 05 d4 0d 7e 00
190.770500,PCS_dcdcLvOutputCurrent,154.9,10 05 d4 0d 76 00
190.870700,PCS_dcdcLvOutputCurrent,257.3,11 05 d4 0d 7a 00
190.970700,PCS_dcdcLvOutputCurrent,385.3,10 05 d4 0d 7f 00
191.070500,PCS_dcdcLvOutputCurrent,154.9,11 05 d4 0d 76 00
191.170500,PCS_dcdcLvOutputCurrent,257.3,15 05 d4 0d 7a 00
191.370500,PCS_dcdcLvOutputCurrent,154.9,17 05 d4 0d 76 00
191.470500,PCS_dcdcLvOutputCurrent,385.3,17 05 d4 0d 7f 00
191.570800,PCS_dcdcLvOutputCurrent,308.5,19 05 d4 0d 7c 00
191.670500,PCS_dcdcLvOutputCurrent,206.1,18 05 d3 0d 78 00
191.770600,PCS_dcdcLvOutputCurrent,282.9,19 05 d4 0d 7b 00
191.870700,PCS_dcdcLvOutputCurrent,308.5,1a 05 d4 0d 7c 00
192.270600,PCS_dcdcLvOutputCurrent,206.1,1d 05 d4 0d 78 00
192.370600,PCS_dcdcLvOutputCurrent,308.5,1f 05 d4 0d 7c 00
192.471400,PCS_dcdcLvOutputCurrent,282.9,1f 05 d4 0d 7b 00
192.570900,PCS_dcdcLvOutputCurrent,231.7,1f 05 d4 0d 79 00
192.670500,PCS_dcdcLvOutputCurrent,308.5,1d 05 d4 0d 7c 00
192.771100,PCS_dcdcLvOutputCurrent,26.9,21 05 d4 0d 81 00
192.870400,PCS_dcdcLvOutputCurrent,257.3,22 05 d4 0d 7a 00
192.970500,PCS_dcdcLvOutputCurrent,334.1,22 05 d4 0d 7d 00
193.170400,PCS_dcdcLvOutputCurrent,231.7,24 05 d4 0d 79 00
193.270400,PCS_dcdcLvOutputCurrent,334.1,26 05 d4 0d 7d 00
193.370800,PCS_dcdcLvOutputCurrent,359.7,27 05 d4 0d 7e 00
193.470900,PCS_dcdcLvOutputCurrent,334.1,25 05 d4 0d 7d 00
193.570600,PCS_dcdcLvOutputCurrent,359.7,28 05 d4 0d 7e 00
193.770900,PCS_dcdcLvOutputCurrent,257.3,28 05 d4 0d 7a 00
193.970800,PCS_dcdcLvOutputCurrent,26.9,2a 05 d4 0d 81 00
194.070500,PCS_dcdcLvOutputCurrent,231.7,2d 05 d4 0d 79 00
194.170600,PCS_dcdcLvOutputCurrent,359.7,2b 05 d4 0d 7e 00
194.270700,PCS_dcdcLvOutputCurrent,52.5,2f 05 d4 0d 82 00
194.370500,PCS_dcdcLvOutputCurrent,257.3,2e 05 d4 0d 7a 00
194.470900,PCS_dcdcLvOutputCurrent,231.7,2e 05 d4 0d 79 00
194.571100,PCS_dcdcLvOutputCurrent,359.7,2e 05 d4 0d 7e 00
194.970600,PCS_dcdcLvOutputCurrent,282.9,32 05 d4 0d 7b 00
195.070700,PCS_dcdcLvOutputCurrent,257.3,2f 05 d4 0d 7a 00
195.170900,PCS_dcdcLvOutputCurrent,78.1,34 05 d3 0d 83 00
195.269800,PCS_dcdcLvOutputCurrent,257.3,33 05 d4 0d 7a 00
195.370700,PCS_dcdcLvOutputCurrent,385.3,35 05 d4 0d 7f 00
195.471600,PCS_dcdcLvOutputCurrent,359.7,36 05 d4 0d 7e 00
195.570900,PCS_dcdcLvOutputCurrent,154.9,34 05 d4 0d 76 00
195.671300,PCS_dcdcLvOutputCurrent,359.7,37 05 d4 0d 7e 00
195.771500,PCS_dcdcLvOutputCurrent,257.3,36 05 d4 0d 7a 00
195.870600,PCS_dcdcLvOutputCurrent,231.7,35 05 d4 0d 79 00
195.970700,PCS_dcdcLvOutputCurrent,359.7,39 05 d4 0d 7e 00
196.071000,PCS_dcdcLvOutputCurrent,231.7,3a 05 d4 0d 79 00
196.170600,PCS_dcdcLvOutputCurrent,334.1,38 05 d4 0d 7d 00
196.270300,PCS_dcdcLvOutputCurrent,257.3,39 05 d4 0d 7a 00
196.371000,PCS_dcdcLvOutputCurrent,231.7,36 05 d4 0d 79 00
196.471500,PCS_dcdcLvOutputCurrent,206.1,38 05 d4 0d 78 00
196.571000,PCS_dcdcLvOutputCurrent,334.1,39 05 d4 0d 7d 00
196.670900,PCS_dcdcLvOutputCurrent,231.7,39 05 d4 0d 79 00
196.771000,PCS_dcdcLvOutputCurrent,206.1,39 05 d4 0d 78 00
196.870600,PCS_dcdcLvOutputCurrent,308.5,3a 05 d4 0d 7c 00
196.970900,PCS_dcdcLvOutputCurrent,206.1,39 05 d4 0d 78 00
197.170600,PCS_dcdcLvOutputCurrent,180.5,38 05 d4 0d 77 00
197.269900,PCS_dcdcLvOutputCurrent,308.5,3b 05 d4 0d 7c 00
197.370700,PCS_dcdcLvOutputCurrent,180.5,3b 05 d4 0d 77 00
197.571400,PCS_dcdcLvOutputCurrent,308.5,3c 05 d4 0d 7c 00
197.670700,PCS_dcdcLvOutputCurrent,78.1,3b 05 d4 0d 73 00
197.771400,PCS_dcdcLvOutputCurrent,282.9,3c 05 d4 0d 7b 00
197.871000,PCS_dcdcLvOutputCurrent,180.5,3e 05 d4 0d 77 00
198.070700,PCS_dcdcLvOutputCurrent,154.9,3e 05 d4 0d 76 00
198.270500,PCS_dcdcLvOutputCurrent,129.3,3c 05 d4 0d 75 00
198.370800,PCS_dcdcLvOutputCurrent,257.3,3c 05 d4 0d 7a 00
198.471700,PCS_dcdcLvOutputCurrent,129.3,3d 05 d4 0d 75 00
198.771500,PCS_dcdcLvOutputCurrent,103.7,3e 05 d4 0d 74 00
198.971000,PCS_dcdcLvOutputCurrent,231.7,3f 05 d4 0d 79 00
199.071200,PCS_dcdcLvOutputCurrent,103.7,3d 05 d4 0d 74 00
199.170800,PCS_dcdcLvOutputCurrent,129.3,40 05 d4 0d 75 00
199.270400,PCS_dcdcLvOutputCurrent,78.1,3b 05 d4 0d 73 00
199.371100,PCS_dcdcLvOutputCurrent,103.7,3d 05 d4 0d 74 00
199.470800,PCS_dcdcLvOutputCurrent,78.1,3f 05 d4 0d 73 00
199.771300,PCS_dcdcLvOutputCurrent,52.5,40 05 d4 0d 72 00
199.971200,PCS_dcdcLvOutputCurrent,206.1,3f 05 d4 0d 78 00
200.070100,PCS_dcdcLvOutputCurrent,78.1,3f 05 d4 0d 73 00
200.270500,PCS_dcdcLvOutputCurrent,52.5,3f 05 d4 0d 72 00
200.670400,PCS_dcdcLvOutputCurrent,26.9,3e 05 d4 0d 71 00
200.971100,PCS_dcdcLvOutputCurrent,1.3,40 05 d4 0d 70 00
201.171200,PCS_dcdcLvOutputCurrent,154.9,42 05 d4 0d 76 00
201.270000,PCS_dcdcLvOutputCurrent,26.9,41 05 d5 0d 71 00
201.370700,PCS_dcdcLvOutputCurrent,385.3,3f 05 d4 0d 6f 00
201.570100,PCS_dcdcLvOutputCurrent,231.7,3f 05 d3 0d 69 00
201.670100,PCS_dcdcLvOutputCurrent,385.3,3e 05 d5 0d 6f 00
201.770000,PCS_dcdcLvOutputCurrent,359.7,3f 05 d4 0d 6e 00
201.970300,PCS_dcdcLvOutputCurrent,78.1,41 05 d4 0d 73 00
202.070000,PCS_dcdcLvOutputCurrent,359.7,40 05 d4 0d 6e 00
202.170000,PCS_dcdcLvOutputCurrent,257.3,40 05 d4 0d 6a 00
202.270000,PCS_dcdcLvOutputCurrent,334.1,3f 05 d4 0d 6d 00
202.570800,PCS_dcdcLvOutputCurrent,52.5,41 05 d4 0d 72 00
202.670700,PCS_dcdcLvOutputCurrent,334.1,40 05 d4 0d 6d 00
202.770700,PCS_dcdcLvOutputCurrent,206.1,3f 05 d4 0d 68 00
202.870600,PCS_dcdcLvOutputCurrent,308.5,43 05 d4 0d 6c 00
203.170600,PCS_dcdcLvOutputCurrent,1.3,3e 05 d4 0d 70 00
203.269900,PCS_dcdcLvOutputCurrent,282.9,41 05 d4 0d 6b 00
203.370500,PCS_dcdcLvOutputCurrent,180.5,3e 05 d4 0d 67 00
203.470100,PCS_dcdcLvOutputCurrent,308.5,40 05 d4 0d 6c 00
203.570800,PCS_dcdcLvOutputCurrent,282.9,3e 05 d4 0d 6b 00
203.670600,PCS_dcdcLvOutputCurrent,257.3,3e 05 d4 0d 6a 00
203.770700,PCS_dcdcLvOutputCurrent,282.9,3f 05 d4 0d 6b 00
203.970700,PCS_dcdcLvOutputCurrent,231.7,40 05 d4 0d 69 00
204.070000,PCS_dcdcLvOutputCurrent,308.5,40 05 d4 0d 6c 00
204.170700,PCS_dcdcLvOutputCurrent,257.3,3f 05 d4 0d 6a 00
204.269900,PCS_dcdcLvOutputCurrent,129.3,41 05 d4 0d 75 00
204.370600,PCS_dcdcLvOutputCurrent,308.5,41 05 d4 0d 6c 00
204.470100,PCS_dcdcLvOutputCurrent,257.3,41 05 d4 0d 6a 00
204.570200,PCS_dcdcLvOutputCurrent,52.5,40 05 d4 0d 62 00
204.670000,PCS_dcdcLvOutputCurrent,231.7,3f 05 d4 0d 69 00
204.770100,PCS_dcdcLvOutputCurrent,206.1,3e 05 d4 0d 68 00
204.970100,PCS_dcdcLvOutputCurrent,231.7,40 05 d4 0d 69 00
205.070200,PCS_dcdcLvOutputCurrent,206.1,3f 05 d4 0d 68 00
205.470900,PCS_dcdcLvOutputCurrent,180.5,40 05 d4 0d 67 00
205.570200,PCS_dcdcLvOutputCurrent,206.1,3e 05 d4 0d 68 00
205.869900,PCS_dcdcLvOutputCurrent,180.5,40 05 d4 0d 67 00
205.970500,PCS_dcdcLvOutputCurrent,206.1,40 05 d4 0d 68 00
206.370000,PCS_dcdcLvOutputCurrent,180.5,3f 05 d4 0d 67 00
206.470100,PCS_dcdcLvOutputCurrent,206.1,40 05 d4 0d 68 00
206.670100,PCS_dcdcLvOutputCurrent,180.5,3f 05 d4 0d 67 00
206.770000,PCS_dcdcLvOutputCurrent,154.9,3f 05 d4 0d 66 00
206.870000,PCS_dcdcLvOutputCurrent,180.5,3f 05 d4 0d 67 00
207.369800,PCS_dcdcLvOutputCurrent,154.9,41 05 d4 0d 66 00
207.470300,PCS_dcdcLvOutputCurrent,180.5,3f 05 d4 0d 67 00
207.570000,PCS_dcdcLvOutputCurrent,129.3,3f 05 d4 0d 65 00
207.670000,PCS_dcdcLvOutputCurrent,154.9,40 05 d4 0d 66 00
207.770000,PCS_dcdcLvOutputCurrent,129.3,3f 05 d4 0d 65 00
207.869800,PCS_dcdcLvOutputCurrent,154.9,40 05 d4 0d 66 00
208.070000,PCS_dcdcLvOutputCurrent,180.5,3f 05 d4 0d 67 00
208.169900,PCS_dcdcLvOutputCurrent,129.3,3f 05 d4 0d 65 00
208.269800,PCS_dcdcLvOutputCurrent,154.9,40 05 d4 0d 66 00
208.369900,PCS_dcdcLvOutputCurrent,129.3,3e 05 d4 0d 65 00
208.470200,PCS_dcdcLvOutputCurrent,154.9,3f 05 d4 0d 66 00
208.570100,PCS_dcdcLvOutputCurrent,180.5,3f 05 d4 0d 67 00
208.669800,PCS_dcdcLvOutputCurrent,129.3,3f 05 d4 0d 65 00
208.869900,PCS_dcdcLvOutputCurrent,103.7,3d 05 d4 0d 64 00
208.969900,PCS_dcdcLvOutputCurrent,129.3,3f 05 d4 0d 65 00
209.070000,PCS_dcdcLvOutputCurrent,103.7,40 05 d4 0d 64 00
209.170000,PCS_dcdcLvOutputCurrent,129.3,3f 05 d4 0d 65 00
209.270000,PCS_dcdcLvOutputCurrent,103.7,3e 05 d4 0d 64 00
209.370000,PCS_dcdcLvOutputCurrent,129.3,3f 05 d4 0d 65 00
209.570100,PCS_dcdcLvOutputCurrent,103.7,40 05 d4 0d 64 00
209.970000,PCS_dcdcLvOutputCurrent,129.3,3f 05 d4 0d 65 00
210.070100,PCS_dcdcLvOutputCurrent,78.1,3f 05 d4 0d 63 00
210.170000,PCS_dcdcLvOutputCurrent,52.5,3e 05 d4 0d 62 00
210.269900,PCS_dcdcLvOutputCurrent,78.1,3e 05 d4 0d 63 00
210.570200,PCS_dcdcLvOutputCurrent,103.7,3f 05 d4 0d 64 00
210.670100,PCS_dcdcLvOutputCurrent,52.5,41 05 d4 0d 62 00
210.770200,PCS_dcdcLvOutputCurrent,103.7,3e 05 d4 0d 64 00
210.970100,PCS_dcdcLvOutputCurrent,78.1,40 05 d4 0d 63 00
211.070200,PCS_dcdcLvOutputCurrent,103.7,3f 05 d4 0d 64 00
211.170100,PCS_dcdcLvOutputCurrent,78.1,3f 05 d4 0d 63 00
211.270100,PCS_dcdcLvOutputCurrent,52.5,3d 05 d4 0d 62 00
211.670200,PCS_dcdcLvOutputCurrent,26.9,3f 05 d4 0d 61 00
211.770100,PCS_dcdcLvOutputCurrent,52.5,40 05 d4 0d 62 00
212.070200,PCS_dcdcLvOutputCurrent,26.9,3e 05 d4 0d 61 00
212.170200,PCS_dcdcLvOutputCurrent,52.5,3d 05 d4 0d 62 00
212.270000,PCS_dcdcLvOutputCurrent,1.3,3f 05 d4 0d 60 00
212.370200,PCS_dcdcLvOutputCurrent,52.5,40 05 d4 0d 62 00
212.570200,PCS_dcdcLvOutputCurrent,78.1,42 05 d4 0d 63 00
212.669700,PCS_dcdcLvOutputCurrent,26.9,3e 05 d4 0d 61 00
212.770200,PCS_dcdcLvOutputCurrent,52.5,3f 05 d4 0d 62 00
212.869900,PCS_dcdcLvOutputCurrent,1.3,40 05 d4 0d 60 00
212.970100,PCS_dcdcLvOutputCurrent,26.9,3e 05 d4 0d 61 00
213.170100,PCS_dcdcLvOutputCurrent,52.5,3f 05 d4 0d 62 00
213.270200,PCS_dcdcLvOutputCurrent,26.9,3f 05 d4 0d 61 00
213.370300,PCS_dcdcLvOutputCurrent,385.3,3e 05 d4 0d 5f 00
213.470300,PCS_dcdcLvOutputCurrent,26.9,3d 05 d4 0d 61 00
213.669000,PCS_dcdcLvOutputCurrent,385.3,3f 05 d4 0d 5f 00
213.769000,PCS_dcdcLvOutputCurrent,1.3,3e 05 d4 0d 60 00
213.869100,PCS_dcdcLvOutputCurrent,385.3,3f 05 d4 0d 5f 00
213.969000,PCS_dcdcLvOutputCurrent,26.9,42 05 d4 0d 61 00
214.169000,PCS_dcdcLvOutputCurrent,1.3,3e 05 d4 0d 60 00
214.268800,PCS_dcdcLvOutputCurrent,26.9,40 05 d4 0d 61 00
214.470300,PCS_dcdcLvOutputCurrent,385.3,3f 05 d4 0d 5f 00
214.669900,PCS_dcdcLvOutputCurrent,1.3,40 05 d4 0d 60 00
214.870000,PCS_dcdcLvOutputCurrent,385.3,40 05 d4 0d 5f 00
215.070000,PCS_dcdcLvOutputCurrent,359.7,3e 05 d4 0d 5e 00
215.169900,PCS_dcdcLvOutputCurrent,1.3,40 05 d4 0d 60 00
215.370200,PCS_dcdcLvOutputCurrent,385.3,3f 05 d4 0d 5f 00
215.569800,PCS_dcdcLvOutputCurrent,26.9,3e 05 d4 0d 61 00
215.669900,PCS_dcdcLvOutputCurrent,359.7,3f 05 d4 0d 5e 00
215.770500,PCS_dcdcLvOutputCurrent,1.3,3e 05 d4 0d 60 00
215.869700,PCS_dcdcLvOutputCurrent,385.3,3f 05 d4 0d 5f 00
215.970100,PCS_dcdcLvOutputCurrent,359.7,40 05 d4 0d 5e 00
216.070100,PCS_dcdcLvOutputCurrent,1.3,3f 05 d4 0d 60 00
216.169300,PCS_dcdcLvOutputCurrent,308.5,40 05 d4 0d 5c 00
216.269700,PCS_dcdcLvOutputCurrent,1.3,40 05 d4 0d 60 00
216.470200,PCS_dcdcLvOutputCurrent,359.7,3e 05 d4 0d 5e 00
216.570400,PCS_dcdcLvOutputCurrent,334.1,3e 05 d4 0d 5d 00
216.670000,PCS_dcdcLvOutputCurrent,385.3,3e 05 d4 0d 5f 00
216.770300,PCS_dcdcLvOutputCurrent,359.7,3f 05 d4 0d 5e 00
216.970300,PCS_dcdcLvOutputCurrent,385.3,3f 05 d4 0d 5f 00
217.168900,PCS_dcdcLvOutputCurrent,359.7,43 05 d5 0d 5e 00
217.268900,PCS_dcdcLvOutputCurrent,334.1,3f 05 d4 0d 5d 00
217.368900,PCS_dcdcLvOutputCurrent,385.3,3f 05 d4 0d 5f 00
217.470300,PCS_dcdcLvOutputCurrent,334.1,3f 05 d4 0d 5d 00
217.569000,PCS_dcdcLvOutputCurrent,359.7,3f 05 d4 0d 5e 00
217.770600,PCS_dcdcLvOutputCurrent,334.1,3f 05 d4 0d 5d 00
217.969100,PCS_dcdcLvOutputCurrent,385.3,3f 05 d4 0d 5f 00
218.069200,PCS_dcdcLvOutputCurrent,359.7,3f 05 d4 0d 5e 00
218.269000,PCS_dcdcLvOutputCurrent,334.1,3f 05 d4 0d 5d 00
218.369000,PCS_dcdcLvOutputCurrent,359.7,3e 05 d4 0d 5e 00
218.468400,PCS_dcdcLvOutputCurrent,334.1,3f 05 d4 0d 5d 00
218.570000,PCS_dcdcLvOutputCurrent,308.5,3f 05 d4 0d 5c 00
218.770200,PCS_dcdcLvOutputCurrent,359.7,3f 05 d4 0d 5e 00
218.869700,PCS_dcdcLvOutputCurrent,334.1,41 05 d4 0d 5d 00
218.969800,PCS_dcdcLvOutputCurrent,308.5,3f 05 d4 0d 5c 00
219.068400,PCS_dcdcLvOutputCurrent,359.7,3f 05 d4 0d 5e 00
219.169700,PCS_dcdcLvOutputCurrent,334.1,3e 05 d4 0d 5d 00
219.268200,PCS_dcdcLvOutputCurrent,359.7,40 05 d4 0d 5e 00
219.468600,PCS_dcdcLvOutputCurrent,282.9,3f 05 d4 0d 5b 00
219.568400,PCS_dcdcLvOutputCurrent,359.7,3e 05 d4 0d 5e 00
219.668400,PCS_dcdcLvOutputCurrent,308.5,40 05 d4 0d 5c 00
219.768400,PCS_dcdcLvOutputCurrent,359.7,3e 05 d4 0d 5e 00
219.868400,PCS_dcdcLvOutputCurrent,282.9,40 05 d4 0d 5b 00
219.968400,PCS_dcdcLvOutputCurrent,334.1,3f 05 d4 0d 5d 00
220.068400,PCS_dcdcLvOutputCurrent,282.9,3e 05 d4 0d 5b 00
220.168400,PCS_dcdcLvOutputCurrent,359.7,3f 05 d4 0d 5e 00
220.268400,PCS_dcdcLvOutputCurrent,334.1,3f 05 d4 0d 5d 00
220.468100,PCS_dcdcLvOutputCurrent,359.7,3f 05 d4 0d 5e 00
220.769300,PCS_dcdcLvOutputCurrent,282.9,3d 05 d4 0d 5b 00
220.868300,PCS_dcdcLvOutputCurrent,308.5,3a 05 d4 0d 5c 00
220.968100,PCS_dcdcLvOutputCurrent,231.7,45 05 d4 0d 59 00
221.068600,PCS_dcdcLvOutputCurrent,257.3,3e 05 d4 0d 5a 00
221.168300,PCS_dcdcLvOutputCurrent,334.1,3f 05 d4 0d 5d 00
221.368100,PCS_dcdcLvOutputCurrent,257.3,3f 05 d4 0d 5a 00
221.468300,PCS_dcdcLvOutputCurrent,308.5,40 05 d4 0d 5c 00
221.568300,PCS_dcdcLvOutputCurrent,282.9,46 05 d4 0d 5b 00
221.669200,PCS_dcdcLvOutputCurrent,231.7,43 05 d4 0d 59 00
221.769200,PCS_dcdcLvOutputCurrent,308.5,3e 05 d4 0d 5c 00
221.868300,PCS_dcdcLvOutputCurrent,257.3,3f 05 d4 0d 5a 00
221.968300,PCS_dcdcLvOutputCurrent,231.7,3e 05 d4 0d 59 00
222.068300,PCS_dcdcLvOutputCurrent,308.5,3f 05 d4 0d 5c 00
222.268600,PCS_dcdcLvOutputCurrent,282.9,3f 05 d4 0d 5b 00
222.469000,PCS_dcdcLvOutputCurrent,334.1,47 05 d4 0d 5d 00
222.568300,PCS_dcdcLvOutputCurrent,206.1,3f 05 d4 0d 58 00
222.668400,PCS_dcdcLvOutputCurrent,308.5,3e 05 d4 0d 5c 00
222.768300,PCS_dcdcLvOutputCurrent,231.7,39 05 d4 0d 59 00
222.868400,PCS_dcdcLvOutputCurrent,282.9,3f 05 d4 0d 5b 00
223.068400,PCS_dcdcLvOutputCurrent,257.3,3f 05 d4 0d 5a 00
223.267700,PCS_dcdcLvOutputCurrent,282.9,3f 05 d4 0d 5b 00
223.467700,PCS_dcdcLvOutputCurrent,257.3,40 05 d4 0d 5a 00
223.667700,PCS_dcdcLvOutputCurrent,282.9,3e 05 d4 0d 5b 00
223.968500,PCS_dcdcLvOutputCurrent,308.5,40 05 d4 0d 5c 00
224.067700,PCS_dcdcLvOutputCurrent,257.3,40 05 d4 0d 5a 00
224.167900,PCS_dcdcLvOutputCurrent,231.7,3f 05 d4 0d 59 00
224.267700,PCS_dcdcLvOutputCurrent,257.3,3d 05 d4 0d 5a 00
224.367800,PCS_dcdcLvOutputCurrent,282.9,3f 05 d4 0d 5b 00
224.567800,PCS_dcdcLvOutputCurrent,257.3,3e 05 d4 0d 5a 00
224.767700,PCS_dcdcLvOutputCurrent,282.9,3e 05 d4 0d 5b 00
225.067700,PCS_dcdcLvOutputCurrent,257.3,3d 05 d4 0d 5a 00
226.067700,PCS_dcdcLvOutputCurrent,231.7,3f 05 d4 0d 59 00
226.168000,PCS_dcdcLvOutputCurrent,257.3,3f 05 d4 0d 5a 00
226.867500,PCS_dcdcLvOutputCurrent,231.7,3f 05 d4 0d 59 00
227.067500,PCS_dcdcLvOutputCurrent,257.3,3f 05 d4 0d 5a 00
227.267500,PCS_dcdcLvOutputCurrent,231.7,3e 05 d4 0d 59 00
227.467500,PCS_dcdcLvOutputCurrent,257.3,3f 05 d4 0d 5a 00
227.567500,PCS_dcdcLvOutputCurrent,231.7,40 05 d4 0d 59 00
228.168100,PCS_dcdcLvOutputCurrent,206.1,3e 05 d4 0d 58 00
228.367600,PCS_dcdcLvOutputCurrent,231.7,3e 05 d4 0d 59 00
228.967200,PCS_dcdcLvOutputCurrent,206.1,3f 05 d4 0d 58 00
229.067400,PCS_dcdcLvOutputCurrent,231.7,3f 05 d4 0d 59 00
229.267500,PCS_dcdcLvOutputCurrent,206.1,40 05 d4 0d 58 00
229.467600,PCS_dcdcLvOutputCurrent,231.7,3d 05 d4 0d 59 00
229.567300,PCS_dcdcLvOutputCurrent,206.1,3f 05 d4 0d 58 00
229.867600,PCS_dcdcLvOutputCurrent,231.7,3f 05 d4 0d 59 00
229.967400,PCS_dcdcLvOutputCurrent,206.1,3f 05 d4 0d 58 00
230.267600,PCS_dcdcLvOutputCurrent,231.7,40 05 d4 0d 59 00
230.367400,PCS_dcdcLvOutputCurrent,206.1,40 05 d4 0d 58 00
230.467400,PCS_dcdcLvOutputCurrent,180.5,3e 05 d4 0d 57 00
230.567400,PCS_dcdcLvOutputCurrent,206.1,3e 05 d4 0d 58 00
230.867500,PCS_dcdcLvOutputCurrent,180.5,3f 05 d4 0d 57 00
230.967300,PCS_dcdcLvOutputCurrent,206.1,3f 05 d4 0d 58 00
231.367300,PCS_dcdcLvOutputCurrent,180.5,3f 05 d4 0d 57 00
233.067400,PCS_dcdcLvOutputCurrent,154.9,3e 05 d4 0d 56 00
233.167200,PCS_dcdcLvOutputCurrent,180.5,3f 05 d4 0d 57 00
233.267400,PCS_dcdcLvOutputCurrent,154.9,40 05 d4 0d 56 00
233.467400,PCS_dcdcLvOutputCurrent,180.5,3e 05 d4 0d 57 00
233.667200,PCS_dcdcLvOutputCurrent,154.9,40 05 d4 0d 56 00
233.767200,PCS_dcdcLvOutputCurrent,129.3,3f 05 d4 0d 55 00
233.867400,PCS_dcdcLvOutputCurrent,154.9,40 05 d4 0d 56 00
233.967200,PCS_dcdcLvOutputCurrent,180.5,3f 05 d4 0d 57 00
234.167100,PCS_dcdcLvOutputCurrent,154.9,3d 05 d4 0d 56 00
234.367100,PCS_dcdcLvOutputCurrent,129.3,3f 05 d4 0d 55 00
234.567100,PCS_dcdcLvOutputCurrent,154.9,3f 05 d4 0d 56 00
234.667400,PCS_dcdcLvOutputCurrent,180.5,3f 05 d4 0d 57 00
234.767100,PCS_dcdcLvOutputCurrent,129.3,3f 05 d4 0d 55 00
234.867100,PCS_dcdcLvOutputCurrent,154.9,3e 05 d4 0d 56 00
235.267100,PCS_dcdcLvOutputCurrent,129.3,3f 05 d4 0d 55 00
235.567300,PCS_dcdcLvOutputCurrent,154.9,40 05 d4 0d 56 00
235.767100,PCS_dcdcLvOutputCurrent,129.3,3f 05 d4 0d 55 00
235.867100,PCS_dcdcLvOutputCurrent,154.9,3e 05 d4 0d 56 00
235.967000,PCS_dcdcLvOutputCurrent,129.3,3e 05 d4 0d 55 00
237.067000,PCS_dcdcLvOutputCurrent,154.9,3f 05 d4 0d 56 00
237.167000,PCS_dcdcLvOutputCurrent,103.7,40 05 d4 0d 54 00
237.367000,PCS_dcdcLvOutputCurrent,129.3,3f 05 d4 0d 55 00
237.967000,PCS_dcdcLvOutputCurrent,103.7,40 05 d4 0d 54 00
238.067000,PCS_dcdcLvOutputCurrent,129.3,3d 05 d4 0d 55 00
238.167000,PCS_dcdcLvOutputCurrent,103.7,40 05 d4 0d 54 00
238.367100,PCS_dcdcLvOutputCurrent,129.3,3f 05 d4 0d 55 00
238.566900,PCS_dcdcLvOutputCurrent,103.7,3d 05 d4 0d 54 00
238.667100,PCS_dcdcLvOutputCurrent,129.3,3e 05 d4 0d 55 00
238.767400,PCS_dcdcLvOutputCurrent,103.7,3f 05 d4 0d 54 00
238.967100,PCS_dcdcLvOutputCurrent,78.1,45 05 d4 0d 53 00
239.067100,PCS_dcdcLvOutputCurrent,103.7,41 05 d4 0d 54 00
239.267000,PCS_dcdcLvOutputCurrent,129.3,3f 05 d4 0d 55 00
239.366800,PCS_dcdcLvOutputCurrent,103.7,3e 05 d4 0d 54 00
239.466800,PCS_dcdcLvOutputCurrent,78.1,40 05 d4 0d 53 00
239.567000,PCS_dcdcLvOutputCurrent,103.7,3e 05 d4 0d 54 00
239.766900,PCS_dcdcLvOutputCurrent,78.1,3f 05 d4 0d 53 00
239.867000,PCS_dcdcLvOutputCurrent,103.7,3f 05 d4 0d 54 00
239.966900,PCS_dcdcLvOutputCurrent,78.1,3d 05 d4 0d 53 00
240.166900,PCS_dcdcLvOutputCurrent,103.7,3f 05 d4 0d 54 00
240.367000,PCS_dcdcLvOutputCurrent,78.1,3e 05 d4 0d 53 00
240.766800,PCS_dcdcLvOutputCurrent,103.7,3e 05 d4 0d 54 00
240.866800,PCS_dcdcLvOutputCurrent,129.3,41 05 d4 0d 55 00
240.966900,PCS_dcdcLvOutputCurrent,78.1,42 05 d4 0d 53 00
241.367000,PCS_dcdcLvOutputCurrent,52.5,3f 05 d3 0d 52 00
241.467000,PCS_dcdcLvOutputCurrent,103.7,40 05 d4 0d 54 00
241.567000,PCS_dcdcLvOutputCurrent,78.1,3e 05 d4 0d 53 00
241.667200,PCS_dcdcLvOutputCurrent,52.5,40 05 d4 0d 52 00
241.866900,PCS_dcdcLvOutputCurrent,78.1,3f 05 d4 0d 53 00
242.066900,PCS_dcdcLvOutputCurrent,52.5,3e 05 d4 0d 52 00
242.267100,PCS_dcdcLvOutputCurrent,78.1,3f 05 d4 0d 53 00
242.367200,PCS_dcdcLvOutputCurrent,52.5,3d 05 d4 0d 52 00
242.567000,PCS_dcdcLvOutputCurrent,78.1,42 05 d4 0d 53 00
242.667200,PCS_dcdcLvOutputCurrent,52.5,3f 05 d4 0d 52 00
242.767000,PCS_dcdcLvOutputCurrent,103.7,40 05 d4 0d 54 00
242.867000,PCS_dcdcLvOutputCurrent,52.5,3e 05 d4 0d 52 00
242.967000,PCS_dcdcLvOutputCurrent,78.1,40 05 d4 0d 53 00
243.067000,PCS_dcdcLvOutputCurrent,52.5,3e 05 d4 0d 52 00
243.466900,PCS_dcdcLvOutputCurrent,26.9,3e 05 d4 0d 51 00
243.566900,PCS_dcdcLvOutputCurrent,52.5,3f 05 d4 0d 52 00
243.667100,PCS_dcdcLvOutputCurrent,26.9,3e 05 d4 0d 51 00
243.766900,PCS_dcdcLvOutputCurrent,52.5,3f 05 d4 0d 52 00
243.867100,PCS_dcdcLvOutputCurrent,26.9,3f 05 d4 0d 51 00
243.966900,PCS_dcdcLvOutputCurrent,52.5,3f 05 d4 0d 52 00
244.167100,PCS_dcdcLvOutputCurrent,26.9,3f 05 d4 0d 51 00
244.267100,PCS_dcdcLvOutputCurrent,52.5,40 05 d4 0d 52 00
244.366900,PCS_dcdcLvOutputCurrent,26.9,3e 05 d4 0d 51 00
244.567100,PCS_dcdcLvOutputCurrent,52.5,3f 05 d4 0d 52 00
244.667200,PCS_dcdcLvOutputCurrent,26.9,3f 05 d4 0d 51 00
244.767200,PCS_dcdcLvOutputCurrent,52.5,3f 05 d4 0d 52 00
245.467100,PCS_dcdcLvOutputCurrent,26.9,3e 05 d4 0d 51 00
246.167000,PCS_dcdcLvOutputCurrent,78.1,40 05 d4 0d 53 00
246.267000,PCS_dcdcLvOutputCurrent,52.5,3f 05 d4 0d 52 00
246.367000,PCS_dcdcLvOutputCurrent,26.9,3e 05 d4 0d 51 00
246.966800,PCS_dcdcLvOutputCurrent,1.3,3f 05 d5 0d 50 00
247.067200,PCS_dcdcLvOutputCurrent,26.9,40 05 d4 0d 51 00
247.267200,PCS_dcdcLvOutputCurrent,1.3,3f 05 d4 0d 50 00
247.567100,PCS_dcdcLvOutputCurrent,26.9,3f 05 d4 0d 51 00
247.667300,PCS_dcdcLvOutputCurrent,1.3,40 05 d4 0d 50 00
247.867300,PCS_dcdcLvOutputCurrent,26.9,40 05 d4 0d 51 00
247.967300,PCS_dcdcLvOutputCurrent,1.3,3f 05 d4 0d 50 00
248.067300,PCS_dcdcLvOutputCurrent,26.9,3f 05 d4 0d 51 00
248.267100,PCS_dcdcLvOutputCurrent,1.3,3f 05 d4 0d 50 00
248.567200,PCS_dcdcLvOutputCurrent,26.9,40 05 d4 0d 51 00
248.667200,PCS_dcdcLvOutputCurrent,1.3,3f 05 d4 0d 50 00
248.767300,PCS_dcdcLvOutputCurrent,26.9,40 05 d4 0d 51 00
248.867200,PCS_dcdcLvOutputCurrent,1.3,3f 05 d4 0d 50 00
248.967200,PCS_dcdcLvOutputCurrent,385.3,3f 05 d4 0d 4f 00
249.067200,PCS_dcdcLvOutputCurrent,1.3,3e 05 d4 0d 50 00
249.367200,PCS_dcdcLvOutputCurrent,385.3,42 05 d3 0d 4f 00
249.567200,PCS_dcdcLvOutputCurrent,1.3,3e 05 d4 0d 50 00
250.266900,PCS_dcdcLvOutputCurrent,385.3,3f 05 d4 0d 4f 00
250.566900,PCS_dcdcLvOutputCurrent,1.3,3f 05 d5 0d 50 00
250.766900,PCS_dcdcLvOutputCurrent,385.3,44 05 d3 0d 4f 00
250.966800,PCS_dcdcLvOutputCurrent,1.3,3f 05 d4 0d 50 00
251.267400,PCS_dcdcLvOutputCurrent,385.3,3e 05 d4 0d 4f 00
251.367300,PCS_dcdcLvOutputCurrent,1.3,3f 05 d3 0d 50 00
251.767100,PCS_dcdcLvOutputCurrent,385.3,3f 05 d3 0d 4f 00
251.867000,PCS_dcdcLvOutputCurrent,1.3,3e 05 d4 0d 50 00
252.567100,PCS_dcdcLvOutputCurrent,385.3,40 05 d4 0d 4f 00
252.767100,PCS_dcdcLvOutputCurrent,1.3,40 05 d3 0d 50 00
252.867000,PCS_dcdcLvOutputCurrent,385.3,3f 05 d5 0d 4f 00
252.967000,PCS_dcdcLvOutputCurrent,1.3,3e 05 d4 0d 50 00
253.267000,PCS_dcdcLvOutputCurrent,359.7,3e 05 d4 0d 4e 00
253.367000,PCS_dcdcLvOutputCurrent,1.3,3f 05 d3 0d 50 00
253.466900,PCS_dcdcLvOutputCurrent,385.3,3e 05 d4 0d 4f 00
253.566900,PCS_dcdcLvOutputCurrent,1.3,40 05 d3 0d 50 00
253.667000,PCS_dcdcLvOutputCurrent,385.3,40 05 d4 0d 4f 00
253.766900,PCS_dcdcLvOutputCurrent,1.3,3f 05 d4 0d 50 00
253.866900,PCS_dcdcLvOutputCurrent,385.3,3f 05 d4 0d 4f 00
253.966900,PCS_dcdcLvOutputCurrent,1.3,40 05 d5 0d 50 00
254.267100,PCS_dcdcLvOutputCurrent,359.7,40 05 d4 0d 4e 00
254.367100,PCS_dcdcLvOutputCurrent,385.3,3f 05 d3 0d 4f 00
254.567000,PCS_dcdcLvOutputCurrent,1.3,3e 05 d5 0d 50 00
254.667100,PCS_dcdcLvOutputCurrent,385.3,3f 05 d3 0d 4f 00
254.767200,PCS_dcdcLvOutputCurrent,359.7,3f 05 d4 0d 4e 00
254.867100,PCS_dcdcLvOutputCurrent,385.3,3f 05 d4 0d 4f 00
254.967100,PCS_dcdcLvOutputCurrent,359.7,40 05 d4 0d 4e 00
255.067100,PCS_dcdcLvOutputCurrent,1.3,40 05 d4 0d 50 00
255.167100,PCS_dcdcLvOutputCurrent,359.7,3f 05 d3 0d 4e 00
255.467100,PCS_dcdcLvOutputCurrent,334.1,3f 05 d4 0d 4d 00
255.567100,PCS_dcdcLvOutputCurrent,1.3,3f 05 d3 0d 50 00
255.667100,PCS_dcdcLvOutputCurrent,359.7,40 05 d4 0d 4e 00
255.767200,PCS_dcdcLvOutputCurrent,334.1,40 05 d4 0d 4d 00
255.867100,PCS_dcdcLvOutputCurrent,359.7,40 05 d4 0d 4e 00
256.267100,PCS_dcdcLvOutputCurrent,334.1,3e 05 d5 0d 4d 00
256.467100,PCS_dcdcLvOutputCurrent,359.7,3e 05 d4 0d 4e 00
256.767200,PCS_dcdcLvOutputCurrent,334.1,3f 05 d4 0d 4d 00
257.766600,PCS_dcdcLvOutputCurrent,359.7,3f 05 d4 0d 4e 00
257.867200,PCS_dcdcLvOutputCurrent,308.5,3e 05 d4 0d 4c 00
258.066600,PCS_dcdcLvOutputCurrent,334.1,3f 05 d4 0d 4d 00
258.566600,PCS_dcdcLvOutputCurrent,308.5,3f 05 d4 0d 4c 00
258.666500,PCS_dcdcLvOutputCurrent,334.1,3f 05 d4 0d 4d 00
258.766600,PCS_dcdcLvOutputCurrent,308.5,3f 05 d4 0d 4c 00
258.866600,PCS_dcdcLvOutputCurrent,334.1,3f 05 d4 0d 4d 00
259.266500,PCS_dcdcLvOutputCurrent,359.7,40 05 d3 0d 4e 00
259.366500,PCS_dcdcLvOutputCurrent,334.1,3b 05 d4 0d 4d 00
259.666500,PCS_dcdcLvOutputCurrent,308.5,3f 05 d4 0d 4c 00
259.767000,PCS_dcdcLvOutputCurrent,334.1,3f 05 d4 0d 4d 00
259.867100,PCS_dcdcLvOutputCurrent,308.5,3e 05 d4 0d 4c 00
259.967100,PCS_dcdcLvOutputCurrent,334.1,3f 05 d4 0d 4d 00
260.366400,PCS_dcdcLvOutputCurrent,359.7,40 05 d4 0d 4e 00
260.466500,PCS_dcdcLvOutputCurrent,334.1,3f 05 d4 0d 4d 00
260.666700,PCS_dcdcLvOutputCurrent,308.5,41 05 d4 0d 4c 00
261.066700,PCS_dcdcLvOutputCurrent,334.1,3f 05 d4 0d 4d 00
261.166700,PCS_dcdcLvOutputCurrent,308.5,3f 05 d4 0d 4c 00
261.266700,PCS_dcdcLvOutputCurrent,334.1,3e 05 d4 0d 4d 00
261.366700,PCS_dcdcLvOutputCurrent,308.5,3f 05 d4 0d 4c 00
261.466700,PCS_dcdcLvOutputCurrent,334.1,3e 05 d4 0d 4d 00
261.566700,PCS_dcdcLvOutputCurrent,308.5,40 05 d4 0d 4c 00
261.666700,PCS_dcdcLvOutputCurrent,334.1,3f 05 d4 0d 4d 00
261.766700,PCS_dcdcLvOutputCurrent,308.5,3d 05 d4 0d 4c 00
261.866700,PCS_dcdcLvOutputCurrent,334.1,3f 05 d4 0d 4d 00
262.166600,PCS_dcdcLvOutputCurrent,282.9,40 05 d4 0d 4b 00
262.266600,PCS_dcdcLvOutputCurrent,308.5,3f 05 d4 0d 4c 00
262.966600,PCS_dcdcLvOutputCurrent,334.1,40 05 d4 0d 4d 00
263.066600,PCS_dcdcLvOutputCurrent,308.5,3f 05 d4 0d 4c 00
263.166600,PCS_dcdcLvOutputCurrent,282.9,3e 05 d4 0d 4b 00
263.266600,PCS_dcdcLvOutputCurrent,308.5,3f 05 d4 0d 4c 00
263.566600,PCS_dcdcLvOutputCurrent,282.9,3f 05 d4 0d 4b 00
263.866300,PCS_dcdcLvOutputCurrent,308.5,40 05 d4 0d 4c 00
264.166500,PCS_dcdcLvOutputCurrent,334.1,3f 05 d4 0d 4d 00
264.266500,PCS_dcdcLvOutputCurrent,282.9,3f 05 d4 0d 4b 00
264.366400,PCS_dcdcLvOutputCurrent,308.5,3e 05 d4 0d 4c 00
264.466300,PCS_dcdcLvOutputCurrent,282.9,3f 05 d4 0d 4b 00
264.566300,PCS_dcdcLvOutputCurrent,308.5,3e 05 d4 0d 4c 00
264.766400,PCS_dcdcLvOutputCurrent,282.9,3f 05 d4 0d 4b 00
265.066300,PCS_dcdcLvOutputCurrent,308.5,3e 05 d4 0d 4c 00
265.166300,PCS_dcdcLvOutputCurrent,282.9,3e 05 d4 0d 4b 00
265.466300,PCS_dcdcLvOutputCurrent,308.5,3e 05 d4 0d 4c 00
265.666500,PCS_dcdcLvOutputCurrent,282.9,3d 05 d4 0d 4b 00
265.966200,PCS_dcdcLvOutputCurrent,308.5,41 05 d4 0d 4c 00
266.066000,PCS_dcdcLvOutputCurrent,282.9,3f 05 d4 0d 4b 00
266.866000,PCS_dcdcLvOutputCurrent,308.5,40 05 d4 0d 4c 00
266.966000,PCS_dcdcLvOutputCurrent,282.9,40 05 d4 0d 4b 00
267.665900,PCS_dcdcLvOutputCurrent,308.5,3f 05 d4 0d 4c 00
267.966200,PCS_dcdcLvOutputCurrent,282.9,3f 05 d4 0d 4b 00
268.166100,PCS_dcdcLvOutputCurrent,308.5,3f 05 d4 0d 4c 00
268.266000,PCS_dcdcLvOutputCurrent,282.9,3e 05 d4 0d 4b 00
268.666000,PCS_dcdcLvOutputCurrent,257.3,3f 05 d4 0d 4a 00
268.766300,PCS_dcdcLvOutputCurrent,282.9,3e 05 d4 0d 4b 00
269.166300,PCS_dcdcLvOutputCurrent,257.3,3d 05 d4 0d 4a 00
269.265800,PCS_dcdcLvOutputCurrent,282.9,3e 05 d4 0d 4b 00
269.465900,PCS_dcdcLvOutputCurrent,257.3,3f 05 d4 0d 4a 00
269.766100,PCS_dcdcLvOutputCurrent,282.9,3f 05 d4 0d 4b 00
269.865900,PCS_dcdcLvOutputCurrent,257.3,3e 05 d4 0d 4a 00
270.165900,PCS_dcdcLvOutputCurrent,282.9,3f 05 d4 0d 4b 00
270.266000,PCS_dcdcLvOutputCurrent,257.3,40 05 d4 0d 4a 00
270.366200,PCS_dcdcLvOutputCurrent,282.9,40 05 d4 0d 4b 00
270.566000,PCS_dcdcLvOutputCurrent,257.3,3f 05 d4 0d 4a 00
270.665900,PCS_dcdcLvOutputCurrent,282.9,3d 05 d4 0d 4b 00
270.865500,PCS_dcdcLvOutputCurrent,257.3,40 05 d4 0d 4a 00
271.065900,PCS_dcdcLvOutputCurrent,282.9,3f 05 d4 0d 4b 00
271.166000,PCS_dcdcLvOutputCurrent,231.7,3c 05 d4 0d 49 00
271.265900,PCS_dcdcLvOutputCurrent,282.9,3f 05 d4 0d 4b 00
271.465600,PCS_dcdcLvOutputCurrent,257.3,3e 05 d4 0d 4a 00
271.565900,PCS_dcdcLvOutputCurrent,282.9,3f 05 d4 0d 4b 00
271.665600,PCS_dcdcLvOutputCurrent,257.3,3f 05 d4 0d 4a 00
271.765600,PCS_dcdcLvOutputCurrent,231.7,3f 05 d4 0d 49 00
271.864600,PCS_dcdcLvOutputCurrent,282.9,40 05 d4 0d 4b 00
272.065600,PCS_dcdcLvOutputCurrent,257.3,3f 05 d4 0d 4a 00
272.766200,PCS_dcdcLvOutputCurrent,282.9,3f 05 d4 0d 4b 00
273.066000,PCS_dcdcLvOutputCurrent,257.3,3e 05 d4 0d 4a 00
273.265700,PCS_dcdcLvOutputCurrent,282.9,3e 05 d4 0d 4b 00
273.365500,PCS_dcdcLvOutputCurrent,231.7,42 05 d4 0d 49 00
273.465500,PCS_dcdcLvOutputCurrent,257.3,3f 05 d4 0d 4a 00
273.965500,PCS_dcdcLvOutputCurrent,231.7,3f 05 d4 0d 49 00
274.065500,PCS_dcdcLvOutputCurrent,282.9,40 05 d4 0d 4b 00
274.165700,PCS_dcdcLvOutputCurrent,257.3,3f 05 d4 0d 4a 00
274.465500,PCS_dcdcLvOutputCurrent,282.9,3f 05 d4 0d 4b 00
274.565500,PCS_dcdcLvOutputCurrent,257.3,3f 05 d4 0d 4a 00
274.766400,PCS_dcdcLvOutputCurrent,282.9,40 05 d4 0d 4b 00
274.964600,PCS_dcdcLvOutputCurrent,257.3,3f 05 d4 0d 4a 00
275.665700,PCS_dcdcLvOutputCurrent,282.9,3f 05 d4 0d 4b 00
275.864700,PCS_dcdcLvOutputCurrent,257.3,3e 05 d4 0d 4a 00
276.164600,PCS_dcdcLvOutputCurrent,231.7,3e 05 d4 0d 49 00
276.264600,PCS_dcdcLvOutputCurrent,257.3,40 05 d4 0d 4a 00
276.464600,PCS_dcdcLvOutputCurrent,282.9,3f 05 d4 0d 4b 00
276.564600,PCS_dcdcLvOutputCurrent,257.3,3e 05 d4 0d 4a 00
276.665400,PCS_dcdcLvOutputCurrent,282.9,40 05 d4 0d 4b 00
276.765400,PCS_dcdcLvOutputCurrent,231.7,41 05 d4 0d 49 00
277.065500,PCS_dcdcLvOutputCurrent,257.3,3d 05 d4 0d 4a 00
277.165500,PCS_dcdcLvOutputCurrent,231.7,3d 05 d4 0d 49 00
277.264700,PCS_dcdcLvOutputCurrent,257.3,3e 05 d4 0d 4a 00
277.365500,PCS_dcdcLvOutputCurrent,231.7,3f 05 d4 0d 49 00
277.465500,PCS_dcdcLvOutputCurrent,257.3,3f 05 d4 0d 4a 00
277.664700,PCS_dcdcLvOutputCurrent,282.9,3d 05 d4 0d 4b 00
277.764500,PCS_dcdcLvOutputCurrent,231.7,3f 05 d4 0d 49 00
277.964700,PCS_dcdcLvOutputCurrent,257.3,3c 05 d4 0d 4a 00
278.064500,PCS_dcdcLvOutputCurrent,231.7,3e 05 d4 0d 49 00
278.364600,PCS_dcdcLvOutputCurrent,257.3,3e 05 d4 0d 4a 00
278.564500,PCS_dcdcLvOutputCurrent,231.7,3f 05 d4 0d 49 00
278.965600,PCS_dcdcLvOutputCurrent,257.3,3f 05 d4 0d 4a 00
279.065600,PCS_dcdcLvOutputCurrent,231.7,3f 05 d4 0d 49 00
280.265500,PCS_dcdcLvOutputCurrent,257.3,3f 05 d4 0d 4a 00
280.364700,PCS_dcdcLvOutputCurrent,231.7,3f 05 d4 0d 49 00
281.064800,PCS_dcdcLvOutputCurrent,257.3,3f 05 d4 0d 4a 00
281.164800,PCS_dcdcLvOutputCurrent,231.7,3d 05 d4 0d 49 00
281.764600,PCS_dcdcLvOutputCurrent,257.3,41 05 d4 0d 4a 00
281.864600,PCS_dcdcLvOutputCurrent,231.7,3e 05 d4 0d 49 00
281.964600,PCS_dcdcLvOutputCurrent,206.1,40 05 d4 0d 48 00
282.064600,PCS_dcdcLvOutputCurrent,231.7,3e 05 d4 0d 49 00
282.164600,PCS_dcdcLvOutputCurrent,206.1,3f 05 d4 0d 48 00
282.265600,PCS_dcdcLvOutputCurrent,1.3,2e 05 ad 0d 00 00
282.464700,PCS_dcdcLvOutputCurrent,1,68 05 3e 0a 00 00
282.564700,PCS_dcdcLvOutputCurrent,0,5a 05 d6 00 00 00
0.041000,BMS_nmGoingToSleep,0,12 01
0.041000,BMS_hvsBusAsleep,0,12 01
295.043600,BMS_hvsBusAsleep,1,04 00
0.041000,BMS_nmKeepAwakeReason,CTRS_CLOSED,12 01
282.447500,BMS_nmKeepAwakeReason,NONE_SNA,02 01
0.002500,GTW_nmGoingToSleep,0,00 00 00 00 40 00 00
0.002500,GTW_VEHBusAsleep,0,00 00 00 00 40 00 00
170.516200,GTW_VEHBusAsleep,1,0c 00 00 00 40 00 00
0.002500,GTW_chBusAsleep,0,00 00 00 00 40 00 00
146.314000,GTW_chBusAsleep,1,04 00 00 00 40 00 00
0.002500,GTW_nmKeepAwakeReason,NONE_SNA,00 00 00 00 40 00 00
